bloque,escala_aves_dia,horas_netas,parametro,variable,valor,unidad,base,fuente_modelo,clasificacion,nota
ritmo,2500,6,,ritmo_operativo_requerido,416.666667,aves/h,aves,05_proceso_industrial/modelo_capacidad_proceso.py,[ESTIMACIÓN],= E / h netas; igual a 23_plan_expansion (T01)
ritmo,2500,6,,aves_por_minuto,6.944444,aves/min,aves,05_proceso_industrial/modelo_capacidad_proceso.py,[ESTIMACIÓN],
ritmo,2500,6,,segundos_por_ave,8.64,s,aves,05_proceso_industrial/modelo_capacidad_proceso.py,[ESTIMACIÓN],
ritmo_nominal,2500,6,sensibilidad=baja,ritmo_nominal_requerido_h_netas,508.130081,aves/h,aves,05_proceso_industrial/modelo_capacidad_proceso.py,[SUPUESTO],= E/(h×R); R = 0.82; SUP-09A-01; sensibilidad del modelo; NO es desempeño industrial demostrado
ritmo_nominal,2500,6,sensibilidad=baja,ritmo_nominal_requerido_h_programadas,597.800096,aves/h,aves,05_proceso_industrial/modelo_capacidad_proceso.py,[SUPUESTO],= E/(h×D×R) si h incluyera paradas; η = 0.697; sensibilidad del modelo; NO es desempeño industrial demostrado
ritmo_nominal,2500,6,sensibilidad=media,ritmo_nominal_requerido_h_netas,468.164794,aves/h,aves,05_proceso_industrial/modelo_capacidad_proceso.py,[SUPUESTO],= E/(h×R); R = 0.89; SUP-09A-01; sensibilidad del modelo; NO es desempeño industrial demostrado
ritmo_nominal,2500,6,sensibilidad=media,ritmo_nominal_requerido_h_programadas,520.183104,aves/h,aves,05_proceso_industrial/modelo_capacidad_proceso.py,[SUPUESTO],= E/(h×D×R) si h incluyera paradas; η = 0.801; sensibilidad del modelo; NO es desempeño industrial demostrado
ritmo_nominal,2500,6,sensibilidad=alta,ritmo_nominal_requerido_h_netas,438.596491,aves/h,aves,05_proceso_industrial/modelo_capacidad_proceso.py,[SUPUESTO],= E/(h×R); R = 0.95; SUP-09A-01; sensibilidad del modelo; NO es desempeño industrial demostrado
ritmo_nominal,2500,6,sensibilidad=alta,ritmo_nominal_requerido_h_programadas,461.680517,aves/h,aves,05_proceso_industrial/modelo_capacidad_proceso.py,[SUPUESTO],= E/(h×D×R) si h incluyera paradas; η = 0.902; sensibilidad del modelo; NO es desempeño industrial demostrado
ventana_24h,2500,6,ventana=optimista,h_faena_neta,6,h,h,05_proceso_industrial/modelo_capacidad_proceso.py,[ESTIMACIÓN],SUP-09A-02
ventana_24h,2500,6,ventana=optimista,h_paradas_durante_produccion,0.315789,h,h,05_proceso_industrial/modelo_capacidad_proceso.py,[SUPUESTO],SUP-09A-02
ventana_24h,2500,6,ventana=optimista,h_pausas,0.375,h,h,05_proceso_industrial/modelo_capacidad_proceso.py,[SUPUESTO],SUP-09A-02
ventana_24h,2500,6,ventana=optimista,h_cambio_turno,0,h,h,05_proceso_industrial/modelo_capacidad_proceso.py,[SUPUESTO],SUP-09A-02
ventana_24h,2500,6,ventana=optimista,h_preparacion_arranque,0.5,h,h,05_proceso_industrial/modelo_capacidad_proceso.py,[SUPUESTO],SUP-09A-02
ventana_24h,2500,6,ventana=optimista,h_cierre_vaciado,0.5,h,h,05_proceso_industrial/modelo_capacidad_proceso.py,[SUPUESTO],SUP-09A-02
ventana_24h,2500,6,ventana=optimista,h_limpieza_intermedia,0.1875,h,h,05_proceso_industrial/modelo_capacidad_proceso.py,[SUPUESTO],SUP-09A-02
ventana_24h,2500,6,ventana=optimista,h_limpieza,2,h,h,05_proceso_industrial/modelo_capacidad_proceso.py,[SUPUESTO],t_limpieza PROVISIONAL (no varía con escala)
ventana_24h,2500,6,ventana=optimista,h_sanitizacion,1,h,h,05_proceso_industrial/modelo_capacidad_proceso.py,[SUPUESTO],SUP-09A-02
ventana_24h,2500,6,ventana=optimista,h_mantenimiento,0.5,h,h,05_proceso_industrial/modelo_capacidad_proceso.py,[SUPUESTO],SUP-09A-02
ventana_24h,2500,6,ventana=optimista,ventana_total_establecimiento,11.378289,h,h,05_proceso_industrial/modelo_capacidad_proceso.py,[SUPUESTO],SUP-09A-02; relación con la escala provisional
ventana_24h,2500,6,ventana=optimista,holgura_24h,12.621711,h,h,05_proceso_industrial/modelo_capacidad_proceso.py,[SUPUESTO],negativa = restricción severa de calendario; validar con proveedores y plantas antes de descartar
ventana_24h,2500,6,ventana=optimista,alerta_calendario,0,0/1,h,05_proceso_industrial/modelo_capacidad_proceso.py,[SUPUESTO],1 = alerta (no descarte)
ventana_24h,2500,6,ventana=media,h_faena_neta,6,h,h,05_proceso_industrial/modelo_capacidad_proceso.py,[ESTIMACIÓN],SUP-09A-02
ventana_24h,2500,6,ventana=media,h_paradas_durante_produccion,0.666667,h,h,05_proceso_industrial/modelo_capacidad_proceso.py,[SUPUESTO],SUP-09A-02
ventana_24h,2500,6,ventana=media,h_pausas,0.5625,h,h,05_proceso_industrial/modelo_capacidad_proceso.py,[SUPUESTO],SUP-09A-02
ventana_24h,2500,6,ventana=media,h_cambio_turno,0,h,h,05_proceso_industrial/modelo_capacidad_proceso.py,[SUPUESTO],SUP-09A-02
ventana_24h,2500,6,ventana=media,h_preparacion_arranque,0.75,h,h,05_proceso_industrial/modelo_capacidad_proceso.py,[SUPUESTO],SUP-09A-02
ventana_24h,2500,6,ventana=media,h_cierre_vaciado,0.75,h,h,05_proceso_industrial/modelo_capacidad_proceso.py,[SUPUESTO],SUP-09A-02
ventana_24h,2500,6,ventana=media,h_limpieza_intermedia,0.2475,h,h,05_proceso_industrial/modelo_capacidad_proceso.py,[SUPUESTO],SUP-09A-02
ventana_24h,2500,6,ventana=media,h_limpieza,2.75,h,h,05_proceso_industrial/modelo_capacidad_proceso.py,[SUPUESTO],t_limpieza PROVISIONAL (no varía con escala)
ventana_24h,2500,6,ventana=media,h_sanitizacion,1.25,h,h,05_proceso_industrial/modelo_capacidad_proceso.py,[SUPUESTO],SUP-09A-02
ventana_24h,2500,6,ventana=media,h_mantenimiento,1,h,h,05_proceso_industrial/modelo_capacidad_proceso.py,[SUPUESTO],SUP-09A-02
ventana_24h,2500,6,ventana=media,ventana_total_establecimiento,13.976667,h,h,05_proceso_industrial/modelo_capacidad_proceso.py,[SUPUESTO],SUP-09A-02; relación con la escala provisional
ventana_24h,2500,6,ventana=media,holgura_24h,10.023333,h,h,05_proceso_industrial/modelo_capacidad_proceso.py,[SUPUESTO],negativa = restricción severa de calendario; validar con proveedores y plantas antes de descartar
ventana_24h,2500,6,ventana=media,alerta_calendario,0,0/1,h,05_proceso_industrial/modelo_capacidad_proceso.py,[SUPUESTO],1 = alerta (no descarte)
ventana_24h,2500,6,ventana=conservadora,h_faena_neta,6,h,h,05_proceso_industrial/modelo_capacidad_proceso.py,[ESTIMACIÓN],SUP-09A-02
ventana_24h,2500,6,ventana=conservadora,h_paradas_durante_produccion,1.058824,h,h,05_proceso_industrial/modelo_capacidad_proceso.py,[SUPUESTO],SUP-09A-02
ventana_24h,2500,6,ventana=conservadora,h_pausas,0.75,h,h,05_proceso_industrial/modelo_capacidad_proceso.py,[SUPUESTO],SUP-09A-02
ventana_24h,2500,6,ventana=conservadora,h_cambio_turno,0,h,h,05_proceso_industrial/modelo_capacidad_proceso.py,[SUPUESTO],SUP-09A-02
ventana_24h,2500,6,ventana=conservadora,h_preparacion_arranque,1,h,h,05_proceso_industrial/modelo_capacidad_proceso.py,[SUPUESTO],SUP-09A-02
ventana_24h,2500,6,ventana=conservadora,h_cierre_vaciado,1,h,h,05_proceso_industrial/modelo_capacidad_proceso.py,[SUPUESTO],SUP-09A-02
ventana_24h,2500,6,ventana=conservadora,h_limpieza_intermedia,0.375,h,h,05_proceso_industrial/modelo_capacidad_proceso.py,[SUPUESTO],SUP-09A-02
ventana_24h,2500,6,ventana=conservadora,h_limpieza,4,h,h,05_proceso_industrial/modelo_capacidad_proceso.py,[SUPUESTO],t_limpieza PROVISIONAL (no varía con escala)
ventana_24h,2500,6,ventana=conservadora,h_sanitizacion,2,h,h,05_proceso_industrial/modelo_capacidad_proceso.py,[SUPUESTO],SUP-09A-02
ventana_24h,2500,6,ventana=conservadora,h_mantenimiento,2,h,h,05_proceso_industrial/modelo_capacidad_proceso.py,[SUPUESTO],SUP-09A-02
ventana_24h,2500,6,ventana=conservadora,ventana_total_establecimiento,18.183824,h,h,05_proceso_industrial/modelo_capacidad_proceso.py,[SUPUESTO],SUP-09A-02; relación con la escala provisional
ventana_24h,2500,6,ventana=conservadora,holgura_24h,5.816176,h,h,05_proceso_industrial/modelo_capacidad_proceso.py,[SUPUESTO],negativa = restricción severa de calendario; validar con proveedores y plantas antes de descartar
ventana_24h,2500,6,ventana=conservadora,alerta_calendario,0,0/1,h,05_proceso_industrial/modelo_capacidad_proceso.py,[SUPUESTO],1 = alerta (no descarte)
enfriamiento,2500,6,residencia=inmersion,carcasas_simultaneas_en_enfriamiento,347.222222,aves,aves,05_proceso_industrial/modelo_capacidad_proceso.py,[SUPUESTO],50 min; SUP-09A-04 [PVDP]
enfriamiento,2500,6,residencia=inmersion,kg_carcasa_simultaneos_en_enfriamiento,719.965278,kg,biologica,04_balance_masa/modelo_balance_masa.py (v1.1) vía modelo_escala.kg_por_ave,[SUPUESTO],"carcasa eviscerada caliente 2,9 kg (sin agua)"
enfriamiento,2500,6,residencia=aire_min,carcasas_simultaneas_en_enfriamiento,625,aves,aves,05_proceso_industrial/modelo_capacidad_proceso.py,[SUPUESTO],90 min; SUP-09A-04 [PVDP]
enfriamiento,2500,6,residencia=aire_min,kg_carcasa_simultaneos_en_enfriamiento,1295.9375,kg,biologica,04_balance_masa/modelo_balance_masa.py (v1.1) vía modelo_escala.kg_por_ave,[SUPUESTO],"carcasa eviscerada caliente 2,9 kg (sin agua)"
enfriamiento,2500,6,residencia=aire_max,carcasas_simultaneas_en_enfriamiento,1041.666667,aves,aves,05_proceso_industrial/modelo_capacidad_proceso.py,[SUPUESTO],150 min; SUP-09A-04 [PVDP]
enfriamiento,2500,6,residencia=aire_max,kg_carcasa_simultaneos_en_enfriamiento,2159.895833,kg,biologica,04_balance_masa/modelo_balance_masa.py (v1.1) vía modelo_escala.kg_por_ave,[SUPUESTO],"carcasa eviscerada caliente 2,9 kg (sin agua)"
puestos_manuales,2500,6,colgado;referencia,puestos_equivalentes,1,puestos,aves,05_proceso_industrial/modelo_capacidad_proceso.py,[SUPUESTO],productividad FTE-09A-026 [PVDP · débil]; no es dotación
puestos_manuales,2500,6,colgado;prudente,puestos_equivalentes,1,puestos,aves,05_proceso_industrial/modelo_capacidad_proceso.py,[SUPUESTO],productividad FTE-09A-026 [PVDP · débil]; no es dotación
puestos_manuales,2500,6,eviscerado_manual;referencia,puestos_equivalentes,4,puestos,aves,05_proceso_industrial/modelo_capacidad_proceso.py,[SUPUESTO],productividad FTE-09A-025 [PVDP · débil]; no es dotación
puestos_manuales,2500,6,eviscerado_manual;prudente,puestos_equivalentes,7,puestos,aves,05_proceso_industrial/modelo_capacidad_proceso.py,[SUPUESTO],productividad FTE-09A-025 [PVDP · débil]; no es dotación
flujo_hora,2500,6,config=A,peso_vivo_kg_h,1208.333333,kg/h,vivo,04_balance_masa/modelo_balance_masa.py (v1.1) vía modelo_escala.kg_por_ave,[ESTIMACIÓN],
flujo_hora,2500,6,config=A,carcasa_pre_chiller_kg_h,863.958333,kg/h,biologica,04_balance_masa/modelo_balance_masa.py (v1.1) vía modelo_escala.kg_por_ave,[ESTIMACIÓN],
flujo_hora,2500,6,config=A,a_trozado_kg_h,50.908572,kg/h,biologica,04_balance_masa/modelo_balance_masa.py (v1.1) vía modelo_escala.kg_por_ave,[ESTIMACIÓN],
flujo_hora,2500,6,config=A,comestible_a_empaque_kg_h,1002.522667,kg/h,comercial,04_balance_masa/modelo_balance_masa.py (v1.1) vía modelo_escala.kg_por_ave,[ESTIMACIÓN],
flujo_hora,2500,6,config=A,sangre_recuperada_kg_h,34.920833,kg/h,biologica,04_balance_masa/modelo_balance_masa.py (v1.1) vía modelo_escala.kg_por_ave,[ESTIMACIÓN],
flujo_hora,2500,6,config=A,plumas_humedas_kg_h,100.533333,kg/h,biologica+agua,04_balance_masa/modelo_balance_masa.py (v1.1) vía modelo_escala.kg_por_ave,[ESTIMACIÓN],
flujo_hora,2500,6,config=A,visceras_no_comestibles_kg_h,54.375,kg/h,biologica,04_balance_masa/modelo_balance_masa.py (v1.1) vía modelo_escala.kg_por_ave,[ESTIMACIÓN],
flujo_hora,2500,6,config=A,cabezas_kg_h,30.208333,kg/h,biologica,04_balance_masa/modelo_balance_masa.py (v1.1) vía modelo_escala.kg_por_ave,[ESTIMACIÓN],
flujo_hora,2500,6,config=A,garras_a_y_segunda_kg_h,42.105009,kg/h,comercial,04_balance_masa/modelo_balance_masa.py (v1.1) vía modelo_escala.kg_por_ave,[ESTIMACIÓN],
flujo_hora,2500,6,config=A,menudencias_y_cuello_kg_h,76.56,kg/h,comercial,04_balance_masa/modelo_balance_masa.py (v1.1) vía modelo_escala.kg_por_ave,[ESTIMACIÓN],
flujo_hora,2500,6,config=A,solidos_a_retirar_kg_h,253.48027,kg/h,biologica+agua,04_balance_masa/modelo_balance_masa.py (v1.1) vía modelo_escala.kg_por_ave,[ESTIMACIÓN],
flujo_hora,2500,6,config=A,rendering_potencial_kg_h,222.253553,kg/h,biologica+agua,04_balance_masa/modelo_balance_masa.py (v1.1) vía modelo_escala.kg_por_ave,[ESTIMACIÓN],
flujo_hora,2500,6,config=B,peso_vivo_kg_h,1208.333333,kg/h,vivo,04_balance_masa/modelo_balance_masa.py (v1.1) vía modelo_escala.kg_por_ave,[ESTIMACIÓN],
flujo_hora,2500,6,config=B,carcasa_pre_chiller_kg_h,863.958333,kg/h,biologica,04_balance_masa/modelo_balance_masa.py (v1.1) vía modelo_escala.kg_por_ave,[ESTIMACIÓN],
flujo_hora,2500,6,config=B,a_trozado_kg_h,848.4762,kg/h,biologica,04_balance_masa/modelo_balance_masa.py (v1.1) vía modelo_escala.kg_por_ave,[ESTIMACIÓN],
flujo_hora,2500,6,config=B,comestible_a_empaque_kg_h,998.534829,kg/h,comercial,04_balance_masa/modelo_balance_masa.py (v1.1) vía modelo_escala.kg_por_ave,[ESTIMACIÓN],
flujo_hora,2500,6,config=B,sangre_recuperada_kg_h,34.920833,kg/h,biologica,04_balance_masa/modelo_balance_masa.py (v1.1) vía modelo_escala.kg_por_ave,[ESTIMACIÓN],
flujo_hora,2500,6,config=B,plumas_humedas_kg_h,100.533333,kg/h,biologica+agua,04_balance_masa/modelo_balance_masa.py (v1.1) vía modelo_escala.kg_por_ave,[ESTIMACIÓN],
flujo_hora,2500,6,config=B,visceras_no_comestibles_kg_h,54.375,kg/h,biologica,04_balance_masa/modelo_balance_masa.py (v1.1) vía modelo_escala.kg_por_ave,[ESTIMACIÓN],
flujo_hora,2500,6,config=B,cabezas_kg_h,30.208333,kg/h,biologica,04_balance_masa/modelo_balance_masa.py (v1.1) vía modelo_escala.kg_por_ave,[ESTIMACIÓN],
flujo_hora,2500,6,config=B,garras_a_y_segunda_kg_h,42.105009,kg/h,comercial,04_balance_masa/modelo_balance_masa.py (v1.1) vía modelo_escala.kg_por_ave,[ESTIMACIÓN],
flujo_hora,2500,6,config=B,menudencias_y_cuello_kg_h,76.56,kg/h,comercial,04_balance_masa/modelo_balance_masa.py (v1.1) vía modelo_escala.kg_por_ave,[ESTIMACIÓN],
flujo_hora,2500,6,config=B,solidos_a_retirar_kg_h,253.48027,kg/h,biologica+agua,04_balance_masa/modelo_balance_masa.py (v1.1) vía modelo_escala.kg_por_ave,[ESTIMACIÓN],
flujo_hora,2500,6,config=B,rendering_potencial_kg_h,222.253553,kg/h,biologica+agua,04_balance_masa/modelo_balance_masa.py (v1.1) vía modelo_escala.kg_por_ave,[ESTIMACIÓN],
flujo_hora,2500,6,config=C,peso_vivo_kg_h,1208.333333,kg/h,vivo,04_balance_masa/modelo_balance_masa.py (v1.1) vía modelo_escala.kg_por_ave,[ESTIMACIÓN],
flujo_hora,2500,6,config=C,carcasa_pre_chiller_kg_h,863.958333,kg/h,biologica,04_balance_masa/modelo_balance_masa.py (v1.1) vía modelo_escala.kg_por_ave,[ESTIMACIÓN],
flujo_hora,2500,6,config=C,a_trozado_kg_h,684.720293,kg/h,biologica,04_balance_masa/modelo_balance_masa.py (v1.1) vía modelo_escala.kg_por_ave,[ESTIMACIÓN],
flujo_hora,2500,6,config=C,a_deshuese_kg_h,479.219358,kg/h,biologica,04_balance_masa/modelo_balance_masa.py (v1.1) vía modelo_escala.kg_por_ave,[ESTIMACIÓN],
flujo_hora,2500,6,config=C,a_cms_kg_h,163.755907,kg/h,biologica,04_balance_masa/modelo_balance_masa.py (v1.1) vía modelo_escala.kg_por_ave,[ESTIMACIÓN],
flujo_hora,2500,6,config=C,comestible_a_empaque_kg_h,854.213599,kg/h,comercial,04_balance_masa/modelo_balance_masa.py (v1.1) vía modelo_escala.kg_por_ave,[ESTIMACIÓN],
flujo_hora,2500,6,config=C,sangre_recuperada_kg_h,34.920833,kg/h,biologica,04_balance_masa/modelo_balance_masa.py (v1.1) vía modelo_escala.kg_por_ave,[ESTIMACIÓN],
flujo_hora,2500,6,config=C,plumas_humedas_kg_h,100.533333,kg/h,biologica+agua,04_balance_masa/modelo_balance_masa.py (v1.1) vía modelo_escala.kg_por_ave,[ESTIMACIÓN],
flujo_hora,2500,6,config=C,visceras_no_comestibles_kg_h,54.375,kg/h,biologica,04_balance_masa/modelo_balance_masa.py (v1.1) vía modelo_escala.kg_por_ave,[ESTIMACIÓN],
flujo_hora,2500,6,config=C,cabezas_kg_h,30.208333,kg/h,biologica,04_balance_masa/modelo_balance_masa.py (v1.1) vía modelo_escala.kg_por_ave,[ESTIMACIÓN],
flujo_hora,2500,6,config=C,garras_a_y_segunda_kg_h,42.105009,kg/h,comercial,04_balance_masa/modelo_balance_masa.py (v1.1) vía modelo_escala.kg_por_ave,[ESTIMACIÓN],
flujo_hora,2500,6,config=C,menudencias_y_cuello_kg_h,76.56,kg/h,comercial,04_balance_masa/modelo_balance_masa.py (v1.1) vía modelo_escala.kg_por_ave,[ESTIMACIÓN],
flujo_hora,2500,6,config=C,solidos_a_retirar_kg_h,391.371747,kg/h,biologica+agua,04_balance_masa/modelo_balance_masa.py (v1.1) vía modelo_escala.kg_por_ave,[ESTIMACIÓN],
flujo_hora,2500,6,config=C,rendering_potencial_kg_h,360.14503,kg/h,biologica+agua,04_balance_masa/modelo_balance_masa.py (v1.1) vía modelo_escala.kg_por_ave,[ESTIMACIÓN],
ritmo,2500,8,,ritmo_operativo_requerido,312.5,aves/h,aves,05_proceso_industrial/modelo_capacidad_proceso.py,[ESTIMACIÓN],= E / h netas; igual a 23_plan_expansion (T01)
ritmo,2500,8,,aves_por_minuto,5.208333,aves/min,aves,05_proceso_industrial/modelo_capacidad_proceso.py,[ESTIMACIÓN],
ritmo,2500,8,,segundos_por_ave,11.52,s,aves,05_proceso_industrial/modelo_capacidad_proceso.py,[ESTIMACIÓN],
ritmo_nominal,2500,8,sensibilidad=baja,ritmo_nominal_requerido_h_netas,381.097561,aves/h,aves,05_proceso_industrial/modelo_capacidad_proceso.py,[SUPUESTO],= E/(h×R); R = 0.82; SUP-09A-01; sensibilidad del modelo; NO es desempeño industrial demostrado
ritmo_nominal,2500,8,sensibilidad=baja,ritmo_nominal_requerido_h_programadas,448.350072,aves/h,aves,05_proceso_industrial/modelo_capacidad_proceso.py,[SUPUESTO],= E/(h×D×R) si h incluyera paradas; η = 0.697; sensibilidad del modelo; NO es desempeño industrial demostrado
ritmo_nominal,2500,8,sensibilidad=media,ritmo_nominal_requerido_h_netas,351.123596,aves/h,aves,05_proceso_industrial/modelo_capacidad_proceso.py,[SUPUESTO],= E/(h×R); R = 0.89; SUP-09A-01; sensibilidad del modelo; NO es desempeño industrial demostrado
ritmo_nominal,2500,8,sensibilidad=media,ritmo_nominal_requerido_h_programadas,390.137328,aves/h,aves,05_proceso_industrial/modelo_capacidad_proceso.py,[SUPUESTO],= E/(h×D×R) si h incluyera paradas; η = 0.801; sensibilidad del modelo; NO es desempeño industrial demostrado
ritmo_nominal,2500,8,sensibilidad=alta,ritmo_nominal_requerido_h_netas,328.947368,aves/h,aves,05_proceso_industrial/modelo_capacidad_proceso.py,[SUPUESTO],= E/(h×R); R = 0.95; SUP-09A-01; sensibilidad del modelo; NO es desempeño industrial demostrado
ritmo_nominal,2500,8,sensibilidad=alta,ritmo_nominal_requerido_h_programadas,346.260388,aves/h,aves,05_proceso_industrial/modelo_capacidad_proceso.py,[SUPUESTO],= E/(h×D×R) si h incluyera paradas; η = 0.902; sensibilidad del modelo; NO es desempeño industrial demostrado
ventana_24h,2500,8,ventana=optimista,h_faena_neta,8,h,h,05_proceso_industrial/modelo_capacidad_proceso.py,[ESTIMACIÓN],SUP-09A-02
ventana_24h,2500,8,ventana=optimista,h_paradas_durante_produccion,0.421053,h,h,05_proceso_industrial/modelo_capacidad_proceso.py,[SUPUESTO],SUP-09A-02
ventana_24h,2500,8,ventana=optimista,h_pausas,0.5,h,h,05_proceso_industrial/modelo_capacidad_proceso.py,[SUPUESTO],SUP-09A-02
ventana_24h,2500,8,ventana=optimista,h_cambio_turno,0,h,h,05_proceso_industrial/modelo_capacidad_proceso.py,[SUPUESTO],SUP-09A-02
ventana_24h,2500,8,ventana=optimista,h_preparacion_arranque,0.5,h,h,05_proceso_industrial/modelo_capacidad_proceso.py,[SUPUESTO],SUP-09A-02
ventana_24h,2500,8,ventana=optimista,h_cierre_vaciado,0.5,h,h,05_proceso_industrial/modelo_capacidad_proceso.py,[SUPUESTO],SUP-09A-02
ventana_24h,2500,8,ventana=optimista,h_limpieza_intermedia,0.25,h,h,05_proceso_industrial/modelo_capacidad_proceso.py,[SUPUESTO],SUP-09A-02
ventana_24h,2500,8,ventana=optimista,h_limpieza,2,h,h,05_proceso_industrial/modelo_capacidad_proceso.py,[SUPUESTO],t_limpieza PROVISIONAL (no varía con escala)
ventana_24h,2500,8,ventana=optimista,h_sanitizacion,1,h,h,05_proceso_industrial/modelo_capacidad_proceso.py,[SUPUESTO],SUP-09A-02
ventana_24h,2500,8,ventana=optimista,h_mantenimiento,0.5,h,h,05_proceso_industrial/modelo_capacidad_proceso.py,[SUPUESTO],SUP-09A-02
ventana_24h,2500,8,ventana=optimista,ventana_total_establecimiento,13.671053,h,h,05_proceso_industrial/modelo_capacidad_proceso.py,[SUPUESTO],SUP-09A-02; relación con la escala provisional
ventana_24h,2500,8,ventana=optimista,holgura_24h,10.328947,h,h,05_proceso_industrial/modelo_capacidad_proceso.py,[SUPUESTO],negativa = restricción severa de calendario; validar con proveedores y plantas antes de descartar
ventana_24h,2500,8,ventana=optimista,alerta_calendario,0,0/1,h,05_proceso_industrial/modelo_capacidad_proceso.py,[SUPUESTO],1 = alerta (no descarte)
ventana_24h,2500,8,ventana=media,h_faena_neta,8,h,h,05_proceso_industrial/modelo_capacidad_proceso.py,[ESTIMACIÓN],SUP-09A-02
ventana_24h,2500,8,ventana=media,h_paradas_durante_produccion,0.888889,h,h,05_proceso_industrial/modelo_capacidad_proceso.py,[SUPUESTO],SUP-09A-02
ventana_24h,2500,8,ventana=media,h_pausas,0.75,h,h,05_proceso_industrial/modelo_capacidad_proceso.py,[SUPUESTO],SUP-09A-02
ventana_24h,2500,8,ventana=media,h_cambio_turno,0,h,h,05_proceso_industrial/modelo_capacidad_proceso.py,[SUPUESTO],SUP-09A-02
ventana_24h,2500,8,ventana=media,h_preparacion_arranque,0.75,h,h,05_proceso_industrial/modelo_capacidad_proceso.py,[SUPUESTO],SUP-09A-02
ventana_24h,2500,8,ventana=media,h_cierre_vaciado,0.75,h,h,05_proceso_industrial/modelo_capacidad_proceso.py,[SUPUESTO],SUP-09A-02
ventana_24h,2500,8,ventana=media,h_limpieza_intermedia,0.33,h,h,05_proceso_industrial/modelo_capacidad_proceso.py,[SUPUESTO],SUP-09A-02
ventana_24h,2500,8,ventana=media,h_limpieza,2.75,h,h,05_proceso_industrial/modelo_capacidad_proceso.py,[SUPUESTO],t_limpieza PROVISIONAL (no varía con escala)
ventana_24h,2500,8,ventana=media,h_sanitizacion,1.25,h,h,05_proceso_industrial/modelo_capacidad_proceso.py,[SUPUESTO],SUP-09A-02
ventana_24h,2500,8,ventana=media,h_mantenimiento,1,h,h,05_proceso_industrial/modelo_capacidad_proceso.py,[SUPUESTO],SUP-09A-02
ventana_24h,2500,8,ventana=media,ventana_total_establecimiento,16.468889,h,h,05_proceso_industrial/modelo_capacidad_proceso.py,[SUPUESTO],SUP-09A-02; relación con la escala provisional
ventana_24h,2500,8,ventana=media,holgura_24h,7.531111,h,h,05_proceso_industrial/modelo_capacidad_proceso.py,[SUPUESTO],negativa = restricción severa de calendario; validar con proveedores y plantas antes de descartar
ventana_24h,2500,8,ventana=media,alerta_calendario,0,0/1,h,05_proceso_industrial/modelo_capacidad_proceso.py,[SUPUESTO],1 = alerta (no descarte)
ventana_24h,2500,8,ventana=conservadora,h_faena_neta,8,h,h,05_proceso_industrial/modelo_capacidad_proceso.py,[ESTIMACIÓN],SUP-09A-02
ventana_24h,2500,8,ventana=conservadora,h_paradas_durante_produccion,1.411765,h,h,05_proceso_industrial/modelo_capacidad_proceso.py,[SUPUESTO],SUP-09A-02
ventana_24h,2500,8,ventana=conservadora,h_pausas,1,h,h,05_proceso_industrial/modelo_capacidad_proceso.py,[SUPUESTO],SUP-09A-02
ventana_24h,2500,8,ventana=conservadora,h_cambio_turno,0,h,h,05_proceso_industrial/modelo_capacidad_proceso.py,[SUPUESTO],SUP-09A-02
ventana_24h,2500,8,ventana=conservadora,h_preparacion_arranque,1,h,h,05_proceso_industrial/modelo_capacidad_proceso.py,[SUPUESTO],SUP-09A-02
ventana_24h,2500,8,ventana=conservadora,h_cierre_vaciado,1,h,h,05_proceso_industrial/modelo_capacidad_proceso.py,[SUPUESTO],SUP-09A-02
ventana_24h,2500,8,ventana=conservadora,h_limpieza_intermedia,0.5,h,h,05_proceso_industrial/modelo_capacidad_proceso.py,[SUPUESTO],SUP-09A-02
ventana_24h,2500,8,ventana=conservadora,h_limpieza,4,h,h,05_proceso_industrial/modelo_capacidad_proceso.py,[SUPUESTO],t_limpieza PROVISIONAL (no varía con escala)
ventana_24h,2500,8,ventana=conservadora,h_sanitizacion,2,h,h,05_proceso_industrial/modelo_capacidad_proceso.py,[SUPUESTO],SUP-09A-02
ventana_24h,2500,8,ventana=conservadora,h_mantenimiento,2,h,h,05_proceso_industrial/modelo_capacidad_proceso.py,[SUPUESTO],SUP-09A-02
ventana_24h,2500,8,ventana=conservadora,ventana_total_establecimiento,20.911765,h,h,05_proceso_industrial/modelo_capacidad_proceso.py,[SUPUESTO],SUP-09A-02; relación con la escala provisional
ventana_24h,2500,8,ventana=conservadora,holgura_24h,3.088235,h,h,05_proceso_industrial/modelo_capacidad_proceso.py,[SUPUESTO],negativa = restricción severa de calendario; validar con proveedores y plantas antes de descartar
ventana_24h,2500,8,ventana=conservadora,alerta_calendario,0,0/1,h,05_proceso_industrial/modelo_capacidad_proceso.py,[SUPUESTO],1 = alerta (no descarte)
enfriamiento,2500,8,residencia=inmersion,carcasas_simultaneas_en_enfriamiento,260.416667,aves,aves,05_proceso_industrial/modelo_capacidad_proceso.py,[SUPUESTO],50 min; SUP-09A-04 [PVDP]
enfriamiento,2500,8,residencia=inmersion,kg_carcasa_simultaneos_en_enfriamiento,539.973958,kg,biologica,04_balance_masa/modelo_balance_masa.py (v1.1) vía modelo_escala.kg_por_ave,[SUPUESTO],"carcasa eviscerada caliente 2,9 kg (sin agua)"
enfriamiento,2500,8,residencia=aire_min,carcasas_simultaneas_en_enfriamiento,468.75,aves,aves,05_proceso_industrial/modelo_capacidad_proceso.py,[SUPUESTO],90 min; SUP-09A-04 [PVDP]
enfriamiento,2500,8,residencia=aire_min,kg_carcasa_simultaneos_en_enfriamiento,971.953125,kg,biologica,04_balance_masa/modelo_balance_masa.py (v1.1) vía modelo_escala.kg_por_ave,[SUPUESTO],"carcasa eviscerada caliente 2,9 kg (sin agua)"
enfriamiento,2500,8,residencia=aire_max,carcasas_simultaneas_en_enfriamiento,781.25,aves,aves,05_proceso_industrial/modelo_capacidad_proceso.py,[SUPUESTO],150 min; SUP-09A-04 [PVDP]
enfriamiento,2500,8,residencia=aire_max,kg_carcasa_simultaneos_en_enfriamiento,1619.921875,kg,biologica,04_balance_masa/modelo_balance_masa.py (v1.1) vía modelo_escala.kg_por_ave,[SUPUESTO],"carcasa eviscerada caliente 2,9 kg (sin agua)"
puestos_manuales,2500,8,colgado;referencia,puestos_equivalentes,1,puestos,aves,05_proceso_industrial/modelo_capacidad_proceso.py,[SUPUESTO],productividad FTE-09A-026 [PVDP · débil]; no es dotación
puestos_manuales,2500,8,colgado;prudente,puestos_equivalentes,1,puestos,aves,05_proceso_industrial/modelo_capacidad_proceso.py,[SUPUESTO],productividad FTE-09A-026 [PVDP · débil]; no es dotación
puestos_manuales,2500,8,eviscerado_manual;referencia,puestos_equivalentes,3,puestos,aves,05_proceso_industrial/modelo_capacidad_proceso.py,[SUPUESTO],productividad FTE-09A-025 [PVDP · débil]; no es dotación
puestos_manuales,2500,8,eviscerado_manual;prudente,puestos_equivalentes,6,puestos,aves,05_proceso_industrial/modelo_capacidad_proceso.py,[SUPUESTO],productividad FTE-09A-025 [PVDP · débil]; no es dotación
flujo_hora,2500,8,config=A,peso_vivo_kg_h,906.25,kg/h,vivo,04_balance_masa/modelo_balance_masa.py (v1.1) vía modelo_escala.kg_por_ave,[ESTIMACIÓN],
flujo_hora,2500,8,config=A,carcasa_pre_chiller_kg_h,647.96875,kg/h,biologica,04_balance_masa/modelo_balance_masa.py (v1.1) vía modelo_escala.kg_por_ave,[ESTIMACIÓN],
flujo_hora,2500,8,config=A,a_trozado_kg_h,38.181429,kg/h,biologica,04_balance_masa/modelo_balance_masa.py (v1.1) vía modelo_escala.kg_por_ave,[ESTIMACIÓN],
flujo_hora,2500,8,config=A,comestible_a_empaque_kg_h,751.892,kg/h,comercial,04_balance_masa/modelo_balance_masa.py (v1.1) vía modelo_escala.kg_por_ave,[ESTIMACIÓN],
flujo_hora,2500,8,config=A,sangre_recuperada_kg_h,26.190625,kg/h,biologica,04_balance_masa/modelo_balance_masa.py (v1.1) vía modelo_escala.kg_por_ave,[ESTIMACIÓN],
flujo_hora,2500,8,config=A,plumas_humedas_kg_h,75.4,kg/h,biologica+agua,04_balance_masa/modelo_balance_masa.py (v1.1) vía modelo_escala.kg_por_ave,[ESTIMACIÓN],
flujo_hora,2500,8,config=A,visceras_no_comestibles_kg_h,40.78125,kg/h,biologica,04_balance_masa/modelo_balance_masa.py (v1.1) vía modelo_escala.kg_por_ave,[ESTIMACIÓN],
flujo_hora,2500,8,config=A,cabezas_kg_h,22.65625,kg/h,biologica,04_balance_masa/modelo_balance_masa.py (v1.1) vía modelo_escala.kg_por_ave,[ESTIMACIÓN],
flujo_hora,2500,8,config=A,garras_a_y_segunda_kg_h,31.578757,kg/h,comercial,04_balance_masa/modelo_balance_masa.py (v1.1) vía modelo_escala.kg_por_ave,[ESTIMACIÓN],
flujo_hora,2500,8,config=A,menudencias_y_cuello_kg_h,57.42,kg/h,comercial,04_balance_masa/modelo_balance_masa.py (v1.1) vía modelo_escala.kg_por_ave,[ESTIMACIÓN],
flujo_hora,2500,8,config=A,solidos_a_retirar_kg_h,190.110202,kg/h,biologica+agua,04_balance_masa/modelo_balance_masa.py (v1.1) vía modelo_escala.kg_por_ave,[ESTIMACIÓN],
flujo_hora,2500,8,config=A,rendering_potencial_kg_h,166.690165,kg/h,biologica+agua,04_balance_masa/modelo_balance_masa.py (v1.1) vía modelo_escala.kg_por_ave,[ESTIMACIÓN],
flujo_hora,2500,8,config=B,peso_vivo_kg_h,906.25,kg/h,vivo,04_balance_masa/modelo_balance_masa.py (v1.1) vía modelo_escala.kg_por_ave,[ESTIMACIÓN],
flujo_hora,2500,8,config=B,carcasa_pre_chiller_kg_h,647.96875,kg/h,biologica,04_balance_masa/modelo_balance_masa.py (v1.1) vía modelo_escala.kg_por_ave,[ESTIMACIÓN],
flujo_hora,2500,8,config=B,a_trozado_kg_h,636.35715,kg/h,biologica,04_balance_masa/modelo_balance_masa.py (v1.1) vía modelo_escala.kg_por_ave,[ESTIMACIÓN],
flujo_hora,2500,8,config=B,comestible_a_empaque_kg_h,748.901122,kg/h,comercial,04_balance_masa/modelo_balance_masa.py (v1.1) vía modelo_escala.kg_por_ave,[ESTIMACIÓN],
flujo_hora,2500,8,config=B,sangre_recuperada_kg_h,26.190625,kg/h,biologica,04_balance_masa/modelo_balance_masa.py (v1.1) vía modelo_escala.kg_por_ave,[ESTIMACIÓN],
flujo_hora,2500,8,config=B,plumas_humedas_kg_h,75.4,kg/h,biologica+agua,04_balance_masa/modelo_balance_masa.py (v1.1) vía modelo_escala.kg_por_ave,[ESTIMACIÓN],
flujo_hora,2500,8,config=B,visceras_no_comestibles_kg_h,40.78125,kg/h,biologica,04_balance_masa/modelo_balance_masa.py (v1.1) vía modelo_escala.kg_por_ave,[ESTIMACIÓN],
flujo_hora,2500,8,config=B,cabezas_kg_h,22.65625,kg/h,biologica,04_balance_masa/modelo_balance_masa.py (v1.1) vía modelo_escala.kg_por_ave,[ESTIMACIÓN],
flujo_hora,2500,8,config=B,garras_a_y_segunda_kg_h,31.578757,kg/h,comercial,04_balance_masa/modelo_balance_masa.py (v1.1) vía modelo_escala.kg_por_ave,[ESTIMACIÓN],
flujo_hora,2500,8,config=B,menudencias_y_cuello_kg_h,57.42,kg/h,comercial,04_balance_masa/modelo_balance_masa.py (v1.1) vía modelo_escala.kg_por_ave,[ESTIMACIÓN],
flujo_hora,2500,8,config=B,solidos_a_retirar_kg_h,190.110202,kg/h,biologica+agua,04_balance_masa/modelo_balance_masa.py (v1.1) vía modelo_escala.kg_por_ave,[ESTIMACIÓN],
flujo_hora,2500,8,config=B,rendering_potencial_kg_h,166.690165,kg/h,biologica+agua,04_balance_masa/modelo_balance_masa.py (v1.1) vía modelo_escala.kg_por_ave,[ESTIMACIÓN],
flujo_hora,2500,8,config=C,peso_vivo_kg_h,906.25,kg/h,vivo,04_balance_masa/modelo_balance_masa.py (v1.1) vía modelo_escala.kg_por_ave,[ESTIMACIÓN],
flujo_hora,2500,8,config=C,carcasa_pre_chiller_kg_h,647.96875,kg/h,biologica,04_balance_masa/modelo_balance_masa.py (v1.1) vía modelo_escala.kg_por_ave,[ESTIMACIÓN],
flujo_hora,2500,8,config=C,a_trozado_kg_h,513.54022,kg/h,biologica,04_balance_masa/modelo_balance_masa.py (v1.1) vía modelo_escala.kg_por_ave,[ESTIMACIÓN],
flujo_hora,2500,8,config=C,a_deshuese_kg_h,359.414518,kg/h,biologica,04_balance_masa/modelo_balance_masa.py (v1.1) vía modelo_escala.kg_por_ave,[ESTIMACIÓN],
flujo_hora,2500,8,config=C,a_cms_kg_h,122.81693,kg/h,biologica,04_balance_masa/modelo_balance_masa.py (v1.1) vía modelo_escala.kg_por_ave,[ESTIMACIÓN],
flujo_hora,2500,8,config=C,comestible_a_empaque_kg_h,640.660199,kg/h,comercial,04_balance_masa/modelo_balance_masa.py (v1.1) vía modelo_escala.kg_por_ave,[ESTIMACIÓN],
flujo_hora,2500,8,config=C,sangre_recuperada_kg_h,26.190625,kg/h,biologica,04_balance_masa/modelo_balance_masa.py (v1.1) vía modelo_escala.kg_por_ave,[ESTIMACIÓN],
flujo_hora,2500,8,config=C,plumas_humedas_kg_h,75.4,kg/h,biologica+agua,04_balance_masa/modelo_balance_masa.py (v1.1) vía modelo_escala.kg_por_ave,[ESTIMACIÓN],
flujo_hora,2500,8,config=C,visceras_no_comestibles_kg_h,40.78125,kg/h,biologica,04_balance_masa/modelo_balance_masa.py (v1.1) vía modelo_escala.kg_por_ave,[ESTIMACIÓN],
flujo_hora,2500,8,config=C,cabezas_kg_h,22.65625,kg/h,biologica,04_balance_masa/modelo_balance_masa.py (v1.1) vía modelo_escala.kg_por_ave,[ESTIMACIÓN],
flujo_hora,2500,8,config=C,garras_a_y_segunda_kg_h,31.578757,kg/h,comercial,04_balance_masa/modelo_balance_masa.py (v1.1) vía modelo_escala.kg_por_ave,[ESTIMACIÓN],
flujo_hora,2500,8,config=C,menudencias_y_cuello_kg_h,57.42,kg/h,comercial,04_balance_masa/modelo_balance_masa.py (v1.1) vía modelo_escala.kg_por_ave,[ESTIMACIÓN],
flujo_hora,2500,8,config=C,solidos_a_retirar_kg_h,293.52881,kg/h,biologica+agua,04_balance_masa/modelo_balance_masa.py (v1.1) vía modelo_escala.kg_por_ave,[ESTIMACIÓN],
flujo_hora,2500,8,config=C,rendering_potencial_kg_h,270.108773,kg/h,biologica+agua,04_balance_masa/modelo_balance_masa.py (v1.1) vía modelo_escala.kg_por_ave,[ESTIMACIÓN],
ritmo,2500,10,,ritmo_operativo_requerido,250,aves/h,aves,05_proceso_industrial/modelo_capacidad_proceso.py,[ESTIMACIÓN],= E / h netas; igual a 23_plan_expansion (T01)
ritmo,2500,10,,aves_por_minuto,4.166667,aves/min,aves,05_proceso_industrial/modelo_capacidad_proceso.py,[ESTIMACIÓN],
ritmo,2500,10,,segundos_por_ave,14.4,s,aves,05_proceso_industrial/modelo_capacidad_proceso.py,[ESTIMACIÓN],
ritmo_nominal,2500,10,sensibilidad=baja,ritmo_nominal_requerido_h_netas,304.878049,aves/h,aves,05_proceso_industrial/modelo_capacidad_proceso.py,[SUPUESTO],= E/(h×R); R = 0.82; SUP-09A-01; sensibilidad del modelo; NO es desempeño industrial demostrado
ritmo_nominal,2500,10,sensibilidad=baja,ritmo_nominal_requerido_h_programadas,358.680057,aves/h,aves,05_proceso_industrial/modelo_capacidad_proceso.py,[SUPUESTO],= E/(h×D×R) si h incluyera paradas; η = 0.697; sensibilidad del modelo; NO es desempeño industrial demostrado
ritmo_nominal,2500,10,sensibilidad=media,ritmo_nominal_requerido_h_netas,280.898876,aves/h,aves,05_proceso_industrial/modelo_capacidad_proceso.py,[SUPUESTO],= E/(h×R); R = 0.89; SUP-09A-01; sensibilidad del modelo; NO es desempeño industrial demostrado
ritmo_nominal,2500,10,sensibilidad=media,ritmo_nominal_requerido_h_programadas,312.109863,aves/h,aves,05_proceso_industrial/modelo_capacidad_proceso.py,[SUPUESTO],= E/(h×D×R) si h incluyera paradas; η = 0.801; sensibilidad del modelo; NO es desempeño industrial demostrado
ritmo_nominal,2500,10,sensibilidad=alta,ritmo_nominal_requerido_h_netas,263.157895,aves/h,aves,05_proceso_industrial/modelo_capacidad_proceso.py,[SUPUESTO],= E/(h×R); R = 0.95; SUP-09A-01; sensibilidad del modelo; NO es desempeño industrial demostrado
ritmo_nominal,2500,10,sensibilidad=alta,ritmo_nominal_requerido_h_programadas,277.00831,aves/h,aves,05_proceso_industrial/modelo_capacidad_proceso.py,[SUPUESTO],= E/(h×D×R) si h incluyera paradas; η = 0.902; sensibilidad del modelo; NO es desempeño industrial demostrado
ventana_24h,2500,10,ventana=optimista,h_faena_neta,10,h,h,05_proceso_industrial/modelo_capacidad_proceso.py,[ESTIMACIÓN],SUP-09A-02
ventana_24h,2500,10,ventana=optimista,h_paradas_durante_produccion,0.526316,h,h,05_proceso_industrial/modelo_capacidad_proceso.py,[SUPUESTO],SUP-09A-02
ventana_24h,2500,10,ventana=optimista,h_pausas,0.625,h,h,05_proceso_industrial/modelo_capacidad_proceso.py,[SUPUESTO],SUP-09A-02
ventana_24h,2500,10,ventana=optimista,h_cambio_turno,0,h,h,05_proceso_industrial/modelo_capacidad_proceso.py,[SUPUESTO],SUP-09A-02
ventana_24h,2500,10,ventana=optimista,h_preparacion_arranque,0.5,h,h,05_proceso_industrial/modelo_capacidad_proceso.py,[SUPUESTO],SUP-09A-02
ventana_24h,2500,10,ventana=optimista,h_cierre_vaciado,0.5,h,h,05_proceso_industrial/modelo_capacidad_proceso.py,[SUPUESTO],SUP-09A-02
ventana_24h,2500,10,ventana=optimista,h_limpieza_intermedia,0.3125,h,h,05_proceso_industrial/modelo_capacidad_proceso.py,[SUPUESTO],SUP-09A-02
ventana_24h,2500,10,ventana=optimista,h_limpieza,2,h,h,05_proceso_industrial/modelo_capacidad_proceso.py,[SUPUESTO],t_limpieza PROVISIONAL (no varía con escala)
ventana_24h,2500,10,ventana=optimista,h_sanitizacion,1,h,h,05_proceso_industrial/modelo_capacidad_proceso.py,[SUPUESTO],SUP-09A-02
ventana_24h,2500,10,ventana=optimista,h_mantenimiento,0.5,h,h,05_proceso_industrial/modelo_capacidad_proceso.py,[SUPUESTO],SUP-09A-02
ventana_24h,2500,10,ventana=optimista,ventana_total_establecimiento,15.963816,h,h,05_proceso_industrial/modelo_capacidad_proceso.py,[SUPUESTO],SUP-09A-02; relación con la escala provisional
ventana_24h,2500,10,ventana=optimista,holgura_24h,8.036184,h,h,05_proceso_industrial/modelo_capacidad_proceso.py,[SUPUESTO],negativa = restricción severa de calendario; validar con proveedores y plantas antes de descartar
ventana_24h,2500,10,ventana=optimista,alerta_calendario,0,0/1,h,05_proceso_industrial/modelo_capacidad_proceso.py,[SUPUESTO],1 = alerta (no descarte)
ventana_24h,2500,10,ventana=media,h_faena_neta,10,h,h,05_proceso_industrial/modelo_capacidad_proceso.py,[ESTIMACIÓN],SUP-09A-02
ventana_24h,2500,10,ventana=media,h_paradas_durante_produccion,1.111111,h,h,05_proceso_industrial/modelo_capacidad_proceso.py,[SUPUESTO],SUP-09A-02
ventana_24h,2500,10,ventana=media,h_pausas,0.9375,h,h,05_proceso_industrial/modelo_capacidad_proceso.py,[SUPUESTO],SUP-09A-02
ventana_24h,2500,10,ventana=media,h_cambio_turno,0,h,h,05_proceso_industrial/modelo_capacidad_proceso.py,[SUPUESTO],SUP-09A-02
ventana_24h,2500,10,ventana=media,h_preparacion_arranque,0.75,h,h,05_proceso_industrial/modelo_capacidad_proceso.py,[SUPUESTO],SUP-09A-02
ventana_24h,2500,10,ventana=media,h_cierre_vaciado,0.75,h,h,05_proceso_industrial/modelo_capacidad_proceso.py,[SUPUESTO],SUP-09A-02
ventana_24h,2500,10,ventana=media,h_limpieza_intermedia,0.4125,h,h,05_proceso_industrial/modelo_capacidad_proceso.py,[SUPUESTO],SUP-09A-02
ventana_24h,2500,10,ventana=media,h_limpieza,2.75,h,h,05_proceso_industrial/modelo_capacidad_proceso.py,[SUPUESTO],t_limpieza PROVISIONAL (no varía con escala)
ventana_24h,2500,10,ventana=media,h_sanitizacion,1.25,h,h,05_proceso_industrial/modelo_capacidad_proceso.py,[SUPUESTO],SUP-09A-02
ventana_24h,2500,10,ventana=media,h_mantenimiento,1,h,h,05_proceso_industrial/modelo_capacidad_proceso.py,[SUPUESTO],SUP-09A-02
ventana_24h,2500,10,ventana=media,ventana_total_establecimiento,18.961111,h,h,05_proceso_industrial/modelo_capacidad_proceso.py,[SUPUESTO],SUP-09A-02; relación con la escala provisional
ventana_24h,2500,10,ventana=media,holgura_24h,5.038889,h,h,05_proceso_industrial/modelo_capacidad_proceso.py,[SUPUESTO],negativa = restricción severa de calendario; validar con proveedores y plantas antes de descartar
ventana_24h,2500,10,ventana=media,alerta_calendario,0,0/1,h,05_proceso_industrial/modelo_capacidad_proceso.py,[SUPUESTO],1 = alerta (no descarte)
ventana_24h,2500,10,ventana=conservadora,h_faena_neta,10,h,h,05_proceso_industrial/modelo_capacidad_proceso.py,[ESTIMACIÓN],SUP-09A-02
ventana_24h,2500,10,ventana=conservadora,h_paradas_durante_produccion,1.764706,h,h,05_proceso_industrial/modelo_capacidad_proceso.py,[SUPUESTO],SUP-09A-02
ventana_24h,2500,10,ventana=conservadora,h_pausas,1.25,h,h,05_proceso_industrial/modelo_capacidad_proceso.py,[SUPUESTO],SUP-09A-02
ventana_24h,2500,10,ventana=conservadora,h_cambio_turno,0,h,h,05_proceso_industrial/modelo_capacidad_proceso.py,[SUPUESTO],SUP-09A-02
ventana_24h,2500,10,ventana=conservadora,h_preparacion_arranque,1,h,h,05_proceso_industrial/modelo_capacidad_proceso.py,[SUPUESTO],SUP-09A-02
ventana_24h,2500,10,ventana=conservadora,h_cierre_vaciado,1,h,h,05_proceso_industrial/modelo_capacidad_proceso.py,[SUPUESTO],SUP-09A-02
ventana_24h,2500,10,ventana=conservadora,h_limpieza_intermedia,0.625,h,h,05_proceso_industrial/modelo_capacidad_proceso.py,[SUPUESTO],SUP-09A-02
ventana_24h,2500,10,ventana=conservadora,h_limpieza,4,h,h,05_proceso_industrial/modelo_capacidad_proceso.py,[SUPUESTO],t_limpieza PROVISIONAL (no varía con escala)
ventana_24h,2500,10,ventana=conservadora,h_sanitizacion,2,h,h,05_proceso_industrial/modelo_capacidad_proceso.py,[SUPUESTO],SUP-09A-02
ventana_24h,2500,10,ventana=conservadora,h_mantenimiento,2,h,h,05_proceso_industrial/modelo_capacidad_proceso.py,[SUPUESTO],SUP-09A-02
ventana_24h,2500,10,ventana=conservadora,ventana_total_establecimiento,23.639706,h,h,05_proceso_industrial/modelo_capacidad_proceso.py,[SUPUESTO],SUP-09A-02; relación con la escala provisional
ventana_24h,2500,10,ventana=conservadora,holgura_24h,0.360294,h,h,05_proceso_industrial/modelo_capacidad_proceso.py,[SUPUESTO],negativa = restricción severa de calendario; validar con proveedores y plantas antes de descartar
ventana_24h,2500,10,ventana=conservadora,alerta_calendario,0,0/1,h,05_proceso_industrial/modelo_capacidad_proceso.py,[SUPUESTO],1 = alerta (no descarte)
enfriamiento,2500,10,residencia=inmersion,carcasas_simultaneas_en_enfriamiento,208.333333,aves,aves,05_proceso_industrial/modelo_capacidad_proceso.py,[SUPUESTO],50 min; SUP-09A-04 [PVDP]
enfriamiento,2500,10,residencia=inmersion,kg_carcasa_simultaneos_en_enfriamiento,431.979167,kg,biologica,04_balance_masa/modelo_balance_masa.py (v1.1) vía modelo_escala.kg_por_ave,[SUPUESTO],"carcasa eviscerada caliente 2,9 kg (sin agua)"
enfriamiento,2500,10,residencia=aire_min,carcasas_simultaneas_en_enfriamiento,375,aves,aves,05_proceso_industrial/modelo_capacidad_proceso.py,[SUPUESTO],90 min; SUP-09A-04 [PVDP]
enfriamiento,2500,10,residencia=aire_min,kg_carcasa_simultaneos_en_enfriamiento,777.5625,kg,biologica,04_balance_masa/modelo_balance_masa.py (v1.1) vía modelo_escala.kg_por_ave,[SUPUESTO],"carcasa eviscerada caliente 2,9 kg (sin agua)"
enfriamiento,2500,10,residencia=aire_max,carcasas_simultaneas_en_enfriamiento,625,aves,aves,05_proceso_industrial/modelo_capacidad_proceso.py,[SUPUESTO],150 min; SUP-09A-04 [PVDP]
enfriamiento,2500,10,residencia=aire_max,kg_carcasa_simultaneos_en_enfriamiento,1295.9375,kg,biologica,04_balance_masa/modelo_balance_masa.py (v1.1) vía modelo_escala.kg_por_ave,[SUPUESTO],"carcasa eviscerada caliente 2,9 kg (sin agua)"
puestos_manuales,2500,10,colgado;referencia,puestos_equivalentes,1,puestos,aves,05_proceso_industrial/modelo_capacidad_proceso.py,[SUPUESTO],productividad FTE-09A-026 [PVDP · débil]; no es dotación
puestos_manuales,2500,10,colgado;prudente,puestos_equivalentes,1,puestos,aves,05_proceso_industrial/modelo_capacidad_proceso.py,[SUPUESTO],productividad FTE-09A-026 [PVDP · débil]; no es dotación
puestos_manuales,2500,10,eviscerado_manual;referencia,puestos_equivalentes,3,puestos,aves,05_proceso_industrial/modelo_capacidad_proceso.py,[SUPUESTO],productividad FTE-09A-025 [PVDP · débil]; no es dotación
puestos_manuales,2500,10,eviscerado_manual;prudente,puestos_equivalentes,5,puestos,aves,05_proceso_industrial/modelo_capacidad_proceso.py,[SUPUESTO],productividad FTE-09A-025 [PVDP · débil]; no es dotación
flujo_hora,2500,10,config=A,peso_vivo_kg_h,725,kg/h,vivo,04_balance_masa/modelo_balance_masa.py (v1.1) vía modelo_escala.kg_por_ave,[ESTIMACIÓN],
flujo_hora,2500,10,config=A,carcasa_pre_chiller_kg_h,518.375,kg/h,biologica,04_balance_masa/modelo_balance_masa.py (v1.1) vía modelo_escala.kg_por_ave,[ESTIMACIÓN],
flujo_hora,2500,10,config=A,a_trozado_kg_h,30.545143,kg/h,biologica,04_balance_masa/modelo_balance_masa.py (v1.1) vía modelo_escala.kg_por_ave,[ESTIMACIÓN],
flujo_hora,2500,10,config=A,comestible_a_empaque_kg_h,601.5136,kg/h,comercial,04_balance_masa/modelo_balance_masa.py (v1.1) vía modelo_escala.kg_por_ave,[ESTIMACIÓN],
flujo_hora,2500,10,config=A,sangre_recuperada_kg_h,20.9525,kg/h,biologica,04_balance_masa/modelo_balance_masa.py (v1.1) vía modelo_escala.kg_por_ave,[ESTIMACIÓN],
flujo_hora,2500,10,config=A,plumas_humedas_kg_h,60.32,kg/h,biologica+agua,04_balance_masa/modelo_balance_masa.py (v1.1) vía modelo_escala.kg_por_ave,[ESTIMACIÓN],
flujo_hora,2500,10,config=A,visceras_no_comestibles_kg_h,32.625,kg/h,biologica,04_balance_masa/modelo_balance_masa.py (v1.1) vía modelo_escala.kg_por_ave,[ESTIMACIÓN],
flujo_hora,2500,10,config=A,cabezas_kg_h,18.125,kg/h,biologica,04_balance_masa/modelo_balance_masa.py (v1.1) vía modelo_escala.kg_por_ave,[ESTIMACIÓN],
flujo_hora,2500,10,config=A,garras_a_y_segunda_kg_h,25.263006,kg/h,comercial,04_balance_masa/modelo_balance_masa.py (v1.1) vía modelo_escala.kg_por_ave,[ESTIMACIÓN],
flujo_hora,2500,10,config=A,menudencias_y_cuello_kg_h,45.936,kg/h,comercial,04_balance_masa/modelo_balance_masa.py (v1.1) vía modelo_escala.kg_por_ave,[ESTIMACIÓN],
flujo_hora,2500,10,config=A,solidos_a_retirar_kg_h,152.088162,kg/h,biologica+agua,04_balance_masa/modelo_balance_masa.py (v1.1) vía modelo_escala.kg_por_ave,[ESTIMACIÓN],
flujo_hora,2500,10,config=A,rendering_potencial_kg_h,133.352132,kg/h,biologica+agua,04_balance_masa/modelo_balance_masa.py (v1.1) vía modelo_escala.kg_por_ave,[ESTIMACIÓN],
flujo_hora,2500,10,config=B,peso_vivo_kg_h,725,kg/h,vivo,04_balance_masa/modelo_balance_masa.py (v1.1) vía modelo_escala.kg_por_ave,[ESTIMACIÓN],
flujo_hora,2500,10,config=B,carcasa_pre_chiller_kg_h,518.375,kg/h,biologica,04_balance_masa/modelo_balance_masa.py (v1.1) vía modelo_escala.kg_por_ave,[ESTIMACIÓN],
flujo_hora,2500,10,config=B,a_trozado_kg_h,509.08572,kg/h,biologica,04_balance_masa/modelo_balance_masa.py (v1.1) vía modelo_escala.kg_por_ave,[ESTIMACIÓN],
flujo_hora,2500,10,config=B,comestible_a_empaque_kg_h,599.120897,kg/h,comercial,04_balance_masa/modelo_balance_masa.py (v1.1) vía modelo_escala.kg_por_ave,[ESTIMACIÓN],
flujo_hora,2500,10,config=B,sangre_recuperada_kg_h,20.9525,kg/h,biologica,04_balance_masa/modelo_balance_masa.py (v1.1) vía modelo_escala.kg_por_ave,[ESTIMACIÓN],
flujo_hora,2500,10,config=B,plumas_humedas_kg_h,60.32,kg/h,biologica+agua,04_balance_masa/modelo_balance_masa.py (v1.1) vía modelo_escala.kg_por_ave,[ESTIMACIÓN],
flujo_hora,2500,10,config=B,visceras_no_comestibles_kg_h,32.625,kg/h,biologica,04_balance_masa/modelo_balance_masa.py (v1.1) vía modelo_escala.kg_por_ave,[ESTIMACIÓN],
flujo_hora,2500,10,config=B,cabezas_kg_h,18.125,kg/h,biologica,04_balance_masa/modelo_balance_masa.py (v1.1) vía modelo_escala.kg_por_ave,[ESTIMACIÓN],
flujo_hora,2500,10,config=B,garras_a_y_segunda_kg_h,25.263006,kg/h,comercial,04_balance_masa/modelo_balance_masa.py (v1.1) vía modelo_escala.kg_por_ave,[ESTIMACIÓN],
flujo_hora,2500,10,config=B,menudencias_y_cuello_kg_h,45.936,kg/h,comercial,04_balance_masa/modelo_balance_masa.py (v1.1) vía modelo_escala.kg_por_ave,[ESTIMACIÓN],
flujo_hora,2500,10,config=B,solidos_a_retirar_kg_h,152.088162,kg/h,biologica+agua,04_balance_masa/modelo_balance_masa.py (v1.1) vía modelo_escala.kg_por_ave,[ESTIMACIÓN],
flujo_hora,2500,10,config=B,rendering_potencial_kg_h,133.352132,kg/h,biologica+agua,04_balance_masa/modelo_balance_masa.py (v1.1) vía modelo_escala.kg_por_ave,[ESTIMACIÓN],
flujo_hora,2500,10,config=C,peso_vivo_kg_h,725,kg/h,vivo,04_balance_masa/modelo_balance_masa.py (v1.1) vía modelo_escala.kg_por_ave,[ESTIMACIÓN],
flujo_hora,2500,10,config=C,carcasa_pre_chiller_kg_h,518.375,kg/h,biologica,04_balance_masa/modelo_balance_masa.py (v1.1) vía modelo_escala.kg_por_ave,[ESTIMACIÓN],
flujo_hora,2500,10,config=C,a_trozado_kg_h,410.832176,kg/h,biologica,04_balance_masa/modelo_balance_masa.py (v1.1) vía modelo_escala.kg_por_ave,[ESTIMACIÓN],
flujo_hora,2500,10,config=C,a_deshuese_kg_h,287.531615,kg/h,biologica,04_balance_masa/modelo_balance_masa.py (v1.1) vía modelo_escala.kg_por_ave,[ESTIMACIÓN],
flujo_hora,2500,10,config=C,a_cms_kg_h,98.253544,kg/h,biologica,04_balance_masa/modelo_balance_masa.py (v1.1) vía modelo_escala.kg_por_ave,[ESTIMACIÓN],
flujo_hora,2500,10,config=C,comestible_a_empaque_kg_h,512.528159,kg/h,comercial,04_balance_masa/modelo_balance_masa.py (v1.1) vía modelo_escala.kg_por_ave,[ESTIMACIÓN],
flujo_hora,2500,10,config=C,sangre_recuperada_kg_h,20.9525,kg/h,biologica,04_balance_masa/modelo_balance_masa.py (v1.1) vía modelo_escala.kg_por_ave,[ESTIMACIÓN],
flujo_hora,2500,10,config=C,plumas_humedas_kg_h,60.32,kg/h,biologica+agua,04_balance_masa/modelo_balance_masa.py (v1.1) vía modelo_escala.kg_por_ave,[ESTIMACIÓN],
flujo_hora,2500,10,config=C,visceras_no_comestibles_kg_h,32.625,kg/h,biologica,04_balance_masa/modelo_balance_masa.py (v1.1) vía modelo_escala.kg_por_ave,[ESTIMACIÓN],
flujo_hora,2500,10,config=C,cabezas_kg_h,18.125,kg/h,biologica,04_balance_masa/modelo_balance_masa.py (v1.1) vía modelo_escala.kg_por_ave,[ESTIMACIÓN],
flujo_hora,2500,10,config=C,garras_a_y_segunda_kg_h,25.263006,kg/h,comercial,04_balance_masa/modelo_balance_masa.py (v1.1) vía modelo_escala.kg_por_ave,[ESTIMACIÓN],
flujo_hora,2500,10,config=C,menudencias_y_cuello_kg_h,45.936,kg/h,comercial,04_balance_masa/modelo_balance_masa.py (v1.1) vía modelo_escala.kg_por_ave,[ESTIMACIÓN],
flujo_hora,2500,10,config=C,solidos_a_retirar_kg_h,234.823048,kg/h,biologica+agua,04_balance_masa/modelo_balance_masa.py (v1.1) vía modelo_escala.kg_por_ave,[ESTIMACIÓN],
flujo_hora,2500,10,config=C,rendering_potencial_kg_h,216.087018,kg/h,biologica+agua,04_balance_masa/modelo_balance_masa.py (v1.1) vía modelo_escala.kg_por_ave,[ESTIMACIÓN],
ritmo,2500,16,,ritmo_operativo_requerido,156.25,aves/h,aves,05_proceso_industrial/modelo_capacidad_proceso.py,[ESTIMACIÓN],= E / h netas; igual a 23_plan_expansion (T01)
ritmo,2500,16,,aves_por_minuto,2.604167,aves/min,aves,05_proceso_industrial/modelo_capacidad_proceso.py,[ESTIMACIÓN],
ritmo,2500,16,,segundos_por_ave,23.04,s,aves,05_proceso_industrial/modelo_capacidad_proceso.py,[ESTIMACIÓN],
ritmo_nominal,2500,16,sensibilidad=baja,ritmo_nominal_requerido_h_netas,190.54878,aves/h,aves,05_proceso_industrial/modelo_capacidad_proceso.py,[SUPUESTO],= E/(h×R); R = 0.82; SUP-09A-01; sensibilidad del modelo; NO es desempeño industrial demostrado
ritmo_nominal,2500,16,sensibilidad=baja,ritmo_nominal_requerido_h_programadas,224.175036,aves/h,aves,05_proceso_industrial/modelo_capacidad_proceso.py,[SUPUESTO],= E/(h×D×R) si h incluyera paradas; η = 0.697; sensibilidad del modelo; NO es desempeño industrial demostrado
ritmo_nominal,2500,16,sensibilidad=media,ritmo_nominal_requerido_h_netas,175.561798,aves/h,aves,05_proceso_industrial/modelo_capacidad_proceso.py,[SUPUESTO],= E/(h×R); R = 0.89; SUP-09A-01; sensibilidad del modelo; NO es desempeño industrial demostrado
ritmo_nominal,2500,16,sensibilidad=media,ritmo_nominal_requerido_h_programadas,195.068664,aves/h,aves,05_proceso_industrial/modelo_capacidad_proceso.py,[SUPUESTO],= E/(h×D×R) si h incluyera paradas; η = 0.801; sensibilidad del modelo; NO es desempeño industrial demostrado
ritmo_nominal,2500,16,sensibilidad=alta,ritmo_nominal_requerido_h_netas,164.473684,aves/h,aves,05_proceso_industrial/modelo_capacidad_proceso.py,[SUPUESTO],= E/(h×R); R = 0.95; SUP-09A-01; sensibilidad del modelo; NO es desempeño industrial demostrado
ritmo_nominal,2500,16,sensibilidad=alta,ritmo_nominal_requerido_h_programadas,173.130194,aves/h,aves,05_proceso_industrial/modelo_capacidad_proceso.py,[SUPUESTO],= E/(h×D×R) si h incluyera paradas; η = 0.902; sensibilidad del modelo; NO es desempeño industrial demostrado
ventana_24h,2500,16,ventana=optimista,h_faena_neta,16,h,h,05_proceso_industrial/modelo_capacidad_proceso.py,[ESTIMACIÓN],SUP-09A-02
ventana_24h,2500,16,ventana=optimista,h_paradas_durante_produccion,0.842105,h,h,05_proceso_industrial/modelo_capacidad_proceso.py,[SUPUESTO],SUP-09A-02
ventana_24h,2500,16,ventana=optimista,h_pausas,1,h,h,05_proceso_industrial/modelo_capacidad_proceso.py,[SUPUESTO],SUP-09A-02
ventana_24h,2500,16,ventana=optimista,h_cambio_turno,0.25,h,h,05_proceso_industrial/modelo_capacidad_proceso.py,[SUPUESTO],SUP-09A-02
ventana_24h,2500,16,ventana=optimista,h_preparacion_arranque,0.5,h,h,05_proceso_industrial/modelo_capacidad_proceso.py,[SUPUESTO],SUP-09A-02
ventana_24h,2500,16,ventana=optimista,h_cierre_vaciado,0.5,h,h,05_proceso_industrial/modelo_capacidad_proceso.py,[SUPUESTO],SUP-09A-02
ventana_24h,2500,16,ventana=optimista,h_limpieza_intermedia,0.5,h,h,05_proceso_industrial/modelo_capacidad_proceso.py,[SUPUESTO],SUP-09A-02
ventana_24h,2500,16,ventana=optimista,h_limpieza,2,h,h,05_proceso_industrial/modelo_capacidad_proceso.py,[SUPUESTO],t_limpieza PROVISIONAL (no varía con escala)
ventana_24h,2500,16,ventana=optimista,h_sanitizacion,1,h,h,05_proceso_industrial/modelo_capacidad_proceso.py,[SUPUESTO],SUP-09A-02
ventana_24h,2500,16,ventana=optimista,h_mantenimiento,0.5,h,h,05_proceso_industrial/modelo_capacidad_proceso.py,[SUPUESTO],SUP-09A-02
ventana_24h,2500,16,ventana=optimista,ventana_total_establecimiento,23.092105,h,h,05_proceso_industrial/modelo_capacidad_proceso.py,[SUPUESTO],SUP-09A-02; relación con la escala provisional
ventana_24h,2500,16,ventana=optimista,holgura_24h,0.907895,h,h,05_proceso_industrial/modelo_capacidad_proceso.py,[SUPUESTO],negativa = restricción severa de calendario; validar con proveedores y plantas antes de descartar
ventana_24h,2500,16,ventana=optimista,alerta_calendario,0,0/1,h,05_proceso_industrial/modelo_capacidad_proceso.py,[SUPUESTO],1 = alerta (no descarte)
ventana_24h,2500,16,ventana=media,h_faena_neta,16,h,h,05_proceso_industrial/modelo_capacidad_proceso.py,[ESTIMACIÓN],SUP-09A-02
ventana_24h,2500,16,ventana=media,h_paradas_durante_produccion,1.777778,h,h,05_proceso_industrial/modelo_capacidad_proceso.py,[SUPUESTO],SUP-09A-02
ventana_24h,2500,16,ventana=media,h_pausas,1.5,h,h,05_proceso_industrial/modelo_capacidad_proceso.py,[SUPUESTO],SUP-09A-02
ventana_24h,2500,16,ventana=media,h_cambio_turno,0.33,h,h,05_proceso_industrial/modelo_capacidad_proceso.py,[SUPUESTO],SUP-09A-02
ventana_24h,2500,16,ventana=media,h_preparacion_arranque,0.75,h,h,05_proceso_industrial/modelo_capacidad_proceso.py,[SUPUESTO],SUP-09A-02
ventana_24h,2500,16,ventana=media,h_cierre_vaciado,0.75,h,h,05_proceso_industrial/modelo_capacidad_proceso.py,[SUPUESTO],SUP-09A-02
ventana_24h,2500,16,ventana=media,h_limpieza_intermedia,0.66,h,h,05_proceso_industrial/modelo_capacidad_proceso.py,[SUPUESTO],SUP-09A-02
ventana_24h,2500,16,ventana=media,h_limpieza,2.75,h,h,05_proceso_industrial/modelo_capacidad_proceso.py,[SUPUESTO],t_limpieza PROVISIONAL (no varía con escala)
ventana_24h,2500,16,ventana=media,h_sanitizacion,1.25,h,h,05_proceso_industrial/modelo_capacidad_proceso.py,[SUPUESTO],SUP-09A-02
ventana_24h,2500,16,ventana=media,h_mantenimiento,1,h,h,05_proceso_industrial/modelo_capacidad_proceso.py,[SUPUESTO],SUP-09A-02
ventana_24h,2500,16,ventana=media,ventana_total_establecimiento,26.767778,h,h,05_proceso_industrial/modelo_capacidad_proceso.py,[SUPUESTO],SUP-09A-02; relación con la escala provisional
ventana_24h,2500,16,ventana=media,holgura_24h,-2.767778,h,h,05_proceso_industrial/modelo_capacidad_proceso.py,[SUPUESTO],negativa = restricción severa de calendario; validar con proveedores y plantas antes de descartar
ventana_24h,2500,16,ventana=media,alerta_calendario,1,0/1,h,05_proceso_industrial/modelo_capacidad_proceso.py,[SUPUESTO],1 = alerta (no descarte)
ventana_24h,2500,16,ventana=conservadora,h_faena_neta,16,h,h,05_proceso_industrial/modelo_capacidad_proceso.py,[ESTIMACIÓN],SUP-09A-02
ventana_24h,2500,16,ventana=conservadora,h_paradas_durante_produccion,2.823529,h,h,05_proceso_industrial/modelo_capacidad_proceso.py,[SUPUESTO],SUP-09A-02
ventana_24h,2500,16,ventana=conservadora,h_pausas,2,h,h,05_proceso_industrial/modelo_capacidad_proceso.py,[SUPUESTO],SUP-09A-02
ventana_24h,2500,16,ventana=conservadora,h_cambio_turno,0.5,h,h,05_proceso_industrial/modelo_capacidad_proceso.py,[SUPUESTO],SUP-09A-02
ventana_24h,2500,16,ventana=conservadora,h_preparacion_arranque,1,h,h,05_proceso_industrial/modelo_capacidad_proceso.py,[SUPUESTO],SUP-09A-02
ventana_24h,2500,16,ventana=conservadora,h_cierre_vaciado,1,h,h,05_proceso_industrial/modelo_capacidad_proceso.py,[SUPUESTO],SUP-09A-02
ventana_24h,2500,16,ventana=conservadora,h_limpieza_intermedia,1,h,h,05_proceso_industrial/modelo_capacidad_proceso.py,[SUPUESTO],SUP-09A-02
ventana_24h,2500,16,ventana=conservadora,h_limpieza,4,h,h,05_proceso_industrial/modelo_capacidad_proceso.py,[SUPUESTO],t_limpieza PROVISIONAL (no varía con escala)
ventana_24h,2500,16,ventana=conservadora,h_sanitizacion,2,h,h,05_proceso_industrial/modelo_capacidad_proceso.py,[SUPUESTO],SUP-09A-02
ventana_24h,2500,16,ventana=conservadora,h_mantenimiento,2,h,h,05_proceso_industrial/modelo_capacidad_proceso.py,[SUPUESTO],SUP-09A-02
ventana_24h,2500,16,ventana=conservadora,ventana_total_establecimiento,32.323529,h,h,05_proceso_industrial/modelo_capacidad_proceso.py,[SUPUESTO],SUP-09A-02; relación con la escala provisional
ventana_24h,2500,16,ventana=conservadora,holgura_24h,-8.323529,h,h,05_proceso_industrial/modelo_capacidad_proceso.py,[SUPUESTO],negativa = restricción severa de calendario; validar con proveedores y plantas antes de descartar
ventana_24h,2500,16,ventana=conservadora,alerta_calendario,1,0/1,h,05_proceso_industrial/modelo_capacidad_proceso.py,[SUPUESTO],1 = alerta (no descarte)
enfriamiento,2500,16,residencia=inmersion,carcasas_simultaneas_en_enfriamiento,130.208333,aves,aves,05_proceso_industrial/modelo_capacidad_proceso.py,[SUPUESTO],50 min; SUP-09A-04 [PVDP]
enfriamiento,2500,16,residencia=inmersion,kg_carcasa_simultaneos_en_enfriamiento,269.986979,kg,biologica,04_balance_masa/modelo_balance_masa.py (v1.1) vía modelo_escala.kg_por_ave,[SUPUESTO],"carcasa eviscerada caliente 2,9 kg (sin agua)"
enfriamiento,2500,16,residencia=aire_min,carcasas_simultaneas_en_enfriamiento,234.375,aves,aves,05_proceso_industrial/modelo_capacidad_proceso.py,[SUPUESTO],90 min; SUP-09A-04 [PVDP]
enfriamiento,2500,16,residencia=aire_min,kg_carcasa_simultaneos_en_enfriamiento,485.976562,kg,biologica,04_balance_masa/modelo_balance_masa.py (v1.1) vía modelo_escala.kg_por_ave,[SUPUESTO],"carcasa eviscerada caliente 2,9 kg (sin agua)"
enfriamiento,2500,16,residencia=aire_max,carcasas_simultaneas_en_enfriamiento,390.625,aves,aves,05_proceso_industrial/modelo_capacidad_proceso.py,[SUPUESTO],150 min; SUP-09A-04 [PVDP]
enfriamiento,2500,16,residencia=aire_max,kg_carcasa_simultaneos_en_enfriamiento,809.960937,kg,biologica,04_balance_masa/modelo_balance_masa.py (v1.1) vía modelo_escala.kg_por_ave,[SUPUESTO],"carcasa eviscerada caliente 2,9 kg (sin agua)"
puestos_manuales,2500,16,colgado;referencia,puestos_equivalentes,1,puestos,aves,05_proceso_industrial/modelo_capacidad_proceso.py,[SUPUESTO],productividad FTE-09A-026 [PVDP · débil]; no es dotación
puestos_manuales,2500,16,colgado;prudente,puestos_equivalentes,1,puestos,aves,05_proceso_industrial/modelo_capacidad_proceso.py,[SUPUESTO],productividad FTE-09A-026 [PVDP · débil]; no es dotación
puestos_manuales,2500,16,eviscerado_manual;referencia,puestos_equivalentes,2,puestos,aves,05_proceso_industrial/modelo_capacidad_proceso.py,[SUPUESTO],productividad FTE-09A-025 [PVDP · débil]; no es dotación
puestos_manuales,2500,16,eviscerado_manual;prudente,puestos_equivalentes,3,puestos,aves,05_proceso_industrial/modelo_capacidad_proceso.py,[SUPUESTO],productividad FTE-09A-025 [PVDP · débil]; no es dotación
flujo_hora,2500,16,config=A,peso_vivo_kg_h,453.125,kg/h,vivo,04_balance_masa/modelo_balance_masa.py (v1.1) vía modelo_escala.kg_por_ave,[ESTIMACIÓN],
flujo_hora,2500,16,config=A,carcasa_pre_chiller_kg_h,323.984375,kg/h,biologica,04_balance_masa/modelo_balance_masa.py (v1.1) vía modelo_escala.kg_por_ave,[ESTIMACIÓN],
flujo_hora,2500,16,config=A,a_trozado_kg_h,19.090714,kg/h,biologica,04_balance_masa/modelo_balance_masa.py (v1.1) vía modelo_escala.kg_por_ave,[ESTIMACIÓN],
flujo_hora,2500,16,config=A,comestible_a_empaque_kg_h,375.946,kg/h,comercial,04_balance_masa/modelo_balance_masa.py (v1.1) vía modelo_escala.kg_por_ave,[ESTIMACIÓN],
flujo_hora,2500,16,config=A,sangre_recuperada_kg_h,13.095313,kg/h,biologica,04_balance_masa/modelo_balance_masa.py (v1.1) vía modelo_escala.kg_por_ave,[ESTIMACIÓN],
flujo_hora,2500,16,config=A,plumas_humedas_kg_h,37.7,kg/h,biologica+agua,04_balance_masa/modelo_balance_masa.py (v1.1) vía modelo_escala.kg_por_ave,[ESTIMACIÓN],
flujo_hora,2500,16,config=A,visceras_no_comestibles_kg_h,20.390625,kg/h,biologica,04_balance_masa/modelo_balance_masa.py (v1.1) vía modelo_escala.kg_por_ave,[ESTIMACIÓN],
flujo_hora,2500,16,config=A,cabezas_kg_h,11.328125,kg/h,biologica,04_balance_masa/modelo_balance_masa.py (v1.1) vía modelo_escala.kg_por_ave,[ESTIMACIÓN],
flujo_hora,2500,16,config=A,garras_a_y_segunda_kg_h,15.789379,kg/h,comercial,04_balance_masa/modelo_balance_masa.py (v1.1) vía modelo_escala.kg_por_ave,[ESTIMACIÓN],
flujo_hora,2500,16,config=A,menudencias_y_cuello_kg_h,28.71,kg/h,comercial,04_balance_masa/modelo_balance_masa.py (v1.1) vía modelo_escala.kg_por_ave,[ESTIMACIÓN],
flujo_hora,2500,16,config=A,solidos_a_retirar_kg_h,95.055101,kg/h,biologica+agua,04_balance_masa/modelo_balance_masa.py (v1.1) vía modelo_escala.kg_por_ave,[ESTIMACIÓN],
flujo_hora,2500,16,config=A,rendering_potencial_kg_h,83.345082,kg/h,biologica+agua,04_balance_masa/modelo_balance_masa.py (v1.1) vía modelo_escala.kg_por_ave,[ESTIMACIÓN],
flujo_hora,2500,16,config=B,peso_vivo_kg_h,453.125,kg/h,vivo,04_balance_masa/modelo_balance_masa.py (v1.1) vía modelo_escala.kg_por_ave,[ESTIMACIÓN],
flujo_hora,2500,16,config=B,carcasa_pre_chiller_kg_h,323.984375,kg/h,biologica,04_balance_masa/modelo_balance_masa.py (v1.1) vía modelo_escala.kg_por_ave,[ESTIMACIÓN],
flujo_hora,2500,16,config=B,a_trozado_kg_h,318.178575,kg/h,biologica,04_balance_masa/modelo_balance_masa.py (v1.1) vía modelo_escala.kg_por_ave,[ESTIMACIÓN],
flujo_hora,2500,16,config=B,comestible_a_empaque_kg_h,374.450561,kg/h,comercial,04_balance_masa/modelo_balance_masa.py (v1.1) vía modelo_escala.kg_por_ave,[ESTIMACIÓN],
flujo_hora,2500,16,config=B,sangre_recuperada_kg_h,13.095313,kg/h,biologica,04_balance_masa/modelo_balance_masa.py (v1.1) vía modelo_escala.kg_por_ave,[ESTIMACIÓN],
flujo_hora,2500,16,config=B,plumas_humedas_kg_h,37.7,kg/h,biologica+agua,04_balance_masa/modelo_balance_masa.py (v1.1) vía modelo_escala.kg_por_ave,[ESTIMACIÓN],
flujo_hora,2500,16,config=B,visceras_no_comestibles_kg_h,20.390625,kg/h,biologica,04_balance_masa/modelo_balance_masa.py (v1.1) vía modelo_escala.kg_por_ave,[ESTIMACIÓN],
flujo_hora,2500,16,config=B,cabezas_kg_h,11.328125,kg/h,biologica,04_balance_masa/modelo_balance_masa.py (v1.1) vía modelo_escala.kg_por_ave,[ESTIMACIÓN],
flujo_hora,2500,16,config=B,garras_a_y_segunda_kg_h,15.789379,kg/h,comercial,04_balance_masa/modelo_balance_masa.py (v1.1) vía modelo_escala.kg_por_ave,[ESTIMACIÓN],
flujo_hora,2500,16,config=B,menudencias_y_cuello_kg_h,28.71,kg/h,comercial,04_balance_masa/modelo_balance_masa.py (v1.1) vía modelo_escala.kg_por_ave,[ESTIMACIÓN],
flujo_hora,2500,16,config=B,solidos_a_retirar_kg_h,95.055101,kg/h,biologica+agua,04_balance_masa/modelo_balance_masa.py (v1.1) vía modelo_escala.kg_por_ave,[ESTIMACIÓN],
flujo_hora,2500,16,config=B,rendering_potencial_kg_h,83.345082,kg/h,biologica+agua,04_balance_masa/modelo_balance_masa.py (v1.1) vía modelo_escala.kg_por_ave,[ESTIMACIÓN],
flujo_hora,2500,16,config=C,peso_vivo_kg_h,453.125,kg/h,vivo,04_balance_masa/modelo_balance_masa.py (v1.1) vía modelo_escala.kg_por_ave,[ESTIMACIÓN],
flujo_hora,2500,16,config=C,carcasa_pre_chiller_kg_h,323.984375,kg/h,biologica,04_balance_masa/modelo_balance_masa.py (v1.1) vía modelo_escala.kg_por_ave,[ESTIMACIÓN],
flujo_hora,2500,16,config=C,a_trozado_kg_h,256.77011,kg/h,biologica,04_balance_masa/modelo_balance_masa.py (v1.1) vía modelo_escala.kg_por_ave,[ESTIMACIÓN],
flujo_hora,2500,16,config=C,a_deshuese_kg_h,179.707259,kg/h,biologica,04_balance_masa/modelo_balance_masa.py (v1.1) vía modelo_escala.kg_por_ave,[ESTIMACIÓN],
flujo_hora,2500,16,config=C,a_cms_kg_h,61.408465,kg/h,biologica,04_balance_masa/modelo_balance_masa.py (v1.1) vía modelo_escala.kg_por_ave,[ESTIMACIÓN],
flujo_hora,2500,16,config=C,comestible_a_empaque_kg_h,320.3301,kg/h,comercial,04_balance_masa/modelo_balance_masa.py (v1.1) vía modelo_escala.kg_por_ave,[ESTIMACIÓN],
flujo_hora,2500,16,config=C,sangre_recuperada_kg_h,13.095313,kg/h,biologica,04_balance_masa/modelo_balance_masa.py (v1.1) vía modelo_escala.kg_por_ave,[ESTIMACIÓN],
flujo_hora,2500,16,config=C,plumas_humedas_kg_h,37.7,kg/h,biologica+agua,04_balance_masa/modelo_balance_masa.py (v1.1) vía modelo_escala.kg_por_ave,[ESTIMACIÓN],
flujo_hora,2500,16,config=C,visceras_no_comestibles_kg_h,20.390625,kg/h,biologica,04_balance_masa/modelo_balance_masa.py (v1.1) vía modelo_escala.kg_por_ave,[ESTIMACIÓN],
flujo_hora,2500,16,config=C,cabezas_kg_h,11.328125,kg/h,biologica,04_balance_masa/modelo_balance_masa.py (v1.1) vía modelo_escala.kg_por_ave,[ESTIMACIÓN],
flujo_hora,2500,16,config=C,garras_a_y_segunda_kg_h,15.789379,kg/h,comercial,04_balance_masa/modelo_balance_masa.py (v1.1) vía modelo_escala.kg_por_ave,[ESTIMACIÓN],
flujo_hora,2500,16,config=C,menudencias_y_cuello_kg_h,28.71,kg/h,comercial,04_balance_masa/modelo_balance_masa.py (v1.1) vía modelo_escala.kg_por_ave,[ESTIMACIÓN],
flujo_hora,2500,16,config=C,solidos_a_retirar_kg_h,146.764405,kg/h,biologica+agua,04_balance_masa/modelo_balance_masa.py (v1.1) vía modelo_escala.kg_por_ave,[ESTIMACIÓN],
flujo_hora,2500,16,config=C,rendering_potencial_kg_h,135.054386,kg/h,biologica+agua,04_balance_masa/modelo_balance_masa.py (v1.1) vía modelo_escala.kg_por_ave,[ESTIMACIÓN],
flujo_dia,2500,,config=A,peso_vivo_t_dia,7.25,t,vivo,04_balance_masa/modelo_balance_masa.py (v1.1) vía modelo_escala.kg_por_ave,[ESTIMACIÓN],por día operativo
flujo_dia,2500,,config=A,carcasa_pre_chiller_t_dia,5.18375,t,biologica,04_balance_masa/modelo_balance_masa.py (v1.1) vía modelo_escala.kg_por_ave,[ESTIMACIÓN],por día operativo
flujo_dia,2500,,config=A,a_trozado_t_dia,0.305451,t,biologica,04_balance_masa/modelo_balance_masa.py (v1.1) vía modelo_escala.kg_por_ave,[ESTIMACIÓN],por día operativo
flujo_dia,2500,,config=A,comestible_a_empaque_t_dia,6.015136,t,comercial,04_balance_masa/modelo_balance_masa.py (v1.1) vía modelo_escala.kg_por_ave,[ESTIMACIÓN],por día operativo
flujo_dia,2500,,config=A,sangre_recuperada_t_dia,0.209525,t,biologica,04_balance_masa/modelo_balance_masa.py (v1.1) vía modelo_escala.kg_por_ave,[ESTIMACIÓN],por día operativo
flujo_dia,2500,,config=A,plumas_humedas_t_dia,0.6032,t,biologica+agua,04_balance_masa/modelo_balance_masa.py (v1.1) vía modelo_escala.kg_por_ave,[ESTIMACIÓN],por día operativo
flujo_dia,2500,,config=A,visceras_no_comestibles_t_dia,0.32625,t,biologica,04_balance_masa/modelo_balance_masa.py (v1.1) vía modelo_escala.kg_por_ave,[ESTIMACIÓN],por día operativo
flujo_dia,2500,,config=A,cabezas_t_dia,0.18125,t,biologica,04_balance_masa/modelo_balance_masa.py (v1.1) vía modelo_escala.kg_por_ave,[ESTIMACIÓN],por día operativo
flujo_dia,2500,,config=A,garras_a_y_segunda_t_dia,0.25263,t,comercial,04_balance_masa/modelo_balance_masa.py (v1.1) vía modelo_escala.kg_por_ave,[ESTIMACIÓN],por día operativo
flujo_dia,2500,,config=A,menudencias_y_cuello_t_dia,0.45936,t,comercial,04_balance_masa/modelo_balance_masa.py (v1.1) vía modelo_escala.kg_por_ave,[ESTIMACIÓN],por día operativo
flujo_dia,2500,,config=A,solidos_a_retirar_t_dia,1.520882,t,biologica+agua,04_balance_masa/modelo_balance_masa.py (v1.1) vía modelo_escala.kg_por_ave,[ESTIMACIÓN],por día operativo
flujo_dia,2500,,config=A,rendering_potencial_t_dia,1.333521,t,biologica+agua,04_balance_masa/modelo_balance_masa.py (v1.1) vía modelo_escala.kg_por_ave,[ESTIMACIÓN],por día operativo
flujo_dia,2500,,config=B,peso_vivo_t_dia,7.25,t,vivo,04_balance_masa/modelo_balance_masa.py (v1.1) vía modelo_escala.kg_por_ave,[ESTIMACIÓN],por día operativo
flujo_dia,2500,,config=B,carcasa_pre_chiller_t_dia,5.18375,t,biologica,04_balance_masa/modelo_balance_masa.py (v1.1) vía modelo_escala.kg_por_ave,[ESTIMACIÓN],por día operativo
flujo_dia,2500,,config=B,a_trozado_t_dia,5.090857,t,biologica,04_balance_masa/modelo_balance_masa.py (v1.1) vía modelo_escala.kg_por_ave,[ESTIMACIÓN],por día operativo
flujo_dia,2500,,config=B,comestible_a_empaque_t_dia,5.991209,t,comercial,04_balance_masa/modelo_balance_masa.py (v1.1) vía modelo_escala.kg_por_ave,[ESTIMACIÓN],por día operativo
flujo_dia,2500,,config=B,sangre_recuperada_t_dia,0.209525,t,biologica,04_balance_masa/modelo_balance_masa.py (v1.1) vía modelo_escala.kg_por_ave,[ESTIMACIÓN],por día operativo
flujo_dia,2500,,config=B,plumas_humedas_t_dia,0.6032,t,biologica+agua,04_balance_masa/modelo_balance_masa.py (v1.1) vía modelo_escala.kg_por_ave,[ESTIMACIÓN],por día operativo
flujo_dia,2500,,config=B,visceras_no_comestibles_t_dia,0.32625,t,biologica,04_balance_masa/modelo_balance_masa.py (v1.1) vía modelo_escala.kg_por_ave,[ESTIMACIÓN],por día operativo
flujo_dia,2500,,config=B,cabezas_t_dia,0.18125,t,biologica,04_balance_masa/modelo_balance_masa.py (v1.1) vía modelo_escala.kg_por_ave,[ESTIMACIÓN],por día operativo
flujo_dia,2500,,config=B,garras_a_y_segunda_t_dia,0.25263,t,comercial,04_balance_masa/modelo_balance_masa.py (v1.1) vía modelo_escala.kg_por_ave,[ESTIMACIÓN],por día operativo
flujo_dia,2500,,config=B,menudencias_y_cuello_t_dia,0.45936,t,comercial,04_balance_masa/modelo_balance_masa.py (v1.1) vía modelo_escala.kg_por_ave,[ESTIMACIÓN],por día operativo
flujo_dia,2500,,config=B,solidos_a_retirar_t_dia,1.520882,t,biologica+agua,04_balance_masa/modelo_balance_masa.py (v1.1) vía modelo_escala.kg_por_ave,[ESTIMACIÓN],por día operativo
flujo_dia,2500,,config=B,rendering_potencial_t_dia,1.333521,t,biologica+agua,04_balance_masa/modelo_balance_masa.py (v1.1) vía modelo_escala.kg_por_ave,[ESTIMACIÓN],por día operativo
flujo_dia,2500,,config=C,peso_vivo_t_dia,7.25,t,vivo,04_balance_masa/modelo_balance_masa.py (v1.1) vía modelo_escala.kg_por_ave,[ESTIMACIÓN],por día operativo
flujo_dia,2500,,config=C,carcasa_pre_chiller_t_dia,5.18375,t,biologica,04_balance_masa/modelo_balance_masa.py (v1.1) vía modelo_escala.kg_por_ave,[ESTIMACIÓN],por día operativo
flujo_dia,2500,,config=C,a_trozado_t_dia,4.108322,t,biologica,04_balance_masa/modelo_balance_masa.py (v1.1) vía modelo_escala.kg_por_ave,[ESTIMACIÓN],por día operativo
flujo_dia,2500,,config=C,a_deshuese_t_dia,2.875316,t,biologica,04_balance_masa/modelo_balance_masa.py (v1.1) vía modelo_escala.kg_por_ave,[ESTIMACIÓN],por día operativo
flujo_dia,2500,,config=C,a_cms_t_dia,0.982535,t,biologica,04_balance_masa/modelo_balance_masa.py (v1.1) vía modelo_escala.kg_por_ave,[ESTIMACIÓN],por día operativo
flujo_dia,2500,,config=C,comestible_a_empaque_t_dia,5.125282,t,comercial,04_balance_masa/modelo_balance_masa.py (v1.1) vía modelo_escala.kg_por_ave,[ESTIMACIÓN],por día operativo
flujo_dia,2500,,config=C,sangre_recuperada_t_dia,0.209525,t,biologica,04_balance_masa/modelo_balance_masa.py (v1.1) vía modelo_escala.kg_por_ave,[ESTIMACIÓN],por día operativo
flujo_dia,2500,,config=C,plumas_humedas_t_dia,0.6032,t,biologica+agua,04_balance_masa/modelo_balance_masa.py (v1.1) vía modelo_escala.kg_por_ave,[ESTIMACIÓN],por día operativo
flujo_dia,2500,,config=C,visceras_no_comestibles_t_dia,0.32625,t,biologica,04_balance_masa/modelo_balance_masa.py (v1.1) vía modelo_escala.kg_por_ave,[ESTIMACIÓN],por día operativo
flujo_dia,2500,,config=C,cabezas_t_dia,0.18125,t,biologica,04_balance_masa/modelo_balance_masa.py (v1.1) vía modelo_escala.kg_por_ave,[ESTIMACIÓN],por día operativo
flujo_dia,2500,,config=C,garras_a_y_segunda_t_dia,0.25263,t,comercial,04_balance_masa/modelo_balance_masa.py (v1.1) vía modelo_escala.kg_por_ave,[ESTIMACIÓN],por día operativo
flujo_dia,2500,,config=C,menudencias_y_cuello_t_dia,0.45936,t,comercial,04_balance_masa/modelo_balance_masa.py (v1.1) vía modelo_escala.kg_por_ave,[ESTIMACIÓN],por día operativo
flujo_dia,2500,,config=C,solidos_a_retirar_t_dia,2.34823,t,biologica+agua,04_balance_masa/modelo_balance_masa.py (v1.1) vía modelo_escala.kg_por_ave,[ESTIMACIÓN],por día operativo
flujo_dia,2500,,config=C,rendering_potencial_t_dia,2.16087,t,biologica+agua,04_balance_masa/modelo_balance_masa.py (v1.1) vía modelo_escala.kg_por_ave,[ESTIMACIÓN],por día operativo
congelado,2500,,perfil=P1;config=B,comestible_a_congelar_t_dia,0.599121,t,comercial,23_plan_expansion/modelo_escala.py (v1.1),[ESTIMACIÓN],"Mercado interno fresco: 10% congelado o exportación (SUP-055, ilustrativo)"
congelado,2500,,perfil=P2;config=B,comestible_a_congelar_t_dia,2.396484,t,comercial,23_plan_expansion/modelo_escala.py (v1.1),[ESTIMACIÓN],"Mercado interno con congelado: 40% congelado o exportación (SUP-055, ilustrativo)"
congelado,2500,,perfil=P3;config=B,comestible_a_congelar_t_dia,2.995604,t,comercial,23_plan_expansion/modelo_escala.py (v1.1),[ESTIMACIÓN],"Opción exportadora (prueba de diseño): 50% congelado o exportación (SUP-055, ilustrativo)"
ritmo,5000,6,,ritmo_operativo_requerido,833.333333,aves/h,aves,05_proceso_industrial/modelo_capacidad_proceso.py,[ESTIMACIÓN],= E / h netas; igual a 23_plan_expansion (T01)
ritmo,5000,6,,aves_por_minuto,13.888889,aves/min,aves,05_proceso_industrial/modelo_capacidad_proceso.py,[ESTIMACIÓN],
ritmo,5000,6,,segundos_por_ave,4.32,s,aves,05_proceso_industrial/modelo_capacidad_proceso.py,[ESTIMACIÓN],
ritmo_nominal,5000,6,sensibilidad=baja,ritmo_nominal_requerido_h_netas,1016.260163,aves/h,aves,05_proceso_industrial/modelo_capacidad_proceso.py,[SUPUESTO],= E/(h×R); R = 0.82; SUP-09A-01; sensibilidad del modelo; NO es desempeño industrial demostrado
ritmo_nominal,5000,6,sensibilidad=baja,ritmo_nominal_requerido_h_programadas,1195.600191,aves/h,aves,05_proceso_industrial/modelo_capacidad_proceso.py,[SUPUESTO],= E/(h×D×R) si h incluyera paradas; η = 0.697; sensibilidad del modelo; NO es desempeño industrial demostrado
ritmo_nominal,5000,6,sensibilidad=media,ritmo_nominal_requerido_h_netas,936.329588,aves/h,aves,05_proceso_industrial/modelo_capacidad_proceso.py,[SUPUESTO],= E/(h×R); R = 0.89; SUP-09A-01; sensibilidad del modelo; NO es desempeño industrial demostrado
ritmo_nominal,5000,6,sensibilidad=media,ritmo_nominal_requerido_h_programadas,1040.366209,aves/h,aves,05_proceso_industrial/modelo_capacidad_proceso.py,[SUPUESTO],= E/(h×D×R) si h incluyera paradas; η = 0.801; sensibilidad del modelo; NO es desempeño industrial demostrado
ritmo_nominal,5000,6,sensibilidad=alta,ritmo_nominal_requerido_h_netas,877.192982,aves/h,aves,05_proceso_industrial/modelo_capacidad_proceso.py,[SUPUESTO],= E/(h×R); R = 0.95; SUP-09A-01; sensibilidad del modelo; NO es desempeño industrial demostrado
ritmo_nominal,5000,6,sensibilidad=alta,ritmo_nominal_requerido_h_programadas,923.361034,aves/h,aves,05_proceso_industrial/modelo_capacidad_proceso.py,[SUPUESTO],= E/(h×D×R) si h incluyera paradas; η = 0.902; sensibilidad del modelo; NO es desempeño industrial demostrado
ventana_24h,5000,6,ventana=optimista,h_faena_neta,6,h,h,05_proceso_industrial/modelo_capacidad_proceso.py,[ESTIMACIÓN],SUP-09A-02
ventana_24h,5000,6,ventana=optimista,h_paradas_durante_produccion,0.315789,h,h,05_proceso_industrial/modelo_capacidad_proceso.py,[SUPUESTO],SUP-09A-02
ventana_24h,5000,6,ventana=optimista,h_pausas,0.375,h,h,05_proceso_industrial/modelo_capacidad_proceso.py,[SUPUESTO],SUP-09A-02
ventana_24h,5000,6,ventana=optimista,h_cambio_turno,0,h,h,05_proceso_industrial/modelo_capacidad_proceso.py,[SUPUESTO],SUP-09A-02
ventana_24h,5000,6,ventana=optimista,h_preparacion_arranque,0.5,h,h,05_proceso_industrial/modelo_capacidad_proceso.py,[SUPUESTO],SUP-09A-02
ventana_24h,5000,6,ventana=optimista,h_cierre_vaciado,0.5,h,h,05_proceso_industrial/modelo_capacidad_proceso.py,[SUPUESTO],SUP-09A-02
ventana_24h,5000,6,ventana=optimista,h_limpieza_intermedia,0.1875,h,h,05_proceso_industrial/modelo_capacidad_proceso.py,[SUPUESTO],SUP-09A-02
ventana_24h,5000,6,ventana=optimista,h_limpieza,2,h,h,05_proceso_industrial/modelo_capacidad_proceso.py,[SUPUESTO],t_limpieza PROVISIONAL (no varía con escala)
ventana_24h,5000,6,ventana=optimista,h_sanitizacion,1,h,h,05_proceso_industrial/modelo_capacidad_proceso.py,[SUPUESTO],SUP-09A-02
ventana_24h,5000,6,ventana=optimista,h_mantenimiento,0.5,h,h,05_proceso_industrial/modelo_capacidad_proceso.py,[SUPUESTO],SUP-09A-02
ventana_24h,5000,6,ventana=optimista,ventana_total_establecimiento,11.378289,h,h,05_proceso_industrial/modelo_capacidad_proceso.py,[SUPUESTO],SUP-09A-02; relación con la escala provisional
ventana_24h,5000,6,ventana=optimista,holgura_24h,12.621711,h,h,05_proceso_industrial/modelo_capacidad_proceso.py,[SUPUESTO],negativa = restricción severa de calendario; validar con proveedores y plantas antes de descartar
ventana_24h,5000,6,ventana=optimista,alerta_calendario,0,0/1,h,05_proceso_industrial/modelo_capacidad_proceso.py,[SUPUESTO],1 = alerta (no descarte)
ventana_24h,5000,6,ventana=media,h_faena_neta,6,h,h,05_proceso_industrial/modelo_capacidad_proceso.py,[ESTIMACIÓN],SUP-09A-02
ventana_24h,5000,6,ventana=media,h_paradas_durante_produccion,0.666667,h,h,05_proceso_industrial/modelo_capacidad_proceso.py,[SUPUESTO],SUP-09A-02
ventana_24h,5000,6,ventana=media,h_pausas,0.5625,h,h,05_proceso_industrial/modelo_capacidad_proceso.py,[SUPUESTO],SUP-09A-02
ventana_24h,5000,6,ventana=media,h_cambio_turno,0,h,h,05_proceso_industrial/modelo_capacidad_proceso.py,[SUPUESTO],SUP-09A-02
ventana_24h,5000,6,ventana=media,h_preparacion_arranque,0.75,h,h,05_proceso_industrial/modelo_capacidad_proceso.py,[SUPUESTO],SUP-09A-02
ventana_24h,5000,6,ventana=media,h_cierre_vaciado,0.75,h,h,05_proceso_industrial/modelo_capacidad_proceso.py,[SUPUESTO],SUP-09A-02
ventana_24h,5000,6,ventana=media,h_limpieza_intermedia,0.2475,h,h,05_proceso_industrial/modelo_capacidad_proceso.py,[SUPUESTO],SUP-09A-02
ventana_24h,5000,6,ventana=media,h_limpieza,2.75,h,h,05_proceso_industrial/modelo_capacidad_proceso.py,[SUPUESTO],t_limpieza PROVISIONAL (no varía con escala)
ventana_24h,5000,6,ventana=media,h_sanitizacion,1.25,h,h,05_proceso_industrial/modelo_capacidad_proceso.py,[SUPUESTO],SUP-09A-02
ventana_24h,5000,6,ventana=media,h_mantenimiento,1,h,h,05_proceso_industrial/modelo_capacidad_proceso.py,[SUPUESTO],SUP-09A-02
ventana_24h,5000,6,ventana=media,ventana_total_establecimiento,13.976667,h,h,05_proceso_industrial/modelo_capacidad_proceso.py,[SUPUESTO],SUP-09A-02; relación con la escala provisional
ventana_24h,5000,6,ventana=media,holgura_24h,10.023333,h,h,05_proceso_industrial/modelo_capacidad_proceso.py,[SUPUESTO],negativa = restricción severa de calendario; validar con proveedores y plantas antes de descartar
ventana_24h,5000,6,ventana=media,alerta_calendario,0,0/1,h,05_proceso_industrial/modelo_capacidad_proceso.py,[SUPUESTO],1 = alerta (no descarte)
ventana_24h,5000,6,ventana=conservadora,h_faena_neta,6,h,h,05_proceso_industrial/modelo_capacidad_proceso.py,[ESTIMACIÓN],SUP-09A-02
ventana_24h,5000,6,ventana=conservadora,h_paradas_durante_produccion,1.058824,h,h,05_proceso_industrial/modelo_capacidad_proceso.py,[SUPUESTO],SUP-09A-02
ventana_24h,5000,6,ventana=conservadora,h_pausas,0.75,h,h,05_proceso_industrial/modelo_capacidad_proceso.py,[SUPUESTO],SUP-09A-02
ventana_24h,5000,6,ventana=conservadora,h_cambio_turno,0,h,h,05_proceso_industrial/modelo_capacidad_proceso.py,[SUPUESTO],SUP-09A-02
ventana_24h,5000,6,ventana=conservadora,h_preparacion_arranque,1,h,h,05_proceso_industrial/modelo_capacidad_proceso.py,[SUPUESTO],SUP-09A-02
ventana_24h,5000,6,ventana=conservadora,h_cierre_vaciado,1,h,h,05_proceso_industrial/modelo_capacidad_proceso.py,[SUPUESTO],SUP-09A-02
ventana_24h,5000,6,ventana=conservadora,h_limpieza_intermedia,0.375,h,h,05_proceso_industrial/modelo_capacidad_proceso.py,[SUPUESTO],SUP-09A-02
ventana_24h,5000,6,ventana=conservadora,h_limpieza,4,h,h,05_proceso_industrial/modelo_capacidad_proceso.py,[SUPUESTO],t_limpieza PROVISIONAL (no varía con escala)
ventana_24h,5000,6,ventana=conservadora,h_sanitizacion,2,h,h,05_proceso_industrial/modelo_capacidad_proceso.py,[SUPUESTO],SUP-09A-02
ventana_24h,5000,6,ventana=conservadora,h_mantenimiento,2,h,h,05_proceso_industrial/modelo_capacidad_proceso.py,[SUPUESTO],SUP-09A-02
ventana_24h,5000,6,ventana=conservadora,ventana_total_establecimiento,18.183824,h,h,05_proceso_industrial/modelo_capacidad_proceso.py,[SUPUESTO],SUP-09A-02; relación con la escala provisional
ventana_24h,5000,6,ventana=conservadora,holgura_24h,5.816176,h,h,05_proceso_industrial/modelo_capacidad_proceso.py,[SUPUESTO],negativa = restricción severa de calendario; validar con proveedores y plantas antes de descartar
ventana_24h,5000,6,ventana=conservadora,alerta_calendario,0,0/1,h,05_proceso_industrial/modelo_capacidad_proceso.py,[SUPUESTO],1 = alerta (no descarte)
enfriamiento,5000,6,residencia=inmersion,carcasas_simultaneas_en_enfriamiento,694.444444,aves,aves,05_proceso_industrial/modelo_capacidad_proceso.py,[SUPUESTO],50 min; SUP-09A-04 [PVDP]
enfriamiento,5000,6,residencia=inmersion,kg_carcasa_simultaneos_en_enfriamiento,1439.930556,kg,biologica,04_balance_masa/modelo_balance_masa.py (v1.1) vía modelo_escala.kg_por_ave,[SUPUESTO],"carcasa eviscerada caliente 2,9 kg (sin agua)"
enfriamiento,5000,6,residencia=aire_min,carcasas_simultaneas_en_enfriamiento,1250,aves,aves,05_proceso_industrial/modelo_capacidad_proceso.py,[SUPUESTO],90 min; SUP-09A-04 [PVDP]
enfriamiento,5000,6,residencia=aire_min,kg_carcasa_simultaneos_en_enfriamiento,2591.875,kg,biologica,04_balance_masa/modelo_balance_masa.py (v1.1) vía modelo_escala.kg_por_ave,[SUPUESTO],"carcasa eviscerada caliente 2,9 kg (sin agua)"
enfriamiento,5000,6,residencia=aire_max,carcasas_simultaneas_en_enfriamiento,2083.333333,aves,aves,05_proceso_industrial/modelo_capacidad_proceso.py,[SUPUESTO],150 min; SUP-09A-04 [PVDP]
enfriamiento,5000,6,residencia=aire_max,kg_carcasa_simultaneos_en_enfriamiento,4319.791667,kg,biologica,04_balance_masa/modelo_balance_masa.py (v1.1) vía modelo_escala.kg_por_ave,[SUPUESTO],"carcasa eviscerada caliente 2,9 kg (sin agua)"
puestos_manuales,5000,6,colgado;referencia,puestos_equivalentes,1,puestos,aves,05_proceso_industrial/modelo_capacidad_proceso.py,[SUPUESTO],productividad FTE-09A-026 [PVDP · débil]; no es dotación
puestos_manuales,5000,6,colgado;prudente,puestos_equivalentes,2,puestos,aves,05_proceso_industrial/modelo_capacidad_proceso.py,[SUPUESTO],productividad FTE-09A-026 [PVDP · débil]; no es dotación
puestos_manuales,5000,6,eviscerado_manual;referencia,puestos_equivalentes,7,puestos,aves,05_proceso_industrial/modelo_capacidad_proceso.py,[SUPUESTO],productividad FTE-09A-025 [PVDP · débil]; no es dotación
puestos_manuales,5000,6,eviscerado_manual;prudente,puestos_equivalentes,14,puestos,aves,05_proceso_industrial/modelo_capacidad_proceso.py,[SUPUESTO],productividad FTE-09A-025 [PVDP · débil]; no es dotación
flujo_hora,5000,6,config=A,peso_vivo_kg_h,2416.666667,kg/h,vivo,04_balance_masa/modelo_balance_masa.py (v1.1) vía modelo_escala.kg_por_ave,[ESTIMACIÓN],
flujo_hora,5000,6,config=A,carcasa_pre_chiller_kg_h,1727.916667,kg/h,biologica,04_balance_masa/modelo_balance_masa.py (v1.1) vía modelo_escala.kg_por_ave,[ESTIMACIÓN],
flujo_hora,5000,6,config=A,a_trozado_kg_h,101.817144,kg/h,biologica,04_balance_masa/modelo_balance_masa.py (v1.1) vía modelo_escala.kg_por_ave,[ESTIMACIÓN],
flujo_hora,5000,6,config=A,comestible_a_empaque_kg_h,2005.045334,kg/h,comercial,04_balance_masa/modelo_balance_masa.py (v1.1) vía modelo_escala.kg_por_ave,[ESTIMACIÓN],
flujo_hora,5000,6,config=A,sangre_recuperada_kg_h,69.841667,kg/h,biologica,04_balance_masa/modelo_balance_masa.py (v1.1) vía modelo_escala.kg_por_ave,[ESTIMACIÓN],
flujo_hora,5000,6,config=A,plumas_humedas_kg_h,201.066667,kg/h,biologica+agua,04_balance_masa/modelo_balance_masa.py (v1.1) vía modelo_escala.kg_por_ave,[ESTIMACIÓN],
flujo_hora,5000,6,config=A,visceras_no_comestibles_kg_h,108.75,kg/h,biologica,04_balance_masa/modelo_balance_masa.py (v1.1) vía modelo_escala.kg_por_ave,[ESTIMACIÓN],
flujo_hora,5000,6,config=A,cabezas_kg_h,60.416667,kg/h,biologica,04_balance_masa/modelo_balance_masa.py (v1.1) vía modelo_escala.kg_por_ave,[ESTIMACIÓN],
flujo_hora,5000,6,config=A,garras_a_y_segunda_kg_h,84.210019,kg/h,comercial,04_balance_masa/modelo_balance_masa.py (v1.1) vía modelo_escala.kg_por_ave,[ESTIMACIÓN],
flujo_hora,5000,6,config=A,menudencias_y_cuello_kg_h,153.12,kg/h,comercial,04_balance_masa/modelo_balance_masa.py (v1.1) vía modelo_escala.kg_por_ave,[ESTIMACIÓN],
flujo_hora,5000,6,config=A,solidos_a_retirar_kg_h,506.96054,kg/h,biologica+agua,04_balance_masa/modelo_balance_masa.py (v1.1) vía modelo_escala.kg_por_ave,[ESTIMACIÓN],
flujo_hora,5000,6,config=A,rendering_potencial_kg_h,444.507106,kg/h,biologica+agua,04_balance_masa/modelo_balance_masa.py (v1.1) vía modelo_escala.kg_por_ave,[ESTIMACIÓN],
flujo_hora,5000,6,config=B,peso_vivo_kg_h,2416.666667,kg/h,vivo,04_balance_masa/modelo_balance_masa.py (v1.1) vía modelo_escala.kg_por_ave,[ESTIMACIÓN],
flujo_hora,5000,6,config=B,carcasa_pre_chiller_kg_h,1727.916667,kg/h,biologica,04_balance_masa/modelo_balance_masa.py (v1.1) vía modelo_escala.kg_por_ave,[ESTIMACIÓN],
flujo_hora,5000,6,config=B,a_trozado_kg_h,1696.9524,kg/h,biologica,04_balance_masa/modelo_balance_masa.py (v1.1) vía modelo_escala.kg_por_ave,[ESTIMACIÓN],
flujo_hora,5000,6,config=B,comestible_a_empaque_kg_h,1997.069658,kg/h,comercial,04_balance_masa/modelo_balance_masa.py (v1.1) vía modelo_escala.kg_por_ave,[ESTIMACIÓN],
flujo_hora,5000,6,config=B,sangre_recuperada_kg_h,69.841667,kg/h,biologica,04_balance_masa/modelo_balance_masa.py (v1.1) vía modelo_escala.kg_por_ave,[ESTIMACIÓN],
flujo_hora,5000,6,config=B,plumas_humedas_kg_h,201.066667,kg/h,biologica+agua,04_balance_masa/modelo_balance_masa.py (v1.1) vía modelo_escala.kg_por_ave,[ESTIMACIÓN],
flujo_hora,5000,6,config=B,visceras_no_comestibles_kg_h,108.75,kg/h,biologica,04_balance_masa/modelo_balance_masa.py (v1.1) vía modelo_escala.kg_por_ave,[ESTIMACIÓN],
flujo_hora,5000,6,config=B,cabezas_kg_h,60.416667,kg/h,biologica,04_balance_masa/modelo_balance_masa.py (v1.1) vía modelo_escala.kg_por_ave,[ESTIMACIÓN],
flujo_hora,5000,6,config=B,garras_a_y_segunda_kg_h,84.210019,kg/h,comercial,04_balance_masa/modelo_balance_masa.py (v1.1) vía modelo_escala.kg_por_ave,[ESTIMACIÓN],
flujo_hora,5000,6,config=B,menudencias_y_cuello_kg_h,153.12,kg/h,comercial,04_balance_masa/modelo_balance_masa.py (v1.1) vía modelo_escala.kg_por_ave,[ESTIMACIÓN],
flujo_hora,5000,6,config=B,solidos_a_retirar_kg_h,506.96054,kg/h,biologica+agua,04_balance_masa/modelo_balance_masa.py (v1.1) vía modelo_escala.kg_por_ave,[ESTIMACIÓN],
flujo_hora,5000,6,config=B,rendering_potencial_kg_h,444.507106,kg/h,biologica+agua,04_balance_masa/modelo_balance_masa.py (v1.1) vía modelo_escala.kg_por_ave,[ESTIMACIÓN],
flujo_hora,5000,6,config=C,peso_vivo_kg_h,2416.666667,kg/h,vivo,04_balance_masa/modelo_balance_masa.py (v1.1) vía modelo_escala.kg_por_ave,[ESTIMACIÓN],
flujo_hora,5000,6,config=C,carcasa_pre_chiller_kg_h,1727.916667,kg/h,biologica,04_balance_masa/modelo_balance_masa.py (v1.1) vía modelo_escala.kg_por_ave,[ESTIMACIÓN],
flujo_hora,5000,6,config=C,a_trozado_kg_h,1369.440587,kg/h,biologica,04_balance_masa/modelo_balance_masa.py (v1.1) vía modelo_escala.kg_por_ave,[ESTIMACIÓN],
flujo_hora,5000,6,config=C,a_deshuese_kg_h,958.438716,kg/h,biologica,04_balance_masa/modelo_balance_masa.py (v1.1) vía modelo_escala.kg_por_ave,[ESTIMACIÓN],
flujo_hora,5000,6,config=C,a_cms_kg_h,327.511813,kg/h,biologica,04_balance_masa/modelo_balance_masa.py (v1.1) vía modelo_escala.kg_por_ave,[ESTIMACIÓN],
flujo_hora,5000,6,config=C,comestible_a_empaque_kg_h,1708.427198,kg/h,comercial,04_balance_masa/modelo_balance_masa.py (v1.1) vía modelo_escala.kg_por_ave,[ESTIMACIÓN],
flujo_hora,5000,6,config=C,sangre_recuperada_kg_h,69.841667,kg/h,biologica,04_balance_masa/modelo_balance_masa.py (v1.1) vía modelo_escala.kg_por_ave,[ESTIMACIÓN],
flujo_hora,5000,6,config=C,plumas_humedas_kg_h,201.066667,kg/h,biologica+agua,04_balance_masa/modelo_balance_masa.py (v1.1) vía modelo_escala.kg_por_ave,[ESTIMACIÓN],
flujo_hora,5000,6,config=C,visceras_no_comestibles_kg_h,108.75,kg/h,biologica,04_balance_masa/modelo_balance_masa.py (v1.1) vía modelo_escala.kg_por_ave,[ESTIMACIÓN],
flujo_hora,5000,6,config=C,cabezas_kg_h,60.416667,kg/h,biologica,04_balance_masa/modelo_balance_masa.py (v1.1) vía modelo_escala.kg_por_ave,[ESTIMACIÓN],
flujo_hora,5000,6,config=C,garras_a_y_segunda_kg_h,84.210019,kg/h,comercial,04_balance_masa/modelo_balance_masa.py (v1.1) vía modelo_escala.kg_por_ave,[ESTIMACIÓN],
flujo_hora,5000,6,config=C,menudencias_y_cuello_kg_h,153.12,kg/h,comercial,04_balance_masa/modelo_balance_masa.py (v1.1) vía modelo_escala.kg_por_ave,[ESTIMACIÓN],
flujo_hora,5000,6,config=C,solidos_a_retirar_kg_h,782.743494,kg/h,biologica+agua,04_balance_masa/modelo_balance_masa.py (v1.1) vía modelo_escala.kg_por_ave,[ESTIMACIÓN],
flujo_hora,5000,6,config=C,rendering_potencial_kg_h,720.290061,kg/h,biologica+agua,04_balance_masa/modelo_balance_masa.py (v1.1) vía modelo_escala.kg_por_ave,[ESTIMACIÓN],
ritmo,5000,8,,ritmo_operativo_requerido,625,aves/h,aves,05_proceso_industrial/modelo_capacidad_proceso.py,[ESTIMACIÓN],= E / h netas; igual a 23_plan_expansion (T01)
ritmo,5000,8,,aves_por_minuto,10.416667,aves/min,aves,05_proceso_industrial/modelo_capacidad_proceso.py,[ESTIMACIÓN],
ritmo,5000,8,,segundos_por_ave,5.76,s,aves,05_proceso_industrial/modelo_capacidad_proceso.py,[ESTIMACIÓN],
ritmo_nominal,5000,8,sensibilidad=baja,ritmo_nominal_requerido_h_netas,762.195122,aves/h,aves,05_proceso_industrial/modelo_capacidad_proceso.py,[SUPUESTO],= E/(h×R); R = 0.82; SUP-09A-01; sensibilidad del modelo; NO es desempeño industrial demostrado
ritmo_nominal,5000,8,sensibilidad=baja,ritmo_nominal_requerido_h_programadas,896.700143,aves/h,aves,05_proceso_industrial/modelo_capacidad_proceso.py,[SUPUESTO],= E/(h×D×R) si h incluyera paradas; η = 0.697; sensibilidad del modelo; NO es desempeño industrial demostrado
ritmo_nominal,5000,8,sensibilidad=media,ritmo_nominal_requerido_h_netas,702.247191,aves/h,aves,05_proceso_industrial/modelo_capacidad_proceso.py,[SUPUESTO],= E/(h×R); R = 0.89; SUP-09A-01; sensibilidad del modelo; NO es desempeño industrial demostrado
ritmo_nominal,5000,8,sensibilidad=media,ritmo_nominal_requerido_h_programadas,780.274657,aves/h,aves,05_proceso_industrial/modelo_capacidad_proceso.py,[SUPUESTO],= E/(h×D×R) si h incluyera paradas; η = 0.801; sensibilidad del modelo; NO es desempeño industrial demostrado
ritmo_nominal,5000,8,sensibilidad=alta,ritmo_nominal_requerido_h_netas,657.894737,aves/h,aves,05_proceso_industrial/modelo_capacidad_proceso.py,[SUPUESTO],= E/(h×R); R = 0.95; SUP-09A-01; sensibilidad del modelo; NO es desempeño industrial demostrado
ritmo_nominal,5000,8,sensibilidad=alta,ritmo_nominal_requerido_h_programadas,692.520776,aves/h,aves,05_proceso_industrial/modelo_capacidad_proceso.py,[SUPUESTO],= E/(h×D×R) si h incluyera paradas; η = 0.902; sensibilidad del modelo; NO es desempeño industrial demostrado
ventana_24h,5000,8,ventana=optimista,h_faena_neta,8,h,h,05_proceso_industrial/modelo_capacidad_proceso.py,[ESTIMACIÓN],SUP-09A-02
ventana_24h,5000,8,ventana=optimista,h_paradas_durante_produccion,0.421053,h,h,05_proceso_industrial/modelo_capacidad_proceso.py,[SUPUESTO],SUP-09A-02
ventana_24h,5000,8,ventana=optimista,h_pausas,0.5,h,h,05_proceso_industrial/modelo_capacidad_proceso.py,[SUPUESTO],SUP-09A-02
ventana_24h,5000,8,ventana=optimista,h_cambio_turno,0,h,h,05_proceso_industrial/modelo_capacidad_proceso.py,[SUPUESTO],SUP-09A-02
ventana_24h,5000,8,ventana=optimista,h_preparacion_arranque,0.5,h,h,05_proceso_industrial/modelo_capacidad_proceso.py,[SUPUESTO],SUP-09A-02
ventana_24h,5000,8,ventana=optimista,h_cierre_vaciado,0.5,h,h,05_proceso_industrial/modelo_capacidad_proceso.py,[SUPUESTO],SUP-09A-02
ventana_24h,5000,8,ventana=optimista,h_limpieza_intermedia,0.25,h,h,05_proceso_industrial/modelo_capacidad_proceso.py,[SUPUESTO],SUP-09A-02
ventana_24h,5000,8,ventana=optimista,h_limpieza,2,h,h,05_proceso_industrial/modelo_capacidad_proceso.py,[SUPUESTO],t_limpieza PROVISIONAL (no varía con escala)
ventana_24h,5000,8,ventana=optimista,h_sanitizacion,1,h,h,05_proceso_industrial/modelo_capacidad_proceso.py,[SUPUESTO],SUP-09A-02
ventana_24h,5000,8,ventana=optimista,h_mantenimiento,0.5,h,h,05_proceso_industrial/modelo_capacidad_proceso.py,[SUPUESTO],SUP-09A-02
ventana_24h,5000,8,ventana=optimista,ventana_total_establecimiento,13.671053,h,h,05_proceso_industrial/modelo_capacidad_proceso.py,[SUPUESTO],SUP-09A-02; relación con la escala provisional
ventana_24h,5000,8,ventana=optimista,holgura_24h,10.328947,h,h,05_proceso_industrial/modelo_capacidad_proceso.py,[SUPUESTO],negativa = restricción severa de calendario; validar con proveedores y plantas antes de descartar
ventana_24h,5000,8,ventana=optimista,alerta_calendario,0,0/1,h,05_proceso_industrial/modelo_capacidad_proceso.py,[SUPUESTO],1 = alerta (no descarte)
ventana_24h,5000,8,ventana=media,h_faena_neta,8,h,h,05_proceso_industrial/modelo_capacidad_proceso.py,[ESTIMACIÓN],SUP-09A-02
ventana_24h,5000,8,ventana=media,h_paradas_durante_produccion,0.888889,h,h,05_proceso_industrial/modelo_capacidad_proceso.py,[SUPUESTO],SUP-09A-02
ventana_24h,5000,8,ventana=media,h_pausas,0.75,h,h,05_proceso_industrial/modelo_capacidad_proceso.py,[SUPUESTO],SUP-09A-02
ventana_24h,5000,8,ventana=media,h_cambio_turno,0,h,h,05_proceso_industrial/modelo_capacidad_proceso.py,[SUPUESTO],SUP-09A-02
ventana_24h,5000,8,ventana=media,h_preparacion_arranque,0.75,h,h,05_proceso_industrial/modelo_capacidad_proceso.py,[SUPUESTO],SUP-09A-02
ventana_24h,5000,8,ventana=media,h_cierre_vaciado,0.75,h,h,05_proceso_industrial/modelo_capacidad_proceso.py,[SUPUESTO],SUP-09A-02
ventana_24h,5000,8,ventana=media,h_limpieza_intermedia,0.33,h,h,05_proceso_industrial/modelo_capacidad_proceso.py,[SUPUESTO],SUP-09A-02
ventana_24h,5000,8,ventana=media,h_limpieza,2.75,h,h,05_proceso_industrial/modelo_capacidad_proceso.py,[SUPUESTO],t_limpieza PROVISIONAL (no varía con escala)
ventana_24h,5000,8,ventana=media,h_sanitizacion,1.25,h,h,05_proceso_industrial/modelo_capacidad_proceso.py,[SUPUESTO],SUP-09A-02
ventana_24h,5000,8,ventana=media,h_mantenimiento,1,h,h,05_proceso_industrial/modelo_capacidad_proceso.py,[SUPUESTO],SUP-09A-02
ventana_24h,5000,8,ventana=media,ventana_total_establecimiento,16.468889,h,h,05_proceso_industrial/modelo_capacidad_proceso.py,[SUPUESTO],SUP-09A-02; relación con la escala provisional
ventana_24h,5000,8,ventana=media,holgura_24h,7.531111,h,h,05_proceso_industrial/modelo_capacidad_proceso.py,[SUPUESTO],negativa = restricción severa de calendario; validar con proveedores y plantas antes de descartar
ventana_24h,5000,8,ventana=media,alerta_calendario,0,0/1,h,05_proceso_industrial/modelo_capacidad_proceso.py,[SUPUESTO],1 = alerta (no descarte)
ventana_24h,5000,8,ventana=conservadora,h_faena_neta,8,h,h,05_proceso_industrial/modelo_capacidad_proceso.py,[ESTIMACIÓN],SUP-09A-02
ventana_24h,5000,8,ventana=conservadora,h_paradas_durante_produccion,1.411765,h,h,05_proceso_industrial/modelo_capacidad_proceso.py,[SUPUESTO],SUP-09A-02
ventana_24h,5000,8,ventana=conservadora,h_pausas,1,h,h,05_proceso_industrial/modelo_capacidad_proceso.py,[SUPUESTO],SUP-09A-02
ventana_24h,5000,8,ventana=conservadora,h_cambio_turno,0,h,h,05_proceso_industrial/modelo_capacidad_proceso.py,[SUPUESTO],SUP-09A-02
ventana_24h,5000,8,ventana=conservadora,h_preparacion_arranque,1,h,h,05_proceso_industrial/modelo_capacidad_proceso.py,[SUPUESTO],SUP-09A-02
ventana_24h,5000,8,ventana=conservadora,h_cierre_vaciado,1,h,h,05_proceso_industrial/modelo_capacidad_proceso.py,[SUPUESTO],SUP-09A-02
ventana_24h,5000,8,ventana=conservadora,h_limpieza_intermedia,0.5,h,h,05_proceso_industrial/modelo_capacidad_proceso.py,[SUPUESTO],SUP-09A-02
ventana_24h,5000,8,ventana=conservadora,h_limpieza,4,h,h,05_proceso_industrial/modelo_capacidad_proceso.py,[SUPUESTO],t_limpieza PROVISIONAL (no varía con escala)
ventana_24h,5000,8,ventana=conservadora,h_sanitizacion,2,h,h,05_proceso_industrial/modelo_capacidad_proceso.py,[SUPUESTO],SUP-09A-02
ventana_24h,5000,8,ventana=conservadora,h_mantenimiento,2,h,h,05_proceso_industrial/modelo_capacidad_proceso.py,[SUPUESTO],SUP-09A-02
ventana_24h,5000,8,ventana=conservadora,ventana_total_establecimiento,20.911765,h,h,05_proceso_industrial/modelo_capacidad_proceso.py,[SUPUESTO],SUP-09A-02; relación con la escala provisional
ventana_24h,5000,8,ventana=conservadora,holgura_24h,3.088235,h,h,05_proceso_industrial/modelo_capacidad_proceso.py,[SUPUESTO],negativa = restricción severa de calendario; validar con proveedores y plantas antes de descartar
ventana_24h,5000,8,ventana=conservadora,alerta_calendario,0,0/1,h,05_proceso_industrial/modelo_capacidad_proceso.py,[SUPUESTO],1 = alerta (no descarte)
enfriamiento,5000,8,residencia=inmersion,carcasas_simultaneas_en_enfriamiento,520.833333,aves,aves,05_proceso_industrial/modelo_capacidad_proceso.py,[SUPUESTO],50 min; SUP-09A-04 [PVDP]
enfriamiento,5000,8,residencia=inmersion,kg_carcasa_simultaneos_en_enfriamiento,1079.947917,kg,biologica,04_balance_masa/modelo_balance_masa.py (v1.1) vía modelo_escala.kg_por_ave,[SUPUESTO],"carcasa eviscerada caliente 2,9 kg (sin agua)"
enfriamiento,5000,8,residencia=aire_min,carcasas_simultaneas_en_enfriamiento,937.5,aves,aves,05_proceso_industrial/modelo_capacidad_proceso.py,[SUPUESTO],90 min; SUP-09A-04 [PVDP]
enfriamiento,5000,8,residencia=aire_min,kg_carcasa_simultaneos_en_enfriamiento,1943.90625,kg,biologica,04_balance_masa/modelo_balance_masa.py (v1.1) vía modelo_escala.kg_por_ave,[SUPUESTO],"carcasa eviscerada caliente 2,9 kg (sin agua)"
enfriamiento,5000,8,residencia=aire_max,carcasas_simultaneas_en_enfriamiento,1562.5,aves,aves,05_proceso_industrial/modelo_capacidad_proceso.py,[SUPUESTO],150 min; SUP-09A-04 [PVDP]
enfriamiento,5000,8,residencia=aire_max,kg_carcasa_simultaneos_en_enfriamiento,3239.84375,kg,biologica,04_balance_masa/modelo_balance_masa.py (v1.1) vía modelo_escala.kg_por_ave,[SUPUESTO],"carcasa eviscerada caliente 2,9 kg (sin agua)"
puestos_manuales,5000,8,colgado;referencia,puestos_equivalentes,1,puestos,aves,05_proceso_industrial/modelo_capacidad_proceso.py,[SUPUESTO],productividad FTE-09A-026 [PVDP · débil]; no es dotación
puestos_manuales,5000,8,colgado;prudente,puestos_equivalentes,1,puestos,aves,05_proceso_industrial/modelo_capacidad_proceso.py,[SUPUESTO],productividad FTE-09A-026 [PVDP · débil]; no es dotación
puestos_manuales,5000,8,eviscerado_manual;referencia,puestos_equivalentes,6,puestos,aves,05_proceso_industrial/modelo_capacidad_proceso.py,[SUPUESTO],productividad FTE-09A-025 [PVDP · débil]; no es dotación
puestos_manuales,5000,8,eviscerado_manual;prudente,puestos_equivalentes,11,puestos,aves,05_proceso_industrial/modelo_capacidad_proceso.py,[SUPUESTO],productividad FTE-09A-025 [PVDP · débil]; no es dotación
flujo_hora,5000,8,config=A,peso_vivo_kg_h,1812.5,kg/h,vivo,04_balance_masa/modelo_balance_masa.py (v1.1) vía modelo_escala.kg_por_ave,[ESTIMACIÓN],
flujo_hora,5000,8,config=A,carcasa_pre_chiller_kg_h,1295.9375,kg/h,biologica,04_balance_masa/modelo_balance_masa.py (v1.1) vía modelo_escala.kg_por_ave,[ESTIMACIÓN],
flujo_hora,5000,8,config=A,a_trozado_kg_h,76.362858,kg/h,biologica,04_balance_masa/modelo_balance_masa.py (v1.1) vía modelo_escala.kg_por_ave,[ESTIMACIÓN],
flujo_hora,5000,8,config=A,comestible_a_empaque_kg_h,1503.784,kg/h,comercial,04_balance_masa/modelo_balance_masa.py (v1.1) vía modelo_escala.kg_por_ave,[ESTIMACIÓN],
flujo_hora,5000,8,config=A,sangre_recuperada_kg_h,52.38125,kg/h,biologica,04_balance_masa/modelo_balance_masa.py (v1.1) vía modelo_escala.kg_por_ave,[ESTIMACIÓN],
flujo_hora,5000,8,config=A,plumas_humedas_kg_h,150.8,kg/h,biologica+agua,04_balance_masa/modelo_balance_masa.py (v1.1) vía modelo_escala.kg_por_ave,[ESTIMACIÓN],
flujo_hora,5000,8,config=A,visceras_no_comestibles_kg_h,81.5625,kg/h,biologica,04_balance_masa/modelo_balance_masa.py (v1.1) vía modelo_escala.kg_por_ave,[ESTIMACIÓN],
flujo_hora,5000,8,config=A,cabezas_kg_h,45.3125,kg/h,biologica,04_balance_masa/modelo_balance_masa.py (v1.1) vía modelo_escala.kg_por_ave,[ESTIMACIÓN],
flujo_hora,5000,8,config=A,garras_a_y_segunda_kg_h,63.157514,kg/h,comercial,04_balance_masa/modelo_balance_masa.py (v1.1) vía modelo_escala.kg_por_ave,[ESTIMACIÓN],
flujo_hora,5000,8,config=A,menudencias_y_cuello_kg_h,114.84,kg/h,comercial,04_balance_masa/modelo_balance_masa.py (v1.1) vía modelo_escala.kg_por_ave,[ESTIMACIÓN],
flujo_hora,5000,8,config=A,solidos_a_retirar_kg_h,380.220405,kg/h,biologica+agua,04_balance_masa/modelo_balance_masa.py (v1.1) vía modelo_escala.kg_por_ave,[ESTIMACIÓN],
flujo_hora,5000,8,config=A,rendering_potencial_kg_h,333.38033,kg/h,biologica+agua,04_balance_masa/modelo_balance_masa.py (v1.1) vía modelo_escala.kg_por_ave,[ESTIMACIÓN],
flujo_hora,5000,8,config=B,peso_vivo_kg_h,1812.5,kg/h,vivo,04_balance_masa/modelo_balance_masa.py (v1.1) vía modelo_escala.kg_por_ave,[ESTIMACIÓN],
flujo_hora,5000,8,config=B,carcasa_pre_chiller_kg_h,1295.9375,kg/h,biologica,04_balance_masa/modelo_balance_masa.py (v1.1) vía modelo_escala.kg_por_ave,[ESTIMACIÓN],
flujo_hora,5000,8,config=B,a_trozado_kg_h,1272.7143,kg/h,biologica,04_balance_masa/modelo_balance_masa.py (v1.1) vía modelo_escala.kg_por_ave,[ESTIMACIÓN],
flujo_hora,5000,8,config=B,comestible_a_empaque_kg_h,1497.802243,kg/h,comercial,04_balance_masa/modelo_balance_masa.py (v1.1) vía modelo_escala.kg_por_ave,[ESTIMACIÓN],
flujo_hora,5000,8,config=B,sangre_recuperada_kg_h,52.38125,kg/h,biologica,04_balance_masa/modelo_balance_masa.py (v1.1) vía modelo_escala.kg_por_ave,[ESTIMACIÓN],
flujo_hora,5000,8,config=B,plumas_humedas_kg_h,150.8,kg/h,biologica+agua,04_balance_masa/modelo_balance_masa.py (v1.1) vía modelo_escala.kg_por_ave,[ESTIMACIÓN],
flujo_hora,5000,8,config=B,visceras_no_comestibles_kg_h,81.5625,kg/h,biologica,04_balance_masa/modelo_balance_masa.py (v1.1) vía modelo_escala.kg_por_ave,[ESTIMACIÓN],
flujo_hora,5000,8,config=B,cabezas_kg_h,45.3125,kg/h,biologica,04_balance_masa/modelo_balance_masa.py (v1.1) vía modelo_escala.kg_por_ave,[ESTIMACIÓN],
flujo_hora,5000,8,config=B,garras_a_y_segunda_kg_h,63.157514,kg/h,comercial,04_balance_masa/modelo_balance_masa.py (v1.1) vía modelo_escala.kg_por_ave,[ESTIMACIÓN],
flujo_hora,5000,8,config=B,menudencias_y_cuello_kg_h,114.84,kg/h,comercial,04_balance_masa/modelo_balance_masa.py (v1.1) vía modelo_escala.kg_por_ave,[ESTIMACIÓN],
flujo_hora,5000,8,config=B,solidos_a_retirar_kg_h,380.220405,kg/h,biologica+agua,04_balance_masa/modelo_balance_masa.py (v1.1) vía modelo_escala.kg_por_ave,[ESTIMACIÓN],
flujo_hora,5000,8,config=B,rendering_potencial_kg_h,333.38033,kg/h,biologica+agua,04_balance_masa/modelo_balance_masa.py (v1.1) vía modelo_escala.kg_por_ave,[ESTIMACIÓN],
flujo_hora,5000,8,config=C,peso_vivo_kg_h,1812.5,kg/h,vivo,04_balance_masa/modelo_balance_masa.py (v1.1) vía modelo_escala.kg_por_ave,[ESTIMACIÓN],
flujo_hora,5000,8,config=C,carcasa_pre_chiller_kg_h,1295.9375,kg/h,biologica,04_balance_masa/modelo_balance_masa.py (v1.1) vía modelo_escala.kg_por_ave,[ESTIMACIÓN],
flujo_hora,5000,8,config=C,a_trozado_kg_h,1027.08044,kg/h,biologica,04_balance_masa/modelo_balance_masa.py (v1.1) vía modelo_escala.kg_por_ave,[ESTIMACIÓN],
flujo_hora,5000,8,config=C,a_deshuese_kg_h,718.829037,kg/h,biologica,04_balance_masa/modelo_balance_masa.py (v1.1) vía modelo_escala.kg_por_ave,[ESTIMACIÓN],
flujo_hora,5000,8,config=C,a_cms_kg_h,245.63386,kg/h,biologica,04_balance_masa/modelo_balance_masa.py (v1.1) vía modelo_escala.kg_por_ave,[ESTIMACIÓN],
flujo_hora,5000,8,config=C,comestible_a_empaque_kg_h,1281.320398,kg/h,comercial,04_balance_masa/modelo_balance_masa.py (v1.1) vía modelo_escala.kg_por_ave,[ESTIMACIÓN],
flujo_hora,5000,8,config=C,sangre_recuperada_kg_h,52.38125,kg/h,biologica,04_balance_masa/modelo_balance_masa.py (v1.1) vía modelo_escala.kg_por_ave,[ESTIMACIÓN],
flujo_hora,5000,8,config=C,plumas_humedas_kg_h,150.8,kg/h,biologica+agua,04_balance_masa/modelo_balance_masa.py (v1.1) vía modelo_escala.kg_por_ave,[ESTIMACIÓN],
flujo_hora,5000,8,config=C,visceras_no_comestibles_kg_h,81.5625,kg/h,biologica,04_balance_masa/modelo_balance_masa.py (v1.1) vía modelo_escala.kg_por_ave,[ESTIMACIÓN],
flujo_hora,5000,8,config=C,cabezas_kg_h,45.3125,kg/h,biologica,04_balance_masa/modelo_balance_masa.py (v1.1) vía modelo_escala.kg_por_ave,[ESTIMACIÓN],
flujo_hora,5000,8,config=C,garras_a_y_segunda_kg_h,63.157514,kg/h,comercial,04_balance_masa/modelo_balance_masa.py (v1.1) vía modelo_escala.kg_por_ave,[ESTIMACIÓN],
flujo_hora,5000,8,config=C,menudencias_y_cuello_kg_h,114.84,kg/h,comercial,04_balance_masa/modelo_balance_masa.py (v1.1) vía modelo_escala.kg_por_ave,[ESTIMACIÓN],
flujo_hora,5000,8,config=C,solidos_a_retirar_kg_h,587.057621,kg/h,biologica+agua,04_balance_masa/modelo_balance_masa.py (v1.1) vía modelo_escala.kg_por_ave,[ESTIMACIÓN],
flujo_hora,5000,8,config=C,rendering_potencial_kg_h,540.217546,kg/h,biologica+agua,04_balance_masa/modelo_balance_masa.py (v1.1) vía modelo_escala.kg_por_ave,[ESTIMACIÓN],
ritmo,5000,10,,ritmo_operativo_requerido,500,aves/h,aves,05_proceso_industrial/modelo_capacidad_proceso.py,[ESTIMACIÓN],= E / h netas; igual a 23_plan_expansion (T01)
ritmo,5000,10,,aves_por_minuto,8.333333,aves/min,aves,05_proceso_industrial/modelo_capacidad_proceso.py,[ESTIMACIÓN],
ritmo,5000,10,,segundos_por_ave,7.2,s,aves,05_proceso_industrial/modelo_capacidad_proceso.py,[ESTIMACIÓN],
ritmo_nominal,5000,10,sensibilidad=baja,ritmo_nominal_requerido_h_netas,609.756098,aves/h,aves,05_proceso_industrial/modelo_capacidad_proceso.py,[SUPUESTO],= E/(h×R); R = 0.82; SUP-09A-01; sensibilidad del modelo; NO es desempeño industrial demostrado
ritmo_nominal,5000,10,sensibilidad=baja,ritmo_nominal_requerido_h_programadas,717.360115,aves/h,aves,05_proceso_industrial/modelo_capacidad_proceso.py,[SUPUESTO],= E/(h×D×R) si h incluyera paradas; η = 0.697; sensibilidad del modelo; NO es desempeño industrial demostrado
ritmo_nominal,5000,10,sensibilidad=media,ritmo_nominal_requerido_h_netas,561.797753,aves/h,aves,05_proceso_industrial/modelo_capacidad_proceso.py,[SUPUESTO],= E/(h×R); R = 0.89; SUP-09A-01; sensibilidad del modelo; NO es desempeño industrial demostrado
ritmo_nominal,5000,10,sensibilidad=media,ritmo_nominal_requerido_h_programadas,624.219725,aves/h,aves,05_proceso_industrial/modelo_capacidad_proceso.py,[SUPUESTO],= E/(h×D×R) si h incluyera paradas; η = 0.801; sensibilidad del modelo; NO es desempeño industrial demostrado
ritmo_nominal,5000,10,sensibilidad=alta,ritmo_nominal_requerido_h_netas,526.315789,aves/h,aves,05_proceso_industrial/modelo_capacidad_proceso.py,[SUPUESTO],= E/(h×R); R = 0.95; SUP-09A-01; sensibilidad del modelo; NO es desempeño industrial demostrado
ritmo_nominal,5000,10,sensibilidad=alta,ritmo_nominal_requerido_h_programadas,554.01662,aves/h,aves,05_proceso_industrial/modelo_capacidad_proceso.py,[SUPUESTO],= E/(h×D×R) si h incluyera paradas; η = 0.902; sensibilidad del modelo; NO es desempeño industrial demostrado
ventana_24h,5000,10,ventana=optimista,h_faena_neta,10,h,h,05_proceso_industrial/modelo_capacidad_proceso.py,[ESTIMACIÓN],SUP-09A-02
ventana_24h,5000,10,ventana=optimista,h_paradas_durante_produccion,0.526316,h,h,05_proceso_industrial/modelo_capacidad_proceso.py,[SUPUESTO],SUP-09A-02
ventana_24h,5000,10,ventana=optimista,h_pausas,0.625,h,h,05_proceso_industrial/modelo_capacidad_proceso.py,[SUPUESTO],SUP-09A-02
ventana_24h,5000,10,ventana=optimista,h_cambio_turno,0,h,h,05_proceso_industrial/modelo_capacidad_proceso.py,[SUPUESTO],SUP-09A-02
ventana_24h,5000,10,ventana=optimista,h_preparacion_arranque,0.5,h,h,05_proceso_industrial/modelo_capacidad_proceso.py,[SUPUESTO],SUP-09A-02
ventana_24h,5000,10,ventana=optimista,h_cierre_vaciado,0.5,h,h,05_proceso_industrial/modelo_capacidad_proceso.py,[SUPUESTO],SUP-09A-02
ventana_24h,5000,10,ventana=optimista,h_limpieza_intermedia,0.3125,h,h,05_proceso_industrial/modelo_capacidad_proceso.py,[SUPUESTO],SUP-09A-02
ventana_24h,5000,10,ventana=optimista,h_limpieza,2,h,h,05_proceso_industrial/modelo_capacidad_proceso.py,[SUPUESTO],t_limpieza PROVISIONAL (no varía con escala)
ventana_24h,5000,10,ventana=optimista,h_sanitizacion,1,h,h,05_proceso_industrial/modelo_capacidad_proceso.py,[SUPUESTO],SUP-09A-02
ventana_24h,5000,10,ventana=optimista,h_mantenimiento,0.5,h,h,05_proceso_industrial/modelo_capacidad_proceso.py,[SUPUESTO],SUP-09A-02
ventana_24h,5000,10,ventana=optimista,ventana_total_establecimiento,15.963816,h,h,05_proceso_industrial/modelo_capacidad_proceso.py,[SUPUESTO],SUP-09A-02; relación con la escala provisional
ventana_24h,5000,10,ventana=optimista,holgura_24h,8.036184,h,h,05_proceso_industrial/modelo_capacidad_proceso.py,[SUPUESTO],negativa = restricción severa de calendario; validar con proveedores y plantas antes de descartar
ventana_24h,5000,10,ventana=optimista,alerta_calendario,0,0/1,h,05_proceso_industrial/modelo_capacidad_proceso.py,[SUPUESTO],1 = alerta (no descarte)
ventana_24h,5000,10,ventana=media,h_faena_neta,10,h,h,05_proceso_industrial/modelo_capacidad_proceso.py,[ESTIMACIÓN],SUP-09A-02
ventana_24h,5000,10,ventana=media,h_paradas_durante_produccion,1.111111,h,h,05_proceso_industrial/modelo_capacidad_proceso.py,[SUPUESTO],SUP-09A-02
ventana_24h,5000,10,ventana=media,h_pausas,0.9375,h,h,05_proceso_industrial/modelo_capacidad_proceso.py,[SUPUESTO],SUP-09A-02
ventana_24h,5000,10,ventana=media,h_cambio_turno,0,h,h,05_proceso_industrial/modelo_capacidad_proceso.py,[SUPUESTO],SUP-09A-02
ventana_24h,5000,10,ventana=media,h_preparacion_arranque,0.75,h,h,05_proceso_industrial/modelo_capacidad_proceso.py,[SUPUESTO],SUP-09A-02
ventana_24h,5000,10,ventana=media,h_cierre_vaciado,0.75,h,h,05_proceso_industrial/modelo_capacidad_proceso.py,[SUPUESTO],SUP-09A-02
ventana_24h,5000,10,ventana=media,h_limpieza_intermedia,0.4125,h,h,05_proceso_industrial/modelo_capacidad_proceso.py,[SUPUESTO],SUP-09A-02
ventana_24h,5000,10,ventana=media,h_limpieza,2.75,h,h,05_proceso_industrial/modelo_capacidad_proceso.py,[SUPUESTO],t_limpieza PROVISIONAL (no varía con escala)
ventana_24h,5000,10,ventana=media,h_sanitizacion,1.25,h,h,05_proceso_industrial/modelo_capacidad_proceso.py,[SUPUESTO],SUP-09A-02
ventana_24h,5000,10,ventana=media,h_mantenimiento,1,h,h,05_proceso_industrial/modelo_capacidad_proceso.py,[SUPUESTO],SUP-09A-02
ventana_24h,5000,10,ventana=media,ventana_total_establecimiento,18.961111,h,h,05_proceso_industrial/modelo_capacidad_proceso.py,[SUPUESTO],SUP-09A-02; relación con la escala provisional
ventana_24h,5000,10,ventana=media,holgura_24h,5.038889,h,h,05_proceso_industrial/modelo_capacidad_proceso.py,[SUPUESTO],negativa = restricción severa de calendario; validar con proveedores y plantas antes de descartar
ventana_24h,5000,10,ventana=media,alerta_calendario,0,0/1,h,05_proceso_industrial/modelo_capacidad_proceso.py,[SUPUESTO],1 = alerta (no descarte)
ventana_24h,5000,10,ventana=conservadora,h_faena_neta,10,h,h,05_proceso_industrial/modelo_capacidad_proceso.py,[ESTIMACIÓN],SUP-09A-02
ventana_24h,5000,10,ventana=conservadora,h_paradas_durante_produccion,1.764706,h,h,05_proceso_industrial/modelo_capacidad_proceso.py,[SUPUESTO],SUP-09A-02
ventana_24h,5000,10,ventana=conservadora,h_pausas,1.25,h,h,05_proceso_industrial/modelo_capacidad_proceso.py,[SUPUESTO],SUP-09A-02
ventana_24h,5000,10,ventana=conservadora,h_cambio_turno,0,h,h,05_proceso_industrial/modelo_capacidad_proceso.py,[SUPUESTO],SUP-09A-02
ventana_24h,5000,10,ventana=conservadora,h_preparacion_arranque,1,h,h,05_proceso_industrial/modelo_capacidad_proceso.py,[SUPUESTO],SUP-09A-02
ventana_24h,5000,10,ventana=conservadora,h_cierre_vaciado,1,h,h,05_proceso_industrial/modelo_capacidad_proceso.py,[SUPUESTO],SUP-09A-02
ventana_24h,5000,10,ventana=conservadora,h_limpieza_intermedia,0.625,h,h,05_proceso_industrial/modelo_capacidad_proceso.py,[SUPUESTO],SUP-09A-02
ventana_24h,5000,10,ventana=conservadora,h_limpieza,4,h,h,05_proceso_industrial/modelo_capacidad_proceso.py,[SUPUESTO],t_limpieza PROVISIONAL (no varía con escala)
ventana_24h,5000,10,ventana=conservadora,h_sanitizacion,2,h,h,05_proceso_industrial/modelo_capacidad_proceso.py,[SUPUESTO],SUP-09A-02
ventana_24h,5000,10,ventana=conservadora,h_mantenimiento,2,h,h,05_proceso_industrial/modelo_capacidad_proceso.py,[SUPUESTO],SUP-09A-02
ventana_24h,5000,10,ventana=conservadora,ventana_total_establecimiento,23.639706,h,h,05_proceso_industrial/modelo_capacidad_proceso.py,[SUPUESTO],SUP-09A-02; relación con la escala provisional
ventana_24h,5000,10,ventana=conservadora,holgura_24h,0.360294,h,h,05_proceso_industrial/modelo_capacidad_proceso.py,[SUPUESTO],negativa = restricción severa de calendario; validar con proveedores y plantas antes de descartar
ventana_24h,5000,10,ventana=conservadora,alerta_calendario,0,0/1,h,05_proceso_industrial/modelo_capacidad_proceso.py,[SUPUESTO],1 = alerta (no descarte)
enfriamiento,5000,10,residencia=inmersion,carcasas_simultaneas_en_enfriamiento,416.666667,aves,aves,05_proceso_industrial/modelo_capacidad_proceso.py,[SUPUESTO],50 min; SUP-09A-04 [PVDP]
enfriamiento,5000,10,residencia=inmersion,kg_carcasa_simultaneos_en_enfriamiento,863.958333,kg,biologica,04_balance_masa/modelo_balance_masa.py (v1.1) vía modelo_escala.kg_por_ave,[SUPUESTO],"carcasa eviscerada caliente 2,9 kg (sin agua)"
enfriamiento,5000,10,residencia=aire_min,carcasas_simultaneas_en_enfriamiento,750,aves,aves,05_proceso_industrial/modelo_capacidad_proceso.py,[SUPUESTO],90 min; SUP-09A-04 [PVDP]
enfriamiento,5000,10,residencia=aire_min,kg_carcasa_simultaneos_en_enfriamiento,1555.125,kg,biologica,04_balance_masa/modelo_balance_masa.py (v1.1) vía modelo_escala.kg_por_ave,[SUPUESTO],"carcasa eviscerada caliente 2,9 kg (sin agua)"
enfriamiento,5000,10,residencia=aire_max,carcasas_simultaneas_en_enfriamiento,1250,aves,aves,05_proceso_industrial/modelo_capacidad_proceso.py,[SUPUESTO],150 min; SUP-09A-04 [PVDP]
enfriamiento,5000,10,residencia=aire_max,kg_carcasa_simultaneos_en_enfriamiento,2591.875,kg,biologica,04_balance_masa/modelo_balance_masa.py (v1.1) vía modelo_escala.kg_por_ave,[SUPUESTO],"carcasa eviscerada caliente 2,9 kg (sin agua)"
puestos_manuales,5000,10,colgado;referencia,puestos_equivalentes,1,puestos,aves,05_proceso_industrial/modelo_capacidad_proceso.py,[SUPUESTO],productividad FTE-09A-026 [PVDP · débil]; no es dotación
puestos_manuales,5000,10,colgado;prudente,puestos_equivalentes,1,puestos,aves,05_proceso_industrial/modelo_capacidad_proceso.py,[SUPUESTO],productividad FTE-09A-026 [PVDP · débil]; no es dotación
puestos_manuales,5000,10,eviscerado_manual;referencia,puestos_equivalentes,5,puestos,aves,05_proceso_industrial/modelo_capacidad_proceso.py,[SUPUESTO],productividad FTE-09A-025 [PVDP · débil]; no es dotación
puestos_manuales,5000,10,eviscerado_manual;prudente,puestos_equivalentes,9,puestos,aves,05_proceso_industrial/modelo_capacidad_proceso.py,[SUPUESTO],productividad FTE-09A-025 [PVDP · débil]; no es dotación
flujo_hora,5000,10,config=A,peso_vivo_kg_h,1450,kg/h,vivo,04_balance_masa/modelo_balance_masa.py (v1.1) vía modelo_escala.kg_por_ave,[ESTIMACIÓN],
flujo_hora,5000,10,config=A,carcasa_pre_chiller_kg_h,1036.75,kg/h,biologica,04_balance_masa/modelo_balance_masa.py (v1.1) vía modelo_escala.kg_por_ave,[ESTIMACIÓN],
flujo_hora,5000,10,config=A,a_trozado_kg_h,61.090286,kg/h,biologica,04_balance_masa/modelo_balance_masa.py (v1.1) vía modelo_escala.kg_por_ave,[ESTIMACIÓN],
flujo_hora,5000,10,config=A,comestible_a_empaque_kg_h,1203.0272,kg/h,comercial,04_balance_masa/modelo_balance_masa.py (v1.1) vía modelo_escala.kg_por_ave,[ESTIMACIÓN],
flujo_hora,5000,10,config=A,sangre_recuperada_kg_h,41.905,kg/h,biologica,04_balance_masa/modelo_balance_masa.py (v1.1) vía modelo_escala.kg_por_ave,[ESTIMACIÓN],
flujo_hora,5000,10,config=A,plumas_humedas_kg_h,120.64,kg/h,biologica+agua,04_balance_masa/modelo_balance_masa.py (v1.1) vía modelo_escala.kg_por_ave,[ESTIMACIÓN],
flujo_hora,5000,10,config=A,visceras_no_comestibles_kg_h,65.25,kg/h,biologica,04_balance_masa/modelo_balance_masa.py (v1.1) vía modelo_escala.kg_por_ave,[ESTIMACIÓN],
flujo_hora,5000,10,config=A,cabezas_kg_h,36.25,kg/h,biologica,04_balance_masa/modelo_balance_masa.py (v1.1) vía modelo_escala.kg_por_ave,[ESTIMACIÓN],
flujo_hora,5000,10,config=A,garras_a_y_segunda_kg_h,50.526011,kg/h,comercial,04_balance_masa/modelo_balance_masa.py (v1.1) vía modelo_escala.kg_por_ave,[ESTIMACIÓN],
flujo_hora,5000,10,config=A,menudencias_y_cuello_kg_h,91.872,kg/h,comercial,04_balance_masa/modelo_balance_masa.py (v1.1) vía modelo_escala.kg_por_ave,[ESTIMACIÓN],
flujo_hora,5000,10,config=A,solidos_a_retirar_kg_h,304.176324,kg/h,biologica+agua,04_balance_masa/modelo_balance_masa.py (v1.1) vía modelo_escala.kg_por_ave,[ESTIMACIÓN],
flujo_hora,5000,10,config=A,rendering_potencial_kg_h,266.704264,kg/h,biologica+agua,04_balance_masa/modelo_balance_masa.py (v1.1) vía modelo_escala.kg_por_ave,[ESTIMACIÓN],
flujo_hora,5000,10,config=B,peso_vivo_kg_h,1450,kg/h,vivo,04_balance_masa/modelo_balance_masa.py (v1.1) vía modelo_escala.kg_por_ave,[ESTIMACIÓN],
flujo_hora,5000,10,config=B,carcasa_pre_chiller_kg_h,1036.75,kg/h,biologica,04_balance_masa/modelo_balance_masa.py (v1.1) vía modelo_escala.kg_por_ave,[ESTIMACIÓN],
flujo_hora,5000,10,config=B,a_trozado_kg_h,1018.17144,kg/h,biologica,04_balance_masa/modelo_balance_masa.py (v1.1) vía modelo_escala.kg_por_ave,[ESTIMACIÓN],
flujo_hora,5000,10,config=B,comestible_a_empaque_kg_h,1198.241795,kg/h,comercial,04_balance_masa/modelo_balance_masa.py (v1.1) vía modelo_escala.kg_por_ave,[ESTIMACIÓN],
flujo_hora,5000,10,config=B,sangre_recuperada_kg_h,41.905,kg/h,biologica,04_balance_masa/modelo_balance_masa.py (v1.1) vía modelo_escala.kg_por_ave,[ESTIMACIÓN],
flujo_hora,5000,10,config=B,plumas_humedas_kg_h,120.64,kg/h,biologica+agua,04_balance_masa/modelo_balance_masa.py (v1.1) vía modelo_escala.kg_por_ave,[ESTIMACIÓN],
flujo_hora,5000,10,config=B,visceras_no_comestibles_kg_h,65.25,kg/h,biologica,04_balance_masa/modelo_balance_masa.py (v1.1) vía modelo_escala.kg_por_ave,[ESTIMACIÓN],
flujo_hora,5000,10,config=B,cabezas_kg_h,36.25,kg/h,biologica,04_balance_masa/modelo_balance_masa.py (v1.1) vía modelo_escala.kg_por_ave,[ESTIMACIÓN],
flujo_hora,5000,10,config=B,garras_a_y_segunda_kg_h,50.526011,kg/h,comercial,04_balance_masa/modelo_balance_masa.py (v1.1) vía modelo_escala.kg_por_ave,[ESTIMACIÓN],
flujo_hora,5000,10,config=B,menudencias_y_cuello_kg_h,91.872,kg/h,comercial,04_balance_masa/modelo_balance_masa.py (v1.1) vía modelo_escala.kg_por_ave,[ESTIMACIÓN],
flujo_hora,5000,10,config=B,solidos_a_retirar_kg_h,304.176324,kg/h,biologica+agua,04_balance_masa/modelo_balance_masa.py (v1.1) vía modelo_escala.kg_por_ave,[ESTIMACIÓN],
flujo_hora,5000,10,config=B,rendering_potencial_kg_h,266.704264,kg/h,biologica+agua,04_balance_masa/modelo_balance_masa.py (v1.1) vía modelo_escala.kg_por_ave,[ESTIMACIÓN],
flujo_hora,5000,10,config=C,peso_vivo_kg_h,1450,kg/h,vivo,04_balance_masa/modelo_balance_masa.py (v1.1) vía modelo_escala.kg_por_ave,[ESTIMACIÓN],
flujo_hora,5000,10,config=C,carcasa_pre_chiller_kg_h,1036.75,kg/h,biologica,04_balance_masa/modelo_balance_masa.py (v1.1) vía modelo_escala.kg_por_ave,[ESTIMACIÓN],
flujo_hora,5000,10,config=C,a_trozado_kg_h,821.664352,kg/h,biologica,04_balance_masa/modelo_balance_masa.py (v1.1) vía modelo_escala.kg_por_ave,[ESTIMACIÓN],
flujo_hora,5000,10,config=C,a_deshuese_kg_h,575.063229,kg/h,biologica,04_balance_masa/modelo_balance_masa.py (v1.1) vía modelo_escala.kg_por_ave,[ESTIMACIÓN],
flujo_hora,5000,10,config=C,a_cms_kg_h,196.507088,kg/h,biologica,04_balance_masa/modelo_balance_masa.py (v1.1) vía modelo_escala.kg_por_ave,[ESTIMACIÓN],
flujo_hora,5000,10,config=C,comestible_a_empaque_kg_h,1025.056319,kg/h,comercial,04_balance_masa/modelo_balance_masa.py (v1.1) vía modelo_escala.kg_por_ave,[ESTIMACIÓN],
flujo_hora,5000,10,config=C,sangre_recuperada_kg_h,41.905,kg/h,biologica,04_balance_masa/modelo_balance_masa.py (v1.1) vía modelo_escala.kg_por_ave,[ESTIMACIÓN],
flujo_hora,5000,10,config=C,plumas_humedas_kg_h,120.64,kg/h,biologica+agua,04_balance_masa/modelo_balance_masa.py (v1.1) vía modelo_escala.kg_por_ave,[ESTIMACIÓN],
flujo_hora,5000,10,config=C,visceras_no_comestibles_kg_h,65.25,kg/h,biologica,04_balance_masa/modelo_balance_masa.py (v1.1) vía modelo_escala.kg_por_ave,[ESTIMACIÓN],
flujo_hora,5000,10,config=C,cabezas_kg_h,36.25,kg/h,biologica,04_balance_masa/modelo_balance_masa.py (v1.1) vía modelo_escala.kg_por_ave,[ESTIMACIÓN],
flujo_hora,5000,10,config=C,garras_a_y_segunda_kg_h,50.526011,kg/h,comercial,04_balance_masa/modelo_balance_masa.py (v1.1) vía modelo_escala.kg_por_ave,[ESTIMACIÓN],
flujo_hora,5000,10,config=C,menudencias_y_cuello_kg_h,91.872,kg/h,comercial,04_balance_masa/modelo_balance_masa.py (v1.1) vía modelo_escala.kg_por_ave,[ESTIMACIÓN],
flujo_hora,5000,10,config=C,solidos_a_retirar_kg_h,469.646096,kg/h,biologica+agua,04_balance_masa/modelo_balance_masa.py (v1.1) vía modelo_escala.kg_por_ave,[ESTIMACIÓN],
flujo_hora,5000,10,config=C,rendering_potencial_kg_h,432.174036,kg/h,biologica+agua,04_balance_masa/modelo_balance_masa.py (v1.1) vía modelo_escala.kg_por_ave,[ESTIMACIÓN],
ritmo,5000,16,,ritmo_operativo_requerido,312.5,aves/h,aves,05_proceso_industrial/modelo_capacidad_proceso.py,[ESTIMACIÓN],= E / h netas; igual a 23_plan_expansion (T01)
ritmo,5000,16,,aves_por_minuto,5.208333,aves/min,aves,05_proceso_industrial/modelo_capacidad_proceso.py,[ESTIMACIÓN],
ritmo,5000,16,,segundos_por_ave,11.52,s,aves,05_proceso_industrial/modelo_capacidad_proceso.py,[ESTIMACIÓN],
ritmo_nominal,5000,16,sensibilidad=baja,ritmo_nominal_requerido_h_netas,381.097561,aves/h,aves,05_proceso_industrial/modelo_capacidad_proceso.py,[SUPUESTO],= E/(h×R); R = 0.82; SUP-09A-01; sensibilidad del modelo; NO es desempeño industrial demostrado
ritmo_nominal,5000,16,sensibilidad=baja,ritmo_nominal_requerido_h_programadas,448.350072,aves/h,aves,05_proceso_industrial/modelo_capacidad_proceso.py,[SUPUESTO],= E/(h×D×R) si h incluyera paradas; η = 0.697; sensibilidad del modelo; NO es desempeño industrial demostrado
ritmo_nominal,5000,16,sensibilidad=media,ritmo_nominal_requerido_h_netas,351.123596,aves/h,aves,05_proceso_industrial/modelo_capacidad_proceso.py,[SUPUESTO],= E/(h×R); R = 0.89; SUP-09A-01; sensibilidad del modelo; NO es desempeño industrial demostrado
ritmo_nominal,5000,16,sensibilidad=media,ritmo_nominal_requerido_h_programadas,390.137328,aves/h,aves,05_proceso_industrial/modelo_capacidad_proceso.py,[SUPUESTO],= E/(h×D×R) si h incluyera paradas; η = 0.801; sensibilidad del modelo; NO es desempeño industrial demostrado
ritmo_nominal,5000,16,sensibilidad=alta,ritmo_nominal_requerido_h_netas,328.947368,aves/h,aves,05_proceso_industrial/modelo_capacidad_proceso.py,[SUPUESTO],= E/(h×R); R = 0.95; SUP-09A-01; sensibilidad del modelo; NO es desempeño industrial demostrado
ritmo_nominal,5000,16,sensibilidad=alta,ritmo_nominal_requerido_h_programadas,346.260388,aves/h,aves,05_proceso_industrial/modelo_capacidad_proceso.py,[SUPUESTO],= E/(h×D×R) si h incluyera paradas; η = 0.902; sensibilidad del modelo; NO es desempeño industrial demostrado
ventana_24h,5000,16,ventana=optimista,h_faena_neta,16,h,h,05_proceso_industrial/modelo_capacidad_proceso.py,[ESTIMACIÓN],SUP-09A-02
ventana_24h,5000,16,ventana=optimista,h_paradas_durante_produccion,0.842105,h,h,05_proceso_industrial/modelo_capacidad_proceso.py,[SUPUESTO],SUP-09A-02
ventana_24h,5000,16,ventana=optimista,h_pausas,1,h,h,05_proceso_industrial/modelo_capacidad_proceso.py,[SUPUESTO],SUP-09A-02
ventana_24h,5000,16,ventana=optimista,h_cambio_turno,0.25,h,h,05_proceso_industrial/modelo_capacidad_proceso.py,[SUPUESTO],SUP-09A-02
ventana_24h,5000,16,ventana=optimista,h_preparacion_arranque,0.5,h,h,05_proceso_industrial/modelo_capacidad_proceso.py,[SUPUESTO],SUP-09A-02
ventana_24h,5000,16,ventana=optimista,h_cierre_vaciado,0.5,h,h,05_proceso_industrial/modelo_capacidad_proceso.py,[SUPUESTO],SUP-09A-02
ventana_24h,5000,16,ventana=optimista,h_limpieza_intermedia,0.5,h,h,05_proceso_industrial/modelo_capacidad_proceso.py,[SUPUESTO],SUP-09A-02
ventana_24h,5000,16,ventana=optimista,h_limpieza,2,h,h,05_proceso_industrial/modelo_capacidad_proceso.py,[SUPUESTO],t_limpieza PROVISIONAL (no varía con escala)
ventana_24h,5000,16,ventana=optimista,h_sanitizacion,1,h,h,05_proceso_industrial/modelo_capacidad_proceso.py,[SUPUESTO],SUP-09A-02
ventana_24h,5000,16,ventana=optimista,h_mantenimiento,0.5,h,h,05_proceso_industrial/modelo_capacidad_proceso.py,[SUPUESTO],SUP-09A-02
ventana_24h,5000,16,ventana=optimista,ventana_total_establecimiento,23.092105,h,h,05_proceso_industrial/modelo_capacidad_proceso.py,[SUPUESTO],SUP-09A-02; relación con la escala provisional
ventana_24h,5000,16,ventana=optimista,holgura_24h,0.907895,h,h,05_proceso_industrial/modelo_capacidad_proceso.py,[SUPUESTO],negativa = restricción severa de calendario; validar con proveedores y plantas antes de descartar
ventana_24h,5000,16,ventana=optimista,alerta_calendario,0,0/1,h,05_proceso_industrial/modelo_capacidad_proceso.py,[SUPUESTO],1 = alerta (no descarte)
ventana_24h,5000,16,ventana=media,h_faena_neta,16,h,h,05_proceso_industrial/modelo_capacidad_proceso.py,[ESTIMACIÓN],SUP-09A-02
ventana_24h,5000,16,ventana=media,h_paradas_durante_produccion,1.777778,h,h,05_proceso_industrial/modelo_capacidad_proceso.py,[SUPUESTO],SUP-09A-02
ventana_24h,5000,16,ventana=media,h_pausas,1.5,h,h,05_proceso_industrial/modelo_capacidad_proceso.py,[SUPUESTO],SUP-09A-02
ventana_24h,5000,16,ventana=media,h_cambio_turno,0.33,h,h,05_proceso_industrial/modelo_capacidad_proceso.py,[SUPUESTO],SUP-09A-02
ventana_24h,5000,16,ventana=media,h_preparacion_arranque,0.75,h,h,05_proceso_industrial/modelo_capacidad_proceso.py,[SUPUESTO],SUP-09A-02
ventana_24h,5000,16,ventana=media,h_cierre_vaciado,0.75,h,h,05_proceso_industrial/modelo_capacidad_proceso.py,[SUPUESTO],SUP-09A-02
ventana_24h,5000,16,ventana=media,h_limpieza_intermedia,0.66,h,h,05_proceso_industrial/modelo_capacidad_proceso.py,[SUPUESTO],SUP-09A-02
ventana_24h,5000,16,ventana=media,h_limpieza,2.75,h,h,05_proceso_industrial/modelo_capacidad_proceso.py,[SUPUESTO],t_limpieza PROVISIONAL (no varía con escala)
ventana_24h,5000,16,ventana=media,h_sanitizacion,1.25,h,h,05_proceso_industrial/modelo_capacidad_proceso.py,[SUPUESTO],SUP-09A-02
ventana_24h,5000,16,ventana=media,h_mantenimiento,1,h,h,05_proceso_industrial/modelo_capacidad_proceso.py,[SUPUESTO],SUP-09A-02
ventana_24h,5000,16,ventana=media,ventana_total_establecimiento,26.767778,h,h,05_proceso_industrial/modelo_capacidad_proceso.py,[SUPUESTO],SUP-09A-02; relación con la escala provisional
ventana_24h,5000,16,ventana=media,holgura_24h,-2.767778,h,h,05_proceso_industrial/modelo_capacidad_proceso.py,[SUPUESTO],negativa = restricción severa de calendario; validar con proveedores y plantas antes de descartar
ventana_24h,5000,16,ventana=media,alerta_calendario,1,0/1,h,05_proceso_industrial/modelo_capacidad_proceso.py,[SUPUESTO],1 = alerta (no descarte)
ventana_24h,5000,16,ventana=conservadora,h_faena_neta,16,h,h,05_proceso_industrial/modelo_capacidad_proceso.py,[ESTIMACIÓN],SUP-09A-02
ventana_24h,5000,16,ventana=conservadora,h_paradas_durante_produccion,2.823529,h,h,05_proceso_industrial/modelo_capacidad_proceso.py,[SUPUESTO],SUP-09A-02
ventana_24h,5000,16,ventana=conservadora,h_pausas,2,h,h,05_proceso_industrial/modelo_capacidad_proceso.py,[SUPUESTO],SUP-09A-02
ventana_24h,5000,16,ventana=conservadora,h_cambio_turno,0.5,h,h,05_proceso_industrial/modelo_capacidad_proceso.py,[SUPUESTO],SUP-09A-02
ventana_24h,5000,16,ventana=conservadora,h_preparacion_arranque,1,h,h,05_proceso_industrial/modelo_capacidad_proceso.py,[SUPUESTO],SUP-09A-02
ventana_24h,5000,16,ventana=conservadora,h_cierre_vaciado,1,h,h,05_proceso_industrial/modelo_capacidad_proceso.py,[SUPUESTO],SUP-09A-02
ventana_24h,5000,16,ventana=conservadora,h_limpieza_intermedia,1,h,h,05_proceso_industrial/modelo_capacidad_proceso.py,[SUPUESTO],SUP-09A-02
ventana_24h,5000,16,ventana=conservadora,h_limpieza,4,h,h,05_proceso_industrial/modelo_capacidad_proceso.py,[SUPUESTO],t_limpieza PROVISIONAL (no varía con escala)
ventana_24h,5000,16,ventana=conservadora,h_sanitizacion,2,h,h,05_proceso_industrial/modelo_capacidad_proceso.py,[SUPUESTO],SUP-09A-02
ventana_24h,5000,16,ventana=conservadora,h_mantenimiento,2,h,h,05_proceso_industrial/modelo_capacidad_proceso.py,[SUPUESTO],SUP-09A-02
ventana_24h,5000,16,ventana=conservadora,ventana_total_establecimiento,32.323529,h,h,05_proceso_industrial/modelo_capacidad_proceso.py,[SUPUESTO],SUP-09A-02; relación con la escala provisional
ventana_24h,5000,16,ventana=conservadora,holgura_24h,-8.323529,h,h,05_proceso_industrial/modelo_capacidad_proceso.py,[SUPUESTO],negativa = restricción severa de calendario; validar con proveedores y plantas antes de descartar
ventana_24h,5000,16,ventana=conservadora,alerta_calendario,1,0/1,h,05_proceso_industrial/modelo_capacidad_proceso.py,[SUPUESTO],1 = alerta (no descarte)
enfriamiento,5000,16,residencia=inmersion,carcasas_simultaneas_en_enfriamiento,260.416667,aves,aves,05_proceso_industrial/modelo_capacidad_proceso.py,[SUPUESTO],50 min; SUP-09A-04 [PVDP]
enfriamiento,5000,16,residencia=inmersion,kg_carcasa_simultaneos_en_enfriamiento,539.973958,kg,biologica,04_balance_masa/modelo_balance_masa.py (v1.1) vía modelo_escala.kg_por_ave,[SUPUESTO],"carcasa eviscerada caliente 2,9 kg (sin agua)"
enfriamiento,5000,16,residencia=aire_min,carcasas_simultaneas_en_enfriamiento,468.75,aves,aves,05_proceso_industrial/modelo_capacidad_proceso.py,[SUPUESTO],90 min; SUP-09A-04 [PVDP]
enfriamiento,5000,16,residencia=aire_min,kg_carcasa_simultaneos_en_enfriamiento,971.953125,kg,biologica,04_balance_masa/modelo_balance_masa.py (v1.1) vía modelo_escala.kg_por_ave,[SUPUESTO],"carcasa eviscerada caliente 2,9 kg (sin agua)"
enfriamiento,5000,16,residencia=aire_max,carcasas_simultaneas_en_enfriamiento,781.25,aves,aves,05_proceso_industrial/modelo_capacidad_proceso.py,[SUPUESTO],150 min; SUP-09A-04 [PVDP]
enfriamiento,5000,16,residencia=aire_max,kg_carcasa_simultaneos_en_enfriamiento,1619.921875,kg,biologica,04_balance_masa/modelo_balance_masa.py (v1.1) vía modelo_escala.kg_por_ave,[SUPUESTO],"carcasa eviscerada caliente 2,9 kg (sin agua)"
puestos_manuales,5000,16,colgado;referencia,puestos_equivalentes,1,puestos,aves,05_proceso_industrial/modelo_capacidad_proceso.py,[SUPUESTO],productividad FTE-09A-026 [PVDP · débil]; no es dotación
puestos_manuales,5000,16,colgado;prudente,puestos_equivalentes,1,puestos,aves,05_proceso_industrial/modelo_capacidad_proceso.py,[SUPUESTO],productividad FTE-09A-026 [PVDP · débil]; no es dotación
puestos_manuales,5000,16,eviscerado_manual;referencia,puestos_equivalentes,3,puestos,aves,05_proceso_industrial/modelo_capacidad_proceso.py,[SUPUESTO],productividad FTE-09A-025 [PVDP · débil]; no es dotación
puestos_manuales,5000,16,eviscerado_manual;prudente,puestos_equivalentes,6,puestos,aves,05_proceso_industrial/modelo_capacidad_proceso.py,[SUPUESTO],productividad FTE-09A-025 [PVDP · débil]; no es dotación
flujo_hora,5000,16,config=A,peso_vivo_kg_h,906.25,kg/h,vivo,04_balance_masa/modelo_balance_masa.py (v1.1) vía modelo_escala.kg_por_ave,[ESTIMACIÓN],
flujo_hora,5000,16,config=A,carcasa_pre_chiller_kg_h,647.96875,kg/h,biologica,04_balance_masa/modelo_balance_masa.py (v1.1) vía modelo_escala.kg_por_ave,[ESTIMACIÓN],
flujo_hora,5000,16,config=A,a_trozado_kg_h,38.181429,kg/h,biologica,04_balance_masa/modelo_balance_masa.py (v1.1) vía modelo_escala.kg_por_ave,[ESTIMACIÓN],
flujo_hora,5000,16,config=A,comestible_a_empaque_kg_h,751.892,kg/h,comercial,04_balance_masa/modelo_balance_masa.py (v1.1) vía modelo_escala.kg_por_ave,[ESTIMACIÓN],
flujo_hora,5000,16,config=A,sangre_recuperada_kg_h,26.190625,kg/h,biologica,04_balance_masa/modelo_balance_masa.py (v1.1) vía modelo_escala.kg_por_ave,[ESTIMACIÓN],
flujo_hora,5000,16,config=A,plumas_humedas_kg_h,75.4,kg/h,biologica+agua,04_balance_masa/modelo_balance_masa.py (v1.1) vía modelo_escala.kg_por_ave,[ESTIMACIÓN],
flujo_hora,5000,16,config=A,visceras_no_comestibles_kg_h,40.78125,kg/h,biologica,04_balance_masa/modelo_balance_masa.py (v1.1) vía modelo_escala.kg_por_ave,[ESTIMACIÓN],
flujo_hora,5000,16,config=A,cabezas_kg_h,22.65625,kg/h,biologica,04_balance_masa/modelo_balance_masa.py (v1.1) vía modelo_escala.kg_por_ave,[ESTIMACIÓN],
flujo_hora,5000,16,config=A,garras_a_y_segunda_kg_h,31.578757,kg/h,comercial,04_balance_masa/modelo_balance_masa.py (v1.1) vía modelo_escala.kg_por_ave,[ESTIMACIÓN],
flujo_hora,5000,16,config=A,menudencias_y_cuello_kg_h,57.42,kg/h,comercial,04_balance_masa/modelo_balance_masa.py (v1.1) vía modelo_escala.kg_por_ave,[ESTIMACIÓN],
flujo_hora,5000,16,config=A,solidos_a_retirar_kg_h,190.110202,kg/h,biologica+agua,04_balance_masa/modelo_balance_masa.py (v1.1) vía modelo_escala.kg_por_ave,[ESTIMACIÓN],
flujo_hora,5000,16,config=A,rendering_potencial_kg_h,166.690165,kg/h,biologica+agua,04_balance_masa/modelo_balance_masa.py (v1.1) vía modelo_escala.kg_por_ave,[ESTIMACIÓN],
flujo_hora,5000,16,config=B,peso_vivo_kg_h,906.25,kg/h,vivo,04_balance_masa/modelo_balance_masa.py (v1.1) vía modelo_escala.kg_por_ave,[ESTIMACIÓN],
flujo_hora,5000,16,config=B,carcasa_pre_chiller_kg_h,647.96875,kg/h,biologica,04_balance_masa/modelo_balance_masa.py (v1.1) vía modelo_escala.kg_por_ave,[ESTIMACIÓN],
flujo_hora,5000,16,config=B,a_trozado_kg_h,636.35715,kg/h,biologica,04_balance_masa/modelo_balance_masa.py (v1.1) vía modelo_escala.kg_por_ave,[ESTIMACIÓN],
flujo_hora,5000,16,config=B,comestible_a_empaque_kg_h,748.901122,kg/h,comercial,04_balance_masa/modelo_balance_masa.py (v1.1) vía modelo_escala.kg_por_ave,[ESTIMACIÓN],
flujo_hora,5000,16,config=B,sangre_recuperada_kg_h,26.190625,kg/h,biologica,04_balance_masa/modelo_balance_masa.py (v1.1) vía modelo_escala.kg_por_ave,[ESTIMACIÓN],
flujo_hora,5000,16,config=B,plumas_humedas_kg_h,75.4,kg/h,biologica+agua,04_balance_masa/modelo_balance_masa.py (v1.1) vía modelo_escala.kg_por_ave,[ESTIMACIÓN],
flujo_hora,5000,16,config=B,visceras_no_comestibles_kg_h,40.78125,kg/h,biologica,04_balance_masa/modelo_balance_masa.py (v1.1) vía modelo_escala.kg_por_ave,[ESTIMACIÓN],
flujo_hora,5000,16,config=B,cabezas_kg_h,22.65625,kg/h,biologica,04_balance_masa/modelo_balance_masa.py (v1.1) vía modelo_escala.kg_por_ave,[ESTIMACIÓN],
flujo_hora,5000,16,config=B,garras_a_y_segunda_kg_h,31.578757,kg/h,comercial,04_balance_masa/modelo_balance_masa.py (v1.1) vía modelo_escala.kg_por_ave,[ESTIMACIÓN],
flujo_hora,5000,16,config=B,menudencias_y_cuello_kg_h,57.42,kg/h,comercial,04_balance_masa/modelo_balance_masa.py (v1.1) vía modelo_escala.kg_por_ave,[ESTIMACIÓN],
flujo_hora,5000,16,config=B,solidos_a_retirar_kg_h,190.110202,kg/h,biologica+agua,04_balance_masa/modelo_balance_masa.py (v1.1) vía modelo_escala.kg_por_ave,[ESTIMACIÓN],
flujo_hora,5000,16,config=B,rendering_potencial_kg_h,166.690165,kg/h,biologica+agua,04_balance_masa/modelo_balance_masa.py (v1.1) vía modelo_escala.kg_por_ave,[ESTIMACIÓN],
flujo_hora,5000,16,config=C,peso_vivo_kg_h,906.25,kg/h,vivo,04_balance_masa/modelo_balance_masa.py (v1.1) vía modelo_escala.kg_por_ave,[ESTIMACIÓN],
flujo_hora,5000,16,config=C,carcasa_pre_chiller_kg_h,647.96875,kg/h,biologica,04_balance_masa/modelo_balance_masa.py (v1.1) vía modelo_escala.kg_por_ave,[ESTIMACIÓN],
flujo_hora,5000,16,config=C,a_trozado_kg_h,513.54022,kg/h,biologica,04_balance_masa/modelo_balance_masa.py (v1.1) vía modelo_escala.kg_por_ave,[ESTIMACIÓN],
flujo_hora,5000,16,config=C,a_deshuese_kg_h,359.414518,kg/h,biologica,04_balance_masa/modelo_balance_masa.py (v1.1) vía modelo_escala.kg_por_ave,[ESTIMACIÓN],
flujo_hora,5000,16,config=C,a_cms_kg_h,122.81693,kg/h,biologica,04_balance_masa/modelo_balance_masa.py (v1.1) vía modelo_escala.kg_por_ave,[ESTIMACIÓN],
flujo_hora,5000,16,config=C,comestible_a_empaque_kg_h,640.660199,kg/h,comercial,04_balance_masa/modelo_balance_masa.py (v1.1) vía modelo_escala.kg_por_ave,[ESTIMACIÓN],
flujo_hora,5000,16,config=C,sangre_recuperada_kg_h,26.190625,kg/h,biologica,04_balance_masa/modelo_balance_masa.py (v1.1) vía modelo_escala.kg_por_ave,[ESTIMACIÓN],
flujo_hora,5000,16,config=C,plumas_humedas_kg_h,75.4,kg/h,biologica+agua,04_balance_masa/modelo_balance_masa.py (v1.1) vía modelo_escala.kg_por_ave,[ESTIMACIÓN],
flujo_hora,5000,16,config=C,visceras_no_comestibles_kg_h,40.78125,kg/h,biologica,04_balance_masa/modelo_balance_masa.py (v1.1) vía modelo_escala.kg_por_ave,[ESTIMACIÓN],
flujo_hora,5000,16,config=C,cabezas_kg_h,22.65625,kg/h,biologica,04_balance_masa/modelo_balance_masa.py (v1.1) vía modelo_escala.kg_por_ave,[ESTIMACIÓN],
flujo_hora,5000,16,config=C,garras_a_y_segunda_kg_h,31.578757,kg/h,comercial,04_balance_masa/modelo_balance_masa.py (v1.1) vía modelo_escala.kg_por_ave,[ESTIMACIÓN],
flujo_hora,5000,16,config=C,menudencias_y_cuello_kg_h,57.42,kg/h,comercial,04_balance_masa/modelo_balance_masa.py (v1.1) vía modelo_escala.kg_por_ave,[ESTIMACIÓN],
flujo_hora,5000,16,config=C,solidos_a_retirar_kg_h,293.52881,kg/h,biologica+agua,04_balance_masa/modelo_balance_masa.py (v1.1) vía modelo_escala.kg_por_ave,[ESTIMACIÓN],
flujo_hora,5000,16,config=C,rendering_potencial_kg_h,270.108773,kg/h,biologica+agua,04_balance_masa/modelo_balance_masa.py (v1.1) vía modelo_escala.kg_por_ave,[ESTIMACIÓN],
flujo_dia,5000,,config=A,peso_vivo_t_dia,14.5,t,vivo,04_balance_masa/modelo_balance_masa.py (v1.1) vía modelo_escala.kg_por_ave,[ESTIMACIÓN],por día operativo
flujo_dia,5000,,config=A,carcasa_pre_chiller_t_dia,10.3675,t,biologica,04_balance_masa/modelo_balance_masa.py (v1.1) vía modelo_escala.kg_por_ave,[ESTIMACIÓN],por día operativo
flujo_dia,5000,,config=A,a_trozado_t_dia,0.610903,t,biologica,04_balance_masa/modelo_balance_masa.py (v1.1) vía modelo_escala.kg_por_ave,[ESTIMACIÓN],por día operativo
flujo_dia,5000,,config=A,comestible_a_empaque_t_dia,12.030272,t,comercial,04_balance_masa/modelo_balance_masa.py (v1.1) vía modelo_escala.kg_por_ave,[ESTIMACIÓN],por día operativo
flujo_dia,5000,,config=A,sangre_recuperada_t_dia,0.41905,t,biologica,04_balance_masa/modelo_balance_masa.py (v1.1) vía modelo_escala.kg_por_ave,[ESTIMACIÓN],por día operativo
flujo_dia,5000,,config=A,plumas_humedas_t_dia,1.2064,t,biologica+agua,04_balance_masa/modelo_balance_masa.py (v1.1) vía modelo_escala.kg_por_ave,[ESTIMACIÓN],por día operativo
flujo_dia,5000,,config=A,visceras_no_comestibles_t_dia,0.6525,t,biologica,04_balance_masa/modelo_balance_masa.py (v1.1) vía modelo_escala.kg_por_ave,[ESTIMACIÓN],por día operativo
flujo_dia,5000,,config=A,cabezas_t_dia,0.3625,t,biologica,04_balance_masa/modelo_balance_masa.py (v1.1) vía modelo_escala.kg_por_ave,[ESTIMACIÓN],por día operativo
flujo_dia,5000,,config=A,garras_a_y_segunda_t_dia,0.50526,t,comercial,04_balance_masa/modelo_balance_masa.py (v1.1) vía modelo_escala.kg_por_ave,[ESTIMACIÓN],por día operativo
flujo_dia,5000,,config=A,menudencias_y_cuello_t_dia,0.91872,t,comercial,04_balance_masa/modelo_balance_masa.py (v1.1) vía modelo_escala.kg_por_ave,[ESTIMACIÓN],por día operativo
flujo_dia,5000,,config=A,solidos_a_retirar_t_dia,3.041763,t,biologica+agua,04_balance_masa/modelo_balance_masa.py (v1.1) vía modelo_escala.kg_por_ave,[ESTIMACIÓN],por día operativo
flujo_dia,5000,,config=A,rendering_potencial_t_dia,2.667043,t,biologica+agua,04_balance_masa/modelo_balance_masa.py (v1.1) vía modelo_escala.kg_por_ave,[ESTIMACIÓN],por día operativo
flujo_dia,5000,,config=B,peso_vivo_t_dia,14.5,t,vivo,04_balance_masa/modelo_balance_masa.py (v1.1) vía modelo_escala.kg_por_ave,[ESTIMACIÓN],por día operativo
flujo_dia,5000,,config=B,carcasa_pre_chiller_t_dia,10.3675,t,biologica,04_balance_masa/modelo_balance_masa.py (v1.1) vía modelo_escala.kg_por_ave,[ESTIMACIÓN],por día operativo
flujo_dia,5000,,config=B,a_trozado_t_dia,10.181714,t,biologica,04_balance_masa/modelo_balance_masa.py (v1.1) vía modelo_escala.kg_por_ave,[ESTIMACIÓN],por día operativo
flujo_dia,5000,,config=B,comestible_a_empaque_t_dia,11.982418,t,comercial,04_balance_masa/modelo_balance_masa.py (v1.1) vía modelo_escala.kg_por_ave,[ESTIMACIÓN],por día operativo
flujo_dia,5000,,config=B,sangre_recuperada_t_dia,0.41905,t,biologica,04_balance_masa/modelo_balance_masa.py (v1.1) vía modelo_escala.kg_por_ave,[ESTIMACIÓN],por día operativo
flujo_dia,5000,,config=B,plumas_humedas_t_dia,1.2064,t,biologica+agua,04_balance_masa/modelo_balance_masa.py (v1.1) vía modelo_escala.kg_por_ave,[ESTIMACIÓN],por día operativo
flujo_dia,5000,,config=B,visceras_no_comestibles_t_dia,0.6525,t,biologica,04_balance_masa/modelo_balance_masa.py (v1.1) vía modelo_escala.kg_por_ave,[ESTIMACIÓN],por día operativo
flujo_dia,5000,,config=B,cabezas_t_dia,0.3625,t,biologica,04_balance_masa/modelo_balance_masa.py (v1.1) vía modelo_escala.kg_por_ave,[ESTIMACIÓN],por día operativo
flujo_dia,5000,,config=B,garras_a_y_segunda_t_dia,0.50526,t,comercial,04_balance_masa/modelo_balance_masa.py (v1.1) vía modelo_escala.kg_por_ave,[ESTIMACIÓN],por día operativo
flujo_dia,5000,,config=B,menudencias_y_cuello_t_dia,0.91872,t,comercial,04_balance_masa/modelo_balance_masa.py (v1.1) vía modelo_escala.kg_por_ave,[ESTIMACIÓN],por día operativo
flujo_dia,5000,,config=B,solidos_a_retirar_t_dia,3.041763,t,biologica+agua,04_balance_masa/modelo_balance_masa.py (v1.1) vía modelo_escala.kg_por_ave,[ESTIMACIÓN],por día operativo
flujo_dia,5000,,config=B,rendering_potencial_t_dia,2.667043,t,biologica+agua,04_balance_masa/modelo_balance_masa.py (v1.1) vía modelo_escala.kg_por_ave,[ESTIMACIÓN],por día operativo
flujo_dia,5000,,config=C,peso_vivo_t_dia,14.5,t,vivo,04_balance_masa/modelo_balance_masa.py (v1.1) vía modelo_escala.kg_por_ave,[ESTIMACIÓN],por día operativo
flujo_dia,5000,,config=C,carcasa_pre_chiller_t_dia,10.3675,t,biologica,04_balance_masa/modelo_balance_masa.py (v1.1) vía modelo_escala.kg_por_ave,[ESTIMACIÓN],por día operativo
flujo_dia,5000,,config=C,a_trozado_t_dia,8.216644,t,biologica,04_balance_masa/modelo_balance_masa.py (v1.1) vía modelo_escala.kg_por_ave,[ESTIMACIÓN],por día operativo
flujo_dia,5000,,config=C,a_deshuese_t_dia,5.750632,t,biologica,04_balance_masa/modelo_balance_masa.py (v1.1) vía modelo_escala.kg_por_ave,[ESTIMACIÓN],por día operativo
flujo_dia,5000,,config=C,a_cms_t_dia,1.965071,t,biologica,04_balance_masa/modelo_balance_masa.py (v1.1) vía modelo_escala.kg_por_ave,[ESTIMACIÓN],por día operativo
flujo_dia,5000,,config=C,comestible_a_empaque_t_dia,10.250563,t,comercial,04_balance_masa/modelo_balance_masa.py (v1.1) vía modelo_escala.kg_por_ave,[ESTIMACIÓN],por día operativo
flujo_dia,5000,,config=C,sangre_recuperada_t_dia,0.41905,t,biologica,04_balance_masa/modelo_balance_masa.py (v1.1) vía modelo_escala.kg_por_ave,[ESTIMACIÓN],por día operativo
flujo_dia,5000,,config=C,plumas_humedas_t_dia,1.2064,t,biologica+agua,04_balance_masa/modelo_balance_masa.py (v1.1) vía modelo_escala.kg_por_ave,[ESTIMACIÓN],por día operativo
flujo_dia,5000,,config=C,visceras_no_comestibles_t_dia,0.6525,t,biologica,04_balance_masa/modelo_balance_masa.py (v1.1) vía modelo_escala.kg_por_ave,[ESTIMACIÓN],por día operativo
flujo_dia,5000,,config=C,cabezas_t_dia,0.3625,t,biologica,04_balance_masa/modelo_balance_masa.py (v1.1) vía modelo_escala.kg_por_ave,[ESTIMACIÓN],por día operativo
flujo_dia,5000,,config=C,garras_a_y_segunda_t_dia,0.50526,t,comercial,04_balance_masa/modelo_balance_masa.py (v1.1) vía modelo_escala.kg_por_ave,[ESTIMACIÓN],por día operativo
flujo_dia,5000,,config=C,menudencias_y_cuello_t_dia,0.91872,t,comercial,04_balance_masa/modelo_balance_masa.py (v1.1) vía modelo_escala.kg_por_ave,[ESTIMACIÓN],por día operativo
flujo_dia,5000,,config=C,solidos_a_retirar_t_dia,4.696461,t,biologica+agua,04_balance_masa/modelo_balance_masa.py (v1.1) vía modelo_escala.kg_por_ave,[ESTIMACIÓN],por día operativo
flujo_dia,5000,,config=C,rendering_potencial_t_dia,4.32174,t,biologica+agua,04_balance_masa/modelo_balance_masa.py (v1.1) vía modelo_escala.kg_por_ave,[ESTIMACIÓN],por día operativo
congelado,5000,,perfil=P1;config=B,comestible_a_congelar_t_dia,1.198242,t,comercial,23_plan_expansion/modelo_escala.py (v1.1),[ESTIMACIÓN],"Mercado interno fresco: 10% congelado o exportación (SUP-055, ilustrativo)"
congelado,5000,,perfil=P2;config=B,comestible_a_congelar_t_dia,4.792967,t,comercial,23_plan_expansion/modelo_escala.py (v1.1),[ESTIMACIÓN],"Mercado interno con congelado: 40% congelado o exportación (SUP-055, ilustrativo)"
congelado,5000,,perfil=P3;config=B,comestible_a_congelar_t_dia,5.991209,t,comercial,23_plan_expansion/modelo_escala.py (v1.1),[ESTIMACIÓN],"Opción exportadora (prueba de diseño): 50% congelado o exportación (SUP-055, ilustrativo)"
ritmo,10000,6,,ritmo_operativo_requerido,1666.666667,aves/h,aves,05_proceso_industrial/modelo_capacidad_proceso.py,[ESTIMACIÓN],= E / h netas; igual a 23_plan_expansion (T01)
ritmo,10000,6,,aves_por_minuto,27.777778,aves/min,aves,05_proceso_industrial/modelo_capacidad_proceso.py,[ESTIMACIÓN],
ritmo,10000,6,,segundos_por_ave,2.16,s,aves,05_proceso_industrial/modelo_capacidad_proceso.py,[ESTIMACIÓN],
ritmo_nominal,10000,6,sensibilidad=baja,ritmo_nominal_requerido_h_netas,2032.520325,aves/h,aves,05_proceso_industrial/modelo_capacidad_proceso.py,[SUPUESTO],= E/(h×R); R = 0.82; SUP-09A-01; sensibilidad del modelo; NO es desempeño industrial demostrado
ritmo_nominal,10000,6,sensibilidad=baja,ritmo_nominal_requerido_h_programadas,2391.200383,aves/h,aves,05_proceso_industrial/modelo_capacidad_proceso.py,[SUPUESTO],= E/(h×D×R) si h incluyera paradas; η = 0.697; sensibilidad del modelo; NO es desempeño industrial demostrado
ritmo_nominal,10000,6,sensibilidad=media,ritmo_nominal_requerido_h_netas,1872.659176,aves/h,aves,05_proceso_industrial/modelo_capacidad_proceso.py,[SUPUESTO],= E/(h×R); R = 0.89; SUP-09A-01; sensibilidad del modelo; NO es desempeño industrial demostrado
ritmo_nominal,10000,6,sensibilidad=media,ritmo_nominal_requerido_h_programadas,2080.732418,aves/h,aves,05_proceso_industrial/modelo_capacidad_proceso.py,[SUPUESTO],= E/(h×D×R) si h incluyera paradas; η = 0.801; sensibilidad del modelo; NO es desempeño industrial demostrado
ritmo_nominal,10000,6,sensibilidad=alta,ritmo_nominal_requerido_h_netas,1754.385965,aves/h,aves,05_proceso_industrial/modelo_capacidad_proceso.py,[SUPUESTO],= E/(h×R); R = 0.95; SUP-09A-01; sensibilidad del modelo; NO es desempeño industrial demostrado
ritmo_nominal,10000,6,sensibilidad=alta,ritmo_nominal_requerido_h_programadas,1846.722068,aves/h,aves,05_proceso_industrial/modelo_capacidad_proceso.py,[SUPUESTO],= E/(h×D×R) si h incluyera paradas; η = 0.902; sensibilidad del modelo; NO es desempeño industrial demostrado
ventana_24h,10000,6,ventana=optimista,h_faena_neta,6,h,h,05_proceso_industrial/modelo_capacidad_proceso.py,[ESTIMACIÓN],SUP-09A-02
ventana_24h,10000,6,ventana=optimista,h_paradas_durante_produccion,0.315789,h,h,05_proceso_industrial/modelo_capacidad_proceso.py,[SUPUESTO],SUP-09A-02
ventana_24h,10000,6,ventana=optimista,h_pausas,0.375,h,h,05_proceso_industrial/modelo_capacidad_proceso.py,[SUPUESTO],SUP-09A-02
ventana_24h,10000,6,ventana=optimista,h_cambio_turno,0,h,h,05_proceso_industrial/modelo_capacidad_proceso.py,[SUPUESTO],SUP-09A-02
ventana_24h,10000,6,ventana=optimista,h_preparacion_arranque,0.5,h,h,05_proceso_industrial/modelo_capacidad_proceso.py,[SUPUESTO],SUP-09A-02
ventana_24h,10000,6,ventana=optimista,h_cierre_vaciado,0.5,h,h,05_proceso_industrial/modelo_capacidad_proceso.py,[SUPUESTO],SUP-09A-02
ventana_24h,10000,6,ventana=optimista,h_limpieza_intermedia,0.1875,h,h,05_proceso_industrial/modelo_capacidad_proceso.py,[SUPUESTO],SUP-09A-02
ventana_24h,10000,6,ventana=optimista,h_limpieza,2,h,h,05_proceso_industrial/modelo_capacidad_proceso.py,[SUPUESTO],t_limpieza PROVISIONAL (no varía con escala)
ventana_24h,10000,6,ventana=optimista,h_sanitizacion,1,h,h,05_proceso_industrial/modelo_capacidad_proceso.py,[SUPUESTO],SUP-09A-02
ventana_24h,10000,6,ventana=optimista,h_mantenimiento,0.5,h,h,05_proceso_industrial/modelo_capacidad_proceso.py,[SUPUESTO],SUP-09A-02
ventana_24h,10000,6,ventana=optimista,ventana_total_establecimiento,11.378289,h,h,05_proceso_industrial/modelo_capacidad_proceso.py,[SUPUESTO],SUP-09A-02; relación con la escala provisional
ventana_24h,10000,6,ventana=optimista,holgura_24h,12.621711,h,h,05_proceso_industrial/modelo_capacidad_proceso.py,[SUPUESTO],negativa = restricción severa de calendario; validar con proveedores y plantas antes de descartar
ventana_24h,10000,6,ventana=optimista,alerta_calendario,0,0/1,h,05_proceso_industrial/modelo_capacidad_proceso.py,[SUPUESTO],1 = alerta (no descarte)
ventana_24h,10000,6,ventana=media,h_faena_neta,6,h,h,05_proceso_industrial/modelo_capacidad_proceso.py,[ESTIMACIÓN],SUP-09A-02
ventana_24h,10000,6,ventana=media,h_paradas_durante_produccion,0.666667,h,h,05_proceso_industrial/modelo_capacidad_proceso.py,[SUPUESTO],SUP-09A-02
ventana_24h,10000,6,ventana=media,h_pausas,0.5625,h,h,05_proceso_industrial/modelo_capacidad_proceso.py,[SUPUESTO],SUP-09A-02
ventana_24h,10000,6,ventana=media,h_cambio_turno,0,h,h,05_proceso_industrial/modelo_capacidad_proceso.py,[SUPUESTO],SUP-09A-02
ventana_24h,10000,6,ventana=media,h_preparacion_arranque,0.75,h,h,05_proceso_industrial/modelo_capacidad_proceso.py,[SUPUESTO],SUP-09A-02
ventana_24h,10000,6,ventana=media,h_cierre_vaciado,0.75,h,h,05_proceso_industrial/modelo_capacidad_proceso.py,[SUPUESTO],SUP-09A-02
ventana_24h,10000,6,ventana=media,h_limpieza_intermedia,0.2475,h,h,05_proceso_industrial/modelo_capacidad_proceso.py,[SUPUESTO],SUP-09A-02
ventana_24h,10000,6,ventana=media,h_limpieza,2.75,h,h,05_proceso_industrial/modelo_capacidad_proceso.py,[SUPUESTO],t_limpieza PROVISIONAL (no varía con escala)
ventana_24h,10000,6,ventana=media,h_sanitizacion,1.25,h,h,05_proceso_industrial/modelo_capacidad_proceso.py,[SUPUESTO],SUP-09A-02
ventana_24h,10000,6,ventana=media,h_mantenimiento,1,h,h,05_proceso_industrial/modelo_capacidad_proceso.py,[SUPUESTO],SUP-09A-02
ventana_24h,10000,6,ventana=media,ventana_total_establecimiento,13.976667,h,h,05_proceso_industrial/modelo_capacidad_proceso.py,[SUPUESTO],SUP-09A-02; relación con la escala provisional
ventana_24h,10000,6,ventana=media,holgura_24h,10.023333,h,h,05_proceso_industrial/modelo_capacidad_proceso.py,[SUPUESTO],negativa = restricción severa de calendario; validar con proveedores y plantas antes de descartar
ventana_24h,10000,6,ventana=media,alerta_calendario,0,0/1,h,05_proceso_industrial/modelo_capacidad_proceso.py,[SUPUESTO],1 = alerta (no descarte)
ventana_24h,10000,6,ventana=conservadora,h_faena_neta,6,h,h,05_proceso_industrial/modelo_capacidad_proceso.py,[ESTIMACIÓN],SUP-09A-02
ventana_24h,10000,6,ventana=conservadora,h_paradas_durante_produccion,1.058824,h,h,05_proceso_industrial/modelo_capacidad_proceso.py,[SUPUESTO],SUP-09A-02
ventana_24h,10000,6,ventana=conservadora,h_pausas,0.75,h,h,05_proceso_industrial/modelo_capacidad_proceso.py,[SUPUESTO],SUP-09A-02
ventana_24h,10000,6,ventana=conservadora,h_cambio_turno,0,h,h,05_proceso_industrial/modelo_capacidad_proceso.py,[SUPUESTO],SUP-09A-02
ventana_24h,10000,6,ventana=conservadora,h_preparacion_arranque,1,h,h,05_proceso_industrial/modelo_capacidad_proceso.py,[SUPUESTO],SUP-09A-02
ventana_24h,10000,6,ventana=conservadora,h_cierre_vaciado,1,h,h,05_proceso_industrial/modelo_capacidad_proceso.py,[SUPUESTO],SUP-09A-02
ventana_24h,10000,6,ventana=conservadora,h_limpieza_intermedia,0.375,h,h,05_proceso_industrial/modelo_capacidad_proceso.py,[SUPUESTO],SUP-09A-02
ventana_24h,10000,6,ventana=conservadora,h_limpieza,4,h,h,05_proceso_industrial/modelo_capacidad_proceso.py,[SUPUESTO],t_limpieza PROVISIONAL (no varía con escala)
ventana_24h,10000,6,ventana=conservadora,h_sanitizacion,2,h,h,05_proceso_industrial/modelo_capacidad_proceso.py,[SUPUESTO],SUP-09A-02
ventana_24h,10000,6,ventana=conservadora,h_mantenimiento,2,h,h,05_proceso_industrial/modelo_capacidad_proceso.py,[SUPUESTO],SUP-09A-02
ventana_24h,10000,6,ventana=conservadora,ventana_total_establecimiento,18.183824,h,h,05_proceso_industrial/modelo_capacidad_proceso.py,[SUPUESTO],SUP-09A-02; relación con la escala provisional
ventana_24h,10000,6,ventana=conservadora,holgura_24h,5.816176,h,h,05_proceso_industrial/modelo_capacidad_proceso.py,[SUPUESTO],negativa = restricción severa de calendario; validar con proveedores y plantas antes de descartar
ventana_24h,10000,6,ventana=conservadora,alerta_calendario,0,0/1,h,05_proceso_industrial/modelo_capacidad_proceso.py,[SUPUESTO],1 = alerta (no descarte)
enfriamiento,10000,6,residencia=inmersion,carcasas_simultaneas_en_enfriamiento,1388.888889,aves,aves,05_proceso_industrial/modelo_capacidad_proceso.py,[SUPUESTO],50 min; SUP-09A-04 [PVDP]
enfriamiento,10000,6,residencia=inmersion,kg_carcasa_simultaneos_en_enfriamiento,2879.861111,kg,biologica,04_balance_masa/modelo_balance_masa.py (v1.1) vía modelo_escala.kg_por_ave,[SUPUESTO],"carcasa eviscerada caliente 2,9 kg (sin agua)"
enfriamiento,10000,6,residencia=aire_min,carcasas_simultaneas_en_enfriamiento,2500,aves,aves,05_proceso_industrial/modelo_capacidad_proceso.py,[SUPUESTO],90 min; SUP-09A-04 [PVDP]
enfriamiento,10000,6,residencia=aire_min,kg_carcasa_simultaneos_en_enfriamiento,5183.75,kg,biologica,04_balance_masa/modelo_balance_masa.py (v1.1) vía modelo_escala.kg_por_ave,[SUPUESTO],"carcasa eviscerada caliente 2,9 kg (sin agua)"
enfriamiento,10000,6,residencia=aire_max,carcasas_simultaneas_en_enfriamiento,4166.666667,aves,aves,05_proceso_industrial/modelo_capacidad_proceso.py,[SUPUESTO],150 min; SUP-09A-04 [PVDP]
enfriamiento,10000,6,residencia=aire_max,kg_carcasa_simultaneos_en_enfriamiento,8639.583333,kg,biologica,04_balance_masa/modelo_balance_masa.py (v1.1) vía modelo_escala.kg_por_ave,[SUPUESTO],"carcasa eviscerada caliente 2,9 kg (sin agua)"
puestos_manuales,10000,6,colgado;referencia,puestos_equivalentes,2,puestos,aves,05_proceso_industrial/modelo_capacidad_proceso.py,[SUPUESTO],productividad FTE-09A-026 [PVDP · débil]; no es dotación
puestos_manuales,10000,6,colgado;prudente,puestos_equivalentes,3,puestos,aves,05_proceso_industrial/modelo_capacidad_proceso.py,[SUPUESTO],productividad FTE-09A-026 [PVDP · débil]; no es dotación
puestos_manuales,10000,6,eviscerado_manual;referencia,puestos_equivalentes,14,puestos,aves,05_proceso_industrial/modelo_capacidad_proceso.py,[SUPUESTO],productividad FTE-09A-025 [PVDP · débil]; no es dotación
puestos_manuales,10000,6,eviscerado_manual;prudente,puestos_equivalentes,28,puestos,aves,05_proceso_industrial/modelo_capacidad_proceso.py,[SUPUESTO],productividad FTE-09A-025 [PVDP · débil]; no es dotación
flujo_hora,10000,6,config=A,peso_vivo_kg_h,4833.333333,kg/h,vivo,04_balance_masa/modelo_balance_masa.py (v1.1) vía modelo_escala.kg_por_ave,[ESTIMACIÓN],
flujo_hora,10000,6,config=A,carcasa_pre_chiller_kg_h,3455.833333,kg/h,biologica,04_balance_masa/modelo_balance_masa.py (v1.1) vía modelo_escala.kg_por_ave,[ESTIMACIÓN],
flujo_hora,10000,6,config=A,a_trozado_kg_h,203.634288,kg/h,biologica,04_balance_masa/modelo_balance_masa.py (v1.1) vía modelo_escala.kg_por_ave,[ESTIMACIÓN],
flujo_hora,10000,6,config=A,comestible_a_empaque_kg_h,4010.090668,kg/h,comercial,04_balance_masa/modelo_balance_masa.py (v1.1) vía modelo_escala.kg_por_ave,[ESTIMACIÓN],
flujo_hora,10000,6,config=A,sangre_recuperada_kg_h,139.683333,kg/h,biologica,04_balance_masa/modelo_balance_masa.py (v1.1) vía modelo_escala.kg_por_ave,[ESTIMACIÓN],
flujo_hora,10000,6,config=A,plumas_humedas_kg_h,402.133333,kg/h,biologica+agua,04_balance_masa/modelo_balance_masa.py (v1.1) vía modelo_escala.kg_por_ave,[ESTIMACIÓN],
flujo_hora,10000,6,config=A,visceras_no_comestibles_kg_h,217.5,kg/h,biologica,04_balance_masa/modelo_balance_masa.py (v1.1) vía modelo_escala.kg_por_ave,[ESTIMACIÓN],
flujo_hora,10000,6,config=A,cabezas_kg_h,120.833333,kg/h,biologica,04_balance_masa/modelo_balance_masa.py (v1.1) vía modelo_escala.kg_por_ave,[ESTIMACIÓN],
flujo_hora,10000,6,config=A,garras_a_y_segunda_kg_h,168.420038,kg/h,comercial,04_balance_masa/modelo_balance_masa.py (v1.1) vía modelo_escala.kg_por_ave,[ESTIMACIÓN],
flujo_hora,10000,6,config=A,menudencias_y_cuello_kg_h,306.24,kg/h,comercial,04_balance_masa/modelo_balance_masa.py (v1.1) vía modelo_escala.kg_por_ave,[ESTIMACIÓN],
flujo_hora,10000,6,config=A,solidos_a_retirar_kg_h,1013.921079,kg/h,biologica+agua,04_balance_masa/modelo_balance_masa.py (v1.1) vía modelo_escala.kg_por_ave,[ESTIMACIÓN],
flujo_hora,10000,6,config=A,rendering_potencial_kg_h,889.014213,kg/h,biologica+agua,04_balance_masa/modelo_balance_masa.py (v1.1) vía modelo_escala.kg_por_ave,[ESTIMACIÓN],
flujo_hora,10000,6,config=B,peso_vivo_kg_h,4833.333333,kg/h,vivo,04_balance_masa/modelo_balance_masa.py (v1.1) vía modelo_escala.kg_por_ave,[ESTIMACIÓN],
flujo_hora,10000,6,config=B,carcasa_pre_chiller_kg_h,3455.833333,kg/h,biologica,04_balance_masa/modelo_balance_masa.py (v1.1) vía modelo_escala.kg_por_ave,[ESTIMACIÓN],
flujo_hora,10000,6,config=B,a_trozado_kg_h,3393.9048,kg/h,biologica,04_balance_masa/modelo_balance_masa.py (v1.1) vía modelo_escala.kg_por_ave,[ESTIMACIÓN],
flujo_hora,10000,6,config=B,comestible_a_empaque_kg_h,3994.139315,kg/h,comercial,04_balance_masa/modelo_balance_masa.py (v1.1) vía modelo_escala.kg_por_ave,[ESTIMACIÓN],
flujo_hora,10000,6,config=B,sangre_recuperada_kg_h,139.683333,kg/h,biologica,04_balance_masa/modelo_balance_masa.py (v1.1) vía modelo_escala.kg_por_ave,[ESTIMACIÓN],
flujo_hora,10000,6,config=B,plumas_humedas_kg_h,402.133333,kg/h,biologica+agua,04_balance_masa/modelo_balance_masa.py (v1.1) vía modelo_escala.kg_por_ave,[ESTIMACIÓN],
flujo_hora,10000,6,config=B,visceras_no_comestibles_kg_h,217.5,kg/h,biologica,04_balance_masa/modelo_balance_masa.py (v1.1) vía modelo_escala.kg_por_ave,[ESTIMACIÓN],
flujo_hora,10000,6,config=B,cabezas_kg_h,120.833333,kg/h,biologica,04_balance_masa/modelo_balance_masa.py (v1.1) vía modelo_escala.kg_por_ave,[ESTIMACIÓN],
flujo_hora,10000,6,config=B,garras_a_y_segunda_kg_h,168.420038,kg/h,comercial,04_balance_masa/modelo_balance_masa.py (v1.1) vía modelo_escala.kg_por_ave,[ESTIMACIÓN],
flujo_hora,10000,6,config=B,menudencias_y_cuello_kg_h,306.24,kg/h,comercial,04_balance_masa/modelo_balance_masa.py (v1.1) vía modelo_escala.kg_por_ave,[ESTIMACIÓN],
flujo_hora,10000,6,config=B,solidos_a_retirar_kg_h,1013.921079,kg/h,biologica+agua,04_balance_masa/modelo_balance_masa.py (v1.1) vía modelo_escala.kg_por_ave,[ESTIMACIÓN],
flujo_hora,10000,6,config=B,rendering_potencial_kg_h,889.014213,kg/h,biologica+agua,04_balance_masa/modelo_balance_masa.py (v1.1) vía modelo_escala.kg_por_ave,[ESTIMACIÓN],
flujo_hora,10000,6,config=C,peso_vivo_kg_h,4833.333333,kg/h,vivo,04_balance_masa/modelo_balance_masa.py (v1.1) vía modelo_escala.kg_por_ave,[ESTIMACIÓN],
flujo_hora,10000,6,config=C,carcasa_pre_chiller_kg_h,3455.833333,kg/h,biologica,04_balance_masa/modelo_balance_masa.py (v1.1) vía modelo_escala.kg_por_ave,[ESTIMACIÓN],
flujo_hora,10000,6,config=C,a_trozado_kg_h,2738.881174,kg/h,biologica,04_balance_masa/modelo_balance_masa.py (v1.1) vía modelo_escala.kg_por_ave,[ESTIMACIÓN],
flujo_hora,10000,6,config=C,a_deshuese_kg_h,1916.877431,kg/h,biologica,04_balance_masa/modelo_balance_masa.py (v1.1) vía modelo_escala.kg_por_ave,[ESTIMACIÓN],
flujo_hora,10000,6,config=C,a_cms_kg_h,655.023626,kg/h,biologica,04_balance_masa/modelo_balance_masa.py (v1.1) vía modelo_escala.kg_por_ave,[ESTIMACIÓN],
flujo_hora,10000,6,config=C,comestible_a_empaque_kg_h,3416.854396,kg/h,comercial,04_balance_masa/modelo_balance_masa.py (v1.1) vía modelo_escala.kg_por_ave,[ESTIMACIÓN],
flujo_hora,10000,6,config=C,sangre_recuperada_kg_h,139.683333,kg/h,biologica,04_balance_masa/modelo_balance_masa.py (v1.1) vía modelo_escala.kg_por_ave,[ESTIMACIÓN],
flujo_hora,10000,6,config=C,plumas_humedas_kg_h,402.133333,kg/h,biologica+agua,04_balance_masa/modelo_balance_masa.py (v1.1) vía modelo_escala.kg_por_ave,[ESTIMACIÓN],
flujo_hora,10000,6,config=C,visceras_no_comestibles_kg_h,217.5,kg/h,biologica,04_balance_masa/modelo_balance_masa.py (v1.1) vía modelo_escala.kg_por_ave,[ESTIMACIÓN],
flujo_hora,10000,6,config=C,cabezas_kg_h,120.833333,kg/h,biologica,04_balance_masa/modelo_balance_masa.py (v1.1) vía modelo_escala.kg_por_ave,[ESTIMACIÓN],
flujo_hora,10000,6,config=C,garras_a_y_segunda_kg_h,168.420038,kg/h,comercial,04_balance_masa/modelo_balance_masa.py (v1.1) vía modelo_escala.kg_por_ave,[ESTIMACIÓN],
flujo_hora,10000,6,config=C,menudencias_y_cuello_kg_h,306.24,kg/h,comercial,04_balance_masa/modelo_balance_masa.py (v1.1) vía modelo_escala.kg_por_ave,[ESTIMACIÓN],
flujo_hora,10000,6,config=C,solidos_a_retirar_kg_h,1565.486988,kg/h,biologica+agua,04_balance_masa/modelo_balance_masa.py (v1.1) vía modelo_escala.kg_por_ave,[ESTIMACIÓN],
flujo_hora,10000,6,config=C,rendering_potencial_kg_h,1440.580121,kg/h,biologica+agua,04_balance_masa/modelo_balance_masa.py (v1.1) vía modelo_escala.kg_por_ave,[ESTIMACIÓN],
ritmo,10000,8,,ritmo_operativo_requerido,1250,aves/h,aves,05_proceso_industrial/modelo_capacidad_proceso.py,[ESTIMACIÓN],= E / h netas; igual a 23_plan_expansion (T01)
ritmo,10000,8,,aves_por_minuto,20.833333,aves/min,aves,05_proceso_industrial/modelo_capacidad_proceso.py,[ESTIMACIÓN],
ritmo,10000,8,,segundos_por_ave,2.88,s,aves,05_proceso_industrial/modelo_capacidad_proceso.py,[ESTIMACIÓN],
ritmo_nominal,10000,8,sensibilidad=baja,ritmo_nominal_requerido_h_netas,1524.390244,aves/h,aves,05_proceso_industrial/modelo_capacidad_proceso.py,[SUPUESTO],= E/(h×R); R = 0.82; SUP-09A-01; sensibilidad del modelo; NO es desempeño industrial demostrado
ritmo_nominal,10000,8,sensibilidad=baja,ritmo_nominal_requerido_h_programadas,1793.400287,aves/h,aves,05_proceso_industrial/modelo_capacidad_proceso.py,[SUPUESTO],= E/(h×D×R) si h incluyera paradas; η = 0.697; sensibilidad del modelo; NO es desempeño industrial demostrado
ritmo_nominal,10000,8,sensibilidad=media,ritmo_nominal_requerido_h_netas,1404.494382,aves/h,aves,05_proceso_industrial/modelo_capacidad_proceso.py,[SUPUESTO],= E/(h×R); R = 0.89; SUP-09A-01; sensibilidad del modelo; NO es desempeño industrial demostrado
ritmo_nominal,10000,8,sensibilidad=media,ritmo_nominal_requerido_h_programadas,1560.549313,aves/h,aves,05_proceso_industrial/modelo_capacidad_proceso.py,[SUPUESTO],= E/(h×D×R) si h incluyera paradas; η = 0.801; sensibilidad del modelo; NO es desempeño industrial demostrado
ritmo_nominal,10000,8,sensibilidad=alta,ritmo_nominal_requerido_h_netas,1315.789474,aves/h,aves,05_proceso_industrial/modelo_capacidad_proceso.py,[SUPUESTO],= E/(h×R); R = 0.95; SUP-09A-01; sensibilidad del modelo; NO es desempeño industrial demostrado
ritmo_nominal,10000,8,sensibilidad=alta,ritmo_nominal_requerido_h_programadas,1385.041551,aves/h,aves,05_proceso_industrial/modelo_capacidad_proceso.py,[SUPUESTO],= E/(h×D×R) si h incluyera paradas; η = 0.902; sensibilidad del modelo; NO es desempeño industrial demostrado
ventana_24h,10000,8,ventana=optimista,h_faena_neta,8,h,h,05_proceso_industrial/modelo_capacidad_proceso.py,[ESTIMACIÓN],SUP-09A-02
ventana_24h,10000,8,ventana=optimista,h_paradas_durante_produccion,0.421053,h,h,05_proceso_industrial/modelo_capacidad_proceso.py,[SUPUESTO],SUP-09A-02
ventana_24h,10000,8,ventana=optimista,h_pausas,0.5,h,h,05_proceso_industrial/modelo_capacidad_proceso.py,[SUPUESTO],SUP-09A-02
ventana_24h,10000,8,ventana=optimista,h_cambio_turno,0,h,h,05_proceso_industrial/modelo_capacidad_proceso.py,[SUPUESTO],SUP-09A-02
ventana_24h,10000,8,ventana=optimista,h_preparacion_arranque,0.5,h,h,05_proceso_industrial/modelo_capacidad_proceso.py,[SUPUESTO],SUP-09A-02
ventana_24h,10000,8,ventana=optimista,h_cierre_vaciado,0.5,h,h,05_proceso_industrial/modelo_capacidad_proceso.py,[SUPUESTO],SUP-09A-02
ventana_24h,10000,8,ventana=optimista,h_limpieza_intermedia,0.25,h,h,05_proceso_industrial/modelo_capacidad_proceso.py,[SUPUESTO],SUP-09A-02
ventana_24h,10000,8,ventana=optimista,h_limpieza,2,h,h,05_proceso_industrial/modelo_capacidad_proceso.py,[SUPUESTO],t_limpieza PROVISIONAL (no varía con escala)
ventana_24h,10000,8,ventana=optimista,h_sanitizacion,1,h,h,05_proceso_industrial/modelo_capacidad_proceso.py,[SUPUESTO],SUP-09A-02
ventana_24h,10000,8,ventana=optimista,h_mantenimiento,0.5,h,h,05_proceso_industrial/modelo_capacidad_proceso.py,[SUPUESTO],SUP-09A-02
ventana_24h,10000,8,ventana=optimista,ventana_total_establecimiento,13.671053,h,h,05_proceso_industrial/modelo_capacidad_proceso.py,[SUPUESTO],SUP-09A-02; relación con la escala provisional
ventana_24h,10000,8,ventana=optimista,holgura_24h,10.328947,h,h,05_proceso_industrial/modelo_capacidad_proceso.py,[SUPUESTO],negativa = restricción severa de calendario; validar con proveedores y plantas antes de descartar
ventana_24h,10000,8,ventana=optimista,alerta_calendario,0,0/1,h,05_proceso_industrial/modelo_capacidad_proceso.py,[SUPUESTO],1 = alerta (no descarte)
ventana_24h,10000,8,ventana=media,h_faena_neta,8,h,h,05_proceso_industrial/modelo_capacidad_proceso.py,[ESTIMACIÓN],SUP-09A-02
ventana_24h,10000,8,ventana=media,h_paradas_durante_produccion,0.888889,h,h,05_proceso_industrial/modelo_capacidad_proceso.py,[SUPUESTO],SUP-09A-02
ventana_24h,10000,8,ventana=media,h_pausas,0.75,h,h,05_proceso_industrial/modelo_capacidad_proceso.py,[SUPUESTO],SUP-09A-02
ventana_24h,10000,8,ventana=media,h_cambio_turno,0,h,h,05_proceso_industrial/modelo_capacidad_proceso.py,[SUPUESTO],SUP-09A-02
ventana_24h,10000,8,ventana=media,h_preparacion_arranque,0.75,h,h,05_proceso_industrial/modelo_capacidad_proceso.py,[SUPUESTO],SUP-09A-02
ventana_24h,10000,8,ventana=media,h_cierre_vaciado,0.75,h,h,05_proceso_industrial/modelo_capacidad_proceso.py,[SUPUESTO],SUP-09A-02
ventana_24h,10000,8,ventana=media,h_limpieza_intermedia,0.33,h,h,05_proceso_industrial/modelo_capacidad_proceso.py,[SUPUESTO],SUP-09A-02
ventana_24h,10000,8,ventana=media,h_limpieza,2.75,h,h,05_proceso_industrial/modelo_capacidad_proceso.py,[SUPUESTO],t_limpieza PROVISIONAL (no varía con escala)
ventana_24h,10000,8,ventana=media,h_sanitizacion,1.25,h,h,05_proceso_industrial/modelo_capacidad_proceso.py,[SUPUESTO],SUP-09A-02
ventana_24h,10000,8,ventana=media,h_mantenimiento,1,h,h,05_proceso_industrial/modelo_capacidad_proceso.py,[SUPUESTO],SUP-09A-02
ventana_24h,10000,8,ventana=media,ventana_total_establecimiento,16.468889,h,h,05_proceso_industrial/modelo_capacidad_proceso.py,[SUPUESTO],SUP-09A-02; relación con la escala provisional
ventana_24h,10000,8,ventana=media,holgura_24h,7.531111,h,h,05_proceso_industrial/modelo_capacidad_proceso.py,[SUPUESTO],negativa = restricción severa de calendario; validar con proveedores y plantas antes de descartar
ventana_24h,10000,8,ventana=media,alerta_calendario,0,0/1,h,05_proceso_industrial/modelo_capacidad_proceso.py,[SUPUESTO],1 = alerta (no descarte)
ventana_24h,10000,8,ventana=conservadora,h_faena_neta,8,h,h,05_proceso_industrial/modelo_capacidad_proceso.py,[ESTIMACIÓN],SUP-09A-02
ventana_24h,10000,8,ventana=conservadora,h_paradas_durante_produccion,1.411765,h,h,05_proceso_industrial/modelo_capacidad_proceso.py,[SUPUESTO],SUP-09A-02
ventana_24h,10000,8,ventana=conservadora,h_pausas,1,h,h,05_proceso_industrial/modelo_capacidad_proceso.py,[SUPUESTO],SUP-09A-02
ventana_24h,10000,8,ventana=conservadora,h_cambio_turno,0,h,h,05_proceso_industrial/modelo_capacidad_proceso.py,[SUPUESTO],SUP-09A-02
ventana_24h,10000,8,ventana=conservadora,h_preparacion_arranque,1,h,h,05_proceso_industrial/modelo_capacidad_proceso.py,[SUPUESTO],SUP-09A-02
ventana_24h,10000,8,ventana=conservadora,h_cierre_vaciado,1,h,h,05_proceso_industrial/modelo_capacidad_proceso.py,[SUPUESTO],SUP-09A-02
ventana_24h,10000,8,ventana=conservadora,h_limpieza_intermedia,0.5,h,h,05_proceso_industrial/modelo_capacidad_proceso.py,[SUPUESTO],SUP-09A-02
ventana_24h,10000,8,ventana=conservadora,h_limpieza,4,h,h,05_proceso_industrial/modelo_capacidad_proceso.py,[SUPUESTO],t_limpieza PROVISIONAL (no varía con escala)
ventana_24h,10000,8,ventana=conservadora,h_sanitizacion,2,h,h,05_proceso_industrial/modelo_capacidad_proceso.py,[SUPUESTO],SUP-09A-02
ventana_24h,10000,8,ventana=conservadora,h_mantenimiento,2,h,h,05_proceso_industrial/modelo_capacidad_proceso.py,[SUPUESTO],SUP-09A-02
ventana_24h,10000,8,ventana=conservadora,ventana_total_establecimiento,20.911765,h,h,05_proceso_industrial/modelo_capacidad_proceso.py,[SUPUESTO],SUP-09A-02; relación con la escala provisional
ventana_24h,10000,8,ventana=conservadora,holgura_24h,3.088235,h,h,05_proceso_industrial/modelo_capacidad_proceso.py,[SUPUESTO],negativa = restricción severa de calendario; validar con proveedores y plantas antes de descartar
ventana_24h,10000,8,ventana=conservadora,alerta_calendario,0,0/1,h,05_proceso_industrial/modelo_capacidad_proceso.py,[SUPUESTO],1 = alerta (no descarte)
enfriamiento,10000,8,residencia=inmersion,carcasas_simultaneas_en_enfriamiento,1041.666667,aves,aves,05_proceso_industrial/modelo_capacidad_proceso.py,[SUPUESTO],50 min; SUP-09A-04 [PVDP]
enfriamiento,10000,8,residencia=inmersion,kg_carcasa_simultaneos_en_enfriamiento,2159.895833,kg,biologica,04_balance_masa/modelo_balance_masa.py (v1.1) vía modelo_escala.kg_por_ave,[SUPUESTO],"carcasa eviscerada caliente 2,9 kg (sin agua)"
enfriamiento,10000,8,residencia=aire_min,carcasas_simultaneas_en_enfriamiento,1875,aves,aves,05_proceso_industrial/modelo_capacidad_proceso.py,[SUPUESTO],90 min; SUP-09A-04 [PVDP]
enfriamiento,10000,8,residencia=aire_min,kg_carcasa_simultaneos_en_enfriamiento,3887.8125,kg,biologica,04_balance_masa/modelo_balance_masa.py (v1.1) vía modelo_escala.kg_por_ave,[SUPUESTO],"carcasa eviscerada caliente 2,9 kg (sin agua)"
enfriamiento,10000,8,residencia=aire_max,carcasas_simultaneas_en_enfriamiento,3125,aves,aves,05_proceso_industrial/modelo_capacidad_proceso.py,[SUPUESTO],150 min; SUP-09A-04 [PVDP]
enfriamiento,10000,8,residencia=aire_max,kg_carcasa_simultaneos_en_enfriamiento,6479.6875,kg,biologica,04_balance_masa/modelo_balance_masa.py (v1.1) vía modelo_escala.kg_por_ave,[SUPUESTO],"carcasa eviscerada caliente 2,9 kg (sin agua)"
puestos_manuales,10000,8,colgado;referencia,puestos_equivalentes,1,puestos,aves,05_proceso_industrial/modelo_capacidad_proceso.py,[SUPUESTO],productividad FTE-09A-026 [PVDP · débil]; no es dotación
puestos_manuales,10000,8,colgado;prudente,puestos_equivalentes,2,puestos,aves,05_proceso_industrial/modelo_capacidad_proceso.py,[SUPUESTO],productividad FTE-09A-026 [PVDP · débil]; no es dotación
puestos_manuales,10000,8,eviscerado_manual;referencia,puestos_equivalentes,11,puestos,aves,05_proceso_industrial/modelo_capacidad_proceso.py,[SUPUESTO],productividad FTE-09A-025 [PVDP · débil]; no es dotación
puestos_manuales,10000,8,eviscerado_manual;prudente,puestos_equivalentes,21,puestos,aves,05_proceso_industrial/modelo_capacidad_proceso.py,[SUPUESTO],productividad FTE-09A-025 [PVDP · débil]; no es dotación
flujo_hora,10000,8,config=A,peso_vivo_kg_h,3625,kg/h,vivo,04_balance_masa/modelo_balance_masa.py (v1.1) vía modelo_escala.kg_por_ave,[ESTIMACIÓN],
flujo_hora,10000,8,config=A,carcasa_pre_chiller_kg_h,2591.875,kg/h,biologica,04_balance_masa/modelo_balance_masa.py (v1.1) vía modelo_escala.kg_por_ave,[ESTIMACIÓN],
flujo_hora,10000,8,config=A,a_trozado_kg_h,152.725716,kg/h,biologica,04_balance_masa/modelo_balance_masa.py (v1.1) vía modelo_escala.kg_por_ave,[ESTIMACIÓN],
flujo_hora,10000,8,config=A,comestible_a_empaque_kg_h,3007.568001,kg/h,comercial,04_balance_masa/modelo_balance_masa.py (v1.1) vía modelo_escala.kg_por_ave,[ESTIMACIÓN],
flujo_hora,10000,8,config=A,sangre_recuperada_kg_h,104.7625,kg/h,biologica,04_balance_masa/modelo_balance_masa.py (v1.1) vía modelo_escala.kg_por_ave,[ESTIMACIÓN],
flujo_hora,10000,8,config=A,plumas_humedas_kg_h,301.6,kg/h,biologica+agua,04_balance_masa/modelo_balance_masa.py (v1.1) vía modelo_escala.kg_por_ave,[ESTIMACIÓN],
flujo_hora,10000,8,config=A,visceras_no_comestibles_kg_h,163.125,kg/h,biologica,04_balance_masa/modelo_balance_masa.py (v1.1) vía modelo_escala.kg_por_ave,[ESTIMACIÓN],
flujo_hora,10000,8,config=A,cabezas_kg_h,90.625,kg/h,biologica,04_balance_masa/modelo_balance_masa.py (v1.1) vía modelo_escala.kg_por_ave,[ESTIMACIÓN],
flujo_hora,10000,8,config=A,garras_a_y_segunda_kg_h,126.315028,kg/h,comercial,04_balance_masa/modelo_balance_masa.py (v1.1) vía modelo_escala.kg_por_ave,[ESTIMACIÓN],
flujo_hora,10000,8,config=A,menudencias_y_cuello_kg_h,229.68,kg/h,comercial,04_balance_masa/modelo_balance_masa.py (v1.1) vía modelo_escala.kg_por_ave,[ESTIMACIÓN],
flujo_hora,10000,8,config=A,solidos_a_retirar_kg_h,760.440809,kg/h,biologica+agua,04_balance_masa/modelo_balance_masa.py (v1.1) vía modelo_escala.kg_por_ave,[ESTIMACIÓN],
flujo_hora,10000,8,config=A,rendering_potencial_kg_h,666.760659,kg/h,biologica+agua,04_balance_masa/modelo_balance_masa.py (v1.1) vía modelo_escala.kg_por_ave,[ESTIMACIÓN],
flujo_hora,10000,8,config=B,peso_vivo_kg_h,3625,kg/h,vivo,04_balance_masa/modelo_balance_masa.py (v1.1) vía modelo_escala.kg_por_ave,[ESTIMACIÓN],
flujo_hora,10000,8,config=B,carcasa_pre_chiller_kg_h,2591.875,kg/h,biologica,04_balance_masa/modelo_balance_masa.py (v1.1) vía modelo_escala.kg_por_ave,[ESTIMACIÓN],
flujo_hora,10000,8,config=B,a_trozado_kg_h,2545.4286,kg/h,biologica,04_balance_masa/modelo_balance_masa.py (v1.1) vía modelo_escala.kg_por_ave,[ESTIMACIÓN],
flujo_hora,10000,8,config=B,comestible_a_empaque_kg_h,2995.604486,kg/h,comercial,04_balance_masa/modelo_balance_masa.py (v1.1) vía modelo_escala.kg_por_ave,[ESTIMACIÓN],
flujo_hora,10000,8,config=B,sangre_recuperada_kg_h,104.7625,kg/h,biologica,04_balance_masa/modelo_balance_masa.py (v1.1) vía modelo_escala.kg_por_ave,[ESTIMACIÓN],
flujo_hora,10000,8,config=B,plumas_humedas_kg_h,301.6,kg/h,biologica+agua,04_balance_masa/modelo_balance_masa.py (v1.1) vía modelo_escala.kg_por_ave,[ESTIMACIÓN],
flujo_hora,10000,8,config=B,visceras_no_comestibles_kg_h,163.125,kg/h,biologica,04_balance_masa/modelo_balance_masa.py (v1.1) vía modelo_escala.kg_por_ave,[ESTIMACIÓN],
flujo_hora,10000,8,config=B,cabezas_kg_h,90.625,kg/h,biologica,04_balance_masa/modelo_balance_masa.py (v1.1) vía modelo_escala.kg_por_ave,[ESTIMACIÓN],
flujo_hora,10000,8,config=B,garras_a_y_segunda_kg_h,126.315028,kg/h,comercial,04_balance_masa/modelo_balance_masa.py (v1.1) vía modelo_escala.kg_por_ave,[ESTIMACIÓN],
flujo_hora,10000,8,config=B,menudencias_y_cuello_kg_h,229.68,kg/h,comercial,04_balance_masa/modelo_balance_masa.py (v1.1) vía modelo_escala.kg_por_ave,[ESTIMACIÓN],
flujo_hora,10000,8,config=B,solidos_a_retirar_kg_h,760.440809,kg/h,biologica+agua,04_balance_masa/modelo_balance_masa.py (v1.1) vía modelo_escala.kg_por_ave,[ESTIMACIÓN],
flujo_hora,10000,8,config=B,rendering_potencial_kg_h,666.760659,kg/h,biologica+agua,04_balance_masa/modelo_balance_masa.py (v1.1) vía modelo_escala.kg_por_ave,[ESTIMACIÓN],
flujo_hora,10000,8,config=C,peso_vivo_kg_h,3625,kg/h,vivo,04_balance_masa/modelo_balance_masa.py (v1.1) vía modelo_escala.kg_por_ave,[ESTIMACIÓN],
flujo_hora,10000,8,config=C,carcasa_pre_chiller_kg_h,2591.875,kg/h,biologica,04_balance_masa/modelo_balance_masa.py (v1.1) vía modelo_escala.kg_por_ave,[ESTIMACIÓN],
flujo_hora,10000,8,config=C,a_trozado_kg_h,2054.16088,kg/h,biologica,04_balance_masa/modelo_balance_masa.py (v1.1) vía modelo_escala.kg_por_ave,[ESTIMACIÓN],
flujo_hora,10000,8,config=C,a_deshuese_kg_h,1437.658073,kg/h,biologica,04_balance_masa/modelo_balance_masa.py (v1.1) vía modelo_escala.kg_por_ave,[ESTIMACIÓN],
flujo_hora,10000,8,config=C,a_cms_kg_h,491.26772,kg/h,biologica,04_balance_masa/modelo_balance_masa.py (v1.1) vía modelo_escala.kg_por_ave,[ESTIMACIÓN],
flujo_hora,10000,8,config=C,comestible_a_empaque_kg_h,2562.640797,kg/h,comercial,04_balance_masa/modelo_balance_masa.py (v1.1) vía modelo_escala.kg_por_ave,[ESTIMACIÓN],
flujo_hora,10000,8,config=C,sangre_recuperada_kg_h,104.7625,kg/h,biologica,04_balance_masa/modelo_balance_masa.py (v1.1) vía modelo_escala.kg_por_ave,[ESTIMACIÓN],
flujo_hora,10000,8,config=C,plumas_humedas_kg_h,301.6,kg/h,biologica+agua,04_balance_masa/modelo_balance_masa.py (v1.1) vía modelo_escala.kg_por_ave,[ESTIMACIÓN],
flujo_hora,10000,8,config=C,visceras_no_comestibles_kg_h,163.125,kg/h,biologica,04_balance_masa/modelo_balance_masa.py (v1.1) vía modelo_escala.kg_por_ave,[ESTIMACIÓN],
flujo_hora,10000,8,config=C,cabezas_kg_h,90.625,kg/h,biologica,04_balance_masa/modelo_balance_masa.py (v1.1) vía modelo_escala.kg_por_ave,[ESTIMACIÓN],
flujo_hora,10000,8,config=C,garras_a_y_segunda_kg_h,126.315028,kg/h,comercial,04_balance_masa/modelo_balance_masa.py (v1.1) vía modelo_escala.kg_por_ave,[ESTIMACIÓN],
flujo_hora,10000,8,config=C,menudencias_y_cuello_kg_h,229.68,kg/h,comercial,04_balance_masa/modelo_balance_masa.py (v1.1) vía modelo_escala.kg_por_ave,[ESTIMACIÓN],
flujo_hora,10000,8,config=C,solidos_a_retirar_kg_h,1174.115241,kg/h,biologica+agua,04_balance_masa/modelo_balance_masa.py (v1.1) vía modelo_escala.kg_por_ave,[ESTIMACIÓN],
flujo_hora,10000,8,config=C,rendering_potencial_kg_h,1080.435091,kg/h,biologica+agua,04_balance_masa/modelo_balance_masa.py (v1.1) vía modelo_escala.kg_por_ave,[ESTIMACIÓN],
ritmo,10000,10,,ritmo_operativo_requerido,1000,aves/h,aves,05_proceso_industrial/modelo_capacidad_proceso.py,[ESTIMACIÓN],= E / h netas; igual a 23_plan_expansion (T01)
ritmo,10000,10,,aves_por_minuto,16.666667,aves/min,aves,05_proceso_industrial/modelo_capacidad_proceso.py,[ESTIMACIÓN],
ritmo,10000,10,,segundos_por_ave,3.6,s,aves,05_proceso_industrial/modelo_capacidad_proceso.py,[ESTIMACIÓN],
ritmo_nominal,10000,10,sensibilidad=baja,ritmo_nominal_requerido_h_netas,1219.512195,aves/h,aves,05_proceso_industrial/modelo_capacidad_proceso.py,[SUPUESTO],= E/(h×R); R = 0.82; SUP-09A-01; sensibilidad del modelo; NO es desempeño industrial demostrado
ritmo_nominal,10000,10,sensibilidad=baja,ritmo_nominal_requerido_h_programadas,1434.72023,aves/h,aves,05_proceso_industrial/modelo_capacidad_proceso.py,[SUPUESTO],= E/(h×D×R) si h incluyera paradas; η = 0.697; sensibilidad del modelo; NO es desempeño industrial demostrado
ritmo_nominal,10000,10,sensibilidad=media,ritmo_nominal_requerido_h_netas,1123.595506,aves/h,aves,05_proceso_industrial/modelo_capacidad_proceso.py,[SUPUESTO],= E/(h×R); R = 0.89; SUP-09A-01; sensibilidad del modelo; NO es desempeño industrial demostrado
ritmo_nominal,10000,10,sensibilidad=media,ritmo_nominal_requerido_h_programadas,1248.439451,aves/h,aves,05_proceso_industrial/modelo_capacidad_proceso.py,[SUPUESTO],= E/(h×D×R) si h incluyera paradas; η = 0.801; sensibilidad del modelo; NO es desempeño industrial demostrado
ritmo_nominal,10000,10,sensibilidad=alta,ritmo_nominal_requerido_h_netas,1052.631579,aves/h,aves,05_proceso_industrial/modelo_capacidad_proceso.py,[SUPUESTO],= E/(h×R); R = 0.95; SUP-09A-01; sensibilidad del modelo; NO es desempeño industrial demostrado
ritmo_nominal,10000,10,sensibilidad=alta,ritmo_nominal_requerido_h_programadas,1108.033241,aves/h,aves,05_proceso_industrial/modelo_capacidad_proceso.py,[SUPUESTO],= E/(h×D×R) si h incluyera paradas; η = 0.902; sensibilidad del modelo; NO es desempeño industrial demostrado
ventana_24h,10000,10,ventana=optimista,h_faena_neta,10,h,h,05_proceso_industrial/modelo_capacidad_proceso.py,[ESTIMACIÓN],SUP-09A-02
ventana_24h,10000,10,ventana=optimista,h_paradas_durante_produccion,0.526316,h,h,05_proceso_industrial/modelo_capacidad_proceso.py,[SUPUESTO],SUP-09A-02
ventana_24h,10000,10,ventana=optimista,h_pausas,0.625,h,h,05_proceso_industrial/modelo_capacidad_proceso.py,[SUPUESTO],SUP-09A-02
ventana_24h,10000,10,ventana=optimista,h_cambio_turno,0,h,h,05_proceso_industrial/modelo_capacidad_proceso.py,[SUPUESTO],SUP-09A-02
ventana_24h,10000,10,ventana=optimista,h_preparacion_arranque,0.5,h,h,05_proceso_industrial/modelo_capacidad_proceso.py,[SUPUESTO],SUP-09A-02
ventana_24h,10000,10,ventana=optimista,h_cierre_vaciado,0.5,h,h,05_proceso_industrial/modelo_capacidad_proceso.py,[SUPUESTO],SUP-09A-02
ventana_24h,10000,10,ventana=optimista,h_limpieza_intermedia,0.3125,h,h,05_proceso_industrial/modelo_capacidad_proceso.py,[SUPUESTO],SUP-09A-02
ventana_24h,10000,10,ventana=optimista,h_limpieza,2,h,h,05_proceso_industrial/modelo_capacidad_proceso.py,[SUPUESTO],t_limpieza PROVISIONAL (no varía con escala)
ventana_24h,10000,10,ventana=optimista,h_sanitizacion,1,h,h,05_proceso_industrial/modelo_capacidad_proceso.py,[SUPUESTO],SUP-09A-02
ventana_24h,10000,10,ventana=optimista,h_mantenimiento,0.5,h,h,05_proceso_industrial/modelo_capacidad_proceso.py,[SUPUESTO],SUP-09A-02
ventana_24h,10000,10,ventana=optimista,ventana_total_establecimiento,15.963816,h,h,05_proceso_industrial/modelo_capacidad_proceso.py,[SUPUESTO],SUP-09A-02; relación con la escala provisional
ventana_24h,10000,10,ventana=optimista,holgura_24h,8.036184,h,h,05_proceso_industrial/modelo_capacidad_proceso.py,[SUPUESTO],negativa = restricción severa de calendario; validar con proveedores y plantas antes de descartar
ventana_24h,10000,10,ventana=optimista,alerta_calendario,0,0/1,h,05_proceso_industrial/modelo_capacidad_proceso.py,[SUPUESTO],1 = alerta (no descarte)
ventana_24h,10000,10,ventana=media,h_faena_neta,10,h,h,05_proceso_industrial/modelo_capacidad_proceso.py,[ESTIMACIÓN],SUP-09A-02
ventana_24h,10000,10,ventana=media,h_paradas_durante_produccion,1.111111,h,h,05_proceso_industrial/modelo_capacidad_proceso.py,[SUPUESTO],SUP-09A-02
ventana_24h,10000,10,ventana=media,h_pausas,0.9375,h,h,05_proceso_industrial/modelo_capacidad_proceso.py,[SUPUESTO],SUP-09A-02
ventana_24h,10000,10,ventana=media,h_cambio_turno,0,h,h,05_proceso_industrial/modelo_capacidad_proceso.py,[SUPUESTO],SUP-09A-02
ventana_24h,10000,10,ventana=media,h_preparacion_arranque,0.75,h,h,05_proceso_industrial/modelo_capacidad_proceso.py,[SUPUESTO],SUP-09A-02
ventana_24h,10000,10,ventana=media,h_cierre_vaciado,0.75,h,h,05_proceso_industrial/modelo_capacidad_proceso.py,[SUPUESTO],SUP-09A-02
ventana_24h,10000,10,ventana=media,h_limpieza_intermedia,0.4125,h,h,05_proceso_industrial/modelo_capacidad_proceso.py,[SUPUESTO],SUP-09A-02
ventana_24h,10000,10,ventana=media,h_limpieza,2.75,h,h,05_proceso_industrial/modelo_capacidad_proceso.py,[SUPUESTO],t_limpieza PROVISIONAL (no varía con escala)
ventana_24h,10000,10,ventana=media,h_sanitizacion,1.25,h,h,05_proceso_industrial/modelo_capacidad_proceso.py,[SUPUESTO],SUP-09A-02
ventana_24h,10000,10,ventana=media,h_mantenimiento,1,h,h,05_proceso_industrial/modelo_capacidad_proceso.py,[SUPUESTO],SUP-09A-02
ventana_24h,10000,10,ventana=media,ventana_total_establecimiento,18.961111,h,h,05_proceso_industrial/modelo_capacidad_proceso.py,[SUPUESTO],SUP-09A-02; relación con la escala provisional
ventana_24h,10000,10,ventana=media,holgura_24h,5.038889,h,h,05_proceso_industrial/modelo_capacidad_proceso.py,[SUPUESTO],negativa = restricción severa de calendario; validar con proveedores y plantas antes de descartar
ventana_24h,10000,10,ventana=media,alerta_calendario,0,0/1,h,05_proceso_industrial/modelo_capacidad_proceso.py,[SUPUESTO],1 = alerta (no descarte)
ventana_24h,10000,10,ventana=conservadora,h_faena_neta,10,h,h,05_proceso_industrial/modelo_capacidad_proceso.py,[ESTIMACIÓN],SUP-09A-02
ventana_24h,10000,10,ventana=conservadora,h_paradas_durante_produccion,1.764706,h,h,05_proceso_industrial/modelo_capacidad_proceso.py,[SUPUESTO],SUP-09A-02
ventana_24h,10000,10,ventana=conservadora,h_pausas,1.25,h,h,05_proceso_industrial/modelo_capacidad_proceso.py,[SUPUESTO],SUP-09A-02
ventana_24h,10000,10,ventana=conservadora,h_cambio_turno,0,h,h,05_proceso_industrial/modelo_capacidad_proceso.py,[SUPUESTO],SUP-09A-02
ventana_24h,10000,10,ventana=conservadora,h_preparacion_arranque,1,h,h,05_proceso_industrial/modelo_capacidad_proceso.py,[SUPUESTO],SUP-09A-02
ventana_24h,10000,10,ventana=conservadora,h_cierre_vaciado,1,h,h,05_proceso_industrial/modelo_capacidad_proceso.py,[SUPUESTO],SUP-09A-02
ventana_24h,10000,10,ventana=conservadora,h_limpieza_intermedia,0.625,h,h,05_proceso_industrial/modelo_capacidad_proceso.py,[SUPUESTO],SUP-09A-02
ventana_24h,10000,10,ventana=conservadora,h_limpieza,4,h,h,05_proceso_industrial/modelo_capacidad_proceso.py,[SUPUESTO],t_limpieza PROVISIONAL (no varía con escala)
ventana_24h,10000,10,ventana=conservadora,h_sanitizacion,2,h,h,05_proceso_industrial/modelo_capacidad_proceso.py,[SUPUESTO],SUP-09A-02
ventana_24h,10000,10,ventana=conservadora,h_mantenimiento,2,h,h,05_proceso_industrial/modelo_capacidad_proceso.py,[SUPUESTO],SUP-09A-02
ventana_24h,10000,10,ventana=conservadora,ventana_total_establecimiento,23.639706,h,h,05_proceso_industrial/modelo_capacidad_proceso.py,[SUPUESTO],SUP-09A-02; relación con la escala provisional
ventana_24h,10000,10,ventana=conservadora,holgura_24h,0.360294,h,h,05_proceso_industrial/modelo_capacidad_proceso.py,[SUPUESTO],negativa = restricción severa de calendario; validar con proveedores y plantas antes de descartar
ventana_24h,10000,10,ventana=conservadora,alerta_calendario,0,0/1,h,05_proceso_industrial/modelo_capacidad_proceso.py,[SUPUESTO],1 = alerta (no descarte)
enfriamiento,10000,10,residencia=inmersion,carcasas_simultaneas_en_enfriamiento,833.333333,aves,aves,05_proceso_industrial/modelo_capacidad_proceso.py,[SUPUESTO],50 min; SUP-09A-04 [PVDP]
enfriamiento,10000,10,residencia=inmersion,kg_carcasa_simultaneos_en_enfriamiento,1727.916667,kg,biologica,04_balance_masa/modelo_balance_masa.py (v1.1) vía modelo_escala.kg_por_ave,[SUPUESTO],"carcasa eviscerada caliente 2,9 kg (sin agua)"
enfriamiento,10000,10,residencia=aire_min,carcasas_simultaneas_en_enfriamiento,1500,aves,aves,05_proceso_industrial/modelo_capacidad_proceso.py,[SUPUESTO],90 min; SUP-09A-04 [PVDP]
enfriamiento,10000,10,residencia=aire_min,kg_carcasa_simultaneos_en_enfriamiento,3110.25,kg,biologica,04_balance_masa/modelo_balance_masa.py (v1.1) vía modelo_escala.kg_por_ave,[SUPUESTO],"carcasa eviscerada caliente 2,9 kg (sin agua)"
enfriamiento,10000,10,residencia=aire_max,carcasas_simultaneas_en_enfriamiento,2500,aves,aves,05_proceso_industrial/modelo_capacidad_proceso.py,[SUPUESTO],150 min; SUP-09A-04 [PVDP]
enfriamiento,10000,10,residencia=aire_max,kg_carcasa_simultaneos_en_enfriamiento,5183.75,kg,biologica,04_balance_masa/modelo_balance_masa.py (v1.1) vía modelo_escala.kg_por_ave,[SUPUESTO],"carcasa eviscerada caliente 2,9 kg (sin agua)"
puestos_manuales,10000,10,colgado;referencia,puestos_equivalentes,1,puestos,aves,05_proceso_industrial/modelo_capacidad_proceso.py,[SUPUESTO],productividad FTE-09A-026 [PVDP · débil]; no es dotación
puestos_manuales,10000,10,colgado;prudente,puestos_equivalentes,2,puestos,aves,05_proceso_industrial/modelo_capacidad_proceso.py,[SUPUESTO],productividad FTE-09A-026 [PVDP · débil]; no es dotación
puestos_manuales,10000,10,eviscerado_manual;referencia,puestos_equivalentes,9,puestos,aves,05_proceso_industrial/modelo_capacidad_proceso.py,[SUPUESTO],productividad FTE-09A-025 [PVDP · débil]; no es dotación
puestos_manuales,10000,10,eviscerado_manual;prudente,puestos_equivalentes,17,puestos,aves,05_proceso_industrial/modelo_capacidad_proceso.py,[SUPUESTO],productividad FTE-09A-025 [PVDP · débil]; no es dotación
flujo_hora,10000,10,config=A,peso_vivo_kg_h,2900,kg/h,vivo,04_balance_masa/modelo_balance_masa.py (v1.1) vía modelo_escala.kg_por_ave,[ESTIMACIÓN],
flujo_hora,10000,10,config=A,carcasa_pre_chiller_kg_h,2073.5,kg/h,biologica,04_balance_masa/modelo_balance_masa.py (v1.1) vía modelo_escala.kg_por_ave,[ESTIMACIÓN],
flujo_hora,10000,10,config=A,a_trozado_kg_h,122.180573,kg/h,biologica,04_balance_masa/modelo_balance_masa.py (v1.1) vía modelo_escala.kg_por_ave,[ESTIMACIÓN],
flujo_hora,10000,10,config=A,comestible_a_empaque_kg_h,2406.054401,kg/h,comercial,04_balance_masa/modelo_balance_masa.py (v1.1) vía modelo_escala.kg_por_ave,[ESTIMACIÓN],
flujo_hora,10000,10,config=A,sangre_recuperada_kg_h,83.81,kg/h,biologica,04_balance_masa/modelo_balance_masa.py (v1.1) vía modelo_escala.kg_por_ave,[ESTIMACIÓN],
flujo_hora,10000,10,config=A,plumas_humedas_kg_h,241.28,kg/h,biologica+agua,04_balance_masa/modelo_balance_masa.py (v1.1) vía modelo_escala.kg_por_ave,[ESTIMACIÓN],
flujo_hora,10000,10,config=A,visceras_no_comestibles_kg_h,130.5,kg/h,biologica,04_balance_masa/modelo_balance_masa.py (v1.1) vía modelo_escala.kg_por_ave,[ESTIMACIÓN],
flujo_hora,10000,10,config=A,cabezas_kg_h,72.5,kg/h,biologica,04_balance_masa/modelo_balance_masa.py (v1.1) vía modelo_escala.kg_por_ave,[ESTIMACIÓN],
flujo_hora,10000,10,config=A,garras_a_y_segunda_kg_h,101.052022,kg/h,comercial,04_balance_masa/modelo_balance_masa.py (v1.1) vía modelo_escala.kg_por_ave,[ESTIMACIÓN],
flujo_hora,10000,10,config=A,menudencias_y_cuello_kg_h,183.744,kg/h,comercial,04_balance_masa/modelo_balance_masa.py (v1.1) vía modelo_escala.kg_por_ave,[ESTIMACIÓN],
flujo_hora,10000,10,config=A,solidos_a_retirar_kg_h,608.352647,kg/h,biologica+agua,04_balance_masa/modelo_balance_masa.py (v1.1) vía modelo_escala.kg_por_ave,[ESTIMACIÓN],
flujo_hora,10000,10,config=A,rendering_potencial_kg_h,533.408527,kg/h,biologica+agua,04_balance_masa/modelo_balance_masa.py (v1.1) vía modelo_escala.kg_por_ave,[ESTIMACIÓN],
flujo_hora,10000,10,config=B,peso_vivo_kg_h,2900,kg/h,vivo,04_balance_masa/modelo_balance_masa.py (v1.1) vía modelo_escala.kg_por_ave,[ESTIMACIÓN],
flujo_hora,10000,10,config=B,carcasa_pre_chiller_kg_h,2073.5,kg/h,biologica,04_balance_masa/modelo_balance_masa.py (v1.1) vía modelo_escala.kg_por_ave,[ESTIMACIÓN],
flujo_hora,10000,10,config=B,a_trozado_kg_h,2036.34288,kg/h,biologica,04_balance_masa/modelo_balance_masa.py (v1.1) vía modelo_escala.kg_por_ave,[ESTIMACIÓN],
flujo_hora,10000,10,config=B,comestible_a_empaque_kg_h,2396.483589,kg/h,comercial,04_balance_masa/modelo_balance_masa.py (v1.1) vía modelo_escala.kg_por_ave,[ESTIMACIÓN],
flujo_hora,10000,10,config=B,sangre_recuperada_kg_h,83.81,kg/h,biologica,04_balance_masa/modelo_balance_masa.py (v1.1) vía modelo_escala.kg_por_ave,[ESTIMACIÓN],
flujo_hora,10000,10,config=B,plumas_humedas_kg_h,241.28,kg/h,biologica+agua,04_balance_masa/modelo_balance_masa.py (v1.1) vía modelo_escala.kg_por_ave,[ESTIMACIÓN],
flujo_hora,10000,10,config=B,visceras_no_comestibles_kg_h,130.5,kg/h,biologica,04_balance_masa/modelo_balance_masa.py (v1.1) vía modelo_escala.kg_por_ave,[ESTIMACIÓN],
flujo_hora,10000,10,config=B,cabezas_kg_h,72.5,kg/h,biologica,04_balance_masa/modelo_balance_masa.py (v1.1) vía modelo_escala.kg_por_ave,[ESTIMACIÓN],
flujo_hora,10000,10,config=B,garras_a_y_segunda_kg_h,101.052022,kg/h,comercial,04_balance_masa/modelo_balance_masa.py (v1.1) vía modelo_escala.kg_por_ave,[ESTIMACIÓN],
flujo_hora,10000,10,config=B,menudencias_y_cuello_kg_h,183.744,kg/h,comercial,04_balance_masa/modelo_balance_masa.py (v1.1) vía modelo_escala.kg_por_ave,[ESTIMACIÓN],
flujo_hora,10000,10,config=B,solidos_a_retirar_kg_h,608.352647,kg/h,biologica+agua,04_balance_masa/modelo_balance_masa.py (v1.1) vía modelo_escala.kg_por_ave,[ESTIMACIÓN],
flujo_hora,10000,10,config=B,rendering_potencial_kg_h,533.408527,kg/h,biologica+agua,04_balance_masa/modelo_balance_masa.py (v1.1) vía modelo_escala.kg_por_ave,[ESTIMACIÓN],
flujo_hora,10000,10,config=C,peso_vivo_kg_h,2900,kg/h,vivo,04_balance_masa/modelo_balance_masa.py (v1.1) vía modelo_escala.kg_por_ave,[ESTIMACIÓN],
flujo_hora,10000,10,config=C,carcasa_pre_chiller_kg_h,2073.5,kg/h,biologica,04_balance_masa/modelo_balance_masa.py (v1.1) vía modelo_escala.kg_por_ave,[ESTIMACIÓN],
flujo_hora,10000,10,config=C,a_trozado_kg_h,1643.328704,kg/h,biologica,04_balance_masa/modelo_balance_masa.py (v1.1) vía modelo_escala.kg_por_ave,[ESTIMACIÓN],
flujo_hora,10000,10,config=C,a_deshuese_kg_h,1150.126459,kg/h,biologica,04_balance_masa/modelo_balance_masa.py (v1.1) vía modelo_escala.kg_por_ave,[ESTIMACIÓN],
flujo_hora,10000,10,config=C,a_cms_kg_h,393.014176,kg/h,biologica,04_balance_masa/modelo_balance_masa.py (v1.1) vía modelo_escala.kg_por_ave,[ESTIMACIÓN],
flujo_hora,10000,10,config=C,comestible_a_empaque_kg_h,2050.112637,kg/h,comercial,04_balance_masa/modelo_balance_masa.py (v1.1) vía modelo_escala.kg_por_ave,[ESTIMACIÓN],
flujo_hora,10000,10,config=C,sangre_recuperada_kg_h,83.81,kg/h,biologica,04_balance_masa/modelo_balance_masa.py (v1.1) vía modelo_escala.kg_por_ave,[ESTIMACIÓN],
flujo_hora,10000,10,config=C,plumas_humedas_kg_h,241.28,kg/h,biologica+agua,04_balance_masa/modelo_balance_masa.py (v1.1) vía modelo_escala.kg_por_ave,[ESTIMACIÓN],
flujo_hora,10000,10,config=C,visceras_no_comestibles_kg_h,130.5,kg/h,biologica,04_balance_masa/modelo_balance_masa.py (v1.1) vía modelo_escala.kg_por_ave,[ESTIMACIÓN],
flujo_hora,10000,10,config=C,cabezas_kg_h,72.5,kg/h,biologica,04_balance_masa/modelo_balance_masa.py (v1.1) vía modelo_escala.kg_por_ave,[ESTIMACIÓN],
flujo_hora,10000,10,config=C,garras_a_y_segunda_kg_h,101.052022,kg/h,comercial,04_balance_masa/modelo_balance_masa.py (v1.1) vía modelo_escala.kg_por_ave,[ESTIMACIÓN],
flujo_hora,10000,10,config=C,menudencias_y_cuello_kg_h,183.744,kg/h,comercial,04_balance_masa/modelo_balance_masa.py (v1.1) vía modelo_escala.kg_por_ave,[ESTIMACIÓN],
flujo_hora,10000,10,config=C,solidos_a_retirar_kg_h,939.292193,kg/h,biologica+agua,04_balance_masa/modelo_balance_masa.py (v1.1) vía modelo_escala.kg_por_ave,[ESTIMACIÓN],
flujo_hora,10000,10,config=C,rendering_potencial_kg_h,864.348073,kg/h,biologica+agua,04_balance_masa/modelo_balance_masa.py (v1.1) vía modelo_escala.kg_por_ave,[ESTIMACIÓN],
ritmo,10000,16,,ritmo_operativo_requerido,625,aves/h,aves,05_proceso_industrial/modelo_capacidad_proceso.py,[ESTIMACIÓN],= E / h netas; igual a 23_plan_expansion (T01)
ritmo,10000,16,,aves_por_minuto,10.416667,aves/min,aves,05_proceso_industrial/modelo_capacidad_proceso.py,[ESTIMACIÓN],
ritmo,10000,16,,segundos_por_ave,5.76,s,aves,05_proceso_industrial/modelo_capacidad_proceso.py,[ESTIMACIÓN],
ritmo_nominal,10000,16,sensibilidad=baja,ritmo_nominal_requerido_h_netas,762.195122,aves/h,aves,05_proceso_industrial/modelo_capacidad_proceso.py,[SUPUESTO],= E/(h×R); R = 0.82; SUP-09A-01; sensibilidad del modelo; NO es desempeño industrial demostrado
ritmo_nominal,10000,16,sensibilidad=baja,ritmo_nominal_requerido_h_programadas,896.700143,aves/h,aves,05_proceso_industrial/modelo_capacidad_proceso.py,[SUPUESTO],= E/(h×D×R) si h incluyera paradas; η = 0.697; sensibilidad del modelo; NO es desempeño industrial demostrado
ritmo_nominal,10000,16,sensibilidad=media,ritmo_nominal_requerido_h_netas,702.247191,aves/h,aves,05_proceso_industrial/modelo_capacidad_proceso.py,[SUPUESTO],= E/(h×R); R = 0.89; SUP-09A-01; sensibilidad del modelo; NO es desempeño industrial demostrado
ritmo_nominal,10000,16,sensibilidad=media,ritmo_nominal_requerido_h_programadas,780.274657,aves/h,aves,05_proceso_industrial/modelo_capacidad_proceso.py,[SUPUESTO],= E/(h×D×R) si h incluyera paradas; η = 0.801; sensibilidad del modelo; NO es desempeño industrial demostrado
ritmo_nominal,10000,16,sensibilidad=alta,ritmo_nominal_requerido_h_netas,657.894737,aves/h,aves,05_proceso_industrial/modelo_capacidad_proceso.py,[SUPUESTO],= E/(h×R); R = 0.95; SUP-09A-01; sensibilidad del modelo; NO es desempeño industrial demostrado
ritmo_nominal,10000,16,sensibilidad=alta,ritmo_nominal_requerido_h_programadas,692.520776,aves/h,aves,05_proceso_industrial/modelo_capacidad_proceso.py,[SUPUESTO],= E/(h×D×R) si h incluyera paradas; η = 0.902; sensibilidad del modelo; NO es desempeño industrial demostrado
ventana_24h,10000,16,ventana=optimista,h_faena_neta,16,h,h,05_proceso_industrial/modelo_capacidad_proceso.py,[ESTIMACIÓN],SUP-09A-02
ventana_24h,10000,16,ventana=optimista,h_paradas_durante_produccion,0.842105,h,h,05_proceso_industrial/modelo_capacidad_proceso.py,[SUPUESTO],SUP-09A-02
ventana_24h,10000,16,ventana=optimista,h_pausas,1,h,h,05_proceso_industrial/modelo_capacidad_proceso.py,[SUPUESTO],SUP-09A-02
ventana_24h,10000,16,ventana=optimista,h_cambio_turno,0.25,h,h,05_proceso_industrial/modelo_capacidad_proceso.py,[SUPUESTO],SUP-09A-02
ventana_24h,10000,16,ventana=optimista,h_preparacion_arranque,0.5,h,h,05_proceso_industrial/modelo_capacidad_proceso.py,[SUPUESTO],SUP-09A-02
ventana_24h,10000,16,ventana=optimista,h_cierre_vaciado,0.5,h,h,05_proceso_industrial/modelo_capacidad_proceso.py,[SUPUESTO],SUP-09A-02
ventana_24h,10000,16,ventana=optimista,h_limpieza_intermedia,0.5,h,h,05_proceso_industrial/modelo_capacidad_proceso.py,[SUPUESTO],SUP-09A-02
ventana_24h,10000,16,ventana=optimista,h_limpieza,2,h,h,05_proceso_industrial/modelo_capacidad_proceso.py,[SUPUESTO],t_limpieza PROVISIONAL (no varía con escala)
ventana_24h,10000,16,ventana=optimista,h_sanitizacion,1,h,h,05_proceso_industrial/modelo_capacidad_proceso.py,[SUPUESTO],SUP-09A-02
ventana_24h,10000,16,ventana=optimista,h_mantenimiento,0.5,h,h,05_proceso_industrial/modelo_capacidad_proceso.py,[SUPUESTO],SUP-09A-02
ventana_24h,10000,16,ventana=optimista,ventana_total_establecimiento,23.092105,h,h,05_proceso_industrial/modelo_capacidad_proceso.py,[SUPUESTO],SUP-09A-02; relación con la escala provisional
ventana_24h,10000,16,ventana=optimista,holgura_24h,0.907895,h,h,05_proceso_industrial/modelo_capacidad_proceso.py,[SUPUESTO],negativa = restricción severa de calendario; validar con proveedores y plantas antes de descartar
ventana_24h,10000,16,ventana=optimista,alerta_calendario,0,0/1,h,05_proceso_industrial/modelo_capacidad_proceso.py,[SUPUESTO],1 = alerta (no descarte)
ventana_24h,10000,16,ventana=media,h_faena_neta,16,h,h,05_proceso_industrial/modelo_capacidad_proceso.py,[ESTIMACIÓN],SUP-09A-02
ventana_24h,10000,16,ventana=media,h_paradas_durante_produccion,1.777778,h,h,05_proceso_industrial/modelo_capacidad_proceso.py,[SUPUESTO],SUP-09A-02
ventana_24h,10000,16,ventana=media,h_pausas,1.5,h,h,05_proceso_industrial/modelo_capacidad_proceso.py,[SUPUESTO],SUP-09A-02
ventana_24h,10000,16,ventana=media,h_cambio_turno,0.33,h,h,05_proceso_industrial/modelo_capacidad_proceso.py,[SUPUESTO],SUP-09A-02
ventana_24h,10000,16,ventana=media,h_preparacion_arranque,0.75,h,h,05_proceso_industrial/modelo_capacidad_proceso.py,[SUPUESTO],SUP-09A-02
ventana_24h,10000,16,ventana=media,h_cierre_vaciado,0.75,h,h,05_proceso_industrial/modelo_capacidad_proceso.py,[SUPUESTO],SUP-09A-02
ventana_24h,10000,16,ventana=media,h_limpieza_intermedia,0.66,h,h,05_proceso_industrial/modelo_capacidad_proceso.py,[SUPUESTO],SUP-09A-02
ventana_24h,10000,16,ventana=media,h_limpieza,2.75,h,h,05_proceso_industrial/modelo_capacidad_proceso.py,[SUPUESTO],t_limpieza PROVISIONAL (no varía con escala)
ventana_24h,10000,16,ventana=media,h_sanitizacion,1.25,h,h,05_proceso_industrial/modelo_capacidad_proceso.py,[SUPUESTO],SUP-09A-02
ventana_24h,10000,16,ventana=media,h_mantenimiento,1,h,h,05_proceso_industrial/modelo_capacidad_proceso.py,[SUPUESTO],SUP-09A-02
ventana_24h,10000,16,ventana=media,ventana_total_establecimiento,26.767778,h,h,05_proceso_industrial/modelo_capacidad_proceso.py,[SUPUESTO],SUP-09A-02; relación con la escala provisional
ventana_24h,10000,16,ventana=media,holgura_24h,-2.767778,h,h,05_proceso_industrial/modelo_capacidad_proceso.py,[SUPUESTO],negativa = restricción severa de calendario; validar con proveedores y plantas antes de descartar
ventana_24h,10000,16,ventana=media,alerta_calendario,1,0/1,h,05_proceso_industrial/modelo_capacidad_proceso.py,[SUPUESTO],1 = alerta (no descarte)
ventana_24h,10000,16,ventana=conservadora,h_faena_neta,16,h,h,05_proceso_industrial/modelo_capacidad_proceso.py,[ESTIMACIÓN],SUP-09A-02
ventana_24h,10000,16,ventana=conservadora,h_paradas_durante_produccion,2.823529,h,h,05_proceso_industrial/modelo_capacidad_proceso.py,[SUPUESTO],SUP-09A-02
ventana_24h,10000,16,ventana=conservadora,h_pausas,2,h,h,05_proceso_industrial/modelo_capacidad_proceso.py,[SUPUESTO],SUP-09A-02
ventana_24h,10000,16,ventana=conservadora,h_cambio_turno,0.5,h,h,05_proceso_industrial/modelo_capacidad_proceso.py,[SUPUESTO],SUP-09A-02
ventana_24h,10000,16,ventana=conservadora,h_preparacion_arranque,1,h,h,05_proceso_industrial/modelo_capacidad_proceso.py,[SUPUESTO],SUP-09A-02
ventana_24h,10000,16,ventana=conservadora,h_cierre_vaciado,1,h,h,05_proceso_industrial/modelo_capacidad_proceso.py,[SUPUESTO],SUP-09A-02
ventana_24h,10000,16,ventana=conservadora,h_limpieza_intermedia,1,h,h,05_proceso_industrial/modelo_capacidad_proceso.py,[SUPUESTO],SUP-09A-02
ventana_24h,10000,16,ventana=conservadora,h_limpieza,4,h,h,05_proceso_industrial/modelo_capacidad_proceso.py,[SUPUESTO],t_limpieza PROVISIONAL (no varía con escala)
ventana_24h,10000,16,ventana=conservadora,h_sanitizacion,2,h,h,05_proceso_industrial/modelo_capacidad_proceso.py,[SUPUESTO],SUP-09A-02
ventana_24h,10000,16,ventana=conservadora,h_mantenimiento,2,h,h,05_proceso_industrial/modelo_capacidad_proceso.py,[SUPUESTO],SUP-09A-02
ventana_24h,10000,16,ventana=conservadora,ventana_total_establecimiento,32.323529,h,h,05_proceso_industrial/modelo_capacidad_proceso.py,[SUPUESTO],SUP-09A-02; relación con la escala provisional
ventana_24h,10000,16,ventana=conservadora,holgura_24h,-8.323529,h,h,05_proceso_industrial/modelo_capacidad_proceso.py,[SUPUESTO],negativa = restricción severa de calendario; validar con proveedores y plantas antes de descartar
ventana_24h,10000,16,ventana=conservadora,alerta_calendario,1,0/1,h,05_proceso_industrial/modelo_capacidad_proceso.py,[SUPUESTO],1 = alerta (no descarte)
enfriamiento,10000,16,residencia=inmersion,carcasas_simultaneas_en_enfriamiento,520.833333,aves,aves,05_proceso_industrial/modelo_capacidad_proceso.py,[SUPUESTO],50 min; SUP-09A-04 [PVDP]
enfriamiento,10000,16,residencia=inmersion,kg_carcasa_simultaneos_en_enfriamiento,1079.947917,kg,biologica,04_balance_masa/modelo_balance_masa.py (v1.1) vía modelo_escala.kg_por_ave,[SUPUESTO],"carcasa eviscerada caliente 2,9 kg (sin agua)"
enfriamiento,10000,16,residencia=aire_min,carcasas_simultaneas_en_enfriamiento,937.5,aves,aves,05_proceso_industrial/modelo_capacidad_proceso.py,[SUPUESTO],90 min; SUP-09A-04 [PVDP]
enfriamiento,10000,16,residencia=aire_min,kg_carcasa_simultaneos_en_enfriamiento,1943.90625,kg,biologica,04_balance_masa/modelo_balance_masa.py (v1.1) vía modelo_escala.kg_por_ave,[SUPUESTO],"carcasa eviscerada caliente 2,9 kg (sin agua)"
enfriamiento,10000,16,residencia=aire_max,carcasas_simultaneas_en_enfriamiento,1562.5,aves,aves,05_proceso_industrial/modelo_capacidad_proceso.py,[SUPUESTO],150 min; SUP-09A-04 [PVDP]
enfriamiento,10000,16,residencia=aire_max,kg_carcasa_simultaneos_en_enfriamiento,3239.84375,kg,biologica,04_balance_masa/modelo_balance_masa.py (v1.1) vía modelo_escala.kg_por_ave,[SUPUESTO],"carcasa eviscerada caliente 2,9 kg (sin agua)"
puestos_manuales,10000,16,colgado;referencia,puestos_equivalentes,1,puestos,aves,05_proceso_industrial/modelo_capacidad_proceso.py,[SUPUESTO],productividad FTE-09A-026 [PVDP · débil]; no es dotación
puestos_manuales,10000,16,colgado;prudente,puestos_equivalentes,1,puestos,aves,05_proceso_industrial/modelo_capacidad_proceso.py,[SUPUESTO],productividad FTE-09A-026 [PVDP · débil]; no es dotación
puestos_manuales,10000,16,eviscerado_manual;referencia,puestos_equivalentes,6,puestos,aves,05_proceso_industrial/modelo_capacidad_proceso.py,[SUPUESTO],productividad FTE-09A-025 [PVDP · débil]; no es dotación
puestos_manuales,10000,16,eviscerado_manual;prudente,puestos_equivalentes,11,puestos,aves,05_proceso_industrial/modelo_capacidad_proceso.py,[SUPUESTO],productividad FTE-09A-025 [PVDP · débil]; no es dotación
flujo_hora,10000,16,config=A,peso_vivo_kg_h,1812.5,kg/h,vivo,04_balance_masa/modelo_balance_masa.py (v1.1) vía modelo_escala.kg_por_ave,[ESTIMACIÓN],
flujo_hora,10000,16,config=A,carcasa_pre_chiller_kg_h,1295.9375,kg/h,biologica,04_balance_masa/modelo_balance_masa.py (v1.1) vía modelo_escala.kg_por_ave,[ESTIMACIÓN],
flujo_hora,10000,16,config=A,a_trozado_kg_h,76.362858,kg/h,biologica,04_balance_masa/modelo_balance_masa.py (v1.1) vía modelo_escala.kg_por_ave,[ESTIMACIÓN],
flujo_hora,10000,16,config=A,comestible_a_empaque_kg_h,1503.784,kg/h,comercial,04_balance_masa/modelo_balance_masa.py (v1.1) vía modelo_escala.kg_por_ave,[ESTIMACIÓN],
flujo_hora,10000,16,config=A,sangre_recuperada_kg_h,52.38125,kg/h,biologica,04_balance_masa/modelo_balance_masa.py (v1.1) vía modelo_escala.kg_por_ave,[ESTIMACIÓN],
flujo_hora,10000,16,config=A,plumas_humedas_kg_h,150.8,kg/h,biologica+agua,04_balance_masa/modelo_balance_masa.py (v1.1) vía modelo_escala.kg_por_ave,[ESTIMACIÓN],
flujo_hora,10000,16,config=A,visceras_no_comestibles_kg_h,81.5625,kg/h,biologica,04_balance_masa/modelo_balance_masa.py (v1.1) vía modelo_escala.kg_por_ave,[ESTIMACIÓN],
flujo_hora,10000,16,config=A,cabezas_kg_h,45.3125,kg/h,biologica,04_balance_masa/modelo_balance_masa.py (v1.1) vía modelo_escala.kg_por_ave,[ESTIMACIÓN],
flujo_hora,10000,16,config=A,garras_a_y_segunda_kg_h,63.157514,kg/h,comercial,04_balance_masa/modelo_balance_masa.py (v1.1) vía modelo_escala.kg_por_ave,[ESTIMACIÓN],
flujo_hora,10000,16,config=A,menudencias_y_cuello_kg_h,114.84,kg/h,comercial,04_balance_masa/modelo_balance_masa.py (v1.1) vía modelo_escala.kg_por_ave,[ESTIMACIÓN],
flujo_hora,10000,16,config=A,solidos_a_retirar_kg_h,380.220405,kg/h,biologica+agua,04_balance_masa/modelo_balance_masa.py (v1.1) vía modelo_escala.kg_por_ave,[ESTIMACIÓN],
flujo_hora,10000,16,config=A,rendering_potencial_kg_h,333.38033,kg/h,biologica+agua,04_balance_masa/modelo_balance_masa.py (v1.1) vía modelo_escala.kg_por_ave,[ESTIMACIÓN],
flujo_hora,10000,16,config=B,peso_vivo_kg_h,1812.5,kg/h,vivo,04_balance_masa/modelo_balance_masa.py (v1.1) vía modelo_escala.kg_por_ave,[ESTIMACIÓN],
flujo_hora,10000,16,config=B,carcasa_pre_chiller_kg_h,1295.9375,kg/h,biologica,04_balance_masa/modelo_balance_masa.py (v1.1) vía modelo_escala.kg_por_ave,[ESTIMACIÓN],
flujo_hora,10000,16,config=B,a_trozado_kg_h,1272.7143,kg/h,biologica,04_balance_masa/modelo_balance_masa.py (v1.1) vía modelo_escala.kg_por_ave,[ESTIMACIÓN],
flujo_hora,10000,16,config=B,comestible_a_empaque_kg_h,1497.802243,kg/h,comercial,04_balance_masa/modelo_balance_masa.py (v1.1) vía modelo_escala.kg_por_ave,[ESTIMACIÓN],
flujo_hora,10000,16,config=B,sangre_recuperada_kg_h,52.38125,kg/h,biologica,04_balance_masa/modelo_balance_masa.py (v1.1) vía modelo_escala.kg_por_ave,[ESTIMACIÓN],
flujo_hora,10000,16,config=B,plumas_humedas_kg_h,150.8,kg/h,biologica+agua,04_balance_masa/modelo_balance_masa.py (v1.1) vía modelo_escala.kg_por_ave,[ESTIMACIÓN],
flujo_hora,10000,16,config=B,visceras_no_comestibles_kg_h,81.5625,kg/h,biologica,04_balance_masa/modelo_balance_masa.py (v1.1) vía modelo_escala.kg_por_ave,[ESTIMACIÓN],
flujo_hora,10000,16,config=B,cabezas_kg_h,45.3125,kg/h,biologica,04_balance_masa/modelo_balance_masa.py (v1.1) vía modelo_escala.kg_por_ave,[ESTIMACIÓN],
flujo_hora,10000,16,config=B,garras_a_y_segunda_kg_h,63.157514,kg/h,comercial,04_balance_masa/modelo_balance_masa.py (v1.1) vía modelo_escala.kg_por_ave,[ESTIMACIÓN],
flujo_hora,10000,16,config=B,menudencias_y_cuello_kg_h,114.84,kg/h,comercial,04_balance_masa/modelo_balance_masa.py (v1.1) vía modelo_escala.kg_por_ave,[ESTIMACIÓN],
flujo_hora,10000,16,config=B,solidos_a_retirar_kg_h,380.220405,kg/h,biologica+agua,04_balance_masa/modelo_balance_masa.py (v1.1) vía modelo_escala.kg_por_ave,[ESTIMACIÓN],
flujo_hora,10000,16,config=B,rendering_potencial_kg_h,333.38033,kg/h,biologica+agua,04_balance_masa/modelo_balance_masa.py (v1.1) vía modelo_escala.kg_por_ave,[ESTIMACIÓN],
flujo_hora,10000,16,config=C,peso_vivo_kg_h,1812.5,kg/h,vivo,04_balance_masa/modelo_balance_masa.py (v1.1) vía modelo_escala.kg_por_ave,[ESTIMACIÓN],
flujo_hora,10000,16,config=C,carcasa_pre_chiller_kg_h,1295.9375,kg/h,biologica,04_balance_masa/modelo_balance_masa.py (v1.1) vía modelo_escala.kg_por_ave,[ESTIMACIÓN],
flujo_hora,10000,16,config=C,a_trozado_kg_h,1027.08044,kg/h,biologica,04_balance_masa/modelo_balance_masa.py (v1.1) vía modelo_escala.kg_por_ave,[ESTIMACIÓN],
flujo_hora,10000,16,config=C,a_deshuese_kg_h,718.829037,kg/h,biologica,04_balance_masa/modelo_balance_masa.py (v1.1) vía modelo_escala.kg_por_ave,[ESTIMACIÓN],
flujo_hora,10000,16,config=C,a_cms_kg_h,245.63386,kg/h,biologica,04_balance_masa/modelo_balance_masa.py (v1.1) vía modelo_escala.kg_por_ave,[ESTIMACIÓN],
flujo_hora,10000,16,config=C,comestible_a_empaque_kg_h,1281.320398,kg/h,comercial,04_balance_masa/modelo_balance_masa.py (v1.1) vía modelo_escala.kg_por_ave,[ESTIMACIÓN],
flujo_hora,10000,16,config=C,sangre_recuperada_kg_h,52.38125,kg/h,biologica,04_balance_masa/modelo_balance_masa.py (v1.1) vía modelo_escala.kg_por_ave,[ESTIMACIÓN],
flujo_hora,10000,16,config=C,plumas_humedas_kg_h,150.8,kg/h,biologica+agua,04_balance_masa/modelo_balance_masa.py (v1.1) vía modelo_escala.kg_por_ave,[ESTIMACIÓN],
flujo_hora,10000,16,config=C,visceras_no_comestibles_kg_h,81.5625,kg/h,biologica,04_balance_masa/modelo_balance_masa.py (v1.1) vía modelo_escala.kg_por_ave,[ESTIMACIÓN],
flujo_hora,10000,16,config=C,cabezas_kg_h,45.3125,kg/h,biologica,04_balance_masa/modelo_balance_masa.py (v1.1) vía modelo_escala.kg_por_ave,[ESTIMACIÓN],
flujo_hora,10000,16,config=C,garras_a_y_segunda_kg_h,63.157514,kg/h,comercial,04_balance_masa/modelo_balance_masa.py (v1.1) vía modelo_escala.kg_por_ave,[ESTIMACIÓN],
flujo_hora,10000,16,config=C,menudencias_y_cuello_kg_h,114.84,kg/h,comercial,04_balance_masa/modelo_balance_masa.py (v1.1) vía modelo_escala.kg_por_ave,[ESTIMACIÓN],
flujo_hora,10000,16,config=C,solidos_a_retirar_kg_h,587.057621,kg/h,biologica+agua,04_balance_masa/modelo_balance_masa.py (v1.1) vía modelo_escala.kg_por_ave,[ESTIMACIÓN],
flujo_hora,10000,16,config=C,rendering_potencial_kg_h,540.217546,kg/h,biologica+agua,04_balance_masa/modelo_balance_masa.py (v1.1) vía modelo_escala.kg_por_ave,[ESTIMACIÓN],
flujo_dia,10000,,config=A,peso_vivo_t_dia,29,t,vivo,04_balance_masa/modelo_balance_masa.py (v1.1) vía modelo_escala.kg_por_ave,[ESTIMACIÓN],por día operativo
flujo_dia,10000,,config=A,carcasa_pre_chiller_t_dia,20.735,t,biologica,04_balance_masa/modelo_balance_masa.py (v1.1) vía modelo_escala.kg_por_ave,[ESTIMACIÓN],por día operativo
flujo_dia,10000,,config=A,a_trozado_t_dia,1.221806,t,biologica,04_balance_masa/modelo_balance_masa.py (v1.1) vía modelo_escala.kg_por_ave,[ESTIMACIÓN],por día operativo
flujo_dia,10000,,config=A,comestible_a_empaque_t_dia,24.060544,t,comercial,04_balance_masa/modelo_balance_masa.py (v1.1) vía modelo_escala.kg_por_ave,[ESTIMACIÓN],por día operativo
flujo_dia,10000,,config=A,sangre_recuperada_t_dia,0.8381,t,biologica,04_balance_masa/modelo_balance_masa.py (v1.1) vía modelo_escala.kg_por_ave,[ESTIMACIÓN],por día operativo
flujo_dia,10000,,config=A,plumas_humedas_t_dia,2.4128,t,biologica+agua,04_balance_masa/modelo_balance_masa.py (v1.1) vía modelo_escala.kg_por_ave,[ESTIMACIÓN],por día operativo
flujo_dia,10000,,config=A,visceras_no_comestibles_t_dia,1.305,t,biologica,04_balance_masa/modelo_balance_masa.py (v1.1) vía modelo_escala.kg_por_ave,[ESTIMACIÓN],por día operativo
flujo_dia,10000,,config=A,cabezas_t_dia,0.725,t,biologica,04_balance_masa/modelo_balance_masa.py (v1.1) vía modelo_escala.kg_por_ave,[ESTIMACIÓN],por día operativo
flujo_dia,10000,,config=A,garras_a_y_segunda_t_dia,1.01052,t,comercial,04_balance_masa/modelo_balance_masa.py (v1.1) vía modelo_escala.kg_por_ave,[ESTIMACIÓN],por día operativo
flujo_dia,10000,,config=A,menudencias_y_cuello_t_dia,1.83744,t,comercial,04_balance_masa/modelo_balance_masa.py (v1.1) vía modelo_escala.kg_por_ave,[ESTIMACIÓN],por día operativo
flujo_dia,10000,,config=A,solidos_a_retirar_t_dia,6.083526,t,biologica+agua,04_balance_masa/modelo_balance_masa.py (v1.1) vía modelo_escala.kg_por_ave,[ESTIMACIÓN],por día operativo
flujo_dia,10000,,config=A,rendering_potencial_t_dia,5.334085,t,biologica+agua,04_balance_masa/modelo_balance_masa.py (v1.1) vía modelo_escala.kg_por_ave,[ESTIMACIÓN],por día operativo
flujo_dia,10000,,config=B,peso_vivo_t_dia,29,t,vivo,04_balance_masa/modelo_balance_masa.py (v1.1) vía modelo_escala.kg_por_ave,[ESTIMACIÓN],por día operativo
flujo_dia,10000,,config=B,carcasa_pre_chiller_t_dia,20.735,t,biologica,04_balance_masa/modelo_balance_masa.py (v1.1) vía modelo_escala.kg_por_ave,[ESTIMACIÓN],por día operativo
flujo_dia,10000,,config=B,a_trozado_t_dia,20.363429,t,biologica,04_balance_masa/modelo_balance_masa.py (v1.1) vía modelo_escala.kg_por_ave,[ESTIMACIÓN],por día operativo
flujo_dia,10000,,config=B,comestible_a_empaque_t_dia,23.964836,t,comercial,04_balance_masa/modelo_balance_masa.py (v1.1) vía modelo_escala.kg_por_ave,[ESTIMACIÓN],por día operativo
flujo_dia,10000,,config=B,sangre_recuperada_t_dia,0.8381,t,biologica,04_balance_masa/modelo_balance_masa.py (v1.1) vía modelo_escala.kg_por_ave,[ESTIMACIÓN],por día operativo
flujo_dia,10000,,config=B,plumas_humedas_t_dia,2.4128,t,biologica+agua,04_balance_masa/modelo_balance_masa.py (v1.1) vía modelo_escala.kg_por_ave,[ESTIMACIÓN],por día operativo
flujo_dia,10000,,config=B,visceras_no_comestibles_t_dia,1.305,t,biologica,04_balance_masa/modelo_balance_masa.py (v1.1) vía modelo_escala.kg_por_ave,[ESTIMACIÓN],por día operativo
flujo_dia,10000,,config=B,cabezas_t_dia,0.725,t,biologica,04_balance_masa/modelo_balance_masa.py (v1.1) vía modelo_escala.kg_por_ave,[ESTIMACIÓN],por día operativo
flujo_dia,10000,,config=B,garras_a_y_segunda_t_dia,1.01052,t,comercial,04_balance_masa/modelo_balance_masa.py (v1.1) vía modelo_escala.kg_por_ave,[ESTIMACIÓN],por día operativo
flujo_dia,10000,,config=B,menudencias_y_cuello_t_dia,1.83744,t,comercial,04_balance_masa/modelo_balance_masa.py (v1.1) vía modelo_escala.kg_por_ave,[ESTIMACIÓN],por día operativo
flujo_dia,10000,,config=B,solidos_a_retirar_t_dia,6.083526,t,biologica+agua,04_balance_masa/modelo_balance_masa.py (v1.1) vía modelo_escala.kg_por_ave,[ESTIMACIÓN],por día operativo
flujo_dia,10000,,config=B,rendering_potencial_t_dia,5.334085,t,biologica+agua,04_balance_masa/modelo_balance_masa.py (v1.1) vía modelo_escala.kg_por_ave,[ESTIMACIÓN],por día operativo
flujo_dia,10000,,config=C,peso_vivo_t_dia,29,t,vivo,04_balance_masa/modelo_balance_masa.py (v1.1) vía modelo_escala.kg_por_ave,[ESTIMACIÓN],por día operativo
flujo_dia,10000,,config=C,carcasa_pre_chiller_t_dia,20.735,t,biologica,04_balance_masa/modelo_balance_masa.py (v1.1) vía modelo_escala.kg_por_ave,[ESTIMACIÓN],por día operativo
flujo_dia,10000,,config=C,a_trozado_t_dia,16.433287,t,biologica,04_balance_masa/modelo_balance_masa.py (v1.1) vía modelo_escala.kg_por_ave,[ESTIMACIÓN],por día operativo
flujo_dia,10000,,config=C,a_deshuese_t_dia,11.501265,t,biologica,04_balance_masa/modelo_balance_masa.py (v1.1) vía modelo_escala.kg_por_ave,[ESTIMACIÓN],por día operativo
flujo_dia,10000,,config=C,a_cms_t_dia,3.930142,t,biologica,04_balance_masa/modelo_balance_masa.py (v1.1) vía modelo_escala.kg_por_ave,[ESTIMACIÓN],por día operativo
flujo_dia,10000,,config=C,comestible_a_empaque_t_dia,20.501126,t,comercial,04_balance_masa/modelo_balance_masa.py (v1.1) vía modelo_escala.kg_por_ave,[ESTIMACIÓN],por día operativo
flujo_dia,10000,,config=C,sangre_recuperada_t_dia,0.8381,t,biologica,04_balance_masa/modelo_balance_masa.py (v1.1) vía modelo_escala.kg_por_ave,[ESTIMACIÓN],por día operativo
flujo_dia,10000,,config=C,plumas_humedas_t_dia,2.4128,t,biologica+agua,04_balance_masa/modelo_balance_masa.py (v1.1) vía modelo_escala.kg_por_ave,[ESTIMACIÓN],por día operativo
flujo_dia,10000,,config=C,visceras_no_comestibles_t_dia,1.305,t,biologica,04_balance_masa/modelo_balance_masa.py (v1.1) vía modelo_escala.kg_por_ave,[ESTIMACIÓN],por día operativo
flujo_dia,10000,,config=C,cabezas_t_dia,0.725,t,biologica,04_balance_masa/modelo_balance_masa.py (v1.1) vía modelo_escala.kg_por_ave,[ESTIMACIÓN],por día operativo
flujo_dia,10000,,config=C,garras_a_y_segunda_t_dia,1.01052,t,comercial,04_balance_masa/modelo_balance_masa.py (v1.1) vía modelo_escala.kg_por_ave,[ESTIMACIÓN],por día operativo
flujo_dia,10000,,config=C,menudencias_y_cuello_t_dia,1.83744,t,comercial,04_balance_masa/modelo_balance_masa.py (v1.1) vía modelo_escala.kg_por_ave,[ESTIMACIÓN],por día operativo
flujo_dia,10000,,config=C,solidos_a_retirar_t_dia,9.392922,t,biologica+agua,04_balance_masa/modelo_balance_masa.py (v1.1) vía modelo_escala.kg_por_ave,[ESTIMACIÓN],por día operativo
flujo_dia,10000,,config=C,rendering_potencial_t_dia,8.643481,t,biologica+agua,04_balance_masa/modelo_balance_masa.py (v1.1) vía modelo_escala.kg_por_ave,[ESTIMACIÓN],por día operativo
congelado,10000,,perfil=P1;config=B,comestible_a_congelar_t_dia,2.396484,t,comercial,23_plan_expansion/modelo_escala.py (v1.1),[ESTIMACIÓN],"Mercado interno fresco: 10% congelado o exportación (SUP-055, ilustrativo)"
congelado,10000,,perfil=P2;config=B,comestible_a_congelar_t_dia,9.585934,t,comercial,23_plan_expansion/modelo_escala.py (v1.1),[ESTIMACIÓN],"Mercado interno con congelado: 40% congelado o exportación (SUP-055, ilustrativo)"
congelado,10000,,perfil=P3;config=B,comestible_a_congelar_t_dia,11.982418,t,comercial,23_plan_expansion/modelo_escala.py (v1.1),[ESTIMACIÓN],"Opción exportadora (prueba de diseño): 50% congelado o exportación (SUP-055, ilustrativo)"
ritmo,20000,6,,ritmo_operativo_requerido,3333.333333,aves/h,aves,05_proceso_industrial/modelo_capacidad_proceso.py,[ESTIMACIÓN],= E / h netas; igual a 23_plan_expansion (T01)
ritmo,20000,6,,aves_por_minuto,55.555556,aves/min,aves,05_proceso_industrial/modelo_capacidad_proceso.py,[ESTIMACIÓN],
ritmo,20000,6,,segundos_por_ave,1.08,s,aves,05_proceso_industrial/modelo_capacidad_proceso.py,[ESTIMACIÓN],
ritmo_nominal,20000,6,sensibilidad=baja,ritmo_nominal_requerido_h_netas,4065.04065,aves/h,aves,05_proceso_industrial/modelo_capacidad_proceso.py,[SUPUESTO],= E/(h×R); R = 0.82; SUP-09A-01; sensibilidad del modelo; NO es desempeño industrial demostrado
ritmo_nominal,20000,6,sensibilidad=baja,ritmo_nominal_requerido_h_programadas,4782.400765,aves/h,aves,05_proceso_industrial/modelo_capacidad_proceso.py,[SUPUESTO],= E/(h×D×R) si h incluyera paradas; η = 0.697; sensibilidad del modelo; NO es desempeño industrial demostrado
ritmo_nominal,20000,6,sensibilidad=media,ritmo_nominal_requerido_h_netas,3745.318352,aves/h,aves,05_proceso_industrial/modelo_capacidad_proceso.py,[SUPUESTO],= E/(h×R); R = 0.89; SUP-09A-01; sensibilidad del modelo; NO es desempeño industrial demostrado
ritmo_nominal,20000,6,sensibilidad=media,ritmo_nominal_requerido_h_programadas,4161.464836,aves/h,aves,05_proceso_industrial/modelo_capacidad_proceso.py,[SUPUESTO],= E/(h×D×R) si h incluyera paradas; η = 0.801; sensibilidad del modelo; NO es desempeño industrial demostrado
ritmo_nominal,20000,6,sensibilidad=alta,ritmo_nominal_requerido_h_netas,3508.77193,aves/h,aves,05_proceso_industrial/modelo_capacidad_proceso.py,[SUPUESTO],= E/(h×R); R = 0.95; SUP-09A-01; sensibilidad del modelo; NO es desempeño industrial demostrado
ritmo_nominal,20000,6,sensibilidad=alta,ritmo_nominal_requerido_h_programadas,3693.444137,aves/h,aves,05_proceso_industrial/modelo_capacidad_proceso.py,[SUPUESTO],= E/(h×D×R) si h incluyera paradas; η = 0.902; sensibilidad del modelo; NO es desempeño industrial demostrado
ventana_24h,20000,6,ventana=optimista,h_faena_neta,6,h,h,05_proceso_industrial/modelo_capacidad_proceso.py,[ESTIMACIÓN],SUP-09A-02
ventana_24h,20000,6,ventana=optimista,h_paradas_durante_produccion,0.315789,h,h,05_proceso_industrial/modelo_capacidad_proceso.py,[SUPUESTO],SUP-09A-02
ventana_24h,20000,6,ventana=optimista,h_pausas,0.375,h,h,05_proceso_industrial/modelo_capacidad_proceso.py,[SUPUESTO],SUP-09A-02
ventana_24h,20000,6,ventana=optimista,h_cambio_turno,0,h,h,05_proceso_industrial/modelo_capacidad_proceso.py,[SUPUESTO],SUP-09A-02
ventana_24h,20000,6,ventana=optimista,h_preparacion_arranque,0.5,h,h,05_proceso_industrial/modelo_capacidad_proceso.py,[SUPUESTO],SUP-09A-02
ventana_24h,20000,6,ventana=optimista,h_cierre_vaciado,0.5,h,h,05_proceso_industrial/modelo_capacidad_proceso.py,[SUPUESTO],SUP-09A-02
ventana_24h,20000,6,ventana=optimista,h_limpieza_intermedia,0.1875,h,h,05_proceso_industrial/modelo_capacidad_proceso.py,[SUPUESTO],SUP-09A-02
ventana_24h,20000,6,ventana=optimista,h_limpieza,2,h,h,05_proceso_industrial/modelo_capacidad_proceso.py,[SUPUESTO],t_limpieza PROVISIONAL (no varía con escala)
ventana_24h,20000,6,ventana=optimista,h_sanitizacion,1,h,h,05_proceso_industrial/modelo_capacidad_proceso.py,[SUPUESTO],SUP-09A-02
ventana_24h,20000,6,ventana=optimista,h_mantenimiento,0.5,h,h,05_proceso_industrial/modelo_capacidad_proceso.py,[SUPUESTO],SUP-09A-02
ventana_24h,20000,6,ventana=optimista,ventana_total_establecimiento,11.378289,h,h,05_proceso_industrial/modelo_capacidad_proceso.py,[SUPUESTO],SUP-09A-02; relación con la escala provisional
ventana_24h,20000,6,ventana=optimista,holgura_24h,12.621711,h,h,05_proceso_industrial/modelo_capacidad_proceso.py,[SUPUESTO],negativa = restricción severa de calendario; validar con proveedores y plantas antes de descartar
ventana_24h,20000,6,ventana=optimista,alerta_calendario,0,0/1,h,05_proceso_industrial/modelo_capacidad_proceso.py,[SUPUESTO],1 = alerta (no descarte)
ventana_24h,20000,6,ventana=media,h_faena_neta,6,h,h,05_proceso_industrial/modelo_capacidad_proceso.py,[ESTIMACIÓN],SUP-09A-02
ventana_24h,20000,6,ventana=media,h_paradas_durante_produccion,0.666667,h,h,05_proceso_industrial/modelo_capacidad_proceso.py,[SUPUESTO],SUP-09A-02
ventana_24h,20000,6,ventana=media,h_pausas,0.5625,h,h,05_proceso_industrial/modelo_capacidad_proceso.py,[SUPUESTO],SUP-09A-02
ventana_24h,20000,6,ventana=media,h_cambio_turno,0,h,h,05_proceso_industrial/modelo_capacidad_proceso.py,[SUPUESTO],SUP-09A-02
ventana_24h,20000,6,ventana=media,h_preparacion_arranque,0.75,h,h,05_proceso_industrial/modelo_capacidad_proceso.py,[SUPUESTO],SUP-09A-02
ventana_24h,20000,6,ventana=media,h_cierre_vaciado,0.75,h,h,05_proceso_industrial/modelo_capacidad_proceso.py,[SUPUESTO],SUP-09A-02
ventana_24h,20000,6,ventana=media,h_limpieza_intermedia,0.2475,h,h,05_proceso_industrial/modelo_capacidad_proceso.py,[SUPUESTO],SUP-09A-02
ventana_24h,20000,6,ventana=media,h_limpieza,2.75,h,h,05_proceso_industrial/modelo_capacidad_proceso.py,[SUPUESTO],t_limpieza PROVISIONAL (no varía con escala)
ventana_24h,20000,6,ventana=media,h_sanitizacion,1.25,h,h,05_proceso_industrial/modelo_capacidad_proceso.py,[SUPUESTO],SUP-09A-02
ventana_24h,20000,6,ventana=media,h_mantenimiento,1,h,h,05_proceso_industrial/modelo_capacidad_proceso.py,[SUPUESTO],SUP-09A-02
ventana_24h,20000,6,ventana=media,ventana_total_establecimiento,13.976667,h,h,05_proceso_industrial/modelo_capacidad_proceso.py,[SUPUESTO],SUP-09A-02; relación con la escala provisional
ventana_24h,20000,6,ventana=media,holgura_24h,10.023333,h,h,05_proceso_industrial/modelo_capacidad_proceso.py,[SUPUESTO],negativa = restricción severa de calendario; validar con proveedores y plantas antes de descartar
ventana_24h,20000,6,ventana=media,alerta_calendario,0,0/1,h,05_proceso_industrial/modelo_capacidad_proceso.py,[SUPUESTO],1 = alerta (no descarte)
ventana_24h,20000,6,ventana=conservadora,h_faena_neta,6,h,h,05_proceso_industrial/modelo_capacidad_proceso.py,[ESTIMACIÓN],SUP-09A-02
ventana_24h,20000,6,ventana=conservadora,h_paradas_durante_produccion,1.058824,h,h,05_proceso_industrial/modelo_capacidad_proceso.py,[SUPUESTO],SUP-09A-02
ventana_24h,20000,6,ventana=conservadora,h_pausas,0.75,h,h,05_proceso_industrial/modelo_capacidad_proceso.py,[SUPUESTO],SUP-09A-02
ventana_24h,20000,6,ventana=conservadora,h_cambio_turno,0,h,h,05_proceso_industrial/modelo_capacidad_proceso.py,[SUPUESTO],SUP-09A-02
ventana_24h,20000,6,ventana=conservadora,h_preparacion_arranque,1,h,h,05_proceso_industrial/modelo_capacidad_proceso.py,[SUPUESTO],SUP-09A-02
ventana_24h,20000,6,ventana=conservadora,h_cierre_vaciado,1,h,h,05_proceso_industrial/modelo_capacidad_proceso.py,[SUPUESTO],SUP-09A-02
ventana_24h,20000,6,ventana=conservadora,h_limpieza_intermedia,0.375,h,h,05_proceso_industrial/modelo_capacidad_proceso.py,[SUPUESTO],SUP-09A-02
ventana_24h,20000,6,ventana=conservadora,h_limpieza,4,h,h,05_proceso_industrial/modelo_capacidad_proceso.py,[SUPUESTO],t_limpieza PROVISIONAL (no varía con escala)
ventana_24h,20000,6,ventana=conservadora,h_sanitizacion,2,h,h,05_proceso_industrial/modelo_capacidad_proceso.py,[SUPUESTO],SUP-09A-02
ventana_24h,20000,6,ventana=conservadora,h_mantenimiento,2,h,h,05_proceso_industrial/modelo_capacidad_proceso.py,[SUPUESTO],SUP-09A-02
ventana_24h,20000,6,ventana=conservadora,ventana_total_establecimiento,18.183824,h,h,05_proceso_industrial/modelo_capacidad_proceso.py,[SUPUESTO],SUP-09A-02; relación con la escala provisional
ventana_24h,20000,6,ventana=conservadora,holgura_24h,5.816176,h,h,05_proceso_industrial/modelo_capacidad_proceso.py,[SUPUESTO],negativa = restricción severa de calendario; validar con proveedores y plantas antes de descartar
ventana_24h,20000,6,ventana=conservadora,alerta_calendario,0,0/1,h,05_proceso_industrial/modelo_capacidad_proceso.py,[SUPUESTO],1 = alerta (no descarte)
enfriamiento,20000,6,residencia=inmersion,carcasas_simultaneas_en_enfriamiento,2777.777778,aves,aves,05_proceso_industrial/modelo_capacidad_proceso.py,[SUPUESTO],50 min; SUP-09A-04 [PVDP]
enfriamiento,20000,6,residencia=inmersion,kg_carcasa_simultaneos_en_enfriamiento,5759.722222,kg,biologica,04_balance_masa/modelo_balance_masa.py (v1.1) vía modelo_escala.kg_por_ave,[SUPUESTO],"carcasa eviscerada caliente 2,9 kg (sin agua)"
enfriamiento,20000,6,residencia=aire_min,carcasas_simultaneas_en_enfriamiento,5000,aves,aves,05_proceso_industrial/modelo_capacidad_proceso.py,[SUPUESTO],90 min; SUP-09A-04 [PVDP]
enfriamiento,20000,6,residencia=aire_min,kg_carcasa_simultaneos_en_enfriamiento,10367.5,kg,biologica,04_balance_masa/modelo_balance_masa.py (v1.1) vía modelo_escala.kg_por_ave,[SUPUESTO],"carcasa eviscerada caliente 2,9 kg (sin agua)"
enfriamiento,20000,6,residencia=aire_max,carcasas_simultaneas_en_enfriamiento,8333.333333,aves,aves,05_proceso_industrial/modelo_capacidad_proceso.py,[SUPUESTO],150 min; SUP-09A-04 [PVDP]
enfriamiento,20000,6,residencia=aire_max,kg_carcasa_simultaneos_en_enfriamiento,17279.166667,kg,biologica,04_balance_masa/modelo_balance_masa.py (v1.1) vía modelo_escala.kg_por_ave,[SUPUESTO],"carcasa eviscerada caliente 2,9 kg (sin agua)"
puestos_manuales,20000,6,colgado;referencia,puestos_equivalentes,3,puestos,aves,05_proceso_industrial/modelo_capacidad_proceso.py,[SUPUESTO],productividad FTE-09A-026 [PVDP · débil]; no es dotación
puestos_manuales,20000,6,colgado;prudente,puestos_equivalentes,5,puestos,aves,05_proceso_industrial/modelo_capacidad_proceso.py,[SUPUESTO],productividad FTE-09A-026 [PVDP · débil]; no es dotación
puestos_manuales,20000,6,eviscerado_manual;referencia,puestos_equivalentes,28,puestos,aves,05_proceso_industrial/modelo_capacidad_proceso.py,[SUPUESTO],productividad FTE-09A-025 [PVDP · débil]; no es dotación
puestos_manuales,20000,6,eviscerado_manual;prudente,puestos_equivalentes,56,puestos,aves,05_proceso_industrial/modelo_capacidad_proceso.py,[SUPUESTO],productividad FTE-09A-025 [PVDP · débil]; no es dotación
flujo_hora,20000,6,config=A,peso_vivo_kg_h,9666.666667,kg/h,vivo,04_balance_masa/modelo_balance_masa.py (v1.1) vía modelo_escala.kg_por_ave,[ESTIMACIÓN],
flujo_hora,20000,6,config=A,carcasa_pre_chiller_kg_h,6911.666667,kg/h,biologica,04_balance_masa/modelo_balance_masa.py (v1.1) vía modelo_escala.kg_por_ave,[ESTIMACIÓN],
flujo_hora,20000,6,config=A,a_trozado_kg_h,407.268576,kg/h,biologica,04_balance_masa/modelo_balance_masa.py (v1.1) vía modelo_escala.kg_por_ave,[ESTIMACIÓN],
flujo_hora,20000,6,config=A,comestible_a_empaque_kg_h,8020.181335,kg/h,comercial,04_balance_masa/modelo_balance_masa.py (v1.1) vía modelo_escala.kg_por_ave,[ESTIMACIÓN],
flujo_hora,20000,6,config=A,sangre_recuperada_kg_h,279.366667,kg/h,biologica,04_balance_masa/modelo_balance_masa.py (v1.1) vía modelo_escala.kg_por_ave,[ESTIMACIÓN],
flujo_hora,20000,6,config=A,plumas_humedas_kg_h,804.266667,kg/h,biologica+agua,04_balance_masa/modelo_balance_masa.py (v1.1) vía modelo_escala.kg_por_ave,[ESTIMACIÓN],
flujo_hora,20000,6,config=A,visceras_no_comestibles_kg_h,435,kg/h,biologica,04_balance_masa/modelo_balance_masa.py (v1.1) vía modelo_escala.kg_por_ave,[ESTIMACIÓN],
flujo_hora,20000,6,config=A,cabezas_kg_h,241.666667,kg/h,biologica,04_balance_masa/modelo_balance_masa.py (v1.1) vía modelo_escala.kg_por_ave,[ESTIMACIÓN],
flujo_hora,20000,6,config=A,garras_a_y_segunda_kg_h,336.840075,kg/h,comercial,04_balance_masa/modelo_balance_masa.py (v1.1) vía modelo_escala.kg_por_ave,[ESTIMACIÓN],
flujo_hora,20000,6,config=A,menudencias_y_cuello_kg_h,612.48,kg/h,comercial,04_balance_masa/modelo_balance_masa.py (v1.1) vía modelo_escala.kg_por_ave,[ESTIMACIÓN],
flujo_hora,20000,6,config=A,solidos_a_retirar_kg_h,2027.842158,kg/h,biologica+agua,04_balance_masa/modelo_balance_masa.py (v1.1) vía modelo_escala.kg_por_ave,[ESTIMACIÓN],
flujo_hora,20000,6,config=A,rendering_potencial_kg_h,1778.028425,kg/h,biologica+agua,04_balance_masa/modelo_balance_masa.py (v1.1) vía modelo_escala.kg_por_ave,[ESTIMACIÓN],
flujo_hora,20000,6,config=B,peso_vivo_kg_h,9666.666667,kg/h,vivo,04_balance_masa/modelo_balance_masa.py (v1.1) vía modelo_escala.kg_por_ave,[ESTIMACIÓN],
flujo_hora,20000,6,config=B,carcasa_pre_chiller_kg_h,6911.666667,kg/h,biologica,04_balance_masa/modelo_balance_masa.py (v1.1) vía modelo_escala.kg_por_ave,[ESTIMACIÓN],
flujo_hora,20000,6,config=B,a_trozado_kg_h,6787.8096,kg/h,biologica,04_balance_masa/modelo_balance_masa.py (v1.1) vía modelo_escala.kg_por_ave,[ESTIMACIÓN],
flujo_hora,20000,6,config=B,comestible_a_empaque_kg_h,7988.27863,kg/h,comercial,04_balance_masa/modelo_balance_masa.py (v1.1) vía modelo_escala.kg_por_ave,[ESTIMACIÓN],
flujo_hora,20000,6,config=B,sangre_recuperada_kg_h,279.366667,kg/h,biologica,04_balance_masa/modelo_balance_masa.py (v1.1) vía modelo_escala.kg_por_ave,[ESTIMACIÓN],
flujo_hora,20000,6,config=B,plumas_humedas_kg_h,804.266667,kg/h,biologica+agua,04_balance_masa/modelo_balance_masa.py (v1.1) vía modelo_escala.kg_por_ave,[ESTIMACIÓN],
flujo_hora,20000,6,config=B,visceras_no_comestibles_kg_h,435,kg/h,biologica,04_balance_masa/modelo_balance_masa.py (v1.1) vía modelo_escala.kg_por_ave,[ESTIMACIÓN],
flujo_hora,20000,6,config=B,cabezas_kg_h,241.666667,kg/h,biologica,04_balance_masa/modelo_balance_masa.py (v1.1) vía modelo_escala.kg_por_ave,[ESTIMACIÓN],
flujo_hora,20000,6,config=B,garras_a_y_segunda_kg_h,336.840075,kg/h,comercial,04_balance_masa/modelo_balance_masa.py (v1.1) vía modelo_escala.kg_por_ave,[ESTIMACIÓN],
flujo_hora,20000,6,config=B,menudencias_y_cuello_kg_h,612.48,kg/h,comercial,04_balance_masa/modelo_balance_masa.py (v1.1) vía modelo_escala.kg_por_ave,[ESTIMACIÓN],
flujo_hora,20000,6,config=B,solidos_a_retirar_kg_h,2027.842158,kg/h,biologica+agua,04_balance_masa/modelo_balance_masa.py (v1.1) vía modelo_escala.kg_por_ave,[ESTIMACIÓN],
flujo_hora,20000,6,config=B,rendering_potencial_kg_h,1778.028425,kg/h,biologica+agua,04_balance_masa/modelo_balance_masa.py (v1.1) vía modelo_escala.kg_por_ave,[ESTIMACIÓN],
flujo_hora,20000,6,config=C,peso_vivo_kg_h,9666.666667,kg/h,vivo,04_balance_masa/modelo_balance_masa.py (v1.1) vía modelo_escala.kg_por_ave,[ESTIMACIÓN],
flujo_hora,20000,6,config=C,carcasa_pre_chiller_kg_h,6911.666667,kg/h,biologica,04_balance_masa/modelo_balance_masa.py (v1.1) vía modelo_escala.kg_por_ave,[ESTIMACIÓN],
flujo_hora,20000,6,config=C,a_trozado_kg_h,5477.762347,kg/h,biologica,04_balance_masa/modelo_balance_masa.py (v1.1) vía modelo_escala.kg_por_ave,[ESTIMACIÓN],
flujo_hora,20000,6,config=C,a_deshuese_kg_h,3833.754862,kg/h,biologica,04_balance_masa/modelo_balance_masa.py (v1.1) vía modelo_escala.kg_por_ave,[ESTIMACIÓN],
flujo_hora,20000,6,config=C,a_cms_kg_h,1310.047253,kg/h,biologica,04_balance_masa/modelo_balance_masa.py (v1.1) vía modelo_escala.kg_por_ave,[ESTIMACIÓN],
flujo_hora,20000,6,config=C,comestible_a_empaque_kg_h,6833.708791,kg/h,comercial,04_balance_masa/modelo_balance_masa.py (v1.1) vía modelo_escala.kg_por_ave,[ESTIMACIÓN],
flujo_hora,20000,6,config=C,sangre_recuperada_kg_h,279.366667,kg/h,biologica,04_balance_masa/modelo_balance_masa.py (v1.1) vía modelo_escala.kg_por_ave,[ESTIMACIÓN],
flujo_hora,20000,6,config=C,plumas_humedas_kg_h,804.266667,kg/h,biologica+agua,04_balance_masa/modelo_balance_masa.py (v1.1) vía modelo_escala.kg_por_ave,[ESTIMACIÓN],
flujo_hora,20000,6,config=C,visceras_no_comestibles_kg_h,435,kg/h,biologica,04_balance_masa/modelo_balance_masa.py (v1.1) vía modelo_escala.kg_por_ave,[ESTIMACIÓN],
flujo_hora,20000,6,config=C,cabezas_kg_h,241.666667,kg/h,biologica,04_balance_masa/modelo_balance_masa.py (v1.1) vía modelo_escala.kg_por_ave,[ESTIMACIÓN],
flujo_hora,20000,6,config=C,garras_a_y_segunda_kg_h,336.840075,kg/h,comercial,04_balance_masa/modelo_balance_masa.py (v1.1) vía modelo_escala.kg_por_ave,[ESTIMACIÓN],
flujo_hora,20000,6,config=C,menudencias_y_cuello_kg_h,612.48,kg/h,comercial,04_balance_masa/modelo_balance_masa.py (v1.1) vía modelo_escala.kg_por_ave,[ESTIMACIÓN],
flujo_hora,20000,6,config=C,solidos_a_retirar_kg_h,3130.973976,kg/h,biologica+agua,04_balance_masa/modelo_balance_masa.py (v1.1) vía modelo_escala.kg_por_ave,[ESTIMACIÓN],
flujo_hora,20000,6,config=C,rendering_potencial_kg_h,2881.160243,kg/h,biologica+agua,04_balance_masa/modelo_balance_masa.py (v1.1) vía modelo_escala.kg_por_ave,[ESTIMACIÓN],
ritmo,20000,8,,ritmo_operativo_requerido,2500,aves/h,aves,05_proceso_industrial/modelo_capacidad_proceso.py,[ESTIMACIÓN],= E / h netas; igual a 23_plan_expansion (T01)
ritmo,20000,8,,aves_por_minuto,41.666667,aves/min,aves,05_proceso_industrial/modelo_capacidad_proceso.py,[ESTIMACIÓN],
ritmo,20000,8,,segundos_por_ave,1.44,s,aves,05_proceso_industrial/modelo_capacidad_proceso.py,[ESTIMACIÓN],
ritmo_nominal,20000,8,sensibilidad=baja,ritmo_nominal_requerido_h_netas,3048.780488,aves/h,aves,05_proceso_industrial/modelo_capacidad_proceso.py,[SUPUESTO],= E/(h×R); R = 0.82; SUP-09A-01; sensibilidad del modelo; NO es desempeño industrial demostrado
ritmo_nominal,20000,8,sensibilidad=baja,ritmo_nominal_requerido_h_programadas,3586.800574,aves/h,aves,05_proceso_industrial/modelo_capacidad_proceso.py,[SUPUESTO],= E/(h×D×R) si h incluyera paradas; η = 0.697; sensibilidad del modelo; NO es desempeño industrial demostrado
ritmo_nominal,20000,8,sensibilidad=media,ritmo_nominal_requerido_h_netas,2808.988764,aves/h,aves,05_proceso_industrial/modelo_capacidad_proceso.py,[SUPUESTO],= E/(h×R); R = 0.89; SUP-09A-01; sensibilidad del modelo; NO es desempeño industrial demostrado
ritmo_nominal,20000,8,sensibilidad=media,ritmo_nominal_requerido_h_programadas,3121.098627,aves/h,aves,05_proceso_industrial/modelo_capacidad_proceso.py,[SUPUESTO],= E/(h×D×R) si h incluyera paradas; η = 0.801; sensibilidad del modelo; NO es desempeño industrial demostrado
ritmo_nominal,20000,8,sensibilidad=alta,ritmo_nominal_requerido_h_netas,2631.578947,aves/h,aves,05_proceso_industrial/modelo_capacidad_proceso.py,[SUPUESTO],= E/(h×R); R = 0.95; SUP-09A-01; sensibilidad del modelo; NO es desempeño industrial demostrado
ritmo_nominal,20000,8,sensibilidad=alta,ritmo_nominal_requerido_h_programadas,2770.083102,aves/h,aves,05_proceso_industrial/modelo_capacidad_proceso.py,[SUPUESTO],= E/(h×D×R) si h incluyera paradas; η = 0.902; sensibilidad del modelo; NO es desempeño industrial demostrado
ventana_24h,20000,8,ventana=optimista,h_faena_neta,8,h,h,05_proceso_industrial/modelo_capacidad_proceso.py,[ESTIMACIÓN],SUP-09A-02
ventana_24h,20000,8,ventana=optimista,h_paradas_durante_produccion,0.421053,h,h,05_proceso_industrial/modelo_capacidad_proceso.py,[SUPUESTO],SUP-09A-02
ventana_24h,20000,8,ventana=optimista,h_pausas,0.5,h,h,05_proceso_industrial/modelo_capacidad_proceso.py,[SUPUESTO],SUP-09A-02
ventana_24h,20000,8,ventana=optimista,h_cambio_turno,0,h,h,05_proceso_industrial/modelo_capacidad_proceso.py,[SUPUESTO],SUP-09A-02
ventana_24h,20000,8,ventana=optimista,h_preparacion_arranque,0.5,h,h,05_proceso_industrial/modelo_capacidad_proceso.py,[SUPUESTO],SUP-09A-02
ventana_24h,20000,8,ventana=optimista,h_cierre_vaciado,0.5,h,h,05_proceso_industrial/modelo_capacidad_proceso.py,[SUPUESTO],SUP-09A-02
ventana_24h,20000,8,ventana=optimista,h_limpieza_intermedia,0.25,h,h,05_proceso_industrial/modelo_capacidad_proceso.py,[SUPUESTO],SUP-09A-02
ventana_24h,20000,8,ventana=optimista,h_limpieza,2,h,h,05_proceso_industrial/modelo_capacidad_proceso.py,[SUPUESTO],t_limpieza PROVISIONAL (no varía con escala)
ventana_24h,20000,8,ventana=optimista,h_sanitizacion,1,h,h,05_proceso_industrial/modelo_capacidad_proceso.py,[SUPUESTO],SUP-09A-02
ventana_24h,20000,8,ventana=optimista,h_mantenimiento,0.5,h,h,05_proceso_industrial/modelo_capacidad_proceso.py,[SUPUESTO],SUP-09A-02
ventana_24h,20000,8,ventana=optimista,ventana_total_establecimiento,13.671053,h,h,05_proceso_industrial/modelo_capacidad_proceso.py,[SUPUESTO],SUP-09A-02; relación con la escala provisional
ventana_24h,20000,8,ventana=optimista,holgura_24h,10.328947,h,h,05_proceso_industrial/modelo_capacidad_proceso.py,[SUPUESTO],negativa = restricción severa de calendario; validar con proveedores y plantas antes de descartar
ventana_24h,20000,8,ventana=optimista,alerta_calendario,0,0/1,h,05_proceso_industrial/modelo_capacidad_proceso.py,[SUPUESTO],1 = alerta (no descarte)
ventana_24h,20000,8,ventana=media,h_faena_neta,8,h,h,05_proceso_industrial/modelo_capacidad_proceso.py,[ESTIMACIÓN],SUP-09A-02
ventana_24h,20000,8,ventana=media,h_paradas_durante_produccion,0.888889,h,h,05_proceso_industrial/modelo_capacidad_proceso.py,[SUPUESTO],SUP-09A-02
ventana_24h,20000,8,ventana=media,h_pausas,0.75,h,h,05_proceso_industrial/modelo_capacidad_proceso.py,[SUPUESTO],SUP-09A-02
ventana_24h,20000,8,ventana=media,h_cambio_turno,0,h,h,05_proceso_industrial/modelo_capacidad_proceso.py,[SUPUESTO],SUP-09A-02
ventana_24h,20000,8,ventana=media,h_preparacion_arranque,0.75,h,h,05_proceso_industrial/modelo_capacidad_proceso.py,[SUPUESTO],SUP-09A-02
ventana_24h,20000,8,ventana=media,h_cierre_vaciado,0.75,h,h,05_proceso_industrial/modelo_capacidad_proceso.py,[SUPUESTO],SUP-09A-02
ventana_24h,20000,8,ventana=media,h_limpieza_intermedia,0.33,h,h,05_proceso_industrial/modelo_capacidad_proceso.py,[SUPUESTO],SUP-09A-02
ventana_24h,20000,8,ventana=media,h_limpieza,2.75,h,h,05_proceso_industrial/modelo_capacidad_proceso.py,[SUPUESTO],t_limpieza PROVISIONAL (no varía con escala)
ventana_24h,20000,8,ventana=media,h_sanitizacion,1.25,h,h,05_proceso_industrial/modelo_capacidad_proceso.py,[SUPUESTO],SUP-09A-02
ventana_24h,20000,8,ventana=media,h_mantenimiento,1,h,h,05_proceso_industrial/modelo_capacidad_proceso.py,[SUPUESTO],SUP-09A-02
ventana_24h,20000,8,ventana=media,ventana_total_establecimiento,16.468889,h,h,05_proceso_industrial/modelo_capacidad_proceso.py,[SUPUESTO],SUP-09A-02; relación con la escala provisional
ventana_24h,20000,8,ventana=media,holgura_24h,7.531111,h,h,05_proceso_industrial/modelo_capacidad_proceso.py,[SUPUESTO],negativa = restricción severa de calendario; validar con proveedores y plantas antes de descartar
ventana_24h,20000,8,ventana=media,alerta_calendario,0,0/1,h,05_proceso_industrial/modelo_capacidad_proceso.py,[SUPUESTO],1 = alerta (no descarte)
ventana_24h,20000,8,ventana=conservadora,h_faena_neta,8,h,h,05_proceso_industrial/modelo_capacidad_proceso.py,[ESTIMACIÓN],SUP-09A-02
ventana_24h,20000,8,ventana=conservadora,h_paradas_durante_produccion,1.411765,h,h,05_proceso_industrial/modelo_capacidad_proceso.py,[SUPUESTO],SUP-09A-02
ventana_24h,20000,8,ventana=conservadora,h_pausas,1,h,h,05_proceso_industrial/modelo_capacidad_proceso.py,[SUPUESTO],SUP-09A-02
ventana_24h,20000,8,ventana=conservadora,h_cambio_turno,0,h,h,05_proceso_industrial/modelo_capacidad_proceso.py,[SUPUESTO],SUP-09A-02
ventana_24h,20000,8,ventana=conservadora,h_preparacion_arranque,1,h,h,05_proceso_industrial/modelo_capacidad_proceso.py,[SUPUESTO],SUP-09A-02
ventana_24h,20000,8,ventana=conservadora,h_cierre_vaciado,1,h,h,05_proceso_industrial/modelo_capacidad_proceso.py,[SUPUESTO],SUP-09A-02
ventana_24h,20000,8,ventana=conservadora,h_limpieza_intermedia,0.5,h,h,05_proceso_industrial/modelo_capacidad_proceso.py,[SUPUESTO],SUP-09A-02
ventana_24h,20000,8,ventana=conservadora,h_limpieza,4,h,h,05_proceso_industrial/modelo_capacidad_proceso.py,[SUPUESTO],t_limpieza PROVISIONAL (no varía con escala)
ventana_24h,20000,8,ventana=conservadora,h_sanitizacion,2,h,h,05_proceso_industrial/modelo_capacidad_proceso.py,[SUPUESTO],SUP-09A-02
ventana_24h,20000,8,ventana=conservadora,h_mantenimiento,2,h,h,05_proceso_industrial/modelo_capacidad_proceso.py,[SUPUESTO],SUP-09A-02
ventana_24h,20000,8,ventana=conservadora,ventana_total_establecimiento,20.911765,h,h,05_proceso_industrial/modelo_capacidad_proceso.py,[SUPUESTO],SUP-09A-02; relación con la escala provisional
ventana_24h,20000,8,ventana=conservadora,holgura_24h,3.088235,h,h,05_proceso_industrial/modelo_capacidad_proceso.py,[SUPUESTO],negativa = restricción severa de calendario; validar con proveedores y plantas antes de descartar
ventana_24h,20000,8,ventana=conservadora,alerta_calendario,0,0/1,h,05_proceso_industrial/modelo_capacidad_proceso.py,[SUPUESTO],1 = alerta (no descarte)
enfriamiento,20000,8,residencia=inmersion,carcasas_simultaneas_en_enfriamiento,2083.333333,aves,aves,05_proceso_industrial/modelo_capacidad_proceso.py,[SUPUESTO],50 min; SUP-09A-04 [PVDP]
enfriamiento,20000,8,residencia=inmersion,kg_carcasa_simultaneos_en_enfriamiento,4319.791667,kg,biologica,04_balance_masa/modelo_balance_masa.py (v1.1) vía modelo_escala.kg_por_ave,[SUPUESTO],"carcasa eviscerada caliente 2,9 kg (sin agua)"
enfriamiento,20000,8,residencia=aire_min,carcasas_simultaneas_en_enfriamiento,3750,aves,aves,05_proceso_industrial/modelo_capacidad_proceso.py,[SUPUESTO],90 min; SUP-09A-04 [PVDP]
enfriamiento,20000,8,residencia=aire_min,kg_carcasa_simultaneos_en_enfriamiento,7775.625,kg,biologica,04_balance_masa/modelo_balance_masa.py (v1.1) vía modelo_escala.kg_por_ave,[SUPUESTO],"carcasa eviscerada caliente 2,9 kg (sin agua)"
enfriamiento,20000,8,residencia=aire_max,carcasas_simultaneas_en_enfriamiento,6250,aves,aves,05_proceso_industrial/modelo_capacidad_proceso.py,[SUPUESTO],150 min; SUP-09A-04 [PVDP]
enfriamiento,20000,8,residencia=aire_max,kg_carcasa_simultaneos_en_enfriamiento,12959.375,kg,biologica,04_balance_masa/modelo_balance_masa.py (v1.1) vía modelo_escala.kg_por_ave,[SUPUESTO],"carcasa eviscerada caliente 2,9 kg (sin agua)"
puestos_manuales,20000,8,colgado;referencia,puestos_equivalentes,2,puestos,aves,05_proceso_industrial/modelo_capacidad_proceso.py,[SUPUESTO],productividad FTE-09A-026 [PVDP · débil]; no es dotación
puestos_manuales,20000,8,colgado;prudente,puestos_equivalentes,4,puestos,aves,05_proceso_industrial/modelo_capacidad_proceso.py,[SUPUESTO],productividad FTE-09A-026 [PVDP · débil]; no es dotación
puestos_manuales,20000,8,eviscerado_manual;referencia,puestos_equivalentes,21,puestos,aves,05_proceso_industrial/modelo_capacidad_proceso.py,[SUPUESTO],productividad FTE-09A-025 [PVDP · débil]; no es dotación
puestos_manuales,20000,8,eviscerado_manual;prudente,puestos_equivalentes,42,puestos,aves,05_proceso_industrial/modelo_capacidad_proceso.py,[SUPUESTO],productividad FTE-09A-025 [PVDP · débil]; no es dotación
flujo_hora,20000,8,config=A,peso_vivo_kg_h,7250,kg/h,vivo,04_balance_masa/modelo_balance_masa.py (v1.1) vía modelo_escala.kg_por_ave,[ESTIMACIÓN],
flujo_hora,20000,8,config=A,carcasa_pre_chiller_kg_h,5183.75,kg/h,biologica,04_balance_masa/modelo_balance_masa.py (v1.1) vía modelo_escala.kg_por_ave,[ESTIMACIÓN],
flujo_hora,20000,8,config=A,a_trozado_kg_h,305.451432,kg/h,biologica,04_balance_masa/modelo_balance_masa.py (v1.1) vía modelo_escala.kg_por_ave,[ESTIMACIÓN],
flujo_hora,20000,8,config=A,comestible_a_empaque_kg_h,6015.136001,kg/h,comercial,04_balance_masa/modelo_balance_masa.py (v1.1) vía modelo_escala.kg_por_ave,[ESTIMACIÓN],
flujo_hora,20000,8,config=A,sangre_recuperada_kg_h,209.525,kg/h,biologica,04_balance_masa/modelo_balance_masa.py (v1.1) vía modelo_escala.kg_por_ave,[ESTIMACIÓN],
flujo_hora,20000,8,config=A,plumas_humedas_kg_h,603.2,kg/h,biologica+agua,04_balance_masa/modelo_balance_masa.py (v1.1) vía modelo_escala.kg_por_ave,[ESTIMACIÓN],
flujo_hora,20000,8,config=A,visceras_no_comestibles_kg_h,326.25,kg/h,biologica,04_balance_masa/modelo_balance_masa.py (v1.1) vía modelo_escala.kg_por_ave,[ESTIMACIÓN],
flujo_hora,20000,8,config=A,cabezas_kg_h,181.25,kg/h,biologica,04_balance_masa/modelo_balance_masa.py (v1.1) vía modelo_escala.kg_por_ave,[ESTIMACIÓN],
flujo_hora,20000,8,config=A,garras_a_y_segunda_kg_h,252.630056,kg/h,comercial,04_balance_masa/modelo_balance_masa.py (v1.1) vía modelo_escala.kg_por_ave,[ESTIMACIÓN],
flujo_hora,20000,8,config=A,menudencias_y_cuello_kg_h,459.36,kg/h,comercial,04_balance_masa/modelo_balance_masa.py (v1.1) vía modelo_escala.kg_por_ave,[ESTIMACIÓN],
flujo_hora,20000,8,config=A,solidos_a_retirar_kg_h,1520.881619,kg/h,biologica+agua,04_balance_masa/modelo_balance_masa.py (v1.1) vía modelo_escala.kg_por_ave,[ESTIMACIÓN],
flujo_hora,20000,8,config=A,rendering_potencial_kg_h,1333.521319,kg/h,biologica+agua,04_balance_masa/modelo_balance_masa.py (v1.1) vía modelo_escala.kg_por_ave,[ESTIMACIÓN],
flujo_hora,20000,8,config=B,peso_vivo_kg_h,7250,kg/h,vivo,04_balance_masa/modelo_balance_masa.py (v1.1) vía modelo_escala.kg_por_ave,[ESTIMACIÓN],
flujo_hora,20000,8,config=B,carcasa_pre_chiller_kg_h,5183.75,kg/h,biologica,04_balance_masa/modelo_balance_masa.py (v1.1) vía modelo_escala.kg_por_ave,[ESTIMACIÓN],
flujo_hora,20000,8,config=B,a_trozado_kg_h,5090.8572,kg/h,biologica,04_balance_masa/modelo_balance_masa.py (v1.1) vía modelo_escala.kg_por_ave,[ESTIMACIÓN],
flujo_hora,20000,8,config=B,comestible_a_empaque_kg_h,5991.208973,kg/h,comercial,04_balance_masa/modelo_balance_masa.py (v1.1) vía modelo_escala.kg_por_ave,[ESTIMACIÓN],
flujo_hora,20000,8,config=B,sangre_recuperada_kg_h,209.525,kg/h,biologica,04_balance_masa/modelo_balance_masa.py (v1.1) vía modelo_escala.kg_por_ave,[ESTIMACIÓN],
flujo_hora,20000,8,config=B,plumas_humedas_kg_h,603.2,kg/h,biologica+agua,04_balance_masa/modelo_balance_masa.py (v1.1) vía modelo_escala.kg_por_ave,[ESTIMACIÓN],
flujo_hora,20000,8,config=B,visceras_no_comestibles_kg_h,326.25,kg/h,biologica,04_balance_masa/modelo_balance_masa.py (v1.1) vía modelo_escala.kg_por_ave,[ESTIMACIÓN],
flujo_hora,20000,8,config=B,cabezas_kg_h,181.25,kg/h,biologica,04_balance_masa/modelo_balance_masa.py (v1.1) vía modelo_escala.kg_por_ave,[ESTIMACIÓN],
flujo_hora,20000,8,config=B,garras_a_y_segunda_kg_h,252.630056,kg/h,comercial,04_balance_masa/modelo_balance_masa.py (v1.1) vía modelo_escala.kg_por_ave,[ESTIMACIÓN],
flujo_hora,20000,8,config=B,menudencias_y_cuello_kg_h,459.36,kg/h,comercial,04_balance_masa/modelo_balance_masa.py (v1.1) vía modelo_escala.kg_por_ave,[ESTIMACIÓN],
flujo_hora,20000,8,config=B,solidos_a_retirar_kg_h,1520.881619,kg/h,biologica+agua,04_balance_masa/modelo_balance_masa.py (v1.1) vía modelo_escala.kg_por_ave,[ESTIMACIÓN],
flujo_hora,20000,8,config=B,rendering_potencial_kg_h,1333.521319,kg/h,biologica+agua,04_balance_masa/modelo_balance_masa.py (v1.1) vía modelo_escala.kg_por_ave,[ESTIMACIÓN],
flujo_hora,20000,8,config=C,peso_vivo_kg_h,7250,kg/h,vivo,04_balance_masa/modelo_balance_masa.py (v1.1) vía modelo_escala.kg_por_ave,[ESTIMACIÓN],
flujo_hora,20000,8,config=C,carcasa_pre_chiller_kg_h,5183.75,kg/h,biologica,04_balance_masa/modelo_balance_masa.py (v1.1) vía modelo_escala.kg_por_ave,[ESTIMACIÓN],
flujo_hora,20000,8,config=C,a_trozado_kg_h,4108.32176,kg/h,biologica,04_balance_masa/modelo_balance_masa.py (v1.1) vía modelo_escala.kg_por_ave,[ESTIMACIÓN],
flujo_hora,20000,8,config=C,a_deshuese_kg_h,2875.316147,kg/h,biologica,04_balance_masa/modelo_balance_masa.py (v1.1) vía modelo_escala.kg_por_ave,[ESTIMACIÓN],
flujo_hora,20000,8,config=C,a_cms_kg_h,982.53544,kg/h,biologica,04_balance_masa/modelo_balance_masa.py (v1.1) vía modelo_escala.kg_por_ave,[ESTIMACIÓN],
flujo_hora,20000,8,config=C,comestible_a_empaque_kg_h,5125.281593,kg/h,comercial,04_balance_masa/modelo_balance_masa.py (v1.1) vía modelo_escala.kg_por_ave,[ESTIMACIÓN],
flujo_hora,20000,8,config=C,sangre_recuperada_kg_h,209.525,kg/h,biologica,04_balance_masa/modelo_balance_masa.py (v1.1) vía modelo_escala.kg_por_ave,[ESTIMACIÓN],
flujo_hora,20000,8,config=C,plumas_humedas_kg_h,603.2,kg/h,biologica+agua,04_balance_masa/modelo_balance_masa.py (v1.1) vía modelo_escala.kg_por_ave,[ESTIMACIÓN],
flujo_hora,20000,8,config=C,visceras_no_comestibles_kg_h,326.25,kg/h,biologica,04_balance_masa/modelo_balance_masa.py (v1.1) vía modelo_escala.kg_por_ave,[ESTIMACIÓN],
flujo_hora,20000,8,config=C,cabezas_kg_h,181.25,kg/h,biologica,04_balance_masa/modelo_balance_masa.py (v1.1) vía modelo_escala.kg_por_ave,[ESTIMACIÓN],
flujo_hora,20000,8,config=C,garras_a_y_segunda_kg_h,252.630056,kg/h,comercial,04_balance_masa/modelo_balance_masa.py (v1.1) vía modelo_escala.kg_por_ave,[ESTIMACIÓN],
flujo_hora,20000,8,config=C,menudencias_y_cuello_kg_h,459.36,kg/h,comercial,04_balance_masa/modelo_balance_masa.py (v1.1) vía modelo_escala.kg_por_ave,[ESTIMACIÓN],
flujo_hora,20000,8,config=C,solidos_a_retirar_kg_h,2348.230482,kg/h,biologica+agua,04_balance_masa/modelo_balance_masa.py (v1.1) vía modelo_escala.kg_por_ave,[ESTIMACIÓN],
flujo_hora,20000,8,config=C,rendering_potencial_kg_h,2160.870182,kg/h,biologica+agua,04_balance_masa/modelo_balance_masa.py (v1.1) vía modelo_escala.kg_por_ave,[ESTIMACIÓN],
ritmo,20000,10,,ritmo_operativo_requerido,2000,aves/h,aves,05_proceso_industrial/modelo_capacidad_proceso.py,[ESTIMACIÓN],= E / h netas; igual a 23_plan_expansion (T01)
ritmo,20000,10,,aves_por_minuto,33.333333,aves/min,aves,05_proceso_industrial/modelo_capacidad_proceso.py,[ESTIMACIÓN],
ritmo,20000,10,,segundos_por_ave,1.8,s,aves,05_proceso_industrial/modelo_capacidad_proceso.py,[ESTIMACIÓN],
ritmo_nominal,20000,10,sensibilidad=baja,ritmo_nominal_requerido_h_netas,2439.02439,aves/h,aves,05_proceso_industrial/modelo_capacidad_proceso.py,[SUPUESTO],= E/(h×R); R = 0.82; SUP-09A-01; sensibilidad del modelo; NO es desempeño industrial demostrado
ritmo_nominal,20000,10,sensibilidad=baja,ritmo_nominal_requerido_h_programadas,2869.440459,aves/h,aves,05_proceso_industrial/modelo_capacidad_proceso.py,[SUPUESTO],= E/(h×D×R) si h incluyera paradas; η = 0.697; sensibilidad del modelo; NO es desempeño industrial demostrado
ritmo_nominal,20000,10,sensibilidad=media,ritmo_nominal_requerido_h_netas,2247.191011,aves/h,aves,05_proceso_industrial/modelo_capacidad_proceso.py,[SUPUESTO],= E/(h×R); R = 0.89; SUP-09A-01; sensibilidad del modelo; NO es desempeño industrial demostrado
ritmo_nominal,20000,10,sensibilidad=media,ritmo_nominal_requerido_h_programadas,2496.878901,aves/h,aves,05_proceso_industrial/modelo_capacidad_proceso.py,[SUPUESTO],= E/(h×D×R) si h incluyera paradas; η = 0.801; sensibilidad del modelo; NO es desempeño industrial demostrado
ritmo_nominal,20000,10,sensibilidad=alta,ritmo_nominal_requerido_h_netas,2105.263158,aves/h,aves,05_proceso_industrial/modelo_capacidad_proceso.py,[SUPUESTO],= E/(h×R); R = 0.95; SUP-09A-01; sensibilidad del modelo; NO es desempeño industrial demostrado
ritmo_nominal,20000,10,sensibilidad=alta,ritmo_nominal_requerido_h_programadas,2216.066482,aves/h,aves,05_proceso_industrial/modelo_capacidad_proceso.py,[SUPUESTO],= E/(h×D×R) si h incluyera paradas; η = 0.902; sensibilidad del modelo; NO es desempeño industrial demostrado
ventana_24h,20000,10,ventana=optimista,h_faena_neta,10,h,h,05_proceso_industrial/modelo_capacidad_proceso.py,[ESTIMACIÓN],SUP-09A-02
ventana_24h,20000,10,ventana=optimista,h_paradas_durante_produccion,0.526316,h,h,05_proceso_industrial/modelo_capacidad_proceso.py,[SUPUESTO],SUP-09A-02
ventana_24h,20000,10,ventana=optimista,h_pausas,0.625,h,h,05_proceso_industrial/modelo_capacidad_proceso.py,[SUPUESTO],SUP-09A-02
ventana_24h,20000,10,ventana=optimista,h_cambio_turno,0,h,h,05_proceso_industrial/modelo_capacidad_proceso.py,[SUPUESTO],SUP-09A-02
ventana_24h,20000,10,ventana=optimista,h_preparacion_arranque,0.5,h,h,05_proceso_industrial/modelo_capacidad_proceso.py,[SUPUESTO],SUP-09A-02
ventana_24h,20000,10,ventana=optimista,h_cierre_vaciado,0.5,h,h,05_proceso_industrial/modelo_capacidad_proceso.py,[SUPUESTO],SUP-09A-02
ventana_24h,20000,10,ventana=optimista,h_limpieza_intermedia,0.3125,h,h,05_proceso_industrial/modelo_capacidad_proceso.py,[SUPUESTO],SUP-09A-02
ventana_24h,20000,10,ventana=optimista,h_limpieza,2,h,h,05_proceso_industrial/modelo_capacidad_proceso.py,[SUPUESTO],t_limpieza PROVISIONAL (no varía con escala)
ventana_24h,20000,10,ventana=optimista,h_sanitizacion,1,h,h,05_proceso_industrial/modelo_capacidad_proceso.py,[SUPUESTO],SUP-09A-02
ventana_24h,20000,10,ventana=optimista,h_mantenimiento,0.5,h,h,05_proceso_industrial/modelo_capacidad_proceso.py,[SUPUESTO],SUP-09A-02
ventana_24h,20000,10,ventana=optimista,ventana_total_establecimiento,15.963816,h,h,05_proceso_industrial/modelo_capacidad_proceso.py,[SUPUESTO],SUP-09A-02; relación con la escala provisional
ventana_24h,20000,10,ventana=optimista,holgura_24h,8.036184,h,h,05_proceso_industrial/modelo_capacidad_proceso.py,[SUPUESTO],negativa = restricción severa de calendario; validar con proveedores y plantas antes de descartar
ventana_24h,20000,10,ventana=optimista,alerta_calendario,0,0/1,h,05_proceso_industrial/modelo_capacidad_proceso.py,[SUPUESTO],1 = alerta (no descarte)
ventana_24h,20000,10,ventana=media,h_faena_neta,10,h,h,05_proceso_industrial/modelo_capacidad_proceso.py,[ESTIMACIÓN],SUP-09A-02
ventana_24h,20000,10,ventana=media,h_paradas_durante_produccion,1.111111,h,h,05_proceso_industrial/modelo_capacidad_proceso.py,[SUPUESTO],SUP-09A-02
ventana_24h,20000,10,ventana=media,h_pausas,0.9375,h,h,05_proceso_industrial/modelo_capacidad_proceso.py,[SUPUESTO],SUP-09A-02
ventana_24h,20000,10,ventana=media,h_cambio_turno,0,h,h,05_proceso_industrial/modelo_capacidad_proceso.py,[SUPUESTO],SUP-09A-02
ventana_24h,20000,10,ventana=media,h_preparacion_arranque,0.75,h,h,05_proceso_industrial/modelo_capacidad_proceso.py,[SUPUESTO],SUP-09A-02
ventana_24h,20000,10,ventana=media,h_cierre_vaciado,0.75,h,h,05_proceso_industrial/modelo_capacidad_proceso.py,[SUPUESTO],SUP-09A-02
ventana_24h,20000,10,ventana=media,h_limpieza_intermedia,0.4125,h,h,05_proceso_industrial/modelo_capacidad_proceso.py,[SUPUESTO],SUP-09A-02
ventana_24h,20000,10,ventana=media,h_limpieza,2.75,h,h,05_proceso_industrial/modelo_capacidad_proceso.py,[SUPUESTO],t_limpieza PROVISIONAL (no varía con escala)
ventana_24h,20000,10,ventana=media,h_sanitizacion,1.25,h,h,05_proceso_industrial/modelo_capacidad_proceso.py,[SUPUESTO],SUP-09A-02
ventana_24h,20000,10,ventana=media,h_mantenimiento,1,h,h,05_proceso_industrial/modelo_capacidad_proceso.py,[SUPUESTO],SUP-09A-02
ventana_24h,20000,10,ventana=media,ventana_total_establecimiento,18.961111,h,h,05_proceso_industrial/modelo_capacidad_proceso.py,[SUPUESTO],SUP-09A-02; relación con la escala provisional
ventana_24h,20000,10,ventana=media,holgura_24h,5.038889,h,h,05_proceso_industrial/modelo_capacidad_proceso.py,[SUPUESTO],negativa = restricción severa de calendario; validar con proveedores y plantas antes de descartar
ventana_24h,20000,10,ventana=media,alerta_calendario,0,0/1,h,05_proceso_industrial/modelo_capacidad_proceso.py,[SUPUESTO],1 = alerta (no descarte)
ventana_24h,20000,10,ventana=conservadora,h_faena_neta,10,h,h,05_proceso_industrial/modelo_capacidad_proceso.py,[ESTIMACIÓN],SUP-09A-02
ventana_24h,20000,10,ventana=conservadora,h_paradas_durante_produccion,1.764706,h,h,05_proceso_industrial/modelo_capacidad_proceso.py,[SUPUESTO],SUP-09A-02
ventana_24h,20000,10,ventana=conservadora,h_pausas,1.25,h,h,05_proceso_industrial/modelo_capacidad_proceso.py,[SUPUESTO],SUP-09A-02
ventana_24h,20000,10,ventana=conservadora,h_cambio_turno,0,h,h,05_proceso_industrial/modelo_capacidad_proceso.py,[SUPUESTO],SUP-09A-02
ventana_24h,20000,10,ventana=conservadora,h_preparacion_arranque,1,h,h,05_proceso_industrial/modelo_capacidad_proceso.py,[SUPUESTO],SUP-09A-02
ventana_24h,20000,10,ventana=conservadora,h_cierre_vaciado,1,h,h,05_proceso_industrial/modelo_capacidad_proceso.py,[SUPUESTO],SUP-09A-02
ventana_24h,20000,10,ventana=conservadora,h_limpieza_intermedia,0.625,h,h,05_proceso_industrial/modelo_capacidad_proceso.py,[SUPUESTO],SUP-09A-02
ventana_24h,20000,10,ventana=conservadora,h_limpieza,4,h,h,05_proceso_industrial/modelo_capacidad_proceso.py,[SUPUESTO],t_limpieza PROVISIONAL (no varía con escala)
ventana_24h,20000,10,ventana=conservadora,h_sanitizacion,2,h,h,05_proceso_industrial/modelo_capacidad_proceso.py,[SUPUESTO],SUP-09A-02
ventana_24h,20000,10,ventana=conservadora,h_mantenimiento,2,h,h,05_proceso_industrial/modelo_capacidad_proceso.py,[SUPUESTO],SUP-09A-02
ventana_24h,20000,10,ventana=conservadora,ventana_total_establecimiento,23.639706,h,h,05_proceso_industrial/modelo_capacidad_proceso.py,[SUPUESTO],SUP-09A-02; relación con la escala provisional
ventana_24h,20000,10,ventana=conservadora,holgura_24h,0.360294,h,h,05_proceso_industrial/modelo_capacidad_proceso.py,[SUPUESTO],negativa = restricción severa de calendario; validar con proveedores y plantas antes de descartar
ventana_24h,20000,10,ventana=conservadora,alerta_calendario,0,0/1,h,05_proceso_industrial/modelo_capacidad_proceso.py,[SUPUESTO],1 = alerta (no descarte)
enfriamiento,20000,10,residencia=inmersion,carcasas_simultaneas_en_enfriamiento,1666.666667,aves,aves,05_proceso_industrial/modelo_capacidad_proceso.py,[SUPUESTO],50 min; SUP-09A-04 [PVDP]
enfriamiento,20000,10,residencia=inmersion,kg_carcasa_simultaneos_en_enfriamiento,3455.833333,kg,biologica,04_balance_masa/modelo_balance_masa.py (v1.1) vía modelo_escala.kg_por_ave,[SUPUESTO],"carcasa eviscerada caliente 2,9 kg (sin agua)"
enfriamiento,20000,10,residencia=aire_min,carcasas_simultaneas_en_enfriamiento,3000,aves,aves,05_proceso_industrial/modelo_capacidad_proceso.py,[SUPUESTO],90 min; SUP-09A-04 [PVDP]
enfriamiento,20000,10,residencia=aire_min,kg_carcasa_simultaneos_en_enfriamiento,6220.5,kg,biologica,04_balance_masa/modelo_balance_masa.py (v1.1) vía modelo_escala.kg_por_ave,[SUPUESTO],"carcasa eviscerada caliente 2,9 kg (sin agua)"
enfriamiento,20000,10,residencia=aire_max,carcasas_simultaneas_en_enfriamiento,5000,aves,aves,05_proceso_industrial/modelo_capacidad_proceso.py,[SUPUESTO],150 min; SUP-09A-04 [PVDP]
enfriamiento,20000,10,residencia=aire_max,kg_carcasa_simultaneos_en_enfriamiento,10367.5,kg,biologica,04_balance_masa/modelo_balance_masa.py (v1.1) vía modelo_escala.kg_por_ave,[SUPUESTO],"carcasa eviscerada caliente 2,9 kg (sin agua)"
puestos_manuales,20000,10,colgado;referencia,puestos_equivalentes,2,puestos,aves,05_proceso_industrial/modelo_capacidad_proceso.py,[SUPUESTO],productividad FTE-09A-026 [PVDP · débil]; no es dotación
puestos_manuales,20000,10,colgado;prudente,puestos_equivalentes,3,puestos,aves,05_proceso_industrial/modelo_capacidad_proceso.py,[SUPUESTO],productividad FTE-09A-026 [PVDP · débil]; no es dotación
puestos_manuales,20000,10,eviscerado_manual;referencia,puestos_equivalentes,17,puestos,aves,05_proceso_industrial/modelo_capacidad_proceso.py,[SUPUESTO],productividad FTE-09A-025 [PVDP · débil]; no es dotación
puestos_manuales,20000,10,eviscerado_manual;prudente,puestos_equivalentes,34,puestos,aves,05_proceso_industrial/modelo_capacidad_proceso.py,[SUPUESTO],productividad FTE-09A-025 [PVDP · débil]; no es dotación
flujo_hora,20000,10,config=A,peso_vivo_kg_h,5800,kg/h,vivo,04_balance_masa/modelo_balance_masa.py (v1.1) vía modelo_escala.kg_por_ave,[ESTIMACIÓN],
flujo_hora,20000,10,config=A,carcasa_pre_chiller_kg_h,4147,kg/h,biologica,04_balance_masa/modelo_balance_masa.py (v1.1) vía modelo_escala.kg_por_ave,[ESTIMACIÓN],
flujo_hora,20000,10,config=A,a_trozado_kg_h,244.361146,kg/h,biologica,04_balance_masa/modelo_balance_masa.py (v1.1) vía modelo_escala.kg_por_ave,[ESTIMACIÓN],
flujo_hora,20000,10,config=A,comestible_a_empaque_kg_h,4812.108801,kg/h,comercial,04_balance_masa/modelo_balance_masa.py (v1.1) vía modelo_escala.kg_por_ave,[ESTIMACIÓN],
flujo_hora,20000,10,config=A,sangre_recuperada_kg_h,167.62,kg/h,biologica,04_balance_masa/modelo_balance_masa.py (v1.1) vía modelo_escala.kg_por_ave,[ESTIMACIÓN],
flujo_hora,20000,10,config=A,plumas_humedas_kg_h,482.56,kg/h,biologica+agua,04_balance_masa/modelo_balance_masa.py (v1.1) vía modelo_escala.kg_por_ave,[ESTIMACIÓN],
flujo_hora,20000,10,config=A,visceras_no_comestibles_kg_h,261,kg/h,biologica,04_balance_masa/modelo_balance_masa.py (v1.1) vía modelo_escala.kg_por_ave,[ESTIMACIÓN],
flujo_hora,20000,10,config=A,cabezas_kg_h,145,kg/h,biologica,04_balance_masa/modelo_balance_masa.py (v1.1) vía modelo_escala.kg_por_ave,[ESTIMACIÓN],
flujo_hora,20000,10,config=A,garras_a_y_segunda_kg_h,202.104045,kg/h,comercial,04_balance_masa/modelo_balance_masa.py (v1.1) vía modelo_escala.kg_por_ave,[ESTIMACIÓN],
flujo_hora,20000,10,config=A,menudencias_y_cuello_kg_h,367.488,kg/h,comercial,04_balance_masa/modelo_balance_masa.py (v1.1) vía modelo_escala.kg_por_ave,[ESTIMACIÓN],
flujo_hora,20000,10,config=A,solidos_a_retirar_kg_h,1216.705295,kg/h,biologica+agua,04_balance_masa/modelo_balance_masa.py (v1.1) vía modelo_escala.kg_por_ave,[ESTIMACIÓN],
flujo_hora,20000,10,config=A,rendering_potencial_kg_h,1066.817055,kg/h,biologica+agua,04_balance_masa/modelo_balance_masa.py (v1.1) vía modelo_escala.kg_por_ave,[ESTIMACIÓN],
flujo_hora,20000,10,config=B,peso_vivo_kg_h,5800,kg/h,vivo,04_balance_masa/modelo_balance_masa.py (v1.1) vía modelo_escala.kg_por_ave,[ESTIMACIÓN],
flujo_hora,20000,10,config=B,carcasa_pre_chiller_kg_h,4147,kg/h,biologica,04_balance_masa/modelo_balance_masa.py (v1.1) vía modelo_escala.kg_por_ave,[ESTIMACIÓN],
flujo_hora,20000,10,config=B,a_trozado_kg_h,4072.68576,kg/h,biologica,04_balance_masa/modelo_balance_masa.py (v1.1) vía modelo_escala.kg_por_ave,[ESTIMACIÓN],
flujo_hora,20000,10,config=B,comestible_a_empaque_kg_h,4792.967178,kg/h,comercial,04_balance_masa/modelo_balance_masa.py (v1.1) vía modelo_escala.kg_por_ave,[ESTIMACIÓN],
flujo_hora,20000,10,config=B,sangre_recuperada_kg_h,167.62,kg/h,biologica,04_balance_masa/modelo_balance_masa.py (v1.1) vía modelo_escala.kg_por_ave,[ESTIMACIÓN],
flujo_hora,20000,10,config=B,plumas_humedas_kg_h,482.56,kg/h,biologica+agua,04_balance_masa/modelo_balance_masa.py (v1.1) vía modelo_escala.kg_por_ave,[ESTIMACIÓN],
flujo_hora,20000,10,config=B,visceras_no_comestibles_kg_h,261,kg/h,biologica,04_balance_masa/modelo_balance_masa.py (v1.1) vía modelo_escala.kg_por_ave,[ESTIMACIÓN],
flujo_hora,20000,10,config=B,cabezas_kg_h,145,kg/h,biologica,04_balance_masa/modelo_balance_masa.py (v1.1) vía modelo_escala.kg_por_ave,[ESTIMACIÓN],
flujo_hora,20000,10,config=B,garras_a_y_segunda_kg_h,202.104045,kg/h,comercial,04_balance_masa/modelo_balance_masa.py (v1.1) vía modelo_escala.kg_por_ave,[ESTIMACIÓN],
flujo_hora,20000,10,config=B,menudencias_y_cuello_kg_h,367.488,kg/h,comercial,04_balance_masa/modelo_balance_masa.py (v1.1) vía modelo_escala.kg_por_ave,[ESTIMACIÓN],
flujo_hora,20000,10,config=B,solidos_a_retirar_kg_h,1216.705295,kg/h,biologica+agua,04_balance_masa/modelo_balance_masa.py (v1.1) vía modelo_escala.kg_por_ave,[ESTIMACIÓN],
flujo_hora,20000,10,config=B,rendering_potencial_kg_h,1066.817055,kg/h,biologica+agua,04_balance_masa/modelo_balance_masa.py (v1.1) vía modelo_escala.kg_por_ave,[ESTIMACIÓN],
flujo_hora,20000,10,config=C,peso_vivo_kg_h,5800,kg/h,vivo,04_balance_masa/modelo_balance_masa.py (v1.1) vía modelo_escala.kg_por_ave,[ESTIMACIÓN],
flujo_hora,20000,10,config=C,carcasa_pre_chiller_kg_h,4147,kg/h,biologica,04_balance_masa/modelo_balance_masa.py (v1.1) vía modelo_escala.kg_por_ave,[ESTIMACIÓN],
flujo_hora,20000,10,config=C,a_trozado_kg_h,3286.657408,kg/h,biologica,04_balance_masa/modelo_balance_masa.py (v1.1) vía modelo_escala.kg_por_ave,[ESTIMACIÓN],
flujo_hora,20000,10,config=C,a_deshuese_kg_h,2300.252917,kg/h,biologica,04_balance_masa/modelo_balance_masa.py (v1.1) vía modelo_escala.kg_por_ave,[ESTIMACIÓN],
flujo_hora,20000,10,config=C,a_cms_kg_h,786.028352,kg/h,biologica,04_balance_masa/modelo_balance_masa.py (v1.1) vía modelo_escala.kg_por_ave,[ESTIMACIÓN],
flujo_hora,20000,10,config=C,comestible_a_empaque_kg_h,4100.225275,kg/h,comercial,04_balance_masa/modelo_balance_masa.py (v1.1) vía modelo_escala.kg_por_ave,[ESTIMACIÓN],
flujo_hora,20000,10,config=C,sangre_recuperada_kg_h,167.62,kg/h,biologica,04_balance_masa/modelo_balance_masa.py (v1.1) vía modelo_escala.kg_por_ave,[ESTIMACIÓN],
flujo_hora,20000,10,config=C,plumas_humedas_kg_h,482.56,kg/h,biologica+agua,04_balance_masa/modelo_balance_masa.py (v1.1) vía modelo_escala.kg_por_ave,[ESTIMACIÓN],
flujo_hora,20000,10,config=C,visceras_no_comestibles_kg_h,261,kg/h,biologica,04_balance_masa/modelo_balance_masa.py (v1.1) vía modelo_escala.kg_por_ave,[ESTIMACIÓN],
flujo_hora,20000,10,config=C,cabezas_kg_h,145,kg/h,biologica,04_balance_masa/modelo_balance_masa.py (v1.1) vía modelo_escala.kg_por_ave,[ESTIMACIÓN],
flujo_hora,20000,10,config=C,garras_a_y_segunda_kg_h,202.104045,kg/h,comercial,04_balance_masa/modelo_balance_masa.py (v1.1) vía modelo_escala.kg_por_ave,[ESTIMACIÓN],
flujo_hora,20000,10,config=C,menudencias_y_cuello_kg_h,367.488,kg/h,comercial,04_balance_masa/modelo_balance_masa.py (v1.1) vía modelo_escala.kg_por_ave,[ESTIMACIÓN],
flujo_hora,20000,10,config=C,solidos_a_retirar_kg_h,1878.584386,kg/h,biologica+agua,04_balance_masa/modelo_balance_masa.py (v1.1) vía modelo_escala.kg_por_ave,[ESTIMACIÓN],
flujo_hora,20000,10,config=C,rendering_potencial_kg_h,1728.696146,kg/h,biologica+agua,04_balance_masa/modelo_balance_masa.py (v1.1) vía modelo_escala.kg_por_ave,[ESTIMACIÓN],
ritmo,20000,16,,ritmo_operativo_requerido,1250,aves/h,aves,05_proceso_industrial/modelo_capacidad_proceso.py,[ESTIMACIÓN],= E / h netas; igual a 23_plan_expansion (T01)
ritmo,20000,16,,aves_por_minuto,20.833333,aves/min,aves,05_proceso_industrial/modelo_capacidad_proceso.py,[ESTIMACIÓN],
ritmo,20000,16,,segundos_por_ave,2.88,s,aves,05_proceso_industrial/modelo_capacidad_proceso.py,[ESTIMACIÓN],
ritmo_nominal,20000,16,sensibilidad=baja,ritmo_nominal_requerido_h_netas,1524.390244,aves/h,aves,05_proceso_industrial/modelo_capacidad_proceso.py,[SUPUESTO],= E/(h×R); R = 0.82; SUP-09A-01; sensibilidad del modelo; NO es desempeño industrial demostrado
ritmo_nominal,20000,16,sensibilidad=baja,ritmo_nominal_requerido_h_programadas,1793.400287,aves/h,aves,05_proceso_industrial/modelo_capacidad_proceso.py,[SUPUESTO],= E/(h×D×R) si h incluyera paradas; η = 0.697; sensibilidad del modelo; NO es desempeño industrial demostrado
ritmo_nominal,20000,16,sensibilidad=media,ritmo_nominal_requerido_h_netas,1404.494382,aves/h,aves,05_proceso_industrial/modelo_capacidad_proceso.py,[SUPUESTO],= E/(h×R); R = 0.89; SUP-09A-01; sensibilidad del modelo; NO es desempeño industrial demostrado
ritmo_nominal,20000,16,sensibilidad=media,ritmo_nominal_requerido_h_programadas,1560.549313,aves/h,aves,05_proceso_industrial/modelo_capacidad_proceso.py,[SUPUESTO],= E/(h×D×R) si h incluyera paradas; η = 0.801; sensibilidad del modelo; NO es desempeño industrial demostrado
ritmo_nominal,20000,16,sensibilidad=alta,ritmo_nominal_requerido_h_netas,1315.789474,aves/h,aves,05_proceso_industrial/modelo_capacidad_proceso.py,[SUPUESTO],= E/(h×R); R = 0.95; SUP-09A-01; sensibilidad del modelo; NO es desempeño industrial demostrado
ritmo_nominal,20000,16,sensibilidad=alta,ritmo_nominal_requerido_h_programadas,1385.041551,aves/h,aves,05_proceso_industrial/modelo_capacidad_proceso.py,[SUPUESTO],= E/(h×D×R) si h incluyera paradas; η = 0.902; sensibilidad del modelo; NO es desempeño industrial demostrado
ventana_24h,20000,16,ventana=optimista,h_faena_neta,16,h,h,05_proceso_industrial/modelo_capacidad_proceso.py,[ESTIMACIÓN],SUP-09A-02
ventana_24h,20000,16,ventana=optimista,h_paradas_durante_produccion,0.842105,h,h,05_proceso_industrial/modelo_capacidad_proceso.py,[SUPUESTO],SUP-09A-02
ventana_24h,20000,16,ventana=optimista,h_pausas,1,h,h,05_proceso_industrial/modelo_capacidad_proceso.py,[SUPUESTO],SUP-09A-02
ventana_24h,20000,16,ventana=optimista,h_cambio_turno,0.25,h,h,05_proceso_industrial/modelo_capacidad_proceso.py,[SUPUESTO],SUP-09A-02
ventana_24h,20000,16,ventana=optimista,h_preparacion_arranque,0.5,h,h,05_proceso_industrial/modelo_capacidad_proceso.py,[SUPUESTO],SUP-09A-02
ventana_24h,20000,16,ventana=optimista,h_cierre_vaciado,0.5,h,h,05_proceso_industrial/modelo_capacidad_proceso.py,[SUPUESTO],SUP-09A-02
ventana_24h,20000,16,ventana=optimista,h_limpieza_intermedia,0.5,h,h,05_proceso_industrial/modelo_capacidad_proceso.py,[SUPUESTO],SUP-09A-02
ventana_24h,20000,16,ventana=optimista,h_limpieza,2,h,h,05_proceso_industrial/modelo_capacidad_proceso.py,[SUPUESTO],t_limpieza PROVISIONAL (no varía con escala)
ventana_24h,20000,16,ventana=optimista,h_sanitizacion,1,h,h,05_proceso_industrial/modelo_capacidad_proceso.py,[SUPUESTO],SUP-09A-02
ventana_24h,20000,16,ventana=optimista,h_mantenimiento,0.5,h,h,05_proceso_industrial/modelo_capacidad_proceso.py,[SUPUESTO],SUP-09A-02
ventana_24h,20000,16,ventana=optimista,ventana_total_establecimiento,23.092105,h,h,05_proceso_industrial/modelo_capacidad_proceso.py,[SUPUESTO],SUP-09A-02; relación con la escala provisional
ventana_24h,20000,16,ventana=optimista,holgura_24h,0.907895,h,h,05_proceso_industrial/modelo_capacidad_proceso.py,[SUPUESTO],negativa = restricción severa de calendario; validar con proveedores y plantas antes de descartar
ventana_24h,20000,16,ventana=optimista,alerta_calendario,0,0/1,h,05_proceso_industrial/modelo_capacidad_proceso.py,[SUPUESTO],1 = alerta (no descarte)
ventana_24h,20000,16,ventana=media,h_faena_neta,16,h,h,05_proceso_industrial/modelo_capacidad_proceso.py,[ESTIMACIÓN],SUP-09A-02
ventana_24h,20000,16,ventana=media,h_paradas_durante_produccion,1.777778,h,h,05_proceso_industrial/modelo_capacidad_proceso.py,[SUPUESTO],SUP-09A-02
ventana_24h,20000,16,ventana=media,h_pausas,1.5,h,h,05_proceso_industrial/modelo_capacidad_proceso.py,[SUPUESTO],SUP-09A-02
ventana_24h,20000,16,ventana=media,h_cambio_turno,0.33,h,h,05_proceso_industrial/modelo_capacidad_proceso.py,[SUPUESTO],SUP-09A-02
ventana_24h,20000,16,ventana=media,h_preparacion_arranque,0.75,h,h,05_proceso_industrial/modelo_capacidad_proceso.py,[SUPUESTO],SUP-09A-02
ventana_24h,20000,16,ventana=media,h_cierre_vaciado,0.75,h,h,05_proceso_industrial/modelo_capacidad_proceso.py,[SUPUESTO],SUP-09A-02
ventana_24h,20000,16,ventana=media,h_limpieza_intermedia,0.66,h,h,05_proceso_industrial/modelo_capacidad_proceso.py,[SUPUESTO],SUP-09A-02
ventana_24h,20000,16,ventana=media,h_limpieza,2.75,h,h,05_proceso_industrial/modelo_capacidad_proceso.py,[SUPUESTO],t_limpieza PROVISIONAL (no varía con escala)
ventana_24h,20000,16,ventana=media,h_sanitizacion,1.25,h,h,05_proceso_industrial/modelo_capacidad_proceso.py,[SUPUESTO],SUP-09A-02
ventana_24h,20000,16,ventana=media,h_mantenimiento,1,h,h,05_proceso_industrial/modelo_capacidad_proceso.py,[SUPUESTO],SUP-09A-02
ventana_24h,20000,16,ventana=media,ventana_total_establecimiento,26.767778,h,h,05_proceso_industrial/modelo_capacidad_proceso.py,[SUPUESTO],SUP-09A-02; relación con la escala provisional
ventana_24h,20000,16,ventana=media,holgura_24h,-2.767778,h,h,05_proceso_industrial/modelo_capacidad_proceso.py,[SUPUESTO],negativa = restricción severa de calendario; validar con proveedores y plantas antes de descartar
ventana_24h,20000,16,ventana=media,alerta_calendario,1,0/1,h,05_proceso_industrial/modelo_capacidad_proceso.py,[SUPUESTO],1 = alerta (no descarte)
ventana_24h,20000,16,ventana=conservadora,h_faena_neta,16,h,h,05_proceso_industrial/modelo_capacidad_proceso.py,[ESTIMACIÓN],SUP-09A-02
ventana_24h,20000,16,ventana=conservadora,h_paradas_durante_produccion,2.823529,h,h,05_proceso_industrial/modelo_capacidad_proceso.py,[SUPUESTO],SUP-09A-02
ventana_24h,20000,16,ventana=conservadora,h_pausas,2,h,h,05_proceso_industrial/modelo_capacidad_proceso.py,[SUPUESTO],SUP-09A-02
ventana_24h,20000,16,ventana=conservadora,h_cambio_turno,0.5,h,h,05_proceso_industrial/modelo_capacidad_proceso.py,[SUPUESTO],SUP-09A-02
ventana_24h,20000,16,ventana=conservadora,h_preparacion_arranque,1,h,h,05_proceso_industrial/modelo_capacidad_proceso.py,[SUPUESTO],SUP-09A-02
ventana_24h,20000,16,ventana=conservadora,h_cierre_vaciado,1,h,h,05_proceso_industrial/modelo_capacidad_proceso.py,[SUPUESTO],SUP-09A-02
ventana_24h,20000,16,ventana=conservadora,h_limpieza_intermedia,1,h,h,05_proceso_industrial/modelo_capacidad_proceso.py,[SUPUESTO],SUP-09A-02
ventana_24h,20000,16,ventana=conservadora,h_limpieza,4,h,h,05_proceso_industrial/modelo_capacidad_proceso.py,[SUPUESTO],t_limpieza PROVISIONAL (no varía con escala)
ventana_24h,20000,16,ventana=conservadora,h_sanitizacion,2,h,h,05_proceso_industrial/modelo_capacidad_proceso.py,[SUPUESTO],SUP-09A-02
ventana_24h,20000,16,ventana=conservadora,h_mantenimiento,2,h,h,05_proceso_industrial/modelo_capacidad_proceso.py,[SUPUESTO],SUP-09A-02
ventana_24h,20000,16,ventana=conservadora,ventana_total_establecimiento,32.323529,h,h,05_proceso_industrial/modelo_capacidad_proceso.py,[SUPUESTO],SUP-09A-02; relación con la escala provisional
ventana_24h,20000,16,ventana=conservadora,holgura_24h,-8.323529,h,h,05_proceso_industrial/modelo_capacidad_proceso.py,[SUPUESTO],negativa = restricción severa de calendario; validar con proveedores y plantas antes de descartar
ventana_24h,20000,16,ventana=conservadora,alerta_calendario,1,0/1,h,05_proceso_industrial/modelo_capacidad_proceso.py,[SUPUESTO],1 = alerta (no descarte)
enfriamiento,20000,16,residencia=inmersion,carcasas_simultaneas_en_enfriamiento,1041.666667,aves,aves,05_proceso_industrial/modelo_capacidad_proceso.py,[SUPUESTO],50 min; SUP-09A-04 [PVDP]
enfriamiento,20000,16,residencia=inmersion,kg_carcasa_simultaneos_en_enfriamiento,2159.895833,kg,biologica,04_balance_masa/modelo_balance_masa.py (v1.1) vía modelo_escala.kg_por_ave,[SUPUESTO],"carcasa eviscerada caliente 2,9 kg (sin agua)"
enfriamiento,20000,16,residencia=aire_min,carcasas_simultaneas_en_enfriamiento,1875,aves,aves,05_proceso_industrial/modelo_capacidad_proceso.py,[SUPUESTO],90 min; SUP-09A-04 [PVDP]
enfriamiento,20000,16,residencia=aire_min,kg_carcasa_simultaneos_en_enfriamiento,3887.8125,kg,biologica,04_balance_masa/modelo_balance_masa.py (v1.1) vía modelo_escala.kg_por_ave,[SUPUESTO],"carcasa eviscerada caliente 2,9 kg (sin agua)"
enfriamiento,20000,16,residencia=aire_max,carcasas_simultaneas_en_enfriamiento,3125,aves,aves,05_proceso_industrial/modelo_capacidad_proceso.py,[SUPUESTO],150 min; SUP-09A-04 [PVDP]
enfriamiento,20000,16,residencia=aire_max,kg_carcasa_simultaneos_en_enfriamiento,6479.6875,kg,biologica,04_balance_masa/modelo_balance_masa.py (v1.1) vía modelo_escala.kg_por_ave,[SUPUESTO],"carcasa eviscerada caliente 2,9 kg (sin agua)"
puestos_manuales,20000,16,colgado;referencia,puestos_equivalentes,1,puestos,aves,05_proceso_industrial/modelo_capacidad_proceso.py,[SUPUESTO],productividad FTE-09A-026 [PVDP · débil]; no es dotación
puestos_manuales,20000,16,colgado;prudente,puestos_equivalentes,2,puestos,aves,05_proceso_industrial/modelo_capacidad_proceso.py,[SUPUESTO],productividad FTE-09A-026 [PVDP · débil]; no es dotación
puestos_manuales,20000,16,eviscerado_manual;referencia,puestos_equivalentes,11,puestos,aves,05_proceso_industrial/modelo_capacidad_proceso.py,[SUPUESTO],productividad FTE-09A-025 [PVDP · débil]; no es dotación
puestos_manuales,20000,16,eviscerado_manual;prudente,puestos_equivalentes,21,puestos,aves,05_proceso_industrial/modelo_capacidad_proceso.py,[SUPUESTO],productividad FTE-09A-025 [PVDP · débil]; no es dotación
flujo_hora,20000,16,config=A,peso_vivo_kg_h,3625,kg/h,vivo,04_balance_masa/modelo_balance_masa.py (v1.1) vía modelo_escala.kg_por_ave,[ESTIMACIÓN],
flujo_hora,20000,16,config=A,carcasa_pre_chiller_kg_h,2591.875,kg/h,biologica,04_balance_masa/modelo_balance_masa.py (v1.1) vía modelo_escala.kg_por_ave,[ESTIMACIÓN],
flujo_hora,20000,16,config=A,a_trozado_kg_h,152.725716,kg/h,biologica,04_balance_masa/modelo_balance_masa.py (v1.1) vía modelo_escala.kg_por_ave,[ESTIMACIÓN],
flujo_hora,20000,16,config=A,comestible_a_empaque_kg_h,3007.568001,kg/h,comercial,04_balance_masa/modelo_balance_masa.py (v1.1) vía modelo_escala.kg_por_ave,[ESTIMACIÓN],
flujo_hora,20000,16,config=A,sangre_recuperada_kg_h,104.7625,kg/h,biologica,04_balance_masa/modelo_balance_masa.py (v1.1) vía modelo_escala.kg_por_ave,[ESTIMACIÓN],
flujo_hora,20000,16,config=A,plumas_humedas_kg_h,301.6,kg/h,biologica+agua,04_balance_masa/modelo_balance_masa.py (v1.1) vía modelo_escala.kg_por_ave,[ESTIMACIÓN],
flujo_hora,20000,16,config=A,visceras_no_comestibles_kg_h,163.125,kg/h,biologica,04_balance_masa/modelo_balance_masa.py (v1.1) vía modelo_escala.kg_por_ave,[ESTIMACIÓN],
flujo_hora,20000,16,config=A,cabezas_kg_h,90.625,kg/h,biologica,04_balance_masa/modelo_balance_masa.py (v1.1) vía modelo_escala.kg_por_ave,[ESTIMACIÓN],
flujo_hora,20000,16,config=A,garras_a_y_segunda_kg_h,126.315028,kg/h,comercial,04_balance_masa/modelo_balance_masa.py (v1.1) vía modelo_escala.kg_por_ave,[ESTIMACIÓN],
flujo_hora,20000,16,config=A,menudencias_y_cuello_kg_h,229.68,kg/h,comercial,04_balance_masa/modelo_balance_masa.py (v1.1) vía modelo_escala.kg_por_ave,[ESTIMACIÓN],
flujo_hora,20000,16,config=A,solidos_a_retirar_kg_h,760.440809,kg/h,biologica+agua,04_balance_masa/modelo_balance_masa.py (v1.1) vía modelo_escala.kg_por_ave,[ESTIMACIÓN],
flujo_hora,20000,16,config=A,rendering_potencial_kg_h,666.760659,kg/h,biologica+agua,04_balance_masa/modelo_balance_masa.py (v1.1) vía modelo_escala.kg_por_ave,[ESTIMACIÓN],
flujo_hora,20000,16,config=B,peso_vivo_kg_h,3625,kg/h,vivo,04_balance_masa/modelo_balance_masa.py (v1.1) vía modelo_escala.kg_por_ave,[ESTIMACIÓN],
flujo_hora,20000,16,config=B,carcasa_pre_chiller_kg_h,2591.875,kg/h,biologica,04_balance_masa/modelo_balance_masa.py (v1.1) vía modelo_escala.kg_por_ave,[ESTIMACIÓN],
flujo_hora,20000,16,config=B,a_trozado_kg_h,2545.4286,kg/h,biologica,04_balance_masa/modelo_balance_masa.py (v1.1) vía modelo_escala.kg_por_ave,[ESTIMACIÓN],
flujo_hora,20000,16,config=B,comestible_a_empaque_kg_h,2995.604486,kg/h,comercial,04_balance_masa/modelo_balance_masa.py (v1.1) vía modelo_escala.kg_por_ave,[ESTIMACIÓN],
flujo_hora,20000,16,config=B,sangre_recuperada_kg_h,104.7625,kg/h,biologica,04_balance_masa/modelo_balance_masa.py (v1.1) vía modelo_escala.kg_por_ave,[ESTIMACIÓN],
flujo_hora,20000,16,config=B,plumas_humedas_kg_h,301.6,kg/h,biologica+agua,04_balance_masa/modelo_balance_masa.py (v1.1) vía modelo_escala.kg_por_ave,[ESTIMACIÓN],
flujo_hora,20000,16,config=B,visceras_no_comestibles_kg_h,163.125,kg/h,biologica,04_balance_masa/modelo_balance_masa.py (v1.1) vía modelo_escala.kg_por_ave,[ESTIMACIÓN],
flujo_hora,20000,16,config=B,cabezas_kg_h,90.625,kg/h,biologica,04_balance_masa/modelo_balance_masa.py (v1.1) vía modelo_escala.kg_por_ave,[ESTIMACIÓN],
flujo_hora,20000,16,config=B,garras_a_y_segunda_kg_h,126.315028,kg/h,comercial,04_balance_masa/modelo_balance_masa.py (v1.1) vía modelo_escala.kg_por_ave,[ESTIMACIÓN],
flujo_hora,20000,16,config=B,menudencias_y_cuello_kg_h,229.68,kg/h,comercial,04_balance_masa/modelo_balance_masa.py (v1.1) vía modelo_escala.kg_por_ave,[ESTIMACIÓN],
flujo_hora,20000,16,config=B,solidos_a_retirar_kg_h,760.440809,kg/h,biologica+agua,04_balance_masa/modelo_balance_masa.py (v1.1) vía modelo_escala.kg_por_ave,[ESTIMACIÓN],
flujo_hora,20000,16,config=B,rendering_potencial_kg_h,666.760659,kg/h,biologica+agua,04_balance_masa/modelo_balance_masa.py (v1.1) vía modelo_escala.kg_por_ave,[ESTIMACIÓN],
flujo_hora,20000,16,config=C,peso_vivo_kg_h,3625,kg/h,vivo,04_balance_masa/modelo_balance_masa.py (v1.1) vía modelo_escala.kg_por_ave,[ESTIMACIÓN],
flujo_hora,20000,16,config=C,carcasa_pre_chiller_kg_h,2591.875,kg/h,biologica,04_balance_masa/modelo_balance_masa.py (v1.1) vía modelo_escala.kg_por_ave,[ESTIMACIÓN],
flujo_hora,20000,16,config=C,a_trozado_kg_h,2054.16088,kg/h,biologica,04_balance_masa/modelo_balance_masa.py (v1.1) vía modelo_escala.kg_por_ave,[ESTIMACIÓN],
flujo_hora,20000,16,config=C,a_deshuese_kg_h,1437.658073,kg/h,biologica,04_balance_masa/modelo_balance_masa.py (v1.1) vía modelo_escala.kg_por_ave,[ESTIMACIÓN],
flujo_hora,20000,16,config=C,a_cms_kg_h,491.26772,kg/h,biologica,04_balance_masa/modelo_balance_masa.py (v1.1) vía modelo_escala.kg_por_ave,[ESTIMACIÓN],
flujo_hora,20000,16,config=C,comestible_a_empaque_kg_h,2562.640797,kg/h,comercial,04_balance_masa/modelo_balance_masa.py (v1.1) vía modelo_escala.kg_por_ave,[ESTIMACIÓN],
flujo_hora,20000,16,config=C,sangre_recuperada_kg_h,104.7625,kg/h,biologica,04_balance_masa/modelo_balance_masa.py (v1.1) vía modelo_escala.kg_por_ave,[ESTIMACIÓN],
flujo_hora,20000,16,config=C,plumas_humedas_kg_h,301.6,kg/h,biologica+agua,04_balance_masa/modelo_balance_masa.py (v1.1) vía modelo_escala.kg_por_ave,[ESTIMACIÓN],
flujo_hora,20000,16,config=C,visceras_no_comestibles_kg_h,163.125,kg/h,biologica,04_balance_masa/modelo_balance_masa.py (v1.1) vía modelo_escala.kg_por_ave,[ESTIMACIÓN],
flujo_hora,20000,16,config=C,cabezas_kg_h,90.625,kg/h,biologica,04_balance_masa/modelo_balance_masa.py (v1.1) vía modelo_escala.kg_por_ave,[ESTIMACIÓN],
flujo_hora,20000,16,config=C,garras_a_y_segunda_kg_h,126.315028,kg/h,comercial,04_balance_masa/modelo_balance_masa.py (v1.1) vía modelo_escala.kg_por_ave,[ESTIMACIÓN],
flujo_hora,20000,16,config=C,menudencias_y_cuello_kg_h,229.68,kg/h,comercial,04_balance_masa/modelo_balance_masa.py (v1.1) vía modelo_escala.kg_por_ave,[ESTIMACIÓN],
flujo_hora,20000,16,config=C,solidos_a_retirar_kg_h,1174.115241,kg/h,biologica+agua,04_balance_masa/modelo_balance_masa.py (v1.1) vía modelo_escala.kg_por_ave,[ESTIMACIÓN],
flujo_hora,20000,16,config=C,rendering_potencial_kg_h,1080.435091,kg/h,biologica+agua,04_balance_masa/modelo_balance_masa.py (v1.1) vía modelo_escala.kg_por_ave,[ESTIMACIÓN],
flujo_dia,20000,,config=A,peso_vivo_t_dia,58,t,vivo,04_balance_masa/modelo_balance_masa.py (v1.1) vía modelo_escala.kg_por_ave,[ESTIMACIÓN],por día operativo
flujo_dia,20000,,config=A,carcasa_pre_chiller_t_dia,41.47,t,biologica,04_balance_masa/modelo_balance_masa.py (v1.1) vía modelo_escala.kg_por_ave,[ESTIMACIÓN],por día operativo
flujo_dia,20000,,config=A,a_trozado_t_dia,2.443611,t,biologica,04_balance_masa/modelo_balance_masa.py (v1.1) vía modelo_escala.kg_por_ave,[ESTIMACIÓN],por día operativo
flujo_dia,20000,,config=A,comestible_a_empaque_t_dia,48.121088,t,comercial,04_balance_masa/modelo_balance_masa.py (v1.1) vía modelo_escala.kg_por_ave,[ESTIMACIÓN],por día operativo
flujo_dia,20000,,config=A,sangre_recuperada_t_dia,1.6762,t,biologica,04_balance_masa/modelo_balance_masa.py (v1.1) vía modelo_escala.kg_por_ave,[ESTIMACIÓN],por día operativo
flujo_dia,20000,,config=A,plumas_humedas_t_dia,4.8256,t,biologica+agua,04_balance_masa/modelo_balance_masa.py (v1.1) vía modelo_escala.kg_por_ave,[ESTIMACIÓN],por día operativo
flujo_dia,20000,,config=A,visceras_no_comestibles_t_dia,2.61,t,biologica,04_balance_masa/modelo_balance_masa.py (v1.1) vía modelo_escala.kg_por_ave,[ESTIMACIÓN],por día operativo
flujo_dia,20000,,config=A,cabezas_t_dia,1.45,t,biologica,04_balance_masa/modelo_balance_masa.py (v1.1) vía modelo_escala.kg_por_ave,[ESTIMACIÓN],por día operativo
flujo_dia,20000,,config=A,garras_a_y_segunda_t_dia,2.02104,t,comercial,04_balance_masa/modelo_balance_masa.py (v1.1) vía modelo_escala.kg_por_ave,[ESTIMACIÓN],por día operativo
flujo_dia,20000,,config=A,menudencias_y_cuello_t_dia,3.67488,t,comercial,04_balance_masa/modelo_balance_masa.py (v1.1) vía modelo_escala.kg_por_ave,[ESTIMACIÓN],por día operativo
flujo_dia,20000,,config=A,solidos_a_retirar_t_dia,12.167053,t,biologica+agua,04_balance_masa/modelo_balance_masa.py (v1.1) vía modelo_escala.kg_por_ave,[ESTIMACIÓN],por día operativo
flujo_dia,20000,,config=A,rendering_potencial_t_dia,10.668171,t,biologica+agua,04_balance_masa/modelo_balance_masa.py (v1.1) vía modelo_escala.kg_por_ave,[ESTIMACIÓN],por día operativo
flujo_dia,20000,,config=B,peso_vivo_t_dia,58,t,vivo,04_balance_masa/modelo_balance_masa.py (v1.1) vía modelo_escala.kg_por_ave,[ESTIMACIÓN],por día operativo
flujo_dia,20000,,config=B,carcasa_pre_chiller_t_dia,41.47,t,biologica,04_balance_masa/modelo_balance_masa.py (v1.1) vía modelo_escala.kg_por_ave,[ESTIMACIÓN],por día operativo
flujo_dia,20000,,config=B,a_trozado_t_dia,40.726858,t,biologica,04_balance_masa/modelo_balance_masa.py (v1.1) vía modelo_escala.kg_por_ave,[ESTIMACIÓN],por día operativo
flujo_dia,20000,,config=B,comestible_a_empaque_t_dia,47.929672,t,comercial,04_balance_masa/modelo_balance_masa.py (v1.1) vía modelo_escala.kg_por_ave,[ESTIMACIÓN],por día operativo
flujo_dia,20000,,config=B,sangre_recuperada_t_dia,1.6762,t,biologica,04_balance_masa/modelo_balance_masa.py (v1.1) vía modelo_escala.kg_por_ave,[ESTIMACIÓN],por día operativo
flujo_dia,20000,,config=B,plumas_humedas_t_dia,4.8256,t,biologica+agua,04_balance_masa/modelo_balance_masa.py (v1.1) vía modelo_escala.kg_por_ave,[ESTIMACIÓN],por día operativo
flujo_dia,20000,,config=B,visceras_no_comestibles_t_dia,2.61,t,biologica,04_balance_masa/modelo_balance_masa.py (v1.1) vía modelo_escala.kg_por_ave,[ESTIMACIÓN],por día operativo
flujo_dia,20000,,config=B,cabezas_t_dia,1.45,t,biologica,04_balance_masa/modelo_balance_masa.py (v1.1) vía modelo_escala.kg_por_ave,[ESTIMACIÓN],por día operativo
flujo_dia,20000,,config=B,garras_a_y_segunda_t_dia,2.02104,t,comercial,04_balance_masa/modelo_balance_masa.py (v1.1) vía modelo_escala.kg_por_ave,[ESTIMACIÓN],por día operativo
flujo_dia,20000,,config=B,menudencias_y_cuello_t_dia,3.67488,t,comercial,04_balance_masa/modelo_balance_masa.py (v1.1) vía modelo_escala.kg_por_ave,[ESTIMACIÓN],por día operativo
flujo_dia,20000,,config=B,solidos_a_retirar_t_dia,12.167053,t,biologica+agua,04_balance_masa/modelo_balance_masa.py (v1.1) vía modelo_escala.kg_por_ave,[ESTIMACIÓN],por día operativo
flujo_dia,20000,,config=B,rendering_potencial_t_dia,10.668171,t,biologica+agua,04_balance_masa/modelo_balance_masa.py (v1.1) vía modelo_escala.kg_por_ave,[ESTIMACIÓN],por día operativo
flujo_dia,20000,,config=C,peso_vivo_t_dia,58,t,vivo,04_balance_masa/modelo_balance_masa.py (v1.1) vía modelo_escala.kg_por_ave,[ESTIMACIÓN],por día operativo
flujo_dia,20000,,config=C,carcasa_pre_chiller_t_dia,41.47,t,biologica,04_balance_masa/modelo_balance_masa.py (v1.1) vía modelo_escala.kg_por_ave,[ESTIMACIÓN],por día operativo
flujo_dia,20000,,config=C,a_trozado_t_dia,32.866574,t,biologica,04_balance_masa/modelo_balance_masa.py (v1.1) vía modelo_escala.kg_por_ave,[ESTIMACIÓN],por día operativo
flujo_dia,20000,,config=C,a_deshuese_t_dia,23.002529,t,biologica,04_balance_masa/modelo_balance_masa.py (v1.1) vía modelo_escala.kg_por_ave,[ESTIMACIÓN],por día operativo
flujo_dia,20000,,config=C,a_cms_t_dia,7.860284,t,biologica,04_balance_masa/modelo_balance_masa.py (v1.1) vía modelo_escala.kg_por_ave,[ESTIMACIÓN],por día operativo
flujo_dia,20000,,config=C,comestible_a_empaque_t_dia,41.002253,t,comercial,04_balance_masa/modelo_balance_masa.py (v1.1) vía modelo_escala.kg_por_ave,[ESTIMACIÓN],por día operativo
flujo_dia,20000,,config=C,sangre_recuperada_t_dia,1.6762,t,biologica,04_balance_masa/modelo_balance_masa.py (v1.1) vía modelo_escala.kg_por_ave,[ESTIMACIÓN],por día operativo
flujo_dia,20000,,config=C,plumas_humedas_t_dia,4.8256,t,biologica+agua,04_balance_masa/modelo_balance_masa.py (v1.1) vía modelo_escala.kg_por_ave,[ESTIMACIÓN],por día operativo
flujo_dia,20000,,config=C,visceras_no_comestibles_t_dia,2.61,t,biologica,04_balance_masa/modelo_balance_masa.py (v1.1) vía modelo_escala.kg_por_ave,[ESTIMACIÓN],por día operativo
flujo_dia,20000,,config=C,cabezas_t_dia,1.45,t,biologica,04_balance_masa/modelo_balance_masa.py (v1.1) vía modelo_escala.kg_por_ave,[ESTIMACIÓN],por día operativo
flujo_dia,20000,,config=C,garras_a_y_segunda_t_dia,2.02104,t,comercial,04_balance_masa/modelo_balance_masa.py (v1.1) vía modelo_escala.kg_por_ave,[ESTIMACIÓN],por día operativo
flujo_dia,20000,,config=C,menudencias_y_cuello_t_dia,3.67488,t,comercial,04_balance_masa/modelo_balance_masa.py (v1.1) vía modelo_escala.kg_por_ave,[ESTIMACIÓN],por día operativo
flujo_dia,20000,,config=C,solidos_a_retirar_t_dia,18.785844,t,biologica+agua,04_balance_masa/modelo_balance_masa.py (v1.1) vía modelo_escala.kg_por_ave,[ESTIMACIÓN],por día operativo
flujo_dia,20000,,config=C,rendering_potencial_t_dia,17.286961,t,biologica+agua,04_balance_masa/modelo_balance_masa.py (v1.1) vía modelo_escala.kg_por_ave,[ESTIMACIÓN],por día operativo
congelado,20000,,perfil=P1;config=B,comestible_a_congelar_t_dia,4.792967,t,comercial,23_plan_expansion/modelo_escala.py (v1.1),[ESTIMACIÓN],"Mercado interno fresco: 10% congelado o exportación (SUP-055, ilustrativo)"
congelado,20000,,perfil=P2;config=B,comestible_a_congelar_t_dia,19.171869,t,comercial,23_plan_expansion/modelo_escala.py (v1.1),[ESTIMACIÓN],"Mercado interno con congelado: 40% congelado o exportación (SUP-055, ilustrativo)"
congelado,20000,,perfil=P3;config=B,comestible_a_congelar_t_dia,23.964836,t,comercial,23_plan_expansion/modelo_escala.py (v1.1),[ESTIMACIÓN],"Opción exportadora (prueba de diseño): 50% congelado o exportación (SUP-055, ilustrativo)"
ventana_24h,,,ventana=optimista,horas_netas_max_en_24h,16.57,h,h,05_proceso_industrial/modelo_capacidad_proceso.py,[SUPUESTO],máximo de horas netas con holgura ≥ 0; sensibilidad
ventana_24h,,,ventana=media,horas_netas_max_en_24h,13.77,h,h,05_proceso_industrial/modelo_capacidad_proceso.py,[SUPUESTO],máximo de horas netas con holgura ≥ 0; sensibilidad
ventana_24h,,,ventana=conservadora,horas_netas_max_en_24h,10,h,h,05_proceso_industrial/modelo_capacidad_proceso.py,[SUPUESTO],máximo de horas netas con holgura ≥ 0; sensibilidad
linea_nominal,,6,linea=312.5;sensibilidad=baja,aves_dia_con_h_programadas,1306.875,aves,aves,05_proceso_industrial/modelo_capacidad_proceso.py,[SUPUESTO],"= L × h programadas × D × R; línea ilustrativa, no modelo de proveedor; sensibilidad del modelo; NO es desempeño industrial demostrado"
linea_nominal,,6,linea=312.5;sensibilidad=media,aves_dia_con_h_programadas,1501.875,aves,aves,05_proceso_industrial/modelo_capacidad_proceso.py,[SUPUESTO],"= L × h programadas × D × R; línea ilustrativa, no modelo de proveedor; sensibilidad del modelo; NO es desempeño industrial demostrado"
linea_nominal,,6,linea=312.5;sensibilidad=alta,aves_dia_con_h_programadas,1692.1875,aves,aves,05_proceso_industrial/modelo_capacidad_proceso.py,[SUPUESTO],"= L × h programadas × D × R; línea ilustrativa, no modelo de proveedor; sensibilidad del modelo; NO es desempeño industrial demostrado"
linea_nominal,,8,linea=312.5;sensibilidad=baja,aves_dia_con_h_programadas,1742.5,aves,aves,05_proceso_industrial/modelo_capacidad_proceso.py,[SUPUESTO],"= L × h programadas × D × R; línea ilustrativa, no modelo de proveedor; sensibilidad del modelo; NO es desempeño industrial demostrado"
linea_nominal,,8,linea=312.5;sensibilidad=media,aves_dia_con_h_programadas,2002.5,aves,aves,05_proceso_industrial/modelo_capacidad_proceso.py,[SUPUESTO],"= L × h programadas × D × R; línea ilustrativa, no modelo de proveedor; sensibilidad del modelo; NO es desempeño industrial demostrado"
linea_nominal,,8,linea=312.5;sensibilidad=alta,aves_dia_con_h_programadas,2256.25,aves,aves,05_proceso_industrial/modelo_capacidad_proceso.py,[SUPUESTO],"= L × h programadas × D × R; línea ilustrativa, no modelo de proveedor; sensibilidad del modelo; NO es desempeño industrial demostrado"
linea_nominal,,10,linea=312.5;sensibilidad=baja,aves_dia_con_h_programadas,2178.125,aves,aves,05_proceso_industrial/modelo_capacidad_proceso.py,[SUPUESTO],"= L × h programadas × D × R; línea ilustrativa, no modelo de proveedor; sensibilidad del modelo; NO es desempeño industrial demostrado"
linea_nominal,,10,linea=312.5;sensibilidad=media,aves_dia_con_h_programadas,2503.125,aves,aves,05_proceso_industrial/modelo_capacidad_proceso.py,[SUPUESTO],"= L × h programadas × D × R; línea ilustrativa, no modelo de proveedor; sensibilidad del modelo; NO es desempeño industrial demostrado"
linea_nominal,,10,linea=312.5;sensibilidad=alta,aves_dia_con_h_programadas,2820.3125,aves,aves,05_proceso_industrial/modelo_capacidad_proceso.py,[SUPUESTO],"= L × h programadas × D × R; línea ilustrativa, no modelo de proveedor; sensibilidad del modelo; NO es desempeño industrial demostrado"
linea_nominal,,16,linea=312.5;sensibilidad=baja,aves_dia_con_h_programadas,3485,aves,aves,05_proceso_industrial/modelo_capacidad_proceso.py,[SUPUESTO],"= L × h programadas × D × R; línea ilustrativa, no modelo de proveedor; sensibilidad del modelo; NO es desempeño industrial demostrado"
linea_nominal,,16,linea=312.5;sensibilidad=media,aves_dia_con_h_programadas,4005,aves,aves,05_proceso_industrial/modelo_capacidad_proceso.py,[SUPUESTO],"= L × h programadas × D × R; línea ilustrativa, no modelo de proveedor; sensibilidad del modelo; NO es desempeño industrial demostrado"
linea_nominal,,16,linea=312.5;sensibilidad=alta,aves_dia_con_h_programadas,4512.5,aves,aves,05_proceso_industrial/modelo_capacidad_proceso.py,[SUPUESTO],"= L × h programadas × D × R; línea ilustrativa, no modelo de proveedor; sensibilidad del modelo; NO es desempeño industrial demostrado"
linea_nominal,,6,linea=625;sensibilidad=baja,aves_dia_con_h_programadas,2613.75,aves,aves,05_proceso_industrial/modelo_capacidad_proceso.py,[SUPUESTO],"= L × h programadas × D × R; línea ilustrativa, no modelo de proveedor; sensibilidad del modelo; NO es desempeño industrial demostrado"
linea_nominal,,6,linea=625;sensibilidad=media,aves_dia_con_h_programadas,3003.75,aves,aves,05_proceso_industrial/modelo_capacidad_proceso.py,[SUPUESTO],"= L × h programadas × D × R; línea ilustrativa, no modelo de proveedor; sensibilidad del modelo; NO es desempeño industrial demostrado"
linea_nominal,,6,linea=625;sensibilidad=alta,aves_dia_con_h_programadas,3384.375,aves,aves,05_proceso_industrial/modelo_capacidad_proceso.py,[SUPUESTO],"= L × h programadas × D × R; línea ilustrativa, no modelo de proveedor; sensibilidad del modelo; NO es desempeño industrial demostrado"
linea_nominal,,8,linea=625;sensibilidad=baja,aves_dia_con_h_programadas,3485,aves,aves,05_proceso_industrial/modelo_capacidad_proceso.py,[SUPUESTO],"= L × h programadas × D × R; línea ilustrativa, no modelo de proveedor; sensibilidad del modelo; NO es desempeño industrial demostrado"
linea_nominal,,8,linea=625;sensibilidad=media,aves_dia_con_h_programadas,4005,aves,aves,05_proceso_industrial/modelo_capacidad_proceso.py,[SUPUESTO],"= L × h programadas × D × R; línea ilustrativa, no modelo de proveedor; sensibilidad del modelo; NO es desempeño industrial demostrado"
linea_nominal,,8,linea=625;sensibilidad=alta,aves_dia_con_h_programadas,4512.5,aves,aves,05_proceso_industrial/modelo_capacidad_proceso.py,[SUPUESTO],"= L × h programadas × D × R; línea ilustrativa, no modelo de proveedor; sensibilidad del modelo; NO es desempeño industrial demostrado"
linea_nominal,,10,linea=625;sensibilidad=baja,aves_dia_con_h_programadas,4356.25,aves,aves,05_proceso_industrial/modelo_capacidad_proceso.py,[SUPUESTO],"= L × h programadas × D × R; línea ilustrativa, no modelo de proveedor; sensibilidad del modelo; NO es desempeño industrial demostrado"
linea_nominal,,10,linea=625;sensibilidad=media,aves_dia_con_h_programadas,5006.25,aves,aves,05_proceso_industrial/modelo_capacidad_proceso.py,[SUPUESTO],"= L × h programadas × D × R; línea ilustrativa, no modelo de proveedor; sensibilidad del modelo; NO es desempeño industrial demostrado"
linea_nominal,,10,linea=625;sensibilidad=alta,aves_dia_con_h_programadas,5640.625,aves,aves,05_proceso_industrial/modelo_capacidad_proceso.py,[SUPUESTO],"= L × h programadas × D × R; línea ilustrativa, no modelo de proveedor; sensibilidad del modelo; NO es desempeño industrial demostrado"
linea_nominal,,16,linea=625;sensibilidad=baja,aves_dia_con_h_programadas,6970,aves,aves,05_proceso_industrial/modelo_capacidad_proceso.py,[SUPUESTO],"= L × h programadas × D × R; línea ilustrativa, no modelo de proveedor; sensibilidad del modelo; NO es desempeño industrial demostrado"
linea_nominal,,16,linea=625;sensibilidad=media,aves_dia_con_h_programadas,8010,aves,aves,05_proceso_industrial/modelo_capacidad_proceso.py,[SUPUESTO],"= L × h programadas × D × R; línea ilustrativa, no modelo de proveedor; sensibilidad del modelo; NO es desempeño industrial demostrado"
linea_nominal,,16,linea=625;sensibilidad=alta,aves_dia_con_h_programadas,9025,aves,aves,05_proceso_industrial/modelo_capacidad_proceso.py,[SUPUESTO],"= L × h programadas × D × R; línea ilustrativa, no modelo de proveedor; sensibilidad del modelo; NO es desempeño industrial demostrado"
linea_nominal,,6,linea=1250;sensibilidad=baja,aves_dia_con_h_programadas,5227.5,aves,aves,05_proceso_industrial/modelo_capacidad_proceso.py,[SUPUESTO],"= L × h programadas × D × R; línea ilustrativa, no modelo de proveedor; sensibilidad del modelo; NO es desempeño industrial demostrado"
linea_nominal,,6,linea=1250;sensibilidad=media,aves_dia_con_h_programadas,6007.5,aves,aves,05_proceso_industrial/modelo_capacidad_proceso.py,[SUPUESTO],"= L × h programadas × D × R; línea ilustrativa, no modelo de proveedor; sensibilidad del modelo; NO es desempeño industrial demostrado"
linea_nominal,,6,linea=1250;sensibilidad=alta,aves_dia_con_h_programadas,6768.75,aves,aves,05_proceso_industrial/modelo_capacidad_proceso.py,[SUPUESTO],"= L × h programadas × D × R; línea ilustrativa, no modelo de proveedor; sensibilidad del modelo; NO es desempeño industrial demostrado"
linea_nominal,,8,linea=1250;sensibilidad=baja,aves_dia_con_h_programadas,6970,aves,aves,05_proceso_industrial/modelo_capacidad_proceso.py,[SUPUESTO],"= L × h programadas × D × R; línea ilustrativa, no modelo de proveedor; sensibilidad del modelo; NO es desempeño industrial demostrado"
linea_nominal,,8,linea=1250;sensibilidad=media,aves_dia_con_h_programadas,8010,aves,aves,05_proceso_industrial/modelo_capacidad_proceso.py,[SUPUESTO],"= L × h programadas × D × R; línea ilustrativa, no modelo de proveedor; sensibilidad del modelo; NO es desempeño industrial demostrado"
linea_nominal,,8,linea=1250;sensibilidad=alta,aves_dia_con_h_programadas,9025,aves,aves,05_proceso_industrial/modelo_capacidad_proceso.py,[SUPUESTO],"= L × h programadas × D × R; línea ilustrativa, no modelo de proveedor; sensibilidad del modelo; NO es desempeño industrial demostrado"
linea_nominal,,10,linea=1250;sensibilidad=baja,aves_dia_con_h_programadas,8712.5,aves,aves,05_proceso_industrial/modelo_capacidad_proceso.py,[SUPUESTO],"= L × h programadas × D × R; línea ilustrativa, no modelo de proveedor; sensibilidad del modelo; NO es desempeño industrial demostrado"
linea_nominal,,10,linea=1250;sensibilidad=media,aves_dia_con_h_programadas,10012.5,aves,aves,05_proceso_industrial/modelo_capacidad_proceso.py,[SUPUESTO],"= L × h programadas × D × R; línea ilustrativa, no modelo de proveedor; sensibilidad del modelo; NO es desempeño industrial demostrado"
linea_nominal,,10,linea=1250;sensibilidad=alta,aves_dia_con_h_programadas,11281.25,aves,aves,05_proceso_industrial/modelo_capacidad_proceso.py,[SUPUESTO],"= L × h programadas × D × R; línea ilustrativa, no modelo de proveedor; sensibilidad del modelo; NO es desempeño industrial demostrado"
linea_nominal,,16,linea=1250;sensibilidad=baja,aves_dia_con_h_programadas,13940,aves,aves,05_proceso_industrial/modelo_capacidad_proceso.py,[SUPUESTO],"= L × h programadas × D × R; línea ilustrativa, no modelo de proveedor; sensibilidad del modelo; NO es desempeño industrial demostrado"
linea_nominal,,16,linea=1250;sensibilidad=media,aves_dia_con_h_programadas,16020,aves,aves,05_proceso_industrial/modelo_capacidad_proceso.py,[SUPUESTO],"= L × h programadas × D × R; línea ilustrativa, no modelo de proveedor; sensibilidad del modelo; NO es desempeño industrial demostrado"
linea_nominal,,16,linea=1250;sensibilidad=alta,aves_dia_con_h_programadas,18050,aves,aves,05_proceso_industrial/modelo_capacidad_proceso.py,[SUPUESTO],"= L × h programadas × D × R; línea ilustrativa, no modelo de proveedor; sensibilidad del modelo; NO es desempeño industrial demostrado"
linea_nominal,,6,linea=2500;sensibilidad=baja,aves_dia_con_h_programadas,10455,aves,aves,05_proceso_industrial/modelo_capacidad_proceso.py,[SUPUESTO],"= L × h programadas × D × R; línea ilustrativa, no modelo de proveedor; sensibilidad del modelo; NO es desempeño industrial demostrado"
linea_nominal,,6,linea=2500;sensibilidad=media,aves_dia_con_h_programadas,12015,aves,aves,05_proceso_industrial/modelo_capacidad_proceso.py,[SUPUESTO],"= L × h programadas × D × R; línea ilustrativa, no modelo de proveedor; sensibilidad del modelo; NO es desempeño industrial demostrado"
linea_nominal,,6,linea=2500;sensibilidad=alta,aves_dia_con_h_programadas,13537.5,aves,aves,05_proceso_industrial/modelo_capacidad_proceso.py,[SUPUESTO],"= L × h programadas × D × R; línea ilustrativa, no modelo de proveedor; sensibilidad del modelo; NO es desempeño industrial demostrado"
linea_nominal,,8,linea=2500;sensibilidad=baja,aves_dia_con_h_programadas,13940,aves,aves,05_proceso_industrial/modelo_capacidad_proceso.py,[SUPUESTO],"= L × h programadas × D × R; línea ilustrativa, no modelo de proveedor; sensibilidad del modelo; NO es desempeño industrial demostrado"
linea_nominal,,8,linea=2500;sensibilidad=media,aves_dia_con_h_programadas,16020,aves,aves,05_proceso_industrial/modelo_capacidad_proceso.py,[SUPUESTO],"= L × h programadas × D × R; línea ilustrativa, no modelo de proveedor; sensibilidad del modelo; NO es desempeño industrial demostrado"
linea_nominal,,8,linea=2500;sensibilidad=alta,aves_dia_con_h_programadas,18050,aves,aves,05_proceso_industrial/modelo_capacidad_proceso.py,[SUPUESTO],"= L × h programadas × D × R; línea ilustrativa, no modelo de proveedor; sensibilidad del modelo; NO es desempeño industrial demostrado"
linea_nominal,,10,linea=2500;sensibilidad=baja,aves_dia_con_h_programadas,17425,aves,aves,05_proceso_industrial/modelo_capacidad_proceso.py,[SUPUESTO],"= L × h programadas × D × R; línea ilustrativa, no modelo de proveedor; sensibilidad del modelo; NO es desempeño industrial demostrado"
linea_nominal,,10,linea=2500;sensibilidad=media,aves_dia_con_h_programadas,20025,aves,aves,05_proceso_industrial/modelo_capacidad_proceso.py,[SUPUESTO],"= L × h programadas × D × R; línea ilustrativa, no modelo de proveedor; sensibilidad del modelo; NO es desempeño industrial demostrado"
linea_nominal,,10,linea=2500;sensibilidad=alta,aves_dia_con_h_programadas,22562.5,aves,aves,05_proceso_industrial/modelo_capacidad_proceso.py,[SUPUESTO],"= L × h programadas × D × R; línea ilustrativa, no modelo de proveedor; sensibilidad del modelo; NO es desempeño industrial demostrado"
linea_nominal,,16,linea=2500;sensibilidad=baja,aves_dia_con_h_programadas,27880,aves,aves,05_proceso_industrial/modelo_capacidad_proceso.py,[SUPUESTO],"= L × h programadas × D × R; línea ilustrativa, no modelo de proveedor; sensibilidad del modelo; NO es desempeño industrial demostrado"
linea_nominal,,16,linea=2500;sensibilidad=media,aves_dia_con_h_programadas,32040,aves,aves,05_proceso_industrial/modelo_capacidad_proceso.py,[SUPUESTO],"= L × h programadas × D × R; línea ilustrativa, no modelo de proveedor; sensibilidad del modelo; NO es desempeño industrial demostrado"
linea_nominal,,16,linea=2500;sensibilidad=alta,aves_dia_con_h_programadas,36100,aves,aves,05_proceso_industrial/modelo_capacidad_proceso.py,[SUPUESTO],"= L × h programadas × D × R; línea ilustrativa, no modelo de proveedor; sensibilidad del modelo; NO es desempeño industrial demostrado"
linea_nominal,,6,linea=3125;sensibilidad=baja,aves_dia_con_h_programadas,13068.75,aves,aves,05_proceso_industrial/modelo_capacidad_proceso.py,[SUPUESTO],"= L × h programadas × D × R; línea ilustrativa, no modelo de proveedor; sensibilidad del modelo; NO es desempeño industrial demostrado"
linea_nominal,,6,linea=3125;sensibilidad=media,aves_dia_con_h_programadas,15018.75,aves,aves,05_proceso_industrial/modelo_capacidad_proceso.py,[SUPUESTO],"= L × h programadas × D × R; línea ilustrativa, no modelo de proveedor; sensibilidad del modelo; NO es desempeño industrial demostrado"
linea_nominal,,6,linea=3125;sensibilidad=alta,aves_dia_con_h_programadas,16921.875,aves,aves,05_proceso_industrial/modelo_capacidad_proceso.py,[SUPUESTO],"= L × h programadas × D × R; línea ilustrativa, no modelo de proveedor; sensibilidad del modelo; NO es desempeño industrial demostrado"
linea_nominal,,8,linea=3125;sensibilidad=baja,aves_dia_con_h_programadas,17425,aves,aves,05_proceso_industrial/modelo_capacidad_proceso.py,[SUPUESTO],"= L × h programadas × D × R; línea ilustrativa, no modelo de proveedor; sensibilidad del modelo; NO es desempeño industrial demostrado"
linea_nominal,,8,linea=3125;sensibilidad=media,aves_dia_con_h_programadas,20025,aves,aves,05_proceso_industrial/modelo_capacidad_proceso.py,[SUPUESTO],"= L × h programadas × D × R; línea ilustrativa, no modelo de proveedor; sensibilidad del modelo; NO es desempeño industrial demostrado"
linea_nominal,,8,linea=3125;sensibilidad=alta,aves_dia_con_h_programadas,22562.5,aves,aves,05_proceso_industrial/modelo_capacidad_proceso.py,[SUPUESTO],"= L × h programadas × D × R; línea ilustrativa, no modelo de proveedor; sensibilidad del modelo; NO es desempeño industrial demostrado"
linea_nominal,,10,linea=3125;sensibilidad=baja,aves_dia_con_h_programadas,21781.25,aves,aves,05_proceso_industrial/modelo_capacidad_proceso.py,[SUPUESTO],"= L × h programadas × D × R; línea ilustrativa, no modelo de proveedor; sensibilidad del modelo; NO es desempeño industrial demostrado"
linea_nominal,,10,linea=3125;sensibilidad=media,aves_dia_con_h_programadas,25031.25,aves,aves,05_proceso_industrial/modelo_capacidad_proceso.py,[SUPUESTO],"= L × h programadas × D × R; línea ilustrativa, no modelo de proveedor; sensibilidad del modelo; NO es desempeño industrial demostrado"
linea_nominal,,10,linea=3125;sensibilidad=alta,aves_dia_con_h_programadas,28203.125,aves,aves,05_proceso_industrial/modelo_capacidad_proceso.py,[SUPUESTO],"= L × h programadas × D × R; línea ilustrativa, no modelo de proveedor; sensibilidad del modelo; NO es desempeño industrial demostrado"
linea_nominal,,16,linea=3125;sensibilidad=baja,aves_dia_con_h_programadas,34850,aves,aves,05_proceso_industrial/modelo_capacidad_proceso.py,[SUPUESTO],"= L × h programadas × D × R; línea ilustrativa, no modelo de proveedor; sensibilidad del modelo; NO es desempeño industrial demostrado"
linea_nominal,,16,linea=3125;sensibilidad=media,aves_dia_con_h_programadas,40050,aves,aves,05_proceso_industrial/modelo_capacidad_proceso.py,[SUPUESTO],"= L × h programadas × D × R; línea ilustrativa, no modelo de proveedor; sensibilidad del modelo; NO es desempeño industrial demostrado"
linea_nominal,,16,linea=3125;sensibilidad=alta,aves_dia_con_h_programadas,45125,aves,aves,05_proceso_industrial/modelo_capacidad_proceso.py,[SUPUESTO],"= L × h programadas × D × R; línea ilustrativa, no modelo de proveedor; sensibilidad del modelo; NO es desempeño industrial demostrado"
referencia_proveedor,,,baader_compact_plant_396,min_aves_h,600,aves/h,aves,FTE-09A-007,[VERIFICADO · fuente primaria del fabricante; lectura del promotor],"capacidad NOMINAL DECLARADA; referencia, no diseño; evisceración manual; según tamaño de ave; expansión prevista"
referencia_proveedor,,,baader_compact_plant_396,max_aves_h,1600,aves/h,aves,FTE-09A-007,[VERIFICADO · fuente primaria del fabricante; lectura del promotor],"capacidad NOMINAL DECLARADA; referencia, no diseño; evisceración manual; según tamaño de ave; expansión prevista"
referencia_proveedor,,,meyn_leap,min_aves_h,1300,aves/h,aves,FTE-09A-001,[VERIFICADO · fuente primaria del fabricante; lectura del promotor],"capacidad NOMINAL DECLARADA; referencia, no diseño; concepto modular; no implica que la inversión inicial llegue a 15.000"
referencia_proveedor,,,meyn_leap,max_aves_h,15000,aves/h,aves,FTE-09A-001,[VERIFICADO · fuente primaria del fabricante; lectura del promotor],"capacidad NOMINAL DECLARADA; referencia, no diseño; concepto modular; no implica que la inversión inicial llegue a 15.000"
referencia_proveedor,,,jbt_marel_calisa2,min_aves_h,9500,aves/h,aves,FTE-09A-004,[VERIFICADO · fuente primaria del fabricante; lectura del promotor],"capacidad NOMINAL DECLARADA; referencia, no diseño; planta argentina; referencia tecnológica, NO benchmark económico"
referencia_proveedor,,,jbt_marel_calisa2,max_aves_h,15000,aves/h,aves,FTE-09A-004,[VERIFICADO · fuente primaria del fabricante; lectura del promotor],"capacidad NOMINAL DECLARADA; referencia, no diseño; planta argentina; referencia tecnológica, NO benchmark económico"
