ESCENARIO,CONFIGURACION,ESCALA_AVES_DIA,DIAS_ANIO,ARQUITECTURA,FECHA_BASE,MONEDA,BLOQUE,ESTADO_BLOQUE,ACTIVOS_BOQ,CONCEPTOS_COSTEABLES,CONCEPTOS_CON_PRECIO,CONCEPTOS_SIN_PRECIO,CONCEPTOS_SIN_CANTIDAD,CONCEPTOS_PRECIO_PARCIAL,ALCANCE_PENDIENTE,CAPEX_E1_E2_USD,CAPEX_E3_USD,CAPEX_E4_USD,CAPEX_E5_USD,N_CONCEPTOS_E1_E2,N_CONCEPTOS_E3,N_CONCEPTOS_E4,N_CONCEPTOS_E5,N_CONCEPTOS_PENDIENTES,CAPEX_PENDIENTE_CONCEPTOS,CALIDAD_MONTO,MONTO_CON_PRECIO_USD,MONTO_CON_PRECIO_LOW_USD,MONTO_CON_PRECIO_HIGH_USD,COBERTURA_CONCEPTOS_PCT,COBERTURA_VALOR,TOTAL_PRELIMINAR,CAPEX_TERCEROS_INFORMATIVO_USD,CAPEX_FUTURO_INFORMATIVO_USD,ALERTAS
C0-2500,C0,2500,250,faena=facon|granjas=integradas:0|pollito=compra|alimento=facon|flota=tercero|frio=C_congelado_tercero|subprod=A_externo|terreno=compra_fase|autom=semi|linea=lotes,2026-10-01,USD,TERRENO,EXCLUIDO_POR_ARQUITECTURA,0,0,0,0,0,0,0,,,,,0,0,0,0,0,0,SIN_MONTO,,,,,NO APLICA,0 (excluido por arquitectura),,,
C0-2500,C0,2500,250,faena=facon|granjas=integradas:0|pollito=compra|alimento=facon|flota=tercero|frio=C_congelado_tercero|subprod=A_externo|terreno=compra_fase|autom=semi|linea=lotes,2026-10-01,USD,OBRA_CIVIL,INCOMPLETO,1,1,0,1,1,0,0,,,,,0,0,0,0,1,1,SIN_MONTO,,,,0,NO CALCULABLE: 1 conceptos sin magnitud,NO DISPONIBLE: 1 conceptos sin costo,,,
C0-2500,C0,2500,250,faena=facon|granjas=integradas:0|pollito=compra|alimento=facon|flota=tercero|frio=C_congelado_tercero|subprod=A_externo|terreno=compra_fase|autom=semi|linea=lotes,2026-10-01,USD,PROCESO,EXCLUIDO_POR_ARQUITECTURA,0,0,0,0,0,0,0,,,,,0,0,0,0,0,0,SIN_MONTO,,,,,NO APLICA,0 (excluido por arquitectura),,,
C0-2500,C0,2500,250,faena=facon|granjas=integradas:0|pollito=compra|alimento=facon|flota=tercero|frio=C_congelado_tercero|subprod=A_externo|terreno=compra_fase|autom=semi|linea=lotes,2026-10-01,USD,SUBPRODUCTOS,EXCLUIDO_POR_ARQUITECTURA,0,0,0,0,0,0,0,,,,,0,0,0,0,0,0,SIN_MONTO,,,,,NO APLICA,0 (excluido por arquitectura),,,
C0-2500,C0,2500,250,faena=facon|granjas=integradas:0|pollito=compra|alimento=facon|flota=tercero|frio=C_congelado_tercero|subprod=A_externo|terreno=compra_fase|autom=semi|linea=lotes,2026-10-01,USD,FRIO,EXCLUIDO_POR_ARQUITECTURA,0,0,0,0,0,0,0,,,,,0,0,0,0,0,0,SIN_MONTO,,,,,NO APLICA,0 (excluido por arquitectura),,,
C0-2500,C0,2500,250,faena=facon|granjas=integradas:0|pollito=compra|alimento=facon|flota=tercero|frio=C_congelado_tercero|subprod=A_externo|terreno=compra_fase|autom=semi|linea=lotes,2026-10-01,USD,UTILITIES,EXCLUIDO_POR_ARQUITECTURA,0,0,0,0,0,0,0,,,,,0,0,0,0,0,0,SIN_MONTO,,,,,NO APLICA,0 (excluido por arquitectura),,,
C0-2500,C0,2500,250,faena=facon|granjas=integradas:0|pollito=compra|alimento=facon|flota=tercero|frio=C_congelado_tercero|subprod=A_externo|terreno=compra_fase|autom=semi|linea=lotes,2026-10-01,USD,EFLUENTES,EXCLUIDO_POR_ARQUITECTURA,0,0,0,0,0,0,0,,,,,0,0,0,0,0,0,SIN_MONTO,,,,,NO APLICA,0 (excluido por arquitectura),,,
C0-2500,C0,2500,250,faena=facon|granjas=integradas:0|pollito=compra|alimento=facon|flota=tercero|frio=C_congelado_tercero|subprod=A_externo|terreno=compra_fase|autom=semi|linea=lotes,2026-10-01,USD,SERVICIOS_GENERALES,INCOMPLETO,3,3,0,3,0,0,0,,,,,0,0,0,0,3,3,SIN_MONTO,,,,0,NO CALCULABLE: 3 conceptos sin magnitud,NO DISPONIBLE: 3 conceptos sin costo,,,
C0-2500,C0,2500,250,faena=facon|granjas=integradas:0|pollito=compra|alimento=facon|flota=tercero|frio=C_congelado_tercero|subprod=A_externo|terreno=compra_fase|autom=semi|linea=lotes,2026-10-01,USD,LOGISTICA,EXCLUIDO_POR_ARQUITECTURA,0,0,0,0,0,0,0,,,,,0,0,0,0,0,0,SIN_MONTO,,,,,NO APLICA,0 (excluido por arquitectura),,,
C0-2500,C0,2500,250,faena=facon|granjas=integradas:0|pollito=compra|alimento=facon|flota=tercero|frio=C_congelado_tercero|subprod=A_externo|terreno=compra_fase|autom=semi|linea=lotes,2026-10-01,USD,INCUBACION,EXCLUIDO_POR_ARQUITECTURA,0,0,0,0,0,0,0,,,,,0,0,0,0,0,0,SIN_MONTO,,,,,NO APLICA,0 (excluido por arquitectura),,,
C0-2500,C0,2500,250,faena=facon|granjas=integradas:0|pollito=compra|alimento=facon|flota=tercero|frio=C_congelado_tercero|subprod=A_externo|terreno=compra_fase|autom=semi|linea=lotes,2026-10-01,USD,ALIMENTO,EXCLUIDO_POR_ARQUITECTURA,0,0,0,0,0,0,0,,,,,0,0,0,0,0,0,SIN_MONTO,,,,,NO APLICA,0 (excluido por arquitectura),,,
C0-2500,C0,2500,250,faena=facon|granjas=integradas:0|pollito=compra|alimento=facon|flota=tercero|frio=C_congelado_tercero|subprod=A_externo|terreno=compra_fase|autom=semi|linea=lotes,2026-10-01,USD,GRANJAS,EXCLUIDO_POR_ARQUITECTURA,10,0,0,0,0,0,0,,,,,0,0,0,0,0,0,SIN_MONTO,,,,,NO APLICA,0 (excluido por arquitectura),1384628.2666,,
C0-2500,C0,2500,250,faena=facon|granjas=integradas:0|pollito=compra|alimento=facon|flota=tercero|frio=C_congelado_tercero|subprod=A_externo|terreno=compra_fase|autom=semi|linea=lotes,2026-10-01,USD,INDIRECTOS,INCOMPLETO,7,7,0,7,0,0,0,,,,,0,0,0,0,7,7,SIN_MONTO,,,,0,NO CALCULABLE: 7 conceptos sin magnitud,NO DISPONIBLE: 7 conceptos sin costo,,,
C0-2500,C0,2500,250,faena=facon|granjas=integradas:0|pollito=compra|alimento=facon|flota=tercero|frio=C_congelado_tercero|subprod=A_externo|terreno=compra_fase|autom=semi|linea=lotes,2026-10-01,USD,PREOPERATIVOS,INCOMPLETO,7,7,0,7,0,0,0,,,,,0,0,0,0,7,7,SIN_MONTO,,,,0,NO CALCULABLE: 7 conceptos sin magnitud,NO DISPONIBLE: 7 conceptos sin costo,,,
C0-2500,C0,2500,250,faena=facon|granjas=integradas:0|pollito=compra|alimento=facon|flota=tercero|frio=C_congelado_tercero|subprod=A_externo|terreno=compra_fase|autom=semi|linea=lotes,2026-10-01,USD,CONTINGENCIA,INCOMPLETO,3,3,0,3,0,0,0,,,,,0,0,0,0,3,3,SIN_MONTO,,,,0,NO CALCULABLE: 3 conceptos sin magnitud,NO DISPONIBLE: 3 conceptos sin costo,,,
C0-2500,C0,2500,250,faena=facon|granjas=integradas:0|pollito=compra|alimento=facon|flota=tercero|frio=C_congelado_tercero|subprod=A_externo|terreno=compra_fase|autom=semi|linea=lotes,2026-10-01,USD,TOTAL,INCOMPLETO,31,21,0,21,1,0,0,,,,,0,0,0,0,21,21,SIN_MONTO,,,,0,NO CALCULABLE: 21 conceptos sin magnitud,NO DISPONIBLE: 21 conceptos sin costo,1384628.2666,,
C0-5000,C0,5000,250,faena=facon|granjas=integradas:0|pollito=compra|alimento=facon|flota=tercero|frio=C_congelado_tercero|subprod=A_externo|terreno=compra_fase|autom=semi|linea=lotes,2026-10-01,USD,TERRENO,EXCLUIDO_POR_ARQUITECTURA,0,0,0,0,0,0,0,,,,,0,0,0,0,0,0,SIN_MONTO,,,,,NO APLICA,0 (excluido por arquitectura),,,
C0-5000,C0,5000,250,faena=facon|granjas=integradas:0|pollito=compra|alimento=facon|flota=tercero|frio=C_congelado_tercero|subprod=A_externo|terreno=compra_fase|autom=semi|linea=lotes,2026-10-01,USD,OBRA_CIVIL,INCOMPLETO,1,1,0,1,1,0,0,,,,,0,0,0,0,1,1,SIN_MONTO,,,,0,NO CALCULABLE: 1 conceptos sin magnitud,NO DISPONIBLE: 1 conceptos sin costo,,,
C0-5000,C0,5000,250,faena=facon|granjas=integradas:0|pollito=compra|alimento=facon|flota=tercero|frio=C_congelado_tercero|subprod=A_externo|terreno=compra_fase|autom=semi|linea=lotes,2026-10-01,USD,PROCESO,EXCLUIDO_POR_ARQUITECTURA,0,0,0,0,0,0,0,,,,,0,0,0,0,0,0,SIN_MONTO,,,,,NO APLICA,0 (excluido por arquitectura),,,
C0-5000,C0,5000,250,faena=facon|granjas=integradas:0|pollito=compra|alimento=facon|flota=tercero|frio=C_congelado_tercero|subprod=A_externo|terreno=compra_fase|autom=semi|linea=lotes,2026-10-01,USD,SUBPRODUCTOS,EXCLUIDO_POR_ARQUITECTURA,0,0,0,0,0,0,0,,,,,0,0,0,0,0,0,SIN_MONTO,,,,,NO APLICA,0 (excluido por arquitectura),,,
C0-5000,C0,5000,250,faena=facon|granjas=integradas:0|pollito=compra|alimento=facon|flota=tercero|frio=C_congelado_tercero|subprod=A_externo|terreno=compra_fase|autom=semi|linea=lotes,2026-10-01,USD,FRIO,EXCLUIDO_POR_ARQUITECTURA,0,0,0,0,0,0,0,,,,,0,0,0,0,0,0,SIN_MONTO,,,,,NO APLICA,0 (excluido por arquitectura),,,
C0-5000,C0,5000,250,faena=facon|granjas=integradas:0|pollito=compra|alimento=facon|flota=tercero|frio=C_congelado_tercero|subprod=A_externo|terreno=compra_fase|autom=semi|linea=lotes,2026-10-01,USD,UTILITIES,EXCLUIDO_POR_ARQUITECTURA,0,0,0,0,0,0,0,,,,,0,0,0,0,0,0,SIN_MONTO,,,,,NO APLICA,0 (excluido por arquitectura),,,
C0-5000,C0,5000,250,faena=facon|granjas=integradas:0|pollito=compra|alimento=facon|flota=tercero|frio=C_congelado_tercero|subprod=A_externo|terreno=compra_fase|autom=semi|linea=lotes,2026-10-01,USD,EFLUENTES,EXCLUIDO_POR_ARQUITECTURA,0,0,0,0,0,0,0,,,,,0,0,0,0,0,0,SIN_MONTO,,,,,NO APLICA,0 (excluido por arquitectura),,,
C0-5000,C0,5000,250,faena=facon|granjas=integradas:0|pollito=compra|alimento=facon|flota=tercero|frio=C_congelado_tercero|subprod=A_externo|terreno=compra_fase|autom=semi|linea=lotes,2026-10-01,USD,SERVICIOS_GENERALES,INCOMPLETO,3,3,0,3,0,0,0,,,,,0,0,0,0,3,3,SIN_MONTO,,,,0,NO CALCULABLE: 3 conceptos sin magnitud,NO DISPONIBLE: 3 conceptos sin costo,,,
C0-5000,C0,5000,250,faena=facon|granjas=integradas:0|pollito=compra|alimento=facon|flota=tercero|frio=C_congelado_tercero|subprod=A_externo|terreno=compra_fase|autom=semi|linea=lotes,2026-10-01,USD,LOGISTICA,EXCLUIDO_POR_ARQUITECTURA,0,0,0,0,0,0,0,,,,,0,0,0,0,0,0,SIN_MONTO,,,,,NO APLICA,0 (excluido por arquitectura),,,
C0-5000,C0,5000,250,faena=facon|granjas=integradas:0|pollito=compra|alimento=facon|flota=tercero|frio=C_congelado_tercero|subprod=A_externo|terreno=compra_fase|autom=semi|linea=lotes,2026-10-01,USD,INCUBACION,EXCLUIDO_POR_ARQUITECTURA,0,0,0,0,0,0,0,,,,,0,0,0,0,0,0,SIN_MONTO,,,,,NO APLICA,0 (excluido por arquitectura),,,
C0-5000,C0,5000,250,faena=facon|granjas=integradas:0|pollito=compra|alimento=facon|flota=tercero|frio=C_congelado_tercero|subprod=A_externo|terreno=compra_fase|autom=semi|linea=lotes,2026-10-01,USD,ALIMENTO,EXCLUIDO_POR_ARQUITECTURA,0,0,0,0,0,0,0,,,,,0,0,0,0,0,0,SIN_MONTO,,,,,NO APLICA,0 (excluido por arquitectura),,,
C0-5000,C0,5000,250,faena=facon|granjas=integradas:0|pollito=compra|alimento=facon|flota=tercero|frio=C_congelado_tercero|subprod=A_externo|terreno=compra_fase|autom=semi|linea=lotes,2026-10-01,USD,GRANJAS,EXCLUIDO_POR_ARQUITECTURA,10,0,0,0,0,0,0,,,,,0,0,0,0,0,0,SIN_MONTO,,,,,NO APLICA,0 (excluido por arquitectura),2769256.5333,,
C0-5000,C0,5000,250,faena=facon|granjas=integradas:0|pollito=compra|alimento=facon|flota=tercero|frio=C_congelado_tercero|subprod=A_externo|terreno=compra_fase|autom=semi|linea=lotes,2026-10-01,USD,INDIRECTOS,INCOMPLETO,7,7,0,7,0,0,0,,,,,0,0,0,0,7,7,SIN_MONTO,,,,0,NO CALCULABLE: 7 conceptos sin magnitud,NO DISPONIBLE: 7 conceptos sin costo,,,
C0-5000,C0,5000,250,faena=facon|granjas=integradas:0|pollito=compra|alimento=facon|flota=tercero|frio=C_congelado_tercero|subprod=A_externo|terreno=compra_fase|autom=semi|linea=lotes,2026-10-01,USD,PREOPERATIVOS,INCOMPLETO,7,7,0,7,0,0,0,,,,,0,0,0,0,7,7,SIN_MONTO,,,,0,NO CALCULABLE: 7 conceptos sin magnitud,NO DISPONIBLE: 7 conceptos sin costo,,,
C0-5000,C0,5000,250,faena=facon|granjas=integradas:0|pollito=compra|alimento=facon|flota=tercero|frio=C_congelado_tercero|subprod=A_externo|terreno=compra_fase|autom=semi|linea=lotes,2026-10-01,USD,CONTINGENCIA,INCOMPLETO,3,3,0,3,0,0,0,,,,,0,0,0,0,3,3,SIN_MONTO,,,,0,NO CALCULABLE: 3 conceptos sin magnitud,NO DISPONIBLE: 3 conceptos sin costo,,,
C0-5000,C0,5000,250,faena=facon|granjas=integradas:0|pollito=compra|alimento=facon|flota=tercero|frio=C_congelado_tercero|subprod=A_externo|terreno=compra_fase|autom=semi|linea=lotes,2026-10-01,USD,TOTAL,INCOMPLETO,31,21,0,21,1,0,0,,,,,0,0,0,0,21,21,SIN_MONTO,,,,0,NO CALCULABLE: 21 conceptos sin magnitud,NO DISPONIBLE: 21 conceptos sin costo,2769256.5333,,
C0-10000,C0,10000,250,faena=facon|granjas=integradas:0|pollito=compra|alimento=facon|flota=tercero|frio=C_congelado_tercero|subprod=A_externo|terreno=compra_fase|autom=semi|linea=lotes,2026-10-01,USD,TERRENO,EXCLUIDO_POR_ARQUITECTURA,0,0,0,0,0,0,0,,,,,0,0,0,0,0,0,SIN_MONTO,,,,,NO APLICA,0 (excluido por arquitectura),,,
C0-10000,C0,10000,250,faena=facon|granjas=integradas:0|pollito=compra|alimento=facon|flota=tercero|frio=C_congelado_tercero|subprod=A_externo|terreno=compra_fase|autom=semi|linea=lotes,2026-10-01,USD,OBRA_CIVIL,INCOMPLETO,1,1,0,1,1,0,0,,,,,0,0,0,0,1,1,SIN_MONTO,,,,0,NO CALCULABLE: 1 conceptos sin magnitud,NO DISPONIBLE: 1 conceptos sin costo,,,
C0-10000,C0,10000,250,faena=facon|granjas=integradas:0|pollito=compra|alimento=facon|flota=tercero|frio=C_congelado_tercero|subprod=A_externo|terreno=compra_fase|autom=semi|linea=lotes,2026-10-01,USD,PROCESO,EXCLUIDO_POR_ARQUITECTURA,0,0,0,0,0,0,0,,,,,0,0,0,0,0,0,SIN_MONTO,,,,,NO APLICA,0 (excluido por arquitectura),,,
C0-10000,C0,10000,250,faena=facon|granjas=integradas:0|pollito=compra|alimento=facon|flota=tercero|frio=C_congelado_tercero|subprod=A_externo|terreno=compra_fase|autom=semi|linea=lotes,2026-10-01,USD,SUBPRODUCTOS,EXCLUIDO_POR_ARQUITECTURA,0,0,0,0,0,0,0,,,,,0,0,0,0,0,0,SIN_MONTO,,,,,NO APLICA,0 (excluido por arquitectura),,,
C0-10000,C0,10000,250,faena=facon|granjas=integradas:0|pollito=compra|alimento=facon|flota=tercero|frio=C_congelado_tercero|subprod=A_externo|terreno=compra_fase|autom=semi|linea=lotes,2026-10-01,USD,FRIO,EXCLUIDO_POR_ARQUITECTURA,0,0,0,0,0,0,0,,,,,0,0,0,0,0,0,SIN_MONTO,,,,,NO APLICA,0 (excluido por arquitectura),,,
C0-10000,C0,10000,250,faena=facon|granjas=integradas:0|pollito=compra|alimento=facon|flota=tercero|frio=C_congelado_tercero|subprod=A_externo|terreno=compra_fase|autom=semi|linea=lotes,2026-10-01,USD,UTILITIES,EXCLUIDO_POR_ARQUITECTURA,0,0,0,0,0,0,0,,,,,0,0,0,0,0,0,SIN_MONTO,,,,,NO APLICA,0 (excluido por arquitectura),,,
C0-10000,C0,10000,250,faena=facon|granjas=integradas:0|pollito=compra|alimento=facon|flota=tercero|frio=C_congelado_tercero|subprod=A_externo|terreno=compra_fase|autom=semi|linea=lotes,2026-10-01,USD,EFLUENTES,EXCLUIDO_POR_ARQUITECTURA,0,0,0,0,0,0,0,,,,,0,0,0,0,0,0,SIN_MONTO,,,,,NO APLICA,0 (excluido por arquitectura),,,
C0-10000,C0,10000,250,faena=facon|granjas=integradas:0|pollito=compra|alimento=facon|flota=tercero|frio=C_congelado_tercero|subprod=A_externo|terreno=compra_fase|autom=semi|linea=lotes,2026-10-01,USD,SERVICIOS_GENERALES,INCOMPLETO,3,3,0,3,0,0,0,,,,,0,0,0,0,3,3,SIN_MONTO,,,,0,NO CALCULABLE: 3 conceptos sin magnitud,NO DISPONIBLE: 3 conceptos sin costo,,,
C0-10000,C0,10000,250,faena=facon|granjas=integradas:0|pollito=compra|alimento=facon|flota=tercero|frio=C_congelado_tercero|subprod=A_externo|terreno=compra_fase|autom=semi|linea=lotes,2026-10-01,USD,LOGISTICA,EXCLUIDO_POR_ARQUITECTURA,0,0,0,0,0,0,0,,,,,0,0,0,0,0,0,SIN_MONTO,,,,,NO APLICA,0 (excluido por arquitectura),,,
C0-10000,C0,10000,250,faena=facon|granjas=integradas:0|pollito=compra|alimento=facon|flota=tercero|frio=C_congelado_tercero|subprod=A_externo|terreno=compra_fase|autom=semi|linea=lotes,2026-10-01,USD,INCUBACION,EXCLUIDO_POR_ARQUITECTURA,0,0,0,0,0,0,0,,,,,0,0,0,0,0,0,SIN_MONTO,,,,,NO APLICA,0 (excluido por arquitectura),,,
C0-10000,C0,10000,250,faena=facon|granjas=integradas:0|pollito=compra|alimento=facon|flota=tercero|frio=C_congelado_tercero|subprod=A_externo|terreno=compra_fase|autom=semi|linea=lotes,2026-10-01,USD,ALIMENTO,EXCLUIDO_POR_ARQUITECTURA,0,0,0,0,0,0,0,,,,,0,0,0,0,0,0,SIN_MONTO,,,,,NO APLICA,0 (excluido por arquitectura),,,
C0-10000,C0,10000,250,faena=facon|granjas=integradas:0|pollito=compra|alimento=facon|flota=tercero|frio=C_congelado_tercero|subprod=A_externo|terreno=compra_fase|autom=semi|linea=lotes,2026-10-01,USD,GRANJAS,EXCLUIDO_POR_ARQUITECTURA,10,0,0,0,0,0,0,,,,,0,0,0,0,0,0,SIN_MONTO,,,,,NO APLICA,0 (excluido por arquitectura),5538513.0665,,
C0-10000,C0,10000,250,faena=facon|granjas=integradas:0|pollito=compra|alimento=facon|flota=tercero|frio=C_congelado_tercero|subprod=A_externo|terreno=compra_fase|autom=semi|linea=lotes,2026-10-01,USD,INDIRECTOS,INCOMPLETO,7,7,0,7,0,0,0,,,,,0,0,0,0,7,7,SIN_MONTO,,,,0,NO CALCULABLE: 7 conceptos sin magnitud,NO DISPONIBLE: 7 conceptos sin costo,,,
C0-10000,C0,10000,250,faena=facon|granjas=integradas:0|pollito=compra|alimento=facon|flota=tercero|frio=C_congelado_tercero|subprod=A_externo|terreno=compra_fase|autom=semi|linea=lotes,2026-10-01,USD,PREOPERATIVOS,INCOMPLETO,7,7,0,7,0,0,0,,,,,0,0,0,0,7,7,SIN_MONTO,,,,0,NO CALCULABLE: 7 conceptos sin magnitud,NO DISPONIBLE: 7 conceptos sin costo,,,
C0-10000,C0,10000,250,faena=facon|granjas=integradas:0|pollito=compra|alimento=facon|flota=tercero|frio=C_congelado_tercero|subprod=A_externo|terreno=compra_fase|autom=semi|linea=lotes,2026-10-01,USD,CONTINGENCIA,INCOMPLETO,3,3,0,3,0,0,0,,,,,0,0,0,0,3,3,SIN_MONTO,,,,0,NO CALCULABLE: 3 conceptos sin magnitud,NO DISPONIBLE: 3 conceptos sin costo,,,
C0-10000,C0,10000,250,faena=facon|granjas=integradas:0|pollito=compra|alimento=facon|flota=tercero|frio=C_congelado_tercero|subprod=A_externo|terreno=compra_fase|autom=semi|linea=lotes,2026-10-01,USD,TOTAL,INCOMPLETO,31,21,0,21,1,0,0,,,,,0,0,0,0,21,21,SIN_MONTO,,,,0,NO CALCULABLE: 21 conceptos sin magnitud,NO DISPONIBLE: 21 conceptos sin costo,5538513.0665,,
C0-20000,C0,20000,250,faena=facon|granjas=integradas:0|pollito=compra|alimento=facon|flota=tercero|frio=C_congelado_tercero|subprod=A_externo|terreno=compra_fase|autom=semi|linea=lotes,2026-10-01,USD,TERRENO,EXCLUIDO_POR_ARQUITECTURA,0,0,0,0,0,0,0,,,,,0,0,0,0,0,0,SIN_MONTO,,,,,NO APLICA,0 (excluido por arquitectura),,,
C0-20000,C0,20000,250,faena=facon|granjas=integradas:0|pollito=compra|alimento=facon|flota=tercero|frio=C_congelado_tercero|subprod=A_externo|terreno=compra_fase|autom=semi|linea=lotes,2026-10-01,USD,OBRA_CIVIL,INCOMPLETO,1,1,0,1,1,0,0,,,,,0,0,0,0,1,1,SIN_MONTO,,,,0,NO CALCULABLE: 1 conceptos sin magnitud,NO DISPONIBLE: 1 conceptos sin costo,,,
C0-20000,C0,20000,250,faena=facon|granjas=integradas:0|pollito=compra|alimento=facon|flota=tercero|frio=C_congelado_tercero|subprod=A_externo|terreno=compra_fase|autom=semi|linea=lotes,2026-10-01,USD,PROCESO,EXCLUIDO_POR_ARQUITECTURA,0,0,0,0,0,0,0,,,,,0,0,0,0,0,0,SIN_MONTO,,,,,NO APLICA,0 (excluido por arquitectura),,,
C0-20000,C0,20000,250,faena=facon|granjas=integradas:0|pollito=compra|alimento=facon|flota=tercero|frio=C_congelado_tercero|subprod=A_externo|terreno=compra_fase|autom=semi|linea=lotes,2026-10-01,USD,SUBPRODUCTOS,EXCLUIDO_POR_ARQUITECTURA,0,0,0,0,0,0,0,,,,,0,0,0,0,0,0,SIN_MONTO,,,,,NO APLICA,0 (excluido por arquitectura),,,
C0-20000,C0,20000,250,faena=facon|granjas=integradas:0|pollito=compra|alimento=facon|flota=tercero|frio=C_congelado_tercero|subprod=A_externo|terreno=compra_fase|autom=semi|linea=lotes,2026-10-01,USD,FRIO,EXCLUIDO_POR_ARQUITECTURA,0,0,0,0,0,0,0,,,,,0,0,0,0,0,0,SIN_MONTO,,,,,NO APLICA,0 (excluido por arquitectura),,,
C0-20000,C0,20000,250,faena=facon|granjas=integradas:0|pollito=compra|alimento=facon|flota=tercero|frio=C_congelado_tercero|subprod=A_externo|terreno=compra_fase|autom=semi|linea=lotes,2026-10-01,USD,UTILITIES,EXCLUIDO_POR_ARQUITECTURA,0,0,0,0,0,0,0,,,,,0,0,0,0,0,0,SIN_MONTO,,,,,NO APLICA,0 (excluido por arquitectura),,,
C0-20000,C0,20000,250,faena=facon|granjas=integradas:0|pollito=compra|alimento=facon|flota=tercero|frio=C_congelado_tercero|subprod=A_externo|terreno=compra_fase|autom=semi|linea=lotes,2026-10-01,USD,EFLUENTES,EXCLUIDO_POR_ARQUITECTURA,0,0,0,0,0,0,0,,,,,0,0,0,0,0,0,SIN_MONTO,,,,,NO APLICA,0 (excluido por arquitectura),,,
C0-20000,C0,20000,250,faena=facon|granjas=integradas:0|pollito=compra|alimento=facon|flota=tercero|frio=C_congelado_tercero|subprod=A_externo|terreno=compra_fase|autom=semi|linea=lotes,2026-10-01,USD,SERVICIOS_GENERALES,INCOMPLETO,3,3,0,3,0,0,0,,,,,0,0,0,0,3,3,SIN_MONTO,,,,0,NO CALCULABLE: 3 conceptos sin magnitud,NO DISPONIBLE: 3 conceptos sin costo,,,
C0-20000,C0,20000,250,faena=facon|granjas=integradas:0|pollito=compra|alimento=facon|flota=tercero|frio=C_congelado_tercero|subprod=A_externo|terreno=compra_fase|autom=semi|linea=lotes,2026-10-01,USD,LOGISTICA,EXCLUIDO_POR_ARQUITECTURA,0,0,0,0,0,0,0,,,,,0,0,0,0,0,0,SIN_MONTO,,,,,NO APLICA,0 (excluido por arquitectura),,,
C0-20000,C0,20000,250,faena=facon|granjas=integradas:0|pollito=compra|alimento=facon|flota=tercero|frio=C_congelado_tercero|subprod=A_externo|terreno=compra_fase|autom=semi|linea=lotes,2026-10-01,USD,INCUBACION,EXCLUIDO_POR_ARQUITECTURA,0,0,0,0,0,0,0,,,,,0,0,0,0,0,0,SIN_MONTO,,,,,NO APLICA,0 (excluido por arquitectura),,,
C0-20000,C0,20000,250,faena=facon|granjas=integradas:0|pollito=compra|alimento=facon|flota=tercero|frio=C_congelado_tercero|subprod=A_externo|terreno=compra_fase|autom=semi|linea=lotes,2026-10-01,USD,ALIMENTO,EXCLUIDO_POR_ARQUITECTURA,0,0,0,0,0,0,0,,,,,0,0,0,0,0,0,SIN_MONTO,,,,,NO APLICA,0 (excluido por arquitectura),,,
C0-20000,C0,20000,250,faena=facon|granjas=integradas:0|pollito=compra|alimento=facon|flota=tercero|frio=C_congelado_tercero|subprod=A_externo|terreno=compra_fase|autom=semi|linea=lotes,2026-10-01,USD,GRANJAS,EXCLUIDO_POR_ARQUITECTURA,10,0,0,0,0,0,0,,,,,0,0,0,0,0,0,SIN_MONTO,,,,,NO APLICA,0 (excluido por arquitectura),11077026.133,,
C0-20000,C0,20000,250,faena=facon|granjas=integradas:0|pollito=compra|alimento=facon|flota=tercero|frio=C_congelado_tercero|subprod=A_externo|terreno=compra_fase|autom=semi|linea=lotes,2026-10-01,USD,INDIRECTOS,INCOMPLETO,7,7,0,7,0,0,0,,,,,0,0,0,0,7,7,SIN_MONTO,,,,0,NO CALCULABLE: 7 conceptos sin magnitud,NO DISPONIBLE: 7 conceptos sin costo,,,
C0-20000,C0,20000,250,faena=facon|granjas=integradas:0|pollito=compra|alimento=facon|flota=tercero|frio=C_congelado_tercero|subprod=A_externo|terreno=compra_fase|autom=semi|linea=lotes,2026-10-01,USD,PREOPERATIVOS,INCOMPLETO,7,7,0,7,0,0,0,,,,,0,0,0,0,7,7,SIN_MONTO,,,,0,NO CALCULABLE: 7 conceptos sin magnitud,NO DISPONIBLE: 7 conceptos sin costo,,,
C0-20000,C0,20000,250,faena=facon|granjas=integradas:0|pollito=compra|alimento=facon|flota=tercero|frio=C_congelado_tercero|subprod=A_externo|terreno=compra_fase|autom=semi|linea=lotes,2026-10-01,USD,CONTINGENCIA,INCOMPLETO,3,3,0,3,0,0,0,,,,,0,0,0,0,3,3,SIN_MONTO,,,,0,NO CALCULABLE: 3 conceptos sin magnitud,NO DISPONIBLE: 3 conceptos sin costo,,,
C0-20000,C0,20000,250,faena=facon|granjas=integradas:0|pollito=compra|alimento=facon|flota=tercero|frio=C_congelado_tercero|subprod=A_externo|terreno=compra_fase|autom=semi|linea=lotes,2026-10-01,USD,TOTAL,INCOMPLETO,31,21,0,21,1,0,0,,,,,0,0,0,0,21,21,SIN_MONTO,,,,0,NO CALCULABLE: 21 conceptos sin magnitud,NO DISPONIBLE: 21 conceptos sin costo,11077026.133,,
C1-2500,C1,2500,250,faena=propia|granjas=integradas:0|pollito=compra|alimento=compra|flota=tercero|frio=A_refrigerado|subprod=A_externo|terreno=compra_fase|autom=semi|linea=lotes,2026-10-01,USD,TERRENO,INCOMPLETO,5,5,0,5,0,0,0,,,,,0,0,0,0,5,5,SIN_MONTO,,,,0,NO CALCULABLE: 5 conceptos sin magnitud,NO DISPONIBLE: 5 conceptos sin costo; terreno PROVISIONAL (criterio no seleccionado),,,
C1-2500,C1,2500,250,faena=propia|granjas=integradas:0|pollito=compra|alimento=compra|flota=tercero|frio=A_refrigerado|subprod=A_externo|terreno=compra_fase|autom=semi|linea=lotes,2026-10-01,USD,OBRA_CIVIL,INCOMPLETO,16,16,1,15,0,0,0,0,0,43778.9015,0,0,0,1,0,15,15,MONTO_CON_REFERENCIAS_DEBILES_E4,43778.9015,25739.0112,73113.0777,6.25,NO CALCULABLE: 15 conceptos sin magnitud,NO DISPONIBLE: 15 conceptos sin costo,,,
C1-2500,C1,2500,250,faena=propia|granjas=integradas:0|pollito=compra|alimento=compra|flota=tercero|frio=A_refrigerado|subprod=A_externo|terreno=compra_fase|autom=semi|linea=lotes,2026-10-01,USD,PROCESO,INCOMPLETO,50,8,0,8,0,0,0,,,,,0,0,0,0,8,8,SIN_MONTO,,,,0,NO CALCULABLE: 8 conceptos sin magnitud,NO DISPONIBLE: 8 conceptos sin costo,,,
C1-2500,C1,2500,250,faena=propia|granjas=integradas:0|pollito=compra|alimento=compra|flota=tercero|frio=A_refrigerado|subprod=A_externo|terreno=compra_fase|autom=semi|linea=lotes,2026-10-01,USD,SUBPRODUCTOS,INCOMPLETO,5,1,0,1,0,0,0,,,,,0,0,0,0,1,1,SIN_MONTO,,,,0,NO CALCULABLE: 1 conceptos sin magnitud,NO DISPONIBLE: 1 conceptos sin costo,,,
C1-2500,C1,2500,250,faena=propia|granjas=integradas:0|pollito=compra|alimento=compra|flota=tercero|frio=A_refrigerado|subprod=A_externo|terreno=compra_fase|autom=semi|linea=lotes,2026-10-01,USD,FRIO,INCOMPLETO,17,1,0,1,1,0,0,,,,,0,0,0,0,1,1,SIN_MONTO,,,,0,NO CALCULABLE: 1 conceptos sin magnitud,NO DISPONIBLE: 1 conceptos sin costo,,,
C1-2500,C1,2500,250,faena=propia|granjas=integradas:0|pollito=compra|alimento=compra|flota=tercero|frio=A_refrigerado|subprod=A_externo|terreno=compra_fase|autom=semi|linea=lotes,2026-10-01,USD,UTILITIES,INCOMPLETO,19,15,0,15,5,0,0,,,,,0,0,0,0,15,15,SIN_MONTO,,,,0,NO CALCULABLE: 15 conceptos sin magnitud,NO DISPONIBLE: 15 conceptos sin costo,,,
C1-2500,C1,2500,250,faena=propia|granjas=integradas:0|pollito=compra|alimento=compra|flota=tercero|frio=A_refrigerado|subprod=A_externo|terreno=compra_fase|autom=semi|linea=lotes,2026-10-01,USD,EFLUENTES,INCOMPLETO,8,1,0,1,0,0,0,,,,,0,0,0,0,1,1,SIN_MONTO,,,,0,NO CALCULABLE: 1 conceptos sin magnitud,NO DISPONIBLE: 1 conceptos sin costo,,,
C1-2500,C1,2500,250,faena=propia|granjas=integradas:0|pollito=compra|alimento=compra|flota=tercero|frio=A_refrigerado|subprod=A_externo|terreno=compra_fase|autom=semi|linea=lotes,2026-10-01,USD,SERVICIOS_GENERALES,INCOMPLETO,13,11,0,11,1,0,0,,,,,0,0,0,0,11,11,SIN_MONTO,,,,0,NO CALCULABLE: 11 conceptos sin magnitud,NO DISPONIBLE: 11 conceptos sin costo,,,
C1-2500,C1,2500,250,faena=propia|granjas=integradas:0|pollito=compra|alimento=compra|flota=tercero|frio=A_refrigerado|subprod=A_externo|terreno=compra_fase|autom=semi|linea=lotes,2026-10-01,USD,LOGISTICA,SIN_CONCEPTOS,1,0,0,0,0,0,0,,,,,0,0,0,0,0,0,SIN_MONTO,,,,,NO APLICA,NO DISPONIBLE: 0 conceptos sin costo,,,
C1-2500,C1,2500,250,faena=propia|granjas=integradas:0|pollito=compra|alimento=compra|flota=tercero|frio=A_refrigerado|subprod=A_externo|terreno=compra_fase|autom=semi|linea=lotes,2026-10-01,USD,INCUBACION,EXCLUIDO_POR_ARQUITECTURA,0,0,0,0,0,0,0,,,,,0,0,0,0,0,0,SIN_MONTO,,,,,NO APLICA,0 (excluido por arquitectura),,,
C1-2500,C1,2500,250,faena=propia|granjas=integradas:0|pollito=compra|alimento=compra|flota=tercero|frio=A_refrigerado|subprod=A_externo|terreno=compra_fase|autom=semi|linea=lotes,2026-10-01,USD,ALIMENTO,EXCLUIDO_POR_ARQUITECTURA,0,0,0,0,0,0,0,,,,,0,0,0,0,0,0,SIN_MONTO,,,,,NO APLICA,0 (excluido por arquitectura),,,
C1-2500,C1,2500,250,faena=propia|granjas=integradas:0|pollito=compra|alimento=compra|flota=tercero|frio=A_refrigerado|subprod=A_externo|terreno=compra_fase|autom=semi|linea=lotes,2026-10-01,USD,GRANJAS,EXCLUIDO_POR_ARQUITECTURA,10,0,0,0,0,0,0,,,,,0,0,0,0,0,0,SIN_MONTO,,,,,NO APLICA,0 (excluido por arquitectura),1384628.2666,,
C1-2500,C1,2500,250,faena=propia|granjas=integradas:0|pollito=compra|alimento=compra|flota=tercero|frio=A_refrigerado|subprod=A_externo|terreno=compra_fase|autom=semi|linea=lotes,2026-10-01,USD,INDIRECTOS,INCOMPLETO,7,7,0,7,0,0,0,,,,,0,0,0,0,7,7,SIN_MONTO,,,,0,NO CALCULABLE: 7 conceptos sin magnitud,NO DISPONIBLE: 7 conceptos sin costo,,,
C1-2500,C1,2500,250,faena=propia|granjas=integradas:0|pollito=compra|alimento=compra|flota=tercero|frio=A_refrigerado|subprod=A_externo|terreno=compra_fase|autom=semi|linea=lotes,2026-10-01,USD,PREOPERATIVOS,INCOMPLETO,8,8,0,8,0,0,0,,,,,0,0,0,0,8,8,SIN_MONTO,,,,0,NO CALCULABLE: 8 conceptos sin magnitud,NO DISPONIBLE: 8 conceptos sin costo,,,
C1-2500,C1,2500,250,faena=propia|granjas=integradas:0|pollito=compra|alimento=compra|flota=tercero|frio=A_refrigerado|subprod=A_externo|terreno=compra_fase|autom=semi|linea=lotes,2026-10-01,USD,CONTINGENCIA,INCOMPLETO,3,3,0,3,0,0,0,,,,,0,0,0,0,3,3,SIN_MONTO,,,,0,NO CALCULABLE: 3 conceptos sin magnitud,NO DISPONIBLE: 3 conceptos sin costo,,,
C1-2500,C1,2500,250,faena=propia|granjas=integradas:0|pollito=compra|alimento=compra|flota=tercero|frio=A_refrigerado|subprod=A_externo|terreno=compra_fase|autom=semi|linea=lotes,2026-10-01,USD,TOTAL,INCOMPLETO,162,76,1,75,7,0,0,0,0,43778.9015,0,0,0,1,0,75,75,MONTO_CON_REFERENCIAS_DEBILES_E4,43778.9015,25739.0112,73113.0777,1.3158,NO CALCULABLE: 75 conceptos sin magnitud,NO DISPONIBLE: 75 conceptos sin costo; terreno PROVISIONAL (criterio no seleccionado),1384628.2666,,TERRENO_CRITERIO_NO_SELECCIONADO: el terreno a adquirir es una decisión; se dimensiona PROVISIONALMENTE con terreno_requerido_arquitectura y su costo no es definitivo;12C:AVES_POR_CAMION;12C:FOOTPRINT_DESCONOCIDO;12C:ENFRIAMIENTO_NO_DEFINIDO;12C:T_POR_CAMION;12C:CARGA_FRIGORIFICA_PENDIENTE;12C:GENERADOR_PENDIENTE;12C:DOTACION_PROXY;12C:TECNOLOGIA_EFLUENTES_NO_DEFINIDA;12C:CLOACA_DEPENDE_DEL_SITIO;12C:LODOS_PENDIENTE;12C:OBJETIVO_EXPANSION_NO_DEFINIDO;12C:RENDERING_RESERVA;12C:RETIRO_PENDIENTE;12C:BUFFER_PROXY;12C:FOS_PENDIENTE
C1-5000,C1,5000,250,faena=propia|granjas=integradas:0|pollito=compra|alimento=compra|flota=tercero|frio=A_refrigerado|subprod=A_externo|terreno=compra_fase|autom=semi|linea=lotes,2026-10-01,USD,TERRENO,INCOMPLETO,5,5,0,5,0,0,0,,,,,0,0,0,0,5,5,SIN_MONTO,,,,0,NO CALCULABLE: 5 conceptos sin magnitud,NO DISPONIBLE: 5 conceptos sin costo; terreno PROVISIONAL (criterio no seleccionado),,,
C1-5000,C1,5000,250,faena=propia|granjas=integradas:0|pollito=compra|alimento=compra|flota=tercero|frio=A_refrigerado|subprod=A_externo|terreno=compra_fase|autom=semi|linea=lotes,2026-10-01,USD,OBRA_CIVIL,INCOMPLETO,16,16,1,15,0,0,0,0,0,64186.3806,0,0,0,1,0,15,15,MONTO_CON_REFERENCIAS_DEBILES_E4,64186.3806,34501.2813,111124.6154,6.25,NO CALCULABLE: 15 conceptos sin magnitud,NO DISPONIBLE: 15 conceptos sin costo,,,
C1-5000,C1,5000,250,faena=propia|granjas=integradas:0|pollito=compra|alimento=compra|flota=tercero|frio=A_refrigerado|subprod=A_externo|terreno=compra_fase|autom=semi|linea=lotes,2026-10-01,USD,PROCESO,INCOMPLETO,52,8,0,8,0,0,0,,,,,0,0,0,0,8,8,SIN_MONTO,,,,0,NO CALCULABLE: 8 conceptos sin magnitud,NO DISPONIBLE: 8 conceptos sin costo,,,
C1-5000,C1,5000,250,faena=propia|granjas=integradas:0|pollito=compra|alimento=compra|flota=tercero|frio=A_refrigerado|subprod=A_externo|terreno=compra_fase|autom=semi|linea=lotes,2026-10-01,USD,SUBPRODUCTOS,INCOMPLETO,5,1,0,1,0,0,0,,,,,0,0,0,0,1,1,SIN_MONTO,,,,0,NO CALCULABLE: 1 conceptos sin magnitud,NO DISPONIBLE: 1 conceptos sin costo,,,
C1-5000,C1,5000,250,faena=propia|granjas=integradas:0|pollito=compra|alimento=compra|flota=tercero|frio=A_refrigerado|subprod=A_externo|terreno=compra_fase|autom=semi|linea=lotes,2026-10-01,USD,FRIO,INCOMPLETO,18,1,0,1,1,0,0,,,,,0,0,0,0,1,1,SIN_MONTO,,,,0,NO CALCULABLE: 1 conceptos sin magnitud,NO DISPONIBLE: 1 conceptos sin costo,,,
C1-5000,C1,5000,250,faena=propia|granjas=integradas:0|pollito=compra|alimento=compra|flota=tercero|frio=A_refrigerado|subprod=A_externo|terreno=compra_fase|autom=semi|linea=lotes,2026-10-01,USD,UTILITIES,INCOMPLETO,19,15,0,15,5,0,0,,,,,0,0,0,0,15,15,SIN_MONTO,,,,0,NO CALCULABLE: 15 conceptos sin magnitud,NO DISPONIBLE: 15 conceptos sin costo,,,
C1-5000,C1,5000,250,faena=propia|granjas=integradas:0|pollito=compra|alimento=compra|flota=tercero|frio=A_refrigerado|subprod=A_externo|terreno=compra_fase|autom=semi|linea=lotes,2026-10-01,USD,EFLUENTES,INCOMPLETO,8,1,0,1,0,0,0,,,,,0,0,0,0,1,1,SIN_MONTO,,,,0,NO CALCULABLE: 1 conceptos sin magnitud,NO DISPONIBLE: 1 conceptos sin costo,,,
C1-5000,C1,5000,250,faena=propia|granjas=integradas:0|pollito=compra|alimento=compra|flota=tercero|frio=A_refrigerado|subprod=A_externo|terreno=compra_fase|autom=semi|linea=lotes,2026-10-01,USD,SERVICIOS_GENERALES,INCOMPLETO,13,11,0,11,1,0,0,,,,,0,0,0,0,11,11,SIN_MONTO,,,,0,NO CALCULABLE: 11 conceptos sin magnitud,NO DISPONIBLE: 11 conceptos sin costo,,,
C1-5000,C1,5000,250,faena=propia|granjas=integradas:0|pollito=compra|alimento=compra|flota=tercero|frio=A_refrigerado|subprod=A_externo|terreno=compra_fase|autom=semi|linea=lotes,2026-10-01,USD,LOGISTICA,SIN_CONCEPTOS,1,0,0,0,0,0,0,,,,,0,0,0,0,0,0,SIN_MONTO,,,,,NO APLICA,NO DISPONIBLE: 0 conceptos sin costo,,,
C1-5000,C1,5000,250,faena=propia|granjas=integradas:0|pollito=compra|alimento=compra|flota=tercero|frio=A_refrigerado|subprod=A_externo|terreno=compra_fase|autom=semi|linea=lotes,2026-10-01,USD,INCUBACION,EXCLUIDO_POR_ARQUITECTURA,0,0,0,0,0,0,0,,,,,0,0,0,0,0,0,SIN_MONTO,,,,,NO APLICA,0 (excluido por arquitectura),,,
C1-5000,C1,5000,250,faena=propia|granjas=integradas:0|pollito=compra|alimento=compra|flota=tercero|frio=A_refrigerado|subprod=A_externo|terreno=compra_fase|autom=semi|linea=lotes,2026-10-01,USD,ALIMENTO,EXCLUIDO_POR_ARQUITECTURA,0,0,0,0,0,0,0,,,,,0,0,0,0,0,0,SIN_MONTO,,,,,NO APLICA,0 (excluido por arquitectura),,,
C1-5000,C1,5000,250,faena=propia|granjas=integradas:0|pollito=compra|alimento=compra|flota=tercero|frio=A_refrigerado|subprod=A_externo|terreno=compra_fase|autom=semi|linea=lotes,2026-10-01,USD,GRANJAS,EXCLUIDO_POR_ARQUITECTURA,10,0,0,0,0,0,0,,,,,0,0,0,0,0,0,SIN_MONTO,,,,,NO APLICA,0 (excluido por arquitectura),2769256.5333,,
C1-5000,C1,5000,250,faena=propia|granjas=integradas:0|pollito=compra|alimento=compra|flota=tercero|frio=A_refrigerado|subprod=A_externo|terreno=compra_fase|autom=semi|linea=lotes,2026-10-01,USD,INDIRECTOS,INCOMPLETO,7,7,0,7,0,0,0,,,,,0,0,0,0,7,7,SIN_MONTO,,,,0,NO CALCULABLE: 7 conceptos sin magnitud,NO DISPONIBLE: 7 conceptos sin costo,,,
C1-5000,C1,5000,250,faena=propia|granjas=integradas:0|pollito=compra|alimento=compra|flota=tercero|frio=A_refrigerado|subprod=A_externo|terreno=compra_fase|autom=semi|linea=lotes,2026-10-01,USD,PREOPERATIVOS,INCOMPLETO,8,8,0,8,0,0,0,,,,,0,0,0,0,8,8,SIN_MONTO,,,,0,NO CALCULABLE: 8 conceptos sin magnitud,NO DISPONIBLE: 8 conceptos sin costo,,,
C1-5000,C1,5000,250,faena=propia|granjas=integradas:0|pollito=compra|alimento=compra|flota=tercero|frio=A_refrigerado|subprod=A_externo|terreno=compra_fase|autom=semi|linea=lotes,2026-10-01,USD,CONTINGENCIA,INCOMPLETO,3,3,0,3,0,0,0,,,,,0,0,0,0,3,3,SIN_MONTO,,,,0,NO CALCULABLE: 3 conceptos sin magnitud,NO DISPONIBLE: 3 conceptos sin costo,,,
C1-5000,C1,5000,250,faena=propia|granjas=integradas:0|pollito=compra|alimento=compra|flota=tercero|frio=A_refrigerado|subprod=A_externo|terreno=compra_fase|autom=semi|linea=lotes,2026-10-01,USD,TOTAL,INCOMPLETO,165,76,1,75,7,0,0,0,0,64186.3806,0,0,0,1,0,75,75,MONTO_CON_REFERENCIAS_DEBILES_E4,64186.3806,34501.2813,111124.6154,1.3158,NO CALCULABLE: 75 conceptos sin magnitud,NO DISPONIBLE: 75 conceptos sin costo; terreno PROVISIONAL (criterio no seleccionado),2769256.5333,,TERRENO_CRITERIO_NO_SELECCIONADO: el terreno a adquirir es una decisión; se dimensiona PROVISIONALMENTE con terreno_requerido_arquitectura y su costo no es definitivo;12C:AVES_POR_CAMION;12C:FOOTPRINT_DESCONOCIDO;12C:ENFRIAMIENTO_NO_DEFINIDO;12C:T_POR_CAMION;12C:CARGA_FRIGORIFICA_PENDIENTE;12C:GENERADOR_PENDIENTE;12C:DOTACION_PROXY;12C:TECNOLOGIA_EFLUENTES_NO_DEFINIDA;12C:CLOACA_DEPENDE_DEL_SITIO;12C:LODOS_PENDIENTE;12C:OBJETIVO_EXPANSION_NO_DEFINIDO;12C:RENDERING_RESERVA;12C:RETIRO_PENDIENTE;12C:BUFFER_PROXY;12C:FOS_PENDIENTE
C1-10000,C1,10000,250,faena=propia|granjas=integradas:0|pollito=compra|alimento=compra|flota=tercero|frio=A_refrigerado|subprod=A_externo|terreno=compra_fase|autom=semi|linea=lotes,2026-10-01,USD,TERRENO,INCOMPLETO,5,5,0,5,0,0,0,,,,,0,0,0,0,5,5,SIN_MONTO,,,,0,NO CALCULABLE: 5 conceptos sin magnitud,NO DISPONIBLE: 5 conceptos sin costo; terreno PROVISIONAL (criterio no seleccionado),,,
C1-10000,C1,10000,250,faena=propia|granjas=integradas:0|pollito=compra|alimento=compra|flota=tercero|frio=A_refrigerado|subprod=A_externo|terreno=compra_fase|autom=semi|linea=lotes,2026-10-01,USD,OBRA_CIVIL,INCOMPLETO,16,16,1,15,0,0,0,0,0,119200.3424,0,0,0,1,0,15,15,MONTO_CON_REFERENCIAS_DEBILES_E4,119200.3424,63727.2425,206508.5781,6.25,NO CALCULABLE: 15 conceptos sin magnitud,NO DISPONIBLE: 15 conceptos sin costo,,,
C1-10000,C1,10000,250,faena=propia|granjas=integradas:0|pollito=compra|alimento=compra|flota=tercero|frio=A_refrigerado|subprod=A_externo|terreno=compra_fase|autom=semi|linea=lotes,2026-10-01,USD,PROCESO,INCOMPLETO,53,8,0,8,0,0,0,,,,,0,0,0,0,8,8,SIN_MONTO,,,,0,NO CALCULABLE: 8 conceptos sin magnitud,NO DISPONIBLE: 8 conceptos sin costo,,,
C1-10000,C1,10000,250,faena=propia|granjas=integradas:0|pollito=compra|alimento=compra|flota=tercero|frio=A_refrigerado|subprod=A_externo|terreno=compra_fase|autom=semi|linea=lotes,2026-10-01,USD,SUBPRODUCTOS,INCOMPLETO,5,1,0,1,0,0,0,,,,,0,0,0,0,1,1,SIN_MONTO,,,,0,NO CALCULABLE: 1 conceptos sin magnitud,NO DISPONIBLE: 1 conceptos sin costo,,,
C1-10000,C1,10000,250,faena=propia|granjas=integradas:0|pollito=compra|alimento=compra|flota=tercero|frio=A_refrigerado|subprod=A_externo|terreno=compra_fase|autom=semi|linea=lotes,2026-10-01,USD,FRIO,INCOMPLETO,18,1,0,1,1,0,0,,,,,0,0,0,0,1,1,SIN_MONTO,,,,0,NO CALCULABLE: 1 conceptos sin magnitud,NO DISPONIBLE: 1 conceptos sin costo,,,
C1-10000,C1,10000,250,faena=propia|granjas=integradas:0|pollito=compra|alimento=compra|flota=tercero|frio=A_refrigerado|subprod=A_externo|terreno=compra_fase|autom=semi|linea=lotes,2026-10-01,USD,UTILITIES,INCOMPLETO,19,15,0,15,5,0,0,,,,,0,0,0,0,15,15,SIN_MONTO,,,,0,NO CALCULABLE: 15 conceptos sin magnitud,NO DISPONIBLE: 15 conceptos sin costo,,,
C1-10000,C1,10000,250,faena=propia|granjas=integradas:0|pollito=compra|alimento=compra|flota=tercero|frio=A_refrigerado|subprod=A_externo|terreno=compra_fase|autom=semi|linea=lotes,2026-10-01,USD,EFLUENTES,INCOMPLETO,8,1,0,1,0,0,0,,,,,0,0,0,0,1,1,SIN_MONTO,,,,0,NO CALCULABLE: 1 conceptos sin magnitud,NO DISPONIBLE: 1 conceptos sin costo,,,
C1-10000,C1,10000,250,faena=propia|granjas=integradas:0|pollito=compra|alimento=compra|flota=tercero|frio=A_refrigerado|subprod=A_externo|terreno=compra_fase|autom=semi|linea=lotes,2026-10-01,USD,SERVICIOS_GENERALES,INCOMPLETO,13,11,0,11,1,0,0,,,,,0,0,0,0,11,11,SIN_MONTO,,,,0,NO CALCULABLE: 11 conceptos sin magnitud,NO DISPONIBLE: 11 conceptos sin costo,,,
C1-10000,C1,10000,250,faena=propia|granjas=integradas:0|pollito=compra|alimento=compra|flota=tercero|frio=A_refrigerado|subprod=A_externo|terreno=compra_fase|autom=semi|linea=lotes,2026-10-01,USD,LOGISTICA,SIN_CONCEPTOS,1,0,0,0,0,0,0,,,,,0,0,0,0,0,0,SIN_MONTO,,,,,NO APLICA,NO DISPONIBLE: 0 conceptos sin costo,,,
C1-10000,C1,10000,250,faena=propia|granjas=integradas:0|pollito=compra|alimento=compra|flota=tercero|frio=A_refrigerado|subprod=A_externo|terreno=compra_fase|autom=semi|linea=lotes,2026-10-01,USD,INCUBACION,EXCLUIDO_POR_ARQUITECTURA,0,0,0,0,0,0,0,,,,,0,0,0,0,0,0,SIN_MONTO,,,,,NO APLICA,0 (excluido por arquitectura),,,
C1-10000,C1,10000,250,faena=propia|granjas=integradas:0|pollito=compra|alimento=compra|flota=tercero|frio=A_refrigerado|subprod=A_externo|terreno=compra_fase|autom=semi|linea=lotes,2026-10-01,USD,ALIMENTO,EXCLUIDO_POR_ARQUITECTURA,0,0,0,0,0,0,0,,,,,0,0,0,0,0,0,SIN_MONTO,,,,,NO APLICA,0 (excluido por arquitectura),,,
C1-10000,C1,10000,250,faena=propia|granjas=integradas:0|pollito=compra|alimento=compra|flota=tercero|frio=A_refrigerado|subprod=A_externo|terreno=compra_fase|autom=semi|linea=lotes,2026-10-01,USD,GRANJAS,EXCLUIDO_POR_ARQUITECTURA,10,0,0,0,0,0,0,,,,,0,0,0,0,0,0,SIN_MONTO,,,,,NO APLICA,0 (excluido por arquitectura),5538513.0665,,
C1-10000,C1,10000,250,faena=propia|granjas=integradas:0|pollito=compra|alimento=compra|flota=tercero|frio=A_refrigerado|subprod=A_externo|terreno=compra_fase|autom=semi|linea=lotes,2026-10-01,USD,INDIRECTOS,INCOMPLETO,7,7,0,7,0,0,0,,,,,0,0,0,0,7,7,SIN_MONTO,,,,0,NO CALCULABLE: 7 conceptos sin magnitud,NO DISPONIBLE: 7 conceptos sin costo,,,
C1-10000,C1,10000,250,faena=propia|granjas=integradas:0|pollito=compra|alimento=compra|flota=tercero|frio=A_refrigerado|subprod=A_externo|terreno=compra_fase|autom=semi|linea=lotes,2026-10-01,USD,PREOPERATIVOS,INCOMPLETO,8,8,0,8,0,0,0,,,,,0,0,0,0,8,8,SIN_MONTO,,,,0,NO CALCULABLE: 8 conceptos sin magnitud,NO DISPONIBLE: 8 conceptos sin costo,,,
C1-10000,C1,10000,250,faena=propia|granjas=integradas:0|pollito=compra|alimento=compra|flota=tercero|frio=A_refrigerado|subprod=A_externo|terreno=compra_fase|autom=semi|linea=lotes,2026-10-01,USD,CONTINGENCIA,INCOMPLETO,3,3,0,3,0,0,0,,,,,0,0,0,0,3,3,SIN_MONTO,,,,0,NO CALCULABLE: 3 conceptos sin magnitud,NO DISPONIBLE: 3 conceptos sin costo,,,
C1-10000,C1,10000,250,faena=propia|granjas=integradas:0|pollito=compra|alimento=compra|flota=tercero|frio=A_refrigerado|subprod=A_externo|terreno=compra_fase|autom=semi|linea=lotes,2026-10-01,USD,TOTAL,INCOMPLETO,166,76,1,75,7,0,0,0,0,119200.3424,0,0,0,1,0,75,75,MONTO_CON_REFERENCIAS_DEBILES_E4,119200.3424,63727.2425,206508.5781,1.3158,NO CALCULABLE: 75 conceptos sin magnitud,NO DISPONIBLE: 75 conceptos sin costo; terreno PROVISIONAL (criterio no seleccionado),5538513.0665,,TERRENO_CRITERIO_NO_SELECCIONADO: el terreno a adquirir es una decisión; se dimensiona PROVISIONALMENTE con terreno_requerido_arquitectura y su costo no es definitivo;12C:AVES_POR_CAMION;12C:FOOTPRINT_DESCONOCIDO;12C:ENFRIAMIENTO_NO_DEFINIDO;12C:T_POR_CAMION;12C:CARGA_FRIGORIFICA_PENDIENTE;12C:GENERADOR_PENDIENTE;12C:DOTACION_PROXY;12C:TECNOLOGIA_EFLUENTES_NO_DEFINIDA;12C:CLOACA_DEPENDE_DEL_SITIO;12C:LODOS_PENDIENTE;12C:OBJETIVO_EXPANSION_NO_DEFINIDO;12C:RENDERING_RESERVA;12C:RETIRO_PENDIENTE;12C:BUFFER_PROXY;12C:FOS_PENDIENTE
C1-20000,C1,20000,250,faena=propia|granjas=integradas:0|pollito=compra|alimento=compra|flota=tercero|frio=A_refrigerado|subprod=A_externo|terreno=compra_fase|autom=semi|linea=lotes,2026-10-01,USD,TERRENO,INCOMPLETO,5,5,0,5,0,0,0,,,,,0,0,0,0,5,5,SIN_MONTO,,,,0,NO CALCULABLE: 5 conceptos sin magnitud,NO DISPONIBLE: 5 conceptos sin costo; terreno PROVISIONAL (criterio no seleccionado),,,
C1-20000,C1,20000,250,faena=propia|granjas=integradas:0|pollito=compra|alimento=compra|flota=tercero|frio=A_refrigerado|subprod=A_externo|terreno=compra_fase|autom=semi|linea=lotes,2026-10-01,USD,OBRA_CIVIL,INCOMPLETO,16,16,1,15,0,0,0,0,0,222430.576,0,0,0,1,0,15,15,MONTO_CON_REFERENCIAS_DEBILES_E4,222430.576,118711.16,385611.0878,6.25,NO CALCULABLE: 15 conceptos sin magnitud,NO DISPONIBLE: 15 conceptos sin costo,,,
C1-20000,C1,20000,250,faena=propia|granjas=integradas:0|pollito=compra|alimento=compra|flota=tercero|frio=A_refrigerado|subprod=A_externo|terreno=compra_fase|autom=semi|linea=lotes,2026-10-01,USD,PROCESO,INCOMPLETO,54,8,0,8,0,0,0,,,,,0,0,0,0,8,8,SIN_MONTO,,,,0,NO CALCULABLE: 8 conceptos sin magnitud,NO DISPONIBLE: 8 conceptos sin costo,,,
C1-20000,C1,20000,250,faena=propia|granjas=integradas:0|pollito=compra|alimento=compra|flota=tercero|frio=A_refrigerado|subprod=A_externo|terreno=compra_fase|autom=semi|linea=lotes,2026-10-01,USD,SUBPRODUCTOS,INCOMPLETO,5,1,0,1,0,0,0,,,,,0,0,0,0,1,1,SIN_MONTO,,,,0,NO CALCULABLE: 1 conceptos sin magnitud,NO DISPONIBLE: 1 conceptos sin costo,,,
C1-20000,C1,20000,250,faena=propia|granjas=integradas:0|pollito=compra|alimento=compra|flota=tercero|frio=A_refrigerado|subprod=A_externo|terreno=compra_fase|autom=semi|linea=lotes,2026-10-01,USD,FRIO,INCOMPLETO,19,1,0,1,1,0,0,,,,,0,0,0,0,1,1,SIN_MONTO,,,,0,NO CALCULABLE: 1 conceptos sin magnitud,NO DISPONIBLE: 1 conceptos sin costo,,,
C1-20000,C1,20000,250,faena=propia|granjas=integradas:0|pollito=compra|alimento=compra|flota=tercero|frio=A_refrigerado|subprod=A_externo|terreno=compra_fase|autom=semi|linea=lotes,2026-10-01,USD,UTILITIES,INCOMPLETO,19,15,0,15,5,0,0,,,,,0,0,0,0,15,15,SIN_MONTO,,,,0,NO CALCULABLE: 15 conceptos sin magnitud,NO DISPONIBLE: 15 conceptos sin costo,,,
C1-20000,C1,20000,250,faena=propia|granjas=integradas:0|pollito=compra|alimento=compra|flota=tercero|frio=A_refrigerado|subprod=A_externo|terreno=compra_fase|autom=semi|linea=lotes,2026-10-01,USD,EFLUENTES,INCOMPLETO,8,1,0,1,0,0,0,,,,,0,0,0,0,1,1,SIN_MONTO,,,,0,NO CALCULABLE: 1 conceptos sin magnitud,NO DISPONIBLE: 1 conceptos sin costo,,,
C1-20000,C1,20000,250,faena=propia|granjas=integradas:0|pollito=compra|alimento=compra|flota=tercero|frio=A_refrigerado|subprod=A_externo|terreno=compra_fase|autom=semi|linea=lotes,2026-10-01,USD,SERVICIOS_GENERALES,INCOMPLETO,13,11,0,11,1,0,0,,,,,0,0,0,0,11,11,SIN_MONTO,,,,0,NO CALCULABLE: 11 conceptos sin magnitud,NO DISPONIBLE: 11 conceptos sin costo,,,
C1-20000,C1,20000,250,faena=propia|granjas=integradas:0|pollito=compra|alimento=compra|flota=tercero|frio=A_refrigerado|subprod=A_externo|terreno=compra_fase|autom=semi|linea=lotes,2026-10-01,USD,LOGISTICA,SIN_CONCEPTOS,1,0,0,0,0,0,0,,,,,0,0,0,0,0,0,SIN_MONTO,,,,,NO APLICA,NO DISPONIBLE: 0 conceptos sin costo,,,
C1-20000,C1,20000,250,faena=propia|granjas=integradas:0|pollito=compra|alimento=compra|flota=tercero|frio=A_refrigerado|subprod=A_externo|terreno=compra_fase|autom=semi|linea=lotes,2026-10-01,USD,INCUBACION,EXCLUIDO_POR_ARQUITECTURA,0,0,0,0,0,0,0,,,,,0,0,0,0,0,0,SIN_MONTO,,,,,NO APLICA,0 (excluido por arquitectura),,,
C1-20000,C1,20000,250,faena=propia|granjas=integradas:0|pollito=compra|alimento=compra|flota=tercero|frio=A_refrigerado|subprod=A_externo|terreno=compra_fase|autom=semi|linea=lotes,2026-10-01,USD,ALIMENTO,EXCLUIDO_POR_ARQUITECTURA,0,0,0,0,0,0,0,,,,,0,0,0,0,0,0,SIN_MONTO,,,,,NO APLICA,0 (excluido por arquitectura),,,
C1-20000,C1,20000,250,faena=propia|granjas=integradas:0|pollito=compra|alimento=compra|flota=tercero|frio=A_refrigerado|subprod=A_externo|terreno=compra_fase|autom=semi|linea=lotes,2026-10-01,USD,GRANJAS,EXCLUIDO_POR_ARQUITECTURA,10,0,0,0,0,0,0,,,,,0,0,0,0,0,0,SIN_MONTO,,,,,NO APLICA,0 (excluido por arquitectura),11077026.133,,
C1-20000,C1,20000,250,faena=propia|granjas=integradas:0|pollito=compra|alimento=compra|flota=tercero|frio=A_refrigerado|subprod=A_externo|terreno=compra_fase|autom=semi|linea=lotes,2026-10-01,USD,INDIRECTOS,INCOMPLETO,7,7,0,7,0,0,0,,,,,0,0,0,0,7,7,SIN_MONTO,,,,0,NO CALCULABLE: 7 conceptos sin magnitud,NO DISPONIBLE: 7 conceptos sin costo,,,
C1-20000,C1,20000,250,faena=propia|granjas=integradas:0|pollito=compra|alimento=compra|flota=tercero|frio=A_refrigerado|subprod=A_externo|terreno=compra_fase|autom=semi|linea=lotes,2026-10-01,USD,PREOPERATIVOS,INCOMPLETO,8,8,0,8,0,0,0,,,,,0,0,0,0,8,8,SIN_MONTO,,,,0,NO CALCULABLE: 8 conceptos sin magnitud,NO DISPONIBLE: 8 conceptos sin costo,,,
C1-20000,C1,20000,250,faena=propia|granjas=integradas:0|pollito=compra|alimento=compra|flota=tercero|frio=A_refrigerado|subprod=A_externo|terreno=compra_fase|autom=semi|linea=lotes,2026-10-01,USD,CONTINGENCIA,INCOMPLETO,3,3,0,3,0,0,0,,,,,0,0,0,0,3,3,SIN_MONTO,,,,0,NO CALCULABLE: 3 conceptos sin magnitud,NO DISPONIBLE: 3 conceptos sin costo,,,
C1-20000,C1,20000,250,faena=propia|granjas=integradas:0|pollito=compra|alimento=compra|flota=tercero|frio=A_refrigerado|subprod=A_externo|terreno=compra_fase|autom=semi|linea=lotes,2026-10-01,USD,TOTAL,INCOMPLETO,168,76,1,75,7,0,0,0,0,222430.576,0,0,0,1,0,75,75,MONTO_CON_REFERENCIAS_DEBILES_E4,222430.576,118711.16,385611.0878,1.3158,NO CALCULABLE: 75 conceptos sin magnitud,NO DISPONIBLE: 75 conceptos sin costo; terreno PROVISIONAL (criterio no seleccionado),11077026.133,,TERRENO_CRITERIO_NO_SELECCIONADO: el terreno a adquirir es una decisión; se dimensiona PROVISIONALMENTE con terreno_requerido_arquitectura y su costo no es definitivo;12C:AVES_POR_CAMION;12C:FOOTPRINT_DESCONOCIDO;12C:ENFRIAMIENTO_NO_DEFINIDO;12C:T_POR_CAMION;12C:CARGA_FRIGORIFICA_PENDIENTE;12C:GENERADOR_PENDIENTE;12C:DOTACION_PROXY;12C:TECNOLOGIA_EFLUENTES_NO_DEFINIDA;12C:CLOACA_DEPENDE_DEL_SITIO;12C:LODOS_PENDIENTE;12C:OBJETIVO_EXPANSION_NO_DEFINIDO;12C:RENDERING_RESERVA;12C:RETIRO_PENDIENTE;12C:BUFFER_PROXY;12C:FOS_PENDIENTE
C2-2500,C2,2500,250,"faena=propia|granjas=mixto:0.25|pollito=compra|alimento=facon|flota=mixto(vivo,refrigerado,servicio)|frio=B_refrigerado_congelado|subprod=A_externo|terreno=compra_fase|autom=semi|linea=lotes",2026-10-01,USD,TERRENO,INCOMPLETO,5,5,0,5,0,0,0,,,,,0,0,0,0,5,5,SIN_MONTO,,,,0,NO CALCULABLE: 5 conceptos sin magnitud,NO DISPONIBLE: 5 conceptos sin costo; terreno PROVISIONAL (criterio no seleccionado),,,
C2-2500,C2,2500,250,"faena=propia|granjas=mixto:0.25|pollito=compra|alimento=facon|flota=mixto(vivo,refrigerado,servicio)|frio=B_refrigerado_congelado|subprod=A_externo|terreno=compra_fase|autom=semi|linea=lotes",2026-10-01,USD,OBRA_CIVIL,INCOMPLETO,16,16,1,15,0,0,0,0,0,43778.9015,0,0,0,1,0,15,15,MONTO_CON_REFERENCIAS_DEBILES_E4,43778.9015,25739.0112,73113.0777,6.25,NO CALCULABLE: 15 conceptos sin magnitud,NO DISPONIBLE: 15 conceptos sin costo,,,
C2-2500,C2,2500,250,"faena=propia|granjas=mixto:0.25|pollito=compra|alimento=facon|flota=mixto(vivo,refrigerado,servicio)|frio=B_refrigerado_congelado|subprod=A_externo|terreno=compra_fase|autom=semi|linea=lotes",2026-10-01,USD,PROCESO,INCOMPLETO,50,8,0,8,0,0,0,,,,,0,0,0,0,8,8,SIN_MONTO,,,,0,NO CALCULABLE: 8 conceptos sin magnitud,NO DISPONIBLE: 8 conceptos sin costo,,,
C2-2500,C2,2500,250,"faena=propia|granjas=mixto:0.25|pollito=compra|alimento=facon|flota=mixto(vivo,refrigerado,servicio)|frio=B_refrigerado_congelado|subprod=A_externo|terreno=compra_fase|autom=semi|linea=lotes",2026-10-01,USD,SUBPRODUCTOS,INCOMPLETO,5,1,0,1,0,0,0,,,,,0,0,0,0,1,1,SIN_MONTO,,,,0,NO CALCULABLE: 1 conceptos sin magnitud,NO DISPONIBLE: 1 conceptos sin costo,,,
C2-2500,C2,2500,250,"faena=propia|granjas=mixto:0.25|pollito=compra|alimento=facon|flota=mixto(vivo,refrigerado,servicio)|frio=B_refrigerado_congelado|subprod=A_externo|terreno=compra_fase|autom=semi|linea=lotes",2026-10-01,USD,FRIO,INCOMPLETO,17,1,0,1,1,0,0,,,,,0,0,0,0,1,1,SIN_MONTO,,,,0,NO CALCULABLE: 1 conceptos sin magnitud,NO DISPONIBLE: 1 conceptos sin costo,,,
C2-2500,C2,2500,250,"faena=propia|granjas=mixto:0.25|pollito=compra|alimento=facon|flota=mixto(vivo,refrigerado,servicio)|frio=B_refrigerado_congelado|subprod=A_externo|terreno=compra_fase|autom=semi|linea=lotes",2026-10-01,USD,UTILITIES,INCOMPLETO,19,15,0,15,5,0,0,,,,,0,0,0,0,15,15,SIN_MONTO,,,,0,NO CALCULABLE: 15 conceptos sin magnitud,NO DISPONIBLE: 15 conceptos sin costo,,,
C2-2500,C2,2500,250,"faena=propia|granjas=mixto:0.25|pollito=compra|alimento=facon|flota=mixto(vivo,refrigerado,servicio)|frio=B_refrigerado_congelado|subprod=A_externo|terreno=compra_fase|autom=semi|linea=lotes",2026-10-01,USD,EFLUENTES,INCOMPLETO,8,1,0,1,0,0,0,,,,,0,0,0,0,1,1,SIN_MONTO,,,,0,NO CALCULABLE: 1 conceptos sin magnitud,NO DISPONIBLE: 1 conceptos sin costo,,,
C2-2500,C2,2500,250,"faena=propia|granjas=mixto:0.25|pollito=compra|alimento=facon|flota=mixto(vivo,refrigerado,servicio)|frio=B_refrigerado_congelado|subprod=A_externo|terreno=compra_fase|autom=semi|linea=lotes",2026-10-01,USD,SERVICIOS_GENERALES,INCOMPLETO,13,11,0,11,1,0,0,,,,,0,0,0,0,11,11,SIN_MONTO,,,,0,NO CALCULABLE: 11 conceptos sin magnitud,NO DISPONIBLE: 11 conceptos sin costo,,,
C2-2500,C2,2500,250,"faena=propia|granjas=mixto:0.25|pollito=compra|alimento=facon|flota=mixto(vivo,refrigerado,servicio)|frio=B_refrigerado_congelado|subprod=A_externo|terreno=compra_fase|autom=semi|linea=lotes",2026-10-01,USD,LOGISTICA,INCOMPLETO,10,10,0,10,3,0,0,,,,,0,0,0,0,10,10,SIN_MONTO,,,,0,NO CALCULABLE: 10 conceptos sin magnitud,NO DISPONIBLE: 10 conceptos sin costo,,,
C2-2500,C2,2500,250,"faena=propia|granjas=mixto:0.25|pollito=compra|alimento=facon|flota=mixto(vivo,refrigerado,servicio)|frio=B_refrigerado_congelado|subprod=A_externo|terreno=compra_fase|autom=semi|linea=lotes",2026-10-01,USD,INCUBACION,EXCLUIDO_POR_ARQUITECTURA,0,0,0,0,0,0,0,,,,,0,0,0,0,0,0,SIN_MONTO,,,,,NO APLICA,0 (excluido por arquitectura),,,
C2-2500,C2,2500,250,"faena=propia|granjas=mixto:0.25|pollito=compra|alimento=facon|flota=mixto(vivo,refrigerado,servicio)|frio=B_refrigerado_congelado|subprod=A_externo|terreno=compra_fase|autom=semi|linea=lotes",2026-10-01,USD,ALIMENTO,EXCLUIDO_POR_ARQUITECTURA,0,0,0,0,0,0,0,,,,,0,0,0,0,0,0,SIN_MONTO,,,,,NO APLICA,0 (excluido por arquitectura),,,
C2-2500,C2,2500,250,"faena=propia|granjas=mixto:0.25|pollito=compra|alimento=facon|flota=mixto(vivo,refrigerado,servicio)|frio=B_refrigerado_congelado|subprod=A_externo|terreno=compra_fase|autom=semi|linea=lotes",2026-10-01,USD,GRANJAS,INCOMPLETO,20,2,1,1,1,0,8,0,0,346157.0667,0,0,0,1,0,1,1,MONTO_CON_REFERENCIAS_DEBILES_E4,346157.0667,,,50,NO CALCULABLE: 1 conceptos sin magnitud,NO DISPONIBLE: 9 conceptos sin costo,1038471.2,,
C2-2500,C2,2500,250,"faena=propia|granjas=mixto:0.25|pollito=compra|alimento=facon|flota=mixto(vivo,refrigerado,servicio)|frio=B_refrigerado_congelado|subprod=A_externo|terreno=compra_fase|autom=semi|linea=lotes",2026-10-01,USD,INDIRECTOS,INCOMPLETO,7,7,0,7,0,0,0,,,,,0,0,0,0,7,7,SIN_MONTO,,,,0,NO CALCULABLE: 7 conceptos sin magnitud,NO DISPONIBLE: 7 conceptos sin costo,,,
C2-2500,C2,2500,250,"faena=propia|granjas=mixto:0.25|pollito=compra|alimento=facon|flota=mixto(vivo,refrigerado,servicio)|frio=B_refrigerado_congelado|subprod=A_externo|terreno=compra_fase|autom=semi|linea=lotes",2026-10-01,USD,PREOPERATIVOS,INCOMPLETO,8,8,0,8,0,0,0,,,,,0,0,0,0,8,8,SIN_MONTO,,,,0,NO CALCULABLE: 8 conceptos sin magnitud,NO DISPONIBLE: 8 conceptos sin costo,,,
C2-2500,C2,2500,250,"faena=propia|granjas=mixto:0.25|pollito=compra|alimento=facon|flota=mixto(vivo,refrigerado,servicio)|frio=B_refrigerado_congelado|subprod=A_externo|terreno=compra_fase|autom=semi|linea=lotes",2026-10-01,USD,CONTINGENCIA,INCOMPLETO,3,3,0,3,0,0,0,,,,,0,0,0,0,3,3,SIN_MONTO,,,,0,NO CALCULABLE: 3 conceptos sin magnitud,NO DISPONIBLE: 3 conceptos sin costo,,,
C2-2500,C2,2500,250,"faena=propia|granjas=mixto:0.25|pollito=compra|alimento=facon|flota=mixto(vivo,refrigerado,servicio)|frio=B_refrigerado_congelado|subprod=A_externo|terreno=compra_fase|autom=semi|linea=lotes",2026-10-01,USD,TOTAL,INCOMPLETO,181,88,2,86,11,0,8,0,0,389935.9682,0,0,0,2,0,86,86,MONTO_CON_REFERENCIAS_DEBILES_E4,389935.9682,,,2.2727,NO CALCULABLE: 86 conceptos sin magnitud,NO DISPONIBLE: 94 conceptos sin costo; terreno PROVISIONAL (criterio no seleccionado),1038471.2,,TERRENO_CRITERIO_NO_SELECCIONADO: el terreno a adquirir es una decisión; se dimensiona PROVISIONALMENTE con terreno_requerido_arquitectura y su costo no es definitivo;12C:AVES_POR_CAMION;12C:FOOTPRINT_DESCONOCIDO;12C:ENFRIAMIENTO_NO_DEFINIDO;12C:T_POR_CAMION;12C:CARGA_FRIGORIFICA_PENDIENTE;12C:GENERADOR_PENDIENTE;12C:DOTACION_PROXY;12C:TECNOLOGIA_EFLUENTES_NO_DEFINIDA;12C:CLOACA_DEPENDE_DEL_SITIO;12C:LODOS_PENDIENTE;12C:OBJETIVO_EXPANSION_NO_DEFINIDO;12C:RENDERING_RESERVA;12C:RETIRO_PENDIENTE;12C:BUFFER_PROXY;12C:FOS_PENDIENTE
C2-5000,C2,5000,250,"faena=propia|granjas=mixto:0.25|pollito=compra|alimento=facon|flota=mixto(vivo,refrigerado,servicio)|frio=B_refrigerado_congelado|subprod=A_externo|terreno=compra_fase|autom=semi|linea=lotes",2026-10-01,USD,TERRENO,INCOMPLETO,5,5,0,5,0,0,0,,,,,0,0,0,0,5,5,SIN_MONTO,,,,0,NO CALCULABLE: 5 conceptos sin magnitud,NO DISPONIBLE: 5 conceptos sin costo; terreno PROVISIONAL (criterio no seleccionado),,,
C2-5000,C2,5000,250,"faena=propia|granjas=mixto:0.25|pollito=compra|alimento=facon|flota=mixto(vivo,refrigerado,servicio)|frio=B_refrigerado_congelado|subprod=A_externo|terreno=compra_fase|autom=semi|linea=lotes",2026-10-01,USD,OBRA_CIVIL,INCOMPLETO,16,16,1,15,0,0,0,0,0,64186.3806,0,0,0,1,0,15,15,MONTO_CON_REFERENCIAS_DEBILES_E4,64186.3806,34501.2813,111124.6154,6.25,NO CALCULABLE: 15 conceptos sin magnitud,NO DISPONIBLE: 15 conceptos sin costo,,,
C2-5000,C2,5000,250,"faena=propia|granjas=mixto:0.25|pollito=compra|alimento=facon|flota=mixto(vivo,refrigerado,servicio)|frio=B_refrigerado_congelado|subprod=A_externo|terreno=compra_fase|autom=semi|linea=lotes",2026-10-01,USD,PROCESO,INCOMPLETO,52,8,0,8,0,0,0,,,,,0,0,0,0,8,8,SIN_MONTO,,,,0,NO CALCULABLE: 8 conceptos sin magnitud,NO DISPONIBLE: 8 conceptos sin costo,,,
C2-5000,C2,5000,250,"faena=propia|granjas=mixto:0.25|pollito=compra|alimento=facon|flota=mixto(vivo,refrigerado,servicio)|frio=B_refrigerado_congelado|subprod=A_externo|terreno=compra_fase|autom=semi|linea=lotes",2026-10-01,USD,SUBPRODUCTOS,INCOMPLETO,5,1,0,1,0,0,0,,,,,0,0,0,0,1,1,SIN_MONTO,,,,0,NO CALCULABLE: 1 conceptos sin magnitud,NO DISPONIBLE: 1 conceptos sin costo,,,
C2-5000,C2,5000,250,"faena=propia|granjas=mixto:0.25|pollito=compra|alimento=facon|flota=mixto(vivo,refrigerado,servicio)|frio=B_refrigerado_congelado|subprod=A_externo|terreno=compra_fase|autom=semi|linea=lotes",2026-10-01,USD,FRIO,INCOMPLETO,18,1,0,1,1,0,0,,,,,0,0,0,0,1,1,SIN_MONTO,,,,0,NO CALCULABLE: 1 conceptos sin magnitud,NO DISPONIBLE: 1 conceptos sin costo,,,
C2-5000,C2,5000,250,"faena=propia|granjas=mixto:0.25|pollito=compra|alimento=facon|flota=mixto(vivo,refrigerado,servicio)|frio=B_refrigerado_congelado|subprod=A_externo|terreno=compra_fase|autom=semi|linea=lotes",2026-10-01,USD,UTILITIES,INCOMPLETO,19,15,0,15,5,0,0,,,,,0,0,0,0,15,15,SIN_MONTO,,,,0,NO CALCULABLE: 15 conceptos sin magnitud,NO DISPONIBLE: 15 conceptos sin costo,,,
C2-5000,C2,5000,250,"faena=propia|granjas=mixto:0.25|pollito=compra|alimento=facon|flota=mixto(vivo,refrigerado,servicio)|frio=B_refrigerado_congelado|subprod=A_externo|terreno=compra_fase|autom=semi|linea=lotes",2026-10-01,USD,EFLUENTES,INCOMPLETO,8,1,0,1,0,0,0,,,,,0,0,0,0,1,1,SIN_MONTO,,,,0,NO CALCULABLE: 1 conceptos sin magnitud,NO DISPONIBLE: 1 conceptos sin costo,,,
C2-5000,C2,5000,250,"faena=propia|granjas=mixto:0.25|pollito=compra|alimento=facon|flota=mixto(vivo,refrigerado,servicio)|frio=B_refrigerado_congelado|subprod=A_externo|terreno=compra_fase|autom=semi|linea=lotes",2026-10-01,USD,SERVICIOS_GENERALES,INCOMPLETO,13,11,0,11,1,0,0,,,,,0,0,0,0,11,11,SIN_MONTO,,,,0,NO CALCULABLE: 11 conceptos sin magnitud,NO DISPONIBLE: 11 conceptos sin costo,,,
C2-5000,C2,5000,250,"faena=propia|granjas=mixto:0.25|pollito=compra|alimento=facon|flota=mixto(vivo,refrigerado,servicio)|frio=B_refrigerado_congelado|subprod=A_externo|terreno=compra_fase|autom=semi|linea=lotes",2026-10-01,USD,LOGISTICA,INCOMPLETO,10,10,0,10,3,0,0,,,,,0,0,0,0,10,10,SIN_MONTO,,,,0,NO CALCULABLE: 10 conceptos sin magnitud,NO DISPONIBLE: 10 conceptos sin costo,,,
C2-5000,C2,5000,250,"faena=propia|granjas=mixto:0.25|pollito=compra|alimento=facon|flota=mixto(vivo,refrigerado,servicio)|frio=B_refrigerado_congelado|subprod=A_externo|terreno=compra_fase|autom=semi|linea=lotes",2026-10-01,USD,INCUBACION,EXCLUIDO_POR_ARQUITECTURA,0,0,0,0,0,0,0,,,,,0,0,0,0,0,0,SIN_MONTO,,,,,NO APLICA,0 (excluido por arquitectura),,,
C2-5000,C2,5000,250,"faena=propia|granjas=mixto:0.25|pollito=compra|alimento=facon|flota=mixto(vivo,refrigerado,servicio)|frio=B_refrigerado_congelado|subprod=A_externo|terreno=compra_fase|autom=semi|linea=lotes",2026-10-01,USD,ALIMENTO,EXCLUIDO_POR_ARQUITECTURA,0,0,0,0,0,0,0,,,,,0,0,0,0,0,0,SIN_MONTO,,,,,NO APLICA,0 (excluido por arquitectura),,,
C2-5000,C2,5000,250,"faena=propia|granjas=mixto:0.25|pollito=compra|alimento=facon|flota=mixto(vivo,refrigerado,servicio)|frio=B_refrigerado_congelado|subprod=A_externo|terreno=compra_fase|autom=semi|linea=lotes",2026-10-01,USD,GRANJAS,INCOMPLETO,20,2,1,1,1,0,8,0,0,692314.1333,0,0,0,1,0,1,1,MONTO_CON_REFERENCIAS_DEBILES_E4,692314.1333,,,50,NO CALCULABLE: 1 conceptos sin magnitud,NO DISPONIBLE: 9 conceptos sin costo,2076942.3999,,
C2-5000,C2,5000,250,"faena=propia|granjas=mixto:0.25|pollito=compra|alimento=facon|flota=mixto(vivo,refrigerado,servicio)|frio=B_refrigerado_congelado|subprod=A_externo|terreno=compra_fase|autom=semi|linea=lotes",2026-10-01,USD,INDIRECTOS,INCOMPLETO,7,7,0,7,0,0,0,,,,,0,0,0,0,7,7,SIN_MONTO,,,,0,NO CALCULABLE: 7 conceptos sin magnitud,NO DISPONIBLE: 7 conceptos sin costo,,,
C2-5000,C2,5000,250,"faena=propia|granjas=mixto:0.25|pollito=compra|alimento=facon|flota=mixto(vivo,refrigerado,servicio)|frio=B_refrigerado_congelado|subprod=A_externo|terreno=compra_fase|autom=semi|linea=lotes",2026-10-01,USD,PREOPERATIVOS,INCOMPLETO,8,8,0,8,0,0,0,,,,,0,0,0,0,8,8,SIN_MONTO,,,,0,NO CALCULABLE: 8 conceptos sin magnitud,NO DISPONIBLE: 8 conceptos sin costo,,,
C2-5000,C2,5000,250,"faena=propia|granjas=mixto:0.25|pollito=compra|alimento=facon|flota=mixto(vivo,refrigerado,servicio)|frio=B_refrigerado_congelado|subprod=A_externo|terreno=compra_fase|autom=semi|linea=lotes",2026-10-01,USD,CONTINGENCIA,INCOMPLETO,3,3,0,3,0,0,0,,,,,0,0,0,0,3,3,SIN_MONTO,,,,0,NO CALCULABLE: 3 conceptos sin magnitud,NO DISPONIBLE: 3 conceptos sin costo,,,
C2-5000,C2,5000,250,"faena=propia|granjas=mixto:0.25|pollito=compra|alimento=facon|flota=mixto(vivo,refrigerado,servicio)|frio=B_refrigerado_congelado|subprod=A_externo|terreno=compra_fase|autom=semi|linea=lotes",2026-10-01,USD,TOTAL,INCOMPLETO,184,88,2,86,11,0,8,0,0,756500.5139,0,0,0,2,0,86,86,MONTO_CON_REFERENCIAS_DEBILES_E4,756500.5139,,,2.2727,NO CALCULABLE: 86 conceptos sin magnitud,NO DISPONIBLE: 94 conceptos sin costo; terreno PROVISIONAL (criterio no seleccionado),2076942.3999,,TERRENO_CRITERIO_NO_SELECCIONADO: el terreno a adquirir es una decisión; se dimensiona PROVISIONALMENTE con terreno_requerido_arquitectura y su costo no es definitivo;12C:AVES_POR_CAMION;12C:FOOTPRINT_DESCONOCIDO;12C:ENFRIAMIENTO_NO_DEFINIDO;12C:T_POR_CAMION;12C:CARGA_FRIGORIFICA_PENDIENTE;12C:GENERADOR_PENDIENTE;12C:DOTACION_PROXY;12C:TECNOLOGIA_EFLUENTES_NO_DEFINIDA;12C:CLOACA_DEPENDE_DEL_SITIO;12C:LODOS_PENDIENTE;12C:OBJETIVO_EXPANSION_NO_DEFINIDO;12C:RENDERING_RESERVA;12C:RETIRO_PENDIENTE;12C:BUFFER_PROXY;12C:FOS_PENDIENTE
C2-10000,C2,10000,250,"faena=propia|granjas=mixto:0.25|pollito=compra|alimento=facon|flota=mixto(vivo,refrigerado,servicio)|frio=B_refrigerado_congelado|subprod=A_externo|terreno=compra_fase|autom=semi|linea=lotes",2026-10-01,USD,TERRENO,INCOMPLETO,5,5,0,5,0,0,0,,,,,0,0,0,0,5,5,SIN_MONTO,,,,0,NO CALCULABLE: 5 conceptos sin magnitud,NO DISPONIBLE: 5 conceptos sin costo; terreno PROVISIONAL (criterio no seleccionado),,,
C2-10000,C2,10000,250,"faena=propia|granjas=mixto:0.25|pollito=compra|alimento=facon|flota=mixto(vivo,refrigerado,servicio)|frio=B_refrigerado_congelado|subprod=A_externo|terreno=compra_fase|autom=semi|linea=lotes",2026-10-01,USD,OBRA_CIVIL,INCOMPLETO,16,16,1,15,0,0,0,0,0,119200.3424,0,0,0,1,0,15,15,MONTO_CON_REFERENCIAS_DEBILES_E4,119200.3424,63727.2425,206508.5781,6.25,NO CALCULABLE: 15 conceptos sin magnitud,NO DISPONIBLE: 15 conceptos sin costo,,,
C2-10000,C2,10000,250,"faena=propia|granjas=mixto:0.25|pollito=compra|alimento=facon|flota=mixto(vivo,refrigerado,servicio)|frio=B_refrigerado_congelado|subprod=A_externo|terreno=compra_fase|autom=semi|linea=lotes",2026-10-01,USD,PROCESO,INCOMPLETO,53,8,0,8,0,0,0,,,,,0,0,0,0,8,8,SIN_MONTO,,,,0,NO CALCULABLE: 8 conceptos sin magnitud,NO DISPONIBLE: 8 conceptos sin costo,,,
C2-10000,C2,10000,250,"faena=propia|granjas=mixto:0.25|pollito=compra|alimento=facon|flota=mixto(vivo,refrigerado,servicio)|frio=B_refrigerado_congelado|subprod=A_externo|terreno=compra_fase|autom=semi|linea=lotes",2026-10-01,USD,SUBPRODUCTOS,INCOMPLETO,5,1,0,1,0,0,0,,,,,0,0,0,0,1,1,SIN_MONTO,,,,0,NO CALCULABLE: 1 conceptos sin magnitud,NO DISPONIBLE: 1 conceptos sin costo,,,
C2-10000,C2,10000,250,"faena=propia|granjas=mixto:0.25|pollito=compra|alimento=facon|flota=mixto(vivo,refrigerado,servicio)|frio=B_refrigerado_congelado|subprod=A_externo|terreno=compra_fase|autom=semi|linea=lotes",2026-10-01,USD,FRIO,INCOMPLETO,18,1,0,1,1,0,0,,,,,0,0,0,0,1,1,SIN_MONTO,,,,0,NO CALCULABLE: 1 conceptos sin magnitud,NO DISPONIBLE: 1 conceptos sin costo,,,
C2-10000,C2,10000,250,"faena=propia|granjas=mixto:0.25|pollito=compra|alimento=facon|flota=mixto(vivo,refrigerado,servicio)|frio=B_refrigerado_congelado|subprod=A_externo|terreno=compra_fase|autom=semi|linea=lotes",2026-10-01,USD,UTILITIES,INCOMPLETO,19,15,0,15,5,0,0,,,,,0,0,0,0,15,15,SIN_MONTO,,,,0,NO CALCULABLE: 15 conceptos sin magnitud,NO DISPONIBLE: 15 conceptos sin costo,,,
C2-10000,C2,10000,250,"faena=propia|granjas=mixto:0.25|pollito=compra|alimento=facon|flota=mixto(vivo,refrigerado,servicio)|frio=B_refrigerado_congelado|subprod=A_externo|terreno=compra_fase|autom=semi|linea=lotes",2026-10-01,USD,EFLUENTES,INCOMPLETO,8,1,0,1,0,0,0,,,,,0,0,0,0,1,1,SIN_MONTO,,,,0,NO CALCULABLE: 1 conceptos sin magnitud,NO DISPONIBLE: 1 conceptos sin costo,,,
C2-10000,C2,10000,250,"faena=propia|granjas=mixto:0.25|pollito=compra|alimento=facon|flota=mixto(vivo,refrigerado,servicio)|frio=B_refrigerado_congelado|subprod=A_externo|terreno=compra_fase|autom=semi|linea=lotes",2026-10-01,USD,SERVICIOS_GENERALES,INCOMPLETO,13,11,0,11,1,0,0,,,,,0,0,0,0,11,11,SIN_MONTO,,,,0,NO CALCULABLE: 11 conceptos sin magnitud,NO DISPONIBLE: 11 conceptos sin costo,,,
C2-10000,C2,10000,250,"faena=propia|granjas=mixto:0.25|pollito=compra|alimento=facon|flota=mixto(vivo,refrigerado,servicio)|frio=B_refrigerado_congelado|subprod=A_externo|terreno=compra_fase|autom=semi|linea=lotes",2026-10-01,USD,LOGISTICA,INCOMPLETO,10,10,0,10,3,0,0,,,,,0,0,0,0,10,10,SIN_MONTO,,,,0,NO CALCULABLE: 10 conceptos sin magnitud,NO DISPONIBLE: 10 conceptos sin costo,,,
C2-10000,C2,10000,250,"faena=propia|granjas=mixto:0.25|pollito=compra|alimento=facon|flota=mixto(vivo,refrigerado,servicio)|frio=B_refrigerado_congelado|subprod=A_externo|terreno=compra_fase|autom=semi|linea=lotes",2026-10-01,USD,INCUBACION,EXCLUIDO_POR_ARQUITECTURA,0,0,0,0,0,0,0,,,,,0,0,0,0,0,0,SIN_MONTO,,,,,NO APLICA,0 (excluido por arquitectura),,,
C2-10000,C2,10000,250,"faena=propia|granjas=mixto:0.25|pollito=compra|alimento=facon|flota=mixto(vivo,refrigerado,servicio)|frio=B_refrigerado_congelado|subprod=A_externo|terreno=compra_fase|autom=semi|linea=lotes",2026-10-01,USD,ALIMENTO,EXCLUIDO_POR_ARQUITECTURA,0,0,0,0,0,0,0,,,,,0,0,0,0,0,0,SIN_MONTO,,,,,NO APLICA,0 (excluido por arquitectura),,,
C2-10000,C2,10000,250,"faena=propia|granjas=mixto:0.25|pollito=compra|alimento=facon|flota=mixto(vivo,refrigerado,servicio)|frio=B_refrigerado_congelado|subprod=A_externo|terreno=compra_fase|autom=semi|linea=lotes",2026-10-01,USD,GRANJAS,INCOMPLETO,20,2,1,1,1,0,8,0,0,1384628.2666,0,0,0,1,0,1,1,MONTO_CON_REFERENCIAS_DEBILES_E4,1384628.2666,,,50,NO CALCULABLE: 1 conceptos sin magnitud,NO DISPONIBLE: 9 conceptos sin costo,4153884.7999,,
C2-10000,C2,10000,250,"faena=propia|granjas=mixto:0.25|pollito=compra|alimento=facon|flota=mixto(vivo,refrigerado,servicio)|frio=B_refrigerado_congelado|subprod=A_externo|terreno=compra_fase|autom=semi|linea=lotes",2026-10-01,USD,INDIRECTOS,INCOMPLETO,7,7,0,7,0,0,0,,,,,0,0,0,0,7,7,SIN_MONTO,,,,0,NO CALCULABLE: 7 conceptos sin magnitud,NO DISPONIBLE: 7 conceptos sin costo,,,
C2-10000,C2,10000,250,"faena=propia|granjas=mixto:0.25|pollito=compra|alimento=facon|flota=mixto(vivo,refrigerado,servicio)|frio=B_refrigerado_congelado|subprod=A_externo|terreno=compra_fase|autom=semi|linea=lotes",2026-10-01,USD,PREOPERATIVOS,INCOMPLETO,8,8,0,8,0,0,0,,,,,0,0,0,0,8,8,SIN_MONTO,,,,0,NO CALCULABLE: 8 conceptos sin magnitud,NO DISPONIBLE: 8 conceptos sin costo,,,
C2-10000,C2,10000,250,"faena=propia|granjas=mixto:0.25|pollito=compra|alimento=facon|flota=mixto(vivo,refrigerado,servicio)|frio=B_refrigerado_congelado|subprod=A_externo|terreno=compra_fase|autom=semi|linea=lotes",2026-10-01,USD,CONTINGENCIA,INCOMPLETO,3,3,0,3,0,0,0,,,,,0,0,0,0,3,3,SIN_MONTO,,,,0,NO CALCULABLE: 3 conceptos sin magnitud,NO DISPONIBLE: 3 conceptos sin costo,,,
C2-10000,C2,10000,250,"faena=propia|granjas=mixto:0.25|pollito=compra|alimento=facon|flota=mixto(vivo,refrigerado,servicio)|frio=B_refrigerado_congelado|subprod=A_externo|terreno=compra_fase|autom=semi|linea=lotes",2026-10-01,USD,TOTAL,INCOMPLETO,185,88,2,86,11,0,8,0,0,1503828.609,0,0,0,2,0,86,86,MONTO_CON_REFERENCIAS_DEBILES_E4,1503828.609,,,2.2727,NO CALCULABLE: 86 conceptos sin magnitud,NO DISPONIBLE: 94 conceptos sin costo; terreno PROVISIONAL (criterio no seleccionado),4153884.7999,,TERRENO_CRITERIO_NO_SELECCIONADO: el terreno a adquirir es una decisión; se dimensiona PROVISIONALMENTE con terreno_requerido_arquitectura y su costo no es definitivo;12C:AVES_POR_CAMION;12C:FOOTPRINT_DESCONOCIDO;12C:ENFRIAMIENTO_NO_DEFINIDO;12C:T_POR_CAMION;12C:CARGA_FRIGORIFICA_PENDIENTE;12C:GENERADOR_PENDIENTE;12C:DOTACION_PROXY;12C:TECNOLOGIA_EFLUENTES_NO_DEFINIDA;12C:CLOACA_DEPENDE_DEL_SITIO;12C:LODOS_PENDIENTE;12C:OBJETIVO_EXPANSION_NO_DEFINIDO;12C:RENDERING_RESERVA;12C:RETIRO_PENDIENTE;12C:BUFFER_PROXY;12C:FOS_PENDIENTE
C2-20000,C2,20000,250,"faena=propia|granjas=mixto:0.25|pollito=compra|alimento=facon|flota=mixto(vivo,refrigerado,servicio)|frio=B_refrigerado_congelado|subprod=A_externo|terreno=compra_fase|autom=semi|linea=lotes",2026-10-01,USD,TERRENO,INCOMPLETO,5,5,0,5,0,0,0,,,,,0,0,0,0,5,5,SIN_MONTO,,,,0,NO CALCULABLE: 5 conceptos sin magnitud,NO DISPONIBLE: 5 conceptos sin costo; terreno PROVISIONAL (criterio no seleccionado),,,
C2-20000,C2,20000,250,"faena=propia|granjas=mixto:0.25|pollito=compra|alimento=facon|flota=mixto(vivo,refrigerado,servicio)|frio=B_refrigerado_congelado|subprod=A_externo|terreno=compra_fase|autom=semi|linea=lotes",2026-10-01,USD,OBRA_CIVIL,INCOMPLETO,16,16,1,15,0,0,0,0,0,222430.576,0,0,0,1,0,15,15,MONTO_CON_REFERENCIAS_DEBILES_E4,222430.576,118711.16,385611.0878,6.25,NO CALCULABLE: 15 conceptos sin magnitud,NO DISPONIBLE: 15 conceptos sin costo,,,
C2-20000,C2,20000,250,"faena=propia|granjas=mixto:0.25|pollito=compra|alimento=facon|flota=mixto(vivo,refrigerado,servicio)|frio=B_refrigerado_congelado|subprod=A_externo|terreno=compra_fase|autom=semi|linea=lotes",2026-10-01,USD,PROCESO,INCOMPLETO,54,8,0,8,0,0,0,,,,,0,0,0,0,8,8,SIN_MONTO,,,,0,NO CALCULABLE: 8 conceptos sin magnitud,NO DISPONIBLE: 8 conceptos sin costo,,,
C2-20000,C2,20000,250,"faena=propia|granjas=mixto:0.25|pollito=compra|alimento=facon|flota=mixto(vivo,refrigerado,servicio)|frio=B_refrigerado_congelado|subprod=A_externo|terreno=compra_fase|autom=semi|linea=lotes",2026-10-01,USD,SUBPRODUCTOS,INCOMPLETO,5,1,0,1,0,0,0,,,,,0,0,0,0,1,1,SIN_MONTO,,,,0,NO CALCULABLE: 1 conceptos sin magnitud,NO DISPONIBLE: 1 conceptos sin costo,,,
C2-20000,C2,20000,250,"faena=propia|granjas=mixto:0.25|pollito=compra|alimento=facon|flota=mixto(vivo,refrigerado,servicio)|frio=B_refrigerado_congelado|subprod=A_externo|terreno=compra_fase|autom=semi|linea=lotes",2026-10-01,USD,FRIO,INCOMPLETO,19,1,0,1,1,0,0,,,,,0,0,0,0,1,1,SIN_MONTO,,,,0,NO CALCULABLE: 1 conceptos sin magnitud,NO DISPONIBLE: 1 conceptos sin costo,,,
C2-20000,C2,20000,250,"faena=propia|granjas=mixto:0.25|pollito=compra|alimento=facon|flota=mixto(vivo,refrigerado,servicio)|frio=B_refrigerado_congelado|subprod=A_externo|terreno=compra_fase|autom=semi|linea=lotes",2026-10-01,USD,UTILITIES,INCOMPLETO,19,15,0,15,5,0,0,,,,,0,0,0,0,15,15,SIN_MONTO,,,,0,NO CALCULABLE: 15 conceptos sin magnitud,NO DISPONIBLE: 15 conceptos sin costo,,,
C2-20000,C2,20000,250,"faena=propia|granjas=mixto:0.25|pollito=compra|alimento=facon|flota=mixto(vivo,refrigerado,servicio)|frio=B_refrigerado_congelado|subprod=A_externo|terreno=compra_fase|autom=semi|linea=lotes",2026-10-01,USD,EFLUENTES,INCOMPLETO,8,1,0,1,0,0,0,,,,,0,0,0,0,1,1,SIN_MONTO,,,,0,NO CALCULABLE: 1 conceptos sin magnitud,NO DISPONIBLE: 1 conceptos sin costo,,,
C2-20000,C2,20000,250,"faena=propia|granjas=mixto:0.25|pollito=compra|alimento=facon|flota=mixto(vivo,refrigerado,servicio)|frio=B_refrigerado_congelado|subprod=A_externo|terreno=compra_fase|autom=semi|linea=lotes",2026-10-01,USD,SERVICIOS_GENERALES,INCOMPLETO,13,11,0,11,1,0,0,,,,,0,0,0,0,11,11,SIN_MONTO,,,,0,NO CALCULABLE: 11 conceptos sin magnitud,NO DISPONIBLE: 11 conceptos sin costo,,,
C2-20000,C2,20000,250,"faena=propia|granjas=mixto:0.25|pollito=compra|alimento=facon|flota=mixto(vivo,refrigerado,servicio)|frio=B_refrigerado_congelado|subprod=A_externo|terreno=compra_fase|autom=semi|linea=lotes",2026-10-01,USD,LOGISTICA,INCOMPLETO,10,10,0,10,3,0,0,,,,,0,0,0,0,10,10,SIN_MONTO,,,,0,NO CALCULABLE: 10 conceptos sin magnitud,NO DISPONIBLE: 10 conceptos sin costo,,,
C2-20000,C2,20000,250,"faena=propia|granjas=mixto:0.25|pollito=compra|alimento=facon|flota=mixto(vivo,refrigerado,servicio)|frio=B_refrigerado_congelado|subprod=A_externo|terreno=compra_fase|autom=semi|linea=lotes",2026-10-01,USD,INCUBACION,EXCLUIDO_POR_ARQUITECTURA,0,0,0,0,0,0,0,,,,,0,0,0,0,0,0,SIN_MONTO,,,,,NO APLICA,0 (excluido por arquitectura),,,
C2-20000,C2,20000,250,"faena=propia|granjas=mixto:0.25|pollito=compra|alimento=facon|flota=mixto(vivo,refrigerado,servicio)|frio=B_refrigerado_congelado|subprod=A_externo|terreno=compra_fase|autom=semi|linea=lotes",2026-10-01,USD,ALIMENTO,EXCLUIDO_POR_ARQUITECTURA,0,0,0,0,0,0,0,,,,,0,0,0,0,0,0,SIN_MONTO,,,,,NO APLICA,0 (excluido por arquitectura),,,
C2-20000,C2,20000,250,"faena=propia|granjas=mixto:0.25|pollito=compra|alimento=facon|flota=mixto(vivo,refrigerado,servicio)|frio=B_refrigerado_congelado|subprod=A_externo|terreno=compra_fase|autom=semi|linea=lotes",2026-10-01,USD,GRANJAS,INCOMPLETO,20,2,1,1,1,0,8,0,0,2769256.5333,0,0,0,1,0,1,1,MONTO_CON_REFERENCIAS_DEBILES_E4,2769256.5333,,,50,NO CALCULABLE: 1 conceptos sin magnitud,NO DISPONIBLE: 9 conceptos sin costo,8307769.5998,,
C2-20000,C2,20000,250,"faena=propia|granjas=mixto:0.25|pollito=compra|alimento=facon|flota=mixto(vivo,refrigerado,servicio)|frio=B_refrigerado_congelado|subprod=A_externo|terreno=compra_fase|autom=semi|linea=lotes",2026-10-01,USD,INDIRECTOS,INCOMPLETO,7,7,0,7,0,0,0,,,,,0,0,0,0,7,7,SIN_MONTO,,,,0,NO CALCULABLE: 7 conceptos sin magnitud,NO DISPONIBLE: 7 conceptos sin costo,,,
C2-20000,C2,20000,250,"faena=propia|granjas=mixto:0.25|pollito=compra|alimento=facon|flota=mixto(vivo,refrigerado,servicio)|frio=B_refrigerado_congelado|subprod=A_externo|terreno=compra_fase|autom=semi|linea=lotes",2026-10-01,USD,PREOPERATIVOS,INCOMPLETO,8,8,0,8,0,0,0,,,,,0,0,0,0,8,8,SIN_MONTO,,,,0,NO CALCULABLE: 8 conceptos sin magnitud,NO DISPONIBLE: 8 conceptos sin costo,,,
C2-20000,C2,20000,250,"faena=propia|granjas=mixto:0.25|pollito=compra|alimento=facon|flota=mixto(vivo,refrigerado,servicio)|frio=B_refrigerado_congelado|subprod=A_externo|terreno=compra_fase|autom=semi|linea=lotes",2026-10-01,USD,CONTINGENCIA,INCOMPLETO,3,3,0,3,0,0,0,,,,,0,0,0,0,3,3,SIN_MONTO,,,,0,NO CALCULABLE: 3 conceptos sin magnitud,NO DISPONIBLE: 3 conceptos sin costo,,,
C2-20000,C2,20000,250,"faena=propia|granjas=mixto:0.25|pollito=compra|alimento=facon|flota=mixto(vivo,refrigerado,servicio)|frio=B_refrigerado_congelado|subprod=A_externo|terreno=compra_fase|autom=semi|linea=lotes",2026-10-01,USD,TOTAL,INCOMPLETO,187,88,2,86,11,0,8,0,0,2991687.1093,0,0,0,2,0,86,86,MONTO_CON_REFERENCIAS_DEBILES_E4,2991687.1093,,,2.2727,NO CALCULABLE: 86 conceptos sin magnitud,NO DISPONIBLE: 94 conceptos sin costo; terreno PROVISIONAL (criterio no seleccionado),8307769.5998,,TERRENO_CRITERIO_NO_SELECCIONADO: el terreno a adquirir es una decisión; se dimensiona PROVISIONALMENTE con terreno_requerido_arquitectura y su costo no es definitivo;12C:AVES_POR_CAMION;12C:FOOTPRINT_DESCONOCIDO;12C:ENFRIAMIENTO_NO_DEFINIDO;12C:T_POR_CAMION;12C:CARGA_FRIGORIFICA_PENDIENTE;12C:GENERADOR_PENDIENTE;12C:DOTACION_PROXY;12C:TECNOLOGIA_EFLUENTES_NO_DEFINIDA;12C:CLOACA_DEPENDE_DEL_SITIO;12C:LODOS_PENDIENTE;12C:OBJETIVO_EXPANSION_NO_DEFINIDO;12C:RENDERING_RESERVA;12C:RETIRO_PENDIENTE;12C:BUFFER_PROXY;12C:FOS_PENDIENTE
C3-2500,C3,2500,250,faena=propia|granjas=propias:1|pollito=incubacion|alimento=propia|flota=propia|frio=B_refrigerado_congelado|subprod=B_basico_propio|terreno=compra_fase|autom=semi|linea=lotes,2026-10-01,USD,TERRENO,INCOMPLETO,5,5,0,5,0,0,0,,,,,0,0,0,0,5,5,SIN_MONTO,,,,0,NO CALCULABLE: 5 conceptos sin magnitud,NO DISPONIBLE: 5 conceptos sin costo; terreno PROVISIONAL (criterio no seleccionado),,,
C3-2500,C3,2500,250,faena=propia|granjas=propias:1|pollito=incubacion|alimento=propia|flota=propia|frio=B_refrigerado_congelado|subprod=B_basico_propio|terreno=compra_fase|autom=semi|linea=lotes,2026-10-01,USD,OBRA_CIVIL,INCOMPLETO,16,16,1,15,0,0,0,0,0,43778.9015,0,0,0,1,0,15,15,MONTO_CON_REFERENCIAS_DEBILES_E4,43778.9015,25739.0112,73113.0777,6.25,NO CALCULABLE: 15 conceptos sin magnitud,NO DISPONIBLE: 15 conceptos sin costo,,,
C3-2500,C3,2500,250,faena=propia|granjas=propias:1|pollito=incubacion|alimento=propia|flota=propia|frio=B_refrigerado_congelado|subprod=B_basico_propio|terreno=compra_fase|autom=semi|linea=lotes,2026-10-01,USD,PROCESO,INCOMPLETO,50,8,0,8,0,0,0,,,,,0,0,0,0,8,8,SIN_MONTO,,,,0,NO CALCULABLE: 8 conceptos sin magnitud,NO DISPONIBLE: 8 conceptos sin costo,,,
C3-2500,C3,2500,250,faena=propia|granjas=propias:1|pollito=incubacion|alimento=propia|flota=propia|frio=B_refrigerado_congelado|subprod=B_basico_propio|terreno=compra_fase|autom=semi|linea=lotes,2026-10-01,USD,SUBPRODUCTOS,INCOMPLETO,6,2,0,2,0,0,0,,,,,0,0,0,0,2,2,SIN_MONTO,,,,0,NO CALCULABLE: 2 conceptos sin magnitud,NO DISPONIBLE: 2 conceptos sin costo,,,
C3-2500,C3,2500,250,faena=propia|granjas=propias:1|pollito=incubacion|alimento=propia|flota=propia|frio=B_refrigerado_congelado|subprod=B_basico_propio|terreno=compra_fase|autom=semi|linea=lotes,2026-10-01,USD,FRIO,INCOMPLETO,17,1,0,1,1,0,0,,,,,0,0,0,0,1,1,SIN_MONTO,,,,0,NO CALCULABLE: 1 conceptos sin magnitud,NO DISPONIBLE: 1 conceptos sin costo,,,
C3-2500,C3,2500,250,faena=propia|granjas=propias:1|pollito=incubacion|alimento=propia|flota=propia|frio=B_refrigerado_congelado|subprod=B_basico_propio|terreno=compra_fase|autom=semi|linea=lotes,2026-10-01,USD,UTILITIES,INCOMPLETO,19,15,0,15,5,0,0,,,,,0,0,0,0,15,15,SIN_MONTO,,,,0,NO CALCULABLE: 15 conceptos sin magnitud,NO DISPONIBLE: 15 conceptos sin costo,,,
C3-2500,C3,2500,250,faena=propia|granjas=propias:1|pollito=incubacion|alimento=propia|flota=propia|frio=B_refrigerado_congelado|subprod=B_basico_propio|terreno=compra_fase|autom=semi|linea=lotes,2026-10-01,USD,EFLUENTES,INCOMPLETO,8,1,0,1,0,0,0,,,,,0,0,0,0,1,1,SIN_MONTO,,,,0,NO CALCULABLE: 1 conceptos sin magnitud,NO DISPONIBLE: 1 conceptos sin costo,,,
C3-2500,C3,2500,250,faena=propia|granjas=propias:1|pollito=incubacion|alimento=propia|flota=propia|frio=B_refrigerado_congelado|subprod=B_basico_propio|terreno=compra_fase|autom=semi|linea=lotes,2026-10-01,USD,SERVICIOS_GENERALES,INCOMPLETO,13,11,0,11,1,0,0,,,,,0,0,0,0,11,11,SIN_MONTO,,,,0,NO CALCULABLE: 11 conceptos sin magnitud,NO DISPONIBLE: 11 conceptos sin costo,,,
C3-2500,C3,2500,250,faena=propia|granjas=propias:1|pollito=incubacion|alimento=propia|flota=propia|frio=B_refrigerado_congelado|subprod=B_basico_propio|terreno=compra_fase|autom=semi|linea=lotes,2026-10-01,USD,LOGISTICA,INCOMPLETO,26,26,0,26,9,0,0,,,,,0,0,0,0,26,26,SIN_MONTO,,,,0,NO CALCULABLE: 26 conceptos sin magnitud,NO DISPONIBLE: 26 conceptos sin costo,,,
C3-2500,C3,2500,250,faena=propia|granjas=propias:1|pollito=incubacion|alimento=propia|flota=propia|frio=B_refrigerado_congelado|subprod=B_basico_propio|terreno=compra_fase|autom=semi|linea=lotes,2026-10-01,USD,INCUBACION,INCOMPLETO,15,15,0,15,3,0,0,,,,,0,0,0,0,15,15,SIN_MONTO,,,,0,NO CALCULABLE: 15 conceptos sin magnitud,NO DISPONIBLE: 15 conceptos sin costo,,,
C3-2500,C3,2500,250,faena=propia|granjas=propias:1|pollito=incubacion|alimento=propia|flota=propia|frio=B_refrigerado_congelado|subprod=B_basico_propio|terreno=compra_fase|autom=semi|linea=lotes,2026-10-01,USD,ALIMENTO,INCOMPLETO,18,18,0,18,2,0,0,,,,,0,0,0,0,18,18,SIN_MONTO,,,,0,NO CALCULABLE: 18 conceptos sin magnitud,NO DISPONIBLE: 18 conceptos sin costo,,,
C3-2500,C3,2500,250,faena=propia|granjas=propias:1|pollito=incubacion|alimento=propia|flota=propia|frio=B_refrigerado_congelado|subprod=B_basico_propio|terreno=compra_fase|autom=semi|linea=lotes,2026-10-01,USD,GRANJAS,INCOMPLETO,10,2,1,1,1,0,8,0,0,1384628.2666,0,0,0,1,0,1,1,MONTO_CON_REFERENCIAS_DEBILES_E4,1384628.2666,,,50,NO CALCULABLE: 1 conceptos sin magnitud,NO DISPONIBLE: 9 conceptos sin costo,,,
C3-2500,C3,2500,250,faena=propia|granjas=propias:1|pollito=incubacion|alimento=propia|flota=propia|frio=B_refrigerado_congelado|subprod=B_basico_propio|terreno=compra_fase|autom=semi|linea=lotes,2026-10-01,USD,INDIRECTOS,INCOMPLETO,7,7,0,7,0,0,0,,,,,0,0,0,0,7,7,SIN_MONTO,,,,0,NO CALCULABLE: 7 conceptos sin magnitud,NO DISPONIBLE: 7 conceptos sin costo,,,
C3-2500,C3,2500,250,faena=propia|granjas=propias:1|pollito=incubacion|alimento=propia|flota=propia|frio=B_refrigerado_congelado|subprod=B_basico_propio|terreno=compra_fase|autom=semi|linea=lotes,2026-10-01,USD,PREOPERATIVOS,INCOMPLETO,8,8,0,8,0,0,0,,,,,0,0,0,0,8,8,SIN_MONTO,,,,0,NO CALCULABLE: 8 conceptos sin magnitud,NO DISPONIBLE: 8 conceptos sin costo,,,
C3-2500,C3,2500,250,faena=propia|granjas=propias:1|pollito=incubacion|alimento=propia|flota=propia|frio=B_refrigerado_congelado|subprod=B_basico_propio|terreno=compra_fase|autom=semi|linea=lotes,2026-10-01,USD,CONTINGENCIA,INCOMPLETO,3,3,0,3,0,0,0,,,,,0,0,0,0,3,3,SIN_MONTO,,,,0,NO CALCULABLE: 3 conceptos sin magnitud,NO DISPONIBLE: 3 conceptos sin costo,,,
C3-2500,C3,2500,250,faena=propia|granjas=propias:1|pollito=incubacion|alimento=propia|flota=propia|frio=B_refrigerado_congelado|subprod=B_basico_propio|terreno=compra_fase|autom=semi|linea=lotes,2026-10-01,USD,TOTAL,INCOMPLETO,221,138,2,136,22,0,8,0,0,1428407.1682,0,0,0,2,0,136,136,MONTO_CON_REFERENCIAS_DEBILES_E4,1428407.1682,,,1.4493,NO CALCULABLE: 136 conceptos sin magnitud,NO DISPONIBLE: 144 conceptos sin costo; terreno PROVISIONAL (criterio no seleccionado),,,TERRENO_CRITERIO_NO_SELECCIONADO: el terreno a adquirir es una decisión; se dimensiona PROVISIONALMENTE con terreno_requerido_arquitectura y su costo no es definitivo;12C:AVES_POR_CAMION;12C:FOOTPRINT_DESCONOCIDO;12C:ENFRIAMIENTO_NO_DEFINIDO;12C:T_POR_CAMION;12C:CARGA_FRIGORIFICA_PENDIENTE;12C:GENERADOR_PENDIENTE;12C:DOTACION_PROXY;12C:TECNOLOGIA_EFLUENTES_NO_DEFINIDA;12C:CLOACA_DEPENDE_DEL_SITIO;12C:LODOS_PENDIENTE;12C:OBJETIVO_EXPANSION_NO_DEFINIDO;12C:RENDERING_RESERVA;12C:RETIRO_PENDIENTE;12C:BUFFER_PROXY;12C:FOS_PENDIENTE
C3-5000,C3,5000,250,faena=propia|granjas=propias:1|pollito=incubacion|alimento=propia|flota=propia|frio=B_refrigerado_congelado|subprod=B_basico_propio|terreno=compra_fase|autom=semi|linea=lotes,2026-10-01,USD,TERRENO,INCOMPLETO,5,5,0,5,0,0,0,,,,,0,0,0,0,5,5,SIN_MONTO,,,,0,NO CALCULABLE: 5 conceptos sin magnitud,NO DISPONIBLE: 5 conceptos sin costo; terreno PROVISIONAL (criterio no seleccionado),,,
C3-5000,C3,5000,250,faena=propia|granjas=propias:1|pollito=incubacion|alimento=propia|flota=propia|frio=B_refrigerado_congelado|subprod=B_basico_propio|terreno=compra_fase|autom=semi|linea=lotes,2026-10-01,USD,OBRA_CIVIL,INCOMPLETO,16,16,1,15,0,0,0,0,0,64186.3806,0,0,0,1,0,15,15,MONTO_CON_REFERENCIAS_DEBILES_E4,64186.3806,34501.2813,111124.6154,6.25,NO CALCULABLE: 15 conceptos sin magnitud,NO DISPONIBLE: 15 conceptos sin costo,,,
C3-5000,C3,5000,250,faena=propia|granjas=propias:1|pollito=incubacion|alimento=propia|flota=propia|frio=B_refrigerado_congelado|subprod=B_basico_propio|terreno=compra_fase|autom=semi|linea=lotes,2026-10-01,USD,PROCESO,INCOMPLETO,52,8,0,8,0,0,0,,,,,0,0,0,0,8,8,SIN_MONTO,,,,0,NO CALCULABLE: 8 conceptos sin magnitud,NO DISPONIBLE: 8 conceptos sin costo,,,
C3-5000,C3,5000,250,faena=propia|granjas=propias:1|pollito=incubacion|alimento=propia|flota=propia|frio=B_refrigerado_congelado|subprod=B_basico_propio|terreno=compra_fase|autom=semi|linea=lotes,2026-10-01,USD,SUBPRODUCTOS,INCOMPLETO,6,2,0,2,0,0,0,,,,,0,0,0,0,2,2,SIN_MONTO,,,,0,NO CALCULABLE: 2 conceptos sin magnitud,NO DISPONIBLE: 2 conceptos sin costo,,,
C3-5000,C3,5000,250,faena=propia|granjas=propias:1|pollito=incubacion|alimento=propia|flota=propia|frio=B_refrigerado_congelado|subprod=B_basico_propio|terreno=compra_fase|autom=semi|linea=lotes,2026-10-01,USD,FRIO,INCOMPLETO,18,1,0,1,1,0,0,,,,,0,0,0,0,1,1,SIN_MONTO,,,,0,NO CALCULABLE: 1 conceptos sin magnitud,NO DISPONIBLE: 1 conceptos sin costo,,,
C3-5000,C3,5000,250,faena=propia|granjas=propias:1|pollito=incubacion|alimento=propia|flota=propia|frio=B_refrigerado_congelado|subprod=B_basico_propio|terreno=compra_fase|autom=semi|linea=lotes,2026-10-01,USD,UTILITIES,INCOMPLETO,19,15,0,15,5,0,0,,,,,0,0,0,0,15,15,SIN_MONTO,,,,0,NO CALCULABLE: 15 conceptos sin magnitud,NO DISPONIBLE: 15 conceptos sin costo,,,
C3-5000,C3,5000,250,faena=propia|granjas=propias:1|pollito=incubacion|alimento=propia|flota=propia|frio=B_refrigerado_congelado|subprod=B_basico_propio|terreno=compra_fase|autom=semi|linea=lotes,2026-10-01,USD,EFLUENTES,INCOMPLETO,8,1,0,1,0,0,0,,,,,0,0,0,0,1,1,SIN_MONTO,,,,0,NO CALCULABLE: 1 conceptos sin magnitud,NO DISPONIBLE: 1 conceptos sin costo,,,
C3-5000,C3,5000,250,faena=propia|granjas=propias:1|pollito=incubacion|alimento=propia|flota=propia|frio=B_refrigerado_congelado|subprod=B_basico_propio|terreno=compra_fase|autom=semi|linea=lotes,2026-10-01,USD,SERVICIOS_GENERALES,INCOMPLETO,13,11,0,11,1,0,0,,,,,0,0,0,0,11,11,SIN_MONTO,,,,0,NO CALCULABLE: 11 conceptos sin magnitud,NO DISPONIBLE: 11 conceptos sin costo,,,
C3-5000,C3,5000,250,faena=propia|granjas=propias:1|pollito=incubacion|alimento=propia|flota=propia|frio=B_refrigerado_congelado|subprod=B_basico_propio|terreno=compra_fase|autom=semi|linea=lotes,2026-10-01,USD,LOGISTICA,INCOMPLETO,26,26,0,26,9,0,0,,,,,0,0,0,0,26,26,SIN_MONTO,,,,0,NO CALCULABLE: 26 conceptos sin magnitud,NO DISPONIBLE: 26 conceptos sin costo,,,
C3-5000,C3,5000,250,faena=propia|granjas=propias:1|pollito=incubacion|alimento=propia|flota=propia|frio=B_refrigerado_congelado|subprod=B_basico_propio|terreno=compra_fase|autom=semi|linea=lotes,2026-10-01,USD,INCUBACION,INCOMPLETO,15,15,0,15,3,0,0,,,,,0,0,0,0,15,15,SIN_MONTO,,,,0,NO CALCULABLE: 15 conceptos sin magnitud,NO DISPONIBLE: 15 conceptos sin costo,,,
C3-5000,C3,5000,250,faena=propia|granjas=propias:1|pollito=incubacion|alimento=propia|flota=propia|frio=B_refrigerado_congelado|subprod=B_basico_propio|terreno=compra_fase|autom=semi|linea=lotes,2026-10-01,USD,ALIMENTO,INCOMPLETO,18,18,0,18,2,0,0,,,,,0,0,0,0,18,18,SIN_MONTO,,,,0,NO CALCULABLE: 18 conceptos sin magnitud,NO DISPONIBLE: 18 conceptos sin costo,,,
C3-5000,C3,5000,250,faena=propia|granjas=propias:1|pollito=incubacion|alimento=propia|flota=propia|frio=B_refrigerado_congelado|subprod=B_basico_propio|terreno=compra_fase|autom=semi|linea=lotes,2026-10-01,USD,GRANJAS,INCOMPLETO,10,2,1,1,1,0,8,0,0,2769256.5333,0,0,0,1,0,1,1,MONTO_CON_REFERENCIAS_DEBILES_E4,2769256.5333,,,50,NO CALCULABLE: 1 conceptos sin magnitud,NO DISPONIBLE: 9 conceptos sin costo,,,
C3-5000,C3,5000,250,faena=propia|granjas=propias:1|pollito=incubacion|alimento=propia|flota=propia|frio=B_refrigerado_congelado|subprod=B_basico_propio|terreno=compra_fase|autom=semi|linea=lotes,2026-10-01,USD,INDIRECTOS,INCOMPLETO,7,7,0,7,0,0,0,,,,,0,0,0,0,7,7,SIN_MONTO,,,,0,NO CALCULABLE: 7 conceptos sin magnitud,NO DISPONIBLE: 7 conceptos sin costo,,,
C3-5000,C3,5000,250,faena=propia|granjas=propias:1|pollito=incubacion|alimento=propia|flota=propia|frio=B_refrigerado_congelado|subprod=B_basico_propio|terreno=compra_fase|autom=semi|linea=lotes,2026-10-01,USD,PREOPERATIVOS,INCOMPLETO,8,8,0,8,0,0,0,,,,,0,0,0,0,8,8,SIN_MONTO,,,,0,NO CALCULABLE: 8 conceptos sin magnitud,NO DISPONIBLE: 8 conceptos sin costo,,,
C3-5000,C3,5000,250,faena=propia|granjas=propias:1|pollito=incubacion|alimento=propia|flota=propia|frio=B_refrigerado_congelado|subprod=B_basico_propio|terreno=compra_fase|autom=semi|linea=lotes,2026-10-01,USD,CONTINGENCIA,INCOMPLETO,3,3,0,3,0,0,0,,,,,0,0,0,0,3,3,SIN_MONTO,,,,0,NO CALCULABLE: 3 conceptos sin magnitud,NO DISPONIBLE: 3 conceptos sin costo,,,
C3-5000,C3,5000,250,faena=propia|granjas=propias:1|pollito=incubacion|alimento=propia|flota=propia|frio=B_refrigerado_congelado|subprod=B_basico_propio|terreno=compra_fase|autom=semi|linea=lotes,2026-10-01,USD,TOTAL,INCOMPLETO,224,138,2,136,22,0,8,0,0,2833442.9139,0,0,0,2,0,136,136,MONTO_CON_REFERENCIAS_DEBILES_E4,2833442.9139,,,1.4493,NO CALCULABLE: 136 conceptos sin magnitud,NO DISPONIBLE: 144 conceptos sin costo; terreno PROVISIONAL (criterio no seleccionado),,,TERRENO_CRITERIO_NO_SELECCIONADO: el terreno a adquirir es una decisión; se dimensiona PROVISIONALMENTE con terreno_requerido_arquitectura y su costo no es definitivo;12C:AVES_POR_CAMION;12C:FOOTPRINT_DESCONOCIDO;12C:ENFRIAMIENTO_NO_DEFINIDO;12C:T_POR_CAMION;12C:CARGA_FRIGORIFICA_PENDIENTE;12C:GENERADOR_PENDIENTE;12C:DOTACION_PROXY;12C:TECNOLOGIA_EFLUENTES_NO_DEFINIDA;12C:CLOACA_DEPENDE_DEL_SITIO;12C:LODOS_PENDIENTE;12C:OBJETIVO_EXPANSION_NO_DEFINIDO;12C:RENDERING_RESERVA;12C:RETIRO_PENDIENTE;12C:BUFFER_PROXY;12C:FOS_PENDIENTE
C3-10000,C3,10000,250,faena=propia|granjas=propias:1|pollito=incubacion|alimento=propia|flota=propia|frio=B_refrigerado_congelado|subprod=B_basico_propio|terreno=compra_fase|autom=semi|linea=lotes,2026-10-01,USD,TERRENO,INCOMPLETO,5,5,0,5,0,0,0,,,,,0,0,0,0,5,5,SIN_MONTO,,,,0,NO CALCULABLE: 5 conceptos sin magnitud,NO DISPONIBLE: 5 conceptos sin costo; terreno PROVISIONAL (criterio no seleccionado),,,
C3-10000,C3,10000,250,faena=propia|granjas=propias:1|pollito=incubacion|alimento=propia|flota=propia|frio=B_refrigerado_congelado|subprod=B_basico_propio|terreno=compra_fase|autom=semi|linea=lotes,2026-10-01,USD,OBRA_CIVIL,INCOMPLETO,16,16,1,15,0,0,0,0,0,119200.3424,0,0,0,1,0,15,15,MONTO_CON_REFERENCIAS_DEBILES_E4,119200.3424,63727.2425,206508.5781,6.25,NO CALCULABLE: 15 conceptos sin magnitud,NO DISPONIBLE: 15 conceptos sin costo,,,
C3-10000,C3,10000,250,faena=propia|granjas=propias:1|pollito=incubacion|alimento=propia|flota=propia|frio=B_refrigerado_congelado|subprod=B_basico_propio|terreno=compra_fase|autom=semi|linea=lotes,2026-10-01,USD,PROCESO,INCOMPLETO,53,8,0,8,0,0,0,,,,,0,0,0,0,8,8,SIN_MONTO,,,,0,NO CALCULABLE: 8 conceptos sin magnitud,NO DISPONIBLE: 8 conceptos sin costo,,,
C3-10000,C3,10000,250,faena=propia|granjas=propias:1|pollito=incubacion|alimento=propia|flota=propia|frio=B_refrigerado_congelado|subprod=B_basico_propio|terreno=compra_fase|autom=semi|linea=lotes,2026-10-01,USD,SUBPRODUCTOS,INCOMPLETO,6,2,0,2,0,0,0,,,,,0,0,0,0,2,2,SIN_MONTO,,,,0,NO CALCULABLE: 2 conceptos sin magnitud,NO DISPONIBLE: 2 conceptos sin costo,,,
C3-10000,C3,10000,250,faena=propia|granjas=propias:1|pollito=incubacion|alimento=propia|flota=propia|frio=B_refrigerado_congelado|subprod=B_basico_propio|terreno=compra_fase|autom=semi|linea=lotes,2026-10-01,USD,FRIO,INCOMPLETO,18,1,0,1,1,0,0,,,,,0,0,0,0,1,1,SIN_MONTO,,,,0,NO CALCULABLE: 1 conceptos sin magnitud,NO DISPONIBLE: 1 conceptos sin costo,,,
C3-10000,C3,10000,250,faena=propia|granjas=propias:1|pollito=incubacion|alimento=propia|flota=propia|frio=B_refrigerado_congelado|subprod=B_basico_propio|terreno=compra_fase|autom=semi|linea=lotes,2026-10-01,USD,UTILITIES,INCOMPLETO,19,15,0,15,5,0,0,,,,,0,0,0,0,15,15,SIN_MONTO,,,,0,NO CALCULABLE: 15 conceptos sin magnitud,NO DISPONIBLE: 15 conceptos sin costo,,,
C3-10000,C3,10000,250,faena=propia|granjas=propias:1|pollito=incubacion|alimento=propia|flota=propia|frio=B_refrigerado_congelado|subprod=B_basico_propio|terreno=compra_fase|autom=semi|linea=lotes,2026-10-01,USD,EFLUENTES,INCOMPLETO,8,1,0,1,0,0,0,,,,,0,0,0,0,1,1,SIN_MONTO,,,,0,NO CALCULABLE: 1 conceptos sin magnitud,NO DISPONIBLE: 1 conceptos sin costo,,,
C3-10000,C3,10000,250,faena=propia|granjas=propias:1|pollito=incubacion|alimento=propia|flota=propia|frio=B_refrigerado_congelado|subprod=B_basico_propio|terreno=compra_fase|autom=semi|linea=lotes,2026-10-01,USD,SERVICIOS_GENERALES,INCOMPLETO,13,11,0,11,1,0,0,,,,,0,0,0,0,11,11,SIN_MONTO,,,,0,NO CALCULABLE: 11 conceptos sin magnitud,NO DISPONIBLE: 11 conceptos sin costo,,,
C3-10000,C3,10000,250,faena=propia|granjas=propias:1|pollito=incubacion|alimento=propia|flota=propia|frio=B_refrigerado_congelado|subprod=B_basico_propio|terreno=compra_fase|autom=semi|linea=lotes,2026-10-01,USD,LOGISTICA,INCOMPLETO,26,26,0,26,9,0,0,,,,,0,0,0,0,26,26,SIN_MONTO,,,,0,NO CALCULABLE: 26 conceptos sin magnitud,NO DISPONIBLE: 26 conceptos sin costo,,,
C3-10000,C3,10000,250,faena=propia|granjas=propias:1|pollito=incubacion|alimento=propia|flota=propia|frio=B_refrigerado_congelado|subprod=B_basico_propio|terreno=compra_fase|autom=semi|linea=lotes,2026-10-01,USD,INCUBACION,INCOMPLETO,15,15,0,15,3,0,0,,,,,0,0,0,0,15,15,SIN_MONTO,,,,0,NO CALCULABLE: 15 conceptos sin magnitud,NO DISPONIBLE: 15 conceptos sin costo,,,
C3-10000,C3,10000,250,faena=propia|granjas=propias:1|pollito=incubacion|alimento=propia|flota=propia|frio=B_refrigerado_congelado|subprod=B_basico_propio|terreno=compra_fase|autom=semi|linea=lotes,2026-10-01,USD,ALIMENTO,INCOMPLETO,18,18,0,18,2,0,0,,,,,0,0,0,0,18,18,SIN_MONTO,,,,0,NO CALCULABLE: 18 conceptos sin magnitud,NO DISPONIBLE: 18 conceptos sin costo,,,
C3-10000,C3,10000,250,faena=propia|granjas=propias:1|pollito=incubacion|alimento=propia|flota=propia|frio=B_refrigerado_congelado|subprod=B_basico_propio|terreno=compra_fase|autom=semi|linea=lotes,2026-10-01,USD,GRANJAS,INCOMPLETO,10,2,1,1,1,0,8,0,0,5538513.0665,0,0,0,1,0,1,1,MONTO_CON_REFERENCIAS_DEBILES_E4,5538513.0665,,,50,NO CALCULABLE: 1 conceptos sin magnitud,NO DISPONIBLE: 9 conceptos sin costo,,,
C3-10000,C3,10000,250,faena=propia|granjas=propias:1|pollito=incubacion|alimento=propia|flota=propia|frio=B_refrigerado_congelado|subprod=B_basico_propio|terreno=compra_fase|autom=semi|linea=lotes,2026-10-01,USD,INDIRECTOS,INCOMPLETO,7,7,0,7,0,0,0,,,,,0,0,0,0,7,7,SIN_MONTO,,,,0,NO CALCULABLE: 7 conceptos sin magnitud,NO DISPONIBLE: 7 conceptos sin costo,,,
C3-10000,C3,10000,250,faena=propia|granjas=propias:1|pollito=incubacion|alimento=propia|flota=propia|frio=B_refrigerado_congelado|subprod=B_basico_propio|terreno=compra_fase|autom=semi|linea=lotes,2026-10-01,USD,PREOPERATIVOS,INCOMPLETO,8,8,0,8,0,0,0,,,,,0,0,0,0,8,8,SIN_MONTO,,,,0,NO CALCULABLE: 8 conceptos sin magnitud,NO DISPONIBLE: 8 conceptos sin costo,,,
C3-10000,C3,10000,250,faena=propia|granjas=propias:1|pollito=incubacion|alimento=propia|flota=propia|frio=B_refrigerado_congelado|subprod=B_basico_propio|terreno=compra_fase|autom=semi|linea=lotes,2026-10-01,USD,CONTINGENCIA,INCOMPLETO,3,3,0,3,0,0,0,,,,,0,0,0,0,3,3,SIN_MONTO,,,,0,NO CALCULABLE: 3 conceptos sin magnitud,NO DISPONIBLE: 3 conceptos sin costo,,,
C3-10000,C3,10000,250,faena=propia|granjas=propias:1|pollito=incubacion|alimento=propia|flota=propia|frio=B_refrigerado_congelado|subprod=B_basico_propio|terreno=compra_fase|autom=semi|linea=lotes,2026-10-01,USD,TOTAL,INCOMPLETO,225,138,2,136,22,0,8,0,0,5657713.4089,0,0,0,2,0,136,136,MONTO_CON_REFERENCIAS_DEBILES_E4,5657713.4089,,,1.4493,NO CALCULABLE: 136 conceptos sin magnitud,NO DISPONIBLE: 144 conceptos sin costo; terreno PROVISIONAL (criterio no seleccionado),,,TERRENO_CRITERIO_NO_SELECCIONADO: el terreno a adquirir es una decisión; se dimensiona PROVISIONALMENTE con terreno_requerido_arquitectura y su costo no es definitivo;12C:AVES_POR_CAMION;12C:FOOTPRINT_DESCONOCIDO;12C:ENFRIAMIENTO_NO_DEFINIDO;12C:T_POR_CAMION;12C:CARGA_FRIGORIFICA_PENDIENTE;12C:GENERADOR_PENDIENTE;12C:DOTACION_PROXY;12C:TECNOLOGIA_EFLUENTES_NO_DEFINIDA;12C:CLOACA_DEPENDE_DEL_SITIO;12C:LODOS_PENDIENTE;12C:OBJETIVO_EXPANSION_NO_DEFINIDO;12C:RENDERING_RESERVA;12C:RETIRO_PENDIENTE;12C:BUFFER_PROXY;12C:FOS_PENDIENTE
C3-20000,C3,20000,250,faena=propia|granjas=propias:1|pollito=incubacion|alimento=propia|flota=propia|frio=B_refrigerado_congelado|subprod=B_basico_propio|terreno=compra_fase|autom=semi|linea=lotes,2026-10-01,USD,TERRENO,INCOMPLETO,5,5,0,5,0,0,0,,,,,0,0,0,0,5,5,SIN_MONTO,,,,0,NO CALCULABLE: 5 conceptos sin magnitud,NO DISPONIBLE: 5 conceptos sin costo; terreno PROVISIONAL (criterio no seleccionado),,,
C3-20000,C3,20000,250,faena=propia|granjas=propias:1|pollito=incubacion|alimento=propia|flota=propia|frio=B_refrigerado_congelado|subprod=B_basico_propio|terreno=compra_fase|autom=semi|linea=lotes,2026-10-01,USD,OBRA_CIVIL,INCOMPLETO,16,16,1,15,0,0,0,0,0,222430.576,0,0,0,1,0,15,15,MONTO_CON_REFERENCIAS_DEBILES_E4,222430.576,118711.16,385611.0878,6.25,NO CALCULABLE: 15 conceptos sin magnitud,NO DISPONIBLE: 15 conceptos sin costo,,,
C3-20000,C3,20000,250,faena=propia|granjas=propias:1|pollito=incubacion|alimento=propia|flota=propia|frio=B_refrigerado_congelado|subprod=B_basico_propio|terreno=compra_fase|autom=semi|linea=lotes,2026-10-01,USD,PROCESO,INCOMPLETO,54,8,0,8,0,0,0,,,,,0,0,0,0,8,8,SIN_MONTO,,,,0,NO CALCULABLE: 8 conceptos sin magnitud,NO DISPONIBLE: 8 conceptos sin costo,,,
C3-20000,C3,20000,250,faena=propia|granjas=propias:1|pollito=incubacion|alimento=propia|flota=propia|frio=B_refrigerado_congelado|subprod=B_basico_propio|terreno=compra_fase|autom=semi|linea=lotes,2026-10-01,USD,SUBPRODUCTOS,INCOMPLETO,6,2,0,2,0,0,0,,,,,0,0,0,0,2,2,SIN_MONTO,,,,0,NO CALCULABLE: 2 conceptos sin magnitud,NO DISPONIBLE: 2 conceptos sin costo,,,
C3-20000,C3,20000,250,faena=propia|granjas=propias:1|pollito=incubacion|alimento=propia|flota=propia|frio=B_refrigerado_congelado|subprod=B_basico_propio|terreno=compra_fase|autom=semi|linea=lotes,2026-10-01,USD,FRIO,INCOMPLETO,19,1,0,1,1,0,0,,,,,0,0,0,0,1,1,SIN_MONTO,,,,0,NO CALCULABLE: 1 conceptos sin magnitud,NO DISPONIBLE: 1 conceptos sin costo,,,
C3-20000,C3,20000,250,faena=propia|granjas=propias:1|pollito=incubacion|alimento=propia|flota=propia|frio=B_refrigerado_congelado|subprod=B_basico_propio|terreno=compra_fase|autom=semi|linea=lotes,2026-10-01,USD,UTILITIES,INCOMPLETO,19,15,0,15,5,0,0,,,,,0,0,0,0,15,15,SIN_MONTO,,,,0,NO CALCULABLE: 15 conceptos sin magnitud,NO DISPONIBLE: 15 conceptos sin costo,,,
C3-20000,C3,20000,250,faena=propia|granjas=propias:1|pollito=incubacion|alimento=propia|flota=propia|frio=B_refrigerado_congelado|subprod=B_basico_propio|terreno=compra_fase|autom=semi|linea=lotes,2026-10-01,USD,EFLUENTES,INCOMPLETO,8,1,0,1,0,0,0,,,,,0,0,0,0,1,1,SIN_MONTO,,,,0,NO CALCULABLE: 1 conceptos sin magnitud,NO DISPONIBLE: 1 conceptos sin costo,,,
C3-20000,C3,20000,250,faena=propia|granjas=propias:1|pollito=incubacion|alimento=propia|flota=propia|frio=B_refrigerado_congelado|subprod=B_basico_propio|terreno=compra_fase|autom=semi|linea=lotes,2026-10-01,USD,SERVICIOS_GENERALES,INCOMPLETO,13,11,0,11,1,0,0,,,,,0,0,0,0,11,11,SIN_MONTO,,,,0,NO CALCULABLE: 11 conceptos sin magnitud,NO DISPONIBLE: 11 conceptos sin costo,,,
C3-20000,C3,20000,250,faena=propia|granjas=propias:1|pollito=incubacion|alimento=propia|flota=propia|frio=B_refrigerado_congelado|subprod=B_basico_propio|terreno=compra_fase|autom=semi|linea=lotes,2026-10-01,USD,LOGISTICA,INCOMPLETO,26,26,0,26,9,0,0,,,,,0,0,0,0,26,26,SIN_MONTO,,,,0,NO CALCULABLE: 26 conceptos sin magnitud,NO DISPONIBLE: 26 conceptos sin costo,,,
C3-20000,C3,20000,250,faena=propia|granjas=propias:1|pollito=incubacion|alimento=propia|flota=propia|frio=B_refrigerado_congelado|subprod=B_basico_propio|terreno=compra_fase|autom=semi|linea=lotes,2026-10-01,USD,INCUBACION,INCOMPLETO,15,15,0,15,3,0,0,,,,,0,0,0,0,15,15,SIN_MONTO,,,,0,NO CALCULABLE: 15 conceptos sin magnitud,NO DISPONIBLE: 15 conceptos sin costo,,,
C3-20000,C3,20000,250,faena=propia|granjas=propias:1|pollito=incubacion|alimento=propia|flota=propia|frio=B_refrigerado_congelado|subprod=B_basico_propio|terreno=compra_fase|autom=semi|linea=lotes,2026-10-01,USD,ALIMENTO,INCOMPLETO,18,18,0,18,2,0,0,,,,,0,0,0,0,18,18,SIN_MONTO,,,,0,NO CALCULABLE: 18 conceptos sin magnitud,NO DISPONIBLE: 18 conceptos sin costo,,,
C3-20000,C3,20000,250,faena=propia|granjas=propias:1|pollito=incubacion|alimento=propia|flota=propia|frio=B_refrigerado_congelado|subprod=B_basico_propio|terreno=compra_fase|autom=semi|linea=lotes,2026-10-01,USD,GRANJAS,INCOMPLETO,10,2,1,1,1,0,8,0,0,11077026.133,0,0,0,1,0,1,1,MONTO_CON_REFERENCIAS_DEBILES_E4,11077026.133,,,50,NO CALCULABLE: 1 conceptos sin magnitud,NO DISPONIBLE: 9 conceptos sin costo,,,
C3-20000,C3,20000,250,faena=propia|granjas=propias:1|pollito=incubacion|alimento=propia|flota=propia|frio=B_refrigerado_congelado|subprod=B_basico_propio|terreno=compra_fase|autom=semi|linea=lotes,2026-10-01,USD,INDIRECTOS,INCOMPLETO,7,7,0,7,0,0,0,,,,,0,0,0,0,7,7,SIN_MONTO,,,,0,NO CALCULABLE: 7 conceptos sin magnitud,NO DISPONIBLE: 7 conceptos sin costo,,,
C3-20000,C3,20000,250,faena=propia|granjas=propias:1|pollito=incubacion|alimento=propia|flota=propia|frio=B_refrigerado_congelado|subprod=B_basico_propio|terreno=compra_fase|autom=semi|linea=lotes,2026-10-01,USD,PREOPERATIVOS,INCOMPLETO,8,8,0,8,0,0,0,,,,,0,0,0,0,8,8,SIN_MONTO,,,,0,NO CALCULABLE: 8 conceptos sin magnitud,NO DISPONIBLE: 8 conceptos sin costo,,,
C3-20000,C3,20000,250,faena=propia|granjas=propias:1|pollito=incubacion|alimento=propia|flota=propia|frio=B_refrigerado_congelado|subprod=B_basico_propio|terreno=compra_fase|autom=semi|linea=lotes,2026-10-01,USD,CONTINGENCIA,INCOMPLETO,3,3,0,3,0,0,0,,,,,0,0,0,0,3,3,SIN_MONTO,,,,0,NO CALCULABLE: 3 conceptos sin magnitud,NO DISPONIBLE: 3 conceptos sin costo,,,
C3-20000,C3,20000,250,faena=propia|granjas=propias:1|pollito=incubacion|alimento=propia|flota=propia|frio=B_refrigerado_congelado|subprod=B_basico_propio|terreno=compra_fase|autom=semi|linea=lotes,2026-10-01,USD,TOTAL,INCOMPLETO,227,138,2,136,22,0,8,0,0,11299456.7091,0,0,0,2,0,136,136,MONTO_CON_REFERENCIAS_DEBILES_E4,11299456.7091,,,1.4493,NO CALCULABLE: 136 conceptos sin magnitud,NO DISPONIBLE: 144 conceptos sin costo; terreno PROVISIONAL (criterio no seleccionado),,,TERRENO_CRITERIO_NO_SELECCIONADO: el terreno a adquirir es una decisión; se dimensiona PROVISIONALMENTE con terreno_requerido_arquitectura y su costo no es definitivo;12C:AVES_POR_CAMION;12C:FOOTPRINT_DESCONOCIDO;12C:ENFRIAMIENTO_NO_DEFINIDO;12C:T_POR_CAMION;12C:CARGA_FRIGORIFICA_PENDIENTE;12C:GENERADOR_PENDIENTE;12C:DOTACION_PROXY;12C:TECNOLOGIA_EFLUENTES_NO_DEFINIDA;12C:CLOACA_DEPENDE_DEL_SITIO;12C:LODOS_PENDIENTE;12C:OBJETIVO_EXPANSION_NO_DEFINIDO;12C:RENDERING_RESERVA;12C:RETIRO_PENDIENTE;12C:BUFFER_PROXY;12C:FOS_PENDIENTE
CF-2500,CF,2500,250,faena=propia|granjas=propias:1|pollito=incubacion+reprod|alimento=propia|flota=propia|frio=B_refrigerado_congelado|subprod=B_basico_propio+rendering|terreno=compra_fase|autom=semi|linea=lotes,2026-10-01,USD,TERRENO,INCOMPLETO,5,5,0,5,0,0,0,,,,,0,0,0,0,5,5,SIN_MONTO,,,,0,NO CALCULABLE: 5 conceptos sin magnitud,NO DISPONIBLE: 5 conceptos sin costo; terreno PROVISIONAL (criterio no seleccionado),,,
CF-2500,CF,2500,250,faena=propia|granjas=propias:1|pollito=incubacion+reprod|alimento=propia|flota=propia|frio=B_refrigerado_congelado|subprod=B_basico_propio+rendering|terreno=compra_fase|autom=semi|linea=lotes,2026-10-01,USD,OBRA_CIVIL,INCOMPLETO,16,16,1,15,0,0,0,0,0,43778.9015,0,0,0,1,0,15,15,MONTO_CON_REFERENCIAS_DEBILES_E4,43778.9015,25739.0112,73113.0777,6.25,NO CALCULABLE: 15 conceptos sin magnitud,NO DISPONIBLE: 15 conceptos sin costo,,,
CF-2500,CF,2500,250,faena=propia|granjas=propias:1|pollito=incubacion+reprod|alimento=propia|flota=propia|frio=B_refrigerado_congelado|subprod=B_basico_propio+rendering|terreno=compra_fase|autom=semi|linea=lotes,2026-10-01,USD,PROCESO,INCOMPLETO,50,8,0,8,0,0,0,,,,,0,0,0,0,8,8,SIN_MONTO,,,,0,NO CALCULABLE: 8 conceptos sin magnitud,NO DISPONIBLE: 8 conceptos sin costo,,,
CF-2500,CF,2500,250,faena=propia|granjas=propias:1|pollito=incubacion+reprod|alimento=propia|flota=propia|frio=B_refrigerado_congelado|subprod=B_basico_propio+rendering|terreno=compra_fase|autom=semi|linea=lotes,2026-10-01,USD,SUBPRODUCTOS,INCOMPLETO,7,2,0,2,0,0,0,,,,,0,0,0,0,2,2,SIN_MONTO,,,,0,NO CALCULABLE: 2 conceptos sin magnitud,NO DISPONIBLE: 2 conceptos sin costo,,,
CF-2500,CF,2500,250,faena=propia|granjas=propias:1|pollito=incubacion+reprod|alimento=propia|flota=propia|frio=B_refrigerado_congelado|subprod=B_basico_propio+rendering|terreno=compra_fase|autom=semi|linea=lotes,2026-10-01,USD,FRIO,INCOMPLETO,17,1,0,1,1,0,0,,,,,0,0,0,0,1,1,SIN_MONTO,,,,0,NO CALCULABLE: 1 conceptos sin magnitud,NO DISPONIBLE: 1 conceptos sin costo,,,
CF-2500,CF,2500,250,faena=propia|granjas=propias:1|pollito=incubacion+reprod|alimento=propia|flota=propia|frio=B_refrigerado_congelado|subprod=B_basico_propio+rendering|terreno=compra_fase|autom=semi|linea=lotes,2026-10-01,USD,UTILITIES,INCOMPLETO,19,15,0,15,5,0,0,,,,,0,0,0,0,15,15,SIN_MONTO,,,,0,NO CALCULABLE: 15 conceptos sin magnitud,NO DISPONIBLE: 15 conceptos sin costo,,,
CF-2500,CF,2500,250,faena=propia|granjas=propias:1|pollito=incubacion+reprod|alimento=propia|flota=propia|frio=B_refrigerado_congelado|subprod=B_basico_propio+rendering|terreno=compra_fase|autom=semi|linea=lotes,2026-10-01,USD,EFLUENTES,INCOMPLETO,8,1,0,1,0,0,0,,,,,0,0,0,0,1,1,SIN_MONTO,,,,0,NO CALCULABLE: 1 conceptos sin magnitud,NO DISPONIBLE: 1 conceptos sin costo,,,
CF-2500,CF,2500,250,faena=propia|granjas=propias:1|pollito=incubacion+reprod|alimento=propia|flota=propia|frio=B_refrigerado_congelado|subprod=B_basico_propio+rendering|terreno=compra_fase|autom=semi|linea=lotes,2026-10-01,USD,SERVICIOS_GENERALES,INCOMPLETO,13,11,0,11,1,0,0,,,,,0,0,0,0,11,11,SIN_MONTO,,,,0,NO CALCULABLE: 11 conceptos sin magnitud,NO DISPONIBLE: 11 conceptos sin costo,,,
CF-2500,CF,2500,250,faena=propia|granjas=propias:1|pollito=incubacion+reprod|alimento=propia|flota=propia|frio=B_refrigerado_congelado|subprod=B_basico_propio+rendering|terreno=compra_fase|autom=semi|linea=lotes,2026-10-01,USD,LOGISTICA,INCOMPLETO,26,26,0,26,9,0,0,,,,,0,0,0,0,26,26,SIN_MONTO,,,,0,NO CALCULABLE: 26 conceptos sin magnitud,NO DISPONIBLE: 26 conceptos sin costo,,,
CF-2500,CF,2500,250,faena=propia|granjas=propias:1|pollito=incubacion+reprod|alimento=propia|flota=propia|frio=B_refrigerado_congelado|subprod=B_basico_propio+rendering|terreno=compra_fase|autom=semi|linea=lotes,2026-10-01,USD,INCUBACION,INCOMPLETO,17,15,0,15,3,0,0,,,,,0,0,0,0,15,15,SIN_MONTO,,,,0,NO CALCULABLE: 15 conceptos sin magnitud,NO DISPONIBLE: 15 conceptos sin costo,,97771.3843,
CF-2500,CF,2500,250,faena=propia|granjas=propias:1|pollito=incubacion+reprod|alimento=propia|flota=propia|frio=B_refrigerado_congelado|subprod=B_basico_propio+rendering|terreno=compra_fase|autom=semi|linea=lotes,2026-10-01,USD,ALIMENTO,INCOMPLETO,18,18,0,18,2,0,0,,,,,0,0,0,0,18,18,SIN_MONTO,,,,0,NO CALCULABLE: 18 conceptos sin magnitud,NO DISPONIBLE: 18 conceptos sin costo,,,
CF-2500,CF,2500,250,faena=propia|granjas=propias:1|pollito=incubacion+reprod|alimento=propia|flota=propia|frio=B_refrigerado_congelado|subprod=B_basico_propio+rendering|terreno=compra_fase|autom=semi|linea=lotes,2026-10-01,USD,GRANJAS,INCOMPLETO,10,2,1,1,1,0,8,0,0,1384628.2666,0,0,0,1,0,1,1,MONTO_CON_REFERENCIAS_DEBILES_E4,1384628.2666,,,50,NO CALCULABLE: 1 conceptos sin magnitud,NO DISPONIBLE: 9 conceptos sin costo,,,
CF-2500,CF,2500,250,faena=propia|granjas=propias:1|pollito=incubacion+reprod|alimento=propia|flota=propia|frio=B_refrigerado_congelado|subprod=B_basico_propio+rendering|terreno=compra_fase|autom=semi|linea=lotes,2026-10-01,USD,INDIRECTOS,INCOMPLETO,7,7,0,7,0,0,0,,,,,0,0,0,0,7,7,SIN_MONTO,,,,0,NO CALCULABLE: 7 conceptos sin magnitud,NO DISPONIBLE: 7 conceptos sin costo,,,
CF-2500,CF,2500,250,faena=propia|granjas=propias:1|pollito=incubacion+reprod|alimento=propia|flota=propia|frio=B_refrigerado_congelado|subprod=B_basico_propio+rendering|terreno=compra_fase|autom=semi|linea=lotes,2026-10-01,USD,PREOPERATIVOS,INCOMPLETO,8,8,0,8,0,0,0,,,,,0,0,0,0,8,8,SIN_MONTO,,,,0,NO CALCULABLE: 8 conceptos sin magnitud,NO DISPONIBLE: 8 conceptos sin costo,,,
CF-2500,CF,2500,250,faena=propia|granjas=propias:1|pollito=incubacion+reprod|alimento=propia|flota=propia|frio=B_refrigerado_congelado|subprod=B_basico_propio+rendering|terreno=compra_fase|autom=semi|linea=lotes,2026-10-01,USD,CONTINGENCIA,INCOMPLETO,3,3,0,3,0,0,0,,,,,0,0,0,0,3,3,SIN_MONTO,,,,0,NO CALCULABLE: 3 conceptos sin magnitud,NO DISPONIBLE: 3 conceptos sin costo,,,
CF-2500,CF,2500,250,faena=propia|granjas=propias:1|pollito=incubacion+reprod|alimento=propia|flota=propia|frio=B_refrigerado_congelado|subprod=B_basico_propio+rendering|terreno=compra_fase|autom=semi|linea=lotes,2026-10-01,USD,TOTAL,INCOMPLETO,224,138,2,136,22,0,8,0,0,1428407.1682,0,0,0,2,0,136,136,MONTO_CON_REFERENCIAS_DEBILES_E4,1428407.1682,,,1.4493,NO CALCULABLE: 136 conceptos sin magnitud,NO DISPONIBLE: 144 conceptos sin costo; terreno PROVISIONAL (criterio no seleccionado),,97771.3843,TERRENO_CRITERIO_NO_SELECCIONADO: el terreno a adquirir es una decisión; se dimensiona PROVISIONALMENTE con terreno_requerido_arquitectura y su costo no es definitivo;12C:AVES_POR_CAMION;12C:FOOTPRINT_DESCONOCIDO;12C:ENFRIAMIENTO_NO_DEFINIDO;12C:T_POR_CAMION;12C:CARGA_FRIGORIFICA_PENDIENTE;12C:GENERADOR_PENDIENTE;12C:DOTACION_PROXY;12C:TECNOLOGIA_EFLUENTES_NO_DEFINIDA;12C:CLOACA_DEPENDE_DEL_SITIO;12C:LODOS_PENDIENTE;12C:OBJETIVO_EXPANSION_NO_DEFINIDO;12C:RENDERING_RESERVA;12C:RETIRO_PENDIENTE;12C:BUFFER_PROXY;12C:FOS_PENDIENTE
CF-5000,CF,5000,250,faena=propia|granjas=propias:1|pollito=incubacion+reprod|alimento=propia|flota=propia|frio=B_refrigerado_congelado|subprod=B_basico_propio+rendering|terreno=compra_fase|autom=semi|linea=lotes,2026-10-01,USD,TERRENO,INCOMPLETO,5,5,0,5,0,0,0,,,,,0,0,0,0,5,5,SIN_MONTO,,,,0,NO CALCULABLE: 5 conceptos sin magnitud,NO DISPONIBLE: 5 conceptos sin costo; terreno PROVISIONAL (criterio no seleccionado),,,
CF-5000,CF,5000,250,faena=propia|granjas=propias:1|pollito=incubacion+reprod|alimento=propia|flota=propia|frio=B_refrigerado_congelado|subprod=B_basico_propio+rendering|terreno=compra_fase|autom=semi|linea=lotes,2026-10-01,USD,OBRA_CIVIL,INCOMPLETO,16,16,1,15,0,0,0,0,0,64186.3806,0,0,0,1,0,15,15,MONTO_CON_REFERENCIAS_DEBILES_E4,64186.3806,34501.2813,111124.6154,6.25,NO CALCULABLE: 15 conceptos sin magnitud,NO DISPONIBLE: 15 conceptos sin costo,,,
CF-5000,CF,5000,250,faena=propia|granjas=propias:1|pollito=incubacion+reprod|alimento=propia|flota=propia|frio=B_refrigerado_congelado|subprod=B_basico_propio+rendering|terreno=compra_fase|autom=semi|linea=lotes,2026-10-01,USD,PROCESO,INCOMPLETO,52,8,0,8,0,0,0,,,,,0,0,0,0,8,8,SIN_MONTO,,,,0,NO CALCULABLE: 8 conceptos sin magnitud,NO DISPONIBLE: 8 conceptos sin costo,,,
CF-5000,CF,5000,250,faena=propia|granjas=propias:1|pollito=incubacion+reprod|alimento=propia|flota=propia|frio=B_refrigerado_congelado|subprod=B_basico_propio+rendering|terreno=compra_fase|autom=semi|linea=lotes,2026-10-01,USD,SUBPRODUCTOS,INCOMPLETO,7,2,0,2,0,0,0,,,,,0,0,0,0,2,2,SIN_MONTO,,,,0,NO CALCULABLE: 2 conceptos sin magnitud,NO DISPONIBLE: 2 conceptos sin costo,,,
CF-5000,CF,5000,250,faena=propia|granjas=propias:1|pollito=incubacion+reprod|alimento=propia|flota=propia|frio=B_refrigerado_congelado|subprod=B_basico_propio+rendering|terreno=compra_fase|autom=semi|linea=lotes,2026-10-01,USD,FRIO,INCOMPLETO,18,1,0,1,1,0,0,,,,,0,0,0,0,1,1,SIN_MONTO,,,,0,NO CALCULABLE: 1 conceptos sin magnitud,NO DISPONIBLE: 1 conceptos sin costo,,,
CF-5000,CF,5000,250,faena=propia|granjas=propias:1|pollito=incubacion+reprod|alimento=propia|flota=propia|frio=B_refrigerado_congelado|subprod=B_basico_propio+rendering|terreno=compra_fase|autom=semi|linea=lotes,2026-10-01,USD,UTILITIES,INCOMPLETO,19,15,0,15,5,0,0,,,,,0,0,0,0,15,15,SIN_MONTO,,,,0,NO CALCULABLE: 15 conceptos sin magnitud,NO DISPONIBLE: 15 conceptos sin costo,,,
CF-5000,CF,5000,250,faena=propia|granjas=propias:1|pollito=incubacion+reprod|alimento=propia|flota=propia|frio=B_refrigerado_congelado|subprod=B_basico_propio+rendering|terreno=compra_fase|autom=semi|linea=lotes,2026-10-01,USD,EFLUENTES,INCOMPLETO,8,1,0,1,0,0,0,,,,,0,0,0,0,1,1,SIN_MONTO,,,,0,NO CALCULABLE: 1 conceptos sin magnitud,NO DISPONIBLE: 1 conceptos sin costo,,,
CF-5000,CF,5000,250,faena=propia|granjas=propias:1|pollito=incubacion+reprod|alimento=propia|flota=propia|frio=B_refrigerado_congelado|subprod=B_basico_propio+rendering|terreno=compra_fase|autom=semi|linea=lotes,2026-10-01,USD,SERVICIOS_GENERALES,INCOMPLETO,13,11,0,11,1,0,0,,,,,0,0,0,0,11,11,SIN_MONTO,,,,0,NO CALCULABLE: 11 conceptos sin magnitud,NO DISPONIBLE: 11 conceptos sin costo,,,
CF-5000,CF,5000,250,faena=propia|granjas=propias:1|pollito=incubacion+reprod|alimento=propia|flota=propia|frio=B_refrigerado_congelado|subprod=B_basico_propio+rendering|terreno=compra_fase|autom=semi|linea=lotes,2026-10-01,USD,LOGISTICA,INCOMPLETO,26,26,0,26,9,0,0,,,,,0,0,0,0,26,26,SIN_MONTO,,,,0,NO CALCULABLE: 26 conceptos sin magnitud,NO DISPONIBLE: 26 conceptos sin costo,,,
CF-5000,CF,5000,250,faena=propia|granjas=propias:1|pollito=incubacion+reprod|alimento=propia|flota=propia|frio=B_refrigerado_congelado|subprod=B_basico_propio+rendering|terreno=compra_fase|autom=semi|linea=lotes,2026-10-01,USD,INCUBACION,INCOMPLETO,17,15,0,15,3,0,0,,,,,0,0,0,0,15,15,SIN_MONTO,,,,0,NO CALCULABLE: 15 conceptos sin magnitud,NO DISPONIBLE: 15 conceptos sin costo,,195542.7687,
CF-5000,CF,5000,250,faena=propia|granjas=propias:1|pollito=incubacion+reprod|alimento=propia|flota=propia|frio=B_refrigerado_congelado|subprod=B_basico_propio+rendering|terreno=compra_fase|autom=semi|linea=lotes,2026-10-01,USD,ALIMENTO,INCOMPLETO,18,18,0,18,2,0,0,,,,,0,0,0,0,18,18,SIN_MONTO,,,,0,NO CALCULABLE: 18 conceptos sin magnitud,NO DISPONIBLE: 18 conceptos sin costo,,,
CF-5000,CF,5000,250,faena=propia|granjas=propias:1|pollito=incubacion+reprod|alimento=propia|flota=propia|frio=B_refrigerado_congelado|subprod=B_basico_propio+rendering|terreno=compra_fase|autom=semi|linea=lotes,2026-10-01,USD,GRANJAS,INCOMPLETO,10,2,1,1,1,0,8,0,0,2769256.5333,0,0,0,1,0,1,1,MONTO_CON_REFERENCIAS_DEBILES_E4,2769256.5333,,,50,NO CALCULABLE: 1 conceptos sin magnitud,NO DISPONIBLE: 9 conceptos sin costo,,,
CF-5000,CF,5000,250,faena=propia|granjas=propias:1|pollito=incubacion+reprod|alimento=propia|flota=propia|frio=B_refrigerado_congelado|subprod=B_basico_propio+rendering|terreno=compra_fase|autom=semi|linea=lotes,2026-10-01,USD,INDIRECTOS,INCOMPLETO,7,7,0,7,0,0,0,,,,,0,0,0,0,7,7,SIN_MONTO,,,,0,NO CALCULABLE: 7 conceptos sin magnitud,NO DISPONIBLE: 7 conceptos sin costo,,,
CF-5000,CF,5000,250,faena=propia|granjas=propias:1|pollito=incubacion+reprod|alimento=propia|flota=propia|frio=B_refrigerado_congelado|subprod=B_basico_propio+rendering|terreno=compra_fase|autom=semi|linea=lotes,2026-10-01,USD,PREOPERATIVOS,INCOMPLETO,8,8,0,8,0,0,0,,,,,0,0,0,0,8,8,SIN_MONTO,,,,0,NO CALCULABLE: 8 conceptos sin magnitud,NO DISPONIBLE: 8 conceptos sin costo,,,
CF-5000,CF,5000,250,faena=propia|granjas=propias:1|pollito=incubacion+reprod|alimento=propia|flota=propia|frio=B_refrigerado_congelado|subprod=B_basico_propio+rendering|terreno=compra_fase|autom=semi|linea=lotes,2026-10-01,USD,CONTINGENCIA,INCOMPLETO,3,3,0,3,0,0,0,,,,,0,0,0,0,3,3,SIN_MONTO,,,,0,NO CALCULABLE: 3 conceptos sin magnitud,NO DISPONIBLE: 3 conceptos sin costo,,,
CF-5000,CF,5000,250,faena=propia|granjas=propias:1|pollito=incubacion+reprod|alimento=propia|flota=propia|frio=B_refrigerado_congelado|subprod=B_basico_propio+rendering|terreno=compra_fase|autom=semi|linea=lotes,2026-10-01,USD,TOTAL,INCOMPLETO,227,138,2,136,22,0,8,0,0,2833442.9139,0,0,0,2,0,136,136,MONTO_CON_REFERENCIAS_DEBILES_E4,2833442.9139,,,1.4493,NO CALCULABLE: 136 conceptos sin magnitud,NO DISPONIBLE: 144 conceptos sin costo; terreno PROVISIONAL (criterio no seleccionado),,195542.7687,TERRENO_CRITERIO_NO_SELECCIONADO: el terreno a adquirir es una decisión; se dimensiona PROVISIONALMENTE con terreno_requerido_arquitectura y su costo no es definitivo;12C:AVES_POR_CAMION;12C:FOOTPRINT_DESCONOCIDO;12C:ENFRIAMIENTO_NO_DEFINIDO;12C:T_POR_CAMION;12C:CARGA_FRIGORIFICA_PENDIENTE;12C:GENERADOR_PENDIENTE;12C:DOTACION_PROXY;12C:TECNOLOGIA_EFLUENTES_NO_DEFINIDA;12C:CLOACA_DEPENDE_DEL_SITIO;12C:LODOS_PENDIENTE;12C:OBJETIVO_EXPANSION_NO_DEFINIDO;12C:RENDERING_RESERVA;12C:RETIRO_PENDIENTE;12C:BUFFER_PROXY;12C:FOS_PENDIENTE
CF-10000,CF,10000,250,faena=propia|granjas=propias:1|pollito=incubacion+reprod|alimento=propia|flota=propia|frio=B_refrigerado_congelado|subprod=B_basico_propio+rendering|terreno=compra_fase|autom=semi|linea=lotes,2026-10-01,USD,TERRENO,INCOMPLETO,5,5,0,5,0,0,0,,,,,0,0,0,0,5,5,SIN_MONTO,,,,0,NO CALCULABLE: 5 conceptos sin magnitud,NO DISPONIBLE: 5 conceptos sin costo; terreno PROVISIONAL (criterio no seleccionado),,,
CF-10000,CF,10000,250,faena=propia|granjas=propias:1|pollito=incubacion+reprod|alimento=propia|flota=propia|frio=B_refrigerado_congelado|subprod=B_basico_propio+rendering|terreno=compra_fase|autom=semi|linea=lotes,2026-10-01,USD,OBRA_CIVIL,INCOMPLETO,16,16,1,15,0,0,0,0,0,119200.3424,0,0,0,1,0,15,15,MONTO_CON_REFERENCIAS_DEBILES_E4,119200.3424,63727.2425,206508.5781,6.25,NO CALCULABLE: 15 conceptos sin magnitud,NO DISPONIBLE: 15 conceptos sin costo,,,
CF-10000,CF,10000,250,faena=propia|granjas=propias:1|pollito=incubacion+reprod|alimento=propia|flota=propia|frio=B_refrigerado_congelado|subprod=B_basico_propio+rendering|terreno=compra_fase|autom=semi|linea=lotes,2026-10-01,USD,PROCESO,INCOMPLETO,53,8,0,8,0,0,0,,,,,0,0,0,0,8,8,SIN_MONTO,,,,0,NO CALCULABLE: 8 conceptos sin magnitud,NO DISPONIBLE: 8 conceptos sin costo,,,
CF-10000,CF,10000,250,faena=propia|granjas=propias:1|pollito=incubacion+reprod|alimento=propia|flota=propia|frio=B_refrigerado_congelado|subprod=B_basico_propio+rendering|terreno=compra_fase|autom=semi|linea=lotes,2026-10-01,USD,SUBPRODUCTOS,INCOMPLETO,7,2,0,2,0,0,0,,,,,0,0,0,0,2,2,SIN_MONTO,,,,0,NO CALCULABLE: 2 conceptos sin magnitud,NO DISPONIBLE: 2 conceptos sin costo,,,
CF-10000,CF,10000,250,faena=propia|granjas=propias:1|pollito=incubacion+reprod|alimento=propia|flota=propia|frio=B_refrigerado_congelado|subprod=B_basico_propio+rendering|terreno=compra_fase|autom=semi|linea=lotes,2026-10-01,USD,FRIO,INCOMPLETO,18,1,0,1,1,0,0,,,,,0,0,0,0,1,1,SIN_MONTO,,,,0,NO CALCULABLE: 1 conceptos sin magnitud,NO DISPONIBLE: 1 conceptos sin costo,,,
CF-10000,CF,10000,250,faena=propia|granjas=propias:1|pollito=incubacion+reprod|alimento=propia|flota=propia|frio=B_refrigerado_congelado|subprod=B_basico_propio+rendering|terreno=compra_fase|autom=semi|linea=lotes,2026-10-01,USD,UTILITIES,INCOMPLETO,19,15,0,15,5,0,0,,,,,0,0,0,0,15,15,SIN_MONTO,,,,0,NO CALCULABLE: 15 conceptos sin magnitud,NO DISPONIBLE: 15 conceptos sin costo,,,
CF-10000,CF,10000,250,faena=propia|granjas=propias:1|pollito=incubacion+reprod|alimento=propia|flota=propia|frio=B_refrigerado_congelado|subprod=B_basico_propio+rendering|terreno=compra_fase|autom=semi|linea=lotes,2026-10-01,USD,EFLUENTES,INCOMPLETO,8,1,0,1,0,0,0,,,,,0,0,0,0,1,1,SIN_MONTO,,,,0,NO CALCULABLE: 1 conceptos sin magnitud,NO DISPONIBLE: 1 conceptos sin costo,,,
CF-10000,CF,10000,250,faena=propia|granjas=propias:1|pollito=incubacion+reprod|alimento=propia|flota=propia|frio=B_refrigerado_congelado|subprod=B_basico_propio+rendering|terreno=compra_fase|autom=semi|linea=lotes,2026-10-01,USD,SERVICIOS_GENERALES,INCOMPLETO,13,11,0,11,1,0,0,,,,,0,0,0,0,11,11,SIN_MONTO,,,,0,NO CALCULABLE: 11 conceptos sin magnitud,NO DISPONIBLE: 11 conceptos sin costo,,,
CF-10000,CF,10000,250,faena=propia|granjas=propias:1|pollito=incubacion+reprod|alimento=propia|flota=propia|frio=B_refrigerado_congelado|subprod=B_basico_propio+rendering|terreno=compra_fase|autom=semi|linea=lotes,2026-10-01,USD,LOGISTICA,INCOMPLETO,26,26,0,26,9,0,0,,,,,0,0,0,0,26,26,SIN_MONTO,,,,0,NO CALCULABLE: 26 conceptos sin magnitud,NO DISPONIBLE: 26 conceptos sin costo,,,
CF-10000,CF,10000,250,faena=propia|granjas=propias:1|pollito=incubacion+reprod|alimento=propia|flota=propia|frio=B_refrigerado_congelado|subprod=B_basico_propio+rendering|terreno=compra_fase|autom=semi|linea=lotes,2026-10-01,USD,INCUBACION,INCOMPLETO,17,15,0,15,3,0,0,,,,,0,0,0,0,15,15,SIN_MONTO,,,,0,NO CALCULABLE: 15 conceptos sin magnitud,NO DISPONIBLE: 15 conceptos sin costo,,391085.5373,
CF-10000,CF,10000,250,faena=propia|granjas=propias:1|pollito=incubacion+reprod|alimento=propia|flota=propia|frio=B_refrigerado_congelado|subprod=B_basico_propio+rendering|terreno=compra_fase|autom=semi|linea=lotes,2026-10-01,USD,ALIMENTO,INCOMPLETO,18,18,0,18,2,0,0,,,,,0,0,0,0,18,18,SIN_MONTO,,,,0,NO CALCULABLE: 18 conceptos sin magnitud,NO DISPONIBLE: 18 conceptos sin costo,,,
CF-10000,CF,10000,250,faena=propia|granjas=propias:1|pollito=incubacion+reprod|alimento=propia|flota=propia|frio=B_refrigerado_congelado|subprod=B_basico_propio+rendering|terreno=compra_fase|autom=semi|linea=lotes,2026-10-01,USD,GRANJAS,INCOMPLETO,10,2,1,1,1,0,8,0,0,5538513.0665,0,0,0,1,0,1,1,MONTO_CON_REFERENCIAS_DEBILES_E4,5538513.0665,,,50,NO CALCULABLE: 1 conceptos sin magnitud,NO DISPONIBLE: 9 conceptos sin costo,,,
CF-10000,CF,10000,250,faena=propia|granjas=propias:1|pollito=incubacion+reprod|alimento=propia|flota=propia|frio=B_refrigerado_congelado|subprod=B_basico_propio+rendering|terreno=compra_fase|autom=semi|linea=lotes,2026-10-01,USD,INDIRECTOS,INCOMPLETO,7,7,0,7,0,0,0,,,,,0,0,0,0,7,7,SIN_MONTO,,,,0,NO CALCULABLE: 7 conceptos sin magnitud,NO DISPONIBLE: 7 conceptos sin costo,,,
CF-10000,CF,10000,250,faena=propia|granjas=propias:1|pollito=incubacion+reprod|alimento=propia|flota=propia|frio=B_refrigerado_congelado|subprod=B_basico_propio+rendering|terreno=compra_fase|autom=semi|linea=lotes,2026-10-01,USD,PREOPERATIVOS,INCOMPLETO,8,8,0,8,0,0,0,,,,,0,0,0,0,8,8,SIN_MONTO,,,,0,NO CALCULABLE: 8 conceptos sin magnitud,NO DISPONIBLE: 8 conceptos sin costo,,,
CF-10000,CF,10000,250,faena=propia|granjas=propias:1|pollito=incubacion+reprod|alimento=propia|flota=propia|frio=B_refrigerado_congelado|subprod=B_basico_propio+rendering|terreno=compra_fase|autom=semi|linea=lotes,2026-10-01,USD,CONTINGENCIA,INCOMPLETO,3,3,0,3,0,0,0,,,,,0,0,0,0,3,3,SIN_MONTO,,,,0,NO CALCULABLE: 3 conceptos sin magnitud,NO DISPONIBLE: 3 conceptos sin costo,,,
CF-10000,CF,10000,250,faena=propia|granjas=propias:1|pollito=incubacion+reprod|alimento=propia|flota=propia|frio=B_refrigerado_congelado|subprod=B_basico_propio+rendering|terreno=compra_fase|autom=semi|linea=lotes,2026-10-01,USD,TOTAL,INCOMPLETO,228,138,2,136,22,0,8,0,0,5657713.4089,0,0,0,2,0,136,136,MONTO_CON_REFERENCIAS_DEBILES_E4,5657713.4089,,,1.4493,NO CALCULABLE: 136 conceptos sin magnitud,NO DISPONIBLE: 144 conceptos sin costo; terreno PROVISIONAL (criterio no seleccionado),,391085.5373,TERRENO_CRITERIO_NO_SELECCIONADO: el terreno a adquirir es una decisión; se dimensiona PROVISIONALMENTE con terreno_requerido_arquitectura y su costo no es definitivo;12C:AVES_POR_CAMION;12C:FOOTPRINT_DESCONOCIDO;12C:ENFRIAMIENTO_NO_DEFINIDO;12C:T_POR_CAMION;12C:CARGA_FRIGORIFICA_PENDIENTE;12C:GENERADOR_PENDIENTE;12C:DOTACION_PROXY;12C:TECNOLOGIA_EFLUENTES_NO_DEFINIDA;12C:CLOACA_DEPENDE_DEL_SITIO;12C:LODOS_PENDIENTE;12C:OBJETIVO_EXPANSION_NO_DEFINIDO;12C:RENDERING_RESERVA;12C:RETIRO_PENDIENTE;12C:BUFFER_PROXY;12C:FOS_PENDIENTE
CF-20000,CF,20000,250,faena=propia|granjas=propias:1|pollito=incubacion+reprod|alimento=propia|flota=propia|frio=B_refrigerado_congelado|subprod=B_basico_propio+rendering|terreno=compra_fase|autom=semi|linea=lotes,2026-10-01,USD,TERRENO,INCOMPLETO,5,5,0,5,0,0,0,,,,,0,0,0,0,5,5,SIN_MONTO,,,,0,NO CALCULABLE: 5 conceptos sin magnitud,NO DISPONIBLE: 5 conceptos sin costo; terreno PROVISIONAL (criterio no seleccionado),,,
CF-20000,CF,20000,250,faena=propia|granjas=propias:1|pollito=incubacion+reprod|alimento=propia|flota=propia|frio=B_refrigerado_congelado|subprod=B_basico_propio+rendering|terreno=compra_fase|autom=semi|linea=lotes,2026-10-01,USD,OBRA_CIVIL,INCOMPLETO,16,16,1,15,0,0,0,0,0,222430.576,0,0,0,1,0,15,15,MONTO_CON_REFERENCIAS_DEBILES_E4,222430.576,118711.16,385611.0878,6.25,NO CALCULABLE: 15 conceptos sin magnitud,NO DISPONIBLE: 15 conceptos sin costo,,,
CF-20000,CF,20000,250,faena=propia|granjas=propias:1|pollito=incubacion+reprod|alimento=propia|flota=propia|frio=B_refrigerado_congelado|subprod=B_basico_propio+rendering|terreno=compra_fase|autom=semi|linea=lotes,2026-10-01,USD,PROCESO,INCOMPLETO,54,8,0,8,0,0,0,,,,,0,0,0,0,8,8,SIN_MONTO,,,,0,NO CALCULABLE: 8 conceptos sin magnitud,NO DISPONIBLE: 8 conceptos sin costo,,,
CF-20000,CF,20000,250,faena=propia|granjas=propias:1|pollito=incubacion+reprod|alimento=propia|flota=propia|frio=B_refrigerado_congelado|subprod=B_basico_propio+rendering|terreno=compra_fase|autom=semi|linea=lotes,2026-10-01,USD,SUBPRODUCTOS,INCOMPLETO,7,2,0,2,0,0,0,,,,,0,0,0,0,2,2,SIN_MONTO,,,,0,NO CALCULABLE: 2 conceptos sin magnitud,NO DISPONIBLE: 2 conceptos sin costo,,,
CF-20000,CF,20000,250,faena=propia|granjas=propias:1|pollito=incubacion+reprod|alimento=propia|flota=propia|frio=B_refrigerado_congelado|subprod=B_basico_propio+rendering|terreno=compra_fase|autom=semi|linea=lotes,2026-10-01,USD,FRIO,INCOMPLETO,19,1,0,1,1,0,0,,,,,0,0,0,0,1,1,SIN_MONTO,,,,0,NO CALCULABLE: 1 conceptos sin magnitud,NO DISPONIBLE: 1 conceptos sin costo,,,
CF-20000,CF,20000,250,faena=propia|granjas=propias:1|pollito=incubacion+reprod|alimento=propia|flota=propia|frio=B_refrigerado_congelado|subprod=B_basico_propio+rendering|terreno=compra_fase|autom=semi|linea=lotes,2026-10-01,USD,UTILITIES,INCOMPLETO,19,15,0,15,5,0,0,,,,,0,0,0,0,15,15,SIN_MONTO,,,,0,NO CALCULABLE: 15 conceptos sin magnitud,NO DISPONIBLE: 15 conceptos sin costo,,,
CF-20000,CF,20000,250,faena=propia|granjas=propias:1|pollito=incubacion+reprod|alimento=propia|flota=propia|frio=B_refrigerado_congelado|subprod=B_basico_propio+rendering|terreno=compra_fase|autom=semi|linea=lotes,2026-10-01,USD,EFLUENTES,INCOMPLETO,8,1,0,1,0,0,0,,,,,0,0,0,0,1,1,SIN_MONTO,,,,0,NO CALCULABLE: 1 conceptos sin magnitud,NO DISPONIBLE: 1 conceptos sin costo,,,
CF-20000,CF,20000,250,faena=propia|granjas=propias:1|pollito=incubacion+reprod|alimento=propia|flota=propia|frio=B_refrigerado_congelado|subprod=B_basico_propio+rendering|terreno=compra_fase|autom=semi|linea=lotes,2026-10-01,USD,SERVICIOS_GENERALES,INCOMPLETO,13,11,0,11,1,0,0,,,,,0,0,0,0,11,11,SIN_MONTO,,,,0,NO CALCULABLE: 11 conceptos sin magnitud,NO DISPONIBLE: 11 conceptos sin costo,,,
CF-20000,CF,20000,250,faena=propia|granjas=propias:1|pollito=incubacion+reprod|alimento=propia|flota=propia|frio=B_refrigerado_congelado|subprod=B_basico_propio+rendering|terreno=compra_fase|autom=semi|linea=lotes,2026-10-01,USD,LOGISTICA,INCOMPLETO,26,26,0,26,9,0,0,,,,,0,0,0,0,26,26,SIN_MONTO,,,,0,NO CALCULABLE: 26 conceptos sin magnitud,NO DISPONIBLE: 26 conceptos sin costo,,,
CF-20000,CF,20000,250,faena=propia|granjas=propias:1|pollito=incubacion+reprod|alimento=propia|flota=propia|frio=B_refrigerado_congelado|subprod=B_basico_propio+rendering|terreno=compra_fase|autom=semi|linea=lotes,2026-10-01,USD,INCUBACION,INCOMPLETO,17,15,0,15,3,0,0,,,,,0,0,0,0,15,15,SIN_MONTO,,,,0,NO CALCULABLE: 15 conceptos sin magnitud,NO DISPONIBLE: 15 conceptos sin costo,,782171.0746,
CF-20000,CF,20000,250,faena=propia|granjas=propias:1|pollito=incubacion+reprod|alimento=propia|flota=propia|frio=B_refrigerado_congelado|subprod=B_basico_propio+rendering|terreno=compra_fase|autom=semi|linea=lotes,2026-10-01,USD,ALIMENTO,INCOMPLETO,18,18,0,18,2,0,0,,,,,0,0,0,0,18,18,SIN_MONTO,,,,0,NO CALCULABLE: 18 conceptos sin magnitud,NO DISPONIBLE: 18 conceptos sin costo,,,
CF-20000,CF,20000,250,faena=propia|granjas=propias:1|pollito=incubacion+reprod|alimento=propia|flota=propia|frio=B_refrigerado_congelado|subprod=B_basico_propio+rendering|terreno=compra_fase|autom=semi|linea=lotes,2026-10-01,USD,GRANJAS,INCOMPLETO,10,2,1,1,1,0,8,0,0,11077026.133,0,0,0,1,0,1,1,MONTO_CON_REFERENCIAS_DEBILES_E4,11077026.133,,,50,NO CALCULABLE: 1 conceptos sin magnitud,NO DISPONIBLE: 9 conceptos sin costo,,,
CF-20000,CF,20000,250,faena=propia|granjas=propias:1|pollito=incubacion+reprod|alimento=propia|flota=propia|frio=B_refrigerado_congelado|subprod=B_basico_propio+rendering|terreno=compra_fase|autom=semi|linea=lotes,2026-10-01,USD,INDIRECTOS,INCOMPLETO,7,7,0,7,0,0,0,,,,,0,0,0,0,7,7,SIN_MONTO,,,,0,NO CALCULABLE: 7 conceptos sin magnitud,NO DISPONIBLE: 7 conceptos sin costo,,,
CF-20000,CF,20000,250,faena=propia|granjas=propias:1|pollito=incubacion+reprod|alimento=propia|flota=propia|frio=B_refrigerado_congelado|subprod=B_basico_propio+rendering|terreno=compra_fase|autom=semi|linea=lotes,2026-10-01,USD,PREOPERATIVOS,INCOMPLETO,8,8,0,8,0,0,0,,,,,0,0,0,0,8,8,SIN_MONTO,,,,0,NO CALCULABLE: 8 conceptos sin magnitud,NO DISPONIBLE: 8 conceptos sin costo,,,
CF-20000,CF,20000,250,faena=propia|granjas=propias:1|pollito=incubacion+reprod|alimento=propia|flota=propia|frio=B_refrigerado_congelado|subprod=B_basico_propio+rendering|terreno=compra_fase|autom=semi|linea=lotes,2026-10-01,USD,CONTINGENCIA,INCOMPLETO,3,3,0,3,0,0,0,,,,,0,0,0,0,3,3,SIN_MONTO,,,,0,NO CALCULABLE: 3 conceptos sin magnitud,NO DISPONIBLE: 3 conceptos sin costo,,,
CF-20000,CF,20000,250,faena=propia|granjas=propias:1|pollito=incubacion+reprod|alimento=propia|flota=propia|frio=B_refrigerado_congelado|subprod=B_basico_propio+rendering|terreno=compra_fase|autom=semi|linea=lotes,2026-10-01,USD,TOTAL,INCOMPLETO,230,138,2,136,22,0,8,0,0,11299456.7091,0,0,0,2,0,136,136,MONTO_CON_REFERENCIAS_DEBILES_E4,11299456.7091,,,1.4493,NO CALCULABLE: 136 conceptos sin magnitud,NO DISPONIBLE: 144 conceptos sin costo; terreno PROVISIONAL (criterio no seleccionado),,782171.0746,TERRENO_CRITERIO_NO_SELECCIONADO: el terreno a adquirir es una decisión; se dimensiona PROVISIONALMENTE con terreno_requerido_arquitectura y su costo no es definitivo;12C:AVES_POR_CAMION;12C:FOOTPRINT_DESCONOCIDO;12C:ENFRIAMIENTO_NO_DEFINIDO;12C:T_POR_CAMION;12C:CARGA_FRIGORIFICA_PENDIENTE;12C:GENERADOR_PENDIENTE;12C:DOTACION_PROXY;12C:TECNOLOGIA_EFLUENTES_NO_DEFINIDA;12C:CLOACA_DEPENDE_DEL_SITIO;12C:LODOS_PENDIENTE;12C:OBJETIVO_EXPANSION_NO_DEFINIDO;12C:RENDERING_RESERVA;12C:RETIRO_PENDIENTE;12C:BUFFER_PROXY;12C:FOS_PENDIENTE
C1-7500,C1,7500,250,faena=propia|granjas=integradas:0|pollito=compra|alimento=compra|flota=tercero|frio=A_refrigerado|subprod=A_externo|terreno=compra_fase|autom=semi|linea=lotes,2026-10-01,USD,TERRENO,INCOMPLETO,5,5,0,5,0,0,0,,,,,0,0,0,0,5,5,SIN_MONTO,,,,0,NO CALCULABLE: 5 conceptos sin magnitud,NO DISPONIBLE: 5 conceptos sin costo; terreno PROVISIONAL (criterio no seleccionado),,,
C1-7500,C1,7500,250,faena=propia|granjas=integradas:0|pollito=compra|alimento=compra|flota=tercero|frio=A_refrigerado|subprod=A_externo|terreno=compra_fase|autom=semi|linea=lotes,2026-10-01,USD,OBRA_CIVIL,INCOMPLETO,16,16,1,15,0,0,0,0,0,92140.162,0,0,0,1,0,15,15,MONTO_CON_REFERENCIAS_DEBILES_E4,92140.162,49295.4769,159583.3446,6.25,NO CALCULABLE: 15 conceptos sin magnitud,NO DISPONIBLE: 15 conceptos sin costo,,,
C1-7500,C1,7500,250,faena=propia|granjas=integradas:0|pollito=compra|alimento=compra|flota=tercero|frio=A_refrigerado|subprod=A_externo|terreno=compra_fase|autom=semi|linea=lotes,2026-10-01,USD,PROCESO,INCOMPLETO,53,8,0,8,0,0,0,,,,,0,0,0,0,8,8,SIN_MONTO,,,,0,NO CALCULABLE: 8 conceptos sin magnitud,NO DISPONIBLE: 8 conceptos sin costo,,,
C1-7500,C1,7500,250,faena=propia|granjas=integradas:0|pollito=compra|alimento=compra|flota=tercero|frio=A_refrigerado|subprod=A_externo|terreno=compra_fase|autom=semi|linea=lotes,2026-10-01,USD,SUBPRODUCTOS,INCOMPLETO,5,1,0,1,0,0,0,,,,,0,0,0,0,1,1,SIN_MONTO,,,,0,NO CALCULABLE: 1 conceptos sin magnitud,NO DISPONIBLE: 1 conceptos sin costo,,,
C1-7500,C1,7500,250,faena=propia|granjas=integradas:0|pollito=compra|alimento=compra|flota=tercero|frio=A_refrigerado|subprod=A_externo|terreno=compra_fase|autom=semi|linea=lotes,2026-10-01,USD,FRIO,INCOMPLETO,18,1,0,1,1,0,0,,,,,0,0,0,0,1,1,SIN_MONTO,,,,0,NO CALCULABLE: 1 conceptos sin magnitud,NO DISPONIBLE: 1 conceptos sin costo,,,
C1-7500,C1,7500,250,faena=propia|granjas=integradas:0|pollito=compra|alimento=compra|flota=tercero|frio=A_refrigerado|subprod=A_externo|terreno=compra_fase|autom=semi|linea=lotes,2026-10-01,USD,UTILITIES,INCOMPLETO,19,15,0,15,5,0,0,,,,,0,0,0,0,15,15,SIN_MONTO,,,,0,NO CALCULABLE: 15 conceptos sin magnitud,NO DISPONIBLE: 15 conceptos sin costo,,,
C1-7500,C1,7500,250,faena=propia|granjas=integradas:0|pollito=compra|alimento=compra|flota=tercero|frio=A_refrigerado|subprod=A_externo|terreno=compra_fase|autom=semi|linea=lotes,2026-10-01,USD,EFLUENTES,INCOMPLETO,8,1,0,1,0,0,0,,,,,0,0,0,0,1,1,SIN_MONTO,,,,0,NO CALCULABLE: 1 conceptos sin magnitud,NO DISPONIBLE: 1 conceptos sin costo,,,
C1-7500,C1,7500,250,faena=propia|granjas=integradas:0|pollito=compra|alimento=compra|flota=tercero|frio=A_refrigerado|subprod=A_externo|terreno=compra_fase|autom=semi|linea=lotes,2026-10-01,USD,SERVICIOS_GENERALES,INCOMPLETO,13,11,0,11,1,0,0,,,,,0,0,0,0,11,11,SIN_MONTO,,,,0,NO CALCULABLE: 11 conceptos sin magnitud,NO DISPONIBLE: 11 conceptos sin costo,,,
C1-7500,C1,7500,250,faena=propia|granjas=integradas:0|pollito=compra|alimento=compra|flota=tercero|frio=A_refrigerado|subprod=A_externo|terreno=compra_fase|autom=semi|linea=lotes,2026-10-01,USD,LOGISTICA,SIN_CONCEPTOS,1,0,0,0,0,0,0,,,,,0,0,0,0,0,0,SIN_MONTO,,,,,NO APLICA,NO DISPONIBLE: 0 conceptos sin costo,,,
C1-7500,C1,7500,250,faena=propia|granjas=integradas:0|pollito=compra|alimento=compra|flota=tercero|frio=A_refrigerado|subprod=A_externo|terreno=compra_fase|autom=semi|linea=lotes,2026-10-01,USD,INCUBACION,EXCLUIDO_POR_ARQUITECTURA,0,0,0,0,0,0,0,,,,,0,0,0,0,0,0,SIN_MONTO,,,,,NO APLICA,0 (excluido por arquitectura),,,
C1-7500,C1,7500,250,faena=propia|granjas=integradas:0|pollito=compra|alimento=compra|flota=tercero|frio=A_refrigerado|subprod=A_externo|terreno=compra_fase|autom=semi|linea=lotes,2026-10-01,USD,ALIMENTO,EXCLUIDO_POR_ARQUITECTURA,0,0,0,0,0,0,0,,,,,0,0,0,0,0,0,SIN_MONTO,,,,,NO APLICA,0 (excluido por arquitectura),,,
C1-7500,C1,7500,250,faena=propia|granjas=integradas:0|pollito=compra|alimento=compra|flota=tercero|frio=A_refrigerado|subprod=A_externo|terreno=compra_fase|autom=semi|linea=lotes,2026-10-01,USD,GRANJAS,EXCLUIDO_POR_ARQUITECTURA,10,0,0,0,0,0,0,,,,,0,0,0,0,0,0,SIN_MONTO,,,,,NO APLICA,0 (excluido por arquitectura),4153884.7999,,
C1-7500,C1,7500,250,faena=propia|granjas=integradas:0|pollito=compra|alimento=compra|flota=tercero|frio=A_refrigerado|subprod=A_externo|terreno=compra_fase|autom=semi|linea=lotes,2026-10-01,USD,INDIRECTOS,INCOMPLETO,7,7,0,7,0,0,0,,,,,0,0,0,0,7,7,SIN_MONTO,,,,0,NO CALCULABLE: 7 conceptos sin magnitud,NO DISPONIBLE: 7 conceptos sin costo,,,
C1-7500,C1,7500,250,faena=propia|granjas=integradas:0|pollito=compra|alimento=compra|flota=tercero|frio=A_refrigerado|subprod=A_externo|terreno=compra_fase|autom=semi|linea=lotes,2026-10-01,USD,PREOPERATIVOS,INCOMPLETO,8,8,0,8,0,0,0,,,,,0,0,0,0,8,8,SIN_MONTO,,,,0,NO CALCULABLE: 8 conceptos sin magnitud,NO DISPONIBLE: 8 conceptos sin costo,,,
C1-7500,C1,7500,250,faena=propia|granjas=integradas:0|pollito=compra|alimento=compra|flota=tercero|frio=A_refrigerado|subprod=A_externo|terreno=compra_fase|autom=semi|linea=lotes,2026-10-01,USD,CONTINGENCIA,INCOMPLETO,3,3,0,3,0,0,0,,,,,0,0,0,0,3,3,SIN_MONTO,,,,0,NO CALCULABLE: 3 conceptos sin magnitud,NO DISPONIBLE: 3 conceptos sin costo,,,
C1-7500,C1,7500,250,faena=propia|granjas=integradas:0|pollito=compra|alimento=compra|flota=tercero|frio=A_refrigerado|subprod=A_externo|terreno=compra_fase|autom=semi|linea=lotes,2026-10-01,USD,TOTAL,INCOMPLETO,166,76,1,75,7,0,0,0,0,92140.162,0,0,0,1,0,75,75,MONTO_CON_REFERENCIAS_DEBILES_E4,92140.162,49295.4769,159583.3446,1.3158,NO CALCULABLE: 75 conceptos sin magnitud,NO DISPONIBLE: 75 conceptos sin costo; terreno PROVISIONAL (criterio no seleccionado),4153884.7999,,"ESCALA_INTERMEDIA: 7500 aves/día no está publicada en los CSV fuente; los drivers son CALCULO_MODELO_FUENTE (mismas funciones, no interpolación) y los niveles de EQ se toman de la escala de referencia más cercana (SUP-16-05);12C_ESCENARIO_NO_PUBLICADO: áreas calculadas con la función de 12C para entradas que su CSV no publica (no es una definición nueva de superficie);TERRENO_CRITERIO_NO_SELECCIONADO: el terreno a adquirir es una decisión; se dimensiona PROVISIONALMENTE con terreno_requerido_arquitectura y su costo no es definitivo;12C:AVES_POR_CAMION;12C:FOOTPRINT_DESCONOCIDO;12C:ENFRIAMIENTO_NO_DEFINIDO;12C:T_POR_CAMION;12C:CARGA_FRIGORIFICA_PENDIENTE;12C:GENERADOR_PENDIENTE;12C:DOTACION_PROXY;12C:TECNOLOGIA_EFLUENTES_NO_DEFINIDA;12C:CLOACA_DEPENDE_DEL_SITIO;12C:LODOS_PENDIENTE;12C:OBJETIVO_EXPANSION_NO_DEFINIDO;12C:RENDERING_RESERVA;12C:RETIRO_PENDIENTE;12C:BUFFER_PROXY;12C:FOS_PENDIENTE"
C1-15000,C1,15000,250,faena=propia|granjas=integradas:0|pollito=compra|alimento=compra|flota=tercero|frio=A_refrigerado|subprod=A_externo|terreno=compra_fase|autom=semi|linea=lotes,2026-10-01,USD,TERRENO,INCOMPLETO,5,5,0,5,0,0,0,,,,,0,0,0,0,5,5,SIN_MONTO,,,,0,NO CALCULABLE: 5 conceptos sin magnitud,NO DISPONIBLE: 5 conceptos sin costo; terreno PROVISIONAL (criterio no seleccionado),,,
C1-15000,C1,15000,250,faena=propia|granjas=integradas:0|pollito=compra|alimento=compra|flota=tercero|frio=A_refrigerado|subprod=A_externo|terreno=compra_fase|autom=semi|linea=lotes,2026-10-01,USD,OBRA_CIVIL,INCOMPLETO,16,16,1,15,0,0,0,0,0,171593.3842,0,0,0,1,0,15,15,MONTO_CON_REFERENCIAS_DEBILES_E4,171593.3842,91645.1001,297394.8185,6.25,NO CALCULABLE: 15 conceptos sin magnitud,NO DISPONIBLE: 15 conceptos sin costo,,,
C1-15000,C1,15000,250,faena=propia|granjas=integradas:0|pollito=compra|alimento=compra|flota=tercero|frio=A_refrigerado|subprod=A_externo|terreno=compra_fase|autom=semi|linea=lotes,2026-10-01,USD,PROCESO,INCOMPLETO,54,8,0,8,0,0,0,,,,,0,0,0,0,8,8,SIN_MONTO,,,,0,NO CALCULABLE: 8 conceptos sin magnitud,NO DISPONIBLE: 8 conceptos sin costo,,,
C1-15000,C1,15000,250,faena=propia|granjas=integradas:0|pollito=compra|alimento=compra|flota=tercero|frio=A_refrigerado|subprod=A_externo|terreno=compra_fase|autom=semi|linea=lotes,2026-10-01,USD,SUBPRODUCTOS,INCOMPLETO,5,1,0,1,0,0,0,,,,,0,0,0,0,1,1,SIN_MONTO,,,,0,NO CALCULABLE: 1 conceptos sin magnitud,NO DISPONIBLE: 1 conceptos sin costo,,,
C1-15000,C1,15000,250,faena=propia|granjas=integradas:0|pollito=compra|alimento=compra|flota=tercero|frio=A_refrigerado|subprod=A_externo|terreno=compra_fase|autom=semi|linea=lotes,2026-10-01,USD,FRIO,INCOMPLETO,19,1,0,1,1,0,0,,,,,0,0,0,0,1,1,SIN_MONTO,,,,0,NO CALCULABLE: 1 conceptos sin magnitud,NO DISPONIBLE: 1 conceptos sin costo,,,
C1-15000,C1,15000,250,faena=propia|granjas=integradas:0|pollito=compra|alimento=compra|flota=tercero|frio=A_refrigerado|subprod=A_externo|terreno=compra_fase|autom=semi|linea=lotes,2026-10-01,USD,UTILITIES,INCOMPLETO,19,15,0,15,5,0,0,,,,,0,0,0,0,15,15,SIN_MONTO,,,,0,NO CALCULABLE: 15 conceptos sin magnitud,NO DISPONIBLE: 15 conceptos sin costo,,,
C1-15000,C1,15000,250,faena=propia|granjas=integradas:0|pollito=compra|alimento=compra|flota=tercero|frio=A_refrigerado|subprod=A_externo|terreno=compra_fase|autom=semi|linea=lotes,2026-10-01,USD,EFLUENTES,INCOMPLETO,8,1,0,1,0,0,0,,,,,0,0,0,0,1,1,SIN_MONTO,,,,0,NO CALCULABLE: 1 conceptos sin magnitud,NO DISPONIBLE: 1 conceptos sin costo,,,
C1-15000,C1,15000,250,faena=propia|granjas=integradas:0|pollito=compra|alimento=compra|flota=tercero|frio=A_refrigerado|subprod=A_externo|terreno=compra_fase|autom=semi|linea=lotes,2026-10-01,USD,SERVICIOS_GENERALES,INCOMPLETO,13,11,0,11,1,0,0,,,,,0,0,0,0,11,11,SIN_MONTO,,,,0,NO CALCULABLE: 11 conceptos sin magnitud,NO DISPONIBLE: 11 conceptos sin costo,,,
C1-15000,C1,15000,250,faena=propia|granjas=integradas:0|pollito=compra|alimento=compra|flota=tercero|frio=A_refrigerado|subprod=A_externo|terreno=compra_fase|autom=semi|linea=lotes,2026-10-01,USD,LOGISTICA,SIN_CONCEPTOS,1,0,0,0,0,0,0,,,,,0,0,0,0,0,0,SIN_MONTO,,,,,NO APLICA,NO DISPONIBLE: 0 conceptos sin costo,,,
C1-15000,C1,15000,250,faena=propia|granjas=integradas:0|pollito=compra|alimento=compra|flota=tercero|frio=A_refrigerado|subprod=A_externo|terreno=compra_fase|autom=semi|linea=lotes,2026-10-01,USD,INCUBACION,EXCLUIDO_POR_ARQUITECTURA,0,0,0,0,0,0,0,,,,,0,0,0,0,0,0,SIN_MONTO,,,,,NO APLICA,0 (excluido por arquitectura),,,
C1-15000,C1,15000,250,faena=propia|granjas=integradas:0|pollito=compra|alimento=compra|flota=tercero|frio=A_refrigerado|subprod=A_externo|terreno=compra_fase|autom=semi|linea=lotes,2026-10-01,USD,ALIMENTO,EXCLUIDO_POR_ARQUITECTURA,0,0,0,0,0,0,0,,,,,0,0,0,0,0,0,SIN_MONTO,,,,,NO APLICA,0 (excluido por arquitectura),,,
C1-15000,C1,15000,250,faena=propia|granjas=integradas:0|pollito=compra|alimento=compra|flota=tercero|frio=A_refrigerado|subprod=A_externo|terreno=compra_fase|autom=semi|linea=lotes,2026-10-01,USD,GRANJAS,EXCLUIDO_POR_ARQUITECTURA,10,0,0,0,0,0,0,,,,,0,0,0,0,0,0,SIN_MONTO,,,,,NO APLICA,0 (excluido por arquitectura),8307769.5998,,
C1-15000,C1,15000,250,faena=propia|granjas=integradas:0|pollito=compra|alimento=compra|flota=tercero|frio=A_refrigerado|subprod=A_externo|terreno=compra_fase|autom=semi|linea=lotes,2026-10-01,USD,INDIRECTOS,INCOMPLETO,7,7,0,7,0,0,0,,,,,0,0,0,0,7,7,SIN_MONTO,,,,0,NO CALCULABLE: 7 conceptos sin magnitud,NO DISPONIBLE: 7 conceptos sin costo,,,
C1-15000,C1,15000,250,faena=propia|granjas=integradas:0|pollito=compra|alimento=compra|flota=tercero|frio=A_refrigerado|subprod=A_externo|terreno=compra_fase|autom=semi|linea=lotes,2026-10-01,USD,PREOPERATIVOS,INCOMPLETO,8,8,0,8,0,0,0,,,,,0,0,0,0,8,8,SIN_MONTO,,,,0,NO CALCULABLE: 8 conceptos sin magnitud,NO DISPONIBLE: 8 conceptos sin costo,,,
C1-15000,C1,15000,250,faena=propia|granjas=integradas:0|pollito=compra|alimento=compra|flota=tercero|frio=A_refrigerado|subprod=A_externo|terreno=compra_fase|autom=semi|linea=lotes,2026-10-01,USD,CONTINGENCIA,INCOMPLETO,3,3,0,3,0,0,0,,,,,0,0,0,0,3,3,SIN_MONTO,,,,0,NO CALCULABLE: 3 conceptos sin magnitud,NO DISPONIBLE: 3 conceptos sin costo,,,
C1-15000,C1,15000,250,faena=propia|granjas=integradas:0|pollito=compra|alimento=compra|flota=tercero|frio=A_refrigerado|subprod=A_externo|terreno=compra_fase|autom=semi|linea=lotes,2026-10-01,USD,TOTAL,INCOMPLETO,168,76,1,75,7,0,0,0,0,171593.3842,0,0,0,1,0,75,75,MONTO_CON_REFERENCIAS_DEBILES_E4,171593.3842,91645.1001,297394.8185,1.3158,NO CALCULABLE: 75 conceptos sin magnitud,NO DISPONIBLE: 75 conceptos sin costo; terreno PROVISIONAL (criterio no seleccionado),8307769.5998,,"ESCALA_INTERMEDIA: 15000 aves/día no está publicada en los CSV fuente; los drivers son CALCULO_MODELO_FUENTE (mismas funciones, no interpolación) y los niveles de EQ se toman de la escala de referencia más cercana (SUP-16-05);12C_ESCENARIO_NO_PUBLICADO: áreas calculadas con la función de 12C para entradas que su CSV no publica (no es una definición nueva de superficie);TERRENO_CRITERIO_NO_SELECCIONADO: el terreno a adquirir es una decisión; se dimensiona PROVISIONALMENTE con terreno_requerido_arquitectura y su costo no es definitivo;12C:AVES_POR_CAMION;12C:FOOTPRINT_DESCONOCIDO;12C:ENFRIAMIENTO_NO_DEFINIDO;12C:T_POR_CAMION;12C:CARGA_FRIGORIFICA_PENDIENTE;12C:GENERADOR_PENDIENTE;12C:DOTACION_PROXY;12C:TECNOLOGIA_EFLUENTES_NO_DEFINIDA;12C:CLOACA_DEPENDE_DEL_SITIO;12C:LODOS_PENDIENTE;12C:OBJETIVO_EXPANSION_NO_DEFINIDO;12C:RENDERING_RESERVA;12C:RETIRO_PENDIENTE;12C:BUFFER_PROXY;12C:FOS_PENDIENTE"
C1-10000-reserva20000,C1,10000,250,faena=propia|granjas=integradas:0|pollito=compra|alimento=compra|flota=tercero|frio=A_refrigerado|subprod=A_externo|terreno=compra_reserva|autom=semi|linea=lotes,2026-10-01,USD,TERRENO,INCOMPLETO,5,5,0,5,0,0,0,,,,,0,0,0,0,5,5,SIN_MONTO,,,,0,NO CALCULABLE: 5 conceptos sin magnitud,NO DISPONIBLE: 5 conceptos sin costo; terreno PROVISIONAL (criterio no seleccionado),,,
C1-10000-reserva20000,C1,10000,250,faena=propia|granjas=integradas:0|pollito=compra|alimento=compra|flota=tercero|frio=A_refrigerado|subprod=A_externo|terreno=compra_reserva|autom=semi|linea=lotes,2026-10-01,USD,OBRA_CIVIL,INCOMPLETO,16,16,1,15,0,0,0,0,0,119200.3424,0,0,0,1,0,15,15,MONTO_CON_REFERENCIAS_DEBILES_E4,119200.3424,63727.2425,206508.5781,6.25,NO CALCULABLE: 15 conceptos sin magnitud,NO DISPONIBLE: 15 conceptos sin costo,,,
C1-10000-reserva20000,C1,10000,250,faena=propia|granjas=integradas:0|pollito=compra|alimento=compra|flota=tercero|frio=A_refrigerado|subprod=A_externo|terreno=compra_reserva|autom=semi|linea=lotes,2026-10-01,USD,PROCESO,INCOMPLETO,53,8,0,8,0,0,0,,,,,0,0,0,0,8,8,SIN_MONTO,,,,0,NO CALCULABLE: 8 conceptos sin magnitud,NO DISPONIBLE: 8 conceptos sin costo,,,
C1-10000-reserva20000,C1,10000,250,faena=propia|granjas=integradas:0|pollito=compra|alimento=compra|flota=tercero|frio=A_refrigerado|subprod=A_externo|terreno=compra_reserva|autom=semi|linea=lotes,2026-10-01,USD,SUBPRODUCTOS,INCOMPLETO,5,1,0,1,0,0,0,,,,,0,0,0,0,1,1,SIN_MONTO,,,,0,NO CALCULABLE: 1 conceptos sin magnitud,NO DISPONIBLE: 1 conceptos sin costo,,,
C1-10000-reserva20000,C1,10000,250,faena=propia|granjas=integradas:0|pollito=compra|alimento=compra|flota=tercero|frio=A_refrigerado|subprod=A_externo|terreno=compra_reserva|autom=semi|linea=lotes,2026-10-01,USD,FRIO,INCOMPLETO,18,1,0,1,1,0,0,,,,,0,0,0,0,1,1,SIN_MONTO,,,,0,NO CALCULABLE: 1 conceptos sin magnitud,NO DISPONIBLE: 1 conceptos sin costo,,,
C1-10000-reserva20000,C1,10000,250,faena=propia|granjas=integradas:0|pollito=compra|alimento=compra|flota=tercero|frio=A_refrigerado|subprod=A_externo|terreno=compra_reserva|autom=semi|linea=lotes,2026-10-01,USD,UTILITIES,INCOMPLETO,19,15,0,15,5,0,0,,,,,0,0,0,0,15,15,SIN_MONTO,,,,0,NO CALCULABLE: 15 conceptos sin magnitud,NO DISPONIBLE: 15 conceptos sin costo,,,
C1-10000-reserva20000,C1,10000,250,faena=propia|granjas=integradas:0|pollito=compra|alimento=compra|flota=tercero|frio=A_refrigerado|subprod=A_externo|terreno=compra_reserva|autom=semi|linea=lotes,2026-10-01,USD,EFLUENTES,INCOMPLETO,8,1,0,1,0,0,0,,,,,0,0,0,0,1,1,SIN_MONTO,,,,0,NO CALCULABLE: 1 conceptos sin magnitud,NO DISPONIBLE: 1 conceptos sin costo,,,
C1-10000-reserva20000,C1,10000,250,faena=propia|granjas=integradas:0|pollito=compra|alimento=compra|flota=tercero|frio=A_refrigerado|subprod=A_externo|terreno=compra_reserva|autom=semi|linea=lotes,2026-10-01,USD,SERVICIOS_GENERALES,INCOMPLETO,13,11,0,11,1,0,0,,,,,0,0,0,0,11,11,SIN_MONTO,,,,0,NO CALCULABLE: 11 conceptos sin magnitud,NO DISPONIBLE: 11 conceptos sin costo,,,
C1-10000-reserva20000,C1,10000,250,faena=propia|granjas=integradas:0|pollito=compra|alimento=compra|flota=tercero|frio=A_refrigerado|subprod=A_externo|terreno=compra_reserva|autom=semi|linea=lotes,2026-10-01,USD,LOGISTICA,SIN_CONCEPTOS,1,0,0,0,0,0,0,,,,,0,0,0,0,0,0,SIN_MONTO,,,,,NO APLICA,NO DISPONIBLE: 0 conceptos sin costo,,,
C1-10000-reserva20000,C1,10000,250,faena=propia|granjas=integradas:0|pollito=compra|alimento=compra|flota=tercero|frio=A_refrigerado|subprod=A_externo|terreno=compra_reserva|autom=semi|linea=lotes,2026-10-01,USD,INCUBACION,EXCLUIDO_POR_ARQUITECTURA,0,0,0,0,0,0,0,,,,,0,0,0,0,0,0,SIN_MONTO,,,,,NO APLICA,0 (excluido por arquitectura),,,
C1-10000-reserva20000,C1,10000,250,faena=propia|granjas=integradas:0|pollito=compra|alimento=compra|flota=tercero|frio=A_refrigerado|subprod=A_externo|terreno=compra_reserva|autom=semi|linea=lotes,2026-10-01,USD,ALIMENTO,EXCLUIDO_POR_ARQUITECTURA,0,0,0,0,0,0,0,,,,,0,0,0,0,0,0,SIN_MONTO,,,,,NO APLICA,0 (excluido por arquitectura),,,
C1-10000-reserva20000,C1,10000,250,faena=propia|granjas=integradas:0|pollito=compra|alimento=compra|flota=tercero|frio=A_refrigerado|subprod=A_externo|terreno=compra_reserva|autom=semi|linea=lotes,2026-10-01,USD,GRANJAS,EXCLUIDO_POR_ARQUITECTURA,10,0,0,0,0,0,0,,,,,0,0,0,0,0,0,SIN_MONTO,,,,,NO APLICA,0 (excluido por arquitectura),5538513.0665,,
C1-10000-reserva20000,C1,10000,250,faena=propia|granjas=integradas:0|pollito=compra|alimento=compra|flota=tercero|frio=A_refrigerado|subprod=A_externo|terreno=compra_reserva|autom=semi|linea=lotes,2026-10-01,USD,INDIRECTOS,INCOMPLETO,7,7,0,7,0,0,0,,,,,0,0,0,0,7,7,SIN_MONTO,,,,0,NO CALCULABLE: 7 conceptos sin magnitud,NO DISPONIBLE: 7 conceptos sin costo,,,
C1-10000-reserva20000,C1,10000,250,faena=propia|granjas=integradas:0|pollito=compra|alimento=compra|flota=tercero|frio=A_refrigerado|subprod=A_externo|terreno=compra_reserva|autom=semi|linea=lotes,2026-10-01,USD,PREOPERATIVOS,INCOMPLETO,8,8,0,8,0,0,0,,,,,0,0,0,0,8,8,SIN_MONTO,,,,0,NO CALCULABLE: 8 conceptos sin magnitud,NO DISPONIBLE: 8 conceptos sin costo,,,
C1-10000-reserva20000,C1,10000,250,faena=propia|granjas=integradas:0|pollito=compra|alimento=compra|flota=tercero|frio=A_refrigerado|subprod=A_externo|terreno=compra_reserva|autom=semi|linea=lotes,2026-10-01,USD,CONTINGENCIA,INCOMPLETO,3,3,0,3,0,0,0,,,,,0,0,0,0,3,3,SIN_MONTO,,,,0,NO CALCULABLE: 3 conceptos sin magnitud,NO DISPONIBLE: 3 conceptos sin costo,,,
C1-10000-reserva20000,C1,10000,250,faena=propia|granjas=integradas:0|pollito=compra|alimento=compra|flota=tercero|frio=A_refrigerado|subprod=A_externo|terreno=compra_reserva|autom=semi|linea=lotes,2026-10-01,USD,TOTAL,INCOMPLETO,166,76,1,75,7,0,0,0,0,119200.3424,0,0,0,1,0,75,75,MONTO_CON_REFERENCIAS_DEBILES_E4,119200.3424,63727.2425,206508.5781,1.3158,NO CALCULABLE: 75 conceptos sin magnitud,NO DISPONIBLE: 75 conceptos sin costo; terreno PROVISIONAL (criterio no seleccionado),5538513.0665,,"TERRENO_CRITERIO_NO_SELECCIONADO: el terreno a adquirir es una decisión; se dimensiona PROVISIONALMENTE con terreno_requerido_arquitectura y su costo no es definitivo;SUPERFICIE_OBJETIVO_MENOR_QUE_CONCEPTUAL_12C_20000 (bajo): 14069 < 16509 m². UNIVERSOS DIFERENTES, no incompatibilidad: el conceptual de 12C a 20000 suma una reserva PROXY fraccional para crecer más allá de 20000 (SUP-119) que el escenario objetivo no incluye; el objetivo sí cubre el mínimo físico de 20000 (13492 m²) + rendering;SUPERFICIE_OBJETIVO_MENOR_QUE_CONCEPTUAL_12C_20000 (medio): 33345 < 43660 m². UNIVERSOS DIFERENTES, no incompatibilidad: el conceptual de 12C a 20000 suma una reserva PROXY fraccional para crecer más allá de 20000 (SUP-119) que el escenario objetivo no incluye; el objetivo sí cubre el mínimo físico de 20000 (32379 m²) + rendering;SUPERFICIE_OBJETIVO_MENOR_QUE_CONCEPTUAL_12C_20000 (alto): 82253 < 127938 m². UNIVERSOS DIFERENTES, no incompatibilidad: el conceptual de 12C a 20000 suma una reserva PROXY fraccional para crecer más allá de 20000 (SUP-119) que el escenario objetivo no incluye; el objetivo sí cubre el mínimo físico de 20000 (80673 m²) + rendering;12C:AVES_POR_CAMION;12C:FOOTPRINT_DESCONOCIDO;12C:ENFRIAMIENTO_NO_DEFINIDO;12C:T_POR_CAMION;12C:CARGA_FRIGORIFICA_PENDIENTE;12C:GENERADOR_PENDIENTE;12C:DOTACION_PROXY;12C:TECNOLOGIA_EFLUENTES_NO_DEFINIDA;12C:CLOACA_DEPENDE_DEL_SITIO;12C:LODOS_PENDIENTE;12C:OBJETIVO_EXPANSION_NO_DEFINIDO;12C:RENDERING_RESERVA;12C:RETIRO_PENDIENTE;12C:BUFFER_PROXY;12C:FOS_PENDIENTE"
C1-10000-parque,C1,10000,250,faena=propia|granjas=integradas:0|pollito=compra|alimento=compra|flota=tercero|frio=A_refrigerado|subprod=A_externo|terreno=parque_industrial|autom=semi|linea=lotes,2026-10-01,USD,TERRENO,INCOMPLETO,4,4,0,4,0,0,0,,,,,0,0,0,0,4,4,SIN_MONTO,,,,0,NO CALCULABLE: 4 conceptos sin magnitud,NO DISPONIBLE: 4 conceptos sin costo; terreno PROVISIONAL (criterio no seleccionado),,,
C1-10000-parque,C1,10000,250,faena=propia|granjas=integradas:0|pollito=compra|alimento=compra|flota=tercero|frio=A_refrigerado|subprod=A_externo|terreno=parque_industrial|autom=semi|linea=lotes,2026-10-01,USD,OBRA_CIVIL,INCOMPLETO,16,16,1,15,0,0,0,0,0,119200.3424,0,0,0,1,0,15,15,MONTO_CON_REFERENCIAS_DEBILES_E4,119200.3424,63727.2425,206508.5781,6.25,NO CALCULABLE: 15 conceptos sin magnitud,NO DISPONIBLE: 15 conceptos sin costo,,,
C1-10000-parque,C1,10000,250,faena=propia|granjas=integradas:0|pollito=compra|alimento=compra|flota=tercero|frio=A_refrigerado|subprod=A_externo|terreno=parque_industrial|autom=semi|linea=lotes,2026-10-01,USD,PROCESO,INCOMPLETO,53,8,0,8,0,0,0,,,,,0,0,0,0,8,8,SIN_MONTO,,,,0,NO CALCULABLE: 8 conceptos sin magnitud,NO DISPONIBLE: 8 conceptos sin costo,,,
C1-10000-parque,C1,10000,250,faena=propia|granjas=integradas:0|pollito=compra|alimento=compra|flota=tercero|frio=A_refrigerado|subprod=A_externo|terreno=parque_industrial|autom=semi|linea=lotes,2026-10-01,USD,SUBPRODUCTOS,INCOMPLETO,5,1,0,1,0,0,0,,,,,0,0,0,0,1,1,SIN_MONTO,,,,0,NO CALCULABLE: 1 conceptos sin magnitud,NO DISPONIBLE: 1 conceptos sin costo,,,
C1-10000-parque,C1,10000,250,faena=propia|granjas=integradas:0|pollito=compra|alimento=compra|flota=tercero|frio=A_refrigerado|subprod=A_externo|terreno=parque_industrial|autom=semi|linea=lotes,2026-10-01,USD,FRIO,INCOMPLETO,18,1,0,1,1,0,0,,,,,0,0,0,0,1,1,SIN_MONTO,,,,0,NO CALCULABLE: 1 conceptos sin magnitud,NO DISPONIBLE: 1 conceptos sin costo,,,
C1-10000-parque,C1,10000,250,faena=propia|granjas=integradas:0|pollito=compra|alimento=compra|flota=tercero|frio=A_refrigerado|subprod=A_externo|terreno=parque_industrial|autom=semi|linea=lotes,2026-10-01,USD,UTILITIES,INCOMPLETO,19,15,0,15,5,0,0,,,,,0,0,0,0,15,15,SIN_MONTO,,,,0,NO CALCULABLE: 15 conceptos sin magnitud,NO DISPONIBLE: 15 conceptos sin costo,,,
C1-10000-parque,C1,10000,250,faena=propia|granjas=integradas:0|pollito=compra|alimento=compra|flota=tercero|frio=A_refrigerado|subprod=A_externo|terreno=parque_industrial|autom=semi|linea=lotes,2026-10-01,USD,EFLUENTES,INCOMPLETO,8,1,0,1,0,0,0,,,,,0,0,0,0,1,1,SIN_MONTO,,,,0,NO CALCULABLE: 1 conceptos sin magnitud,NO DISPONIBLE: 1 conceptos sin costo,,,
C1-10000-parque,C1,10000,250,faena=propia|granjas=integradas:0|pollito=compra|alimento=compra|flota=tercero|frio=A_refrigerado|subprod=A_externo|terreno=parque_industrial|autom=semi|linea=lotes,2026-10-01,USD,SERVICIOS_GENERALES,INCOMPLETO,13,11,0,11,1,0,0,,,,,0,0,0,0,11,11,SIN_MONTO,,,,0,NO CALCULABLE: 11 conceptos sin magnitud,NO DISPONIBLE: 11 conceptos sin costo,,,
C1-10000-parque,C1,10000,250,faena=propia|granjas=integradas:0|pollito=compra|alimento=compra|flota=tercero|frio=A_refrigerado|subprod=A_externo|terreno=parque_industrial|autom=semi|linea=lotes,2026-10-01,USD,LOGISTICA,SIN_CONCEPTOS,1,0,0,0,0,0,0,,,,,0,0,0,0,0,0,SIN_MONTO,,,,,NO APLICA,NO DISPONIBLE: 0 conceptos sin costo,,,
C1-10000-parque,C1,10000,250,faena=propia|granjas=integradas:0|pollito=compra|alimento=compra|flota=tercero|frio=A_refrigerado|subprod=A_externo|terreno=parque_industrial|autom=semi|linea=lotes,2026-10-01,USD,INCUBACION,EXCLUIDO_POR_ARQUITECTURA,0,0,0,0,0,0,0,,,,,0,0,0,0,0,0,SIN_MONTO,,,,,NO APLICA,0 (excluido por arquitectura),,,
C1-10000-parque,C1,10000,250,faena=propia|granjas=integradas:0|pollito=compra|alimento=compra|flota=tercero|frio=A_refrigerado|subprod=A_externo|terreno=parque_industrial|autom=semi|linea=lotes,2026-10-01,USD,ALIMENTO,EXCLUIDO_POR_ARQUITECTURA,0,0,0,0,0,0,0,,,,,0,0,0,0,0,0,SIN_MONTO,,,,,NO APLICA,0 (excluido por arquitectura),,,
C1-10000-parque,C1,10000,250,faena=propia|granjas=integradas:0|pollito=compra|alimento=compra|flota=tercero|frio=A_refrigerado|subprod=A_externo|terreno=parque_industrial|autom=semi|linea=lotes,2026-10-01,USD,GRANJAS,EXCLUIDO_POR_ARQUITECTURA,10,0,0,0,0,0,0,,,,,0,0,0,0,0,0,SIN_MONTO,,,,,NO APLICA,0 (excluido por arquitectura),5538513.0665,,
C1-10000-parque,C1,10000,250,faena=propia|granjas=integradas:0|pollito=compra|alimento=compra|flota=tercero|frio=A_refrigerado|subprod=A_externo|terreno=parque_industrial|autom=semi|linea=lotes,2026-10-01,USD,INDIRECTOS,INCOMPLETO,7,7,0,7,0,0,0,,,,,0,0,0,0,7,7,SIN_MONTO,,,,0,NO CALCULABLE: 7 conceptos sin magnitud,NO DISPONIBLE: 7 conceptos sin costo,,,
C1-10000-parque,C1,10000,250,faena=propia|granjas=integradas:0|pollito=compra|alimento=compra|flota=tercero|frio=A_refrigerado|subprod=A_externo|terreno=parque_industrial|autom=semi|linea=lotes,2026-10-01,USD,PREOPERATIVOS,INCOMPLETO,8,8,0,8,0,0,0,,,,,0,0,0,0,8,8,SIN_MONTO,,,,0,NO CALCULABLE: 8 conceptos sin magnitud,NO DISPONIBLE: 8 conceptos sin costo,,,
C1-10000-parque,C1,10000,250,faena=propia|granjas=integradas:0|pollito=compra|alimento=compra|flota=tercero|frio=A_refrigerado|subprod=A_externo|terreno=parque_industrial|autom=semi|linea=lotes,2026-10-01,USD,CONTINGENCIA,INCOMPLETO,3,3,0,3,0,0,0,,,,,0,0,0,0,3,3,SIN_MONTO,,,,0,NO CALCULABLE: 3 conceptos sin magnitud,NO DISPONIBLE: 3 conceptos sin costo,,,
C1-10000-parque,C1,10000,250,faena=propia|granjas=integradas:0|pollito=compra|alimento=compra|flota=tercero|frio=A_refrigerado|subprod=A_externo|terreno=parque_industrial|autom=semi|linea=lotes,2026-10-01,USD,TOTAL,INCOMPLETO,165,75,1,74,7,0,0,0,0,119200.3424,0,0,0,1,0,74,74,MONTO_CON_REFERENCIAS_DEBILES_E4,119200.3424,63727.2425,206508.5781,1.3333,NO CALCULABLE: 74 conceptos sin magnitud,NO DISPONIBLE: 74 conceptos sin costo; terreno PROVISIONAL (criterio no seleccionado),5538513.0665,,TERRENO_CRITERIO_NO_SELECCIONADO: el terreno a adquirir es una decisión; se dimensiona PROVISIONALMENTE con terreno_requerido_arquitectura y su costo no es definitivo;12C:AVES_POR_CAMION;12C:FOOTPRINT_DESCONOCIDO;12C:ENFRIAMIENTO_NO_DEFINIDO;12C:T_POR_CAMION;12C:CARGA_FRIGORIFICA_PENDIENTE;12C:GENERADOR_PENDIENTE;12C:DOTACION_PROXY;12C:TECNOLOGIA_EFLUENTES_NO_DEFINIDA;12C:CLOACA_DEPENDE_DEL_SITIO;12C:LODOS_PENDIENTE;12C:OBJETIVO_EXPANSION_NO_DEFINIDO;12C:RENDERING_RESERVA;12C:RETIRO_PENDIENTE;12C:BUFFER_PROXY;12C:FOS_PENDIENTE
C1-10000-rural,C1,10000,250,faena=propia|granjas=integradas:0|pollito=compra|alimento=compra|flota=tercero|frio=A_refrigerado|subprod=A_externo|terreno=rural_compatible|autom=semi|linea=lotes,2026-10-01,USD,TERRENO,INCOMPLETO,5,5,0,5,0,0,0,,,,,0,0,0,0,5,5,SIN_MONTO,,,,0,NO CALCULABLE: 5 conceptos sin magnitud,NO DISPONIBLE: 5 conceptos sin costo; terreno PROVISIONAL (criterio no seleccionado),,,
C1-10000-rural,C1,10000,250,faena=propia|granjas=integradas:0|pollito=compra|alimento=compra|flota=tercero|frio=A_refrigerado|subprod=A_externo|terreno=rural_compatible|autom=semi|linea=lotes,2026-10-01,USD,OBRA_CIVIL,INCOMPLETO,16,16,1,15,0,0,0,0,0,119200.3424,0,0,0,1,0,15,15,MONTO_CON_REFERENCIAS_DEBILES_E4,119200.3424,63727.2425,206508.5781,6.25,NO CALCULABLE: 15 conceptos sin magnitud,NO DISPONIBLE: 15 conceptos sin costo,,,
C1-10000-rural,C1,10000,250,faena=propia|granjas=integradas:0|pollito=compra|alimento=compra|flota=tercero|frio=A_refrigerado|subprod=A_externo|terreno=rural_compatible|autom=semi|linea=lotes,2026-10-01,USD,PROCESO,INCOMPLETO,53,8,0,8,0,0,0,,,,,0,0,0,0,8,8,SIN_MONTO,,,,0,NO CALCULABLE: 8 conceptos sin magnitud,NO DISPONIBLE: 8 conceptos sin costo,,,
C1-10000-rural,C1,10000,250,faena=propia|granjas=integradas:0|pollito=compra|alimento=compra|flota=tercero|frio=A_refrigerado|subprod=A_externo|terreno=rural_compatible|autom=semi|linea=lotes,2026-10-01,USD,SUBPRODUCTOS,INCOMPLETO,5,1,0,1,0,0,0,,,,,0,0,0,0,1,1,SIN_MONTO,,,,0,NO CALCULABLE: 1 conceptos sin magnitud,NO DISPONIBLE: 1 conceptos sin costo,,,
C1-10000-rural,C1,10000,250,faena=propia|granjas=integradas:0|pollito=compra|alimento=compra|flota=tercero|frio=A_refrigerado|subprod=A_externo|terreno=rural_compatible|autom=semi|linea=lotes,2026-10-01,USD,FRIO,INCOMPLETO,18,1,0,1,1,0,0,,,,,0,0,0,0,1,1,SIN_MONTO,,,,0,NO CALCULABLE: 1 conceptos sin magnitud,NO DISPONIBLE: 1 conceptos sin costo,,,
C1-10000-rural,C1,10000,250,faena=propia|granjas=integradas:0|pollito=compra|alimento=compra|flota=tercero|frio=A_refrigerado|subprod=A_externo|terreno=rural_compatible|autom=semi|linea=lotes,2026-10-01,USD,UTILITIES,INCOMPLETO,19,15,0,15,5,0,0,,,,,0,0,0,0,15,15,SIN_MONTO,,,,0,NO CALCULABLE: 15 conceptos sin magnitud,NO DISPONIBLE: 15 conceptos sin costo,,,
C1-10000-rural,C1,10000,250,faena=propia|granjas=integradas:0|pollito=compra|alimento=compra|flota=tercero|frio=A_refrigerado|subprod=A_externo|terreno=rural_compatible|autom=semi|linea=lotes,2026-10-01,USD,EFLUENTES,INCOMPLETO,8,1,0,1,0,0,0,,,,,0,0,0,0,1,1,SIN_MONTO,,,,0,NO CALCULABLE: 1 conceptos sin magnitud,NO DISPONIBLE: 1 conceptos sin costo,,,
C1-10000-rural,C1,10000,250,faena=propia|granjas=integradas:0|pollito=compra|alimento=compra|flota=tercero|frio=A_refrigerado|subprod=A_externo|terreno=rural_compatible|autom=semi|linea=lotes,2026-10-01,USD,SERVICIOS_GENERALES,INCOMPLETO,13,11,0,11,1,0,0,,,,,0,0,0,0,11,11,SIN_MONTO,,,,0,NO CALCULABLE: 11 conceptos sin magnitud,NO DISPONIBLE: 11 conceptos sin costo,,,
C1-10000-rural,C1,10000,250,faena=propia|granjas=integradas:0|pollito=compra|alimento=compra|flota=tercero|frio=A_refrigerado|subprod=A_externo|terreno=rural_compatible|autom=semi|linea=lotes,2026-10-01,USD,LOGISTICA,SIN_CONCEPTOS,1,0,0,0,0,0,0,,,,,0,0,0,0,0,0,SIN_MONTO,,,,,NO APLICA,NO DISPONIBLE: 0 conceptos sin costo,,,
C1-10000-rural,C1,10000,250,faena=propia|granjas=integradas:0|pollito=compra|alimento=compra|flota=tercero|frio=A_refrigerado|subprod=A_externo|terreno=rural_compatible|autom=semi|linea=lotes,2026-10-01,USD,INCUBACION,EXCLUIDO_POR_ARQUITECTURA,0,0,0,0,0,0,0,,,,,0,0,0,0,0,0,SIN_MONTO,,,,,NO APLICA,0 (excluido por arquitectura),,,
C1-10000-rural,C1,10000,250,faena=propia|granjas=integradas:0|pollito=compra|alimento=compra|flota=tercero|frio=A_refrigerado|subprod=A_externo|terreno=rural_compatible|autom=semi|linea=lotes,2026-10-01,USD,ALIMENTO,EXCLUIDO_POR_ARQUITECTURA,0,0,0,0,0,0,0,,,,,0,0,0,0,0,0,SIN_MONTO,,,,,NO APLICA,0 (excluido por arquitectura),,,
C1-10000-rural,C1,10000,250,faena=propia|granjas=integradas:0|pollito=compra|alimento=compra|flota=tercero|frio=A_refrigerado|subprod=A_externo|terreno=rural_compatible|autom=semi|linea=lotes,2026-10-01,USD,GRANJAS,EXCLUIDO_POR_ARQUITECTURA,10,0,0,0,0,0,0,,,,,0,0,0,0,0,0,SIN_MONTO,,,,,NO APLICA,0 (excluido por arquitectura),5538513.0665,,
C1-10000-rural,C1,10000,250,faena=propia|granjas=integradas:0|pollito=compra|alimento=compra|flota=tercero|frio=A_refrigerado|subprod=A_externo|terreno=rural_compatible|autom=semi|linea=lotes,2026-10-01,USD,INDIRECTOS,INCOMPLETO,7,7,0,7,0,0,0,,,,,0,0,0,0,7,7,SIN_MONTO,,,,0,NO CALCULABLE: 7 conceptos sin magnitud,NO DISPONIBLE: 7 conceptos sin costo,,,
C1-10000-rural,C1,10000,250,faena=propia|granjas=integradas:0|pollito=compra|alimento=compra|flota=tercero|frio=A_refrigerado|subprod=A_externo|terreno=rural_compatible|autom=semi|linea=lotes,2026-10-01,USD,PREOPERATIVOS,INCOMPLETO,8,8,0,8,0,0,0,,,,,0,0,0,0,8,8,SIN_MONTO,,,,0,NO CALCULABLE: 8 conceptos sin magnitud,NO DISPONIBLE: 8 conceptos sin costo,,,
C1-10000-rural,C1,10000,250,faena=propia|granjas=integradas:0|pollito=compra|alimento=compra|flota=tercero|frio=A_refrigerado|subprod=A_externo|terreno=rural_compatible|autom=semi|linea=lotes,2026-10-01,USD,CONTINGENCIA,INCOMPLETO,3,3,0,3,0,0,0,,,,,0,0,0,0,3,3,SIN_MONTO,,,,0,NO CALCULABLE: 3 conceptos sin magnitud,NO DISPONIBLE: 3 conceptos sin costo,,,
C1-10000-rural,C1,10000,250,faena=propia|granjas=integradas:0|pollito=compra|alimento=compra|flota=tercero|frio=A_refrigerado|subprod=A_externo|terreno=rural_compatible|autom=semi|linea=lotes,2026-10-01,USD,TOTAL,INCOMPLETO,166,76,1,75,7,0,0,0,0,119200.3424,0,0,0,1,0,75,75,MONTO_CON_REFERENCIAS_DEBILES_E4,119200.3424,63727.2425,206508.5781,1.3158,NO CALCULABLE: 75 conceptos sin magnitud,NO DISPONIBLE: 75 conceptos sin costo; terreno PROVISIONAL (criterio no seleccionado),5538513.0665,,TERRENO_CRITERIO_NO_SELECCIONADO: el terreno a adquirir es una decisión; se dimensiona PROVISIONALMENTE con terreno_requerido_arquitectura y su costo no es definitivo;12C:AVES_POR_CAMION;12C:FOOTPRINT_DESCONOCIDO;12C:ENFRIAMIENTO_NO_DEFINIDO;12C:T_POR_CAMION;12C:CARGA_FRIGORIFICA_PENDIENTE;12C:GENERADOR_PENDIENTE;12C:DOTACION_PROXY;12C:TECNOLOGIA_EFLUENTES_NO_DEFINIDA;12C:CLOACA_DEPENDE_DEL_SITIO;12C:LODOS_PENDIENTE;12C:OBJETIVO_EXPANSION_NO_DEFINIDO;12C:RENDERING_RESERVA;12C:RETIRO_PENDIENTE;12C:BUFFER_PROXY;12C:FOS_PENDIENTE
C1-10000-congelado_tercero,C1,10000,250,faena=propia|granjas=integradas:0|pollito=compra|alimento=compra|flota=tercero|frio=C_congelado_tercero|subprod=A_externo|terreno=compra_fase|autom=semi|linea=lotes,2026-10-01,USD,TERRENO,INCOMPLETO,5,5,0,5,0,0,0,,,,,0,0,0,0,5,5,SIN_MONTO,,,,0,NO CALCULABLE: 5 conceptos sin magnitud,NO DISPONIBLE: 5 conceptos sin costo; terreno PROVISIONAL (criterio no seleccionado),,,
C1-10000-congelado_tercero,C1,10000,250,faena=propia|granjas=integradas:0|pollito=compra|alimento=compra|flota=tercero|frio=C_congelado_tercero|subprod=A_externo|terreno=compra_fase|autom=semi|linea=lotes,2026-10-01,USD,OBRA_CIVIL,INCOMPLETO,16,16,1,15,0,0,0,0,0,119200.3424,0,0,0,1,0,15,15,MONTO_CON_REFERENCIAS_DEBILES_E4,119200.3424,63727.2425,206508.5781,6.25,NO CALCULABLE: 15 conceptos sin magnitud,NO DISPONIBLE: 15 conceptos sin costo,,,
C1-10000-congelado_tercero,C1,10000,250,faena=propia|granjas=integradas:0|pollito=compra|alimento=compra|flota=tercero|frio=C_congelado_tercero|subprod=A_externo|terreno=compra_fase|autom=semi|linea=lotes,2026-10-01,USD,PROCESO,INCOMPLETO,53,8,0,8,0,0,0,,,,,0,0,0,0,8,8,SIN_MONTO,,,,0,NO CALCULABLE: 8 conceptos sin magnitud,NO DISPONIBLE: 8 conceptos sin costo,,,
C1-10000-congelado_tercero,C1,10000,250,faena=propia|granjas=integradas:0|pollito=compra|alimento=compra|flota=tercero|frio=C_congelado_tercero|subprod=A_externo|terreno=compra_fase|autom=semi|linea=lotes,2026-10-01,USD,SUBPRODUCTOS,INCOMPLETO,5,1,0,1,0,0,0,,,,,0,0,0,0,1,1,SIN_MONTO,,,,0,NO CALCULABLE: 1 conceptos sin magnitud,NO DISPONIBLE: 1 conceptos sin costo,,,
C1-10000-congelado_tercero,C1,10000,250,faena=propia|granjas=integradas:0|pollito=compra|alimento=compra|flota=tercero|frio=C_congelado_tercero|subprod=A_externo|terreno=compra_fase|autom=semi|linea=lotes,2026-10-01,USD,FRIO,INCOMPLETO,15,1,0,1,1,0,0,,,,,0,0,0,0,1,1,SIN_MONTO,,,,0,NO CALCULABLE: 1 conceptos sin magnitud,NO DISPONIBLE: 1 conceptos sin costo,,,
C1-10000-congelado_tercero,C1,10000,250,faena=propia|granjas=integradas:0|pollito=compra|alimento=compra|flota=tercero|frio=C_congelado_tercero|subprod=A_externo|terreno=compra_fase|autom=semi|linea=lotes,2026-10-01,USD,UTILITIES,INCOMPLETO,19,15,0,15,5,0,0,,,,,0,0,0,0,15,15,SIN_MONTO,,,,0,NO CALCULABLE: 15 conceptos sin magnitud,NO DISPONIBLE: 15 conceptos sin costo,,,
C1-10000-congelado_tercero,C1,10000,250,faena=propia|granjas=integradas:0|pollito=compra|alimento=compra|flota=tercero|frio=C_congelado_tercero|subprod=A_externo|terreno=compra_fase|autom=semi|linea=lotes,2026-10-01,USD,EFLUENTES,INCOMPLETO,8,1,0,1,0,0,0,,,,,0,0,0,0,1,1,SIN_MONTO,,,,0,NO CALCULABLE: 1 conceptos sin magnitud,NO DISPONIBLE: 1 conceptos sin costo,,,
C1-10000-congelado_tercero,C1,10000,250,faena=propia|granjas=integradas:0|pollito=compra|alimento=compra|flota=tercero|frio=C_congelado_tercero|subprod=A_externo|terreno=compra_fase|autom=semi|linea=lotes,2026-10-01,USD,SERVICIOS_GENERALES,INCOMPLETO,13,11,0,11,1,0,0,,,,,0,0,0,0,11,11,SIN_MONTO,,,,0,NO CALCULABLE: 11 conceptos sin magnitud,NO DISPONIBLE: 11 conceptos sin costo,,,
C1-10000-congelado_tercero,C1,10000,250,faena=propia|granjas=integradas:0|pollito=compra|alimento=compra|flota=tercero|frio=C_congelado_tercero|subprod=A_externo|terreno=compra_fase|autom=semi|linea=lotes,2026-10-01,USD,LOGISTICA,SIN_CONCEPTOS,1,0,0,0,0,0,0,,,,,0,0,0,0,0,0,SIN_MONTO,,,,,NO APLICA,NO DISPONIBLE: 0 conceptos sin costo,,,
C1-10000-congelado_tercero,C1,10000,250,faena=propia|granjas=integradas:0|pollito=compra|alimento=compra|flota=tercero|frio=C_congelado_tercero|subprod=A_externo|terreno=compra_fase|autom=semi|linea=lotes,2026-10-01,USD,INCUBACION,EXCLUIDO_POR_ARQUITECTURA,0,0,0,0,0,0,0,,,,,0,0,0,0,0,0,SIN_MONTO,,,,,NO APLICA,0 (excluido por arquitectura),,,
C1-10000-congelado_tercero,C1,10000,250,faena=propia|granjas=integradas:0|pollito=compra|alimento=compra|flota=tercero|frio=C_congelado_tercero|subprod=A_externo|terreno=compra_fase|autom=semi|linea=lotes,2026-10-01,USD,ALIMENTO,EXCLUIDO_POR_ARQUITECTURA,0,0,0,0,0,0,0,,,,,0,0,0,0,0,0,SIN_MONTO,,,,,NO APLICA,0 (excluido por arquitectura),,,
C1-10000-congelado_tercero,C1,10000,250,faena=propia|granjas=integradas:0|pollito=compra|alimento=compra|flota=tercero|frio=C_congelado_tercero|subprod=A_externo|terreno=compra_fase|autom=semi|linea=lotes,2026-10-01,USD,GRANJAS,EXCLUIDO_POR_ARQUITECTURA,10,0,0,0,0,0,0,,,,,0,0,0,0,0,0,SIN_MONTO,,,,,NO APLICA,0 (excluido por arquitectura),5538513.0665,,
C1-10000-congelado_tercero,C1,10000,250,faena=propia|granjas=integradas:0|pollito=compra|alimento=compra|flota=tercero|frio=C_congelado_tercero|subprod=A_externo|terreno=compra_fase|autom=semi|linea=lotes,2026-10-01,USD,INDIRECTOS,INCOMPLETO,7,7,0,7,0,0,0,,,,,0,0,0,0,7,7,SIN_MONTO,,,,0,NO CALCULABLE: 7 conceptos sin magnitud,NO DISPONIBLE: 7 conceptos sin costo,,,
C1-10000-congelado_tercero,C1,10000,250,faena=propia|granjas=integradas:0|pollito=compra|alimento=compra|flota=tercero|frio=C_congelado_tercero|subprod=A_externo|terreno=compra_fase|autom=semi|linea=lotes,2026-10-01,USD,PREOPERATIVOS,INCOMPLETO,8,8,0,8,0,0,0,,,,,0,0,0,0,8,8,SIN_MONTO,,,,0,NO CALCULABLE: 8 conceptos sin magnitud,NO DISPONIBLE: 8 conceptos sin costo,,,
C1-10000-congelado_tercero,C1,10000,250,faena=propia|granjas=integradas:0|pollito=compra|alimento=compra|flota=tercero|frio=C_congelado_tercero|subprod=A_externo|terreno=compra_fase|autom=semi|linea=lotes,2026-10-01,USD,CONTINGENCIA,INCOMPLETO,3,3,0,3,0,0,0,,,,,0,0,0,0,3,3,SIN_MONTO,,,,0,NO CALCULABLE: 3 conceptos sin magnitud,NO DISPONIBLE: 3 conceptos sin costo,,,
C1-10000-congelado_tercero,C1,10000,250,faena=propia|granjas=integradas:0|pollito=compra|alimento=compra|flota=tercero|frio=C_congelado_tercero|subprod=A_externo|terreno=compra_fase|autom=semi|linea=lotes,2026-10-01,USD,TOTAL,INCOMPLETO,163,76,1,75,7,0,0,0,0,119200.3424,0,0,0,1,0,75,75,MONTO_CON_REFERENCIAS_DEBILES_E4,119200.3424,63727.2425,206508.5781,1.3158,NO CALCULABLE: 75 conceptos sin magnitud,NO DISPONIBLE: 75 conceptos sin costo; terreno PROVISIONAL (criterio no seleccionado),5538513.0665,,12C_ESCENARIO_NO_PUBLICADO: áreas calculadas con la función de 12C para entradas que su CSV no publica (no es una definición nueva de superficie);TERRENO_CRITERIO_NO_SELECCIONADO: el terreno a adquirir es una decisión; se dimensiona PROVISIONALMENTE con terreno_requerido_arquitectura y su costo no es definitivo;12C:AVES_POR_CAMION;12C:FOOTPRINT_DESCONOCIDO;12C:ENFRIAMIENTO_NO_DEFINIDO;12C:CONGELADO_TERCERIZADO;12C:T_POR_CAMION;12C:CARGA_FRIGORIFICA_PENDIENTE;12C:GENERADOR_PENDIENTE;12C:DOTACION_PROXY;12C:TECNOLOGIA_EFLUENTES_NO_DEFINIDA;12C:CLOACA_DEPENDE_DEL_SITIO;12C:LODOS_PENDIENTE;12C:OBJETIVO_EXPANSION_NO_DEFINIDO;12C:RENDERING_RESERVA;12C:RETIRO_PENDIENTE;12C:BUFFER_PROXY;12C:FOS_PENDIENTE
C1-10000-congelado_propio,C1,10000,250,faena=propia|granjas=integradas:0|pollito=compra|alimento=compra|flota=tercero|frio=B_refrigerado_congelado|subprod=A_externo|terreno=compra_fase|autom=semi|linea=lotes,2026-10-01,USD,TERRENO,INCOMPLETO,5,5,0,5,0,0,0,,,,,0,0,0,0,5,5,SIN_MONTO,,,,0,NO CALCULABLE: 5 conceptos sin magnitud,NO DISPONIBLE: 5 conceptos sin costo; terreno PROVISIONAL (criterio no seleccionado),,,
C1-10000-congelado_propio,C1,10000,250,faena=propia|granjas=integradas:0|pollito=compra|alimento=compra|flota=tercero|frio=B_refrigerado_congelado|subprod=A_externo|terreno=compra_fase|autom=semi|linea=lotes,2026-10-01,USD,OBRA_CIVIL,INCOMPLETO,16,16,1,15,0,0,0,0,0,119200.3424,0,0,0,1,0,15,15,MONTO_CON_REFERENCIAS_DEBILES_E4,119200.3424,63727.2425,206508.5781,6.25,NO CALCULABLE: 15 conceptos sin magnitud,NO DISPONIBLE: 15 conceptos sin costo,,,
C1-10000-congelado_propio,C1,10000,250,faena=propia|granjas=integradas:0|pollito=compra|alimento=compra|flota=tercero|frio=B_refrigerado_congelado|subprod=A_externo|terreno=compra_fase|autom=semi|linea=lotes,2026-10-01,USD,PROCESO,INCOMPLETO,53,8,0,8,0,0,0,,,,,0,0,0,0,8,8,SIN_MONTO,,,,0,NO CALCULABLE: 8 conceptos sin magnitud,NO DISPONIBLE: 8 conceptos sin costo,,,
C1-10000-congelado_propio,C1,10000,250,faena=propia|granjas=integradas:0|pollito=compra|alimento=compra|flota=tercero|frio=B_refrigerado_congelado|subprod=A_externo|terreno=compra_fase|autom=semi|linea=lotes,2026-10-01,USD,SUBPRODUCTOS,INCOMPLETO,5,1,0,1,0,0,0,,,,,0,0,0,0,1,1,SIN_MONTO,,,,0,NO CALCULABLE: 1 conceptos sin magnitud,NO DISPONIBLE: 1 conceptos sin costo,,,
C1-10000-congelado_propio,C1,10000,250,faena=propia|granjas=integradas:0|pollito=compra|alimento=compra|flota=tercero|frio=B_refrigerado_congelado|subprod=A_externo|terreno=compra_fase|autom=semi|linea=lotes,2026-10-01,USD,FRIO,INCOMPLETO,18,1,0,1,1,0,0,,,,,0,0,0,0,1,1,SIN_MONTO,,,,0,NO CALCULABLE: 1 conceptos sin magnitud,NO DISPONIBLE: 1 conceptos sin costo,,,
C1-10000-congelado_propio,C1,10000,250,faena=propia|granjas=integradas:0|pollito=compra|alimento=compra|flota=tercero|frio=B_refrigerado_congelado|subprod=A_externo|terreno=compra_fase|autom=semi|linea=lotes,2026-10-01,USD,UTILITIES,INCOMPLETO,19,15,0,15,5,0,0,,,,,0,0,0,0,15,15,SIN_MONTO,,,,0,NO CALCULABLE: 15 conceptos sin magnitud,NO DISPONIBLE: 15 conceptos sin costo,,,
C1-10000-congelado_propio,C1,10000,250,faena=propia|granjas=integradas:0|pollito=compra|alimento=compra|flota=tercero|frio=B_refrigerado_congelado|subprod=A_externo|terreno=compra_fase|autom=semi|linea=lotes,2026-10-01,USD,EFLUENTES,INCOMPLETO,8,1,0,1,0,0,0,,,,,0,0,0,0,1,1,SIN_MONTO,,,,0,NO CALCULABLE: 1 conceptos sin magnitud,NO DISPONIBLE: 1 conceptos sin costo,,,
C1-10000-congelado_propio,C1,10000,250,faena=propia|granjas=integradas:0|pollito=compra|alimento=compra|flota=tercero|frio=B_refrigerado_congelado|subprod=A_externo|terreno=compra_fase|autom=semi|linea=lotes,2026-10-01,USD,SERVICIOS_GENERALES,INCOMPLETO,13,11,0,11,1,0,0,,,,,0,0,0,0,11,11,SIN_MONTO,,,,0,NO CALCULABLE: 11 conceptos sin magnitud,NO DISPONIBLE: 11 conceptos sin costo,,,
C1-10000-congelado_propio,C1,10000,250,faena=propia|granjas=integradas:0|pollito=compra|alimento=compra|flota=tercero|frio=B_refrigerado_congelado|subprod=A_externo|terreno=compra_fase|autom=semi|linea=lotes,2026-10-01,USD,LOGISTICA,SIN_CONCEPTOS,1,0,0,0,0,0,0,,,,,0,0,0,0,0,0,SIN_MONTO,,,,,NO APLICA,NO DISPONIBLE: 0 conceptos sin costo,,,
C1-10000-congelado_propio,C1,10000,250,faena=propia|granjas=integradas:0|pollito=compra|alimento=compra|flota=tercero|frio=B_refrigerado_congelado|subprod=A_externo|terreno=compra_fase|autom=semi|linea=lotes,2026-10-01,USD,INCUBACION,EXCLUIDO_POR_ARQUITECTURA,0,0,0,0,0,0,0,,,,,0,0,0,0,0,0,SIN_MONTO,,,,,NO APLICA,0 (excluido por arquitectura),,,
C1-10000-congelado_propio,C1,10000,250,faena=propia|granjas=integradas:0|pollito=compra|alimento=compra|flota=tercero|frio=B_refrigerado_congelado|subprod=A_externo|terreno=compra_fase|autom=semi|linea=lotes,2026-10-01,USD,ALIMENTO,EXCLUIDO_POR_ARQUITECTURA,0,0,0,0,0,0,0,,,,,0,0,0,0,0,0,SIN_MONTO,,,,,NO APLICA,0 (excluido por arquitectura),,,
C1-10000-congelado_propio,C1,10000,250,faena=propia|granjas=integradas:0|pollito=compra|alimento=compra|flota=tercero|frio=B_refrigerado_congelado|subprod=A_externo|terreno=compra_fase|autom=semi|linea=lotes,2026-10-01,USD,GRANJAS,EXCLUIDO_POR_ARQUITECTURA,10,0,0,0,0,0,0,,,,,0,0,0,0,0,0,SIN_MONTO,,,,,NO APLICA,0 (excluido por arquitectura),5538513.0665,,
C1-10000-congelado_propio,C1,10000,250,faena=propia|granjas=integradas:0|pollito=compra|alimento=compra|flota=tercero|frio=B_refrigerado_congelado|subprod=A_externo|terreno=compra_fase|autom=semi|linea=lotes,2026-10-01,USD,INDIRECTOS,INCOMPLETO,7,7,0,7,0,0,0,,,,,0,0,0,0,7,7,SIN_MONTO,,,,0,NO CALCULABLE: 7 conceptos sin magnitud,NO DISPONIBLE: 7 conceptos sin costo,,,
C1-10000-congelado_propio,C1,10000,250,faena=propia|granjas=integradas:0|pollito=compra|alimento=compra|flota=tercero|frio=B_refrigerado_congelado|subprod=A_externo|terreno=compra_fase|autom=semi|linea=lotes,2026-10-01,USD,PREOPERATIVOS,INCOMPLETO,8,8,0,8,0,0,0,,,,,0,0,0,0,8,8,SIN_MONTO,,,,0,NO CALCULABLE: 8 conceptos sin magnitud,NO DISPONIBLE: 8 conceptos sin costo,,,
C1-10000-congelado_propio,C1,10000,250,faena=propia|granjas=integradas:0|pollito=compra|alimento=compra|flota=tercero|frio=B_refrigerado_congelado|subprod=A_externo|terreno=compra_fase|autom=semi|linea=lotes,2026-10-01,USD,CONTINGENCIA,INCOMPLETO,3,3,0,3,0,0,0,,,,,0,0,0,0,3,3,SIN_MONTO,,,,0,NO CALCULABLE: 3 conceptos sin magnitud,NO DISPONIBLE: 3 conceptos sin costo,,,
C1-10000-congelado_propio,C1,10000,250,faena=propia|granjas=integradas:0|pollito=compra|alimento=compra|flota=tercero|frio=B_refrigerado_congelado|subprod=A_externo|terreno=compra_fase|autom=semi|linea=lotes,2026-10-01,USD,TOTAL,INCOMPLETO,166,76,1,75,7,0,0,0,0,119200.3424,0,0,0,1,0,75,75,MONTO_CON_REFERENCIAS_DEBILES_E4,119200.3424,63727.2425,206508.5781,1.3158,NO CALCULABLE: 75 conceptos sin magnitud,NO DISPONIBLE: 75 conceptos sin costo; terreno PROVISIONAL (criterio no seleccionado),5538513.0665,,TERRENO_CRITERIO_NO_SELECCIONADO: el terreno a adquirir es una decisión; se dimensiona PROVISIONALMENTE con terreno_requerido_arquitectura y su costo no es definitivo;12C:AVES_POR_CAMION;12C:FOOTPRINT_DESCONOCIDO;12C:ENFRIAMIENTO_NO_DEFINIDO;12C:T_POR_CAMION;12C:CARGA_FRIGORIFICA_PENDIENTE;12C:GENERADOR_PENDIENTE;12C:DOTACION_PROXY;12C:TECNOLOGIA_EFLUENTES_NO_DEFINIDA;12C:CLOACA_DEPENDE_DEL_SITIO;12C:LODOS_PENDIENTE;12C:OBJETIVO_EXPANSION_NO_DEFINIDO;12C:RENDERING_RESERVA;12C:RETIRO_PENDIENTE;12C:BUFFER_PROXY;12C:FOS_PENDIENTE
C1-10000-subprod_basico,C1,10000,250,faena=propia|granjas=integradas:0|pollito=compra|alimento=compra|flota=tercero|frio=A_refrigerado|subprod=B_basico_propio|terreno=compra_fase|autom=semi|linea=lotes,2026-10-01,USD,TERRENO,INCOMPLETO,5,5,0,5,0,0,0,,,,,0,0,0,0,5,5,SIN_MONTO,,,,0,NO CALCULABLE: 5 conceptos sin magnitud,NO DISPONIBLE: 5 conceptos sin costo; terreno PROVISIONAL (criterio no seleccionado),,,
C1-10000-subprod_basico,C1,10000,250,faena=propia|granjas=integradas:0|pollito=compra|alimento=compra|flota=tercero|frio=A_refrigerado|subprod=B_basico_propio|terreno=compra_fase|autom=semi|linea=lotes,2026-10-01,USD,OBRA_CIVIL,INCOMPLETO,16,16,1,15,0,0,0,0,0,119200.3424,0,0,0,1,0,15,15,MONTO_CON_REFERENCIAS_DEBILES_E4,119200.3424,63727.2425,206508.5781,6.25,NO CALCULABLE: 15 conceptos sin magnitud,NO DISPONIBLE: 15 conceptos sin costo,,,
C1-10000-subprod_basico,C1,10000,250,faena=propia|granjas=integradas:0|pollito=compra|alimento=compra|flota=tercero|frio=A_refrigerado|subprod=B_basico_propio|terreno=compra_fase|autom=semi|linea=lotes,2026-10-01,USD,PROCESO,INCOMPLETO,53,8,0,8,0,0,0,,,,,0,0,0,0,8,8,SIN_MONTO,,,,0,NO CALCULABLE: 8 conceptos sin magnitud,NO DISPONIBLE: 8 conceptos sin costo,,,
C1-10000-subprod_basico,C1,10000,250,faena=propia|granjas=integradas:0|pollito=compra|alimento=compra|flota=tercero|frio=A_refrigerado|subprod=B_basico_propio|terreno=compra_fase|autom=semi|linea=lotes,2026-10-01,USD,SUBPRODUCTOS,INCOMPLETO,6,2,0,2,0,0,0,,,,,0,0,0,0,2,2,SIN_MONTO,,,,0,NO CALCULABLE: 2 conceptos sin magnitud,NO DISPONIBLE: 2 conceptos sin costo,,,
C1-10000-subprod_basico,C1,10000,250,faena=propia|granjas=integradas:0|pollito=compra|alimento=compra|flota=tercero|frio=A_refrigerado|subprod=B_basico_propio|terreno=compra_fase|autom=semi|linea=lotes,2026-10-01,USD,FRIO,INCOMPLETO,18,1,0,1,1,0,0,,,,,0,0,0,0,1,1,SIN_MONTO,,,,0,NO CALCULABLE: 1 conceptos sin magnitud,NO DISPONIBLE: 1 conceptos sin costo,,,
C1-10000-subprod_basico,C1,10000,250,faena=propia|granjas=integradas:0|pollito=compra|alimento=compra|flota=tercero|frio=A_refrigerado|subprod=B_basico_propio|terreno=compra_fase|autom=semi|linea=lotes,2026-10-01,USD,UTILITIES,INCOMPLETO,19,15,0,15,5,0,0,,,,,0,0,0,0,15,15,SIN_MONTO,,,,0,NO CALCULABLE: 15 conceptos sin magnitud,NO DISPONIBLE: 15 conceptos sin costo,,,
C1-10000-subprod_basico,C1,10000,250,faena=propia|granjas=integradas:0|pollito=compra|alimento=compra|flota=tercero|frio=A_refrigerado|subprod=B_basico_propio|terreno=compra_fase|autom=semi|linea=lotes,2026-10-01,USD,EFLUENTES,INCOMPLETO,8,1,0,1,0,0,0,,,,,0,0,0,0,1,1,SIN_MONTO,,,,0,NO CALCULABLE: 1 conceptos sin magnitud,NO DISPONIBLE: 1 conceptos sin costo,,,
C1-10000-subprod_basico,C1,10000,250,faena=propia|granjas=integradas:0|pollito=compra|alimento=compra|flota=tercero|frio=A_refrigerado|subprod=B_basico_propio|terreno=compra_fase|autom=semi|linea=lotes,2026-10-01,USD,SERVICIOS_GENERALES,INCOMPLETO,13,11,0,11,1,0,0,,,,,0,0,0,0,11,11,SIN_MONTO,,,,0,NO CALCULABLE: 11 conceptos sin magnitud,NO DISPONIBLE: 11 conceptos sin costo,,,
C1-10000-subprod_basico,C1,10000,250,faena=propia|granjas=integradas:0|pollito=compra|alimento=compra|flota=tercero|frio=A_refrigerado|subprod=B_basico_propio|terreno=compra_fase|autom=semi|linea=lotes,2026-10-01,USD,LOGISTICA,SIN_CONCEPTOS,1,0,0,0,0,0,0,,,,,0,0,0,0,0,0,SIN_MONTO,,,,,NO APLICA,NO DISPONIBLE: 0 conceptos sin costo,,,
C1-10000-subprod_basico,C1,10000,250,faena=propia|granjas=integradas:0|pollito=compra|alimento=compra|flota=tercero|frio=A_refrigerado|subprod=B_basico_propio|terreno=compra_fase|autom=semi|linea=lotes,2026-10-01,USD,INCUBACION,EXCLUIDO_POR_ARQUITECTURA,0,0,0,0,0,0,0,,,,,0,0,0,0,0,0,SIN_MONTO,,,,,NO APLICA,0 (excluido por arquitectura),,,
C1-10000-subprod_basico,C1,10000,250,faena=propia|granjas=integradas:0|pollito=compra|alimento=compra|flota=tercero|frio=A_refrigerado|subprod=B_basico_propio|terreno=compra_fase|autom=semi|linea=lotes,2026-10-01,USD,ALIMENTO,EXCLUIDO_POR_ARQUITECTURA,0,0,0,0,0,0,0,,,,,0,0,0,0,0,0,SIN_MONTO,,,,,NO APLICA,0 (excluido por arquitectura),,,
C1-10000-subprod_basico,C1,10000,250,faena=propia|granjas=integradas:0|pollito=compra|alimento=compra|flota=tercero|frio=A_refrigerado|subprod=B_basico_propio|terreno=compra_fase|autom=semi|linea=lotes,2026-10-01,USD,GRANJAS,EXCLUIDO_POR_ARQUITECTURA,10,0,0,0,0,0,0,,,,,0,0,0,0,0,0,SIN_MONTO,,,,,NO APLICA,0 (excluido por arquitectura),5538513.0665,,
C1-10000-subprod_basico,C1,10000,250,faena=propia|granjas=integradas:0|pollito=compra|alimento=compra|flota=tercero|frio=A_refrigerado|subprod=B_basico_propio|terreno=compra_fase|autom=semi|linea=lotes,2026-10-01,USD,INDIRECTOS,INCOMPLETO,7,7,0,7,0,0,0,,,,,0,0,0,0,7,7,SIN_MONTO,,,,0,NO CALCULABLE: 7 conceptos sin magnitud,NO DISPONIBLE: 7 conceptos sin costo,,,
C1-10000-subprod_basico,C1,10000,250,faena=propia|granjas=integradas:0|pollito=compra|alimento=compra|flota=tercero|frio=A_refrigerado|subprod=B_basico_propio|terreno=compra_fase|autom=semi|linea=lotes,2026-10-01,USD,PREOPERATIVOS,INCOMPLETO,8,8,0,8,0,0,0,,,,,0,0,0,0,8,8,SIN_MONTO,,,,0,NO CALCULABLE: 8 conceptos sin magnitud,NO DISPONIBLE: 8 conceptos sin costo,,,
C1-10000-subprod_basico,C1,10000,250,faena=propia|granjas=integradas:0|pollito=compra|alimento=compra|flota=tercero|frio=A_refrigerado|subprod=B_basico_propio|terreno=compra_fase|autom=semi|linea=lotes,2026-10-01,USD,CONTINGENCIA,INCOMPLETO,3,3,0,3,0,0,0,,,,,0,0,0,0,3,3,SIN_MONTO,,,,0,NO CALCULABLE: 3 conceptos sin magnitud,NO DISPONIBLE: 3 conceptos sin costo,,,
C1-10000-subprod_basico,C1,10000,250,faena=propia|granjas=integradas:0|pollito=compra|alimento=compra|flota=tercero|frio=A_refrigerado|subprod=B_basico_propio|terreno=compra_fase|autom=semi|linea=lotes,2026-10-01,USD,TOTAL,INCOMPLETO,167,77,1,76,7,0,0,0,0,119200.3424,0,0,0,1,0,76,76,MONTO_CON_REFERENCIAS_DEBILES_E4,119200.3424,63727.2425,206508.5781,1.2987,NO CALCULABLE: 76 conceptos sin magnitud,NO DISPONIBLE: 76 conceptos sin costo; terreno PROVISIONAL (criterio no seleccionado),5538513.0665,,TERRENO_CRITERIO_NO_SELECCIONADO: el terreno a adquirir es una decisión; se dimensiona PROVISIONALMENTE con terreno_requerido_arquitectura y su costo no es definitivo;12C:AVES_POR_CAMION;12C:FOOTPRINT_DESCONOCIDO;12C:ENFRIAMIENTO_NO_DEFINIDO;12C:T_POR_CAMION;12C:CARGA_FRIGORIFICA_PENDIENTE;12C:GENERADOR_PENDIENTE;12C:DOTACION_PROXY;12C:TECNOLOGIA_EFLUENTES_NO_DEFINIDA;12C:CLOACA_DEPENDE_DEL_SITIO;12C:LODOS_PENDIENTE;12C:OBJETIVO_EXPANSION_NO_DEFINIDO;12C:RENDERING_RESERVA;12C:RETIRO_PENDIENTE;12C:BUFFER_PROXY;12C:FOS_PENDIENTE
C1-10000-llave_en_mano,C1,10000,250,faena=propia|granjas=integradas:0|pollito=compra|alimento=compra|flota=tercero|frio=A_refrigerado|subprod=A_externo|terreno=compra_fase|autom=semi|linea=llave_en_mano,2026-10-01,USD,TERRENO,INCOMPLETO,5,5,0,5,0,0,0,,,,,0,0,0,0,5,5,SIN_MONTO,,,,0,NO CALCULABLE: 5 conceptos sin magnitud,NO DISPONIBLE: 5 conceptos sin costo; terreno PROVISIONAL (criterio no seleccionado),,,
C1-10000-llave_en_mano,C1,10000,250,faena=propia|granjas=integradas:0|pollito=compra|alimento=compra|flota=tercero|frio=A_refrigerado|subprod=A_externo|terreno=compra_fase|autom=semi|linea=llave_en_mano,2026-10-01,USD,OBRA_CIVIL,INCOMPLETO,16,16,1,15,0,0,0,0,0,119200.3424,0,0,0,1,0,15,15,MONTO_CON_REFERENCIAS_DEBILES_E4,119200.3424,63727.2425,206508.5781,6.25,NO CALCULABLE: 15 conceptos sin magnitud,NO DISPONIBLE: 15 conceptos sin costo,,,
C1-10000-llave_en_mano,C1,10000,250,faena=propia|granjas=integradas:0|pollito=compra|alimento=compra|flota=tercero|frio=A_refrigerado|subprod=A_externo|terreno=compra_fase|autom=semi|linea=llave_en_mano,2026-10-01,USD,PROCESO,INCOMPLETO,54,4,0,4,0,0,0,,,,,0,0,0,0,4,4,SIN_MONTO,,,,0,NO CALCULABLE: 4 conceptos sin magnitud,NO DISPONIBLE: 4 conceptos sin costo,,,
C1-10000-llave_en_mano,C1,10000,250,faena=propia|granjas=integradas:0|pollito=compra|alimento=compra|flota=tercero|frio=A_refrigerado|subprod=A_externo|terreno=compra_fase|autom=semi|linea=llave_en_mano,2026-10-01,USD,SUBPRODUCTOS,INCOMPLETO,5,1,0,1,0,0,0,,,,,0,0,0,0,1,1,SIN_MONTO,,,,0,NO CALCULABLE: 1 conceptos sin magnitud,NO DISPONIBLE: 1 conceptos sin costo,,,
C1-10000-llave_en_mano,C1,10000,250,faena=propia|granjas=integradas:0|pollito=compra|alimento=compra|flota=tercero|frio=A_refrigerado|subprod=A_externo|terreno=compra_fase|autom=semi|linea=llave_en_mano,2026-10-01,USD,FRIO,INCOMPLETO,18,1,0,1,1,0,0,,,,,0,0,0,0,1,1,SIN_MONTO,,,,0,NO CALCULABLE: 1 conceptos sin magnitud,NO DISPONIBLE: 1 conceptos sin costo,,,
C1-10000-llave_en_mano,C1,10000,250,faena=propia|granjas=integradas:0|pollito=compra|alimento=compra|flota=tercero|frio=A_refrigerado|subprod=A_externo|terreno=compra_fase|autom=semi|linea=llave_en_mano,2026-10-01,USD,UTILITIES,INCOMPLETO,19,15,0,15,5,0,0,,,,,0,0,0,0,15,15,SIN_MONTO,,,,0,NO CALCULABLE: 15 conceptos sin magnitud,NO DISPONIBLE: 15 conceptos sin costo,,,
C1-10000-llave_en_mano,C1,10000,250,faena=propia|granjas=integradas:0|pollito=compra|alimento=compra|flota=tercero|frio=A_refrigerado|subprod=A_externo|terreno=compra_fase|autom=semi|linea=llave_en_mano,2026-10-01,USD,EFLUENTES,INCOMPLETO,8,1,0,1,0,0,0,,,,,0,0,0,0,1,1,SIN_MONTO,,,,0,NO CALCULABLE: 1 conceptos sin magnitud,NO DISPONIBLE: 1 conceptos sin costo,,,
C1-10000-llave_en_mano,C1,10000,250,faena=propia|granjas=integradas:0|pollito=compra|alimento=compra|flota=tercero|frio=A_refrigerado|subprod=A_externo|terreno=compra_fase|autom=semi|linea=llave_en_mano,2026-10-01,USD,SERVICIOS_GENERALES,INCOMPLETO,13,11,0,11,1,0,0,,,,,0,0,0,0,11,11,SIN_MONTO,,,,0,NO CALCULABLE: 11 conceptos sin magnitud,NO DISPONIBLE: 11 conceptos sin costo,,,
C1-10000-llave_en_mano,C1,10000,250,faena=propia|granjas=integradas:0|pollito=compra|alimento=compra|flota=tercero|frio=A_refrigerado|subprod=A_externo|terreno=compra_fase|autom=semi|linea=llave_en_mano,2026-10-01,USD,LOGISTICA,SIN_CONCEPTOS,1,0,0,0,0,0,0,,,,,0,0,0,0,0,0,SIN_MONTO,,,,,NO APLICA,NO DISPONIBLE: 0 conceptos sin costo,,,
C1-10000-llave_en_mano,C1,10000,250,faena=propia|granjas=integradas:0|pollito=compra|alimento=compra|flota=tercero|frio=A_refrigerado|subprod=A_externo|terreno=compra_fase|autom=semi|linea=llave_en_mano,2026-10-01,USD,INCUBACION,EXCLUIDO_POR_ARQUITECTURA,0,0,0,0,0,0,0,,,,,0,0,0,0,0,0,SIN_MONTO,,,,,NO APLICA,0 (excluido por arquitectura),,,
C1-10000-llave_en_mano,C1,10000,250,faena=propia|granjas=integradas:0|pollito=compra|alimento=compra|flota=tercero|frio=A_refrigerado|subprod=A_externo|terreno=compra_fase|autom=semi|linea=llave_en_mano,2026-10-01,USD,ALIMENTO,EXCLUIDO_POR_ARQUITECTURA,0,0,0,0,0,0,0,,,,,0,0,0,0,0,0,SIN_MONTO,,,,,NO APLICA,0 (excluido por arquitectura),,,
C1-10000-llave_en_mano,C1,10000,250,faena=propia|granjas=integradas:0|pollito=compra|alimento=compra|flota=tercero|frio=A_refrigerado|subprod=A_externo|terreno=compra_fase|autom=semi|linea=llave_en_mano,2026-10-01,USD,GRANJAS,EXCLUIDO_POR_ARQUITECTURA,10,0,0,0,0,0,0,,,,,0,0,0,0,0,0,SIN_MONTO,,,,,NO APLICA,0 (excluido por arquitectura),5538513.0665,,
C1-10000-llave_en_mano,C1,10000,250,faena=propia|granjas=integradas:0|pollito=compra|alimento=compra|flota=tercero|frio=A_refrigerado|subprod=A_externo|terreno=compra_fase|autom=semi|linea=llave_en_mano,2026-10-01,USD,INDIRECTOS,INCOMPLETO,7,7,0,7,0,0,0,,,,,0,0,0,0,7,7,SIN_MONTO,,,,0,NO CALCULABLE: 7 conceptos sin magnitud,NO DISPONIBLE: 7 conceptos sin costo,,,
C1-10000-llave_en_mano,C1,10000,250,faena=propia|granjas=integradas:0|pollito=compra|alimento=compra|flota=tercero|frio=A_refrigerado|subprod=A_externo|terreno=compra_fase|autom=semi|linea=llave_en_mano,2026-10-01,USD,PREOPERATIVOS,INCOMPLETO,8,8,0,8,0,0,0,,,,,0,0,0,0,8,8,SIN_MONTO,,,,0,NO CALCULABLE: 8 conceptos sin magnitud,NO DISPONIBLE: 8 conceptos sin costo,,,
C1-10000-llave_en_mano,C1,10000,250,faena=propia|granjas=integradas:0|pollito=compra|alimento=compra|flota=tercero|frio=A_refrigerado|subprod=A_externo|terreno=compra_fase|autom=semi|linea=llave_en_mano,2026-10-01,USD,CONTINGENCIA,INCOMPLETO,3,3,0,3,0,0,0,,,,,0,0,0,0,3,3,SIN_MONTO,,,,0,NO CALCULABLE: 3 conceptos sin magnitud,NO DISPONIBLE: 3 conceptos sin costo,,,
C1-10000-llave_en_mano,C1,10000,250,faena=propia|granjas=integradas:0|pollito=compra|alimento=compra|flota=tercero|frio=A_refrigerado|subprod=A_externo|terreno=compra_fase|autom=semi|linea=llave_en_mano,2026-10-01,USD,TOTAL,INCOMPLETO,167,72,1,71,7,0,0,0,0,119200.3424,0,0,0,1,0,71,71,MONTO_CON_REFERENCIAS_DEBILES_E4,119200.3424,63727.2425,206508.5781,1.3889,NO CALCULABLE: 71 conceptos sin magnitud,NO DISPONIBLE: 71 conceptos sin costo; terreno PROVISIONAL (criterio no seleccionado),5538513.0665,,TERRENO_CRITERIO_NO_SELECCIONADO: el terreno a adquirir es una decisión; se dimensiona PROVISIONALMENTE con terreno_requerido_arquitectura y su costo no es definitivo;12C:AVES_POR_CAMION;12C:FOOTPRINT_DESCONOCIDO;12C:ENFRIAMIENTO_NO_DEFINIDO;12C:T_POR_CAMION;12C:CARGA_FRIGORIFICA_PENDIENTE;12C:GENERADOR_PENDIENTE;12C:DOTACION_PROXY;12C:TECNOLOGIA_EFLUENTES_NO_DEFINIDA;12C:CLOACA_DEPENDE_DEL_SITIO;12C:LODOS_PENDIENTE;12C:OBJETIVO_EXPANSION_NO_DEFINIDO;12C:RENDERING_RESERVA;12C:RETIRO_PENDIENTE;12C:BUFFER_PROXY;12C:FOS_PENDIENTE
C1-10000-manual,C1,10000,250,faena=propia|granjas=integradas:0|pollito=compra|alimento=compra|flota=tercero|frio=A_refrigerado|subprod=A_externo|terreno=compra_fase|autom=manual|linea=lotes,2026-10-01,USD,TERRENO,INCOMPLETO,5,5,0,5,0,0,0,,,,,0,0,0,0,5,5,SIN_MONTO,,,,0,NO CALCULABLE: 5 conceptos sin magnitud,NO DISPONIBLE: 5 conceptos sin costo; terreno PROVISIONAL (criterio no seleccionado),,,
C1-10000-manual,C1,10000,250,faena=propia|granjas=integradas:0|pollito=compra|alimento=compra|flota=tercero|frio=A_refrigerado|subprod=A_externo|terreno=compra_fase|autom=manual|linea=lotes,2026-10-01,USD,OBRA_CIVIL,INCOMPLETO,16,16,1,15,0,0,0,0,0,119200.3424,0,0,0,1,0,15,15,MONTO_CON_REFERENCIAS_DEBILES_E4,119200.3424,63727.2425,206508.5781,6.25,NO CALCULABLE: 15 conceptos sin magnitud,NO DISPONIBLE: 15 conceptos sin costo,,,
C1-10000-manual,C1,10000,250,faena=propia|granjas=integradas:0|pollito=compra|alimento=compra|flota=tercero|frio=A_refrigerado|subprod=A_externo|terreno=compra_fase|autom=manual|linea=lotes,2026-10-01,USD,PROCESO,INCOMPLETO,53,8,0,8,0,0,0,,,,,0,0,0,0,8,8,SIN_MONTO,,,,0,NO CALCULABLE: 8 conceptos sin magnitud,NO DISPONIBLE: 8 conceptos sin costo,,,
C1-10000-manual,C1,10000,250,faena=propia|granjas=integradas:0|pollito=compra|alimento=compra|flota=tercero|frio=A_refrigerado|subprod=A_externo|terreno=compra_fase|autom=manual|linea=lotes,2026-10-01,USD,SUBPRODUCTOS,INCOMPLETO,5,1,0,1,0,0,0,,,,,0,0,0,0,1,1,SIN_MONTO,,,,0,NO CALCULABLE: 1 conceptos sin magnitud,NO DISPONIBLE: 1 conceptos sin costo,,,
C1-10000-manual,C1,10000,250,faena=propia|granjas=integradas:0|pollito=compra|alimento=compra|flota=tercero|frio=A_refrigerado|subprod=A_externo|terreno=compra_fase|autom=manual|linea=lotes,2026-10-01,USD,FRIO,INCOMPLETO,18,1,0,1,1,0,0,,,,,0,0,0,0,1,1,SIN_MONTO,,,,0,NO CALCULABLE: 1 conceptos sin magnitud,NO DISPONIBLE: 1 conceptos sin costo,,,
C1-10000-manual,C1,10000,250,faena=propia|granjas=integradas:0|pollito=compra|alimento=compra|flota=tercero|frio=A_refrigerado|subprod=A_externo|terreno=compra_fase|autom=manual|linea=lotes,2026-10-01,USD,UTILITIES,INCOMPLETO,19,15,0,15,5,0,0,,,,,0,0,0,0,15,15,SIN_MONTO,,,,0,NO CALCULABLE: 15 conceptos sin magnitud,NO DISPONIBLE: 15 conceptos sin costo,,,
C1-10000-manual,C1,10000,250,faena=propia|granjas=integradas:0|pollito=compra|alimento=compra|flota=tercero|frio=A_refrigerado|subprod=A_externo|terreno=compra_fase|autom=manual|linea=lotes,2026-10-01,USD,EFLUENTES,INCOMPLETO,8,1,0,1,0,0,0,,,,,0,0,0,0,1,1,SIN_MONTO,,,,0,NO CALCULABLE: 1 conceptos sin magnitud,NO DISPONIBLE: 1 conceptos sin costo,,,
C1-10000-manual,C1,10000,250,faena=propia|granjas=integradas:0|pollito=compra|alimento=compra|flota=tercero|frio=A_refrigerado|subprod=A_externo|terreno=compra_fase|autom=manual|linea=lotes,2026-10-01,USD,SERVICIOS_GENERALES,INCOMPLETO,13,11,0,11,1,0,0,,,,,0,0,0,0,11,11,SIN_MONTO,,,,0,NO CALCULABLE: 11 conceptos sin magnitud,NO DISPONIBLE: 11 conceptos sin costo,,,
C1-10000-manual,C1,10000,250,faena=propia|granjas=integradas:0|pollito=compra|alimento=compra|flota=tercero|frio=A_refrigerado|subprod=A_externo|terreno=compra_fase|autom=manual|linea=lotes,2026-10-01,USD,LOGISTICA,SIN_CONCEPTOS,1,0,0,0,0,0,0,,,,,0,0,0,0,0,0,SIN_MONTO,,,,,NO APLICA,NO DISPONIBLE: 0 conceptos sin costo,,,
C1-10000-manual,C1,10000,250,faena=propia|granjas=integradas:0|pollito=compra|alimento=compra|flota=tercero|frio=A_refrigerado|subprod=A_externo|terreno=compra_fase|autom=manual|linea=lotes,2026-10-01,USD,INCUBACION,EXCLUIDO_POR_ARQUITECTURA,0,0,0,0,0,0,0,,,,,0,0,0,0,0,0,SIN_MONTO,,,,,NO APLICA,0 (excluido por arquitectura),,,
C1-10000-manual,C1,10000,250,faena=propia|granjas=integradas:0|pollito=compra|alimento=compra|flota=tercero|frio=A_refrigerado|subprod=A_externo|terreno=compra_fase|autom=manual|linea=lotes,2026-10-01,USD,ALIMENTO,EXCLUIDO_POR_ARQUITECTURA,0,0,0,0,0,0,0,,,,,0,0,0,0,0,0,SIN_MONTO,,,,,NO APLICA,0 (excluido por arquitectura),,,
C1-10000-manual,C1,10000,250,faena=propia|granjas=integradas:0|pollito=compra|alimento=compra|flota=tercero|frio=A_refrigerado|subprod=A_externo|terreno=compra_fase|autom=manual|linea=lotes,2026-10-01,USD,GRANJAS,EXCLUIDO_POR_ARQUITECTURA,10,0,0,0,0,0,0,,,,,0,0,0,0,0,0,SIN_MONTO,,,,,NO APLICA,0 (excluido por arquitectura),5538513.0665,,
C1-10000-manual,C1,10000,250,faena=propia|granjas=integradas:0|pollito=compra|alimento=compra|flota=tercero|frio=A_refrigerado|subprod=A_externo|terreno=compra_fase|autom=manual|linea=lotes,2026-10-01,USD,INDIRECTOS,INCOMPLETO,7,7,0,7,0,0,0,,,,,0,0,0,0,7,7,SIN_MONTO,,,,0,NO CALCULABLE: 7 conceptos sin magnitud,NO DISPONIBLE: 7 conceptos sin costo,,,
C1-10000-manual,C1,10000,250,faena=propia|granjas=integradas:0|pollito=compra|alimento=compra|flota=tercero|frio=A_refrigerado|subprod=A_externo|terreno=compra_fase|autom=manual|linea=lotes,2026-10-01,USD,PREOPERATIVOS,INCOMPLETO,8,8,0,8,0,0,0,,,,,0,0,0,0,8,8,SIN_MONTO,,,,0,NO CALCULABLE: 8 conceptos sin magnitud,NO DISPONIBLE: 8 conceptos sin costo,,,
C1-10000-manual,C1,10000,250,faena=propia|granjas=integradas:0|pollito=compra|alimento=compra|flota=tercero|frio=A_refrigerado|subprod=A_externo|terreno=compra_fase|autom=manual|linea=lotes,2026-10-01,USD,CONTINGENCIA,INCOMPLETO,3,3,0,3,0,0,0,,,,,0,0,0,0,3,3,SIN_MONTO,,,,0,NO CALCULABLE: 3 conceptos sin magnitud,NO DISPONIBLE: 3 conceptos sin costo,,,
C1-10000-manual,C1,10000,250,faena=propia|granjas=integradas:0|pollito=compra|alimento=compra|flota=tercero|frio=A_refrigerado|subprod=A_externo|terreno=compra_fase|autom=manual|linea=lotes,2026-10-01,USD,TOTAL,INCOMPLETO,166,76,1,75,7,0,0,0,0,119200.3424,0,0,0,1,0,75,75,MONTO_CON_REFERENCIAS_DEBILES_E4,119200.3424,63727.2425,206508.5781,1.3158,NO CALCULABLE: 75 conceptos sin magnitud,NO DISPONIBLE: 75 conceptos sin costo; terreno PROVISIONAL (criterio no seleccionado),5538513.0665,,TERRENO_CRITERIO_NO_SELECCIONADO: el terreno a adquirir es una decisión; se dimensiona PROVISIONALMENTE con terreno_requerido_arquitectura y su costo no es definitivo;12C:AVES_POR_CAMION;12C:FOOTPRINT_DESCONOCIDO;12C:ENFRIAMIENTO_NO_DEFINIDO;12C:T_POR_CAMION;12C:CARGA_FRIGORIFICA_PENDIENTE;12C:GENERADOR_PENDIENTE;12C:DOTACION_PROXY;12C:TECNOLOGIA_EFLUENTES_NO_DEFINIDA;12C:CLOACA_DEPENDE_DEL_SITIO;12C:LODOS_PENDIENTE;12C:OBJETIVO_EXPANSION_NO_DEFINIDO;12C:RENDERING_RESERVA;12C:RETIRO_PENDIENTE;12C:BUFFER_PROXY;12C:FOS_PENDIENTE
C1-10000-auto,C1,10000,250,faena=propia|granjas=integradas:0|pollito=compra|alimento=compra|flota=tercero|frio=A_refrigerado|subprod=A_externo|terreno=compra_fase|autom=auto|linea=lotes,2026-10-01,USD,TERRENO,INCOMPLETO,5,5,0,5,0,0,0,,,,,0,0,0,0,5,5,SIN_MONTO,,,,0,NO CALCULABLE: 5 conceptos sin magnitud,NO DISPONIBLE: 5 conceptos sin costo; terreno PROVISIONAL (criterio no seleccionado),,,
C1-10000-auto,C1,10000,250,faena=propia|granjas=integradas:0|pollito=compra|alimento=compra|flota=tercero|frio=A_refrigerado|subprod=A_externo|terreno=compra_fase|autom=auto|linea=lotes,2026-10-01,USD,OBRA_CIVIL,INCOMPLETO,16,16,1,15,0,0,0,0,0,119200.3424,0,0,0,1,0,15,15,MONTO_CON_REFERENCIAS_DEBILES_E4,119200.3424,63727.2425,206508.5781,6.25,NO CALCULABLE: 15 conceptos sin magnitud,NO DISPONIBLE: 15 conceptos sin costo,,,
C1-10000-auto,C1,10000,250,faena=propia|granjas=integradas:0|pollito=compra|alimento=compra|flota=tercero|frio=A_refrigerado|subprod=A_externo|terreno=compra_fase|autom=auto|linea=lotes,2026-10-01,USD,PROCESO,INCOMPLETO,53,8,0,8,0,0,0,,,,,0,0,0,0,8,8,SIN_MONTO,,,,0,NO CALCULABLE: 8 conceptos sin magnitud,NO DISPONIBLE: 8 conceptos sin costo,,,
C1-10000-auto,C1,10000,250,faena=propia|granjas=integradas:0|pollito=compra|alimento=compra|flota=tercero|frio=A_refrigerado|subprod=A_externo|terreno=compra_fase|autom=auto|linea=lotes,2026-10-01,USD,SUBPRODUCTOS,INCOMPLETO,5,1,0,1,0,0,0,,,,,0,0,0,0,1,1,SIN_MONTO,,,,0,NO CALCULABLE: 1 conceptos sin magnitud,NO DISPONIBLE: 1 conceptos sin costo,,,
C1-10000-auto,C1,10000,250,faena=propia|granjas=integradas:0|pollito=compra|alimento=compra|flota=tercero|frio=A_refrigerado|subprod=A_externo|terreno=compra_fase|autom=auto|linea=lotes,2026-10-01,USD,FRIO,INCOMPLETO,18,1,0,1,1,0,0,,,,,0,0,0,0,1,1,SIN_MONTO,,,,0,NO CALCULABLE: 1 conceptos sin magnitud,NO DISPONIBLE: 1 conceptos sin costo,,,
C1-10000-auto,C1,10000,250,faena=propia|granjas=integradas:0|pollito=compra|alimento=compra|flota=tercero|frio=A_refrigerado|subprod=A_externo|terreno=compra_fase|autom=auto|linea=lotes,2026-10-01,USD,UTILITIES,INCOMPLETO,19,15,0,15,5,0,0,,,,,0,0,0,0,15,15,SIN_MONTO,,,,0,NO CALCULABLE: 15 conceptos sin magnitud,NO DISPONIBLE: 15 conceptos sin costo,,,
C1-10000-auto,C1,10000,250,faena=propia|granjas=integradas:0|pollito=compra|alimento=compra|flota=tercero|frio=A_refrigerado|subprod=A_externo|terreno=compra_fase|autom=auto|linea=lotes,2026-10-01,USD,EFLUENTES,INCOMPLETO,8,1,0,1,0,0,0,,,,,0,0,0,0,1,1,SIN_MONTO,,,,0,NO CALCULABLE: 1 conceptos sin magnitud,NO DISPONIBLE: 1 conceptos sin costo,,,
C1-10000-auto,C1,10000,250,faena=propia|granjas=integradas:0|pollito=compra|alimento=compra|flota=tercero|frio=A_refrigerado|subprod=A_externo|terreno=compra_fase|autom=auto|linea=lotes,2026-10-01,USD,SERVICIOS_GENERALES,INCOMPLETO,13,11,0,11,1,0,0,,,,,0,0,0,0,11,11,SIN_MONTO,,,,0,NO CALCULABLE: 11 conceptos sin magnitud,NO DISPONIBLE: 11 conceptos sin costo,,,
C1-10000-auto,C1,10000,250,faena=propia|granjas=integradas:0|pollito=compra|alimento=compra|flota=tercero|frio=A_refrigerado|subprod=A_externo|terreno=compra_fase|autom=auto|linea=lotes,2026-10-01,USD,LOGISTICA,SIN_CONCEPTOS,1,0,0,0,0,0,0,,,,,0,0,0,0,0,0,SIN_MONTO,,,,,NO APLICA,NO DISPONIBLE: 0 conceptos sin costo,,,
C1-10000-auto,C1,10000,250,faena=propia|granjas=integradas:0|pollito=compra|alimento=compra|flota=tercero|frio=A_refrigerado|subprod=A_externo|terreno=compra_fase|autom=auto|linea=lotes,2026-10-01,USD,INCUBACION,EXCLUIDO_POR_ARQUITECTURA,0,0,0,0,0,0,0,,,,,0,0,0,0,0,0,SIN_MONTO,,,,,NO APLICA,0 (excluido por arquitectura),,,
C1-10000-auto,C1,10000,250,faena=propia|granjas=integradas:0|pollito=compra|alimento=compra|flota=tercero|frio=A_refrigerado|subprod=A_externo|terreno=compra_fase|autom=auto|linea=lotes,2026-10-01,USD,ALIMENTO,EXCLUIDO_POR_ARQUITECTURA,0,0,0,0,0,0,0,,,,,0,0,0,0,0,0,SIN_MONTO,,,,,NO APLICA,0 (excluido por arquitectura),,,
C1-10000-auto,C1,10000,250,faena=propia|granjas=integradas:0|pollito=compra|alimento=compra|flota=tercero|frio=A_refrigerado|subprod=A_externo|terreno=compra_fase|autom=auto|linea=lotes,2026-10-01,USD,GRANJAS,EXCLUIDO_POR_ARQUITECTURA,10,0,0,0,0,0,0,,,,,0,0,0,0,0,0,SIN_MONTO,,,,,NO APLICA,0 (excluido por arquitectura),5538513.0665,,
C1-10000-auto,C1,10000,250,faena=propia|granjas=integradas:0|pollito=compra|alimento=compra|flota=tercero|frio=A_refrigerado|subprod=A_externo|terreno=compra_fase|autom=auto|linea=lotes,2026-10-01,USD,INDIRECTOS,INCOMPLETO,7,7,0,7,0,0,0,,,,,0,0,0,0,7,7,SIN_MONTO,,,,0,NO CALCULABLE: 7 conceptos sin magnitud,NO DISPONIBLE: 7 conceptos sin costo,,,
C1-10000-auto,C1,10000,250,faena=propia|granjas=integradas:0|pollito=compra|alimento=compra|flota=tercero|frio=A_refrigerado|subprod=A_externo|terreno=compra_fase|autom=auto|linea=lotes,2026-10-01,USD,PREOPERATIVOS,INCOMPLETO,8,8,0,8,0,0,0,,,,,0,0,0,0,8,8,SIN_MONTO,,,,0,NO CALCULABLE: 8 conceptos sin magnitud,NO DISPONIBLE: 8 conceptos sin costo,,,
C1-10000-auto,C1,10000,250,faena=propia|granjas=integradas:0|pollito=compra|alimento=compra|flota=tercero|frio=A_refrigerado|subprod=A_externo|terreno=compra_fase|autom=auto|linea=lotes,2026-10-01,USD,CONTINGENCIA,INCOMPLETO,3,3,0,3,0,0,0,,,,,0,0,0,0,3,3,SIN_MONTO,,,,0,NO CALCULABLE: 3 conceptos sin magnitud,NO DISPONIBLE: 3 conceptos sin costo,,,
C1-10000-auto,C1,10000,250,faena=propia|granjas=integradas:0|pollito=compra|alimento=compra|flota=tercero|frio=A_refrigerado|subprod=A_externo|terreno=compra_fase|autom=auto|linea=lotes,2026-10-01,USD,TOTAL,INCOMPLETO,166,76,1,75,7,0,0,0,0,119200.3424,0,0,0,1,0,75,75,MONTO_CON_REFERENCIAS_DEBILES_E4,119200.3424,63727.2425,206508.5781,1.3158,NO CALCULABLE: 75 conceptos sin magnitud,NO DISPONIBLE: 75 conceptos sin costo; terreno PROVISIONAL (criterio no seleccionado),5538513.0665,,TERRENO_CRITERIO_NO_SELECCIONADO: el terreno a adquirir es una decisión; se dimensiona PROVISIONALMENTE con terreno_requerido_arquitectura y su costo no es definitivo;12C:AVES_POR_CAMION;12C:FOOTPRINT_DESCONOCIDO;12C:ENFRIAMIENTO_NO_DEFINIDO;12C:T_POR_CAMION;12C:CARGA_FRIGORIFICA_PENDIENTE;12C:GENERADOR_PENDIENTE;12C:DOTACION_PROXY;12C:TECNOLOGIA_EFLUENTES_NO_DEFINIDA;12C:CLOACA_DEPENDE_DEL_SITIO;12C:LODOS_PENDIENTE;12C:OBJETIVO_EXPANSION_NO_DEFINIDO;12C:RENDERING_RESERVA;12C:RETIRO_PENDIENTE;12C:BUFFER_PROXY;12C:FOS_PENDIENTE
C1-10000-6dias,C1,10000,300,faena=propia|granjas=integradas:0|pollito=compra|alimento=compra|flota=tercero|frio=A_refrigerado|subprod=A_externo|terreno=compra_fase|autom=semi|linea=lotes,2026-10-01,USD,TERRENO,INCOMPLETO,5,5,0,5,0,0,0,,,,,0,0,0,0,5,5,SIN_MONTO,,,,0,NO CALCULABLE: 5 conceptos sin magnitud,NO DISPONIBLE: 5 conceptos sin costo; terreno PROVISIONAL (criterio no seleccionado),,,
C1-10000-6dias,C1,10000,300,faena=propia|granjas=integradas:0|pollito=compra|alimento=compra|flota=tercero|frio=A_refrigerado|subprod=A_externo|terreno=compra_fase|autom=semi|linea=lotes,2026-10-01,USD,OBRA_CIVIL,INCOMPLETO,16,16,1,15,0,0,0,0,0,119200.3424,0,0,0,1,0,15,15,MONTO_CON_REFERENCIAS_DEBILES_E4,119200.3424,63727.2425,206508.5781,6.25,NO CALCULABLE: 15 conceptos sin magnitud,NO DISPONIBLE: 15 conceptos sin costo,,,
C1-10000-6dias,C1,10000,300,faena=propia|granjas=integradas:0|pollito=compra|alimento=compra|flota=tercero|frio=A_refrigerado|subprod=A_externo|terreno=compra_fase|autom=semi|linea=lotes,2026-10-01,USD,PROCESO,INCOMPLETO,53,8,0,8,0,0,0,,,,,0,0,0,0,8,8,SIN_MONTO,,,,0,NO CALCULABLE: 8 conceptos sin magnitud,NO DISPONIBLE: 8 conceptos sin costo,,,
C1-10000-6dias,C1,10000,300,faena=propia|granjas=integradas:0|pollito=compra|alimento=compra|flota=tercero|frio=A_refrigerado|subprod=A_externo|terreno=compra_fase|autom=semi|linea=lotes,2026-10-01,USD,SUBPRODUCTOS,INCOMPLETO,5,1,0,1,0,0,0,,,,,0,0,0,0,1,1,SIN_MONTO,,,,0,NO CALCULABLE: 1 conceptos sin magnitud,NO DISPONIBLE: 1 conceptos sin costo,,,
C1-10000-6dias,C1,10000,300,faena=propia|granjas=integradas:0|pollito=compra|alimento=compra|flota=tercero|frio=A_refrigerado|subprod=A_externo|terreno=compra_fase|autom=semi|linea=lotes,2026-10-01,USD,FRIO,INCOMPLETO,18,1,0,1,1,0,0,,,,,0,0,0,0,1,1,SIN_MONTO,,,,0,NO CALCULABLE: 1 conceptos sin magnitud,NO DISPONIBLE: 1 conceptos sin costo,,,
C1-10000-6dias,C1,10000,300,faena=propia|granjas=integradas:0|pollito=compra|alimento=compra|flota=tercero|frio=A_refrigerado|subprod=A_externo|terreno=compra_fase|autom=semi|linea=lotes,2026-10-01,USD,UTILITIES,INCOMPLETO,19,15,0,15,5,0,0,,,,,0,0,0,0,15,15,SIN_MONTO,,,,0,NO CALCULABLE: 15 conceptos sin magnitud,NO DISPONIBLE: 15 conceptos sin costo,,,
C1-10000-6dias,C1,10000,300,faena=propia|granjas=integradas:0|pollito=compra|alimento=compra|flota=tercero|frio=A_refrigerado|subprod=A_externo|terreno=compra_fase|autom=semi|linea=lotes,2026-10-01,USD,EFLUENTES,INCOMPLETO,8,1,0,1,0,0,0,,,,,0,0,0,0,1,1,SIN_MONTO,,,,0,NO CALCULABLE: 1 conceptos sin magnitud,NO DISPONIBLE: 1 conceptos sin costo,,,
C1-10000-6dias,C1,10000,300,faena=propia|granjas=integradas:0|pollito=compra|alimento=compra|flota=tercero|frio=A_refrigerado|subprod=A_externo|terreno=compra_fase|autom=semi|linea=lotes,2026-10-01,USD,SERVICIOS_GENERALES,INCOMPLETO,13,11,0,11,1,0,0,,,,,0,0,0,0,11,11,SIN_MONTO,,,,0,NO CALCULABLE: 11 conceptos sin magnitud,NO DISPONIBLE: 11 conceptos sin costo,,,
C1-10000-6dias,C1,10000,300,faena=propia|granjas=integradas:0|pollito=compra|alimento=compra|flota=tercero|frio=A_refrigerado|subprod=A_externo|terreno=compra_fase|autom=semi|linea=lotes,2026-10-01,USD,LOGISTICA,SIN_CONCEPTOS,1,0,0,0,0,0,0,,,,,0,0,0,0,0,0,SIN_MONTO,,,,,NO APLICA,NO DISPONIBLE: 0 conceptos sin costo,,,
C1-10000-6dias,C1,10000,300,faena=propia|granjas=integradas:0|pollito=compra|alimento=compra|flota=tercero|frio=A_refrigerado|subprod=A_externo|terreno=compra_fase|autom=semi|linea=lotes,2026-10-01,USD,INCUBACION,EXCLUIDO_POR_ARQUITECTURA,0,0,0,0,0,0,0,,,,,0,0,0,0,0,0,SIN_MONTO,,,,,NO APLICA,0 (excluido por arquitectura),,,
C1-10000-6dias,C1,10000,300,faena=propia|granjas=integradas:0|pollito=compra|alimento=compra|flota=tercero|frio=A_refrigerado|subprod=A_externo|terreno=compra_fase|autom=semi|linea=lotes,2026-10-01,USD,ALIMENTO,EXCLUIDO_POR_ARQUITECTURA,0,0,0,0,0,0,0,,,,,0,0,0,0,0,0,SIN_MONTO,,,,,NO APLICA,0 (excluido por arquitectura),,,
C1-10000-6dias,C1,10000,300,faena=propia|granjas=integradas:0|pollito=compra|alimento=compra|flota=tercero|frio=A_refrigerado|subprod=A_externo|terreno=compra_fase|autom=semi|linea=lotes,2026-10-01,USD,GRANJAS,EXCLUIDO_POR_ARQUITECTURA,10,0,0,0,0,0,0,,,,,0,0,0,0,0,0,SIN_MONTO,,,,,NO APLICA,0 (excluido por arquitectura),6646215.6798,,
C1-10000-6dias,C1,10000,300,faena=propia|granjas=integradas:0|pollito=compra|alimento=compra|flota=tercero|frio=A_refrigerado|subprod=A_externo|terreno=compra_fase|autom=semi|linea=lotes,2026-10-01,USD,INDIRECTOS,INCOMPLETO,7,7,0,7,0,0,0,,,,,0,0,0,0,7,7,SIN_MONTO,,,,0,NO CALCULABLE: 7 conceptos sin magnitud,NO DISPONIBLE: 7 conceptos sin costo,,,
C1-10000-6dias,C1,10000,300,faena=propia|granjas=integradas:0|pollito=compra|alimento=compra|flota=tercero|frio=A_refrigerado|subprod=A_externo|terreno=compra_fase|autom=semi|linea=lotes,2026-10-01,USD,PREOPERATIVOS,INCOMPLETO,8,8,0,8,0,0,0,,,,,0,0,0,0,8,8,SIN_MONTO,,,,0,NO CALCULABLE: 8 conceptos sin magnitud,NO DISPONIBLE: 8 conceptos sin costo,,,
C1-10000-6dias,C1,10000,300,faena=propia|granjas=integradas:0|pollito=compra|alimento=compra|flota=tercero|frio=A_refrigerado|subprod=A_externo|terreno=compra_fase|autom=semi|linea=lotes,2026-10-01,USD,CONTINGENCIA,INCOMPLETO,3,3,0,3,0,0,0,,,,,0,0,0,0,3,3,SIN_MONTO,,,,0,NO CALCULABLE: 3 conceptos sin magnitud,NO DISPONIBLE: 3 conceptos sin costo,,,
C1-10000-6dias,C1,10000,300,faena=propia|granjas=integradas:0|pollito=compra|alimento=compra|flota=tercero|frio=A_refrigerado|subprod=A_externo|terreno=compra_fase|autom=semi|linea=lotes,2026-10-01,USD,TOTAL,INCOMPLETO,166,76,1,75,7,0,0,0,0,119200.3424,0,0,0,1,0,75,75,MONTO_CON_REFERENCIAS_DEBILES_E4,119200.3424,63727.2425,206508.5781,1.3158,NO CALCULABLE: 75 conceptos sin magnitud,NO DISPONIBLE: 75 conceptos sin costo; terreno PROVISIONAL (criterio no seleccionado),6646215.6798,,12C_ESCENARIO_NO_PUBLICADO: áreas calculadas con la función de 12C para entradas que su CSV no publica (no es una definición nueva de superficie);TERRENO_CRITERIO_NO_SELECCIONADO: el terreno a adquirir es una decisión; se dimensiona PROVISIONALMENTE con terreno_requerido_arquitectura y su costo no es definitivo;12C:AVES_POR_CAMION;12C:FOOTPRINT_DESCONOCIDO;12C:ENFRIAMIENTO_NO_DEFINIDO;12C:T_POR_CAMION;12C:CARGA_FRIGORIFICA_PENDIENTE;12C:GENERADOR_PENDIENTE;12C:DOTACION_PROXY;12C:TECNOLOGIA_EFLUENTES_NO_DEFINIDA;12C:CLOACA_DEPENDE_DEL_SITIO;12C:LODOS_PENDIENTE;12C:OBJETIVO_EXPANSION_NO_DEFINIDO;12C:RENDERING_RESERVA;12C:RETIRO_PENDIENTE;12C:BUFFER_PROXY;12C:FOS_PENDIENTE
C1-5000-reserva20000,C1,5000,250,faena=propia|granjas=integradas:0|pollito=compra|alimento=compra|flota=tercero|frio=A_refrigerado|subprod=A_externo|terreno=compra_reserva|autom=semi|linea=lotes,2026-10-01,USD,TERRENO,INCOMPLETO,5,5,0,5,0,0,0,,,,,0,0,0,0,5,5,SIN_MONTO,,,,0,NO CALCULABLE: 5 conceptos sin magnitud,NO DISPONIBLE: 5 conceptos sin costo; terreno PROVISIONAL (criterio no seleccionado),,,
C1-5000-reserva20000,C1,5000,250,faena=propia|granjas=integradas:0|pollito=compra|alimento=compra|flota=tercero|frio=A_refrigerado|subprod=A_externo|terreno=compra_reserva|autom=semi|linea=lotes,2026-10-01,USD,OBRA_CIVIL,INCOMPLETO,16,16,1,15,0,0,0,0,0,64186.3806,0,0,0,1,0,15,15,MONTO_CON_REFERENCIAS_DEBILES_E4,64186.3806,34501.2813,111124.6154,6.25,NO CALCULABLE: 15 conceptos sin magnitud,NO DISPONIBLE: 15 conceptos sin costo,,,
C1-5000-reserva20000,C1,5000,250,faena=propia|granjas=integradas:0|pollito=compra|alimento=compra|flota=tercero|frio=A_refrigerado|subprod=A_externo|terreno=compra_reserva|autom=semi|linea=lotes,2026-10-01,USD,PROCESO,INCOMPLETO,52,8,0,8,0,0,0,,,,,0,0,0,0,8,8,SIN_MONTO,,,,0,NO CALCULABLE: 8 conceptos sin magnitud,NO DISPONIBLE: 8 conceptos sin costo,,,
C1-5000-reserva20000,C1,5000,250,faena=propia|granjas=integradas:0|pollito=compra|alimento=compra|flota=tercero|frio=A_refrigerado|subprod=A_externo|terreno=compra_reserva|autom=semi|linea=lotes,2026-10-01,USD,SUBPRODUCTOS,INCOMPLETO,5,1,0,1,0,0,0,,,,,0,0,0,0,1,1,SIN_MONTO,,,,0,NO CALCULABLE: 1 conceptos sin magnitud,NO DISPONIBLE: 1 conceptos sin costo,,,
C1-5000-reserva20000,C1,5000,250,faena=propia|granjas=integradas:0|pollito=compra|alimento=compra|flota=tercero|frio=A_refrigerado|subprod=A_externo|terreno=compra_reserva|autom=semi|linea=lotes,2026-10-01,USD,FRIO,INCOMPLETO,18,1,0,1,1,0,0,,,,,0,0,0,0,1,1,SIN_MONTO,,,,0,NO CALCULABLE: 1 conceptos sin magnitud,NO DISPONIBLE: 1 conceptos sin costo,,,
C1-5000-reserva20000,C1,5000,250,faena=propia|granjas=integradas:0|pollito=compra|alimento=compra|flota=tercero|frio=A_refrigerado|subprod=A_externo|terreno=compra_reserva|autom=semi|linea=lotes,2026-10-01,USD,UTILITIES,INCOMPLETO,19,15,0,15,5,0,0,,,,,0,0,0,0,15,15,SIN_MONTO,,,,0,NO CALCULABLE: 15 conceptos sin magnitud,NO DISPONIBLE: 15 conceptos sin costo,,,
C1-5000-reserva20000,C1,5000,250,faena=propia|granjas=integradas:0|pollito=compra|alimento=compra|flota=tercero|frio=A_refrigerado|subprod=A_externo|terreno=compra_reserva|autom=semi|linea=lotes,2026-10-01,USD,EFLUENTES,INCOMPLETO,8,1,0,1,0,0,0,,,,,0,0,0,0,1,1,SIN_MONTO,,,,0,NO CALCULABLE: 1 conceptos sin magnitud,NO DISPONIBLE: 1 conceptos sin costo,,,
C1-5000-reserva20000,C1,5000,250,faena=propia|granjas=integradas:0|pollito=compra|alimento=compra|flota=tercero|frio=A_refrigerado|subprod=A_externo|terreno=compra_reserva|autom=semi|linea=lotes,2026-10-01,USD,SERVICIOS_GENERALES,INCOMPLETO,13,11,0,11,1,0,0,,,,,0,0,0,0,11,11,SIN_MONTO,,,,0,NO CALCULABLE: 11 conceptos sin magnitud,NO DISPONIBLE: 11 conceptos sin costo,,,
C1-5000-reserva20000,C1,5000,250,faena=propia|granjas=integradas:0|pollito=compra|alimento=compra|flota=tercero|frio=A_refrigerado|subprod=A_externo|terreno=compra_reserva|autom=semi|linea=lotes,2026-10-01,USD,LOGISTICA,SIN_CONCEPTOS,1,0,0,0,0,0,0,,,,,0,0,0,0,0,0,SIN_MONTO,,,,,NO APLICA,NO DISPONIBLE: 0 conceptos sin costo,,,
C1-5000-reserva20000,C1,5000,250,faena=propia|granjas=integradas:0|pollito=compra|alimento=compra|flota=tercero|frio=A_refrigerado|subprod=A_externo|terreno=compra_reserva|autom=semi|linea=lotes,2026-10-01,USD,INCUBACION,EXCLUIDO_POR_ARQUITECTURA,0,0,0,0,0,0,0,,,,,0,0,0,0,0,0,SIN_MONTO,,,,,NO APLICA,0 (excluido por arquitectura),,,
C1-5000-reserva20000,C1,5000,250,faena=propia|granjas=integradas:0|pollito=compra|alimento=compra|flota=tercero|frio=A_refrigerado|subprod=A_externo|terreno=compra_reserva|autom=semi|linea=lotes,2026-10-01,USD,ALIMENTO,EXCLUIDO_POR_ARQUITECTURA,0,0,0,0,0,0,0,,,,,0,0,0,0,0,0,SIN_MONTO,,,,,NO APLICA,0 (excluido por arquitectura),,,
C1-5000-reserva20000,C1,5000,250,faena=propia|granjas=integradas:0|pollito=compra|alimento=compra|flota=tercero|frio=A_refrigerado|subprod=A_externo|terreno=compra_reserva|autom=semi|linea=lotes,2026-10-01,USD,GRANJAS,EXCLUIDO_POR_ARQUITECTURA,10,0,0,0,0,0,0,,,,,0,0,0,0,0,0,SIN_MONTO,,,,,NO APLICA,0 (excluido por arquitectura),2769256.5333,,
C1-5000-reserva20000,C1,5000,250,faena=propia|granjas=integradas:0|pollito=compra|alimento=compra|flota=tercero|frio=A_refrigerado|subprod=A_externo|terreno=compra_reserva|autom=semi|linea=lotes,2026-10-01,USD,INDIRECTOS,INCOMPLETO,7,7,0,7,0,0,0,,,,,0,0,0,0,7,7,SIN_MONTO,,,,0,NO CALCULABLE: 7 conceptos sin magnitud,NO DISPONIBLE: 7 conceptos sin costo,,,
C1-5000-reserva20000,C1,5000,250,faena=propia|granjas=integradas:0|pollito=compra|alimento=compra|flota=tercero|frio=A_refrigerado|subprod=A_externo|terreno=compra_reserva|autom=semi|linea=lotes,2026-10-01,USD,PREOPERATIVOS,INCOMPLETO,8,8,0,8,0,0,0,,,,,0,0,0,0,8,8,SIN_MONTO,,,,0,NO CALCULABLE: 8 conceptos sin magnitud,NO DISPONIBLE: 8 conceptos sin costo,,,
C1-5000-reserva20000,C1,5000,250,faena=propia|granjas=integradas:0|pollito=compra|alimento=compra|flota=tercero|frio=A_refrigerado|subprod=A_externo|terreno=compra_reserva|autom=semi|linea=lotes,2026-10-01,USD,CONTINGENCIA,INCOMPLETO,3,3,0,3,0,0,0,,,,,0,0,0,0,3,3,SIN_MONTO,,,,0,NO CALCULABLE: 3 conceptos sin magnitud,NO DISPONIBLE: 3 conceptos sin costo,,,
C1-5000-reserva20000,C1,5000,250,faena=propia|granjas=integradas:0|pollito=compra|alimento=compra|flota=tercero|frio=A_refrigerado|subprod=A_externo|terreno=compra_reserva|autom=semi|linea=lotes,2026-10-01,USD,TOTAL,INCOMPLETO,165,76,1,75,7,0,0,0,0,64186.3806,0,0,0,1,0,75,75,MONTO_CON_REFERENCIAS_DEBILES_E4,64186.3806,34501.2813,111124.6154,1.3158,NO CALCULABLE: 75 conceptos sin magnitud,NO DISPONIBLE: 75 conceptos sin costo; terreno PROVISIONAL (criterio no seleccionado),2769256.5333,,"TERRENO_CRITERIO_NO_SELECCIONADO: el terreno a adquirir es una decisión; se dimensiona PROVISIONALMENTE con terreno_requerido_arquitectura y su costo no es definitivo;SUPERFICIE_OBJETIVO_MENOR_QUE_CONCEPTUAL_12C_20000 (bajo): 14069 < 16509 m². UNIVERSOS DIFERENTES, no incompatibilidad: el conceptual de 12C a 20000 suma una reserva PROXY fraccional para crecer más allá de 20000 (SUP-119) que el escenario objetivo no incluye; el objetivo sí cubre el mínimo físico de 20000 (13492 m²) + rendering;SUPERFICIE_OBJETIVO_MENOR_QUE_CONCEPTUAL_12C_20000 (medio): 33345 < 43660 m². UNIVERSOS DIFERENTES, no incompatibilidad: el conceptual de 12C a 20000 suma una reserva PROXY fraccional para crecer más allá de 20000 (SUP-119) que el escenario objetivo no incluye; el objetivo sí cubre el mínimo físico de 20000 (32379 m²) + rendering;SUPERFICIE_OBJETIVO_MENOR_QUE_CONCEPTUAL_12C_20000 (alto): 82253 < 127938 m². UNIVERSOS DIFERENTES, no incompatibilidad: el conceptual de 12C a 20000 suma una reserva PROXY fraccional para crecer más allá de 20000 (SUP-119) que el escenario objetivo no incluye; el objetivo sí cubre el mínimo físico de 20000 (80673 m²) + rendering;12C:AVES_POR_CAMION;12C:FOOTPRINT_DESCONOCIDO;12C:ENFRIAMIENTO_NO_DEFINIDO;12C:T_POR_CAMION;12C:CARGA_FRIGORIFICA_PENDIENTE;12C:GENERADOR_PENDIENTE;12C:DOTACION_PROXY;12C:TECNOLOGIA_EFLUENTES_NO_DEFINIDA;12C:CLOACA_DEPENDE_DEL_SITIO;12C:LODOS_PENDIENTE;12C:OBJETIVO_EXPANSION_NO_DEFINIDO;12C:RENDERING_RESERVA;12C:RETIRO_PENDIENTE;12C:BUFFER_PROXY;12C:FOS_PENDIENTE"
