TRAYECTORIA,ETAPA,ESCALA,CONFIGURACION,TERRENO,ACTIVO_ID,BLOQUE,ETIQUETA_EXPANSION,ACCION,CANTIDAD_ANTERIOR,CANTIDAD_NUEVA,DELTA_A_ADQUIRIR,UNIDAD,COSTEA,COSTO_ETAPA_USD,NOTA
A_20000_directo,1,20000,C1,compra_fase,TER-COMPRA,TERRENO,REUTILIZABLE,INICIAL,,32379.395,32379.395,m²,Sí,,
A_20000_directo,1,20000,C1,compra_fase,TER-GASTOS,TERRENO,ESPECIFICO_DE_FASE,INICIAL,,1,1,%,Sí,,
A_20000_directo,1,20000,C1,compra_fase,TER-PREP,TERRENO,ESCALABLE,INICIAL,,32379.395,32379.395,m²,Sí,,
A_20000_directo,1,20000,C1,compra_fase,TER-ACCESO,TERRENO,REUTILIZABLE,INICIAL,,1,1,lote,Sí,,
A_20000_directo,1,20000,C1,compra_fase,TER-CONEX,TERRENO,REUTILIZABLE,INICIAL,,1,1,lote,Sí,,
A_20000_directo,1,20000,C1,compra_fase,OC-RS-OBRA,OBRA_CIVIL,ESCALABLE,INICIAL,,180,180,m²,Sí,,
A_20000_directo,1,20000,C1,compra_fase,OC-PH-OBRA,OBRA_CIVIL,ESCALABLE,INICIAL,,4646.77,4646.77,m²,Sí,,
A_20000_directo,1,20000,C1,compra_fase,OC-FR-OBRA,OBRA_CIVIL,ESCALABLE,INICIAL,,465.9761,465.9761,m²,Sí,,
A_20000_directo,1,20000,C1,compra_fase,OC-DK-OBRA,OBRA_CIVIL,ESCALABLE,INICIAL,,135,135,m²,Sí,,
A_20000_directo,1,20000,C1,compra_fase,OC-DP-OBRA,OBRA_CIVIL,ESCALABLE,INICIAL,,741.4353,741.4353,m²,Sí,222430.576,
A_20000_directo,1,20000,C1,compra_fase,OC-ST-OBRA,OBRA_CIVIL,ESCALABLE,INICIAL,,431.6307,431.6307,m²,Sí,,
A_20000_directo,1,20000,C1,compra_fase,OC-LB-OBRA,OBRA_CIVIL,ESCALABLE,INICIAL,,52.0346,52.0346,m²,Sí,,
A_20000_directo,1,20000,C1,compra_fase,OC-VC-OBRA,OBRA_CIVIL,ESCALABLE,INICIAL,,507.9375,507.9375,m²,Sí,,
A_20000_directo,1,20000,C1,compra_fase,OC-OF-OBRA,OBRA_CIVIL,ESCALABLE,INICIAL,,290.4977,290.4977,m²,Sí,,
A_20000_directo,1,20000,C1,compra_fase,OC-EP-OBRA,OBRA_CIVIL,ESCALABLE,INICIAL,,3855.285,3855.285,m²,Sí,,
A_20000_directo,1,20000,C1,compra_fase,OC-EL-OBRA,OBRA_CIVIL,ESCALABLE,INICIAL,,2031.25,2031.25,m²,Sí,,
A_20000_directo,1,20000,C1,compra_fase,OC-LV-OBRA,OBRA_CIVIL,ESCALABLE,INICIAL,,130,130,m²,Sí,,
A_20000_directo,1,20000,C1,compra_fase,OC-IP-OBRA,OBRA_CIVIL,ESCALABLE,INICIAL,,130,130,m²,Sí,,
A_20000_directo,1,20000,C1,compra_fase,OC-EF-OBRA,OBRA_CIVIL,ESCALABLE,INICIAL,,592.1933,592.1933,m²,Sí,,
A_20000_directo,1,20000,C1,compra_fase,OC-CER-OBRA,OBRA_CIVIL,ESCALABLE,INICIAL,,734.6132,734.6132,m,Sí,,
A_20000_directo,1,20000,C1,compra_fase,OC-INF-OBRA,OBRA_CIVIL,ESCALABLE,INICIAL,,32379.395,32379.395,m²,Sí,,
A_20000_directo,1,20000,C1,compra_fase,PQ-L1,PROCESO,MIXTA,INICIAL,,1,1,lote,Sí,,
A_20000_directo,1,20000,C1,compra_fase,PQ-L2,PROCESO,MIXTA,INICIAL,,1,1,lote,Sí,,
A_20000_directo,1,20000,C1,compra_fase,PQ-L3,PROCESO,MIXTA,INICIAL,,1,1,lote,Sí,,
A_20000_directo,1,20000,C1,compra_fase,PQ-L4,PROCESO,MIXTA,INICIAL,,1,1,lote,Sí,,
A_20000_directo,1,20000,C1,compra_fase,PQ-L5,PROCESO,MIXTA,INICIAL,,1,1,lote,Sí,,
A_20000_directo,1,20000,C1,compra_fase,PQ-L6,PROCESO,MIXTA,INICIAL,,1,1,lote,Sí,,
A_20000_directo,1,20000,C1,compra_fase,PQ-L7,PROCESO,MIXTA,INICIAL,,1,1,lote,Sí,,
A_20000_directo,1,20000,C1,compra_fase,EQ-LIM,PROCESO,ESCALABLE,INICIAL,,1,1,lote,Sí,,
A_20000_directo,1,20000,C1,compra_fase,SB-L9,SUBPRODUCTOS,ESCALABLE,INICIAL,,1,1,lote,Sí,,
A_20000_directo,1,20000,C1,compra_fase,FR-PAQ,FRIO,ESCALABLE,INICIAL,,1,1,lote,Sí,,
A_20000_directo,1,20000,C1,compra_fase,FR-PAN,FRIO,ESCALABLE,INICIAL,,465.9761,465.9761,m²,No,,
A_20000_directo,1,20000,C1,compra_fase,FR-COMP,FRIO,DUPLICABLE,INICIAL,,,,kWf,No,,
A_20000_directo,1,20000,C1,compra_fase,FR-COND,FRIO,DUPLICABLE,INICIAL,,,,kWf,No,,
A_20000_directo,1,20000,C1,compra_fase,FR-EVAP,FRIO,DUPLICABLE,INICIAL,,,,kWf,No,,
A_20000_directo,1,20000,C1,compra_fase,FR-PIP,FRIO,ESCALABLE,INICIAL,,1,1,lote,No,,
A_20000_directo,1,20000,C1,compra_fase,FR-REF,FRIO,ESCALABLE,INICIAL,,1,1,lote,No,,
A_20000_directo,1,20000,C1,compra_fase,FR-CTL,FRIO,ESCALABLE,INICIAL,,1,1,lote,No,,
A_20000_directo,1,20000,C1,compra_fase,FR-AGH,FRIO,ESCALABLE,INICIAL,,138.3706,138.3706,kWf,No,,
A_20000_directo,1,20000,C1,compra_fase,FR-DCK,FRIO,DUPLICABLE,INICIAL,,,,unidad,No,,
A_20000_directo,1,20000,C1,compra_fase,FR-TUN,FRIO,DUPLICABLE,INICIAL,,4.793,4.793,t/día,No,,
A_20000_directo,1,20000,C1,compra_fase,AG-CAP,UTILITIES,ESCALABLE,INICIAL,,500,500,m³/d,Sí,,
A_20000_directo,1,20000,C1,compra_fase,AG-ALM,UTILITIES,DUPLICABLE,INICIAL,,500,500,m³,Sí,,
A_20000_directo,1,20000,C1,compra_fase,AG-TRA,UTILITIES,ESCALABLE,INICIAL,,75,75,m³/h,Sí,,
A_20000_directo,1,20000,C1,compra_fase,AG-BOM,UTILITIES,DUPLICABLE,INICIAL,,75,75,m³/h,Sí,,
A_20000_directo,1,20000,C1,compra_fase,AG-DIS,UTILITIES,ESCALABLE,INICIAL,,7451.2818,7451.2818,m²,Sí,,
A_20000_directo,1,20000,C1,compra_fase,EF-PAQ,EFLUENTES,ESCALABLE,INICIAL,,1,1,lote,Sí,,
A_20000_directo,1,20000,C1,compra_fase,EF-PRE,EFLUENTES,ESCALABLE,INICIAL,,66,66,m³/h,No,,
A_20000_directo,1,20000,C1,compra_fase,EF-ECU,EFLUENTES,ESCALABLE,INICIAL,,440,440,m³,No,,
A_20000_directo,1,20000,C1,compra_fase,EF-DAF,EFLUENTES,ESCALABLE,INICIAL,,66,66,m³/h,No,,
A_20000_directo,1,20000,C1,compra_fase,EF-BIO,EFLUENTES,ESCALABLE,INICIAL,,2376,2376,kg DQO/d,No,,
A_20000_directo,1,20000,C1,compra_fase,EF-LOD,EFLUENTES,ESCALABLE,INICIAL,,,,kg MS/d,No,,
A_20000_directo,1,20000,C1,compra_fase,EF-INF,EFLUENTES,ESCALABLE,INICIAL,,1,1,lote,No,,
A_20000_directo,1,20000,C1,compra_fase,EL-ACO,UTILITIES,REUTILIZABLE,INICIAL,,1,1,lote,Sí,,
A_20000_directo,1,20000,C1,compra_fase,EL-TRA,UTILITIES,ESCALABLE,INICIAL,,,,kVA,Sí,,
A_20000_directo,1,20000,C1,compra_fase,EL-TAB,UTILITIES,ESCALABLE,INICIAL,,1,1,lote,Sí,,
A_20000_directo,1,20000,C1,compra_fase,EL-DIS,UTILITIES,ESCALABLE,INICIAL,,7451.2818,7451.2818,m²,Sí,,
A_20000_directo,1,20000,C1,compra_fase,EL-UPS,UTILITIES,DUPLICABLE,INICIAL,,,,kVA,Sí,,
A_20000_directo,1,20000,C1,compra_fase,EL-GEN,UTILITIES,DUPLICABLE,INICIAL,,,,kVA,Sí,,
A_20000_directo,1,20000,C1,compra_fase,TE-GEN,UTILITIES,DUPLICABLE,INICIAL,,,,kWt,Sí,,
A_20000_directo,1,20000,C1,compra_fase,TE-COM,UTILITIES,ESCALABLE,INICIAL,,1,1,lote,Sí,,
A_20000_directo,1,20000,C1,compra_fase,TE-DIS,UTILITIES,ESCALABLE,INICIAL,,1,1,lote,Sí,,
A_20000_directo,1,20000,C1,compra_fase,AC-COM,UTILITIES,DUPLICABLE,INICIAL,,,,m³/min,Sí,,
A_20000_directo,1,20000,C1,compra_fase,IT-HW,SERVICIOS_GENERALES,ESCALABLE,INICIAL,,1,1,lote,Sí,,
A_20000_directo,1,20000,C1,compra_fase,IT-SW,SERVICIOS_GENERALES,REUTILIZABLE,INICIAL,,1,1,lote,Sí,,
A_20000_directo,1,20000,C1,compra_fase,IT-SEN,SERVICIOS_GENERALES,ESCALABLE,INICIAL,,1,1,lote,Sí,,
A_20000_directo,1,20000,C1,compra_fase,IT-RED,SERVICIOS_GENERALES,ESCALABLE,INICIAL,,1,1,lote,Sí,,
A_20000_directo,1,20000,C1,compra_fase,IT-ETQ,SERVICIOS_GENERALES,DUPLICABLE,INICIAL,,,,unidad,Sí,,
A_20000_directo,1,20000,C1,compra_fase,LAB-EQ,SERVICIOS_GENERALES,REUTILIZABLE,INICIAL,,1,1,lote,Sí,,
A_20000_directo,1,20000,C1,compra_fase,SI-DET,SERVICIOS_GENERALES,ESCALABLE,INICIAL,,1,1,lote,Sí,,
A_20000_directo,1,20000,C1,compra_fase,SI-COM,SERVICIOS_GENERALES,ESCALABLE,INICIAL,,1,1,lote,Sí,,
A_20000_directo,1,20000,C1,compra_fase,SI-PRO,SERVICIOS_GENERALES,ESCALABLE,INICIAL,,1,1,lote,Sí,,
A_20000_directo,1,20000,C1,compra_fase,PER-EQ,SERVICIOS_GENERALES,ESCALABLE,INICIAL,,1,1,lote,Sí,,
A_20000_directo,1,20000,C1,compra_fase,MOB-OF,SERVICIOS_GENERALES,REUTILIZABLE,INICIAL,,1,1,lote,Sí,,
A_20000_directo,1,20000,C1,compra_fase,EQ-71,UTILITIES,DUPLICABLE,INICIAL,,1,1,unidad,No,,
A_20000_directo,1,20000,C1,compra_fase,EQ-72,UTILITIES,ESCALABLE,INICIAL,,1,1,unidad,No,,
A_20000_directo,1,20000,C1,compra_fase,EQ-70,EFLUENTES,ESCALABLE,INICIAL,,1,1,unidad,No,,
A_20000_directo,1,20000,C1,compra_fase,EQ-73,UTILITIES,DUPLICABLE,INICIAL,,1,1,unidad,No,,
A_20000_directo,1,20000,C1,compra_fase,EQ-74,PROCESO,ESCALABLE,INICIAL,,1,1,unidad,No,,
A_20000_directo,1,20000,C1,compra_fase,EQ-75,PROCESO,DUPLICABLE,INICIAL,,1,1,unidad,No,,
A_20000_directo,1,20000,C1,compra_fase,EQ-37,FRIO,ESCALABLE,INICIAL,,1,1,unidad,No,,
A_20000_directo,1,20000,C1,compra_fase,EQ-64,FRIO,ESCALABLE,INICIAL,,1,1,unidad,No,,
A_20000_directo,1,20000,C1,compra_fase,EQ-65,FRIO,DUPLICABLE,INICIAL,,1,1,unidad,No,,
A_20000_directo,1,20000,C1,compra_fase,EQ-62,FRIO,ESCALABLE,INICIAL,,1,1,unidad,No,,
A_20000_directo,1,20000,C1,compra_fase,EQ-63,FRIO,ESCALABLE,INICIAL,,1,1,unidad,No,,
A_20000_directo,1,20000,C1,compra_fase,EQ-57,FRIO,DUPLICABLE,INICIAL,,1,1,unidad,No,,
A_20000_directo,1,20000,C1,compra_fase,EQ-58,FRIO,DUPLICABLE,INICIAL,,1,1,unidad,No,,
A_20000_directo,1,20000,C1,compra_fase,EQ-59,FRIO,REEMPLAZABLE,INICIAL,,1,1,unidad,No,,
A_20000_directo,1,20000,C1,compra_fase,EQ-54,SERVICIOS_GENERALES,DUPLICABLE,INICIAL,,1,1,unidad,No,,
A_20000_directo,1,20000,C1,compra_fase,EQ-76,SERVICIOS_GENERALES,ESCALABLE,INICIAL,,1,1,unidad,No,,
A_20000_directo,1,20000,C1,compra_fase,EQ-01,PROCESO,REUTILIZABLE,INICIAL,,1,1,unidad,No,,
A_20000_directo,1,20000,C1,compra_fase,EQ-02,PROCESO,ESCALABLE,INICIAL,,1,1,unidad,No,,
A_20000_directo,1,20000,C1,compra_fase,EQ-04,PROCESO,REEMPLAZABLE,INICIAL,,1,1,unidad,No,,
A_20000_directo,1,20000,C1,compra_fase,EQ-05,PROCESO,REEMPLAZABLE,INICIAL,,1,1,unidad,No,,
A_20000_directo,1,20000,C1,compra_fase,EQ-06,PROCESO,REUTILIZABLE,INICIAL,,1,1,unidad,No,,
A_20000_directo,1,20000,C1,compra_fase,EQ-07,PROCESO,ESCALABLE,INICIAL,,1,1,unidad,No,,
A_20000_directo,1,20000,C1,compra_fase,EQ-08,PROCESO,ESCALABLE,INICIAL,,1,1,unidad,No,,
A_20000_directo,1,20000,C1,compra_fase,EQ-09,PROCESO,REUTILIZABLE,INICIAL,,1,1,unidad,No,,
A_20000_directo,1,20000,C1,compra_fase,EQ-11,PROCESO,REEMPLAZABLE,INICIAL,,1,1,unidad,No,,
A_20000_directo,1,20000,C1,compra_fase,EQ-12,PROCESO,ESCALABLE,INICIAL,,1,1,unidad,No,,
A_20000_directo,1,20000,C1,compra_fase,EQ-13,PROCESO,ESCALABLE,INICIAL,,1,1,unidad,No,,
A_20000_directo,1,20000,C1,compra_fase,EQ-15,PROCESO,DUPLICABLE,INICIAL,,1,1,unidad,No,,
A_20000_directo,1,20000,C1,compra_fase,EQ-16,PROCESO,ESCALABLE,INICIAL,,1,1,unidad,No,,
A_20000_directo,1,20000,C1,compra_fase,EQ-17,PROCESO,REEMPLAZABLE,INICIAL,,1,1,unidad,No,,
A_20000_directo,1,20000,C1,compra_fase,EQ-18,PROCESO,REEMPLAZABLE,INICIAL,,1,1,unidad,No,,
A_20000_directo,1,20000,C1,compra_fase,EQ-19,PROCESO,REEMPLAZABLE,INICIAL,,1,1,unidad,No,,
A_20000_directo,1,20000,C1,compra_fase,EQ-20,PROCESO,REUTILIZABLE,INICIAL,,1,1,unidad,No,,
A_20000_directo,1,20000,C1,compra_fase,EQ-21,PROCESO,ESCALABLE,INICIAL,,1,1,unidad,No,,
A_20000_directo,1,20000,C1,compra_fase,EQ-22,PROCESO,REEMPLAZABLE,INICIAL,,1,1,unidad,No,,
A_20000_directo,1,20000,C1,compra_fase,EQ-23,PROCESO,REEMPLAZABLE,INICIAL,,1,1,unidad,No,,
A_20000_directo,1,20000,C1,compra_fase,EQ-24,PROCESO,REEMPLAZABLE,INICIAL,,1,1,unidad,No,,
A_20000_directo,1,20000,C1,compra_fase,EQ-25,PROCESO,REEMPLAZABLE,INICIAL,,1,1,unidad,No,,
A_20000_directo,1,20000,C1,compra_fase,EQ-26,PROCESO,DUPLICABLE,INICIAL,,1,1,unidad,No,,
A_20000_directo,1,20000,C1,compra_fase,EQ-27,PROCESO,REEMPLAZABLE,INICIAL,,1,1,unidad,No,,
A_20000_directo,1,20000,C1,compra_fase,EQ-28,PROCESO,REUTILIZABLE,INICIAL,,1,1,unidad,No,,
A_20000_directo,1,20000,C1,compra_fase,EQ-29,PROCESO,REEMPLAZABLE,INICIAL,,1,1,unidad,No,,
A_20000_directo,1,20000,C1,compra_fase,EQ-30,PROCESO,REEMPLAZABLE,INICIAL,,1,1,unidad,No,,
A_20000_directo,1,20000,C1,compra_fase,EQ-31,PROCESO,REUTILIZABLE,INICIAL,,1,1,unidad,No,,
A_20000_directo,1,20000,C1,compra_fase,EQ-32,PROCESO,ESCALABLE,INICIAL,,1,1,unidad,No,,
A_20000_directo,1,20000,C1,compra_fase,EQ-33,PROCESO,DUPLICABLE,INICIAL,,1,1,unidad,No,,
A_20000_directo,1,20000,C1,compra_fase,EQ-34,PROCESO,ESCALABLE,INICIAL,,1,1,unidad,No,,
A_20000_directo,1,20000,C1,compra_fase,EQ-35,PROCESO,ESCALABLE,INICIAL,,1,1,unidad,No,,
A_20000_directo,1,20000,C1,compra_fase,EQ-38,PROCESO,REEMPLAZABLE,INICIAL,,1,1,unidad,No,,
A_20000_directo,1,20000,C1,compra_fase,EQ-39,PROCESO,REEMPLAZABLE,INICIAL,,1,1,unidad,No,,
A_20000_directo,1,20000,C1,compra_fase,EQ-40,PROCESO,DUPLICABLE,INICIAL,,1,1,unidad,No,,
A_20000_directo,1,20000,C1,compra_fase,EQ-41,PROCESO,ESCALABLE,INICIAL,,1,1,unidad,No,,
A_20000_directo,1,20000,C1,compra_fase,EQ-47,PROCESO,DUPLICABLE,INICIAL,,1,1,unidad,No,,
A_20000_directo,1,20000,C1,compra_fase,EQ-49,PROCESO,REEMPLAZABLE,INICIAL,,1,1,unidad,No,,
A_20000_directo,1,20000,C1,compra_fase,EQ-50,PROCESO,DUPLICABLE,INICIAL,,1,1,unidad,No,,
A_20000_directo,1,20000,C1,compra_fase,EQ-51,PROCESO,DUPLICABLE,INICIAL,,1,1,unidad,No,,
A_20000_directo,1,20000,C1,compra_fase,EQ-52,PROCESO,DUPLICABLE,INICIAL,,1,1,unidad,No,,
A_20000_directo,1,20000,C1,compra_fase,EQ-53,PROCESO,DUPLICABLE,INICIAL,,1,1,unidad,No,,
A_20000_directo,1,20000,C1,compra_fase,EQ-55,PROCESO,DUPLICABLE,INICIAL,,1,1,unidad,No,,
A_20000_directo,1,20000,C1,compra_fase,EQ-56,PROCESO,DUPLICABLE,INICIAL,,1,1,unidad,No,,
A_20000_directo,1,20000,C1,compra_fase,EQ-66,SUBPRODUCTOS,ESCALABLE,INICIAL,,1,1,unidad,No,,
A_20000_directo,1,20000,C1,compra_fase,EQ-67,SUBPRODUCTOS,ESCALABLE,INICIAL,,1,1,unidad,No,,
A_20000_directo,1,20000,C1,compra_fase,EQ-68,SUBPRODUCTOS,ESCALABLE,INICIAL,,1,1,unidad,No,,
A_20000_directo,1,20000,C1,compra_fase,EQ-69,SUBPRODUCTOS,ESCALABLE,INICIAL,,1,1,unidad,No,,
A_20000_directo,1,20000,C1,compra_fase,EQ-14,UTILITIES,DUPLICABLE,INICIAL,,1,1,unidad,No,,
A_20000_directo,1,20000,C1,compra_fase,IND-ING,INDIRECTOS,ESPECIFICO_DE_FASE,INICIAL,,1,1,%,Sí,,
A_20000_directo,1,20000,C1,compra_fase,IND-ARQ,INDIRECTOS,ESPECIFICO_DE_FASE,INICIAL,,1,1,%,Sí,,
A_20000_directo,1,20000,C1,compra_fase,IND-PEJ,INDIRECTOS,ESPECIFICO_DE_FASE,INICIAL,,1,1,%,Sí,,
A_20000_directo,1,20000,C1,compra_fase,IND-DO,INDIRECTOS,ESPECIFICO_DE_FASE,INICIAL,,1,1,%,Sí,,
A_20000_directo,1,20000,C1,compra_fase,IND-PM,INDIRECTOS,ESPECIFICO_DE_FASE,INICIAL,,1,1,%,Sí,,
A_20000_directo,1,20000,C1,compra_fase,IND-PER,INDIRECTOS,ESPECIFICO_DE_FASE,INICIAL,,1,1,%,Sí,,
A_20000_directo,1,20000,C1,compra_fase,IND-EST,INDIRECTOS,ESPECIFICO_DE_FASE,INICIAL,,1,1,%,Sí,,
A_20000_directo,1,20000,C1,compra_fase,PRE-COM,PREOPERATIVOS,ESPECIFICO_DE_FASE,INICIAL,,1,1,%,Sí,,
A_20000_directo,1,20000,C1,compra_fase,PRE-PEM,PREOPERATIVOS,ESPECIFICO_DE_FASE,INICIAL,,1,1,%,Sí,,
A_20000_directo,1,20000,C1,compra_fase,PRE-CAP,PREOPERATIVOS,ESPECIFICO_DE_FASE,INICIAL,,1,1,%,Sí,,
A_20000_directo,1,20000,C1,compra_fase,PRE-PRU,PREOPERATIVOS,ESPECIFICO_DE_FASE,INICIAL,,1,1,%,Sí,,
A_20000_directo,1,20000,C1,compra_fase,PRE-REP,PREOPERATIVOS,ESPECIFICO_DE_FASE,INICIAL,,1,1,%,Sí,,
A_20000_directo,1,20000,C1,compra_fase,PRE-HER,PREOPERATIVOS,ESPECIFICO_DE_FASE,INICIAL,,1,1,%,Sí,,
A_20000_directo,1,20000,C1,compra_fase,PRE-LAB,PREOPERATIVOS,ESPECIFICO_DE_FASE,INICIAL,,1,1,%,Sí,,
A_20000_directo,1,20000,C1,compra_fase,PRE-IT,PREOPERATIVOS,ESPECIFICO_DE_FASE,INICIAL,,1,1,%,Sí,,
A_20000_directo,1,20000,C1,compra_fase,CON-DIS,CONTINGENCIA,ESPECIFICO_DE_FASE,INICIAL,,1,1,%,Sí,,
A_20000_directo,1,20000,C1,compra_fase,CON-COS,CONTINGENCIA,ESPECIFICO_DE_FASE,INICIAL,,1,1,%,Sí,,
A_20000_directo,1,20000,C1,compra_fase,CON-ESC,CONTINGENCIA,ESPECIFICO_DE_FASE,INICIAL,,1,1,%,Sí,,
B_5000_a_20000,1,5000,C1,compra_fase,TER-COMPRA,TERRENO,REUTILIZABLE,INICIAL,,18028.6851,18028.6851,m²,Sí,,
B_5000_a_20000,1,5000,C1,compra_fase,TER-GASTOS,TERRENO,ESPECIFICO_DE_FASE,INICIAL,,1,1,%,Sí,,
B_5000_a_20000,1,5000,C1,compra_fase,TER-PREP,TERRENO,ESCALABLE,INICIAL,,18028.6851,18028.6851,m²,Sí,,
B_5000_a_20000,1,5000,C1,compra_fase,TER-ACCESO,TERRENO,REUTILIZABLE,INICIAL,,1,1,lote,Sí,,
B_5000_a_20000,1,5000,C1,compra_fase,TER-CONEX,TERRENO,REUTILIZABLE,INICIAL,,1,1,lote,Sí,,
B_5000_a_20000,1,5000,C1,compra_fase,OC-RS-OBRA,OBRA_CIVIL,ESCALABLE,INICIAL,,180,180,m²,Sí,,
B_5000_a_20000,1,5000,C1,compra_fase,OC-PH-OBRA,OBRA_CIVIL,ESCALABLE,INICIAL,,1476.6064,1476.6064,m²,Sí,,
B_5000_a_20000,1,5000,C1,compra_fase,OC-FR-OBRA,OBRA_CIVIL,ESCALABLE,INICIAL,,137.1082,137.1082,m²,Sí,,
B_5000_a_20000,1,5000,C1,compra_fase,OC-DK-OBRA,OBRA_CIVIL,ESCALABLE,INICIAL,,45,45,m²,Sí,,
B_5000_a_20000,1,5000,C1,compra_fase,OC-DP-OBRA,OBRA_CIVIL,ESCALABLE,INICIAL,,213.9546,213.9546,m²,Sí,64186.3806,
B_5000_a_20000,1,5000,C1,compra_fase,OC-ST-OBRA,OBRA_CIVIL,ESCALABLE,INICIAL,,181.6169,181.6169,m²,Sí,,
B_5000_a_20000,1,5000,C1,compra_fase,OC-LB-OBRA,OBRA_CIVIL,ESCALABLE,INICIAL,,17.165,17.165,m²,Sí,,
B_5000_a_20000,1,5000,C1,compra_fase,OC-VC-OBRA,OBRA_CIVIL,ESCALABLE,INICIAL,,153.5625,153.5625,m²,Sí,,
B_5000_a_20000,1,5000,C1,compra_fase,OC-OF-OBRA,OBRA_CIVIL,ESCALABLE,INICIAL,,192.1469,192.1469,m²,Sí,,
B_5000_a_20000,1,5000,C1,compra_fase,OC-EP-OBRA,OBRA_CIVIL,ESCALABLE,INICIAL,,1683.3403,1683.3403,m²,Sí,,
B_5000_a_20000,1,5000,C1,compra_fase,OC-EL-OBRA,OBRA_CIVIL,ESCALABLE,INICIAL,,718.75,718.75,m²,Sí,,
B_5000_a_20000,1,5000,C1,compra_fase,OC-LV-OBRA,OBRA_CIVIL,ESCALABLE,INICIAL,,130,130,m²,Sí,,
B_5000_a_20000,1,5000,C1,compra_fase,OC-IP-OBRA,OBRA_CIVIL,ESCALABLE,INICIAL,,32.5,32.5,m²,Sí,,
B_5000_a_20000,1,5000,C1,compra_fase,OC-EF-OBRA,OBRA_CIVIL,ESCALABLE,INICIAL,,253.9008,253.9008,m²,Sí,,
B_5000_a_20000,1,5000,C1,compra_fase,OC-CER-OBRA,OBRA_CIVIL,ESCALABLE,INICIAL,,548.1588,548.1588,m,Sí,,
B_5000_a_20000,1,5000,C1,compra_fase,OC-INF-OBRA,OBRA_CIVIL,ESCALABLE,INICIAL,,18028.6851,18028.6851,m²,Sí,,
B_5000_a_20000,1,5000,C1,compra_fase,PQ-L1,PROCESO,MIXTA,INICIAL,,1,1,lote,Sí,,
B_5000_a_20000,1,5000,C1,compra_fase,PQ-L2,PROCESO,MIXTA,INICIAL,,1,1,lote,Sí,,
B_5000_a_20000,1,5000,C1,compra_fase,PQ-L3,PROCESO,MIXTA,INICIAL,,1,1,lote,Sí,,
B_5000_a_20000,1,5000,C1,compra_fase,PQ-L4,PROCESO,MIXTA,INICIAL,,1,1,lote,Sí,,
B_5000_a_20000,1,5000,C1,compra_fase,PQ-L5,PROCESO,MIXTA,INICIAL,,1,1,lote,Sí,,
B_5000_a_20000,1,5000,C1,compra_fase,PQ-L6,PROCESO,MIXTA,INICIAL,,1,1,lote,Sí,,
B_5000_a_20000,1,5000,C1,compra_fase,PQ-L7,PROCESO,MIXTA,INICIAL,,1,1,lote,Sí,,
B_5000_a_20000,1,5000,C1,compra_fase,EQ-LIM,PROCESO,ESCALABLE,INICIAL,,1,1,lote,Sí,,
B_5000_a_20000,1,5000,C1,compra_fase,SB-L9,SUBPRODUCTOS,ESCALABLE,INICIAL,,1,1,lote,Sí,,
B_5000_a_20000,1,5000,C1,compra_fase,FR-PAQ,FRIO,ESCALABLE,INICIAL,,1,1,lote,Sí,,
B_5000_a_20000,1,5000,C1,compra_fase,FR-PAN,FRIO,ESCALABLE,INICIAL,,137.1082,137.1082,m²,No,,
B_5000_a_20000,1,5000,C1,compra_fase,FR-COMP,FRIO,DUPLICABLE,INICIAL,,,,kWf,No,,
B_5000_a_20000,1,5000,C1,compra_fase,FR-COND,FRIO,DUPLICABLE,INICIAL,,,,kWf,No,,
B_5000_a_20000,1,5000,C1,compra_fase,FR-EVAP,FRIO,DUPLICABLE,INICIAL,,,,kWf,No,,
B_5000_a_20000,1,5000,C1,compra_fase,FR-PIP,FRIO,ESCALABLE,INICIAL,,1,1,lote,No,,
B_5000_a_20000,1,5000,C1,compra_fase,FR-REF,FRIO,ESCALABLE,INICIAL,,1,1,lote,No,,
B_5000_a_20000,1,5000,C1,compra_fase,FR-CTL,FRIO,ESCALABLE,INICIAL,,1,1,lote,No,,
B_5000_a_20000,1,5000,C1,compra_fase,FR-AGH,FRIO,ESCALABLE,INICIAL,,34.5926,34.5926,kWf,No,,
B_5000_a_20000,1,5000,C1,compra_fase,FR-DCK,FRIO,DUPLICABLE,INICIAL,,,,unidad,No,,
B_5000_a_20000,1,5000,C1,compra_fase,FR-TUN,FRIO,DUPLICABLE,INICIAL,,1.1982,1.1982,t/día,No,,
B_5000_a_20000,1,5000,C1,compra_fase,AG-CAP,UTILITIES,ESCALABLE,INICIAL,,125,125,m³/d,Sí,,
B_5000_a_20000,1,5000,C1,compra_fase,AG-ALM,UTILITIES,DUPLICABLE,INICIAL,,125,125,m³,Sí,,
B_5000_a_20000,1,5000,C1,compra_fase,AG-TRA,UTILITIES,ESCALABLE,INICIAL,,18.75,18.75,m³/h,Sí,,
B_5000_a_20000,1,5000,C1,compra_fase,AG-BOM,UTILITIES,DUPLICABLE,INICIAL,,18.75,18.75,m³/h,Sí,,
B_5000_a_20000,1,5000,C1,compra_fase,AG-DIS,UTILITIES,ESCALABLE,INICIAL,,2597.1604,2597.1604,m²,Sí,,
B_5000_a_20000,1,5000,C1,compra_fase,EF-PAQ,EFLUENTES,ESCALABLE,INICIAL,,1,1,lote,Sí,,
B_5000_a_20000,1,5000,C1,compra_fase,EF-PRE,EFLUENTES,ESCALABLE,INICIAL,,16.5,16.5,m³/h,No,,
B_5000_a_20000,1,5000,C1,compra_fase,EF-ECU,EFLUENTES,ESCALABLE,INICIAL,,110,110,m³,No,,
B_5000_a_20000,1,5000,C1,compra_fase,EF-DAF,EFLUENTES,ESCALABLE,INICIAL,,16.5,16.5,m³/h,No,,
B_5000_a_20000,1,5000,C1,compra_fase,EF-BIO,EFLUENTES,ESCALABLE,INICIAL,,594,594,kg DQO/d,No,,
B_5000_a_20000,1,5000,C1,compra_fase,EF-LOD,EFLUENTES,ESCALABLE,INICIAL,,,,kg MS/d,No,,
B_5000_a_20000,1,5000,C1,compra_fase,EF-INF,EFLUENTES,ESCALABLE,INICIAL,,1,1,lote,No,,
B_5000_a_20000,1,5000,C1,compra_fase,EL-ACO,UTILITIES,REUTILIZABLE,INICIAL,,1,1,lote,Sí,,
B_5000_a_20000,1,5000,C1,compra_fase,EL-TRA,UTILITIES,ESCALABLE,INICIAL,,,,kVA,Sí,,
B_5000_a_20000,1,5000,C1,compra_fase,EL-TAB,UTILITIES,ESCALABLE,INICIAL,,1,1,lote,Sí,,
B_5000_a_20000,1,5000,C1,compra_fase,EL-DIS,UTILITIES,ESCALABLE,INICIAL,,2597.1604,2597.1604,m²,Sí,,
B_5000_a_20000,1,5000,C1,compra_fase,EL-UPS,UTILITIES,DUPLICABLE,INICIAL,,,,kVA,Sí,,
B_5000_a_20000,1,5000,C1,compra_fase,EL-GEN,UTILITIES,DUPLICABLE,INICIAL,,,,kVA,Sí,,
B_5000_a_20000,1,5000,C1,compra_fase,TE-GEN,UTILITIES,DUPLICABLE,INICIAL,,,,kWt,Sí,,
B_5000_a_20000,1,5000,C1,compra_fase,TE-COM,UTILITIES,ESCALABLE,INICIAL,,1,1,lote,Sí,,
B_5000_a_20000,1,5000,C1,compra_fase,TE-DIS,UTILITIES,ESCALABLE,INICIAL,,1,1,lote,Sí,,
B_5000_a_20000,1,5000,C1,compra_fase,AC-COM,UTILITIES,DUPLICABLE,INICIAL,,,,m³/min,Sí,,
B_5000_a_20000,1,5000,C1,compra_fase,IT-HW,SERVICIOS_GENERALES,ESCALABLE,INICIAL,,1,1,lote,Sí,,
B_5000_a_20000,1,5000,C1,compra_fase,IT-SW,SERVICIOS_GENERALES,REUTILIZABLE,INICIAL,,1,1,lote,Sí,,
B_5000_a_20000,1,5000,C1,compra_fase,IT-SEN,SERVICIOS_GENERALES,ESCALABLE,INICIAL,,1,1,lote,Sí,,
B_5000_a_20000,1,5000,C1,compra_fase,IT-RED,SERVICIOS_GENERALES,ESCALABLE,INICIAL,,1,1,lote,Sí,,
B_5000_a_20000,1,5000,C1,compra_fase,IT-ETQ,SERVICIOS_GENERALES,DUPLICABLE,INICIAL,,,,unidad,Sí,,
B_5000_a_20000,1,5000,C1,compra_fase,LAB-EQ,SERVICIOS_GENERALES,REUTILIZABLE,INICIAL,,1,1,lote,Sí,,
B_5000_a_20000,1,5000,C1,compra_fase,SI-DET,SERVICIOS_GENERALES,ESCALABLE,INICIAL,,1,1,lote,Sí,,
B_5000_a_20000,1,5000,C1,compra_fase,SI-COM,SERVICIOS_GENERALES,ESCALABLE,INICIAL,,1,1,lote,Sí,,
B_5000_a_20000,1,5000,C1,compra_fase,SI-PRO,SERVICIOS_GENERALES,ESCALABLE,INICIAL,,1,1,lote,Sí,,
B_5000_a_20000,1,5000,C1,compra_fase,PER-EQ,SERVICIOS_GENERALES,ESCALABLE,INICIAL,,1,1,lote,Sí,,
B_5000_a_20000,1,5000,C1,compra_fase,MOB-OF,SERVICIOS_GENERALES,REUTILIZABLE,INICIAL,,1,1,lote,Sí,,
B_5000_a_20000,1,5000,C1,compra_fase,EQ-71,UTILITIES,DUPLICABLE,INICIAL,,1,1,unidad,No,,
B_5000_a_20000,1,5000,C1,compra_fase,EQ-72,UTILITIES,ESCALABLE,INICIAL,,1,1,unidad,No,,
B_5000_a_20000,1,5000,C1,compra_fase,EQ-70,EFLUENTES,ESCALABLE,INICIAL,,1,1,unidad,No,,
B_5000_a_20000,1,5000,C1,compra_fase,EQ-73,UTILITIES,DUPLICABLE,INICIAL,,1,1,unidad,No,,
B_5000_a_20000,1,5000,C1,compra_fase,EQ-74,PROCESO,ESCALABLE,INICIAL,,1,1,unidad,No,,
B_5000_a_20000,1,5000,C1,compra_fase,EQ-75,PROCESO,DUPLICABLE,INICIAL,,1,1,unidad,No,,
B_5000_a_20000,1,5000,C1,compra_fase,EQ-37,FRIO,ESCALABLE,INICIAL,,1,1,unidad,No,,
B_5000_a_20000,1,5000,C1,compra_fase,EQ-64,FRIO,ESCALABLE,INICIAL,,1,1,unidad,No,,
B_5000_a_20000,1,5000,C1,compra_fase,EQ-65,FRIO,DUPLICABLE,INICIAL,,1,1,unidad,No,,
B_5000_a_20000,1,5000,C1,compra_fase,EQ-62,FRIO,ESCALABLE,INICIAL,,1,1,unidad,No,,
B_5000_a_20000,1,5000,C1,compra_fase,EQ-63,FRIO,ESCALABLE,INICIAL,,1,1,unidad,No,,
B_5000_a_20000,1,5000,C1,compra_fase,EQ-57,FRIO,DUPLICABLE,INICIAL,,1,1,unidad,No,,
B_5000_a_20000,1,5000,C1,compra_fase,EQ-58,FRIO,DUPLICABLE,INICIAL,,1,1,unidad,No,,
B_5000_a_20000,1,5000,C1,compra_fase,EQ-54,SERVICIOS_GENERALES,DUPLICABLE,INICIAL,,1,1,unidad,No,,
B_5000_a_20000,1,5000,C1,compra_fase,EQ-76,SERVICIOS_GENERALES,ESCALABLE,INICIAL,,1,1,unidad,No,,
B_5000_a_20000,1,5000,C1,compra_fase,EQ-01,PROCESO,REUTILIZABLE,INICIAL,,1,1,unidad,No,,
B_5000_a_20000,1,5000,C1,compra_fase,EQ-02,PROCESO,ESCALABLE,INICIAL,,1,1,unidad,No,,
B_5000_a_20000,1,5000,C1,compra_fase,EQ-04,PROCESO,REEMPLAZABLE,INICIAL,,1,1,unidad,No,,
B_5000_a_20000,1,5000,C1,compra_fase,EQ-05,PROCESO,REEMPLAZABLE,INICIAL,,1,1,unidad,No,,
B_5000_a_20000,1,5000,C1,compra_fase,EQ-06,PROCESO,REUTILIZABLE,INICIAL,,1,1,unidad,No,,
B_5000_a_20000,1,5000,C1,compra_fase,EQ-07,PROCESO,ESCALABLE,INICIAL,,1,1,unidad,No,,
B_5000_a_20000,1,5000,C1,compra_fase,EQ-08,PROCESO,ESCALABLE,INICIAL,,1,1,unidad,No,,
B_5000_a_20000,1,5000,C1,compra_fase,EQ-09,PROCESO,REUTILIZABLE,INICIAL,,1,1,unidad,No,,
B_5000_a_20000,1,5000,C1,compra_fase,EQ-11,PROCESO,REEMPLAZABLE,INICIAL,,1,1,unidad,No,,
B_5000_a_20000,1,5000,C1,compra_fase,EQ-12,PROCESO,ESCALABLE,INICIAL,,1,1,unidad,No,,
B_5000_a_20000,1,5000,C1,compra_fase,EQ-13,PROCESO,ESCALABLE,INICIAL,,1,1,unidad,No,,
B_5000_a_20000,1,5000,C1,compra_fase,EQ-15,PROCESO,DUPLICABLE,INICIAL,,1,1,unidad,No,,
B_5000_a_20000,1,5000,C1,compra_fase,EQ-16,PROCESO,ESCALABLE,INICIAL,,1,1,unidad,No,,
B_5000_a_20000,1,5000,C1,compra_fase,EQ-17,PROCESO,REEMPLAZABLE,INICIAL,,1,1,unidad,No,,
B_5000_a_20000,1,5000,C1,compra_fase,EQ-18,PROCESO,REEMPLAZABLE,INICIAL,,1,1,unidad,No,,
B_5000_a_20000,1,5000,C1,compra_fase,EQ-19,PROCESO,REEMPLAZABLE,INICIAL,,1,1,unidad,No,,
B_5000_a_20000,1,5000,C1,compra_fase,EQ-20,PROCESO,REUTILIZABLE,INICIAL,,1,1,unidad,No,,
B_5000_a_20000,1,5000,C1,compra_fase,EQ-21,PROCESO,ESCALABLE,INICIAL,,1,1,unidad,No,,
B_5000_a_20000,1,5000,C1,compra_fase,EQ-22,PROCESO,REEMPLAZABLE,INICIAL,,1,1,unidad,No,,
B_5000_a_20000,1,5000,C1,compra_fase,EQ-23,PROCESO,REEMPLAZABLE,INICIAL,,1,1,unidad,No,,
B_5000_a_20000,1,5000,C1,compra_fase,EQ-24,PROCESO,REEMPLAZABLE,INICIAL,,1,1,unidad,No,,
B_5000_a_20000,1,5000,C1,compra_fase,EQ-25,PROCESO,REEMPLAZABLE,INICIAL,,1,1,unidad,No,,
B_5000_a_20000,1,5000,C1,compra_fase,EQ-26,PROCESO,DUPLICABLE,INICIAL,,1,1,unidad,No,,
B_5000_a_20000,1,5000,C1,compra_fase,EQ-27,PROCESO,REEMPLAZABLE,INICIAL,,1,1,unidad,No,,
B_5000_a_20000,1,5000,C1,compra_fase,EQ-28,PROCESO,REUTILIZABLE,INICIAL,,1,1,unidad,No,,
B_5000_a_20000,1,5000,C1,compra_fase,EQ-29,PROCESO,REEMPLAZABLE,INICIAL,,1,1,unidad,No,,
B_5000_a_20000,1,5000,C1,compra_fase,EQ-30,PROCESO,REEMPLAZABLE,INICIAL,,1,1,unidad,No,,
B_5000_a_20000,1,5000,C1,compra_fase,EQ-31,PROCESO,REUTILIZABLE,INICIAL,,1,1,unidad,No,,
B_5000_a_20000,1,5000,C1,compra_fase,EQ-32,PROCESO,ESCALABLE,INICIAL,,1,1,unidad,No,,
B_5000_a_20000,1,5000,C1,compra_fase,EQ-33,PROCESO,DUPLICABLE,INICIAL,,1,1,unidad,No,,
B_5000_a_20000,1,5000,C1,compra_fase,EQ-34,PROCESO,ESCALABLE,INICIAL,,1,1,unidad,No,,
B_5000_a_20000,1,5000,C1,compra_fase,EQ-35,PROCESO,ESCALABLE,INICIAL,,1,1,unidad,No,,
B_5000_a_20000,1,5000,C1,compra_fase,EQ-38,PROCESO,REEMPLAZABLE,INICIAL,,1,1,unidad,No,,
B_5000_a_20000,1,5000,C1,compra_fase,EQ-39,PROCESO,REEMPLAZABLE,INICIAL,,1,1,unidad,No,,
B_5000_a_20000,1,5000,C1,compra_fase,EQ-40,PROCESO,DUPLICABLE,INICIAL,,1,1,unidad,No,,
B_5000_a_20000,1,5000,C1,compra_fase,EQ-47,PROCESO,DUPLICABLE,INICIAL,,1,1,unidad,No,,
B_5000_a_20000,1,5000,C1,compra_fase,EQ-49,PROCESO,REEMPLAZABLE,INICIAL,,1,1,unidad,No,,
B_5000_a_20000,1,5000,C1,compra_fase,EQ-50,PROCESO,DUPLICABLE,INICIAL,,1,1,unidad,No,,
B_5000_a_20000,1,5000,C1,compra_fase,EQ-51,PROCESO,DUPLICABLE,INICIAL,,1,1,unidad,No,,
B_5000_a_20000,1,5000,C1,compra_fase,EQ-53,PROCESO,DUPLICABLE,INICIAL,,1,1,unidad,No,,
B_5000_a_20000,1,5000,C1,compra_fase,EQ-55,PROCESO,DUPLICABLE,INICIAL,,1,1,unidad,No,,
B_5000_a_20000,1,5000,C1,compra_fase,EQ-56,PROCESO,DUPLICABLE,INICIAL,,1,1,unidad,No,,
B_5000_a_20000,1,5000,C1,compra_fase,EQ-66,SUBPRODUCTOS,ESCALABLE,INICIAL,,1,1,unidad,No,,
B_5000_a_20000,1,5000,C1,compra_fase,EQ-67,SUBPRODUCTOS,ESCALABLE,INICIAL,,1,1,unidad,No,,
B_5000_a_20000,1,5000,C1,compra_fase,EQ-68,SUBPRODUCTOS,ESCALABLE,INICIAL,,1,1,unidad,No,,
B_5000_a_20000,1,5000,C1,compra_fase,EQ-69,SUBPRODUCTOS,ESCALABLE,INICIAL,,1,1,unidad,No,,
B_5000_a_20000,1,5000,C1,compra_fase,EQ-14,UTILITIES,DUPLICABLE,INICIAL,,1,1,unidad,No,,
B_5000_a_20000,1,5000,C1,compra_fase,IND-ING,INDIRECTOS,ESPECIFICO_DE_FASE,INICIAL,,1,1,%,Sí,,
B_5000_a_20000,1,5000,C1,compra_fase,IND-ARQ,INDIRECTOS,ESPECIFICO_DE_FASE,INICIAL,,1,1,%,Sí,,
B_5000_a_20000,1,5000,C1,compra_fase,IND-PEJ,INDIRECTOS,ESPECIFICO_DE_FASE,INICIAL,,1,1,%,Sí,,
B_5000_a_20000,1,5000,C1,compra_fase,IND-DO,INDIRECTOS,ESPECIFICO_DE_FASE,INICIAL,,1,1,%,Sí,,
B_5000_a_20000,1,5000,C1,compra_fase,IND-PM,INDIRECTOS,ESPECIFICO_DE_FASE,INICIAL,,1,1,%,Sí,,
B_5000_a_20000,1,5000,C1,compra_fase,IND-PER,INDIRECTOS,ESPECIFICO_DE_FASE,INICIAL,,1,1,%,Sí,,
B_5000_a_20000,1,5000,C1,compra_fase,IND-EST,INDIRECTOS,ESPECIFICO_DE_FASE,INICIAL,,1,1,%,Sí,,
B_5000_a_20000,1,5000,C1,compra_fase,PRE-COM,PREOPERATIVOS,ESPECIFICO_DE_FASE,INICIAL,,1,1,%,Sí,,
B_5000_a_20000,1,5000,C1,compra_fase,PRE-PEM,PREOPERATIVOS,ESPECIFICO_DE_FASE,INICIAL,,1,1,%,Sí,,
B_5000_a_20000,1,5000,C1,compra_fase,PRE-CAP,PREOPERATIVOS,ESPECIFICO_DE_FASE,INICIAL,,1,1,%,Sí,,
B_5000_a_20000,1,5000,C1,compra_fase,PRE-PRU,PREOPERATIVOS,ESPECIFICO_DE_FASE,INICIAL,,1,1,%,Sí,,
B_5000_a_20000,1,5000,C1,compra_fase,PRE-REP,PREOPERATIVOS,ESPECIFICO_DE_FASE,INICIAL,,1,1,%,Sí,,
B_5000_a_20000,1,5000,C1,compra_fase,PRE-HER,PREOPERATIVOS,ESPECIFICO_DE_FASE,INICIAL,,1,1,%,Sí,,
B_5000_a_20000,1,5000,C1,compra_fase,PRE-LAB,PREOPERATIVOS,ESPECIFICO_DE_FASE,INICIAL,,1,1,%,Sí,,
B_5000_a_20000,1,5000,C1,compra_fase,PRE-IT,PREOPERATIVOS,ESPECIFICO_DE_FASE,INICIAL,,1,1,%,Sí,,
B_5000_a_20000,1,5000,C1,compra_fase,CON-DIS,CONTINGENCIA,ESPECIFICO_DE_FASE,INICIAL,,1,1,%,Sí,,
B_5000_a_20000,1,5000,C1,compra_fase,CON-COS,CONTINGENCIA,ESPECIFICO_DE_FASE,INICIAL,,1,1,%,Sí,,
B_5000_a_20000,1,5000,C1,compra_fase,CON-ESC,CONTINGENCIA,ESPECIFICO_DE_FASE,INICIAL,,1,1,%,Sí,,
B_5000_a_20000,2,20000,C1,compra_fase,TER-COMPRA,TERRENO,REUTILIZABLE,AMPLIA_REUTILIZABLE,18028.6851,32379.395,14350.71,m²,Sí,,requiere terreno contiguo disponible: riesgo sin reserva (DEC-063); 
B_5000_a_20000,2,20000,C1,compra_fase,TER-GASTOS,TERRENO,ESPECIFICO_DE_FASE,NUEVO_POR_FASE,1,1,,%,Sí,,
B_5000_a_20000,2,20000,C1,compra_fase,TER-PREP,TERRENO,ESCALABLE,AMPLIA,18028.6851,32379.395,14350.71,m²,Sí,,
B_5000_a_20000,2,20000,C1,compra_fase,TER-ACCESO,TERRENO,REUTILIZABLE,PENDIENTE,1,1,,lote,Sí,,
B_5000_a_20000,2,20000,C1,compra_fase,TER-CONEX,TERRENO,REUTILIZABLE,PENDIENTE,1,1,,lote,Sí,,
B_5000_a_20000,2,20000,C1,compra_fase,OC-RS-OBRA,OBRA_CIVIL,ESCALABLE,REUTILIZA,180,180,0,m²,Sí,0,
B_5000_a_20000,2,20000,C1,compra_fase,OC-PH-OBRA,OBRA_CIVIL,ESCALABLE,AMPLIA,1476.6064,4646.77,3170.1636,m²,Sí,,
B_5000_a_20000,2,20000,C1,compra_fase,OC-FR-OBRA,OBRA_CIVIL,ESCALABLE,AMPLIA,137.1082,465.9761,328.8679,m²,Sí,,
B_5000_a_20000,2,20000,C1,compra_fase,OC-DK-OBRA,OBRA_CIVIL,ESCALABLE,AMPLIA,45,135,90,m²,Sí,,
B_5000_a_20000,2,20000,C1,compra_fase,OC-DP-OBRA,OBRA_CIVIL,ESCALABLE,AMPLIA,213.9546,741.4353,527.4807,m²,Sí,158244.1954,costo a precio unitario de obra nueva; prima/penalidad de ampliación PENDIENTE (DPV-16-14)
B_5000_a_20000,2,20000,C1,compra_fase,OC-ST-OBRA,OBRA_CIVIL,ESCALABLE,AMPLIA,181.6169,431.6307,250.0138,m²,Sí,,
B_5000_a_20000,2,20000,C1,compra_fase,OC-LB-OBRA,OBRA_CIVIL,ESCALABLE,AMPLIA,17.165,52.0346,34.8696,m²,Sí,,
B_5000_a_20000,2,20000,C1,compra_fase,OC-VC-OBRA,OBRA_CIVIL,ESCALABLE,AMPLIA,153.5625,507.9375,354.375,m²,Sí,,
B_5000_a_20000,2,20000,C1,compra_fase,OC-OF-OBRA,OBRA_CIVIL,ESCALABLE,AMPLIA,192.1469,290.4977,98.3508,m²,Sí,,
B_5000_a_20000,2,20000,C1,compra_fase,OC-EP-OBRA,OBRA_CIVIL,ESCALABLE,AMPLIA,1683.3403,3855.285,2171.9448,m²,Sí,,
B_5000_a_20000,2,20000,C1,compra_fase,OC-EL-OBRA,OBRA_CIVIL,ESCALABLE,AMPLIA,718.75,2031.25,1312.5,m²,Sí,,
B_5000_a_20000,2,20000,C1,compra_fase,OC-LV-OBRA,OBRA_CIVIL,ESCALABLE,REUTILIZA,130,130,0,m²,Sí,0,
B_5000_a_20000,2,20000,C1,compra_fase,OC-IP-OBRA,OBRA_CIVIL,ESCALABLE,AMPLIA,32.5,130,97.5,m²,Sí,,
B_5000_a_20000,2,20000,C1,compra_fase,OC-EF-OBRA,OBRA_CIVIL,ESCALABLE,AMPLIA,253.9008,592.1933,338.2925,m²,Sí,,
B_5000_a_20000,2,20000,C1,compra_fase,OC-CER-OBRA,OBRA_CIVIL,ESCALABLE,AMPLIA,548.1588,734.6132,186.4544,m,Sí,,
B_5000_a_20000,2,20000,C1,compra_fase,OC-INF-OBRA,OBRA_CIVIL,ESCALABLE,AMPLIA,18028.6851,32379.395,14350.71,m²,Sí,,
B_5000_a_20000,2,20000,C1,compra_fase,PQ-L1,PROCESO,MIXTA,PENDIENTE,1,1,,lote,Sí,,comparado por capacidad (aves/h); 
B_5000_a_20000,2,20000,C1,compra_fase,PQ-L2,PROCESO,MIXTA,PENDIENTE,1,1,,lote,Sí,,comparado por capacidad (aves/h); 
B_5000_a_20000,2,20000,C1,compra_fase,PQ-L3,PROCESO,MIXTA,PENDIENTE,1,1,,lote,Sí,,comparado por capacidad (aves/h); 
B_5000_a_20000,2,20000,C1,compra_fase,PQ-L4,PROCESO,MIXTA,PENDIENTE,1,1,,lote,Sí,,comparado por capacidad (aves/h); 
B_5000_a_20000,2,20000,C1,compra_fase,PQ-L5,PROCESO,MIXTA,PENDIENTE,1,1,,lote,Sí,,comparado por capacidad (aves/h); 
B_5000_a_20000,2,20000,C1,compra_fase,PQ-L6,PROCESO,MIXTA,PENDIENTE,1,1,,lote,Sí,,comparado por capacidad (aves/h); 
B_5000_a_20000,2,20000,C1,compra_fase,PQ-L7,PROCESO,MIXTA,PENDIENTE,1,1,,lote,Sí,,comparado por capacidad (aves/h); 
B_5000_a_20000,2,20000,C1,compra_fase,EQ-LIM,PROCESO,ESCALABLE,PENDIENTE,1,1,,lote,Sí,,
B_5000_a_20000,2,20000,C1,compra_fase,SB-L9,SUBPRODUCTOS,ESCALABLE,AMPLIA,1,1,7.92,lote,Sí,,comparado por capacidad (t/d); 
B_5000_a_20000,2,20000,C1,compra_fase,FR-PAQ,FRIO,ESCALABLE,AMPLIA,1,1,368,lote,Sí,,comparado por capacidad (kWf); 
B_5000_a_20000,2,20000,C1,compra_fase,FR-PAN,FRIO,ESCALABLE,AMPLIA,137.1082,465.9761,328.8679,m²,No,,
B_5000_a_20000,2,20000,C1,compra_fase,FR-COMP,FRIO,DUPLICABLE,PENDIENTE,,,,kWf,No,,
B_5000_a_20000,2,20000,C1,compra_fase,FR-COND,FRIO,DUPLICABLE,PENDIENTE,,,,kWf,No,,
B_5000_a_20000,2,20000,C1,compra_fase,FR-EVAP,FRIO,DUPLICABLE,PENDIENTE,,,,kWf,No,,
B_5000_a_20000,2,20000,C1,compra_fase,FR-PIP,FRIO,ESCALABLE,PENDIENTE,1,1,,lote,No,,
B_5000_a_20000,2,20000,C1,compra_fase,FR-REF,FRIO,ESCALABLE,PENDIENTE,1,1,,lote,No,,
B_5000_a_20000,2,20000,C1,compra_fase,FR-CTL,FRIO,ESCALABLE,PENDIENTE,1,1,,lote,No,,
B_5000_a_20000,2,20000,C1,compra_fase,FR-AGH,FRIO,ESCALABLE,AMPLIA,34.5926,138.3706,103.7779,kWf,No,,
B_5000_a_20000,2,20000,C1,compra_fase,FR-DCK,FRIO,DUPLICABLE,PENDIENTE,,,,unidad,No,,
B_5000_a_20000,2,20000,C1,compra_fase,FR-TUN,FRIO,DUPLICABLE,DUPLICA,1.1982,4.793,3.5947,t/día,No,,
B_5000_a_20000,2,20000,C1,compra_fase,AG-CAP,UTILITIES,ESCALABLE,AMPLIA,125,500,375,m³/d,Sí,,
B_5000_a_20000,2,20000,C1,compra_fase,AG-ALM,UTILITIES,DUPLICABLE,DUPLICA,125,500,375,m³,Sí,,
B_5000_a_20000,2,20000,C1,compra_fase,AG-TRA,UTILITIES,ESCALABLE,AMPLIA,18.75,75,56.25,m³/h,Sí,,
B_5000_a_20000,2,20000,C1,compra_fase,AG-BOM,UTILITIES,DUPLICABLE,DUPLICA,18.75,75,56.25,m³/h,Sí,,
B_5000_a_20000,2,20000,C1,compra_fase,AG-DIS,UTILITIES,ESCALABLE,AMPLIA,2597.1604,7451.2818,4854.1213,m²,Sí,,
B_5000_a_20000,2,20000,C1,compra_fase,EF-PAQ,EFLUENTES,ESCALABLE,AMPLIA,1,1,330,lote,Sí,,comparado por capacidad (m³/d); 
B_5000_a_20000,2,20000,C1,compra_fase,EF-PRE,EFLUENTES,ESCALABLE,AMPLIA,16.5,66,49.5,m³/h,No,,
B_5000_a_20000,2,20000,C1,compra_fase,EF-ECU,EFLUENTES,ESCALABLE,AMPLIA,110,440,330,m³,No,,
B_5000_a_20000,2,20000,C1,compra_fase,EF-DAF,EFLUENTES,ESCALABLE,AMPLIA,16.5,66,49.5,m³/h,No,,
B_5000_a_20000,2,20000,C1,compra_fase,EF-BIO,EFLUENTES,ESCALABLE,AMPLIA,594,2376,1782,kg DQO/d,No,,
B_5000_a_20000,2,20000,C1,compra_fase,EF-LOD,EFLUENTES,ESCALABLE,PENDIENTE,,,,kg MS/d,No,,
B_5000_a_20000,2,20000,C1,compra_fase,EF-INF,EFLUENTES,ESCALABLE,PENDIENTE,1,1,,lote,No,,
B_5000_a_20000,2,20000,C1,compra_fase,EL-ACO,UTILITIES,REUTILIZABLE,PENDIENTE,1,1,,lote,Sí,,
B_5000_a_20000,2,20000,C1,compra_fase,EL-TRA,UTILITIES,ESCALABLE,PENDIENTE,,,,kVA,Sí,,
B_5000_a_20000,2,20000,C1,compra_fase,EL-TAB,UTILITIES,ESCALABLE,PENDIENTE,1,1,,lote,Sí,,
B_5000_a_20000,2,20000,C1,compra_fase,EL-DIS,UTILITIES,ESCALABLE,AMPLIA,2597.1604,7451.2818,4854.1213,m²,Sí,,
B_5000_a_20000,2,20000,C1,compra_fase,EL-UPS,UTILITIES,DUPLICABLE,PENDIENTE,,,,kVA,Sí,,
B_5000_a_20000,2,20000,C1,compra_fase,EL-GEN,UTILITIES,DUPLICABLE,PENDIENTE,,,,kVA,Sí,,
B_5000_a_20000,2,20000,C1,compra_fase,TE-GEN,UTILITIES,DUPLICABLE,PENDIENTE,,,,kWt,Sí,,
B_5000_a_20000,2,20000,C1,compra_fase,TE-COM,UTILITIES,ESCALABLE,PENDIENTE,1,1,,lote,Sí,,
B_5000_a_20000,2,20000,C1,compra_fase,TE-DIS,UTILITIES,ESCALABLE,PENDIENTE,1,1,,lote,Sí,,
B_5000_a_20000,2,20000,C1,compra_fase,AC-COM,UTILITIES,DUPLICABLE,PENDIENTE,,,,m³/min,Sí,,
B_5000_a_20000,2,20000,C1,compra_fase,IT-HW,SERVICIOS_GENERALES,ESCALABLE,PENDIENTE,1,1,,lote,Sí,,
B_5000_a_20000,2,20000,C1,compra_fase,IT-SW,SERVICIOS_GENERALES,REUTILIZABLE,PENDIENTE,1,1,,lote,Sí,,
B_5000_a_20000,2,20000,C1,compra_fase,IT-SEN,SERVICIOS_GENERALES,ESCALABLE,PENDIENTE,1,1,,lote,Sí,,
B_5000_a_20000,2,20000,C1,compra_fase,IT-RED,SERVICIOS_GENERALES,ESCALABLE,PENDIENTE,1,1,,lote,Sí,,
B_5000_a_20000,2,20000,C1,compra_fase,IT-ETQ,SERVICIOS_GENERALES,DUPLICABLE,PENDIENTE,,,,unidad,Sí,,
B_5000_a_20000,2,20000,C1,compra_fase,LAB-EQ,SERVICIOS_GENERALES,REUTILIZABLE,PENDIENTE,1,1,,lote,Sí,,
B_5000_a_20000,2,20000,C1,compra_fase,SI-DET,SERVICIOS_GENERALES,ESCALABLE,PENDIENTE,1,1,,lote,Sí,,
B_5000_a_20000,2,20000,C1,compra_fase,SI-COM,SERVICIOS_GENERALES,ESCALABLE,PENDIENTE,1,1,,lote,Sí,,
B_5000_a_20000,2,20000,C1,compra_fase,SI-PRO,SERVICIOS_GENERALES,ESCALABLE,PENDIENTE,1,1,,lote,Sí,,
B_5000_a_20000,2,20000,C1,compra_fase,PER-EQ,SERVICIOS_GENERALES,ESCALABLE,PENDIENTE,1,1,,lote,Sí,,
B_5000_a_20000,2,20000,C1,compra_fase,MOB-OF,SERVICIOS_GENERALES,REUTILIZABLE,PENDIENTE,1,1,,lote,Sí,,
B_5000_a_20000,2,20000,C1,compra_fase,EQ-71,UTILITIES,DUPLICABLE,DUPLICA,1,1,1875,unidad,No,,comparado por capacidad (aves/h); 
B_5000_a_20000,2,20000,C1,compra_fase,EQ-72,UTILITIES,ESCALABLE,AMPLIA,1,1,1875,unidad,No,,comparado por capacidad (aves/h); 
B_5000_a_20000,2,20000,C1,compra_fase,EQ-70,EFLUENTES,ESCALABLE,AMPLIA,1,1,1875,unidad,No,,comparado por capacidad (aves/h); 
B_5000_a_20000,2,20000,C1,compra_fase,EQ-73,UTILITIES,DUPLICABLE,REEMPLAZA,1,1,2500,unidad,No,,cambio de nivel S→A; comparado por capacidad (aves/h); valor residual del activo reemplazado PENDIENTE (modelo financiero)
B_5000_a_20000,2,20000,C1,compra_fase,EQ-74,PROCESO,ESCALABLE,REEMPLAZA,1,1,2500,unidad,No,,cambio de nivel S→A; comparado por capacidad (aves/h); valor residual del activo reemplazado PENDIENTE (modelo financiero)
B_5000_a_20000,2,20000,C1,compra_fase,EQ-75,PROCESO,DUPLICABLE,DUPLICA,1,1,1875,unidad,No,,comparado por capacidad (aves/h); 
B_5000_a_20000,2,20000,C1,compra_fase,EQ-37,FRIO,ESCALABLE,AMPLIA,1,1,1875,unidad,No,,comparado por capacidad (aves/h); 
B_5000_a_20000,2,20000,C1,compra_fase,EQ-64,FRIO,ESCALABLE,AMPLIA,1,1,1875,unidad,No,,comparado por capacidad (aves/h); 
B_5000_a_20000,2,20000,C1,compra_fase,EQ-65,FRIO,DUPLICABLE,REEMPLAZA,1,1,2500,unidad,No,,cambio de nivel S→A; comparado por capacidad (aves/h); valor residual del activo reemplazado PENDIENTE (modelo financiero)
B_5000_a_20000,2,20000,C1,compra_fase,EQ-62,FRIO,ESCALABLE,AMPLIA,1,1,1875,unidad,No,,comparado por capacidad (aves/h); 
B_5000_a_20000,2,20000,C1,compra_fase,EQ-63,FRIO,ESCALABLE,AMPLIA,1,1,1875,unidad,No,,comparado por capacidad (aves/h); 
B_5000_a_20000,2,20000,C1,compra_fase,EQ-57,FRIO,DUPLICABLE,REEMPLAZA,1,1,2500,unidad,No,,cambio de nivel S→A; comparado por capacidad (aves/h); valor residual del activo reemplazado PENDIENTE (modelo financiero)
B_5000_a_20000,2,20000,C1,compra_fase,EQ-58,FRIO,DUPLICABLE,REEMPLAZA,1,1,2500,unidad,No,,cambio de nivel O→A; comparado por capacidad (aves/h); valor residual del activo reemplazado PENDIENTE (modelo financiero)
B_5000_a_20000,2,20000,C1,compra_fase,EQ-59,FRIO,REEMPLAZABLE,NUEVO,,1,1,unidad,No,,
B_5000_a_20000,2,20000,C1,compra_fase,EQ-54,SERVICIOS_GENERALES,DUPLICABLE,REEMPLAZA,1,1,2500,unidad,No,,cambio de nivel S→A; comparado por capacidad (aves/h); valor residual del activo reemplazado PENDIENTE (modelo financiero)
B_5000_a_20000,2,20000,C1,compra_fase,EQ-76,SERVICIOS_GENERALES,ESCALABLE,REEMPLAZA,1,1,2500,unidad,No,,cambio de nivel S→A; comparado por capacidad (aves/h); valor residual del activo reemplazado PENDIENTE (modelo financiero)
B_5000_a_20000,2,20000,C1,compra_fase,EQ-01,PROCESO,REUTILIZABLE,AMPLIA_REUTILIZABLE,1,1,1875,unidad,No,,comparado por capacidad (aves/h); 
B_5000_a_20000,2,20000,C1,compra_fase,EQ-02,PROCESO,ESCALABLE,REEMPLAZA,1,1,2500,unidad,No,,cambio de nivel S→A; comparado por capacidad (aves/h); valor residual del activo reemplazado PENDIENTE (modelo financiero)
B_5000_a_20000,2,20000,C1,compra_fase,EQ-04,PROCESO,REEMPLAZABLE,REEMPLAZA,1,1,2500,unidad,No,,cambio de nivel S→A; comparado por capacidad (aves/h); valor residual del activo reemplazado PENDIENTE (modelo financiero)
B_5000_a_20000,2,20000,C1,compra_fase,EQ-05,PROCESO,REEMPLAZABLE,REEMPLAZA,1,1,2500,unidad,No,,cambio de nivel S→A; comparado por capacidad (aves/h); valor residual del activo reemplazado PENDIENTE (modelo financiero)
B_5000_a_20000,2,20000,C1,compra_fase,EQ-06,PROCESO,REUTILIZABLE,REEMPLAZA,1,1,2500,unidad,No,,cambio de nivel M→S; comparado por capacidad (aves/h); valor residual del activo reemplazado PENDIENTE (modelo financiero)
B_5000_a_20000,2,20000,C1,compra_fase,EQ-07,PROCESO,ESCALABLE,AMPLIA,1,1,1875,unidad,No,,comparado por capacidad (aves/h); 
B_5000_a_20000,2,20000,C1,compra_fase,EQ-08,PROCESO,ESCALABLE,AMPLIA,1,1,1875,unidad,No,,comparado por capacidad (aves/h); 
B_5000_a_20000,2,20000,C1,compra_fase,EQ-09,PROCESO,REUTILIZABLE,AMPLIA_REUTILIZABLE,1,1,1875,unidad,No,,comparado por capacidad (aves/h); 
B_5000_a_20000,2,20000,C1,compra_fase,EQ-11,PROCESO,REEMPLAZABLE,REEMPLAZA,1,1,2500,unidad,No,,cambio de nivel S→A; comparado por capacidad (aves/h); valor residual del activo reemplazado PENDIENTE (modelo financiero)
B_5000_a_20000,2,20000,C1,compra_fase,EQ-12,PROCESO,ESCALABLE,REEMPLAZA,1,1,2500,unidad,No,,cambio de nivel S→A; comparado por capacidad (aves/h); valor residual del activo reemplazado PENDIENTE (modelo financiero)
B_5000_a_20000,2,20000,C1,compra_fase,EQ-13,PROCESO,ESCALABLE,AMPLIA,1,1,1875,unidad,No,,comparado por capacidad (aves/h); 
B_5000_a_20000,2,20000,C1,compra_fase,EQ-15,PROCESO,DUPLICABLE,DUPLICA,1,1,1875,unidad,No,,comparado por capacidad (aves/h); 
B_5000_a_20000,2,20000,C1,compra_fase,EQ-16,PROCESO,ESCALABLE,AMPLIA,1,1,1875,unidad,No,,comparado por capacidad (aves/h); 
B_5000_a_20000,2,20000,C1,compra_fase,EQ-17,PROCESO,REEMPLAZABLE,REEMPLAZA,1,1,2500,unidad,No,,cambio de nivel S→A; comparado por capacidad (aves/h); valor residual del activo reemplazado PENDIENTE (modelo financiero)
B_5000_a_20000,2,20000,C1,compra_fase,EQ-18,PROCESO,REEMPLAZABLE,REEMPLAZA,1,1,2500,unidad,No,,cambio de nivel S→A; comparado por capacidad (aves/h); valor residual del activo reemplazado PENDIENTE (modelo financiero)
B_5000_a_20000,2,20000,C1,compra_fase,EQ-19,PROCESO,REEMPLAZABLE,REEMPLAZA,1,1,2500,unidad,No,,cambio de nivel M→A; comparado por capacidad (aves/h); valor residual del activo reemplazado PENDIENTE (modelo financiero)
B_5000_a_20000,2,20000,C1,compra_fase,EQ-20,PROCESO,REUTILIZABLE,REEMPLAZA,1,1,2500,unidad,No,,cambio de nivel S→A; comparado por capacidad (aves/h); valor residual del activo reemplazado PENDIENTE (modelo financiero)
B_5000_a_20000,2,20000,C1,compra_fase,EQ-21,PROCESO,ESCALABLE,AMPLIA,1,1,1875,unidad,No,,comparado por capacidad (aves/h); 
B_5000_a_20000,2,20000,C1,compra_fase,EQ-22,PROCESO,REEMPLAZABLE,REEMPLAZA,1,1,2500,unidad,No,,cambio de nivel S→A; comparado por capacidad (aves/h); valor residual del activo reemplazado PENDIENTE (modelo financiero)
B_5000_a_20000,2,20000,C1,compra_fase,EQ-23,PROCESO,REEMPLAZABLE,REEMPLAZA,1,1,2500,unidad,No,,cambio de nivel S→A; comparado por capacidad (aves/h); valor residual del activo reemplazado PENDIENTE (modelo financiero)
B_5000_a_20000,2,20000,C1,compra_fase,EQ-24,PROCESO,REEMPLAZABLE,REEMPLAZA,1,1,2500,unidad,No,,comparado por capacidad (aves/h); valor residual del activo reemplazado PENDIENTE (modelo financiero)
B_5000_a_20000,2,20000,C1,compra_fase,EQ-25,PROCESO,REEMPLAZABLE,REEMPLAZA,1,1,2500,unidad,No,,cambio de nivel S→A; comparado por capacidad (aves/h); valor residual del activo reemplazado PENDIENTE (modelo financiero)
B_5000_a_20000,2,20000,C1,compra_fase,EQ-26,PROCESO,DUPLICABLE,DUPLICA,1,1,1875,unidad,No,,comparado por capacidad (aves/h); 
B_5000_a_20000,2,20000,C1,compra_fase,EQ-27,PROCESO,REEMPLAZABLE,REEMPLAZA,1,1,2500,unidad,No,,cambio de nivel M→A; comparado por capacidad (aves/h); valor residual del activo reemplazado PENDIENTE (modelo financiero)
B_5000_a_20000,2,20000,C1,compra_fase,EQ-28,PROCESO,REUTILIZABLE,REEMPLAZA,1,1,2500,unidad,No,,cambio de nivel S→A; comparado por capacidad (aves/h); valor residual del activo reemplazado PENDIENTE (modelo financiero)
B_5000_a_20000,2,20000,C1,compra_fase,EQ-29,PROCESO,REEMPLAZABLE,REEMPLAZA,1,1,2500,unidad,No,,cambio de nivel M→A; comparado por capacidad (aves/h); valor residual del activo reemplazado PENDIENTE (modelo financiero)
B_5000_a_20000,2,20000,C1,compra_fase,EQ-30,PROCESO,REEMPLAZABLE,REEMPLAZA,1,1,2500,unidad,No,,cambio de nivel S→A; comparado por capacidad (aves/h); valor residual del activo reemplazado PENDIENTE (modelo financiero)
B_5000_a_20000,2,20000,C1,compra_fase,EQ-31,PROCESO,REUTILIZABLE,AMPLIA_REUTILIZABLE,1,1,1875,unidad,No,,comparado por capacidad (aves/h); 
B_5000_a_20000,2,20000,C1,compra_fase,EQ-32,PROCESO,ESCALABLE,REEMPLAZA,1,1,2500,unidad,No,,cambio de nivel S→A; comparado por capacidad (aves/h); valor residual del activo reemplazado PENDIENTE (modelo financiero)
B_5000_a_20000,2,20000,C1,compra_fase,EQ-33,PROCESO,DUPLICABLE,REEMPLAZA,1,1,2500,unidad,No,,cambio de nivel S→A; comparado por capacidad (aves/h); valor residual del activo reemplazado PENDIENTE (modelo financiero)
B_5000_a_20000,2,20000,C1,compra_fase,EQ-34,PROCESO,ESCALABLE,AMPLIA,1,1,1875,unidad,No,,comparado por capacidad (aves/h); 
B_5000_a_20000,2,20000,C1,compra_fase,EQ-35,PROCESO,ESCALABLE,AMPLIA,1,1,1875,unidad,No,,comparado por capacidad (aves/h); 
B_5000_a_20000,2,20000,C1,compra_fase,EQ-38,PROCESO,REEMPLAZABLE,REEMPLAZA,1,1,2500,unidad,No,,cambio de nivel S→A; comparado por capacidad (aves/h); valor residual del activo reemplazado PENDIENTE (modelo financiero)
B_5000_a_20000,2,20000,C1,compra_fase,EQ-39,PROCESO,REEMPLAZABLE,REEMPLAZA,1,1,2500,unidad,No,,cambio de nivel S→A; comparado por capacidad (aves/h); valor residual del activo reemplazado PENDIENTE (modelo financiero)
B_5000_a_20000,2,20000,C1,compra_fase,EQ-40,PROCESO,DUPLICABLE,DUPLICA,1,1,1875,unidad,No,,comparado por capacidad (aves/h); 
B_5000_a_20000,2,20000,C1,compra_fase,EQ-41,PROCESO,ESCALABLE,NUEVO,,1,1,unidad,No,,
B_5000_a_20000,2,20000,C1,compra_fase,EQ-47,PROCESO,DUPLICABLE,REEMPLAZA,1,1,2500,unidad,No,,cambio de nivel O→S; comparado por capacidad (aves/h); valor residual del activo reemplazado PENDIENTE (modelo financiero)
B_5000_a_20000,2,20000,C1,compra_fase,EQ-49,PROCESO,REEMPLAZABLE,REEMPLAZA,1,1,2500,unidad,No,,cambio de nivel S→A; comparado por capacidad (aves/h); valor residual del activo reemplazado PENDIENTE (modelo financiero)
B_5000_a_20000,2,20000,C1,compra_fase,EQ-50,PROCESO,DUPLICABLE,REEMPLAZA,1,1,2500,unidad,No,,cambio de nivel S→A; comparado por capacidad (aves/h); valor residual del activo reemplazado PENDIENTE (modelo financiero)
B_5000_a_20000,2,20000,C1,compra_fase,EQ-51,PROCESO,DUPLICABLE,REEMPLAZA,1,1,2500,unidad,No,,cambio de nivel S→A; comparado por capacidad (aves/h); valor residual del activo reemplazado PENDIENTE (modelo financiero)
B_5000_a_20000,2,20000,C1,compra_fase,EQ-52,PROCESO,DUPLICABLE,NUEVO,,1,1,unidad,No,,
B_5000_a_20000,2,20000,C1,compra_fase,EQ-53,PROCESO,DUPLICABLE,DUPLICA,1,1,1875,unidad,No,,comparado por capacidad (aves/h); 
B_5000_a_20000,2,20000,C1,compra_fase,EQ-55,PROCESO,DUPLICABLE,REEMPLAZA,1,1,2500,unidad,No,,cambio de nivel S→A; comparado por capacidad (aves/h); valor residual del activo reemplazado PENDIENTE (modelo financiero)
B_5000_a_20000,2,20000,C1,compra_fase,EQ-56,PROCESO,DUPLICABLE,REEMPLAZA,1,1,2500,unidad,No,,cambio de nivel M→S; comparado por capacidad (aves/h); valor residual del activo reemplazado PENDIENTE (modelo financiero)
B_5000_a_20000,2,20000,C1,compra_fase,EQ-66,SUBPRODUCTOS,ESCALABLE,REEMPLAZA,1,1,2500,unidad,No,,cambio de nivel S→A; comparado por capacidad (aves/h); valor residual del activo reemplazado PENDIENTE (modelo financiero)
B_5000_a_20000,2,20000,C1,compra_fase,EQ-67,SUBPRODUCTOS,ESCALABLE,REEMPLAZA,1,1,2500,unidad,No,,cambio de nivel S→A; comparado por capacidad (aves/h); valor residual del activo reemplazado PENDIENTE (modelo financiero)
B_5000_a_20000,2,20000,C1,compra_fase,EQ-68,SUBPRODUCTOS,ESCALABLE,REEMPLAZA,1,1,2500,unidad,No,,cambio de nivel S→A; comparado por capacidad (aves/h); valor residual del activo reemplazado PENDIENTE (modelo financiero)
B_5000_a_20000,2,20000,C1,compra_fase,EQ-69,SUBPRODUCTOS,ESCALABLE,REEMPLAZA,1,1,2500,unidad,No,,cambio de nivel S→A; comparado por capacidad (aves/h); valor residual del activo reemplazado PENDIENTE (modelo financiero)
B_5000_a_20000,2,20000,C1,compra_fase,EQ-14,UTILITIES,DUPLICABLE,DUPLICA,1,1,1875,unidad,No,,comparado por capacidad (aves/h); 
B_5000_a_20000,2,20000,C1,compra_fase,IND-ING,INDIRECTOS,ESPECIFICO_DE_FASE,NUEVO_POR_FASE,1,1,,%,Sí,,
B_5000_a_20000,2,20000,C1,compra_fase,IND-ARQ,INDIRECTOS,ESPECIFICO_DE_FASE,NUEVO_POR_FASE,1,1,,%,Sí,,
B_5000_a_20000,2,20000,C1,compra_fase,IND-PEJ,INDIRECTOS,ESPECIFICO_DE_FASE,NUEVO_POR_FASE,1,1,,%,Sí,,
B_5000_a_20000,2,20000,C1,compra_fase,IND-DO,INDIRECTOS,ESPECIFICO_DE_FASE,NUEVO_POR_FASE,1,1,,%,Sí,,
B_5000_a_20000,2,20000,C1,compra_fase,IND-PM,INDIRECTOS,ESPECIFICO_DE_FASE,NUEVO_POR_FASE,1,1,,%,Sí,,
B_5000_a_20000,2,20000,C1,compra_fase,IND-PER,INDIRECTOS,ESPECIFICO_DE_FASE,NUEVO_POR_FASE,1,1,,%,Sí,,
B_5000_a_20000,2,20000,C1,compra_fase,IND-EST,INDIRECTOS,ESPECIFICO_DE_FASE,NUEVO_POR_FASE,1,1,,%,Sí,,
B_5000_a_20000,2,20000,C1,compra_fase,PRE-COM,PREOPERATIVOS,ESPECIFICO_DE_FASE,NUEVO_POR_FASE,1,1,,%,Sí,,
B_5000_a_20000,2,20000,C1,compra_fase,PRE-PEM,PREOPERATIVOS,ESPECIFICO_DE_FASE,NUEVO_POR_FASE,1,1,,%,Sí,,
B_5000_a_20000,2,20000,C1,compra_fase,PRE-CAP,PREOPERATIVOS,ESPECIFICO_DE_FASE,NUEVO_POR_FASE,1,1,,%,Sí,,
B_5000_a_20000,2,20000,C1,compra_fase,PRE-PRU,PREOPERATIVOS,ESPECIFICO_DE_FASE,NUEVO_POR_FASE,1,1,,%,Sí,,
B_5000_a_20000,2,20000,C1,compra_fase,PRE-REP,PREOPERATIVOS,ESPECIFICO_DE_FASE,NUEVO_POR_FASE,1,1,,%,Sí,,
B_5000_a_20000,2,20000,C1,compra_fase,PRE-HER,PREOPERATIVOS,ESPECIFICO_DE_FASE,NUEVO_POR_FASE,1,1,,%,Sí,,
B_5000_a_20000,2,20000,C1,compra_fase,PRE-LAB,PREOPERATIVOS,ESPECIFICO_DE_FASE,NUEVO_POR_FASE,1,1,,%,Sí,,
B_5000_a_20000,2,20000,C1,compra_fase,PRE-IT,PREOPERATIVOS,ESPECIFICO_DE_FASE,NUEVO_POR_FASE,1,1,,%,Sí,,
B_5000_a_20000,2,20000,C1,compra_fase,CON-DIS,CONTINGENCIA,ESPECIFICO_DE_FASE,NUEVO_POR_FASE,1,1,,%,Sí,,
B_5000_a_20000,2,20000,C1,compra_fase,CON-COS,CONTINGENCIA,ESPECIFICO_DE_FASE,NUEVO_POR_FASE,1,1,,%,Sí,,
B_5000_a_20000,2,20000,C1,compra_fase,CON-ESC,CONTINGENCIA,ESPECIFICO_DE_FASE,NUEVO_POR_FASE,1,1,,%,Sí,,
B2_5000_10000_20000,1,5000,C1,compra_fase,TER-COMPRA,TERRENO,REUTILIZABLE,INICIAL,,18028.6851,18028.6851,m²,Sí,,
B2_5000_10000_20000,1,5000,C1,compra_fase,TER-GASTOS,TERRENO,ESPECIFICO_DE_FASE,INICIAL,,1,1,%,Sí,,
B2_5000_10000_20000,1,5000,C1,compra_fase,TER-PREP,TERRENO,ESCALABLE,INICIAL,,18028.6851,18028.6851,m²,Sí,,
B2_5000_10000_20000,1,5000,C1,compra_fase,TER-ACCESO,TERRENO,REUTILIZABLE,INICIAL,,1,1,lote,Sí,,
B2_5000_10000_20000,1,5000,C1,compra_fase,TER-CONEX,TERRENO,REUTILIZABLE,INICIAL,,1,1,lote,Sí,,
B2_5000_10000_20000,1,5000,C1,compra_fase,OC-RS-OBRA,OBRA_CIVIL,ESCALABLE,INICIAL,,180,180,m²,Sí,,
B2_5000_10000_20000,1,5000,C1,compra_fase,OC-PH-OBRA,OBRA_CIVIL,ESCALABLE,INICIAL,,1476.6064,1476.6064,m²,Sí,,
B2_5000_10000_20000,1,5000,C1,compra_fase,OC-FR-OBRA,OBRA_CIVIL,ESCALABLE,INICIAL,,137.1082,137.1082,m²,Sí,,
B2_5000_10000_20000,1,5000,C1,compra_fase,OC-DK-OBRA,OBRA_CIVIL,ESCALABLE,INICIAL,,45,45,m²,Sí,,
B2_5000_10000_20000,1,5000,C1,compra_fase,OC-DP-OBRA,OBRA_CIVIL,ESCALABLE,INICIAL,,213.9546,213.9546,m²,Sí,64186.3806,
B2_5000_10000_20000,1,5000,C1,compra_fase,OC-ST-OBRA,OBRA_CIVIL,ESCALABLE,INICIAL,,181.6169,181.6169,m²,Sí,,
B2_5000_10000_20000,1,5000,C1,compra_fase,OC-LB-OBRA,OBRA_CIVIL,ESCALABLE,INICIAL,,17.165,17.165,m²,Sí,,
B2_5000_10000_20000,1,5000,C1,compra_fase,OC-VC-OBRA,OBRA_CIVIL,ESCALABLE,INICIAL,,153.5625,153.5625,m²,Sí,,
B2_5000_10000_20000,1,5000,C1,compra_fase,OC-OF-OBRA,OBRA_CIVIL,ESCALABLE,INICIAL,,192.1469,192.1469,m²,Sí,,
B2_5000_10000_20000,1,5000,C1,compra_fase,OC-EP-OBRA,OBRA_CIVIL,ESCALABLE,INICIAL,,1683.3403,1683.3403,m²,Sí,,
B2_5000_10000_20000,1,5000,C1,compra_fase,OC-EL-OBRA,OBRA_CIVIL,ESCALABLE,INICIAL,,718.75,718.75,m²,Sí,,
B2_5000_10000_20000,1,5000,C1,compra_fase,OC-LV-OBRA,OBRA_CIVIL,ESCALABLE,INICIAL,,130,130,m²,Sí,,
B2_5000_10000_20000,1,5000,C1,compra_fase,OC-IP-OBRA,OBRA_CIVIL,ESCALABLE,INICIAL,,32.5,32.5,m²,Sí,,
B2_5000_10000_20000,1,5000,C1,compra_fase,OC-EF-OBRA,OBRA_CIVIL,ESCALABLE,INICIAL,,253.9008,253.9008,m²,Sí,,
B2_5000_10000_20000,1,5000,C1,compra_fase,OC-CER-OBRA,OBRA_CIVIL,ESCALABLE,INICIAL,,548.1588,548.1588,m,Sí,,
B2_5000_10000_20000,1,5000,C1,compra_fase,OC-INF-OBRA,OBRA_CIVIL,ESCALABLE,INICIAL,,18028.6851,18028.6851,m²,Sí,,
B2_5000_10000_20000,1,5000,C1,compra_fase,PQ-L1,PROCESO,MIXTA,INICIAL,,1,1,lote,Sí,,
B2_5000_10000_20000,1,5000,C1,compra_fase,PQ-L2,PROCESO,MIXTA,INICIAL,,1,1,lote,Sí,,
B2_5000_10000_20000,1,5000,C1,compra_fase,PQ-L3,PROCESO,MIXTA,INICIAL,,1,1,lote,Sí,,
B2_5000_10000_20000,1,5000,C1,compra_fase,PQ-L4,PROCESO,MIXTA,INICIAL,,1,1,lote,Sí,,
B2_5000_10000_20000,1,5000,C1,compra_fase,PQ-L5,PROCESO,MIXTA,INICIAL,,1,1,lote,Sí,,
B2_5000_10000_20000,1,5000,C1,compra_fase,PQ-L6,PROCESO,MIXTA,INICIAL,,1,1,lote,Sí,,
B2_5000_10000_20000,1,5000,C1,compra_fase,PQ-L7,PROCESO,MIXTA,INICIAL,,1,1,lote,Sí,,
B2_5000_10000_20000,1,5000,C1,compra_fase,EQ-LIM,PROCESO,ESCALABLE,INICIAL,,1,1,lote,Sí,,
B2_5000_10000_20000,1,5000,C1,compra_fase,SB-L9,SUBPRODUCTOS,ESCALABLE,INICIAL,,1,1,lote,Sí,,
B2_5000_10000_20000,1,5000,C1,compra_fase,FR-PAQ,FRIO,ESCALABLE,INICIAL,,1,1,lote,Sí,,
B2_5000_10000_20000,1,5000,C1,compra_fase,FR-PAN,FRIO,ESCALABLE,INICIAL,,137.1082,137.1082,m²,No,,
B2_5000_10000_20000,1,5000,C1,compra_fase,FR-COMP,FRIO,DUPLICABLE,INICIAL,,,,kWf,No,,
B2_5000_10000_20000,1,5000,C1,compra_fase,FR-COND,FRIO,DUPLICABLE,INICIAL,,,,kWf,No,,
B2_5000_10000_20000,1,5000,C1,compra_fase,FR-EVAP,FRIO,DUPLICABLE,INICIAL,,,,kWf,No,,
B2_5000_10000_20000,1,5000,C1,compra_fase,FR-PIP,FRIO,ESCALABLE,INICIAL,,1,1,lote,No,,
B2_5000_10000_20000,1,5000,C1,compra_fase,FR-REF,FRIO,ESCALABLE,INICIAL,,1,1,lote,No,,
B2_5000_10000_20000,1,5000,C1,compra_fase,FR-CTL,FRIO,ESCALABLE,INICIAL,,1,1,lote,No,,
B2_5000_10000_20000,1,5000,C1,compra_fase,FR-AGH,FRIO,ESCALABLE,INICIAL,,34.5926,34.5926,kWf,No,,
B2_5000_10000_20000,1,5000,C1,compra_fase,FR-DCK,FRIO,DUPLICABLE,INICIAL,,,,unidad,No,,
B2_5000_10000_20000,1,5000,C1,compra_fase,FR-TUN,FRIO,DUPLICABLE,INICIAL,,1.1982,1.1982,t/día,No,,
B2_5000_10000_20000,1,5000,C1,compra_fase,AG-CAP,UTILITIES,ESCALABLE,INICIAL,,125,125,m³/d,Sí,,
B2_5000_10000_20000,1,5000,C1,compra_fase,AG-ALM,UTILITIES,DUPLICABLE,INICIAL,,125,125,m³,Sí,,
B2_5000_10000_20000,1,5000,C1,compra_fase,AG-TRA,UTILITIES,ESCALABLE,INICIAL,,18.75,18.75,m³/h,Sí,,
B2_5000_10000_20000,1,5000,C1,compra_fase,AG-BOM,UTILITIES,DUPLICABLE,INICIAL,,18.75,18.75,m³/h,Sí,,
B2_5000_10000_20000,1,5000,C1,compra_fase,AG-DIS,UTILITIES,ESCALABLE,INICIAL,,2597.1604,2597.1604,m²,Sí,,
B2_5000_10000_20000,1,5000,C1,compra_fase,EF-PAQ,EFLUENTES,ESCALABLE,INICIAL,,1,1,lote,Sí,,
B2_5000_10000_20000,1,5000,C1,compra_fase,EF-PRE,EFLUENTES,ESCALABLE,INICIAL,,16.5,16.5,m³/h,No,,
B2_5000_10000_20000,1,5000,C1,compra_fase,EF-ECU,EFLUENTES,ESCALABLE,INICIAL,,110,110,m³,No,,
B2_5000_10000_20000,1,5000,C1,compra_fase,EF-DAF,EFLUENTES,ESCALABLE,INICIAL,,16.5,16.5,m³/h,No,,
B2_5000_10000_20000,1,5000,C1,compra_fase,EF-BIO,EFLUENTES,ESCALABLE,INICIAL,,594,594,kg DQO/d,No,,
B2_5000_10000_20000,1,5000,C1,compra_fase,EF-LOD,EFLUENTES,ESCALABLE,INICIAL,,,,kg MS/d,No,,
B2_5000_10000_20000,1,5000,C1,compra_fase,EF-INF,EFLUENTES,ESCALABLE,INICIAL,,1,1,lote,No,,
B2_5000_10000_20000,1,5000,C1,compra_fase,EL-ACO,UTILITIES,REUTILIZABLE,INICIAL,,1,1,lote,Sí,,
B2_5000_10000_20000,1,5000,C1,compra_fase,EL-TRA,UTILITIES,ESCALABLE,INICIAL,,,,kVA,Sí,,
B2_5000_10000_20000,1,5000,C1,compra_fase,EL-TAB,UTILITIES,ESCALABLE,INICIAL,,1,1,lote,Sí,,
B2_5000_10000_20000,1,5000,C1,compra_fase,EL-DIS,UTILITIES,ESCALABLE,INICIAL,,2597.1604,2597.1604,m²,Sí,,
B2_5000_10000_20000,1,5000,C1,compra_fase,EL-UPS,UTILITIES,DUPLICABLE,INICIAL,,,,kVA,Sí,,
B2_5000_10000_20000,1,5000,C1,compra_fase,EL-GEN,UTILITIES,DUPLICABLE,INICIAL,,,,kVA,Sí,,
B2_5000_10000_20000,1,5000,C1,compra_fase,TE-GEN,UTILITIES,DUPLICABLE,INICIAL,,,,kWt,Sí,,
B2_5000_10000_20000,1,5000,C1,compra_fase,TE-COM,UTILITIES,ESCALABLE,INICIAL,,1,1,lote,Sí,,
B2_5000_10000_20000,1,5000,C1,compra_fase,TE-DIS,UTILITIES,ESCALABLE,INICIAL,,1,1,lote,Sí,,
B2_5000_10000_20000,1,5000,C1,compra_fase,AC-COM,UTILITIES,DUPLICABLE,INICIAL,,,,m³/min,Sí,,
B2_5000_10000_20000,1,5000,C1,compra_fase,IT-HW,SERVICIOS_GENERALES,ESCALABLE,INICIAL,,1,1,lote,Sí,,
B2_5000_10000_20000,1,5000,C1,compra_fase,IT-SW,SERVICIOS_GENERALES,REUTILIZABLE,INICIAL,,1,1,lote,Sí,,
B2_5000_10000_20000,1,5000,C1,compra_fase,IT-SEN,SERVICIOS_GENERALES,ESCALABLE,INICIAL,,1,1,lote,Sí,,
B2_5000_10000_20000,1,5000,C1,compra_fase,IT-RED,SERVICIOS_GENERALES,ESCALABLE,INICIAL,,1,1,lote,Sí,,
B2_5000_10000_20000,1,5000,C1,compra_fase,IT-ETQ,SERVICIOS_GENERALES,DUPLICABLE,INICIAL,,,,unidad,Sí,,
B2_5000_10000_20000,1,5000,C1,compra_fase,LAB-EQ,SERVICIOS_GENERALES,REUTILIZABLE,INICIAL,,1,1,lote,Sí,,
B2_5000_10000_20000,1,5000,C1,compra_fase,SI-DET,SERVICIOS_GENERALES,ESCALABLE,INICIAL,,1,1,lote,Sí,,
B2_5000_10000_20000,1,5000,C1,compra_fase,SI-COM,SERVICIOS_GENERALES,ESCALABLE,INICIAL,,1,1,lote,Sí,,
B2_5000_10000_20000,1,5000,C1,compra_fase,SI-PRO,SERVICIOS_GENERALES,ESCALABLE,INICIAL,,1,1,lote,Sí,,
B2_5000_10000_20000,1,5000,C1,compra_fase,PER-EQ,SERVICIOS_GENERALES,ESCALABLE,INICIAL,,1,1,lote,Sí,,
B2_5000_10000_20000,1,5000,C1,compra_fase,MOB-OF,SERVICIOS_GENERALES,REUTILIZABLE,INICIAL,,1,1,lote,Sí,,
B2_5000_10000_20000,1,5000,C1,compra_fase,EQ-71,UTILITIES,DUPLICABLE,INICIAL,,1,1,unidad,No,,
B2_5000_10000_20000,1,5000,C1,compra_fase,EQ-72,UTILITIES,ESCALABLE,INICIAL,,1,1,unidad,No,,
B2_5000_10000_20000,1,5000,C1,compra_fase,EQ-70,EFLUENTES,ESCALABLE,INICIAL,,1,1,unidad,No,,
B2_5000_10000_20000,1,5000,C1,compra_fase,EQ-73,UTILITIES,DUPLICABLE,INICIAL,,1,1,unidad,No,,
B2_5000_10000_20000,1,5000,C1,compra_fase,EQ-74,PROCESO,ESCALABLE,INICIAL,,1,1,unidad,No,,
B2_5000_10000_20000,1,5000,C1,compra_fase,EQ-75,PROCESO,DUPLICABLE,INICIAL,,1,1,unidad,No,,
B2_5000_10000_20000,1,5000,C1,compra_fase,EQ-37,FRIO,ESCALABLE,INICIAL,,1,1,unidad,No,,
B2_5000_10000_20000,1,5000,C1,compra_fase,EQ-64,FRIO,ESCALABLE,INICIAL,,1,1,unidad,No,,
B2_5000_10000_20000,1,5000,C1,compra_fase,EQ-65,FRIO,DUPLICABLE,INICIAL,,1,1,unidad,No,,
B2_5000_10000_20000,1,5000,C1,compra_fase,EQ-62,FRIO,ESCALABLE,INICIAL,,1,1,unidad,No,,
B2_5000_10000_20000,1,5000,C1,compra_fase,EQ-63,FRIO,ESCALABLE,INICIAL,,1,1,unidad,No,,
B2_5000_10000_20000,1,5000,C1,compra_fase,EQ-57,FRIO,DUPLICABLE,INICIAL,,1,1,unidad,No,,
B2_5000_10000_20000,1,5000,C1,compra_fase,EQ-58,FRIO,DUPLICABLE,INICIAL,,1,1,unidad,No,,
B2_5000_10000_20000,1,5000,C1,compra_fase,EQ-54,SERVICIOS_GENERALES,DUPLICABLE,INICIAL,,1,1,unidad,No,,
B2_5000_10000_20000,1,5000,C1,compra_fase,EQ-76,SERVICIOS_GENERALES,ESCALABLE,INICIAL,,1,1,unidad,No,,
B2_5000_10000_20000,1,5000,C1,compra_fase,EQ-01,PROCESO,REUTILIZABLE,INICIAL,,1,1,unidad,No,,
B2_5000_10000_20000,1,5000,C1,compra_fase,EQ-02,PROCESO,ESCALABLE,INICIAL,,1,1,unidad,No,,
B2_5000_10000_20000,1,5000,C1,compra_fase,EQ-04,PROCESO,REEMPLAZABLE,INICIAL,,1,1,unidad,No,,
B2_5000_10000_20000,1,5000,C1,compra_fase,EQ-05,PROCESO,REEMPLAZABLE,INICIAL,,1,1,unidad,No,,
B2_5000_10000_20000,1,5000,C1,compra_fase,EQ-06,PROCESO,REUTILIZABLE,INICIAL,,1,1,unidad,No,,
B2_5000_10000_20000,1,5000,C1,compra_fase,EQ-07,PROCESO,ESCALABLE,INICIAL,,1,1,unidad,No,,
B2_5000_10000_20000,1,5000,C1,compra_fase,EQ-08,PROCESO,ESCALABLE,INICIAL,,1,1,unidad,No,,
B2_5000_10000_20000,1,5000,C1,compra_fase,EQ-09,PROCESO,REUTILIZABLE,INICIAL,,1,1,unidad,No,,
B2_5000_10000_20000,1,5000,C1,compra_fase,EQ-11,PROCESO,REEMPLAZABLE,INICIAL,,1,1,unidad,No,,
B2_5000_10000_20000,1,5000,C1,compra_fase,EQ-12,PROCESO,ESCALABLE,INICIAL,,1,1,unidad,No,,
B2_5000_10000_20000,1,5000,C1,compra_fase,EQ-13,PROCESO,ESCALABLE,INICIAL,,1,1,unidad,No,,
B2_5000_10000_20000,1,5000,C1,compra_fase,EQ-15,PROCESO,DUPLICABLE,INICIAL,,1,1,unidad,No,,
B2_5000_10000_20000,1,5000,C1,compra_fase,EQ-16,PROCESO,ESCALABLE,INICIAL,,1,1,unidad,No,,
B2_5000_10000_20000,1,5000,C1,compra_fase,EQ-17,PROCESO,REEMPLAZABLE,INICIAL,,1,1,unidad,No,,
B2_5000_10000_20000,1,5000,C1,compra_fase,EQ-18,PROCESO,REEMPLAZABLE,INICIAL,,1,1,unidad,No,,
B2_5000_10000_20000,1,5000,C1,compra_fase,EQ-19,PROCESO,REEMPLAZABLE,INICIAL,,1,1,unidad,No,,
B2_5000_10000_20000,1,5000,C1,compra_fase,EQ-20,PROCESO,REUTILIZABLE,INICIAL,,1,1,unidad,No,,
B2_5000_10000_20000,1,5000,C1,compra_fase,EQ-21,PROCESO,ESCALABLE,INICIAL,,1,1,unidad,No,,
B2_5000_10000_20000,1,5000,C1,compra_fase,EQ-22,PROCESO,REEMPLAZABLE,INICIAL,,1,1,unidad,No,,
B2_5000_10000_20000,1,5000,C1,compra_fase,EQ-23,PROCESO,REEMPLAZABLE,INICIAL,,1,1,unidad,No,,
B2_5000_10000_20000,1,5000,C1,compra_fase,EQ-24,PROCESO,REEMPLAZABLE,INICIAL,,1,1,unidad,No,,
B2_5000_10000_20000,1,5000,C1,compra_fase,EQ-25,PROCESO,REEMPLAZABLE,INICIAL,,1,1,unidad,No,,
B2_5000_10000_20000,1,5000,C1,compra_fase,EQ-26,PROCESO,DUPLICABLE,INICIAL,,1,1,unidad,No,,
B2_5000_10000_20000,1,5000,C1,compra_fase,EQ-27,PROCESO,REEMPLAZABLE,INICIAL,,1,1,unidad,No,,
B2_5000_10000_20000,1,5000,C1,compra_fase,EQ-28,PROCESO,REUTILIZABLE,INICIAL,,1,1,unidad,No,,
B2_5000_10000_20000,1,5000,C1,compra_fase,EQ-29,PROCESO,REEMPLAZABLE,INICIAL,,1,1,unidad,No,,
B2_5000_10000_20000,1,5000,C1,compra_fase,EQ-30,PROCESO,REEMPLAZABLE,INICIAL,,1,1,unidad,No,,
B2_5000_10000_20000,1,5000,C1,compra_fase,EQ-31,PROCESO,REUTILIZABLE,INICIAL,,1,1,unidad,No,,
B2_5000_10000_20000,1,5000,C1,compra_fase,EQ-32,PROCESO,ESCALABLE,INICIAL,,1,1,unidad,No,,
B2_5000_10000_20000,1,5000,C1,compra_fase,EQ-33,PROCESO,DUPLICABLE,INICIAL,,1,1,unidad,No,,
B2_5000_10000_20000,1,5000,C1,compra_fase,EQ-34,PROCESO,ESCALABLE,INICIAL,,1,1,unidad,No,,
B2_5000_10000_20000,1,5000,C1,compra_fase,EQ-35,PROCESO,ESCALABLE,INICIAL,,1,1,unidad,No,,
B2_5000_10000_20000,1,5000,C1,compra_fase,EQ-38,PROCESO,REEMPLAZABLE,INICIAL,,1,1,unidad,No,,
B2_5000_10000_20000,1,5000,C1,compra_fase,EQ-39,PROCESO,REEMPLAZABLE,INICIAL,,1,1,unidad,No,,
B2_5000_10000_20000,1,5000,C1,compra_fase,EQ-40,PROCESO,DUPLICABLE,INICIAL,,1,1,unidad,No,,
B2_5000_10000_20000,1,5000,C1,compra_fase,EQ-47,PROCESO,DUPLICABLE,INICIAL,,1,1,unidad,No,,
B2_5000_10000_20000,1,5000,C1,compra_fase,EQ-49,PROCESO,REEMPLAZABLE,INICIAL,,1,1,unidad,No,,
B2_5000_10000_20000,1,5000,C1,compra_fase,EQ-50,PROCESO,DUPLICABLE,INICIAL,,1,1,unidad,No,,
B2_5000_10000_20000,1,5000,C1,compra_fase,EQ-51,PROCESO,DUPLICABLE,INICIAL,,1,1,unidad,No,,
B2_5000_10000_20000,1,5000,C1,compra_fase,EQ-53,PROCESO,DUPLICABLE,INICIAL,,1,1,unidad,No,,
B2_5000_10000_20000,1,5000,C1,compra_fase,EQ-55,PROCESO,DUPLICABLE,INICIAL,,1,1,unidad,No,,
B2_5000_10000_20000,1,5000,C1,compra_fase,EQ-56,PROCESO,DUPLICABLE,INICIAL,,1,1,unidad,No,,
B2_5000_10000_20000,1,5000,C1,compra_fase,EQ-66,SUBPRODUCTOS,ESCALABLE,INICIAL,,1,1,unidad,No,,
B2_5000_10000_20000,1,5000,C1,compra_fase,EQ-67,SUBPRODUCTOS,ESCALABLE,INICIAL,,1,1,unidad,No,,
B2_5000_10000_20000,1,5000,C1,compra_fase,EQ-68,SUBPRODUCTOS,ESCALABLE,INICIAL,,1,1,unidad,No,,
B2_5000_10000_20000,1,5000,C1,compra_fase,EQ-69,SUBPRODUCTOS,ESCALABLE,INICIAL,,1,1,unidad,No,,
B2_5000_10000_20000,1,5000,C1,compra_fase,EQ-14,UTILITIES,DUPLICABLE,INICIAL,,1,1,unidad,No,,
B2_5000_10000_20000,1,5000,C1,compra_fase,IND-ING,INDIRECTOS,ESPECIFICO_DE_FASE,INICIAL,,1,1,%,Sí,,
B2_5000_10000_20000,1,5000,C1,compra_fase,IND-ARQ,INDIRECTOS,ESPECIFICO_DE_FASE,INICIAL,,1,1,%,Sí,,
B2_5000_10000_20000,1,5000,C1,compra_fase,IND-PEJ,INDIRECTOS,ESPECIFICO_DE_FASE,INICIAL,,1,1,%,Sí,,
B2_5000_10000_20000,1,5000,C1,compra_fase,IND-DO,INDIRECTOS,ESPECIFICO_DE_FASE,INICIAL,,1,1,%,Sí,,
B2_5000_10000_20000,1,5000,C1,compra_fase,IND-PM,INDIRECTOS,ESPECIFICO_DE_FASE,INICIAL,,1,1,%,Sí,,
B2_5000_10000_20000,1,5000,C1,compra_fase,IND-PER,INDIRECTOS,ESPECIFICO_DE_FASE,INICIAL,,1,1,%,Sí,,
B2_5000_10000_20000,1,5000,C1,compra_fase,IND-EST,INDIRECTOS,ESPECIFICO_DE_FASE,INICIAL,,1,1,%,Sí,,
B2_5000_10000_20000,1,5000,C1,compra_fase,PRE-COM,PREOPERATIVOS,ESPECIFICO_DE_FASE,INICIAL,,1,1,%,Sí,,
B2_5000_10000_20000,1,5000,C1,compra_fase,PRE-PEM,PREOPERATIVOS,ESPECIFICO_DE_FASE,INICIAL,,1,1,%,Sí,,
B2_5000_10000_20000,1,5000,C1,compra_fase,PRE-CAP,PREOPERATIVOS,ESPECIFICO_DE_FASE,INICIAL,,1,1,%,Sí,,
B2_5000_10000_20000,1,5000,C1,compra_fase,PRE-PRU,PREOPERATIVOS,ESPECIFICO_DE_FASE,INICIAL,,1,1,%,Sí,,
B2_5000_10000_20000,1,5000,C1,compra_fase,PRE-REP,PREOPERATIVOS,ESPECIFICO_DE_FASE,INICIAL,,1,1,%,Sí,,
B2_5000_10000_20000,1,5000,C1,compra_fase,PRE-HER,PREOPERATIVOS,ESPECIFICO_DE_FASE,INICIAL,,1,1,%,Sí,,
B2_5000_10000_20000,1,5000,C1,compra_fase,PRE-LAB,PREOPERATIVOS,ESPECIFICO_DE_FASE,INICIAL,,1,1,%,Sí,,
B2_5000_10000_20000,1,5000,C1,compra_fase,PRE-IT,PREOPERATIVOS,ESPECIFICO_DE_FASE,INICIAL,,1,1,%,Sí,,
B2_5000_10000_20000,1,5000,C1,compra_fase,CON-DIS,CONTINGENCIA,ESPECIFICO_DE_FASE,INICIAL,,1,1,%,Sí,,
B2_5000_10000_20000,1,5000,C1,compra_fase,CON-COS,CONTINGENCIA,ESPECIFICO_DE_FASE,INICIAL,,1,1,%,Sí,,
B2_5000_10000_20000,1,5000,C1,compra_fase,CON-ESC,CONTINGENCIA,ESPECIFICO_DE_FASE,INICIAL,,1,1,%,Sí,,
B2_5000_10000_20000,2,10000,C1,compra_fase,TER-COMPRA,TERRENO,REUTILIZABLE,AMPLIA_REUTILIZABLE,18028.6851,23372.4945,5343.8095,m²,Sí,,requiere terreno contiguo disponible: riesgo sin reserva (DEC-063); 
B2_5000_10000_20000,2,10000,C1,compra_fase,TER-GASTOS,TERRENO,ESPECIFICO_DE_FASE,NUEVO_POR_FASE,1,1,,%,Sí,,
B2_5000_10000_20000,2,10000,C1,compra_fase,TER-PREP,TERRENO,ESCALABLE,AMPLIA,18028.6851,23372.4945,5343.8095,m²,Sí,,
B2_5000_10000_20000,2,10000,C1,compra_fase,TER-ACCESO,TERRENO,REUTILIZABLE,PENDIENTE,1,1,,lote,Sí,,
B2_5000_10000_20000,2,10000,C1,compra_fase,TER-CONEX,TERRENO,REUTILIZABLE,PENDIENTE,1,1,,lote,Sí,,
B2_5000_10000_20000,2,10000,C1,compra_fase,OC-RS-OBRA,OBRA_CIVIL,ESCALABLE,REUTILIZA,180,180,0,m²,Sí,0,
B2_5000_10000_20000,2,10000,C1,compra_fase,OC-PH-OBRA,OBRA_CIVIL,ESCALABLE,AMPLIA,1476.6064,2608.6609,1132.0546,m²,Sí,,
B2_5000_10000_20000,2,10000,C1,compra_fase,OC-FR-OBRA,OBRA_CIVIL,ESCALABLE,AMPLIA,137.1082,241.1455,104.0372,m²,Sí,,
B2_5000_10000_20000,2,10000,C1,compra_fase,OC-DK-OBRA,OBRA_CIVIL,ESCALABLE,AMPLIA,45,90,45,m²,Sí,,
B2_5000_10000_20000,2,10000,C1,compra_fase,OC-DP-OBRA,OBRA_CIVIL,ESCALABLE,AMPLIA,213.9546,397.3345,183.3799,m²,Sí,55013.9618,costo a precio unitario de obra nueva; prima/penalidad de ampliación PENDIENTE (DPV-16-14)
B2_5000_10000_20000,2,10000,C1,compra_fase,OC-ST-OBRA,OBRA_CIVIL,ESCALABLE,AMPLIA,181.6169,266.9252,85.3084,m²,Sí,,
B2_5000_10000_20000,2,10000,C1,compra_fase,OC-LB-OBRA,OBRA_CIVIL,ESCALABLE,AMPLIA,17.165,29.886,12.721,m²,Sí,,
B2_5000_10000_20000,2,10000,C1,compra_fase,OC-VC-OBRA,OBRA_CIVIL,ESCALABLE,AMPLIA,153.5625,271.6875,118.125,m²,Sí,,
B2_5000_10000_20000,2,10000,C1,compra_fase,OC-OF-OBRA,OBRA_CIVIL,ESCALABLE,AMPLIA,192.1469,220.1438,27.9969,m²,Sí,,
B2_5000_10000_20000,2,10000,C1,compra_fase,OC-EP-OBRA,OBRA_CIVIL,ESCALABLE,AMPLIA,1683.3403,2505.6924,822.3521,m²,Sí,,
B2_5000_10000_20000,2,10000,C1,compra_fase,OC-EL-OBRA,OBRA_CIVIL,ESCALABLE,AMPLIA,718.75,1156.25,437.5,m²,Sí,,
B2_5000_10000_20000,2,10000,C1,compra_fase,OC-LV-OBRA,OBRA_CIVIL,ESCALABLE,REUTILIZA,130,130,0,m²,Sí,0,
B2_5000_10000_20000,2,10000,C1,compra_fase,OC-IP-OBRA,OBRA_CIVIL,ESCALABLE,AMPLIA,32.5,65,32.5,m²,Sí,,
B2_5000_10000_20000,2,10000,C1,compra_fase,OC-EF-OBRA,OBRA_CIVIL,ESCALABLE,AMPLIA,253.9008,325.8017,71.9008,m²,Sí,,
B2_5000_10000_20000,2,10000,C1,compra_fase,OC-CER-OBRA,OBRA_CIVIL,ESCALABLE,AMPLIA,548.1588,624.1327,75.9738,m,Sí,,
B2_5000_10000_20000,2,10000,C1,compra_fase,OC-INF-OBRA,OBRA_CIVIL,ESCALABLE,AMPLIA,18028.6851,23372.4945,5343.8095,m²,Sí,,
B2_5000_10000_20000,2,10000,C1,compra_fase,PQ-L1,PROCESO,MIXTA,PENDIENTE,1,1,,lote,Sí,,comparado por capacidad (aves/h); 
B2_5000_10000_20000,2,10000,C1,compra_fase,PQ-L2,PROCESO,MIXTA,PENDIENTE,1,1,,lote,Sí,,comparado por capacidad (aves/h); 
B2_5000_10000_20000,2,10000,C1,compra_fase,PQ-L3,PROCESO,MIXTA,PENDIENTE,1,1,,lote,Sí,,comparado por capacidad (aves/h); 
B2_5000_10000_20000,2,10000,C1,compra_fase,PQ-L4,PROCESO,MIXTA,PENDIENTE,1,1,,lote,Sí,,comparado por capacidad (aves/h); 
B2_5000_10000_20000,2,10000,C1,compra_fase,PQ-L5,PROCESO,MIXTA,PENDIENTE,1,1,,lote,Sí,,comparado por capacidad (aves/h); 
B2_5000_10000_20000,2,10000,C1,compra_fase,PQ-L6,PROCESO,MIXTA,PENDIENTE,1,1,,lote,Sí,,comparado por capacidad (aves/h); 
B2_5000_10000_20000,2,10000,C1,compra_fase,PQ-L7,PROCESO,MIXTA,PENDIENTE,1,1,,lote,Sí,,comparado por capacidad (aves/h); 
B2_5000_10000_20000,2,10000,C1,compra_fase,EQ-LIM,PROCESO,ESCALABLE,PENDIENTE,1,1,,lote,Sí,,
B2_5000_10000_20000,2,10000,C1,compra_fase,SB-L9,SUBPRODUCTOS,ESCALABLE,AMPLIA,1,1,2.64,lote,Sí,,comparado por capacidad (t/d); 
B2_5000_10000_20000,2,10000,C1,compra_fase,FR-PAQ,FRIO,ESCALABLE,AMPLIA,1,1,122,lote,Sí,,comparado por capacidad (kWf); 
B2_5000_10000_20000,2,10000,C1,compra_fase,FR-PAN,FRIO,ESCALABLE,AMPLIA,137.1082,241.1455,104.0372,m²,No,,
B2_5000_10000_20000,2,10000,C1,compra_fase,FR-COMP,FRIO,DUPLICABLE,PENDIENTE,,,,kWf,No,,
B2_5000_10000_20000,2,10000,C1,compra_fase,FR-COND,FRIO,DUPLICABLE,PENDIENTE,,,,kWf,No,,
B2_5000_10000_20000,2,10000,C1,compra_fase,FR-EVAP,FRIO,DUPLICABLE,PENDIENTE,,,,kWf,No,,
B2_5000_10000_20000,2,10000,C1,compra_fase,FR-PIP,FRIO,ESCALABLE,PENDIENTE,1,1,,lote,No,,
B2_5000_10000_20000,2,10000,C1,compra_fase,FR-REF,FRIO,ESCALABLE,PENDIENTE,1,1,,lote,No,,
B2_5000_10000_20000,2,10000,C1,compra_fase,FR-CTL,FRIO,ESCALABLE,PENDIENTE,1,1,,lote,No,,
B2_5000_10000_20000,2,10000,C1,compra_fase,FR-AGH,FRIO,ESCALABLE,AMPLIA,34.5926,69.1853,34.5926,kWf,No,,
B2_5000_10000_20000,2,10000,C1,compra_fase,FR-DCK,FRIO,DUPLICABLE,PENDIENTE,,,,unidad,No,,
B2_5000_10000_20000,2,10000,C1,compra_fase,FR-TUN,FRIO,DUPLICABLE,DUPLICA,1.1982,2.3965,1.1982,t/día,No,,
B2_5000_10000_20000,2,10000,C1,compra_fase,AG-CAP,UTILITIES,ESCALABLE,AMPLIA,125,250,125,m³/d,Sí,,
B2_5000_10000_20000,2,10000,C1,compra_fase,AG-ALM,UTILITIES,DUPLICABLE,DUPLICA,125,250,125,m³,Sí,,
B2_5000_10000_20000,2,10000,C1,compra_fase,AG-TRA,UTILITIES,ESCALABLE,AMPLIA,18.75,37.5,18.75,m³/h,Sí,,
B2_5000_10000_20000,2,10000,C1,compra_fase,AG-BOM,UTILITIES,DUPLICABLE,DUPLICA,18.75,37.5,18.75,m³/h,Sí,,
B2_5000_10000_20000,2,10000,C1,compra_fase,AG-DIS,UTILITIES,ESCALABLE,AMPLIA,2597.1604,4305.7834,1708.623,m²,Sí,,
B2_5000_10000_20000,2,10000,C1,compra_fase,EF-PAQ,EFLUENTES,ESCALABLE,AMPLIA,1,1,110,lote,Sí,,comparado por capacidad (m³/d); 
B2_5000_10000_20000,2,10000,C1,compra_fase,EF-PRE,EFLUENTES,ESCALABLE,AMPLIA,16.5,33,16.5,m³/h,No,,
B2_5000_10000_20000,2,10000,C1,compra_fase,EF-ECU,EFLUENTES,ESCALABLE,AMPLIA,110,220,110,m³,No,,
B2_5000_10000_20000,2,10000,C1,compra_fase,EF-DAF,EFLUENTES,ESCALABLE,AMPLIA,16.5,33,16.5,m³/h,No,,
B2_5000_10000_20000,2,10000,C1,compra_fase,EF-BIO,EFLUENTES,ESCALABLE,AMPLIA,594,1188,594,kg DQO/d,No,,
B2_5000_10000_20000,2,10000,C1,compra_fase,EF-LOD,EFLUENTES,ESCALABLE,PENDIENTE,,,,kg MS/d,No,,
B2_5000_10000_20000,2,10000,C1,compra_fase,EF-INF,EFLUENTES,ESCALABLE,PENDIENTE,1,1,,lote,No,,
B2_5000_10000_20000,2,10000,C1,compra_fase,EL-ACO,UTILITIES,REUTILIZABLE,PENDIENTE,1,1,,lote,Sí,,
B2_5000_10000_20000,2,10000,C1,compra_fase,EL-TRA,UTILITIES,ESCALABLE,PENDIENTE,,,,kVA,Sí,,
B2_5000_10000_20000,2,10000,C1,compra_fase,EL-TAB,UTILITIES,ESCALABLE,PENDIENTE,1,1,,lote,Sí,,
B2_5000_10000_20000,2,10000,C1,compra_fase,EL-DIS,UTILITIES,ESCALABLE,AMPLIA,2597.1604,4305.7834,1708.623,m²,Sí,,
B2_5000_10000_20000,2,10000,C1,compra_fase,EL-UPS,UTILITIES,DUPLICABLE,PENDIENTE,,,,kVA,Sí,,
B2_5000_10000_20000,2,10000,C1,compra_fase,EL-GEN,UTILITIES,DUPLICABLE,PENDIENTE,,,,kVA,Sí,,
B2_5000_10000_20000,2,10000,C1,compra_fase,TE-GEN,UTILITIES,DUPLICABLE,PENDIENTE,,,,kWt,Sí,,
B2_5000_10000_20000,2,10000,C1,compra_fase,TE-COM,UTILITIES,ESCALABLE,PENDIENTE,1,1,,lote,Sí,,
B2_5000_10000_20000,2,10000,C1,compra_fase,TE-DIS,UTILITIES,ESCALABLE,PENDIENTE,1,1,,lote,Sí,,
B2_5000_10000_20000,2,10000,C1,compra_fase,AC-COM,UTILITIES,DUPLICABLE,PENDIENTE,,,,m³/min,Sí,,
B2_5000_10000_20000,2,10000,C1,compra_fase,IT-HW,SERVICIOS_GENERALES,ESCALABLE,PENDIENTE,1,1,,lote,Sí,,
B2_5000_10000_20000,2,10000,C1,compra_fase,IT-SW,SERVICIOS_GENERALES,REUTILIZABLE,PENDIENTE,1,1,,lote,Sí,,
B2_5000_10000_20000,2,10000,C1,compra_fase,IT-SEN,SERVICIOS_GENERALES,ESCALABLE,PENDIENTE,1,1,,lote,Sí,,
B2_5000_10000_20000,2,10000,C1,compra_fase,IT-RED,SERVICIOS_GENERALES,ESCALABLE,PENDIENTE,1,1,,lote,Sí,,
B2_5000_10000_20000,2,10000,C1,compra_fase,IT-ETQ,SERVICIOS_GENERALES,DUPLICABLE,PENDIENTE,,,,unidad,Sí,,
B2_5000_10000_20000,2,10000,C1,compra_fase,LAB-EQ,SERVICIOS_GENERALES,REUTILIZABLE,PENDIENTE,1,1,,lote,Sí,,
B2_5000_10000_20000,2,10000,C1,compra_fase,SI-DET,SERVICIOS_GENERALES,ESCALABLE,PENDIENTE,1,1,,lote,Sí,,
B2_5000_10000_20000,2,10000,C1,compra_fase,SI-COM,SERVICIOS_GENERALES,ESCALABLE,PENDIENTE,1,1,,lote,Sí,,
B2_5000_10000_20000,2,10000,C1,compra_fase,SI-PRO,SERVICIOS_GENERALES,ESCALABLE,PENDIENTE,1,1,,lote,Sí,,
B2_5000_10000_20000,2,10000,C1,compra_fase,PER-EQ,SERVICIOS_GENERALES,ESCALABLE,PENDIENTE,1,1,,lote,Sí,,
B2_5000_10000_20000,2,10000,C1,compra_fase,MOB-OF,SERVICIOS_GENERALES,REUTILIZABLE,PENDIENTE,1,1,,lote,Sí,,
B2_5000_10000_20000,2,10000,C1,compra_fase,EQ-71,UTILITIES,DUPLICABLE,DUPLICA,1,1,625,unidad,No,,comparado por capacidad (aves/h); 
B2_5000_10000_20000,2,10000,C1,compra_fase,EQ-72,UTILITIES,ESCALABLE,AMPLIA,1,1,625,unidad,No,,comparado por capacidad (aves/h); 
B2_5000_10000_20000,2,10000,C1,compra_fase,EQ-70,EFLUENTES,ESCALABLE,AMPLIA,1,1,625,unidad,No,,comparado por capacidad (aves/h); 
B2_5000_10000_20000,2,10000,C1,compra_fase,EQ-73,UTILITIES,DUPLICABLE,REEMPLAZA,1,1,1250,unidad,No,,cambio de nivel S→A; comparado por capacidad (aves/h); valor residual del activo reemplazado PENDIENTE (modelo financiero)
B2_5000_10000_20000,2,10000,C1,compra_fase,EQ-74,PROCESO,ESCALABLE,REEMPLAZA,1,1,1250,unidad,No,,cambio de nivel S→A; comparado por capacidad (aves/h); valor residual del activo reemplazado PENDIENTE (modelo financiero)
B2_5000_10000_20000,2,10000,C1,compra_fase,EQ-75,PROCESO,DUPLICABLE,DUPLICA,1,1,625,unidad,No,,comparado por capacidad (aves/h); 
B2_5000_10000_20000,2,10000,C1,compra_fase,EQ-37,FRIO,ESCALABLE,AMPLIA,1,1,625,unidad,No,,comparado por capacidad (aves/h); 
B2_5000_10000_20000,2,10000,C1,compra_fase,EQ-64,FRIO,ESCALABLE,AMPLIA,1,1,625,unidad,No,,comparado por capacidad (aves/h); 
B2_5000_10000_20000,2,10000,C1,compra_fase,EQ-65,FRIO,DUPLICABLE,REEMPLAZA,1,1,1250,unidad,No,,cambio de nivel S→A; comparado por capacidad (aves/h); valor residual del activo reemplazado PENDIENTE (modelo financiero)
B2_5000_10000_20000,2,10000,C1,compra_fase,EQ-62,FRIO,ESCALABLE,AMPLIA,1,1,625,unidad,No,,comparado por capacidad (aves/h); 
B2_5000_10000_20000,2,10000,C1,compra_fase,EQ-63,FRIO,ESCALABLE,AMPLIA,1,1,625,unidad,No,,comparado por capacidad (aves/h); 
B2_5000_10000_20000,2,10000,C1,compra_fase,EQ-57,FRIO,DUPLICABLE,DUPLICA,1,1,625,unidad,No,,comparado por capacidad (aves/h); 
B2_5000_10000_20000,2,10000,C1,compra_fase,EQ-58,FRIO,DUPLICABLE,DUPLICA,1,1,625,unidad,No,,comparado por capacidad (aves/h); 
B2_5000_10000_20000,2,10000,C1,compra_fase,EQ-54,SERVICIOS_GENERALES,DUPLICABLE,REEMPLAZA,1,1,1250,unidad,No,,cambio de nivel S→A; comparado por capacidad (aves/h); valor residual del activo reemplazado PENDIENTE (modelo financiero)
B2_5000_10000_20000,2,10000,C1,compra_fase,EQ-76,SERVICIOS_GENERALES,ESCALABLE,REEMPLAZA,1,1,1250,unidad,No,,cambio de nivel S→A; comparado por capacidad (aves/h); valor residual del activo reemplazado PENDIENTE (modelo financiero)
B2_5000_10000_20000,2,10000,C1,compra_fase,EQ-01,PROCESO,REUTILIZABLE,AMPLIA_REUTILIZABLE,1,1,625,unidad,No,,comparado por capacidad (aves/h); 
B2_5000_10000_20000,2,10000,C1,compra_fase,EQ-02,PROCESO,ESCALABLE,REEMPLAZA,1,1,1250,unidad,No,,cambio de nivel S→A; comparado por capacidad (aves/h); valor residual del activo reemplazado PENDIENTE (modelo financiero)
B2_5000_10000_20000,2,10000,C1,compra_fase,EQ-04,PROCESO,REEMPLAZABLE,REEMPLAZA,1,1,1250,unidad,No,,comparado por capacidad (aves/h); valor residual del activo reemplazado PENDIENTE (modelo financiero)
B2_5000_10000_20000,2,10000,C1,compra_fase,EQ-05,PROCESO,REEMPLAZABLE,REEMPLAZA,1,1,1250,unidad,No,,cambio de nivel S→A; comparado por capacidad (aves/h); valor residual del activo reemplazado PENDIENTE (modelo financiero)
B2_5000_10000_20000,2,10000,C1,compra_fase,EQ-06,PROCESO,REUTILIZABLE,REEMPLAZA,1,1,1250,unidad,No,,cambio de nivel M→S; comparado por capacidad (aves/h); valor residual del activo reemplazado PENDIENTE (modelo financiero)
B2_5000_10000_20000,2,10000,C1,compra_fase,EQ-07,PROCESO,ESCALABLE,AMPLIA,1,1,625,unidad,No,,comparado por capacidad (aves/h); 
B2_5000_10000_20000,2,10000,C1,compra_fase,EQ-08,PROCESO,ESCALABLE,AMPLIA,1,1,625,unidad,No,,comparado por capacidad (aves/h); 
B2_5000_10000_20000,2,10000,C1,compra_fase,EQ-09,PROCESO,REUTILIZABLE,AMPLIA_REUTILIZABLE,1,1,625,unidad,No,,comparado por capacidad (aves/h); 
B2_5000_10000_20000,2,10000,C1,compra_fase,EQ-11,PROCESO,REEMPLAZABLE,REEMPLAZA,1,1,1250,unidad,No,,cambio de nivel S→A; comparado por capacidad (aves/h); valor residual del activo reemplazado PENDIENTE (modelo financiero)
B2_5000_10000_20000,2,10000,C1,compra_fase,EQ-12,PROCESO,ESCALABLE,REEMPLAZA,1,1,1250,unidad,No,,cambio de nivel S→A; comparado por capacidad (aves/h); valor residual del activo reemplazado PENDIENTE (modelo financiero)
B2_5000_10000_20000,2,10000,C1,compra_fase,EQ-13,PROCESO,ESCALABLE,AMPLIA,1,1,625,unidad,No,,comparado por capacidad (aves/h); 
B2_5000_10000_20000,2,10000,C1,compra_fase,EQ-15,PROCESO,DUPLICABLE,DUPLICA,1,1,625,unidad,No,,comparado por capacidad (aves/h); 
B2_5000_10000_20000,2,10000,C1,compra_fase,EQ-16,PROCESO,ESCALABLE,AMPLIA,1,1,625,unidad,No,,comparado por capacidad (aves/h); 
B2_5000_10000_20000,2,10000,C1,compra_fase,EQ-17,PROCESO,REEMPLAZABLE,REEMPLAZA,1,1,1250,unidad,No,,cambio de nivel S→A; comparado por capacidad (aves/h); valor residual del activo reemplazado PENDIENTE (modelo financiero)
B2_5000_10000_20000,2,10000,C1,compra_fase,EQ-18,PROCESO,REEMPLAZABLE,REEMPLAZA,1,1,1250,unidad,No,,cambio de nivel S→A; comparado por capacidad (aves/h); valor residual del activo reemplazado PENDIENTE (modelo financiero)
B2_5000_10000_20000,2,10000,C1,compra_fase,EQ-19,PROCESO,REEMPLAZABLE,REEMPLAZA,1,1,1250,unidad,No,,comparado por capacidad (aves/h); valor residual del activo reemplazado PENDIENTE (modelo financiero)
B2_5000_10000_20000,2,10000,C1,compra_fase,EQ-20,PROCESO,REUTILIZABLE,REEMPLAZA,1,1,1250,unidad,No,,cambio de nivel S→A; comparado por capacidad (aves/h); valor residual del activo reemplazado PENDIENTE (modelo financiero)
B2_5000_10000_20000,2,10000,C1,compra_fase,EQ-21,PROCESO,ESCALABLE,AMPLIA,1,1,625,unidad,No,,comparado por capacidad (aves/h); 
B2_5000_10000_20000,2,10000,C1,compra_fase,EQ-22,PROCESO,REEMPLAZABLE,REEMPLAZA,1,1,1250,unidad,No,,cambio de nivel S→A; comparado por capacidad (aves/h); valor residual del activo reemplazado PENDIENTE (modelo financiero)
B2_5000_10000_20000,2,10000,C1,compra_fase,EQ-23,PROCESO,REEMPLAZABLE,REEMPLAZA,1,1,1250,unidad,No,,cambio de nivel S→A; comparado por capacidad (aves/h); valor residual del activo reemplazado PENDIENTE (modelo financiero)
B2_5000_10000_20000,2,10000,C1,compra_fase,EQ-24,PROCESO,REEMPLAZABLE,REEMPLAZA,1,1,1250,unidad,No,,comparado por capacidad (aves/h); valor residual del activo reemplazado PENDIENTE (modelo financiero)
B2_5000_10000_20000,2,10000,C1,compra_fase,EQ-25,PROCESO,REEMPLAZABLE,REEMPLAZA,1,1,1250,unidad,No,,cambio de nivel S→A; comparado por capacidad (aves/h); valor residual del activo reemplazado PENDIENTE (modelo financiero)
B2_5000_10000_20000,2,10000,C1,compra_fase,EQ-26,PROCESO,DUPLICABLE,DUPLICA,1,1,625,unidad,No,,comparado por capacidad (aves/h); 
B2_5000_10000_20000,2,10000,C1,compra_fase,EQ-27,PROCESO,REEMPLAZABLE,REEMPLAZA,1,1,1250,unidad,No,,cambio de nivel M→S; comparado por capacidad (aves/h); valor residual del activo reemplazado PENDIENTE (modelo financiero)
B2_5000_10000_20000,2,10000,C1,compra_fase,EQ-28,PROCESO,REUTILIZABLE,REEMPLAZA,1,1,1250,unidad,No,,cambio de nivel S→A; comparado por capacidad (aves/h); valor residual del activo reemplazado PENDIENTE (modelo financiero)
B2_5000_10000_20000,2,10000,C1,compra_fase,EQ-29,PROCESO,REEMPLAZABLE,REEMPLAZA,1,1,1250,unidad,No,,cambio de nivel M→A; comparado por capacidad (aves/h); valor residual del activo reemplazado PENDIENTE (modelo financiero)
B2_5000_10000_20000,2,10000,C1,compra_fase,EQ-30,PROCESO,REEMPLAZABLE,REEMPLAZA,1,1,1250,unidad,No,,cambio de nivel S→A; comparado por capacidad (aves/h); valor residual del activo reemplazado PENDIENTE (modelo financiero)
B2_5000_10000_20000,2,10000,C1,compra_fase,EQ-31,PROCESO,REUTILIZABLE,AMPLIA_REUTILIZABLE,1,1,625,unidad,No,,comparado por capacidad (aves/h); 
B2_5000_10000_20000,2,10000,C1,compra_fase,EQ-32,PROCESO,ESCALABLE,REEMPLAZA,1,1,1250,unidad,No,,cambio de nivel S→A; comparado por capacidad (aves/h); valor residual del activo reemplazado PENDIENTE (modelo financiero)
B2_5000_10000_20000,2,10000,C1,compra_fase,EQ-33,PROCESO,DUPLICABLE,REEMPLAZA,1,1,1250,unidad,No,,cambio de nivel S→A; comparado por capacidad (aves/h); valor residual del activo reemplazado PENDIENTE (modelo financiero)
B2_5000_10000_20000,2,10000,C1,compra_fase,EQ-34,PROCESO,ESCALABLE,AMPLIA,1,1,625,unidad,No,,comparado por capacidad (aves/h); 
B2_5000_10000_20000,2,10000,C1,compra_fase,EQ-35,PROCESO,ESCALABLE,AMPLIA,1,1,625,unidad,No,,comparado por capacidad (aves/h); 
B2_5000_10000_20000,2,10000,C1,compra_fase,EQ-38,PROCESO,REEMPLAZABLE,REEMPLAZA,1,1,1250,unidad,No,,cambio de nivel S→A; comparado por capacidad (aves/h); valor residual del activo reemplazado PENDIENTE (modelo financiero)
B2_5000_10000_20000,2,10000,C1,compra_fase,EQ-39,PROCESO,REEMPLAZABLE,REEMPLAZA,1,1,1250,unidad,No,,cambio de nivel S→A; comparado por capacidad (aves/h); valor residual del activo reemplazado PENDIENTE (modelo financiero)
B2_5000_10000_20000,2,10000,C1,compra_fase,EQ-40,PROCESO,DUPLICABLE,DUPLICA,1,1,625,unidad,No,,comparado por capacidad (aves/h); 
B2_5000_10000_20000,2,10000,C1,compra_fase,EQ-41,PROCESO,ESCALABLE,NUEVO,,1,1,unidad,No,,
B2_5000_10000_20000,2,10000,C1,compra_fase,EQ-47,PROCESO,DUPLICABLE,REEMPLAZA,1,1,1250,unidad,No,,cambio de nivel O→S; comparado por capacidad (aves/h); valor residual del activo reemplazado PENDIENTE (modelo financiero)
B2_5000_10000_20000,2,10000,C1,compra_fase,EQ-49,PROCESO,REEMPLAZABLE,REEMPLAZA,1,1,1250,unidad,No,,comparado por capacidad (aves/h); valor residual del activo reemplazado PENDIENTE (modelo financiero)
B2_5000_10000_20000,2,10000,C1,compra_fase,EQ-50,PROCESO,DUPLICABLE,REEMPLAZA,1,1,1250,unidad,No,,cambio de nivel S→A; comparado por capacidad (aves/h); valor residual del activo reemplazado PENDIENTE (modelo financiero)
B2_5000_10000_20000,2,10000,C1,compra_fase,EQ-51,PROCESO,DUPLICABLE,REEMPLAZA,1,1,1250,unidad,No,,cambio de nivel S→A; comparado por capacidad (aves/h); valor residual del activo reemplazado PENDIENTE (modelo financiero)
B2_5000_10000_20000,2,10000,C1,compra_fase,EQ-53,PROCESO,DUPLICABLE,DUPLICA,1,1,625,unidad,No,,comparado por capacidad (aves/h); 
B2_5000_10000_20000,2,10000,C1,compra_fase,EQ-55,PROCESO,DUPLICABLE,REEMPLAZA,1,1,1250,unidad,No,,cambio de nivel S→A; comparado por capacidad (aves/h); valor residual del activo reemplazado PENDIENTE (modelo financiero)
B2_5000_10000_20000,2,10000,C1,compra_fase,EQ-56,PROCESO,DUPLICABLE,REEMPLAZA,1,1,1250,unidad,No,,cambio de nivel M→S; comparado por capacidad (aves/h); valor residual del activo reemplazado PENDIENTE (modelo financiero)
B2_5000_10000_20000,2,10000,C1,compra_fase,EQ-66,SUBPRODUCTOS,ESCALABLE,REEMPLAZA,1,1,1250,unidad,No,,cambio de nivel S→A; comparado por capacidad (aves/h); valor residual del activo reemplazado PENDIENTE (modelo financiero)
B2_5000_10000_20000,2,10000,C1,compra_fase,EQ-67,SUBPRODUCTOS,ESCALABLE,REEMPLAZA,1,1,1250,unidad,No,,cambio de nivel S→A; comparado por capacidad (aves/h); valor residual del activo reemplazado PENDIENTE (modelo financiero)
B2_5000_10000_20000,2,10000,C1,compra_fase,EQ-68,SUBPRODUCTOS,ESCALABLE,REEMPLAZA,1,1,1250,unidad,No,,cambio de nivel S→A; comparado por capacidad (aves/h); valor residual del activo reemplazado PENDIENTE (modelo financiero)
B2_5000_10000_20000,2,10000,C1,compra_fase,EQ-69,SUBPRODUCTOS,ESCALABLE,AMPLIA,1,1,625,unidad,No,,comparado por capacidad (aves/h); 
B2_5000_10000_20000,2,10000,C1,compra_fase,EQ-14,UTILITIES,DUPLICABLE,DUPLICA,1,1,625,unidad,No,,comparado por capacidad (aves/h); 
B2_5000_10000_20000,2,10000,C1,compra_fase,IND-ING,INDIRECTOS,ESPECIFICO_DE_FASE,NUEVO_POR_FASE,1,1,,%,Sí,,
B2_5000_10000_20000,2,10000,C1,compra_fase,IND-ARQ,INDIRECTOS,ESPECIFICO_DE_FASE,NUEVO_POR_FASE,1,1,,%,Sí,,
B2_5000_10000_20000,2,10000,C1,compra_fase,IND-PEJ,INDIRECTOS,ESPECIFICO_DE_FASE,NUEVO_POR_FASE,1,1,,%,Sí,,
B2_5000_10000_20000,2,10000,C1,compra_fase,IND-DO,INDIRECTOS,ESPECIFICO_DE_FASE,NUEVO_POR_FASE,1,1,,%,Sí,,
B2_5000_10000_20000,2,10000,C1,compra_fase,IND-PM,INDIRECTOS,ESPECIFICO_DE_FASE,NUEVO_POR_FASE,1,1,,%,Sí,,
B2_5000_10000_20000,2,10000,C1,compra_fase,IND-PER,INDIRECTOS,ESPECIFICO_DE_FASE,NUEVO_POR_FASE,1,1,,%,Sí,,
B2_5000_10000_20000,2,10000,C1,compra_fase,IND-EST,INDIRECTOS,ESPECIFICO_DE_FASE,NUEVO_POR_FASE,1,1,,%,Sí,,
B2_5000_10000_20000,2,10000,C1,compra_fase,PRE-COM,PREOPERATIVOS,ESPECIFICO_DE_FASE,NUEVO_POR_FASE,1,1,,%,Sí,,
B2_5000_10000_20000,2,10000,C1,compra_fase,PRE-PEM,PREOPERATIVOS,ESPECIFICO_DE_FASE,NUEVO_POR_FASE,1,1,,%,Sí,,
B2_5000_10000_20000,2,10000,C1,compra_fase,PRE-CAP,PREOPERATIVOS,ESPECIFICO_DE_FASE,NUEVO_POR_FASE,1,1,,%,Sí,,
B2_5000_10000_20000,2,10000,C1,compra_fase,PRE-PRU,PREOPERATIVOS,ESPECIFICO_DE_FASE,NUEVO_POR_FASE,1,1,,%,Sí,,
B2_5000_10000_20000,2,10000,C1,compra_fase,PRE-REP,PREOPERATIVOS,ESPECIFICO_DE_FASE,NUEVO_POR_FASE,1,1,,%,Sí,,
B2_5000_10000_20000,2,10000,C1,compra_fase,PRE-HER,PREOPERATIVOS,ESPECIFICO_DE_FASE,NUEVO_POR_FASE,1,1,,%,Sí,,
B2_5000_10000_20000,2,10000,C1,compra_fase,PRE-LAB,PREOPERATIVOS,ESPECIFICO_DE_FASE,NUEVO_POR_FASE,1,1,,%,Sí,,
B2_5000_10000_20000,2,10000,C1,compra_fase,PRE-IT,PREOPERATIVOS,ESPECIFICO_DE_FASE,NUEVO_POR_FASE,1,1,,%,Sí,,
B2_5000_10000_20000,2,10000,C1,compra_fase,CON-DIS,CONTINGENCIA,ESPECIFICO_DE_FASE,NUEVO_POR_FASE,1,1,,%,Sí,,
B2_5000_10000_20000,2,10000,C1,compra_fase,CON-COS,CONTINGENCIA,ESPECIFICO_DE_FASE,NUEVO_POR_FASE,1,1,,%,Sí,,
B2_5000_10000_20000,2,10000,C1,compra_fase,CON-ESC,CONTINGENCIA,ESPECIFICO_DE_FASE,NUEVO_POR_FASE,1,1,,%,Sí,,
B2_5000_10000_20000,3,20000,C1,compra_fase,TER-COMPRA,TERRENO,REUTILIZABLE,AMPLIA_REUTILIZABLE,23372.4945,32379.395,9006.9005,m²,Sí,,requiere terreno contiguo disponible: riesgo sin reserva (DEC-063); 
B2_5000_10000_20000,3,20000,C1,compra_fase,TER-GASTOS,TERRENO,ESPECIFICO_DE_FASE,NUEVO_POR_FASE,1,1,,%,Sí,,
B2_5000_10000_20000,3,20000,C1,compra_fase,TER-PREP,TERRENO,ESCALABLE,AMPLIA,23372.4945,32379.395,9006.9005,m²,Sí,,
B2_5000_10000_20000,3,20000,C1,compra_fase,TER-ACCESO,TERRENO,REUTILIZABLE,PENDIENTE,1,1,,lote,Sí,,
B2_5000_10000_20000,3,20000,C1,compra_fase,TER-CONEX,TERRENO,REUTILIZABLE,PENDIENTE,1,1,,lote,Sí,,
B2_5000_10000_20000,3,20000,C1,compra_fase,OC-RS-OBRA,OBRA_CIVIL,ESCALABLE,REUTILIZA,180,180,0,m²,Sí,0,
B2_5000_10000_20000,3,20000,C1,compra_fase,OC-PH-OBRA,OBRA_CIVIL,ESCALABLE,AMPLIA,2608.6609,4646.77,2038.1091,m²,Sí,,
B2_5000_10000_20000,3,20000,C1,compra_fase,OC-FR-OBRA,OBRA_CIVIL,ESCALABLE,AMPLIA,241.1455,465.9761,224.8306,m²,Sí,,
B2_5000_10000_20000,3,20000,C1,compra_fase,OC-DK-OBRA,OBRA_CIVIL,ESCALABLE,AMPLIA,90,135,45,m²,Sí,,
B2_5000_10000_20000,3,20000,C1,compra_fase,OC-DP-OBRA,OBRA_CIVIL,ESCALABLE,AMPLIA,397.3345,741.4353,344.1008,m²,Sí,103230.2337,costo a precio unitario de obra nueva; prima/penalidad de ampliación PENDIENTE (DPV-16-14)
B2_5000_10000_20000,3,20000,C1,compra_fase,OC-ST-OBRA,OBRA_CIVIL,ESCALABLE,AMPLIA,266.9252,431.6307,164.7054,m²,Sí,,
B2_5000_10000_20000,3,20000,C1,compra_fase,OC-LB-OBRA,OBRA_CIVIL,ESCALABLE,AMPLIA,29.886,52.0346,22.1486,m²,Sí,,
B2_5000_10000_20000,3,20000,C1,compra_fase,OC-VC-OBRA,OBRA_CIVIL,ESCALABLE,AMPLIA,271.6875,507.9375,236.25,m²,Sí,,
B2_5000_10000_20000,3,20000,C1,compra_fase,OC-OF-OBRA,OBRA_CIVIL,ESCALABLE,AMPLIA,220.1438,290.4977,70.3539,m²,Sí,,
B2_5000_10000_20000,3,20000,C1,compra_fase,OC-EP-OBRA,OBRA_CIVIL,ESCALABLE,AMPLIA,2505.6924,3855.285,1349.5926,m²,Sí,,
B2_5000_10000_20000,3,20000,C1,compra_fase,OC-EL-OBRA,OBRA_CIVIL,ESCALABLE,AMPLIA,1156.25,2031.25,875,m²,Sí,,
B2_5000_10000_20000,3,20000,C1,compra_fase,OC-LV-OBRA,OBRA_CIVIL,ESCALABLE,REUTILIZA,130,130,0,m²,Sí,0,
B2_5000_10000_20000,3,20000,C1,compra_fase,OC-IP-OBRA,OBRA_CIVIL,ESCALABLE,AMPLIA,65,130,65,m²,Sí,,
B2_5000_10000_20000,3,20000,C1,compra_fase,OC-EF-OBRA,OBRA_CIVIL,ESCALABLE,AMPLIA,325.8017,592.1933,266.3917,m²,Sí,,
B2_5000_10000_20000,3,20000,C1,compra_fase,OC-CER-OBRA,OBRA_CIVIL,ESCALABLE,AMPLIA,624.1327,734.6132,110.4806,m,Sí,,
B2_5000_10000_20000,3,20000,C1,compra_fase,OC-INF-OBRA,OBRA_CIVIL,ESCALABLE,AMPLIA,23372.4945,32379.395,9006.9005,m²,Sí,,
B2_5000_10000_20000,3,20000,C1,compra_fase,PQ-L1,PROCESO,MIXTA,PENDIENTE,1,1,,lote,Sí,,comparado por capacidad (aves/h); 
B2_5000_10000_20000,3,20000,C1,compra_fase,PQ-L2,PROCESO,MIXTA,PENDIENTE,1,1,,lote,Sí,,comparado por capacidad (aves/h); 
B2_5000_10000_20000,3,20000,C1,compra_fase,PQ-L3,PROCESO,MIXTA,PENDIENTE,1,1,,lote,Sí,,comparado por capacidad (aves/h); 
B2_5000_10000_20000,3,20000,C1,compra_fase,PQ-L4,PROCESO,MIXTA,PENDIENTE,1,1,,lote,Sí,,comparado por capacidad (aves/h); 
B2_5000_10000_20000,3,20000,C1,compra_fase,PQ-L5,PROCESO,MIXTA,PENDIENTE,1,1,,lote,Sí,,comparado por capacidad (aves/h); 
B2_5000_10000_20000,3,20000,C1,compra_fase,PQ-L6,PROCESO,MIXTA,PENDIENTE,1,1,,lote,Sí,,comparado por capacidad (aves/h); 
B2_5000_10000_20000,3,20000,C1,compra_fase,PQ-L7,PROCESO,MIXTA,PENDIENTE,1,1,,lote,Sí,,comparado por capacidad (aves/h); 
B2_5000_10000_20000,3,20000,C1,compra_fase,EQ-LIM,PROCESO,ESCALABLE,PENDIENTE,1,1,,lote,Sí,,
B2_5000_10000_20000,3,20000,C1,compra_fase,SB-L9,SUBPRODUCTOS,ESCALABLE,AMPLIA,1,1,5.28,lote,Sí,,comparado por capacidad (t/d); 
B2_5000_10000_20000,3,20000,C1,compra_fase,FR-PAQ,FRIO,ESCALABLE,AMPLIA,1,1,246,lote,Sí,,comparado por capacidad (kWf); 
B2_5000_10000_20000,3,20000,C1,compra_fase,FR-PAN,FRIO,ESCALABLE,AMPLIA,241.1455,465.9761,224.8306,m²,No,,
B2_5000_10000_20000,3,20000,C1,compra_fase,FR-COMP,FRIO,DUPLICABLE,PENDIENTE,,,,kWf,No,,
B2_5000_10000_20000,3,20000,C1,compra_fase,FR-COND,FRIO,DUPLICABLE,PENDIENTE,,,,kWf,No,,
B2_5000_10000_20000,3,20000,C1,compra_fase,FR-EVAP,FRIO,DUPLICABLE,PENDIENTE,,,,kWf,No,,
B2_5000_10000_20000,3,20000,C1,compra_fase,FR-PIP,FRIO,ESCALABLE,PENDIENTE,1,1,,lote,No,,
B2_5000_10000_20000,3,20000,C1,compra_fase,FR-REF,FRIO,ESCALABLE,PENDIENTE,1,1,,lote,No,,
B2_5000_10000_20000,3,20000,C1,compra_fase,FR-CTL,FRIO,ESCALABLE,PENDIENTE,1,1,,lote,No,,
B2_5000_10000_20000,3,20000,C1,compra_fase,FR-AGH,FRIO,ESCALABLE,AMPLIA,69.1853,138.3706,69.1853,kWf,No,,
B2_5000_10000_20000,3,20000,C1,compra_fase,FR-DCK,FRIO,DUPLICABLE,PENDIENTE,,,,unidad,No,,
B2_5000_10000_20000,3,20000,C1,compra_fase,FR-TUN,FRIO,DUPLICABLE,DUPLICA,2.3965,4.793,2.3965,t/día,No,,
B2_5000_10000_20000,3,20000,C1,compra_fase,AG-CAP,UTILITIES,ESCALABLE,AMPLIA,250,500,250,m³/d,Sí,,
B2_5000_10000_20000,3,20000,C1,compra_fase,AG-ALM,UTILITIES,DUPLICABLE,DUPLICA,250,500,250,m³,Sí,,
B2_5000_10000_20000,3,20000,C1,compra_fase,AG-TRA,UTILITIES,ESCALABLE,AMPLIA,37.5,75,37.5,m³/h,Sí,,
B2_5000_10000_20000,3,20000,C1,compra_fase,AG-BOM,UTILITIES,DUPLICABLE,DUPLICA,37.5,75,37.5,m³/h,Sí,,
B2_5000_10000_20000,3,20000,C1,compra_fase,AG-DIS,UTILITIES,ESCALABLE,AMPLIA,4305.7834,7451.2818,3145.4983,m²,Sí,,
B2_5000_10000_20000,3,20000,C1,compra_fase,EF-PAQ,EFLUENTES,ESCALABLE,AMPLIA,1,1,220,lote,Sí,,comparado por capacidad (m³/d); 
B2_5000_10000_20000,3,20000,C1,compra_fase,EF-PRE,EFLUENTES,ESCALABLE,AMPLIA,33,66,33,m³/h,No,,
B2_5000_10000_20000,3,20000,C1,compra_fase,EF-ECU,EFLUENTES,ESCALABLE,AMPLIA,220,440,220,m³,No,,
B2_5000_10000_20000,3,20000,C1,compra_fase,EF-DAF,EFLUENTES,ESCALABLE,AMPLIA,33,66,33,m³/h,No,,
B2_5000_10000_20000,3,20000,C1,compra_fase,EF-BIO,EFLUENTES,ESCALABLE,AMPLIA,1188,2376,1188,kg DQO/d,No,,
B2_5000_10000_20000,3,20000,C1,compra_fase,EF-LOD,EFLUENTES,ESCALABLE,PENDIENTE,,,,kg MS/d,No,,
B2_5000_10000_20000,3,20000,C1,compra_fase,EF-INF,EFLUENTES,ESCALABLE,PENDIENTE,1,1,,lote,No,,
B2_5000_10000_20000,3,20000,C1,compra_fase,EL-ACO,UTILITIES,REUTILIZABLE,PENDIENTE,1,1,,lote,Sí,,
B2_5000_10000_20000,3,20000,C1,compra_fase,EL-TRA,UTILITIES,ESCALABLE,PENDIENTE,,,,kVA,Sí,,
B2_5000_10000_20000,3,20000,C1,compra_fase,EL-TAB,UTILITIES,ESCALABLE,PENDIENTE,1,1,,lote,Sí,,
B2_5000_10000_20000,3,20000,C1,compra_fase,EL-DIS,UTILITIES,ESCALABLE,AMPLIA,4305.7834,7451.2818,3145.4983,m²,Sí,,
B2_5000_10000_20000,3,20000,C1,compra_fase,EL-UPS,UTILITIES,DUPLICABLE,PENDIENTE,,,,kVA,Sí,,
B2_5000_10000_20000,3,20000,C1,compra_fase,EL-GEN,UTILITIES,DUPLICABLE,PENDIENTE,,,,kVA,Sí,,
B2_5000_10000_20000,3,20000,C1,compra_fase,TE-GEN,UTILITIES,DUPLICABLE,PENDIENTE,,,,kWt,Sí,,
B2_5000_10000_20000,3,20000,C1,compra_fase,TE-COM,UTILITIES,ESCALABLE,PENDIENTE,1,1,,lote,Sí,,
B2_5000_10000_20000,3,20000,C1,compra_fase,TE-DIS,UTILITIES,ESCALABLE,PENDIENTE,1,1,,lote,Sí,,
B2_5000_10000_20000,3,20000,C1,compra_fase,AC-COM,UTILITIES,DUPLICABLE,PENDIENTE,,,,m³/min,Sí,,
B2_5000_10000_20000,3,20000,C1,compra_fase,IT-HW,SERVICIOS_GENERALES,ESCALABLE,PENDIENTE,1,1,,lote,Sí,,
B2_5000_10000_20000,3,20000,C1,compra_fase,IT-SW,SERVICIOS_GENERALES,REUTILIZABLE,PENDIENTE,1,1,,lote,Sí,,
B2_5000_10000_20000,3,20000,C1,compra_fase,IT-SEN,SERVICIOS_GENERALES,ESCALABLE,PENDIENTE,1,1,,lote,Sí,,
B2_5000_10000_20000,3,20000,C1,compra_fase,IT-RED,SERVICIOS_GENERALES,ESCALABLE,PENDIENTE,1,1,,lote,Sí,,
B2_5000_10000_20000,3,20000,C1,compra_fase,IT-ETQ,SERVICIOS_GENERALES,DUPLICABLE,PENDIENTE,,,,unidad,Sí,,
B2_5000_10000_20000,3,20000,C1,compra_fase,LAB-EQ,SERVICIOS_GENERALES,REUTILIZABLE,PENDIENTE,1,1,,lote,Sí,,
B2_5000_10000_20000,3,20000,C1,compra_fase,SI-DET,SERVICIOS_GENERALES,ESCALABLE,PENDIENTE,1,1,,lote,Sí,,
B2_5000_10000_20000,3,20000,C1,compra_fase,SI-COM,SERVICIOS_GENERALES,ESCALABLE,PENDIENTE,1,1,,lote,Sí,,
B2_5000_10000_20000,3,20000,C1,compra_fase,SI-PRO,SERVICIOS_GENERALES,ESCALABLE,PENDIENTE,1,1,,lote,Sí,,
B2_5000_10000_20000,3,20000,C1,compra_fase,PER-EQ,SERVICIOS_GENERALES,ESCALABLE,PENDIENTE,1,1,,lote,Sí,,
B2_5000_10000_20000,3,20000,C1,compra_fase,MOB-OF,SERVICIOS_GENERALES,REUTILIZABLE,PENDIENTE,1,1,,lote,Sí,,
B2_5000_10000_20000,3,20000,C1,compra_fase,EQ-71,UTILITIES,DUPLICABLE,DUPLICA,1,1,1250,unidad,No,,comparado por capacidad (aves/h); 
B2_5000_10000_20000,3,20000,C1,compra_fase,EQ-72,UTILITIES,ESCALABLE,AMPLIA,1,1,1250,unidad,No,,comparado por capacidad (aves/h); 
B2_5000_10000_20000,3,20000,C1,compra_fase,EQ-70,EFLUENTES,ESCALABLE,AMPLIA,1,1,1250,unidad,No,,comparado por capacidad (aves/h); 
B2_5000_10000_20000,3,20000,C1,compra_fase,EQ-73,UTILITIES,DUPLICABLE,DUPLICA,1,1,1250,unidad,No,,comparado por capacidad (aves/h); 
B2_5000_10000_20000,3,20000,C1,compra_fase,EQ-74,PROCESO,ESCALABLE,AMPLIA,1,1,1250,unidad,No,,comparado por capacidad (aves/h); 
B2_5000_10000_20000,3,20000,C1,compra_fase,EQ-75,PROCESO,DUPLICABLE,DUPLICA,1,1,1250,unidad,No,,comparado por capacidad (aves/h); 
B2_5000_10000_20000,3,20000,C1,compra_fase,EQ-37,FRIO,ESCALABLE,AMPLIA,1,1,1250,unidad,No,,comparado por capacidad (aves/h); 
B2_5000_10000_20000,3,20000,C1,compra_fase,EQ-64,FRIO,ESCALABLE,AMPLIA,1,1,1250,unidad,No,,comparado por capacidad (aves/h); 
B2_5000_10000_20000,3,20000,C1,compra_fase,EQ-65,FRIO,DUPLICABLE,DUPLICA,1,1,1250,unidad,No,,comparado por capacidad (aves/h); 
B2_5000_10000_20000,3,20000,C1,compra_fase,EQ-62,FRIO,ESCALABLE,AMPLIA,1,1,1250,unidad,No,,comparado por capacidad (aves/h); 
B2_5000_10000_20000,3,20000,C1,compra_fase,EQ-63,FRIO,ESCALABLE,AMPLIA,1,1,1250,unidad,No,,comparado por capacidad (aves/h); 
B2_5000_10000_20000,3,20000,C1,compra_fase,EQ-57,FRIO,DUPLICABLE,REEMPLAZA,1,1,2500,unidad,No,,cambio de nivel S→A; comparado por capacidad (aves/h); valor residual del activo reemplazado PENDIENTE (modelo financiero)
B2_5000_10000_20000,3,20000,C1,compra_fase,EQ-58,FRIO,DUPLICABLE,REEMPLAZA,1,1,2500,unidad,No,,cambio de nivel O→A; comparado por capacidad (aves/h); valor residual del activo reemplazado PENDIENTE (modelo financiero)
B2_5000_10000_20000,3,20000,C1,compra_fase,EQ-59,FRIO,REEMPLAZABLE,NUEVO,,1,1,unidad,No,,
B2_5000_10000_20000,3,20000,C1,compra_fase,EQ-54,SERVICIOS_GENERALES,DUPLICABLE,DUPLICA,1,1,1250,unidad,No,,comparado por capacidad (aves/h); 
B2_5000_10000_20000,3,20000,C1,compra_fase,EQ-76,SERVICIOS_GENERALES,ESCALABLE,AMPLIA,1,1,1250,unidad,No,,comparado por capacidad (aves/h); 
B2_5000_10000_20000,3,20000,C1,compra_fase,EQ-01,PROCESO,REUTILIZABLE,AMPLIA_REUTILIZABLE,1,1,1250,unidad,No,,comparado por capacidad (aves/h); 
B2_5000_10000_20000,3,20000,C1,compra_fase,EQ-02,PROCESO,ESCALABLE,AMPLIA,1,1,1250,unidad,No,,comparado por capacidad (aves/h); 
B2_5000_10000_20000,3,20000,C1,compra_fase,EQ-04,PROCESO,REEMPLAZABLE,REEMPLAZA,1,1,2500,unidad,No,,cambio de nivel S→A; comparado por capacidad (aves/h); valor residual del activo reemplazado PENDIENTE (modelo financiero)
B2_5000_10000_20000,3,20000,C1,compra_fase,EQ-05,PROCESO,REEMPLAZABLE,REEMPLAZA,1,1,2500,unidad,No,,comparado por capacidad (aves/h); valor residual del activo reemplazado PENDIENTE (modelo financiero)
B2_5000_10000_20000,3,20000,C1,compra_fase,EQ-06,PROCESO,REUTILIZABLE,AMPLIA_REUTILIZABLE,1,1,1250,unidad,No,,comparado por capacidad (aves/h); 
B2_5000_10000_20000,3,20000,C1,compra_fase,EQ-07,PROCESO,ESCALABLE,AMPLIA,1,1,1250,unidad,No,,comparado por capacidad (aves/h); 
B2_5000_10000_20000,3,20000,C1,compra_fase,EQ-08,PROCESO,ESCALABLE,AMPLIA,1,1,1250,unidad,No,,comparado por capacidad (aves/h); 
B2_5000_10000_20000,3,20000,C1,compra_fase,EQ-09,PROCESO,REUTILIZABLE,AMPLIA_REUTILIZABLE,1,1,1250,unidad,No,,comparado por capacidad (aves/h); 
B2_5000_10000_20000,3,20000,C1,compra_fase,EQ-11,PROCESO,REEMPLAZABLE,REEMPLAZA,1,1,2500,unidad,No,,comparado por capacidad (aves/h); valor residual del activo reemplazado PENDIENTE (modelo financiero)
B2_5000_10000_20000,3,20000,C1,compra_fase,EQ-12,PROCESO,ESCALABLE,AMPLIA,1,1,1250,unidad,No,,comparado por capacidad (aves/h); 
B2_5000_10000_20000,3,20000,C1,compra_fase,EQ-13,PROCESO,ESCALABLE,AMPLIA,1,1,1250,unidad,No,,comparado por capacidad (aves/h); 
B2_5000_10000_20000,3,20000,C1,compra_fase,EQ-15,PROCESO,DUPLICABLE,DUPLICA,1,1,1250,unidad,No,,comparado por capacidad (aves/h); 
B2_5000_10000_20000,3,20000,C1,compra_fase,EQ-16,PROCESO,ESCALABLE,AMPLIA,1,1,1250,unidad,No,,comparado por capacidad (aves/h); 
B2_5000_10000_20000,3,20000,C1,compra_fase,EQ-17,PROCESO,REEMPLAZABLE,REEMPLAZA,1,1,2500,unidad,No,,comparado por capacidad (aves/h); valor residual del activo reemplazado PENDIENTE (modelo financiero)
B2_5000_10000_20000,3,20000,C1,compra_fase,EQ-18,PROCESO,REEMPLAZABLE,REEMPLAZA,1,1,2500,unidad,No,,comparado por capacidad (aves/h); valor residual del activo reemplazado PENDIENTE (modelo financiero)
B2_5000_10000_20000,3,20000,C1,compra_fase,EQ-19,PROCESO,REEMPLAZABLE,REEMPLAZA,1,1,2500,unidad,No,,cambio de nivel M→A; comparado por capacidad (aves/h); valor residual del activo reemplazado PENDIENTE (modelo financiero)
B2_5000_10000_20000,3,20000,C1,compra_fase,EQ-20,PROCESO,REUTILIZABLE,AMPLIA_REUTILIZABLE,1,1,1250,unidad,No,,comparado por capacidad (aves/h); 
B2_5000_10000_20000,3,20000,C1,compra_fase,EQ-21,PROCESO,ESCALABLE,AMPLIA,1,1,1250,unidad,No,,comparado por capacidad (aves/h); 
B2_5000_10000_20000,3,20000,C1,compra_fase,EQ-22,PROCESO,REEMPLAZABLE,REEMPLAZA,1,1,2500,unidad,No,,comparado por capacidad (aves/h); valor residual del activo reemplazado PENDIENTE (modelo financiero)
B2_5000_10000_20000,3,20000,C1,compra_fase,EQ-23,PROCESO,REEMPLAZABLE,REEMPLAZA,1,1,2500,unidad,No,,comparado por capacidad (aves/h); valor residual del activo reemplazado PENDIENTE (modelo financiero)
B2_5000_10000_20000,3,20000,C1,compra_fase,EQ-24,PROCESO,REEMPLAZABLE,REEMPLAZA,1,1,2500,unidad,No,,comparado por capacidad (aves/h); valor residual del activo reemplazado PENDIENTE (modelo financiero)
B2_5000_10000_20000,3,20000,C1,compra_fase,EQ-25,PROCESO,REEMPLAZABLE,REEMPLAZA,1,1,2500,unidad,No,,comparado por capacidad (aves/h); valor residual del activo reemplazado PENDIENTE (modelo financiero)
B2_5000_10000_20000,3,20000,C1,compra_fase,EQ-26,PROCESO,DUPLICABLE,DUPLICA,1,1,1250,unidad,No,,comparado por capacidad (aves/h); 
B2_5000_10000_20000,3,20000,C1,compra_fase,EQ-27,PROCESO,REEMPLAZABLE,REEMPLAZA,1,1,2500,unidad,No,,cambio de nivel S→A; comparado por capacidad (aves/h); valor residual del activo reemplazado PENDIENTE (modelo financiero)
B2_5000_10000_20000,3,20000,C1,compra_fase,EQ-28,PROCESO,REUTILIZABLE,AMPLIA_REUTILIZABLE,1,1,1250,unidad,No,,comparado por capacidad (aves/h); 
B2_5000_10000_20000,3,20000,C1,compra_fase,EQ-29,PROCESO,REEMPLAZABLE,REEMPLAZA,1,1,2500,unidad,No,,comparado por capacidad (aves/h); valor residual del activo reemplazado PENDIENTE (modelo financiero)
B2_5000_10000_20000,3,20000,C1,compra_fase,EQ-30,PROCESO,REEMPLAZABLE,REEMPLAZA,1,1,2500,unidad,No,,comparado por capacidad (aves/h); valor residual del activo reemplazado PENDIENTE (modelo financiero)
B2_5000_10000_20000,3,20000,C1,compra_fase,EQ-31,PROCESO,REUTILIZABLE,AMPLIA_REUTILIZABLE,1,1,1250,unidad,No,,comparado por capacidad (aves/h); 
B2_5000_10000_20000,3,20000,C1,compra_fase,EQ-32,PROCESO,ESCALABLE,AMPLIA,1,1,1250,unidad,No,,comparado por capacidad (aves/h); 
B2_5000_10000_20000,3,20000,C1,compra_fase,EQ-33,PROCESO,DUPLICABLE,DUPLICA,1,1,1250,unidad,No,,comparado por capacidad (aves/h); 
B2_5000_10000_20000,3,20000,C1,compra_fase,EQ-34,PROCESO,ESCALABLE,AMPLIA,1,1,1250,unidad,No,,comparado por capacidad (aves/h); 
B2_5000_10000_20000,3,20000,C1,compra_fase,EQ-35,PROCESO,ESCALABLE,AMPLIA,1,1,1250,unidad,No,,comparado por capacidad (aves/h); 
B2_5000_10000_20000,3,20000,C1,compra_fase,EQ-38,PROCESO,REEMPLAZABLE,REEMPLAZA,1,1,2500,unidad,No,,comparado por capacidad (aves/h); valor residual del activo reemplazado PENDIENTE (modelo financiero)
B2_5000_10000_20000,3,20000,C1,compra_fase,EQ-39,PROCESO,REEMPLAZABLE,REEMPLAZA,1,1,2500,unidad,No,,comparado por capacidad (aves/h); valor residual del activo reemplazado PENDIENTE (modelo financiero)
B2_5000_10000_20000,3,20000,C1,compra_fase,EQ-40,PROCESO,DUPLICABLE,DUPLICA,1,1,1250,unidad,No,,comparado por capacidad (aves/h); 
B2_5000_10000_20000,3,20000,C1,compra_fase,EQ-41,PROCESO,ESCALABLE,REEMPLAZA,1,1,2500,unidad,No,,cambio de nivel S→A; comparado por capacidad (aves/h); valor residual del activo reemplazado PENDIENTE (modelo financiero)
B2_5000_10000_20000,3,20000,C1,compra_fase,EQ-47,PROCESO,DUPLICABLE,DUPLICA,1,1,1250,unidad,No,,comparado por capacidad (aves/h); 
B2_5000_10000_20000,3,20000,C1,compra_fase,EQ-49,PROCESO,REEMPLAZABLE,REEMPLAZA,1,1,2500,unidad,No,,cambio de nivel S→A; comparado por capacidad (aves/h); valor residual del activo reemplazado PENDIENTE (modelo financiero)
B2_5000_10000_20000,3,20000,C1,compra_fase,EQ-50,PROCESO,DUPLICABLE,DUPLICA,1,1,1250,unidad,No,,comparado por capacidad (aves/h); 
B2_5000_10000_20000,3,20000,C1,compra_fase,EQ-51,PROCESO,DUPLICABLE,DUPLICA,1,1,1250,unidad,No,,comparado por capacidad (aves/h); 
B2_5000_10000_20000,3,20000,C1,compra_fase,EQ-52,PROCESO,DUPLICABLE,NUEVO,,1,1,unidad,No,,
B2_5000_10000_20000,3,20000,C1,compra_fase,EQ-53,PROCESO,DUPLICABLE,DUPLICA,1,1,1250,unidad,No,,comparado por capacidad (aves/h); 
B2_5000_10000_20000,3,20000,C1,compra_fase,EQ-55,PROCESO,DUPLICABLE,DUPLICA,1,1,1250,unidad,No,,comparado por capacidad (aves/h); 
B2_5000_10000_20000,3,20000,C1,compra_fase,EQ-56,PROCESO,DUPLICABLE,DUPLICA,1,1,1250,unidad,No,,comparado por capacidad (aves/h); 
B2_5000_10000_20000,3,20000,C1,compra_fase,EQ-66,SUBPRODUCTOS,ESCALABLE,AMPLIA,1,1,1250,unidad,No,,comparado por capacidad (aves/h); 
B2_5000_10000_20000,3,20000,C1,compra_fase,EQ-67,SUBPRODUCTOS,ESCALABLE,AMPLIA,1,1,1250,unidad,No,,comparado por capacidad (aves/h); 
B2_5000_10000_20000,3,20000,C1,compra_fase,EQ-68,SUBPRODUCTOS,ESCALABLE,AMPLIA,1,1,1250,unidad,No,,comparado por capacidad (aves/h); 
B2_5000_10000_20000,3,20000,C1,compra_fase,EQ-69,SUBPRODUCTOS,ESCALABLE,REEMPLAZA,1,1,2500,unidad,No,,cambio de nivel S→A; comparado por capacidad (aves/h); valor residual del activo reemplazado PENDIENTE (modelo financiero)
B2_5000_10000_20000,3,20000,C1,compra_fase,EQ-14,UTILITIES,DUPLICABLE,DUPLICA,1,1,1250,unidad,No,,comparado por capacidad (aves/h); 
B2_5000_10000_20000,3,20000,C1,compra_fase,IND-ING,INDIRECTOS,ESPECIFICO_DE_FASE,NUEVO_POR_FASE,1,1,,%,Sí,,
B2_5000_10000_20000,3,20000,C1,compra_fase,IND-ARQ,INDIRECTOS,ESPECIFICO_DE_FASE,NUEVO_POR_FASE,1,1,,%,Sí,,
B2_5000_10000_20000,3,20000,C1,compra_fase,IND-PEJ,INDIRECTOS,ESPECIFICO_DE_FASE,NUEVO_POR_FASE,1,1,,%,Sí,,
B2_5000_10000_20000,3,20000,C1,compra_fase,IND-DO,INDIRECTOS,ESPECIFICO_DE_FASE,NUEVO_POR_FASE,1,1,,%,Sí,,
B2_5000_10000_20000,3,20000,C1,compra_fase,IND-PM,INDIRECTOS,ESPECIFICO_DE_FASE,NUEVO_POR_FASE,1,1,,%,Sí,,
B2_5000_10000_20000,3,20000,C1,compra_fase,IND-PER,INDIRECTOS,ESPECIFICO_DE_FASE,NUEVO_POR_FASE,1,1,,%,Sí,,
B2_5000_10000_20000,3,20000,C1,compra_fase,IND-EST,INDIRECTOS,ESPECIFICO_DE_FASE,NUEVO_POR_FASE,1,1,,%,Sí,,
B2_5000_10000_20000,3,20000,C1,compra_fase,PRE-COM,PREOPERATIVOS,ESPECIFICO_DE_FASE,NUEVO_POR_FASE,1,1,,%,Sí,,
B2_5000_10000_20000,3,20000,C1,compra_fase,PRE-PEM,PREOPERATIVOS,ESPECIFICO_DE_FASE,NUEVO_POR_FASE,1,1,,%,Sí,,
B2_5000_10000_20000,3,20000,C1,compra_fase,PRE-CAP,PREOPERATIVOS,ESPECIFICO_DE_FASE,NUEVO_POR_FASE,1,1,,%,Sí,,
B2_5000_10000_20000,3,20000,C1,compra_fase,PRE-PRU,PREOPERATIVOS,ESPECIFICO_DE_FASE,NUEVO_POR_FASE,1,1,,%,Sí,,
B2_5000_10000_20000,3,20000,C1,compra_fase,PRE-REP,PREOPERATIVOS,ESPECIFICO_DE_FASE,NUEVO_POR_FASE,1,1,,%,Sí,,
B2_5000_10000_20000,3,20000,C1,compra_fase,PRE-HER,PREOPERATIVOS,ESPECIFICO_DE_FASE,NUEVO_POR_FASE,1,1,,%,Sí,,
B2_5000_10000_20000,3,20000,C1,compra_fase,PRE-LAB,PREOPERATIVOS,ESPECIFICO_DE_FASE,NUEVO_POR_FASE,1,1,,%,Sí,,
B2_5000_10000_20000,3,20000,C1,compra_fase,PRE-IT,PREOPERATIVOS,ESPECIFICO_DE_FASE,NUEVO_POR_FASE,1,1,,%,Sí,,
B2_5000_10000_20000,3,20000,C1,compra_fase,CON-DIS,CONTINGENCIA,ESPECIFICO_DE_FASE,NUEVO_POR_FASE,1,1,,%,Sí,,
B2_5000_10000_20000,3,20000,C1,compra_fase,CON-COS,CONTINGENCIA,ESPECIFICO_DE_FASE,NUEVO_POR_FASE,1,1,,%,Sí,,
B2_5000_10000_20000,3,20000,C1,compra_fase,CON-ESC,CONTINGENCIA,ESPECIFICO_DE_FASE,NUEVO_POR_FASE,1,1,,%,Sí,,
C_10000_a_20000,1,10000,C1,compra_fase,TER-COMPRA,TERRENO,REUTILIZABLE,INICIAL,,23372.4945,23372.4945,m²,Sí,,
C_10000_a_20000,1,10000,C1,compra_fase,TER-GASTOS,TERRENO,ESPECIFICO_DE_FASE,INICIAL,,1,1,%,Sí,,
C_10000_a_20000,1,10000,C1,compra_fase,TER-PREP,TERRENO,ESCALABLE,INICIAL,,23372.4945,23372.4945,m²,Sí,,
C_10000_a_20000,1,10000,C1,compra_fase,TER-ACCESO,TERRENO,REUTILIZABLE,INICIAL,,1,1,lote,Sí,,
C_10000_a_20000,1,10000,C1,compra_fase,TER-CONEX,TERRENO,REUTILIZABLE,INICIAL,,1,1,lote,Sí,,
C_10000_a_20000,1,10000,C1,compra_fase,OC-RS-OBRA,OBRA_CIVIL,ESCALABLE,INICIAL,,180,180,m²,Sí,,
C_10000_a_20000,1,10000,C1,compra_fase,OC-PH-OBRA,OBRA_CIVIL,ESCALABLE,INICIAL,,2608.6609,2608.6609,m²,Sí,,
C_10000_a_20000,1,10000,C1,compra_fase,OC-FR-OBRA,OBRA_CIVIL,ESCALABLE,INICIAL,,241.1455,241.1455,m²,Sí,,
C_10000_a_20000,1,10000,C1,compra_fase,OC-DK-OBRA,OBRA_CIVIL,ESCALABLE,INICIAL,,90,90,m²,Sí,,
C_10000_a_20000,1,10000,C1,compra_fase,OC-DP-OBRA,OBRA_CIVIL,ESCALABLE,INICIAL,,397.3345,397.3345,m²,Sí,119200.3424,
C_10000_a_20000,1,10000,C1,compra_fase,OC-ST-OBRA,OBRA_CIVIL,ESCALABLE,INICIAL,,266.9252,266.9252,m²,Sí,,
C_10000_a_20000,1,10000,C1,compra_fase,OC-LB-OBRA,OBRA_CIVIL,ESCALABLE,INICIAL,,29.886,29.886,m²,Sí,,
C_10000_a_20000,1,10000,C1,compra_fase,OC-VC-OBRA,OBRA_CIVIL,ESCALABLE,INICIAL,,271.6875,271.6875,m²,Sí,,
C_10000_a_20000,1,10000,C1,compra_fase,OC-OF-OBRA,OBRA_CIVIL,ESCALABLE,INICIAL,,220.1438,220.1438,m²,Sí,,
C_10000_a_20000,1,10000,C1,compra_fase,OC-EP-OBRA,OBRA_CIVIL,ESCALABLE,INICIAL,,2505.6924,2505.6924,m²,Sí,,
C_10000_a_20000,1,10000,C1,compra_fase,OC-EL-OBRA,OBRA_CIVIL,ESCALABLE,INICIAL,,1156.25,1156.25,m²,Sí,,
C_10000_a_20000,1,10000,C1,compra_fase,OC-LV-OBRA,OBRA_CIVIL,ESCALABLE,INICIAL,,130,130,m²,Sí,,
C_10000_a_20000,1,10000,C1,compra_fase,OC-IP-OBRA,OBRA_CIVIL,ESCALABLE,INICIAL,,65,65,m²,Sí,,
C_10000_a_20000,1,10000,C1,compra_fase,OC-EF-OBRA,OBRA_CIVIL,ESCALABLE,INICIAL,,325.8017,325.8017,m²,Sí,,
C_10000_a_20000,1,10000,C1,compra_fase,OC-CER-OBRA,OBRA_CIVIL,ESCALABLE,INICIAL,,624.1327,624.1327,m,Sí,,
C_10000_a_20000,1,10000,C1,compra_fase,OC-INF-OBRA,OBRA_CIVIL,ESCALABLE,INICIAL,,23372.4945,23372.4945,m²,Sí,,
C_10000_a_20000,1,10000,C1,compra_fase,PQ-L1,PROCESO,MIXTA,INICIAL,,1,1,lote,Sí,,
C_10000_a_20000,1,10000,C1,compra_fase,PQ-L2,PROCESO,MIXTA,INICIAL,,1,1,lote,Sí,,
C_10000_a_20000,1,10000,C1,compra_fase,PQ-L3,PROCESO,MIXTA,INICIAL,,1,1,lote,Sí,,
C_10000_a_20000,1,10000,C1,compra_fase,PQ-L4,PROCESO,MIXTA,INICIAL,,1,1,lote,Sí,,
C_10000_a_20000,1,10000,C1,compra_fase,PQ-L5,PROCESO,MIXTA,INICIAL,,1,1,lote,Sí,,
C_10000_a_20000,1,10000,C1,compra_fase,PQ-L6,PROCESO,MIXTA,INICIAL,,1,1,lote,Sí,,
C_10000_a_20000,1,10000,C1,compra_fase,PQ-L7,PROCESO,MIXTA,INICIAL,,1,1,lote,Sí,,
C_10000_a_20000,1,10000,C1,compra_fase,EQ-LIM,PROCESO,ESCALABLE,INICIAL,,1,1,lote,Sí,,
C_10000_a_20000,1,10000,C1,compra_fase,SB-L9,SUBPRODUCTOS,ESCALABLE,INICIAL,,1,1,lote,Sí,,
C_10000_a_20000,1,10000,C1,compra_fase,FR-PAQ,FRIO,ESCALABLE,INICIAL,,1,1,lote,Sí,,
C_10000_a_20000,1,10000,C1,compra_fase,FR-PAN,FRIO,ESCALABLE,INICIAL,,241.1455,241.1455,m²,No,,
C_10000_a_20000,1,10000,C1,compra_fase,FR-COMP,FRIO,DUPLICABLE,INICIAL,,,,kWf,No,,
C_10000_a_20000,1,10000,C1,compra_fase,FR-COND,FRIO,DUPLICABLE,INICIAL,,,,kWf,No,,
C_10000_a_20000,1,10000,C1,compra_fase,FR-EVAP,FRIO,DUPLICABLE,INICIAL,,,,kWf,No,,
C_10000_a_20000,1,10000,C1,compra_fase,FR-PIP,FRIO,ESCALABLE,INICIAL,,1,1,lote,No,,
C_10000_a_20000,1,10000,C1,compra_fase,FR-REF,FRIO,ESCALABLE,INICIAL,,1,1,lote,No,,
C_10000_a_20000,1,10000,C1,compra_fase,FR-CTL,FRIO,ESCALABLE,INICIAL,,1,1,lote,No,,
C_10000_a_20000,1,10000,C1,compra_fase,FR-AGH,FRIO,ESCALABLE,INICIAL,,69.1853,69.1853,kWf,No,,
C_10000_a_20000,1,10000,C1,compra_fase,FR-DCK,FRIO,DUPLICABLE,INICIAL,,,,unidad,No,,
C_10000_a_20000,1,10000,C1,compra_fase,FR-TUN,FRIO,DUPLICABLE,INICIAL,,2.3965,2.3965,t/día,No,,
C_10000_a_20000,1,10000,C1,compra_fase,AG-CAP,UTILITIES,ESCALABLE,INICIAL,,250,250,m³/d,Sí,,
C_10000_a_20000,1,10000,C1,compra_fase,AG-ALM,UTILITIES,DUPLICABLE,INICIAL,,250,250,m³,Sí,,
C_10000_a_20000,1,10000,C1,compra_fase,AG-TRA,UTILITIES,ESCALABLE,INICIAL,,37.5,37.5,m³/h,Sí,,
C_10000_a_20000,1,10000,C1,compra_fase,AG-BOM,UTILITIES,DUPLICABLE,INICIAL,,37.5,37.5,m³/h,Sí,,
C_10000_a_20000,1,10000,C1,compra_fase,AG-DIS,UTILITIES,ESCALABLE,INICIAL,,4305.7834,4305.7834,m²,Sí,,
C_10000_a_20000,1,10000,C1,compra_fase,EF-PAQ,EFLUENTES,ESCALABLE,INICIAL,,1,1,lote,Sí,,
C_10000_a_20000,1,10000,C1,compra_fase,EF-PRE,EFLUENTES,ESCALABLE,INICIAL,,33,33,m³/h,No,,
C_10000_a_20000,1,10000,C1,compra_fase,EF-ECU,EFLUENTES,ESCALABLE,INICIAL,,220,220,m³,No,,
C_10000_a_20000,1,10000,C1,compra_fase,EF-DAF,EFLUENTES,ESCALABLE,INICIAL,,33,33,m³/h,No,,
C_10000_a_20000,1,10000,C1,compra_fase,EF-BIO,EFLUENTES,ESCALABLE,INICIAL,,1188,1188,kg DQO/d,No,,
C_10000_a_20000,1,10000,C1,compra_fase,EF-LOD,EFLUENTES,ESCALABLE,INICIAL,,,,kg MS/d,No,,
C_10000_a_20000,1,10000,C1,compra_fase,EF-INF,EFLUENTES,ESCALABLE,INICIAL,,1,1,lote,No,,
C_10000_a_20000,1,10000,C1,compra_fase,EL-ACO,UTILITIES,REUTILIZABLE,INICIAL,,1,1,lote,Sí,,
C_10000_a_20000,1,10000,C1,compra_fase,EL-TRA,UTILITIES,ESCALABLE,INICIAL,,,,kVA,Sí,,
C_10000_a_20000,1,10000,C1,compra_fase,EL-TAB,UTILITIES,ESCALABLE,INICIAL,,1,1,lote,Sí,,
C_10000_a_20000,1,10000,C1,compra_fase,EL-DIS,UTILITIES,ESCALABLE,INICIAL,,4305.7834,4305.7834,m²,Sí,,
C_10000_a_20000,1,10000,C1,compra_fase,EL-UPS,UTILITIES,DUPLICABLE,INICIAL,,,,kVA,Sí,,
C_10000_a_20000,1,10000,C1,compra_fase,EL-GEN,UTILITIES,DUPLICABLE,INICIAL,,,,kVA,Sí,,
C_10000_a_20000,1,10000,C1,compra_fase,TE-GEN,UTILITIES,DUPLICABLE,INICIAL,,,,kWt,Sí,,
C_10000_a_20000,1,10000,C1,compra_fase,TE-COM,UTILITIES,ESCALABLE,INICIAL,,1,1,lote,Sí,,
C_10000_a_20000,1,10000,C1,compra_fase,TE-DIS,UTILITIES,ESCALABLE,INICIAL,,1,1,lote,Sí,,
C_10000_a_20000,1,10000,C1,compra_fase,AC-COM,UTILITIES,DUPLICABLE,INICIAL,,,,m³/min,Sí,,
C_10000_a_20000,1,10000,C1,compra_fase,IT-HW,SERVICIOS_GENERALES,ESCALABLE,INICIAL,,1,1,lote,Sí,,
C_10000_a_20000,1,10000,C1,compra_fase,IT-SW,SERVICIOS_GENERALES,REUTILIZABLE,INICIAL,,1,1,lote,Sí,,
C_10000_a_20000,1,10000,C1,compra_fase,IT-SEN,SERVICIOS_GENERALES,ESCALABLE,INICIAL,,1,1,lote,Sí,,
C_10000_a_20000,1,10000,C1,compra_fase,IT-RED,SERVICIOS_GENERALES,ESCALABLE,INICIAL,,1,1,lote,Sí,,
C_10000_a_20000,1,10000,C1,compra_fase,IT-ETQ,SERVICIOS_GENERALES,DUPLICABLE,INICIAL,,,,unidad,Sí,,
C_10000_a_20000,1,10000,C1,compra_fase,LAB-EQ,SERVICIOS_GENERALES,REUTILIZABLE,INICIAL,,1,1,lote,Sí,,
C_10000_a_20000,1,10000,C1,compra_fase,SI-DET,SERVICIOS_GENERALES,ESCALABLE,INICIAL,,1,1,lote,Sí,,
C_10000_a_20000,1,10000,C1,compra_fase,SI-COM,SERVICIOS_GENERALES,ESCALABLE,INICIAL,,1,1,lote,Sí,,
C_10000_a_20000,1,10000,C1,compra_fase,SI-PRO,SERVICIOS_GENERALES,ESCALABLE,INICIAL,,1,1,lote,Sí,,
C_10000_a_20000,1,10000,C1,compra_fase,PER-EQ,SERVICIOS_GENERALES,ESCALABLE,INICIAL,,1,1,lote,Sí,,
C_10000_a_20000,1,10000,C1,compra_fase,MOB-OF,SERVICIOS_GENERALES,REUTILIZABLE,INICIAL,,1,1,lote,Sí,,
C_10000_a_20000,1,10000,C1,compra_fase,EQ-71,UTILITIES,DUPLICABLE,INICIAL,,1,1,unidad,No,,
C_10000_a_20000,1,10000,C1,compra_fase,EQ-72,UTILITIES,ESCALABLE,INICIAL,,1,1,unidad,No,,
C_10000_a_20000,1,10000,C1,compra_fase,EQ-70,EFLUENTES,ESCALABLE,INICIAL,,1,1,unidad,No,,
C_10000_a_20000,1,10000,C1,compra_fase,EQ-73,UTILITIES,DUPLICABLE,INICIAL,,1,1,unidad,No,,
C_10000_a_20000,1,10000,C1,compra_fase,EQ-74,PROCESO,ESCALABLE,INICIAL,,1,1,unidad,No,,
C_10000_a_20000,1,10000,C1,compra_fase,EQ-75,PROCESO,DUPLICABLE,INICIAL,,1,1,unidad,No,,
C_10000_a_20000,1,10000,C1,compra_fase,EQ-37,FRIO,ESCALABLE,INICIAL,,1,1,unidad,No,,
C_10000_a_20000,1,10000,C1,compra_fase,EQ-64,FRIO,ESCALABLE,INICIAL,,1,1,unidad,No,,
C_10000_a_20000,1,10000,C1,compra_fase,EQ-65,FRIO,DUPLICABLE,INICIAL,,1,1,unidad,No,,
C_10000_a_20000,1,10000,C1,compra_fase,EQ-62,FRIO,ESCALABLE,INICIAL,,1,1,unidad,No,,
C_10000_a_20000,1,10000,C1,compra_fase,EQ-63,FRIO,ESCALABLE,INICIAL,,1,1,unidad,No,,
C_10000_a_20000,1,10000,C1,compra_fase,EQ-57,FRIO,DUPLICABLE,INICIAL,,1,1,unidad,No,,
C_10000_a_20000,1,10000,C1,compra_fase,EQ-58,FRIO,DUPLICABLE,INICIAL,,1,1,unidad,No,,
C_10000_a_20000,1,10000,C1,compra_fase,EQ-54,SERVICIOS_GENERALES,DUPLICABLE,INICIAL,,1,1,unidad,No,,
C_10000_a_20000,1,10000,C1,compra_fase,EQ-76,SERVICIOS_GENERALES,ESCALABLE,INICIAL,,1,1,unidad,No,,
C_10000_a_20000,1,10000,C1,compra_fase,EQ-01,PROCESO,REUTILIZABLE,INICIAL,,1,1,unidad,No,,
C_10000_a_20000,1,10000,C1,compra_fase,EQ-02,PROCESO,ESCALABLE,INICIAL,,1,1,unidad,No,,
C_10000_a_20000,1,10000,C1,compra_fase,EQ-04,PROCESO,REEMPLAZABLE,INICIAL,,1,1,unidad,No,,
C_10000_a_20000,1,10000,C1,compra_fase,EQ-05,PROCESO,REEMPLAZABLE,INICIAL,,1,1,unidad,No,,
C_10000_a_20000,1,10000,C1,compra_fase,EQ-06,PROCESO,REUTILIZABLE,INICIAL,,1,1,unidad,No,,
C_10000_a_20000,1,10000,C1,compra_fase,EQ-07,PROCESO,ESCALABLE,INICIAL,,1,1,unidad,No,,
C_10000_a_20000,1,10000,C1,compra_fase,EQ-08,PROCESO,ESCALABLE,INICIAL,,1,1,unidad,No,,
C_10000_a_20000,1,10000,C1,compra_fase,EQ-09,PROCESO,REUTILIZABLE,INICIAL,,1,1,unidad,No,,
C_10000_a_20000,1,10000,C1,compra_fase,EQ-11,PROCESO,REEMPLAZABLE,INICIAL,,1,1,unidad,No,,
C_10000_a_20000,1,10000,C1,compra_fase,EQ-12,PROCESO,ESCALABLE,INICIAL,,1,1,unidad,No,,
C_10000_a_20000,1,10000,C1,compra_fase,EQ-13,PROCESO,ESCALABLE,INICIAL,,1,1,unidad,No,,
C_10000_a_20000,1,10000,C1,compra_fase,EQ-15,PROCESO,DUPLICABLE,INICIAL,,1,1,unidad,No,,
C_10000_a_20000,1,10000,C1,compra_fase,EQ-16,PROCESO,ESCALABLE,INICIAL,,1,1,unidad,No,,
C_10000_a_20000,1,10000,C1,compra_fase,EQ-17,PROCESO,REEMPLAZABLE,INICIAL,,1,1,unidad,No,,
C_10000_a_20000,1,10000,C1,compra_fase,EQ-18,PROCESO,REEMPLAZABLE,INICIAL,,1,1,unidad,No,,
C_10000_a_20000,1,10000,C1,compra_fase,EQ-19,PROCESO,REEMPLAZABLE,INICIAL,,1,1,unidad,No,,
C_10000_a_20000,1,10000,C1,compra_fase,EQ-20,PROCESO,REUTILIZABLE,INICIAL,,1,1,unidad,No,,
C_10000_a_20000,1,10000,C1,compra_fase,EQ-21,PROCESO,ESCALABLE,INICIAL,,1,1,unidad,No,,
C_10000_a_20000,1,10000,C1,compra_fase,EQ-22,PROCESO,REEMPLAZABLE,INICIAL,,1,1,unidad,No,,
C_10000_a_20000,1,10000,C1,compra_fase,EQ-23,PROCESO,REEMPLAZABLE,INICIAL,,1,1,unidad,No,,
C_10000_a_20000,1,10000,C1,compra_fase,EQ-24,PROCESO,REEMPLAZABLE,INICIAL,,1,1,unidad,No,,
C_10000_a_20000,1,10000,C1,compra_fase,EQ-25,PROCESO,REEMPLAZABLE,INICIAL,,1,1,unidad,No,,
C_10000_a_20000,1,10000,C1,compra_fase,EQ-26,PROCESO,DUPLICABLE,INICIAL,,1,1,unidad,No,,
C_10000_a_20000,1,10000,C1,compra_fase,EQ-27,PROCESO,REEMPLAZABLE,INICIAL,,1,1,unidad,No,,
C_10000_a_20000,1,10000,C1,compra_fase,EQ-28,PROCESO,REUTILIZABLE,INICIAL,,1,1,unidad,No,,
C_10000_a_20000,1,10000,C1,compra_fase,EQ-29,PROCESO,REEMPLAZABLE,INICIAL,,1,1,unidad,No,,
C_10000_a_20000,1,10000,C1,compra_fase,EQ-30,PROCESO,REEMPLAZABLE,INICIAL,,1,1,unidad,No,,
C_10000_a_20000,1,10000,C1,compra_fase,EQ-31,PROCESO,REUTILIZABLE,INICIAL,,1,1,unidad,No,,
C_10000_a_20000,1,10000,C1,compra_fase,EQ-32,PROCESO,ESCALABLE,INICIAL,,1,1,unidad,No,,
C_10000_a_20000,1,10000,C1,compra_fase,EQ-33,PROCESO,DUPLICABLE,INICIAL,,1,1,unidad,No,,
C_10000_a_20000,1,10000,C1,compra_fase,EQ-34,PROCESO,ESCALABLE,INICIAL,,1,1,unidad,No,,
C_10000_a_20000,1,10000,C1,compra_fase,EQ-35,PROCESO,ESCALABLE,INICIAL,,1,1,unidad,No,,
C_10000_a_20000,1,10000,C1,compra_fase,EQ-38,PROCESO,REEMPLAZABLE,INICIAL,,1,1,unidad,No,,
C_10000_a_20000,1,10000,C1,compra_fase,EQ-39,PROCESO,REEMPLAZABLE,INICIAL,,1,1,unidad,No,,
C_10000_a_20000,1,10000,C1,compra_fase,EQ-40,PROCESO,DUPLICABLE,INICIAL,,1,1,unidad,No,,
C_10000_a_20000,1,10000,C1,compra_fase,EQ-41,PROCESO,ESCALABLE,INICIAL,,1,1,unidad,No,,
C_10000_a_20000,1,10000,C1,compra_fase,EQ-47,PROCESO,DUPLICABLE,INICIAL,,1,1,unidad,No,,
C_10000_a_20000,1,10000,C1,compra_fase,EQ-49,PROCESO,REEMPLAZABLE,INICIAL,,1,1,unidad,No,,
C_10000_a_20000,1,10000,C1,compra_fase,EQ-50,PROCESO,DUPLICABLE,INICIAL,,1,1,unidad,No,,
C_10000_a_20000,1,10000,C1,compra_fase,EQ-51,PROCESO,DUPLICABLE,INICIAL,,1,1,unidad,No,,
C_10000_a_20000,1,10000,C1,compra_fase,EQ-53,PROCESO,DUPLICABLE,INICIAL,,1,1,unidad,No,,
C_10000_a_20000,1,10000,C1,compra_fase,EQ-55,PROCESO,DUPLICABLE,INICIAL,,1,1,unidad,No,,
C_10000_a_20000,1,10000,C1,compra_fase,EQ-56,PROCESO,DUPLICABLE,INICIAL,,1,1,unidad,No,,
C_10000_a_20000,1,10000,C1,compra_fase,EQ-66,SUBPRODUCTOS,ESCALABLE,INICIAL,,1,1,unidad,No,,
C_10000_a_20000,1,10000,C1,compra_fase,EQ-67,SUBPRODUCTOS,ESCALABLE,INICIAL,,1,1,unidad,No,,
C_10000_a_20000,1,10000,C1,compra_fase,EQ-68,SUBPRODUCTOS,ESCALABLE,INICIAL,,1,1,unidad,No,,
C_10000_a_20000,1,10000,C1,compra_fase,EQ-69,SUBPRODUCTOS,ESCALABLE,INICIAL,,1,1,unidad,No,,
C_10000_a_20000,1,10000,C1,compra_fase,EQ-14,UTILITIES,DUPLICABLE,INICIAL,,1,1,unidad,No,,
C_10000_a_20000,1,10000,C1,compra_fase,IND-ING,INDIRECTOS,ESPECIFICO_DE_FASE,INICIAL,,1,1,%,Sí,,
C_10000_a_20000,1,10000,C1,compra_fase,IND-ARQ,INDIRECTOS,ESPECIFICO_DE_FASE,INICIAL,,1,1,%,Sí,,
C_10000_a_20000,1,10000,C1,compra_fase,IND-PEJ,INDIRECTOS,ESPECIFICO_DE_FASE,INICIAL,,1,1,%,Sí,,
C_10000_a_20000,1,10000,C1,compra_fase,IND-DO,INDIRECTOS,ESPECIFICO_DE_FASE,INICIAL,,1,1,%,Sí,,
C_10000_a_20000,1,10000,C1,compra_fase,IND-PM,INDIRECTOS,ESPECIFICO_DE_FASE,INICIAL,,1,1,%,Sí,,
C_10000_a_20000,1,10000,C1,compra_fase,IND-PER,INDIRECTOS,ESPECIFICO_DE_FASE,INICIAL,,1,1,%,Sí,,
C_10000_a_20000,1,10000,C1,compra_fase,IND-EST,INDIRECTOS,ESPECIFICO_DE_FASE,INICIAL,,1,1,%,Sí,,
C_10000_a_20000,1,10000,C1,compra_fase,PRE-COM,PREOPERATIVOS,ESPECIFICO_DE_FASE,INICIAL,,1,1,%,Sí,,
C_10000_a_20000,1,10000,C1,compra_fase,PRE-PEM,PREOPERATIVOS,ESPECIFICO_DE_FASE,INICIAL,,1,1,%,Sí,,
C_10000_a_20000,1,10000,C1,compra_fase,PRE-CAP,PREOPERATIVOS,ESPECIFICO_DE_FASE,INICIAL,,1,1,%,Sí,,
C_10000_a_20000,1,10000,C1,compra_fase,PRE-PRU,PREOPERATIVOS,ESPECIFICO_DE_FASE,INICIAL,,1,1,%,Sí,,
C_10000_a_20000,1,10000,C1,compra_fase,PRE-REP,PREOPERATIVOS,ESPECIFICO_DE_FASE,INICIAL,,1,1,%,Sí,,
C_10000_a_20000,1,10000,C1,compra_fase,PRE-HER,PREOPERATIVOS,ESPECIFICO_DE_FASE,INICIAL,,1,1,%,Sí,,
C_10000_a_20000,1,10000,C1,compra_fase,PRE-LAB,PREOPERATIVOS,ESPECIFICO_DE_FASE,INICIAL,,1,1,%,Sí,,
C_10000_a_20000,1,10000,C1,compra_fase,PRE-IT,PREOPERATIVOS,ESPECIFICO_DE_FASE,INICIAL,,1,1,%,Sí,,
C_10000_a_20000,1,10000,C1,compra_fase,CON-DIS,CONTINGENCIA,ESPECIFICO_DE_FASE,INICIAL,,1,1,%,Sí,,
C_10000_a_20000,1,10000,C1,compra_fase,CON-COS,CONTINGENCIA,ESPECIFICO_DE_FASE,INICIAL,,1,1,%,Sí,,
C_10000_a_20000,1,10000,C1,compra_fase,CON-ESC,CONTINGENCIA,ESPECIFICO_DE_FASE,INICIAL,,1,1,%,Sí,,
C_10000_a_20000,2,20000,C1,compra_fase,TER-COMPRA,TERRENO,REUTILIZABLE,AMPLIA_REUTILIZABLE,23372.4945,32379.395,9006.9005,m²,Sí,,requiere terreno contiguo disponible: riesgo sin reserva (DEC-063); 
C_10000_a_20000,2,20000,C1,compra_fase,TER-GASTOS,TERRENO,ESPECIFICO_DE_FASE,NUEVO_POR_FASE,1,1,,%,Sí,,
C_10000_a_20000,2,20000,C1,compra_fase,TER-PREP,TERRENO,ESCALABLE,AMPLIA,23372.4945,32379.395,9006.9005,m²,Sí,,
C_10000_a_20000,2,20000,C1,compra_fase,TER-ACCESO,TERRENO,REUTILIZABLE,PENDIENTE,1,1,,lote,Sí,,
C_10000_a_20000,2,20000,C1,compra_fase,TER-CONEX,TERRENO,REUTILIZABLE,PENDIENTE,1,1,,lote,Sí,,
C_10000_a_20000,2,20000,C1,compra_fase,OC-RS-OBRA,OBRA_CIVIL,ESCALABLE,REUTILIZA,180,180,0,m²,Sí,0,
C_10000_a_20000,2,20000,C1,compra_fase,OC-PH-OBRA,OBRA_CIVIL,ESCALABLE,AMPLIA,2608.6609,4646.77,2038.1091,m²,Sí,,
C_10000_a_20000,2,20000,C1,compra_fase,OC-FR-OBRA,OBRA_CIVIL,ESCALABLE,AMPLIA,241.1455,465.9761,224.8306,m²,Sí,,
C_10000_a_20000,2,20000,C1,compra_fase,OC-DK-OBRA,OBRA_CIVIL,ESCALABLE,AMPLIA,90,135,45,m²,Sí,,
C_10000_a_20000,2,20000,C1,compra_fase,OC-DP-OBRA,OBRA_CIVIL,ESCALABLE,AMPLIA,397.3345,741.4353,344.1008,m²,Sí,103230.2337,costo a precio unitario de obra nueva; prima/penalidad de ampliación PENDIENTE (DPV-16-14)
C_10000_a_20000,2,20000,C1,compra_fase,OC-ST-OBRA,OBRA_CIVIL,ESCALABLE,AMPLIA,266.9252,431.6307,164.7054,m²,Sí,,
C_10000_a_20000,2,20000,C1,compra_fase,OC-LB-OBRA,OBRA_CIVIL,ESCALABLE,AMPLIA,29.886,52.0346,22.1486,m²,Sí,,
C_10000_a_20000,2,20000,C1,compra_fase,OC-VC-OBRA,OBRA_CIVIL,ESCALABLE,AMPLIA,271.6875,507.9375,236.25,m²,Sí,,
C_10000_a_20000,2,20000,C1,compra_fase,OC-OF-OBRA,OBRA_CIVIL,ESCALABLE,AMPLIA,220.1438,290.4977,70.3539,m²,Sí,,
C_10000_a_20000,2,20000,C1,compra_fase,OC-EP-OBRA,OBRA_CIVIL,ESCALABLE,AMPLIA,2505.6924,3855.285,1349.5926,m²,Sí,,
C_10000_a_20000,2,20000,C1,compra_fase,OC-EL-OBRA,OBRA_CIVIL,ESCALABLE,AMPLIA,1156.25,2031.25,875,m²,Sí,,
C_10000_a_20000,2,20000,C1,compra_fase,OC-LV-OBRA,OBRA_CIVIL,ESCALABLE,REUTILIZA,130,130,0,m²,Sí,0,
C_10000_a_20000,2,20000,C1,compra_fase,OC-IP-OBRA,OBRA_CIVIL,ESCALABLE,AMPLIA,65,130,65,m²,Sí,,
C_10000_a_20000,2,20000,C1,compra_fase,OC-EF-OBRA,OBRA_CIVIL,ESCALABLE,AMPLIA,325.8017,592.1933,266.3917,m²,Sí,,
C_10000_a_20000,2,20000,C1,compra_fase,OC-CER-OBRA,OBRA_CIVIL,ESCALABLE,AMPLIA,624.1327,734.6132,110.4806,m,Sí,,
C_10000_a_20000,2,20000,C1,compra_fase,OC-INF-OBRA,OBRA_CIVIL,ESCALABLE,AMPLIA,23372.4945,32379.395,9006.9005,m²,Sí,,
C_10000_a_20000,2,20000,C1,compra_fase,PQ-L1,PROCESO,MIXTA,PENDIENTE,1,1,,lote,Sí,,comparado por capacidad (aves/h); 
C_10000_a_20000,2,20000,C1,compra_fase,PQ-L2,PROCESO,MIXTA,PENDIENTE,1,1,,lote,Sí,,comparado por capacidad (aves/h); 
C_10000_a_20000,2,20000,C1,compra_fase,PQ-L3,PROCESO,MIXTA,PENDIENTE,1,1,,lote,Sí,,comparado por capacidad (aves/h); 
C_10000_a_20000,2,20000,C1,compra_fase,PQ-L4,PROCESO,MIXTA,PENDIENTE,1,1,,lote,Sí,,comparado por capacidad (aves/h); 
C_10000_a_20000,2,20000,C1,compra_fase,PQ-L5,PROCESO,MIXTA,PENDIENTE,1,1,,lote,Sí,,comparado por capacidad (aves/h); 
C_10000_a_20000,2,20000,C1,compra_fase,PQ-L6,PROCESO,MIXTA,PENDIENTE,1,1,,lote,Sí,,comparado por capacidad (aves/h); 
C_10000_a_20000,2,20000,C1,compra_fase,PQ-L7,PROCESO,MIXTA,PENDIENTE,1,1,,lote,Sí,,comparado por capacidad (aves/h); 
C_10000_a_20000,2,20000,C1,compra_fase,EQ-LIM,PROCESO,ESCALABLE,PENDIENTE,1,1,,lote,Sí,,
C_10000_a_20000,2,20000,C1,compra_fase,SB-L9,SUBPRODUCTOS,ESCALABLE,AMPLIA,1,1,5.28,lote,Sí,,comparado por capacidad (t/d); 
C_10000_a_20000,2,20000,C1,compra_fase,FR-PAQ,FRIO,ESCALABLE,AMPLIA,1,1,246,lote,Sí,,comparado por capacidad (kWf); 
C_10000_a_20000,2,20000,C1,compra_fase,FR-PAN,FRIO,ESCALABLE,AMPLIA,241.1455,465.9761,224.8306,m²,No,,
C_10000_a_20000,2,20000,C1,compra_fase,FR-COMP,FRIO,DUPLICABLE,PENDIENTE,,,,kWf,No,,
C_10000_a_20000,2,20000,C1,compra_fase,FR-COND,FRIO,DUPLICABLE,PENDIENTE,,,,kWf,No,,
C_10000_a_20000,2,20000,C1,compra_fase,FR-EVAP,FRIO,DUPLICABLE,PENDIENTE,,,,kWf,No,,
C_10000_a_20000,2,20000,C1,compra_fase,FR-PIP,FRIO,ESCALABLE,PENDIENTE,1,1,,lote,No,,
C_10000_a_20000,2,20000,C1,compra_fase,FR-REF,FRIO,ESCALABLE,PENDIENTE,1,1,,lote,No,,
C_10000_a_20000,2,20000,C1,compra_fase,FR-CTL,FRIO,ESCALABLE,PENDIENTE,1,1,,lote,No,,
C_10000_a_20000,2,20000,C1,compra_fase,FR-AGH,FRIO,ESCALABLE,AMPLIA,69.1853,138.3706,69.1853,kWf,No,,
C_10000_a_20000,2,20000,C1,compra_fase,FR-DCK,FRIO,DUPLICABLE,PENDIENTE,,,,unidad,No,,
C_10000_a_20000,2,20000,C1,compra_fase,FR-TUN,FRIO,DUPLICABLE,DUPLICA,2.3965,4.793,2.3965,t/día,No,,
C_10000_a_20000,2,20000,C1,compra_fase,AG-CAP,UTILITIES,ESCALABLE,AMPLIA,250,500,250,m³/d,Sí,,
C_10000_a_20000,2,20000,C1,compra_fase,AG-ALM,UTILITIES,DUPLICABLE,DUPLICA,250,500,250,m³,Sí,,
C_10000_a_20000,2,20000,C1,compra_fase,AG-TRA,UTILITIES,ESCALABLE,AMPLIA,37.5,75,37.5,m³/h,Sí,,
C_10000_a_20000,2,20000,C1,compra_fase,AG-BOM,UTILITIES,DUPLICABLE,DUPLICA,37.5,75,37.5,m³/h,Sí,,
C_10000_a_20000,2,20000,C1,compra_fase,AG-DIS,UTILITIES,ESCALABLE,AMPLIA,4305.7834,7451.2818,3145.4983,m²,Sí,,
C_10000_a_20000,2,20000,C1,compra_fase,EF-PAQ,EFLUENTES,ESCALABLE,AMPLIA,1,1,220,lote,Sí,,comparado por capacidad (m³/d); 
C_10000_a_20000,2,20000,C1,compra_fase,EF-PRE,EFLUENTES,ESCALABLE,AMPLIA,33,66,33,m³/h,No,,
C_10000_a_20000,2,20000,C1,compra_fase,EF-ECU,EFLUENTES,ESCALABLE,AMPLIA,220,440,220,m³,No,,
C_10000_a_20000,2,20000,C1,compra_fase,EF-DAF,EFLUENTES,ESCALABLE,AMPLIA,33,66,33,m³/h,No,,
C_10000_a_20000,2,20000,C1,compra_fase,EF-BIO,EFLUENTES,ESCALABLE,AMPLIA,1188,2376,1188,kg DQO/d,No,,
C_10000_a_20000,2,20000,C1,compra_fase,EF-LOD,EFLUENTES,ESCALABLE,PENDIENTE,,,,kg MS/d,No,,
C_10000_a_20000,2,20000,C1,compra_fase,EF-INF,EFLUENTES,ESCALABLE,PENDIENTE,1,1,,lote,No,,
C_10000_a_20000,2,20000,C1,compra_fase,EL-ACO,UTILITIES,REUTILIZABLE,PENDIENTE,1,1,,lote,Sí,,
C_10000_a_20000,2,20000,C1,compra_fase,EL-TRA,UTILITIES,ESCALABLE,PENDIENTE,,,,kVA,Sí,,
C_10000_a_20000,2,20000,C1,compra_fase,EL-TAB,UTILITIES,ESCALABLE,PENDIENTE,1,1,,lote,Sí,,
C_10000_a_20000,2,20000,C1,compra_fase,EL-DIS,UTILITIES,ESCALABLE,AMPLIA,4305.7834,7451.2818,3145.4983,m²,Sí,,
C_10000_a_20000,2,20000,C1,compra_fase,EL-UPS,UTILITIES,DUPLICABLE,PENDIENTE,,,,kVA,Sí,,
C_10000_a_20000,2,20000,C1,compra_fase,EL-GEN,UTILITIES,DUPLICABLE,PENDIENTE,,,,kVA,Sí,,
C_10000_a_20000,2,20000,C1,compra_fase,TE-GEN,UTILITIES,DUPLICABLE,PENDIENTE,,,,kWt,Sí,,
C_10000_a_20000,2,20000,C1,compra_fase,TE-COM,UTILITIES,ESCALABLE,PENDIENTE,1,1,,lote,Sí,,
C_10000_a_20000,2,20000,C1,compra_fase,TE-DIS,UTILITIES,ESCALABLE,PENDIENTE,1,1,,lote,Sí,,
C_10000_a_20000,2,20000,C1,compra_fase,AC-COM,UTILITIES,DUPLICABLE,PENDIENTE,,,,m³/min,Sí,,
C_10000_a_20000,2,20000,C1,compra_fase,IT-HW,SERVICIOS_GENERALES,ESCALABLE,PENDIENTE,1,1,,lote,Sí,,
C_10000_a_20000,2,20000,C1,compra_fase,IT-SW,SERVICIOS_GENERALES,REUTILIZABLE,PENDIENTE,1,1,,lote,Sí,,
C_10000_a_20000,2,20000,C1,compra_fase,IT-SEN,SERVICIOS_GENERALES,ESCALABLE,PENDIENTE,1,1,,lote,Sí,,
C_10000_a_20000,2,20000,C1,compra_fase,IT-RED,SERVICIOS_GENERALES,ESCALABLE,PENDIENTE,1,1,,lote,Sí,,
C_10000_a_20000,2,20000,C1,compra_fase,IT-ETQ,SERVICIOS_GENERALES,DUPLICABLE,PENDIENTE,,,,unidad,Sí,,
C_10000_a_20000,2,20000,C1,compra_fase,LAB-EQ,SERVICIOS_GENERALES,REUTILIZABLE,PENDIENTE,1,1,,lote,Sí,,
C_10000_a_20000,2,20000,C1,compra_fase,SI-DET,SERVICIOS_GENERALES,ESCALABLE,PENDIENTE,1,1,,lote,Sí,,
C_10000_a_20000,2,20000,C1,compra_fase,SI-COM,SERVICIOS_GENERALES,ESCALABLE,PENDIENTE,1,1,,lote,Sí,,
C_10000_a_20000,2,20000,C1,compra_fase,SI-PRO,SERVICIOS_GENERALES,ESCALABLE,PENDIENTE,1,1,,lote,Sí,,
C_10000_a_20000,2,20000,C1,compra_fase,PER-EQ,SERVICIOS_GENERALES,ESCALABLE,PENDIENTE,1,1,,lote,Sí,,
C_10000_a_20000,2,20000,C1,compra_fase,MOB-OF,SERVICIOS_GENERALES,REUTILIZABLE,PENDIENTE,1,1,,lote,Sí,,
C_10000_a_20000,2,20000,C1,compra_fase,EQ-71,UTILITIES,DUPLICABLE,DUPLICA,1,1,1250,unidad,No,,comparado por capacidad (aves/h); 
C_10000_a_20000,2,20000,C1,compra_fase,EQ-72,UTILITIES,ESCALABLE,AMPLIA,1,1,1250,unidad,No,,comparado por capacidad (aves/h); 
C_10000_a_20000,2,20000,C1,compra_fase,EQ-70,EFLUENTES,ESCALABLE,AMPLIA,1,1,1250,unidad,No,,comparado por capacidad (aves/h); 
C_10000_a_20000,2,20000,C1,compra_fase,EQ-73,UTILITIES,DUPLICABLE,DUPLICA,1,1,1250,unidad,No,,comparado por capacidad (aves/h); 
C_10000_a_20000,2,20000,C1,compra_fase,EQ-74,PROCESO,ESCALABLE,AMPLIA,1,1,1250,unidad,No,,comparado por capacidad (aves/h); 
C_10000_a_20000,2,20000,C1,compra_fase,EQ-75,PROCESO,DUPLICABLE,DUPLICA,1,1,1250,unidad,No,,comparado por capacidad (aves/h); 
C_10000_a_20000,2,20000,C1,compra_fase,EQ-37,FRIO,ESCALABLE,AMPLIA,1,1,1250,unidad,No,,comparado por capacidad (aves/h); 
C_10000_a_20000,2,20000,C1,compra_fase,EQ-64,FRIO,ESCALABLE,AMPLIA,1,1,1250,unidad,No,,comparado por capacidad (aves/h); 
C_10000_a_20000,2,20000,C1,compra_fase,EQ-65,FRIO,DUPLICABLE,DUPLICA,1,1,1250,unidad,No,,comparado por capacidad (aves/h); 
C_10000_a_20000,2,20000,C1,compra_fase,EQ-62,FRIO,ESCALABLE,AMPLIA,1,1,1250,unidad,No,,comparado por capacidad (aves/h); 
C_10000_a_20000,2,20000,C1,compra_fase,EQ-63,FRIO,ESCALABLE,AMPLIA,1,1,1250,unidad,No,,comparado por capacidad (aves/h); 
C_10000_a_20000,2,20000,C1,compra_fase,EQ-57,FRIO,DUPLICABLE,REEMPLAZA,1,1,2500,unidad,No,,cambio de nivel S→A; comparado por capacidad (aves/h); valor residual del activo reemplazado PENDIENTE (modelo financiero)
C_10000_a_20000,2,20000,C1,compra_fase,EQ-58,FRIO,DUPLICABLE,REEMPLAZA,1,1,2500,unidad,No,,cambio de nivel O→A; comparado por capacidad (aves/h); valor residual del activo reemplazado PENDIENTE (modelo financiero)
C_10000_a_20000,2,20000,C1,compra_fase,EQ-59,FRIO,REEMPLAZABLE,NUEVO,,1,1,unidad,No,,
C_10000_a_20000,2,20000,C1,compra_fase,EQ-54,SERVICIOS_GENERALES,DUPLICABLE,DUPLICA,1,1,1250,unidad,No,,comparado por capacidad (aves/h); 
C_10000_a_20000,2,20000,C1,compra_fase,EQ-76,SERVICIOS_GENERALES,ESCALABLE,AMPLIA,1,1,1250,unidad,No,,comparado por capacidad (aves/h); 
C_10000_a_20000,2,20000,C1,compra_fase,EQ-01,PROCESO,REUTILIZABLE,AMPLIA_REUTILIZABLE,1,1,1250,unidad,No,,comparado por capacidad (aves/h); 
C_10000_a_20000,2,20000,C1,compra_fase,EQ-02,PROCESO,ESCALABLE,AMPLIA,1,1,1250,unidad,No,,comparado por capacidad (aves/h); 
C_10000_a_20000,2,20000,C1,compra_fase,EQ-04,PROCESO,REEMPLAZABLE,REEMPLAZA,1,1,2500,unidad,No,,cambio de nivel S→A; comparado por capacidad (aves/h); valor residual del activo reemplazado PENDIENTE (modelo financiero)
C_10000_a_20000,2,20000,C1,compra_fase,EQ-05,PROCESO,REEMPLAZABLE,REEMPLAZA,1,1,2500,unidad,No,,comparado por capacidad (aves/h); valor residual del activo reemplazado PENDIENTE (modelo financiero)
C_10000_a_20000,2,20000,C1,compra_fase,EQ-06,PROCESO,REUTILIZABLE,AMPLIA_REUTILIZABLE,1,1,1250,unidad,No,,comparado por capacidad (aves/h); 
C_10000_a_20000,2,20000,C1,compra_fase,EQ-07,PROCESO,ESCALABLE,AMPLIA,1,1,1250,unidad,No,,comparado por capacidad (aves/h); 
C_10000_a_20000,2,20000,C1,compra_fase,EQ-08,PROCESO,ESCALABLE,AMPLIA,1,1,1250,unidad,No,,comparado por capacidad (aves/h); 
C_10000_a_20000,2,20000,C1,compra_fase,EQ-09,PROCESO,REUTILIZABLE,AMPLIA_REUTILIZABLE,1,1,1250,unidad,No,,comparado por capacidad (aves/h); 
C_10000_a_20000,2,20000,C1,compra_fase,EQ-11,PROCESO,REEMPLAZABLE,REEMPLAZA,1,1,2500,unidad,No,,comparado por capacidad (aves/h); valor residual del activo reemplazado PENDIENTE (modelo financiero)
C_10000_a_20000,2,20000,C1,compra_fase,EQ-12,PROCESO,ESCALABLE,AMPLIA,1,1,1250,unidad,No,,comparado por capacidad (aves/h); 
C_10000_a_20000,2,20000,C1,compra_fase,EQ-13,PROCESO,ESCALABLE,AMPLIA,1,1,1250,unidad,No,,comparado por capacidad (aves/h); 
C_10000_a_20000,2,20000,C1,compra_fase,EQ-15,PROCESO,DUPLICABLE,DUPLICA,1,1,1250,unidad,No,,comparado por capacidad (aves/h); 
C_10000_a_20000,2,20000,C1,compra_fase,EQ-16,PROCESO,ESCALABLE,AMPLIA,1,1,1250,unidad,No,,comparado por capacidad (aves/h); 
C_10000_a_20000,2,20000,C1,compra_fase,EQ-17,PROCESO,REEMPLAZABLE,REEMPLAZA,1,1,2500,unidad,No,,comparado por capacidad (aves/h); valor residual del activo reemplazado PENDIENTE (modelo financiero)
C_10000_a_20000,2,20000,C1,compra_fase,EQ-18,PROCESO,REEMPLAZABLE,REEMPLAZA,1,1,2500,unidad,No,,comparado por capacidad (aves/h); valor residual del activo reemplazado PENDIENTE (modelo financiero)
C_10000_a_20000,2,20000,C1,compra_fase,EQ-19,PROCESO,REEMPLAZABLE,REEMPLAZA,1,1,2500,unidad,No,,cambio de nivel M→A; comparado por capacidad (aves/h); valor residual del activo reemplazado PENDIENTE (modelo financiero)
C_10000_a_20000,2,20000,C1,compra_fase,EQ-20,PROCESO,REUTILIZABLE,AMPLIA_REUTILIZABLE,1,1,1250,unidad,No,,comparado por capacidad (aves/h); 
C_10000_a_20000,2,20000,C1,compra_fase,EQ-21,PROCESO,ESCALABLE,AMPLIA,1,1,1250,unidad,No,,comparado por capacidad (aves/h); 
C_10000_a_20000,2,20000,C1,compra_fase,EQ-22,PROCESO,REEMPLAZABLE,REEMPLAZA,1,1,2500,unidad,No,,comparado por capacidad (aves/h); valor residual del activo reemplazado PENDIENTE (modelo financiero)
C_10000_a_20000,2,20000,C1,compra_fase,EQ-23,PROCESO,REEMPLAZABLE,REEMPLAZA,1,1,2500,unidad,No,,comparado por capacidad (aves/h); valor residual del activo reemplazado PENDIENTE (modelo financiero)
C_10000_a_20000,2,20000,C1,compra_fase,EQ-24,PROCESO,REEMPLAZABLE,REEMPLAZA,1,1,2500,unidad,No,,comparado por capacidad (aves/h); valor residual del activo reemplazado PENDIENTE (modelo financiero)
C_10000_a_20000,2,20000,C1,compra_fase,EQ-25,PROCESO,REEMPLAZABLE,REEMPLAZA,1,1,2500,unidad,No,,comparado por capacidad (aves/h); valor residual del activo reemplazado PENDIENTE (modelo financiero)
C_10000_a_20000,2,20000,C1,compra_fase,EQ-26,PROCESO,DUPLICABLE,DUPLICA,1,1,1250,unidad,No,,comparado por capacidad (aves/h); 
C_10000_a_20000,2,20000,C1,compra_fase,EQ-27,PROCESO,REEMPLAZABLE,REEMPLAZA,1,1,2500,unidad,No,,cambio de nivel S→A; comparado por capacidad (aves/h); valor residual del activo reemplazado PENDIENTE (modelo financiero)
C_10000_a_20000,2,20000,C1,compra_fase,EQ-28,PROCESO,REUTILIZABLE,AMPLIA_REUTILIZABLE,1,1,1250,unidad,No,,comparado por capacidad (aves/h); 
C_10000_a_20000,2,20000,C1,compra_fase,EQ-29,PROCESO,REEMPLAZABLE,REEMPLAZA,1,1,2500,unidad,No,,comparado por capacidad (aves/h); valor residual del activo reemplazado PENDIENTE (modelo financiero)
C_10000_a_20000,2,20000,C1,compra_fase,EQ-30,PROCESO,REEMPLAZABLE,REEMPLAZA,1,1,2500,unidad,No,,comparado por capacidad (aves/h); valor residual del activo reemplazado PENDIENTE (modelo financiero)
C_10000_a_20000,2,20000,C1,compra_fase,EQ-31,PROCESO,REUTILIZABLE,AMPLIA_REUTILIZABLE,1,1,1250,unidad,No,,comparado por capacidad (aves/h); 
C_10000_a_20000,2,20000,C1,compra_fase,EQ-32,PROCESO,ESCALABLE,AMPLIA,1,1,1250,unidad,No,,comparado por capacidad (aves/h); 
C_10000_a_20000,2,20000,C1,compra_fase,EQ-33,PROCESO,DUPLICABLE,DUPLICA,1,1,1250,unidad,No,,comparado por capacidad (aves/h); 
C_10000_a_20000,2,20000,C1,compra_fase,EQ-34,PROCESO,ESCALABLE,AMPLIA,1,1,1250,unidad,No,,comparado por capacidad (aves/h); 
C_10000_a_20000,2,20000,C1,compra_fase,EQ-35,PROCESO,ESCALABLE,AMPLIA,1,1,1250,unidad,No,,comparado por capacidad (aves/h); 
C_10000_a_20000,2,20000,C1,compra_fase,EQ-38,PROCESO,REEMPLAZABLE,REEMPLAZA,1,1,2500,unidad,No,,comparado por capacidad (aves/h); valor residual del activo reemplazado PENDIENTE (modelo financiero)
C_10000_a_20000,2,20000,C1,compra_fase,EQ-39,PROCESO,REEMPLAZABLE,REEMPLAZA,1,1,2500,unidad,No,,comparado por capacidad (aves/h); valor residual del activo reemplazado PENDIENTE (modelo financiero)
C_10000_a_20000,2,20000,C1,compra_fase,EQ-40,PROCESO,DUPLICABLE,DUPLICA,1,1,1250,unidad,No,,comparado por capacidad (aves/h); 
C_10000_a_20000,2,20000,C1,compra_fase,EQ-41,PROCESO,ESCALABLE,REEMPLAZA,1,1,2500,unidad,No,,cambio de nivel S→A; comparado por capacidad (aves/h); valor residual del activo reemplazado PENDIENTE (modelo financiero)
C_10000_a_20000,2,20000,C1,compra_fase,EQ-47,PROCESO,DUPLICABLE,DUPLICA,1,1,1250,unidad,No,,comparado por capacidad (aves/h); 
C_10000_a_20000,2,20000,C1,compra_fase,EQ-49,PROCESO,REEMPLAZABLE,REEMPLAZA,1,1,2500,unidad,No,,cambio de nivel S→A; comparado por capacidad (aves/h); valor residual del activo reemplazado PENDIENTE (modelo financiero)
C_10000_a_20000,2,20000,C1,compra_fase,EQ-50,PROCESO,DUPLICABLE,DUPLICA,1,1,1250,unidad,No,,comparado por capacidad (aves/h); 
C_10000_a_20000,2,20000,C1,compra_fase,EQ-51,PROCESO,DUPLICABLE,DUPLICA,1,1,1250,unidad,No,,comparado por capacidad (aves/h); 
C_10000_a_20000,2,20000,C1,compra_fase,EQ-52,PROCESO,DUPLICABLE,NUEVO,,1,1,unidad,No,,
C_10000_a_20000,2,20000,C1,compra_fase,EQ-53,PROCESO,DUPLICABLE,DUPLICA,1,1,1250,unidad,No,,comparado por capacidad (aves/h); 
C_10000_a_20000,2,20000,C1,compra_fase,EQ-55,PROCESO,DUPLICABLE,DUPLICA,1,1,1250,unidad,No,,comparado por capacidad (aves/h); 
C_10000_a_20000,2,20000,C1,compra_fase,EQ-56,PROCESO,DUPLICABLE,DUPLICA,1,1,1250,unidad,No,,comparado por capacidad (aves/h); 
C_10000_a_20000,2,20000,C1,compra_fase,EQ-66,SUBPRODUCTOS,ESCALABLE,AMPLIA,1,1,1250,unidad,No,,comparado por capacidad (aves/h); 
C_10000_a_20000,2,20000,C1,compra_fase,EQ-67,SUBPRODUCTOS,ESCALABLE,AMPLIA,1,1,1250,unidad,No,,comparado por capacidad (aves/h); 
C_10000_a_20000,2,20000,C1,compra_fase,EQ-68,SUBPRODUCTOS,ESCALABLE,AMPLIA,1,1,1250,unidad,No,,comparado por capacidad (aves/h); 
C_10000_a_20000,2,20000,C1,compra_fase,EQ-69,SUBPRODUCTOS,ESCALABLE,REEMPLAZA,1,1,2500,unidad,No,,cambio de nivel S→A; comparado por capacidad (aves/h); valor residual del activo reemplazado PENDIENTE (modelo financiero)
C_10000_a_20000,2,20000,C1,compra_fase,EQ-14,UTILITIES,DUPLICABLE,DUPLICA,1,1,1250,unidad,No,,comparado por capacidad (aves/h); 
C_10000_a_20000,2,20000,C1,compra_fase,IND-ING,INDIRECTOS,ESPECIFICO_DE_FASE,NUEVO_POR_FASE,1,1,,%,Sí,,
C_10000_a_20000,2,20000,C1,compra_fase,IND-ARQ,INDIRECTOS,ESPECIFICO_DE_FASE,NUEVO_POR_FASE,1,1,,%,Sí,,
C_10000_a_20000,2,20000,C1,compra_fase,IND-PEJ,INDIRECTOS,ESPECIFICO_DE_FASE,NUEVO_POR_FASE,1,1,,%,Sí,,
C_10000_a_20000,2,20000,C1,compra_fase,IND-DO,INDIRECTOS,ESPECIFICO_DE_FASE,NUEVO_POR_FASE,1,1,,%,Sí,,
C_10000_a_20000,2,20000,C1,compra_fase,IND-PM,INDIRECTOS,ESPECIFICO_DE_FASE,NUEVO_POR_FASE,1,1,,%,Sí,,
C_10000_a_20000,2,20000,C1,compra_fase,IND-PER,INDIRECTOS,ESPECIFICO_DE_FASE,NUEVO_POR_FASE,1,1,,%,Sí,,
C_10000_a_20000,2,20000,C1,compra_fase,IND-EST,INDIRECTOS,ESPECIFICO_DE_FASE,NUEVO_POR_FASE,1,1,,%,Sí,,
C_10000_a_20000,2,20000,C1,compra_fase,PRE-COM,PREOPERATIVOS,ESPECIFICO_DE_FASE,NUEVO_POR_FASE,1,1,,%,Sí,,
C_10000_a_20000,2,20000,C1,compra_fase,PRE-PEM,PREOPERATIVOS,ESPECIFICO_DE_FASE,NUEVO_POR_FASE,1,1,,%,Sí,,
C_10000_a_20000,2,20000,C1,compra_fase,PRE-CAP,PREOPERATIVOS,ESPECIFICO_DE_FASE,NUEVO_POR_FASE,1,1,,%,Sí,,
C_10000_a_20000,2,20000,C1,compra_fase,PRE-PRU,PREOPERATIVOS,ESPECIFICO_DE_FASE,NUEVO_POR_FASE,1,1,,%,Sí,,
C_10000_a_20000,2,20000,C1,compra_fase,PRE-REP,PREOPERATIVOS,ESPECIFICO_DE_FASE,NUEVO_POR_FASE,1,1,,%,Sí,,
C_10000_a_20000,2,20000,C1,compra_fase,PRE-HER,PREOPERATIVOS,ESPECIFICO_DE_FASE,NUEVO_POR_FASE,1,1,,%,Sí,,
C_10000_a_20000,2,20000,C1,compra_fase,PRE-LAB,PREOPERATIVOS,ESPECIFICO_DE_FASE,NUEVO_POR_FASE,1,1,,%,Sí,,
C_10000_a_20000,2,20000,C1,compra_fase,PRE-IT,PREOPERATIVOS,ESPECIFICO_DE_FASE,NUEVO_POR_FASE,1,1,,%,Sí,,
C_10000_a_20000,2,20000,C1,compra_fase,CON-DIS,CONTINGENCIA,ESPECIFICO_DE_FASE,NUEVO_POR_FASE,1,1,,%,Sí,,
C_10000_a_20000,2,20000,C1,compra_fase,CON-COS,CONTINGENCIA,ESPECIFICO_DE_FASE,NUEVO_POR_FASE,1,1,,%,Sí,,
C_10000_a_20000,2,20000,C1,compra_fase,CON-ESC,CONTINGENCIA,ESPECIFICO_DE_FASE,NUEVO_POR_FASE,1,1,,%,Sí,,
A_20000_directo,1,20000,C1,compra_fase,RESUMEN_ETAPA,TOTAL,,INICIAL,,,,,,222430.576,"acumulado con precio 222431 USD; conceptos sin costo en la etapa 75, acumulados 75"
B_5000_a_20000,1,5000,C1,compra_fase,RESUMEN_ETAPA,TOTAL,,INICIAL,,,,,,64186.3806,"acumulado con precio 64186 USD; conceptos sin costo en la etapa 75, acumulados 75"
B_5000_a_20000,2,20000,C1,compra_fase,RESUMEN_ETAPA,TOTAL,,EXPANSION,,,,,,158244.1954,"acumulado con precio 222431 USD; conceptos sin costo en la etapa 73, acumulados 148"
B2_5000_10000_20000,1,5000,C1,compra_fase,RESUMEN_ETAPA,TOTAL,,INICIAL,,,,,,64186.3806,"acumulado con precio 64186 USD; conceptos sin costo en la etapa 75, acumulados 75"
B2_5000_10000_20000,2,10000,C1,compra_fase,RESUMEN_ETAPA,TOTAL,,EXPANSION,,,,,,55013.9618,"acumulado con precio 119200 USD; conceptos sin costo en la etapa 73, acumulados 148"
B2_5000_10000_20000,3,20000,C1,compra_fase,RESUMEN_ETAPA,TOTAL,,EXPANSION,,,,,,103230.2337,"acumulado con precio 222431 USD; conceptos sin costo en la etapa 73, acumulados 221"
C_10000_a_20000,1,10000,C1,compra_fase,RESUMEN_ETAPA,TOTAL,,INICIAL,,,,,,119200.3424,"acumulado con precio 119200 USD; conceptos sin costo en la etapa 75, acumulados 75"
C_10000_a_20000,2,20000,C1,compra_fase,RESUMEN_ETAPA,TOTAL,,EXPANSION,,,,,,103230.2337,"acumulado con precio 222431 USD; conceptos sin costo en la etapa 73, acumulados 148"
A_20000_directo,1,20000,C1,compra_reserva,TER-COMPRA,TERRENO,REUTILIZABLE,INICIAL,,33344.9086,33344.9086,m²,Sí,,
A_20000_directo,1,20000,C1,compra_reserva,TER-GASTOS,TERRENO,ESPECIFICO_DE_FASE,INICIAL,,1,1,%,Sí,,
A_20000_directo,1,20000,C1,compra_reserva,TER-PREP,TERRENO,ESCALABLE,INICIAL,,33344.9086,33344.9086,m²,Sí,,
A_20000_directo,1,20000,C1,compra_reserva,TER-ACCESO,TERRENO,REUTILIZABLE,INICIAL,,1,1,lote,Sí,,
A_20000_directo,1,20000,C1,compra_reserva,TER-CONEX,TERRENO,REUTILIZABLE,INICIAL,,1,1,lote,Sí,,
A_20000_directo,1,20000,C1,compra_reserva,OC-RS-OBRA,OBRA_CIVIL,ESCALABLE,INICIAL,,180,180,m²,Sí,,
A_20000_directo,1,20000,C1,compra_reserva,OC-PH-OBRA,OBRA_CIVIL,ESCALABLE,INICIAL,,4646.77,4646.77,m²,Sí,,
A_20000_directo,1,20000,C1,compra_reserva,OC-FR-OBRA,OBRA_CIVIL,ESCALABLE,INICIAL,,465.9761,465.9761,m²,Sí,,
A_20000_directo,1,20000,C1,compra_reserva,OC-DK-OBRA,OBRA_CIVIL,ESCALABLE,INICIAL,,135,135,m²,Sí,,
A_20000_directo,1,20000,C1,compra_reserva,OC-DP-OBRA,OBRA_CIVIL,ESCALABLE,INICIAL,,741.4353,741.4353,m²,Sí,222430.576,
A_20000_directo,1,20000,C1,compra_reserva,OC-ST-OBRA,OBRA_CIVIL,ESCALABLE,INICIAL,,431.6307,431.6307,m²,Sí,,
A_20000_directo,1,20000,C1,compra_reserva,OC-LB-OBRA,OBRA_CIVIL,ESCALABLE,INICIAL,,52.0346,52.0346,m²,Sí,,
A_20000_directo,1,20000,C1,compra_reserva,OC-VC-OBRA,OBRA_CIVIL,ESCALABLE,INICIAL,,507.9375,507.9375,m²,Sí,,
A_20000_directo,1,20000,C1,compra_reserva,OC-OF-OBRA,OBRA_CIVIL,ESCALABLE,INICIAL,,290.4977,290.4977,m²,Sí,,
A_20000_directo,1,20000,C1,compra_reserva,OC-EP-OBRA,OBRA_CIVIL,ESCALABLE,INICIAL,,3855.285,3855.285,m²,Sí,,
A_20000_directo,1,20000,C1,compra_reserva,OC-EL-OBRA,OBRA_CIVIL,ESCALABLE,INICIAL,,2031.25,2031.25,m²,Sí,,
A_20000_directo,1,20000,C1,compra_reserva,OC-LV-OBRA,OBRA_CIVIL,ESCALABLE,INICIAL,,130,130,m²,Sí,,
A_20000_directo,1,20000,C1,compra_reserva,OC-IP-OBRA,OBRA_CIVIL,ESCALABLE,INICIAL,,130,130,m²,Sí,,
A_20000_directo,1,20000,C1,compra_reserva,OC-EF-OBRA,OBRA_CIVIL,ESCALABLE,INICIAL,,592.1933,592.1933,m²,Sí,,
A_20000_directo,1,20000,C1,compra_reserva,OC-CER-OBRA,OBRA_CIVIL,REUTILIZABLE,INICIAL,,745.4854,745.4854,m,Sí,,
A_20000_directo,1,20000,C1,compra_reserva,OC-INF-OBRA,OBRA_CIVIL,ESCALABLE,INICIAL,,33344.9086,33344.9086,m²,Sí,,
A_20000_directo,1,20000,C1,compra_reserva,PQ-L1,PROCESO,MIXTA,INICIAL,,1,1,lote,Sí,,
A_20000_directo,1,20000,C1,compra_reserva,PQ-L2,PROCESO,MIXTA,INICIAL,,1,1,lote,Sí,,
A_20000_directo,1,20000,C1,compra_reserva,PQ-L3,PROCESO,MIXTA,INICIAL,,1,1,lote,Sí,,
A_20000_directo,1,20000,C1,compra_reserva,PQ-L4,PROCESO,MIXTA,INICIAL,,1,1,lote,Sí,,
A_20000_directo,1,20000,C1,compra_reserva,PQ-L5,PROCESO,MIXTA,INICIAL,,1,1,lote,Sí,,
A_20000_directo,1,20000,C1,compra_reserva,PQ-L6,PROCESO,MIXTA,INICIAL,,1,1,lote,Sí,,
A_20000_directo,1,20000,C1,compra_reserva,PQ-L7,PROCESO,MIXTA,INICIAL,,1,1,lote,Sí,,
A_20000_directo,1,20000,C1,compra_reserva,EQ-LIM,PROCESO,ESCALABLE,INICIAL,,1,1,lote,Sí,,
A_20000_directo,1,20000,C1,compra_reserva,SB-L9,SUBPRODUCTOS,ESCALABLE,INICIAL,,1,1,lote,Sí,,
A_20000_directo,1,20000,C1,compra_reserva,FR-PAQ,FRIO,ESCALABLE,INICIAL,,1,1,lote,Sí,,
A_20000_directo,1,20000,C1,compra_reserva,FR-PAN,FRIO,ESCALABLE,INICIAL,,465.9761,465.9761,m²,No,,
A_20000_directo,1,20000,C1,compra_reserva,FR-COMP,FRIO,DUPLICABLE,INICIAL,,,,kWf,No,,
A_20000_directo,1,20000,C1,compra_reserva,FR-COND,FRIO,DUPLICABLE,INICIAL,,,,kWf,No,,
A_20000_directo,1,20000,C1,compra_reserva,FR-EVAP,FRIO,DUPLICABLE,INICIAL,,,,kWf,No,,
A_20000_directo,1,20000,C1,compra_reserva,FR-PIP,FRIO,ESCALABLE,INICIAL,,1,1,lote,No,,
A_20000_directo,1,20000,C1,compra_reserva,FR-REF,FRIO,ESCALABLE,INICIAL,,1,1,lote,No,,
A_20000_directo,1,20000,C1,compra_reserva,FR-CTL,FRIO,ESCALABLE,INICIAL,,1,1,lote,No,,
A_20000_directo,1,20000,C1,compra_reserva,FR-AGH,FRIO,ESCALABLE,INICIAL,,138.3706,138.3706,kWf,No,,
A_20000_directo,1,20000,C1,compra_reserva,FR-DCK,FRIO,DUPLICABLE,INICIAL,,,,unidad,No,,
A_20000_directo,1,20000,C1,compra_reserva,FR-TUN,FRIO,DUPLICABLE,INICIAL,,4.793,4.793,t/día,No,,
A_20000_directo,1,20000,C1,compra_reserva,AG-CAP,UTILITIES,ESCALABLE,INICIAL,,500,500,m³/d,Sí,,
A_20000_directo,1,20000,C1,compra_reserva,AG-ALM,UTILITIES,DUPLICABLE,INICIAL,,500,500,m³,Sí,,
A_20000_directo,1,20000,C1,compra_reserva,AG-TRA,UTILITIES,ESCALABLE,INICIAL,,75,75,m³/h,Sí,,
A_20000_directo,1,20000,C1,compra_reserva,AG-BOM,UTILITIES,DUPLICABLE,INICIAL,,75,75,m³/h,Sí,,
A_20000_directo,1,20000,C1,compra_reserva,AG-DIS,UTILITIES,ESCALABLE,INICIAL,,7451.2818,7451.2818,m²,Sí,,
A_20000_directo,1,20000,C1,compra_reserva,EF-PAQ,EFLUENTES,ESCALABLE,INICIAL,,1,1,lote,Sí,,
A_20000_directo,1,20000,C1,compra_reserva,EF-PRE,EFLUENTES,ESCALABLE,INICIAL,,66,66,m³/h,No,,
A_20000_directo,1,20000,C1,compra_reserva,EF-ECU,EFLUENTES,ESCALABLE,INICIAL,,440,440,m³,No,,
A_20000_directo,1,20000,C1,compra_reserva,EF-DAF,EFLUENTES,ESCALABLE,INICIAL,,66,66,m³/h,No,,
A_20000_directo,1,20000,C1,compra_reserva,EF-BIO,EFLUENTES,ESCALABLE,INICIAL,,2376,2376,kg DQO/d,No,,
A_20000_directo,1,20000,C1,compra_reserva,EF-LOD,EFLUENTES,ESCALABLE,INICIAL,,,,kg MS/d,No,,
A_20000_directo,1,20000,C1,compra_reserva,EF-INF,EFLUENTES,ESCALABLE,INICIAL,,1,1,lote,No,,
A_20000_directo,1,20000,C1,compra_reserva,EL-ACO,UTILITIES,REUTILIZABLE,INICIAL,,1,1,lote,Sí,,
A_20000_directo,1,20000,C1,compra_reserva,EL-TRA,UTILITIES,ESCALABLE,INICIAL,,,,kVA,Sí,,
A_20000_directo,1,20000,C1,compra_reserva,EL-TAB,UTILITIES,ESCALABLE,INICIAL,,1,1,lote,Sí,,
A_20000_directo,1,20000,C1,compra_reserva,EL-DIS,UTILITIES,ESCALABLE,INICIAL,,7451.2818,7451.2818,m²,Sí,,
A_20000_directo,1,20000,C1,compra_reserva,EL-UPS,UTILITIES,DUPLICABLE,INICIAL,,,,kVA,Sí,,
A_20000_directo,1,20000,C1,compra_reserva,EL-GEN,UTILITIES,DUPLICABLE,INICIAL,,,,kVA,Sí,,
A_20000_directo,1,20000,C1,compra_reserva,TE-GEN,UTILITIES,DUPLICABLE,INICIAL,,,,kWt,Sí,,
A_20000_directo,1,20000,C1,compra_reserva,TE-COM,UTILITIES,ESCALABLE,INICIAL,,1,1,lote,Sí,,
A_20000_directo,1,20000,C1,compra_reserva,TE-DIS,UTILITIES,ESCALABLE,INICIAL,,1,1,lote,Sí,,
A_20000_directo,1,20000,C1,compra_reserva,AC-COM,UTILITIES,DUPLICABLE,INICIAL,,,,m³/min,Sí,,
A_20000_directo,1,20000,C1,compra_reserva,IT-HW,SERVICIOS_GENERALES,ESCALABLE,INICIAL,,1,1,lote,Sí,,
A_20000_directo,1,20000,C1,compra_reserva,IT-SW,SERVICIOS_GENERALES,REUTILIZABLE,INICIAL,,1,1,lote,Sí,,
A_20000_directo,1,20000,C1,compra_reserva,IT-SEN,SERVICIOS_GENERALES,ESCALABLE,INICIAL,,1,1,lote,Sí,,
A_20000_directo,1,20000,C1,compra_reserva,IT-RED,SERVICIOS_GENERALES,ESCALABLE,INICIAL,,1,1,lote,Sí,,
A_20000_directo,1,20000,C1,compra_reserva,IT-ETQ,SERVICIOS_GENERALES,DUPLICABLE,INICIAL,,,,unidad,Sí,,
A_20000_directo,1,20000,C1,compra_reserva,LAB-EQ,SERVICIOS_GENERALES,REUTILIZABLE,INICIAL,,1,1,lote,Sí,,
A_20000_directo,1,20000,C1,compra_reserva,SI-DET,SERVICIOS_GENERALES,ESCALABLE,INICIAL,,1,1,lote,Sí,,
A_20000_directo,1,20000,C1,compra_reserva,SI-COM,SERVICIOS_GENERALES,ESCALABLE,INICIAL,,1,1,lote,Sí,,
A_20000_directo,1,20000,C1,compra_reserva,SI-PRO,SERVICIOS_GENERALES,ESCALABLE,INICIAL,,1,1,lote,Sí,,
A_20000_directo,1,20000,C1,compra_reserva,PER-EQ,SERVICIOS_GENERALES,ESCALABLE,INICIAL,,1,1,lote,Sí,,
A_20000_directo,1,20000,C1,compra_reserva,MOB-OF,SERVICIOS_GENERALES,REUTILIZABLE,INICIAL,,1,1,lote,Sí,,
A_20000_directo,1,20000,C1,compra_reserva,EQ-71,UTILITIES,DUPLICABLE,INICIAL,,1,1,unidad,No,,
A_20000_directo,1,20000,C1,compra_reserva,EQ-72,UTILITIES,ESCALABLE,INICIAL,,1,1,unidad,No,,
A_20000_directo,1,20000,C1,compra_reserva,EQ-70,EFLUENTES,ESCALABLE,INICIAL,,1,1,unidad,No,,
A_20000_directo,1,20000,C1,compra_reserva,EQ-73,UTILITIES,DUPLICABLE,INICIAL,,1,1,unidad,No,,
A_20000_directo,1,20000,C1,compra_reserva,EQ-74,PROCESO,ESCALABLE,INICIAL,,1,1,unidad,No,,
A_20000_directo,1,20000,C1,compra_reserva,EQ-75,PROCESO,DUPLICABLE,INICIAL,,1,1,unidad,No,,
A_20000_directo,1,20000,C1,compra_reserva,EQ-37,FRIO,ESCALABLE,INICIAL,,1,1,unidad,No,,
A_20000_directo,1,20000,C1,compra_reserva,EQ-64,FRIO,ESCALABLE,INICIAL,,1,1,unidad,No,,
A_20000_directo,1,20000,C1,compra_reserva,EQ-65,FRIO,DUPLICABLE,INICIAL,,1,1,unidad,No,,
A_20000_directo,1,20000,C1,compra_reserva,EQ-62,FRIO,ESCALABLE,INICIAL,,1,1,unidad,No,,
A_20000_directo,1,20000,C1,compra_reserva,EQ-63,FRIO,ESCALABLE,INICIAL,,1,1,unidad,No,,
A_20000_directo,1,20000,C1,compra_reserva,EQ-57,FRIO,DUPLICABLE,INICIAL,,1,1,unidad,No,,
A_20000_directo,1,20000,C1,compra_reserva,EQ-58,FRIO,DUPLICABLE,INICIAL,,1,1,unidad,No,,
A_20000_directo,1,20000,C1,compra_reserva,EQ-59,FRIO,REEMPLAZABLE,INICIAL,,1,1,unidad,No,,
A_20000_directo,1,20000,C1,compra_reserva,EQ-54,SERVICIOS_GENERALES,DUPLICABLE,INICIAL,,1,1,unidad,No,,
A_20000_directo,1,20000,C1,compra_reserva,EQ-76,SERVICIOS_GENERALES,ESCALABLE,INICIAL,,1,1,unidad,No,,
A_20000_directo,1,20000,C1,compra_reserva,EQ-01,PROCESO,REUTILIZABLE,INICIAL,,1,1,unidad,No,,
A_20000_directo,1,20000,C1,compra_reserva,EQ-02,PROCESO,ESCALABLE,INICIAL,,1,1,unidad,No,,
A_20000_directo,1,20000,C1,compra_reserva,EQ-04,PROCESO,REEMPLAZABLE,INICIAL,,1,1,unidad,No,,
A_20000_directo,1,20000,C1,compra_reserva,EQ-05,PROCESO,REEMPLAZABLE,INICIAL,,1,1,unidad,No,,
A_20000_directo,1,20000,C1,compra_reserva,EQ-06,PROCESO,REUTILIZABLE,INICIAL,,1,1,unidad,No,,
A_20000_directo,1,20000,C1,compra_reserva,EQ-07,PROCESO,ESCALABLE,INICIAL,,1,1,unidad,No,,
A_20000_directo,1,20000,C1,compra_reserva,EQ-08,PROCESO,ESCALABLE,INICIAL,,1,1,unidad,No,,
A_20000_directo,1,20000,C1,compra_reserva,EQ-09,PROCESO,REUTILIZABLE,INICIAL,,1,1,unidad,No,,
A_20000_directo,1,20000,C1,compra_reserva,EQ-11,PROCESO,REEMPLAZABLE,INICIAL,,1,1,unidad,No,,
A_20000_directo,1,20000,C1,compra_reserva,EQ-12,PROCESO,ESCALABLE,INICIAL,,1,1,unidad,No,,
A_20000_directo,1,20000,C1,compra_reserva,EQ-13,PROCESO,ESCALABLE,INICIAL,,1,1,unidad,No,,
A_20000_directo,1,20000,C1,compra_reserva,EQ-15,PROCESO,DUPLICABLE,INICIAL,,1,1,unidad,No,,
A_20000_directo,1,20000,C1,compra_reserva,EQ-16,PROCESO,ESCALABLE,INICIAL,,1,1,unidad,No,,
A_20000_directo,1,20000,C1,compra_reserva,EQ-17,PROCESO,REEMPLAZABLE,INICIAL,,1,1,unidad,No,,
A_20000_directo,1,20000,C1,compra_reserva,EQ-18,PROCESO,REEMPLAZABLE,INICIAL,,1,1,unidad,No,,
A_20000_directo,1,20000,C1,compra_reserva,EQ-19,PROCESO,REEMPLAZABLE,INICIAL,,1,1,unidad,No,,
A_20000_directo,1,20000,C1,compra_reserva,EQ-20,PROCESO,REUTILIZABLE,INICIAL,,1,1,unidad,No,,
A_20000_directo,1,20000,C1,compra_reserva,EQ-21,PROCESO,ESCALABLE,INICIAL,,1,1,unidad,No,,
A_20000_directo,1,20000,C1,compra_reserva,EQ-22,PROCESO,REEMPLAZABLE,INICIAL,,1,1,unidad,No,,
A_20000_directo,1,20000,C1,compra_reserva,EQ-23,PROCESO,REEMPLAZABLE,INICIAL,,1,1,unidad,No,,
A_20000_directo,1,20000,C1,compra_reserva,EQ-24,PROCESO,REEMPLAZABLE,INICIAL,,1,1,unidad,No,,
A_20000_directo,1,20000,C1,compra_reserva,EQ-25,PROCESO,REEMPLAZABLE,INICIAL,,1,1,unidad,No,,
A_20000_directo,1,20000,C1,compra_reserva,EQ-26,PROCESO,DUPLICABLE,INICIAL,,1,1,unidad,No,,
A_20000_directo,1,20000,C1,compra_reserva,EQ-27,PROCESO,REEMPLAZABLE,INICIAL,,1,1,unidad,No,,
A_20000_directo,1,20000,C1,compra_reserva,EQ-28,PROCESO,REUTILIZABLE,INICIAL,,1,1,unidad,No,,
A_20000_directo,1,20000,C1,compra_reserva,EQ-29,PROCESO,REEMPLAZABLE,INICIAL,,1,1,unidad,No,,
A_20000_directo,1,20000,C1,compra_reserva,EQ-30,PROCESO,REEMPLAZABLE,INICIAL,,1,1,unidad,No,,
A_20000_directo,1,20000,C1,compra_reserva,EQ-31,PROCESO,REUTILIZABLE,INICIAL,,1,1,unidad,No,,
A_20000_directo,1,20000,C1,compra_reserva,EQ-32,PROCESO,ESCALABLE,INICIAL,,1,1,unidad,No,,
A_20000_directo,1,20000,C1,compra_reserva,EQ-33,PROCESO,DUPLICABLE,INICIAL,,1,1,unidad,No,,
A_20000_directo,1,20000,C1,compra_reserva,EQ-34,PROCESO,ESCALABLE,INICIAL,,1,1,unidad,No,,
A_20000_directo,1,20000,C1,compra_reserva,EQ-35,PROCESO,ESCALABLE,INICIAL,,1,1,unidad,No,,
A_20000_directo,1,20000,C1,compra_reserva,EQ-38,PROCESO,REEMPLAZABLE,INICIAL,,1,1,unidad,No,,
A_20000_directo,1,20000,C1,compra_reserva,EQ-39,PROCESO,REEMPLAZABLE,INICIAL,,1,1,unidad,No,,
A_20000_directo,1,20000,C1,compra_reserva,EQ-40,PROCESO,DUPLICABLE,INICIAL,,1,1,unidad,No,,
A_20000_directo,1,20000,C1,compra_reserva,EQ-41,PROCESO,ESCALABLE,INICIAL,,1,1,unidad,No,,
A_20000_directo,1,20000,C1,compra_reserva,EQ-47,PROCESO,DUPLICABLE,INICIAL,,1,1,unidad,No,,
A_20000_directo,1,20000,C1,compra_reserva,EQ-49,PROCESO,REEMPLAZABLE,INICIAL,,1,1,unidad,No,,
A_20000_directo,1,20000,C1,compra_reserva,EQ-50,PROCESO,DUPLICABLE,INICIAL,,1,1,unidad,No,,
A_20000_directo,1,20000,C1,compra_reserva,EQ-51,PROCESO,DUPLICABLE,INICIAL,,1,1,unidad,No,,
A_20000_directo,1,20000,C1,compra_reserva,EQ-52,PROCESO,DUPLICABLE,INICIAL,,1,1,unidad,No,,
A_20000_directo,1,20000,C1,compra_reserva,EQ-53,PROCESO,DUPLICABLE,INICIAL,,1,1,unidad,No,,
A_20000_directo,1,20000,C1,compra_reserva,EQ-55,PROCESO,DUPLICABLE,INICIAL,,1,1,unidad,No,,
A_20000_directo,1,20000,C1,compra_reserva,EQ-56,PROCESO,DUPLICABLE,INICIAL,,1,1,unidad,No,,
A_20000_directo,1,20000,C1,compra_reserva,EQ-66,SUBPRODUCTOS,ESCALABLE,INICIAL,,1,1,unidad,No,,
A_20000_directo,1,20000,C1,compra_reserva,EQ-67,SUBPRODUCTOS,ESCALABLE,INICIAL,,1,1,unidad,No,,
A_20000_directo,1,20000,C1,compra_reserva,EQ-68,SUBPRODUCTOS,ESCALABLE,INICIAL,,1,1,unidad,No,,
A_20000_directo,1,20000,C1,compra_reserva,EQ-69,SUBPRODUCTOS,ESCALABLE,INICIAL,,1,1,unidad,No,,
A_20000_directo,1,20000,C1,compra_reserva,EQ-14,UTILITIES,DUPLICABLE,INICIAL,,1,1,unidad,No,,
A_20000_directo,1,20000,C1,compra_reserva,IND-ING,INDIRECTOS,ESPECIFICO_DE_FASE,INICIAL,,1,1,%,Sí,,
A_20000_directo,1,20000,C1,compra_reserva,IND-ARQ,INDIRECTOS,ESPECIFICO_DE_FASE,INICIAL,,1,1,%,Sí,,
A_20000_directo,1,20000,C1,compra_reserva,IND-PEJ,INDIRECTOS,ESPECIFICO_DE_FASE,INICIAL,,1,1,%,Sí,,
A_20000_directo,1,20000,C1,compra_reserva,IND-DO,INDIRECTOS,ESPECIFICO_DE_FASE,INICIAL,,1,1,%,Sí,,
A_20000_directo,1,20000,C1,compra_reserva,IND-PM,INDIRECTOS,ESPECIFICO_DE_FASE,INICIAL,,1,1,%,Sí,,
A_20000_directo,1,20000,C1,compra_reserva,IND-PER,INDIRECTOS,ESPECIFICO_DE_FASE,INICIAL,,1,1,%,Sí,,
A_20000_directo,1,20000,C1,compra_reserva,IND-EST,INDIRECTOS,ESPECIFICO_DE_FASE,INICIAL,,1,1,%,Sí,,
A_20000_directo,1,20000,C1,compra_reserva,PRE-COM,PREOPERATIVOS,ESPECIFICO_DE_FASE,INICIAL,,1,1,%,Sí,,
A_20000_directo,1,20000,C1,compra_reserva,PRE-PEM,PREOPERATIVOS,ESPECIFICO_DE_FASE,INICIAL,,1,1,%,Sí,,
A_20000_directo,1,20000,C1,compra_reserva,PRE-CAP,PREOPERATIVOS,ESPECIFICO_DE_FASE,INICIAL,,1,1,%,Sí,,
A_20000_directo,1,20000,C1,compra_reserva,PRE-PRU,PREOPERATIVOS,ESPECIFICO_DE_FASE,INICIAL,,1,1,%,Sí,,
A_20000_directo,1,20000,C1,compra_reserva,PRE-REP,PREOPERATIVOS,ESPECIFICO_DE_FASE,INICIAL,,1,1,%,Sí,,
A_20000_directo,1,20000,C1,compra_reserva,PRE-HER,PREOPERATIVOS,ESPECIFICO_DE_FASE,INICIAL,,1,1,%,Sí,,
A_20000_directo,1,20000,C1,compra_reserva,PRE-LAB,PREOPERATIVOS,ESPECIFICO_DE_FASE,INICIAL,,1,1,%,Sí,,
A_20000_directo,1,20000,C1,compra_reserva,PRE-IT,PREOPERATIVOS,ESPECIFICO_DE_FASE,INICIAL,,1,1,%,Sí,,
A_20000_directo,1,20000,C1,compra_reserva,CON-DIS,CONTINGENCIA,ESPECIFICO_DE_FASE,INICIAL,,1,1,%,Sí,,
A_20000_directo,1,20000,C1,compra_reserva,CON-COS,CONTINGENCIA,ESPECIFICO_DE_FASE,INICIAL,,1,1,%,Sí,,
A_20000_directo,1,20000,C1,compra_reserva,CON-ESC,CONTINGENCIA,ESPECIFICO_DE_FASE,INICIAL,,1,1,%,Sí,,
B_5000_a_20000,1,5000,C1,compra_reserva,TER-COMPRA,TERRENO,REUTILIZABLE,INICIAL,,33344.9086,33344.9086,m²,Sí,,
B_5000_a_20000,1,5000,C1,compra_reserva,TER-GASTOS,TERRENO,ESPECIFICO_DE_FASE,INICIAL,,1,1,%,Sí,,
B_5000_a_20000,1,5000,C1,compra_reserva,TER-PREP,TERRENO,ESCALABLE,INICIAL,,33344.9086,33344.9086,m²,Sí,,
B_5000_a_20000,1,5000,C1,compra_reserva,TER-ACCESO,TERRENO,REUTILIZABLE,INICIAL,,1,1,lote,Sí,,
B_5000_a_20000,1,5000,C1,compra_reserva,TER-CONEX,TERRENO,REUTILIZABLE,INICIAL,,1,1,lote,Sí,,
B_5000_a_20000,1,5000,C1,compra_reserva,OC-RS-OBRA,OBRA_CIVIL,ESCALABLE,INICIAL,,180,180,m²,Sí,,
B_5000_a_20000,1,5000,C1,compra_reserva,OC-PH-OBRA,OBRA_CIVIL,ESCALABLE,INICIAL,,1476.6064,1476.6064,m²,Sí,,
B_5000_a_20000,1,5000,C1,compra_reserva,OC-FR-OBRA,OBRA_CIVIL,ESCALABLE,INICIAL,,137.1082,137.1082,m²,Sí,,
B_5000_a_20000,1,5000,C1,compra_reserva,OC-DK-OBRA,OBRA_CIVIL,ESCALABLE,INICIAL,,45,45,m²,Sí,,
B_5000_a_20000,1,5000,C1,compra_reserva,OC-DP-OBRA,OBRA_CIVIL,ESCALABLE,INICIAL,,213.9546,213.9546,m²,Sí,64186.3806,
B_5000_a_20000,1,5000,C1,compra_reserva,OC-ST-OBRA,OBRA_CIVIL,ESCALABLE,INICIAL,,181.6169,181.6169,m²,Sí,,
B_5000_a_20000,1,5000,C1,compra_reserva,OC-LB-OBRA,OBRA_CIVIL,ESCALABLE,INICIAL,,17.165,17.165,m²,Sí,,
B_5000_a_20000,1,5000,C1,compra_reserva,OC-VC-OBRA,OBRA_CIVIL,ESCALABLE,INICIAL,,153.5625,153.5625,m²,Sí,,
B_5000_a_20000,1,5000,C1,compra_reserva,OC-OF-OBRA,OBRA_CIVIL,ESCALABLE,INICIAL,,192.1469,192.1469,m²,Sí,,
B_5000_a_20000,1,5000,C1,compra_reserva,OC-EP-OBRA,OBRA_CIVIL,ESCALABLE,INICIAL,,1683.3403,1683.3403,m²,Sí,,
B_5000_a_20000,1,5000,C1,compra_reserva,OC-EL-OBRA,OBRA_CIVIL,ESCALABLE,INICIAL,,718.75,718.75,m²,Sí,,
B_5000_a_20000,1,5000,C1,compra_reserva,OC-LV-OBRA,OBRA_CIVIL,ESCALABLE,INICIAL,,130,130,m²,Sí,,
B_5000_a_20000,1,5000,C1,compra_reserva,OC-IP-OBRA,OBRA_CIVIL,ESCALABLE,INICIAL,,32.5,32.5,m²,Sí,,
B_5000_a_20000,1,5000,C1,compra_reserva,OC-EF-OBRA,OBRA_CIVIL,ESCALABLE,INICIAL,,253.9008,253.9008,m²,Sí,,
B_5000_a_20000,1,5000,C1,compra_reserva,OC-CER-OBRA,OBRA_CIVIL,REUTILIZABLE,INICIAL,,745.4854,745.4854,m,Sí,,
B_5000_a_20000,1,5000,C1,compra_reserva,OC-INF-OBRA,OBRA_CIVIL,ESCALABLE,INICIAL,,33344.9086,33344.9086,m²,Sí,,
B_5000_a_20000,1,5000,C1,compra_reserva,PQ-L1,PROCESO,MIXTA,INICIAL,,1,1,lote,Sí,,
B_5000_a_20000,1,5000,C1,compra_reserva,PQ-L2,PROCESO,MIXTA,INICIAL,,1,1,lote,Sí,,
B_5000_a_20000,1,5000,C1,compra_reserva,PQ-L3,PROCESO,MIXTA,INICIAL,,1,1,lote,Sí,,
B_5000_a_20000,1,5000,C1,compra_reserva,PQ-L4,PROCESO,MIXTA,INICIAL,,1,1,lote,Sí,,
B_5000_a_20000,1,5000,C1,compra_reserva,PQ-L5,PROCESO,MIXTA,INICIAL,,1,1,lote,Sí,,
B_5000_a_20000,1,5000,C1,compra_reserva,PQ-L6,PROCESO,MIXTA,INICIAL,,1,1,lote,Sí,,
B_5000_a_20000,1,5000,C1,compra_reserva,PQ-L7,PROCESO,MIXTA,INICIAL,,1,1,lote,Sí,,
B_5000_a_20000,1,5000,C1,compra_reserva,EQ-LIM,PROCESO,ESCALABLE,INICIAL,,1,1,lote,Sí,,
B_5000_a_20000,1,5000,C1,compra_reserva,SB-L9,SUBPRODUCTOS,ESCALABLE,INICIAL,,1,1,lote,Sí,,
B_5000_a_20000,1,5000,C1,compra_reserva,FR-PAQ,FRIO,ESCALABLE,INICIAL,,1,1,lote,Sí,,
B_5000_a_20000,1,5000,C1,compra_reserva,FR-PAN,FRIO,ESCALABLE,INICIAL,,137.1082,137.1082,m²,No,,
B_5000_a_20000,1,5000,C1,compra_reserva,FR-COMP,FRIO,DUPLICABLE,INICIAL,,,,kWf,No,,
B_5000_a_20000,1,5000,C1,compra_reserva,FR-COND,FRIO,DUPLICABLE,INICIAL,,,,kWf,No,,
B_5000_a_20000,1,5000,C1,compra_reserva,FR-EVAP,FRIO,DUPLICABLE,INICIAL,,,,kWf,No,,
B_5000_a_20000,1,5000,C1,compra_reserva,FR-PIP,FRIO,ESCALABLE,INICIAL,,1,1,lote,No,,
B_5000_a_20000,1,5000,C1,compra_reserva,FR-REF,FRIO,ESCALABLE,INICIAL,,1,1,lote,No,,
B_5000_a_20000,1,5000,C1,compra_reserva,FR-CTL,FRIO,ESCALABLE,INICIAL,,1,1,lote,No,,
B_5000_a_20000,1,5000,C1,compra_reserva,FR-AGH,FRIO,ESCALABLE,INICIAL,,34.5926,34.5926,kWf,No,,
B_5000_a_20000,1,5000,C1,compra_reserva,FR-DCK,FRIO,DUPLICABLE,INICIAL,,,,unidad,No,,
B_5000_a_20000,1,5000,C1,compra_reserva,FR-TUN,FRIO,DUPLICABLE,INICIAL,,1.1982,1.1982,t/día,No,,
B_5000_a_20000,1,5000,C1,compra_reserva,AG-CAP,UTILITIES,ESCALABLE,INICIAL,,125,125,m³/d,Sí,,
B_5000_a_20000,1,5000,C1,compra_reserva,AG-ALM,UTILITIES,DUPLICABLE,INICIAL,,125,125,m³,Sí,,
B_5000_a_20000,1,5000,C1,compra_reserva,AG-TRA,UTILITIES,ESCALABLE,INICIAL,,18.75,18.75,m³/h,Sí,,
B_5000_a_20000,1,5000,C1,compra_reserva,AG-BOM,UTILITIES,DUPLICABLE,INICIAL,,18.75,18.75,m³/h,Sí,,
B_5000_a_20000,1,5000,C1,compra_reserva,AG-DIS,UTILITIES,ESCALABLE,INICIAL,,2597.1604,2597.1604,m²,Sí,,
B_5000_a_20000,1,5000,C1,compra_reserva,EF-PAQ,EFLUENTES,ESCALABLE,INICIAL,,1,1,lote,Sí,,
B_5000_a_20000,1,5000,C1,compra_reserva,EF-PRE,EFLUENTES,ESCALABLE,INICIAL,,16.5,16.5,m³/h,No,,
B_5000_a_20000,1,5000,C1,compra_reserva,EF-ECU,EFLUENTES,ESCALABLE,INICIAL,,110,110,m³,No,,
B_5000_a_20000,1,5000,C1,compra_reserva,EF-DAF,EFLUENTES,ESCALABLE,INICIAL,,16.5,16.5,m³/h,No,,
B_5000_a_20000,1,5000,C1,compra_reserva,EF-BIO,EFLUENTES,ESCALABLE,INICIAL,,594,594,kg DQO/d,No,,
B_5000_a_20000,1,5000,C1,compra_reserva,EF-LOD,EFLUENTES,ESCALABLE,INICIAL,,,,kg MS/d,No,,
B_5000_a_20000,1,5000,C1,compra_reserva,EF-INF,EFLUENTES,ESCALABLE,INICIAL,,1,1,lote,No,,
B_5000_a_20000,1,5000,C1,compra_reserva,EL-ACO,UTILITIES,REUTILIZABLE,INICIAL,,1,1,lote,Sí,,
B_5000_a_20000,1,5000,C1,compra_reserva,EL-TRA,UTILITIES,ESCALABLE,INICIAL,,,,kVA,Sí,,
B_5000_a_20000,1,5000,C1,compra_reserva,EL-TAB,UTILITIES,ESCALABLE,INICIAL,,1,1,lote,Sí,,
B_5000_a_20000,1,5000,C1,compra_reserva,EL-DIS,UTILITIES,ESCALABLE,INICIAL,,2597.1604,2597.1604,m²,Sí,,
B_5000_a_20000,1,5000,C1,compra_reserva,EL-UPS,UTILITIES,DUPLICABLE,INICIAL,,,,kVA,Sí,,
B_5000_a_20000,1,5000,C1,compra_reserva,EL-GEN,UTILITIES,DUPLICABLE,INICIAL,,,,kVA,Sí,,
B_5000_a_20000,1,5000,C1,compra_reserva,TE-GEN,UTILITIES,DUPLICABLE,INICIAL,,,,kWt,Sí,,
B_5000_a_20000,1,5000,C1,compra_reserva,TE-COM,UTILITIES,ESCALABLE,INICIAL,,1,1,lote,Sí,,
B_5000_a_20000,1,5000,C1,compra_reserva,TE-DIS,UTILITIES,ESCALABLE,INICIAL,,1,1,lote,Sí,,
B_5000_a_20000,1,5000,C1,compra_reserva,AC-COM,UTILITIES,DUPLICABLE,INICIAL,,,,m³/min,Sí,,
B_5000_a_20000,1,5000,C1,compra_reserva,IT-HW,SERVICIOS_GENERALES,ESCALABLE,INICIAL,,1,1,lote,Sí,,
B_5000_a_20000,1,5000,C1,compra_reserva,IT-SW,SERVICIOS_GENERALES,REUTILIZABLE,INICIAL,,1,1,lote,Sí,,
B_5000_a_20000,1,5000,C1,compra_reserva,IT-SEN,SERVICIOS_GENERALES,ESCALABLE,INICIAL,,1,1,lote,Sí,,
B_5000_a_20000,1,5000,C1,compra_reserva,IT-RED,SERVICIOS_GENERALES,ESCALABLE,INICIAL,,1,1,lote,Sí,,
B_5000_a_20000,1,5000,C1,compra_reserva,IT-ETQ,SERVICIOS_GENERALES,DUPLICABLE,INICIAL,,,,unidad,Sí,,
B_5000_a_20000,1,5000,C1,compra_reserva,LAB-EQ,SERVICIOS_GENERALES,REUTILIZABLE,INICIAL,,1,1,lote,Sí,,
B_5000_a_20000,1,5000,C1,compra_reserva,SI-DET,SERVICIOS_GENERALES,ESCALABLE,INICIAL,,1,1,lote,Sí,,
B_5000_a_20000,1,5000,C1,compra_reserva,SI-COM,SERVICIOS_GENERALES,ESCALABLE,INICIAL,,1,1,lote,Sí,,
B_5000_a_20000,1,5000,C1,compra_reserva,SI-PRO,SERVICIOS_GENERALES,ESCALABLE,INICIAL,,1,1,lote,Sí,,
B_5000_a_20000,1,5000,C1,compra_reserva,PER-EQ,SERVICIOS_GENERALES,ESCALABLE,INICIAL,,1,1,lote,Sí,,
B_5000_a_20000,1,5000,C1,compra_reserva,MOB-OF,SERVICIOS_GENERALES,REUTILIZABLE,INICIAL,,1,1,lote,Sí,,
B_5000_a_20000,1,5000,C1,compra_reserva,EQ-71,UTILITIES,DUPLICABLE,INICIAL,,1,1,unidad,No,,
B_5000_a_20000,1,5000,C1,compra_reserva,EQ-72,UTILITIES,ESCALABLE,INICIAL,,1,1,unidad,No,,
B_5000_a_20000,1,5000,C1,compra_reserva,EQ-70,EFLUENTES,ESCALABLE,INICIAL,,1,1,unidad,No,,
B_5000_a_20000,1,5000,C1,compra_reserva,EQ-73,UTILITIES,DUPLICABLE,INICIAL,,1,1,unidad,No,,
B_5000_a_20000,1,5000,C1,compra_reserva,EQ-74,PROCESO,ESCALABLE,INICIAL,,1,1,unidad,No,,
B_5000_a_20000,1,5000,C1,compra_reserva,EQ-75,PROCESO,DUPLICABLE,INICIAL,,1,1,unidad,No,,
B_5000_a_20000,1,5000,C1,compra_reserva,EQ-37,FRIO,ESCALABLE,INICIAL,,1,1,unidad,No,,
B_5000_a_20000,1,5000,C1,compra_reserva,EQ-64,FRIO,ESCALABLE,INICIAL,,1,1,unidad,No,,
B_5000_a_20000,1,5000,C1,compra_reserva,EQ-65,FRIO,DUPLICABLE,INICIAL,,1,1,unidad,No,,
B_5000_a_20000,1,5000,C1,compra_reserva,EQ-62,FRIO,ESCALABLE,INICIAL,,1,1,unidad,No,,
B_5000_a_20000,1,5000,C1,compra_reserva,EQ-63,FRIO,ESCALABLE,INICIAL,,1,1,unidad,No,,
B_5000_a_20000,1,5000,C1,compra_reserva,EQ-57,FRIO,DUPLICABLE,INICIAL,,1,1,unidad,No,,
B_5000_a_20000,1,5000,C1,compra_reserva,EQ-58,FRIO,DUPLICABLE,INICIAL,,1,1,unidad,No,,
B_5000_a_20000,1,5000,C1,compra_reserva,EQ-54,SERVICIOS_GENERALES,DUPLICABLE,INICIAL,,1,1,unidad,No,,
B_5000_a_20000,1,5000,C1,compra_reserva,EQ-76,SERVICIOS_GENERALES,ESCALABLE,INICIAL,,1,1,unidad,No,,
B_5000_a_20000,1,5000,C1,compra_reserva,EQ-01,PROCESO,REUTILIZABLE,INICIAL,,1,1,unidad,No,,
B_5000_a_20000,1,5000,C1,compra_reserva,EQ-02,PROCESO,ESCALABLE,INICIAL,,1,1,unidad,No,,
B_5000_a_20000,1,5000,C1,compra_reserva,EQ-04,PROCESO,REEMPLAZABLE,INICIAL,,1,1,unidad,No,,
B_5000_a_20000,1,5000,C1,compra_reserva,EQ-05,PROCESO,REEMPLAZABLE,INICIAL,,1,1,unidad,No,,
B_5000_a_20000,1,5000,C1,compra_reserva,EQ-06,PROCESO,REUTILIZABLE,INICIAL,,1,1,unidad,No,,
B_5000_a_20000,1,5000,C1,compra_reserva,EQ-07,PROCESO,ESCALABLE,INICIAL,,1,1,unidad,No,,
B_5000_a_20000,1,5000,C1,compra_reserva,EQ-08,PROCESO,ESCALABLE,INICIAL,,1,1,unidad,No,,
B_5000_a_20000,1,5000,C1,compra_reserva,EQ-09,PROCESO,REUTILIZABLE,INICIAL,,1,1,unidad,No,,
B_5000_a_20000,1,5000,C1,compra_reserva,EQ-11,PROCESO,REEMPLAZABLE,INICIAL,,1,1,unidad,No,,
B_5000_a_20000,1,5000,C1,compra_reserva,EQ-12,PROCESO,ESCALABLE,INICIAL,,1,1,unidad,No,,
B_5000_a_20000,1,5000,C1,compra_reserva,EQ-13,PROCESO,ESCALABLE,INICIAL,,1,1,unidad,No,,
B_5000_a_20000,1,5000,C1,compra_reserva,EQ-15,PROCESO,DUPLICABLE,INICIAL,,1,1,unidad,No,,
B_5000_a_20000,1,5000,C1,compra_reserva,EQ-16,PROCESO,ESCALABLE,INICIAL,,1,1,unidad,No,,
B_5000_a_20000,1,5000,C1,compra_reserva,EQ-17,PROCESO,REEMPLAZABLE,INICIAL,,1,1,unidad,No,,
B_5000_a_20000,1,5000,C1,compra_reserva,EQ-18,PROCESO,REEMPLAZABLE,INICIAL,,1,1,unidad,No,,
B_5000_a_20000,1,5000,C1,compra_reserva,EQ-19,PROCESO,REEMPLAZABLE,INICIAL,,1,1,unidad,No,,
B_5000_a_20000,1,5000,C1,compra_reserva,EQ-20,PROCESO,REUTILIZABLE,INICIAL,,1,1,unidad,No,,
B_5000_a_20000,1,5000,C1,compra_reserva,EQ-21,PROCESO,ESCALABLE,INICIAL,,1,1,unidad,No,,
B_5000_a_20000,1,5000,C1,compra_reserva,EQ-22,PROCESO,REEMPLAZABLE,INICIAL,,1,1,unidad,No,,
B_5000_a_20000,1,5000,C1,compra_reserva,EQ-23,PROCESO,REEMPLAZABLE,INICIAL,,1,1,unidad,No,,
B_5000_a_20000,1,5000,C1,compra_reserva,EQ-24,PROCESO,REEMPLAZABLE,INICIAL,,1,1,unidad,No,,
B_5000_a_20000,1,5000,C1,compra_reserva,EQ-25,PROCESO,REEMPLAZABLE,INICIAL,,1,1,unidad,No,,
B_5000_a_20000,1,5000,C1,compra_reserva,EQ-26,PROCESO,DUPLICABLE,INICIAL,,1,1,unidad,No,,
B_5000_a_20000,1,5000,C1,compra_reserva,EQ-27,PROCESO,REEMPLAZABLE,INICIAL,,1,1,unidad,No,,
B_5000_a_20000,1,5000,C1,compra_reserva,EQ-28,PROCESO,REUTILIZABLE,INICIAL,,1,1,unidad,No,,
B_5000_a_20000,1,5000,C1,compra_reserva,EQ-29,PROCESO,REEMPLAZABLE,INICIAL,,1,1,unidad,No,,
B_5000_a_20000,1,5000,C1,compra_reserva,EQ-30,PROCESO,REEMPLAZABLE,INICIAL,,1,1,unidad,No,,
B_5000_a_20000,1,5000,C1,compra_reserva,EQ-31,PROCESO,REUTILIZABLE,INICIAL,,1,1,unidad,No,,
B_5000_a_20000,1,5000,C1,compra_reserva,EQ-32,PROCESO,ESCALABLE,INICIAL,,1,1,unidad,No,,
B_5000_a_20000,1,5000,C1,compra_reserva,EQ-33,PROCESO,DUPLICABLE,INICIAL,,1,1,unidad,No,,
B_5000_a_20000,1,5000,C1,compra_reserva,EQ-34,PROCESO,ESCALABLE,INICIAL,,1,1,unidad,No,,
B_5000_a_20000,1,5000,C1,compra_reserva,EQ-35,PROCESO,ESCALABLE,INICIAL,,1,1,unidad,No,,
B_5000_a_20000,1,5000,C1,compra_reserva,EQ-38,PROCESO,REEMPLAZABLE,INICIAL,,1,1,unidad,No,,
B_5000_a_20000,1,5000,C1,compra_reserva,EQ-39,PROCESO,REEMPLAZABLE,INICIAL,,1,1,unidad,No,,
B_5000_a_20000,1,5000,C1,compra_reserva,EQ-40,PROCESO,DUPLICABLE,INICIAL,,1,1,unidad,No,,
B_5000_a_20000,1,5000,C1,compra_reserva,EQ-47,PROCESO,DUPLICABLE,INICIAL,,1,1,unidad,No,,
B_5000_a_20000,1,5000,C1,compra_reserva,EQ-49,PROCESO,REEMPLAZABLE,INICIAL,,1,1,unidad,No,,
B_5000_a_20000,1,5000,C1,compra_reserva,EQ-50,PROCESO,DUPLICABLE,INICIAL,,1,1,unidad,No,,
B_5000_a_20000,1,5000,C1,compra_reserva,EQ-51,PROCESO,DUPLICABLE,INICIAL,,1,1,unidad,No,,
B_5000_a_20000,1,5000,C1,compra_reserva,EQ-53,PROCESO,DUPLICABLE,INICIAL,,1,1,unidad,No,,
B_5000_a_20000,1,5000,C1,compra_reserva,EQ-55,PROCESO,DUPLICABLE,INICIAL,,1,1,unidad,No,,
B_5000_a_20000,1,5000,C1,compra_reserva,EQ-56,PROCESO,DUPLICABLE,INICIAL,,1,1,unidad,No,,
B_5000_a_20000,1,5000,C1,compra_reserva,EQ-66,SUBPRODUCTOS,ESCALABLE,INICIAL,,1,1,unidad,No,,
B_5000_a_20000,1,5000,C1,compra_reserva,EQ-67,SUBPRODUCTOS,ESCALABLE,INICIAL,,1,1,unidad,No,,
B_5000_a_20000,1,5000,C1,compra_reserva,EQ-68,SUBPRODUCTOS,ESCALABLE,INICIAL,,1,1,unidad,No,,
B_5000_a_20000,1,5000,C1,compra_reserva,EQ-69,SUBPRODUCTOS,ESCALABLE,INICIAL,,1,1,unidad,No,,
B_5000_a_20000,1,5000,C1,compra_reserva,EQ-14,UTILITIES,DUPLICABLE,INICIAL,,1,1,unidad,No,,
B_5000_a_20000,1,5000,C1,compra_reserva,IND-ING,INDIRECTOS,ESPECIFICO_DE_FASE,INICIAL,,1,1,%,Sí,,
B_5000_a_20000,1,5000,C1,compra_reserva,IND-ARQ,INDIRECTOS,ESPECIFICO_DE_FASE,INICIAL,,1,1,%,Sí,,
B_5000_a_20000,1,5000,C1,compra_reserva,IND-PEJ,INDIRECTOS,ESPECIFICO_DE_FASE,INICIAL,,1,1,%,Sí,,
B_5000_a_20000,1,5000,C1,compra_reserva,IND-DO,INDIRECTOS,ESPECIFICO_DE_FASE,INICIAL,,1,1,%,Sí,,
B_5000_a_20000,1,5000,C1,compra_reserva,IND-PM,INDIRECTOS,ESPECIFICO_DE_FASE,INICIAL,,1,1,%,Sí,,
B_5000_a_20000,1,5000,C1,compra_reserva,IND-PER,INDIRECTOS,ESPECIFICO_DE_FASE,INICIAL,,1,1,%,Sí,,
B_5000_a_20000,1,5000,C1,compra_reserva,IND-EST,INDIRECTOS,ESPECIFICO_DE_FASE,INICIAL,,1,1,%,Sí,,
B_5000_a_20000,1,5000,C1,compra_reserva,PRE-COM,PREOPERATIVOS,ESPECIFICO_DE_FASE,INICIAL,,1,1,%,Sí,,
B_5000_a_20000,1,5000,C1,compra_reserva,PRE-PEM,PREOPERATIVOS,ESPECIFICO_DE_FASE,INICIAL,,1,1,%,Sí,,
B_5000_a_20000,1,5000,C1,compra_reserva,PRE-CAP,PREOPERATIVOS,ESPECIFICO_DE_FASE,INICIAL,,1,1,%,Sí,,
B_5000_a_20000,1,5000,C1,compra_reserva,PRE-PRU,PREOPERATIVOS,ESPECIFICO_DE_FASE,INICIAL,,1,1,%,Sí,,
B_5000_a_20000,1,5000,C1,compra_reserva,PRE-REP,PREOPERATIVOS,ESPECIFICO_DE_FASE,INICIAL,,1,1,%,Sí,,
B_5000_a_20000,1,5000,C1,compra_reserva,PRE-HER,PREOPERATIVOS,ESPECIFICO_DE_FASE,INICIAL,,1,1,%,Sí,,
B_5000_a_20000,1,5000,C1,compra_reserva,PRE-LAB,PREOPERATIVOS,ESPECIFICO_DE_FASE,INICIAL,,1,1,%,Sí,,
B_5000_a_20000,1,5000,C1,compra_reserva,PRE-IT,PREOPERATIVOS,ESPECIFICO_DE_FASE,INICIAL,,1,1,%,Sí,,
B_5000_a_20000,1,5000,C1,compra_reserva,CON-DIS,CONTINGENCIA,ESPECIFICO_DE_FASE,INICIAL,,1,1,%,Sí,,
B_5000_a_20000,1,5000,C1,compra_reserva,CON-COS,CONTINGENCIA,ESPECIFICO_DE_FASE,INICIAL,,1,1,%,Sí,,
B_5000_a_20000,1,5000,C1,compra_reserva,CON-ESC,CONTINGENCIA,ESPECIFICO_DE_FASE,INICIAL,,1,1,%,Sí,,
B_5000_a_20000,2,20000,C1,compra_reserva,TER-COMPRA,TERRENO,REUTILIZABLE,REUTILIZA,33344.9086,33344.9086,0,m²,Sí,0,
B_5000_a_20000,2,20000,C1,compra_reserva,TER-GASTOS,TERRENO,ESPECIFICO_DE_FASE,NUEVO_POR_FASE,1,1,,%,Sí,,
B_5000_a_20000,2,20000,C1,compra_reserva,TER-PREP,TERRENO,ESCALABLE,REUTILIZA,33344.9086,33344.9086,0,m²,Sí,0,
B_5000_a_20000,2,20000,C1,compra_reserva,TER-ACCESO,TERRENO,REUTILIZABLE,PENDIENTE,1,1,,lote,Sí,,
B_5000_a_20000,2,20000,C1,compra_reserva,TER-CONEX,TERRENO,REUTILIZABLE,PENDIENTE,1,1,,lote,Sí,,
B_5000_a_20000,2,20000,C1,compra_reserva,OC-RS-OBRA,OBRA_CIVIL,ESCALABLE,REUTILIZA,180,180,0,m²,Sí,0,
B_5000_a_20000,2,20000,C1,compra_reserva,OC-PH-OBRA,OBRA_CIVIL,ESCALABLE,AMPLIA,1476.6064,4646.77,3170.1636,m²,Sí,,
B_5000_a_20000,2,20000,C1,compra_reserva,OC-FR-OBRA,OBRA_CIVIL,ESCALABLE,AMPLIA,137.1082,465.9761,328.8679,m²,Sí,,
B_5000_a_20000,2,20000,C1,compra_reserva,OC-DK-OBRA,OBRA_CIVIL,ESCALABLE,AMPLIA,45,135,90,m²,Sí,,
B_5000_a_20000,2,20000,C1,compra_reserva,OC-DP-OBRA,OBRA_CIVIL,ESCALABLE,AMPLIA,213.9546,741.4353,527.4807,m²,Sí,158244.1954,costo a precio unitario de obra nueva; prima/penalidad de ampliación PENDIENTE (DPV-16-14)
B_5000_a_20000,2,20000,C1,compra_reserva,OC-ST-OBRA,OBRA_CIVIL,ESCALABLE,AMPLIA,181.6169,431.6307,250.0138,m²,Sí,,
B_5000_a_20000,2,20000,C1,compra_reserva,OC-LB-OBRA,OBRA_CIVIL,ESCALABLE,AMPLIA,17.165,52.0346,34.8696,m²,Sí,,
B_5000_a_20000,2,20000,C1,compra_reserva,OC-VC-OBRA,OBRA_CIVIL,ESCALABLE,AMPLIA,153.5625,507.9375,354.375,m²,Sí,,
B_5000_a_20000,2,20000,C1,compra_reserva,OC-OF-OBRA,OBRA_CIVIL,ESCALABLE,AMPLIA,192.1469,290.4977,98.3508,m²,Sí,,
B_5000_a_20000,2,20000,C1,compra_reserva,OC-EP-OBRA,OBRA_CIVIL,ESCALABLE,AMPLIA,1683.3403,3855.285,2171.9448,m²,Sí,,
B_5000_a_20000,2,20000,C1,compra_reserva,OC-EL-OBRA,OBRA_CIVIL,ESCALABLE,AMPLIA,718.75,2031.25,1312.5,m²,Sí,,
B_5000_a_20000,2,20000,C1,compra_reserva,OC-LV-OBRA,OBRA_CIVIL,ESCALABLE,REUTILIZA,130,130,0,m²,Sí,0,
B_5000_a_20000,2,20000,C1,compra_reserva,OC-IP-OBRA,OBRA_CIVIL,ESCALABLE,AMPLIA,32.5,130,97.5,m²,Sí,,
B_5000_a_20000,2,20000,C1,compra_reserva,OC-EF-OBRA,OBRA_CIVIL,ESCALABLE,AMPLIA,253.9008,592.1933,338.2925,m²,Sí,,
B_5000_a_20000,2,20000,C1,compra_reserva,OC-CER-OBRA,OBRA_CIVIL,REUTILIZABLE,REUTILIZA,745.4854,745.4854,0,m,Sí,0,
B_5000_a_20000,2,20000,C1,compra_reserva,OC-INF-OBRA,OBRA_CIVIL,ESCALABLE,REUTILIZA,33344.9086,33344.9086,0,m²,Sí,0,
B_5000_a_20000,2,20000,C1,compra_reserva,PQ-L1,PROCESO,MIXTA,PENDIENTE,1,1,,lote,Sí,,comparado por capacidad (aves/h); 
B_5000_a_20000,2,20000,C1,compra_reserva,PQ-L2,PROCESO,MIXTA,PENDIENTE,1,1,,lote,Sí,,comparado por capacidad (aves/h); 
B_5000_a_20000,2,20000,C1,compra_reserva,PQ-L3,PROCESO,MIXTA,PENDIENTE,1,1,,lote,Sí,,comparado por capacidad (aves/h); 
B_5000_a_20000,2,20000,C1,compra_reserva,PQ-L4,PROCESO,MIXTA,PENDIENTE,1,1,,lote,Sí,,comparado por capacidad (aves/h); 
B_5000_a_20000,2,20000,C1,compra_reserva,PQ-L5,PROCESO,MIXTA,PENDIENTE,1,1,,lote,Sí,,comparado por capacidad (aves/h); 
B_5000_a_20000,2,20000,C1,compra_reserva,PQ-L6,PROCESO,MIXTA,PENDIENTE,1,1,,lote,Sí,,comparado por capacidad (aves/h); 
B_5000_a_20000,2,20000,C1,compra_reserva,PQ-L7,PROCESO,MIXTA,PENDIENTE,1,1,,lote,Sí,,comparado por capacidad (aves/h); 
B_5000_a_20000,2,20000,C1,compra_reserva,EQ-LIM,PROCESO,ESCALABLE,PENDIENTE,1,1,,lote,Sí,,
B_5000_a_20000,2,20000,C1,compra_reserva,SB-L9,SUBPRODUCTOS,ESCALABLE,AMPLIA,1,1,7.92,lote,Sí,,comparado por capacidad (t/d); 
B_5000_a_20000,2,20000,C1,compra_reserva,FR-PAQ,FRIO,ESCALABLE,AMPLIA,1,1,368,lote,Sí,,comparado por capacidad (kWf); 
B_5000_a_20000,2,20000,C1,compra_reserva,FR-PAN,FRIO,ESCALABLE,AMPLIA,137.1082,465.9761,328.8679,m²,No,,
B_5000_a_20000,2,20000,C1,compra_reserva,FR-COMP,FRIO,DUPLICABLE,PENDIENTE,,,,kWf,No,,
B_5000_a_20000,2,20000,C1,compra_reserva,FR-COND,FRIO,DUPLICABLE,PENDIENTE,,,,kWf,No,,
B_5000_a_20000,2,20000,C1,compra_reserva,FR-EVAP,FRIO,DUPLICABLE,PENDIENTE,,,,kWf,No,,
B_5000_a_20000,2,20000,C1,compra_reserva,FR-PIP,FRIO,ESCALABLE,PENDIENTE,1,1,,lote,No,,
B_5000_a_20000,2,20000,C1,compra_reserva,FR-REF,FRIO,ESCALABLE,PENDIENTE,1,1,,lote,No,,
B_5000_a_20000,2,20000,C1,compra_reserva,FR-CTL,FRIO,ESCALABLE,PENDIENTE,1,1,,lote,No,,
B_5000_a_20000,2,20000,C1,compra_reserva,FR-AGH,FRIO,ESCALABLE,AMPLIA,34.5926,138.3706,103.7779,kWf,No,,
B_5000_a_20000,2,20000,C1,compra_reserva,FR-DCK,FRIO,DUPLICABLE,PENDIENTE,,,,unidad,No,,
B_5000_a_20000,2,20000,C1,compra_reserva,FR-TUN,FRIO,DUPLICABLE,DUPLICA,1.1982,4.793,3.5947,t/día,No,,
B_5000_a_20000,2,20000,C1,compra_reserva,AG-CAP,UTILITIES,ESCALABLE,AMPLIA,125,500,375,m³/d,Sí,,
B_5000_a_20000,2,20000,C1,compra_reserva,AG-ALM,UTILITIES,DUPLICABLE,DUPLICA,125,500,375,m³,Sí,,
B_5000_a_20000,2,20000,C1,compra_reserva,AG-TRA,UTILITIES,ESCALABLE,AMPLIA,18.75,75,56.25,m³/h,Sí,,
B_5000_a_20000,2,20000,C1,compra_reserva,AG-BOM,UTILITIES,DUPLICABLE,DUPLICA,18.75,75,56.25,m³/h,Sí,,
B_5000_a_20000,2,20000,C1,compra_reserva,AG-DIS,UTILITIES,ESCALABLE,AMPLIA,2597.1604,7451.2818,4854.1213,m²,Sí,,
B_5000_a_20000,2,20000,C1,compra_reserva,EF-PAQ,EFLUENTES,ESCALABLE,AMPLIA,1,1,330,lote,Sí,,comparado por capacidad (m³/d); 
B_5000_a_20000,2,20000,C1,compra_reserva,EF-PRE,EFLUENTES,ESCALABLE,AMPLIA,16.5,66,49.5,m³/h,No,,
B_5000_a_20000,2,20000,C1,compra_reserva,EF-ECU,EFLUENTES,ESCALABLE,AMPLIA,110,440,330,m³,No,,
B_5000_a_20000,2,20000,C1,compra_reserva,EF-DAF,EFLUENTES,ESCALABLE,AMPLIA,16.5,66,49.5,m³/h,No,,
B_5000_a_20000,2,20000,C1,compra_reserva,EF-BIO,EFLUENTES,ESCALABLE,AMPLIA,594,2376,1782,kg DQO/d,No,,
B_5000_a_20000,2,20000,C1,compra_reserva,EF-LOD,EFLUENTES,ESCALABLE,PENDIENTE,,,,kg MS/d,No,,
B_5000_a_20000,2,20000,C1,compra_reserva,EF-INF,EFLUENTES,ESCALABLE,PENDIENTE,1,1,,lote,No,,
B_5000_a_20000,2,20000,C1,compra_reserva,EL-ACO,UTILITIES,REUTILIZABLE,PENDIENTE,1,1,,lote,Sí,,
B_5000_a_20000,2,20000,C1,compra_reserva,EL-TRA,UTILITIES,ESCALABLE,PENDIENTE,,,,kVA,Sí,,
B_5000_a_20000,2,20000,C1,compra_reserva,EL-TAB,UTILITIES,ESCALABLE,PENDIENTE,1,1,,lote,Sí,,
B_5000_a_20000,2,20000,C1,compra_reserva,EL-DIS,UTILITIES,ESCALABLE,AMPLIA,2597.1604,7451.2818,4854.1213,m²,Sí,,
B_5000_a_20000,2,20000,C1,compra_reserva,EL-UPS,UTILITIES,DUPLICABLE,PENDIENTE,,,,kVA,Sí,,
B_5000_a_20000,2,20000,C1,compra_reserva,EL-GEN,UTILITIES,DUPLICABLE,PENDIENTE,,,,kVA,Sí,,
B_5000_a_20000,2,20000,C1,compra_reserva,TE-GEN,UTILITIES,DUPLICABLE,PENDIENTE,,,,kWt,Sí,,
B_5000_a_20000,2,20000,C1,compra_reserva,TE-COM,UTILITIES,ESCALABLE,PENDIENTE,1,1,,lote,Sí,,
B_5000_a_20000,2,20000,C1,compra_reserva,TE-DIS,UTILITIES,ESCALABLE,PENDIENTE,1,1,,lote,Sí,,
B_5000_a_20000,2,20000,C1,compra_reserva,AC-COM,UTILITIES,DUPLICABLE,PENDIENTE,,,,m³/min,Sí,,
B_5000_a_20000,2,20000,C1,compra_reserva,IT-HW,SERVICIOS_GENERALES,ESCALABLE,PENDIENTE,1,1,,lote,Sí,,
B_5000_a_20000,2,20000,C1,compra_reserva,IT-SW,SERVICIOS_GENERALES,REUTILIZABLE,PENDIENTE,1,1,,lote,Sí,,
B_5000_a_20000,2,20000,C1,compra_reserva,IT-SEN,SERVICIOS_GENERALES,ESCALABLE,PENDIENTE,1,1,,lote,Sí,,
B_5000_a_20000,2,20000,C1,compra_reserva,IT-RED,SERVICIOS_GENERALES,ESCALABLE,PENDIENTE,1,1,,lote,Sí,,
B_5000_a_20000,2,20000,C1,compra_reserva,IT-ETQ,SERVICIOS_GENERALES,DUPLICABLE,PENDIENTE,,,,unidad,Sí,,
B_5000_a_20000,2,20000,C1,compra_reserva,LAB-EQ,SERVICIOS_GENERALES,REUTILIZABLE,PENDIENTE,1,1,,lote,Sí,,
B_5000_a_20000,2,20000,C1,compra_reserva,SI-DET,SERVICIOS_GENERALES,ESCALABLE,PENDIENTE,1,1,,lote,Sí,,
B_5000_a_20000,2,20000,C1,compra_reserva,SI-COM,SERVICIOS_GENERALES,ESCALABLE,PENDIENTE,1,1,,lote,Sí,,
B_5000_a_20000,2,20000,C1,compra_reserva,SI-PRO,SERVICIOS_GENERALES,ESCALABLE,PENDIENTE,1,1,,lote,Sí,,
B_5000_a_20000,2,20000,C1,compra_reserva,PER-EQ,SERVICIOS_GENERALES,ESCALABLE,PENDIENTE,1,1,,lote,Sí,,
B_5000_a_20000,2,20000,C1,compra_reserva,MOB-OF,SERVICIOS_GENERALES,REUTILIZABLE,PENDIENTE,1,1,,lote,Sí,,
B_5000_a_20000,2,20000,C1,compra_reserva,EQ-71,UTILITIES,DUPLICABLE,DUPLICA,1,1,1875,unidad,No,,comparado por capacidad (aves/h); 
B_5000_a_20000,2,20000,C1,compra_reserva,EQ-72,UTILITIES,ESCALABLE,AMPLIA,1,1,1875,unidad,No,,comparado por capacidad (aves/h); 
B_5000_a_20000,2,20000,C1,compra_reserva,EQ-70,EFLUENTES,ESCALABLE,AMPLIA,1,1,1875,unidad,No,,comparado por capacidad (aves/h); 
B_5000_a_20000,2,20000,C1,compra_reserva,EQ-73,UTILITIES,DUPLICABLE,REEMPLAZA,1,1,2500,unidad,No,,cambio de nivel S→A; comparado por capacidad (aves/h); valor residual del activo reemplazado PENDIENTE (modelo financiero)
B_5000_a_20000,2,20000,C1,compra_reserva,EQ-74,PROCESO,ESCALABLE,REEMPLAZA,1,1,2500,unidad,No,,cambio de nivel S→A; comparado por capacidad (aves/h); valor residual del activo reemplazado PENDIENTE (modelo financiero)
B_5000_a_20000,2,20000,C1,compra_reserva,EQ-75,PROCESO,DUPLICABLE,DUPLICA,1,1,1875,unidad,No,,comparado por capacidad (aves/h); 
B_5000_a_20000,2,20000,C1,compra_reserva,EQ-37,FRIO,ESCALABLE,AMPLIA,1,1,1875,unidad,No,,comparado por capacidad (aves/h); 
B_5000_a_20000,2,20000,C1,compra_reserva,EQ-64,FRIO,ESCALABLE,AMPLIA,1,1,1875,unidad,No,,comparado por capacidad (aves/h); 
B_5000_a_20000,2,20000,C1,compra_reserva,EQ-65,FRIO,DUPLICABLE,REEMPLAZA,1,1,2500,unidad,No,,cambio de nivel S→A; comparado por capacidad (aves/h); valor residual del activo reemplazado PENDIENTE (modelo financiero)
B_5000_a_20000,2,20000,C1,compra_reserva,EQ-62,FRIO,ESCALABLE,AMPLIA,1,1,1875,unidad,No,,comparado por capacidad (aves/h); 
B_5000_a_20000,2,20000,C1,compra_reserva,EQ-63,FRIO,ESCALABLE,AMPLIA,1,1,1875,unidad,No,,comparado por capacidad (aves/h); 
B_5000_a_20000,2,20000,C1,compra_reserva,EQ-57,FRIO,DUPLICABLE,REEMPLAZA,1,1,2500,unidad,No,,cambio de nivel S→A; comparado por capacidad (aves/h); valor residual del activo reemplazado PENDIENTE (modelo financiero)
B_5000_a_20000,2,20000,C1,compra_reserva,EQ-58,FRIO,DUPLICABLE,REEMPLAZA,1,1,2500,unidad,No,,cambio de nivel O→A; comparado por capacidad (aves/h); valor residual del activo reemplazado PENDIENTE (modelo financiero)
B_5000_a_20000,2,20000,C1,compra_reserva,EQ-59,FRIO,REEMPLAZABLE,NUEVO,,1,1,unidad,No,,
B_5000_a_20000,2,20000,C1,compra_reserva,EQ-54,SERVICIOS_GENERALES,DUPLICABLE,REEMPLAZA,1,1,2500,unidad,No,,cambio de nivel S→A; comparado por capacidad (aves/h); valor residual del activo reemplazado PENDIENTE (modelo financiero)
B_5000_a_20000,2,20000,C1,compra_reserva,EQ-76,SERVICIOS_GENERALES,ESCALABLE,REEMPLAZA,1,1,2500,unidad,No,,cambio de nivel S→A; comparado por capacidad (aves/h); valor residual del activo reemplazado PENDIENTE (modelo financiero)
B_5000_a_20000,2,20000,C1,compra_reserva,EQ-01,PROCESO,REUTILIZABLE,AMPLIA_REUTILIZABLE,1,1,1875,unidad,No,,comparado por capacidad (aves/h); 
B_5000_a_20000,2,20000,C1,compra_reserva,EQ-02,PROCESO,ESCALABLE,REEMPLAZA,1,1,2500,unidad,No,,cambio de nivel S→A; comparado por capacidad (aves/h); valor residual del activo reemplazado PENDIENTE (modelo financiero)
B_5000_a_20000,2,20000,C1,compra_reserva,EQ-04,PROCESO,REEMPLAZABLE,REEMPLAZA,1,1,2500,unidad,No,,cambio de nivel S→A; comparado por capacidad (aves/h); valor residual del activo reemplazado PENDIENTE (modelo financiero)
B_5000_a_20000,2,20000,C1,compra_reserva,EQ-05,PROCESO,REEMPLAZABLE,REEMPLAZA,1,1,2500,unidad,No,,cambio de nivel S→A; comparado por capacidad (aves/h); valor residual del activo reemplazado PENDIENTE (modelo financiero)
B_5000_a_20000,2,20000,C1,compra_reserva,EQ-06,PROCESO,REUTILIZABLE,REEMPLAZA,1,1,2500,unidad,No,,cambio de nivel M→S; comparado por capacidad (aves/h); valor residual del activo reemplazado PENDIENTE (modelo financiero)
B_5000_a_20000,2,20000,C1,compra_reserva,EQ-07,PROCESO,ESCALABLE,AMPLIA,1,1,1875,unidad,No,,comparado por capacidad (aves/h); 
B_5000_a_20000,2,20000,C1,compra_reserva,EQ-08,PROCESO,ESCALABLE,AMPLIA,1,1,1875,unidad,No,,comparado por capacidad (aves/h); 
B_5000_a_20000,2,20000,C1,compra_reserva,EQ-09,PROCESO,REUTILIZABLE,AMPLIA_REUTILIZABLE,1,1,1875,unidad,No,,comparado por capacidad (aves/h); 
B_5000_a_20000,2,20000,C1,compra_reserva,EQ-11,PROCESO,REEMPLAZABLE,REEMPLAZA,1,1,2500,unidad,No,,cambio de nivel S→A; comparado por capacidad (aves/h); valor residual del activo reemplazado PENDIENTE (modelo financiero)
B_5000_a_20000,2,20000,C1,compra_reserva,EQ-12,PROCESO,ESCALABLE,REEMPLAZA,1,1,2500,unidad,No,,cambio de nivel S→A; comparado por capacidad (aves/h); valor residual del activo reemplazado PENDIENTE (modelo financiero)
B_5000_a_20000,2,20000,C1,compra_reserva,EQ-13,PROCESO,ESCALABLE,AMPLIA,1,1,1875,unidad,No,,comparado por capacidad (aves/h); 
B_5000_a_20000,2,20000,C1,compra_reserva,EQ-15,PROCESO,DUPLICABLE,DUPLICA,1,1,1875,unidad,No,,comparado por capacidad (aves/h); 
B_5000_a_20000,2,20000,C1,compra_reserva,EQ-16,PROCESO,ESCALABLE,AMPLIA,1,1,1875,unidad,No,,comparado por capacidad (aves/h); 
B_5000_a_20000,2,20000,C1,compra_reserva,EQ-17,PROCESO,REEMPLAZABLE,REEMPLAZA,1,1,2500,unidad,No,,cambio de nivel S→A; comparado por capacidad (aves/h); valor residual del activo reemplazado PENDIENTE (modelo financiero)
B_5000_a_20000,2,20000,C1,compra_reserva,EQ-18,PROCESO,REEMPLAZABLE,REEMPLAZA,1,1,2500,unidad,No,,cambio de nivel S→A; comparado por capacidad (aves/h); valor residual del activo reemplazado PENDIENTE (modelo financiero)
B_5000_a_20000,2,20000,C1,compra_reserva,EQ-19,PROCESO,REEMPLAZABLE,REEMPLAZA,1,1,2500,unidad,No,,cambio de nivel M→A; comparado por capacidad (aves/h); valor residual del activo reemplazado PENDIENTE (modelo financiero)
B_5000_a_20000,2,20000,C1,compra_reserva,EQ-20,PROCESO,REUTILIZABLE,REEMPLAZA,1,1,2500,unidad,No,,cambio de nivel S→A; comparado por capacidad (aves/h); valor residual del activo reemplazado PENDIENTE (modelo financiero)
B_5000_a_20000,2,20000,C1,compra_reserva,EQ-21,PROCESO,ESCALABLE,AMPLIA,1,1,1875,unidad,No,,comparado por capacidad (aves/h); 
B_5000_a_20000,2,20000,C1,compra_reserva,EQ-22,PROCESO,REEMPLAZABLE,REEMPLAZA,1,1,2500,unidad,No,,cambio de nivel S→A; comparado por capacidad (aves/h); valor residual del activo reemplazado PENDIENTE (modelo financiero)
B_5000_a_20000,2,20000,C1,compra_reserva,EQ-23,PROCESO,REEMPLAZABLE,REEMPLAZA,1,1,2500,unidad,No,,cambio de nivel S→A; comparado por capacidad (aves/h); valor residual del activo reemplazado PENDIENTE (modelo financiero)
B_5000_a_20000,2,20000,C1,compra_reserva,EQ-24,PROCESO,REEMPLAZABLE,REEMPLAZA,1,1,2500,unidad,No,,comparado por capacidad (aves/h); valor residual del activo reemplazado PENDIENTE (modelo financiero)
B_5000_a_20000,2,20000,C1,compra_reserva,EQ-25,PROCESO,REEMPLAZABLE,REEMPLAZA,1,1,2500,unidad,No,,cambio de nivel S→A; comparado por capacidad (aves/h); valor residual del activo reemplazado PENDIENTE (modelo financiero)
B_5000_a_20000,2,20000,C1,compra_reserva,EQ-26,PROCESO,DUPLICABLE,DUPLICA,1,1,1875,unidad,No,,comparado por capacidad (aves/h); 
B_5000_a_20000,2,20000,C1,compra_reserva,EQ-27,PROCESO,REEMPLAZABLE,REEMPLAZA,1,1,2500,unidad,No,,cambio de nivel M→A; comparado por capacidad (aves/h); valor residual del activo reemplazado PENDIENTE (modelo financiero)
B_5000_a_20000,2,20000,C1,compra_reserva,EQ-28,PROCESO,REUTILIZABLE,REEMPLAZA,1,1,2500,unidad,No,,cambio de nivel S→A; comparado por capacidad (aves/h); valor residual del activo reemplazado PENDIENTE (modelo financiero)
B_5000_a_20000,2,20000,C1,compra_reserva,EQ-29,PROCESO,REEMPLAZABLE,REEMPLAZA,1,1,2500,unidad,No,,cambio de nivel M→A; comparado por capacidad (aves/h); valor residual del activo reemplazado PENDIENTE (modelo financiero)
B_5000_a_20000,2,20000,C1,compra_reserva,EQ-30,PROCESO,REEMPLAZABLE,REEMPLAZA,1,1,2500,unidad,No,,cambio de nivel S→A; comparado por capacidad (aves/h); valor residual del activo reemplazado PENDIENTE (modelo financiero)
B_5000_a_20000,2,20000,C1,compra_reserva,EQ-31,PROCESO,REUTILIZABLE,AMPLIA_REUTILIZABLE,1,1,1875,unidad,No,,comparado por capacidad (aves/h); 
B_5000_a_20000,2,20000,C1,compra_reserva,EQ-32,PROCESO,ESCALABLE,REEMPLAZA,1,1,2500,unidad,No,,cambio de nivel S→A; comparado por capacidad (aves/h); valor residual del activo reemplazado PENDIENTE (modelo financiero)
B_5000_a_20000,2,20000,C1,compra_reserva,EQ-33,PROCESO,DUPLICABLE,REEMPLAZA,1,1,2500,unidad,No,,cambio de nivel S→A; comparado por capacidad (aves/h); valor residual del activo reemplazado PENDIENTE (modelo financiero)
B_5000_a_20000,2,20000,C1,compra_reserva,EQ-34,PROCESO,ESCALABLE,AMPLIA,1,1,1875,unidad,No,,comparado por capacidad (aves/h); 
B_5000_a_20000,2,20000,C1,compra_reserva,EQ-35,PROCESO,ESCALABLE,AMPLIA,1,1,1875,unidad,No,,comparado por capacidad (aves/h); 
B_5000_a_20000,2,20000,C1,compra_reserva,EQ-38,PROCESO,REEMPLAZABLE,REEMPLAZA,1,1,2500,unidad,No,,cambio de nivel S→A; comparado por capacidad (aves/h); valor residual del activo reemplazado PENDIENTE (modelo financiero)
B_5000_a_20000,2,20000,C1,compra_reserva,EQ-39,PROCESO,REEMPLAZABLE,REEMPLAZA,1,1,2500,unidad,No,,cambio de nivel S→A; comparado por capacidad (aves/h); valor residual del activo reemplazado PENDIENTE (modelo financiero)
B_5000_a_20000,2,20000,C1,compra_reserva,EQ-40,PROCESO,DUPLICABLE,DUPLICA,1,1,1875,unidad,No,,comparado por capacidad (aves/h); 
B_5000_a_20000,2,20000,C1,compra_reserva,EQ-41,PROCESO,ESCALABLE,NUEVO,,1,1,unidad,No,,
B_5000_a_20000,2,20000,C1,compra_reserva,EQ-47,PROCESO,DUPLICABLE,REEMPLAZA,1,1,2500,unidad,No,,cambio de nivel O→S; comparado por capacidad (aves/h); valor residual del activo reemplazado PENDIENTE (modelo financiero)
B_5000_a_20000,2,20000,C1,compra_reserva,EQ-49,PROCESO,REEMPLAZABLE,REEMPLAZA,1,1,2500,unidad,No,,cambio de nivel S→A; comparado por capacidad (aves/h); valor residual del activo reemplazado PENDIENTE (modelo financiero)
B_5000_a_20000,2,20000,C1,compra_reserva,EQ-50,PROCESO,DUPLICABLE,REEMPLAZA,1,1,2500,unidad,No,,cambio de nivel S→A; comparado por capacidad (aves/h); valor residual del activo reemplazado PENDIENTE (modelo financiero)
B_5000_a_20000,2,20000,C1,compra_reserva,EQ-51,PROCESO,DUPLICABLE,REEMPLAZA,1,1,2500,unidad,No,,cambio de nivel S→A; comparado por capacidad (aves/h); valor residual del activo reemplazado PENDIENTE (modelo financiero)
B_5000_a_20000,2,20000,C1,compra_reserva,EQ-52,PROCESO,DUPLICABLE,NUEVO,,1,1,unidad,No,,
B_5000_a_20000,2,20000,C1,compra_reserva,EQ-53,PROCESO,DUPLICABLE,DUPLICA,1,1,1875,unidad,No,,comparado por capacidad (aves/h); 
B_5000_a_20000,2,20000,C1,compra_reserva,EQ-55,PROCESO,DUPLICABLE,REEMPLAZA,1,1,2500,unidad,No,,cambio de nivel S→A; comparado por capacidad (aves/h); valor residual del activo reemplazado PENDIENTE (modelo financiero)
B_5000_a_20000,2,20000,C1,compra_reserva,EQ-56,PROCESO,DUPLICABLE,REEMPLAZA,1,1,2500,unidad,No,,cambio de nivel M→S; comparado por capacidad (aves/h); valor residual del activo reemplazado PENDIENTE (modelo financiero)
B_5000_a_20000,2,20000,C1,compra_reserva,EQ-66,SUBPRODUCTOS,ESCALABLE,REEMPLAZA,1,1,2500,unidad,No,,cambio de nivel S→A; comparado por capacidad (aves/h); valor residual del activo reemplazado PENDIENTE (modelo financiero)
B_5000_a_20000,2,20000,C1,compra_reserva,EQ-67,SUBPRODUCTOS,ESCALABLE,REEMPLAZA,1,1,2500,unidad,No,,cambio de nivel S→A; comparado por capacidad (aves/h); valor residual del activo reemplazado PENDIENTE (modelo financiero)
B_5000_a_20000,2,20000,C1,compra_reserva,EQ-68,SUBPRODUCTOS,ESCALABLE,REEMPLAZA,1,1,2500,unidad,No,,cambio de nivel S→A; comparado por capacidad (aves/h); valor residual del activo reemplazado PENDIENTE (modelo financiero)
B_5000_a_20000,2,20000,C1,compra_reserva,EQ-69,SUBPRODUCTOS,ESCALABLE,REEMPLAZA,1,1,2500,unidad,No,,cambio de nivel S→A; comparado por capacidad (aves/h); valor residual del activo reemplazado PENDIENTE (modelo financiero)
B_5000_a_20000,2,20000,C1,compra_reserva,EQ-14,UTILITIES,DUPLICABLE,DUPLICA,1,1,1875,unidad,No,,comparado por capacidad (aves/h); 
B_5000_a_20000,2,20000,C1,compra_reserva,IND-ING,INDIRECTOS,ESPECIFICO_DE_FASE,NUEVO_POR_FASE,1,1,,%,Sí,,
B_5000_a_20000,2,20000,C1,compra_reserva,IND-ARQ,INDIRECTOS,ESPECIFICO_DE_FASE,NUEVO_POR_FASE,1,1,,%,Sí,,
B_5000_a_20000,2,20000,C1,compra_reserva,IND-PEJ,INDIRECTOS,ESPECIFICO_DE_FASE,NUEVO_POR_FASE,1,1,,%,Sí,,
B_5000_a_20000,2,20000,C1,compra_reserva,IND-DO,INDIRECTOS,ESPECIFICO_DE_FASE,NUEVO_POR_FASE,1,1,,%,Sí,,
B_5000_a_20000,2,20000,C1,compra_reserva,IND-PM,INDIRECTOS,ESPECIFICO_DE_FASE,NUEVO_POR_FASE,1,1,,%,Sí,,
B_5000_a_20000,2,20000,C1,compra_reserva,IND-PER,INDIRECTOS,ESPECIFICO_DE_FASE,NUEVO_POR_FASE,1,1,,%,Sí,,
B_5000_a_20000,2,20000,C1,compra_reserva,IND-EST,INDIRECTOS,ESPECIFICO_DE_FASE,NUEVO_POR_FASE,1,1,,%,Sí,,
B_5000_a_20000,2,20000,C1,compra_reserva,PRE-COM,PREOPERATIVOS,ESPECIFICO_DE_FASE,NUEVO_POR_FASE,1,1,,%,Sí,,
B_5000_a_20000,2,20000,C1,compra_reserva,PRE-PEM,PREOPERATIVOS,ESPECIFICO_DE_FASE,NUEVO_POR_FASE,1,1,,%,Sí,,
B_5000_a_20000,2,20000,C1,compra_reserva,PRE-CAP,PREOPERATIVOS,ESPECIFICO_DE_FASE,NUEVO_POR_FASE,1,1,,%,Sí,,
B_5000_a_20000,2,20000,C1,compra_reserva,PRE-PRU,PREOPERATIVOS,ESPECIFICO_DE_FASE,NUEVO_POR_FASE,1,1,,%,Sí,,
B_5000_a_20000,2,20000,C1,compra_reserva,PRE-REP,PREOPERATIVOS,ESPECIFICO_DE_FASE,NUEVO_POR_FASE,1,1,,%,Sí,,
B_5000_a_20000,2,20000,C1,compra_reserva,PRE-HER,PREOPERATIVOS,ESPECIFICO_DE_FASE,NUEVO_POR_FASE,1,1,,%,Sí,,
B_5000_a_20000,2,20000,C1,compra_reserva,PRE-LAB,PREOPERATIVOS,ESPECIFICO_DE_FASE,NUEVO_POR_FASE,1,1,,%,Sí,,
B_5000_a_20000,2,20000,C1,compra_reserva,PRE-IT,PREOPERATIVOS,ESPECIFICO_DE_FASE,NUEVO_POR_FASE,1,1,,%,Sí,,
B_5000_a_20000,2,20000,C1,compra_reserva,CON-DIS,CONTINGENCIA,ESPECIFICO_DE_FASE,NUEVO_POR_FASE,1,1,,%,Sí,,
B_5000_a_20000,2,20000,C1,compra_reserva,CON-COS,CONTINGENCIA,ESPECIFICO_DE_FASE,NUEVO_POR_FASE,1,1,,%,Sí,,
B_5000_a_20000,2,20000,C1,compra_reserva,CON-ESC,CONTINGENCIA,ESPECIFICO_DE_FASE,NUEVO_POR_FASE,1,1,,%,Sí,,
B2_5000_10000_20000,1,5000,C1,compra_reserva,TER-COMPRA,TERRENO,REUTILIZABLE,INICIAL,,33344.9086,33344.9086,m²,Sí,,
B2_5000_10000_20000,1,5000,C1,compra_reserva,TER-GASTOS,TERRENO,ESPECIFICO_DE_FASE,INICIAL,,1,1,%,Sí,,
B2_5000_10000_20000,1,5000,C1,compra_reserva,TER-PREP,TERRENO,ESCALABLE,INICIAL,,33344.9086,33344.9086,m²,Sí,,
B2_5000_10000_20000,1,5000,C1,compra_reserva,TER-ACCESO,TERRENO,REUTILIZABLE,INICIAL,,1,1,lote,Sí,,
B2_5000_10000_20000,1,5000,C1,compra_reserva,TER-CONEX,TERRENO,REUTILIZABLE,INICIAL,,1,1,lote,Sí,,
B2_5000_10000_20000,1,5000,C1,compra_reserva,OC-RS-OBRA,OBRA_CIVIL,ESCALABLE,INICIAL,,180,180,m²,Sí,,
B2_5000_10000_20000,1,5000,C1,compra_reserva,OC-PH-OBRA,OBRA_CIVIL,ESCALABLE,INICIAL,,1476.6064,1476.6064,m²,Sí,,
B2_5000_10000_20000,1,5000,C1,compra_reserva,OC-FR-OBRA,OBRA_CIVIL,ESCALABLE,INICIAL,,137.1082,137.1082,m²,Sí,,
B2_5000_10000_20000,1,5000,C1,compra_reserva,OC-DK-OBRA,OBRA_CIVIL,ESCALABLE,INICIAL,,45,45,m²,Sí,,
B2_5000_10000_20000,1,5000,C1,compra_reserva,OC-DP-OBRA,OBRA_CIVIL,ESCALABLE,INICIAL,,213.9546,213.9546,m²,Sí,64186.3806,
B2_5000_10000_20000,1,5000,C1,compra_reserva,OC-ST-OBRA,OBRA_CIVIL,ESCALABLE,INICIAL,,181.6169,181.6169,m²,Sí,,
B2_5000_10000_20000,1,5000,C1,compra_reserva,OC-LB-OBRA,OBRA_CIVIL,ESCALABLE,INICIAL,,17.165,17.165,m²,Sí,,
B2_5000_10000_20000,1,5000,C1,compra_reserva,OC-VC-OBRA,OBRA_CIVIL,ESCALABLE,INICIAL,,153.5625,153.5625,m²,Sí,,
B2_5000_10000_20000,1,5000,C1,compra_reserva,OC-OF-OBRA,OBRA_CIVIL,ESCALABLE,INICIAL,,192.1469,192.1469,m²,Sí,,
B2_5000_10000_20000,1,5000,C1,compra_reserva,OC-EP-OBRA,OBRA_CIVIL,ESCALABLE,INICIAL,,1683.3403,1683.3403,m²,Sí,,
B2_5000_10000_20000,1,5000,C1,compra_reserva,OC-EL-OBRA,OBRA_CIVIL,ESCALABLE,INICIAL,,718.75,718.75,m²,Sí,,
B2_5000_10000_20000,1,5000,C1,compra_reserva,OC-LV-OBRA,OBRA_CIVIL,ESCALABLE,INICIAL,,130,130,m²,Sí,,
B2_5000_10000_20000,1,5000,C1,compra_reserva,OC-IP-OBRA,OBRA_CIVIL,ESCALABLE,INICIAL,,32.5,32.5,m²,Sí,,
B2_5000_10000_20000,1,5000,C1,compra_reserva,OC-EF-OBRA,OBRA_CIVIL,ESCALABLE,INICIAL,,253.9008,253.9008,m²,Sí,,
B2_5000_10000_20000,1,5000,C1,compra_reserva,OC-CER-OBRA,OBRA_CIVIL,REUTILIZABLE,INICIAL,,745.4854,745.4854,m,Sí,,
B2_5000_10000_20000,1,5000,C1,compra_reserva,OC-INF-OBRA,OBRA_CIVIL,ESCALABLE,INICIAL,,33344.9086,33344.9086,m²,Sí,,
B2_5000_10000_20000,1,5000,C1,compra_reserva,PQ-L1,PROCESO,MIXTA,INICIAL,,1,1,lote,Sí,,
B2_5000_10000_20000,1,5000,C1,compra_reserva,PQ-L2,PROCESO,MIXTA,INICIAL,,1,1,lote,Sí,,
B2_5000_10000_20000,1,5000,C1,compra_reserva,PQ-L3,PROCESO,MIXTA,INICIAL,,1,1,lote,Sí,,
B2_5000_10000_20000,1,5000,C1,compra_reserva,PQ-L4,PROCESO,MIXTA,INICIAL,,1,1,lote,Sí,,
B2_5000_10000_20000,1,5000,C1,compra_reserva,PQ-L5,PROCESO,MIXTA,INICIAL,,1,1,lote,Sí,,
B2_5000_10000_20000,1,5000,C1,compra_reserva,PQ-L6,PROCESO,MIXTA,INICIAL,,1,1,lote,Sí,,
B2_5000_10000_20000,1,5000,C1,compra_reserva,PQ-L7,PROCESO,MIXTA,INICIAL,,1,1,lote,Sí,,
B2_5000_10000_20000,1,5000,C1,compra_reserva,EQ-LIM,PROCESO,ESCALABLE,INICIAL,,1,1,lote,Sí,,
B2_5000_10000_20000,1,5000,C1,compra_reserva,SB-L9,SUBPRODUCTOS,ESCALABLE,INICIAL,,1,1,lote,Sí,,
B2_5000_10000_20000,1,5000,C1,compra_reserva,FR-PAQ,FRIO,ESCALABLE,INICIAL,,1,1,lote,Sí,,
B2_5000_10000_20000,1,5000,C1,compra_reserva,FR-PAN,FRIO,ESCALABLE,INICIAL,,137.1082,137.1082,m²,No,,
B2_5000_10000_20000,1,5000,C1,compra_reserva,FR-COMP,FRIO,DUPLICABLE,INICIAL,,,,kWf,No,,
B2_5000_10000_20000,1,5000,C1,compra_reserva,FR-COND,FRIO,DUPLICABLE,INICIAL,,,,kWf,No,,
B2_5000_10000_20000,1,5000,C1,compra_reserva,FR-EVAP,FRIO,DUPLICABLE,INICIAL,,,,kWf,No,,
B2_5000_10000_20000,1,5000,C1,compra_reserva,FR-PIP,FRIO,ESCALABLE,INICIAL,,1,1,lote,No,,
B2_5000_10000_20000,1,5000,C1,compra_reserva,FR-REF,FRIO,ESCALABLE,INICIAL,,1,1,lote,No,,
B2_5000_10000_20000,1,5000,C1,compra_reserva,FR-CTL,FRIO,ESCALABLE,INICIAL,,1,1,lote,No,,
B2_5000_10000_20000,1,5000,C1,compra_reserva,FR-AGH,FRIO,ESCALABLE,INICIAL,,34.5926,34.5926,kWf,No,,
B2_5000_10000_20000,1,5000,C1,compra_reserva,FR-DCK,FRIO,DUPLICABLE,INICIAL,,,,unidad,No,,
B2_5000_10000_20000,1,5000,C1,compra_reserva,FR-TUN,FRIO,DUPLICABLE,INICIAL,,1.1982,1.1982,t/día,No,,
B2_5000_10000_20000,1,5000,C1,compra_reserva,AG-CAP,UTILITIES,ESCALABLE,INICIAL,,125,125,m³/d,Sí,,
B2_5000_10000_20000,1,5000,C1,compra_reserva,AG-ALM,UTILITIES,DUPLICABLE,INICIAL,,125,125,m³,Sí,,
B2_5000_10000_20000,1,5000,C1,compra_reserva,AG-TRA,UTILITIES,ESCALABLE,INICIAL,,18.75,18.75,m³/h,Sí,,
B2_5000_10000_20000,1,5000,C1,compra_reserva,AG-BOM,UTILITIES,DUPLICABLE,INICIAL,,18.75,18.75,m³/h,Sí,,
B2_5000_10000_20000,1,5000,C1,compra_reserva,AG-DIS,UTILITIES,ESCALABLE,INICIAL,,2597.1604,2597.1604,m²,Sí,,
B2_5000_10000_20000,1,5000,C1,compra_reserva,EF-PAQ,EFLUENTES,ESCALABLE,INICIAL,,1,1,lote,Sí,,
B2_5000_10000_20000,1,5000,C1,compra_reserva,EF-PRE,EFLUENTES,ESCALABLE,INICIAL,,16.5,16.5,m³/h,No,,
B2_5000_10000_20000,1,5000,C1,compra_reserva,EF-ECU,EFLUENTES,ESCALABLE,INICIAL,,110,110,m³,No,,
B2_5000_10000_20000,1,5000,C1,compra_reserva,EF-DAF,EFLUENTES,ESCALABLE,INICIAL,,16.5,16.5,m³/h,No,,
B2_5000_10000_20000,1,5000,C1,compra_reserva,EF-BIO,EFLUENTES,ESCALABLE,INICIAL,,594,594,kg DQO/d,No,,
B2_5000_10000_20000,1,5000,C1,compra_reserva,EF-LOD,EFLUENTES,ESCALABLE,INICIAL,,,,kg MS/d,No,,
B2_5000_10000_20000,1,5000,C1,compra_reserva,EF-INF,EFLUENTES,ESCALABLE,INICIAL,,1,1,lote,No,,
B2_5000_10000_20000,1,5000,C1,compra_reserva,EL-ACO,UTILITIES,REUTILIZABLE,INICIAL,,1,1,lote,Sí,,
B2_5000_10000_20000,1,5000,C1,compra_reserva,EL-TRA,UTILITIES,ESCALABLE,INICIAL,,,,kVA,Sí,,
B2_5000_10000_20000,1,5000,C1,compra_reserva,EL-TAB,UTILITIES,ESCALABLE,INICIAL,,1,1,lote,Sí,,
B2_5000_10000_20000,1,5000,C1,compra_reserva,EL-DIS,UTILITIES,ESCALABLE,INICIAL,,2597.1604,2597.1604,m²,Sí,,
B2_5000_10000_20000,1,5000,C1,compra_reserva,EL-UPS,UTILITIES,DUPLICABLE,INICIAL,,,,kVA,Sí,,
B2_5000_10000_20000,1,5000,C1,compra_reserva,EL-GEN,UTILITIES,DUPLICABLE,INICIAL,,,,kVA,Sí,,
B2_5000_10000_20000,1,5000,C1,compra_reserva,TE-GEN,UTILITIES,DUPLICABLE,INICIAL,,,,kWt,Sí,,
B2_5000_10000_20000,1,5000,C1,compra_reserva,TE-COM,UTILITIES,ESCALABLE,INICIAL,,1,1,lote,Sí,,
B2_5000_10000_20000,1,5000,C1,compra_reserva,TE-DIS,UTILITIES,ESCALABLE,INICIAL,,1,1,lote,Sí,,
B2_5000_10000_20000,1,5000,C1,compra_reserva,AC-COM,UTILITIES,DUPLICABLE,INICIAL,,,,m³/min,Sí,,
B2_5000_10000_20000,1,5000,C1,compra_reserva,IT-HW,SERVICIOS_GENERALES,ESCALABLE,INICIAL,,1,1,lote,Sí,,
B2_5000_10000_20000,1,5000,C1,compra_reserva,IT-SW,SERVICIOS_GENERALES,REUTILIZABLE,INICIAL,,1,1,lote,Sí,,
B2_5000_10000_20000,1,5000,C1,compra_reserva,IT-SEN,SERVICIOS_GENERALES,ESCALABLE,INICIAL,,1,1,lote,Sí,,
B2_5000_10000_20000,1,5000,C1,compra_reserva,IT-RED,SERVICIOS_GENERALES,ESCALABLE,INICIAL,,1,1,lote,Sí,,
B2_5000_10000_20000,1,5000,C1,compra_reserva,IT-ETQ,SERVICIOS_GENERALES,DUPLICABLE,INICIAL,,,,unidad,Sí,,
B2_5000_10000_20000,1,5000,C1,compra_reserva,LAB-EQ,SERVICIOS_GENERALES,REUTILIZABLE,INICIAL,,1,1,lote,Sí,,
B2_5000_10000_20000,1,5000,C1,compra_reserva,SI-DET,SERVICIOS_GENERALES,ESCALABLE,INICIAL,,1,1,lote,Sí,,
B2_5000_10000_20000,1,5000,C1,compra_reserva,SI-COM,SERVICIOS_GENERALES,ESCALABLE,INICIAL,,1,1,lote,Sí,,
B2_5000_10000_20000,1,5000,C1,compra_reserva,SI-PRO,SERVICIOS_GENERALES,ESCALABLE,INICIAL,,1,1,lote,Sí,,
B2_5000_10000_20000,1,5000,C1,compra_reserva,PER-EQ,SERVICIOS_GENERALES,ESCALABLE,INICIAL,,1,1,lote,Sí,,
B2_5000_10000_20000,1,5000,C1,compra_reserva,MOB-OF,SERVICIOS_GENERALES,REUTILIZABLE,INICIAL,,1,1,lote,Sí,,
B2_5000_10000_20000,1,5000,C1,compra_reserva,EQ-71,UTILITIES,DUPLICABLE,INICIAL,,1,1,unidad,No,,
B2_5000_10000_20000,1,5000,C1,compra_reserva,EQ-72,UTILITIES,ESCALABLE,INICIAL,,1,1,unidad,No,,
B2_5000_10000_20000,1,5000,C1,compra_reserva,EQ-70,EFLUENTES,ESCALABLE,INICIAL,,1,1,unidad,No,,
B2_5000_10000_20000,1,5000,C1,compra_reserva,EQ-73,UTILITIES,DUPLICABLE,INICIAL,,1,1,unidad,No,,
B2_5000_10000_20000,1,5000,C1,compra_reserva,EQ-74,PROCESO,ESCALABLE,INICIAL,,1,1,unidad,No,,
B2_5000_10000_20000,1,5000,C1,compra_reserva,EQ-75,PROCESO,DUPLICABLE,INICIAL,,1,1,unidad,No,,
B2_5000_10000_20000,1,5000,C1,compra_reserva,EQ-37,FRIO,ESCALABLE,INICIAL,,1,1,unidad,No,,
B2_5000_10000_20000,1,5000,C1,compra_reserva,EQ-64,FRIO,ESCALABLE,INICIAL,,1,1,unidad,No,,
B2_5000_10000_20000,1,5000,C1,compra_reserva,EQ-65,FRIO,DUPLICABLE,INICIAL,,1,1,unidad,No,,
B2_5000_10000_20000,1,5000,C1,compra_reserva,EQ-62,FRIO,ESCALABLE,INICIAL,,1,1,unidad,No,,
B2_5000_10000_20000,1,5000,C1,compra_reserva,EQ-63,FRIO,ESCALABLE,INICIAL,,1,1,unidad,No,,
B2_5000_10000_20000,1,5000,C1,compra_reserva,EQ-57,FRIO,DUPLICABLE,INICIAL,,1,1,unidad,No,,
B2_5000_10000_20000,1,5000,C1,compra_reserva,EQ-58,FRIO,DUPLICABLE,INICIAL,,1,1,unidad,No,,
B2_5000_10000_20000,1,5000,C1,compra_reserva,EQ-54,SERVICIOS_GENERALES,DUPLICABLE,INICIAL,,1,1,unidad,No,,
B2_5000_10000_20000,1,5000,C1,compra_reserva,EQ-76,SERVICIOS_GENERALES,ESCALABLE,INICIAL,,1,1,unidad,No,,
B2_5000_10000_20000,1,5000,C1,compra_reserva,EQ-01,PROCESO,REUTILIZABLE,INICIAL,,1,1,unidad,No,,
B2_5000_10000_20000,1,5000,C1,compra_reserva,EQ-02,PROCESO,ESCALABLE,INICIAL,,1,1,unidad,No,,
B2_5000_10000_20000,1,5000,C1,compra_reserva,EQ-04,PROCESO,REEMPLAZABLE,INICIAL,,1,1,unidad,No,,
B2_5000_10000_20000,1,5000,C1,compra_reserva,EQ-05,PROCESO,REEMPLAZABLE,INICIAL,,1,1,unidad,No,,
B2_5000_10000_20000,1,5000,C1,compra_reserva,EQ-06,PROCESO,REUTILIZABLE,INICIAL,,1,1,unidad,No,,
B2_5000_10000_20000,1,5000,C1,compra_reserva,EQ-07,PROCESO,ESCALABLE,INICIAL,,1,1,unidad,No,,
B2_5000_10000_20000,1,5000,C1,compra_reserva,EQ-08,PROCESO,ESCALABLE,INICIAL,,1,1,unidad,No,,
B2_5000_10000_20000,1,5000,C1,compra_reserva,EQ-09,PROCESO,REUTILIZABLE,INICIAL,,1,1,unidad,No,,
B2_5000_10000_20000,1,5000,C1,compra_reserva,EQ-11,PROCESO,REEMPLAZABLE,INICIAL,,1,1,unidad,No,,
B2_5000_10000_20000,1,5000,C1,compra_reserva,EQ-12,PROCESO,ESCALABLE,INICIAL,,1,1,unidad,No,,
B2_5000_10000_20000,1,5000,C1,compra_reserva,EQ-13,PROCESO,ESCALABLE,INICIAL,,1,1,unidad,No,,
B2_5000_10000_20000,1,5000,C1,compra_reserva,EQ-15,PROCESO,DUPLICABLE,INICIAL,,1,1,unidad,No,,
B2_5000_10000_20000,1,5000,C1,compra_reserva,EQ-16,PROCESO,ESCALABLE,INICIAL,,1,1,unidad,No,,
B2_5000_10000_20000,1,5000,C1,compra_reserva,EQ-17,PROCESO,REEMPLAZABLE,INICIAL,,1,1,unidad,No,,
B2_5000_10000_20000,1,5000,C1,compra_reserva,EQ-18,PROCESO,REEMPLAZABLE,INICIAL,,1,1,unidad,No,,
B2_5000_10000_20000,1,5000,C1,compra_reserva,EQ-19,PROCESO,REEMPLAZABLE,INICIAL,,1,1,unidad,No,,
B2_5000_10000_20000,1,5000,C1,compra_reserva,EQ-20,PROCESO,REUTILIZABLE,INICIAL,,1,1,unidad,No,,
B2_5000_10000_20000,1,5000,C1,compra_reserva,EQ-21,PROCESO,ESCALABLE,INICIAL,,1,1,unidad,No,,
B2_5000_10000_20000,1,5000,C1,compra_reserva,EQ-22,PROCESO,REEMPLAZABLE,INICIAL,,1,1,unidad,No,,
B2_5000_10000_20000,1,5000,C1,compra_reserva,EQ-23,PROCESO,REEMPLAZABLE,INICIAL,,1,1,unidad,No,,
B2_5000_10000_20000,1,5000,C1,compra_reserva,EQ-24,PROCESO,REEMPLAZABLE,INICIAL,,1,1,unidad,No,,
B2_5000_10000_20000,1,5000,C1,compra_reserva,EQ-25,PROCESO,REEMPLAZABLE,INICIAL,,1,1,unidad,No,,
B2_5000_10000_20000,1,5000,C1,compra_reserva,EQ-26,PROCESO,DUPLICABLE,INICIAL,,1,1,unidad,No,,
B2_5000_10000_20000,1,5000,C1,compra_reserva,EQ-27,PROCESO,REEMPLAZABLE,INICIAL,,1,1,unidad,No,,
B2_5000_10000_20000,1,5000,C1,compra_reserva,EQ-28,PROCESO,REUTILIZABLE,INICIAL,,1,1,unidad,No,,
B2_5000_10000_20000,1,5000,C1,compra_reserva,EQ-29,PROCESO,REEMPLAZABLE,INICIAL,,1,1,unidad,No,,
B2_5000_10000_20000,1,5000,C1,compra_reserva,EQ-30,PROCESO,REEMPLAZABLE,INICIAL,,1,1,unidad,No,,
B2_5000_10000_20000,1,5000,C1,compra_reserva,EQ-31,PROCESO,REUTILIZABLE,INICIAL,,1,1,unidad,No,,
B2_5000_10000_20000,1,5000,C1,compra_reserva,EQ-32,PROCESO,ESCALABLE,INICIAL,,1,1,unidad,No,,
B2_5000_10000_20000,1,5000,C1,compra_reserva,EQ-33,PROCESO,DUPLICABLE,INICIAL,,1,1,unidad,No,,
B2_5000_10000_20000,1,5000,C1,compra_reserva,EQ-34,PROCESO,ESCALABLE,INICIAL,,1,1,unidad,No,,
B2_5000_10000_20000,1,5000,C1,compra_reserva,EQ-35,PROCESO,ESCALABLE,INICIAL,,1,1,unidad,No,,
B2_5000_10000_20000,1,5000,C1,compra_reserva,EQ-38,PROCESO,REEMPLAZABLE,INICIAL,,1,1,unidad,No,,
B2_5000_10000_20000,1,5000,C1,compra_reserva,EQ-39,PROCESO,REEMPLAZABLE,INICIAL,,1,1,unidad,No,,
B2_5000_10000_20000,1,5000,C1,compra_reserva,EQ-40,PROCESO,DUPLICABLE,INICIAL,,1,1,unidad,No,,
B2_5000_10000_20000,1,5000,C1,compra_reserva,EQ-47,PROCESO,DUPLICABLE,INICIAL,,1,1,unidad,No,,
B2_5000_10000_20000,1,5000,C1,compra_reserva,EQ-49,PROCESO,REEMPLAZABLE,INICIAL,,1,1,unidad,No,,
B2_5000_10000_20000,1,5000,C1,compra_reserva,EQ-50,PROCESO,DUPLICABLE,INICIAL,,1,1,unidad,No,,
B2_5000_10000_20000,1,5000,C1,compra_reserva,EQ-51,PROCESO,DUPLICABLE,INICIAL,,1,1,unidad,No,,
B2_5000_10000_20000,1,5000,C1,compra_reserva,EQ-53,PROCESO,DUPLICABLE,INICIAL,,1,1,unidad,No,,
B2_5000_10000_20000,1,5000,C1,compra_reserva,EQ-55,PROCESO,DUPLICABLE,INICIAL,,1,1,unidad,No,,
B2_5000_10000_20000,1,5000,C1,compra_reserva,EQ-56,PROCESO,DUPLICABLE,INICIAL,,1,1,unidad,No,,
B2_5000_10000_20000,1,5000,C1,compra_reserva,EQ-66,SUBPRODUCTOS,ESCALABLE,INICIAL,,1,1,unidad,No,,
B2_5000_10000_20000,1,5000,C1,compra_reserva,EQ-67,SUBPRODUCTOS,ESCALABLE,INICIAL,,1,1,unidad,No,,
B2_5000_10000_20000,1,5000,C1,compra_reserva,EQ-68,SUBPRODUCTOS,ESCALABLE,INICIAL,,1,1,unidad,No,,
B2_5000_10000_20000,1,5000,C1,compra_reserva,EQ-69,SUBPRODUCTOS,ESCALABLE,INICIAL,,1,1,unidad,No,,
B2_5000_10000_20000,1,5000,C1,compra_reserva,EQ-14,UTILITIES,DUPLICABLE,INICIAL,,1,1,unidad,No,,
B2_5000_10000_20000,1,5000,C1,compra_reserva,IND-ING,INDIRECTOS,ESPECIFICO_DE_FASE,INICIAL,,1,1,%,Sí,,
B2_5000_10000_20000,1,5000,C1,compra_reserva,IND-ARQ,INDIRECTOS,ESPECIFICO_DE_FASE,INICIAL,,1,1,%,Sí,,
B2_5000_10000_20000,1,5000,C1,compra_reserva,IND-PEJ,INDIRECTOS,ESPECIFICO_DE_FASE,INICIAL,,1,1,%,Sí,,
B2_5000_10000_20000,1,5000,C1,compra_reserva,IND-DO,INDIRECTOS,ESPECIFICO_DE_FASE,INICIAL,,1,1,%,Sí,,
B2_5000_10000_20000,1,5000,C1,compra_reserva,IND-PM,INDIRECTOS,ESPECIFICO_DE_FASE,INICIAL,,1,1,%,Sí,,
B2_5000_10000_20000,1,5000,C1,compra_reserva,IND-PER,INDIRECTOS,ESPECIFICO_DE_FASE,INICIAL,,1,1,%,Sí,,
B2_5000_10000_20000,1,5000,C1,compra_reserva,IND-EST,INDIRECTOS,ESPECIFICO_DE_FASE,INICIAL,,1,1,%,Sí,,
B2_5000_10000_20000,1,5000,C1,compra_reserva,PRE-COM,PREOPERATIVOS,ESPECIFICO_DE_FASE,INICIAL,,1,1,%,Sí,,
B2_5000_10000_20000,1,5000,C1,compra_reserva,PRE-PEM,PREOPERATIVOS,ESPECIFICO_DE_FASE,INICIAL,,1,1,%,Sí,,
B2_5000_10000_20000,1,5000,C1,compra_reserva,PRE-CAP,PREOPERATIVOS,ESPECIFICO_DE_FASE,INICIAL,,1,1,%,Sí,,
B2_5000_10000_20000,1,5000,C1,compra_reserva,PRE-PRU,PREOPERATIVOS,ESPECIFICO_DE_FASE,INICIAL,,1,1,%,Sí,,
B2_5000_10000_20000,1,5000,C1,compra_reserva,PRE-REP,PREOPERATIVOS,ESPECIFICO_DE_FASE,INICIAL,,1,1,%,Sí,,
B2_5000_10000_20000,1,5000,C1,compra_reserva,PRE-HER,PREOPERATIVOS,ESPECIFICO_DE_FASE,INICIAL,,1,1,%,Sí,,
B2_5000_10000_20000,1,5000,C1,compra_reserva,PRE-LAB,PREOPERATIVOS,ESPECIFICO_DE_FASE,INICIAL,,1,1,%,Sí,,
B2_5000_10000_20000,1,5000,C1,compra_reserva,PRE-IT,PREOPERATIVOS,ESPECIFICO_DE_FASE,INICIAL,,1,1,%,Sí,,
B2_5000_10000_20000,1,5000,C1,compra_reserva,CON-DIS,CONTINGENCIA,ESPECIFICO_DE_FASE,INICIAL,,1,1,%,Sí,,
B2_5000_10000_20000,1,5000,C1,compra_reserva,CON-COS,CONTINGENCIA,ESPECIFICO_DE_FASE,INICIAL,,1,1,%,Sí,,
B2_5000_10000_20000,1,5000,C1,compra_reserva,CON-ESC,CONTINGENCIA,ESPECIFICO_DE_FASE,INICIAL,,1,1,%,Sí,,
B2_5000_10000_20000,2,10000,C1,compra_reserva,TER-COMPRA,TERRENO,REUTILIZABLE,REUTILIZA,33344.9086,33344.9086,0,m²,Sí,0,
B2_5000_10000_20000,2,10000,C1,compra_reserva,TER-GASTOS,TERRENO,ESPECIFICO_DE_FASE,NUEVO_POR_FASE,1,1,,%,Sí,,
B2_5000_10000_20000,2,10000,C1,compra_reserva,TER-PREP,TERRENO,ESCALABLE,REUTILIZA,33344.9086,33344.9086,0,m²,Sí,0,
B2_5000_10000_20000,2,10000,C1,compra_reserva,TER-ACCESO,TERRENO,REUTILIZABLE,PENDIENTE,1,1,,lote,Sí,,
B2_5000_10000_20000,2,10000,C1,compra_reserva,TER-CONEX,TERRENO,REUTILIZABLE,PENDIENTE,1,1,,lote,Sí,,
B2_5000_10000_20000,2,10000,C1,compra_reserva,OC-RS-OBRA,OBRA_CIVIL,ESCALABLE,REUTILIZA,180,180,0,m²,Sí,0,
B2_5000_10000_20000,2,10000,C1,compra_reserva,OC-PH-OBRA,OBRA_CIVIL,ESCALABLE,AMPLIA,1476.6064,2608.6609,1132.0546,m²,Sí,,
B2_5000_10000_20000,2,10000,C1,compra_reserva,OC-FR-OBRA,OBRA_CIVIL,ESCALABLE,AMPLIA,137.1082,241.1455,104.0372,m²,Sí,,
B2_5000_10000_20000,2,10000,C1,compra_reserva,OC-DK-OBRA,OBRA_CIVIL,ESCALABLE,AMPLIA,45,90,45,m²,Sí,,
B2_5000_10000_20000,2,10000,C1,compra_reserva,OC-DP-OBRA,OBRA_CIVIL,ESCALABLE,AMPLIA,213.9546,397.3345,183.3799,m²,Sí,55013.9618,costo a precio unitario de obra nueva; prima/penalidad de ampliación PENDIENTE (DPV-16-14)
B2_5000_10000_20000,2,10000,C1,compra_reserva,OC-ST-OBRA,OBRA_CIVIL,ESCALABLE,AMPLIA,181.6169,266.9252,85.3084,m²,Sí,,
B2_5000_10000_20000,2,10000,C1,compra_reserva,OC-LB-OBRA,OBRA_CIVIL,ESCALABLE,AMPLIA,17.165,29.886,12.721,m²,Sí,,
B2_5000_10000_20000,2,10000,C1,compra_reserva,OC-VC-OBRA,OBRA_CIVIL,ESCALABLE,AMPLIA,153.5625,271.6875,118.125,m²,Sí,,
B2_5000_10000_20000,2,10000,C1,compra_reserva,OC-OF-OBRA,OBRA_CIVIL,ESCALABLE,AMPLIA,192.1469,220.1438,27.9969,m²,Sí,,
B2_5000_10000_20000,2,10000,C1,compra_reserva,OC-EP-OBRA,OBRA_CIVIL,ESCALABLE,AMPLIA,1683.3403,2505.6924,822.3521,m²,Sí,,
B2_5000_10000_20000,2,10000,C1,compra_reserva,OC-EL-OBRA,OBRA_CIVIL,ESCALABLE,AMPLIA,718.75,1156.25,437.5,m²,Sí,,
B2_5000_10000_20000,2,10000,C1,compra_reserva,OC-LV-OBRA,OBRA_CIVIL,ESCALABLE,REUTILIZA,130,130,0,m²,Sí,0,
B2_5000_10000_20000,2,10000,C1,compra_reserva,OC-IP-OBRA,OBRA_CIVIL,ESCALABLE,AMPLIA,32.5,65,32.5,m²,Sí,,
B2_5000_10000_20000,2,10000,C1,compra_reserva,OC-EF-OBRA,OBRA_CIVIL,ESCALABLE,AMPLIA,253.9008,325.8017,71.9008,m²,Sí,,
B2_5000_10000_20000,2,10000,C1,compra_reserva,OC-CER-OBRA,OBRA_CIVIL,REUTILIZABLE,REUTILIZA,745.4854,745.4854,0,m,Sí,0,
B2_5000_10000_20000,2,10000,C1,compra_reserva,OC-INF-OBRA,OBRA_CIVIL,ESCALABLE,REUTILIZA,33344.9086,33344.9086,0,m²,Sí,0,
B2_5000_10000_20000,2,10000,C1,compra_reserva,PQ-L1,PROCESO,MIXTA,PENDIENTE,1,1,,lote,Sí,,comparado por capacidad (aves/h); 
B2_5000_10000_20000,2,10000,C1,compra_reserva,PQ-L2,PROCESO,MIXTA,PENDIENTE,1,1,,lote,Sí,,comparado por capacidad (aves/h); 
B2_5000_10000_20000,2,10000,C1,compra_reserva,PQ-L3,PROCESO,MIXTA,PENDIENTE,1,1,,lote,Sí,,comparado por capacidad (aves/h); 
B2_5000_10000_20000,2,10000,C1,compra_reserva,PQ-L4,PROCESO,MIXTA,PENDIENTE,1,1,,lote,Sí,,comparado por capacidad (aves/h); 
B2_5000_10000_20000,2,10000,C1,compra_reserva,PQ-L5,PROCESO,MIXTA,PENDIENTE,1,1,,lote,Sí,,comparado por capacidad (aves/h); 
B2_5000_10000_20000,2,10000,C1,compra_reserva,PQ-L6,PROCESO,MIXTA,PENDIENTE,1,1,,lote,Sí,,comparado por capacidad (aves/h); 
B2_5000_10000_20000,2,10000,C1,compra_reserva,PQ-L7,PROCESO,MIXTA,PENDIENTE,1,1,,lote,Sí,,comparado por capacidad (aves/h); 
B2_5000_10000_20000,2,10000,C1,compra_reserva,EQ-LIM,PROCESO,ESCALABLE,PENDIENTE,1,1,,lote,Sí,,
B2_5000_10000_20000,2,10000,C1,compra_reserva,SB-L9,SUBPRODUCTOS,ESCALABLE,AMPLIA,1,1,2.64,lote,Sí,,comparado por capacidad (t/d); 
B2_5000_10000_20000,2,10000,C1,compra_reserva,FR-PAQ,FRIO,ESCALABLE,AMPLIA,1,1,122,lote,Sí,,comparado por capacidad (kWf); 
B2_5000_10000_20000,2,10000,C1,compra_reserva,FR-PAN,FRIO,ESCALABLE,AMPLIA,137.1082,241.1455,104.0372,m²,No,,
B2_5000_10000_20000,2,10000,C1,compra_reserva,FR-COMP,FRIO,DUPLICABLE,PENDIENTE,,,,kWf,No,,
B2_5000_10000_20000,2,10000,C1,compra_reserva,FR-COND,FRIO,DUPLICABLE,PENDIENTE,,,,kWf,No,,
B2_5000_10000_20000,2,10000,C1,compra_reserva,FR-EVAP,FRIO,DUPLICABLE,PENDIENTE,,,,kWf,No,,
B2_5000_10000_20000,2,10000,C1,compra_reserva,FR-PIP,FRIO,ESCALABLE,PENDIENTE,1,1,,lote,No,,
B2_5000_10000_20000,2,10000,C1,compra_reserva,FR-REF,FRIO,ESCALABLE,PENDIENTE,1,1,,lote,No,,
B2_5000_10000_20000,2,10000,C1,compra_reserva,FR-CTL,FRIO,ESCALABLE,PENDIENTE,1,1,,lote,No,,
B2_5000_10000_20000,2,10000,C1,compra_reserva,FR-AGH,FRIO,ESCALABLE,AMPLIA,34.5926,69.1853,34.5926,kWf,No,,
B2_5000_10000_20000,2,10000,C1,compra_reserva,FR-DCK,FRIO,DUPLICABLE,PENDIENTE,,,,unidad,No,,
B2_5000_10000_20000,2,10000,C1,compra_reserva,FR-TUN,FRIO,DUPLICABLE,DUPLICA,1.1982,2.3965,1.1982,t/día,No,,
B2_5000_10000_20000,2,10000,C1,compra_reserva,AG-CAP,UTILITIES,ESCALABLE,AMPLIA,125,250,125,m³/d,Sí,,
B2_5000_10000_20000,2,10000,C1,compra_reserva,AG-ALM,UTILITIES,DUPLICABLE,DUPLICA,125,250,125,m³,Sí,,
B2_5000_10000_20000,2,10000,C1,compra_reserva,AG-TRA,UTILITIES,ESCALABLE,AMPLIA,18.75,37.5,18.75,m³/h,Sí,,
B2_5000_10000_20000,2,10000,C1,compra_reserva,AG-BOM,UTILITIES,DUPLICABLE,DUPLICA,18.75,37.5,18.75,m³/h,Sí,,
B2_5000_10000_20000,2,10000,C1,compra_reserva,AG-DIS,UTILITIES,ESCALABLE,AMPLIA,2597.1604,4305.7834,1708.623,m²,Sí,,
B2_5000_10000_20000,2,10000,C1,compra_reserva,EF-PAQ,EFLUENTES,ESCALABLE,AMPLIA,1,1,110,lote,Sí,,comparado por capacidad (m³/d); 
B2_5000_10000_20000,2,10000,C1,compra_reserva,EF-PRE,EFLUENTES,ESCALABLE,AMPLIA,16.5,33,16.5,m³/h,No,,
B2_5000_10000_20000,2,10000,C1,compra_reserva,EF-ECU,EFLUENTES,ESCALABLE,AMPLIA,110,220,110,m³,No,,
B2_5000_10000_20000,2,10000,C1,compra_reserva,EF-DAF,EFLUENTES,ESCALABLE,AMPLIA,16.5,33,16.5,m³/h,No,,
B2_5000_10000_20000,2,10000,C1,compra_reserva,EF-BIO,EFLUENTES,ESCALABLE,AMPLIA,594,1188,594,kg DQO/d,No,,
B2_5000_10000_20000,2,10000,C1,compra_reserva,EF-LOD,EFLUENTES,ESCALABLE,PENDIENTE,,,,kg MS/d,No,,
B2_5000_10000_20000,2,10000,C1,compra_reserva,EF-INF,EFLUENTES,ESCALABLE,PENDIENTE,1,1,,lote,No,,
B2_5000_10000_20000,2,10000,C1,compra_reserva,EL-ACO,UTILITIES,REUTILIZABLE,PENDIENTE,1,1,,lote,Sí,,
B2_5000_10000_20000,2,10000,C1,compra_reserva,EL-TRA,UTILITIES,ESCALABLE,PENDIENTE,,,,kVA,Sí,,
B2_5000_10000_20000,2,10000,C1,compra_reserva,EL-TAB,UTILITIES,ESCALABLE,PENDIENTE,1,1,,lote,Sí,,
B2_5000_10000_20000,2,10000,C1,compra_reserva,EL-DIS,UTILITIES,ESCALABLE,AMPLIA,2597.1604,4305.7834,1708.623,m²,Sí,,
B2_5000_10000_20000,2,10000,C1,compra_reserva,EL-UPS,UTILITIES,DUPLICABLE,PENDIENTE,,,,kVA,Sí,,
B2_5000_10000_20000,2,10000,C1,compra_reserva,EL-GEN,UTILITIES,DUPLICABLE,PENDIENTE,,,,kVA,Sí,,
B2_5000_10000_20000,2,10000,C1,compra_reserva,TE-GEN,UTILITIES,DUPLICABLE,PENDIENTE,,,,kWt,Sí,,
B2_5000_10000_20000,2,10000,C1,compra_reserva,TE-COM,UTILITIES,ESCALABLE,PENDIENTE,1,1,,lote,Sí,,
B2_5000_10000_20000,2,10000,C1,compra_reserva,TE-DIS,UTILITIES,ESCALABLE,PENDIENTE,1,1,,lote,Sí,,
B2_5000_10000_20000,2,10000,C1,compra_reserva,AC-COM,UTILITIES,DUPLICABLE,PENDIENTE,,,,m³/min,Sí,,
B2_5000_10000_20000,2,10000,C1,compra_reserva,IT-HW,SERVICIOS_GENERALES,ESCALABLE,PENDIENTE,1,1,,lote,Sí,,
B2_5000_10000_20000,2,10000,C1,compra_reserva,IT-SW,SERVICIOS_GENERALES,REUTILIZABLE,PENDIENTE,1,1,,lote,Sí,,
B2_5000_10000_20000,2,10000,C1,compra_reserva,IT-SEN,SERVICIOS_GENERALES,ESCALABLE,PENDIENTE,1,1,,lote,Sí,,
B2_5000_10000_20000,2,10000,C1,compra_reserva,IT-RED,SERVICIOS_GENERALES,ESCALABLE,PENDIENTE,1,1,,lote,Sí,,
B2_5000_10000_20000,2,10000,C1,compra_reserva,IT-ETQ,SERVICIOS_GENERALES,DUPLICABLE,PENDIENTE,,,,unidad,Sí,,
B2_5000_10000_20000,2,10000,C1,compra_reserva,LAB-EQ,SERVICIOS_GENERALES,REUTILIZABLE,PENDIENTE,1,1,,lote,Sí,,
B2_5000_10000_20000,2,10000,C1,compra_reserva,SI-DET,SERVICIOS_GENERALES,ESCALABLE,PENDIENTE,1,1,,lote,Sí,,
B2_5000_10000_20000,2,10000,C1,compra_reserva,SI-COM,SERVICIOS_GENERALES,ESCALABLE,PENDIENTE,1,1,,lote,Sí,,
B2_5000_10000_20000,2,10000,C1,compra_reserva,SI-PRO,SERVICIOS_GENERALES,ESCALABLE,PENDIENTE,1,1,,lote,Sí,,
B2_5000_10000_20000,2,10000,C1,compra_reserva,PER-EQ,SERVICIOS_GENERALES,ESCALABLE,PENDIENTE,1,1,,lote,Sí,,
B2_5000_10000_20000,2,10000,C1,compra_reserva,MOB-OF,SERVICIOS_GENERALES,REUTILIZABLE,PENDIENTE,1,1,,lote,Sí,,
B2_5000_10000_20000,2,10000,C1,compra_reserva,EQ-71,UTILITIES,DUPLICABLE,DUPLICA,1,1,625,unidad,No,,comparado por capacidad (aves/h); 
B2_5000_10000_20000,2,10000,C1,compra_reserva,EQ-72,UTILITIES,ESCALABLE,AMPLIA,1,1,625,unidad,No,,comparado por capacidad (aves/h); 
B2_5000_10000_20000,2,10000,C1,compra_reserva,EQ-70,EFLUENTES,ESCALABLE,AMPLIA,1,1,625,unidad,No,,comparado por capacidad (aves/h); 
B2_5000_10000_20000,2,10000,C1,compra_reserva,EQ-73,UTILITIES,DUPLICABLE,REEMPLAZA,1,1,1250,unidad,No,,cambio de nivel S→A; comparado por capacidad (aves/h); valor residual del activo reemplazado PENDIENTE (modelo financiero)
B2_5000_10000_20000,2,10000,C1,compra_reserva,EQ-74,PROCESO,ESCALABLE,REEMPLAZA,1,1,1250,unidad,No,,cambio de nivel S→A; comparado por capacidad (aves/h); valor residual del activo reemplazado PENDIENTE (modelo financiero)
B2_5000_10000_20000,2,10000,C1,compra_reserva,EQ-75,PROCESO,DUPLICABLE,DUPLICA,1,1,625,unidad,No,,comparado por capacidad (aves/h); 
B2_5000_10000_20000,2,10000,C1,compra_reserva,EQ-37,FRIO,ESCALABLE,AMPLIA,1,1,625,unidad,No,,comparado por capacidad (aves/h); 
B2_5000_10000_20000,2,10000,C1,compra_reserva,EQ-64,FRIO,ESCALABLE,AMPLIA,1,1,625,unidad,No,,comparado por capacidad (aves/h); 
B2_5000_10000_20000,2,10000,C1,compra_reserva,EQ-65,FRIO,DUPLICABLE,REEMPLAZA,1,1,1250,unidad,No,,cambio de nivel S→A; comparado por capacidad (aves/h); valor residual del activo reemplazado PENDIENTE (modelo financiero)
B2_5000_10000_20000,2,10000,C1,compra_reserva,EQ-62,FRIO,ESCALABLE,AMPLIA,1,1,625,unidad,No,,comparado por capacidad (aves/h); 
B2_5000_10000_20000,2,10000,C1,compra_reserva,EQ-63,FRIO,ESCALABLE,AMPLIA,1,1,625,unidad,No,,comparado por capacidad (aves/h); 
B2_5000_10000_20000,2,10000,C1,compra_reserva,EQ-57,FRIO,DUPLICABLE,DUPLICA,1,1,625,unidad,No,,comparado por capacidad (aves/h); 
B2_5000_10000_20000,2,10000,C1,compra_reserva,EQ-58,FRIO,DUPLICABLE,DUPLICA,1,1,625,unidad,No,,comparado por capacidad (aves/h); 
B2_5000_10000_20000,2,10000,C1,compra_reserva,EQ-54,SERVICIOS_GENERALES,DUPLICABLE,REEMPLAZA,1,1,1250,unidad,No,,cambio de nivel S→A; comparado por capacidad (aves/h); valor residual del activo reemplazado PENDIENTE (modelo financiero)
B2_5000_10000_20000,2,10000,C1,compra_reserva,EQ-76,SERVICIOS_GENERALES,ESCALABLE,REEMPLAZA,1,1,1250,unidad,No,,cambio de nivel S→A; comparado por capacidad (aves/h); valor residual del activo reemplazado PENDIENTE (modelo financiero)
B2_5000_10000_20000,2,10000,C1,compra_reserva,EQ-01,PROCESO,REUTILIZABLE,AMPLIA_REUTILIZABLE,1,1,625,unidad,No,,comparado por capacidad (aves/h); 
B2_5000_10000_20000,2,10000,C1,compra_reserva,EQ-02,PROCESO,ESCALABLE,REEMPLAZA,1,1,1250,unidad,No,,cambio de nivel S→A; comparado por capacidad (aves/h); valor residual del activo reemplazado PENDIENTE (modelo financiero)
B2_5000_10000_20000,2,10000,C1,compra_reserva,EQ-04,PROCESO,REEMPLAZABLE,REEMPLAZA,1,1,1250,unidad,No,,comparado por capacidad (aves/h); valor residual del activo reemplazado PENDIENTE (modelo financiero)
B2_5000_10000_20000,2,10000,C1,compra_reserva,EQ-05,PROCESO,REEMPLAZABLE,REEMPLAZA,1,1,1250,unidad,No,,cambio de nivel S→A; comparado por capacidad (aves/h); valor residual del activo reemplazado PENDIENTE (modelo financiero)
B2_5000_10000_20000,2,10000,C1,compra_reserva,EQ-06,PROCESO,REUTILIZABLE,REEMPLAZA,1,1,1250,unidad,No,,cambio de nivel M→S; comparado por capacidad (aves/h); valor residual del activo reemplazado PENDIENTE (modelo financiero)
B2_5000_10000_20000,2,10000,C1,compra_reserva,EQ-07,PROCESO,ESCALABLE,AMPLIA,1,1,625,unidad,No,,comparado por capacidad (aves/h); 
B2_5000_10000_20000,2,10000,C1,compra_reserva,EQ-08,PROCESO,ESCALABLE,AMPLIA,1,1,625,unidad,No,,comparado por capacidad (aves/h); 
B2_5000_10000_20000,2,10000,C1,compra_reserva,EQ-09,PROCESO,REUTILIZABLE,AMPLIA_REUTILIZABLE,1,1,625,unidad,No,,comparado por capacidad (aves/h); 
B2_5000_10000_20000,2,10000,C1,compra_reserva,EQ-11,PROCESO,REEMPLAZABLE,REEMPLAZA,1,1,1250,unidad,No,,cambio de nivel S→A; comparado por capacidad (aves/h); valor residual del activo reemplazado PENDIENTE (modelo financiero)
B2_5000_10000_20000,2,10000,C1,compra_reserva,EQ-12,PROCESO,ESCALABLE,REEMPLAZA,1,1,1250,unidad,No,,cambio de nivel S→A; comparado por capacidad (aves/h); valor residual del activo reemplazado PENDIENTE (modelo financiero)
B2_5000_10000_20000,2,10000,C1,compra_reserva,EQ-13,PROCESO,ESCALABLE,AMPLIA,1,1,625,unidad,No,,comparado por capacidad (aves/h); 
B2_5000_10000_20000,2,10000,C1,compra_reserva,EQ-15,PROCESO,DUPLICABLE,DUPLICA,1,1,625,unidad,No,,comparado por capacidad (aves/h); 
B2_5000_10000_20000,2,10000,C1,compra_reserva,EQ-16,PROCESO,ESCALABLE,AMPLIA,1,1,625,unidad,No,,comparado por capacidad (aves/h); 
B2_5000_10000_20000,2,10000,C1,compra_reserva,EQ-17,PROCESO,REEMPLAZABLE,REEMPLAZA,1,1,1250,unidad,No,,cambio de nivel S→A; comparado por capacidad (aves/h); valor residual del activo reemplazado PENDIENTE (modelo financiero)
B2_5000_10000_20000,2,10000,C1,compra_reserva,EQ-18,PROCESO,REEMPLAZABLE,REEMPLAZA,1,1,1250,unidad,No,,cambio de nivel S→A; comparado por capacidad (aves/h); valor residual del activo reemplazado PENDIENTE (modelo financiero)
B2_5000_10000_20000,2,10000,C1,compra_reserva,EQ-19,PROCESO,REEMPLAZABLE,REEMPLAZA,1,1,1250,unidad,No,,comparado por capacidad (aves/h); valor residual del activo reemplazado PENDIENTE (modelo financiero)
B2_5000_10000_20000,2,10000,C1,compra_reserva,EQ-20,PROCESO,REUTILIZABLE,REEMPLAZA,1,1,1250,unidad,No,,cambio de nivel S→A; comparado por capacidad (aves/h); valor residual del activo reemplazado PENDIENTE (modelo financiero)
B2_5000_10000_20000,2,10000,C1,compra_reserva,EQ-21,PROCESO,ESCALABLE,AMPLIA,1,1,625,unidad,No,,comparado por capacidad (aves/h); 
B2_5000_10000_20000,2,10000,C1,compra_reserva,EQ-22,PROCESO,REEMPLAZABLE,REEMPLAZA,1,1,1250,unidad,No,,cambio de nivel S→A; comparado por capacidad (aves/h); valor residual del activo reemplazado PENDIENTE (modelo financiero)
B2_5000_10000_20000,2,10000,C1,compra_reserva,EQ-23,PROCESO,REEMPLAZABLE,REEMPLAZA,1,1,1250,unidad,No,,cambio de nivel S→A; comparado por capacidad (aves/h); valor residual del activo reemplazado PENDIENTE (modelo financiero)
B2_5000_10000_20000,2,10000,C1,compra_reserva,EQ-24,PROCESO,REEMPLAZABLE,REEMPLAZA,1,1,1250,unidad,No,,comparado por capacidad (aves/h); valor residual del activo reemplazado PENDIENTE (modelo financiero)
B2_5000_10000_20000,2,10000,C1,compra_reserva,EQ-25,PROCESO,REEMPLAZABLE,REEMPLAZA,1,1,1250,unidad,No,,cambio de nivel S→A; comparado por capacidad (aves/h); valor residual del activo reemplazado PENDIENTE (modelo financiero)
B2_5000_10000_20000,2,10000,C1,compra_reserva,EQ-26,PROCESO,DUPLICABLE,DUPLICA,1,1,625,unidad,No,,comparado por capacidad (aves/h); 
B2_5000_10000_20000,2,10000,C1,compra_reserva,EQ-27,PROCESO,REEMPLAZABLE,REEMPLAZA,1,1,1250,unidad,No,,cambio de nivel M→S; comparado por capacidad (aves/h); valor residual del activo reemplazado PENDIENTE (modelo financiero)
B2_5000_10000_20000,2,10000,C1,compra_reserva,EQ-28,PROCESO,REUTILIZABLE,REEMPLAZA,1,1,1250,unidad,No,,cambio de nivel S→A; comparado por capacidad (aves/h); valor residual del activo reemplazado PENDIENTE (modelo financiero)
B2_5000_10000_20000,2,10000,C1,compra_reserva,EQ-29,PROCESO,REEMPLAZABLE,REEMPLAZA,1,1,1250,unidad,No,,cambio de nivel M→A; comparado por capacidad (aves/h); valor residual del activo reemplazado PENDIENTE (modelo financiero)
B2_5000_10000_20000,2,10000,C1,compra_reserva,EQ-30,PROCESO,REEMPLAZABLE,REEMPLAZA,1,1,1250,unidad,No,,cambio de nivel S→A; comparado por capacidad (aves/h); valor residual del activo reemplazado PENDIENTE (modelo financiero)
B2_5000_10000_20000,2,10000,C1,compra_reserva,EQ-31,PROCESO,REUTILIZABLE,AMPLIA_REUTILIZABLE,1,1,625,unidad,No,,comparado por capacidad (aves/h); 
B2_5000_10000_20000,2,10000,C1,compra_reserva,EQ-32,PROCESO,ESCALABLE,REEMPLAZA,1,1,1250,unidad,No,,cambio de nivel S→A; comparado por capacidad (aves/h); valor residual del activo reemplazado PENDIENTE (modelo financiero)
B2_5000_10000_20000,2,10000,C1,compra_reserva,EQ-33,PROCESO,DUPLICABLE,REEMPLAZA,1,1,1250,unidad,No,,cambio de nivel S→A; comparado por capacidad (aves/h); valor residual del activo reemplazado PENDIENTE (modelo financiero)
B2_5000_10000_20000,2,10000,C1,compra_reserva,EQ-34,PROCESO,ESCALABLE,AMPLIA,1,1,625,unidad,No,,comparado por capacidad (aves/h); 
B2_5000_10000_20000,2,10000,C1,compra_reserva,EQ-35,PROCESO,ESCALABLE,AMPLIA,1,1,625,unidad,No,,comparado por capacidad (aves/h); 
B2_5000_10000_20000,2,10000,C1,compra_reserva,EQ-38,PROCESO,REEMPLAZABLE,REEMPLAZA,1,1,1250,unidad,No,,cambio de nivel S→A; comparado por capacidad (aves/h); valor residual del activo reemplazado PENDIENTE (modelo financiero)
B2_5000_10000_20000,2,10000,C1,compra_reserva,EQ-39,PROCESO,REEMPLAZABLE,REEMPLAZA,1,1,1250,unidad,No,,cambio de nivel S→A; comparado por capacidad (aves/h); valor residual del activo reemplazado PENDIENTE (modelo financiero)
B2_5000_10000_20000,2,10000,C1,compra_reserva,EQ-40,PROCESO,DUPLICABLE,DUPLICA,1,1,625,unidad,No,,comparado por capacidad (aves/h); 
B2_5000_10000_20000,2,10000,C1,compra_reserva,EQ-41,PROCESO,ESCALABLE,NUEVO,,1,1,unidad,No,,
B2_5000_10000_20000,2,10000,C1,compra_reserva,EQ-47,PROCESO,DUPLICABLE,REEMPLAZA,1,1,1250,unidad,No,,cambio de nivel O→S; comparado por capacidad (aves/h); valor residual del activo reemplazado PENDIENTE (modelo financiero)
B2_5000_10000_20000,2,10000,C1,compra_reserva,EQ-49,PROCESO,REEMPLAZABLE,REEMPLAZA,1,1,1250,unidad,No,,comparado por capacidad (aves/h); valor residual del activo reemplazado PENDIENTE (modelo financiero)
B2_5000_10000_20000,2,10000,C1,compra_reserva,EQ-50,PROCESO,DUPLICABLE,REEMPLAZA,1,1,1250,unidad,No,,cambio de nivel S→A; comparado por capacidad (aves/h); valor residual del activo reemplazado PENDIENTE (modelo financiero)
B2_5000_10000_20000,2,10000,C1,compra_reserva,EQ-51,PROCESO,DUPLICABLE,REEMPLAZA,1,1,1250,unidad,No,,cambio de nivel S→A; comparado por capacidad (aves/h); valor residual del activo reemplazado PENDIENTE (modelo financiero)
B2_5000_10000_20000,2,10000,C1,compra_reserva,EQ-53,PROCESO,DUPLICABLE,DUPLICA,1,1,625,unidad,No,,comparado por capacidad (aves/h); 
B2_5000_10000_20000,2,10000,C1,compra_reserva,EQ-55,PROCESO,DUPLICABLE,REEMPLAZA,1,1,1250,unidad,No,,cambio de nivel S→A; comparado por capacidad (aves/h); valor residual del activo reemplazado PENDIENTE (modelo financiero)
B2_5000_10000_20000,2,10000,C1,compra_reserva,EQ-56,PROCESO,DUPLICABLE,REEMPLAZA,1,1,1250,unidad,No,,cambio de nivel M→S; comparado por capacidad (aves/h); valor residual del activo reemplazado PENDIENTE (modelo financiero)
B2_5000_10000_20000,2,10000,C1,compra_reserva,EQ-66,SUBPRODUCTOS,ESCALABLE,REEMPLAZA,1,1,1250,unidad,No,,cambio de nivel S→A; comparado por capacidad (aves/h); valor residual del activo reemplazado PENDIENTE (modelo financiero)
B2_5000_10000_20000,2,10000,C1,compra_reserva,EQ-67,SUBPRODUCTOS,ESCALABLE,REEMPLAZA,1,1,1250,unidad,No,,cambio de nivel S→A; comparado por capacidad (aves/h); valor residual del activo reemplazado PENDIENTE (modelo financiero)
B2_5000_10000_20000,2,10000,C1,compra_reserva,EQ-68,SUBPRODUCTOS,ESCALABLE,REEMPLAZA,1,1,1250,unidad,No,,cambio de nivel S→A; comparado por capacidad (aves/h); valor residual del activo reemplazado PENDIENTE (modelo financiero)
B2_5000_10000_20000,2,10000,C1,compra_reserva,EQ-69,SUBPRODUCTOS,ESCALABLE,AMPLIA,1,1,625,unidad,No,,comparado por capacidad (aves/h); 
B2_5000_10000_20000,2,10000,C1,compra_reserva,EQ-14,UTILITIES,DUPLICABLE,DUPLICA,1,1,625,unidad,No,,comparado por capacidad (aves/h); 
B2_5000_10000_20000,2,10000,C1,compra_reserva,IND-ING,INDIRECTOS,ESPECIFICO_DE_FASE,NUEVO_POR_FASE,1,1,,%,Sí,,
B2_5000_10000_20000,2,10000,C1,compra_reserva,IND-ARQ,INDIRECTOS,ESPECIFICO_DE_FASE,NUEVO_POR_FASE,1,1,,%,Sí,,
B2_5000_10000_20000,2,10000,C1,compra_reserva,IND-PEJ,INDIRECTOS,ESPECIFICO_DE_FASE,NUEVO_POR_FASE,1,1,,%,Sí,,
B2_5000_10000_20000,2,10000,C1,compra_reserva,IND-DO,INDIRECTOS,ESPECIFICO_DE_FASE,NUEVO_POR_FASE,1,1,,%,Sí,,
B2_5000_10000_20000,2,10000,C1,compra_reserva,IND-PM,INDIRECTOS,ESPECIFICO_DE_FASE,NUEVO_POR_FASE,1,1,,%,Sí,,
B2_5000_10000_20000,2,10000,C1,compra_reserva,IND-PER,INDIRECTOS,ESPECIFICO_DE_FASE,NUEVO_POR_FASE,1,1,,%,Sí,,
B2_5000_10000_20000,2,10000,C1,compra_reserva,IND-EST,INDIRECTOS,ESPECIFICO_DE_FASE,NUEVO_POR_FASE,1,1,,%,Sí,,
B2_5000_10000_20000,2,10000,C1,compra_reserva,PRE-COM,PREOPERATIVOS,ESPECIFICO_DE_FASE,NUEVO_POR_FASE,1,1,,%,Sí,,
B2_5000_10000_20000,2,10000,C1,compra_reserva,PRE-PEM,PREOPERATIVOS,ESPECIFICO_DE_FASE,NUEVO_POR_FASE,1,1,,%,Sí,,
B2_5000_10000_20000,2,10000,C1,compra_reserva,PRE-CAP,PREOPERATIVOS,ESPECIFICO_DE_FASE,NUEVO_POR_FASE,1,1,,%,Sí,,
B2_5000_10000_20000,2,10000,C1,compra_reserva,PRE-PRU,PREOPERATIVOS,ESPECIFICO_DE_FASE,NUEVO_POR_FASE,1,1,,%,Sí,,
B2_5000_10000_20000,2,10000,C1,compra_reserva,PRE-REP,PREOPERATIVOS,ESPECIFICO_DE_FASE,NUEVO_POR_FASE,1,1,,%,Sí,,
B2_5000_10000_20000,2,10000,C1,compra_reserva,PRE-HER,PREOPERATIVOS,ESPECIFICO_DE_FASE,NUEVO_POR_FASE,1,1,,%,Sí,,
B2_5000_10000_20000,2,10000,C1,compra_reserva,PRE-LAB,PREOPERATIVOS,ESPECIFICO_DE_FASE,NUEVO_POR_FASE,1,1,,%,Sí,,
B2_5000_10000_20000,2,10000,C1,compra_reserva,PRE-IT,PREOPERATIVOS,ESPECIFICO_DE_FASE,NUEVO_POR_FASE,1,1,,%,Sí,,
B2_5000_10000_20000,2,10000,C1,compra_reserva,CON-DIS,CONTINGENCIA,ESPECIFICO_DE_FASE,NUEVO_POR_FASE,1,1,,%,Sí,,
B2_5000_10000_20000,2,10000,C1,compra_reserva,CON-COS,CONTINGENCIA,ESPECIFICO_DE_FASE,NUEVO_POR_FASE,1,1,,%,Sí,,
B2_5000_10000_20000,2,10000,C1,compra_reserva,CON-ESC,CONTINGENCIA,ESPECIFICO_DE_FASE,NUEVO_POR_FASE,1,1,,%,Sí,,
B2_5000_10000_20000,3,20000,C1,compra_reserva,TER-COMPRA,TERRENO,REUTILIZABLE,REUTILIZA,33344.9086,33344.9086,0,m²,Sí,0,
B2_5000_10000_20000,3,20000,C1,compra_reserva,TER-GASTOS,TERRENO,ESPECIFICO_DE_FASE,NUEVO_POR_FASE,1,1,,%,Sí,,
B2_5000_10000_20000,3,20000,C1,compra_reserva,TER-PREP,TERRENO,ESCALABLE,REUTILIZA,33344.9086,33344.9086,0,m²,Sí,0,
B2_5000_10000_20000,3,20000,C1,compra_reserva,TER-ACCESO,TERRENO,REUTILIZABLE,PENDIENTE,1,1,,lote,Sí,,
B2_5000_10000_20000,3,20000,C1,compra_reserva,TER-CONEX,TERRENO,REUTILIZABLE,PENDIENTE,1,1,,lote,Sí,,
B2_5000_10000_20000,3,20000,C1,compra_reserva,OC-RS-OBRA,OBRA_CIVIL,ESCALABLE,REUTILIZA,180,180,0,m²,Sí,0,
B2_5000_10000_20000,3,20000,C1,compra_reserva,OC-PH-OBRA,OBRA_CIVIL,ESCALABLE,AMPLIA,2608.6609,4646.77,2038.1091,m²,Sí,,
B2_5000_10000_20000,3,20000,C1,compra_reserva,OC-FR-OBRA,OBRA_CIVIL,ESCALABLE,AMPLIA,241.1455,465.9761,224.8306,m²,Sí,,
B2_5000_10000_20000,3,20000,C1,compra_reserva,OC-DK-OBRA,OBRA_CIVIL,ESCALABLE,AMPLIA,90,135,45,m²,Sí,,
B2_5000_10000_20000,3,20000,C1,compra_reserva,OC-DP-OBRA,OBRA_CIVIL,ESCALABLE,AMPLIA,397.3345,741.4353,344.1008,m²,Sí,103230.2337,costo a precio unitario de obra nueva; prima/penalidad de ampliación PENDIENTE (DPV-16-14)
B2_5000_10000_20000,3,20000,C1,compra_reserva,OC-ST-OBRA,OBRA_CIVIL,ESCALABLE,AMPLIA,266.9252,431.6307,164.7054,m²,Sí,,
B2_5000_10000_20000,3,20000,C1,compra_reserva,OC-LB-OBRA,OBRA_CIVIL,ESCALABLE,AMPLIA,29.886,52.0346,22.1486,m²,Sí,,
B2_5000_10000_20000,3,20000,C1,compra_reserva,OC-VC-OBRA,OBRA_CIVIL,ESCALABLE,AMPLIA,271.6875,507.9375,236.25,m²,Sí,,
B2_5000_10000_20000,3,20000,C1,compra_reserva,OC-OF-OBRA,OBRA_CIVIL,ESCALABLE,AMPLIA,220.1438,290.4977,70.3539,m²,Sí,,
B2_5000_10000_20000,3,20000,C1,compra_reserva,OC-EP-OBRA,OBRA_CIVIL,ESCALABLE,AMPLIA,2505.6924,3855.285,1349.5926,m²,Sí,,
B2_5000_10000_20000,3,20000,C1,compra_reserva,OC-EL-OBRA,OBRA_CIVIL,ESCALABLE,AMPLIA,1156.25,2031.25,875,m²,Sí,,
B2_5000_10000_20000,3,20000,C1,compra_reserva,OC-LV-OBRA,OBRA_CIVIL,ESCALABLE,REUTILIZA,130,130,0,m²,Sí,0,
B2_5000_10000_20000,3,20000,C1,compra_reserva,OC-IP-OBRA,OBRA_CIVIL,ESCALABLE,AMPLIA,65,130,65,m²,Sí,,
B2_5000_10000_20000,3,20000,C1,compra_reserva,OC-EF-OBRA,OBRA_CIVIL,ESCALABLE,AMPLIA,325.8017,592.1933,266.3917,m²,Sí,,
B2_5000_10000_20000,3,20000,C1,compra_reserva,OC-CER-OBRA,OBRA_CIVIL,REUTILIZABLE,REUTILIZA,745.4854,745.4854,0,m,Sí,0,
B2_5000_10000_20000,3,20000,C1,compra_reserva,OC-INF-OBRA,OBRA_CIVIL,ESCALABLE,REUTILIZA,33344.9086,33344.9086,0,m²,Sí,0,
B2_5000_10000_20000,3,20000,C1,compra_reserva,PQ-L1,PROCESO,MIXTA,PENDIENTE,1,1,,lote,Sí,,comparado por capacidad (aves/h); 
B2_5000_10000_20000,3,20000,C1,compra_reserva,PQ-L2,PROCESO,MIXTA,PENDIENTE,1,1,,lote,Sí,,comparado por capacidad (aves/h); 
B2_5000_10000_20000,3,20000,C1,compra_reserva,PQ-L3,PROCESO,MIXTA,PENDIENTE,1,1,,lote,Sí,,comparado por capacidad (aves/h); 
B2_5000_10000_20000,3,20000,C1,compra_reserva,PQ-L4,PROCESO,MIXTA,PENDIENTE,1,1,,lote,Sí,,comparado por capacidad (aves/h); 
B2_5000_10000_20000,3,20000,C1,compra_reserva,PQ-L5,PROCESO,MIXTA,PENDIENTE,1,1,,lote,Sí,,comparado por capacidad (aves/h); 
B2_5000_10000_20000,3,20000,C1,compra_reserva,PQ-L6,PROCESO,MIXTA,PENDIENTE,1,1,,lote,Sí,,comparado por capacidad (aves/h); 
B2_5000_10000_20000,3,20000,C1,compra_reserva,PQ-L7,PROCESO,MIXTA,PENDIENTE,1,1,,lote,Sí,,comparado por capacidad (aves/h); 
B2_5000_10000_20000,3,20000,C1,compra_reserva,EQ-LIM,PROCESO,ESCALABLE,PENDIENTE,1,1,,lote,Sí,,
B2_5000_10000_20000,3,20000,C1,compra_reserva,SB-L9,SUBPRODUCTOS,ESCALABLE,AMPLIA,1,1,5.28,lote,Sí,,comparado por capacidad (t/d); 
B2_5000_10000_20000,3,20000,C1,compra_reserva,FR-PAQ,FRIO,ESCALABLE,AMPLIA,1,1,246,lote,Sí,,comparado por capacidad (kWf); 
B2_5000_10000_20000,3,20000,C1,compra_reserva,FR-PAN,FRIO,ESCALABLE,AMPLIA,241.1455,465.9761,224.8306,m²,No,,
B2_5000_10000_20000,3,20000,C1,compra_reserva,FR-COMP,FRIO,DUPLICABLE,PENDIENTE,,,,kWf,No,,
B2_5000_10000_20000,3,20000,C1,compra_reserva,FR-COND,FRIO,DUPLICABLE,PENDIENTE,,,,kWf,No,,
B2_5000_10000_20000,3,20000,C1,compra_reserva,FR-EVAP,FRIO,DUPLICABLE,PENDIENTE,,,,kWf,No,,
B2_5000_10000_20000,3,20000,C1,compra_reserva,FR-PIP,FRIO,ESCALABLE,PENDIENTE,1,1,,lote,No,,
B2_5000_10000_20000,3,20000,C1,compra_reserva,FR-REF,FRIO,ESCALABLE,PENDIENTE,1,1,,lote,No,,
B2_5000_10000_20000,3,20000,C1,compra_reserva,FR-CTL,FRIO,ESCALABLE,PENDIENTE,1,1,,lote,No,,
B2_5000_10000_20000,3,20000,C1,compra_reserva,FR-AGH,FRIO,ESCALABLE,AMPLIA,69.1853,138.3706,69.1853,kWf,No,,
B2_5000_10000_20000,3,20000,C1,compra_reserva,FR-DCK,FRIO,DUPLICABLE,PENDIENTE,,,,unidad,No,,
B2_5000_10000_20000,3,20000,C1,compra_reserva,FR-TUN,FRIO,DUPLICABLE,DUPLICA,2.3965,4.793,2.3965,t/día,No,,
B2_5000_10000_20000,3,20000,C1,compra_reserva,AG-CAP,UTILITIES,ESCALABLE,AMPLIA,250,500,250,m³/d,Sí,,
B2_5000_10000_20000,3,20000,C1,compra_reserva,AG-ALM,UTILITIES,DUPLICABLE,DUPLICA,250,500,250,m³,Sí,,
B2_5000_10000_20000,3,20000,C1,compra_reserva,AG-TRA,UTILITIES,ESCALABLE,AMPLIA,37.5,75,37.5,m³/h,Sí,,
B2_5000_10000_20000,3,20000,C1,compra_reserva,AG-BOM,UTILITIES,DUPLICABLE,DUPLICA,37.5,75,37.5,m³/h,Sí,,
B2_5000_10000_20000,3,20000,C1,compra_reserva,AG-DIS,UTILITIES,ESCALABLE,AMPLIA,4305.7834,7451.2818,3145.4983,m²,Sí,,
B2_5000_10000_20000,3,20000,C1,compra_reserva,EF-PAQ,EFLUENTES,ESCALABLE,AMPLIA,1,1,220,lote,Sí,,comparado por capacidad (m³/d); 
B2_5000_10000_20000,3,20000,C1,compra_reserva,EF-PRE,EFLUENTES,ESCALABLE,AMPLIA,33,66,33,m³/h,No,,
B2_5000_10000_20000,3,20000,C1,compra_reserva,EF-ECU,EFLUENTES,ESCALABLE,AMPLIA,220,440,220,m³,No,,
B2_5000_10000_20000,3,20000,C1,compra_reserva,EF-DAF,EFLUENTES,ESCALABLE,AMPLIA,33,66,33,m³/h,No,,
B2_5000_10000_20000,3,20000,C1,compra_reserva,EF-BIO,EFLUENTES,ESCALABLE,AMPLIA,1188,2376,1188,kg DQO/d,No,,
B2_5000_10000_20000,3,20000,C1,compra_reserva,EF-LOD,EFLUENTES,ESCALABLE,PENDIENTE,,,,kg MS/d,No,,
B2_5000_10000_20000,3,20000,C1,compra_reserva,EF-INF,EFLUENTES,ESCALABLE,PENDIENTE,1,1,,lote,No,,
B2_5000_10000_20000,3,20000,C1,compra_reserva,EL-ACO,UTILITIES,REUTILIZABLE,PENDIENTE,1,1,,lote,Sí,,
B2_5000_10000_20000,3,20000,C1,compra_reserva,EL-TRA,UTILITIES,ESCALABLE,PENDIENTE,,,,kVA,Sí,,
B2_5000_10000_20000,3,20000,C1,compra_reserva,EL-TAB,UTILITIES,ESCALABLE,PENDIENTE,1,1,,lote,Sí,,
B2_5000_10000_20000,3,20000,C1,compra_reserva,EL-DIS,UTILITIES,ESCALABLE,AMPLIA,4305.7834,7451.2818,3145.4983,m²,Sí,,
B2_5000_10000_20000,3,20000,C1,compra_reserva,EL-UPS,UTILITIES,DUPLICABLE,PENDIENTE,,,,kVA,Sí,,
B2_5000_10000_20000,3,20000,C1,compra_reserva,EL-GEN,UTILITIES,DUPLICABLE,PENDIENTE,,,,kVA,Sí,,
B2_5000_10000_20000,3,20000,C1,compra_reserva,TE-GEN,UTILITIES,DUPLICABLE,PENDIENTE,,,,kWt,Sí,,
B2_5000_10000_20000,3,20000,C1,compra_reserva,TE-COM,UTILITIES,ESCALABLE,PENDIENTE,1,1,,lote,Sí,,
B2_5000_10000_20000,3,20000,C1,compra_reserva,TE-DIS,UTILITIES,ESCALABLE,PENDIENTE,1,1,,lote,Sí,,
B2_5000_10000_20000,3,20000,C1,compra_reserva,AC-COM,UTILITIES,DUPLICABLE,PENDIENTE,,,,m³/min,Sí,,
B2_5000_10000_20000,3,20000,C1,compra_reserva,IT-HW,SERVICIOS_GENERALES,ESCALABLE,PENDIENTE,1,1,,lote,Sí,,
B2_5000_10000_20000,3,20000,C1,compra_reserva,IT-SW,SERVICIOS_GENERALES,REUTILIZABLE,PENDIENTE,1,1,,lote,Sí,,
B2_5000_10000_20000,3,20000,C1,compra_reserva,IT-SEN,SERVICIOS_GENERALES,ESCALABLE,PENDIENTE,1,1,,lote,Sí,,
B2_5000_10000_20000,3,20000,C1,compra_reserva,IT-RED,SERVICIOS_GENERALES,ESCALABLE,PENDIENTE,1,1,,lote,Sí,,
B2_5000_10000_20000,3,20000,C1,compra_reserva,IT-ETQ,SERVICIOS_GENERALES,DUPLICABLE,PENDIENTE,,,,unidad,Sí,,
B2_5000_10000_20000,3,20000,C1,compra_reserva,LAB-EQ,SERVICIOS_GENERALES,REUTILIZABLE,PENDIENTE,1,1,,lote,Sí,,
B2_5000_10000_20000,3,20000,C1,compra_reserva,SI-DET,SERVICIOS_GENERALES,ESCALABLE,PENDIENTE,1,1,,lote,Sí,,
B2_5000_10000_20000,3,20000,C1,compra_reserva,SI-COM,SERVICIOS_GENERALES,ESCALABLE,PENDIENTE,1,1,,lote,Sí,,
B2_5000_10000_20000,3,20000,C1,compra_reserva,SI-PRO,SERVICIOS_GENERALES,ESCALABLE,PENDIENTE,1,1,,lote,Sí,,
B2_5000_10000_20000,3,20000,C1,compra_reserva,PER-EQ,SERVICIOS_GENERALES,ESCALABLE,PENDIENTE,1,1,,lote,Sí,,
B2_5000_10000_20000,3,20000,C1,compra_reserva,MOB-OF,SERVICIOS_GENERALES,REUTILIZABLE,PENDIENTE,1,1,,lote,Sí,,
B2_5000_10000_20000,3,20000,C1,compra_reserva,EQ-71,UTILITIES,DUPLICABLE,DUPLICA,1,1,1250,unidad,No,,comparado por capacidad (aves/h); 
B2_5000_10000_20000,3,20000,C1,compra_reserva,EQ-72,UTILITIES,ESCALABLE,AMPLIA,1,1,1250,unidad,No,,comparado por capacidad (aves/h); 
B2_5000_10000_20000,3,20000,C1,compra_reserva,EQ-70,EFLUENTES,ESCALABLE,AMPLIA,1,1,1250,unidad,No,,comparado por capacidad (aves/h); 
B2_5000_10000_20000,3,20000,C1,compra_reserva,EQ-73,UTILITIES,DUPLICABLE,DUPLICA,1,1,1250,unidad,No,,comparado por capacidad (aves/h); 
B2_5000_10000_20000,3,20000,C1,compra_reserva,EQ-74,PROCESO,ESCALABLE,AMPLIA,1,1,1250,unidad,No,,comparado por capacidad (aves/h); 
B2_5000_10000_20000,3,20000,C1,compra_reserva,EQ-75,PROCESO,DUPLICABLE,DUPLICA,1,1,1250,unidad,No,,comparado por capacidad (aves/h); 
B2_5000_10000_20000,3,20000,C1,compra_reserva,EQ-37,FRIO,ESCALABLE,AMPLIA,1,1,1250,unidad,No,,comparado por capacidad (aves/h); 
B2_5000_10000_20000,3,20000,C1,compra_reserva,EQ-64,FRIO,ESCALABLE,AMPLIA,1,1,1250,unidad,No,,comparado por capacidad (aves/h); 
B2_5000_10000_20000,3,20000,C1,compra_reserva,EQ-65,FRIO,DUPLICABLE,DUPLICA,1,1,1250,unidad,No,,comparado por capacidad (aves/h); 
B2_5000_10000_20000,3,20000,C1,compra_reserva,EQ-62,FRIO,ESCALABLE,AMPLIA,1,1,1250,unidad,No,,comparado por capacidad (aves/h); 
B2_5000_10000_20000,3,20000,C1,compra_reserva,EQ-63,FRIO,ESCALABLE,AMPLIA,1,1,1250,unidad,No,,comparado por capacidad (aves/h); 
B2_5000_10000_20000,3,20000,C1,compra_reserva,EQ-57,FRIO,DUPLICABLE,REEMPLAZA,1,1,2500,unidad,No,,cambio de nivel S→A; comparado por capacidad (aves/h); valor residual del activo reemplazado PENDIENTE (modelo financiero)
B2_5000_10000_20000,3,20000,C1,compra_reserva,EQ-58,FRIO,DUPLICABLE,REEMPLAZA,1,1,2500,unidad,No,,cambio de nivel O→A; comparado por capacidad (aves/h); valor residual del activo reemplazado PENDIENTE (modelo financiero)
B2_5000_10000_20000,3,20000,C1,compra_reserva,EQ-59,FRIO,REEMPLAZABLE,NUEVO,,1,1,unidad,No,,
B2_5000_10000_20000,3,20000,C1,compra_reserva,EQ-54,SERVICIOS_GENERALES,DUPLICABLE,DUPLICA,1,1,1250,unidad,No,,comparado por capacidad (aves/h); 
B2_5000_10000_20000,3,20000,C1,compra_reserva,EQ-76,SERVICIOS_GENERALES,ESCALABLE,AMPLIA,1,1,1250,unidad,No,,comparado por capacidad (aves/h); 
B2_5000_10000_20000,3,20000,C1,compra_reserva,EQ-01,PROCESO,REUTILIZABLE,AMPLIA_REUTILIZABLE,1,1,1250,unidad,No,,comparado por capacidad (aves/h); 
B2_5000_10000_20000,3,20000,C1,compra_reserva,EQ-02,PROCESO,ESCALABLE,AMPLIA,1,1,1250,unidad,No,,comparado por capacidad (aves/h); 
B2_5000_10000_20000,3,20000,C1,compra_reserva,EQ-04,PROCESO,REEMPLAZABLE,REEMPLAZA,1,1,2500,unidad,No,,cambio de nivel S→A; comparado por capacidad (aves/h); valor residual del activo reemplazado PENDIENTE (modelo financiero)
B2_5000_10000_20000,3,20000,C1,compra_reserva,EQ-05,PROCESO,REEMPLAZABLE,REEMPLAZA,1,1,2500,unidad,No,,comparado por capacidad (aves/h); valor residual del activo reemplazado PENDIENTE (modelo financiero)
B2_5000_10000_20000,3,20000,C1,compra_reserva,EQ-06,PROCESO,REUTILIZABLE,AMPLIA_REUTILIZABLE,1,1,1250,unidad,No,,comparado por capacidad (aves/h); 
B2_5000_10000_20000,3,20000,C1,compra_reserva,EQ-07,PROCESO,ESCALABLE,AMPLIA,1,1,1250,unidad,No,,comparado por capacidad (aves/h); 
B2_5000_10000_20000,3,20000,C1,compra_reserva,EQ-08,PROCESO,ESCALABLE,AMPLIA,1,1,1250,unidad,No,,comparado por capacidad (aves/h); 
B2_5000_10000_20000,3,20000,C1,compra_reserva,EQ-09,PROCESO,REUTILIZABLE,AMPLIA_REUTILIZABLE,1,1,1250,unidad,No,,comparado por capacidad (aves/h); 
B2_5000_10000_20000,3,20000,C1,compra_reserva,EQ-11,PROCESO,REEMPLAZABLE,REEMPLAZA,1,1,2500,unidad,No,,comparado por capacidad (aves/h); valor residual del activo reemplazado PENDIENTE (modelo financiero)
B2_5000_10000_20000,3,20000,C1,compra_reserva,EQ-12,PROCESO,ESCALABLE,AMPLIA,1,1,1250,unidad,No,,comparado por capacidad (aves/h); 
B2_5000_10000_20000,3,20000,C1,compra_reserva,EQ-13,PROCESO,ESCALABLE,AMPLIA,1,1,1250,unidad,No,,comparado por capacidad (aves/h); 
B2_5000_10000_20000,3,20000,C1,compra_reserva,EQ-15,PROCESO,DUPLICABLE,DUPLICA,1,1,1250,unidad,No,,comparado por capacidad (aves/h); 
B2_5000_10000_20000,3,20000,C1,compra_reserva,EQ-16,PROCESO,ESCALABLE,AMPLIA,1,1,1250,unidad,No,,comparado por capacidad (aves/h); 
B2_5000_10000_20000,3,20000,C1,compra_reserva,EQ-17,PROCESO,REEMPLAZABLE,REEMPLAZA,1,1,2500,unidad,No,,comparado por capacidad (aves/h); valor residual del activo reemplazado PENDIENTE (modelo financiero)
B2_5000_10000_20000,3,20000,C1,compra_reserva,EQ-18,PROCESO,REEMPLAZABLE,REEMPLAZA,1,1,2500,unidad,No,,comparado por capacidad (aves/h); valor residual del activo reemplazado PENDIENTE (modelo financiero)
B2_5000_10000_20000,3,20000,C1,compra_reserva,EQ-19,PROCESO,REEMPLAZABLE,REEMPLAZA,1,1,2500,unidad,No,,cambio de nivel M→A; comparado por capacidad (aves/h); valor residual del activo reemplazado PENDIENTE (modelo financiero)
B2_5000_10000_20000,3,20000,C1,compra_reserva,EQ-20,PROCESO,REUTILIZABLE,AMPLIA_REUTILIZABLE,1,1,1250,unidad,No,,comparado por capacidad (aves/h); 
B2_5000_10000_20000,3,20000,C1,compra_reserva,EQ-21,PROCESO,ESCALABLE,AMPLIA,1,1,1250,unidad,No,,comparado por capacidad (aves/h); 
B2_5000_10000_20000,3,20000,C1,compra_reserva,EQ-22,PROCESO,REEMPLAZABLE,REEMPLAZA,1,1,2500,unidad,No,,comparado por capacidad (aves/h); valor residual del activo reemplazado PENDIENTE (modelo financiero)
B2_5000_10000_20000,3,20000,C1,compra_reserva,EQ-23,PROCESO,REEMPLAZABLE,REEMPLAZA,1,1,2500,unidad,No,,comparado por capacidad (aves/h); valor residual del activo reemplazado PENDIENTE (modelo financiero)
B2_5000_10000_20000,3,20000,C1,compra_reserva,EQ-24,PROCESO,REEMPLAZABLE,REEMPLAZA,1,1,2500,unidad,No,,comparado por capacidad (aves/h); valor residual del activo reemplazado PENDIENTE (modelo financiero)
B2_5000_10000_20000,3,20000,C1,compra_reserva,EQ-25,PROCESO,REEMPLAZABLE,REEMPLAZA,1,1,2500,unidad,No,,comparado por capacidad (aves/h); valor residual del activo reemplazado PENDIENTE (modelo financiero)
B2_5000_10000_20000,3,20000,C1,compra_reserva,EQ-26,PROCESO,DUPLICABLE,DUPLICA,1,1,1250,unidad,No,,comparado por capacidad (aves/h); 
B2_5000_10000_20000,3,20000,C1,compra_reserva,EQ-27,PROCESO,REEMPLAZABLE,REEMPLAZA,1,1,2500,unidad,No,,cambio de nivel S→A; comparado por capacidad (aves/h); valor residual del activo reemplazado PENDIENTE (modelo financiero)
B2_5000_10000_20000,3,20000,C1,compra_reserva,EQ-28,PROCESO,REUTILIZABLE,AMPLIA_REUTILIZABLE,1,1,1250,unidad,No,,comparado por capacidad (aves/h); 
B2_5000_10000_20000,3,20000,C1,compra_reserva,EQ-29,PROCESO,REEMPLAZABLE,REEMPLAZA,1,1,2500,unidad,No,,comparado por capacidad (aves/h); valor residual del activo reemplazado PENDIENTE (modelo financiero)
B2_5000_10000_20000,3,20000,C1,compra_reserva,EQ-30,PROCESO,REEMPLAZABLE,REEMPLAZA,1,1,2500,unidad,No,,comparado por capacidad (aves/h); valor residual del activo reemplazado PENDIENTE (modelo financiero)
B2_5000_10000_20000,3,20000,C1,compra_reserva,EQ-31,PROCESO,REUTILIZABLE,AMPLIA_REUTILIZABLE,1,1,1250,unidad,No,,comparado por capacidad (aves/h); 
B2_5000_10000_20000,3,20000,C1,compra_reserva,EQ-32,PROCESO,ESCALABLE,AMPLIA,1,1,1250,unidad,No,,comparado por capacidad (aves/h); 
B2_5000_10000_20000,3,20000,C1,compra_reserva,EQ-33,PROCESO,DUPLICABLE,DUPLICA,1,1,1250,unidad,No,,comparado por capacidad (aves/h); 
B2_5000_10000_20000,3,20000,C1,compra_reserva,EQ-34,PROCESO,ESCALABLE,AMPLIA,1,1,1250,unidad,No,,comparado por capacidad (aves/h); 
B2_5000_10000_20000,3,20000,C1,compra_reserva,EQ-35,PROCESO,ESCALABLE,AMPLIA,1,1,1250,unidad,No,,comparado por capacidad (aves/h); 
B2_5000_10000_20000,3,20000,C1,compra_reserva,EQ-38,PROCESO,REEMPLAZABLE,REEMPLAZA,1,1,2500,unidad,No,,comparado por capacidad (aves/h); valor residual del activo reemplazado PENDIENTE (modelo financiero)
B2_5000_10000_20000,3,20000,C1,compra_reserva,EQ-39,PROCESO,REEMPLAZABLE,REEMPLAZA,1,1,2500,unidad,No,,comparado por capacidad (aves/h); valor residual del activo reemplazado PENDIENTE (modelo financiero)
B2_5000_10000_20000,3,20000,C1,compra_reserva,EQ-40,PROCESO,DUPLICABLE,DUPLICA,1,1,1250,unidad,No,,comparado por capacidad (aves/h); 
B2_5000_10000_20000,3,20000,C1,compra_reserva,EQ-41,PROCESO,ESCALABLE,REEMPLAZA,1,1,2500,unidad,No,,cambio de nivel S→A; comparado por capacidad (aves/h); valor residual del activo reemplazado PENDIENTE (modelo financiero)
B2_5000_10000_20000,3,20000,C1,compra_reserva,EQ-47,PROCESO,DUPLICABLE,DUPLICA,1,1,1250,unidad,No,,comparado por capacidad (aves/h); 
B2_5000_10000_20000,3,20000,C1,compra_reserva,EQ-49,PROCESO,REEMPLAZABLE,REEMPLAZA,1,1,2500,unidad,No,,cambio de nivel S→A; comparado por capacidad (aves/h); valor residual del activo reemplazado PENDIENTE (modelo financiero)
B2_5000_10000_20000,3,20000,C1,compra_reserva,EQ-50,PROCESO,DUPLICABLE,DUPLICA,1,1,1250,unidad,No,,comparado por capacidad (aves/h); 
B2_5000_10000_20000,3,20000,C1,compra_reserva,EQ-51,PROCESO,DUPLICABLE,DUPLICA,1,1,1250,unidad,No,,comparado por capacidad (aves/h); 
B2_5000_10000_20000,3,20000,C1,compra_reserva,EQ-52,PROCESO,DUPLICABLE,NUEVO,,1,1,unidad,No,,
B2_5000_10000_20000,3,20000,C1,compra_reserva,EQ-53,PROCESO,DUPLICABLE,DUPLICA,1,1,1250,unidad,No,,comparado por capacidad (aves/h); 
B2_5000_10000_20000,3,20000,C1,compra_reserva,EQ-55,PROCESO,DUPLICABLE,DUPLICA,1,1,1250,unidad,No,,comparado por capacidad (aves/h); 
B2_5000_10000_20000,3,20000,C1,compra_reserva,EQ-56,PROCESO,DUPLICABLE,DUPLICA,1,1,1250,unidad,No,,comparado por capacidad (aves/h); 
B2_5000_10000_20000,3,20000,C1,compra_reserva,EQ-66,SUBPRODUCTOS,ESCALABLE,AMPLIA,1,1,1250,unidad,No,,comparado por capacidad (aves/h); 
B2_5000_10000_20000,3,20000,C1,compra_reserva,EQ-67,SUBPRODUCTOS,ESCALABLE,AMPLIA,1,1,1250,unidad,No,,comparado por capacidad (aves/h); 
B2_5000_10000_20000,3,20000,C1,compra_reserva,EQ-68,SUBPRODUCTOS,ESCALABLE,AMPLIA,1,1,1250,unidad,No,,comparado por capacidad (aves/h); 
B2_5000_10000_20000,3,20000,C1,compra_reserva,EQ-69,SUBPRODUCTOS,ESCALABLE,REEMPLAZA,1,1,2500,unidad,No,,cambio de nivel S→A; comparado por capacidad (aves/h); valor residual del activo reemplazado PENDIENTE (modelo financiero)
B2_5000_10000_20000,3,20000,C1,compra_reserva,EQ-14,UTILITIES,DUPLICABLE,DUPLICA,1,1,1250,unidad,No,,comparado por capacidad (aves/h); 
B2_5000_10000_20000,3,20000,C1,compra_reserva,IND-ING,INDIRECTOS,ESPECIFICO_DE_FASE,NUEVO_POR_FASE,1,1,,%,Sí,,
B2_5000_10000_20000,3,20000,C1,compra_reserva,IND-ARQ,INDIRECTOS,ESPECIFICO_DE_FASE,NUEVO_POR_FASE,1,1,,%,Sí,,
B2_5000_10000_20000,3,20000,C1,compra_reserva,IND-PEJ,INDIRECTOS,ESPECIFICO_DE_FASE,NUEVO_POR_FASE,1,1,,%,Sí,,
B2_5000_10000_20000,3,20000,C1,compra_reserva,IND-DO,INDIRECTOS,ESPECIFICO_DE_FASE,NUEVO_POR_FASE,1,1,,%,Sí,,
B2_5000_10000_20000,3,20000,C1,compra_reserva,IND-PM,INDIRECTOS,ESPECIFICO_DE_FASE,NUEVO_POR_FASE,1,1,,%,Sí,,
B2_5000_10000_20000,3,20000,C1,compra_reserva,IND-PER,INDIRECTOS,ESPECIFICO_DE_FASE,NUEVO_POR_FASE,1,1,,%,Sí,,
B2_5000_10000_20000,3,20000,C1,compra_reserva,IND-EST,INDIRECTOS,ESPECIFICO_DE_FASE,NUEVO_POR_FASE,1,1,,%,Sí,,
B2_5000_10000_20000,3,20000,C1,compra_reserva,PRE-COM,PREOPERATIVOS,ESPECIFICO_DE_FASE,NUEVO_POR_FASE,1,1,,%,Sí,,
B2_5000_10000_20000,3,20000,C1,compra_reserva,PRE-PEM,PREOPERATIVOS,ESPECIFICO_DE_FASE,NUEVO_POR_FASE,1,1,,%,Sí,,
B2_5000_10000_20000,3,20000,C1,compra_reserva,PRE-CAP,PREOPERATIVOS,ESPECIFICO_DE_FASE,NUEVO_POR_FASE,1,1,,%,Sí,,
B2_5000_10000_20000,3,20000,C1,compra_reserva,PRE-PRU,PREOPERATIVOS,ESPECIFICO_DE_FASE,NUEVO_POR_FASE,1,1,,%,Sí,,
B2_5000_10000_20000,3,20000,C1,compra_reserva,PRE-REP,PREOPERATIVOS,ESPECIFICO_DE_FASE,NUEVO_POR_FASE,1,1,,%,Sí,,
B2_5000_10000_20000,3,20000,C1,compra_reserva,PRE-HER,PREOPERATIVOS,ESPECIFICO_DE_FASE,NUEVO_POR_FASE,1,1,,%,Sí,,
B2_5000_10000_20000,3,20000,C1,compra_reserva,PRE-LAB,PREOPERATIVOS,ESPECIFICO_DE_FASE,NUEVO_POR_FASE,1,1,,%,Sí,,
B2_5000_10000_20000,3,20000,C1,compra_reserva,PRE-IT,PREOPERATIVOS,ESPECIFICO_DE_FASE,NUEVO_POR_FASE,1,1,,%,Sí,,
B2_5000_10000_20000,3,20000,C1,compra_reserva,CON-DIS,CONTINGENCIA,ESPECIFICO_DE_FASE,NUEVO_POR_FASE,1,1,,%,Sí,,
B2_5000_10000_20000,3,20000,C1,compra_reserva,CON-COS,CONTINGENCIA,ESPECIFICO_DE_FASE,NUEVO_POR_FASE,1,1,,%,Sí,,
B2_5000_10000_20000,3,20000,C1,compra_reserva,CON-ESC,CONTINGENCIA,ESPECIFICO_DE_FASE,NUEVO_POR_FASE,1,1,,%,Sí,,
C_10000_a_20000,1,10000,C1,compra_reserva,TER-COMPRA,TERRENO,REUTILIZABLE,INICIAL,,33344.9086,33344.9086,m²,Sí,,
C_10000_a_20000,1,10000,C1,compra_reserva,TER-GASTOS,TERRENO,ESPECIFICO_DE_FASE,INICIAL,,1,1,%,Sí,,
C_10000_a_20000,1,10000,C1,compra_reserva,TER-PREP,TERRENO,ESCALABLE,INICIAL,,33344.9086,33344.9086,m²,Sí,,
C_10000_a_20000,1,10000,C1,compra_reserva,TER-ACCESO,TERRENO,REUTILIZABLE,INICIAL,,1,1,lote,Sí,,
C_10000_a_20000,1,10000,C1,compra_reserva,TER-CONEX,TERRENO,REUTILIZABLE,INICIAL,,1,1,lote,Sí,,
C_10000_a_20000,1,10000,C1,compra_reserva,OC-RS-OBRA,OBRA_CIVIL,ESCALABLE,INICIAL,,180,180,m²,Sí,,
C_10000_a_20000,1,10000,C1,compra_reserva,OC-PH-OBRA,OBRA_CIVIL,ESCALABLE,INICIAL,,2608.6609,2608.6609,m²,Sí,,
C_10000_a_20000,1,10000,C1,compra_reserva,OC-FR-OBRA,OBRA_CIVIL,ESCALABLE,INICIAL,,241.1455,241.1455,m²,Sí,,
C_10000_a_20000,1,10000,C1,compra_reserva,OC-DK-OBRA,OBRA_CIVIL,ESCALABLE,INICIAL,,90,90,m²,Sí,,
C_10000_a_20000,1,10000,C1,compra_reserva,OC-DP-OBRA,OBRA_CIVIL,ESCALABLE,INICIAL,,397.3345,397.3345,m²,Sí,119200.3424,
C_10000_a_20000,1,10000,C1,compra_reserva,OC-ST-OBRA,OBRA_CIVIL,ESCALABLE,INICIAL,,266.9252,266.9252,m²,Sí,,
C_10000_a_20000,1,10000,C1,compra_reserva,OC-LB-OBRA,OBRA_CIVIL,ESCALABLE,INICIAL,,29.886,29.886,m²,Sí,,
C_10000_a_20000,1,10000,C1,compra_reserva,OC-VC-OBRA,OBRA_CIVIL,ESCALABLE,INICIAL,,271.6875,271.6875,m²,Sí,,
C_10000_a_20000,1,10000,C1,compra_reserva,OC-OF-OBRA,OBRA_CIVIL,ESCALABLE,INICIAL,,220.1438,220.1438,m²,Sí,,
C_10000_a_20000,1,10000,C1,compra_reserva,OC-EP-OBRA,OBRA_CIVIL,ESCALABLE,INICIAL,,2505.6924,2505.6924,m²,Sí,,
C_10000_a_20000,1,10000,C1,compra_reserva,OC-EL-OBRA,OBRA_CIVIL,ESCALABLE,INICIAL,,1156.25,1156.25,m²,Sí,,
C_10000_a_20000,1,10000,C1,compra_reserva,OC-LV-OBRA,OBRA_CIVIL,ESCALABLE,INICIAL,,130,130,m²,Sí,,
C_10000_a_20000,1,10000,C1,compra_reserva,OC-IP-OBRA,OBRA_CIVIL,ESCALABLE,INICIAL,,65,65,m²,Sí,,
C_10000_a_20000,1,10000,C1,compra_reserva,OC-EF-OBRA,OBRA_CIVIL,ESCALABLE,INICIAL,,325.8017,325.8017,m²,Sí,,
C_10000_a_20000,1,10000,C1,compra_reserva,OC-CER-OBRA,OBRA_CIVIL,REUTILIZABLE,INICIAL,,745.4854,745.4854,m,Sí,,
C_10000_a_20000,1,10000,C1,compra_reserva,OC-INF-OBRA,OBRA_CIVIL,ESCALABLE,INICIAL,,33344.9086,33344.9086,m²,Sí,,
C_10000_a_20000,1,10000,C1,compra_reserva,PQ-L1,PROCESO,MIXTA,INICIAL,,1,1,lote,Sí,,
C_10000_a_20000,1,10000,C1,compra_reserva,PQ-L2,PROCESO,MIXTA,INICIAL,,1,1,lote,Sí,,
C_10000_a_20000,1,10000,C1,compra_reserva,PQ-L3,PROCESO,MIXTA,INICIAL,,1,1,lote,Sí,,
C_10000_a_20000,1,10000,C1,compra_reserva,PQ-L4,PROCESO,MIXTA,INICIAL,,1,1,lote,Sí,,
C_10000_a_20000,1,10000,C1,compra_reserva,PQ-L5,PROCESO,MIXTA,INICIAL,,1,1,lote,Sí,,
C_10000_a_20000,1,10000,C1,compra_reserva,PQ-L6,PROCESO,MIXTA,INICIAL,,1,1,lote,Sí,,
C_10000_a_20000,1,10000,C1,compra_reserva,PQ-L7,PROCESO,MIXTA,INICIAL,,1,1,lote,Sí,,
C_10000_a_20000,1,10000,C1,compra_reserva,EQ-LIM,PROCESO,ESCALABLE,INICIAL,,1,1,lote,Sí,,
C_10000_a_20000,1,10000,C1,compra_reserva,SB-L9,SUBPRODUCTOS,ESCALABLE,INICIAL,,1,1,lote,Sí,,
C_10000_a_20000,1,10000,C1,compra_reserva,FR-PAQ,FRIO,ESCALABLE,INICIAL,,1,1,lote,Sí,,
C_10000_a_20000,1,10000,C1,compra_reserva,FR-PAN,FRIO,ESCALABLE,INICIAL,,241.1455,241.1455,m²,No,,
C_10000_a_20000,1,10000,C1,compra_reserva,FR-COMP,FRIO,DUPLICABLE,INICIAL,,,,kWf,No,,
C_10000_a_20000,1,10000,C1,compra_reserva,FR-COND,FRIO,DUPLICABLE,INICIAL,,,,kWf,No,,
C_10000_a_20000,1,10000,C1,compra_reserva,FR-EVAP,FRIO,DUPLICABLE,INICIAL,,,,kWf,No,,
C_10000_a_20000,1,10000,C1,compra_reserva,FR-PIP,FRIO,ESCALABLE,INICIAL,,1,1,lote,No,,
C_10000_a_20000,1,10000,C1,compra_reserva,FR-REF,FRIO,ESCALABLE,INICIAL,,1,1,lote,No,,
C_10000_a_20000,1,10000,C1,compra_reserva,FR-CTL,FRIO,ESCALABLE,INICIAL,,1,1,lote,No,,
C_10000_a_20000,1,10000,C1,compra_reserva,FR-AGH,FRIO,ESCALABLE,INICIAL,,69.1853,69.1853,kWf,No,,
C_10000_a_20000,1,10000,C1,compra_reserva,FR-DCK,FRIO,DUPLICABLE,INICIAL,,,,unidad,No,,
C_10000_a_20000,1,10000,C1,compra_reserva,FR-TUN,FRIO,DUPLICABLE,INICIAL,,2.3965,2.3965,t/día,No,,
C_10000_a_20000,1,10000,C1,compra_reserva,AG-CAP,UTILITIES,ESCALABLE,INICIAL,,250,250,m³/d,Sí,,
C_10000_a_20000,1,10000,C1,compra_reserva,AG-ALM,UTILITIES,DUPLICABLE,INICIAL,,250,250,m³,Sí,,
C_10000_a_20000,1,10000,C1,compra_reserva,AG-TRA,UTILITIES,ESCALABLE,INICIAL,,37.5,37.5,m³/h,Sí,,
C_10000_a_20000,1,10000,C1,compra_reserva,AG-BOM,UTILITIES,DUPLICABLE,INICIAL,,37.5,37.5,m³/h,Sí,,
C_10000_a_20000,1,10000,C1,compra_reserva,AG-DIS,UTILITIES,ESCALABLE,INICIAL,,4305.7834,4305.7834,m²,Sí,,
C_10000_a_20000,1,10000,C1,compra_reserva,EF-PAQ,EFLUENTES,ESCALABLE,INICIAL,,1,1,lote,Sí,,
C_10000_a_20000,1,10000,C1,compra_reserva,EF-PRE,EFLUENTES,ESCALABLE,INICIAL,,33,33,m³/h,No,,
C_10000_a_20000,1,10000,C1,compra_reserva,EF-ECU,EFLUENTES,ESCALABLE,INICIAL,,220,220,m³,No,,
C_10000_a_20000,1,10000,C1,compra_reserva,EF-DAF,EFLUENTES,ESCALABLE,INICIAL,,33,33,m³/h,No,,
C_10000_a_20000,1,10000,C1,compra_reserva,EF-BIO,EFLUENTES,ESCALABLE,INICIAL,,1188,1188,kg DQO/d,No,,
C_10000_a_20000,1,10000,C1,compra_reserva,EF-LOD,EFLUENTES,ESCALABLE,INICIAL,,,,kg MS/d,No,,
C_10000_a_20000,1,10000,C1,compra_reserva,EF-INF,EFLUENTES,ESCALABLE,INICIAL,,1,1,lote,No,,
C_10000_a_20000,1,10000,C1,compra_reserva,EL-ACO,UTILITIES,REUTILIZABLE,INICIAL,,1,1,lote,Sí,,
C_10000_a_20000,1,10000,C1,compra_reserva,EL-TRA,UTILITIES,ESCALABLE,INICIAL,,,,kVA,Sí,,
C_10000_a_20000,1,10000,C1,compra_reserva,EL-TAB,UTILITIES,ESCALABLE,INICIAL,,1,1,lote,Sí,,
C_10000_a_20000,1,10000,C1,compra_reserva,EL-DIS,UTILITIES,ESCALABLE,INICIAL,,4305.7834,4305.7834,m²,Sí,,
C_10000_a_20000,1,10000,C1,compra_reserva,EL-UPS,UTILITIES,DUPLICABLE,INICIAL,,,,kVA,Sí,,
C_10000_a_20000,1,10000,C1,compra_reserva,EL-GEN,UTILITIES,DUPLICABLE,INICIAL,,,,kVA,Sí,,
C_10000_a_20000,1,10000,C1,compra_reserva,TE-GEN,UTILITIES,DUPLICABLE,INICIAL,,,,kWt,Sí,,
C_10000_a_20000,1,10000,C1,compra_reserva,TE-COM,UTILITIES,ESCALABLE,INICIAL,,1,1,lote,Sí,,
C_10000_a_20000,1,10000,C1,compra_reserva,TE-DIS,UTILITIES,ESCALABLE,INICIAL,,1,1,lote,Sí,,
C_10000_a_20000,1,10000,C1,compra_reserva,AC-COM,UTILITIES,DUPLICABLE,INICIAL,,,,m³/min,Sí,,
C_10000_a_20000,1,10000,C1,compra_reserva,IT-HW,SERVICIOS_GENERALES,ESCALABLE,INICIAL,,1,1,lote,Sí,,
C_10000_a_20000,1,10000,C1,compra_reserva,IT-SW,SERVICIOS_GENERALES,REUTILIZABLE,INICIAL,,1,1,lote,Sí,,
C_10000_a_20000,1,10000,C1,compra_reserva,IT-SEN,SERVICIOS_GENERALES,ESCALABLE,INICIAL,,1,1,lote,Sí,,
C_10000_a_20000,1,10000,C1,compra_reserva,IT-RED,SERVICIOS_GENERALES,ESCALABLE,INICIAL,,1,1,lote,Sí,,
C_10000_a_20000,1,10000,C1,compra_reserva,IT-ETQ,SERVICIOS_GENERALES,DUPLICABLE,INICIAL,,,,unidad,Sí,,
C_10000_a_20000,1,10000,C1,compra_reserva,LAB-EQ,SERVICIOS_GENERALES,REUTILIZABLE,INICIAL,,1,1,lote,Sí,,
C_10000_a_20000,1,10000,C1,compra_reserva,SI-DET,SERVICIOS_GENERALES,ESCALABLE,INICIAL,,1,1,lote,Sí,,
C_10000_a_20000,1,10000,C1,compra_reserva,SI-COM,SERVICIOS_GENERALES,ESCALABLE,INICIAL,,1,1,lote,Sí,,
C_10000_a_20000,1,10000,C1,compra_reserva,SI-PRO,SERVICIOS_GENERALES,ESCALABLE,INICIAL,,1,1,lote,Sí,,
C_10000_a_20000,1,10000,C1,compra_reserva,PER-EQ,SERVICIOS_GENERALES,ESCALABLE,INICIAL,,1,1,lote,Sí,,
C_10000_a_20000,1,10000,C1,compra_reserva,MOB-OF,SERVICIOS_GENERALES,REUTILIZABLE,INICIAL,,1,1,lote,Sí,,
C_10000_a_20000,1,10000,C1,compra_reserva,EQ-71,UTILITIES,DUPLICABLE,INICIAL,,1,1,unidad,No,,
C_10000_a_20000,1,10000,C1,compra_reserva,EQ-72,UTILITIES,ESCALABLE,INICIAL,,1,1,unidad,No,,
C_10000_a_20000,1,10000,C1,compra_reserva,EQ-70,EFLUENTES,ESCALABLE,INICIAL,,1,1,unidad,No,,
C_10000_a_20000,1,10000,C1,compra_reserva,EQ-73,UTILITIES,DUPLICABLE,INICIAL,,1,1,unidad,No,,
C_10000_a_20000,1,10000,C1,compra_reserva,EQ-74,PROCESO,ESCALABLE,INICIAL,,1,1,unidad,No,,
C_10000_a_20000,1,10000,C1,compra_reserva,EQ-75,PROCESO,DUPLICABLE,INICIAL,,1,1,unidad,No,,
C_10000_a_20000,1,10000,C1,compra_reserva,EQ-37,FRIO,ESCALABLE,INICIAL,,1,1,unidad,No,,
C_10000_a_20000,1,10000,C1,compra_reserva,EQ-64,FRIO,ESCALABLE,INICIAL,,1,1,unidad,No,,
C_10000_a_20000,1,10000,C1,compra_reserva,EQ-65,FRIO,DUPLICABLE,INICIAL,,1,1,unidad,No,,
C_10000_a_20000,1,10000,C1,compra_reserva,EQ-62,FRIO,ESCALABLE,INICIAL,,1,1,unidad,No,,
C_10000_a_20000,1,10000,C1,compra_reserva,EQ-63,FRIO,ESCALABLE,INICIAL,,1,1,unidad,No,,
C_10000_a_20000,1,10000,C1,compra_reserva,EQ-57,FRIO,DUPLICABLE,INICIAL,,1,1,unidad,No,,
C_10000_a_20000,1,10000,C1,compra_reserva,EQ-58,FRIO,DUPLICABLE,INICIAL,,1,1,unidad,No,,
C_10000_a_20000,1,10000,C1,compra_reserva,EQ-54,SERVICIOS_GENERALES,DUPLICABLE,INICIAL,,1,1,unidad,No,,
C_10000_a_20000,1,10000,C1,compra_reserva,EQ-76,SERVICIOS_GENERALES,ESCALABLE,INICIAL,,1,1,unidad,No,,
C_10000_a_20000,1,10000,C1,compra_reserva,EQ-01,PROCESO,REUTILIZABLE,INICIAL,,1,1,unidad,No,,
C_10000_a_20000,1,10000,C1,compra_reserva,EQ-02,PROCESO,ESCALABLE,INICIAL,,1,1,unidad,No,,
C_10000_a_20000,1,10000,C1,compra_reserva,EQ-04,PROCESO,REEMPLAZABLE,INICIAL,,1,1,unidad,No,,
C_10000_a_20000,1,10000,C1,compra_reserva,EQ-05,PROCESO,REEMPLAZABLE,INICIAL,,1,1,unidad,No,,
C_10000_a_20000,1,10000,C1,compra_reserva,EQ-06,PROCESO,REUTILIZABLE,INICIAL,,1,1,unidad,No,,
C_10000_a_20000,1,10000,C1,compra_reserva,EQ-07,PROCESO,ESCALABLE,INICIAL,,1,1,unidad,No,,
C_10000_a_20000,1,10000,C1,compra_reserva,EQ-08,PROCESO,ESCALABLE,INICIAL,,1,1,unidad,No,,
C_10000_a_20000,1,10000,C1,compra_reserva,EQ-09,PROCESO,REUTILIZABLE,INICIAL,,1,1,unidad,No,,
C_10000_a_20000,1,10000,C1,compra_reserva,EQ-11,PROCESO,REEMPLAZABLE,INICIAL,,1,1,unidad,No,,
C_10000_a_20000,1,10000,C1,compra_reserva,EQ-12,PROCESO,ESCALABLE,INICIAL,,1,1,unidad,No,,
C_10000_a_20000,1,10000,C1,compra_reserva,EQ-13,PROCESO,ESCALABLE,INICIAL,,1,1,unidad,No,,
C_10000_a_20000,1,10000,C1,compra_reserva,EQ-15,PROCESO,DUPLICABLE,INICIAL,,1,1,unidad,No,,
C_10000_a_20000,1,10000,C1,compra_reserva,EQ-16,PROCESO,ESCALABLE,INICIAL,,1,1,unidad,No,,
C_10000_a_20000,1,10000,C1,compra_reserva,EQ-17,PROCESO,REEMPLAZABLE,INICIAL,,1,1,unidad,No,,
C_10000_a_20000,1,10000,C1,compra_reserva,EQ-18,PROCESO,REEMPLAZABLE,INICIAL,,1,1,unidad,No,,
C_10000_a_20000,1,10000,C1,compra_reserva,EQ-19,PROCESO,REEMPLAZABLE,INICIAL,,1,1,unidad,No,,
C_10000_a_20000,1,10000,C1,compra_reserva,EQ-20,PROCESO,REUTILIZABLE,INICIAL,,1,1,unidad,No,,
C_10000_a_20000,1,10000,C1,compra_reserva,EQ-21,PROCESO,ESCALABLE,INICIAL,,1,1,unidad,No,,
C_10000_a_20000,1,10000,C1,compra_reserva,EQ-22,PROCESO,REEMPLAZABLE,INICIAL,,1,1,unidad,No,,
C_10000_a_20000,1,10000,C1,compra_reserva,EQ-23,PROCESO,REEMPLAZABLE,INICIAL,,1,1,unidad,No,,
C_10000_a_20000,1,10000,C1,compra_reserva,EQ-24,PROCESO,REEMPLAZABLE,INICIAL,,1,1,unidad,No,,
C_10000_a_20000,1,10000,C1,compra_reserva,EQ-25,PROCESO,REEMPLAZABLE,INICIAL,,1,1,unidad,No,,
C_10000_a_20000,1,10000,C1,compra_reserva,EQ-26,PROCESO,DUPLICABLE,INICIAL,,1,1,unidad,No,,
C_10000_a_20000,1,10000,C1,compra_reserva,EQ-27,PROCESO,REEMPLAZABLE,INICIAL,,1,1,unidad,No,,
C_10000_a_20000,1,10000,C1,compra_reserva,EQ-28,PROCESO,REUTILIZABLE,INICIAL,,1,1,unidad,No,,
C_10000_a_20000,1,10000,C1,compra_reserva,EQ-29,PROCESO,REEMPLAZABLE,INICIAL,,1,1,unidad,No,,
C_10000_a_20000,1,10000,C1,compra_reserva,EQ-30,PROCESO,REEMPLAZABLE,INICIAL,,1,1,unidad,No,,
C_10000_a_20000,1,10000,C1,compra_reserva,EQ-31,PROCESO,REUTILIZABLE,INICIAL,,1,1,unidad,No,,
C_10000_a_20000,1,10000,C1,compra_reserva,EQ-32,PROCESO,ESCALABLE,INICIAL,,1,1,unidad,No,,
C_10000_a_20000,1,10000,C1,compra_reserva,EQ-33,PROCESO,DUPLICABLE,INICIAL,,1,1,unidad,No,,
C_10000_a_20000,1,10000,C1,compra_reserva,EQ-34,PROCESO,ESCALABLE,INICIAL,,1,1,unidad,No,,
C_10000_a_20000,1,10000,C1,compra_reserva,EQ-35,PROCESO,ESCALABLE,INICIAL,,1,1,unidad,No,,
C_10000_a_20000,1,10000,C1,compra_reserva,EQ-38,PROCESO,REEMPLAZABLE,INICIAL,,1,1,unidad,No,,
C_10000_a_20000,1,10000,C1,compra_reserva,EQ-39,PROCESO,REEMPLAZABLE,INICIAL,,1,1,unidad,No,,
C_10000_a_20000,1,10000,C1,compra_reserva,EQ-40,PROCESO,DUPLICABLE,INICIAL,,1,1,unidad,No,,
C_10000_a_20000,1,10000,C1,compra_reserva,EQ-41,PROCESO,ESCALABLE,INICIAL,,1,1,unidad,No,,
C_10000_a_20000,1,10000,C1,compra_reserva,EQ-47,PROCESO,DUPLICABLE,INICIAL,,1,1,unidad,No,,
C_10000_a_20000,1,10000,C1,compra_reserva,EQ-49,PROCESO,REEMPLAZABLE,INICIAL,,1,1,unidad,No,,
C_10000_a_20000,1,10000,C1,compra_reserva,EQ-50,PROCESO,DUPLICABLE,INICIAL,,1,1,unidad,No,,
C_10000_a_20000,1,10000,C1,compra_reserva,EQ-51,PROCESO,DUPLICABLE,INICIAL,,1,1,unidad,No,,
C_10000_a_20000,1,10000,C1,compra_reserva,EQ-53,PROCESO,DUPLICABLE,INICIAL,,1,1,unidad,No,,
C_10000_a_20000,1,10000,C1,compra_reserva,EQ-55,PROCESO,DUPLICABLE,INICIAL,,1,1,unidad,No,,
C_10000_a_20000,1,10000,C1,compra_reserva,EQ-56,PROCESO,DUPLICABLE,INICIAL,,1,1,unidad,No,,
C_10000_a_20000,1,10000,C1,compra_reserva,EQ-66,SUBPRODUCTOS,ESCALABLE,INICIAL,,1,1,unidad,No,,
C_10000_a_20000,1,10000,C1,compra_reserva,EQ-67,SUBPRODUCTOS,ESCALABLE,INICIAL,,1,1,unidad,No,,
C_10000_a_20000,1,10000,C1,compra_reserva,EQ-68,SUBPRODUCTOS,ESCALABLE,INICIAL,,1,1,unidad,No,,
C_10000_a_20000,1,10000,C1,compra_reserva,EQ-69,SUBPRODUCTOS,ESCALABLE,INICIAL,,1,1,unidad,No,,
C_10000_a_20000,1,10000,C1,compra_reserva,EQ-14,UTILITIES,DUPLICABLE,INICIAL,,1,1,unidad,No,,
C_10000_a_20000,1,10000,C1,compra_reserva,IND-ING,INDIRECTOS,ESPECIFICO_DE_FASE,INICIAL,,1,1,%,Sí,,
C_10000_a_20000,1,10000,C1,compra_reserva,IND-ARQ,INDIRECTOS,ESPECIFICO_DE_FASE,INICIAL,,1,1,%,Sí,,
C_10000_a_20000,1,10000,C1,compra_reserva,IND-PEJ,INDIRECTOS,ESPECIFICO_DE_FASE,INICIAL,,1,1,%,Sí,,
C_10000_a_20000,1,10000,C1,compra_reserva,IND-DO,INDIRECTOS,ESPECIFICO_DE_FASE,INICIAL,,1,1,%,Sí,,
C_10000_a_20000,1,10000,C1,compra_reserva,IND-PM,INDIRECTOS,ESPECIFICO_DE_FASE,INICIAL,,1,1,%,Sí,,
C_10000_a_20000,1,10000,C1,compra_reserva,IND-PER,INDIRECTOS,ESPECIFICO_DE_FASE,INICIAL,,1,1,%,Sí,,
C_10000_a_20000,1,10000,C1,compra_reserva,IND-EST,INDIRECTOS,ESPECIFICO_DE_FASE,INICIAL,,1,1,%,Sí,,
C_10000_a_20000,1,10000,C1,compra_reserva,PRE-COM,PREOPERATIVOS,ESPECIFICO_DE_FASE,INICIAL,,1,1,%,Sí,,
C_10000_a_20000,1,10000,C1,compra_reserva,PRE-PEM,PREOPERATIVOS,ESPECIFICO_DE_FASE,INICIAL,,1,1,%,Sí,,
C_10000_a_20000,1,10000,C1,compra_reserva,PRE-CAP,PREOPERATIVOS,ESPECIFICO_DE_FASE,INICIAL,,1,1,%,Sí,,
C_10000_a_20000,1,10000,C1,compra_reserva,PRE-PRU,PREOPERATIVOS,ESPECIFICO_DE_FASE,INICIAL,,1,1,%,Sí,,
C_10000_a_20000,1,10000,C1,compra_reserva,PRE-REP,PREOPERATIVOS,ESPECIFICO_DE_FASE,INICIAL,,1,1,%,Sí,,
C_10000_a_20000,1,10000,C1,compra_reserva,PRE-HER,PREOPERATIVOS,ESPECIFICO_DE_FASE,INICIAL,,1,1,%,Sí,,
C_10000_a_20000,1,10000,C1,compra_reserva,PRE-LAB,PREOPERATIVOS,ESPECIFICO_DE_FASE,INICIAL,,1,1,%,Sí,,
C_10000_a_20000,1,10000,C1,compra_reserva,PRE-IT,PREOPERATIVOS,ESPECIFICO_DE_FASE,INICIAL,,1,1,%,Sí,,
C_10000_a_20000,1,10000,C1,compra_reserva,CON-DIS,CONTINGENCIA,ESPECIFICO_DE_FASE,INICIAL,,1,1,%,Sí,,
C_10000_a_20000,1,10000,C1,compra_reserva,CON-COS,CONTINGENCIA,ESPECIFICO_DE_FASE,INICIAL,,1,1,%,Sí,,
C_10000_a_20000,1,10000,C1,compra_reserva,CON-ESC,CONTINGENCIA,ESPECIFICO_DE_FASE,INICIAL,,1,1,%,Sí,,
C_10000_a_20000,2,20000,C1,compra_reserva,TER-COMPRA,TERRENO,REUTILIZABLE,REUTILIZA,33344.9086,33344.9086,0,m²,Sí,0,
C_10000_a_20000,2,20000,C1,compra_reserva,TER-GASTOS,TERRENO,ESPECIFICO_DE_FASE,NUEVO_POR_FASE,1,1,,%,Sí,,
C_10000_a_20000,2,20000,C1,compra_reserva,TER-PREP,TERRENO,ESCALABLE,REUTILIZA,33344.9086,33344.9086,0,m²,Sí,0,
C_10000_a_20000,2,20000,C1,compra_reserva,TER-ACCESO,TERRENO,REUTILIZABLE,PENDIENTE,1,1,,lote,Sí,,
C_10000_a_20000,2,20000,C1,compra_reserva,TER-CONEX,TERRENO,REUTILIZABLE,PENDIENTE,1,1,,lote,Sí,,
C_10000_a_20000,2,20000,C1,compra_reserva,OC-RS-OBRA,OBRA_CIVIL,ESCALABLE,REUTILIZA,180,180,0,m²,Sí,0,
C_10000_a_20000,2,20000,C1,compra_reserva,OC-PH-OBRA,OBRA_CIVIL,ESCALABLE,AMPLIA,2608.6609,4646.77,2038.1091,m²,Sí,,
C_10000_a_20000,2,20000,C1,compra_reserva,OC-FR-OBRA,OBRA_CIVIL,ESCALABLE,AMPLIA,241.1455,465.9761,224.8306,m²,Sí,,
C_10000_a_20000,2,20000,C1,compra_reserva,OC-DK-OBRA,OBRA_CIVIL,ESCALABLE,AMPLIA,90,135,45,m²,Sí,,
C_10000_a_20000,2,20000,C1,compra_reserva,OC-DP-OBRA,OBRA_CIVIL,ESCALABLE,AMPLIA,397.3345,741.4353,344.1008,m²,Sí,103230.2337,costo a precio unitario de obra nueva; prima/penalidad de ampliación PENDIENTE (DPV-16-14)
C_10000_a_20000,2,20000,C1,compra_reserva,OC-ST-OBRA,OBRA_CIVIL,ESCALABLE,AMPLIA,266.9252,431.6307,164.7054,m²,Sí,,
C_10000_a_20000,2,20000,C1,compra_reserva,OC-LB-OBRA,OBRA_CIVIL,ESCALABLE,AMPLIA,29.886,52.0346,22.1486,m²,Sí,,
C_10000_a_20000,2,20000,C1,compra_reserva,OC-VC-OBRA,OBRA_CIVIL,ESCALABLE,AMPLIA,271.6875,507.9375,236.25,m²,Sí,,
C_10000_a_20000,2,20000,C1,compra_reserva,OC-OF-OBRA,OBRA_CIVIL,ESCALABLE,AMPLIA,220.1438,290.4977,70.3539,m²,Sí,,
C_10000_a_20000,2,20000,C1,compra_reserva,OC-EP-OBRA,OBRA_CIVIL,ESCALABLE,AMPLIA,2505.6924,3855.285,1349.5926,m²,Sí,,
C_10000_a_20000,2,20000,C1,compra_reserva,OC-EL-OBRA,OBRA_CIVIL,ESCALABLE,AMPLIA,1156.25,2031.25,875,m²,Sí,,
C_10000_a_20000,2,20000,C1,compra_reserva,OC-LV-OBRA,OBRA_CIVIL,ESCALABLE,REUTILIZA,130,130,0,m²,Sí,0,
C_10000_a_20000,2,20000,C1,compra_reserva,OC-IP-OBRA,OBRA_CIVIL,ESCALABLE,AMPLIA,65,130,65,m²,Sí,,
C_10000_a_20000,2,20000,C1,compra_reserva,OC-EF-OBRA,OBRA_CIVIL,ESCALABLE,AMPLIA,325.8017,592.1933,266.3917,m²,Sí,,
C_10000_a_20000,2,20000,C1,compra_reserva,OC-CER-OBRA,OBRA_CIVIL,REUTILIZABLE,REUTILIZA,745.4854,745.4854,0,m,Sí,0,
C_10000_a_20000,2,20000,C1,compra_reserva,OC-INF-OBRA,OBRA_CIVIL,ESCALABLE,REUTILIZA,33344.9086,33344.9086,0,m²,Sí,0,
C_10000_a_20000,2,20000,C1,compra_reserva,PQ-L1,PROCESO,MIXTA,PENDIENTE,1,1,,lote,Sí,,comparado por capacidad (aves/h); 
C_10000_a_20000,2,20000,C1,compra_reserva,PQ-L2,PROCESO,MIXTA,PENDIENTE,1,1,,lote,Sí,,comparado por capacidad (aves/h); 
C_10000_a_20000,2,20000,C1,compra_reserva,PQ-L3,PROCESO,MIXTA,PENDIENTE,1,1,,lote,Sí,,comparado por capacidad (aves/h); 
C_10000_a_20000,2,20000,C1,compra_reserva,PQ-L4,PROCESO,MIXTA,PENDIENTE,1,1,,lote,Sí,,comparado por capacidad (aves/h); 
C_10000_a_20000,2,20000,C1,compra_reserva,PQ-L5,PROCESO,MIXTA,PENDIENTE,1,1,,lote,Sí,,comparado por capacidad (aves/h); 
C_10000_a_20000,2,20000,C1,compra_reserva,PQ-L6,PROCESO,MIXTA,PENDIENTE,1,1,,lote,Sí,,comparado por capacidad (aves/h); 
C_10000_a_20000,2,20000,C1,compra_reserva,PQ-L7,PROCESO,MIXTA,PENDIENTE,1,1,,lote,Sí,,comparado por capacidad (aves/h); 
C_10000_a_20000,2,20000,C1,compra_reserva,EQ-LIM,PROCESO,ESCALABLE,PENDIENTE,1,1,,lote,Sí,,
C_10000_a_20000,2,20000,C1,compra_reserva,SB-L9,SUBPRODUCTOS,ESCALABLE,AMPLIA,1,1,5.28,lote,Sí,,comparado por capacidad (t/d); 
C_10000_a_20000,2,20000,C1,compra_reserva,FR-PAQ,FRIO,ESCALABLE,AMPLIA,1,1,246,lote,Sí,,comparado por capacidad (kWf); 
C_10000_a_20000,2,20000,C1,compra_reserva,FR-PAN,FRIO,ESCALABLE,AMPLIA,241.1455,465.9761,224.8306,m²,No,,
C_10000_a_20000,2,20000,C1,compra_reserva,FR-COMP,FRIO,DUPLICABLE,PENDIENTE,,,,kWf,No,,
C_10000_a_20000,2,20000,C1,compra_reserva,FR-COND,FRIO,DUPLICABLE,PENDIENTE,,,,kWf,No,,
C_10000_a_20000,2,20000,C1,compra_reserva,FR-EVAP,FRIO,DUPLICABLE,PENDIENTE,,,,kWf,No,,
C_10000_a_20000,2,20000,C1,compra_reserva,FR-PIP,FRIO,ESCALABLE,PENDIENTE,1,1,,lote,No,,
C_10000_a_20000,2,20000,C1,compra_reserva,FR-REF,FRIO,ESCALABLE,PENDIENTE,1,1,,lote,No,,
C_10000_a_20000,2,20000,C1,compra_reserva,FR-CTL,FRIO,ESCALABLE,PENDIENTE,1,1,,lote,No,,
C_10000_a_20000,2,20000,C1,compra_reserva,FR-AGH,FRIO,ESCALABLE,AMPLIA,69.1853,138.3706,69.1853,kWf,No,,
C_10000_a_20000,2,20000,C1,compra_reserva,FR-DCK,FRIO,DUPLICABLE,PENDIENTE,,,,unidad,No,,
C_10000_a_20000,2,20000,C1,compra_reserva,FR-TUN,FRIO,DUPLICABLE,DUPLICA,2.3965,4.793,2.3965,t/día,No,,
C_10000_a_20000,2,20000,C1,compra_reserva,AG-CAP,UTILITIES,ESCALABLE,AMPLIA,250,500,250,m³/d,Sí,,
C_10000_a_20000,2,20000,C1,compra_reserva,AG-ALM,UTILITIES,DUPLICABLE,DUPLICA,250,500,250,m³,Sí,,
C_10000_a_20000,2,20000,C1,compra_reserva,AG-TRA,UTILITIES,ESCALABLE,AMPLIA,37.5,75,37.5,m³/h,Sí,,
C_10000_a_20000,2,20000,C1,compra_reserva,AG-BOM,UTILITIES,DUPLICABLE,DUPLICA,37.5,75,37.5,m³/h,Sí,,
C_10000_a_20000,2,20000,C1,compra_reserva,AG-DIS,UTILITIES,ESCALABLE,AMPLIA,4305.7834,7451.2818,3145.4983,m²,Sí,,
C_10000_a_20000,2,20000,C1,compra_reserva,EF-PAQ,EFLUENTES,ESCALABLE,AMPLIA,1,1,220,lote,Sí,,comparado por capacidad (m³/d); 
C_10000_a_20000,2,20000,C1,compra_reserva,EF-PRE,EFLUENTES,ESCALABLE,AMPLIA,33,66,33,m³/h,No,,
C_10000_a_20000,2,20000,C1,compra_reserva,EF-ECU,EFLUENTES,ESCALABLE,AMPLIA,220,440,220,m³,No,,
C_10000_a_20000,2,20000,C1,compra_reserva,EF-DAF,EFLUENTES,ESCALABLE,AMPLIA,33,66,33,m³/h,No,,
C_10000_a_20000,2,20000,C1,compra_reserva,EF-BIO,EFLUENTES,ESCALABLE,AMPLIA,1188,2376,1188,kg DQO/d,No,,
C_10000_a_20000,2,20000,C1,compra_reserva,EF-LOD,EFLUENTES,ESCALABLE,PENDIENTE,,,,kg MS/d,No,,
C_10000_a_20000,2,20000,C1,compra_reserva,EF-INF,EFLUENTES,ESCALABLE,PENDIENTE,1,1,,lote,No,,
C_10000_a_20000,2,20000,C1,compra_reserva,EL-ACO,UTILITIES,REUTILIZABLE,PENDIENTE,1,1,,lote,Sí,,
C_10000_a_20000,2,20000,C1,compra_reserva,EL-TRA,UTILITIES,ESCALABLE,PENDIENTE,,,,kVA,Sí,,
C_10000_a_20000,2,20000,C1,compra_reserva,EL-TAB,UTILITIES,ESCALABLE,PENDIENTE,1,1,,lote,Sí,,
C_10000_a_20000,2,20000,C1,compra_reserva,EL-DIS,UTILITIES,ESCALABLE,AMPLIA,4305.7834,7451.2818,3145.4983,m²,Sí,,
C_10000_a_20000,2,20000,C1,compra_reserva,EL-UPS,UTILITIES,DUPLICABLE,PENDIENTE,,,,kVA,Sí,,
C_10000_a_20000,2,20000,C1,compra_reserva,EL-GEN,UTILITIES,DUPLICABLE,PENDIENTE,,,,kVA,Sí,,
C_10000_a_20000,2,20000,C1,compra_reserva,TE-GEN,UTILITIES,DUPLICABLE,PENDIENTE,,,,kWt,Sí,,
C_10000_a_20000,2,20000,C1,compra_reserva,TE-COM,UTILITIES,ESCALABLE,PENDIENTE,1,1,,lote,Sí,,
C_10000_a_20000,2,20000,C1,compra_reserva,TE-DIS,UTILITIES,ESCALABLE,PENDIENTE,1,1,,lote,Sí,,
C_10000_a_20000,2,20000,C1,compra_reserva,AC-COM,UTILITIES,DUPLICABLE,PENDIENTE,,,,m³/min,Sí,,
C_10000_a_20000,2,20000,C1,compra_reserva,IT-HW,SERVICIOS_GENERALES,ESCALABLE,PENDIENTE,1,1,,lote,Sí,,
C_10000_a_20000,2,20000,C1,compra_reserva,IT-SW,SERVICIOS_GENERALES,REUTILIZABLE,PENDIENTE,1,1,,lote,Sí,,
C_10000_a_20000,2,20000,C1,compra_reserva,IT-SEN,SERVICIOS_GENERALES,ESCALABLE,PENDIENTE,1,1,,lote,Sí,,
C_10000_a_20000,2,20000,C1,compra_reserva,IT-RED,SERVICIOS_GENERALES,ESCALABLE,PENDIENTE,1,1,,lote,Sí,,
C_10000_a_20000,2,20000,C1,compra_reserva,IT-ETQ,SERVICIOS_GENERALES,DUPLICABLE,PENDIENTE,,,,unidad,Sí,,
C_10000_a_20000,2,20000,C1,compra_reserva,LAB-EQ,SERVICIOS_GENERALES,REUTILIZABLE,PENDIENTE,1,1,,lote,Sí,,
C_10000_a_20000,2,20000,C1,compra_reserva,SI-DET,SERVICIOS_GENERALES,ESCALABLE,PENDIENTE,1,1,,lote,Sí,,
C_10000_a_20000,2,20000,C1,compra_reserva,SI-COM,SERVICIOS_GENERALES,ESCALABLE,PENDIENTE,1,1,,lote,Sí,,
C_10000_a_20000,2,20000,C1,compra_reserva,SI-PRO,SERVICIOS_GENERALES,ESCALABLE,PENDIENTE,1,1,,lote,Sí,,
C_10000_a_20000,2,20000,C1,compra_reserva,PER-EQ,SERVICIOS_GENERALES,ESCALABLE,PENDIENTE,1,1,,lote,Sí,,
C_10000_a_20000,2,20000,C1,compra_reserva,MOB-OF,SERVICIOS_GENERALES,REUTILIZABLE,PENDIENTE,1,1,,lote,Sí,,
C_10000_a_20000,2,20000,C1,compra_reserva,EQ-71,UTILITIES,DUPLICABLE,DUPLICA,1,1,1250,unidad,No,,comparado por capacidad (aves/h); 
C_10000_a_20000,2,20000,C1,compra_reserva,EQ-72,UTILITIES,ESCALABLE,AMPLIA,1,1,1250,unidad,No,,comparado por capacidad (aves/h); 
C_10000_a_20000,2,20000,C1,compra_reserva,EQ-70,EFLUENTES,ESCALABLE,AMPLIA,1,1,1250,unidad,No,,comparado por capacidad (aves/h); 
C_10000_a_20000,2,20000,C1,compra_reserva,EQ-73,UTILITIES,DUPLICABLE,DUPLICA,1,1,1250,unidad,No,,comparado por capacidad (aves/h); 
C_10000_a_20000,2,20000,C1,compra_reserva,EQ-74,PROCESO,ESCALABLE,AMPLIA,1,1,1250,unidad,No,,comparado por capacidad (aves/h); 
C_10000_a_20000,2,20000,C1,compra_reserva,EQ-75,PROCESO,DUPLICABLE,DUPLICA,1,1,1250,unidad,No,,comparado por capacidad (aves/h); 
C_10000_a_20000,2,20000,C1,compra_reserva,EQ-37,FRIO,ESCALABLE,AMPLIA,1,1,1250,unidad,No,,comparado por capacidad (aves/h); 
C_10000_a_20000,2,20000,C1,compra_reserva,EQ-64,FRIO,ESCALABLE,AMPLIA,1,1,1250,unidad,No,,comparado por capacidad (aves/h); 
C_10000_a_20000,2,20000,C1,compra_reserva,EQ-65,FRIO,DUPLICABLE,DUPLICA,1,1,1250,unidad,No,,comparado por capacidad (aves/h); 
C_10000_a_20000,2,20000,C1,compra_reserva,EQ-62,FRIO,ESCALABLE,AMPLIA,1,1,1250,unidad,No,,comparado por capacidad (aves/h); 
C_10000_a_20000,2,20000,C1,compra_reserva,EQ-63,FRIO,ESCALABLE,AMPLIA,1,1,1250,unidad,No,,comparado por capacidad (aves/h); 
C_10000_a_20000,2,20000,C1,compra_reserva,EQ-57,FRIO,DUPLICABLE,REEMPLAZA,1,1,2500,unidad,No,,cambio de nivel S→A; comparado por capacidad (aves/h); valor residual del activo reemplazado PENDIENTE (modelo financiero)
C_10000_a_20000,2,20000,C1,compra_reserva,EQ-58,FRIO,DUPLICABLE,REEMPLAZA,1,1,2500,unidad,No,,cambio de nivel O→A; comparado por capacidad (aves/h); valor residual del activo reemplazado PENDIENTE (modelo financiero)
C_10000_a_20000,2,20000,C1,compra_reserva,EQ-59,FRIO,REEMPLAZABLE,NUEVO,,1,1,unidad,No,,
C_10000_a_20000,2,20000,C1,compra_reserva,EQ-54,SERVICIOS_GENERALES,DUPLICABLE,DUPLICA,1,1,1250,unidad,No,,comparado por capacidad (aves/h); 
C_10000_a_20000,2,20000,C1,compra_reserva,EQ-76,SERVICIOS_GENERALES,ESCALABLE,AMPLIA,1,1,1250,unidad,No,,comparado por capacidad (aves/h); 
C_10000_a_20000,2,20000,C1,compra_reserva,EQ-01,PROCESO,REUTILIZABLE,AMPLIA_REUTILIZABLE,1,1,1250,unidad,No,,comparado por capacidad (aves/h); 
C_10000_a_20000,2,20000,C1,compra_reserva,EQ-02,PROCESO,ESCALABLE,AMPLIA,1,1,1250,unidad,No,,comparado por capacidad (aves/h); 
C_10000_a_20000,2,20000,C1,compra_reserva,EQ-04,PROCESO,REEMPLAZABLE,REEMPLAZA,1,1,2500,unidad,No,,cambio de nivel S→A; comparado por capacidad (aves/h); valor residual del activo reemplazado PENDIENTE (modelo financiero)
C_10000_a_20000,2,20000,C1,compra_reserva,EQ-05,PROCESO,REEMPLAZABLE,REEMPLAZA,1,1,2500,unidad,No,,comparado por capacidad (aves/h); valor residual del activo reemplazado PENDIENTE (modelo financiero)
C_10000_a_20000,2,20000,C1,compra_reserva,EQ-06,PROCESO,REUTILIZABLE,AMPLIA_REUTILIZABLE,1,1,1250,unidad,No,,comparado por capacidad (aves/h); 
C_10000_a_20000,2,20000,C1,compra_reserva,EQ-07,PROCESO,ESCALABLE,AMPLIA,1,1,1250,unidad,No,,comparado por capacidad (aves/h); 
C_10000_a_20000,2,20000,C1,compra_reserva,EQ-08,PROCESO,ESCALABLE,AMPLIA,1,1,1250,unidad,No,,comparado por capacidad (aves/h); 
C_10000_a_20000,2,20000,C1,compra_reserva,EQ-09,PROCESO,REUTILIZABLE,AMPLIA_REUTILIZABLE,1,1,1250,unidad,No,,comparado por capacidad (aves/h); 
C_10000_a_20000,2,20000,C1,compra_reserva,EQ-11,PROCESO,REEMPLAZABLE,REEMPLAZA,1,1,2500,unidad,No,,comparado por capacidad (aves/h); valor residual del activo reemplazado PENDIENTE (modelo financiero)
C_10000_a_20000,2,20000,C1,compra_reserva,EQ-12,PROCESO,ESCALABLE,AMPLIA,1,1,1250,unidad,No,,comparado por capacidad (aves/h); 
C_10000_a_20000,2,20000,C1,compra_reserva,EQ-13,PROCESO,ESCALABLE,AMPLIA,1,1,1250,unidad,No,,comparado por capacidad (aves/h); 
C_10000_a_20000,2,20000,C1,compra_reserva,EQ-15,PROCESO,DUPLICABLE,DUPLICA,1,1,1250,unidad,No,,comparado por capacidad (aves/h); 
C_10000_a_20000,2,20000,C1,compra_reserva,EQ-16,PROCESO,ESCALABLE,AMPLIA,1,1,1250,unidad,No,,comparado por capacidad (aves/h); 
C_10000_a_20000,2,20000,C1,compra_reserva,EQ-17,PROCESO,REEMPLAZABLE,REEMPLAZA,1,1,2500,unidad,No,,comparado por capacidad (aves/h); valor residual del activo reemplazado PENDIENTE (modelo financiero)
C_10000_a_20000,2,20000,C1,compra_reserva,EQ-18,PROCESO,REEMPLAZABLE,REEMPLAZA,1,1,2500,unidad,No,,comparado por capacidad (aves/h); valor residual del activo reemplazado PENDIENTE (modelo financiero)
C_10000_a_20000,2,20000,C1,compra_reserva,EQ-19,PROCESO,REEMPLAZABLE,REEMPLAZA,1,1,2500,unidad,No,,cambio de nivel M→A; comparado por capacidad (aves/h); valor residual del activo reemplazado PENDIENTE (modelo financiero)
C_10000_a_20000,2,20000,C1,compra_reserva,EQ-20,PROCESO,REUTILIZABLE,AMPLIA_REUTILIZABLE,1,1,1250,unidad,No,,comparado por capacidad (aves/h); 
C_10000_a_20000,2,20000,C1,compra_reserva,EQ-21,PROCESO,ESCALABLE,AMPLIA,1,1,1250,unidad,No,,comparado por capacidad (aves/h); 
C_10000_a_20000,2,20000,C1,compra_reserva,EQ-22,PROCESO,REEMPLAZABLE,REEMPLAZA,1,1,2500,unidad,No,,comparado por capacidad (aves/h); valor residual del activo reemplazado PENDIENTE (modelo financiero)
C_10000_a_20000,2,20000,C1,compra_reserva,EQ-23,PROCESO,REEMPLAZABLE,REEMPLAZA,1,1,2500,unidad,No,,comparado por capacidad (aves/h); valor residual del activo reemplazado PENDIENTE (modelo financiero)
C_10000_a_20000,2,20000,C1,compra_reserva,EQ-24,PROCESO,REEMPLAZABLE,REEMPLAZA,1,1,2500,unidad,No,,comparado por capacidad (aves/h); valor residual del activo reemplazado PENDIENTE (modelo financiero)
C_10000_a_20000,2,20000,C1,compra_reserva,EQ-25,PROCESO,REEMPLAZABLE,REEMPLAZA,1,1,2500,unidad,No,,comparado por capacidad (aves/h); valor residual del activo reemplazado PENDIENTE (modelo financiero)
C_10000_a_20000,2,20000,C1,compra_reserva,EQ-26,PROCESO,DUPLICABLE,DUPLICA,1,1,1250,unidad,No,,comparado por capacidad (aves/h); 
C_10000_a_20000,2,20000,C1,compra_reserva,EQ-27,PROCESO,REEMPLAZABLE,REEMPLAZA,1,1,2500,unidad,No,,cambio de nivel S→A; comparado por capacidad (aves/h); valor residual del activo reemplazado PENDIENTE (modelo financiero)
C_10000_a_20000,2,20000,C1,compra_reserva,EQ-28,PROCESO,REUTILIZABLE,AMPLIA_REUTILIZABLE,1,1,1250,unidad,No,,comparado por capacidad (aves/h); 
C_10000_a_20000,2,20000,C1,compra_reserva,EQ-29,PROCESO,REEMPLAZABLE,REEMPLAZA,1,1,2500,unidad,No,,comparado por capacidad (aves/h); valor residual del activo reemplazado PENDIENTE (modelo financiero)
C_10000_a_20000,2,20000,C1,compra_reserva,EQ-30,PROCESO,REEMPLAZABLE,REEMPLAZA,1,1,2500,unidad,No,,comparado por capacidad (aves/h); valor residual del activo reemplazado PENDIENTE (modelo financiero)
C_10000_a_20000,2,20000,C1,compra_reserva,EQ-31,PROCESO,REUTILIZABLE,AMPLIA_REUTILIZABLE,1,1,1250,unidad,No,,comparado por capacidad (aves/h); 
C_10000_a_20000,2,20000,C1,compra_reserva,EQ-32,PROCESO,ESCALABLE,AMPLIA,1,1,1250,unidad,No,,comparado por capacidad (aves/h); 
C_10000_a_20000,2,20000,C1,compra_reserva,EQ-33,PROCESO,DUPLICABLE,DUPLICA,1,1,1250,unidad,No,,comparado por capacidad (aves/h); 
C_10000_a_20000,2,20000,C1,compra_reserva,EQ-34,PROCESO,ESCALABLE,AMPLIA,1,1,1250,unidad,No,,comparado por capacidad (aves/h); 
C_10000_a_20000,2,20000,C1,compra_reserva,EQ-35,PROCESO,ESCALABLE,AMPLIA,1,1,1250,unidad,No,,comparado por capacidad (aves/h); 
C_10000_a_20000,2,20000,C1,compra_reserva,EQ-38,PROCESO,REEMPLAZABLE,REEMPLAZA,1,1,2500,unidad,No,,comparado por capacidad (aves/h); valor residual del activo reemplazado PENDIENTE (modelo financiero)
C_10000_a_20000,2,20000,C1,compra_reserva,EQ-39,PROCESO,REEMPLAZABLE,REEMPLAZA,1,1,2500,unidad,No,,comparado por capacidad (aves/h); valor residual del activo reemplazado PENDIENTE (modelo financiero)
C_10000_a_20000,2,20000,C1,compra_reserva,EQ-40,PROCESO,DUPLICABLE,DUPLICA,1,1,1250,unidad,No,,comparado por capacidad (aves/h); 
C_10000_a_20000,2,20000,C1,compra_reserva,EQ-41,PROCESO,ESCALABLE,REEMPLAZA,1,1,2500,unidad,No,,cambio de nivel S→A; comparado por capacidad (aves/h); valor residual del activo reemplazado PENDIENTE (modelo financiero)
C_10000_a_20000,2,20000,C1,compra_reserva,EQ-47,PROCESO,DUPLICABLE,DUPLICA,1,1,1250,unidad,No,,comparado por capacidad (aves/h); 
C_10000_a_20000,2,20000,C1,compra_reserva,EQ-49,PROCESO,REEMPLAZABLE,REEMPLAZA,1,1,2500,unidad,No,,cambio de nivel S→A; comparado por capacidad (aves/h); valor residual del activo reemplazado PENDIENTE (modelo financiero)
C_10000_a_20000,2,20000,C1,compra_reserva,EQ-50,PROCESO,DUPLICABLE,DUPLICA,1,1,1250,unidad,No,,comparado por capacidad (aves/h); 
C_10000_a_20000,2,20000,C1,compra_reserva,EQ-51,PROCESO,DUPLICABLE,DUPLICA,1,1,1250,unidad,No,,comparado por capacidad (aves/h); 
C_10000_a_20000,2,20000,C1,compra_reserva,EQ-52,PROCESO,DUPLICABLE,NUEVO,,1,1,unidad,No,,
C_10000_a_20000,2,20000,C1,compra_reserva,EQ-53,PROCESO,DUPLICABLE,DUPLICA,1,1,1250,unidad,No,,comparado por capacidad (aves/h); 
C_10000_a_20000,2,20000,C1,compra_reserva,EQ-55,PROCESO,DUPLICABLE,DUPLICA,1,1,1250,unidad,No,,comparado por capacidad (aves/h); 
C_10000_a_20000,2,20000,C1,compra_reserva,EQ-56,PROCESO,DUPLICABLE,DUPLICA,1,1,1250,unidad,No,,comparado por capacidad (aves/h); 
C_10000_a_20000,2,20000,C1,compra_reserva,EQ-66,SUBPRODUCTOS,ESCALABLE,AMPLIA,1,1,1250,unidad,No,,comparado por capacidad (aves/h); 
C_10000_a_20000,2,20000,C1,compra_reserva,EQ-67,SUBPRODUCTOS,ESCALABLE,AMPLIA,1,1,1250,unidad,No,,comparado por capacidad (aves/h); 
C_10000_a_20000,2,20000,C1,compra_reserva,EQ-68,SUBPRODUCTOS,ESCALABLE,AMPLIA,1,1,1250,unidad,No,,comparado por capacidad (aves/h); 
C_10000_a_20000,2,20000,C1,compra_reserva,EQ-69,SUBPRODUCTOS,ESCALABLE,REEMPLAZA,1,1,2500,unidad,No,,cambio de nivel S→A; comparado por capacidad (aves/h); valor residual del activo reemplazado PENDIENTE (modelo financiero)
C_10000_a_20000,2,20000,C1,compra_reserva,EQ-14,UTILITIES,DUPLICABLE,DUPLICA,1,1,1250,unidad,No,,comparado por capacidad (aves/h); 
C_10000_a_20000,2,20000,C1,compra_reserva,IND-ING,INDIRECTOS,ESPECIFICO_DE_FASE,NUEVO_POR_FASE,1,1,,%,Sí,,
C_10000_a_20000,2,20000,C1,compra_reserva,IND-ARQ,INDIRECTOS,ESPECIFICO_DE_FASE,NUEVO_POR_FASE,1,1,,%,Sí,,
C_10000_a_20000,2,20000,C1,compra_reserva,IND-PEJ,INDIRECTOS,ESPECIFICO_DE_FASE,NUEVO_POR_FASE,1,1,,%,Sí,,
C_10000_a_20000,2,20000,C1,compra_reserva,IND-DO,INDIRECTOS,ESPECIFICO_DE_FASE,NUEVO_POR_FASE,1,1,,%,Sí,,
C_10000_a_20000,2,20000,C1,compra_reserva,IND-PM,INDIRECTOS,ESPECIFICO_DE_FASE,NUEVO_POR_FASE,1,1,,%,Sí,,
C_10000_a_20000,2,20000,C1,compra_reserva,IND-PER,INDIRECTOS,ESPECIFICO_DE_FASE,NUEVO_POR_FASE,1,1,,%,Sí,,
C_10000_a_20000,2,20000,C1,compra_reserva,IND-EST,INDIRECTOS,ESPECIFICO_DE_FASE,NUEVO_POR_FASE,1,1,,%,Sí,,
C_10000_a_20000,2,20000,C1,compra_reserva,PRE-COM,PREOPERATIVOS,ESPECIFICO_DE_FASE,NUEVO_POR_FASE,1,1,,%,Sí,,
C_10000_a_20000,2,20000,C1,compra_reserva,PRE-PEM,PREOPERATIVOS,ESPECIFICO_DE_FASE,NUEVO_POR_FASE,1,1,,%,Sí,,
C_10000_a_20000,2,20000,C1,compra_reserva,PRE-CAP,PREOPERATIVOS,ESPECIFICO_DE_FASE,NUEVO_POR_FASE,1,1,,%,Sí,,
C_10000_a_20000,2,20000,C1,compra_reserva,PRE-PRU,PREOPERATIVOS,ESPECIFICO_DE_FASE,NUEVO_POR_FASE,1,1,,%,Sí,,
C_10000_a_20000,2,20000,C1,compra_reserva,PRE-REP,PREOPERATIVOS,ESPECIFICO_DE_FASE,NUEVO_POR_FASE,1,1,,%,Sí,,
C_10000_a_20000,2,20000,C1,compra_reserva,PRE-HER,PREOPERATIVOS,ESPECIFICO_DE_FASE,NUEVO_POR_FASE,1,1,,%,Sí,,
C_10000_a_20000,2,20000,C1,compra_reserva,PRE-LAB,PREOPERATIVOS,ESPECIFICO_DE_FASE,NUEVO_POR_FASE,1,1,,%,Sí,,
C_10000_a_20000,2,20000,C1,compra_reserva,PRE-IT,PREOPERATIVOS,ESPECIFICO_DE_FASE,NUEVO_POR_FASE,1,1,,%,Sí,,
C_10000_a_20000,2,20000,C1,compra_reserva,CON-DIS,CONTINGENCIA,ESPECIFICO_DE_FASE,NUEVO_POR_FASE,1,1,,%,Sí,,
C_10000_a_20000,2,20000,C1,compra_reserva,CON-COS,CONTINGENCIA,ESPECIFICO_DE_FASE,NUEVO_POR_FASE,1,1,,%,Sí,,
C_10000_a_20000,2,20000,C1,compra_reserva,CON-ESC,CONTINGENCIA,ESPECIFICO_DE_FASE,NUEVO_POR_FASE,1,1,,%,Sí,,
A_20000_directo,1,20000,C1,compra_reserva,RESUMEN_ETAPA,TOTAL,,INICIAL,,,,,,222430.576,"acumulado con precio 222431 USD; conceptos sin costo en la etapa 75, acumulados 75"
B_5000_a_20000,1,5000,C1,compra_reserva,RESUMEN_ETAPA,TOTAL,,INICIAL,,,,,,64186.3806,"acumulado con precio 64186 USD; conceptos sin costo en la etapa 75, acumulados 75"
B_5000_a_20000,2,20000,C1,compra_reserva,RESUMEN_ETAPA,TOTAL,,EXPANSION,,,,,,158244.1954,"acumulado con precio 222431 USD; conceptos sin costo en la etapa 69, acumulados 144"
B2_5000_10000_20000,1,5000,C1,compra_reserva,RESUMEN_ETAPA,TOTAL,,INICIAL,,,,,,64186.3806,"acumulado con precio 64186 USD; conceptos sin costo en la etapa 75, acumulados 75"
B2_5000_10000_20000,2,10000,C1,compra_reserva,RESUMEN_ETAPA,TOTAL,,EXPANSION,,,,,,55013.9618,"acumulado con precio 119200 USD; conceptos sin costo en la etapa 69, acumulados 144"
B2_5000_10000_20000,3,20000,C1,compra_reserva,RESUMEN_ETAPA,TOTAL,,EXPANSION,,,,,,103230.2337,"acumulado con precio 222431 USD; conceptos sin costo en la etapa 69, acumulados 213"
C_10000_a_20000,1,10000,C1,compra_reserva,RESUMEN_ETAPA,TOTAL,,INICIAL,,,,,,119200.3424,"acumulado con precio 119200 USD; conceptos sin costo en la etapa 75, acumulados 75"
C_10000_a_20000,2,20000,C1,compra_reserva,RESUMEN_ETAPA,TOTAL,,EXPANSION,,,,,,103230.2337,"acumulado con precio 222431 USD; conceptos sin costo en la etapa 69, acumulados 144"
