FAENA,GRANJAS,POLLITO,ALIMENTO,FLOTA,FRIO,SUBPRODUCTOS,RENDERING,REPRODUCTORAS,CLASIFICACION,MOTIVO
propia,integradas,compra,compra,tercero,A_refrigerado,A_externo,FALSE,FALSE,EN_MAPA_EVALUADA,"configuraciones C1, C1-10000-llave_en_mano, C1-10000-manual, C1-10000-auto, C1-10000-6dias, C1-10000-parque, C1-10000-rural, C1-10000-reserva20000, C1-10000-GN-RED, C1-10000-LIMPIEZA-TERC, C1-10000-MANT-CONTRATO, C1-10000-FLETE-POR-UNIDAD, C1-10000-PAGO-KG-VIVO, C1-10000-HALAL"
propia,integradas,compra,compra,tercero,A_refrigerado,A_externo,FALSE,TRUE,INVALIDA_FISICAMENTE,reproductoras propias requieren incubación propia (arquitectura futura)
propia,integradas,compra,compra,tercero,A_refrigerado,A_externo,TRUE,FALSE,VALIDA_NO_MAPEADA_NO_EVALUADA,"físicamente válida para CAPEX, pero la interfaz financiera solo consume configuraciones del mapa (configs() de 21); requiere ampliar el mapa (DPV-20-03)"
propia,integradas,compra,compra,tercero,A_refrigerado,A_externo,TRUE,TRUE,INVALIDA_FISICAMENTE,reproductoras propias requieren incubación propia (arquitectura futura)
propia,integradas,compra,compra,tercero,A_refrigerado,B_basico_propio,FALSE,FALSE,EN_MAPA_EVALUADA,configuraciones C1-10000-subprod_basico
propia,integradas,compra,compra,tercero,A_refrigerado,B_basico_propio,FALSE,TRUE,INVALIDA_FISICAMENTE,reproductoras propias requieren incubación propia (arquitectura futura)
propia,integradas,compra,compra,tercero,A_refrigerado,B_basico_propio,TRUE,FALSE,VALIDA_NO_MAPEADA_NO_EVALUADA,"físicamente válida para CAPEX, pero la interfaz financiera solo consume configuraciones del mapa (configs() de 21); requiere ampliar el mapa (DPV-20-03)"
propia,integradas,compra,compra,tercero,A_refrigerado,B_basico_propio,TRUE,TRUE,INVALIDA_FISICAMENTE,reproductoras propias requieren incubación propia (arquitectura futura)
propia,integradas,compra,compra,tercero,B_refrigerado_congelado,A_externo,FALSE,FALSE,EN_MAPA_EVALUADA,configuraciones C1-10000-congelado_propio
propia,integradas,compra,compra,tercero,B_refrigerado_congelado,A_externo,FALSE,TRUE,INVALIDA_FISICAMENTE,reproductoras propias requieren incubación propia (arquitectura futura)
propia,integradas,compra,compra,tercero,B_refrigerado_congelado,A_externo,TRUE,FALSE,VALIDA_NO_MAPEADA_NO_EVALUADA,"físicamente válida para CAPEX, pero la interfaz financiera solo consume configuraciones del mapa (configs() de 21); requiere ampliar el mapa (DPV-20-03)"
propia,integradas,compra,compra,tercero,B_refrigerado_congelado,A_externo,TRUE,TRUE,INVALIDA_FISICAMENTE,reproductoras propias requieren incubación propia (arquitectura futura)
propia,integradas,compra,compra,tercero,B_refrigerado_congelado,B_basico_propio,FALSE,FALSE,VALIDA_NO_MAPEADA_NO_EVALUADA,"físicamente válida para CAPEX, pero la interfaz financiera solo consume configuraciones del mapa (configs() de 21); requiere ampliar el mapa (DPV-20-03)"
propia,integradas,compra,compra,tercero,B_refrigerado_congelado,B_basico_propio,FALSE,TRUE,INVALIDA_FISICAMENTE,reproductoras propias requieren incubación propia (arquitectura futura)
propia,integradas,compra,compra,tercero,B_refrigerado_congelado,B_basico_propio,TRUE,FALSE,VALIDA_NO_MAPEADA_NO_EVALUADA,"físicamente válida para CAPEX, pero la interfaz financiera solo consume configuraciones del mapa (configs() de 21); requiere ampliar el mapa (DPV-20-03)"
propia,integradas,compra,compra,tercero,B_refrigerado_congelado,B_basico_propio,TRUE,TRUE,INVALIDA_FISICAMENTE,reproductoras propias requieren incubación propia (arquitectura futura)
propia,integradas,compra,compra,tercero,C_congelado_tercero,A_externo,FALSE,FALSE,EN_MAPA_EVALUADA,configuraciones C1-10000-congelado_tercero
propia,integradas,compra,compra,tercero,C_congelado_tercero,A_externo,FALSE,TRUE,INVALIDA_FISICAMENTE,reproductoras propias requieren incubación propia (arquitectura futura)
propia,integradas,compra,compra,tercero,C_congelado_tercero,A_externo,TRUE,FALSE,VALIDA_NO_MAPEADA_NO_EVALUADA,"físicamente válida para CAPEX, pero la interfaz financiera solo consume configuraciones del mapa (configs() de 21); requiere ampliar el mapa (DPV-20-03)"
propia,integradas,compra,compra,tercero,C_congelado_tercero,A_externo,TRUE,TRUE,INVALIDA_FISICAMENTE,reproductoras propias requieren incubación propia (arquitectura futura)
propia,integradas,compra,compra,tercero,C_congelado_tercero,B_basico_propio,FALSE,FALSE,VALIDA_NO_MAPEADA_NO_EVALUADA,"físicamente válida para CAPEX, pero la interfaz financiera solo consume configuraciones del mapa (configs() de 21); requiere ampliar el mapa (DPV-20-03)"
propia,integradas,compra,compra,tercero,C_congelado_tercero,B_basico_propio,FALSE,TRUE,INVALIDA_FISICAMENTE,reproductoras propias requieren incubación propia (arquitectura futura)
propia,integradas,compra,compra,tercero,C_congelado_tercero,B_basico_propio,TRUE,FALSE,VALIDA_NO_MAPEADA_NO_EVALUADA,"físicamente válida para CAPEX, pero la interfaz financiera solo consume configuraciones del mapa (configs() de 21); requiere ampliar el mapa (DPV-20-03)"
propia,integradas,compra,compra,tercero,C_congelado_tercero,B_basico_propio,TRUE,TRUE,INVALIDA_FISICAMENTE,reproductoras propias requieren incubación propia (arquitectura futura)
propia,integradas,compra,compra,propia,A_refrigerado,A_externo,FALSE,FALSE,VALIDA_NO_MAPEADA_NO_EVALUADA,"físicamente válida para CAPEX, pero la interfaz financiera solo consume configuraciones del mapa (configs() de 21); requiere ampliar el mapa (DPV-20-03)"
propia,integradas,compra,compra,propia,A_refrigerado,A_externo,FALSE,TRUE,INVALIDA_FISICAMENTE,reproductoras propias requieren incubación propia (arquitectura futura)
propia,integradas,compra,compra,propia,A_refrigerado,A_externo,TRUE,FALSE,VALIDA_NO_MAPEADA_NO_EVALUADA,"físicamente válida para CAPEX, pero la interfaz financiera solo consume configuraciones del mapa (configs() de 21); requiere ampliar el mapa (DPV-20-03)"
propia,integradas,compra,compra,propia,A_refrigerado,A_externo,TRUE,TRUE,INVALIDA_FISICAMENTE,reproductoras propias requieren incubación propia (arquitectura futura)
propia,integradas,compra,compra,propia,A_refrigerado,B_basico_propio,FALSE,FALSE,VALIDA_NO_MAPEADA_NO_EVALUADA,"físicamente válida para CAPEX, pero la interfaz financiera solo consume configuraciones del mapa (configs() de 21); requiere ampliar el mapa (DPV-20-03)"
propia,integradas,compra,compra,propia,A_refrigerado,B_basico_propio,FALSE,TRUE,INVALIDA_FISICAMENTE,reproductoras propias requieren incubación propia (arquitectura futura)
propia,integradas,compra,compra,propia,A_refrigerado,B_basico_propio,TRUE,FALSE,VALIDA_NO_MAPEADA_NO_EVALUADA,"físicamente válida para CAPEX, pero la interfaz financiera solo consume configuraciones del mapa (configs() de 21); requiere ampliar el mapa (DPV-20-03)"
propia,integradas,compra,compra,propia,A_refrigerado,B_basico_propio,TRUE,TRUE,INVALIDA_FISICAMENTE,reproductoras propias requieren incubación propia (arquitectura futura)
propia,integradas,compra,compra,propia,B_refrigerado_congelado,A_externo,FALSE,FALSE,VALIDA_NO_MAPEADA_NO_EVALUADA,"físicamente válida para CAPEX, pero la interfaz financiera solo consume configuraciones del mapa (configs() de 21); requiere ampliar el mapa (DPV-20-03)"
propia,integradas,compra,compra,propia,B_refrigerado_congelado,A_externo,FALSE,TRUE,INVALIDA_FISICAMENTE,reproductoras propias requieren incubación propia (arquitectura futura)
propia,integradas,compra,compra,propia,B_refrigerado_congelado,A_externo,TRUE,FALSE,VALIDA_NO_MAPEADA_NO_EVALUADA,"físicamente válida para CAPEX, pero la interfaz financiera solo consume configuraciones del mapa (configs() de 21); requiere ampliar el mapa (DPV-20-03)"
propia,integradas,compra,compra,propia,B_refrigerado_congelado,A_externo,TRUE,TRUE,INVALIDA_FISICAMENTE,reproductoras propias requieren incubación propia (arquitectura futura)
propia,integradas,compra,compra,propia,B_refrigerado_congelado,B_basico_propio,FALSE,FALSE,VALIDA_NO_MAPEADA_NO_EVALUADA,"físicamente válida para CAPEX, pero la interfaz financiera solo consume configuraciones del mapa (configs() de 21); requiere ampliar el mapa (DPV-20-03)"
propia,integradas,compra,compra,propia,B_refrigerado_congelado,B_basico_propio,FALSE,TRUE,INVALIDA_FISICAMENTE,reproductoras propias requieren incubación propia (arquitectura futura)
propia,integradas,compra,compra,propia,B_refrigerado_congelado,B_basico_propio,TRUE,FALSE,VALIDA_NO_MAPEADA_NO_EVALUADA,"físicamente válida para CAPEX, pero la interfaz financiera solo consume configuraciones del mapa (configs() de 21); requiere ampliar el mapa (DPV-20-03)"
propia,integradas,compra,compra,propia,B_refrigerado_congelado,B_basico_propio,TRUE,TRUE,INVALIDA_FISICAMENTE,reproductoras propias requieren incubación propia (arquitectura futura)
propia,integradas,compra,compra,propia,C_congelado_tercero,A_externo,FALSE,FALSE,VALIDA_NO_MAPEADA_NO_EVALUADA,"físicamente válida para CAPEX, pero la interfaz financiera solo consume configuraciones del mapa (configs() de 21); requiere ampliar el mapa (DPV-20-03)"
propia,integradas,compra,compra,propia,C_congelado_tercero,A_externo,FALSE,TRUE,INVALIDA_FISICAMENTE,reproductoras propias requieren incubación propia (arquitectura futura)
propia,integradas,compra,compra,propia,C_congelado_tercero,A_externo,TRUE,FALSE,VALIDA_NO_MAPEADA_NO_EVALUADA,"físicamente válida para CAPEX, pero la interfaz financiera solo consume configuraciones del mapa (configs() de 21); requiere ampliar el mapa (DPV-20-03)"
propia,integradas,compra,compra,propia,C_congelado_tercero,A_externo,TRUE,TRUE,INVALIDA_FISICAMENTE,reproductoras propias requieren incubación propia (arquitectura futura)
propia,integradas,compra,compra,propia,C_congelado_tercero,B_basico_propio,FALSE,FALSE,VALIDA_NO_MAPEADA_NO_EVALUADA,"físicamente válida para CAPEX, pero la interfaz financiera solo consume configuraciones del mapa (configs() de 21); requiere ampliar el mapa (DPV-20-03)"
propia,integradas,compra,compra,propia,C_congelado_tercero,B_basico_propio,FALSE,TRUE,INVALIDA_FISICAMENTE,reproductoras propias requieren incubación propia (arquitectura futura)
propia,integradas,compra,compra,propia,C_congelado_tercero,B_basico_propio,TRUE,FALSE,VALIDA_NO_MAPEADA_NO_EVALUADA,"físicamente válida para CAPEX, pero la interfaz financiera solo consume configuraciones del mapa (configs() de 21); requiere ampliar el mapa (DPV-20-03)"
propia,integradas,compra,compra,propia,C_congelado_tercero,B_basico_propio,TRUE,TRUE,INVALIDA_FISICAMENTE,reproductoras propias requieren incubación propia (arquitectura futura)
propia,integradas,compra,compra,mixto,A_refrigerado,A_externo,FALSE,FALSE,VALIDA_NO_MAPEADA_NO_EVALUADA,"físicamente válida para CAPEX, pero la interfaz financiera solo consume configuraciones del mapa (configs() de 21); requiere ampliar el mapa (DPV-20-03)"
propia,integradas,compra,compra,mixto,A_refrigerado,A_externo,FALSE,TRUE,INVALIDA_FISICAMENTE,reproductoras propias requieren incubación propia (arquitectura futura)
propia,integradas,compra,compra,mixto,A_refrigerado,A_externo,TRUE,FALSE,VALIDA_NO_MAPEADA_NO_EVALUADA,"físicamente válida para CAPEX, pero la interfaz financiera solo consume configuraciones del mapa (configs() de 21); requiere ampliar el mapa (DPV-20-03)"
propia,integradas,compra,compra,mixto,A_refrigerado,A_externo,TRUE,TRUE,INVALIDA_FISICAMENTE,reproductoras propias requieren incubación propia (arquitectura futura)
propia,integradas,compra,compra,mixto,A_refrigerado,B_basico_propio,FALSE,FALSE,VALIDA_NO_MAPEADA_NO_EVALUADA,"físicamente válida para CAPEX, pero la interfaz financiera solo consume configuraciones del mapa (configs() de 21); requiere ampliar el mapa (DPV-20-03)"
propia,integradas,compra,compra,mixto,A_refrigerado,B_basico_propio,FALSE,TRUE,INVALIDA_FISICAMENTE,reproductoras propias requieren incubación propia (arquitectura futura)
propia,integradas,compra,compra,mixto,A_refrigerado,B_basico_propio,TRUE,FALSE,VALIDA_NO_MAPEADA_NO_EVALUADA,"físicamente válida para CAPEX, pero la interfaz financiera solo consume configuraciones del mapa (configs() de 21); requiere ampliar el mapa (DPV-20-03)"
propia,integradas,compra,compra,mixto,A_refrigerado,B_basico_propio,TRUE,TRUE,INVALIDA_FISICAMENTE,reproductoras propias requieren incubación propia (arquitectura futura)
propia,integradas,compra,compra,mixto,B_refrigerado_congelado,A_externo,FALSE,FALSE,VALIDA_NO_MAPEADA_NO_EVALUADA,"físicamente válida para CAPEX, pero la interfaz financiera solo consume configuraciones del mapa (configs() de 21); requiere ampliar el mapa (DPV-20-03)"
propia,integradas,compra,compra,mixto,B_refrigerado_congelado,A_externo,FALSE,TRUE,INVALIDA_FISICAMENTE,reproductoras propias requieren incubación propia (arquitectura futura)
propia,integradas,compra,compra,mixto,B_refrigerado_congelado,A_externo,TRUE,FALSE,VALIDA_NO_MAPEADA_NO_EVALUADA,"físicamente válida para CAPEX, pero la interfaz financiera solo consume configuraciones del mapa (configs() de 21); requiere ampliar el mapa (DPV-20-03)"
propia,integradas,compra,compra,mixto,B_refrigerado_congelado,A_externo,TRUE,TRUE,INVALIDA_FISICAMENTE,reproductoras propias requieren incubación propia (arquitectura futura)
propia,integradas,compra,compra,mixto,B_refrigerado_congelado,B_basico_propio,FALSE,FALSE,VALIDA_NO_MAPEADA_NO_EVALUADA,"físicamente válida para CAPEX, pero la interfaz financiera solo consume configuraciones del mapa (configs() de 21); requiere ampliar el mapa (DPV-20-03)"
propia,integradas,compra,compra,mixto,B_refrigerado_congelado,B_basico_propio,FALSE,TRUE,INVALIDA_FISICAMENTE,reproductoras propias requieren incubación propia (arquitectura futura)
propia,integradas,compra,compra,mixto,B_refrigerado_congelado,B_basico_propio,TRUE,FALSE,VALIDA_NO_MAPEADA_NO_EVALUADA,"físicamente válida para CAPEX, pero la interfaz financiera solo consume configuraciones del mapa (configs() de 21); requiere ampliar el mapa (DPV-20-03)"
propia,integradas,compra,compra,mixto,B_refrigerado_congelado,B_basico_propio,TRUE,TRUE,INVALIDA_FISICAMENTE,reproductoras propias requieren incubación propia (arquitectura futura)
propia,integradas,compra,compra,mixto,C_congelado_tercero,A_externo,FALSE,FALSE,VALIDA_NO_MAPEADA_NO_EVALUADA,"físicamente válida para CAPEX, pero la interfaz financiera solo consume configuraciones del mapa (configs() de 21); requiere ampliar el mapa (DPV-20-03)"
propia,integradas,compra,compra,mixto,C_congelado_tercero,A_externo,FALSE,TRUE,INVALIDA_FISICAMENTE,reproductoras propias requieren incubación propia (arquitectura futura)
propia,integradas,compra,compra,mixto,C_congelado_tercero,A_externo,TRUE,FALSE,VALIDA_NO_MAPEADA_NO_EVALUADA,"físicamente válida para CAPEX, pero la interfaz financiera solo consume configuraciones del mapa (configs() de 21); requiere ampliar el mapa (DPV-20-03)"
propia,integradas,compra,compra,mixto,C_congelado_tercero,A_externo,TRUE,TRUE,INVALIDA_FISICAMENTE,reproductoras propias requieren incubación propia (arquitectura futura)
propia,integradas,compra,compra,mixto,C_congelado_tercero,B_basico_propio,FALSE,FALSE,VALIDA_NO_MAPEADA_NO_EVALUADA,"físicamente válida para CAPEX, pero la interfaz financiera solo consume configuraciones del mapa (configs() de 21); requiere ampliar el mapa (DPV-20-03)"
propia,integradas,compra,compra,mixto,C_congelado_tercero,B_basico_propio,FALSE,TRUE,INVALIDA_FISICAMENTE,reproductoras propias requieren incubación propia (arquitectura futura)
propia,integradas,compra,compra,mixto,C_congelado_tercero,B_basico_propio,TRUE,FALSE,VALIDA_NO_MAPEADA_NO_EVALUADA,"físicamente válida para CAPEX, pero la interfaz financiera solo consume configuraciones del mapa (configs() de 21); requiere ampliar el mapa (DPV-20-03)"
propia,integradas,compra,compra,mixto,C_congelado_tercero,B_basico_propio,TRUE,TRUE,INVALIDA_FISICAMENTE,reproductoras propias requieren incubación propia (arquitectura futura)
propia,integradas,compra,facon,tercero,A_refrigerado,A_externo,FALSE,FALSE,VALIDA_NO_MAPEADA_NO_EVALUADA,"físicamente válida para CAPEX, pero la interfaz financiera solo consume configuraciones del mapa (configs() de 21); requiere ampliar el mapa (DPV-20-03)"
propia,integradas,compra,facon,tercero,A_refrigerado,A_externo,FALSE,TRUE,INVALIDA_FISICAMENTE,reproductoras propias requieren incubación propia (arquitectura futura)
propia,integradas,compra,facon,tercero,A_refrigerado,A_externo,TRUE,FALSE,VALIDA_NO_MAPEADA_NO_EVALUADA,"físicamente válida para CAPEX, pero la interfaz financiera solo consume configuraciones del mapa (configs() de 21); requiere ampliar el mapa (DPV-20-03)"
propia,integradas,compra,facon,tercero,A_refrigerado,A_externo,TRUE,TRUE,INVALIDA_FISICAMENTE,reproductoras propias requieren incubación propia (arquitectura futura)
propia,integradas,compra,facon,tercero,A_refrigerado,B_basico_propio,FALSE,FALSE,VALIDA_NO_MAPEADA_NO_EVALUADA,"físicamente válida para CAPEX, pero la interfaz financiera solo consume configuraciones del mapa (configs() de 21); requiere ampliar el mapa (DPV-20-03)"
propia,integradas,compra,facon,tercero,A_refrigerado,B_basico_propio,FALSE,TRUE,INVALIDA_FISICAMENTE,reproductoras propias requieren incubación propia (arquitectura futura)
propia,integradas,compra,facon,tercero,A_refrigerado,B_basico_propio,TRUE,FALSE,VALIDA_NO_MAPEADA_NO_EVALUADA,"físicamente válida para CAPEX, pero la interfaz financiera solo consume configuraciones del mapa (configs() de 21); requiere ampliar el mapa (DPV-20-03)"
propia,integradas,compra,facon,tercero,A_refrigerado,B_basico_propio,TRUE,TRUE,INVALIDA_FISICAMENTE,reproductoras propias requieren incubación propia (arquitectura futura)
propia,integradas,compra,facon,tercero,B_refrigerado_congelado,A_externo,FALSE,FALSE,VALIDA_NO_MAPEADA_NO_EVALUADA,"físicamente válida para CAPEX, pero la interfaz financiera solo consume configuraciones del mapa (configs() de 21); requiere ampliar el mapa (DPV-20-03)"
propia,integradas,compra,facon,tercero,B_refrigerado_congelado,A_externo,FALSE,TRUE,INVALIDA_FISICAMENTE,reproductoras propias requieren incubación propia (arquitectura futura)
propia,integradas,compra,facon,tercero,B_refrigerado_congelado,A_externo,TRUE,FALSE,VALIDA_NO_MAPEADA_NO_EVALUADA,"físicamente válida para CAPEX, pero la interfaz financiera solo consume configuraciones del mapa (configs() de 21); requiere ampliar el mapa (DPV-20-03)"
propia,integradas,compra,facon,tercero,B_refrigerado_congelado,A_externo,TRUE,TRUE,INVALIDA_FISICAMENTE,reproductoras propias requieren incubación propia (arquitectura futura)
propia,integradas,compra,facon,tercero,B_refrigerado_congelado,B_basico_propio,FALSE,FALSE,VALIDA_NO_MAPEADA_NO_EVALUADA,"físicamente válida para CAPEX, pero la interfaz financiera solo consume configuraciones del mapa (configs() de 21); requiere ampliar el mapa (DPV-20-03)"
propia,integradas,compra,facon,tercero,B_refrigerado_congelado,B_basico_propio,FALSE,TRUE,INVALIDA_FISICAMENTE,reproductoras propias requieren incubación propia (arquitectura futura)
propia,integradas,compra,facon,tercero,B_refrigerado_congelado,B_basico_propio,TRUE,FALSE,VALIDA_NO_MAPEADA_NO_EVALUADA,"físicamente válida para CAPEX, pero la interfaz financiera solo consume configuraciones del mapa (configs() de 21); requiere ampliar el mapa (DPV-20-03)"
propia,integradas,compra,facon,tercero,B_refrigerado_congelado,B_basico_propio,TRUE,TRUE,INVALIDA_FISICAMENTE,reproductoras propias requieren incubación propia (arquitectura futura)
propia,integradas,compra,facon,tercero,C_congelado_tercero,A_externo,FALSE,FALSE,VALIDA_NO_MAPEADA_NO_EVALUADA,"físicamente válida para CAPEX, pero la interfaz financiera solo consume configuraciones del mapa (configs() de 21); requiere ampliar el mapa (DPV-20-03)"
propia,integradas,compra,facon,tercero,C_congelado_tercero,A_externo,FALSE,TRUE,INVALIDA_FISICAMENTE,reproductoras propias requieren incubación propia (arquitectura futura)
propia,integradas,compra,facon,tercero,C_congelado_tercero,A_externo,TRUE,FALSE,VALIDA_NO_MAPEADA_NO_EVALUADA,"físicamente válida para CAPEX, pero la interfaz financiera solo consume configuraciones del mapa (configs() de 21); requiere ampliar el mapa (DPV-20-03)"
propia,integradas,compra,facon,tercero,C_congelado_tercero,A_externo,TRUE,TRUE,INVALIDA_FISICAMENTE,reproductoras propias requieren incubación propia (arquitectura futura)
propia,integradas,compra,facon,tercero,C_congelado_tercero,B_basico_propio,FALSE,FALSE,VALIDA_NO_MAPEADA_NO_EVALUADA,"físicamente válida para CAPEX, pero la interfaz financiera solo consume configuraciones del mapa (configs() de 21); requiere ampliar el mapa (DPV-20-03)"
propia,integradas,compra,facon,tercero,C_congelado_tercero,B_basico_propio,FALSE,TRUE,INVALIDA_FISICAMENTE,reproductoras propias requieren incubación propia (arquitectura futura)
propia,integradas,compra,facon,tercero,C_congelado_tercero,B_basico_propio,TRUE,FALSE,VALIDA_NO_MAPEADA_NO_EVALUADA,"físicamente válida para CAPEX, pero la interfaz financiera solo consume configuraciones del mapa (configs() de 21); requiere ampliar el mapa (DPV-20-03)"
propia,integradas,compra,facon,tercero,C_congelado_tercero,B_basico_propio,TRUE,TRUE,INVALIDA_FISICAMENTE,reproductoras propias requieren incubación propia (arquitectura futura)
propia,integradas,compra,facon,propia,A_refrigerado,A_externo,FALSE,FALSE,VALIDA_NO_MAPEADA_NO_EVALUADA,"físicamente válida para CAPEX, pero la interfaz financiera solo consume configuraciones del mapa (configs() de 21); requiere ampliar el mapa (DPV-20-03)"
propia,integradas,compra,facon,propia,A_refrigerado,A_externo,FALSE,TRUE,INVALIDA_FISICAMENTE,reproductoras propias requieren incubación propia (arquitectura futura)
propia,integradas,compra,facon,propia,A_refrigerado,A_externo,TRUE,FALSE,VALIDA_NO_MAPEADA_NO_EVALUADA,"físicamente válida para CAPEX, pero la interfaz financiera solo consume configuraciones del mapa (configs() de 21); requiere ampliar el mapa (DPV-20-03)"
propia,integradas,compra,facon,propia,A_refrigerado,A_externo,TRUE,TRUE,INVALIDA_FISICAMENTE,reproductoras propias requieren incubación propia (arquitectura futura)
propia,integradas,compra,facon,propia,A_refrigerado,B_basico_propio,FALSE,FALSE,VALIDA_NO_MAPEADA_NO_EVALUADA,"físicamente válida para CAPEX, pero la interfaz financiera solo consume configuraciones del mapa (configs() de 21); requiere ampliar el mapa (DPV-20-03)"
propia,integradas,compra,facon,propia,A_refrigerado,B_basico_propio,FALSE,TRUE,INVALIDA_FISICAMENTE,reproductoras propias requieren incubación propia (arquitectura futura)
propia,integradas,compra,facon,propia,A_refrigerado,B_basico_propio,TRUE,FALSE,VALIDA_NO_MAPEADA_NO_EVALUADA,"físicamente válida para CAPEX, pero la interfaz financiera solo consume configuraciones del mapa (configs() de 21); requiere ampliar el mapa (DPV-20-03)"
propia,integradas,compra,facon,propia,A_refrigerado,B_basico_propio,TRUE,TRUE,INVALIDA_FISICAMENTE,reproductoras propias requieren incubación propia (arquitectura futura)
propia,integradas,compra,facon,propia,B_refrigerado_congelado,A_externo,FALSE,FALSE,VALIDA_NO_MAPEADA_NO_EVALUADA,"físicamente válida para CAPEX, pero la interfaz financiera solo consume configuraciones del mapa (configs() de 21); requiere ampliar el mapa (DPV-20-03)"
propia,integradas,compra,facon,propia,B_refrigerado_congelado,A_externo,FALSE,TRUE,INVALIDA_FISICAMENTE,reproductoras propias requieren incubación propia (arquitectura futura)
propia,integradas,compra,facon,propia,B_refrigerado_congelado,A_externo,TRUE,FALSE,VALIDA_NO_MAPEADA_NO_EVALUADA,"físicamente válida para CAPEX, pero la interfaz financiera solo consume configuraciones del mapa (configs() de 21); requiere ampliar el mapa (DPV-20-03)"
propia,integradas,compra,facon,propia,B_refrigerado_congelado,A_externo,TRUE,TRUE,INVALIDA_FISICAMENTE,reproductoras propias requieren incubación propia (arquitectura futura)
propia,integradas,compra,facon,propia,B_refrigerado_congelado,B_basico_propio,FALSE,FALSE,VALIDA_NO_MAPEADA_NO_EVALUADA,"físicamente válida para CAPEX, pero la interfaz financiera solo consume configuraciones del mapa (configs() de 21); requiere ampliar el mapa (DPV-20-03)"
propia,integradas,compra,facon,propia,B_refrigerado_congelado,B_basico_propio,FALSE,TRUE,INVALIDA_FISICAMENTE,reproductoras propias requieren incubación propia (arquitectura futura)
propia,integradas,compra,facon,propia,B_refrigerado_congelado,B_basico_propio,TRUE,FALSE,VALIDA_NO_MAPEADA_NO_EVALUADA,"físicamente válida para CAPEX, pero la interfaz financiera solo consume configuraciones del mapa (configs() de 21); requiere ampliar el mapa (DPV-20-03)"
propia,integradas,compra,facon,propia,B_refrigerado_congelado,B_basico_propio,TRUE,TRUE,INVALIDA_FISICAMENTE,reproductoras propias requieren incubación propia (arquitectura futura)
propia,integradas,compra,facon,propia,C_congelado_tercero,A_externo,FALSE,FALSE,VALIDA_NO_MAPEADA_NO_EVALUADA,"físicamente válida para CAPEX, pero la interfaz financiera solo consume configuraciones del mapa (configs() de 21); requiere ampliar el mapa (DPV-20-03)"
propia,integradas,compra,facon,propia,C_congelado_tercero,A_externo,FALSE,TRUE,INVALIDA_FISICAMENTE,reproductoras propias requieren incubación propia (arquitectura futura)
propia,integradas,compra,facon,propia,C_congelado_tercero,A_externo,TRUE,FALSE,VALIDA_NO_MAPEADA_NO_EVALUADA,"físicamente válida para CAPEX, pero la interfaz financiera solo consume configuraciones del mapa (configs() de 21); requiere ampliar el mapa (DPV-20-03)"
propia,integradas,compra,facon,propia,C_congelado_tercero,A_externo,TRUE,TRUE,INVALIDA_FISICAMENTE,reproductoras propias requieren incubación propia (arquitectura futura)
propia,integradas,compra,facon,propia,C_congelado_tercero,B_basico_propio,FALSE,FALSE,VALIDA_NO_MAPEADA_NO_EVALUADA,"físicamente válida para CAPEX, pero la interfaz financiera solo consume configuraciones del mapa (configs() de 21); requiere ampliar el mapa (DPV-20-03)"
propia,integradas,compra,facon,propia,C_congelado_tercero,B_basico_propio,FALSE,TRUE,INVALIDA_FISICAMENTE,reproductoras propias requieren incubación propia (arquitectura futura)
propia,integradas,compra,facon,propia,C_congelado_tercero,B_basico_propio,TRUE,FALSE,VALIDA_NO_MAPEADA_NO_EVALUADA,"físicamente válida para CAPEX, pero la interfaz financiera solo consume configuraciones del mapa (configs() de 21); requiere ampliar el mapa (DPV-20-03)"
propia,integradas,compra,facon,propia,C_congelado_tercero,B_basico_propio,TRUE,TRUE,INVALIDA_FISICAMENTE,reproductoras propias requieren incubación propia (arquitectura futura)
propia,integradas,compra,facon,mixto,A_refrigerado,A_externo,FALSE,FALSE,VALIDA_NO_MAPEADA_NO_EVALUADA,"físicamente válida para CAPEX, pero la interfaz financiera solo consume configuraciones del mapa (configs() de 21); requiere ampliar el mapa (DPV-20-03)"
propia,integradas,compra,facon,mixto,A_refrigerado,A_externo,FALSE,TRUE,INVALIDA_FISICAMENTE,reproductoras propias requieren incubación propia (arquitectura futura)
propia,integradas,compra,facon,mixto,A_refrigerado,A_externo,TRUE,FALSE,VALIDA_NO_MAPEADA_NO_EVALUADA,"físicamente válida para CAPEX, pero la interfaz financiera solo consume configuraciones del mapa (configs() de 21); requiere ampliar el mapa (DPV-20-03)"
propia,integradas,compra,facon,mixto,A_refrigerado,A_externo,TRUE,TRUE,INVALIDA_FISICAMENTE,reproductoras propias requieren incubación propia (arquitectura futura)
propia,integradas,compra,facon,mixto,A_refrigerado,B_basico_propio,FALSE,FALSE,VALIDA_NO_MAPEADA_NO_EVALUADA,"físicamente válida para CAPEX, pero la interfaz financiera solo consume configuraciones del mapa (configs() de 21); requiere ampliar el mapa (DPV-20-03)"
propia,integradas,compra,facon,mixto,A_refrigerado,B_basico_propio,FALSE,TRUE,INVALIDA_FISICAMENTE,reproductoras propias requieren incubación propia (arquitectura futura)
propia,integradas,compra,facon,mixto,A_refrigerado,B_basico_propio,TRUE,FALSE,VALIDA_NO_MAPEADA_NO_EVALUADA,"físicamente válida para CAPEX, pero la interfaz financiera solo consume configuraciones del mapa (configs() de 21); requiere ampliar el mapa (DPV-20-03)"
propia,integradas,compra,facon,mixto,A_refrigerado,B_basico_propio,TRUE,TRUE,INVALIDA_FISICAMENTE,reproductoras propias requieren incubación propia (arquitectura futura)
propia,integradas,compra,facon,mixto,B_refrigerado_congelado,A_externo,FALSE,FALSE,VALIDA_NO_MAPEADA_NO_EVALUADA,"físicamente válida para CAPEX, pero la interfaz financiera solo consume configuraciones del mapa (configs() de 21); requiere ampliar el mapa (DPV-20-03)"
propia,integradas,compra,facon,mixto,B_refrigerado_congelado,A_externo,FALSE,TRUE,INVALIDA_FISICAMENTE,reproductoras propias requieren incubación propia (arquitectura futura)
propia,integradas,compra,facon,mixto,B_refrigerado_congelado,A_externo,TRUE,FALSE,VALIDA_NO_MAPEADA_NO_EVALUADA,"físicamente válida para CAPEX, pero la interfaz financiera solo consume configuraciones del mapa (configs() de 21); requiere ampliar el mapa (DPV-20-03)"
propia,integradas,compra,facon,mixto,B_refrigerado_congelado,A_externo,TRUE,TRUE,INVALIDA_FISICAMENTE,reproductoras propias requieren incubación propia (arquitectura futura)
propia,integradas,compra,facon,mixto,B_refrigerado_congelado,B_basico_propio,FALSE,FALSE,VALIDA_NO_MAPEADA_NO_EVALUADA,"físicamente válida para CAPEX, pero la interfaz financiera solo consume configuraciones del mapa (configs() de 21); requiere ampliar el mapa (DPV-20-03)"
propia,integradas,compra,facon,mixto,B_refrigerado_congelado,B_basico_propio,FALSE,TRUE,INVALIDA_FISICAMENTE,reproductoras propias requieren incubación propia (arquitectura futura)
propia,integradas,compra,facon,mixto,B_refrigerado_congelado,B_basico_propio,TRUE,FALSE,VALIDA_NO_MAPEADA_NO_EVALUADA,"físicamente válida para CAPEX, pero la interfaz financiera solo consume configuraciones del mapa (configs() de 21); requiere ampliar el mapa (DPV-20-03)"
propia,integradas,compra,facon,mixto,B_refrigerado_congelado,B_basico_propio,TRUE,TRUE,INVALIDA_FISICAMENTE,reproductoras propias requieren incubación propia (arquitectura futura)
propia,integradas,compra,facon,mixto,C_congelado_tercero,A_externo,FALSE,FALSE,VALIDA_NO_MAPEADA_NO_EVALUADA,"físicamente válida para CAPEX, pero la interfaz financiera solo consume configuraciones del mapa (configs() de 21); requiere ampliar el mapa (DPV-20-03)"
propia,integradas,compra,facon,mixto,C_congelado_tercero,A_externo,FALSE,TRUE,INVALIDA_FISICAMENTE,reproductoras propias requieren incubación propia (arquitectura futura)
propia,integradas,compra,facon,mixto,C_congelado_tercero,A_externo,TRUE,FALSE,VALIDA_NO_MAPEADA_NO_EVALUADA,"físicamente válida para CAPEX, pero la interfaz financiera solo consume configuraciones del mapa (configs() de 21); requiere ampliar el mapa (DPV-20-03)"
propia,integradas,compra,facon,mixto,C_congelado_tercero,A_externo,TRUE,TRUE,INVALIDA_FISICAMENTE,reproductoras propias requieren incubación propia (arquitectura futura)
propia,integradas,compra,facon,mixto,C_congelado_tercero,B_basico_propio,FALSE,FALSE,VALIDA_NO_MAPEADA_NO_EVALUADA,"físicamente válida para CAPEX, pero la interfaz financiera solo consume configuraciones del mapa (configs() de 21); requiere ampliar el mapa (DPV-20-03)"
propia,integradas,compra,facon,mixto,C_congelado_tercero,B_basico_propio,FALSE,TRUE,INVALIDA_FISICAMENTE,reproductoras propias requieren incubación propia (arquitectura futura)
propia,integradas,compra,facon,mixto,C_congelado_tercero,B_basico_propio,TRUE,FALSE,VALIDA_NO_MAPEADA_NO_EVALUADA,"físicamente válida para CAPEX, pero la interfaz financiera solo consume configuraciones del mapa (configs() de 21); requiere ampliar el mapa (DPV-20-03)"
propia,integradas,compra,facon,mixto,C_congelado_tercero,B_basico_propio,TRUE,TRUE,INVALIDA_FISICAMENTE,reproductoras propias requieren incubación propia (arquitectura futura)
propia,integradas,compra,propia,tercero,A_refrigerado,A_externo,FALSE,FALSE,VALIDA_NO_MAPEADA_NO_EVALUADA,"físicamente válida para CAPEX, pero la interfaz financiera solo consume configuraciones del mapa (configs() de 21); requiere ampliar el mapa (DPV-20-03)"
propia,integradas,compra,propia,tercero,A_refrigerado,A_externo,FALSE,TRUE,INVALIDA_FISICAMENTE,reproductoras propias requieren incubación propia (arquitectura futura)
propia,integradas,compra,propia,tercero,A_refrigerado,A_externo,TRUE,FALSE,VALIDA_NO_MAPEADA_NO_EVALUADA,"físicamente válida para CAPEX, pero la interfaz financiera solo consume configuraciones del mapa (configs() de 21); requiere ampliar el mapa (DPV-20-03)"
propia,integradas,compra,propia,tercero,A_refrigerado,A_externo,TRUE,TRUE,INVALIDA_FISICAMENTE,reproductoras propias requieren incubación propia (arquitectura futura)
propia,integradas,compra,propia,tercero,A_refrigerado,B_basico_propio,FALSE,FALSE,VALIDA_NO_MAPEADA_NO_EVALUADA,"físicamente válida para CAPEX, pero la interfaz financiera solo consume configuraciones del mapa (configs() de 21); requiere ampliar el mapa (DPV-20-03)"
propia,integradas,compra,propia,tercero,A_refrigerado,B_basico_propio,FALSE,TRUE,INVALIDA_FISICAMENTE,reproductoras propias requieren incubación propia (arquitectura futura)
propia,integradas,compra,propia,tercero,A_refrigerado,B_basico_propio,TRUE,FALSE,VALIDA_NO_MAPEADA_NO_EVALUADA,"físicamente válida para CAPEX, pero la interfaz financiera solo consume configuraciones del mapa (configs() de 21); requiere ampliar el mapa (DPV-20-03)"
propia,integradas,compra,propia,tercero,A_refrigerado,B_basico_propio,TRUE,TRUE,INVALIDA_FISICAMENTE,reproductoras propias requieren incubación propia (arquitectura futura)
propia,integradas,compra,propia,tercero,B_refrigerado_congelado,A_externo,FALSE,FALSE,VALIDA_NO_MAPEADA_NO_EVALUADA,"físicamente válida para CAPEX, pero la interfaz financiera solo consume configuraciones del mapa (configs() de 21); requiere ampliar el mapa (DPV-20-03)"
propia,integradas,compra,propia,tercero,B_refrigerado_congelado,A_externo,FALSE,TRUE,INVALIDA_FISICAMENTE,reproductoras propias requieren incubación propia (arquitectura futura)
propia,integradas,compra,propia,tercero,B_refrigerado_congelado,A_externo,TRUE,FALSE,VALIDA_NO_MAPEADA_NO_EVALUADA,"físicamente válida para CAPEX, pero la interfaz financiera solo consume configuraciones del mapa (configs() de 21); requiere ampliar el mapa (DPV-20-03)"
propia,integradas,compra,propia,tercero,B_refrigerado_congelado,A_externo,TRUE,TRUE,INVALIDA_FISICAMENTE,reproductoras propias requieren incubación propia (arquitectura futura)
propia,integradas,compra,propia,tercero,B_refrigerado_congelado,B_basico_propio,FALSE,FALSE,VALIDA_NO_MAPEADA_NO_EVALUADA,"físicamente válida para CAPEX, pero la interfaz financiera solo consume configuraciones del mapa (configs() de 21); requiere ampliar el mapa (DPV-20-03)"
propia,integradas,compra,propia,tercero,B_refrigerado_congelado,B_basico_propio,FALSE,TRUE,INVALIDA_FISICAMENTE,reproductoras propias requieren incubación propia (arquitectura futura)
propia,integradas,compra,propia,tercero,B_refrigerado_congelado,B_basico_propio,TRUE,FALSE,VALIDA_NO_MAPEADA_NO_EVALUADA,"físicamente válida para CAPEX, pero la interfaz financiera solo consume configuraciones del mapa (configs() de 21); requiere ampliar el mapa (DPV-20-03)"
propia,integradas,compra,propia,tercero,B_refrigerado_congelado,B_basico_propio,TRUE,TRUE,INVALIDA_FISICAMENTE,reproductoras propias requieren incubación propia (arquitectura futura)
propia,integradas,compra,propia,tercero,C_congelado_tercero,A_externo,FALSE,FALSE,VALIDA_NO_MAPEADA_NO_EVALUADA,"físicamente válida para CAPEX, pero la interfaz financiera solo consume configuraciones del mapa (configs() de 21); requiere ampliar el mapa (DPV-20-03)"
propia,integradas,compra,propia,tercero,C_congelado_tercero,A_externo,FALSE,TRUE,INVALIDA_FISICAMENTE,reproductoras propias requieren incubación propia (arquitectura futura)
propia,integradas,compra,propia,tercero,C_congelado_tercero,A_externo,TRUE,FALSE,VALIDA_NO_MAPEADA_NO_EVALUADA,"físicamente válida para CAPEX, pero la interfaz financiera solo consume configuraciones del mapa (configs() de 21); requiere ampliar el mapa (DPV-20-03)"
propia,integradas,compra,propia,tercero,C_congelado_tercero,A_externo,TRUE,TRUE,INVALIDA_FISICAMENTE,reproductoras propias requieren incubación propia (arquitectura futura)
propia,integradas,compra,propia,tercero,C_congelado_tercero,B_basico_propio,FALSE,FALSE,VALIDA_NO_MAPEADA_NO_EVALUADA,"físicamente válida para CAPEX, pero la interfaz financiera solo consume configuraciones del mapa (configs() de 21); requiere ampliar el mapa (DPV-20-03)"
propia,integradas,compra,propia,tercero,C_congelado_tercero,B_basico_propio,FALSE,TRUE,INVALIDA_FISICAMENTE,reproductoras propias requieren incubación propia (arquitectura futura)
propia,integradas,compra,propia,tercero,C_congelado_tercero,B_basico_propio,TRUE,FALSE,VALIDA_NO_MAPEADA_NO_EVALUADA,"físicamente válida para CAPEX, pero la interfaz financiera solo consume configuraciones del mapa (configs() de 21); requiere ampliar el mapa (DPV-20-03)"
propia,integradas,compra,propia,tercero,C_congelado_tercero,B_basico_propio,TRUE,TRUE,INVALIDA_FISICAMENTE,reproductoras propias requieren incubación propia (arquitectura futura)
propia,integradas,compra,propia,propia,A_refrigerado,A_externo,FALSE,FALSE,VALIDA_NO_MAPEADA_NO_EVALUADA,"físicamente válida para CAPEX, pero la interfaz financiera solo consume configuraciones del mapa (configs() de 21); requiere ampliar el mapa (DPV-20-03)"
propia,integradas,compra,propia,propia,A_refrigerado,A_externo,FALSE,TRUE,INVALIDA_FISICAMENTE,reproductoras propias requieren incubación propia (arquitectura futura)
propia,integradas,compra,propia,propia,A_refrigerado,A_externo,TRUE,FALSE,VALIDA_NO_MAPEADA_NO_EVALUADA,"físicamente válida para CAPEX, pero la interfaz financiera solo consume configuraciones del mapa (configs() de 21); requiere ampliar el mapa (DPV-20-03)"
propia,integradas,compra,propia,propia,A_refrigerado,A_externo,TRUE,TRUE,INVALIDA_FISICAMENTE,reproductoras propias requieren incubación propia (arquitectura futura)
propia,integradas,compra,propia,propia,A_refrigerado,B_basico_propio,FALSE,FALSE,VALIDA_NO_MAPEADA_NO_EVALUADA,"físicamente válida para CAPEX, pero la interfaz financiera solo consume configuraciones del mapa (configs() de 21); requiere ampliar el mapa (DPV-20-03)"
propia,integradas,compra,propia,propia,A_refrigerado,B_basico_propio,FALSE,TRUE,INVALIDA_FISICAMENTE,reproductoras propias requieren incubación propia (arquitectura futura)
propia,integradas,compra,propia,propia,A_refrigerado,B_basico_propio,TRUE,FALSE,VALIDA_NO_MAPEADA_NO_EVALUADA,"físicamente válida para CAPEX, pero la interfaz financiera solo consume configuraciones del mapa (configs() de 21); requiere ampliar el mapa (DPV-20-03)"
propia,integradas,compra,propia,propia,A_refrigerado,B_basico_propio,TRUE,TRUE,INVALIDA_FISICAMENTE,reproductoras propias requieren incubación propia (arquitectura futura)
propia,integradas,compra,propia,propia,B_refrigerado_congelado,A_externo,FALSE,FALSE,VALIDA_NO_MAPEADA_NO_EVALUADA,"físicamente válida para CAPEX, pero la interfaz financiera solo consume configuraciones del mapa (configs() de 21); requiere ampliar el mapa (DPV-20-03)"
propia,integradas,compra,propia,propia,B_refrigerado_congelado,A_externo,FALSE,TRUE,INVALIDA_FISICAMENTE,reproductoras propias requieren incubación propia (arquitectura futura)
propia,integradas,compra,propia,propia,B_refrigerado_congelado,A_externo,TRUE,FALSE,VALIDA_NO_MAPEADA_NO_EVALUADA,"físicamente válida para CAPEX, pero la interfaz financiera solo consume configuraciones del mapa (configs() de 21); requiere ampliar el mapa (DPV-20-03)"
propia,integradas,compra,propia,propia,B_refrigerado_congelado,A_externo,TRUE,TRUE,INVALIDA_FISICAMENTE,reproductoras propias requieren incubación propia (arquitectura futura)
propia,integradas,compra,propia,propia,B_refrigerado_congelado,B_basico_propio,FALSE,FALSE,VALIDA_NO_MAPEADA_NO_EVALUADA,"físicamente válida para CAPEX, pero la interfaz financiera solo consume configuraciones del mapa (configs() de 21); requiere ampliar el mapa (DPV-20-03)"
propia,integradas,compra,propia,propia,B_refrigerado_congelado,B_basico_propio,FALSE,TRUE,INVALIDA_FISICAMENTE,reproductoras propias requieren incubación propia (arquitectura futura)
propia,integradas,compra,propia,propia,B_refrigerado_congelado,B_basico_propio,TRUE,FALSE,VALIDA_NO_MAPEADA_NO_EVALUADA,"físicamente válida para CAPEX, pero la interfaz financiera solo consume configuraciones del mapa (configs() de 21); requiere ampliar el mapa (DPV-20-03)"
propia,integradas,compra,propia,propia,B_refrigerado_congelado,B_basico_propio,TRUE,TRUE,INVALIDA_FISICAMENTE,reproductoras propias requieren incubación propia (arquitectura futura)
propia,integradas,compra,propia,propia,C_congelado_tercero,A_externo,FALSE,FALSE,VALIDA_NO_MAPEADA_NO_EVALUADA,"físicamente válida para CAPEX, pero la interfaz financiera solo consume configuraciones del mapa (configs() de 21); requiere ampliar el mapa (DPV-20-03)"
propia,integradas,compra,propia,propia,C_congelado_tercero,A_externo,FALSE,TRUE,INVALIDA_FISICAMENTE,reproductoras propias requieren incubación propia (arquitectura futura)
propia,integradas,compra,propia,propia,C_congelado_tercero,A_externo,TRUE,FALSE,VALIDA_NO_MAPEADA_NO_EVALUADA,"físicamente válida para CAPEX, pero la interfaz financiera solo consume configuraciones del mapa (configs() de 21); requiere ampliar el mapa (DPV-20-03)"
propia,integradas,compra,propia,propia,C_congelado_tercero,A_externo,TRUE,TRUE,INVALIDA_FISICAMENTE,reproductoras propias requieren incubación propia (arquitectura futura)
propia,integradas,compra,propia,propia,C_congelado_tercero,B_basico_propio,FALSE,FALSE,VALIDA_NO_MAPEADA_NO_EVALUADA,"físicamente válida para CAPEX, pero la interfaz financiera solo consume configuraciones del mapa (configs() de 21); requiere ampliar el mapa (DPV-20-03)"
propia,integradas,compra,propia,propia,C_congelado_tercero,B_basico_propio,FALSE,TRUE,INVALIDA_FISICAMENTE,reproductoras propias requieren incubación propia (arquitectura futura)
propia,integradas,compra,propia,propia,C_congelado_tercero,B_basico_propio,TRUE,FALSE,VALIDA_NO_MAPEADA_NO_EVALUADA,"físicamente válida para CAPEX, pero la interfaz financiera solo consume configuraciones del mapa (configs() de 21); requiere ampliar el mapa (DPV-20-03)"
propia,integradas,compra,propia,propia,C_congelado_tercero,B_basico_propio,TRUE,TRUE,INVALIDA_FISICAMENTE,reproductoras propias requieren incubación propia (arquitectura futura)
propia,integradas,compra,propia,mixto,A_refrigerado,A_externo,FALSE,FALSE,VALIDA_NO_MAPEADA_NO_EVALUADA,"físicamente válida para CAPEX, pero la interfaz financiera solo consume configuraciones del mapa (configs() de 21); requiere ampliar el mapa (DPV-20-03)"
propia,integradas,compra,propia,mixto,A_refrigerado,A_externo,FALSE,TRUE,INVALIDA_FISICAMENTE,reproductoras propias requieren incubación propia (arquitectura futura)
propia,integradas,compra,propia,mixto,A_refrigerado,A_externo,TRUE,FALSE,VALIDA_NO_MAPEADA_NO_EVALUADA,"físicamente válida para CAPEX, pero la interfaz financiera solo consume configuraciones del mapa (configs() de 21); requiere ampliar el mapa (DPV-20-03)"
propia,integradas,compra,propia,mixto,A_refrigerado,A_externo,TRUE,TRUE,INVALIDA_FISICAMENTE,reproductoras propias requieren incubación propia (arquitectura futura)
propia,integradas,compra,propia,mixto,A_refrigerado,B_basico_propio,FALSE,FALSE,VALIDA_NO_MAPEADA_NO_EVALUADA,"físicamente válida para CAPEX, pero la interfaz financiera solo consume configuraciones del mapa (configs() de 21); requiere ampliar el mapa (DPV-20-03)"
propia,integradas,compra,propia,mixto,A_refrigerado,B_basico_propio,FALSE,TRUE,INVALIDA_FISICAMENTE,reproductoras propias requieren incubación propia (arquitectura futura)
propia,integradas,compra,propia,mixto,A_refrigerado,B_basico_propio,TRUE,FALSE,VALIDA_NO_MAPEADA_NO_EVALUADA,"físicamente válida para CAPEX, pero la interfaz financiera solo consume configuraciones del mapa (configs() de 21); requiere ampliar el mapa (DPV-20-03)"
propia,integradas,compra,propia,mixto,A_refrigerado,B_basico_propio,TRUE,TRUE,INVALIDA_FISICAMENTE,reproductoras propias requieren incubación propia (arquitectura futura)
propia,integradas,compra,propia,mixto,B_refrigerado_congelado,A_externo,FALSE,FALSE,VALIDA_NO_MAPEADA_NO_EVALUADA,"físicamente válida para CAPEX, pero la interfaz financiera solo consume configuraciones del mapa (configs() de 21); requiere ampliar el mapa (DPV-20-03)"
propia,integradas,compra,propia,mixto,B_refrigerado_congelado,A_externo,FALSE,TRUE,INVALIDA_FISICAMENTE,reproductoras propias requieren incubación propia (arquitectura futura)
propia,integradas,compra,propia,mixto,B_refrigerado_congelado,A_externo,TRUE,FALSE,VALIDA_NO_MAPEADA_NO_EVALUADA,"físicamente válida para CAPEX, pero la interfaz financiera solo consume configuraciones del mapa (configs() de 21); requiere ampliar el mapa (DPV-20-03)"
propia,integradas,compra,propia,mixto,B_refrigerado_congelado,A_externo,TRUE,TRUE,INVALIDA_FISICAMENTE,reproductoras propias requieren incubación propia (arquitectura futura)
propia,integradas,compra,propia,mixto,B_refrigerado_congelado,B_basico_propio,FALSE,FALSE,VALIDA_NO_MAPEADA_NO_EVALUADA,"físicamente válida para CAPEX, pero la interfaz financiera solo consume configuraciones del mapa (configs() de 21); requiere ampliar el mapa (DPV-20-03)"
propia,integradas,compra,propia,mixto,B_refrigerado_congelado,B_basico_propio,FALSE,TRUE,INVALIDA_FISICAMENTE,reproductoras propias requieren incubación propia (arquitectura futura)
propia,integradas,compra,propia,mixto,B_refrigerado_congelado,B_basico_propio,TRUE,FALSE,VALIDA_NO_MAPEADA_NO_EVALUADA,"físicamente válida para CAPEX, pero la interfaz financiera solo consume configuraciones del mapa (configs() de 21); requiere ampliar el mapa (DPV-20-03)"
propia,integradas,compra,propia,mixto,B_refrigerado_congelado,B_basico_propio,TRUE,TRUE,INVALIDA_FISICAMENTE,reproductoras propias requieren incubación propia (arquitectura futura)
propia,integradas,compra,propia,mixto,C_congelado_tercero,A_externo,FALSE,FALSE,VALIDA_NO_MAPEADA_NO_EVALUADA,"físicamente válida para CAPEX, pero la interfaz financiera solo consume configuraciones del mapa (configs() de 21); requiere ampliar el mapa (DPV-20-03)"
propia,integradas,compra,propia,mixto,C_congelado_tercero,A_externo,FALSE,TRUE,INVALIDA_FISICAMENTE,reproductoras propias requieren incubación propia (arquitectura futura)
propia,integradas,compra,propia,mixto,C_congelado_tercero,A_externo,TRUE,FALSE,VALIDA_NO_MAPEADA_NO_EVALUADA,"físicamente válida para CAPEX, pero la interfaz financiera solo consume configuraciones del mapa (configs() de 21); requiere ampliar el mapa (DPV-20-03)"
propia,integradas,compra,propia,mixto,C_congelado_tercero,A_externo,TRUE,TRUE,INVALIDA_FISICAMENTE,reproductoras propias requieren incubación propia (arquitectura futura)
propia,integradas,compra,propia,mixto,C_congelado_tercero,B_basico_propio,FALSE,FALSE,VALIDA_NO_MAPEADA_NO_EVALUADA,"físicamente válida para CAPEX, pero la interfaz financiera solo consume configuraciones del mapa (configs() de 21); requiere ampliar el mapa (DPV-20-03)"
propia,integradas,compra,propia,mixto,C_congelado_tercero,B_basico_propio,FALSE,TRUE,INVALIDA_FISICAMENTE,reproductoras propias requieren incubación propia (arquitectura futura)
propia,integradas,compra,propia,mixto,C_congelado_tercero,B_basico_propio,TRUE,FALSE,VALIDA_NO_MAPEADA_NO_EVALUADA,"físicamente válida para CAPEX, pero la interfaz financiera solo consume configuraciones del mapa (configs() de 21); requiere ampliar el mapa (DPV-20-03)"
propia,integradas,compra,propia,mixto,C_congelado_tercero,B_basico_propio,TRUE,TRUE,INVALIDA_FISICAMENTE,reproductoras propias requieren incubación propia (arquitectura futura)
propia,integradas,incubacion,compra,tercero,A_refrigerado,A_externo,FALSE,FALSE,VALIDA_NO_MAPEADA_NO_EVALUADA,"físicamente válida para CAPEX, pero la interfaz financiera solo consume configuraciones del mapa (configs() de 21); requiere ampliar el mapa (DPV-20-03)"
propia,integradas,incubacion,compra,tercero,A_refrigerado,A_externo,FALSE,TRUE,VALIDA_NO_MAPEADA_NO_EVALUADA,"físicamente válida para CAPEX, pero la interfaz financiera solo consume configuraciones del mapa (configs() de 21); requiere ampliar el mapa (DPV-20-03)"
propia,integradas,incubacion,compra,tercero,A_refrigerado,A_externo,TRUE,FALSE,VALIDA_NO_MAPEADA_NO_EVALUADA,"físicamente válida para CAPEX, pero la interfaz financiera solo consume configuraciones del mapa (configs() de 21); requiere ampliar el mapa (DPV-20-03)"
propia,integradas,incubacion,compra,tercero,A_refrigerado,A_externo,TRUE,TRUE,VALIDA_NO_MAPEADA_NO_EVALUADA,"físicamente válida para CAPEX, pero la interfaz financiera solo consume configuraciones del mapa (configs() de 21); requiere ampliar el mapa (DPV-20-03)"
propia,integradas,incubacion,compra,tercero,A_refrigerado,B_basico_propio,FALSE,FALSE,VALIDA_NO_MAPEADA_NO_EVALUADA,"físicamente válida para CAPEX, pero la interfaz financiera solo consume configuraciones del mapa (configs() de 21); requiere ampliar el mapa (DPV-20-03)"
propia,integradas,incubacion,compra,tercero,A_refrigerado,B_basico_propio,FALSE,TRUE,VALIDA_NO_MAPEADA_NO_EVALUADA,"físicamente válida para CAPEX, pero la interfaz financiera solo consume configuraciones del mapa (configs() de 21); requiere ampliar el mapa (DPV-20-03)"
propia,integradas,incubacion,compra,tercero,A_refrigerado,B_basico_propio,TRUE,FALSE,VALIDA_NO_MAPEADA_NO_EVALUADA,"físicamente válida para CAPEX, pero la interfaz financiera solo consume configuraciones del mapa (configs() de 21); requiere ampliar el mapa (DPV-20-03)"
propia,integradas,incubacion,compra,tercero,A_refrigerado,B_basico_propio,TRUE,TRUE,VALIDA_NO_MAPEADA_NO_EVALUADA,"físicamente válida para CAPEX, pero la interfaz financiera solo consume configuraciones del mapa (configs() de 21); requiere ampliar el mapa (DPV-20-03)"
propia,integradas,incubacion,compra,tercero,B_refrigerado_congelado,A_externo,FALSE,FALSE,VALIDA_NO_MAPEADA_NO_EVALUADA,"físicamente válida para CAPEX, pero la interfaz financiera solo consume configuraciones del mapa (configs() de 21); requiere ampliar el mapa (DPV-20-03)"
propia,integradas,incubacion,compra,tercero,B_refrigerado_congelado,A_externo,FALSE,TRUE,VALIDA_NO_MAPEADA_NO_EVALUADA,"físicamente válida para CAPEX, pero la interfaz financiera solo consume configuraciones del mapa (configs() de 21); requiere ampliar el mapa (DPV-20-03)"
propia,integradas,incubacion,compra,tercero,B_refrigerado_congelado,A_externo,TRUE,FALSE,VALIDA_NO_MAPEADA_NO_EVALUADA,"físicamente válida para CAPEX, pero la interfaz financiera solo consume configuraciones del mapa (configs() de 21); requiere ampliar el mapa (DPV-20-03)"
propia,integradas,incubacion,compra,tercero,B_refrigerado_congelado,A_externo,TRUE,TRUE,VALIDA_NO_MAPEADA_NO_EVALUADA,"físicamente válida para CAPEX, pero la interfaz financiera solo consume configuraciones del mapa (configs() de 21); requiere ampliar el mapa (DPV-20-03)"
propia,integradas,incubacion,compra,tercero,B_refrigerado_congelado,B_basico_propio,FALSE,FALSE,VALIDA_NO_MAPEADA_NO_EVALUADA,"físicamente válida para CAPEX, pero la interfaz financiera solo consume configuraciones del mapa (configs() de 21); requiere ampliar el mapa (DPV-20-03)"
propia,integradas,incubacion,compra,tercero,B_refrigerado_congelado,B_basico_propio,FALSE,TRUE,VALIDA_NO_MAPEADA_NO_EVALUADA,"físicamente válida para CAPEX, pero la interfaz financiera solo consume configuraciones del mapa (configs() de 21); requiere ampliar el mapa (DPV-20-03)"
propia,integradas,incubacion,compra,tercero,B_refrigerado_congelado,B_basico_propio,TRUE,FALSE,VALIDA_NO_MAPEADA_NO_EVALUADA,"físicamente válida para CAPEX, pero la interfaz financiera solo consume configuraciones del mapa (configs() de 21); requiere ampliar el mapa (DPV-20-03)"
propia,integradas,incubacion,compra,tercero,B_refrigerado_congelado,B_basico_propio,TRUE,TRUE,VALIDA_NO_MAPEADA_NO_EVALUADA,"físicamente válida para CAPEX, pero la interfaz financiera solo consume configuraciones del mapa (configs() de 21); requiere ampliar el mapa (DPV-20-03)"
propia,integradas,incubacion,compra,tercero,C_congelado_tercero,A_externo,FALSE,FALSE,VALIDA_NO_MAPEADA_NO_EVALUADA,"físicamente válida para CAPEX, pero la interfaz financiera solo consume configuraciones del mapa (configs() de 21); requiere ampliar el mapa (DPV-20-03)"
propia,integradas,incubacion,compra,tercero,C_congelado_tercero,A_externo,FALSE,TRUE,VALIDA_NO_MAPEADA_NO_EVALUADA,"físicamente válida para CAPEX, pero la interfaz financiera solo consume configuraciones del mapa (configs() de 21); requiere ampliar el mapa (DPV-20-03)"
propia,integradas,incubacion,compra,tercero,C_congelado_tercero,A_externo,TRUE,FALSE,VALIDA_NO_MAPEADA_NO_EVALUADA,"físicamente válida para CAPEX, pero la interfaz financiera solo consume configuraciones del mapa (configs() de 21); requiere ampliar el mapa (DPV-20-03)"
propia,integradas,incubacion,compra,tercero,C_congelado_tercero,A_externo,TRUE,TRUE,VALIDA_NO_MAPEADA_NO_EVALUADA,"físicamente válida para CAPEX, pero la interfaz financiera solo consume configuraciones del mapa (configs() de 21); requiere ampliar el mapa (DPV-20-03)"
propia,integradas,incubacion,compra,tercero,C_congelado_tercero,B_basico_propio,FALSE,FALSE,VALIDA_NO_MAPEADA_NO_EVALUADA,"físicamente válida para CAPEX, pero la interfaz financiera solo consume configuraciones del mapa (configs() de 21); requiere ampliar el mapa (DPV-20-03)"
propia,integradas,incubacion,compra,tercero,C_congelado_tercero,B_basico_propio,FALSE,TRUE,VALIDA_NO_MAPEADA_NO_EVALUADA,"físicamente válida para CAPEX, pero la interfaz financiera solo consume configuraciones del mapa (configs() de 21); requiere ampliar el mapa (DPV-20-03)"
propia,integradas,incubacion,compra,tercero,C_congelado_tercero,B_basico_propio,TRUE,FALSE,VALIDA_NO_MAPEADA_NO_EVALUADA,"físicamente válida para CAPEX, pero la interfaz financiera solo consume configuraciones del mapa (configs() de 21); requiere ampliar el mapa (DPV-20-03)"
propia,integradas,incubacion,compra,tercero,C_congelado_tercero,B_basico_propio,TRUE,TRUE,VALIDA_NO_MAPEADA_NO_EVALUADA,"físicamente válida para CAPEX, pero la interfaz financiera solo consume configuraciones del mapa (configs() de 21); requiere ampliar el mapa (DPV-20-03)"
propia,integradas,incubacion,compra,propia,A_refrigerado,A_externo,FALSE,FALSE,VALIDA_NO_MAPEADA_NO_EVALUADA,"físicamente válida para CAPEX, pero la interfaz financiera solo consume configuraciones del mapa (configs() de 21); requiere ampliar el mapa (DPV-20-03)"
propia,integradas,incubacion,compra,propia,A_refrigerado,A_externo,FALSE,TRUE,VALIDA_NO_MAPEADA_NO_EVALUADA,"físicamente válida para CAPEX, pero la interfaz financiera solo consume configuraciones del mapa (configs() de 21); requiere ampliar el mapa (DPV-20-03)"
propia,integradas,incubacion,compra,propia,A_refrigerado,A_externo,TRUE,FALSE,VALIDA_NO_MAPEADA_NO_EVALUADA,"físicamente válida para CAPEX, pero la interfaz financiera solo consume configuraciones del mapa (configs() de 21); requiere ampliar el mapa (DPV-20-03)"
propia,integradas,incubacion,compra,propia,A_refrigerado,A_externo,TRUE,TRUE,VALIDA_NO_MAPEADA_NO_EVALUADA,"físicamente válida para CAPEX, pero la interfaz financiera solo consume configuraciones del mapa (configs() de 21); requiere ampliar el mapa (DPV-20-03)"
propia,integradas,incubacion,compra,propia,A_refrigerado,B_basico_propio,FALSE,FALSE,VALIDA_NO_MAPEADA_NO_EVALUADA,"físicamente válida para CAPEX, pero la interfaz financiera solo consume configuraciones del mapa (configs() de 21); requiere ampliar el mapa (DPV-20-03)"
propia,integradas,incubacion,compra,propia,A_refrigerado,B_basico_propio,FALSE,TRUE,VALIDA_NO_MAPEADA_NO_EVALUADA,"físicamente válida para CAPEX, pero la interfaz financiera solo consume configuraciones del mapa (configs() de 21); requiere ampliar el mapa (DPV-20-03)"
propia,integradas,incubacion,compra,propia,A_refrigerado,B_basico_propio,TRUE,FALSE,VALIDA_NO_MAPEADA_NO_EVALUADA,"físicamente válida para CAPEX, pero la interfaz financiera solo consume configuraciones del mapa (configs() de 21); requiere ampliar el mapa (DPV-20-03)"
propia,integradas,incubacion,compra,propia,A_refrigerado,B_basico_propio,TRUE,TRUE,VALIDA_NO_MAPEADA_NO_EVALUADA,"físicamente válida para CAPEX, pero la interfaz financiera solo consume configuraciones del mapa (configs() de 21); requiere ampliar el mapa (DPV-20-03)"
propia,integradas,incubacion,compra,propia,B_refrigerado_congelado,A_externo,FALSE,FALSE,VALIDA_NO_MAPEADA_NO_EVALUADA,"físicamente válida para CAPEX, pero la interfaz financiera solo consume configuraciones del mapa (configs() de 21); requiere ampliar el mapa (DPV-20-03)"
propia,integradas,incubacion,compra,propia,B_refrigerado_congelado,A_externo,FALSE,TRUE,VALIDA_NO_MAPEADA_NO_EVALUADA,"físicamente válida para CAPEX, pero la interfaz financiera solo consume configuraciones del mapa (configs() de 21); requiere ampliar el mapa (DPV-20-03)"
propia,integradas,incubacion,compra,propia,B_refrigerado_congelado,A_externo,TRUE,FALSE,VALIDA_NO_MAPEADA_NO_EVALUADA,"físicamente válida para CAPEX, pero la interfaz financiera solo consume configuraciones del mapa (configs() de 21); requiere ampliar el mapa (DPV-20-03)"
propia,integradas,incubacion,compra,propia,B_refrigerado_congelado,A_externo,TRUE,TRUE,VALIDA_NO_MAPEADA_NO_EVALUADA,"físicamente válida para CAPEX, pero la interfaz financiera solo consume configuraciones del mapa (configs() de 21); requiere ampliar el mapa (DPV-20-03)"
propia,integradas,incubacion,compra,propia,B_refrigerado_congelado,B_basico_propio,FALSE,FALSE,VALIDA_NO_MAPEADA_NO_EVALUADA,"físicamente válida para CAPEX, pero la interfaz financiera solo consume configuraciones del mapa (configs() de 21); requiere ampliar el mapa (DPV-20-03)"
propia,integradas,incubacion,compra,propia,B_refrigerado_congelado,B_basico_propio,FALSE,TRUE,VALIDA_NO_MAPEADA_NO_EVALUADA,"físicamente válida para CAPEX, pero la interfaz financiera solo consume configuraciones del mapa (configs() de 21); requiere ampliar el mapa (DPV-20-03)"
propia,integradas,incubacion,compra,propia,B_refrigerado_congelado,B_basico_propio,TRUE,FALSE,VALIDA_NO_MAPEADA_NO_EVALUADA,"físicamente válida para CAPEX, pero la interfaz financiera solo consume configuraciones del mapa (configs() de 21); requiere ampliar el mapa (DPV-20-03)"
propia,integradas,incubacion,compra,propia,B_refrigerado_congelado,B_basico_propio,TRUE,TRUE,VALIDA_NO_MAPEADA_NO_EVALUADA,"físicamente válida para CAPEX, pero la interfaz financiera solo consume configuraciones del mapa (configs() de 21); requiere ampliar el mapa (DPV-20-03)"
propia,integradas,incubacion,compra,propia,C_congelado_tercero,A_externo,FALSE,FALSE,VALIDA_NO_MAPEADA_NO_EVALUADA,"físicamente válida para CAPEX, pero la interfaz financiera solo consume configuraciones del mapa (configs() de 21); requiere ampliar el mapa (DPV-20-03)"
propia,integradas,incubacion,compra,propia,C_congelado_tercero,A_externo,FALSE,TRUE,VALIDA_NO_MAPEADA_NO_EVALUADA,"físicamente válida para CAPEX, pero la interfaz financiera solo consume configuraciones del mapa (configs() de 21); requiere ampliar el mapa (DPV-20-03)"
propia,integradas,incubacion,compra,propia,C_congelado_tercero,A_externo,TRUE,FALSE,VALIDA_NO_MAPEADA_NO_EVALUADA,"físicamente válida para CAPEX, pero la interfaz financiera solo consume configuraciones del mapa (configs() de 21); requiere ampliar el mapa (DPV-20-03)"
propia,integradas,incubacion,compra,propia,C_congelado_tercero,A_externo,TRUE,TRUE,VALIDA_NO_MAPEADA_NO_EVALUADA,"físicamente válida para CAPEX, pero la interfaz financiera solo consume configuraciones del mapa (configs() de 21); requiere ampliar el mapa (DPV-20-03)"
propia,integradas,incubacion,compra,propia,C_congelado_tercero,B_basico_propio,FALSE,FALSE,VALIDA_NO_MAPEADA_NO_EVALUADA,"físicamente válida para CAPEX, pero la interfaz financiera solo consume configuraciones del mapa (configs() de 21); requiere ampliar el mapa (DPV-20-03)"
propia,integradas,incubacion,compra,propia,C_congelado_tercero,B_basico_propio,FALSE,TRUE,VALIDA_NO_MAPEADA_NO_EVALUADA,"físicamente válida para CAPEX, pero la interfaz financiera solo consume configuraciones del mapa (configs() de 21); requiere ampliar el mapa (DPV-20-03)"
propia,integradas,incubacion,compra,propia,C_congelado_tercero,B_basico_propio,TRUE,FALSE,VALIDA_NO_MAPEADA_NO_EVALUADA,"físicamente válida para CAPEX, pero la interfaz financiera solo consume configuraciones del mapa (configs() de 21); requiere ampliar el mapa (DPV-20-03)"
propia,integradas,incubacion,compra,propia,C_congelado_tercero,B_basico_propio,TRUE,TRUE,VALIDA_NO_MAPEADA_NO_EVALUADA,"físicamente válida para CAPEX, pero la interfaz financiera solo consume configuraciones del mapa (configs() de 21); requiere ampliar el mapa (DPV-20-03)"
propia,integradas,incubacion,compra,mixto,A_refrigerado,A_externo,FALSE,FALSE,VALIDA_NO_MAPEADA_NO_EVALUADA,"físicamente válida para CAPEX, pero la interfaz financiera solo consume configuraciones del mapa (configs() de 21); requiere ampliar el mapa (DPV-20-03)"
propia,integradas,incubacion,compra,mixto,A_refrigerado,A_externo,FALSE,TRUE,VALIDA_NO_MAPEADA_NO_EVALUADA,"físicamente válida para CAPEX, pero la interfaz financiera solo consume configuraciones del mapa (configs() de 21); requiere ampliar el mapa (DPV-20-03)"
propia,integradas,incubacion,compra,mixto,A_refrigerado,A_externo,TRUE,FALSE,VALIDA_NO_MAPEADA_NO_EVALUADA,"físicamente válida para CAPEX, pero la interfaz financiera solo consume configuraciones del mapa (configs() de 21); requiere ampliar el mapa (DPV-20-03)"
propia,integradas,incubacion,compra,mixto,A_refrigerado,A_externo,TRUE,TRUE,VALIDA_NO_MAPEADA_NO_EVALUADA,"físicamente válida para CAPEX, pero la interfaz financiera solo consume configuraciones del mapa (configs() de 21); requiere ampliar el mapa (DPV-20-03)"
propia,integradas,incubacion,compra,mixto,A_refrigerado,B_basico_propio,FALSE,FALSE,VALIDA_NO_MAPEADA_NO_EVALUADA,"físicamente válida para CAPEX, pero la interfaz financiera solo consume configuraciones del mapa (configs() de 21); requiere ampliar el mapa (DPV-20-03)"
propia,integradas,incubacion,compra,mixto,A_refrigerado,B_basico_propio,FALSE,TRUE,VALIDA_NO_MAPEADA_NO_EVALUADA,"físicamente válida para CAPEX, pero la interfaz financiera solo consume configuraciones del mapa (configs() de 21); requiere ampliar el mapa (DPV-20-03)"
propia,integradas,incubacion,compra,mixto,A_refrigerado,B_basico_propio,TRUE,FALSE,VALIDA_NO_MAPEADA_NO_EVALUADA,"físicamente válida para CAPEX, pero la interfaz financiera solo consume configuraciones del mapa (configs() de 21); requiere ampliar el mapa (DPV-20-03)"
propia,integradas,incubacion,compra,mixto,A_refrigerado,B_basico_propio,TRUE,TRUE,VALIDA_NO_MAPEADA_NO_EVALUADA,"físicamente válida para CAPEX, pero la interfaz financiera solo consume configuraciones del mapa (configs() de 21); requiere ampliar el mapa (DPV-20-03)"
propia,integradas,incubacion,compra,mixto,B_refrigerado_congelado,A_externo,FALSE,FALSE,VALIDA_NO_MAPEADA_NO_EVALUADA,"físicamente válida para CAPEX, pero la interfaz financiera solo consume configuraciones del mapa (configs() de 21); requiere ampliar el mapa (DPV-20-03)"
propia,integradas,incubacion,compra,mixto,B_refrigerado_congelado,A_externo,FALSE,TRUE,VALIDA_NO_MAPEADA_NO_EVALUADA,"físicamente válida para CAPEX, pero la interfaz financiera solo consume configuraciones del mapa (configs() de 21); requiere ampliar el mapa (DPV-20-03)"
propia,integradas,incubacion,compra,mixto,B_refrigerado_congelado,A_externo,TRUE,FALSE,VALIDA_NO_MAPEADA_NO_EVALUADA,"físicamente válida para CAPEX, pero la interfaz financiera solo consume configuraciones del mapa (configs() de 21); requiere ampliar el mapa (DPV-20-03)"
propia,integradas,incubacion,compra,mixto,B_refrigerado_congelado,A_externo,TRUE,TRUE,VALIDA_NO_MAPEADA_NO_EVALUADA,"físicamente válida para CAPEX, pero la interfaz financiera solo consume configuraciones del mapa (configs() de 21); requiere ampliar el mapa (DPV-20-03)"
propia,integradas,incubacion,compra,mixto,B_refrigerado_congelado,B_basico_propio,FALSE,FALSE,VALIDA_NO_MAPEADA_NO_EVALUADA,"físicamente válida para CAPEX, pero la interfaz financiera solo consume configuraciones del mapa (configs() de 21); requiere ampliar el mapa (DPV-20-03)"
propia,integradas,incubacion,compra,mixto,B_refrigerado_congelado,B_basico_propio,FALSE,TRUE,VALIDA_NO_MAPEADA_NO_EVALUADA,"físicamente válida para CAPEX, pero la interfaz financiera solo consume configuraciones del mapa (configs() de 21); requiere ampliar el mapa (DPV-20-03)"
propia,integradas,incubacion,compra,mixto,B_refrigerado_congelado,B_basico_propio,TRUE,FALSE,VALIDA_NO_MAPEADA_NO_EVALUADA,"físicamente válida para CAPEX, pero la interfaz financiera solo consume configuraciones del mapa (configs() de 21); requiere ampliar el mapa (DPV-20-03)"
propia,integradas,incubacion,compra,mixto,B_refrigerado_congelado,B_basico_propio,TRUE,TRUE,VALIDA_NO_MAPEADA_NO_EVALUADA,"físicamente válida para CAPEX, pero la interfaz financiera solo consume configuraciones del mapa (configs() de 21); requiere ampliar el mapa (DPV-20-03)"
propia,integradas,incubacion,compra,mixto,C_congelado_tercero,A_externo,FALSE,FALSE,VALIDA_NO_MAPEADA_NO_EVALUADA,"físicamente válida para CAPEX, pero la interfaz financiera solo consume configuraciones del mapa (configs() de 21); requiere ampliar el mapa (DPV-20-03)"
propia,integradas,incubacion,compra,mixto,C_congelado_tercero,A_externo,FALSE,TRUE,VALIDA_NO_MAPEADA_NO_EVALUADA,"físicamente válida para CAPEX, pero la interfaz financiera solo consume configuraciones del mapa (configs() de 21); requiere ampliar el mapa (DPV-20-03)"
propia,integradas,incubacion,compra,mixto,C_congelado_tercero,A_externo,TRUE,FALSE,VALIDA_NO_MAPEADA_NO_EVALUADA,"físicamente válida para CAPEX, pero la interfaz financiera solo consume configuraciones del mapa (configs() de 21); requiere ampliar el mapa (DPV-20-03)"
propia,integradas,incubacion,compra,mixto,C_congelado_tercero,A_externo,TRUE,TRUE,VALIDA_NO_MAPEADA_NO_EVALUADA,"físicamente válida para CAPEX, pero la interfaz financiera solo consume configuraciones del mapa (configs() de 21); requiere ampliar el mapa (DPV-20-03)"
propia,integradas,incubacion,compra,mixto,C_congelado_tercero,B_basico_propio,FALSE,FALSE,VALIDA_NO_MAPEADA_NO_EVALUADA,"físicamente válida para CAPEX, pero la interfaz financiera solo consume configuraciones del mapa (configs() de 21); requiere ampliar el mapa (DPV-20-03)"
propia,integradas,incubacion,compra,mixto,C_congelado_tercero,B_basico_propio,FALSE,TRUE,VALIDA_NO_MAPEADA_NO_EVALUADA,"físicamente válida para CAPEX, pero la interfaz financiera solo consume configuraciones del mapa (configs() de 21); requiere ampliar el mapa (DPV-20-03)"
propia,integradas,incubacion,compra,mixto,C_congelado_tercero,B_basico_propio,TRUE,FALSE,VALIDA_NO_MAPEADA_NO_EVALUADA,"físicamente válida para CAPEX, pero la interfaz financiera solo consume configuraciones del mapa (configs() de 21); requiere ampliar el mapa (DPV-20-03)"
propia,integradas,incubacion,compra,mixto,C_congelado_tercero,B_basico_propio,TRUE,TRUE,VALIDA_NO_MAPEADA_NO_EVALUADA,"físicamente válida para CAPEX, pero la interfaz financiera solo consume configuraciones del mapa (configs() de 21); requiere ampliar el mapa (DPV-20-03)"
propia,integradas,incubacion,facon,tercero,A_refrigerado,A_externo,FALSE,FALSE,VALIDA_NO_MAPEADA_NO_EVALUADA,"físicamente válida para CAPEX, pero la interfaz financiera solo consume configuraciones del mapa (configs() de 21); requiere ampliar el mapa (DPV-20-03)"
propia,integradas,incubacion,facon,tercero,A_refrigerado,A_externo,FALSE,TRUE,VALIDA_NO_MAPEADA_NO_EVALUADA,"físicamente válida para CAPEX, pero la interfaz financiera solo consume configuraciones del mapa (configs() de 21); requiere ampliar el mapa (DPV-20-03)"
propia,integradas,incubacion,facon,tercero,A_refrigerado,A_externo,TRUE,FALSE,VALIDA_NO_MAPEADA_NO_EVALUADA,"físicamente válida para CAPEX, pero la interfaz financiera solo consume configuraciones del mapa (configs() de 21); requiere ampliar el mapa (DPV-20-03)"
propia,integradas,incubacion,facon,tercero,A_refrigerado,A_externo,TRUE,TRUE,VALIDA_NO_MAPEADA_NO_EVALUADA,"físicamente válida para CAPEX, pero la interfaz financiera solo consume configuraciones del mapa (configs() de 21); requiere ampliar el mapa (DPV-20-03)"
propia,integradas,incubacion,facon,tercero,A_refrigerado,B_basico_propio,FALSE,FALSE,VALIDA_NO_MAPEADA_NO_EVALUADA,"físicamente válida para CAPEX, pero la interfaz financiera solo consume configuraciones del mapa (configs() de 21); requiere ampliar el mapa (DPV-20-03)"
propia,integradas,incubacion,facon,tercero,A_refrigerado,B_basico_propio,FALSE,TRUE,VALIDA_NO_MAPEADA_NO_EVALUADA,"físicamente válida para CAPEX, pero la interfaz financiera solo consume configuraciones del mapa (configs() de 21); requiere ampliar el mapa (DPV-20-03)"
propia,integradas,incubacion,facon,tercero,A_refrigerado,B_basico_propio,TRUE,FALSE,VALIDA_NO_MAPEADA_NO_EVALUADA,"físicamente válida para CAPEX, pero la interfaz financiera solo consume configuraciones del mapa (configs() de 21); requiere ampliar el mapa (DPV-20-03)"
propia,integradas,incubacion,facon,tercero,A_refrigerado,B_basico_propio,TRUE,TRUE,VALIDA_NO_MAPEADA_NO_EVALUADA,"físicamente válida para CAPEX, pero la interfaz financiera solo consume configuraciones del mapa (configs() de 21); requiere ampliar el mapa (DPV-20-03)"
propia,integradas,incubacion,facon,tercero,B_refrigerado_congelado,A_externo,FALSE,FALSE,VALIDA_NO_MAPEADA_NO_EVALUADA,"físicamente válida para CAPEX, pero la interfaz financiera solo consume configuraciones del mapa (configs() de 21); requiere ampliar el mapa (DPV-20-03)"
propia,integradas,incubacion,facon,tercero,B_refrigerado_congelado,A_externo,FALSE,TRUE,VALIDA_NO_MAPEADA_NO_EVALUADA,"físicamente válida para CAPEX, pero la interfaz financiera solo consume configuraciones del mapa (configs() de 21); requiere ampliar el mapa (DPV-20-03)"
propia,integradas,incubacion,facon,tercero,B_refrigerado_congelado,A_externo,TRUE,FALSE,VALIDA_NO_MAPEADA_NO_EVALUADA,"físicamente válida para CAPEX, pero la interfaz financiera solo consume configuraciones del mapa (configs() de 21); requiere ampliar el mapa (DPV-20-03)"
propia,integradas,incubacion,facon,tercero,B_refrigerado_congelado,A_externo,TRUE,TRUE,VALIDA_NO_MAPEADA_NO_EVALUADA,"físicamente válida para CAPEX, pero la interfaz financiera solo consume configuraciones del mapa (configs() de 21); requiere ampliar el mapa (DPV-20-03)"
propia,integradas,incubacion,facon,tercero,B_refrigerado_congelado,B_basico_propio,FALSE,FALSE,VALIDA_NO_MAPEADA_NO_EVALUADA,"físicamente válida para CAPEX, pero la interfaz financiera solo consume configuraciones del mapa (configs() de 21); requiere ampliar el mapa (DPV-20-03)"
propia,integradas,incubacion,facon,tercero,B_refrigerado_congelado,B_basico_propio,FALSE,TRUE,VALIDA_NO_MAPEADA_NO_EVALUADA,"físicamente válida para CAPEX, pero la interfaz financiera solo consume configuraciones del mapa (configs() de 21); requiere ampliar el mapa (DPV-20-03)"
propia,integradas,incubacion,facon,tercero,B_refrigerado_congelado,B_basico_propio,TRUE,FALSE,VALIDA_NO_MAPEADA_NO_EVALUADA,"físicamente válida para CAPEX, pero la interfaz financiera solo consume configuraciones del mapa (configs() de 21); requiere ampliar el mapa (DPV-20-03)"
propia,integradas,incubacion,facon,tercero,B_refrigerado_congelado,B_basico_propio,TRUE,TRUE,VALIDA_NO_MAPEADA_NO_EVALUADA,"físicamente válida para CAPEX, pero la interfaz financiera solo consume configuraciones del mapa (configs() de 21); requiere ampliar el mapa (DPV-20-03)"
propia,integradas,incubacion,facon,tercero,C_congelado_tercero,A_externo,FALSE,FALSE,VALIDA_NO_MAPEADA_NO_EVALUADA,"físicamente válida para CAPEX, pero la interfaz financiera solo consume configuraciones del mapa (configs() de 21); requiere ampliar el mapa (DPV-20-03)"
propia,integradas,incubacion,facon,tercero,C_congelado_tercero,A_externo,FALSE,TRUE,VALIDA_NO_MAPEADA_NO_EVALUADA,"físicamente válida para CAPEX, pero la interfaz financiera solo consume configuraciones del mapa (configs() de 21); requiere ampliar el mapa (DPV-20-03)"
propia,integradas,incubacion,facon,tercero,C_congelado_tercero,A_externo,TRUE,FALSE,VALIDA_NO_MAPEADA_NO_EVALUADA,"físicamente válida para CAPEX, pero la interfaz financiera solo consume configuraciones del mapa (configs() de 21); requiere ampliar el mapa (DPV-20-03)"
propia,integradas,incubacion,facon,tercero,C_congelado_tercero,A_externo,TRUE,TRUE,VALIDA_NO_MAPEADA_NO_EVALUADA,"físicamente válida para CAPEX, pero la interfaz financiera solo consume configuraciones del mapa (configs() de 21); requiere ampliar el mapa (DPV-20-03)"
propia,integradas,incubacion,facon,tercero,C_congelado_tercero,B_basico_propio,FALSE,FALSE,VALIDA_NO_MAPEADA_NO_EVALUADA,"físicamente válida para CAPEX, pero la interfaz financiera solo consume configuraciones del mapa (configs() de 21); requiere ampliar el mapa (DPV-20-03)"
propia,integradas,incubacion,facon,tercero,C_congelado_tercero,B_basico_propio,FALSE,TRUE,VALIDA_NO_MAPEADA_NO_EVALUADA,"físicamente válida para CAPEX, pero la interfaz financiera solo consume configuraciones del mapa (configs() de 21); requiere ampliar el mapa (DPV-20-03)"
propia,integradas,incubacion,facon,tercero,C_congelado_tercero,B_basico_propio,TRUE,FALSE,VALIDA_NO_MAPEADA_NO_EVALUADA,"físicamente válida para CAPEX, pero la interfaz financiera solo consume configuraciones del mapa (configs() de 21); requiere ampliar el mapa (DPV-20-03)"
propia,integradas,incubacion,facon,tercero,C_congelado_tercero,B_basico_propio,TRUE,TRUE,VALIDA_NO_MAPEADA_NO_EVALUADA,"físicamente válida para CAPEX, pero la interfaz financiera solo consume configuraciones del mapa (configs() de 21); requiere ampliar el mapa (DPV-20-03)"
propia,integradas,incubacion,facon,propia,A_refrigerado,A_externo,FALSE,FALSE,VALIDA_NO_MAPEADA_NO_EVALUADA,"físicamente válida para CAPEX, pero la interfaz financiera solo consume configuraciones del mapa (configs() de 21); requiere ampliar el mapa (DPV-20-03)"
propia,integradas,incubacion,facon,propia,A_refrigerado,A_externo,FALSE,TRUE,VALIDA_NO_MAPEADA_NO_EVALUADA,"físicamente válida para CAPEX, pero la interfaz financiera solo consume configuraciones del mapa (configs() de 21); requiere ampliar el mapa (DPV-20-03)"
propia,integradas,incubacion,facon,propia,A_refrigerado,A_externo,TRUE,FALSE,VALIDA_NO_MAPEADA_NO_EVALUADA,"físicamente válida para CAPEX, pero la interfaz financiera solo consume configuraciones del mapa (configs() de 21); requiere ampliar el mapa (DPV-20-03)"
propia,integradas,incubacion,facon,propia,A_refrigerado,A_externo,TRUE,TRUE,VALIDA_NO_MAPEADA_NO_EVALUADA,"físicamente válida para CAPEX, pero la interfaz financiera solo consume configuraciones del mapa (configs() de 21); requiere ampliar el mapa (DPV-20-03)"
propia,integradas,incubacion,facon,propia,A_refrigerado,B_basico_propio,FALSE,FALSE,VALIDA_NO_MAPEADA_NO_EVALUADA,"físicamente válida para CAPEX, pero la interfaz financiera solo consume configuraciones del mapa (configs() de 21); requiere ampliar el mapa (DPV-20-03)"
propia,integradas,incubacion,facon,propia,A_refrigerado,B_basico_propio,FALSE,TRUE,VALIDA_NO_MAPEADA_NO_EVALUADA,"físicamente válida para CAPEX, pero la interfaz financiera solo consume configuraciones del mapa (configs() de 21); requiere ampliar el mapa (DPV-20-03)"
propia,integradas,incubacion,facon,propia,A_refrigerado,B_basico_propio,TRUE,FALSE,VALIDA_NO_MAPEADA_NO_EVALUADA,"físicamente válida para CAPEX, pero la interfaz financiera solo consume configuraciones del mapa (configs() de 21); requiere ampliar el mapa (DPV-20-03)"
propia,integradas,incubacion,facon,propia,A_refrigerado,B_basico_propio,TRUE,TRUE,VALIDA_NO_MAPEADA_NO_EVALUADA,"físicamente válida para CAPEX, pero la interfaz financiera solo consume configuraciones del mapa (configs() de 21); requiere ampliar el mapa (DPV-20-03)"
propia,integradas,incubacion,facon,propia,B_refrigerado_congelado,A_externo,FALSE,FALSE,VALIDA_NO_MAPEADA_NO_EVALUADA,"físicamente válida para CAPEX, pero la interfaz financiera solo consume configuraciones del mapa (configs() de 21); requiere ampliar el mapa (DPV-20-03)"
propia,integradas,incubacion,facon,propia,B_refrigerado_congelado,A_externo,FALSE,TRUE,VALIDA_NO_MAPEADA_NO_EVALUADA,"físicamente válida para CAPEX, pero la interfaz financiera solo consume configuraciones del mapa (configs() de 21); requiere ampliar el mapa (DPV-20-03)"
propia,integradas,incubacion,facon,propia,B_refrigerado_congelado,A_externo,TRUE,FALSE,VALIDA_NO_MAPEADA_NO_EVALUADA,"físicamente válida para CAPEX, pero la interfaz financiera solo consume configuraciones del mapa (configs() de 21); requiere ampliar el mapa (DPV-20-03)"
propia,integradas,incubacion,facon,propia,B_refrigerado_congelado,A_externo,TRUE,TRUE,VALIDA_NO_MAPEADA_NO_EVALUADA,"físicamente válida para CAPEX, pero la interfaz financiera solo consume configuraciones del mapa (configs() de 21); requiere ampliar el mapa (DPV-20-03)"
propia,integradas,incubacion,facon,propia,B_refrigerado_congelado,B_basico_propio,FALSE,FALSE,VALIDA_NO_MAPEADA_NO_EVALUADA,"físicamente válida para CAPEX, pero la interfaz financiera solo consume configuraciones del mapa (configs() de 21); requiere ampliar el mapa (DPV-20-03)"
propia,integradas,incubacion,facon,propia,B_refrigerado_congelado,B_basico_propio,FALSE,TRUE,VALIDA_NO_MAPEADA_NO_EVALUADA,"físicamente válida para CAPEX, pero la interfaz financiera solo consume configuraciones del mapa (configs() de 21); requiere ampliar el mapa (DPV-20-03)"
propia,integradas,incubacion,facon,propia,B_refrigerado_congelado,B_basico_propio,TRUE,FALSE,VALIDA_NO_MAPEADA_NO_EVALUADA,"físicamente válida para CAPEX, pero la interfaz financiera solo consume configuraciones del mapa (configs() de 21); requiere ampliar el mapa (DPV-20-03)"
propia,integradas,incubacion,facon,propia,B_refrigerado_congelado,B_basico_propio,TRUE,TRUE,VALIDA_NO_MAPEADA_NO_EVALUADA,"físicamente válida para CAPEX, pero la interfaz financiera solo consume configuraciones del mapa (configs() de 21); requiere ampliar el mapa (DPV-20-03)"
propia,integradas,incubacion,facon,propia,C_congelado_tercero,A_externo,FALSE,FALSE,VALIDA_NO_MAPEADA_NO_EVALUADA,"físicamente válida para CAPEX, pero la interfaz financiera solo consume configuraciones del mapa (configs() de 21); requiere ampliar el mapa (DPV-20-03)"
propia,integradas,incubacion,facon,propia,C_congelado_tercero,A_externo,FALSE,TRUE,VALIDA_NO_MAPEADA_NO_EVALUADA,"físicamente válida para CAPEX, pero la interfaz financiera solo consume configuraciones del mapa (configs() de 21); requiere ampliar el mapa (DPV-20-03)"
propia,integradas,incubacion,facon,propia,C_congelado_tercero,A_externo,TRUE,FALSE,VALIDA_NO_MAPEADA_NO_EVALUADA,"físicamente válida para CAPEX, pero la interfaz financiera solo consume configuraciones del mapa (configs() de 21); requiere ampliar el mapa (DPV-20-03)"
propia,integradas,incubacion,facon,propia,C_congelado_tercero,A_externo,TRUE,TRUE,VALIDA_NO_MAPEADA_NO_EVALUADA,"físicamente válida para CAPEX, pero la interfaz financiera solo consume configuraciones del mapa (configs() de 21); requiere ampliar el mapa (DPV-20-03)"
propia,integradas,incubacion,facon,propia,C_congelado_tercero,B_basico_propio,FALSE,FALSE,VALIDA_NO_MAPEADA_NO_EVALUADA,"físicamente válida para CAPEX, pero la interfaz financiera solo consume configuraciones del mapa (configs() de 21); requiere ampliar el mapa (DPV-20-03)"
propia,integradas,incubacion,facon,propia,C_congelado_tercero,B_basico_propio,FALSE,TRUE,VALIDA_NO_MAPEADA_NO_EVALUADA,"físicamente válida para CAPEX, pero la interfaz financiera solo consume configuraciones del mapa (configs() de 21); requiere ampliar el mapa (DPV-20-03)"
propia,integradas,incubacion,facon,propia,C_congelado_tercero,B_basico_propio,TRUE,FALSE,VALIDA_NO_MAPEADA_NO_EVALUADA,"físicamente válida para CAPEX, pero la interfaz financiera solo consume configuraciones del mapa (configs() de 21); requiere ampliar el mapa (DPV-20-03)"
propia,integradas,incubacion,facon,propia,C_congelado_tercero,B_basico_propio,TRUE,TRUE,VALIDA_NO_MAPEADA_NO_EVALUADA,"físicamente válida para CAPEX, pero la interfaz financiera solo consume configuraciones del mapa (configs() de 21); requiere ampliar el mapa (DPV-20-03)"
propia,integradas,incubacion,facon,mixto,A_refrigerado,A_externo,FALSE,FALSE,VALIDA_NO_MAPEADA_NO_EVALUADA,"físicamente válida para CAPEX, pero la interfaz financiera solo consume configuraciones del mapa (configs() de 21); requiere ampliar el mapa (DPV-20-03)"
propia,integradas,incubacion,facon,mixto,A_refrigerado,A_externo,FALSE,TRUE,VALIDA_NO_MAPEADA_NO_EVALUADA,"físicamente válida para CAPEX, pero la interfaz financiera solo consume configuraciones del mapa (configs() de 21); requiere ampliar el mapa (DPV-20-03)"
propia,integradas,incubacion,facon,mixto,A_refrigerado,A_externo,TRUE,FALSE,VALIDA_NO_MAPEADA_NO_EVALUADA,"físicamente válida para CAPEX, pero la interfaz financiera solo consume configuraciones del mapa (configs() de 21); requiere ampliar el mapa (DPV-20-03)"
propia,integradas,incubacion,facon,mixto,A_refrigerado,A_externo,TRUE,TRUE,VALIDA_NO_MAPEADA_NO_EVALUADA,"físicamente válida para CAPEX, pero la interfaz financiera solo consume configuraciones del mapa (configs() de 21); requiere ampliar el mapa (DPV-20-03)"
propia,integradas,incubacion,facon,mixto,A_refrigerado,B_basico_propio,FALSE,FALSE,VALIDA_NO_MAPEADA_NO_EVALUADA,"físicamente válida para CAPEX, pero la interfaz financiera solo consume configuraciones del mapa (configs() de 21); requiere ampliar el mapa (DPV-20-03)"
propia,integradas,incubacion,facon,mixto,A_refrigerado,B_basico_propio,FALSE,TRUE,VALIDA_NO_MAPEADA_NO_EVALUADA,"físicamente válida para CAPEX, pero la interfaz financiera solo consume configuraciones del mapa (configs() de 21); requiere ampliar el mapa (DPV-20-03)"
propia,integradas,incubacion,facon,mixto,A_refrigerado,B_basico_propio,TRUE,FALSE,VALIDA_NO_MAPEADA_NO_EVALUADA,"físicamente válida para CAPEX, pero la interfaz financiera solo consume configuraciones del mapa (configs() de 21); requiere ampliar el mapa (DPV-20-03)"
propia,integradas,incubacion,facon,mixto,A_refrigerado,B_basico_propio,TRUE,TRUE,VALIDA_NO_MAPEADA_NO_EVALUADA,"físicamente válida para CAPEX, pero la interfaz financiera solo consume configuraciones del mapa (configs() de 21); requiere ampliar el mapa (DPV-20-03)"
propia,integradas,incubacion,facon,mixto,B_refrigerado_congelado,A_externo,FALSE,FALSE,VALIDA_NO_MAPEADA_NO_EVALUADA,"físicamente válida para CAPEX, pero la interfaz financiera solo consume configuraciones del mapa (configs() de 21); requiere ampliar el mapa (DPV-20-03)"
propia,integradas,incubacion,facon,mixto,B_refrigerado_congelado,A_externo,FALSE,TRUE,VALIDA_NO_MAPEADA_NO_EVALUADA,"físicamente válida para CAPEX, pero la interfaz financiera solo consume configuraciones del mapa (configs() de 21); requiere ampliar el mapa (DPV-20-03)"
propia,integradas,incubacion,facon,mixto,B_refrigerado_congelado,A_externo,TRUE,FALSE,VALIDA_NO_MAPEADA_NO_EVALUADA,"físicamente válida para CAPEX, pero la interfaz financiera solo consume configuraciones del mapa (configs() de 21); requiere ampliar el mapa (DPV-20-03)"
propia,integradas,incubacion,facon,mixto,B_refrigerado_congelado,A_externo,TRUE,TRUE,VALIDA_NO_MAPEADA_NO_EVALUADA,"físicamente válida para CAPEX, pero la interfaz financiera solo consume configuraciones del mapa (configs() de 21); requiere ampliar el mapa (DPV-20-03)"
propia,integradas,incubacion,facon,mixto,B_refrigerado_congelado,B_basico_propio,FALSE,FALSE,VALIDA_NO_MAPEADA_NO_EVALUADA,"físicamente válida para CAPEX, pero la interfaz financiera solo consume configuraciones del mapa (configs() de 21); requiere ampliar el mapa (DPV-20-03)"
propia,integradas,incubacion,facon,mixto,B_refrigerado_congelado,B_basico_propio,FALSE,TRUE,VALIDA_NO_MAPEADA_NO_EVALUADA,"físicamente válida para CAPEX, pero la interfaz financiera solo consume configuraciones del mapa (configs() de 21); requiere ampliar el mapa (DPV-20-03)"
propia,integradas,incubacion,facon,mixto,B_refrigerado_congelado,B_basico_propio,TRUE,FALSE,VALIDA_NO_MAPEADA_NO_EVALUADA,"físicamente válida para CAPEX, pero la interfaz financiera solo consume configuraciones del mapa (configs() de 21); requiere ampliar el mapa (DPV-20-03)"
propia,integradas,incubacion,facon,mixto,B_refrigerado_congelado,B_basico_propio,TRUE,TRUE,VALIDA_NO_MAPEADA_NO_EVALUADA,"físicamente válida para CAPEX, pero la interfaz financiera solo consume configuraciones del mapa (configs() de 21); requiere ampliar el mapa (DPV-20-03)"
propia,integradas,incubacion,facon,mixto,C_congelado_tercero,A_externo,FALSE,FALSE,VALIDA_NO_MAPEADA_NO_EVALUADA,"físicamente válida para CAPEX, pero la interfaz financiera solo consume configuraciones del mapa (configs() de 21); requiere ampliar el mapa (DPV-20-03)"
propia,integradas,incubacion,facon,mixto,C_congelado_tercero,A_externo,FALSE,TRUE,VALIDA_NO_MAPEADA_NO_EVALUADA,"físicamente válida para CAPEX, pero la interfaz financiera solo consume configuraciones del mapa (configs() de 21); requiere ampliar el mapa (DPV-20-03)"
propia,integradas,incubacion,facon,mixto,C_congelado_tercero,A_externo,TRUE,FALSE,VALIDA_NO_MAPEADA_NO_EVALUADA,"físicamente válida para CAPEX, pero la interfaz financiera solo consume configuraciones del mapa (configs() de 21); requiere ampliar el mapa (DPV-20-03)"
propia,integradas,incubacion,facon,mixto,C_congelado_tercero,A_externo,TRUE,TRUE,VALIDA_NO_MAPEADA_NO_EVALUADA,"físicamente válida para CAPEX, pero la interfaz financiera solo consume configuraciones del mapa (configs() de 21); requiere ampliar el mapa (DPV-20-03)"
propia,integradas,incubacion,facon,mixto,C_congelado_tercero,B_basico_propio,FALSE,FALSE,VALIDA_NO_MAPEADA_NO_EVALUADA,"físicamente válida para CAPEX, pero la interfaz financiera solo consume configuraciones del mapa (configs() de 21); requiere ampliar el mapa (DPV-20-03)"
propia,integradas,incubacion,facon,mixto,C_congelado_tercero,B_basico_propio,FALSE,TRUE,VALIDA_NO_MAPEADA_NO_EVALUADA,"físicamente válida para CAPEX, pero la interfaz financiera solo consume configuraciones del mapa (configs() de 21); requiere ampliar el mapa (DPV-20-03)"
propia,integradas,incubacion,facon,mixto,C_congelado_tercero,B_basico_propio,TRUE,FALSE,VALIDA_NO_MAPEADA_NO_EVALUADA,"físicamente válida para CAPEX, pero la interfaz financiera solo consume configuraciones del mapa (configs() de 21); requiere ampliar el mapa (DPV-20-03)"
propia,integradas,incubacion,facon,mixto,C_congelado_tercero,B_basico_propio,TRUE,TRUE,VALIDA_NO_MAPEADA_NO_EVALUADA,"físicamente válida para CAPEX, pero la interfaz financiera solo consume configuraciones del mapa (configs() de 21); requiere ampliar el mapa (DPV-20-03)"
propia,integradas,incubacion,propia,tercero,A_refrigerado,A_externo,FALSE,FALSE,VALIDA_NO_MAPEADA_NO_EVALUADA,"físicamente válida para CAPEX, pero la interfaz financiera solo consume configuraciones del mapa (configs() de 21); requiere ampliar el mapa (DPV-20-03)"
propia,integradas,incubacion,propia,tercero,A_refrigerado,A_externo,FALSE,TRUE,VALIDA_NO_MAPEADA_NO_EVALUADA,"físicamente válida para CAPEX, pero la interfaz financiera solo consume configuraciones del mapa (configs() de 21); requiere ampliar el mapa (DPV-20-03)"
propia,integradas,incubacion,propia,tercero,A_refrigerado,A_externo,TRUE,FALSE,VALIDA_NO_MAPEADA_NO_EVALUADA,"físicamente válida para CAPEX, pero la interfaz financiera solo consume configuraciones del mapa (configs() de 21); requiere ampliar el mapa (DPV-20-03)"
propia,integradas,incubacion,propia,tercero,A_refrigerado,A_externo,TRUE,TRUE,VALIDA_NO_MAPEADA_NO_EVALUADA,"físicamente válida para CAPEX, pero la interfaz financiera solo consume configuraciones del mapa (configs() de 21); requiere ampliar el mapa (DPV-20-03)"
propia,integradas,incubacion,propia,tercero,A_refrigerado,B_basico_propio,FALSE,FALSE,VALIDA_NO_MAPEADA_NO_EVALUADA,"físicamente válida para CAPEX, pero la interfaz financiera solo consume configuraciones del mapa (configs() de 21); requiere ampliar el mapa (DPV-20-03)"
propia,integradas,incubacion,propia,tercero,A_refrigerado,B_basico_propio,FALSE,TRUE,VALIDA_NO_MAPEADA_NO_EVALUADA,"físicamente válida para CAPEX, pero la interfaz financiera solo consume configuraciones del mapa (configs() de 21); requiere ampliar el mapa (DPV-20-03)"
propia,integradas,incubacion,propia,tercero,A_refrigerado,B_basico_propio,TRUE,FALSE,VALIDA_NO_MAPEADA_NO_EVALUADA,"físicamente válida para CAPEX, pero la interfaz financiera solo consume configuraciones del mapa (configs() de 21); requiere ampliar el mapa (DPV-20-03)"
propia,integradas,incubacion,propia,tercero,A_refrigerado,B_basico_propio,TRUE,TRUE,VALIDA_NO_MAPEADA_NO_EVALUADA,"físicamente válida para CAPEX, pero la interfaz financiera solo consume configuraciones del mapa (configs() de 21); requiere ampliar el mapa (DPV-20-03)"
propia,integradas,incubacion,propia,tercero,B_refrigerado_congelado,A_externo,FALSE,FALSE,VALIDA_NO_MAPEADA_NO_EVALUADA,"físicamente válida para CAPEX, pero la interfaz financiera solo consume configuraciones del mapa (configs() de 21); requiere ampliar el mapa (DPV-20-03)"
propia,integradas,incubacion,propia,tercero,B_refrigerado_congelado,A_externo,FALSE,TRUE,VALIDA_NO_MAPEADA_NO_EVALUADA,"físicamente válida para CAPEX, pero la interfaz financiera solo consume configuraciones del mapa (configs() de 21); requiere ampliar el mapa (DPV-20-03)"
propia,integradas,incubacion,propia,tercero,B_refrigerado_congelado,A_externo,TRUE,FALSE,VALIDA_NO_MAPEADA_NO_EVALUADA,"físicamente válida para CAPEX, pero la interfaz financiera solo consume configuraciones del mapa (configs() de 21); requiere ampliar el mapa (DPV-20-03)"
propia,integradas,incubacion,propia,tercero,B_refrigerado_congelado,A_externo,TRUE,TRUE,VALIDA_NO_MAPEADA_NO_EVALUADA,"físicamente válida para CAPEX, pero la interfaz financiera solo consume configuraciones del mapa (configs() de 21); requiere ampliar el mapa (DPV-20-03)"
propia,integradas,incubacion,propia,tercero,B_refrigerado_congelado,B_basico_propio,FALSE,FALSE,VALIDA_NO_MAPEADA_NO_EVALUADA,"físicamente válida para CAPEX, pero la interfaz financiera solo consume configuraciones del mapa (configs() de 21); requiere ampliar el mapa (DPV-20-03)"
propia,integradas,incubacion,propia,tercero,B_refrigerado_congelado,B_basico_propio,FALSE,TRUE,VALIDA_NO_MAPEADA_NO_EVALUADA,"físicamente válida para CAPEX, pero la interfaz financiera solo consume configuraciones del mapa (configs() de 21); requiere ampliar el mapa (DPV-20-03)"
propia,integradas,incubacion,propia,tercero,B_refrigerado_congelado,B_basico_propio,TRUE,FALSE,VALIDA_NO_MAPEADA_NO_EVALUADA,"físicamente válida para CAPEX, pero la interfaz financiera solo consume configuraciones del mapa (configs() de 21); requiere ampliar el mapa (DPV-20-03)"
propia,integradas,incubacion,propia,tercero,B_refrigerado_congelado,B_basico_propio,TRUE,TRUE,VALIDA_NO_MAPEADA_NO_EVALUADA,"físicamente válida para CAPEX, pero la interfaz financiera solo consume configuraciones del mapa (configs() de 21); requiere ampliar el mapa (DPV-20-03)"
propia,integradas,incubacion,propia,tercero,C_congelado_tercero,A_externo,FALSE,FALSE,VALIDA_NO_MAPEADA_NO_EVALUADA,"físicamente válida para CAPEX, pero la interfaz financiera solo consume configuraciones del mapa (configs() de 21); requiere ampliar el mapa (DPV-20-03)"
propia,integradas,incubacion,propia,tercero,C_congelado_tercero,A_externo,FALSE,TRUE,VALIDA_NO_MAPEADA_NO_EVALUADA,"físicamente válida para CAPEX, pero la interfaz financiera solo consume configuraciones del mapa (configs() de 21); requiere ampliar el mapa (DPV-20-03)"
propia,integradas,incubacion,propia,tercero,C_congelado_tercero,A_externo,TRUE,FALSE,VALIDA_NO_MAPEADA_NO_EVALUADA,"físicamente válida para CAPEX, pero la interfaz financiera solo consume configuraciones del mapa (configs() de 21); requiere ampliar el mapa (DPV-20-03)"
propia,integradas,incubacion,propia,tercero,C_congelado_tercero,A_externo,TRUE,TRUE,VALIDA_NO_MAPEADA_NO_EVALUADA,"físicamente válida para CAPEX, pero la interfaz financiera solo consume configuraciones del mapa (configs() de 21); requiere ampliar el mapa (DPV-20-03)"
propia,integradas,incubacion,propia,tercero,C_congelado_tercero,B_basico_propio,FALSE,FALSE,VALIDA_NO_MAPEADA_NO_EVALUADA,"físicamente válida para CAPEX, pero la interfaz financiera solo consume configuraciones del mapa (configs() de 21); requiere ampliar el mapa (DPV-20-03)"
propia,integradas,incubacion,propia,tercero,C_congelado_tercero,B_basico_propio,FALSE,TRUE,VALIDA_NO_MAPEADA_NO_EVALUADA,"físicamente válida para CAPEX, pero la interfaz financiera solo consume configuraciones del mapa (configs() de 21); requiere ampliar el mapa (DPV-20-03)"
propia,integradas,incubacion,propia,tercero,C_congelado_tercero,B_basico_propio,TRUE,FALSE,VALIDA_NO_MAPEADA_NO_EVALUADA,"físicamente válida para CAPEX, pero la interfaz financiera solo consume configuraciones del mapa (configs() de 21); requiere ampliar el mapa (DPV-20-03)"
propia,integradas,incubacion,propia,tercero,C_congelado_tercero,B_basico_propio,TRUE,TRUE,VALIDA_NO_MAPEADA_NO_EVALUADA,"físicamente válida para CAPEX, pero la interfaz financiera solo consume configuraciones del mapa (configs() de 21); requiere ampliar el mapa (DPV-20-03)"
propia,integradas,incubacion,propia,propia,A_refrigerado,A_externo,FALSE,FALSE,VALIDA_NO_MAPEADA_NO_EVALUADA,"físicamente válida para CAPEX, pero la interfaz financiera solo consume configuraciones del mapa (configs() de 21); requiere ampliar el mapa (DPV-20-03)"
propia,integradas,incubacion,propia,propia,A_refrigerado,A_externo,FALSE,TRUE,VALIDA_NO_MAPEADA_NO_EVALUADA,"físicamente válida para CAPEX, pero la interfaz financiera solo consume configuraciones del mapa (configs() de 21); requiere ampliar el mapa (DPV-20-03)"
propia,integradas,incubacion,propia,propia,A_refrigerado,A_externo,TRUE,FALSE,VALIDA_NO_MAPEADA_NO_EVALUADA,"físicamente válida para CAPEX, pero la interfaz financiera solo consume configuraciones del mapa (configs() de 21); requiere ampliar el mapa (DPV-20-03)"
propia,integradas,incubacion,propia,propia,A_refrigerado,A_externo,TRUE,TRUE,VALIDA_NO_MAPEADA_NO_EVALUADA,"físicamente válida para CAPEX, pero la interfaz financiera solo consume configuraciones del mapa (configs() de 21); requiere ampliar el mapa (DPV-20-03)"
propia,integradas,incubacion,propia,propia,A_refrigerado,B_basico_propio,FALSE,FALSE,VALIDA_NO_MAPEADA_NO_EVALUADA,"físicamente válida para CAPEX, pero la interfaz financiera solo consume configuraciones del mapa (configs() de 21); requiere ampliar el mapa (DPV-20-03)"
propia,integradas,incubacion,propia,propia,A_refrigerado,B_basico_propio,FALSE,TRUE,VALIDA_NO_MAPEADA_NO_EVALUADA,"físicamente válida para CAPEX, pero la interfaz financiera solo consume configuraciones del mapa (configs() de 21); requiere ampliar el mapa (DPV-20-03)"
propia,integradas,incubacion,propia,propia,A_refrigerado,B_basico_propio,TRUE,FALSE,VALIDA_NO_MAPEADA_NO_EVALUADA,"físicamente válida para CAPEX, pero la interfaz financiera solo consume configuraciones del mapa (configs() de 21); requiere ampliar el mapa (DPV-20-03)"
propia,integradas,incubacion,propia,propia,A_refrigerado,B_basico_propio,TRUE,TRUE,VALIDA_NO_MAPEADA_NO_EVALUADA,"físicamente válida para CAPEX, pero la interfaz financiera solo consume configuraciones del mapa (configs() de 21); requiere ampliar el mapa (DPV-20-03)"
propia,integradas,incubacion,propia,propia,B_refrigerado_congelado,A_externo,FALSE,FALSE,VALIDA_NO_MAPEADA_NO_EVALUADA,"físicamente válida para CAPEX, pero la interfaz financiera solo consume configuraciones del mapa (configs() de 21); requiere ampliar el mapa (DPV-20-03)"
propia,integradas,incubacion,propia,propia,B_refrigerado_congelado,A_externo,FALSE,TRUE,VALIDA_NO_MAPEADA_NO_EVALUADA,"físicamente válida para CAPEX, pero la interfaz financiera solo consume configuraciones del mapa (configs() de 21); requiere ampliar el mapa (DPV-20-03)"
propia,integradas,incubacion,propia,propia,B_refrigerado_congelado,A_externo,TRUE,FALSE,VALIDA_NO_MAPEADA_NO_EVALUADA,"físicamente válida para CAPEX, pero la interfaz financiera solo consume configuraciones del mapa (configs() de 21); requiere ampliar el mapa (DPV-20-03)"
propia,integradas,incubacion,propia,propia,B_refrigerado_congelado,A_externo,TRUE,TRUE,VALIDA_NO_MAPEADA_NO_EVALUADA,"físicamente válida para CAPEX, pero la interfaz financiera solo consume configuraciones del mapa (configs() de 21); requiere ampliar el mapa (DPV-20-03)"
propia,integradas,incubacion,propia,propia,B_refrigerado_congelado,B_basico_propio,FALSE,FALSE,VALIDA_NO_MAPEADA_NO_EVALUADA,"físicamente válida para CAPEX, pero la interfaz financiera solo consume configuraciones del mapa (configs() de 21); requiere ampliar el mapa (DPV-20-03)"
propia,integradas,incubacion,propia,propia,B_refrigerado_congelado,B_basico_propio,FALSE,TRUE,VALIDA_NO_MAPEADA_NO_EVALUADA,"físicamente válida para CAPEX, pero la interfaz financiera solo consume configuraciones del mapa (configs() de 21); requiere ampliar el mapa (DPV-20-03)"
propia,integradas,incubacion,propia,propia,B_refrigerado_congelado,B_basico_propio,TRUE,FALSE,VALIDA_NO_MAPEADA_NO_EVALUADA,"físicamente válida para CAPEX, pero la interfaz financiera solo consume configuraciones del mapa (configs() de 21); requiere ampliar el mapa (DPV-20-03)"
propia,integradas,incubacion,propia,propia,B_refrigerado_congelado,B_basico_propio,TRUE,TRUE,VALIDA_NO_MAPEADA_NO_EVALUADA,"físicamente válida para CAPEX, pero la interfaz financiera solo consume configuraciones del mapa (configs() de 21); requiere ampliar el mapa (DPV-20-03)"
propia,integradas,incubacion,propia,propia,C_congelado_tercero,A_externo,FALSE,FALSE,VALIDA_NO_MAPEADA_NO_EVALUADA,"físicamente válida para CAPEX, pero la interfaz financiera solo consume configuraciones del mapa (configs() de 21); requiere ampliar el mapa (DPV-20-03)"
propia,integradas,incubacion,propia,propia,C_congelado_tercero,A_externo,FALSE,TRUE,VALIDA_NO_MAPEADA_NO_EVALUADA,"físicamente válida para CAPEX, pero la interfaz financiera solo consume configuraciones del mapa (configs() de 21); requiere ampliar el mapa (DPV-20-03)"
propia,integradas,incubacion,propia,propia,C_congelado_tercero,A_externo,TRUE,FALSE,VALIDA_NO_MAPEADA_NO_EVALUADA,"físicamente válida para CAPEX, pero la interfaz financiera solo consume configuraciones del mapa (configs() de 21); requiere ampliar el mapa (DPV-20-03)"
propia,integradas,incubacion,propia,propia,C_congelado_tercero,A_externo,TRUE,TRUE,VALIDA_NO_MAPEADA_NO_EVALUADA,"físicamente válida para CAPEX, pero la interfaz financiera solo consume configuraciones del mapa (configs() de 21); requiere ampliar el mapa (DPV-20-03)"
propia,integradas,incubacion,propia,propia,C_congelado_tercero,B_basico_propio,FALSE,FALSE,VALIDA_NO_MAPEADA_NO_EVALUADA,"físicamente válida para CAPEX, pero la interfaz financiera solo consume configuraciones del mapa (configs() de 21); requiere ampliar el mapa (DPV-20-03)"
propia,integradas,incubacion,propia,propia,C_congelado_tercero,B_basico_propio,FALSE,TRUE,VALIDA_NO_MAPEADA_NO_EVALUADA,"físicamente válida para CAPEX, pero la interfaz financiera solo consume configuraciones del mapa (configs() de 21); requiere ampliar el mapa (DPV-20-03)"
propia,integradas,incubacion,propia,propia,C_congelado_tercero,B_basico_propio,TRUE,FALSE,VALIDA_NO_MAPEADA_NO_EVALUADA,"físicamente válida para CAPEX, pero la interfaz financiera solo consume configuraciones del mapa (configs() de 21); requiere ampliar el mapa (DPV-20-03)"
propia,integradas,incubacion,propia,propia,C_congelado_tercero,B_basico_propio,TRUE,TRUE,VALIDA_NO_MAPEADA_NO_EVALUADA,"físicamente válida para CAPEX, pero la interfaz financiera solo consume configuraciones del mapa (configs() de 21); requiere ampliar el mapa (DPV-20-03)"
propia,integradas,incubacion,propia,mixto,A_refrigerado,A_externo,FALSE,FALSE,VALIDA_NO_MAPEADA_NO_EVALUADA,"físicamente válida para CAPEX, pero la interfaz financiera solo consume configuraciones del mapa (configs() de 21); requiere ampliar el mapa (DPV-20-03)"
propia,integradas,incubacion,propia,mixto,A_refrigerado,A_externo,FALSE,TRUE,VALIDA_NO_MAPEADA_NO_EVALUADA,"físicamente válida para CAPEX, pero la interfaz financiera solo consume configuraciones del mapa (configs() de 21); requiere ampliar el mapa (DPV-20-03)"
propia,integradas,incubacion,propia,mixto,A_refrigerado,A_externo,TRUE,FALSE,VALIDA_NO_MAPEADA_NO_EVALUADA,"físicamente válida para CAPEX, pero la interfaz financiera solo consume configuraciones del mapa (configs() de 21); requiere ampliar el mapa (DPV-20-03)"
propia,integradas,incubacion,propia,mixto,A_refrigerado,A_externo,TRUE,TRUE,VALIDA_NO_MAPEADA_NO_EVALUADA,"físicamente válida para CAPEX, pero la interfaz financiera solo consume configuraciones del mapa (configs() de 21); requiere ampliar el mapa (DPV-20-03)"
propia,integradas,incubacion,propia,mixto,A_refrigerado,B_basico_propio,FALSE,FALSE,VALIDA_NO_MAPEADA_NO_EVALUADA,"físicamente válida para CAPEX, pero la interfaz financiera solo consume configuraciones del mapa (configs() de 21); requiere ampliar el mapa (DPV-20-03)"
propia,integradas,incubacion,propia,mixto,A_refrigerado,B_basico_propio,FALSE,TRUE,VALIDA_NO_MAPEADA_NO_EVALUADA,"físicamente válida para CAPEX, pero la interfaz financiera solo consume configuraciones del mapa (configs() de 21); requiere ampliar el mapa (DPV-20-03)"
propia,integradas,incubacion,propia,mixto,A_refrigerado,B_basico_propio,TRUE,FALSE,VALIDA_NO_MAPEADA_NO_EVALUADA,"físicamente válida para CAPEX, pero la interfaz financiera solo consume configuraciones del mapa (configs() de 21); requiere ampliar el mapa (DPV-20-03)"
propia,integradas,incubacion,propia,mixto,A_refrigerado,B_basico_propio,TRUE,TRUE,VALIDA_NO_MAPEADA_NO_EVALUADA,"físicamente válida para CAPEX, pero la interfaz financiera solo consume configuraciones del mapa (configs() de 21); requiere ampliar el mapa (DPV-20-03)"
propia,integradas,incubacion,propia,mixto,B_refrigerado_congelado,A_externo,FALSE,FALSE,VALIDA_NO_MAPEADA_NO_EVALUADA,"físicamente válida para CAPEX, pero la interfaz financiera solo consume configuraciones del mapa (configs() de 21); requiere ampliar el mapa (DPV-20-03)"
propia,integradas,incubacion,propia,mixto,B_refrigerado_congelado,A_externo,FALSE,TRUE,VALIDA_NO_MAPEADA_NO_EVALUADA,"físicamente válida para CAPEX, pero la interfaz financiera solo consume configuraciones del mapa (configs() de 21); requiere ampliar el mapa (DPV-20-03)"
propia,integradas,incubacion,propia,mixto,B_refrigerado_congelado,A_externo,TRUE,FALSE,VALIDA_NO_MAPEADA_NO_EVALUADA,"físicamente válida para CAPEX, pero la interfaz financiera solo consume configuraciones del mapa (configs() de 21); requiere ampliar el mapa (DPV-20-03)"
propia,integradas,incubacion,propia,mixto,B_refrigerado_congelado,A_externo,TRUE,TRUE,VALIDA_NO_MAPEADA_NO_EVALUADA,"físicamente válida para CAPEX, pero la interfaz financiera solo consume configuraciones del mapa (configs() de 21); requiere ampliar el mapa (DPV-20-03)"
propia,integradas,incubacion,propia,mixto,B_refrigerado_congelado,B_basico_propio,FALSE,FALSE,VALIDA_NO_MAPEADA_NO_EVALUADA,"físicamente válida para CAPEX, pero la interfaz financiera solo consume configuraciones del mapa (configs() de 21); requiere ampliar el mapa (DPV-20-03)"
propia,integradas,incubacion,propia,mixto,B_refrigerado_congelado,B_basico_propio,FALSE,TRUE,VALIDA_NO_MAPEADA_NO_EVALUADA,"físicamente válida para CAPEX, pero la interfaz financiera solo consume configuraciones del mapa (configs() de 21); requiere ampliar el mapa (DPV-20-03)"
propia,integradas,incubacion,propia,mixto,B_refrigerado_congelado,B_basico_propio,TRUE,FALSE,VALIDA_NO_MAPEADA_NO_EVALUADA,"físicamente válida para CAPEX, pero la interfaz financiera solo consume configuraciones del mapa (configs() de 21); requiere ampliar el mapa (DPV-20-03)"
propia,integradas,incubacion,propia,mixto,B_refrigerado_congelado,B_basico_propio,TRUE,TRUE,VALIDA_NO_MAPEADA_NO_EVALUADA,"físicamente válida para CAPEX, pero la interfaz financiera solo consume configuraciones del mapa (configs() de 21); requiere ampliar el mapa (DPV-20-03)"
propia,integradas,incubacion,propia,mixto,C_congelado_tercero,A_externo,FALSE,FALSE,VALIDA_NO_MAPEADA_NO_EVALUADA,"físicamente válida para CAPEX, pero la interfaz financiera solo consume configuraciones del mapa (configs() de 21); requiere ampliar el mapa (DPV-20-03)"
propia,integradas,incubacion,propia,mixto,C_congelado_tercero,A_externo,FALSE,TRUE,VALIDA_NO_MAPEADA_NO_EVALUADA,"físicamente válida para CAPEX, pero la interfaz financiera solo consume configuraciones del mapa (configs() de 21); requiere ampliar el mapa (DPV-20-03)"
propia,integradas,incubacion,propia,mixto,C_congelado_tercero,A_externo,TRUE,FALSE,VALIDA_NO_MAPEADA_NO_EVALUADA,"físicamente válida para CAPEX, pero la interfaz financiera solo consume configuraciones del mapa (configs() de 21); requiere ampliar el mapa (DPV-20-03)"
propia,integradas,incubacion,propia,mixto,C_congelado_tercero,A_externo,TRUE,TRUE,VALIDA_NO_MAPEADA_NO_EVALUADA,"físicamente válida para CAPEX, pero la interfaz financiera solo consume configuraciones del mapa (configs() de 21); requiere ampliar el mapa (DPV-20-03)"
propia,integradas,incubacion,propia,mixto,C_congelado_tercero,B_basico_propio,FALSE,FALSE,VALIDA_NO_MAPEADA_NO_EVALUADA,"físicamente válida para CAPEX, pero la interfaz financiera solo consume configuraciones del mapa (configs() de 21); requiere ampliar el mapa (DPV-20-03)"
propia,integradas,incubacion,propia,mixto,C_congelado_tercero,B_basico_propio,FALSE,TRUE,VALIDA_NO_MAPEADA_NO_EVALUADA,"físicamente válida para CAPEX, pero la interfaz financiera solo consume configuraciones del mapa (configs() de 21); requiere ampliar el mapa (DPV-20-03)"
propia,integradas,incubacion,propia,mixto,C_congelado_tercero,B_basico_propio,TRUE,FALSE,VALIDA_NO_MAPEADA_NO_EVALUADA,"físicamente válida para CAPEX, pero la interfaz financiera solo consume configuraciones del mapa (configs() de 21); requiere ampliar el mapa (DPV-20-03)"
propia,integradas,incubacion,propia,mixto,C_congelado_tercero,B_basico_propio,TRUE,TRUE,VALIDA_NO_MAPEADA_NO_EVALUADA,"físicamente válida para CAPEX, pero la interfaz financiera solo consume configuraciones del mapa (configs() de 21); requiere ampliar el mapa (DPV-20-03)"
propia,propias,compra,compra,tercero,A_refrigerado,A_externo,FALSE,FALSE,VALIDA_NO_MAPEADA_NO_EVALUADA,"físicamente válida para CAPEX, pero la interfaz financiera solo consume configuraciones del mapa (configs() de 21); requiere ampliar el mapa (DPV-20-03)"
propia,propias,compra,compra,tercero,A_refrigerado,A_externo,FALSE,TRUE,INVALIDA_FISICAMENTE,reproductoras propias requieren incubación propia (arquitectura futura)
propia,propias,compra,compra,tercero,A_refrigerado,A_externo,TRUE,FALSE,VALIDA_NO_MAPEADA_NO_EVALUADA,"físicamente válida para CAPEX, pero la interfaz financiera solo consume configuraciones del mapa (configs() de 21); requiere ampliar el mapa (DPV-20-03)"
propia,propias,compra,compra,tercero,A_refrigerado,A_externo,TRUE,TRUE,INVALIDA_FISICAMENTE,reproductoras propias requieren incubación propia (arquitectura futura)
propia,propias,compra,compra,tercero,A_refrigerado,B_basico_propio,FALSE,FALSE,VALIDA_NO_MAPEADA_NO_EVALUADA,"físicamente válida para CAPEX, pero la interfaz financiera solo consume configuraciones del mapa (configs() de 21); requiere ampliar el mapa (DPV-20-03)"
propia,propias,compra,compra,tercero,A_refrigerado,B_basico_propio,FALSE,TRUE,INVALIDA_FISICAMENTE,reproductoras propias requieren incubación propia (arquitectura futura)
propia,propias,compra,compra,tercero,A_refrigerado,B_basico_propio,TRUE,FALSE,VALIDA_NO_MAPEADA_NO_EVALUADA,"físicamente válida para CAPEX, pero la interfaz financiera solo consume configuraciones del mapa (configs() de 21); requiere ampliar el mapa (DPV-20-03)"
propia,propias,compra,compra,tercero,A_refrigerado,B_basico_propio,TRUE,TRUE,INVALIDA_FISICAMENTE,reproductoras propias requieren incubación propia (arquitectura futura)
propia,propias,compra,compra,tercero,B_refrigerado_congelado,A_externo,FALSE,FALSE,VALIDA_NO_MAPEADA_NO_EVALUADA,"físicamente válida para CAPEX, pero la interfaz financiera solo consume configuraciones del mapa (configs() de 21); requiere ampliar el mapa (DPV-20-03)"
propia,propias,compra,compra,tercero,B_refrigerado_congelado,A_externo,FALSE,TRUE,INVALIDA_FISICAMENTE,reproductoras propias requieren incubación propia (arquitectura futura)
propia,propias,compra,compra,tercero,B_refrigerado_congelado,A_externo,TRUE,FALSE,VALIDA_NO_MAPEADA_NO_EVALUADA,"físicamente válida para CAPEX, pero la interfaz financiera solo consume configuraciones del mapa (configs() de 21); requiere ampliar el mapa (DPV-20-03)"
propia,propias,compra,compra,tercero,B_refrigerado_congelado,A_externo,TRUE,TRUE,INVALIDA_FISICAMENTE,reproductoras propias requieren incubación propia (arquitectura futura)
propia,propias,compra,compra,tercero,B_refrigerado_congelado,B_basico_propio,FALSE,FALSE,VALIDA_NO_MAPEADA_NO_EVALUADA,"físicamente válida para CAPEX, pero la interfaz financiera solo consume configuraciones del mapa (configs() de 21); requiere ampliar el mapa (DPV-20-03)"
propia,propias,compra,compra,tercero,B_refrigerado_congelado,B_basico_propio,FALSE,TRUE,INVALIDA_FISICAMENTE,reproductoras propias requieren incubación propia (arquitectura futura)
propia,propias,compra,compra,tercero,B_refrigerado_congelado,B_basico_propio,TRUE,FALSE,VALIDA_NO_MAPEADA_NO_EVALUADA,"físicamente válida para CAPEX, pero la interfaz financiera solo consume configuraciones del mapa (configs() de 21); requiere ampliar el mapa (DPV-20-03)"
propia,propias,compra,compra,tercero,B_refrigerado_congelado,B_basico_propio,TRUE,TRUE,INVALIDA_FISICAMENTE,reproductoras propias requieren incubación propia (arquitectura futura)
propia,propias,compra,compra,tercero,C_congelado_tercero,A_externo,FALSE,FALSE,VALIDA_NO_MAPEADA_NO_EVALUADA,"físicamente válida para CAPEX, pero la interfaz financiera solo consume configuraciones del mapa (configs() de 21); requiere ampliar el mapa (DPV-20-03)"
propia,propias,compra,compra,tercero,C_congelado_tercero,A_externo,FALSE,TRUE,INVALIDA_FISICAMENTE,reproductoras propias requieren incubación propia (arquitectura futura)
propia,propias,compra,compra,tercero,C_congelado_tercero,A_externo,TRUE,FALSE,VALIDA_NO_MAPEADA_NO_EVALUADA,"físicamente válida para CAPEX, pero la interfaz financiera solo consume configuraciones del mapa (configs() de 21); requiere ampliar el mapa (DPV-20-03)"
propia,propias,compra,compra,tercero,C_congelado_tercero,A_externo,TRUE,TRUE,INVALIDA_FISICAMENTE,reproductoras propias requieren incubación propia (arquitectura futura)
propia,propias,compra,compra,tercero,C_congelado_tercero,B_basico_propio,FALSE,FALSE,VALIDA_NO_MAPEADA_NO_EVALUADA,"físicamente válida para CAPEX, pero la interfaz financiera solo consume configuraciones del mapa (configs() de 21); requiere ampliar el mapa (DPV-20-03)"
propia,propias,compra,compra,tercero,C_congelado_tercero,B_basico_propio,FALSE,TRUE,INVALIDA_FISICAMENTE,reproductoras propias requieren incubación propia (arquitectura futura)
propia,propias,compra,compra,tercero,C_congelado_tercero,B_basico_propio,TRUE,FALSE,VALIDA_NO_MAPEADA_NO_EVALUADA,"físicamente válida para CAPEX, pero la interfaz financiera solo consume configuraciones del mapa (configs() de 21); requiere ampliar el mapa (DPV-20-03)"
propia,propias,compra,compra,tercero,C_congelado_tercero,B_basico_propio,TRUE,TRUE,INVALIDA_FISICAMENTE,reproductoras propias requieren incubación propia (arquitectura futura)
propia,propias,compra,compra,propia,A_refrigerado,A_externo,FALSE,FALSE,VALIDA_NO_MAPEADA_NO_EVALUADA,"físicamente válida para CAPEX, pero la interfaz financiera solo consume configuraciones del mapa (configs() de 21); requiere ampliar el mapa (DPV-20-03)"
propia,propias,compra,compra,propia,A_refrigerado,A_externo,FALSE,TRUE,INVALIDA_FISICAMENTE,reproductoras propias requieren incubación propia (arquitectura futura)
propia,propias,compra,compra,propia,A_refrigerado,A_externo,TRUE,FALSE,VALIDA_NO_MAPEADA_NO_EVALUADA,"físicamente válida para CAPEX, pero la interfaz financiera solo consume configuraciones del mapa (configs() de 21); requiere ampliar el mapa (DPV-20-03)"
propia,propias,compra,compra,propia,A_refrigerado,A_externo,TRUE,TRUE,INVALIDA_FISICAMENTE,reproductoras propias requieren incubación propia (arquitectura futura)
propia,propias,compra,compra,propia,A_refrigerado,B_basico_propio,FALSE,FALSE,VALIDA_NO_MAPEADA_NO_EVALUADA,"físicamente válida para CAPEX, pero la interfaz financiera solo consume configuraciones del mapa (configs() de 21); requiere ampliar el mapa (DPV-20-03)"
propia,propias,compra,compra,propia,A_refrigerado,B_basico_propio,FALSE,TRUE,INVALIDA_FISICAMENTE,reproductoras propias requieren incubación propia (arquitectura futura)
propia,propias,compra,compra,propia,A_refrigerado,B_basico_propio,TRUE,FALSE,VALIDA_NO_MAPEADA_NO_EVALUADA,"físicamente válida para CAPEX, pero la interfaz financiera solo consume configuraciones del mapa (configs() de 21); requiere ampliar el mapa (DPV-20-03)"
propia,propias,compra,compra,propia,A_refrigerado,B_basico_propio,TRUE,TRUE,INVALIDA_FISICAMENTE,reproductoras propias requieren incubación propia (arquitectura futura)
propia,propias,compra,compra,propia,B_refrigerado_congelado,A_externo,FALSE,FALSE,VALIDA_NO_MAPEADA_NO_EVALUADA,"físicamente válida para CAPEX, pero la interfaz financiera solo consume configuraciones del mapa (configs() de 21); requiere ampliar el mapa (DPV-20-03)"
propia,propias,compra,compra,propia,B_refrigerado_congelado,A_externo,FALSE,TRUE,INVALIDA_FISICAMENTE,reproductoras propias requieren incubación propia (arquitectura futura)
propia,propias,compra,compra,propia,B_refrigerado_congelado,A_externo,TRUE,FALSE,VALIDA_NO_MAPEADA_NO_EVALUADA,"físicamente válida para CAPEX, pero la interfaz financiera solo consume configuraciones del mapa (configs() de 21); requiere ampliar el mapa (DPV-20-03)"
propia,propias,compra,compra,propia,B_refrigerado_congelado,A_externo,TRUE,TRUE,INVALIDA_FISICAMENTE,reproductoras propias requieren incubación propia (arquitectura futura)
propia,propias,compra,compra,propia,B_refrigerado_congelado,B_basico_propio,FALSE,FALSE,VALIDA_NO_MAPEADA_NO_EVALUADA,"físicamente válida para CAPEX, pero la interfaz financiera solo consume configuraciones del mapa (configs() de 21); requiere ampliar el mapa (DPV-20-03)"
propia,propias,compra,compra,propia,B_refrigerado_congelado,B_basico_propio,FALSE,TRUE,INVALIDA_FISICAMENTE,reproductoras propias requieren incubación propia (arquitectura futura)
propia,propias,compra,compra,propia,B_refrigerado_congelado,B_basico_propio,TRUE,FALSE,VALIDA_NO_MAPEADA_NO_EVALUADA,"físicamente válida para CAPEX, pero la interfaz financiera solo consume configuraciones del mapa (configs() de 21); requiere ampliar el mapa (DPV-20-03)"
propia,propias,compra,compra,propia,B_refrigerado_congelado,B_basico_propio,TRUE,TRUE,INVALIDA_FISICAMENTE,reproductoras propias requieren incubación propia (arquitectura futura)
propia,propias,compra,compra,propia,C_congelado_tercero,A_externo,FALSE,FALSE,VALIDA_NO_MAPEADA_NO_EVALUADA,"físicamente válida para CAPEX, pero la interfaz financiera solo consume configuraciones del mapa (configs() de 21); requiere ampliar el mapa (DPV-20-03)"
propia,propias,compra,compra,propia,C_congelado_tercero,A_externo,FALSE,TRUE,INVALIDA_FISICAMENTE,reproductoras propias requieren incubación propia (arquitectura futura)
propia,propias,compra,compra,propia,C_congelado_tercero,A_externo,TRUE,FALSE,VALIDA_NO_MAPEADA_NO_EVALUADA,"físicamente válida para CAPEX, pero la interfaz financiera solo consume configuraciones del mapa (configs() de 21); requiere ampliar el mapa (DPV-20-03)"
propia,propias,compra,compra,propia,C_congelado_tercero,A_externo,TRUE,TRUE,INVALIDA_FISICAMENTE,reproductoras propias requieren incubación propia (arquitectura futura)
propia,propias,compra,compra,propia,C_congelado_tercero,B_basico_propio,FALSE,FALSE,VALIDA_NO_MAPEADA_NO_EVALUADA,"físicamente válida para CAPEX, pero la interfaz financiera solo consume configuraciones del mapa (configs() de 21); requiere ampliar el mapa (DPV-20-03)"
propia,propias,compra,compra,propia,C_congelado_tercero,B_basico_propio,FALSE,TRUE,INVALIDA_FISICAMENTE,reproductoras propias requieren incubación propia (arquitectura futura)
propia,propias,compra,compra,propia,C_congelado_tercero,B_basico_propio,TRUE,FALSE,VALIDA_NO_MAPEADA_NO_EVALUADA,"físicamente válida para CAPEX, pero la interfaz financiera solo consume configuraciones del mapa (configs() de 21); requiere ampliar el mapa (DPV-20-03)"
propia,propias,compra,compra,propia,C_congelado_tercero,B_basico_propio,TRUE,TRUE,INVALIDA_FISICAMENTE,reproductoras propias requieren incubación propia (arquitectura futura)
propia,propias,compra,compra,mixto,A_refrigerado,A_externo,FALSE,FALSE,VALIDA_NO_MAPEADA_NO_EVALUADA,"físicamente válida para CAPEX, pero la interfaz financiera solo consume configuraciones del mapa (configs() de 21); requiere ampliar el mapa (DPV-20-03)"
propia,propias,compra,compra,mixto,A_refrigerado,A_externo,FALSE,TRUE,INVALIDA_FISICAMENTE,reproductoras propias requieren incubación propia (arquitectura futura)
propia,propias,compra,compra,mixto,A_refrigerado,A_externo,TRUE,FALSE,VALIDA_NO_MAPEADA_NO_EVALUADA,"físicamente válida para CAPEX, pero la interfaz financiera solo consume configuraciones del mapa (configs() de 21); requiere ampliar el mapa (DPV-20-03)"
propia,propias,compra,compra,mixto,A_refrigerado,A_externo,TRUE,TRUE,INVALIDA_FISICAMENTE,reproductoras propias requieren incubación propia (arquitectura futura)
propia,propias,compra,compra,mixto,A_refrigerado,B_basico_propio,FALSE,FALSE,VALIDA_NO_MAPEADA_NO_EVALUADA,"físicamente válida para CAPEX, pero la interfaz financiera solo consume configuraciones del mapa (configs() de 21); requiere ampliar el mapa (DPV-20-03)"
propia,propias,compra,compra,mixto,A_refrigerado,B_basico_propio,FALSE,TRUE,INVALIDA_FISICAMENTE,reproductoras propias requieren incubación propia (arquitectura futura)
propia,propias,compra,compra,mixto,A_refrigerado,B_basico_propio,TRUE,FALSE,VALIDA_NO_MAPEADA_NO_EVALUADA,"físicamente válida para CAPEX, pero la interfaz financiera solo consume configuraciones del mapa (configs() de 21); requiere ampliar el mapa (DPV-20-03)"
propia,propias,compra,compra,mixto,A_refrigerado,B_basico_propio,TRUE,TRUE,INVALIDA_FISICAMENTE,reproductoras propias requieren incubación propia (arquitectura futura)
propia,propias,compra,compra,mixto,B_refrigerado_congelado,A_externo,FALSE,FALSE,VALIDA_NO_MAPEADA_NO_EVALUADA,"físicamente válida para CAPEX, pero la interfaz financiera solo consume configuraciones del mapa (configs() de 21); requiere ampliar el mapa (DPV-20-03)"
propia,propias,compra,compra,mixto,B_refrigerado_congelado,A_externo,FALSE,TRUE,INVALIDA_FISICAMENTE,reproductoras propias requieren incubación propia (arquitectura futura)
propia,propias,compra,compra,mixto,B_refrigerado_congelado,A_externo,TRUE,FALSE,VALIDA_NO_MAPEADA_NO_EVALUADA,"físicamente válida para CAPEX, pero la interfaz financiera solo consume configuraciones del mapa (configs() de 21); requiere ampliar el mapa (DPV-20-03)"
propia,propias,compra,compra,mixto,B_refrigerado_congelado,A_externo,TRUE,TRUE,INVALIDA_FISICAMENTE,reproductoras propias requieren incubación propia (arquitectura futura)
propia,propias,compra,compra,mixto,B_refrigerado_congelado,B_basico_propio,FALSE,FALSE,VALIDA_NO_MAPEADA_NO_EVALUADA,"físicamente válida para CAPEX, pero la interfaz financiera solo consume configuraciones del mapa (configs() de 21); requiere ampliar el mapa (DPV-20-03)"
propia,propias,compra,compra,mixto,B_refrigerado_congelado,B_basico_propio,FALSE,TRUE,INVALIDA_FISICAMENTE,reproductoras propias requieren incubación propia (arquitectura futura)
propia,propias,compra,compra,mixto,B_refrigerado_congelado,B_basico_propio,TRUE,FALSE,VALIDA_NO_MAPEADA_NO_EVALUADA,"físicamente válida para CAPEX, pero la interfaz financiera solo consume configuraciones del mapa (configs() de 21); requiere ampliar el mapa (DPV-20-03)"
propia,propias,compra,compra,mixto,B_refrigerado_congelado,B_basico_propio,TRUE,TRUE,INVALIDA_FISICAMENTE,reproductoras propias requieren incubación propia (arquitectura futura)
propia,propias,compra,compra,mixto,C_congelado_tercero,A_externo,FALSE,FALSE,VALIDA_NO_MAPEADA_NO_EVALUADA,"físicamente válida para CAPEX, pero la interfaz financiera solo consume configuraciones del mapa (configs() de 21); requiere ampliar el mapa (DPV-20-03)"
propia,propias,compra,compra,mixto,C_congelado_tercero,A_externo,FALSE,TRUE,INVALIDA_FISICAMENTE,reproductoras propias requieren incubación propia (arquitectura futura)
propia,propias,compra,compra,mixto,C_congelado_tercero,A_externo,TRUE,FALSE,VALIDA_NO_MAPEADA_NO_EVALUADA,"físicamente válida para CAPEX, pero la interfaz financiera solo consume configuraciones del mapa (configs() de 21); requiere ampliar el mapa (DPV-20-03)"
propia,propias,compra,compra,mixto,C_congelado_tercero,A_externo,TRUE,TRUE,INVALIDA_FISICAMENTE,reproductoras propias requieren incubación propia (arquitectura futura)
propia,propias,compra,compra,mixto,C_congelado_tercero,B_basico_propio,FALSE,FALSE,VALIDA_NO_MAPEADA_NO_EVALUADA,"físicamente válida para CAPEX, pero la interfaz financiera solo consume configuraciones del mapa (configs() de 21); requiere ampliar el mapa (DPV-20-03)"
propia,propias,compra,compra,mixto,C_congelado_tercero,B_basico_propio,FALSE,TRUE,INVALIDA_FISICAMENTE,reproductoras propias requieren incubación propia (arquitectura futura)
propia,propias,compra,compra,mixto,C_congelado_tercero,B_basico_propio,TRUE,FALSE,VALIDA_NO_MAPEADA_NO_EVALUADA,"físicamente válida para CAPEX, pero la interfaz financiera solo consume configuraciones del mapa (configs() de 21); requiere ampliar el mapa (DPV-20-03)"
propia,propias,compra,compra,mixto,C_congelado_tercero,B_basico_propio,TRUE,TRUE,INVALIDA_FISICAMENTE,reproductoras propias requieren incubación propia (arquitectura futura)
propia,propias,compra,facon,tercero,A_refrigerado,A_externo,FALSE,FALSE,VALIDA_NO_MAPEADA_NO_EVALUADA,"físicamente válida para CAPEX, pero la interfaz financiera solo consume configuraciones del mapa (configs() de 21); requiere ampliar el mapa (DPV-20-03)"
propia,propias,compra,facon,tercero,A_refrigerado,A_externo,FALSE,TRUE,INVALIDA_FISICAMENTE,reproductoras propias requieren incubación propia (arquitectura futura)
propia,propias,compra,facon,tercero,A_refrigerado,A_externo,TRUE,FALSE,VALIDA_NO_MAPEADA_NO_EVALUADA,"físicamente válida para CAPEX, pero la interfaz financiera solo consume configuraciones del mapa (configs() de 21); requiere ampliar el mapa (DPV-20-03)"
propia,propias,compra,facon,tercero,A_refrigerado,A_externo,TRUE,TRUE,INVALIDA_FISICAMENTE,reproductoras propias requieren incubación propia (arquitectura futura)
propia,propias,compra,facon,tercero,A_refrigerado,B_basico_propio,FALSE,FALSE,VALIDA_NO_MAPEADA_NO_EVALUADA,"físicamente válida para CAPEX, pero la interfaz financiera solo consume configuraciones del mapa (configs() de 21); requiere ampliar el mapa (DPV-20-03)"
propia,propias,compra,facon,tercero,A_refrigerado,B_basico_propio,FALSE,TRUE,INVALIDA_FISICAMENTE,reproductoras propias requieren incubación propia (arquitectura futura)
propia,propias,compra,facon,tercero,A_refrigerado,B_basico_propio,TRUE,FALSE,VALIDA_NO_MAPEADA_NO_EVALUADA,"físicamente válida para CAPEX, pero la interfaz financiera solo consume configuraciones del mapa (configs() de 21); requiere ampliar el mapa (DPV-20-03)"
propia,propias,compra,facon,tercero,A_refrigerado,B_basico_propio,TRUE,TRUE,INVALIDA_FISICAMENTE,reproductoras propias requieren incubación propia (arquitectura futura)
propia,propias,compra,facon,tercero,B_refrigerado_congelado,A_externo,FALSE,FALSE,VALIDA_NO_MAPEADA_NO_EVALUADA,"físicamente válida para CAPEX, pero la interfaz financiera solo consume configuraciones del mapa (configs() de 21); requiere ampliar el mapa (DPV-20-03)"
propia,propias,compra,facon,tercero,B_refrigerado_congelado,A_externo,FALSE,TRUE,INVALIDA_FISICAMENTE,reproductoras propias requieren incubación propia (arquitectura futura)
propia,propias,compra,facon,tercero,B_refrigerado_congelado,A_externo,TRUE,FALSE,VALIDA_NO_MAPEADA_NO_EVALUADA,"físicamente válida para CAPEX, pero la interfaz financiera solo consume configuraciones del mapa (configs() de 21); requiere ampliar el mapa (DPV-20-03)"
propia,propias,compra,facon,tercero,B_refrigerado_congelado,A_externo,TRUE,TRUE,INVALIDA_FISICAMENTE,reproductoras propias requieren incubación propia (arquitectura futura)
propia,propias,compra,facon,tercero,B_refrigerado_congelado,B_basico_propio,FALSE,FALSE,VALIDA_NO_MAPEADA_NO_EVALUADA,"físicamente válida para CAPEX, pero la interfaz financiera solo consume configuraciones del mapa (configs() de 21); requiere ampliar el mapa (DPV-20-03)"
propia,propias,compra,facon,tercero,B_refrigerado_congelado,B_basico_propio,FALSE,TRUE,INVALIDA_FISICAMENTE,reproductoras propias requieren incubación propia (arquitectura futura)
propia,propias,compra,facon,tercero,B_refrigerado_congelado,B_basico_propio,TRUE,FALSE,VALIDA_NO_MAPEADA_NO_EVALUADA,"físicamente válida para CAPEX, pero la interfaz financiera solo consume configuraciones del mapa (configs() de 21); requiere ampliar el mapa (DPV-20-03)"
propia,propias,compra,facon,tercero,B_refrigerado_congelado,B_basico_propio,TRUE,TRUE,INVALIDA_FISICAMENTE,reproductoras propias requieren incubación propia (arquitectura futura)
propia,propias,compra,facon,tercero,C_congelado_tercero,A_externo,FALSE,FALSE,VALIDA_NO_MAPEADA_NO_EVALUADA,"físicamente válida para CAPEX, pero la interfaz financiera solo consume configuraciones del mapa (configs() de 21); requiere ampliar el mapa (DPV-20-03)"
propia,propias,compra,facon,tercero,C_congelado_tercero,A_externo,FALSE,TRUE,INVALIDA_FISICAMENTE,reproductoras propias requieren incubación propia (arquitectura futura)
propia,propias,compra,facon,tercero,C_congelado_tercero,A_externo,TRUE,FALSE,VALIDA_NO_MAPEADA_NO_EVALUADA,"físicamente válida para CAPEX, pero la interfaz financiera solo consume configuraciones del mapa (configs() de 21); requiere ampliar el mapa (DPV-20-03)"
propia,propias,compra,facon,tercero,C_congelado_tercero,A_externo,TRUE,TRUE,INVALIDA_FISICAMENTE,reproductoras propias requieren incubación propia (arquitectura futura)
propia,propias,compra,facon,tercero,C_congelado_tercero,B_basico_propio,FALSE,FALSE,VALIDA_NO_MAPEADA_NO_EVALUADA,"físicamente válida para CAPEX, pero la interfaz financiera solo consume configuraciones del mapa (configs() de 21); requiere ampliar el mapa (DPV-20-03)"
propia,propias,compra,facon,tercero,C_congelado_tercero,B_basico_propio,FALSE,TRUE,INVALIDA_FISICAMENTE,reproductoras propias requieren incubación propia (arquitectura futura)
propia,propias,compra,facon,tercero,C_congelado_tercero,B_basico_propio,TRUE,FALSE,VALIDA_NO_MAPEADA_NO_EVALUADA,"físicamente válida para CAPEX, pero la interfaz financiera solo consume configuraciones del mapa (configs() de 21); requiere ampliar el mapa (DPV-20-03)"
propia,propias,compra,facon,tercero,C_congelado_tercero,B_basico_propio,TRUE,TRUE,INVALIDA_FISICAMENTE,reproductoras propias requieren incubación propia (arquitectura futura)
propia,propias,compra,facon,propia,A_refrigerado,A_externo,FALSE,FALSE,VALIDA_NO_MAPEADA_NO_EVALUADA,"físicamente válida para CAPEX, pero la interfaz financiera solo consume configuraciones del mapa (configs() de 21); requiere ampliar el mapa (DPV-20-03)"
propia,propias,compra,facon,propia,A_refrigerado,A_externo,FALSE,TRUE,INVALIDA_FISICAMENTE,reproductoras propias requieren incubación propia (arquitectura futura)
propia,propias,compra,facon,propia,A_refrigerado,A_externo,TRUE,FALSE,VALIDA_NO_MAPEADA_NO_EVALUADA,"físicamente válida para CAPEX, pero la interfaz financiera solo consume configuraciones del mapa (configs() de 21); requiere ampliar el mapa (DPV-20-03)"
propia,propias,compra,facon,propia,A_refrigerado,A_externo,TRUE,TRUE,INVALIDA_FISICAMENTE,reproductoras propias requieren incubación propia (arquitectura futura)
propia,propias,compra,facon,propia,A_refrigerado,B_basico_propio,FALSE,FALSE,VALIDA_NO_MAPEADA_NO_EVALUADA,"físicamente válida para CAPEX, pero la interfaz financiera solo consume configuraciones del mapa (configs() de 21); requiere ampliar el mapa (DPV-20-03)"
propia,propias,compra,facon,propia,A_refrigerado,B_basico_propio,FALSE,TRUE,INVALIDA_FISICAMENTE,reproductoras propias requieren incubación propia (arquitectura futura)
propia,propias,compra,facon,propia,A_refrigerado,B_basico_propio,TRUE,FALSE,VALIDA_NO_MAPEADA_NO_EVALUADA,"físicamente válida para CAPEX, pero la interfaz financiera solo consume configuraciones del mapa (configs() de 21); requiere ampliar el mapa (DPV-20-03)"
propia,propias,compra,facon,propia,A_refrigerado,B_basico_propio,TRUE,TRUE,INVALIDA_FISICAMENTE,reproductoras propias requieren incubación propia (arquitectura futura)
propia,propias,compra,facon,propia,B_refrigerado_congelado,A_externo,FALSE,FALSE,VALIDA_NO_MAPEADA_NO_EVALUADA,"físicamente válida para CAPEX, pero la interfaz financiera solo consume configuraciones del mapa (configs() de 21); requiere ampliar el mapa (DPV-20-03)"
propia,propias,compra,facon,propia,B_refrigerado_congelado,A_externo,FALSE,TRUE,INVALIDA_FISICAMENTE,reproductoras propias requieren incubación propia (arquitectura futura)
propia,propias,compra,facon,propia,B_refrigerado_congelado,A_externo,TRUE,FALSE,VALIDA_NO_MAPEADA_NO_EVALUADA,"físicamente válida para CAPEX, pero la interfaz financiera solo consume configuraciones del mapa (configs() de 21); requiere ampliar el mapa (DPV-20-03)"
propia,propias,compra,facon,propia,B_refrigerado_congelado,A_externo,TRUE,TRUE,INVALIDA_FISICAMENTE,reproductoras propias requieren incubación propia (arquitectura futura)
propia,propias,compra,facon,propia,B_refrigerado_congelado,B_basico_propio,FALSE,FALSE,VALIDA_NO_MAPEADA_NO_EVALUADA,"físicamente válida para CAPEX, pero la interfaz financiera solo consume configuraciones del mapa (configs() de 21); requiere ampliar el mapa (DPV-20-03)"
propia,propias,compra,facon,propia,B_refrigerado_congelado,B_basico_propio,FALSE,TRUE,INVALIDA_FISICAMENTE,reproductoras propias requieren incubación propia (arquitectura futura)
propia,propias,compra,facon,propia,B_refrigerado_congelado,B_basico_propio,TRUE,FALSE,VALIDA_NO_MAPEADA_NO_EVALUADA,"físicamente válida para CAPEX, pero la interfaz financiera solo consume configuraciones del mapa (configs() de 21); requiere ampliar el mapa (DPV-20-03)"
propia,propias,compra,facon,propia,B_refrigerado_congelado,B_basico_propio,TRUE,TRUE,INVALIDA_FISICAMENTE,reproductoras propias requieren incubación propia (arquitectura futura)
propia,propias,compra,facon,propia,C_congelado_tercero,A_externo,FALSE,FALSE,VALIDA_NO_MAPEADA_NO_EVALUADA,"físicamente válida para CAPEX, pero la interfaz financiera solo consume configuraciones del mapa (configs() de 21); requiere ampliar el mapa (DPV-20-03)"
propia,propias,compra,facon,propia,C_congelado_tercero,A_externo,FALSE,TRUE,INVALIDA_FISICAMENTE,reproductoras propias requieren incubación propia (arquitectura futura)
propia,propias,compra,facon,propia,C_congelado_tercero,A_externo,TRUE,FALSE,VALIDA_NO_MAPEADA_NO_EVALUADA,"físicamente válida para CAPEX, pero la interfaz financiera solo consume configuraciones del mapa (configs() de 21); requiere ampliar el mapa (DPV-20-03)"
propia,propias,compra,facon,propia,C_congelado_tercero,A_externo,TRUE,TRUE,INVALIDA_FISICAMENTE,reproductoras propias requieren incubación propia (arquitectura futura)
propia,propias,compra,facon,propia,C_congelado_tercero,B_basico_propio,FALSE,FALSE,VALIDA_NO_MAPEADA_NO_EVALUADA,"físicamente válida para CAPEX, pero la interfaz financiera solo consume configuraciones del mapa (configs() de 21); requiere ampliar el mapa (DPV-20-03)"
propia,propias,compra,facon,propia,C_congelado_tercero,B_basico_propio,FALSE,TRUE,INVALIDA_FISICAMENTE,reproductoras propias requieren incubación propia (arquitectura futura)
propia,propias,compra,facon,propia,C_congelado_tercero,B_basico_propio,TRUE,FALSE,VALIDA_NO_MAPEADA_NO_EVALUADA,"físicamente válida para CAPEX, pero la interfaz financiera solo consume configuraciones del mapa (configs() de 21); requiere ampliar el mapa (DPV-20-03)"
propia,propias,compra,facon,propia,C_congelado_tercero,B_basico_propio,TRUE,TRUE,INVALIDA_FISICAMENTE,reproductoras propias requieren incubación propia (arquitectura futura)
propia,propias,compra,facon,mixto,A_refrigerado,A_externo,FALSE,FALSE,VALIDA_NO_MAPEADA_NO_EVALUADA,"físicamente válida para CAPEX, pero la interfaz financiera solo consume configuraciones del mapa (configs() de 21); requiere ampliar el mapa (DPV-20-03)"
propia,propias,compra,facon,mixto,A_refrigerado,A_externo,FALSE,TRUE,INVALIDA_FISICAMENTE,reproductoras propias requieren incubación propia (arquitectura futura)
propia,propias,compra,facon,mixto,A_refrigerado,A_externo,TRUE,FALSE,VALIDA_NO_MAPEADA_NO_EVALUADA,"físicamente válida para CAPEX, pero la interfaz financiera solo consume configuraciones del mapa (configs() de 21); requiere ampliar el mapa (DPV-20-03)"
propia,propias,compra,facon,mixto,A_refrigerado,A_externo,TRUE,TRUE,INVALIDA_FISICAMENTE,reproductoras propias requieren incubación propia (arquitectura futura)
propia,propias,compra,facon,mixto,A_refrigerado,B_basico_propio,FALSE,FALSE,VALIDA_NO_MAPEADA_NO_EVALUADA,"físicamente válida para CAPEX, pero la interfaz financiera solo consume configuraciones del mapa (configs() de 21); requiere ampliar el mapa (DPV-20-03)"
propia,propias,compra,facon,mixto,A_refrigerado,B_basico_propio,FALSE,TRUE,INVALIDA_FISICAMENTE,reproductoras propias requieren incubación propia (arquitectura futura)
propia,propias,compra,facon,mixto,A_refrigerado,B_basico_propio,TRUE,FALSE,VALIDA_NO_MAPEADA_NO_EVALUADA,"físicamente válida para CAPEX, pero la interfaz financiera solo consume configuraciones del mapa (configs() de 21); requiere ampliar el mapa (DPV-20-03)"
propia,propias,compra,facon,mixto,A_refrigerado,B_basico_propio,TRUE,TRUE,INVALIDA_FISICAMENTE,reproductoras propias requieren incubación propia (arquitectura futura)
propia,propias,compra,facon,mixto,B_refrigerado_congelado,A_externo,FALSE,FALSE,VALIDA_NO_MAPEADA_NO_EVALUADA,"físicamente válida para CAPEX, pero la interfaz financiera solo consume configuraciones del mapa (configs() de 21); requiere ampliar el mapa (DPV-20-03)"
propia,propias,compra,facon,mixto,B_refrigerado_congelado,A_externo,FALSE,TRUE,INVALIDA_FISICAMENTE,reproductoras propias requieren incubación propia (arquitectura futura)
propia,propias,compra,facon,mixto,B_refrigerado_congelado,A_externo,TRUE,FALSE,VALIDA_NO_MAPEADA_NO_EVALUADA,"físicamente válida para CAPEX, pero la interfaz financiera solo consume configuraciones del mapa (configs() de 21); requiere ampliar el mapa (DPV-20-03)"
propia,propias,compra,facon,mixto,B_refrigerado_congelado,A_externo,TRUE,TRUE,INVALIDA_FISICAMENTE,reproductoras propias requieren incubación propia (arquitectura futura)
propia,propias,compra,facon,mixto,B_refrigerado_congelado,B_basico_propio,FALSE,FALSE,VALIDA_NO_MAPEADA_NO_EVALUADA,"físicamente válida para CAPEX, pero la interfaz financiera solo consume configuraciones del mapa (configs() de 21); requiere ampliar el mapa (DPV-20-03)"
propia,propias,compra,facon,mixto,B_refrigerado_congelado,B_basico_propio,FALSE,TRUE,INVALIDA_FISICAMENTE,reproductoras propias requieren incubación propia (arquitectura futura)
propia,propias,compra,facon,mixto,B_refrigerado_congelado,B_basico_propio,TRUE,FALSE,VALIDA_NO_MAPEADA_NO_EVALUADA,"físicamente válida para CAPEX, pero la interfaz financiera solo consume configuraciones del mapa (configs() de 21); requiere ampliar el mapa (DPV-20-03)"
propia,propias,compra,facon,mixto,B_refrigerado_congelado,B_basico_propio,TRUE,TRUE,INVALIDA_FISICAMENTE,reproductoras propias requieren incubación propia (arquitectura futura)
propia,propias,compra,facon,mixto,C_congelado_tercero,A_externo,FALSE,FALSE,VALIDA_NO_MAPEADA_NO_EVALUADA,"físicamente válida para CAPEX, pero la interfaz financiera solo consume configuraciones del mapa (configs() de 21); requiere ampliar el mapa (DPV-20-03)"
propia,propias,compra,facon,mixto,C_congelado_tercero,A_externo,FALSE,TRUE,INVALIDA_FISICAMENTE,reproductoras propias requieren incubación propia (arquitectura futura)
propia,propias,compra,facon,mixto,C_congelado_tercero,A_externo,TRUE,FALSE,VALIDA_NO_MAPEADA_NO_EVALUADA,"físicamente válida para CAPEX, pero la interfaz financiera solo consume configuraciones del mapa (configs() de 21); requiere ampliar el mapa (DPV-20-03)"
propia,propias,compra,facon,mixto,C_congelado_tercero,A_externo,TRUE,TRUE,INVALIDA_FISICAMENTE,reproductoras propias requieren incubación propia (arquitectura futura)
propia,propias,compra,facon,mixto,C_congelado_tercero,B_basico_propio,FALSE,FALSE,VALIDA_NO_MAPEADA_NO_EVALUADA,"físicamente válida para CAPEX, pero la interfaz financiera solo consume configuraciones del mapa (configs() de 21); requiere ampliar el mapa (DPV-20-03)"
propia,propias,compra,facon,mixto,C_congelado_tercero,B_basico_propio,FALSE,TRUE,INVALIDA_FISICAMENTE,reproductoras propias requieren incubación propia (arquitectura futura)
propia,propias,compra,facon,mixto,C_congelado_tercero,B_basico_propio,TRUE,FALSE,VALIDA_NO_MAPEADA_NO_EVALUADA,"físicamente válida para CAPEX, pero la interfaz financiera solo consume configuraciones del mapa (configs() de 21); requiere ampliar el mapa (DPV-20-03)"
propia,propias,compra,facon,mixto,C_congelado_tercero,B_basico_propio,TRUE,TRUE,INVALIDA_FISICAMENTE,reproductoras propias requieren incubación propia (arquitectura futura)
propia,propias,compra,propia,tercero,A_refrigerado,A_externo,FALSE,FALSE,VALIDA_NO_MAPEADA_NO_EVALUADA,"físicamente válida para CAPEX, pero la interfaz financiera solo consume configuraciones del mapa (configs() de 21); requiere ampliar el mapa (DPV-20-03)"
propia,propias,compra,propia,tercero,A_refrigerado,A_externo,FALSE,TRUE,INVALIDA_FISICAMENTE,reproductoras propias requieren incubación propia (arquitectura futura)
propia,propias,compra,propia,tercero,A_refrigerado,A_externo,TRUE,FALSE,VALIDA_NO_MAPEADA_NO_EVALUADA,"físicamente válida para CAPEX, pero la interfaz financiera solo consume configuraciones del mapa (configs() de 21); requiere ampliar el mapa (DPV-20-03)"
propia,propias,compra,propia,tercero,A_refrigerado,A_externo,TRUE,TRUE,INVALIDA_FISICAMENTE,reproductoras propias requieren incubación propia (arquitectura futura)
propia,propias,compra,propia,tercero,A_refrigerado,B_basico_propio,FALSE,FALSE,VALIDA_NO_MAPEADA_NO_EVALUADA,"físicamente válida para CAPEX, pero la interfaz financiera solo consume configuraciones del mapa (configs() de 21); requiere ampliar el mapa (DPV-20-03)"
propia,propias,compra,propia,tercero,A_refrigerado,B_basico_propio,FALSE,TRUE,INVALIDA_FISICAMENTE,reproductoras propias requieren incubación propia (arquitectura futura)
propia,propias,compra,propia,tercero,A_refrigerado,B_basico_propio,TRUE,FALSE,VALIDA_NO_MAPEADA_NO_EVALUADA,"físicamente válida para CAPEX, pero la interfaz financiera solo consume configuraciones del mapa (configs() de 21); requiere ampliar el mapa (DPV-20-03)"
propia,propias,compra,propia,tercero,A_refrigerado,B_basico_propio,TRUE,TRUE,INVALIDA_FISICAMENTE,reproductoras propias requieren incubación propia (arquitectura futura)
propia,propias,compra,propia,tercero,B_refrigerado_congelado,A_externo,FALSE,FALSE,VALIDA_NO_MAPEADA_NO_EVALUADA,"físicamente válida para CAPEX, pero la interfaz financiera solo consume configuraciones del mapa (configs() de 21); requiere ampliar el mapa (DPV-20-03)"
propia,propias,compra,propia,tercero,B_refrigerado_congelado,A_externo,FALSE,TRUE,INVALIDA_FISICAMENTE,reproductoras propias requieren incubación propia (arquitectura futura)
propia,propias,compra,propia,tercero,B_refrigerado_congelado,A_externo,TRUE,FALSE,VALIDA_NO_MAPEADA_NO_EVALUADA,"físicamente válida para CAPEX, pero la interfaz financiera solo consume configuraciones del mapa (configs() de 21); requiere ampliar el mapa (DPV-20-03)"
propia,propias,compra,propia,tercero,B_refrigerado_congelado,A_externo,TRUE,TRUE,INVALIDA_FISICAMENTE,reproductoras propias requieren incubación propia (arquitectura futura)
propia,propias,compra,propia,tercero,B_refrigerado_congelado,B_basico_propio,FALSE,FALSE,VALIDA_NO_MAPEADA_NO_EVALUADA,"físicamente válida para CAPEX, pero la interfaz financiera solo consume configuraciones del mapa (configs() de 21); requiere ampliar el mapa (DPV-20-03)"
propia,propias,compra,propia,tercero,B_refrigerado_congelado,B_basico_propio,FALSE,TRUE,INVALIDA_FISICAMENTE,reproductoras propias requieren incubación propia (arquitectura futura)
propia,propias,compra,propia,tercero,B_refrigerado_congelado,B_basico_propio,TRUE,FALSE,VALIDA_NO_MAPEADA_NO_EVALUADA,"físicamente válida para CAPEX, pero la interfaz financiera solo consume configuraciones del mapa (configs() de 21); requiere ampliar el mapa (DPV-20-03)"
propia,propias,compra,propia,tercero,B_refrigerado_congelado,B_basico_propio,TRUE,TRUE,INVALIDA_FISICAMENTE,reproductoras propias requieren incubación propia (arquitectura futura)
propia,propias,compra,propia,tercero,C_congelado_tercero,A_externo,FALSE,FALSE,VALIDA_NO_MAPEADA_NO_EVALUADA,"físicamente válida para CAPEX, pero la interfaz financiera solo consume configuraciones del mapa (configs() de 21); requiere ampliar el mapa (DPV-20-03)"
propia,propias,compra,propia,tercero,C_congelado_tercero,A_externo,FALSE,TRUE,INVALIDA_FISICAMENTE,reproductoras propias requieren incubación propia (arquitectura futura)
propia,propias,compra,propia,tercero,C_congelado_tercero,A_externo,TRUE,FALSE,VALIDA_NO_MAPEADA_NO_EVALUADA,"físicamente válida para CAPEX, pero la interfaz financiera solo consume configuraciones del mapa (configs() de 21); requiere ampliar el mapa (DPV-20-03)"
propia,propias,compra,propia,tercero,C_congelado_tercero,A_externo,TRUE,TRUE,INVALIDA_FISICAMENTE,reproductoras propias requieren incubación propia (arquitectura futura)
propia,propias,compra,propia,tercero,C_congelado_tercero,B_basico_propio,FALSE,FALSE,VALIDA_NO_MAPEADA_NO_EVALUADA,"físicamente válida para CAPEX, pero la interfaz financiera solo consume configuraciones del mapa (configs() de 21); requiere ampliar el mapa (DPV-20-03)"
propia,propias,compra,propia,tercero,C_congelado_tercero,B_basico_propio,FALSE,TRUE,INVALIDA_FISICAMENTE,reproductoras propias requieren incubación propia (arquitectura futura)
propia,propias,compra,propia,tercero,C_congelado_tercero,B_basico_propio,TRUE,FALSE,VALIDA_NO_MAPEADA_NO_EVALUADA,"físicamente válida para CAPEX, pero la interfaz financiera solo consume configuraciones del mapa (configs() de 21); requiere ampliar el mapa (DPV-20-03)"
propia,propias,compra,propia,tercero,C_congelado_tercero,B_basico_propio,TRUE,TRUE,INVALIDA_FISICAMENTE,reproductoras propias requieren incubación propia (arquitectura futura)
propia,propias,compra,propia,propia,A_refrigerado,A_externo,FALSE,FALSE,VALIDA_NO_MAPEADA_NO_EVALUADA,"físicamente válida para CAPEX, pero la interfaz financiera solo consume configuraciones del mapa (configs() de 21); requiere ampliar el mapa (DPV-20-03)"
propia,propias,compra,propia,propia,A_refrigerado,A_externo,FALSE,TRUE,INVALIDA_FISICAMENTE,reproductoras propias requieren incubación propia (arquitectura futura)
propia,propias,compra,propia,propia,A_refrigerado,A_externo,TRUE,FALSE,VALIDA_NO_MAPEADA_NO_EVALUADA,"físicamente válida para CAPEX, pero la interfaz financiera solo consume configuraciones del mapa (configs() de 21); requiere ampliar el mapa (DPV-20-03)"
propia,propias,compra,propia,propia,A_refrigerado,A_externo,TRUE,TRUE,INVALIDA_FISICAMENTE,reproductoras propias requieren incubación propia (arquitectura futura)
propia,propias,compra,propia,propia,A_refrigerado,B_basico_propio,FALSE,FALSE,VALIDA_NO_MAPEADA_NO_EVALUADA,"físicamente válida para CAPEX, pero la interfaz financiera solo consume configuraciones del mapa (configs() de 21); requiere ampliar el mapa (DPV-20-03)"
propia,propias,compra,propia,propia,A_refrigerado,B_basico_propio,FALSE,TRUE,INVALIDA_FISICAMENTE,reproductoras propias requieren incubación propia (arquitectura futura)
propia,propias,compra,propia,propia,A_refrigerado,B_basico_propio,TRUE,FALSE,VALIDA_NO_MAPEADA_NO_EVALUADA,"físicamente válida para CAPEX, pero la interfaz financiera solo consume configuraciones del mapa (configs() de 21); requiere ampliar el mapa (DPV-20-03)"
propia,propias,compra,propia,propia,A_refrigerado,B_basico_propio,TRUE,TRUE,INVALIDA_FISICAMENTE,reproductoras propias requieren incubación propia (arquitectura futura)
propia,propias,compra,propia,propia,B_refrigerado_congelado,A_externo,FALSE,FALSE,VALIDA_NO_MAPEADA_NO_EVALUADA,"físicamente válida para CAPEX, pero la interfaz financiera solo consume configuraciones del mapa (configs() de 21); requiere ampliar el mapa (DPV-20-03)"
propia,propias,compra,propia,propia,B_refrigerado_congelado,A_externo,FALSE,TRUE,INVALIDA_FISICAMENTE,reproductoras propias requieren incubación propia (arquitectura futura)
propia,propias,compra,propia,propia,B_refrigerado_congelado,A_externo,TRUE,FALSE,VALIDA_NO_MAPEADA_NO_EVALUADA,"físicamente válida para CAPEX, pero la interfaz financiera solo consume configuraciones del mapa (configs() de 21); requiere ampliar el mapa (DPV-20-03)"
propia,propias,compra,propia,propia,B_refrigerado_congelado,A_externo,TRUE,TRUE,INVALIDA_FISICAMENTE,reproductoras propias requieren incubación propia (arquitectura futura)
propia,propias,compra,propia,propia,B_refrigerado_congelado,B_basico_propio,FALSE,FALSE,VALIDA_NO_MAPEADA_NO_EVALUADA,"físicamente válida para CAPEX, pero la interfaz financiera solo consume configuraciones del mapa (configs() de 21); requiere ampliar el mapa (DPV-20-03)"
propia,propias,compra,propia,propia,B_refrigerado_congelado,B_basico_propio,FALSE,TRUE,INVALIDA_FISICAMENTE,reproductoras propias requieren incubación propia (arquitectura futura)
propia,propias,compra,propia,propia,B_refrigerado_congelado,B_basico_propio,TRUE,FALSE,VALIDA_NO_MAPEADA_NO_EVALUADA,"físicamente válida para CAPEX, pero la interfaz financiera solo consume configuraciones del mapa (configs() de 21); requiere ampliar el mapa (DPV-20-03)"
propia,propias,compra,propia,propia,B_refrigerado_congelado,B_basico_propio,TRUE,TRUE,INVALIDA_FISICAMENTE,reproductoras propias requieren incubación propia (arquitectura futura)
propia,propias,compra,propia,propia,C_congelado_tercero,A_externo,FALSE,FALSE,VALIDA_NO_MAPEADA_NO_EVALUADA,"físicamente válida para CAPEX, pero la interfaz financiera solo consume configuraciones del mapa (configs() de 21); requiere ampliar el mapa (DPV-20-03)"
propia,propias,compra,propia,propia,C_congelado_tercero,A_externo,FALSE,TRUE,INVALIDA_FISICAMENTE,reproductoras propias requieren incubación propia (arquitectura futura)
propia,propias,compra,propia,propia,C_congelado_tercero,A_externo,TRUE,FALSE,VALIDA_NO_MAPEADA_NO_EVALUADA,"físicamente válida para CAPEX, pero la interfaz financiera solo consume configuraciones del mapa (configs() de 21); requiere ampliar el mapa (DPV-20-03)"
propia,propias,compra,propia,propia,C_congelado_tercero,A_externo,TRUE,TRUE,INVALIDA_FISICAMENTE,reproductoras propias requieren incubación propia (arquitectura futura)
propia,propias,compra,propia,propia,C_congelado_tercero,B_basico_propio,FALSE,FALSE,VALIDA_NO_MAPEADA_NO_EVALUADA,"físicamente válida para CAPEX, pero la interfaz financiera solo consume configuraciones del mapa (configs() de 21); requiere ampliar el mapa (DPV-20-03)"
propia,propias,compra,propia,propia,C_congelado_tercero,B_basico_propio,FALSE,TRUE,INVALIDA_FISICAMENTE,reproductoras propias requieren incubación propia (arquitectura futura)
propia,propias,compra,propia,propia,C_congelado_tercero,B_basico_propio,TRUE,FALSE,VALIDA_NO_MAPEADA_NO_EVALUADA,"físicamente válida para CAPEX, pero la interfaz financiera solo consume configuraciones del mapa (configs() de 21); requiere ampliar el mapa (DPV-20-03)"
propia,propias,compra,propia,propia,C_congelado_tercero,B_basico_propio,TRUE,TRUE,INVALIDA_FISICAMENTE,reproductoras propias requieren incubación propia (arquitectura futura)
propia,propias,compra,propia,mixto,A_refrigerado,A_externo,FALSE,FALSE,VALIDA_NO_MAPEADA_NO_EVALUADA,"físicamente válida para CAPEX, pero la interfaz financiera solo consume configuraciones del mapa (configs() de 21); requiere ampliar el mapa (DPV-20-03)"
propia,propias,compra,propia,mixto,A_refrigerado,A_externo,FALSE,TRUE,INVALIDA_FISICAMENTE,reproductoras propias requieren incubación propia (arquitectura futura)
propia,propias,compra,propia,mixto,A_refrigerado,A_externo,TRUE,FALSE,VALIDA_NO_MAPEADA_NO_EVALUADA,"físicamente válida para CAPEX, pero la interfaz financiera solo consume configuraciones del mapa (configs() de 21); requiere ampliar el mapa (DPV-20-03)"
propia,propias,compra,propia,mixto,A_refrigerado,A_externo,TRUE,TRUE,INVALIDA_FISICAMENTE,reproductoras propias requieren incubación propia (arquitectura futura)
propia,propias,compra,propia,mixto,A_refrigerado,B_basico_propio,FALSE,FALSE,VALIDA_NO_MAPEADA_NO_EVALUADA,"físicamente válida para CAPEX, pero la interfaz financiera solo consume configuraciones del mapa (configs() de 21); requiere ampliar el mapa (DPV-20-03)"
propia,propias,compra,propia,mixto,A_refrigerado,B_basico_propio,FALSE,TRUE,INVALIDA_FISICAMENTE,reproductoras propias requieren incubación propia (arquitectura futura)
propia,propias,compra,propia,mixto,A_refrigerado,B_basico_propio,TRUE,FALSE,VALIDA_NO_MAPEADA_NO_EVALUADA,"físicamente válida para CAPEX, pero la interfaz financiera solo consume configuraciones del mapa (configs() de 21); requiere ampliar el mapa (DPV-20-03)"
propia,propias,compra,propia,mixto,A_refrigerado,B_basico_propio,TRUE,TRUE,INVALIDA_FISICAMENTE,reproductoras propias requieren incubación propia (arquitectura futura)
propia,propias,compra,propia,mixto,B_refrigerado_congelado,A_externo,FALSE,FALSE,VALIDA_NO_MAPEADA_NO_EVALUADA,"físicamente válida para CAPEX, pero la interfaz financiera solo consume configuraciones del mapa (configs() de 21); requiere ampliar el mapa (DPV-20-03)"
propia,propias,compra,propia,mixto,B_refrigerado_congelado,A_externo,FALSE,TRUE,INVALIDA_FISICAMENTE,reproductoras propias requieren incubación propia (arquitectura futura)
propia,propias,compra,propia,mixto,B_refrigerado_congelado,A_externo,TRUE,FALSE,VALIDA_NO_MAPEADA_NO_EVALUADA,"físicamente válida para CAPEX, pero la interfaz financiera solo consume configuraciones del mapa (configs() de 21); requiere ampliar el mapa (DPV-20-03)"
propia,propias,compra,propia,mixto,B_refrigerado_congelado,A_externo,TRUE,TRUE,INVALIDA_FISICAMENTE,reproductoras propias requieren incubación propia (arquitectura futura)
propia,propias,compra,propia,mixto,B_refrigerado_congelado,B_basico_propio,FALSE,FALSE,VALIDA_NO_MAPEADA_NO_EVALUADA,"físicamente válida para CAPEX, pero la interfaz financiera solo consume configuraciones del mapa (configs() de 21); requiere ampliar el mapa (DPV-20-03)"
propia,propias,compra,propia,mixto,B_refrigerado_congelado,B_basico_propio,FALSE,TRUE,INVALIDA_FISICAMENTE,reproductoras propias requieren incubación propia (arquitectura futura)
propia,propias,compra,propia,mixto,B_refrigerado_congelado,B_basico_propio,TRUE,FALSE,VALIDA_NO_MAPEADA_NO_EVALUADA,"físicamente válida para CAPEX, pero la interfaz financiera solo consume configuraciones del mapa (configs() de 21); requiere ampliar el mapa (DPV-20-03)"
propia,propias,compra,propia,mixto,B_refrigerado_congelado,B_basico_propio,TRUE,TRUE,INVALIDA_FISICAMENTE,reproductoras propias requieren incubación propia (arquitectura futura)
propia,propias,compra,propia,mixto,C_congelado_tercero,A_externo,FALSE,FALSE,VALIDA_NO_MAPEADA_NO_EVALUADA,"físicamente válida para CAPEX, pero la interfaz financiera solo consume configuraciones del mapa (configs() de 21); requiere ampliar el mapa (DPV-20-03)"
propia,propias,compra,propia,mixto,C_congelado_tercero,A_externo,FALSE,TRUE,INVALIDA_FISICAMENTE,reproductoras propias requieren incubación propia (arquitectura futura)
propia,propias,compra,propia,mixto,C_congelado_tercero,A_externo,TRUE,FALSE,VALIDA_NO_MAPEADA_NO_EVALUADA,"físicamente válida para CAPEX, pero la interfaz financiera solo consume configuraciones del mapa (configs() de 21); requiere ampliar el mapa (DPV-20-03)"
propia,propias,compra,propia,mixto,C_congelado_tercero,A_externo,TRUE,TRUE,INVALIDA_FISICAMENTE,reproductoras propias requieren incubación propia (arquitectura futura)
propia,propias,compra,propia,mixto,C_congelado_tercero,B_basico_propio,FALSE,FALSE,VALIDA_NO_MAPEADA_NO_EVALUADA,"físicamente válida para CAPEX, pero la interfaz financiera solo consume configuraciones del mapa (configs() de 21); requiere ampliar el mapa (DPV-20-03)"
propia,propias,compra,propia,mixto,C_congelado_tercero,B_basico_propio,FALSE,TRUE,INVALIDA_FISICAMENTE,reproductoras propias requieren incubación propia (arquitectura futura)
propia,propias,compra,propia,mixto,C_congelado_tercero,B_basico_propio,TRUE,FALSE,VALIDA_NO_MAPEADA_NO_EVALUADA,"físicamente válida para CAPEX, pero la interfaz financiera solo consume configuraciones del mapa (configs() de 21); requiere ampliar el mapa (DPV-20-03)"
propia,propias,compra,propia,mixto,C_congelado_tercero,B_basico_propio,TRUE,TRUE,INVALIDA_FISICAMENTE,reproductoras propias requieren incubación propia (arquitectura futura)
propia,propias,incubacion,compra,tercero,A_refrigerado,A_externo,FALSE,FALSE,VALIDA_NO_MAPEADA_NO_EVALUADA,"físicamente válida para CAPEX, pero la interfaz financiera solo consume configuraciones del mapa (configs() de 21); requiere ampliar el mapa (DPV-20-03)"
propia,propias,incubacion,compra,tercero,A_refrigerado,A_externo,FALSE,TRUE,VALIDA_NO_MAPEADA_NO_EVALUADA,"físicamente válida para CAPEX, pero la interfaz financiera solo consume configuraciones del mapa (configs() de 21); requiere ampliar el mapa (DPV-20-03)"
propia,propias,incubacion,compra,tercero,A_refrigerado,A_externo,TRUE,FALSE,VALIDA_NO_MAPEADA_NO_EVALUADA,"físicamente válida para CAPEX, pero la interfaz financiera solo consume configuraciones del mapa (configs() de 21); requiere ampliar el mapa (DPV-20-03)"
propia,propias,incubacion,compra,tercero,A_refrigerado,A_externo,TRUE,TRUE,VALIDA_NO_MAPEADA_NO_EVALUADA,"físicamente válida para CAPEX, pero la interfaz financiera solo consume configuraciones del mapa (configs() de 21); requiere ampliar el mapa (DPV-20-03)"
propia,propias,incubacion,compra,tercero,A_refrigerado,B_basico_propio,FALSE,FALSE,VALIDA_NO_MAPEADA_NO_EVALUADA,"físicamente válida para CAPEX, pero la interfaz financiera solo consume configuraciones del mapa (configs() de 21); requiere ampliar el mapa (DPV-20-03)"
propia,propias,incubacion,compra,tercero,A_refrigerado,B_basico_propio,FALSE,TRUE,VALIDA_NO_MAPEADA_NO_EVALUADA,"físicamente válida para CAPEX, pero la interfaz financiera solo consume configuraciones del mapa (configs() de 21); requiere ampliar el mapa (DPV-20-03)"
propia,propias,incubacion,compra,tercero,A_refrigerado,B_basico_propio,TRUE,FALSE,VALIDA_NO_MAPEADA_NO_EVALUADA,"físicamente válida para CAPEX, pero la interfaz financiera solo consume configuraciones del mapa (configs() de 21); requiere ampliar el mapa (DPV-20-03)"
propia,propias,incubacion,compra,tercero,A_refrigerado,B_basico_propio,TRUE,TRUE,VALIDA_NO_MAPEADA_NO_EVALUADA,"físicamente válida para CAPEX, pero la interfaz financiera solo consume configuraciones del mapa (configs() de 21); requiere ampliar el mapa (DPV-20-03)"
propia,propias,incubacion,compra,tercero,B_refrigerado_congelado,A_externo,FALSE,FALSE,VALIDA_NO_MAPEADA_NO_EVALUADA,"físicamente válida para CAPEX, pero la interfaz financiera solo consume configuraciones del mapa (configs() de 21); requiere ampliar el mapa (DPV-20-03)"
propia,propias,incubacion,compra,tercero,B_refrigerado_congelado,A_externo,FALSE,TRUE,VALIDA_NO_MAPEADA_NO_EVALUADA,"físicamente válida para CAPEX, pero la interfaz financiera solo consume configuraciones del mapa (configs() de 21); requiere ampliar el mapa (DPV-20-03)"
propia,propias,incubacion,compra,tercero,B_refrigerado_congelado,A_externo,TRUE,FALSE,VALIDA_NO_MAPEADA_NO_EVALUADA,"físicamente válida para CAPEX, pero la interfaz financiera solo consume configuraciones del mapa (configs() de 21); requiere ampliar el mapa (DPV-20-03)"
propia,propias,incubacion,compra,tercero,B_refrigerado_congelado,A_externo,TRUE,TRUE,VALIDA_NO_MAPEADA_NO_EVALUADA,"físicamente válida para CAPEX, pero la interfaz financiera solo consume configuraciones del mapa (configs() de 21); requiere ampliar el mapa (DPV-20-03)"
propia,propias,incubacion,compra,tercero,B_refrigerado_congelado,B_basico_propio,FALSE,FALSE,VALIDA_NO_MAPEADA_NO_EVALUADA,"físicamente válida para CAPEX, pero la interfaz financiera solo consume configuraciones del mapa (configs() de 21); requiere ampliar el mapa (DPV-20-03)"
propia,propias,incubacion,compra,tercero,B_refrigerado_congelado,B_basico_propio,FALSE,TRUE,VALIDA_NO_MAPEADA_NO_EVALUADA,"físicamente válida para CAPEX, pero la interfaz financiera solo consume configuraciones del mapa (configs() de 21); requiere ampliar el mapa (DPV-20-03)"
propia,propias,incubacion,compra,tercero,B_refrigerado_congelado,B_basico_propio,TRUE,FALSE,VALIDA_NO_MAPEADA_NO_EVALUADA,"físicamente válida para CAPEX, pero la interfaz financiera solo consume configuraciones del mapa (configs() de 21); requiere ampliar el mapa (DPV-20-03)"
propia,propias,incubacion,compra,tercero,B_refrigerado_congelado,B_basico_propio,TRUE,TRUE,VALIDA_NO_MAPEADA_NO_EVALUADA,"físicamente válida para CAPEX, pero la interfaz financiera solo consume configuraciones del mapa (configs() de 21); requiere ampliar el mapa (DPV-20-03)"
propia,propias,incubacion,compra,tercero,C_congelado_tercero,A_externo,FALSE,FALSE,VALIDA_NO_MAPEADA_NO_EVALUADA,"físicamente válida para CAPEX, pero la interfaz financiera solo consume configuraciones del mapa (configs() de 21); requiere ampliar el mapa (DPV-20-03)"
propia,propias,incubacion,compra,tercero,C_congelado_tercero,A_externo,FALSE,TRUE,VALIDA_NO_MAPEADA_NO_EVALUADA,"físicamente válida para CAPEX, pero la interfaz financiera solo consume configuraciones del mapa (configs() de 21); requiere ampliar el mapa (DPV-20-03)"
propia,propias,incubacion,compra,tercero,C_congelado_tercero,A_externo,TRUE,FALSE,VALIDA_NO_MAPEADA_NO_EVALUADA,"físicamente válida para CAPEX, pero la interfaz financiera solo consume configuraciones del mapa (configs() de 21); requiere ampliar el mapa (DPV-20-03)"
propia,propias,incubacion,compra,tercero,C_congelado_tercero,A_externo,TRUE,TRUE,VALIDA_NO_MAPEADA_NO_EVALUADA,"físicamente válida para CAPEX, pero la interfaz financiera solo consume configuraciones del mapa (configs() de 21); requiere ampliar el mapa (DPV-20-03)"
propia,propias,incubacion,compra,tercero,C_congelado_tercero,B_basico_propio,FALSE,FALSE,VALIDA_NO_MAPEADA_NO_EVALUADA,"físicamente válida para CAPEX, pero la interfaz financiera solo consume configuraciones del mapa (configs() de 21); requiere ampliar el mapa (DPV-20-03)"
propia,propias,incubacion,compra,tercero,C_congelado_tercero,B_basico_propio,FALSE,TRUE,VALIDA_NO_MAPEADA_NO_EVALUADA,"físicamente válida para CAPEX, pero la interfaz financiera solo consume configuraciones del mapa (configs() de 21); requiere ampliar el mapa (DPV-20-03)"
propia,propias,incubacion,compra,tercero,C_congelado_tercero,B_basico_propio,TRUE,FALSE,VALIDA_NO_MAPEADA_NO_EVALUADA,"físicamente válida para CAPEX, pero la interfaz financiera solo consume configuraciones del mapa (configs() de 21); requiere ampliar el mapa (DPV-20-03)"
propia,propias,incubacion,compra,tercero,C_congelado_tercero,B_basico_propio,TRUE,TRUE,VALIDA_NO_MAPEADA_NO_EVALUADA,"físicamente válida para CAPEX, pero la interfaz financiera solo consume configuraciones del mapa (configs() de 21); requiere ampliar el mapa (DPV-20-03)"
propia,propias,incubacion,compra,propia,A_refrigerado,A_externo,FALSE,FALSE,VALIDA_NO_MAPEADA_NO_EVALUADA,"físicamente válida para CAPEX, pero la interfaz financiera solo consume configuraciones del mapa (configs() de 21); requiere ampliar el mapa (DPV-20-03)"
propia,propias,incubacion,compra,propia,A_refrigerado,A_externo,FALSE,TRUE,VALIDA_NO_MAPEADA_NO_EVALUADA,"físicamente válida para CAPEX, pero la interfaz financiera solo consume configuraciones del mapa (configs() de 21); requiere ampliar el mapa (DPV-20-03)"
propia,propias,incubacion,compra,propia,A_refrigerado,A_externo,TRUE,FALSE,VALIDA_NO_MAPEADA_NO_EVALUADA,"físicamente válida para CAPEX, pero la interfaz financiera solo consume configuraciones del mapa (configs() de 21); requiere ampliar el mapa (DPV-20-03)"
propia,propias,incubacion,compra,propia,A_refrigerado,A_externo,TRUE,TRUE,VALIDA_NO_MAPEADA_NO_EVALUADA,"físicamente válida para CAPEX, pero la interfaz financiera solo consume configuraciones del mapa (configs() de 21); requiere ampliar el mapa (DPV-20-03)"
propia,propias,incubacion,compra,propia,A_refrigerado,B_basico_propio,FALSE,FALSE,VALIDA_NO_MAPEADA_NO_EVALUADA,"físicamente válida para CAPEX, pero la interfaz financiera solo consume configuraciones del mapa (configs() de 21); requiere ampliar el mapa (DPV-20-03)"
propia,propias,incubacion,compra,propia,A_refrigerado,B_basico_propio,FALSE,TRUE,VALIDA_NO_MAPEADA_NO_EVALUADA,"físicamente válida para CAPEX, pero la interfaz financiera solo consume configuraciones del mapa (configs() de 21); requiere ampliar el mapa (DPV-20-03)"
propia,propias,incubacion,compra,propia,A_refrigerado,B_basico_propio,TRUE,FALSE,VALIDA_NO_MAPEADA_NO_EVALUADA,"físicamente válida para CAPEX, pero la interfaz financiera solo consume configuraciones del mapa (configs() de 21); requiere ampliar el mapa (DPV-20-03)"
propia,propias,incubacion,compra,propia,A_refrigerado,B_basico_propio,TRUE,TRUE,VALIDA_NO_MAPEADA_NO_EVALUADA,"físicamente válida para CAPEX, pero la interfaz financiera solo consume configuraciones del mapa (configs() de 21); requiere ampliar el mapa (DPV-20-03)"
propia,propias,incubacion,compra,propia,B_refrigerado_congelado,A_externo,FALSE,FALSE,VALIDA_NO_MAPEADA_NO_EVALUADA,"físicamente válida para CAPEX, pero la interfaz financiera solo consume configuraciones del mapa (configs() de 21); requiere ampliar el mapa (DPV-20-03)"
propia,propias,incubacion,compra,propia,B_refrigerado_congelado,A_externo,FALSE,TRUE,VALIDA_NO_MAPEADA_NO_EVALUADA,"físicamente válida para CAPEX, pero la interfaz financiera solo consume configuraciones del mapa (configs() de 21); requiere ampliar el mapa (DPV-20-03)"
propia,propias,incubacion,compra,propia,B_refrigerado_congelado,A_externo,TRUE,FALSE,VALIDA_NO_MAPEADA_NO_EVALUADA,"físicamente válida para CAPEX, pero la interfaz financiera solo consume configuraciones del mapa (configs() de 21); requiere ampliar el mapa (DPV-20-03)"
propia,propias,incubacion,compra,propia,B_refrigerado_congelado,A_externo,TRUE,TRUE,VALIDA_NO_MAPEADA_NO_EVALUADA,"físicamente válida para CAPEX, pero la interfaz financiera solo consume configuraciones del mapa (configs() de 21); requiere ampliar el mapa (DPV-20-03)"
propia,propias,incubacion,compra,propia,B_refrigerado_congelado,B_basico_propio,FALSE,FALSE,VALIDA_NO_MAPEADA_NO_EVALUADA,"físicamente válida para CAPEX, pero la interfaz financiera solo consume configuraciones del mapa (configs() de 21); requiere ampliar el mapa (DPV-20-03)"
propia,propias,incubacion,compra,propia,B_refrigerado_congelado,B_basico_propio,FALSE,TRUE,VALIDA_NO_MAPEADA_NO_EVALUADA,"físicamente válida para CAPEX, pero la interfaz financiera solo consume configuraciones del mapa (configs() de 21); requiere ampliar el mapa (DPV-20-03)"
propia,propias,incubacion,compra,propia,B_refrigerado_congelado,B_basico_propio,TRUE,FALSE,VALIDA_NO_MAPEADA_NO_EVALUADA,"físicamente válida para CAPEX, pero la interfaz financiera solo consume configuraciones del mapa (configs() de 21); requiere ampliar el mapa (DPV-20-03)"
propia,propias,incubacion,compra,propia,B_refrigerado_congelado,B_basico_propio,TRUE,TRUE,VALIDA_NO_MAPEADA_NO_EVALUADA,"físicamente válida para CAPEX, pero la interfaz financiera solo consume configuraciones del mapa (configs() de 21); requiere ampliar el mapa (DPV-20-03)"
propia,propias,incubacion,compra,propia,C_congelado_tercero,A_externo,FALSE,FALSE,VALIDA_NO_MAPEADA_NO_EVALUADA,"físicamente válida para CAPEX, pero la interfaz financiera solo consume configuraciones del mapa (configs() de 21); requiere ampliar el mapa (DPV-20-03)"
propia,propias,incubacion,compra,propia,C_congelado_tercero,A_externo,FALSE,TRUE,VALIDA_NO_MAPEADA_NO_EVALUADA,"físicamente válida para CAPEX, pero la interfaz financiera solo consume configuraciones del mapa (configs() de 21); requiere ampliar el mapa (DPV-20-03)"
propia,propias,incubacion,compra,propia,C_congelado_tercero,A_externo,TRUE,FALSE,VALIDA_NO_MAPEADA_NO_EVALUADA,"físicamente válida para CAPEX, pero la interfaz financiera solo consume configuraciones del mapa (configs() de 21); requiere ampliar el mapa (DPV-20-03)"
propia,propias,incubacion,compra,propia,C_congelado_tercero,A_externo,TRUE,TRUE,VALIDA_NO_MAPEADA_NO_EVALUADA,"físicamente válida para CAPEX, pero la interfaz financiera solo consume configuraciones del mapa (configs() de 21); requiere ampliar el mapa (DPV-20-03)"
propia,propias,incubacion,compra,propia,C_congelado_tercero,B_basico_propio,FALSE,FALSE,VALIDA_NO_MAPEADA_NO_EVALUADA,"físicamente válida para CAPEX, pero la interfaz financiera solo consume configuraciones del mapa (configs() de 21); requiere ampliar el mapa (DPV-20-03)"
propia,propias,incubacion,compra,propia,C_congelado_tercero,B_basico_propio,FALSE,TRUE,VALIDA_NO_MAPEADA_NO_EVALUADA,"físicamente válida para CAPEX, pero la interfaz financiera solo consume configuraciones del mapa (configs() de 21); requiere ampliar el mapa (DPV-20-03)"
propia,propias,incubacion,compra,propia,C_congelado_tercero,B_basico_propio,TRUE,FALSE,VALIDA_NO_MAPEADA_NO_EVALUADA,"físicamente válida para CAPEX, pero la interfaz financiera solo consume configuraciones del mapa (configs() de 21); requiere ampliar el mapa (DPV-20-03)"
propia,propias,incubacion,compra,propia,C_congelado_tercero,B_basico_propio,TRUE,TRUE,VALIDA_NO_MAPEADA_NO_EVALUADA,"físicamente válida para CAPEX, pero la interfaz financiera solo consume configuraciones del mapa (configs() de 21); requiere ampliar el mapa (DPV-20-03)"
propia,propias,incubacion,compra,mixto,A_refrigerado,A_externo,FALSE,FALSE,VALIDA_NO_MAPEADA_NO_EVALUADA,"físicamente válida para CAPEX, pero la interfaz financiera solo consume configuraciones del mapa (configs() de 21); requiere ampliar el mapa (DPV-20-03)"
propia,propias,incubacion,compra,mixto,A_refrigerado,A_externo,FALSE,TRUE,VALIDA_NO_MAPEADA_NO_EVALUADA,"físicamente válida para CAPEX, pero la interfaz financiera solo consume configuraciones del mapa (configs() de 21); requiere ampliar el mapa (DPV-20-03)"
propia,propias,incubacion,compra,mixto,A_refrigerado,A_externo,TRUE,FALSE,VALIDA_NO_MAPEADA_NO_EVALUADA,"físicamente válida para CAPEX, pero la interfaz financiera solo consume configuraciones del mapa (configs() de 21); requiere ampliar el mapa (DPV-20-03)"
propia,propias,incubacion,compra,mixto,A_refrigerado,A_externo,TRUE,TRUE,VALIDA_NO_MAPEADA_NO_EVALUADA,"físicamente válida para CAPEX, pero la interfaz financiera solo consume configuraciones del mapa (configs() de 21); requiere ampliar el mapa (DPV-20-03)"
propia,propias,incubacion,compra,mixto,A_refrigerado,B_basico_propio,FALSE,FALSE,VALIDA_NO_MAPEADA_NO_EVALUADA,"físicamente válida para CAPEX, pero la interfaz financiera solo consume configuraciones del mapa (configs() de 21); requiere ampliar el mapa (DPV-20-03)"
propia,propias,incubacion,compra,mixto,A_refrigerado,B_basico_propio,FALSE,TRUE,VALIDA_NO_MAPEADA_NO_EVALUADA,"físicamente válida para CAPEX, pero la interfaz financiera solo consume configuraciones del mapa (configs() de 21); requiere ampliar el mapa (DPV-20-03)"
propia,propias,incubacion,compra,mixto,A_refrigerado,B_basico_propio,TRUE,FALSE,VALIDA_NO_MAPEADA_NO_EVALUADA,"físicamente válida para CAPEX, pero la interfaz financiera solo consume configuraciones del mapa (configs() de 21); requiere ampliar el mapa (DPV-20-03)"
propia,propias,incubacion,compra,mixto,A_refrigerado,B_basico_propio,TRUE,TRUE,VALIDA_NO_MAPEADA_NO_EVALUADA,"físicamente válida para CAPEX, pero la interfaz financiera solo consume configuraciones del mapa (configs() de 21); requiere ampliar el mapa (DPV-20-03)"
propia,propias,incubacion,compra,mixto,B_refrigerado_congelado,A_externo,FALSE,FALSE,VALIDA_NO_MAPEADA_NO_EVALUADA,"físicamente válida para CAPEX, pero la interfaz financiera solo consume configuraciones del mapa (configs() de 21); requiere ampliar el mapa (DPV-20-03)"
propia,propias,incubacion,compra,mixto,B_refrigerado_congelado,A_externo,FALSE,TRUE,VALIDA_NO_MAPEADA_NO_EVALUADA,"físicamente válida para CAPEX, pero la interfaz financiera solo consume configuraciones del mapa (configs() de 21); requiere ampliar el mapa (DPV-20-03)"
propia,propias,incubacion,compra,mixto,B_refrigerado_congelado,A_externo,TRUE,FALSE,VALIDA_NO_MAPEADA_NO_EVALUADA,"físicamente válida para CAPEX, pero la interfaz financiera solo consume configuraciones del mapa (configs() de 21); requiere ampliar el mapa (DPV-20-03)"
propia,propias,incubacion,compra,mixto,B_refrigerado_congelado,A_externo,TRUE,TRUE,VALIDA_NO_MAPEADA_NO_EVALUADA,"físicamente válida para CAPEX, pero la interfaz financiera solo consume configuraciones del mapa (configs() de 21); requiere ampliar el mapa (DPV-20-03)"
propia,propias,incubacion,compra,mixto,B_refrigerado_congelado,B_basico_propio,FALSE,FALSE,VALIDA_NO_MAPEADA_NO_EVALUADA,"físicamente válida para CAPEX, pero la interfaz financiera solo consume configuraciones del mapa (configs() de 21); requiere ampliar el mapa (DPV-20-03)"
propia,propias,incubacion,compra,mixto,B_refrigerado_congelado,B_basico_propio,FALSE,TRUE,VALIDA_NO_MAPEADA_NO_EVALUADA,"físicamente válida para CAPEX, pero la interfaz financiera solo consume configuraciones del mapa (configs() de 21); requiere ampliar el mapa (DPV-20-03)"
propia,propias,incubacion,compra,mixto,B_refrigerado_congelado,B_basico_propio,TRUE,FALSE,VALIDA_NO_MAPEADA_NO_EVALUADA,"físicamente válida para CAPEX, pero la interfaz financiera solo consume configuraciones del mapa (configs() de 21); requiere ampliar el mapa (DPV-20-03)"
propia,propias,incubacion,compra,mixto,B_refrigerado_congelado,B_basico_propio,TRUE,TRUE,VALIDA_NO_MAPEADA_NO_EVALUADA,"físicamente válida para CAPEX, pero la interfaz financiera solo consume configuraciones del mapa (configs() de 21); requiere ampliar el mapa (DPV-20-03)"
propia,propias,incubacion,compra,mixto,C_congelado_tercero,A_externo,FALSE,FALSE,VALIDA_NO_MAPEADA_NO_EVALUADA,"físicamente válida para CAPEX, pero la interfaz financiera solo consume configuraciones del mapa (configs() de 21); requiere ampliar el mapa (DPV-20-03)"
propia,propias,incubacion,compra,mixto,C_congelado_tercero,A_externo,FALSE,TRUE,VALIDA_NO_MAPEADA_NO_EVALUADA,"físicamente válida para CAPEX, pero la interfaz financiera solo consume configuraciones del mapa (configs() de 21); requiere ampliar el mapa (DPV-20-03)"
propia,propias,incubacion,compra,mixto,C_congelado_tercero,A_externo,TRUE,FALSE,VALIDA_NO_MAPEADA_NO_EVALUADA,"físicamente válida para CAPEX, pero la interfaz financiera solo consume configuraciones del mapa (configs() de 21); requiere ampliar el mapa (DPV-20-03)"
propia,propias,incubacion,compra,mixto,C_congelado_tercero,A_externo,TRUE,TRUE,VALIDA_NO_MAPEADA_NO_EVALUADA,"físicamente válida para CAPEX, pero la interfaz financiera solo consume configuraciones del mapa (configs() de 21); requiere ampliar el mapa (DPV-20-03)"
propia,propias,incubacion,compra,mixto,C_congelado_tercero,B_basico_propio,FALSE,FALSE,VALIDA_NO_MAPEADA_NO_EVALUADA,"físicamente válida para CAPEX, pero la interfaz financiera solo consume configuraciones del mapa (configs() de 21); requiere ampliar el mapa (DPV-20-03)"
propia,propias,incubacion,compra,mixto,C_congelado_tercero,B_basico_propio,FALSE,TRUE,VALIDA_NO_MAPEADA_NO_EVALUADA,"físicamente válida para CAPEX, pero la interfaz financiera solo consume configuraciones del mapa (configs() de 21); requiere ampliar el mapa (DPV-20-03)"
propia,propias,incubacion,compra,mixto,C_congelado_tercero,B_basico_propio,TRUE,FALSE,VALIDA_NO_MAPEADA_NO_EVALUADA,"físicamente válida para CAPEX, pero la interfaz financiera solo consume configuraciones del mapa (configs() de 21); requiere ampliar el mapa (DPV-20-03)"
propia,propias,incubacion,compra,mixto,C_congelado_tercero,B_basico_propio,TRUE,TRUE,VALIDA_NO_MAPEADA_NO_EVALUADA,"físicamente válida para CAPEX, pero la interfaz financiera solo consume configuraciones del mapa (configs() de 21); requiere ampliar el mapa (DPV-20-03)"
propia,propias,incubacion,facon,tercero,A_refrigerado,A_externo,FALSE,FALSE,VALIDA_NO_MAPEADA_NO_EVALUADA,"físicamente válida para CAPEX, pero la interfaz financiera solo consume configuraciones del mapa (configs() de 21); requiere ampliar el mapa (DPV-20-03)"
propia,propias,incubacion,facon,tercero,A_refrigerado,A_externo,FALSE,TRUE,VALIDA_NO_MAPEADA_NO_EVALUADA,"físicamente válida para CAPEX, pero la interfaz financiera solo consume configuraciones del mapa (configs() de 21); requiere ampliar el mapa (DPV-20-03)"
propia,propias,incubacion,facon,tercero,A_refrigerado,A_externo,TRUE,FALSE,VALIDA_NO_MAPEADA_NO_EVALUADA,"físicamente válida para CAPEX, pero la interfaz financiera solo consume configuraciones del mapa (configs() de 21); requiere ampliar el mapa (DPV-20-03)"
propia,propias,incubacion,facon,tercero,A_refrigerado,A_externo,TRUE,TRUE,VALIDA_NO_MAPEADA_NO_EVALUADA,"físicamente válida para CAPEX, pero la interfaz financiera solo consume configuraciones del mapa (configs() de 21); requiere ampliar el mapa (DPV-20-03)"
propia,propias,incubacion,facon,tercero,A_refrigerado,B_basico_propio,FALSE,FALSE,VALIDA_NO_MAPEADA_NO_EVALUADA,"físicamente válida para CAPEX, pero la interfaz financiera solo consume configuraciones del mapa (configs() de 21); requiere ampliar el mapa (DPV-20-03)"
propia,propias,incubacion,facon,tercero,A_refrigerado,B_basico_propio,FALSE,TRUE,VALIDA_NO_MAPEADA_NO_EVALUADA,"físicamente válida para CAPEX, pero la interfaz financiera solo consume configuraciones del mapa (configs() de 21); requiere ampliar el mapa (DPV-20-03)"
propia,propias,incubacion,facon,tercero,A_refrigerado,B_basico_propio,TRUE,FALSE,VALIDA_NO_MAPEADA_NO_EVALUADA,"físicamente válida para CAPEX, pero la interfaz financiera solo consume configuraciones del mapa (configs() de 21); requiere ampliar el mapa (DPV-20-03)"
propia,propias,incubacion,facon,tercero,A_refrigerado,B_basico_propio,TRUE,TRUE,VALIDA_NO_MAPEADA_NO_EVALUADA,"físicamente válida para CAPEX, pero la interfaz financiera solo consume configuraciones del mapa (configs() de 21); requiere ampliar el mapa (DPV-20-03)"
propia,propias,incubacion,facon,tercero,B_refrigerado_congelado,A_externo,FALSE,FALSE,VALIDA_NO_MAPEADA_NO_EVALUADA,"físicamente válida para CAPEX, pero la interfaz financiera solo consume configuraciones del mapa (configs() de 21); requiere ampliar el mapa (DPV-20-03)"
propia,propias,incubacion,facon,tercero,B_refrigerado_congelado,A_externo,FALSE,TRUE,VALIDA_NO_MAPEADA_NO_EVALUADA,"físicamente válida para CAPEX, pero la interfaz financiera solo consume configuraciones del mapa (configs() de 21); requiere ampliar el mapa (DPV-20-03)"
propia,propias,incubacion,facon,tercero,B_refrigerado_congelado,A_externo,TRUE,FALSE,VALIDA_NO_MAPEADA_NO_EVALUADA,"físicamente válida para CAPEX, pero la interfaz financiera solo consume configuraciones del mapa (configs() de 21); requiere ampliar el mapa (DPV-20-03)"
propia,propias,incubacion,facon,tercero,B_refrigerado_congelado,A_externo,TRUE,TRUE,VALIDA_NO_MAPEADA_NO_EVALUADA,"físicamente válida para CAPEX, pero la interfaz financiera solo consume configuraciones del mapa (configs() de 21); requiere ampliar el mapa (DPV-20-03)"
propia,propias,incubacion,facon,tercero,B_refrigerado_congelado,B_basico_propio,FALSE,FALSE,VALIDA_NO_MAPEADA_NO_EVALUADA,"físicamente válida para CAPEX, pero la interfaz financiera solo consume configuraciones del mapa (configs() de 21); requiere ampliar el mapa (DPV-20-03)"
propia,propias,incubacion,facon,tercero,B_refrigerado_congelado,B_basico_propio,FALSE,TRUE,VALIDA_NO_MAPEADA_NO_EVALUADA,"físicamente válida para CAPEX, pero la interfaz financiera solo consume configuraciones del mapa (configs() de 21); requiere ampliar el mapa (DPV-20-03)"
propia,propias,incubacion,facon,tercero,B_refrigerado_congelado,B_basico_propio,TRUE,FALSE,VALIDA_NO_MAPEADA_NO_EVALUADA,"físicamente válida para CAPEX, pero la interfaz financiera solo consume configuraciones del mapa (configs() de 21); requiere ampliar el mapa (DPV-20-03)"
propia,propias,incubacion,facon,tercero,B_refrigerado_congelado,B_basico_propio,TRUE,TRUE,VALIDA_NO_MAPEADA_NO_EVALUADA,"físicamente válida para CAPEX, pero la interfaz financiera solo consume configuraciones del mapa (configs() de 21); requiere ampliar el mapa (DPV-20-03)"
propia,propias,incubacion,facon,tercero,C_congelado_tercero,A_externo,FALSE,FALSE,VALIDA_NO_MAPEADA_NO_EVALUADA,"físicamente válida para CAPEX, pero la interfaz financiera solo consume configuraciones del mapa (configs() de 21); requiere ampliar el mapa (DPV-20-03)"
propia,propias,incubacion,facon,tercero,C_congelado_tercero,A_externo,FALSE,TRUE,VALIDA_NO_MAPEADA_NO_EVALUADA,"físicamente válida para CAPEX, pero la interfaz financiera solo consume configuraciones del mapa (configs() de 21); requiere ampliar el mapa (DPV-20-03)"
propia,propias,incubacion,facon,tercero,C_congelado_tercero,A_externo,TRUE,FALSE,VALIDA_NO_MAPEADA_NO_EVALUADA,"físicamente válida para CAPEX, pero la interfaz financiera solo consume configuraciones del mapa (configs() de 21); requiere ampliar el mapa (DPV-20-03)"
propia,propias,incubacion,facon,tercero,C_congelado_tercero,A_externo,TRUE,TRUE,VALIDA_NO_MAPEADA_NO_EVALUADA,"físicamente válida para CAPEX, pero la interfaz financiera solo consume configuraciones del mapa (configs() de 21); requiere ampliar el mapa (DPV-20-03)"
propia,propias,incubacion,facon,tercero,C_congelado_tercero,B_basico_propio,FALSE,FALSE,VALIDA_NO_MAPEADA_NO_EVALUADA,"físicamente válida para CAPEX, pero la interfaz financiera solo consume configuraciones del mapa (configs() de 21); requiere ampliar el mapa (DPV-20-03)"
propia,propias,incubacion,facon,tercero,C_congelado_tercero,B_basico_propio,FALSE,TRUE,VALIDA_NO_MAPEADA_NO_EVALUADA,"físicamente válida para CAPEX, pero la interfaz financiera solo consume configuraciones del mapa (configs() de 21); requiere ampliar el mapa (DPV-20-03)"
propia,propias,incubacion,facon,tercero,C_congelado_tercero,B_basico_propio,TRUE,FALSE,VALIDA_NO_MAPEADA_NO_EVALUADA,"físicamente válida para CAPEX, pero la interfaz financiera solo consume configuraciones del mapa (configs() de 21); requiere ampliar el mapa (DPV-20-03)"
propia,propias,incubacion,facon,tercero,C_congelado_tercero,B_basico_propio,TRUE,TRUE,VALIDA_NO_MAPEADA_NO_EVALUADA,"físicamente válida para CAPEX, pero la interfaz financiera solo consume configuraciones del mapa (configs() de 21); requiere ampliar el mapa (DPV-20-03)"
propia,propias,incubacion,facon,propia,A_refrigerado,A_externo,FALSE,FALSE,VALIDA_NO_MAPEADA_NO_EVALUADA,"físicamente válida para CAPEX, pero la interfaz financiera solo consume configuraciones del mapa (configs() de 21); requiere ampliar el mapa (DPV-20-03)"
propia,propias,incubacion,facon,propia,A_refrigerado,A_externo,FALSE,TRUE,VALIDA_NO_MAPEADA_NO_EVALUADA,"físicamente válida para CAPEX, pero la interfaz financiera solo consume configuraciones del mapa (configs() de 21); requiere ampliar el mapa (DPV-20-03)"
propia,propias,incubacion,facon,propia,A_refrigerado,A_externo,TRUE,FALSE,VALIDA_NO_MAPEADA_NO_EVALUADA,"físicamente válida para CAPEX, pero la interfaz financiera solo consume configuraciones del mapa (configs() de 21); requiere ampliar el mapa (DPV-20-03)"
propia,propias,incubacion,facon,propia,A_refrigerado,A_externo,TRUE,TRUE,VALIDA_NO_MAPEADA_NO_EVALUADA,"físicamente válida para CAPEX, pero la interfaz financiera solo consume configuraciones del mapa (configs() de 21); requiere ampliar el mapa (DPV-20-03)"
propia,propias,incubacion,facon,propia,A_refrigerado,B_basico_propio,FALSE,FALSE,VALIDA_NO_MAPEADA_NO_EVALUADA,"físicamente válida para CAPEX, pero la interfaz financiera solo consume configuraciones del mapa (configs() de 21); requiere ampliar el mapa (DPV-20-03)"
propia,propias,incubacion,facon,propia,A_refrigerado,B_basico_propio,FALSE,TRUE,VALIDA_NO_MAPEADA_NO_EVALUADA,"físicamente válida para CAPEX, pero la interfaz financiera solo consume configuraciones del mapa (configs() de 21); requiere ampliar el mapa (DPV-20-03)"
propia,propias,incubacion,facon,propia,A_refrigerado,B_basico_propio,TRUE,FALSE,VALIDA_NO_MAPEADA_NO_EVALUADA,"físicamente válida para CAPEX, pero la interfaz financiera solo consume configuraciones del mapa (configs() de 21); requiere ampliar el mapa (DPV-20-03)"
propia,propias,incubacion,facon,propia,A_refrigerado,B_basico_propio,TRUE,TRUE,VALIDA_NO_MAPEADA_NO_EVALUADA,"físicamente válida para CAPEX, pero la interfaz financiera solo consume configuraciones del mapa (configs() de 21); requiere ampliar el mapa (DPV-20-03)"
propia,propias,incubacion,facon,propia,B_refrigerado_congelado,A_externo,FALSE,FALSE,VALIDA_NO_MAPEADA_NO_EVALUADA,"físicamente válida para CAPEX, pero la interfaz financiera solo consume configuraciones del mapa (configs() de 21); requiere ampliar el mapa (DPV-20-03)"
propia,propias,incubacion,facon,propia,B_refrigerado_congelado,A_externo,FALSE,TRUE,VALIDA_NO_MAPEADA_NO_EVALUADA,"físicamente válida para CAPEX, pero la interfaz financiera solo consume configuraciones del mapa (configs() de 21); requiere ampliar el mapa (DPV-20-03)"
propia,propias,incubacion,facon,propia,B_refrigerado_congelado,A_externo,TRUE,FALSE,VALIDA_NO_MAPEADA_NO_EVALUADA,"físicamente válida para CAPEX, pero la interfaz financiera solo consume configuraciones del mapa (configs() de 21); requiere ampliar el mapa (DPV-20-03)"
propia,propias,incubacion,facon,propia,B_refrigerado_congelado,A_externo,TRUE,TRUE,VALIDA_NO_MAPEADA_NO_EVALUADA,"físicamente válida para CAPEX, pero la interfaz financiera solo consume configuraciones del mapa (configs() de 21); requiere ampliar el mapa (DPV-20-03)"
propia,propias,incubacion,facon,propia,B_refrigerado_congelado,B_basico_propio,FALSE,FALSE,VALIDA_NO_MAPEADA_NO_EVALUADA,"físicamente válida para CAPEX, pero la interfaz financiera solo consume configuraciones del mapa (configs() de 21); requiere ampliar el mapa (DPV-20-03)"
propia,propias,incubacion,facon,propia,B_refrigerado_congelado,B_basico_propio,FALSE,TRUE,VALIDA_NO_MAPEADA_NO_EVALUADA,"físicamente válida para CAPEX, pero la interfaz financiera solo consume configuraciones del mapa (configs() de 21); requiere ampliar el mapa (DPV-20-03)"
propia,propias,incubacion,facon,propia,B_refrigerado_congelado,B_basico_propio,TRUE,FALSE,VALIDA_NO_MAPEADA_NO_EVALUADA,"físicamente válida para CAPEX, pero la interfaz financiera solo consume configuraciones del mapa (configs() de 21); requiere ampliar el mapa (DPV-20-03)"
propia,propias,incubacion,facon,propia,B_refrigerado_congelado,B_basico_propio,TRUE,TRUE,VALIDA_NO_MAPEADA_NO_EVALUADA,"físicamente válida para CAPEX, pero la interfaz financiera solo consume configuraciones del mapa (configs() de 21); requiere ampliar el mapa (DPV-20-03)"
propia,propias,incubacion,facon,propia,C_congelado_tercero,A_externo,FALSE,FALSE,VALIDA_NO_MAPEADA_NO_EVALUADA,"físicamente válida para CAPEX, pero la interfaz financiera solo consume configuraciones del mapa (configs() de 21); requiere ampliar el mapa (DPV-20-03)"
propia,propias,incubacion,facon,propia,C_congelado_tercero,A_externo,FALSE,TRUE,VALIDA_NO_MAPEADA_NO_EVALUADA,"físicamente válida para CAPEX, pero la interfaz financiera solo consume configuraciones del mapa (configs() de 21); requiere ampliar el mapa (DPV-20-03)"
propia,propias,incubacion,facon,propia,C_congelado_tercero,A_externo,TRUE,FALSE,VALIDA_NO_MAPEADA_NO_EVALUADA,"físicamente válida para CAPEX, pero la interfaz financiera solo consume configuraciones del mapa (configs() de 21); requiere ampliar el mapa (DPV-20-03)"
propia,propias,incubacion,facon,propia,C_congelado_tercero,A_externo,TRUE,TRUE,VALIDA_NO_MAPEADA_NO_EVALUADA,"físicamente válida para CAPEX, pero la interfaz financiera solo consume configuraciones del mapa (configs() de 21); requiere ampliar el mapa (DPV-20-03)"
propia,propias,incubacion,facon,propia,C_congelado_tercero,B_basico_propio,FALSE,FALSE,VALIDA_NO_MAPEADA_NO_EVALUADA,"físicamente válida para CAPEX, pero la interfaz financiera solo consume configuraciones del mapa (configs() de 21); requiere ampliar el mapa (DPV-20-03)"
propia,propias,incubacion,facon,propia,C_congelado_tercero,B_basico_propio,FALSE,TRUE,VALIDA_NO_MAPEADA_NO_EVALUADA,"físicamente válida para CAPEX, pero la interfaz financiera solo consume configuraciones del mapa (configs() de 21); requiere ampliar el mapa (DPV-20-03)"
propia,propias,incubacion,facon,propia,C_congelado_tercero,B_basico_propio,TRUE,FALSE,VALIDA_NO_MAPEADA_NO_EVALUADA,"físicamente válida para CAPEX, pero la interfaz financiera solo consume configuraciones del mapa (configs() de 21); requiere ampliar el mapa (DPV-20-03)"
propia,propias,incubacion,facon,propia,C_congelado_tercero,B_basico_propio,TRUE,TRUE,VALIDA_NO_MAPEADA_NO_EVALUADA,"físicamente válida para CAPEX, pero la interfaz financiera solo consume configuraciones del mapa (configs() de 21); requiere ampliar el mapa (DPV-20-03)"
propia,propias,incubacion,facon,mixto,A_refrigerado,A_externo,FALSE,FALSE,VALIDA_NO_MAPEADA_NO_EVALUADA,"físicamente válida para CAPEX, pero la interfaz financiera solo consume configuraciones del mapa (configs() de 21); requiere ampliar el mapa (DPV-20-03)"
propia,propias,incubacion,facon,mixto,A_refrigerado,A_externo,FALSE,TRUE,VALIDA_NO_MAPEADA_NO_EVALUADA,"físicamente válida para CAPEX, pero la interfaz financiera solo consume configuraciones del mapa (configs() de 21); requiere ampliar el mapa (DPV-20-03)"
propia,propias,incubacion,facon,mixto,A_refrigerado,A_externo,TRUE,FALSE,VALIDA_NO_MAPEADA_NO_EVALUADA,"físicamente válida para CAPEX, pero la interfaz financiera solo consume configuraciones del mapa (configs() de 21); requiere ampliar el mapa (DPV-20-03)"
propia,propias,incubacion,facon,mixto,A_refrigerado,A_externo,TRUE,TRUE,VALIDA_NO_MAPEADA_NO_EVALUADA,"físicamente válida para CAPEX, pero la interfaz financiera solo consume configuraciones del mapa (configs() de 21); requiere ampliar el mapa (DPV-20-03)"
propia,propias,incubacion,facon,mixto,A_refrigerado,B_basico_propio,FALSE,FALSE,VALIDA_NO_MAPEADA_NO_EVALUADA,"físicamente válida para CAPEX, pero la interfaz financiera solo consume configuraciones del mapa (configs() de 21); requiere ampliar el mapa (DPV-20-03)"
propia,propias,incubacion,facon,mixto,A_refrigerado,B_basico_propio,FALSE,TRUE,VALIDA_NO_MAPEADA_NO_EVALUADA,"físicamente válida para CAPEX, pero la interfaz financiera solo consume configuraciones del mapa (configs() de 21); requiere ampliar el mapa (DPV-20-03)"
propia,propias,incubacion,facon,mixto,A_refrigerado,B_basico_propio,TRUE,FALSE,VALIDA_NO_MAPEADA_NO_EVALUADA,"físicamente válida para CAPEX, pero la interfaz financiera solo consume configuraciones del mapa (configs() de 21); requiere ampliar el mapa (DPV-20-03)"
propia,propias,incubacion,facon,mixto,A_refrigerado,B_basico_propio,TRUE,TRUE,VALIDA_NO_MAPEADA_NO_EVALUADA,"físicamente válida para CAPEX, pero la interfaz financiera solo consume configuraciones del mapa (configs() de 21); requiere ampliar el mapa (DPV-20-03)"
propia,propias,incubacion,facon,mixto,B_refrigerado_congelado,A_externo,FALSE,FALSE,VALIDA_NO_MAPEADA_NO_EVALUADA,"físicamente válida para CAPEX, pero la interfaz financiera solo consume configuraciones del mapa (configs() de 21); requiere ampliar el mapa (DPV-20-03)"
propia,propias,incubacion,facon,mixto,B_refrigerado_congelado,A_externo,FALSE,TRUE,VALIDA_NO_MAPEADA_NO_EVALUADA,"físicamente válida para CAPEX, pero la interfaz financiera solo consume configuraciones del mapa (configs() de 21); requiere ampliar el mapa (DPV-20-03)"
propia,propias,incubacion,facon,mixto,B_refrigerado_congelado,A_externo,TRUE,FALSE,VALIDA_NO_MAPEADA_NO_EVALUADA,"físicamente válida para CAPEX, pero la interfaz financiera solo consume configuraciones del mapa (configs() de 21); requiere ampliar el mapa (DPV-20-03)"
propia,propias,incubacion,facon,mixto,B_refrigerado_congelado,A_externo,TRUE,TRUE,VALIDA_NO_MAPEADA_NO_EVALUADA,"físicamente válida para CAPEX, pero la interfaz financiera solo consume configuraciones del mapa (configs() de 21); requiere ampliar el mapa (DPV-20-03)"
propia,propias,incubacion,facon,mixto,B_refrigerado_congelado,B_basico_propio,FALSE,FALSE,VALIDA_NO_MAPEADA_NO_EVALUADA,"físicamente válida para CAPEX, pero la interfaz financiera solo consume configuraciones del mapa (configs() de 21); requiere ampliar el mapa (DPV-20-03)"
propia,propias,incubacion,facon,mixto,B_refrigerado_congelado,B_basico_propio,FALSE,TRUE,VALIDA_NO_MAPEADA_NO_EVALUADA,"físicamente válida para CAPEX, pero la interfaz financiera solo consume configuraciones del mapa (configs() de 21); requiere ampliar el mapa (DPV-20-03)"
propia,propias,incubacion,facon,mixto,B_refrigerado_congelado,B_basico_propio,TRUE,FALSE,VALIDA_NO_MAPEADA_NO_EVALUADA,"físicamente válida para CAPEX, pero la interfaz financiera solo consume configuraciones del mapa (configs() de 21); requiere ampliar el mapa (DPV-20-03)"
propia,propias,incubacion,facon,mixto,B_refrigerado_congelado,B_basico_propio,TRUE,TRUE,VALIDA_NO_MAPEADA_NO_EVALUADA,"físicamente válida para CAPEX, pero la interfaz financiera solo consume configuraciones del mapa (configs() de 21); requiere ampliar el mapa (DPV-20-03)"
propia,propias,incubacion,facon,mixto,C_congelado_tercero,A_externo,FALSE,FALSE,VALIDA_NO_MAPEADA_NO_EVALUADA,"físicamente válida para CAPEX, pero la interfaz financiera solo consume configuraciones del mapa (configs() de 21); requiere ampliar el mapa (DPV-20-03)"
propia,propias,incubacion,facon,mixto,C_congelado_tercero,A_externo,FALSE,TRUE,VALIDA_NO_MAPEADA_NO_EVALUADA,"físicamente válida para CAPEX, pero la interfaz financiera solo consume configuraciones del mapa (configs() de 21); requiere ampliar el mapa (DPV-20-03)"
propia,propias,incubacion,facon,mixto,C_congelado_tercero,A_externo,TRUE,FALSE,VALIDA_NO_MAPEADA_NO_EVALUADA,"físicamente válida para CAPEX, pero la interfaz financiera solo consume configuraciones del mapa (configs() de 21); requiere ampliar el mapa (DPV-20-03)"
propia,propias,incubacion,facon,mixto,C_congelado_tercero,A_externo,TRUE,TRUE,VALIDA_NO_MAPEADA_NO_EVALUADA,"físicamente válida para CAPEX, pero la interfaz financiera solo consume configuraciones del mapa (configs() de 21); requiere ampliar el mapa (DPV-20-03)"
propia,propias,incubacion,facon,mixto,C_congelado_tercero,B_basico_propio,FALSE,FALSE,VALIDA_NO_MAPEADA_NO_EVALUADA,"físicamente válida para CAPEX, pero la interfaz financiera solo consume configuraciones del mapa (configs() de 21); requiere ampliar el mapa (DPV-20-03)"
propia,propias,incubacion,facon,mixto,C_congelado_tercero,B_basico_propio,FALSE,TRUE,VALIDA_NO_MAPEADA_NO_EVALUADA,"físicamente válida para CAPEX, pero la interfaz financiera solo consume configuraciones del mapa (configs() de 21); requiere ampliar el mapa (DPV-20-03)"
propia,propias,incubacion,facon,mixto,C_congelado_tercero,B_basico_propio,TRUE,FALSE,VALIDA_NO_MAPEADA_NO_EVALUADA,"físicamente válida para CAPEX, pero la interfaz financiera solo consume configuraciones del mapa (configs() de 21); requiere ampliar el mapa (DPV-20-03)"
propia,propias,incubacion,facon,mixto,C_congelado_tercero,B_basico_propio,TRUE,TRUE,VALIDA_NO_MAPEADA_NO_EVALUADA,"físicamente válida para CAPEX, pero la interfaz financiera solo consume configuraciones del mapa (configs() de 21); requiere ampliar el mapa (DPV-20-03)"
propia,propias,incubacion,propia,tercero,A_refrigerado,A_externo,FALSE,FALSE,VALIDA_NO_MAPEADA_NO_EVALUADA,"físicamente válida para CAPEX, pero la interfaz financiera solo consume configuraciones del mapa (configs() de 21); requiere ampliar el mapa (DPV-20-03)"
propia,propias,incubacion,propia,tercero,A_refrigerado,A_externo,FALSE,TRUE,VALIDA_NO_MAPEADA_NO_EVALUADA,"físicamente válida para CAPEX, pero la interfaz financiera solo consume configuraciones del mapa (configs() de 21); requiere ampliar el mapa (DPV-20-03)"
propia,propias,incubacion,propia,tercero,A_refrigerado,A_externo,TRUE,FALSE,VALIDA_NO_MAPEADA_NO_EVALUADA,"físicamente válida para CAPEX, pero la interfaz financiera solo consume configuraciones del mapa (configs() de 21); requiere ampliar el mapa (DPV-20-03)"
propia,propias,incubacion,propia,tercero,A_refrigerado,A_externo,TRUE,TRUE,VALIDA_NO_MAPEADA_NO_EVALUADA,"físicamente válida para CAPEX, pero la interfaz financiera solo consume configuraciones del mapa (configs() de 21); requiere ampliar el mapa (DPV-20-03)"
propia,propias,incubacion,propia,tercero,A_refrigerado,B_basico_propio,FALSE,FALSE,VALIDA_NO_MAPEADA_NO_EVALUADA,"físicamente válida para CAPEX, pero la interfaz financiera solo consume configuraciones del mapa (configs() de 21); requiere ampliar el mapa (DPV-20-03)"
propia,propias,incubacion,propia,tercero,A_refrigerado,B_basico_propio,FALSE,TRUE,VALIDA_NO_MAPEADA_NO_EVALUADA,"físicamente válida para CAPEX, pero la interfaz financiera solo consume configuraciones del mapa (configs() de 21); requiere ampliar el mapa (DPV-20-03)"
propia,propias,incubacion,propia,tercero,A_refrigerado,B_basico_propio,TRUE,FALSE,VALIDA_NO_MAPEADA_NO_EVALUADA,"físicamente válida para CAPEX, pero la interfaz financiera solo consume configuraciones del mapa (configs() de 21); requiere ampliar el mapa (DPV-20-03)"
propia,propias,incubacion,propia,tercero,A_refrigerado,B_basico_propio,TRUE,TRUE,VALIDA_NO_MAPEADA_NO_EVALUADA,"físicamente válida para CAPEX, pero la interfaz financiera solo consume configuraciones del mapa (configs() de 21); requiere ampliar el mapa (DPV-20-03)"
propia,propias,incubacion,propia,tercero,B_refrigerado_congelado,A_externo,FALSE,FALSE,VALIDA_NO_MAPEADA_NO_EVALUADA,"físicamente válida para CAPEX, pero la interfaz financiera solo consume configuraciones del mapa (configs() de 21); requiere ampliar el mapa (DPV-20-03)"
propia,propias,incubacion,propia,tercero,B_refrigerado_congelado,A_externo,FALSE,TRUE,VALIDA_NO_MAPEADA_NO_EVALUADA,"físicamente válida para CAPEX, pero la interfaz financiera solo consume configuraciones del mapa (configs() de 21); requiere ampliar el mapa (DPV-20-03)"
propia,propias,incubacion,propia,tercero,B_refrigerado_congelado,A_externo,TRUE,FALSE,VALIDA_NO_MAPEADA_NO_EVALUADA,"físicamente válida para CAPEX, pero la interfaz financiera solo consume configuraciones del mapa (configs() de 21); requiere ampliar el mapa (DPV-20-03)"
propia,propias,incubacion,propia,tercero,B_refrigerado_congelado,A_externo,TRUE,TRUE,VALIDA_NO_MAPEADA_NO_EVALUADA,"físicamente válida para CAPEX, pero la interfaz financiera solo consume configuraciones del mapa (configs() de 21); requiere ampliar el mapa (DPV-20-03)"
propia,propias,incubacion,propia,tercero,B_refrigerado_congelado,B_basico_propio,FALSE,FALSE,VALIDA_NO_MAPEADA_NO_EVALUADA,"físicamente válida para CAPEX, pero la interfaz financiera solo consume configuraciones del mapa (configs() de 21); requiere ampliar el mapa (DPV-20-03)"
propia,propias,incubacion,propia,tercero,B_refrigerado_congelado,B_basico_propio,FALSE,TRUE,VALIDA_NO_MAPEADA_NO_EVALUADA,"físicamente válida para CAPEX, pero la interfaz financiera solo consume configuraciones del mapa (configs() de 21); requiere ampliar el mapa (DPV-20-03)"
propia,propias,incubacion,propia,tercero,B_refrigerado_congelado,B_basico_propio,TRUE,FALSE,VALIDA_NO_MAPEADA_NO_EVALUADA,"físicamente válida para CAPEX, pero la interfaz financiera solo consume configuraciones del mapa (configs() de 21); requiere ampliar el mapa (DPV-20-03)"
propia,propias,incubacion,propia,tercero,B_refrigerado_congelado,B_basico_propio,TRUE,TRUE,VALIDA_NO_MAPEADA_NO_EVALUADA,"físicamente válida para CAPEX, pero la interfaz financiera solo consume configuraciones del mapa (configs() de 21); requiere ampliar el mapa (DPV-20-03)"
propia,propias,incubacion,propia,tercero,C_congelado_tercero,A_externo,FALSE,FALSE,VALIDA_NO_MAPEADA_NO_EVALUADA,"físicamente válida para CAPEX, pero la interfaz financiera solo consume configuraciones del mapa (configs() de 21); requiere ampliar el mapa (DPV-20-03)"
propia,propias,incubacion,propia,tercero,C_congelado_tercero,A_externo,FALSE,TRUE,VALIDA_NO_MAPEADA_NO_EVALUADA,"físicamente válida para CAPEX, pero la interfaz financiera solo consume configuraciones del mapa (configs() de 21); requiere ampliar el mapa (DPV-20-03)"
propia,propias,incubacion,propia,tercero,C_congelado_tercero,A_externo,TRUE,FALSE,VALIDA_NO_MAPEADA_NO_EVALUADA,"físicamente válida para CAPEX, pero la interfaz financiera solo consume configuraciones del mapa (configs() de 21); requiere ampliar el mapa (DPV-20-03)"
propia,propias,incubacion,propia,tercero,C_congelado_tercero,A_externo,TRUE,TRUE,VALIDA_NO_MAPEADA_NO_EVALUADA,"físicamente válida para CAPEX, pero la interfaz financiera solo consume configuraciones del mapa (configs() de 21); requiere ampliar el mapa (DPV-20-03)"
propia,propias,incubacion,propia,tercero,C_congelado_tercero,B_basico_propio,FALSE,FALSE,VALIDA_NO_MAPEADA_NO_EVALUADA,"físicamente válida para CAPEX, pero la interfaz financiera solo consume configuraciones del mapa (configs() de 21); requiere ampliar el mapa (DPV-20-03)"
propia,propias,incubacion,propia,tercero,C_congelado_tercero,B_basico_propio,FALSE,TRUE,VALIDA_NO_MAPEADA_NO_EVALUADA,"físicamente válida para CAPEX, pero la interfaz financiera solo consume configuraciones del mapa (configs() de 21); requiere ampliar el mapa (DPV-20-03)"
propia,propias,incubacion,propia,tercero,C_congelado_tercero,B_basico_propio,TRUE,FALSE,VALIDA_NO_MAPEADA_NO_EVALUADA,"físicamente válida para CAPEX, pero la interfaz financiera solo consume configuraciones del mapa (configs() de 21); requiere ampliar el mapa (DPV-20-03)"
propia,propias,incubacion,propia,tercero,C_congelado_tercero,B_basico_propio,TRUE,TRUE,VALIDA_NO_MAPEADA_NO_EVALUADA,"físicamente válida para CAPEX, pero la interfaz financiera solo consume configuraciones del mapa (configs() de 21); requiere ampliar el mapa (DPV-20-03)"
propia,propias,incubacion,propia,propia,A_refrigerado,A_externo,FALSE,FALSE,VALIDA_NO_MAPEADA_NO_EVALUADA,"físicamente válida para CAPEX, pero la interfaz financiera solo consume configuraciones del mapa (configs() de 21); requiere ampliar el mapa (DPV-20-03)"
propia,propias,incubacion,propia,propia,A_refrigerado,A_externo,FALSE,TRUE,VALIDA_NO_MAPEADA_NO_EVALUADA,"físicamente válida para CAPEX, pero la interfaz financiera solo consume configuraciones del mapa (configs() de 21); requiere ampliar el mapa (DPV-20-03)"
propia,propias,incubacion,propia,propia,A_refrigerado,A_externo,TRUE,FALSE,VALIDA_NO_MAPEADA_NO_EVALUADA,"físicamente válida para CAPEX, pero la interfaz financiera solo consume configuraciones del mapa (configs() de 21); requiere ampliar el mapa (DPV-20-03)"
propia,propias,incubacion,propia,propia,A_refrigerado,A_externo,TRUE,TRUE,VALIDA_NO_MAPEADA_NO_EVALUADA,"físicamente válida para CAPEX, pero la interfaz financiera solo consume configuraciones del mapa (configs() de 21); requiere ampliar el mapa (DPV-20-03)"
propia,propias,incubacion,propia,propia,A_refrigerado,B_basico_propio,FALSE,FALSE,VALIDA_NO_MAPEADA_NO_EVALUADA,"físicamente válida para CAPEX, pero la interfaz financiera solo consume configuraciones del mapa (configs() de 21); requiere ampliar el mapa (DPV-20-03)"
propia,propias,incubacion,propia,propia,A_refrigerado,B_basico_propio,FALSE,TRUE,VALIDA_NO_MAPEADA_NO_EVALUADA,"físicamente válida para CAPEX, pero la interfaz financiera solo consume configuraciones del mapa (configs() de 21); requiere ampliar el mapa (DPV-20-03)"
propia,propias,incubacion,propia,propia,A_refrigerado,B_basico_propio,TRUE,FALSE,VALIDA_NO_MAPEADA_NO_EVALUADA,"físicamente válida para CAPEX, pero la interfaz financiera solo consume configuraciones del mapa (configs() de 21); requiere ampliar el mapa (DPV-20-03)"
propia,propias,incubacion,propia,propia,A_refrigerado,B_basico_propio,TRUE,TRUE,VALIDA_NO_MAPEADA_NO_EVALUADA,"físicamente válida para CAPEX, pero la interfaz financiera solo consume configuraciones del mapa (configs() de 21); requiere ampliar el mapa (DPV-20-03)"
propia,propias,incubacion,propia,propia,B_refrigerado_congelado,A_externo,FALSE,FALSE,VALIDA_NO_MAPEADA_NO_EVALUADA,"físicamente válida para CAPEX, pero la interfaz financiera solo consume configuraciones del mapa (configs() de 21); requiere ampliar el mapa (DPV-20-03)"
propia,propias,incubacion,propia,propia,B_refrigerado_congelado,A_externo,FALSE,TRUE,VALIDA_NO_MAPEADA_NO_EVALUADA,"físicamente válida para CAPEX, pero la interfaz financiera solo consume configuraciones del mapa (configs() de 21); requiere ampliar el mapa (DPV-20-03)"
propia,propias,incubacion,propia,propia,B_refrigerado_congelado,A_externo,TRUE,FALSE,VALIDA_NO_MAPEADA_NO_EVALUADA,"físicamente válida para CAPEX, pero la interfaz financiera solo consume configuraciones del mapa (configs() de 21); requiere ampliar el mapa (DPV-20-03)"
propia,propias,incubacion,propia,propia,B_refrigerado_congelado,A_externo,TRUE,TRUE,VALIDA_NO_MAPEADA_NO_EVALUADA,"físicamente válida para CAPEX, pero la interfaz financiera solo consume configuraciones del mapa (configs() de 21); requiere ampliar el mapa (DPV-20-03)"
propia,propias,incubacion,propia,propia,B_refrigerado_congelado,B_basico_propio,FALSE,FALSE,EN_MAPA_EVALUADA,configuraciones C3
propia,propias,incubacion,propia,propia,B_refrigerado_congelado,B_basico_propio,FALSE,TRUE,VALIDA_NO_MAPEADA_NO_EVALUADA,"físicamente válida para CAPEX, pero la interfaz financiera solo consume configuraciones del mapa (configs() de 21); requiere ampliar el mapa (DPV-20-03)"
propia,propias,incubacion,propia,propia,B_refrigerado_congelado,B_basico_propio,TRUE,FALSE,VALIDA_NO_MAPEADA_NO_EVALUADA,"físicamente válida para CAPEX, pero la interfaz financiera solo consume configuraciones del mapa (configs() de 21); requiere ampliar el mapa (DPV-20-03)"
propia,propias,incubacion,propia,propia,B_refrigerado_congelado,B_basico_propio,TRUE,TRUE,EN_MAPA_EVALUADA,configuraciones CF
propia,propias,incubacion,propia,propia,C_congelado_tercero,A_externo,FALSE,FALSE,VALIDA_NO_MAPEADA_NO_EVALUADA,"físicamente válida para CAPEX, pero la interfaz financiera solo consume configuraciones del mapa (configs() de 21); requiere ampliar el mapa (DPV-20-03)"
propia,propias,incubacion,propia,propia,C_congelado_tercero,A_externo,FALSE,TRUE,VALIDA_NO_MAPEADA_NO_EVALUADA,"físicamente válida para CAPEX, pero la interfaz financiera solo consume configuraciones del mapa (configs() de 21); requiere ampliar el mapa (DPV-20-03)"
propia,propias,incubacion,propia,propia,C_congelado_tercero,A_externo,TRUE,FALSE,VALIDA_NO_MAPEADA_NO_EVALUADA,"físicamente válida para CAPEX, pero la interfaz financiera solo consume configuraciones del mapa (configs() de 21); requiere ampliar el mapa (DPV-20-03)"
propia,propias,incubacion,propia,propia,C_congelado_tercero,A_externo,TRUE,TRUE,VALIDA_NO_MAPEADA_NO_EVALUADA,"físicamente válida para CAPEX, pero la interfaz financiera solo consume configuraciones del mapa (configs() de 21); requiere ampliar el mapa (DPV-20-03)"
propia,propias,incubacion,propia,propia,C_congelado_tercero,B_basico_propio,FALSE,FALSE,VALIDA_NO_MAPEADA_NO_EVALUADA,"físicamente válida para CAPEX, pero la interfaz financiera solo consume configuraciones del mapa (configs() de 21); requiere ampliar el mapa (DPV-20-03)"
propia,propias,incubacion,propia,propia,C_congelado_tercero,B_basico_propio,FALSE,TRUE,VALIDA_NO_MAPEADA_NO_EVALUADA,"físicamente válida para CAPEX, pero la interfaz financiera solo consume configuraciones del mapa (configs() de 21); requiere ampliar el mapa (DPV-20-03)"
propia,propias,incubacion,propia,propia,C_congelado_tercero,B_basico_propio,TRUE,FALSE,VALIDA_NO_MAPEADA_NO_EVALUADA,"físicamente válida para CAPEX, pero la interfaz financiera solo consume configuraciones del mapa (configs() de 21); requiere ampliar el mapa (DPV-20-03)"
propia,propias,incubacion,propia,propia,C_congelado_tercero,B_basico_propio,TRUE,TRUE,VALIDA_NO_MAPEADA_NO_EVALUADA,"físicamente válida para CAPEX, pero la interfaz financiera solo consume configuraciones del mapa (configs() de 21); requiere ampliar el mapa (DPV-20-03)"
propia,propias,incubacion,propia,mixto,A_refrigerado,A_externo,FALSE,FALSE,VALIDA_NO_MAPEADA_NO_EVALUADA,"físicamente válida para CAPEX, pero la interfaz financiera solo consume configuraciones del mapa (configs() de 21); requiere ampliar el mapa (DPV-20-03)"
propia,propias,incubacion,propia,mixto,A_refrigerado,A_externo,FALSE,TRUE,VALIDA_NO_MAPEADA_NO_EVALUADA,"físicamente válida para CAPEX, pero la interfaz financiera solo consume configuraciones del mapa (configs() de 21); requiere ampliar el mapa (DPV-20-03)"
propia,propias,incubacion,propia,mixto,A_refrigerado,A_externo,TRUE,FALSE,VALIDA_NO_MAPEADA_NO_EVALUADA,"físicamente válida para CAPEX, pero la interfaz financiera solo consume configuraciones del mapa (configs() de 21); requiere ampliar el mapa (DPV-20-03)"
propia,propias,incubacion,propia,mixto,A_refrigerado,A_externo,TRUE,TRUE,VALIDA_NO_MAPEADA_NO_EVALUADA,"físicamente válida para CAPEX, pero la interfaz financiera solo consume configuraciones del mapa (configs() de 21); requiere ampliar el mapa (DPV-20-03)"
propia,propias,incubacion,propia,mixto,A_refrigerado,B_basico_propio,FALSE,FALSE,VALIDA_NO_MAPEADA_NO_EVALUADA,"físicamente válida para CAPEX, pero la interfaz financiera solo consume configuraciones del mapa (configs() de 21); requiere ampliar el mapa (DPV-20-03)"
propia,propias,incubacion,propia,mixto,A_refrigerado,B_basico_propio,FALSE,TRUE,VALIDA_NO_MAPEADA_NO_EVALUADA,"físicamente válida para CAPEX, pero la interfaz financiera solo consume configuraciones del mapa (configs() de 21); requiere ampliar el mapa (DPV-20-03)"
propia,propias,incubacion,propia,mixto,A_refrigerado,B_basico_propio,TRUE,FALSE,VALIDA_NO_MAPEADA_NO_EVALUADA,"físicamente válida para CAPEX, pero la interfaz financiera solo consume configuraciones del mapa (configs() de 21); requiere ampliar el mapa (DPV-20-03)"
propia,propias,incubacion,propia,mixto,A_refrigerado,B_basico_propio,TRUE,TRUE,VALIDA_NO_MAPEADA_NO_EVALUADA,"físicamente válida para CAPEX, pero la interfaz financiera solo consume configuraciones del mapa (configs() de 21); requiere ampliar el mapa (DPV-20-03)"
propia,propias,incubacion,propia,mixto,B_refrigerado_congelado,A_externo,FALSE,FALSE,VALIDA_NO_MAPEADA_NO_EVALUADA,"físicamente válida para CAPEX, pero la interfaz financiera solo consume configuraciones del mapa (configs() de 21); requiere ampliar el mapa (DPV-20-03)"
propia,propias,incubacion,propia,mixto,B_refrigerado_congelado,A_externo,FALSE,TRUE,VALIDA_NO_MAPEADA_NO_EVALUADA,"físicamente válida para CAPEX, pero la interfaz financiera solo consume configuraciones del mapa (configs() de 21); requiere ampliar el mapa (DPV-20-03)"
propia,propias,incubacion,propia,mixto,B_refrigerado_congelado,A_externo,TRUE,FALSE,VALIDA_NO_MAPEADA_NO_EVALUADA,"físicamente válida para CAPEX, pero la interfaz financiera solo consume configuraciones del mapa (configs() de 21); requiere ampliar el mapa (DPV-20-03)"
propia,propias,incubacion,propia,mixto,B_refrigerado_congelado,A_externo,TRUE,TRUE,VALIDA_NO_MAPEADA_NO_EVALUADA,"físicamente válida para CAPEX, pero la interfaz financiera solo consume configuraciones del mapa (configs() de 21); requiere ampliar el mapa (DPV-20-03)"
propia,propias,incubacion,propia,mixto,B_refrigerado_congelado,B_basico_propio,FALSE,FALSE,VALIDA_NO_MAPEADA_NO_EVALUADA,"físicamente válida para CAPEX, pero la interfaz financiera solo consume configuraciones del mapa (configs() de 21); requiere ampliar el mapa (DPV-20-03)"
propia,propias,incubacion,propia,mixto,B_refrigerado_congelado,B_basico_propio,FALSE,TRUE,VALIDA_NO_MAPEADA_NO_EVALUADA,"físicamente válida para CAPEX, pero la interfaz financiera solo consume configuraciones del mapa (configs() de 21); requiere ampliar el mapa (DPV-20-03)"
propia,propias,incubacion,propia,mixto,B_refrigerado_congelado,B_basico_propio,TRUE,FALSE,VALIDA_NO_MAPEADA_NO_EVALUADA,"físicamente válida para CAPEX, pero la interfaz financiera solo consume configuraciones del mapa (configs() de 21); requiere ampliar el mapa (DPV-20-03)"
propia,propias,incubacion,propia,mixto,B_refrigerado_congelado,B_basico_propio,TRUE,TRUE,VALIDA_NO_MAPEADA_NO_EVALUADA,"físicamente válida para CAPEX, pero la interfaz financiera solo consume configuraciones del mapa (configs() de 21); requiere ampliar el mapa (DPV-20-03)"
propia,propias,incubacion,propia,mixto,C_congelado_tercero,A_externo,FALSE,FALSE,VALIDA_NO_MAPEADA_NO_EVALUADA,"físicamente válida para CAPEX, pero la interfaz financiera solo consume configuraciones del mapa (configs() de 21); requiere ampliar el mapa (DPV-20-03)"
propia,propias,incubacion,propia,mixto,C_congelado_tercero,A_externo,FALSE,TRUE,VALIDA_NO_MAPEADA_NO_EVALUADA,"físicamente válida para CAPEX, pero la interfaz financiera solo consume configuraciones del mapa (configs() de 21); requiere ampliar el mapa (DPV-20-03)"
propia,propias,incubacion,propia,mixto,C_congelado_tercero,A_externo,TRUE,FALSE,VALIDA_NO_MAPEADA_NO_EVALUADA,"físicamente válida para CAPEX, pero la interfaz financiera solo consume configuraciones del mapa (configs() de 21); requiere ampliar el mapa (DPV-20-03)"
propia,propias,incubacion,propia,mixto,C_congelado_tercero,A_externo,TRUE,TRUE,VALIDA_NO_MAPEADA_NO_EVALUADA,"físicamente válida para CAPEX, pero la interfaz financiera solo consume configuraciones del mapa (configs() de 21); requiere ampliar el mapa (DPV-20-03)"
propia,propias,incubacion,propia,mixto,C_congelado_tercero,B_basico_propio,FALSE,FALSE,VALIDA_NO_MAPEADA_NO_EVALUADA,"físicamente válida para CAPEX, pero la interfaz financiera solo consume configuraciones del mapa (configs() de 21); requiere ampliar el mapa (DPV-20-03)"
propia,propias,incubacion,propia,mixto,C_congelado_tercero,B_basico_propio,FALSE,TRUE,VALIDA_NO_MAPEADA_NO_EVALUADA,"físicamente válida para CAPEX, pero la interfaz financiera solo consume configuraciones del mapa (configs() de 21); requiere ampliar el mapa (DPV-20-03)"
propia,propias,incubacion,propia,mixto,C_congelado_tercero,B_basico_propio,TRUE,FALSE,VALIDA_NO_MAPEADA_NO_EVALUADA,"físicamente válida para CAPEX, pero la interfaz financiera solo consume configuraciones del mapa (configs() de 21); requiere ampliar el mapa (DPV-20-03)"
propia,propias,incubacion,propia,mixto,C_congelado_tercero,B_basico_propio,TRUE,TRUE,VALIDA_NO_MAPEADA_NO_EVALUADA,"físicamente válida para CAPEX, pero la interfaz financiera solo consume configuraciones del mapa (configs() de 21); requiere ampliar el mapa (DPV-20-03)"
propia,mixto,compra,compra,tercero,A_refrigerado,A_externo,FALSE,FALSE,VALIDA_NO_MAPEADA_NO_EVALUADA,"físicamente válida para CAPEX, pero la interfaz financiera solo consume configuraciones del mapa (configs() de 21); requiere ampliar el mapa (DPV-20-03)"
propia,mixto,compra,compra,tercero,A_refrigerado,A_externo,FALSE,TRUE,INVALIDA_FISICAMENTE,reproductoras propias requieren incubación propia (arquitectura futura)
propia,mixto,compra,compra,tercero,A_refrigerado,A_externo,TRUE,FALSE,VALIDA_NO_MAPEADA_NO_EVALUADA,"físicamente válida para CAPEX, pero la interfaz financiera solo consume configuraciones del mapa (configs() de 21); requiere ampliar el mapa (DPV-20-03)"
propia,mixto,compra,compra,tercero,A_refrigerado,A_externo,TRUE,TRUE,INVALIDA_FISICAMENTE,reproductoras propias requieren incubación propia (arquitectura futura)
propia,mixto,compra,compra,tercero,A_refrigerado,B_basico_propio,FALSE,FALSE,VALIDA_NO_MAPEADA_NO_EVALUADA,"físicamente válida para CAPEX, pero la interfaz financiera solo consume configuraciones del mapa (configs() de 21); requiere ampliar el mapa (DPV-20-03)"
propia,mixto,compra,compra,tercero,A_refrigerado,B_basico_propio,FALSE,TRUE,INVALIDA_FISICAMENTE,reproductoras propias requieren incubación propia (arquitectura futura)
propia,mixto,compra,compra,tercero,A_refrigerado,B_basico_propio,TRUE,FALSE,VALIDA_NO_MAPEADA_NO_EVALUADA,"físicamente válida para CAPEX, pero la interfaz financiera solo consume configuraciones del mapa (configs() de 21); requiere ampliar el mapa (DPV-20-03)"
propia,mixto,compra,compra,tercero,A_refrigerado,B_basico_propio,TRUE,TRUE,INVALIDA_FISICAMENTE,reproductoras propias requieren incubación propia (arquitectura futura)
propia,mixto,compra,compra,tercero,B_refrigerado_congelado,A_externo,FALSE,FALSE,VALIDA_NO_MAPEADA_NO_EVALUADA,"físicamente válida para CAPEX, pero la interfaz financiera solo consume configuraciones del mapa (configs() de 21); requiere ampliar el mapa (DPV-20-03)"
propia,mixto,compra,compra,tercero,B_refrigerado_congelado,A_externo,FALSE,TRUE,INVALIDA_FISICAMENTE,reproductoras propias requieren incubación propia (arquitectura futura)
propia,mixto,compra,compra,tercero,B_refrigerado_congelado,A_externo,TRUE,FALSE,VALIDA_NO_MAPEADA_NO_EVALUADA,"físicamente válida para CAPEX, pero la interfaz financiera solo consume configuraciones del mapa (configs() de 21); requiere ampliar el mapa (DPV-20-03)"
propia,mixto,compra,compra,tercero,B_refrigerado_congelado,A_externo,TRUE,TRUE,INVALIDA_FISICAMENTE,reproductoras propias requieren incubación propia (arquitectura futura)
propia,mixto,compra,compra,tercero,B_refrigerado_congelado,B_basico_propio,FALSE,FALSE,VALIDA_NO_MAPEADA_NO_EVALUADA,"físicamente válida para CAPEX, pero la interfaz financiera solo consume configuraciones del mapa (configs() de 21); requiere ampliar el mapa (DPV-20-03)"
propia,mixto,compra,compra,tercero,B_refrigerado_congelado,B_basico_propio,FALSE,TRUE,INVALIDA_FISICAMENTE,reproductoras propias requieren incubación propia (arquitectura futura)
propia,mixto,compra,compra,tercero,B_refrigerado_congelado,B_basico_propio,TRUE,FALSE,VALIDA_NO_MAPEADA_NO_EVALUADA,"físicamente válida para CAPEX, pero la interfaz financiera solo consume configuraciones del mapa (configs() de 21); requiere ampliar el mapa (DPV-20-03)"
propia,mixto,compra,compra,tercero,B_refrigerado_congelado,B_basico_propio,TRUE,TRUE,INVALIDA_FISICAMENTE,reproductoras propias requieren incubación propia (arquitectura futura)
propia,mixto,compra,compra,tercero,C_congelado_tercero,A_externo,FALSE,FALSE,VALIDA_NO_MAPEADA_NO_EVALUADA,"físicamente válida para CAPEX, pero la interfaz financiera solo consume configuraciones del mapa (configs() de 21); requiere ampliar el mapa (DPV-20-03)"
propia,mixto,compra,compra,tercero,C_congelado_tercero,A_externo,FALSE,TRUE,INVALIDA_FISICAMENTE,reproductoras propias requieren incubación propia (arquitectura futura)
propia,mixto,compra,compra,tercero,C_congelado_tercero,A_externo,TRUE,FALSE,VALIDA_NO_MAPEADA_NO_EVALUADA,"físicamente válida para CAPEX, pero la interfaz financiera solo consume configuraciones del mapa (configs() de 21); requiere ampliar el mapa (DPV-20-03)"
propia,mixto,compra,compra,tercero,C_congelado_tercero,A_externo,TRUE,TRUE,INVALIDA_FISICAMENTE,reproductoras propias requieren incubación propia (arquitectura futura)
propia,mixto,compra,compra,tercero,C_congelado_tercero,B_basico_propio,FALSE,FALSE,VALIDA_NO_MAPEADA_NO_EVALUADA,"físicamente válida para CAPEX, pero la interfaz financiera solo consume configuraciones del mapa (configs() de 21); requiere ampliar el mapa (DPV-20-03)"
propia,mixto,compra,compra,tercero,C_congelado_tercero,B_basico_propio,FALSE,TRUE,INVALIDA_FISICAMENTE,reproductoras propias requieren incubación propia (arquitectura futura)
propia,mixto,compra,compra,tercero,C_congelado_tercero,B_basico_propio,TRUE,FALSE,VALIDA_NO_MAPEADA_NO_EVALUADA,"físicamente válida para CAPEX, pero la interfaz financiera solo consume configuraciones del mapa (configs() de 21); requiere ampliar el mapa (DPV-20-03)"
propia,mixto,compra,compra,tercero,C_congelado_tercero,B_basico_propio,TRUE,TRUE,INVALIDA_FISICAMENTE,reproductoras propias requieren incubación propia (arquitectura futura)
propia,mixto,compra,compra,propia,A_refrigerado,A_externo,FALSE,FALSE,VALIDA_NO_MAPEADA_NO_EVALUADA,"físicamente válida para CAPEX, pero la interfaz financiera solo consume configuraciones del mapa (configs() de 21); requiere ampliar el mapa (DPV-20-03)"
propia,mixto,compra,compra,propia,A_refrigerado,A_externo,FALSE,TRUE,INVALIDA_FISICAMENTE,reproductoras propias requieren incubación propia (arquitectura futura)
propia,mixto,compra,compra,propia,A_refrigerado,A_externo,TRUE,FALSE,VALIDA_NO_MAPEADA_NO_EVALUADA,"físicamente válida para CAPEX, pero la interfaz financiera solo consume configuraciones del mapa (configs() de 21); requiere ampliar el mapa (DPV-20-03)"
propia,mixto,compra,compra,propia,A_refrigerado,A_externo,TRUE,TRUE,INVALIDA_FISICAMENTE,reproductoras propias requieren incubación propia (arquitectura futura)
propia,mixto,compra,compra,propia,A_refrigerado,B_basico_propio,FALSE,FALSE,VALIDA_NO_MAPEADA_NO_EVALUADA,"físicamente válida para CAPEX, pero la interfaz financiera solo consume configuraciones del mapa (configs() de 21); requiere ampliar el mapa (DPV-20-03)"
propia,mixto,compra,compra,propia,A_refrigerado,B_basico_propio,FALSE,TRUE,INVALIDA_FISICAMENTE,reproductoras propias requieren incubación propia (arquitectura futura)
propia,mixto,compra,compra,propia,A_refrigerado,B_basico_propio,TRUE,FALSE,VALIDA_NO_MAPEADA_NO_EVALUADA,"físicamente válida para CAPEX, pero la interfaz financiera solo consume configuraciones del mapa (configs() de 21); requiere ampliar el mapa (DPV-20-03)"
propia,mixto,compra,compra,propia,A_refrigerado,B_basico_propio,TRUE,TRUE,INVALIDA_FISICAMENTE,reproductoras propias requieren incubación propia (arquitectura futura)
propia,mixto,compra,compra,propia,B_refrigerado_congelado,A_externo,FALSE,FALSE,VALIDA_NO_MAPEADA_NO_EVALUADA,"físicamente válida para CAPEX, pero la interfaz financiera solo consume configuraciones del mapa (configs() de 21); requiere ampliar el mapa (DPV-20-03)"
propia,mixto,compra,compra,propia,B_refrigerado_congelado,A_externo,FALSE,TRUE,INVALIDA_FISICAMENTE,reproductoras propias requieren incubación propia (arquitectura futura)
propia,mixto,compra,compra,propia,B_refrigerado_congelado,A_externo,TRUE,FALSE,VALIDA_NO_MAPEADA_NO_EVALUADA,"físicamente válida para CAPEX, pero la interfaz financiera solo consume configuraciones del mapa (configs() de 21); requiere ampliar el mapa (DPV-20-03)"
propia,mixto,compra,compra,propia,B_refrigerado_congelado,A_externo,TRUE,TRUE,INVALIDA_FISICAMENTE,reproductoras propias requieren incubación propia (arquitectura futura)
propia,mixto,compra,compra,propia,B_refrigerado_congelado,B_basico_propio,FALSE,FALSE,VALIDA_NO_MAPEADA_NO_EVALUADA,"físicamente válida para CAPEX, pero la interfaz financiera solo consume configuraciones del mapa (configs() de 21); requiere ampliar el mapa (DPV-20-03)"
propia,mixto,compra,compra,propia,B_refrigerado_congelado,B_basico_propio,FALSE,TRUE,INVALIDA_FISICAMENTE,reproductoras propias requieren incubación propia (arquitectura futura)
propia,mixto,compra,compra,propia,B_refrigerado_congelado,B_basico_propio,TRUE,FALSE,VALIDA_NO_MAPEADA_NO_EVALUADA,"físicamente válida para CAPEX, pero la interfaz financiera solo consume configuraciones del mapa (configs() de 21); requiere ampliar el mapa (DPV-20-03)"
propia,mixto,compra,compra,propia,B_refrigerado_congelado,B_basico_propio,TRUE,TRUE,INVALIDA_FISICAMENTE,reproductoras propias requieren incubación propia (arquitectura futura)
propia,mixto,compra,compra,propia,C_congelado_tercero,A_externo,FALSE,FALSE,VALIDA_NO_MAPEADA_NO_EVALUADA,"físicamente válida para CAPEX, pero la interfaz financiera solo consume configuraciones del mapa (configs() de 21); requiere ampliar el mapa (DPV-20-03)"
propia,mixto,compra,compra,propia,C_congelado_tercero,A_externo,FALSE,TRUE,INVALIDA_FISICAMENTE,reproductoras propias requieren incubación propia (arquitectura futura)
propia,mixto,compra,compra,propia,C_congelado_tercero,A_externo,TRUE,FALSE,VALIDA_NO_MAPEADA_NO_EVALUADA,"físicamente válida para CAPEX, pero la interfaz financiera solo consume configuraciones del mapa (configs() de 21); requiere ampliar el mapa (DPV-20-03)"
propia,mixto,compra,compra,propia,C_congelado_tercero,A_externo,TRUE,TRUE,INVALIDA_FISICAMENTE,reproductoras propias requieren incubación propia (arquitectura futura)
propia,mixto,compra,compra,propia,C_congelado_tercero,B_basico_propio,FALSE,FALSE,VALIDA_NO_MAPEADA_NO_EVALUADA,"físicamente válida para CAPEX, pero la interfaz financiera solo consume configuraciones del mapa (configs() de 21); requiere ampliar el mapa (DPV-20-03)"
propia,mixto,compra,compra,propia,C_congelado_tercero,B_basico_propio,FALSE,TRUE,INVALIDA_FISICAMENTE,reproductoras propias requieren incubación propia (arquitectura futura)
propia,mixto,compra,compra,propia,C_congelado_tercero,B_basico_propio,TRUE,FALSE,VALIDA_NO_MAPEADA_NO_EVALUADA,"físicamente válida para CAPEX, pero la interfaz financiera solo consume configuraciones del mapa (configs() de 21); requiere ampliar el mapa (DPV-20-03)"
propia,mixto,compra,compra,propia,C_congelado_tercero,B_basico_propio,TRUE,TRUE,INVALIDA_FISICAMENTE,reproductoras propias requieren incubación propia (arquitectura futura)
propia,mixto,compra,compra,mixto,A_refrigerado,A_externo,FALSE,FALSE,VALIDA_NO_MAPEADA_NO_EVALUADA,"físicamente válida para CAPEX, pero la interfaz financiera solo consume configuraciones del mapa (configs() de 21); requiere ampliar el mapa (DPV-20-03)"
propia,mixto,compra,compra,mixto,A_refrigerado,A_externo,FALSE,TRUE,INVALIDA_FISICAMENTE,reproductoras propias requieren incubación propia (arquitectura futura)
propia,mixto,compra,compra,mixto,A_refrigerado,A_externo,TRUE,FALSE,VALIDA_NO_MAPEADA_NO_EVALUADA,"físicamente válida para CAPEX, pero la interfaz financiera solo consume configuraciones del mapa (configs() de 21); requiere ampliar el mapa (DPV-20-03)"
propia,mixto,compra,compra,mixto,A_refrigerado,A_externo,TRUE,TRUE,INVALIDA_FISICAMENTE,reproductoras propias requieren incubación propia (arquitectura futura)
propia,mixto,compra,compra,mixto,A_refrigerado,B_basico_propio,FALSE,FALSE,VALIDA_NO_MAPEADA_NO_EVALUADA,"físicamente válida para CAPEX, pero la interfaz financiera solo consume configuraciones del mapa (configs() de 21); requiere ampliar el mapa (DPV-20-03)"
propia,mixto,compra,compra,mixto,A_refrigerado,B_basico_propio,FALSE,TRUE,INVALIDA_FISICAMENTE,reproductoras propias requieren incubación propia (arquitectura futura)
propia,mixto,compra,compra,mixto,A_refrigerado,B_basico_propio,TRUE,FALSE,VALIDA_NO_MAPEADA_NO_EVALUADA,"físicamente válida para CAPEX, pero la interfaz financiera solo consume configuraciones del mapa (configs() de 21); requiere ampliar el mapa (DPV-20-03)"
propia,mixto,compra,compra,mixto,A_refrigerado,B_basico_propio,TRUE,TRUE,INVALIDA_FISICAMENTE,reproductoras propias requieren incubación propia (arquitectura futura)
propia,mixto,compra,compra,mixto,B_refrigerado_congelado,A_externo,FALSE,FALSE,VALIDA_NO_MAPEADA_NO_EVALUADA,"físicamente válida para CAPEX, pero la interfaz financiera solo consume configuraciones del mapa (configs() de 21); requiere ampliar el mapa (DPV-20-03)"
propia,mixto,compra,compra,mixto,B_refrigerado_congelado,A_externo,FALSE,TRUE,INVALIDA_FISICAMENTE,reproductoras propias requieren incubación propia (arquitectura futura)
propia,mixto,compra,compra,mixto,B_refrigerado_congelado,A_externo,TRUE,FALSE,VALIDA_NO_MAPEADA_NO_EVALUADA,"físicamente válida para CAPEX, pero la interfaz financiera solo consume configuraciones del mapa (configs() de 21); requiere ampliar el mapa (DPV-20-03)"
propia,mixto,compra,compra,mixto,B_refrigerado_congelado,A_externo,TRUE,TRUE,INVALIDA_FISICAMENTE,reproductoras propias requieren incubación propia (arquitectura futura)
propia,mixto,compra,compra,mixto,B_refrigerado_congelado,B_basico_propio,FALSE,FALSE,VALIDA_NO_MAPEADA_NO_EVALUADA,"físicamente válida para CAPEX, pero la interfaz financiera solo consume configuraciones del mapa (configs() de 21); requiere ampliar el mapa (DPV-20-03)"
propia,mixto,compra,compra,mixto,B_refrigerado_congelado,B_basico_propio,FALSE,TRUE,INVALIDA_FISICAMENTE,reproductoras propias requieren incubación propia (arquitectura futura)
propia,mixto,compra,compra,mixto,B_refrigerado_congelado,B_basico_propio,TRUE,FALSE,VALIDA_NO_MAPEADA_NO_EVALUADA,"físicamente válida para CAPEX, pero la interfaz financiera solo consume configuraciones del mapa (configs() de 21); requiere ampliar el mapa (DPV-20-03)"
propia,mixto,compra,compra,mixto,B_refrigerado_congelado,B_basico_propio,TRUE,TRUE,INVALIDA_FISICAMENTE,reproductoras propias requieren incubación propia (arquitectura futura)
propia,mixto,compra,compra,mixto,C_congelado_tercero,A_externo,FALSE,FALSE,VALIDA_NO_MAPEADA_NO_EVALUADA,"físicamente válida para CAPEX, pero la interfaz financiera solo consume configuraciones del mapa (configs() de 21); requiere ampliar el mapa (DPV-20-03)"
propia,mixto,compra,compra,mixto,C_congelado_tercero,A_externo,FALSE,TRUE,INVALIDA_FISICAMENTE,reproductoras propias requieren incubación propia (arquitectura futura)
propia,mixto,compra,compra,mixto,C_congelado_tercero,A_externo,TRUE,FALSE,VALIDA_NO_MAPEADA_NO_EVALUADA,"físicamente válida para CAPEX, pero la interfaz financiera solo consume configuraciones del mapa (configs() de 21); requiere ampliar el mapa (DPV-20-03)"
propia,mixto,compra,compra,mixto,C_congelado_tercero,A_externo,TRUE,TRUE,INVALIDA_FISICAMENTE,reproductoras propias requieren incubación propia (arquitectura futura)
propia,mixto,compra,compra,mixto,C_congelado_tercero,B_basico_propio,FALSE,FALSE,VALIDA_NO_MAPEADA_NO_EVALUADA,"físicamente válida para CAPEX, pero la interfaz financiera solo consume configuraciones del mapa (configs() de 21); requiere ampliar el mapa (DPV-20-03)"
propia,mixto,compra,compra,mixto,C_congelado_tercero,B_basico_propio,FALSE,TRUE,INVALIDA_FISICAMENTE,reproductoras propias requieren incubación propia (arquitectura futura)
propia,mixto,compra,compra,mixto,C_congelado_tercero,B_basico_propio,TRUE,FALSE,VALIDA_NO_MAPEADA_NO_EVALUADA,"físicamente válida para CAPEX, pero la interfaz financiera solo consume configuraciones del mapa (configs() de 21); requiere ampliar el mapa (DPV-20-03)"
propia,mixto,compra,compra,mixto,C_congelado_tercero,B_basico_propio,TRUE,TRUE,INVALIDA_FISICAMENTE,reproductoras propias requieren incubación propia (arquitectura futura)
propia,mixto,compra,facon,tercero,A_refrigerado,A_externo,FALSE,FALSE,VALIDA_NO_MAPEADA_NO_EVALUADA,"físicamente válida para CAPEX, pero la interfaz financiera solo consume configuraciones del mapa (configs() de 21); requiere ampliar el mapa (DPV-20-03)"
propia,mixto,compra,facon,tercero,A_refrigerado,A_externo,FALSE,TRUE,INVALIDA_FISICAMENTE,reproductoras propias requieren incubación propia (arquitectura futura)
propia,mixto,compra,facon,tercero,A_refrigerado,A_externo,TRUE,FALSE,VALIDA_NO_MAPEADA_NO_EVALUADA,"físicamente válida para CAPEX, pero la interfaz financiera solo consume configuraciones del mapa (configs() de 21); requiere ampliar el mapa (DPV-20-03)"
propia,mixto,compra,facon,tercero,A_refrigerado,A_externo,TRUE,TRUE,INVALIDA_FISICAMENTE,reproductoras propias requieren incubación propia (arquitectura futura)
propia,mixto,compra,facon,tercero,A_refrigerado,B_basico_propio,FALSE,FALSE,VALIDA_NO_MAPEADA_NO_EVALUADA,"físicamente válida para CAPEX, pero la interfaz financiera solo consume configuraciones del mapa (configs() de 21); requiere ampliar el mapa (DPV-20-03)"
propia,mixto,compra,facon,tercero,A_refrigerado,B_basico_propio,FALSE,TRUE,INVALIDA_FISICAMENTE,reproductoras propias requieren incubación propia (arquitectura futura)
propia,mixto,compra,facon,tercero,A_refrigerado,B_basico_propio,TRUE,FALSE,VALIDA_NO_MAPEADA_NO_EVALUADA,"físicamente válida para CAPEX, pero la interfaz financiera solo consume configuraciones del mapa (configs() de 21); requiere ampliar el mapa (DPV-20-03)"
propia,mixto,compra,facon,tercero,A_refrigerado,B_basico_propio,TRUE,TRUE,INVALIDA_FISICAMENTE,reproductoras propias requieren incubación propia (arquitectura futura)
propia,mixto,compra,facon,tercero,B_refrigerado_congelado,A_externo,FALSE,FALSE,VALIDA_NO_MAPEADA_NO_EVALUADA,"físicamente válida para CAPEX, pero la interfaz financiera solo consume configuraciones del mapa (configs() de 21); requiere ampliar el mapa (DPV-20-03)"
propia,mixto,compra,facon,tercero,B_refrigerado_congelado,A_externo,FALSE,TRUE,INVALIDA_FISICAMENTE,reproductoras propias requieren incubación propia (arquitectura futura)
propia,mixto,compra,facon,tercero,B_refrigerado_congelado,A_externo,TRUE,FALSE,VALIDA_NO_MAPEADA_NO_EVALUADA,"físicamente válida para CAPEX, pero la interfaz financiera solo consume configuraciones del mapa (configs() de 21); requiere ampliar el mapa (DPV-20-03)"
propia,mixto,compra,facon,tercero,B_refrigerado_congelado,A_externo,TRUE,TRUE,INVALIDA_FISICAMENTE,reproductoras propias requieren incubación propia (arquitectura futura)
propia,mixto,compra,facon,tercero,B_refrigerado_congelado,B_basico_propio,FALSE,FALSE,VALIDA_NO_MAPEADA_NO_EVALUADA,"físicamente válida para CAPEX, pero la interfaz financiera solo consume configuraciones del mapa (configs() de 21); requiere ampliar el mapa (DPV-20-03)"
propia,mixto,compra,facon,tercero,B_refrigerado_congelado,B_basico_propio,FALSE,TRUE,INVALIDA_FISICAMENTE,reproductoras propias requieren incubación propia (arquitectura futura)
propia,mixto,compra,facon,tercero,B_refrigerado_congelado,B_basico_propio,TRUE,FALSE,VALIDA_NO_MAPEADA_NO_EVALUADA,"físicamente válida para CAPEX, pero la interfaz financiera solo consume configuraciones del mapa (configs() de 21); requiere ampliar el mapa (DPV-20-03)"
propia,mixto,compra,facon,tercero,B_refrigerado_congelado,B_basico_propio,TRUE,TRUE,INVALIDA_FISICAMENTE,reproductoras propias requieren incubación propia (arquitectura futura)
propia,mixto,compra,facon,tercero,C_congelado_tercero,A_externo,FALSE,FALSE,VALIDA_NO_MAPEADA_NO_EVALUADA,"físicamente válida para CAPEX, pero la interfaz financiera solo consume configuraciones del mapa (configs() de 21); requiere ampliar el mapa (DPV-20-03)"
propia,mixto,compra,facon,tercero,C_congelado_tercero,A_externo,FALSE,TRUE,INVALIDA_FISICAMENTE,reproductoras propias requieren incubación propia (arquitectura futura)
propia,mixto,compra,facon,tercero,C_congelado_tercero,A_externo,TRUE,FALSE,VALIDA_NO_MAPEADA_NO_EVALUADA,"físicamente válida para CAPEX, pero la interfaz financiera solo consume configuraciones del mapa (configs() de 21); requiere ampliar el mapa (DPV-20-03)"
propia,mixto,compra,facon,tercero,C_congelado_tercero,A_externo,TRUE,TRUE,INVALIDA_FISICAMENTE,reproductoras propias requieren incubación propia (arquitectura futura)
propia,mixto,compra,facon,tercero,C_congelado_tercero,B_basico_propio,FALSE,FALSE,VALIDA_NO_MAPEADA_NO_EVALUADA,"físicamente válida para CAPEX, pero la interfaz financiera solo consume configuraciones del mapa (configs() de 21); requiere ampliar el mapa (DPV-20-03)"
propia,mixto,compra,facon,tercero,C_congelado_tercero,B_basico_propio,FALSE,TRUE,INVALIDA_FISICAMENTE,reproductoras propias requieren incubación propia (arquitectura futura)
propia,mixto,compra,facon,tercero,C_congelado_tercero,B_basico_propio,TRUE,FALSE,VALIDA_NO_MAPEADA_NO_EVALUADA,"físicamente válida para CAPEX, pero la interfaz financiera solo consume configuraciones del mapa (configs() de 21); requiere ampliar el mapa (DPV-20-03)"
propia,mixto,compra,facon,tercero,C_congelado_tercero,B_basico_propio,TRUE,TRUE,INVALIDA_FISICAMENTE,reproductoras propias requieren incubación propia (arquitectura futura)
propia,mixto,compra,facon,propia,A_refrigerado,A_externo,FALSE,FALSE,VALIDA_NO_MAPEADA_NO_EVALUADA,"físicamente válida para CAPEX, pero la interfaz financiera solo consume configuraciones del mapa (configs() de 21); requiere ampliar el mapa (DPV-20-03)"
propia,mixto,compra,facon,propia,A_refrigerado,A_externo,FALSE,TRUE,INVALIDA_FISICAMENTE,reproductoras propias requieren incubación propia (arquitectura futura)
propia,mixto,compra,facon,propia,A_refrigerado,A_externo,TRUE,FALSE,VALIDA_NO_MAPEADA_NO_EVALUADA,"físicamente válida para CAPEX, pero la interfaz financiera solo consume configuraciones del mapa (configs() de 21); requiere ampliar el mapa (DPV-20-03)"
propia,mixto,compra,facon,propia,A_refrigerado,A_externo,TRUE,TRUE,INVALIDA_FISICAMENTE,reproductoras propias requieren incubación propia (arquitectura futura)
propia,mixto,compra,facon,propia,A_refrigerado,B_basico_propio,FALSE,FALSE,VALIDA_NO_MAPEADA_NO_EVALUADA,"físicamente válida para CAPEX, pero la interfaz financiera solo consume configuraciones del mapa (configs() de 21); requiere ampliar el mapa (DPV-20-03)"
propia,mixto,compra,facon,propia,A_refrigerado,B_basico_propio,FALSE,TRUE,INVALIDA_FISICAMENTE,reproductoras propias requieren incubación propia (arquitectura futura)
propia,mixto,compra,facon,propia,A_refrigerado,B_basico_propio,TRUE,FALSE,VALIDA_NO_MAPEADA_NO_EVALUADA,"físicamente válida para CAPEX, pero la interfaz financiera solo consume configuraciones del mapa (configs() de 21); requiere ampliar el mapa (DPV-20-03)"
propia,mixto,compra,facon,propia,A_refrigerado,B_basico_propio,TRUE,TRUE,INVALIDA_FISICAMENTE,reproductoras propias requieren incubación propia (arquitectura futura)
propia,mixto,compra,facon,propia,B_refrigerado_congelado,A_externo,FALSE,FALSE,VALIDA_NO_MAPEADA_NO_EVALUADA,"físicamente válida para CAPEX, pero la interfaz financiera solo consume configuraciones del mapa (configs() de 21); requiere ampliar el mapa (DPV-20-03)"
propia,mixto,compra,facon,propia,B_refrigerado_congelado,A_externo,FALSE,TRUE,INVALIDA_FISICAMENTE,reproductoras propias requieren incubación propia (arquitectura futura)
propia,mixto,compra,facon,propia,B_refrigerado_congelado,A_externo,TRUE,FALSE,VALIDA_NO_MAPEADA_NO_EVALUADA,"físicamente válida para CAPEX, pero la interfaz financiera solo consume configuraciones del mapa (configs() de 21); requiere ampliar el mapa (DPV-20-03)"
propia,mixto,compra,facon,propia,B_refrigerado_congelado,A_externo,TRUE,TRUE,INVALIDA_FISICAMENTE,reproductoras propias requieren incubación propia (arquitectura futura)
propia,mixto,compra,facon,propia,B_refrigerado_congelado,B_basico_propio,FALSE,FALSE,VALIDA_NO_MAPEADA_NO_EVALUADA,"físicamente válida para CAPEX, pero la interfaz financiera solo consume configuraciones del mapa (configs() de 21); requiere ampliar el mapa (DPV-20-03)"
propia,mixto,compra,facon,propia,B_refrigerado_congelado,B_basico_propio,FALSE,TRUE,INVALIDA_FISICAMENTE,reproductoras propias requieren incubación propia (arquitectura futura)
propia,mixto,compra,facon,propia,B_refrigerado_congelado,B_basico_propio,TRUE,FALSE,VALIDA_NO_MAPEADA_NO_EVALUADA,"físicamente válida para CAPEX, pero la interfaz financiera solo consume configuraciones del mapa (configs() de 21); requiere ampliar el mapa (DPV-20-03)"
propia,mixto,compra,facon,propia,B_refrigerado_congelado,B_basico_propio,TRUE,TRUE,INVALIDA_FISICAMENTE,reproductoras propias requieren incubación propia (arquitectura futura)
propia,mixto,compra,facon,propia,C_congelado_tercero,A_externo,FALSE,FALSE,VALIDA_NO_MAPEADA_NO_EVALUADA,"físicamente válida para CAPEX, pero la interfaz financiera solo consume configuraciones del mapa (configs() de 21); requiere ampliar el mapa (DPV-20-03)"
propia,mixto,compra,facon,propia,C_congelado_tercero,A_externo,FALSE,TRUE,INVALIDA_FISICAMENTE,reproductoras propias requieren incubación propia (arquitectura futura)
propia,mixto,compra,facon,propia,C_congelado_tercero,A_externo,TRUE,FALSE,VALIDA_NO_MAPEADA_NO_EVALUADA,"físicamente válida para CAPEX, pero la interfaz financiera solo consume configuraciones del mapa (configs() de 21); requiere ampliar el mapa (DPV-20-03)"
propia,mixto,compra,facon,propia,C_congelado_tercero,A_externo,TRUE,TRUE,INVALIDA_FISICAMENTE,reproductoras propias requieren incubación propia (arquitectura futura)
propia,mixto,compra,facon,propia,C_congelado_tercero,B_basico_propio,FALSE,FALSE,VALIDA_NO_MAPEADA_NO_EVALUADA,"físicamente válida para CAPEX, pero la interfaz financiera solo consume configuraciones del mapa (configs() de 21); requiere ampliar el mapa (DPV-20-03)"
propia,mixto,compra,facon,propia,C_congelado_tercero,B_basico_propio,FALSE,TRUE,INVALIDA_FISICAMENTE,reproductoras propias requieren incubación propia (arquitectura futura)
propia,mixto,compra,facon,propia,C_congelado_tercero,B_basico_propio,TRUE,FALSE,VALIDA_NO_MAPEADA_NO_EVALUADA,"físicamente válida para CAPEX, pero la interfaz financiera solo consume configuraciones del mapa (configs() de 21); requiere ampliar el mapa (DPV-20-03)"
propia,mixto,compra,facon,propia,C_congelado_tercero,B_basico_propio,TRUE,TRUE,INVALIDA_FISICAMENTE,reproductoras propias requieren incubación propia (arquitectura futura)
propia,mixto,compra,facon,mixto,A_refrigerado,A_externo,FALSE,FALSE,VALIDA_NO_MAPEADA_NO_EVALUADA,"físicamente válida para CAPEX, pero la interfaz financiera solo consume configuraciones del mapa (configs() de 21); requiere ampliar el mapa (DPV-20-03)"
propia,mixto,compra,facon,mixto,A_refrigerado,A_externo,FALSE,TRUE,INVALIDA_FISICAMENTE,reproductoras propias requieren incubación propia (arquitectura futura)
propia,mixto,compra,facon,mixto,A_refrigerado,A_externo,TRUE,FALSE,VALIDA_NO_MAPEADA_NO_EVALUADA,"físicamente válida para CAPEX, pero la interfaz financiera solo consume configuraciones del mapa (configs() de 21); requiere ampliar el mapa (DPV-20-03)"
propia,mixto,compra,facon,mixto,A_refrigerado,A_externo,TRUE,TRUE,INVALIDA_FISICAMENTE,reproductoras propias requieren incubación propia (arquitectura futura)
propia,mixto,compra,facon,mixto,A_refrigerado,B_basico_propio,FALSE,FALSE,VALIDA_NO_MAPEADA_NO_EVALUADA,"físicamente válida para CAPEX, pero la interfaz financiera solo consume configuraciones del mapa (configs() de 21); requiere ampliar el mapa (DPV-20-03)"
propia,mixto,compra,facon,mixto,A_refrigerado,B_basico_propio,FALSE,TRUE,INVALIDA_FISICAMENTE,reproductoras propias requieren incubación propia (arquitectura futura)
propia,mixto,compra,facon,mixto,A_refrigerado,B_basico_propio,TRUE,FALSE,VALIDA_NO_MAPEADA_NO_EVALUADA,"físicamente válida para CAPEX, pero la interfaz financiera solo consume configuraciones del mapa (configs() de 21); requiere ampliar el mapa (DPV-20-03)"
propia,mixto,compra,facon,mixto,A_refrigerado,B_basico_propio,TRUE,TRUE,INVALIDA_FISICAMENTE,reproductoras propias requieren incubación propia (arquitectura futura)
propia,mixto,compra,facon,mixto,B_refrigerado_congelado,A_externo,FALSE,FALSE,EN_MAPA_EVALUADA,"configuraciones C2, C2-10000-FACON-MP-EMPRESA"
propia,mixto,compra,facon,mixto,B_refrigerado_congelado,A_externo,FALSE,TRUE,INVALIDA_FISICAMENTE,reproductoras propias requieren incubación propia (arquitectura futura)
propia,mixto,compra,facon,mixto,B_refrigerado_congelado,A_externo,TRUE,FALSE,VALIDA_NO_MAPEADA_NO_EVALUADA,"físicamente válida para CAPEX, pero la interfaz financiera solo consume configuraciones del mapa (configs() de 21); requiere ampliar el mapa (DPV-20-03)"
propia,mixto,compra,facon,mixto,B_refrigerado_congelado,A_externo,TRUE,TRUE,INVALIDA_FISICAMENTE,reproductoras propias requieren incubación propia (arquitectura futura)
propia,mixto,compra,facon,mixto,B_refrigerado_congelado,B_basico_propio,FALSE,FALSE,VALIDA_NO_MAPEADA_NO_EVALUADA,"físicamente válida para CAPEX, pero la interfaz financiera solo consume configuraciones del mapa (configs() de 21); requiere ampliar el mapa (DPV-20-03)"
propia,mixto,compra,facon,mixto,B_refrigerado_congelado,B_basico_propio,FALSE,TRUE,INVALIDA_FISICAMENTE,reproductoras propias requieren incubación propia (arquitectura futura)
propia,mixto,compra,facon,mixto,B_refrigerado_congelado,B_basico_propio,TRUE,FALSE,VALIDA_NO_MAPEADA_NO_EVALUADA,"físicamente válida para CAPEX, pero la interfaz financiera solo consume configuraciones del mapa (configs() de 21); requiere ampliar el mapa (DPV-20-03)"
propia,mixto,compra,facon,mixto,B_refrigerado_congelado,B_basico_propio,TRUE,TRUE,INVALIDA_FISICAMENTE,reproductoras propias requieren incubación propia (arquitectura futura)
propia,mixto,compra,facon,mixto,C_congelado_tercero,A_externo,FALSE,FALSE,VALIDA_NO_MAPEADA_NO_EVALUADA,"físicamente válida para CAPEX, pero la interfaz financiera solo consume configuraciones del mapa (configs() de 21); requiere ampliar el mapa (DPV-20-03)"
propia,mixto,compra,facon,mixto,C_congelado_tercero,A_externo,FALSE,TRUE,INVALIDA_FISICAMENTE,reproductoras propias requieren incubación propia (arquitectura futura)
propia,mixto,compra,facon,mixto,C_congelado_tercero,A_externo,TRUE,FALSE,VALIDA_NO_MAPEADA_NO_EVALUADA,"físicamente válida para CAPEX, pero la interfaz financiera solo consume configuraciones del mapa (configs() de 21); requiere ampliar el mapa (DPV-20-03)"
propia,mixto,compra,facon,mixto,C_congelado_tercero,A_externo,TRUE,TRUE,INVALIDA_FISICAMENTE,reproductoras propias requieren incubación propia (arquitectura futura)
propia,mixto,compra,facon,mixto,C_congelado_tercero,B_basico_propio,FALSE,FALSE,VALIDA_NO_MAPEADA_NO_EVALUADA,"físicamente válida para CAPEX, pero la interfaz financiera solo consume configuraciones del mapa (configs() de 21); requiere ampliar el mapa (DPV-20-03)"
propia,mixto,compra,facon,mixto,C_congelado_tercero,B_basico_propio,FALSE,TRUE,INVALIDA_FISICAMENTE,reproductoras propias requieren incubación propia (arquitectura futura)
propia,mixto,compra,facon,mixto,C_congelado_tercero,B_basico_propio,TRUE,FALSE,VALIDA_NO_MAPEADA_NO_EVALUADA,"físicamente válida para CAPEX, pero la interfaz financiera solo consume configuraciones del mapa (configs() de 21); requiere ampliar el mapa (DPV-20-03)"
propia,mixto,compra,facon,mixto,C_congelado_tercero,B_basico_propio,TRUE,TRUE,INVALIDA_FISICAMENTE,reproductoras propias requieren incubación propia (arquitectura futura)
propia,mixto,compra,propia,tercero,A_refrigerado,A_externo,FALSE,FALSE,VALIDA_NO_MAPEADA_NO_EVALUADA,"físicamente válida para CAPEX, pero la interfaz financiera solo consume configuraciones del mapa (configs() de 21); requiere ampliar el mapa (DPV-20-03)"
propia,mixto,compra,propia,tercero,A_refrigerado,A_externo,FALSE,TRUE,INVALIDA_FISICAMENTE,reproductoras propias requieren incubación propia (arquitectura futura)
propia,mixto,compra,propia,tercero,A_refrigerado,A_externo,TRUE,FALSE,VALIDA_NO_MAPEADA_NO_EVALUADA,"físicamente válida para CAPEX, pero la interfaz financiera solo consume configuraciones del mapa (configs() de 21); requiere ampliar el mapa (DPV-20-03)"
propia,mixto,compra,propia,tercero,A_refrigerado,A_externo,TRUE,TRUE,INVALIDA_FISICAMENTE,reproductoras propias requieren incubación propia (arquitectura futura)
propia,mixto,compra,propia,tercero,A_refrigerado,B_basico_propio,FALSE,FALSE,VALIDA_NO_MAPEADA_NO_EVALUADA,"físicamente válida para CAPEX, pero la interfaz financiera solo consume configuraciones del mapa (configs() de 21); requiere ampliar el mapa (DPV-20-03)"
propia,mixto,compra,propia,tercero,A_refrigerado,B_basico_propio,FALSE,TRUE,INVALIDA_FISICAMENTE,reproductoras propias requieren incubación propia (arquitectura futura)
propia,mixto,compra,propia,tercero,A_refrigerado,B_basico_propio,TRUE,FALSE,VALIDA_NO_MAPEADA_NO_EVALUADA,"físicamente válida para CAPEX, pero la interfaz financiera solo consume configuraciones del mapa (configs() de 21); requiere ampliar el mapa (DPV-20-03)"
propia,mixto,compra,propia,tercero,A_refrigerado,B_basico_propio,TRUE,TRUE,INVALIDA_FISICAMENTE,reproductoras propias requieren incubación propia (arquitectura futura)
propia,mixto,compra,propia,tercero,B_refrigerado_congelado,A_externo,FALSE,FALSE,VALIDA_NO_MAPEADA_NO_EVALUADA,"físicamente válida para CAPEX, pero la interfaz financiera solo consume configuraciones del mapa (configs() de 21); requiere ampliar el mapa (DPV-20-03)"
propia,mixto,compra,propia,tercero,B_refrigerado_congelado,A_externo,FALSE,TRUE,INVALIDA_FISICAMENTE,reproductoras propias requieren incubación propia (arquitectura futura)
propia,mixto,compra,propia,tercero,B_refrigerado_congelado,A_externo,TRUE,FALSE,VALIDA_NO_MAPEADA_NO_EVALUADA,"físicamente válida para CAPEX, pero la interfaz financiera solo consume configuraciones del mapa (configs() de 21); requiere ampliar el mapa (DPV-20-03)"
propia,mixto,compra,propia,tercero,B_refrigerado_congelado,A_externo,TRUE,TRUE,INVALIDA_FISICAMENTE,reproductoras propias requieren incubación propia (arquitectura futura)
propia,mixto,compra,propia,tercero,B_refrigerado_congelado,B_basico_propio,FALSE,FALSE,VALIDA_NO_MAPEADA_NO_EVALUADA,"físicamente válida para CAPEX, pero la interfaz financiera solo consume configuraciones del mapa (configs() de 21); requiere ampliar el mapa (DPV-20-03)"
propia,mixto,compra,propia,tercero,B_refrigerado_congelado,B_basico_propio,FALSE,TRUE,INVALIDA_FISICAMENTE,reproductoras propias requieren incubación propia (arquitectura futura)
propia,mixto,compra,propia,tercero,B_refrigerado_congelado,B_basico_propio,TRUE,FALSE,VALIDA_NO_MAPEADA_NO_EVALUADA,"físicamente válida para CAPEX, pero la interfaz financiera solo consume configuraciones del mapa (configs() de 21); requiere ampliar el mapa (DPV-20-03)"
propia,mixto,compra,propia,tercero,B_refrigerado_congelado,B_basico_propio,TRUE,TRUE,INVALIDA_FISICAMENTE,reproductoras propias requieren incubación propia (arquitectura futura)
propia,mixto,compra,propia,tercero,C_congelado_tercero,A_externo,FALSE,FALSE,VALIDA_NO_MAPEADA_NO_EVALUADA,"físicamente válida para CAPEX, pero la interfaz financiera solo consume configuraciones del mapa (configs() de 21); requiere ampliar el mapa (DPV-20-03)"
propia,mixto,compra,propia,tercero,C_congelado_tercero,A_externo,FALSE,TRUE,INVALIDA_FISICAMENTE,reproductoras propias requieren incubación propia (arquitectura futura)
propia,mixto,compra,propia,tercero,C_congelado_tercero,A_externo,TRUE,FALSE,VALIDA_NO_MAPEADA_NO_EVALUADA,"físicamente válida para CAPEX, pero la interfaz financiera solo consume configuraciones del mapa (configs() de 21); requiere ampliar el mapa (DPV-20-03)"
propia,mixto,compra,propia,tercero,C_congelado_tercero,A_externo,TRUE,TRUE,INVALIDA_FISICAMENTE,reproductoras propias requieren incubación propia (arquitectura futura)
propia,mixto,compra,propia,tercero,C_congelado_tercero,B_basico_propio,FALSE,FALSE,VALIDA_NO_MAPEADA_NO_EVALUADA,"físicamente válida para CAPEX, pero la interfaz financiera solo consume configuraciones del mapa (configs() de 21); requiere ampliar el mapa (DPV-20-03)"
propia,mixto,compra,propia,tercero,C_congelado_tercero,B_basico_propio,FALSE,TRUE,INVALIDA_FISICAMENTE,reproductoras propias requieren incubación propia (arquitectura futura)
propia,mixto,compra,propia,tercero,C_congelado_tercero,B_basico_propio,TRUE,FALSE,VALIDA_NO_MAPEADA_NO_EVALUADA,"físicamente válida para CAPEX, pero la interfaz financiera solo consume configuraciones del mapa (configs() de 21); requiere ampliar el mapa (DPV-20-03)"
propia,mixto,compra,propia,tercero,C_congelado_tercero,B_basico_propio,TRUE,TRUE,INVALIDA_FISICAMENTE,reproductoras propias requieren incubación propia (arquitectura futura)
propia,mixto,compra,propia,propia,A_refrigerado,A_externo,FALSE,FALSE,VALIDA_NO_MAPEADA_NO_EVALUADA,"físicamente válida para CAPEX, pero la interfaz financiera solo consume configuraciones del mapa (configs() de 21); requiere ampliar el mapa (DPV-20-03)"
propia,mixto,compra,propia,propia,A_refrigerado,A_externo,FALSE,TRUE,INVALIDA_FISICAMENTE,reproductoras propias requieren incubación propia (arquitectura futura)
propia,mixto,compra,propia,propia,A_refrigerado,A_externo,TRUE,FALSE,VALIDA_NO_MAPEADA_NO_EVALUADA,"físicamente válida para CAPEX, pero la interfaz financiera solo consume configuraciones del mapa (configs() de 21); requiere ampliar el mapa (DPV-20-03)"
propia,mixto,compra,propia,propia,A_refrigerado,A_externo,TRUE,TRUE,INVALIDA_FISICAMENTE,reproductoras propias requieren incubación propia (arquitectura futura)
propia,mixto,compra,propia,propia,A_refrigerado,B_basico_propio,FALSE,FALSE,VALIDA_NO_MAPEADA_NO_EVALUADA,"físicamente válida para CAPEX, pero la interfaz financiera solo consume configuraciones del mapa (configs() de 21); requiere ampliar el mapa (DPV-20-03)"
propia,mixto,compra,propia,propia,A_refrigerado,B_basico_propio,FALSE,TRUE,INVALIDA_FISICAMENTE,reproductoras propias requieren incubación propia (arquitectura futura)
propia,mixto,compra,propia,propia,A_refrigerado,B_basico_propio,TRUE,FALSE,VALIDA_NO_MAPEADA_NO_EVALUADA,"físicamente válida para CAPEX, pero la interfaz financiera solo consume configuraciones del mapa (configs() de 21); requiere ampliar el mapa (DPV-20-03)"
propia,mixto,compra,propia,propia,A_refrigerado,B_basico_propio,TRUE,TRUE,INVALIDA_FISICAMENTE,reproductoras propias requieren incubación propia (arquitectura futura)
propia,mixto,compra,propia,propia,B_refrigerado_congelado,A_externo,FALSE,FALSE,VALIDA_NO_MAPEADA_NO_EVALUADA,"físicamente válida para CAPEX, pero la interfaz financiera solo consume configuraciones del mapa (configs() de 21); requiere ampliar el mapa (DPV-20-03)"
propia,mixto,compra,propia,propia,B_refrigerado_congelado,A_externo,FALSE,TRUE,INVALIDA_FISICAMENTE,reproductoras propias requieren incubación propia (arquitectura futura)
propia,mixto,compra,propia,propia,B_refrigerado_congelado,A_externo,TRUE,FALSE,VALIDA_NO_MAPEADA_NO_EVALUADA,"físicamente válida para CAPEX, pero la interfaz financiera solo consume configuraciones del mapa (configs() de 21); requiere ampliar el mapa (DPV-20-03)"
propia,mixto,compra,propia,propia,B_refrigerado_congelado,A_externo,TRUE,TRUE,INVALIDA_FISICAMENTE,reproductoras propias requieren incubación propia (arquitectura futura)
propia,mixto,compra,propia,propia,B_refrigerado_congelado,B_basico_propio,FALSE,FALSE,VALIDA_NO_MAPEADA_NO_EVALUADA,"físicamente válida para CAPEX, pero la interfaz financiera solo consume configuraciones del mapa (configs() de 21); requiere ampliar el mapa (DPV-20-03)"
propia,mixto,compra,propia,propia,B_refrigerado_congelado,B_basico_propio,FALSE,TRUE,INVALIDA_FISICAMENTE,reproductoras propias requieren incubación propia (arquitectura futura)
propia,mixto,compra,propia,propia,B_refrigerado_congelado,B_basico_propio,TRUE,FALSE,VALIDA_NO_MAPEADA_NO_EVALUADA,"físicamente válida para CAPEX, pero la interfaz financiera solo consume configuraciones del mapa (configs() de 21); requiere ampliar el mapa (DPV-20-03)"
propia,mixto,compra,propia,propia,B_refrigerado_congelado,B_basico_propio,TRUE,TRUE,INVALIDA_FISICAMENTE,reproductoras propias requieren incubación propia (arquitectura futura)
propia,mixto,compra,propia,propia,C_congelado_tercero,A_externo,FALSE,FALSE,VALIDA_NO_MAPEADA_NO_EVALUADA,"físicamente válida para CAPEX, pero la interfaz financiera solo consume configuraciones del mapa (configs() de 21); requiere ampliar el mapa (DPV-20-03)"
propia,mixto,compra,propia,propia,C_congelado_tercero,A_externo,FALSE,TRUE,INVALIDA_FISICAMENTE,reproductoras propias requieren incubación propia (arquitectura futura)
propia,mixto,compra,propia,propia,C_congelado_tercero,A_externo,TRUE,FALSE,VALIDA_NO_MAPEADA_NO_EVALUADA,"físicamente válida para CAPEX, pero la interfaz financiera solo consume configuraciones del mapa (configs() de 21); requiere ampliar el mapa (DPV-20-03)"
propia,mixto,compra,propia,propia,C_congelado_tercero,A_externo,TRUE,TRUE,INVALIDA_FISICAMENTE,reproductoras propias requieren incubación propia (arquitectura futura)
propia,mixto,compra,propia,propia,C_congelado_tercero,B_basico_propio,FALSE,FALSE,VALIDA_NO_MAPEADA_NO_EVALUADA,"físicamente válida para CAPEX, pero la interfaz financiera solo consume configuraciones del mapa (configs() de 21); requiere ampliar el mapa (DPV-20-03)"
propia,mixto,compra,propia,propia,C_congelado_tercero,B_basico_propio,FALSE,TRUE,INVALIDA_FISICAMENTE,reproductoras propias requieren incubación propia (arquitectura futura)
propia,mixto,compra,propia,propia,C_congelado_tercero,B_basico_propio,TRUE,FALSE,VALIDA_NO_MAPEADA_NO_EVALUADA,"físicamente válida para CAPEX, pero la interfaz financiera solo consume configuraciones del mapa (configs() de 21); requiere ampliar el mapa (DPV-20-03)"
propia,mixto,compra,propia,propia,C_congelado_tercero,B_basico_propio,TRUE,TRUE,INVALIDA_FISICAMENTE,reproductoras propias requieren incubación propia (arquitectura futura)
propia,mixto,compra,propia,mixto,A_refrigerado,A_externo,FALSE,FALSE,VALIDA_NO_MAPEADA_NO_EVALUADA,"físicamente válida para CAPEX, pero la interfaz financiera solo consume configuraciones del mapa (configs() de 21); requiere ampliar el mapa (DPV-20-03)"
propia,mixto,compra,propia,mixto,A_refrigerado,A_externo,FALSE,TRUE,INVALIDA_FISICAMENTE,reproductoras propias requieren incubación propia (arquitectura futura)
propia,mixto,compra,propia,mixto,A_refrigerado,A_externo,TRUE,FALSE,VALIDA_NO_MAPEADA_NO_EVALUADA,"físicamente válida para CAPEX, pero la interfaz financiera solo consume configuraciones del mapa (configs() de 21); requiere ampliar el mapa (DPV-20-03)"
propia,mixto,compra,propia,mixto,A_refrigerado,A_externo,TRUE,TRUE,INVALIDA_FISICAMENTE,reproductoras propias requieren incubación propia (arquitectura futura)
propia,mixto,compra,propia,mixto,A_refrigerado,B_basico_propio,FALSE,FALSE,VALIDA_NO_MAPEADA_NO_EVALUADA,"físicamente válida para CAPEX, pero la interfaz financiera solo consume configuraciones del mapa (configs() de 21); requiere ampliar el mapa (DPV-20-03)"
propia,mixto,compra,propia,mixto,A_refrigerado,B_basico_propio,FALSE,TRUE,INVALIDA_FISICAMENTE,reproductoras propias requieren incubación propia (arquitectura futura)
propia,mixto,compra,propia,mixto,A_refrigerado,B_basico_propio,TRUE,FALSE,VALIDA_NO_MAPEADA_NO_EVALUADA,"físicamente válida para CAPEX, pero la interfaz financiera solo consume configuraciones del mapa (configs() de 21); requiere ampliar el mapa (DPV-20-03)"
propia,mixto,compra,propia,mixto,A_refrigerado,B_basico_propio,TRUE,TRUE,INVALIDA_FISICAMENTE,reproductoras propias requieren incubación propia (arquitectura futura)
propia,mixto,compra,propia,mixto,B_refrigerado_congelado,A_externo,FALSE,FALSE,VALIDA_NO_MAPEADA_NO_EVALUADA,"físicamente válida para CAPEX, pero la interfaz financiera solo consume configuraciones del mapa (configs() de 21); requiere ampliar el mapa (DPV-20-03)"
propia,mixto,compra,propia,mixto,B_refrigerado_congelado,A_externo,FALSE,TRUE,INVALIDA_FISICAMENTE,reproductoras propias requieren incubación propia (arquitectura futura)
propia,mixto,compra,propia,mixto,B_refrigerado_congelado,A_externo,TRUE,FALSE,VALIDA_NO_MAPEADA_NO_EVALUADA,"físicamente válida para CAPEX, pero la interfaz financiera solo consume configuraciones del mapa (configs() de 21); requiere ampliar el mapa (DPV-20-03)"
propia,mixto,compra,propia,mixto,B_refrigerado_congelado,A_externo,TRUE,TRUE,INVALIDA_FISICAMENTE,reproductoras propias requieren incubación propia (arquitectura futura)
propia,mixto,compra,propia,mixto,B_refrigerado_congelado,B_basico_propio,FALSE,FALSE,VALIDA_NO_MAPEADA_NO_EVALUADA,"físicamente válida para CAPEX, pero la interfaz financiera solo consume configuraciones del mapa (configs() de 21); requiere ampliar el mapa (DPV-20-03)"
propia,mixto,compra,propia,mixto,B_refrigerado_congelado,B_basico_propio,FALSE,TRUE,INVALIDA_FISICAMENTE,reproductoras propias requieren incubación propia (arquitectura futura)
propia,mixto,compra,propia,mixto,B_refrigerado_congelado,B_basico_propio,TRUE,FALSE,VALIDA_NO_MAPEADA_NO_EVALUADA,"físicamente válida para CAPEX, pero la interfaz financiera solo consume configuraciones del mapa (configs() de 21); requiere ampliar el mapa (DPV-20-03)"
propia,mixto,compra,propia,mixto,B_refrigerado_congelado,B_basico_propio,TRUE,TRUE,INVALIDA_FISICAMENTE,reproductoras propias requieren incubación propia (arquitectura futura)
propia,mixto,compra,propia,mixto,C_congelado_tercero,A_externo,FALSE,FALSE,VALIDA_NO_MAPEADA_NO_EVALUADA,"físicamente válida para CAPEX, pero la interfaz financiera solo consume configuraciones del mapa (configs() de 21); requiere ampliar el mapa (DPV-20-03)"
propia,mixto,compra,propia,mixto,C_congelado_tercero,A_externo,FALSE,TRUE,INVALIDA_FISICAMENTE,reproductoras propias requieren incubación propia (arquitectura futura)
propia,mixto,compra,propia,mixto,C_congelado_tercero,A_externo,TRUE,FALSE,VALIDA_NO_MAPEADA_NO_EVALUADA,"físicamente válida para CAPEX, pero la interfaz financiera solo consume configuraciones del mapa (configs() de 21); requiere ampliar el mapa (DPV-20-03)"
propia,mixto,compra,propia,mixto,C_congelado_tercero,A_externo,TRUE,TRUE,INVALIDA_FISICAMENTE,reproductoras propias requieren incubación propia (arquitectura futura)
propia,mixto,compra,propia,mixto,C_congelado_tercero,B_basico_propio,FALSE,FALSE,VALIDA_NO_MAPEADA_NO_EVALUADA,"físicamente válida para CAPEX, pero la interfaz financiera solo consume configuraciones del mapa (configs() de 21); requiere ampliar el mapa (DPV-20-03)"
propia,mixto,compra,propia,mixto,C_congelado_tercero,B_basico_propio,FALSE,TRUE,INVALIDA_FISICAMENTE,reproductoras propias requieren incubación propia (arquitectura futura)
propia,mixto,compra,propia,mixto,C_congelado_tercero,B_basico_propio,TRUE,FALSE,VALIDA_NO_MAPEADA_NO_EVALUADA,"físicamente válida para CAPEX, pero la interfaz financiera solo consume configuraciones del mapa (configs() de 21); requiere ampliar el mapa (DPV-20-03)"
propia,mixto,compra,propia,mixto,C_congelado_tercero,B_basico_propio,TRUE,TRUE,INVALIDA_FISICAMENTE,reproductoras propias requieren incubación propia (arquitectura futura)
propia,mixto,incubacion,compra,tercero,A_refrigerado,A_externo,FALSE,FALSE,VALIDA_NO_MAPEADA_NO_EVALUADA,"físicamente válida para CAPEX, pero la interfaz financiera solo consume configuraciones del mapa (configs() de 21); requiere ampliar el mapa (DPV-20-03)"
propia,mixto,incubacion,compra,tercero,A_refrigerado,A_externo,FALSE,TRUE,VALIDA_NO_MAPEADA_NO_EVALUADA,"físicamente válida para CAPEX, pero la interfaz financiera solo consume configuraciones del mapa (configs() de 21); requiere ampliar el mapa (DPV-20-03)"
propia,mixto,incubacion,compra,tercero,A_refrigerado,A_externo,TRUE,FALSE,VALIDA_NO_MAPEADA_NO_EVALUADA,"físicamente válida para CAPEX, pero la interfaz financiera solo consume configuraciones del mapa (configs() de 21); requiere ampliar el mapa (DPV-20-03)"
propia,mixto,incubacion,compra,tercero,A_refrigerado,A_externo,TRUE,TRUE,VALIDA_NO_MAPEADA_NO_EVALUADA,"físicamente válida para CAPEX, pero la interfaz financiera solo consume configuraciones del mapa (configs() de 21); requiere ampliar el mapa (DPV-20-03)"
propia,mixto,incubacion,compra,tercero,A_refrigerado,B_basico_propio,FALSE,FALSE,VALIDA_NO_MAPEADA_NO_EVALUADA,"físicamente válida para CAPEX, pero la interfaz financiera solo consume configuraciones del mapa (configs() de 21); requiere ampliar el mapa (DPV-20-03)"
propia,mixto,incubacion,compra,tercero,A_refrigerado,B_basico_propio,FALSE,TRUE,VALIDA_NO_MAPEADA_NO_EVALUADA,"físicamente válida para CAPEX, pero la interfaz financiera solo consume configuraciones del mapa (configs() de 21); requiere ampliar el mapa (DPV-20-03)"
propia,mixto,incubacion,compra,tercero,A_refrigerado,B_basico_propio,TRUE,FALSE,VALIDA_NO_MAPEADA_NO_EVALUADA,"físicamente válida para CAPEX, pero la interfaz financiera solo consume configuraciones del mapa (configs() de 21); requiere ampliar el mapa (DPV-20-03)"
propia,mixto,incubacion,compra,tercero,A_refrigerado,B_basico_propio,TRUE,TRUE,VALIDA_NO_MAPEADA_NO_EVALUADA,"físicamente válida para CAPEX, pero la interfaz financiera solo consume configuraciones del mapa (configs() de 21); requiere ampliar el mapa (DPV-20-03)"
propia,mixto,incubacion,compra,tercero,B_refrigerado_congelado,A_externo,FALSE,FALSE,VALIDA_NO_MAPEADA_NO_EVALUADA,"físicamente válida para CAPEX, pero la interfaz financiera solo consume configuraciones del mapa (configs() de 21); requiere ampliar el mapa (DPV-20-03)"
propia,mixto,incubacion,compra,tercero,B_refrigerado_congelado,A_externo,FALSE,TRUE,VALIDA_NO_MAPEADA_NO_EVALUADA,"físicamente válida para CAPEX, pero la interfaz financiera solo consume configuraciones del mapa (configs() de 21); requiere ampliar el mapa (DPV-20-03)"
propia,mixto,incubacion,compra,tercero,B_refrigerado_congelado,A_externo,TRUE,FALSE,VALIDA_NO_MAPEADA_NO_EVALUADA,"físicamente válida para CAPEX, pero la interfaz financiera solo consume configuraciones del mapa (configs() de 21); requiere ampliar el mapa (DPV-20-03)"
propia,mixto,incubacion,compra,tercero,B_refrigerado_congelado,A_externo,TRUE,TRUE,VALIDA_NO_MAPEADA_NO_EVALUADA,"físicamente válida para CAPEX, pero la interfaz financiera solo consume configuraciones del mapa (configs() de 21); requiere ampliar el mapa (DPV-20-03)"
propia,mixto,incubacion,compra,tercero,B_refrigerado_congelado,B_basico_propio,FALSE,FALSE,VALIDA_NO_MAPEADA_NO_EVALUADA,"físicamente válida para CAPEX, pero la interfaz financiera solo consume configuraciones del mapa (configs() de 21); requiere ampliar el mapa (DPV-20-03)"
propia,mixto,incubacion,compra,tercero,B_refrigerado_congelado,B_basico_propio,FALSE,TRUE,VALIDA_NO_MAPEADA_NO_EVALUADA,"físicamente válida para CAPEX, pero la interfaz financiera solo consume configuraciones del mapa (configs() de 21); requiere ampliar el mapa (DPV-20-03)"
propia,mixto,incubacion,compra,tercero,B_refrigerado_congelado,B_basico_propio,TRUE,FALSE,VALIDA_NO_MAPEADA_NO_EVALUADA,"físicamente válida para CAPEX, pero la interfaz financiera solo consume configuraciones del mapa (configs() de 21); requiere ampliar el mapa (DPV-20-03)"
propia,mixto,incubacion,compra,tercero,B_refrigerado_congelado,B_basico_propio,TRUE,TRUE,VALIDA_NO_MAPEADA_NO_EVALUADA,"físicamente válida para CAPEX, pero la interfaz financiera solo consume configuraciones del mapa (configs() de 21); requiere ampliar el mapa (DPV-20-03)"
propia,mixto,incubacion,compra,tercero,C_congelado_tercero,A_externo,FALSE,FALSE,VALIDA_NO_MAPEADA_NO_EVALUADA,"físicamente válida para CAPEX, pero la interfaz financiera solo consume configuraciones del mapa (configs() de 21); requiere ampliar el mapa (DPV-20-03)"
propia,mixto,incubacion,compra,tercero,C_congelado_tercero,A_externo,FALSE,TRUE,VALIDA_NO_MAPEADA_NO_EVALUADA,"físicamente válida para CAPEX, pero la interfaz financiera solo consume configuraciones del mapa (configs() de 21); requiere ampliar el mapa (DPV-20-03)"
propia,mixto,incubacion,compra,tercero,C_congelado_tercero,A_externo,TRUE,FALSE,VALIDA_NO_MAPEADA_NO_EVALUADA,"físicamente válida para CAPEX, pero la interfaz financiera solo consume configuraciones del mapa (configs() de 21); requiere ampliar el mapa (DPV-20-03)"
propia,mixto,incubacion,compra,tercero,C_congelado_tercero,A_externo,TRUE,TRUE,VALIDA_NO_MAPEADA_NO_EVALUADA,"físicamente válida para CAPEX, pero la interfaz financiera solo consume configuraciones del mapa (configs() de 21); requiere ampliar el mapa (DPV-20-03)"
propia,mixto,incubacion,compra,tercero,C_congelado_tercero,B_basico_propio,FALSE,FALSE,VALIDA_NO_MAPEADA_NO_EVALUADA,"físicamente válida para CAPEX, pero la interfaz financiera solo consume configuraciones del mapa (configs() de 21); requiere ampliar el mapa (DPV-20-03)"
propia,mixto,incubacion,compra,tercero,C_congelado_tercero,B_basico_propio,FALSE,TRUE,VALIDA_NO_MAPEADA_NO_EVALUADA,"físicamente válida para CAPEX, pero la interfaz financiera solo consume configuraciones del mapa (configs() de 21); requiere ampliar el mapa (DPV-20-03)"
propia,mixto,incubacion,compra,tercero,C_congelado_tercero,B_basico_propio,TRUE,FALSE,VALIDA_NO_MAPEADA_NO_EVALUADA,"físicamente válida para CAPEX, pero la interfaz financiera solo consume configuraciones del mapa (configs() de 21); requiere ampliar el mapa (DPV-20-03)"
propia,mixto,incubacion,compra,tercero,C_congelado_tercero,B_basico_propio,TRUE,TRUE,VALIDA_NO_MAPEADA_NO_EVALUADA,"físicamente válida para CAPEX, pero la interfaz financiera solo consume configuraciones del mapa (configs() de 21); requiere ampliar el mapa (DPV-20-03)"
propia,mixto,incubacion,compra,propia,A_refrigerado,A_externo,FALSE,FALSE,VALIDA_NO_MAPEADA_NO_EVALUADA,"físicamente válida para CAPEX, pero la interfaz financiera solo consume configuraciones del mapa (configs() de 21); requiere ampliar el mapa (DPV-20-03)"
propia,mixto,incubacion,compra,propia,A_refrigerado,A_externo,FALSE,TRUE,VALIDA_NO_MAPEADA_NO_EVALUADA,"físicamente válida para CAPEX, pero la interfaz financiera solo consume configuraciones del mapa (configs() de 21); requiere ampliar el mapa (DPV-20-03)"
propia,mixto,incubacion,compra,propia,A_refrigerado,A_externo,TRUE,FALSE,VALIDA_NO_MAPEADA_NO_EVALUADA,"físicamente válida para CAPEX, pero la interfaz financiera solo consume configuraciones del mapa (configs() de 21); requiere ampliar el mapa (DPV-20-03)"
propia,mixto,incubacion,compra,propia,A_refrigerado,A_externo,TRUE,TRUE,VALIDA_NO_MAPEADA_NO_EVALUADA,"físicamente válida para CAPEX, pero la interfaz financiera solo consume configuraciones del mapa (configs() de 21); requiere ampliar el mapa (DPV-20-03)"
propia,mixto,incubacion,compra,propia,A_refrigerado,B_basico_propio,FALSE,FALSE,VALIDA_NO_MAPEADA_NO_EVALUADA,"físicamente válida para CAPEX, pero la interfaz financiera solo consume configuraciones del mapa (configs() de 21); requiere ampliar el mapa (DPV-20-03)"
propia,mixto,incubacion,compra,propia,A_refrigerado,B_basico_propio,FALSE,TRUE,VALIDA_NO_MAPEADA_NO_EVALUADA,"físicamente válida para CAPEX, pero la interfaz financiera solo consume configuraciones del mapa (configs() de 21); requiere ampliar el mapa (DPV-20-03)"
propia,mixto,incubacion,compra,propia,A_refrigerado,B_basico_propio,TRUE,FALSE,VALIDA_NO_MAPEADA_NO_EVALUADA,"físicamente válida para CAPEX, pero la interfaz financiera solo consume configuraciones del mapa (configs() de 21); requiere ampliar el mapa (DPV-20-03)"
propia,mixto,incubacion,compra,propia,A_refrigerado,B_basico_propio,TRUE,TRUE,VALIDA_NO_MAPEADA_NO_EVALUADA,"físicamente válida para CAPEX, pero la interfaz financiera solo consume configuraciones del mapa (configs() de 21); requiere ampliar el mapa (DPV-20-03)"
propia,mixto,incubacion,compra,propia,B_refrigerado_congelado,A_externo,FALSE,FALSE,VALIDA_NO_MAPEADA_NO_EVALUADA,"físicamente válida para CAPEX, pero la interfaz financiera solo consume configuraciones del mapa (configs() de 21); requiere ampliar el mapa (DPV-20-03)"
propia,mixto,incubacion,compra,propia,B_refrigerado_congelado,A_externo,FALSE,TRUE,VALIDA_NO_MAPEADA_NO_EVALUADA,"físicamente válida para CAPEX, pero la interfaz financiera solo consume configuraciones del mapa (configs() de 21); requiere ampliar el mapa (DPV-20-03)"
propia,mixto,incubacion,compra,propia,B_refrigerado_congelado,A_externo,TRUE,FALSE,VALIDA_NO_MAPEADA_NO_EVALUADA,"físicamente válida para CAPEX, pero la interfaz financiera solo consume configuraciones del mapa (configs() de 21); requiere ampliar el mapa (DPV-20-03)"
propia,mixto,incubacion,compra,propia,B_refrigerado_congelado,A_externo,TRUE,TRUE,VALIDA_NO_MAPEADA_NO_EVALUADA,"físicamente válida para CAPEX, pero la interfaz financiera solo consume configuraciones del mapa (configs() de 21); requiere ampliar el mapa (DPV-20-03)"
propia,mixto,incubacion,compra,propia,B_refrigerado_congelado,B_basico_propio,FALSE,FALSE,VALIDA_NO_MAPEADA_NO_EVALUADA,"físicamente válida para CAPEX, pero la interfaz financiera solo consume configuraciones del mapa (configs() de 21); requiere ampliar el mapa (DPV-20-03)"
propia,mixto,incubacion,compra,propia,B_refrigerado_congelado,B_basico_propio,FALSE,TRUE,VALIDA_NO_MAPEADA_NO_EVALUADA,"físicamente válida para CAPEX, pero la interfaz financiera solo consume configuraciones del mapa (configs() de 21); requiere ampliar el mapa (DPV-20-03)"
propia,mixto,incubacion,compra,propia,B_refrigerado_congelado,B_basico_propio,TRUE,FALSE,VALIDA_NO_MAPEADA_NO_EVALUADA,"físicamente válida para CAPEX, pero la interfaz financiera solo consume configuraciones del mapa (configs() de 21); requiere ampliar el mapa (DPV-20-03)"
propia,mixto,incubacion,compra,propia,B_refrigerado_congelado,B_basico_propio,TRUE,TRUE,VALIDA_NO_MAPEADA_NO_EVALUADA,"físicamente válida para CAPEX, pero la interfaz financiera solo consume configuraciones del mapa (configs() de 21); requiere ampliar el mapa (DPV-20-03)"
propia,mixto,incubacion,compra,propia,C_congelado_tercero,A_externo,FALSE,FALSE,VALIDA_NO_MAPEADA_NO_EVALUADA,"físicamente válida para CAPEX, pero la interfaz financiera solo consume configuraciones del mapa (configs() de 21); requiere ampliar el mapa (DPV-20-03)"
propia,mixto,incubacion,compra,propia,C_congelado_tercero,A_externo,FALSE,TRUE,VALIDA_NO_MAPEADA_NO_EVALUADA,"físicamente válida para CAPEX, pero la interfaz financiera solo consume configuraciones del mapa (configs() de 21); requiere ampliar el mapa (DPV-20-03)"
propia,mixto,incubacion,compra,propia,C_congelado_tercero,A_externo,TRUE,FALSE,VALIDA_NO_MAPEADA_NO_EVALUADA,"físicamente válida para CAPEX, pero la interfaz financiera solo consume configuraciones del mapa (configs() de 21); requiere ampliar el mapa (DPV-20-03)"
propia,mixto,incubacion,compra,propia,C_congelado_tercero,A_externo,TRUE,TRUE,VALIDA_NO_MAPEADA_NO_EVALUADA,"físicamente válida para CAPEX, pero la interfaz financiera solo consume configuraciones del mapa (configs() de 21); requiere ampliar el mapa (DPV-20-03)"
propia,mixto,incubacion,compra,propia,C_congelado_tercero,B_basico_propio,FALSE,FALSE,VALIDA_NO_MAPEADA_NO_EVALUADA,"físicamente válida para CAPEX, pero la interfaz financiera solo consume configuraciones del mapa (configs() de 21); requiere ampliar el mapa (DPV-20-03)"
propia,mixto,incubacion,compra,propia,C_congelado_tercero,B_basico_propio,FALSE,TRUE,VALIDA_NO_MAPEADA_NO_EVALUADA,"físicamente válida para CAPEX, pero la interfaz financiera solo consume configuraciones del mapa (configs() de 21); requiere ampliar el mapa (DPV-20-03)"
propia,mixto,incubacion,compra,propia,C_congelado_tercero,B_basico_propio,TRUE,FALSE,VALIDA_NO_MAPEADA_NO_EVALUADA,"físicamente válida para CAPEX, pero la interfaz financiera solo consume configuraciones del mapa (configs() de 21); requiere ampliar el mapa (DPV-20-03)"
propia,mixto,incubacion,compra,propia,C_congelado_tercero,B_basico_propio,TRUE,TRUE,VALIDA_NO_MAPEADA_NO_EVALUADA,"físicamente válida para CAPEX, pero la interfaz financiera solo consume configuraciones del mapa (configs() de 21); requiere ampliar el mapa (DPV-20-03)"
propia,mixto,incubacion,compra,mixto,A_refrigerado,A_externo,FALSE,FALSE,VALIDA_NO_MAPEADA_NO_EVALUADA,"físicamente válida para CAPEX, pero la interfaz financiera solo consume configuraciones del mapa (configs() de 21); requiere ampliar el mapa (DPV-20-03)"
propia,mixto,incubacion,compra,mixto,A_refrigerado,A_externo,FALSE,TRUE,VALIDA_NO_MAPEADA_NO_EVALUADA,"físicamente válida para CAPEX, pero la interfaz financiera solo consume configuraciones del mapa (configs() de 21); requiere ampliar el mapa (DPV-20-03)"
propia,mixto,incubacion,compra,mixto,A_refrigerado,A_externo,TRUE,FALSE,VALIDA_NO_MAPEADA_NO_EVALUADA,"físicamente válida para CAPEX, pero la interfaz financiera solo consume configuraciones del mapa (configs() de 21); requiere ampliar el mapa (DPV-20-03)"
propia,mixto,incubacion,compra,mixto,A_refrigerado,A_externo,TRUE,TRUE,VALIDA_NO_MAPEADA_NO_EVALUADA,"físicamente válida para CAPEX, pero la interfaz financiera solo consume configuraciones del mapa (configs() de 21); requiere ampliar el mapa (DPV-20-03)"
propia,mixto,incubacion,compra,mixto,A_refrigerado,B_basico_propio,FALSE,FALSE,VALIDA_NO_MAPEADA_NO_EVALUADA,"físicamente válida para CAPEX, pero la interfaz financiera solo consume configuraciones del mapa (configs() de 21); requiere ampliar el mapa (DPV-20-03)"
propia,mixto,incubacion,compra,mixto,A_refrigerado,B_basico_propio,FALSE,TRUE,VALIDA_NO_MAPEADA_NO_EVALUADA,"físicamente válida para CAPEX, pero la interfaz financiera solo consume configuraciones del mapa (configs() de 21); requiere ampliar el mapa (DPV-20-03)"
propia,mixto,incubacion,compra,mixto,A_refrigerado,B_basico_propio,TRUE,FALSE,VALIDA_NO_MAPEADA_NO_EVALUADA,"físicamente válida para CAPEX, pero la interfaz financiera solo consume configuraciones del mapa (configs() de 21); requiere ampliar el mapa (DPV-20-03)"
propia,mixto,incubacion,compra,mixto,A_refrigerado,B_basico_propio,TRUE,TRUE,VALIDA_NO_MAPEADA_NO_EVALUADA,"físicamente válida para CAPEX, pero la interfaz financiera solo consume configuraciones del mapa (configs() de 21); requiere ampliar el mapa (DPV-20-03)"
propia,mixto,incubacion,compra,mixto,B_refrigerado_congelado,A_externo,FALSE,FALSE,VALIDA_NO_MAPEADA_NO_EVALUADA,"físicamente válida para CAPEX, pero la interfaz financiera solo consume configuraciones del mapa (configs() de 21); requiere ampliar el mapa (DPV-20-03)"
propia,mixto,incubacion,compra,mixto,B_refrigerado_congelado,A_externo,FALSE,TRUE,VALIDA_NO_MAPEADA_NO_EVALUADA,"físicamente válida para CAPEX, pero la interfaz financiera solo consume configuraciones del mapa (configs() de 21); requiere ampliar el mapa (DPV-20-03)"
propia,mixto,incubacion,compra,mixto,B_refrigerado_congelado,A_externo,TRUE,FALSE,VALIDA_NO_MAPEADA_NO_EVALUADA,"físicamente válida para CAPEX, pero la interfaz financiera solo consume configuraciones del mapa (configs() de 21); requiere ampliar el mapa (DPV-20-03)"
propia,mixto,incubacion,compra,mixto,B_refrigerado_congelado,A_externo,TRUE,TRUE,VALIDA_NO_MAPEADA_NO_EVALUADA,"físicamente válida para CAPEX, pero la interfaz financiera solo consume configuraciones del mapa (configs() de 21); requiere ampliar el mapa (DPV-20-03)"
propia,mixto,incubacion,compra,mixto,B_refrigerado_congelado,B_basico_propio,FALSE,FALSE,VALIDA_NO_MAPEADA_NO_EVALUADA,"físicamente válida para CAPEX, pero la interfaz financiera solo consume configuraciones del mapa (configs() de 21); requiere ampliar el mapa (DPV-20-03)"
propia,mixto,incubacion,compra,mixto,B_refrigerado_congelado,B_basico_propio,FALSE,TRUE,VALIDA_NO_MAPEADA_NO_EVALUADA,"físicamente válida para CAPEX, pero la interfaz financiera solo consume configuraciones del mapa (configs() de 21); requiere ampliar el mapa (DPV-20-03)"
propia,mixto,incubacion,compra,mixto,B_refrigerado_congelado,B_basico_propio,TRUE,FALSE,VALIDA_NO_MAPEADA_NO_EVALUADA,"físicamente válida para CAPEX, pero la interfaz financiera solo consume configuraciones del mapa (configs() de 21); requiere ampliar el mapa (DPV-20-03)"
propia,mixto,incubacion,compra,mixto,B_refrigerado_congelado,B_basico_propio,TRUE,TRUE,VALIDA_NO_MAPEADA_NO_EVALUADA,"físicamente válida para CAPEX, pero la interfaz financiera solo consume configuraciones del mapa (configs() de 21); requiere ampliar el mapa (DPV-20-03)"
propia,mixto,incubacion,compra,mixto,C_congelado_tercero,A_externo,FALSE,FALSE,VALIDA_NO_MAPEADA_NO_EVALUADA,"físicamente válida para CAPEX, pero la interfaz financiera solo consume configuraciones del mapa (configs() de 21); requiere ampliar el mapa (DPV-20-03)"
propia,mixto,incubacion,compra,mixto,C_congelado_tercero,A_externo,FALSE,TRUE,VALIDA_NO_MAPEADA_NO_EVALUADA,"físicamente válida para CAPEX, pero la interfaz financiera solo consume configuraciones del mapa (configs() de 21); requiere ampliar el mapa (DPV-20-03)"
propia,mixto,incubacion,compra,mixto,C_congelado_tercero,A_externo,TRUE,FALSE,VALIDA_NO_MAPEADA_NO_EVALUADA,"físicamente válida para CAPEX, pero la interfaz financiera solo consume configuraciones del mapa (configs() de 21); requiere ampliar el mapa (DPV-20-03)"
propia,mixto,incubacion,compra,mixto,C_congelado_tercero,A_externo,TRUE,TRUE,VALIDA_NO_MAPEADA_NO_EVALUADA,"físicamente válida para CAPEX, pero la interfaz financiera solo consume configuraciones del mapa (configs() de 21); requiere ampliar el mapa (DPV-20-03)"
propia,mixto,incubacion,compra,mixto,C_congelado_tercero,B_basico_propio,FALSE,FALSE,VALIDA_NO_MAPEADA_NO_EVALUADA,"físicamente válida para CAPEX, pero la interfaz financiera solo consume configuraciones del mapa (configs() de 21); requiere ampliar el mapa (DPV-20-03)"
propia,mixto,incubacion,compra,mixto,C_congelado_tercero,B_basico_propio,FALSE,TRUE,VALIDA_NO_MAPEADA_NO_EVALUADA,"físicamente válida para CAPEX, pero la interfaz financiera solo consume configuraciones del mapa (configs() de 21); requiere ampliar el mapa (DPV-20-03)"
propia,mixto,incubacion,compra,mixto,C_congelado_tercero,B_basico_propio,TRUE,FALSE,VALIDA_NO_MAPEADA_NO_EVALUADA,"físicamente válida para CAPEX, pero la interfaz financiera solo consume configuraciones del mapa (configs() de 21); requiere ampliar el mapa (DPV-20-03)"
propia,mixto,incubacion,compra,mixto,C_congelado_tercero,B_basico_propio,TRUE,TRUE,VALIDA_NO_MAPEADA_NO_EVALUADA,"físicamente válida para CAPEX, pero la interfaz financiera solo consume configuraciones del mapa (configs() de 21); requiere ampliar el mapa (DPV-20-03)"
propia,mixto,incubacion,facon,tercero,A_refrigerado,A_externo,FALSE,FALSE,VALIDA_NO_MAPEADA_NO_EVALUADA,"físicamente válida para CAPEX, pero la interfaz financiera solo consume configuraciones del mapa (configs() de 21); requiere ampliar el mapa (DPV-20-03)"
propia,mixto,incubacion,facon,tercero,A_refrigerado,A_externo,FALSE,TRUE,VALIDA_NO_MAPEADA_NO_EVALUADA,"físicamente válida para CAPEX, pero la interfaz financiera solo consume configuraciones del mapa (configs() de 21); requiere ampliar el mapa (DPV-20-03)"
propia,mixto,incubacion,facon,tercero,A_refrigerado,A_externo,TRUE,FALSE,VALIDA_NO_MAPEADA_NO_EVALUADA,"físicamente válida para CAPEX, pero la interfaz financiera solo consume configuraciones del mapa (configs() de 21); requiere ampliar el mapa (DPV-20-03)"
propia,mixto,incubacion,facon,tercero,A_refrigerado,A_externo,TRUE,TRUE,VALIDA_NO_MAPEADA_NO_EVALUADA,"físicamente válida para CAPEX, pero la interfaz financiera solo consume configuraciones del mapa (configs() de 21); requiere ampliar el mapa (DPV-20-03)"
propia,mixto,incubacion,facon,tercero,A_refrigerado,B_basico_propio,FALSE,FALSE,VALIDA_NO_MAPEADA_NO_EVALUADA,"físicamente válida para CAPEX, pero la interfaz financiera solo consume configuraciones del mapa (configs() de 21); requiere ampliar el mapa (DPV-20-03)"
propia,mixto,incubacion,facon,tercero,A_refrigerado,B_basico_propio,FALSE,TRUE,VALIDA_NO_MAPEADA_NO_EVALUADA,"físicamente válida para CAPEX, pero la interfaz financiera solo consume configuraciones del mapa (configs() de 21); requiere ampliar el mapa (DPV-20-03)"
propia,mixto,incubacion,facon,tercero,A_refrigerado,B_basico_propio,TRUE,FALSE,VALIDA_NO_MAPEADA_NO_EVALUADA,"físicamente válida para CAPEX, pero la interfaz financiera solo consume configuraciones del mapa (configs() de 21); requiere ampliar el mapa (DPV-20-03)"
propia,mixto,incubacion,facon,tercero,A_refrigerado,B_basico_propio,TRUE,TRUE,VALIDA_NO_MAPEADA_NO_EVALUADA,"físicamente válida para CAPEX, pero la interfaz financiera solo consume configuraciones del mapa (configs() de 21); requiere ampliar el mapa (DPV-20-03)"
propia,mixto,incubacion,facon,tercero,B_refrigerado_congelado,A_externo,FALSE,FALSE,VALIDA_NO_MAPEADA_NO_EVALUADA,"físicamente válida para CAPEX, pero la interfaz financiera solo consume configuraciones del mapa (configs() de 21); requiere ampliar el mapa (DPV-20-03)"
propia,mixto,incubacion,facon,tercero,B_refrigerado_congelado,A_externo,FALSE,TRUE,VALIDA_NO_MAPEADA_NO_EVALUADA,"físicamente válida para CAPEX, pero la interfaz financiera solo consume configuraciones del mapa (configs() de 21); requiere ampliar el mapa (DPV-20-03)"
propia,mixto,incubacion,facon,tercero,B_refrigerado_congelado,A_externo,TRUE,FALSE,VALIDA_NO_MAPEADA_NO_EVALUADA,"físicamente válida para CAPEX, pero la interfaz financiera solo consume configuraciones del mapa (configs() de 21); requiere ampliar el mapa (DPV-20-03)"
propia,mixto,incubacion,facon,tercero,B_refrigerado_congelado,A_externo,TRUE,TRUE,VALIDA_NO_MAPEADA_NO_EVALUADA,"físicamente válida para CAPEX, pero la interfaz financiera solo consume configuraciones del mapa (configs() de 21); requiere ampliar el mapa (DPV-20-03)"
propia,mixto,incubacion,facon,tercero,B_refrigerado_congelado,B_basico_propio,FALSE,FALSE,VALIDA_NO_MAPEADA_NO_EVALUADA,"físicamente válida para CAPEX, pero la interfaz financiera solo consume configuraciones del mapa (configs() de 21); requiere ampliar el mapa (DPV-20-03)"
propia,mixto,incubacion,facon,tercero,B_refrigerado_congelado,B_basico_propio,FALSE,TRUE,VALIDA_NO_MAPEADA_NO_EVALUADA,"físicamente válida para CAPEX, pero la interfaz financiera solo consume configuraciones del mapa (configs() de 21); requiere ampliar el mapa (DPV-20-03)"
propia,mixto,incubacion,facon,tercero,B_refrigerado_congelado,B_basico_propio,TRUE,FALSE,VALIDA_NO_MAPEADA_NO_EVALUADA,"físicamente válida para CAPEX, pero la interfaz financiera solo consume configuraciones del mapa (configs() de 21); requiere ampliar el mapa (DPV-20-03)"
propia,mixto,incubacion,facon,tercero,B_refrigerado_congelado,B_basico_propio,TRUE,TRUE,VALIDA_NO_MAPEADA_NO_EVALUADA,"físicamente válida para CAPEX, pero la interfaz financiera solo consume configuraciones del mapa (configs() de 21); requiere ampliar el mapa (DPV-20-03)"
propia,mixto,incubacion,facon,tercero,C_congelado_tercero,A_externo,FALSE,FALSE,VALIDA_NO_MAPEADA_NO_EVALUADA,"físicamente válida para CAPEX, pero la interfaz financiera solo consume configuraciones del mapa (configs() de 21); requiere ampliar el mapa (DPV-20-03)"
propia,mixto,incubacion,facon,tercero,C_congelado_tercero,A_externo,FALSE,TRUE,VALIDA_NO_MAPEADA_NO_EVALUADA,"físicamente válida para CAPEX, pero la interfaz financiera solo consume configuraciones del mapa (configs() de 21); requiere ampliar el mapa (DPV-20-03)"
propia,mixto,incubacion,facon,tercero,C_congelado_tercero,A_externo,TRUE,FALSE,VALIDA_NO_MAPEADA_NO_EVALUADA,"físicamente válida para CAPEX, pero la interfaz financiera solo consume configuraciones del mapa (configs() de 21); requiere ampliar el mapa (DPV-20-03)"
propia,mixto,incubacion,facon,tercero,C_congelado_tercero,A_externo,TRUE,TRUE,VALIDA_NO_MAPEADA_NO_EVALUADA,"físicamente válida para CAPEX, pero la interfaz financiera solo consume configuraciones del mapa (configs() de 21); requiere ampliar el mapa (DPV-20-03)"
propia,mixto,incubacion,facon,tercero,C_congelado_tercero,B_basico_propio,FALSE,FALSE,VALIDA_NO_MAPEADA_NO_EVALUADA,"físicamente válida para CAPEX, pero la interfaz financiera solo consume configuraciones del mapa (configs() de 21); requiere ampliar el mapa (DPV-20-03)"
propia,mixto,incubacion,facon,tercero,C_congelado_tercero,B_basico_propio,FALSE,TRUE,VALIDA_NO_MAPEADA_NO_EVALUADA,"físicamente válida para CAPEX, pero la interfaz financiera solo consume configuraciones del mapa (configs() de 21); requiere ampliar el mapa (DPV-20-03)"
propia,mixto,incubacion,facon,tercero,C_congelado_tercero,B_basico_propio,TRUE,FALSE,VALIDA_NO_MAPEADA_NO_EVALUADA,"físicamente válida para CAPEX, pero la interfaz financiera solo consume configuraciones del mapa (configs() de 21); requiere ampliar el mapa (DPV-20-03)"
propia,mixto,incubacion,facon,tercero,C_congelado_tercero,B_basico_propio,TRUE,TRUE,VALIDA_NO_MAPEADA_NO_EVALUADA,"físicamente válida para CAPEX, pero la interfaz financiera solo consume configuraciones del mapa (configs() de 21); requiere ampliar el mapa (DPV-20-03)"
propia,mixto,incubacion,facon,propia,A_refrigerado,A_externo,FALSE,FALSE,VALIDA_NO_MAPEADA_NO_EVALUADA,"físicamente válida para CAPEX, pero la interfaz financiera solo consume configuraciones del mapa (configs() de 21); requiere ampliar el mapa (DPV-20-03)"
propia,mixto,incubacion,facon,propia,A_refrigerado,A_externo,FALSE,TRUE,VALIDA_NO_MAPEADA_NO_EVALUADA,"físicamente válida para CAPEX, pero la interfaz financiera solo consume configuraciones del mapa (configs() de 21); requiere ampliar el mapa (DPV-20-03)"
propia,mixto,incubacion,facon,propia,A_refrigerado,A_externo,TRUE,FALSE,VALIDA_NO_MAPEADA_NO_EVALUADA,"físicamente válida para CAPEX, pero la interfaz financiera solo consume configuraciones del mapa (configs() de 21); requiere ampliar el mapa (DPV-20-03)"
propia,mixto,incubacion,facon,propia,A_refrigerado,A_externo,TRUE,TRUE,VALIDA_NO_MAPEADA_NO_EVALUADA,"físicamente válida para CAPEX, pero la interfaz financiera solo consume configuraciones del mapa (configs() de 21); requiere ampliar el mapa (DPV-20-03)"
propia,mixto,incubacion,facon,propia,A_refrigerado,B_basico_propio,FALSE,FALSE,VALIDA_NO_MAPEADA_NO_EVALUADA,"físicamente válida para CAPEX, pero la interfaz financiera solo consume configuraciones del mapa (configs() de 21); requiere ampliar el mapa (DPV-20-03)"
propia,mixto,incubacion,facon,propia,A_refrigerado,B_basico_propio,FALSE,TRUE,VALIDA_NO_MAPEADA_NO_EVALUADA,"físicamente válida para CAPEX, pero la interfaz financiera solo consume configuraciones del mapa (configs() de 21); requiere ampliar el mapa (DPV-20-03)"
propia,mixto,incubacion,facon,propia,A_refrigerado,B_basico_propio,TRUE,FALSE,VALIDA_NO_MAPEADA_NO_EVALUADA,"físicamente válida para CAPEX, pero la interfaz financiera solo consume configuraciones del mapa (configs() de 21); requiere ampliar el mapa (DPV-20-03)"
propia,mixto,incubacion,facon,propia,A_refrigerado,B_basico_propio,TRUE,TRUE,VALIDA_NO_MAPEADA_NO_EVALUADA,"físicamente válida para CAPEX, pero la interfaz financiera solo consume configuraciones del mapa (configs() de 21); requiere ampliar el mapa (DPV-20-03)"
propia,mixto,incubacion,facon,propia,B_refrigerado_congelado,A_externo,FALSE,FALSE,VALIDA_NO_MAPEADA_NO_EVALUADA,"físicamente válida para CAPEX, pero la interfaz financiera solo consume configuraciones del mapa (configs() de 21); requiere ampliar el mapa (DPV-20-03)"
propia,mixto,incubacion,facon,propia,B_refrigerado_congelado,A_externo,FALSE,TRUE,VALIDA_NO_MAPEADA_NO_EVALUADA,"físicamente válida para CAPEX, pero la interfaz financiera solo consume configuraciones del mapa (configs() de 21); requiere ampliar el mapa (DPV-20-03)"
propia,mixto,incubacion,facon,propia,B_refrigerado_congelado,A_externo,TRUE,FALSE,VALIDA_NO_MAPEADA_NO_EVALUADA,"físicamente válida para CAPEX, pero la interfaz financiera solo consume configuraciones del mapa (configs() de 21); requiere ampliar el mapa (DPV-20-03)"
propia,mixto,incubacion,facon,propia,B_refrigerado_congelado,A_externo,TRUE,TRUE,VALIDA_NO_MAPEADA_NO_EVALUADA,"físicamente válida para CAPEX, pero la interfaz financiera solo consume configuraciones del mapa (configs() de 21); requiere ampliar el mapa (DPV-20-03)"
propia,mixto,incubacion,facon,propia,B_refrigerado_congelado,B_basico_propio,FALSE,FALSE,VALIDA_NO_MAPEADA_NO_EVALUADA,"físicamente válida para CAPEX, pero la interfaz financiera solo consume configuraciones del mapa (configs() de 21); requiere ampliar el mapa (DPV-20-03)"
propia,mixto,incubacion,facon,propia,B_refrigerado_congelado,B_basico_propio,FALSE,TRUE,VALIDA_NO_MAPEADA_NO_EVALUADA,"físicamente válida para CAPEX, pero la interfaz financiera solo consume configuraciones del mapa (configs() de 21); requiere ampliar el mapa (DPV-20-03)"
propia,mixto,incubacion,facon,propia,B_refrigerado_congelado,B_basico_propio,TRUE,FALSE,VALIDA_NO_MAPEADA_NO_EVALUADA,"físicamente válida para CAPEX, pero la interfaz financiera solo consume configuraciones del mapa (configs() de 21); requiere ampliar el mapa (DPV-20-03)"
propia,mixto,incubacion,facon,propia,B_refrigerado_congelado,B_basico_propio,TRUE,TRUE,VALIDA_NO_MAPEADA_NO_EVALUADA,"físicamente válida para CAPEX, pero la interfaz financiera solo consume configuraciones del mapa (configs() de 21); requiere ampliar el mapa (DPV-20-03)"
propia,mixto,incubacion,facon,propia,C_congelado_tercero,A_externo,FALSE,FALSE,VALIDA_NO_MAPEADA_NO_EVALUADA,"físicamente válida para CAPEX, pero la interfaz financiera solo consume configuraciones del mapa (configs() de 21); requiere ampliar el mapa (DPV-20-03)"
propia,mixto,incubacion,facon,propia,C_congelado_tercero,A_externo,FALSE,TRUE,VALIDA_NO_MAPEADA_NO_EVALUADA,"físicamente válida para CAPEX, pero la interfaz financiera solo consume configuraciones del mapa (configs() de 21); requiere ampliar el mapa (DPV-20-03)"
propia,mixto,incubacion,facon,propia,C_congelado_tercero,A_externo,TRUE,FALSE,VALIDA_NO_MAPEADA_NO_EVALUADA,"físicamente válida para CAPEX, pero la interfaz financiera solo consume configuraciones del mapa (configs() de 21); requiere ampliar el mapa (DPV-20-03)"
propia,mixto,incubacion,facon,propia,C_congelado_tercero,A_externo,TRUE,TRUE,VALIDA_NO_MAPEADA_NO_EVALUADA,"físicamente válida para CAPEX, pero la interfaz financiera solo consume configuraciones del mapa (configs() de 21); requiere ampliar el mapa (DPV-20-03)"
propia,mixto,incubacion,facon,propia,C_congelado_tercero,B_basico_propio,FALSE,FALSE,VALIDA_NO_MAPEADA_NO_EVALUADA,"físicamente válida para CAPEX, pero la interfaz financiera solo consume configuraciones del mapa (configs() de 21); requiere ampliar el mapa (DPV-20-03)"
propia,mixto,incubacion,facon,propia,C_congelado_tercero,B_basico_propio,FALSE,TRUE,VALIDA_NO_MAPEADA_NO_EVALUADA,"físicamente válida para CAPEX, pero la interfaz financiera solo consume configuraciones del mapa (configs() de 21); requiere ampliar el mapa (DPV-20-03)"
propia,mixto,incubacion,facon,propia,C_congelado_tercero,B_basico_propio,TRUE,FALSE,VALIDA_NO_MAPEADA_NO_EVALUADA,"físicamente válida para CAPEX, pero la interfaz financiera solo consume configuraciones del mapa (configs() de 21); requiere ampliar el mapa (DPV-20-03)"
propia,mixto,incubacion,facon,propia,C_congelado_tercero,B_basico_propio,TRUE,TRUE,VALIDA_NO_MAPEADA_NO_EVALUADA,"físicamente válida para CAPEX, pero la interfaz financiera solo consume configuraciones del mapa (configs() de 21); requiere ampliar el mapa (DPV-20-03)"
propia,mixto,incubacion,facon,mixto,A_refrigerado,A_externo,FALSE,FALSE,VALIDA_NO_MAPEADA_NO_EVALUADA,"físicamente válida para CAPEX, pero la interfaz financiera solo consume configuraciones del mapa (configs() de 21); requiere ampliar el mapa (DPV-20-03)"
propia,mixto,incubacion,facon,mixto,A_refrigerado,A_externo,FALSE,TRUE,VALIDA_NO_MAPEADA_NO_EVALUADA,"físicamente válida para CAPEX, pero la interfaz financiera solo consume configuraciones del mapa (configs() de 21); requiere ampliar el mapa (DPV-20-03)"
propia,mixto,incubacion,facon,mixto,A_refrigerado,A_externo,TRUE,FALSE,VALIDA_NO_MAPEADA_NO_EVALUADA,"físicamente válida para CAPEX, pero la interfaz financiera solo consume configuraciones del mapa (configs() de 21); requiere ampliar el mapa (DPV-20-03)"
propia,mixto,incubacion,facon,mixto,A_refrigerado,A_externo,TRUE,TRUE,VALIDA_NO_MAPEADA_NO_EVALUADA,"físicamente válida para CAPEX, pero la interfaz financiera solo consume configuraciones del mapa (configs() de 21); requiere ampliar el mapa (DPV-20-03)"
propia,mixto,incubacion,facon,mixto,A_refrigerado,B_basico_propio,FALSE,FALSE,VALIDA_NO_MAPEADA_NO_EVALUADA,"físicamente válida para CAPEX, pero la interfaz financiera solo consume configuraciones del mapa (configs() de 21); requiere ampliar el mapa (DPV-20-03)"
propia,mixto,incubacion,facon,mixto,A_refrigerado,B_basico_propio,FALSE,TRUE,VALIDA_NO_MAPEADA_NO_EVALUADA,"físicamente válida para CAPEX, pero la interfaz financiera solo consume configuraciones del mapa (configs() de 21); requiere ampliar el mapa (DPV-20-03)"
propia,mixto,incubacion,facon,mixto,A_refrigerado,B_basico_propio,TRUE,FALSE,VALIDA_NO_MAPEADA_NO_EVALUADA,"físicamente válida para CAPEX, pero la interfaz financiera solo consume configuraciones del mapa (configs() de 21); requiere ampliar el mapa (DPV-20-03)"
propia,mixto,incubacion,facon,mixto,A_refrigerado,B_basico_propio,TRUE,TRUE,VALIDA_NO_MAPEADA_NO_EVALUADA,"físicamente válida para CAPEX, pero la interfaz financiera solo consume configuraciones del mapa (configs() de 21); requiere ampliar el mapa (DPV-20-03)"
propia,mixto,incubacion,facon,mixto,B_refrigerado_congelado,A_externo,FALSE,FALSE,VALIDA_NO_MAPEADA_NO_EVALUADA,"físicamente válida para CAPEX, pero la interfaz financiera solo consume configuraciones del mapa (configs() de 21); requiere ampliar el mapa (DPV-20-03)"
propia,mixto,incubacion,facon,mixto,B_refrigerado_congelado,A_externo,FALSE,TRUE,VALIDA_NO_MAPEADA_NO_EVALUADA,"físicamente válida para CAPEX, pero la interfaz financiera solo consume configuraciones del mapa (configs() de 21); requiere ampliar el mapa (DPV-20-03)"
propia,mixto,incubacion,facon,mixto,B_refrigerado_congelado,A_externo,TRUE,FALSE,VALIDA_NO_MAPEADA_NO_EVALUADA,"físicamente válida para CAPEX, pero la interfaz financiera solo consume configuraciones del mapa (configs() de 21); requiere ampliar el mapa (DPV-20-03)"
propia,mixto,incubacion,facon,mixto,B_refrigerado_congelado,A_externo,TRUE,TRUE,VALIDA_NO_MAPEADA_NO_EVALUADA,"físicamente válida para CAPEX, pero la interfaz financiera solo consume configuraciones del mapa (configs() de 21); requiere ampliar el mapa (DPV-20-03)"
propia,mixto,incubacion,facon,mixto,B_refrigerado_congelado,B_basico_propio,FALSE,FALSE,VALIDA_NO_MAPEADA_NO_EVALUADA,"físicamente válida para CAPEX, pero la interfaz financiera solo consume configuraciones del mapa (configs() de 21); requiere ampliar el mapa (DPV-20-03)"
propia,mixto,incubacion,facon,mixto,B_refrigerado_congelado,B_basico_propio,FALSE,TRUE,VALIDA_NO_MAPEADA_NO_EVALUADA,"físicamente válida para CAPEX, pero la interfaz financiera solo consume configuraciones del mapa (configs() de 21); requiere ampliar el mapa (DPV-20-03)"
propia,mixto,incubacion,facon,mixto,B_refrigerado_congelado,B_basico_propio,TRUE,FALSE,VALIDA_NO_MAPEADA_NO_EVALUADA,"físicamente válida para CAPEX, pero la interfaz financiera solo consume configuraciones del mapa (configs() de 21); requiere ampliar el mapa (DPV-20-03)"
propia,mixto,incubacion,facon,mixto,B_refrigerado_congelado,B_basico_propio,TRUE,TRUE,VALIDA_NO_MAPEADA_NO_EVALUADA,"físicamente válida para CAPEX, pero la interfaz financiera solo consume configuraciones del mapa (configs() de 21); requiere ampliar el mapa (DPV-20-03)"
propia,mixto,incubacion,facon,mixto,C_congelado_tercero,A_externo,FALSE,FALSE,VALIDA_NO_MAPEADA_NO_EVALUADA,"físicamente válida para CAPEX, pero la interfaz financiera solo consume configuraciones del mapa (configs() de 21); requiere ampliar el mapa (DPV-20-03)"
propia,mixto,incubacion,facon,mixto,C_congelado_tercero,A_externo,FALSE,TRUE,VALIDA_NO_MAPEADA_NO_EVALUADA,"físicamente válida para CAPEX, pero la interfaz financiera solo consume configuraciones del mapa (configs() de 21); requiere ampliar el mapa (DPV-20-03)"
propia,mixto,incubacion,facon,mixto,C_congelado_tercero,A_externo,TRUE,FALSE,VALIDA_NO_MAPEADA_NO_EVALUADA,"físicamente válida para CAPEX, pero la interfaz financiera solo consume configuraciones del mapa (configs() de 21); requiere ampliar el mapa (DPV-20-03)"
propia,mixto,incubacion,facon,mixto,C_congelado_tercero,A_externo,TRUE,TRUE,VALIDA_NO_MAPEADA_NO_EVALUADA,"físicamente válida para CAPEX, pero la interfaz financiera solo consume configuraciones del mapa (configs() de 21); requiere ampliar el mapa (DPV-20-03)"
propia,mixto,incubacion,facon,mixto,C_congelado_tercero,B_basico_propio,FALSE,FALSE,VALIDA_NO_MAPEADA_NO_EVALUADA,"físicamente válida para CAPEX, pero la interfaz financiera solo consume configuraciones del mapa (configs() de 21); requiere ampliar el mapa (DPV-20-03)"
propia,mixto,incubacion,facon,mixto,C_congelado_tercero,B_basico_propio,FALSE,TRUE,VALIDA_NO_MAPEADA_NO_EVALUADA,"físicamente válida para CAPEX, pero la interfaz financiera solo consume configuraciones del mapa (configs() de 21); requiere ampliar el mapa (DPV-20-03)"
propia,mixto,incubacion,facon,mixto,C_congelado_tercero,B_basico_propio,TRUE,FALSE,VALIDA_NO_MAPEADA_NO_EVALUADA,"físicamente válida para CAPEX, pero la interfaz financiera solo consume configuraciones del mapa (configs() de 21); requiere ampliar el mapa (DPV-20-03)"
propia,mixto,incubacion,facon,mixto,C_congelado_tercero,B_basico_propio,TRUE,TRUE,VALIDA_NO_MAPEADA_NO_EVALUADA,"físicamente válida para CAPEX, pero la interfaz financiera solo consume configuraciones del mapa (configs() de 21); requiere ampliar el mapa (DPV-20-03)"
propia,mixto,incubacion,propia,tercero,A_refrigerado,A_externo,FALSE,FALSE,VALIDA_NO_MAPEADA_NO_EVALUADA,"físicamente válida para CAPEX, pero la interfaz financiera solo consume configuraciones del mapa (configs() de 21); requiere ampliar el mapa (DPV-20-03)"
propia,mixto,incubacion,propia,tercero,A_refrigerado,A_externo,FALSE,TRUE,VALIDA_NO_MAPEADA_NO_EVALUADA,"físicamente válida para CAPEX, pero la interfaz financiera solo consume configuraciones del mapa (configs() de 21); requiere ampliar el mapa (DPV-20-03)"
propia,mixto,incubacion,propia,tercero,A_refrigerado,A_externo,TRUE,FALSE,VALIDA_NO_MAPEADA_NO_EVALUADA,"físicamente válida para CAPEX, pero la interfaz financiera solo consume configuraciones del mapa (configs() de 21); requiere ampliar el mapa (DPV-20-03)"
propia,mixto,incubacion,propia,tercero,A_refrigerado,A_externo,TRUE,TRUE,VALIDA_NO_MAPEADA_NO_EVALUADA,"físicamente válida para CAPEX, pero la interfaz financiera solo consume configuraciones del mapa (configs() de 21); requiere ampliar el mapa (DPV-20-03)"
propia,mixto,incubacion,propia,tercero,A_refrigerado,B_basico_propio,FALSE,FALSE,VALIDA_NO_MAPEADA_NO_EVALUADA,"físicamente válida para CAPEX, pero la interfaz financiera solo consume configuraciones del mapa (configs() de 21); requiere ampliar el mapa (DPV-20-03)"
propia,mixto,incubacion,propia,tercero,A_refrigerado,B_basico_propio,FALSE,TRUE,VALIDA_NO_MAPEADA_NO_EVALUADA,"físicamente válida para CAPEX, pero la interfaz financiera solo consume configuraciones del mapa (configs() de 21); requiere ampliar el mapa (DPV-20-03)"
propia,mixto,incubacion,propia,tercero,A_refrigerado,B_basico_propio,TRUE,FALSE,VALIDA_NO_MAPEADA_NO_EVALUADA,"físicamente válida para CAPEX, pero la interfaz financiera solo consume configuraciones del mapa (configs() de 21); requiere ampliar el mapa (DPV-20-03)"
propia,mixto,incubacion,propia,tercero,A_refrigerado,B_basico_propio,TRUE,TRUE,VALIDA_NO_MAPEADA_NO_EVALUADA,"físicamente válida para CAPEX, pero la interfaz financiera solo consume configuraciones del mapa (configs() de 21); requiere ampliar el mapa (DPV-20-03)"
propia,mixto,incubacion,propia,tercero,B_refrigerado_congelado,A_externo,FALSE,FALSE,VALIDA_NO_MAPEADA_NO_EVALUADA,"físicamente válida para CAPEX, pero la interfaz financiera solo consume configuraciones del mapa (configs() de 21); requiere ampliar el mapa (DPV-20-03)"
propia,mixto,incubacion,propia,tercero,B_refrigerado_congelado,A_externo,FALSE,TRUE,VALIDA_NO_MAPEADA_NO_EVALUADA,"físicamente válida para CAPEX, pero la interfaz financiera solo consume configuraciones del mapa (configs() de 21); requiere ampliar el mapa (DPV-20-03)"
propia,mixto,incubacion,propia,tercero,B_refrigerado_congelado,A_externo,TRUE,FALSE,VALIDA_NO_MAPEADA_NO_EVALUADA,"físicamente válida para CAPEX, pero la interfaz financiera solo consume configuraciones del mapa (configs() de 21); requiere ampliar el mapa (DPV-20-03)"
propia,mixto,incubacion,propia,tercero,B_refrigerado_congelado,A_externo,TRUE,TRUE,VALIDA_NO_MAPEADA_NO_EVALUADA,"físicamente válida para CAPEX, pero la interfaz financiera solo consume configuraciones del mapa (configs() de 21); requiere ampliar el mapa (DPV-20-03)"
propia,mixto,incubacion,propia,tercero,B_refrigerado_congelado,B_basico_propio,FALSE,FALSE,VALIDA_NO_MAPEADA_NO_EVALUADA,"físicamente válida para CAPEX, pero la interfaz financiera solo consume configuraciones del mapa (configs() de 21); requiere ampliar el mapa (DPV-20-03)"
propia,mixto,incubacion,propia,tercero,B_refrigerado_congelado,B_basico_propio,FALSE,TRUE,VALIDA_NO_MAPEADA_NO_EVALUADA,"físicamente válida para CAPEX, pero la interfaz financiera solo consume configuraciones del mapa (configs() de 21); requiere ampliar el mapa (DPV-20-03)"
propia,mixto,incubacion,propia,tercero,B_refrigerado_congelado,B_basico_propio,TRUE,FALSE,VALIDA_NO_MAPEADA_NO_EVALUADA,"físicamente válida para CAPEX, pero la interfaz financiera solo consume configuraciones del mapa (configs() de 21); requiere ampliar el mapa (DPV-20-03)"
propia,mixto,incubacion,propia,tercero,B_refrigerado_congelado,B_basico_propio,TRUE,TRUE,VALIDA_NO_MAPEADA_NO_EVALUADA,"físicamente válida para CAPEX, pero la interfaz financiera solo consume configuraciones del mapa (configs() de 21); requiere ampliar el mapa (DPV-20-03)"
propia,mixto,incubacion,propia,tercero,C_congelado_tercero,A_externo,FALSE,FALSE,VALIDA_NO_MAPEADA_NO_EVALUADA,"físicamente válida para CAPEX, pero la interfaz financiera solo consume configuraciones del mapa (configs() de 21); requiere ampliar el mapa (DPV-20-03)"
propia,mixto,incubacion,propia,tercero,C_congelado_tercero,A_externo,FALSE,TRUE,VALIDA_NO_MAPEADA_NO_EVALUADA,"físicamente válida para CAPEX, pero la interfaz financiera solo consume configuraciones del mapa (configs() de 21); requiere ampliar el mapa (DPV-20-03)"
propia,mixto,incubacion,propia,tercero,C_congelado_tercero,A_externo,TRUE,FALSE,VALIDA_NO_MAPEADA_NO_EVALUADA,"físicamente válida para CAPEX, pero la interfaz financiera solo consume configuraciones del mapa (configs() de 21); requiere ampliar el mapa (DPV-20-03)"
propia,mixto,incubacion,propia,tercero,C_congelado_tercero,A_externo,TRUE,TRUE,VALIDA_NO_MAPEADA_NO_EVALUADA,"físicamente válida para CAPEX, pero la interfaz financiera solo consume configuraciones del mapa (configs() de 21); requiere ampliar el mapa (DPV-20-03)"
propia,mixto,incubacion,propia,tercero,C_congelado_tercero,B_basico_propio,FALSE,FALSE,VALIDA_NO_MAPEADA_NO_EVALUADA,"físicamente válida para CAPEX, pero la interfaz financiera solo consume configuraciones del mapa (configs() de 21); requiere ampliar el mapa (DPV-20-03)"
propia,mixto,incubacion,propia,tercero,C_congelado_tercero,B_basico_propio,FALSE,TRUE,VALIDA_NO_MAPEADA_NO_EVALUADA,"físicamente válida para CAPEX, pero la interfaz financiera solo consume configuraciones del mapa (configs() de 21); requiere ampliar el mapa (DPV-20-03)"
propia,mixto,incubacion,propia,tercero,C_congelado_tercero,B_basico_propio,TRUE,FALSE,VALIDA_NO_MAPEADA_NO_EVALUADA,"físicamente válida para CAPEX, pero la interfaz financiera solo consume configuraciones del mapa (configs() de 21); requiere ampliar el mapa (DPV-20-03)"
propia,mixto,incubacion,propia,tercero,C_congelado_tercero,B_basico_propio,TRUE,TRUE,VALIDA_NO_MAPEADA_NO_EVALUADA,"físicamente válida para CAPEX, pero la interfaz financiera solo consume configuraciones del mapa (configs() de 21); requiere ampliar el mapa (DPV-20-03)"
propia,mixto,incubacion,propia,propia,A_refrigerado,A_externo,FALSE,FALSE,VALIDA_NO_MAPEADA_NO_EVALUADA,"físicamente válida para CAPEX, pero la interfaz financiera solo consume configuraciones del mapa (configs() de 21); requiere ampliar el mapa (DPV-20-03)"
propia,mixto,incubacion,propia,propia,A_refrigerado,A_externo,FALSE,TRUE,VALIDA_NO_MAPEADA_NO_EVALUADA,"físicamente válida para CAPEX, pero la interfaz financiera solo consume configuraciones del mapa (configs() de 21); requiere ampliar el mapa (DPV-20-03)"
propia,mixto,incubacion,propia,propia,A_refrigerado,A_externo,TRUE,FALSE,VALIDA_NO_MAPEADA_NO_EVALUADA,"físicamente válida para CAPEX, pero la interfaz financiera solo consume configuraciones del mapa (configs() de 21); requiere ampliar el mapa (DPV-20-03)"
propia,mixto,incubacion,propia,propia,A_refrigerado,A_externo,TRUE,TRUE,VALIDA_NO_MAPEADA_NO_EVALUADA,"físicamente válida para CAPEX, pero la interfaz financiera solo consume configuraciones del mapa (configs() de 21); requiere ampliar el mapa (DPV-20-03)"
propia,mixto,incubacion,propia,propia,A_refrigerado,B_basico_propio,FALSE,FALSE,VALIDA_NO_MAPEADA_NO_EVALUADA,"físicamente válida para CAPEX, pero la interfaz financiera solo consume configuraciones del mapa (configs() de 21); requiere ampliar el mapa (DPV-20-03)"
propia,mixto,incubacion,propia,propia,A_refrigerado,B_basico_propio,FALSE,TRUE,VALIDA_NO_MAPEADA_NO_EVALUADA,"físicamente válida para CAPEX, pero la interfaz financiera solo consume configuraciones del mapa (configs() de 21); requiere ampliar el mapa (DPV-20-03)"
propia,mixto,incubacion,propia,propia,A_refrigerado,B_basico_propio,TRUE,FALSE,VALIDA_NO_MAPEADA_NO_EVALUADA,"físicamente válida para CAPEX, pero la interfaz financiera solo consume configuraciones del mapa (configs() de 21); requiere ampliar el mapa (DPV-20-03)"
propia,mixto,incubacion,propia,propia,A_refrigerado,B_basico_propio,TRUE,TRUE,VALIDA_NO_MAPEADA_NO_EVALUADA,"físicamente válida para CAPEX, pero la interfaz financiera solo consume configuraciones del mapa (configs() de 21); requiere ampliar el mapa (DPV-20-03)"
propia,mixto,incubacion,propia,propia,B_refrigerado_congelado,A_externo,FALSE,FALSE,VALIDA_NO_MAPEADA_NO_EVALUADA,"físicamente válida para CAPEX, pero la interfaz financiera solo consume configuraciones del mapa (configs() de 21); requiere ampliar el mapa (DPV-20-03)"
propia,mixto,incubacion,propia,propia,B_refrigerado_congelado,A_externo,FALSE,TRUE,VALIDA_NO_MAPEADA_NO_EVALUADA,"físicamente válida para CAPEX, pero la interfaz financiera solo consume configuraciones del mapa (configs() de 21); requiere ampliar el mapa (DPV-20-03)"
propia,mixto,incubacion,propia,propia,B_refrigerado_congelado,A_externo,TRUE,FALSE,VALIDA_NO_MAPEADA_NO_EVALUADA,"físicamente válida para CAPEX, pero la interfaz financiera solo consume configuraciones del mapa (configs() de 21); requiere ampliar el mapa (DPV-20-03)"
propia,mixto,incubacion,propia,propia,B_refrigerado_congelado,A_externo,TRUE,TRUE,VALIDA_NO_MAPEADA_NO_EVALUADA,"físicamente válida para CAPEX, pero la interfaz financiera solo consume configuraciones del mapa (configs() de 21); requiere ampliar el mapa (DPV-20-03)"
propia,mixto,incubacion,propia,propia,B_refrigerado_congelado,B_basico_propio,FALSE,FALSE,VALIDA_NO_MAPEADA_NO_EVALUADA,"físicamente válida para CAPEX, pero la interfaz financiera solo consume configuraciones del mapa (configs() de 21); requiere ampliar el mapa (DPV-20-03)"
propia,mixto,incubacion,propia,propia,B_refrigerado_congelado,B_basico_propio,FALSE,TRUE,VALIDA_NO_MAPEADA_NO_EVALUADA,"físicamente válida para CAPEX, pero la interfaz financiera solo consume configuraciones del mapa (configs() de 21); requiere ampliar el mapa (DPV-20-03)"
propia,mixto,incubacion,propia,propia,B_refrigerado_congelado,B_basico_propio,TRUE,FALSE,VALIDA_NO_MAPEADA_NO_EVALUADA,"físicamente válida para CAPEX, pero la interfaz financiera solo consume configuraciones del mapa (configs() de 21); requiere ampliar el mapa (DPV-20-03)"
propia,mixto,incubacion,propia,propia,B_refrigerado_congelado,B_basico_propio,TRUE,TRUE,VALIDA_NO_MAPEADA_NO_EVALUADA,"físicamente válida para CAPEX, pero la interfaz financiera solo consume configuraciones del mapa (configs() de 21); requiere ampliar el mapa (DPV-20-03)"
propia,mixto,incubacion,propia,propia,C_congelado_tercero,A_externo,FALSE,FALSE,VALIDA_NO_MAPEADA_NO_EVALUADA,"físicamente válida para CAPEX, pero la interfaz financiera solo consume configuraciones del mapa (configs() de 21); requiere ampliar el mapa (DPV-20-03)"
propia,mixto,incubacion,propia,propia,C_congelado_tercero,A_externo,FALSE,TRUE,VALIDA_NO_MAPEADA_NO_EVALUADA,"físicamente válida para CAPEX, pero la interfaz financiera solo consume configuraciones del mapa (configs() de 21); requiere ampliar el mapa (DPV-20-03)"
propia,mixto,incubacion,propia,propia,C_congelado_tercero,A_externo,TRUE,FALSE,VALIDA_NO_MAPEADA_NO_EVALUADA,"físicamente válida para CAPEX, pero la interfaz financiera solo consume configuraciones del mapa (configs() de 21); requiere ampliar el mapa (DPV-20-03)"
propia,mixto,incubacion,propia,propia,C_congelado_tercero,A_externo,TRUE,TRUE,VALIDA_NO_MAPEADA_NO_EVALUADA,"físicamente válida para CAPEX, pero la interfaz financiera solo consume configuraciones del mapa (configs() de 21); requiere ampliar el mapa (DPV-20-03)"
propia,mixto,incubacion,propia,propia,C_congelado_tercero,B_basico_propio,FALSE,FALSE,VALIDA_NO_MAPEADA_NO_EVALUADA,"físicamente válida para CAPEX, pero la interfaz financiera solo consume configuraciones del mapa (configs() de 21); requiere ampliar el mapa (DPV-20-03)"
propia,mixto,incubacion,propia,propia,C_congelado_tercero,B_basico_propio,FALSE,TRUE,VALIDA_NO_MAPEADA_NO_EVALUADA,"físicamente válida para CAPEX, pero la interfaz financiera solo consume configuraciones del mapa (configs() de 21); requiere ampliar el mapa (DPV-20-03)"
propia,mixto,incubacion,propia,propia,C_congelado_tercero,B_basico_propio,TRUE,FALSE,VALIDA_NO_MAPEADA_NO_EVALUADA,"físicamente válida para CAPEX, pero la interfaz financiera solo consume configuraciones del mapa (configs() de 21); requiere ampliar el mapa (DPV-20-03)"
propia,mixto,incubacion,propia,propia,C_congelado_tercero,B_basico_propio,TRUE,TRUE,VALIDA_NO_MAPEADA_NO_EVALUADA,"físicamente válida para CAPEX, pero la interfaz financiera solo consume configuraciones del mapa (configs() de 21); requiere ampliar el mapa (DPV-20-03)"
propia,mixto,incubacion,propia,mixto,A_refrigerado,A_externo,FALSE,FALSE,VALIDA_NO_MAPEADA_NO_EVALUADA,"físicamente válida para CAPEX, pero la interfaz financiera solo consume configuraciones del mapa (configs() de 21); requiere ampliar el mapa (DPV-20-03)"
propia,mixto,incubacion,propia,mixto,A_refrigerado,A_externo,FALSE,TRUE,VALIDA_NO_MAPEADA_NO_EVALUADA,"físicamente válida para CAPEX, pero la interfaz financiera solo consume configuraciones del mapa (configs() de 21); requiere ampliar el mapa (DPV-20-03)"
propia,mixto,incubacion,propia,mixto,A_refrigerado,A_externo,TRUE,FALSE,VALIDA_NO_MAPEADA_NO_EVALUADA,"físicamente válida para CAPEX, pero la interfaz financiera solo consume configuraciones del mapa (configs() de 21); requiere ampliar el mapa (DPV-20-03)"
propia,mixto,incubacion,propia,mixto,A_refrigerado,A_externo,TRUE,TRUE,VALIDA_NO_MAPEADA_NO_EVALUADA,"físicamente válida para CAPEX, pero la interfaz financiera solo consume configuraciones del mapa (configs() de 21); requiere ampliar el mapa (DPV-20-03)"
propia,mixto,incubacion,propia,mixto,A_refrigerado,B_basico_propio,FALSE,FALSE,VALIDA_NO_MAPEADA_NO_EVALUADA,"físicamente válida para CAPEX, pero la interfaz financiera solo consume configuraciones del mapa (configs() de 21); requiere ampliar el mapa (DPV-20-03)"
propia,mixto,incubacion,propia,mixto,A_refrigerado,B_basico_propio,FALSE,TRUE,VALIDA_NO_MAPEADA_NO_EVALUADA,"físicamente válida para CAPEX, pero la interfaz financiera solo consume configuraciones del mapa (configs() de 21); requiere ampliar el mapa (DPV-20-03)"
propia,mixto,incubacion,propia,mixto,A_refrigerado,B_basico_propio,TRUE,FALSE,VALIDA_NO_MAPEADA_NO_EVALUADA,"físicamente válida para CAPEX, pero la interfaz financiera solo consume configuraciones del mapa (configs() de 21); requiere ampliar el mapa (DPV-20-03)"
propia,mixto,incubacion,propia,mixto,A_refrigerado,B_basico_propio,TRUE,TRUE,VALIDA_NO_MAPEADA_NO_EVALUADA,"físicamente válida para CAPEX, pero la interfaz financiera solo consume configuraciones del mapa (configs() de 21); requiere ampliar el mapa (DPV-20-03)"
propia,mixto,incubacion,propia,mixto,B_refrigerado_congelado,A_externo,FALSE,FALSE,VALIDA_NO_MAPEADA_NO_EVALUADA,"físicamente válida para CAPEX, pero la interfaz financiera solo consume configuraciones del mapa (configs() de 21); requiere ampliar el mapa (DPV-20-03)"
propia,mixto,incubacion,propia,mixto,B_refrigerado_congelado,A_externo,FALSE,TRUE,VALIDA_NO_MAPEADA_NO_EVALUADA,"físicamente válida para CAPEX, pero la interfaz financiera solo consume configuraciones del mapa (configs() de 21); requiere ampliar el mapa (DPV-20-03)"
propia,mixto,incubacion,propia,mixto,B_refrigerado_congelado,A_externo,TRUE,FALSE,VALIDA_NO_MAPEADA_NO_EVALUADA,"físicamente válida para CAPEX, pero la interfaz financiera solo consume configuraciones del mapa (configs() de 21); requiere ampliar el mapa (DPV-20-03)"
propia,mixto,incubacion,propia,mixto,B_refrigerado_congelado,A_externo,TRUE,TRUE,VALIDA_NO_MAPEADA_NO_EVALUADA,"físicamente válida para CAPEX, pero la interfaz financiera solo consume configuraciones del mapa (configs() de 21); requiere ampliar el mapa (DPV-20-03)"
propia,mixto,incubacion,propia,mixto,B_refrigerado_congelado,B_basico_propio,FALSE,FALSE,VALIDA_NO_MAPEADA_NO_EVALUADA,"físicamente válida para CAPEX, pero la interfaz financiera solo consume configuraciones del mapa (configs() de 21); requiere ampliar el mapa (DPV-20-03)"
propia,mixto,incubacion,propia,mixto,B_refrigerado_congelado,B_basico_propio,FALSE,TRUE,VALIDA_NO_MAPEADA_NO_EVALUADA,"físicamente válida para CAPEX, pero la interfaz financiera solo consume configuraciones del mapa (configs() de 21); requiere ampliar el mapa (DPV-20-03)"
propia,mixto,incubacion,propia,mixto,B_refrigerado_congelado,B_basico_propio,TRUE,FALSE,VALIDA_NO_MAPEADA_NO_EVALUADA,"físicamente válida para CAPEX, pero la interfaz financiera solo consume configuraciones del mapa (configs() de 21); requiere ampliar el mapa (DPV-20-03)"
propia,mixto,incubacion,propia,mixto,B_refrigerado_congelado,B_basico_propio,TRUE,TRUE,VALIDA_NO_MAPEADA_NO_EVALUADA,"físicamente válida para CAPEX, pero la interfaz financiera solo consume configuraciones del mapa (configs() de 21); requiere ampliar el mapa (DPV-20-03)"
propia,mixto,incubacion,propia,mixto,C_congelado_tercero,A_externo,FALSE,FALSE,VALIDA_NO_MAPEADA_NO_EVALUADA,"físicamente válida para CAPEX, pero la interfaz financiera solo consume configuraciones del mapa (configs() de 21); requiere ampliar el mapa (DPV-20-03)"
propia,mixto,incubacion,propia,mixto,C_congelado_tercero,A_externo,FALSE,TRUE,VALIDA_NO_MAPEADA_NO_EVALUADA,"físicamente válida para CAPEX, pero la interfaz financiera solo consume configuraciones del mapa (configs() de 21); requiere ampliar el mapa (DPV-20-03)"
propia,mixto,incubacion,propia,mixto,C_congelado_tercero,A_externo,TRUE,FALSE,VALIDA_NO_MAPEADA_NO_EVALUADA,"físicamente válida para CAPEX, pero la interfaz financiera solo consume configuraciones del mapa (configs() de 21); requiere ampliar el mapa (DPV-20-03)"
propia,mixto,incubacion,propia,mixto,C_congelado_tercero,A_externo,TRUE,TRUE,VALIDA_NO_MAPEADA_NO_EVALUADA,"físicamente válida para CAPEX, pero la interfaz financiera solo consume configuraciones del mapa (configs() de 21); requiere ampliar el mapa (DPV-20-03)"
propia,mixto,incubacion,propia,mixto,C_congelado_tercero,B_basico_propio,FALSE,FALSE,VALIDA_NO_MAPEADA_NO_EVALUADA,"físicamente válida para CAPEX, pero la interfaz financiera solo consume configuraciones del mapa (configs() de 21); requiere ampliar el mapa (DPV-20-03)"
propia,mixto,incubacion,propia,mixto,C_congelado_tercero,B_basico_propio,FALSE,TRUE,VALIDA_NO_MAPEADA_NO_EVALUADA,"físicamente válida para CAPEX, pero la interfaz financiera solo consume configuraciones del mapa (configs() de 21); requiere ampliar el mapa (DPV-20-03)"
propia,mixto,incubacion,propia,mixto,C_congelado_tercero,B_basico_propio,TRUE,FALSE,VALIDA_NO_MAPEADA_NO_EVALUADA,"físicamente válida para CAPEX, pero la interfaz financiera solo consume configuraciones del mapa (configs() de 21); requiere ampliar el mapa (DPV-20-03)"
propia,mixto,incubacion,propia,mixto,C_congelado_tercero,B_basico_propio,TRUE,TRUE,VALIDA_NO_MAPEADA_NO_EVALUADA,"físicamente válida para CAPEX, pero la interfaz financiera solo consume configuraciones del mapa (configs() de 21); requiere ampliar el mapa (DPV-20-03)"
facon,integradas,compra,compra,tercero,A_refrigerado,A_externo,FALSE,FALSE,VALIDA_NO_MAPEADA_NO_EVALUADA,"físicamente válida para CAPEX, pero la interfaz financiera solo consume configuraciones del mapa (configs() de 21); requiere ampliar el mapa (DPV-20-03)"
facon,integradas,compra,compra,tercero,A_refrigerado,A_externo,FALSE,TRUE,INVALIDA_FISICAMENTE,reproductoras propias requieren incubación propia (arquitectura futura)
facon,integradas,compra,compra,tercero,A_refrigerado,A_externo,TRUE,FALSE,INVALIDA_FISICAMENTE,rendering propio requiere planta de faena propia
facon,integradas,compra,compra,tercero,A_refrigerado,A_externo,TRUE,TRUE,INVALIDA_FISICAMENTE,reproductoras propias requieren incubación propia (arquitectura futura)
facon,integradas,compra,compra,tercero,A_refrigerado,B_basico_propio,FALSE,FALSE,VALIDA_NO_MAPEADA_NO_EVALUADA,"físicamente válida para CAPEX, pero la interfaz financiera solo consume configuraciones del mapa (configs() de 21); requiere ampliar el mapa (DPV-20-03)"
facon,integradas,compra,compra,tercero,A_refrigerado,B_basico_propio,FALSE,TRUE,INVALIDA_FISICAMENTE,reproductoras propias requieren incubación propia (arquitectura futura)
facon,integradas,compra,compra,tercero,A_refrigerado,B_basico_propio,TRUE,FALSE,INVALIDA_FISICAMENTE,rendering propio requiere planta de faena propia
facon,integradas,compra,compra,tercero,A_refrigerado,B_basico_propio,TRUE,TRUE,INVALIDA_FISICAMENTE,reproductoras propias requieren incubación propia (arquitectura futura)
facon,integradas,compra,compra,tercero,B_refrigerado_congelado,A_externo,FALSE,FALSE,VALIDA_NO_MAPEADA_NO_EVALUADA,"físicamente válida para CAPEX, pero la interfaz financiera solo consume configuraciones del mapa (configs() de 21); requiere ampliar el mapa (DPV-20-03)"
facon,integradas,compra,compra,tercero,B_refrigerado_congelado,A_externo,FALSE,TRUE,INVALIDA_FISICAMENTE,reproductoras propias requieren incubación propia (arquitectura futura)
facon,integradas,compra,compra,tercero,B_refrigerado_congelado,A_externo,TRUE,FALSE,INVALIDA_FISICAMENTE,rendering propio requiere planta de faena propia
facon,integradas,compra,compra,tercero,B_refrigerado_congelado,A_externo,TRUE,TRUE,INVALIDA_FISICAMENTE,reproductoras propias requieren incubación propia (arquitectura futura)
facon,integradas,compra,compra,tercero,B_refrigerado_congelado,B_basico_propio,FALSE,FALSE,VALIDA_NO_MAPEADA_NO_EVALUADA,"físicamente válida para CAPEX, pero la interfaz financiera solo consume configuraciones del mapa (configs() de 21); requiere ampliar el mapa (DPV-20-03)"
facon,integradas,compra,compra,tercero,B_refrigerado_congelado,B_basico_propio,FALSE,TRUE,INVALIDA_FISICAMENTE,reproductoras propias requieren incubación propia (arquitectura futura)
facon,integradas,compra,compra,tercero,B_refrigerado_congelado,B_basico_propio,TRUE,FALSE,INVALIDA_FISICAMENTE,rendering propio requiere planta de faena propia
facon,integradas,compra,compra,tercero,B_refrigerado_congelado,B_basico_propio,TRUE,TRUE,INVALIDA_FISICAMENTE,reproductoras propias requieren incubación propia (arquitectura futura)
facon,integradas,compra,compra,tercero,C_congelado_tercero,A_externo,FALSE,FALSE,VALIDA_NO_MAPEADA_NO_EVALUADA,"físicamente válida para CAPEX, pero la interfaz financiera solo consume configuraciones del mapa (configs() de 21); requiere ampliar el mapa (DPV-20-03)"
facon,integradas,compra,compra,tercero,C_congelado_tercero,A_externo,FALSE,TRUE,INVALIDA_FISICAMENTE,reproductoras propias requieren incubación propia (arquitectura futura)
facon,integradas,compra,compra,tercero,C_congelado_tercero,A_externo,TRUE,FALSE,INVALIDA_FISICAMENTE,rendering propio requiere planta de faena propia
facon,integradas,compra,compra,tercero,C_congelado_tercero,A_externo,TRUE,TRUE,INVALIDA_FISICAMENTE,reproductoras propias requieren incubación propia (arquitectura futura)
facon,integradas,compra,compra,tercero,C_congelado_tercero,B_basico_propio,FALSE,FALSE,VALIDA_NO_MAPEADA_NO_EVALUADA,"físicamente válida para CAPEX, pero la interfaz financiera solo consume configuraciones del mapa (configs() de 21); requiere ampliar el mapa (DPV-20-03)"
facon,integradas,compra,compra,tercero,C_congelado_tercero,B_basico_propio,FALSE,TRUE,INVALIDA_FISICAMENTE,reproductoras propias requieren incubación propia (arquitectura futura)
facon,integradas,compra,compra,tercero,C_congelado_tercero,B_basico_propio,TRUE,FALSE,INVALIDA_FISICAMENTE,rendering propio requiere planta de faena propia
facon,integradas,compra,compra,tercero,C_congelado_tercero,B_basico_propio,TRUE,TRUE,INVALIDA_FISICAMENTE,reproductoras propias requieren incubación propia (arquitectura futura)
facon,integradas,compra,compra,propia,A_refrigerado,A_externo,FALSE,FALSE,VALIDA_NO_MAPEADA_NO_EVALUADA,"físicamente válida para CAPEX, pero la interfaz financiera solo consume configuraciones del mapa (configs() de 21); requiere ampliar el mapa (DPV-20-03)"
facon,integradas,compra,compra,propia,A_refrigerado,A_externo,FALSE,TRUE,INVALIDA_FISICAMENTE,reproductoras propias requieren incubación propia (arquitectura futura)
facon,integradas,compra,compra,propia,A_refrigerado,A_externo,TRUE,FALSE,INVALIDA_FISICAMENTE,rendering propio requiere planta de faena propia
facon,integradas,compra,compra,propia,A_refrigerado,A_externo,TRUE,TRUE,INVALIDA_FISICAMENTE,reproductoras propias requieren incubación propia (arquitectura futura)
facon,integradas,compra,compra,propia,A_refrigerado,B_basico_propio,FALSE,FALSE,VALIDA_NO_MAPEADA_NO_EVALUADA,"físicamente válida para CAPEX, pero la interfaz financiera solo consume configuraciones del mapa (configs() de 21); requiere ampliar el mapa (DPV-20-03)"
facon,integradas,compra,compra,propia,A_refrigerado,B_basico_propio,FALSE,TRUE,INVALIDA_FISICAMENTE,reproductoras propias requieren incubación propia (arquitectura futura)
facon,integradas,compra,compra,propia,A_refrigerado,B_basico_propio,TRUE,FALSE,INVALIDA_FISICAMENTE,rendering propio requiere planta de faena propia
facon,integradas,compra,compra,propia,A_refrigerado,B_basico_propio,TRUE,TRUE,INVALIDA_FISICAMENTE,reproductoras propias requieren incubación propia (arquitectura futura)
facon,integradas,compra,compra,propia,B_refrigerado_congelado,A_externo,FALSE,FALSE,VALIDA_NO_MAPEADA_NO_EVALUADA,"físicamente válida para CAPEX, pero la interfaz financiera solo consume configuraciones del mapa (configs() de 21); requiere ampliar el mapa (DPV-20-03)"
facon,integradas,compra,compra,propia,B_refrigerado_congelado,A_externo,FALSE,TRUE,INVALIDA_FISICAMENTE,reproductoras propias requieren incubación propia (arquitectura futura)
facon,integradas,compra,compra,propia,B_refrigerado_congelado,A_externo,TRUE,FALSE,INVALIDA_FISICAMENTE,rendering propio requiere planta de faena propia
facon,integradas,compra,compra,propia,B_refrigerado_congelado,A_externo,TRUE,TRUE,INVALIDA_FISICAMENTE,reproductoras propias requieren incubación propia (arquitectura futura)
facon,integradas,compra,compra,propia,B_refrigerado_congelado,B_basico_propio,FALSE,FALSE,VALIDA_NO_MAPEADA_NO_EVALUADA,"físicamente válida para CAPEX, pero la interfaz financiera solo consume configuraciones del mapa (configs() de 21); requiere ampliar el mapa (DPV-20-03)"
facon,integradas,compra,compra,propia,B_refrigerado_congelado,B_basico_propio,FALSE,TRUE,INVALIDA_FISICAMENTE,reproductoras propias requieren incubación propia (arquitectura futura)
facon,integradas,compra,compra,propia,B_refrigerado_congelado,B_basico_propio,TRUE,FALSE,INVALIDA_FISICAMENTE,rendering propio requiere planta de faena propia
facon,integradas,compra,compra,propia,B_refrigerado_congelado,B_basico_propio,TRUE,TRUE,INVALIDA_FISICAMENTE,reproductoras propias requieren incubación propia (arquitectura futura)
facon,integradas,compra,compra,propia,C_congelado_tercero,A_externo,FALSE,FALSE,VALIDA_NO_MAPEADA_NO_EVALUADA,"físicamente válida para CAPEX, pero la interfaz financiera solo consume configuraciones del mapa (configs() de 21); requiere ampliar el mapa (DPV-20-03)"
facon,integradas,compra,compra,propia,C_congelado_tercero,A_externo,FALSE,TRUE,INVALIDA_FISICAMENTE,reproductoras propias requieren incubación propia (arquitectura futura)
facon,integradas,compra,compra,propia,C_congelado_tercero,A_externo,TRUE,FALSE,INVALIDA_FISICAMENTE,rendering propio requiere planta de faena propia
facon,integradas,compra,compra,propia,C_congelado_tercero,A_externo,TRUE,TRUE,INVALIDA_FISICAMENTE,reproductoras propias requieren incubación propia (arquitectura futura)
facon,integradas,compra,compra,propia,C_congelado_tercero,B_basico_propio,FALSE,FALSE,VALIDA_NO_MAPEADA_NO_EVALUADA,"físicamente válida para CAPEX, pero la interfaz financiera solo consume configuraciones del mapa (configs() de 21); requiere ampliar el mapa (DPV-20-03)"
facon,integradas,compra,compra,propia,C_congelado_tercero,B_basico_propio,FALSE,TRUE,INVALIDA_FISICAMENTE,reproductoras propias requieren incubación propia (arquitectura futura)
facon,integradas,compra,compra,propia,C_congelado_tercero,B_basico_propio,TRUE,FALSE,INVALIDA_FISICAMENTE,rendering propio requiere planta de faena propia
facon,integradas,compra,compra,propia,C_congelado_tercero,B_basico_propio,TRUE,TRUE,INVALIDA_FISICAMENTE,reproductoras propias requieren incubación propia (arquitectura futura)
facon,integradas,compra,compra,mixto,A_refrigerado,A_externo,FALSE,FALSE,VALIDA_NO_MAPEADA_NO_EVALUADA,"físicamente válida para CAPEX, pero la interfaz financiera solo consume configuraciones del mapa (configs() de 21); requiere ampliar el mapa (DPV-20-03)"
facon,integradas,compra,compra,mixto,A_refrigerado,A_externo,FALSE,TRUE,INVALIDA_FISICAMENTE,reproductoras propias requieren incubación propia (arquitectura futura)
facon,integradas,compra,compra,mixto,A_refrigerado,A_externo,TRUE,FALSE,INVALIDA_FISICAMENTE,rendering propio requiere planta de faena propia
facon,integradas,compra,compra,mixto,A_refrigerado,A_externo,TRUE,TRUE,INVALIDA_FISICAMENTE,reproductoras propias requieren incubación propia (arquitectura futura)
facon,integradas,compra,compra,mixto,A_refrigerado,B_basico_propio,FALSE,FALSE,VALIDA_NO_MAPEADA_NO_EVALUADA,"físicamente válida para CAPEX, pero la interfaz financiera solo consume configuraciones del mapa (configs() de 21); requiere ampliar el mapa (DPV-20-03)"
facon,integradas,compra,compra,mixto,A_refrigerado,B_basico_propio,FALSE,TRUE,INVALIDA_FISICAMENTE,reproductoras propias requieren incubación propia (arquitectura futura)
facon,integradas,compra,compra,mixto,A_refrigerado,B_basico_propio,TRUE,FALSE,INVALIDA_FISICAMENTE,rendering propio requiere planta de faena propia
facon,integradas,compra,compra,mixto,A_refrigerado,B_basico_propio,TRUE,TRUE,INVALIDA_FISICAMENTE,reproductoras propias requieren incubación propia (arquitectura futura)
facon,integradas,compra,compra,mixto,B_refrigerado_congelado,A_externo,FALSE,FALSE,VALIDA_NO_MAPEADA_NO_EVALUADA,"físicamente válida para CAPEX, pero la interfaz financiera solo consume configuraciones del mapa (configs() de 21); requiere ampliar el mapa (DPV-20-03)"
facon,integradas,compra,compra,mixto,B_refrigerado_congelado,A_externo,FALSE,TRUE,INVALIDA_FISICAMENTE,reproductoras propias requieren incubación propia (arquitectura futura)
facon,integradas,compra,compra,mixto,B_refrigerado_congelado,A_externo,TRUE,FALSE,INVALIDA_FISICAMENTE,rendering propio requiere planta de faena propia
facon,integradas,compra,compra,mixto,B_refrigerado_congelado,A_externo,TRUE,TRUE,INVALIDA_FISICAMENTE,reproductoras propias requieren incubación propia (arquitectura futura)
facon,integradas,compra,compra,mixto,B_refrigerado_congelado,B_basico_propio,FALSE,FALSE,VALIDA_NO_MAPEADA_NO_EVALUADA,"físicamente válida para CAPEX, pero la interfaz financiera solo consume configuraciones del mapa (configs() de 21); requiere ampliar el mapa (DPV-20-03)"
facon,integradas,compra,compra,mixto,B_refrigerado_congelado,B_basico_propio,FALSE,TRUE,INVALIDA_FISICAMENTE,reproductoras propias requieren incubación propia (arquitectura futura)
facon,integradas,compra,compra,mixto,B_refrigerado_congelado,B_basico_propio,TRUE,FALSE,INVALIDA_FISICAMENTE,rendering propio requiere planta de faena propia
facon,integradas,compra,compra,mixto,B_refrigerado_congelado,B_basico_propio,TRUE,TRUE,INVALIDA_FISICAMENTE,reproductoras propias requieren incubación propia (arquitectura futura)
facon,integradas,compra,compra,mixto,C_congelado_tercero,A_externo,FALSE,FALSE,VALIDA_NO_MAPEADA_NO_EVALUADA,"físicamente válida para CAPEX, pero la interfaz financiera solo consume configuraciones del mapa (configs() de 21); requiere ampliar el mapa (DPV-20-03)"
facon,integradas,compra,compra,mixto,C_congelado_tercero,A_externo,FALSE,TRUE,INVALIDA_FISICAMENTE,reproductoras propias requieren incubación propia (arquitectura futura)
facon,integradas,compra,compra,mixto,C_congelado_tercero,A_externo,TRUE,FALSE,INVALIDA_FISICAMENTE,rendering propio requiere planta de faena propia
facon,integradas,compra,compra,mixto,C_congelado_tercero,A_externo,TRUE,TRUE,INVALIDA_FISICAMENTE,reproductoras propias requieren incubación propia (arquitectura futura)
facon,integradas,compra,compra,mixto,C_congelado_tercero,B_basico_propio,FALSE,FALSE,VALIDA_NO_MAPEADA_NO_EVALUADA,"físicamente válida para CAPEX, pero la interfaz financiera solo consume configuraciones del mapa (configs() de 21); requiere ampliar el mapa (DPV-20-03)"
facon,integradas,compra,compra,mixto,C_congelado_tercero,B_basico_propio,FALSE,TRUE,INVALIDA_FISICAMENTE,reproductoras propias requieren incubación propia (arquitectura futura)
facon,integradas,compra,compra,mixto,C_congelado_tercero,B_basico_propio,TRUE,FALSE,INVALIDA_FISICAMENTE,rendering propio requiere planta de faena propia
facon,integradas,compra,compra,mixto,C_congelado_tercero,B_basico_propio,TRUE,TRUE,INVALIDA_FISICAMENTE,reproductoras propias requieren incubación propia (arquitectura futura)
facon,integradas,compra,facon,tercero,A_refrigerado,A_externo,FALSE,FALSE,VALIDA_NO_MAPEADA_NO_EVALUADA,"físicamente válida para CAPEX, pero la interfaz financiera solo consume configuraciones del mapa (configs() de 21); requiere ampliar el mapa (DPV-20-03)"
facon,integradas,compra,facon,tercero,A_refrigerado,A_externo,FALSE,TRUE,INVALIDA_FISICAMENTE,reproductoras propias requieren incubación propia (arquitectura futura)
facon,integradas,compra,facon,tercero,A_refrigerado,A_externo,TRUE,FALSE,INVALIDA_FISICAMENTE,rendering propio requiere planta de faena propia
facon,integradas,compra,facon,tercero,A_refrigerado,A_externo,TRUE,TRUE,INVALIDA_FISICAMENTE,reproductoras propias requieren incubación propia (arquitectura futura)
facon,integradas,compra,facon,tercero,A_refrigerado,B_basico_propio,FALSE,FALSE,VALIDA_NO_MAPEADA_NO_EVALUADA,"físicamente válida para CAPEX, pero la interfaz financiera solo consume configuraciones del mapa (configs() de 21); requiere ampliar el mapa (DPV-20-03)"
facon,integradas,compra,facon,tercero,A_refrigerado,B_basico_propio,FALSE,TRUE,INVALIDA_FISICAMENTE,reproductoras propias requieren incubación propia (arquitectura futura)
facon,integradas,compra,facon,tercero,A_refrigerado,B_basico_propio,TRUE,FALSE,INVALIDA_FISICAMENTE,rendering propio requiere planta de faena propia
facon,integradas,compra,facon,tercero,A_refrigerado,B_basico_propio,TRUE,TRUE,INVALIDA_FISICAMENTE,reproductoras propias requieren incubación propia (arquitectura futura)
facon,integradas,compra,facon,tercero,B_refrigerado_congelado,A_externo,FALSE,FALSE,VALIDA_NO_MAPEADA_NO_EVALUADA,"físicamente válida para CAPEX, pero la interfaz financiera solo consume configuraciones del mapa (configs() de 21); requiere ampliar el mapa (DPV-20-03)"
facon,integradas,compra,facon,tercero,B_refrigerado_congelado,A_externo,FALSE,TRUE,INVALIDA_FISICAMENTE,reproductoras propias requieren incubación propia (arquitectura futura)
facon,integradas,compra,facon,tercero,B_refrigerado_congelado,A_externo,TRUE,FALSE,INVALIDA_FISICAMENTE,rendering propio requiere planta de faena propia
facon,integradas,compra,facon,tercero,B_refrigerado_congelado,A_externo,TRUE,TRUE,INVALIDA_FISICAMENTE,reproductoras propias requieren incubación propia (arquitectura futura)
facon,integradas,compra,facon,tercero,B_refrigerado_congelado,B_basico_propio,FALSE,FALSE,VALIDA_NO_MAPEADA_NO_EVALUADA,"físicamente válida para CAPEX, pero la interfaz financiera solo consume configuraciones del mapa (configs() de 21); requiere ampliar el mapa (DPV-20-03)"
facon,integradas,compra,facon,tercero,B_refrigerado_congelado,B_basico_propio,FALSE,TRUE,INVALIDA_FISICAMENTE,reproductoras propias requieren incubación propia (arquitectura futura)
facon,integradas,compra,facon,tercero,B_refrigerado_congelado,B_basico_propio,TRUE,FALSE,INVALIDA_FISICAMENTE,rendering propio requiere planta de faena propia
facon,integradas,compra,facon,tercero,B_refrigerado_congelado,B_basico_propio,TRUE,TRUE,INVALIDA_FISICAMENTE,reproductoras propias requieren incubación propia (arquitectura futura)
facon,integradas,compra,facon,tercero,C_congelado_tercero,A_externo,FALSE,FALSE,EN_MAPA_EVALUADA,"configuraciones C0, C0-10000-FACON-MP-EMPRESA, C0-10000-FACON-MP-ELABORADOR"
facon,integradas,compra,facon,tercero,C_congelado_tercero,A_externo,FALSE,TRUE,INVALIDA_FISICAMENTE,reproductoras propias requieren incubación propia (arquitectura futura)
facon,integradas,compra,facon,tercero,C_congelado_tercero,A_externo,TRUE,FALSE,INVALIDA_FISICAMENTE,rendering propio requiere planta de faena propia
facon,integradas,compra,facon,tercero,C_congelado_tercero,A_externo,TRUE,TRUE,INVALIDA_FISICAMENTE,reproductoras propias requieren incubación propia (arquitectura futura)
facon,integradas,compra,facon,tercero,C_congelado_tercero,B_basico_propio,FALSE,FALSE,VALIDA_NO_MAPEADA_NO_EVALUADA,"físicamente válida para CAPEX, pero la interfaz financiera solo consume configuraciones del mapa (configs() de 21); requiere ampliar el mapa (DPV-20-03)"
facon,integradas,compra,facon,tercero,C_congelado_tercero,B_basico_propio,FALSE,TRUE,INVALIDA_FISICAMENTE,reproductoras propias requieren incubación propia (arquitectura futura)
facon,integradas,compra,facon,tercero,C_congelado_tercero,B_basico_propio,TRUE,FALSE,INVALIDA_FISICAMENTE,rendering propio requiere planta de faena propia
facon,integradas,compra,facon,tercero,C_congelado_tercero,B_basico_propio,TRUE,TRUE,INVALIDA_FISICAMENTE,reproductoras propias requieren incubación propia (arquitectura futura)
facon,integradas,compra,facon,propia,A_refrigerado,A_externo,FALSE,FALSE,VALIDA_NO_MAPEADA_NO_EVALUADA,"físicamente válida para CAPEX, pero la interfaz financiera solo consume configuraciones del mapa (configs() de 21); requiere ampliar el mapa (DPV-20-03)"
facon,integradas,compra,facon,propia,A_refrigerado,A_externo,FALSE,TRUE,INVALIDA_FISICAMENTE,reproductoras propias requieren incubación propia (arquitectura futura)
facon,integradas,compra,facon,propia,A_refrigerado,A_externo,TRUE,FALSE,INVALIDA_FISICAMENTE,rendering propio requiere planta de faena propia
facon,integradas,compra,facon,propia,A_refrigerado,A_externo,TRUE,TRUE,INVALIDA_FISICAMENTE,reproductoras propias requieren incubación propia (arquitectura futura)
facon,integradas,compra,facon,propia,A_refrigerado,B_basico_propio,FALSE,FALSE,VALIDA_NO_MAPEADA_NO_EVALUADA,"físicamente válida para CAPEX, pero la interfaz financiera solo consume configuraciones del mapa (configs() de 21); requiere ampliar el mapa (DPV-20-03)"
facon,integradas,compra,facon,propia,A_refrigerado,B_basico_propio,FALSE,TRUE,INVALIDA_FISICAMENTE,reproductoras propias requieren incubación propia (arquitectura futura)
facon,integradas,compra,facon,propia,A_refrigerado,B_basico_propio,TRUE,FALSE,INVALIDA_FISICAMENTE,rendering propio requiere planta de faena propia
facon,integradas,compra,facon,propia,A_refrigerado,B_basico_propio,TRUE,TRUE,INVALIDA_FISICAMENTE,reproductoras propias requieren incubación propia (arquitectura futura)
facon,integradas,compra,facon,propia,B_refrigerado_congelado,A_externo,FALSE,FALSE,VALIDA_NO_MAPEADA_NO_EVALUADA,"físicamente válida para CAPEX, pero la interfaz financiera solo consume configuraciones del mapa (configs() de 21); requiere ampliar el mapa (DPV-20-03)"
facon,integradas,compra,facon,propia,B_refrigerado_congelado,A_externo,FALSE,TRUE,INVALIDA_FISICAMENTE,reproductoras propias requieren incubación propia (arquitectura futura)
facon,integradas,compra,facon,propia,B_refrigerado_congelado,A_externo,TRUE,FALSE,INVALIDA_FISICAMENTE,rendering propio requiere planta de faena propia
facon,integradas,compra,facon,propia,B_refrigerado_congelado,A_externo,TRUE,TRUE,INVALIDA_FISICAMENTE,reproductoras propias requieren incubación propia (arquitectura futura)
facon,integradas,compra,facon,propia,B_refrigerado_congelado,B_basico_propio,FALSE,FALSE,VALIDA_NO_MAPEADA_NO_EVALUADA,"físicamente válida para CAPEX, pero la interfaz financiera solo consume configuraciones del mapa (configs() de 21); requiere ampliar el mapa (DPV-20-03)"
facon,integradas,compra,facon,propia,B_refrigerado_congelado,B_basico_propio,FALSE,TRUE,INVALIDA_FISICAMENTE,reproductoras propias requieren incubación propia (arquitectura futura)
facon,integradas,compra,facon,propia,B_refrigerado_congelado,B_basico_propio,TRUE,FALSE,INVALIDA_FISICAMENTE,rendering propio requiere planta de faena propia
facon,integradas,compra,facon,propia,B_refrigerado_congelado,B_basico_propio,TRUE,TRUE,INVALIDA_FISICAMENTE,reproductoras propias requieren incubación propia (arquitectura futura)
facon,integradas,compra,facon,propia,C_congelado_tercero,A_externo,FALSE,FALSE,VALIDA_NO_MAPEADA_NO_EVALUADA,"físicamente válida para CAPEX, pero la interfaz financiera solo consume configuraciones del mapa (configs() de 21); requiere ampliar el mapa (DPV-20-03)"
facon,integradas,compra,facon,propia,C_congelado_tercero,A_externo,FALSE,TRUE,INVALIDA_FISICAMENTE,reproductoras propias requieren incubación propia (arquitectura futura)
facon,integradas,compra,facon,propia,C_congelado_tercero,A_externo,TRUE,FALSE,INVALIDA_FISICAMENTE,rendering propio requiere planta de faena propia
facon,integradas,compra,facon,propia,C_congelado_tercero,A_externo,TRUE,TRUE,INVALIDA_FISICAMENTE,reproductoras propias requieren incubación propia (arquitectura futura)
facon,integradas,compra,facon,propia,C_congelado_tercero,B_basico_propio,FALSE,FALSE,VALIDA_NO_MAPEADA_NO_EVALUADA,"físicamente válida para CAPEX, pero la interfaz financiera solo consume configuraciones del mapa (configs() de 21); requiere ampliar el mapa (DPV-20-03)"
facon,integradas,compra,facon,propia,C_congelado_tercero,B_basico_propio,FALSE,TRUE,INVALIDA_FISICAMENTE,reproductoras propias requieren incubación propia (arquitectura futura)
facon,integradas,compra,facon,propia,C_congelado_tercero,B_basico_propio,TRUE,FALSE,INVALIDA_FISICAMENTE,rendering propio requiere planta de faena propia
facon,integradas,compra,facon,propia,C_congelado_tercero,B_basico_propio,TRUE,TRUE,INVALIDA_FISICAMENTE,reproductoras propias requieren incubación propia (arquitectura futura)
facon,integradas,compra,facon,mixto,A_refrigerado,A_externo,FALSE,FALSE,VALIDA_NO_MAPEADA_NO_EVALUADA,"físicamente válida para CAPEX, pero la interfaz financiera solo consume configuraciones del mapa (configs() de 21); requiere ampliar el mapa (DPV-20-03)"
facon,integradas,compra,facon,mixto,A_refrigerado,A_externo,FALSE,TRUE,INVALIDA_FISICAMENTE,reproductoras propias requieren incubación propia (arquitectura futura)
facon,integradas,compra,facon,mixto,A_refrigerado,A_externo,TRUE,FALSE,INVALIDA_FISICAMENTE,rendering propio requiere planta de faena propia
facon,integradas,compra,facon,mixto,A_refrigerado,A_externo,TRUE,TRUE,INVALIDA_FISICAMENTE,reproductoras propias requieren incubación propia (arquitectura futura)
facon,integradas,compra,facon,mixto,A_refrigerado,B_basico_propio,FALSE,FALSE,VALIDA_NO_MAPEADA_NO_EVALUADA,"físicamente válida para CAPEX, pero la interfaz financiera solo consume configuraciones del mapa (configs() de 21); requiere ampliar el mapa (DPV-20-03)"
facon,integradas,compra,facon,mixto,A_refrigerado,B_basico_propio,FALSE,TRUE,INVALIDA_FISICAMENTE,reproductoras propias requieren incubación propia (arquitectura futura)
facon,integradas,compra,facon,mixto,A_refrigerado,B_basico_propio,TRUE,FALSE,INVALIDA_FISICAMENTE,rendering propio requiere planta de faena propia
facon,integradas,compra,facon,mixto,A_refrigerado,B_basico_propio,TRUE,TRUE,INVALIDA_FISICAMENTE,reproductoras propias requieren incubación propia (arquitectura futura)
facon,integradas,compra,facon,mixto,B_refrigerado_congelado,A_externo,FALSE,FALSE,VALIDA_NO_MAPEADA_NO_EVALUADA,"físicamente válida para CAPEX, pero la interfaz financiera solo consume configuraciones del mapa (configs() de 21); requiere ampliar el mapa (DPV-20-03)"
facon,integradas,compra,facon,mixto,B_refrigerado_congelado,A_externo,FALSE,TRUE,INVALIDA_FISICAMENTE,reproductoras propias requieren incubación propia (arquitectura futura)
facon,integradas,compra,facon,mixto,B_refrigerado_congelado,A_externo,TRUE,FALSE,INVALIDA_FISICAMENTE,rendering propio requiere planta de faena propia
facon,integradas,compra,facon,mixto,B_refrigerado_congelado,A_externo,TRUE,TRUE,INVALIDA_FISICAMENTE,reproductoras propias requieren incubación propia (arquitectura futura)
facon,integradas,compra,facon,mixto,B_refrigerado_congelado,B_basico_propio,FALSE,FALSE,VALIDA_NO_MAPEADA_NO_EVALUADA,"físicamente válida para CAPEX, pero la interfaz financiera solo consume configuraciones del mapa (configs() de 21); requiere ampliar el mapa (DPV-20-03)"
facon,integradas,compra,facon,mixto,B_refrigerado_congelado,B_basico_propio,FALSE,TRUE,INVALIDA_FISICAMENTE,reproductoras propias requieren incubación propia (arquitectura futura)
facon,integradas,compra,facon,mixto,B_refrigerado_congelado,B_basico_propio,TRUE,FALSE,INVALIDA_FISICAMENTE,rendering propio requiere planta de faena propia
facon,integradas,compra,facon,mixto,B_refrigerado_congelado,B_basico_propio,TRUE,TRUE,INVALIDA_FISICAMENTE,reproductoras propias requieren incubación propia (arquitectura futura)
facon,integradas,compra,facon,mixto,C_congelado_tercero,A_externo,FALSE,FALSE,VALIDA_NO_MAPEADA_NO_EVALUADA,"físicamente válida para CAPEX, pero la interfaz financiera solo consume configuraciones del mapa (configs() de 21); requiere ampliar el mapa (DPV-20-03)"
facon,integradas,compra,facon,mixto,C_congelado_tercero,A_externo,FALSE,TRUE,INVALIDA_FISICAMENTE,reproductoras propias requieren incubación propia (arquitectura futura)
facon,integradas,compra,facon,mixto,C_congelado_tercero,A_externo,TRUE,FALSE,INVALIDA_FISICAMENTE,rendering propio requiere planta de faena propia
facon,integradas,compra,facon,mixto,C_congelado_tercero,A_externo,TRUE,TRUE,INVALIDA_FISICAMENTE,reproductoras propias requieren incubación propia (arquitectura futura)
facon,integradas,compra,facon,mixto,C_congelado_tercero,B_basico_propio,FALSE,FALSE,VALIDA_NO_MAPEADA_NO_EVALUADA,"físicamente válida para CAPEX, pero la interfaz financiera solo consume configuraciones del mapa (configs() de 21); requiere ampliar el mapa (DPV-20-03)"
facon,integradas,compra,facon,mixto,C_congelado_tercero,B_basico_propio,FALSE,TRUE,INVALIDA_FISICAMENTE,reproductoras propias requieren incubación propia (arquitectura futura)
facon,integradas,compra,facon,mixto,C_congelado_tercero,B_basico_propio,TRUE,FALSE,INVALIDA_FISICAMENTE,rendering propio requiere planta de faena propia
facon,integradas,compra,facon,mixto,C_congelado_tercero,B_basico_propio,TRUE,TRUE,INVALIDA_FISICAMENTE,reproductoras propias requieren incubación propia (arquitectura futura)
facon,integradas,compra,propia,tercero,A_refrigerado,A_externo,FALSE,FALSE,VALIDA_NO_MAPEADA_NO_EVALUADA,"físicamente válida para CAPEX, pero la interfaz financiera solo consume configuraciones del mapa (configs() de 21); requiere ampliar el mapa (DPV-20-03)"
facon,integradas,compra,propia,tercero,A_refrigerado,A_externo,FALSE,TRUE,INVALIDA_FISICAMENTE,reproductoras propias requieren incubación propia (arquitectura futura)
facon,integradas,compra,propia,tercero,A_refrigerado,A_externo,TRUE,FALSE,INVALIDA_FISICAMENTE,rendering propio requiere planta de faena propia
facon,integradas,compra,propia,tercero,A_refrigerado,A_externo,TRUE,TRUE,INVALIDA_FISICAMENTE,reproductoras propias requieren incubación propia (arquitectura futura)
facon,integradas,compra,propia,tercero,A_refrigerado,B_basico_propio,FALSE,FALSE,VALIDA_NO_MAPEADA_NO_EVALUADA,"físicamente válida para CAPEX, pero la interfaz financiera solo consume configuraciones del mapa (configs() de 21); requiere ampliar el mapa (DPV-20-03)"
facon,integradas,compra,propia,tercero,A_refrigerado,B_basico_propio,FALSE,TRUE,INVALIDA_FISICAMENTE,reproductoras propias requieren incubación propia (arquitectura futura)
facon,integradas,compra,propia,tercero,A_refrigerado,B_basico_propio,TRUE,FALSE,INVALIDA_FISICAMENTE,rendering propio requiere planta de faena propia
facon,integradas,compra,propia,tercero,A_refrigerado,B_basico_propio,TRUE,TRUE,INVALIDA_FISICAMENTE,reproductoras propias requieren incubación propia (arquitectura futura)
facon,integradas,compra,propia,tercero,B_refrigerado_congelado,A_externo,FALSE,FALSE,VALIDA_NO_MAPEADA_NO_EVALUADA,"físicamente válida para CAPEX, pero la interfaz financiera solo consume configuraciones del mapa (configs() de 21); requiere ampliar el mapa (DPV-20-03)"
facon,integradas,compra,propia,tercero,B_refrigerado_congelado,A_externo,FALSE,TRUE,INVALIDA_FISICAMENTE,reproductoras propias requieren incubación propia (arquitectura futura)
facon,integradas,compra,propia,tercero,B_refrigerado_congelado,A_externo,TRUE,FALSE,INVALIDA_FISICAMENTE,rendering propio requiere planta de faena propia
facon,integradas,compra,propia,tercero,B_refrigerado_congelado,A_externo,TRUE,TRUE,INVALIDA_FISICAMENTE,reproductoras propias requieren incubación propia (arquitectura futura)
facon,integradas,compra,propia,tercero,B_refrigerado_congelado,B_basico_propio,FALSE,FALSE,VALIDA_NO_MAPEADA_NO_EVALUADA,"físicamente válida para CAPEX, pero la interfaz financiera solo consume configuraciones del mapa (configs() de 21); requiere ampliar el mapa (DPV-20-03)"
facon,integradas,compra,propia,tercero,B_refrigerado_congelado,B_basico_propio,FALSE,TRUE,INVALIDA_FISICAMENTE,reproductoras propias requieren incubación propia (arquitectura futura)
facon,integradas,compra,propia,tercero,B_refrigerado_congelado,B_basico_propio,TRUE,FALSE,INVALIDA_FISICAMENTE,rendering propio requiere planta de faena propia
facon,integradas,compra,propia,tercero,B_refrigerado_congelado,B_basico_propio,TRUE,TRUE,INVALIDA_FISICAMENTE,reproductoras propias requieren incubación propia (arquitectura futura)
facon,integradas,compra,propia,tercero,C_congelado_tercero,A_externo,FALSE,FALSE,VALIDA_NO_MAPEADA_NO_EVALUADA,"físicamente válida para CAPEX, pero la interfaz financiera solo consume configuraciones del mapa (configs() de 21); requiere ampliar el mapa (DPV-20-03)"
facon,integradas,compra,propia,tercero,C_congelado_tercero,A_externo,FALSE,TRUE,INVALIDA_FISICAMENTE,reproductoras propias requieren incubación propia (arquitectura futura)
facon,integradas,compra,propia,tercero,C_congelado_tercero,A_externo,TRUE,FALSE,INVALIDA_FISICAMENTE,rendering propio requiere planta de faena propia
facon,integradas,compra,propia,tercero,C_congelado_tercero,A_externo,TRUE,TRUE,INVALIDA_FISICAMENTE,reproductoras propias requieren incubación propia (arquitectura futura)
facon,integradas,compra,propia,tercero,C_congelado_tercero,B_basico_propio,FALSE,FALSE,VALIDA_NO_MAPEADA_NO_EVALUADA,"físicamente válida para CAPEX, pero la interfaz financiera solo consume configuraciones del mapa (configs() de 21); requiere ampliar el mapa (DPV-20-03)"
facon,integradas,compra,propia,tercero,C_congelado_tercero,B_basico_propio,FALSE,TRUE,INVALIDA_FISICAMENTE,reproductoras propias requieren incubación propia (arquitectura futura)
facon,integradas,compra,propia,tercero,C_congelado_tercero,B_basico_propio,TRUE,FALSE,INVALIDA_FISICAMENTE,rendering propio requiere planta de faena propia
facon,integradas,compra,propia,tercero,C_congelado_tercero,B_basico_propio,TRUE,TRUE,INVALIDA_FISICAMENTE,reproductoras propias requieren incubación propia (arquitectura futura)
facon,integradas,compra,propia,propia,A_refrigerado,A_externo,FALSE,FALSE,VALIDA_NO_MAPEADA_NO_EVALUADA,"físicamente válida para CAPEX, pero la interfaz financiera solo consume configuraciones del mapa (configs() de 21); requiere ampliar el mapa (DPV-20-03)"
facon,integradas,compra,propia,propia,A_refrigerado,A_externo,FALSE,TRUE,INVALIDA_FISICAMENTE,reproductoras propias requieren incubación propia (arquitectura futura)
facon,integradas,compra,propia,propia,A_refrigerado,A_externo,TRUE,FALSE,INVALIDA_FISICAMENTE,rendering propio requiere planta de faena propia
facon,integradas,compra,propia,propia,A_refrigerado,A_externo,TRUE,TRUE,INVALIDA_FISICAMENTE,reproductoras propias requieren incubación propia (arquitectura futura)
facon,integradas,compra,propia,propia,A_refrigerado,B_basico_propio,FALSE,FALSE,VALIDA_NO_MAPEADA_NO_EVALUADA,"físicamente válida para CAPEX, pero la interfaz financiera solo consume configuraciones del mapa (configs() de 21); requiere ampliar el mapa (DPV-20-03)"
facon,integradas,compra,propia,propia,A_refrigerado,B_basico_propio,FALSE,TRUE,INVALIDA_FISICAMENTE,reproductoras propias requieren incubación propia (arquitectura futura)
facon,integradas,compra,propia,propia,A_refrigerado,B_basico_propio,TRUE,FALSE,INVALIDA_FISICAMENTE,rendering propio requiere planta de faena propia
facon,integradas,compra,propia,propia,A_refrigerado,B_basico_propio,TRUE,TRUE,INVALIDA_FISICAMENTE,reproductoras propias requieren incubación propia (arquitectura futura)
facon,integradas,compra,propia,propia,B_refrigerado_congelado,A_externo,FALSE,FALSE,VALIDA_NO_MAPEADA_NO_EVALUADA,"físicamente válida para CAPEX, pero la interfaz financiera solo consume configuraciones del mapa (configs() de 21); requiere ampliar el mapa (DPV-20-03)"
facon,integradas,compra,propia,propia,B_refrigerado_congelado,A_externo,FALSE,TRUE,INVALIDA_FISICAMENTE,reproductoras propias requieren incubación propia (arquitectura futura)
facon,integradas,compra,propia,propia,B_refrigerado_congelado,A_externo,TRUE,FALSE,INVALIDA_FISICAMENTE,rendering propio requiere planta de faena propia
facon,integradas,compra,propia,propia,B_refrigerado_congelado,A_externo,TRUE,TRUE,INVALIDA_FISICAMENTE,reproductoras propias requieren incubación propia (arquitectura futura)
facon,integradas,compra,propia,propia,B_refrigerado_congelado,B_basico_propio,FALSE,FALSE,VALIDA_NO_MAPEADA_NO_EVALUADA,"físicamente válida para CAPEX, pero la interfaz financiera solo consume configuraciones del mapa (configs() de 21); requiere ampliar el mapa (DPV-20-03)"
facon,integradas,compra,propia,propia,B_refrigerado_congelado,B_basico_propio,FALSE,TRUE,INVALIDA_FISICAMENTE,reproductoras propias requieren incubación propia (arquitectura futura)
facon,integradas,compra,propia,propia,B_refrigerado_congelado,B_basico_propio,TRUE,FALSE,INVALIDA_FISICAMENTE,rendering propio requiere planta de faena propia
facon,integradas,compra,propia,propia,B_refrigerado_congelado,B_basico_propio,TRUE,TRUE,INVALIDA_FISICAMENTE,reproductoras propias requieren incubación propia (arquitectura futura)
facon,integradas,compra,propia,propia,C_congelado_tercero,A_externo,FALSE,FALSE,VALIDA_NO_MAPEADA_NO_EVALUADA,"físicamente válida para CAPEX, pero la interfaz financiera solo consume configuraciones del mapa (configs() de 21); requiere ampliar el mapa (DPV-20-03)"
facon,integradas,compra,propia,propia,C_congelado_tercero,A_externo,FALSE,TRUE,INVALIDA_FISICAMENTE,reproductoras propias requieren incubación propia (arquitectura futura)
facon,integradas,compra,propia,propia,C_congelado_tercero,A_externo,TRUE,FALSE,INVALIDA_FISICAMENTE,rendering propio requiere planta de faena propia
facon,integradas,compra,propia,propia,C_congelado_tercero,A_externo,TRUE,TRUE,INVALIDA_FISICAMENTE,reproductoras propias requieren incubación propia (arquitectura futura)
facon,integradas,compra,propia,propia,C_congelado_tercero,B_basico_propio,FALSE,FALSE,VALIDA_NO_MAPEADA_NO_EVALUADA,"físicamente válida para CAPEX, pero la interfaz financiera solo consume configuraciones del mapa (configs() de 21); requiere ampliar el mapa (DPV-20-03)"
facon,integradas,compra,propia,propia,C_congelado_tercero,B_basico_propio,FALSE,TRUE,INVALIDA_FISICAMENTE,reproductoras propias requieren incubación propia (arquitectura futura)
facon,integradas,compra,propia,propia,C_congelado_tercero,B_basico_propio,TRUE,FALSE,INVALIDA_FISICAMENTE,rendering propio requiere planta de faena propia
facon,integradas,compra,propia,propia,C_congelado_tercero,B_basico_propio,TRUE,TRUE,INVALIDA_FISICAMENTE,reproductoras propias requieren incubación propia (arquitectura futura)
facon,integradas,compra,propia,mixto,A_refrigerado,A_externo,FALSE,FALSE,VALIDA_NO_MAPEADA_NO_EVALUADA,"físicamente válida para CAPEX, pero la interfaz financiera solo consume configuraciones del mapa (configs() de 21); requiere ampliar el mapa (DPV-20-03)"
facon,integradas,compra,propia,mixto,A_refrigerado,A_externo,FALSE,TRUE,INVALIDA_FISICAMENTE,reproductoras propias requieren incubación propia (arquitectura futura)
facon,integradas,compra,propia,mixto,A_refrigerado,A_externo,TRUE,FALSE,INVALIDA_FISICAMENTE,rendering propio requiere planta de faena propia
facon,integradas,compra,propia,mixto,A_refrigerado,A_externo,TRUE,TRUE,INVALIDA_FISICAMENTE,reproductoras propias requieren incubación propia (arquitectura futura)
facon,integradas,compra,propia,mixto,A_refrigerado,B_basico_propio,FALSE,FALSE,VALIDA_NO_MAPEADA_NO_EVALUADA,"físicamente válida para CAPEX, pero la interfaz financiera solo consume configuraciones del mapa (configs() de 21); requiere ampliar el mapa (DPV-20-03)"
facon,integradas,compra,propia,mixto,A_refrigerado,B_basico_propio,FALSE,TRUE,INVALIDA_FISICAMENTE,reproductoras propias requieren incubación propia (arquitectura futura)
facon,integradas,compra,propia,mixto,A_refrigerado,B_basico_propio,TRUE,FALSE,INVALIDA_FISICAMENTE,rendering propio requiere planta de faena propia
facon,integradas,compra,propia,mixto,A_refrigerado,B_basico_propio,TRUE,TRUE,INVALIDA_FISICAMENTE,reproductoras propias requieren incubación propia (arquitectura futura)
facon,integradas,compra,propia,mixto,B_refrigerado_congelado,A_externo,FALSE,FALSE,VALIDA_NO_MAPEADA_NO_EVALUADA,"físicamente válida para CAPEX, pero la interfaz financiera solo consume configuraciones del mapa (configs() de 21); requiere ampliar el mapa (DPV-20-03)"
facon,integradas,compra,propia,mixto,B_refrigerado_congelado,A_externo,FALSE,TRUE,INVALIDA_FISICAMENTE,reproductoras propias requieren incubación propia (arquitectura futura)
facon,integradas,compra,propia,mixto,B_refrigerado_congelado,A_externo,TRUE,FALSE,INVALIDA_FISICAMENTE,rendering propio requiere planta de faena propia
facon,integradas,compra,propia,mixto,B_refrigerado_congelado,A_externo,TRUE,TRUE,INVALIDA_FISICAMENTE,reproductoras propias requieren incubación propia (arquitectura futura)
facon,integradas,compra,propia,mixto,B_refrigerado_congelado,B_basico_propio,FALSE,FALSE,VALIDA_NO_MAPEADA_NO_EVALUADA,"físicamente válida para CAPEX, pero la interfaz financiera solo consume configuraciones del mapa (configs() de 21); requiere ampliar el mapa (DPV-20-03)"
facon,integradas,compra,propia,mixto,B_refrigerado_congelado,B_basico_propio,FALSE,TRUE,INVALIDA_FISICAMENTE,reproductoras propias requieren incubación propia (arquitectura futura)
facon,integradas,compra,propia,mixto,B_refrigerado_congelado,B_basico_propio,TRUE,FALSE,INVALIDA_FISICAMENTE,rendering propio requiere planta de faena propia
facon,integradas,compra,propia,mixto,B_refrigerado_congelado,B_basico_propio,TRUE,TRUE,INVALIDA_FISICAMENTE,reproductoras propias requieren incubación propia (arquitectura futura)
facon,integradas,compra,propia,mixto,C_congelado_tercero,A_externo,FALSE,FALSE,VALIDA_NO_MAPEADA_NO_EVALUADA,"físicamente válida para CAPEX, pero la interfaz financiera solo consume configuraciones del mapa (configs() de 21); requiere ampliar el mapa (DPV-20-03)"
facon,integradas,compra,propia,mixto,C_congelado_tercero,A_externo,FALSE,TRUE,INVALIDA_FISICAMENTE,reproductoras propias requieren incubación propia (arquitectura futura)
facon,integradas,compra,propia,mixto,C_congelado_tercero,A_externo,TRUE,FALSE,INVALIDA_FISICAMENTE,rendering propio requiere planta de faena propia
facon,integradas,compra,propia,mixto,C_congelado_tercero,A_externo,TRUE,TRUE,INVALIDA_FISICAMENTE,reproductoras propias requieren incubación propia (arquitectura futura)
facon,integradas,compra,propia,mixto,C_congelado_tercero,B_basico_propio,FALSE,FALSE,VALIDA_NO_MAPEADA_NO_EVALUADA,"físicamente válida para CAPEX, pero la interfaz financiera solo consume configuraciones del mapa (configs() de 21); requiere ampliar el mapa (DPV-20-03)"
facon,integradas,compra,propia,mixto,C_congelado_tercero,B_basico_propio,FALSE,TRUE,INVALIDA_FISICAMENTE,reproductoras propias requieren incubación propia (arquitectura futura)
facon,integradas,compra,propia,mixto,C_congelado_tercero,B_basico_propio,TRUE,FALSE,INVALIDA_FISICAMENTE,rendering propio requiere planta de faena propia
facon,integradas,compra,propia,mixto,C_congelado_tercero,B_basico_propio,TRUE,TRUE,INVALIDA_FISICAMENTE,reproductoras propias requieren incubación propia (arquitectura futura)
facon,integradas,incubacion,compra,tercero,A_refrigerado,A_externo,FALSE,FALSE,VALIDA_NO_MAPEADA_NO_EVALUADA,"físicamente válida para CAPEX, pero la interfaz financiera solo consume configuraciones del mapa (configs() de 21); requiere ampliar el mapa (DPV-20-03)"
facon,integradas,incubacion,compra,tercero,A_refrigerado,A_externo,FALSE,TRUE,VALIDA_NO_MAPEADA_NO_EVALUADA,"físicamente válida para CAPEX, pero la interfaz financiera solo consume configuraciones del mapa (configs() de 21); requiere ampliar el mapa (DPV-20-03)"
facon,integradas,incubacion,compra,tercero,A_refrigerado,A_externo,TRUE,FALSE,INVALIDA_FISICAMENTE,rendering propio requiere planta de faena propia
facon,integradas,incubacion,compra,tercero,A_refrigerado,A_externo,TRUE,TRUE,INVALIDA_FISICAMENTE,rendering propio requiere planta de faena propia
facon,integradas,incubacion,compra,tercero,A_refrigerado,B_basico_propio,FALSE,FALSE,VALIDA_NO_MAPEADA_NO_EVALUADA,"físicamente válida para CAPEX, pero la interfaz financiera solo consume configuraciones del mapa (configs() de 21); requiere ampliar el mapa (DPV-20-03)"
facon,integradas,incubacion,compra,tercero,A_refrigerado,B_basico_propio,FALSE,TRUE,VALIDA_NO_MAPEADA_NO_EVALUADA,"físicamente válida para CAPEX, pero la interfaz financiera solo consume configuraciones del mapa (configs() de 21); requiere ampliar el mapa (DPV-20-03)"
facon,integradas,incubacion,compra,tercero,A_refrigerado,B_basico_propio,TRUE,FALSE,INVALIDA_FISICAMENTE,rendering propio requiere planta de faena propia
facon,integradas,incubacion,compra,tercero,A_refrigerado,B_basico_propio,TRUE,TRUE,INVALIDA_FISICAMENTE,rendering propio requiere planta de faena propia
facon,integradas,incubacion,compra,tercero,B_refrigerado_congelado,A_externo,FALSE,FALSE,VALIDA_NO_MAPEADA_NO_EVALUADA,"físicamente válida para CAPEX, pero la interfaz financiera solo consume configuraciones del mapa (configs() de 21); requiere ampliar el mapa (DPV-20-03)"
facon,integradas,incubacion,compra,tercero,B_refrigerado_congelado,A_externo,FALSE,TRUE,VALIDA_NO_MAPEADA_NO_EVALUADA,"físicamente válida para CAPEX, pero la interfaz financiera solo consume configuraciones del mapa (configs() de 21); requiere ampliar el mapa (DPV-20-03)"
facon,integradas,incubacion,compra,tercero,B_refrigerado_congelado,A_externo,TRUE,FALSE,INVALIDA_FISICAMENTE,rendering propio requiere planta de faena propia
facon,integradas,incubacion,compra,tercero,B_refrigerado_congelado,A_externo,TRUE,TRUE,INVALIDA_FISICAMENTE,rendering propio requiere planta de faena propia
facon,integradas,incubacion,compra,tercero,B_refrigerado_congelado,B_basico_propio,FALSE,FALSE,VALIDA_NO_MAPEADA_NO_EVALUADA,"físicamente válida para CAPEX, pero la interfaz financiera solo consume configuraciones del mapa (configs() de 21); requiere ampliar el mapa (DPV-20-03)"
facon,integradas,incubacion,compra,tercero,B_refrigerado_congelado,B_basico_propio,FALSE,TRUE,VALIDA_NO_MAPEADA_NO_EVALUADA,"físicamente válida para CAPEX, pero la interfaz financiera solo consume configuraciones del mapa (configs() de 21); requiere ampliar el mapa (DPV-20-03)"
facon,integradas,incubacion,compra,tercero,B_refrigerado_congelado,B_basico_propio,TRUE,FALSE,INVALIDA_FISICAMENTE,rendering propio requiere planta de faena propia
facon,integradas,incubacion,compra,tercero,B_refrigerado_congelado,B_basico_propio,TRUE,TRUE,INVALIDA_FISICAMENTE,rendering propio requiere planta de faena propia
facon,integradas,incubacion,compra,tercero,C_congelado_tercero,A_externo,FALSE,FALSE,VALIDA_NO_MAPEADA_NO_EVALUADA,"físicamente válida para CAPEX, pero la interfaz financiera solo consume configuraciones del mapa (configs() de 21); requiere ampliar el mapa (DPV-20-03)"
facon,integradas,incubacion,compra,tercero,C_congelado_tercero,A_externo,FALSE,TRUE,VALIDA_NO_MAPEADA_NO_EVALUADA,"físicamente válida para CAPEX, pero la interfaz financiera solo consume configuraciones del mapa (configs() de 21); requiere ampliar el mapa (DPV-20-03)"
facon,integradas,incubacion,compra,tercero,C_congelado_tercero,A_externo,TRUE,FALSE,INVALIDA_FISICAMENTE,rendering propio requiere planta de faena propia
facon,integradas,incubacion,compra,tercero,C_congelado_tercero,A_externo,TRUE,TRUE,INVALIDA_FISICAMENTE,rendering propio requiere planta de faena propia
facon,integradas,incubacion,compra,tercero,C_congelado_tercero,B_basico_propio,FALSE,FALSE,VALIDA_NO_MAPEADA_NO_EVALUADA,"físicamente válida para CAPEX, pero la interfaz financiera solo consume configuraciones del mapa (configs() de 21); requiere ampliar el mapa (DPV-20-03)"
facon,integradas,incubacion,compra,tercero,C_congelado_tercero,B_basico_propio,FALSE,TRUE,VALIDA_NO_MAPEADA_NO_EVALUADA,"físicamente válida para CAPEX, pero la interfaz financiera solo consume configuraciones del mapa (configs() de 21); requiere ampliar el mapa (DPV-20-03)"
facon,integradas,incubacion,compra,tercero,C_congelado_tercero,B_basico_propio,TRUE,FALSE,INVALIDA_FISICAMENTE,rendering propio requiere planta de faena propia
facon,integradas,incubacion,compra,tercero,C_congelado_tercero,B_basico_propio,TRUE,TRUE,INVALIDA_FISICAMENTE,rendering propio requiere planta de faena propia
facon,integradas,incubacion,compra,propia,A_refrigerado,A_externo,FALSE,FALSE,VALIDA_NO_MAPEADA_NO_EVALUADA,"físicamente válida para CAPEX, pero la interfaz financiera solo consume configuraciones del mapa (configs() de 21); requiere ampliar el mapa (DPV-20-03)"
facon,integradas,incubacion,compra,propia,A_refrigerado,A_externo,FALSE,TRUE,VALIDA_NO_MAPEADA_NO_EVALUADA,"físicamente válida para CAPEX, pero la interfaz financiera solo consume configuraciones del mapa (configs() de 21); requiere ampliar el mapa (DPV-20-03)"
facon,integradas,incubacion,compra,propia,A_refrigerado,A_externo,TRUE,FALSE,INVALIDA_FISICAMENTE,rendering propio requiere planta de faena propia
facon,integradas,incubacion,compra,propia,A_refrigerado,A_externo,TRUE,TRUE,INVALIDA_FISICAMENTE,rendering propio requiere planta de faena propia
facon,integradas,incubacion,compra,propia,A_refrigerado,B_basico_propio,FALSE,FALSE,VALIDA_NO_MAPEADA_NO_EVALUADA,"físicamente válida para CAPEX, pero la interfaz financiera solo consume configuraciones del mapa (configs() de 21); requiere ampliar el mapa (DPV-20-03)"
facon,integradas,incubacion,compra,propia,A_refrigerado,B_basico_propio,FALSE,TRUE,VALIDA_NO_MAPEADA_NO_EVALUADA,"físicamente válida para CAPEX, pero la interfaz financiera solo consume configuraciones del mapa (configs() de 21); requiere ampliar el mapa (DPV-20-03)"
facon,integradas,incubacion,compra,propia,A_refrigerado,B_basico_propio,TRUE,FALSE,INVALIDA_FISICAMENTE,rendering propio requiere planta de faena propia
facon,integradas,incubacion,compra,propia,A_refrigerado,B_basico_propio,TRUE,TRUE,INVALIDA_FISICAMENTE,rendering propio requiere planta de faena propia
facon,integradas,incubacion,compra,propia,B_refrigerado_congelado,A_externo,FALSE,FALSE,VALIDA_NO_MAPEADA_NO_EVALUADA,"físicamente válida para CAPEX, pero la interfaz financiera solo consume configuraciones del mapa (configs() de 21); requiere ampliar el mapa (DPV-20-03)"
facon,integradas,incubacion,compra,propia,B_refrigerado_congelado,A_externo,FALSE,TRUE,VALIDA_NO_MAPEADA_NO_EVALUADA,"físicamente válida para CAPEX, pero la interfaz financiera solo consume configuraciones del mapa (configs() de 21); requiere ampliar el mapa (DPV-20-03)"
facon,integradas,incubacion,compra,propia,B_refrigerado_congelado,A_externo,TRUE,FALSE,INVALIDA_FISICAMENTE,rendering propio requiere planta de faena propia
facon,integradas,incubacion,compra,propia,B_refrigerado_congelado,A_externo,TRUE,TRUE,INVALIDA_FISICAMENTE,rendering propio requiere planta de faena propia
facon,integradas,incubacion,compra,propia,B_refrigerado_congelado,B_basico_propio,FALSE,FALSE,VALIDA_NO_MAPEADA_NO_EVALUADA,"físicamente válida para CAPEX, pero la interfaz financiera solo consume configuraciones del mapa (configs() de 21); requiere ampliar el mapa (DPV-20-03)"
facon,integradas,incubacion,compra,propia,B_refrigerado_congelado,B_basico_propio,FALSE,TRUE,VALIDA_NO_MAPEADA_NO_EVALUADA,"físicamente válida para CAPEX, pero la interfaz financiera solo consume configuraciones del mapa (configs() de 21); requiere ampliar el mapa (DPV-20-03)"
facon,integradas,incubacion,compra,propia,B_refrigerado_congelado,B_basico_propio,TRUE,FALSE,INVALIDA_FISICAMENTE,rendering propio requiere planta de faena propia
facon,integradas,incubacion,compra,propia,B_refrigerado_congelado,B_basico_propio,TRUE,TRUE,INVALIDA_FISICAMENTE,rendering propio requiere planta de faena propia
facon,integradas,incubacion,compra,propia,C_congelado_tercero,A_externo,FALSE,FALSE,VALIDA_NO_MAPEADA_NO_EVALUADA,"físicamente válida para CAPEX, pero la interfaz financiera solo consume configuraciones del mapa (configs() de 21); requiere ampliar el mapa (DPV-20-03)"
facon,integradas,incubacion,compra,propia,C_congelado_tercero,A_externo,FALSE,TRUE,VALIDA_NO_MAPEADA_NO_EVALUADA,"físicamente válida para CAPEX, pero la interfaz financiera solo consume configuraciones del mapa (configs() de 21); requiere ampliar el mapa (DPV-20-03)"
facon,integradas,incubacion,compra,propia,C_congelado_tercero,A_externo,TRUE,FALSE,INVALIDA_FISICAMENTE,rendering propio requiere planta de faena propia
facon,integradas,incubacion,compra,propia,C_congelado_tercero,A_externo,TRUE,TRUE,INVALIDA_FISICAMENTE,rendering propio requiere planta de faena propia
facon,integradas,incubacion,compra,propia,C_congelado_tercero,B_basico_propio,FALSE,FALSE,VALIDA_NO_MAPEADA_NO_EVALUADA,"físicamente válida para CAPEX, pero la interfaz financiera solo consume configuraciones del mapa (configs() de 21); requiere ampliar el mapa (DPV-20-03)"
facon,integradas,incubacion,compra,propia,C_congelado_tercero,B_basico_propio,FALSE,TRUE,VALIDA_NO_MAPEADA_NO_EVALUADA,"físicamente válida para CAPEX, pero la interfaz financiera solo consume configuraciones del mapa (configs() de 21); requiere ampliar el mapa (DPV-20-03)"
facon,integradas,incubacion,compra,propia,C_congelado_tercero,B_basico_propio,TRUE,FALSE,INVALIDA_FISICAMENTE,rendering propio requiere planta de faena propia
facon,integradas,incubacion,compra,propia,C_congelado_tercero,B_basico_propio,TRUE,TRUE,INVALIDA_FISICAMENTE,rendering propio requiere planta de faena propia
facon,integradas,incubacion,compra,mixto,A_refrigerado,A_externo,FALSE,FALSE,VALIDA_NO_MAPEADA_NO_EVALUADA,"físicamente válida para CAPEX, pero la interfaz financiera solo consume configuraciones del mapa (configs() de 21); requiere ampliar el mapa (DPV-20-03)"
facon,integradas,incubacion,compra,mixto,A_refrigerado,A_externo,FALSE,TRUE,VALIDA_NO_MAPEADA_NO_EVALUADA,"físicamente válida para CAPEX, pero la interfaz financiera solo consume configuraciones del mapa (configs() de 21); requiere ampliar el mapa (DPV-20-03)"
facon,integradas,incubacion,compra,mixto,A_refrigerado,A_externo,TRUE,FALSE,INVALIDA_FISICAMENTE,rendering propio requiere planta de faena propia
facon,integradas,incubacion,compra,mixto,A_refrigerado,A_externo,TRUE,TRUE,INVALIDA_FISICAMENTE,rendering propio requiere planta de faena propia
facon,integradas,incubacion,compra,mixto,A_refrigerado,B_basico_propio,FALSE,FALSE,VALIDA_NO_MAPEADA_NO_EVALUADA,"físicamente válida para CAPEX, pero la interfaz financiera solo consume configuraciones del mapa (configs() de 21); requiere ampliar el mapa (DPV-20-03)"
facon,integradas,incubacion,compra,mixto,A_refrigerado,B_basico_propio,FALSE,TRUE,VALIDA_NO_MAPEADA_NO_EVALUADA,"físicamente válida para CAPEX, pero la interfaz financiera solo consume configuraciones del mapa (configs() de 21); requiere ampliar el mapa (DPV-20-03)"
facon,integradas,incubacion,compra,mixto,A_refrigerado,B_basico_propio,TRUE,FALSE,INVALIDA_FISICAMENTE,rendering propio requiere planta de faena propia
facon,integradas,incubacion,compra,mixto,A_refrigerado,B_basico_propio,TRUE,TRUE,INVALIDA_FISICAMENTE,rendering propio requiere planta de faena propia
facon,integradas,incubacion,compra,mixto,B_refrigerado_congelado,A_externo,FALSE,FALSE,VALIDA_NO_MAPEADA_NO_EVALUADA,"físicamente válida para CAPEX, pero la interfaz financiera solo consume configuraciones del mapa (configs() de 21); requiere ampliar el mapa (DPV-20-03)"
facon,integradas,incubacion,compra,mixto,B_refrigerado_congelado,A_externo,FALSE,TRUE,VALIDA_NO_MAPEADA_NO_EVALUADA,"físicamente válida para CAPEX, pero la interfaz financiera solo consume configuraciones del mapa (configs() de 21); requiere ampliar el mapa (DPV-20-03)"
facon,integradas,incubacion,compra,mixto,B_refrigerado_congelado,A_externo,TRUE,FALSE,INVALIDA_FISICAMENTE,rendering propio requiere planta de faena propia
facon,integradas,incubacion,compra,mixto,B_refrigerado_congelado,A_externo,TRUE,TRUE,INVALIDA_FISICAMENTE,rendering propio requiere planta de faena propia
facon,integradas,incubacion,compra,mixto,B_refrigerado_congelado,B_basico_propio,FALSE,FALSE,VALIDA_NO_MAPEADA_NO_EVALUADA,"físicamente válida para CAPEX, pero la interfaz financiera solo consume configuraciones del mapa (configs() de 21); requiere ampliar el mapa (DPV-20-03)"
facon,integradas,incubacion,compra,mixto,B_refrigerado_congelado,B_basico_propio,FALSE,TRUE,VALIDA_NO_MAPEADA_NO_EVALUADA,"físicamente válida para CAPEX, pero la interfaz financiera solo consume configuraciones del mapa (configs() de 21); requiere ampliar el mapa (DPV-20-03)"
facon,integradas,incubacion,compra,mixto,B_refrigerado_congelado,B_basico_propio,TRUE,FALSE,INVALIDA_FISICAMENTE,rendering propio requiere planta de faena propia
facon,integradas,incubacion,compra,mixto,B_refrigerado_congelado,B_basico_propio,TRUE,TRUE,INVALIDA_FISICAMENTE,rendering propio requiere planta de faena propia
facon,integradas,incubacion,compra,mixto,C_congelado_tercero,A_externo,FALSE,FALSE,VALIDA_NO_MAPEADA_NO_EVALUADA,"físicamente válida para CAPEX, pero la interfaz financiera solo consume configuraciones del mapa (configs() de 21); requiere ampliar el mapa (DPV-20-03)"
facon,integradas,incubacion,compra,mixto,C_congelado_tercero,A_externo,FALSE,TRUE,VALIDA_NO_MAPEADA_NO_EVALUADA,"físicamente válida para CAPEX, pero la interfaz financiera solo consume configuraciones del mapa (configs() de 21); requiere ampliar el mapa (DPV-20-03)"
facon,integradas,incubacion,compra,mixto,C_congelado_tercero,A_externo,TRUE,FALSE,INVALIDA_FISICAMENTE,rendering propio requiere planta de faena propia
facon,integradas,incubacion,compra,mixto,C_congelado_tercero,A_externo,TRUE,TRUE,INVALIDA_FISICAMENTE,rendering propio requiere planta de faena propia
facon,integradas,incubacion,compra,mixto,C_congelado_tercero,B_basico_propio,FALSE,FALSE,VALIDA_NO_MAPEADA_NO_EVALUADA,"físicamente válida para CAPEX, pero la interfaz financiera solo consume configuraciones del mapa (configs() de 21); requiere ampliar el mapa (DPV-20-03)"
facon,integradas,incubacion,compra,mixto,C_congelado_tercero,B_basico_propio,FALSE,TRUE,VALIDA_NO_MAPEADA_NO_EVALUADA,"físicamente válida para CAPEX, pero la interfaz financiera solo consume configuraciones del mapa (configs() de 21); requiere ampliar el mapa (DPV-20-03)"
facon,integradas,incubacion,compra,mixto,C_congelado_tercero,B_basico_propio,TRUE,FALSE,INVALIDA_FISICAMENTE,rendering propio requiere planta de faena propia
facon,integradas,incubacion,compra,mixto,C_congelado_tercero,B_basico_propio,TRUE,TRUE,INVALIDA_FISICAMENTE,rendering propio requiere planta de faena propia
facon,integradas,incubacion,facon,tercero,A_refrigerado,A_externo,FALSE,FALSE,VALIDA_NO_MAPEADA_NO_EVALUADA,"físicamente válida para CAPEX, pero la interfaz financiera solo consume configuraciones del mapa (configs() de 21); requiere ampliar el mapa (DPV-20-03)"
facon,integradas,incubacion,facon,tercero,A_refrigerado,A_externo,FALSE,TRUE,VALIDA_NO_MAPEADA_NO_EVALUADA,"físicamente válida para CAPEX, pero la interfaz financiera solo consume configuraciones del mapa (configs() de 21); requiere ampliar el mapa (DPV-20-03)"
facon,integradas,incubacion,facon,tercero,A_refrigerado,A_externo,TRUE,FALSE,INVALIDA_FISICAMENTE,rendering propio requiere planta de faena propia
facon,integradas,incubacion,facon,tercero,A_refrigerado,A_externo,TRUE,TRUE,INVALIDA_FISICAMENTE,rendering propio requiere planta de faena propia
facon,integradas,incubacion,facon,tercero,A_refrigerado,B_basico_propio,FALSE,FALSE,VALIDA_NO_MAPEADA_NO_EVALUADA,"físicamente válida para CAPEX, pero la interfaz financiera solo consume configuraciones del mapa (configs() de 21); requiere ampliar el mapa (DPV-20-03)"
facon,integradas,incubacion,facon,tercero,A_refrigerado,B_basico_propio,FALSE,TRUE,VALIDA_NO_MAPEADA_NO_EVALUADA,"físicamente válida para CAPEX, pero la interfaz financiera solo consume configuraciones del mapa (configs() de 21); requiere ampliar el mapa (DPV-20-03)"
facon,integradas,incubacion,facon,tercero,A_refrigerado,B_basico_propio,TRUE,FALSE,INVALIDA_FISICAMENTE,rendering propio requiere planta de faena propia
facon,integradas,incubacion,facon,tercero,A_refrigerado,B_basico_propio,TRUE,TRUE,INVALIDA_FISICAMENTE,rendering propio requiere planta de faena propia
facon,integradas,incubacion,facon,tercero,B_refrigerado_congelado,A_externo,FALSE,FALSE,VALIDA_NO_MAPEADA_NO_EVALUADA,"físicamente válida para CAPEX, pero la interfaz financiera solo consume configuraciones del mapa (configs() de 21); requiere ampliar el mapa (DPV-20-03)"
facon,integradas,incubacion,facon,tercero,B_refrigerado_congelado,A_externo,FALSE,TRUE,VALIDA_NO_MAPEADA_NO_EVALUADA,"físicamente válida para CAPEX, pero la interfaz financiera solo consume configuraciones del mapa (configs() de 21); requiere ampliar el mapa (DPV-20-03)"
facon,integradas,incubacion,facon,tercero,B_refrigerado_congelado,A_externo,TRUE,FALSE,INVALIDA_FISICAMENTE,rendering propio requiere planta de faena propia
facon,integradas,incubacion,facon,tercero,B_refrigerado_congelado,A_externo,TRUE,TRUE,INVALIDA_FISICAMENTE,rendering propio requiere planta de faena propia
facon,integradas,incubacion,facon,tercero,B_refrigerado_congelado,B_basico_propio,FALSE,FALSE,VALIDA_NO_MAPEADA_NO_EVALUADA,"físicamente válida para CAPEX, pero la interfaz financiera solo consume configuraciones del mapa (configs() de 21); requiere ampliar el mapa (DPV-20-03)"
facon,integradas,incubacion,facon,tercero,B_refrigerado_congelado,B_basico_propio,FALSE,TRUE,VALIDA_NO_MAPEADA_NO_EVALUADA,"físicamente válida para CAPEX, pero la interfaz financiera solo consume configuraciones del mapa (configs() de 21); requiere ampliar el mapa (DPV-20-03)"
facon,integradas,incubacion,facon,tercero,B_refrigerado_congelado,B_basico_propio,TRUE,FALSE,INVALIDA_FISICAMENTE,rendering propio requiere planta de faena propia
facon,integradas,incubacion,facon,tercero,B_refrigerado_congelado,B_basico_propio,TRUE,TRUE,INVALIDA_FISICAMENTE,rendering propio requiere planta de faena propia
facon,integradas,incubacion,facon,tercero,C_congelado_tercero,A_externo,FALSE,FALSE,VALIDA_NO_MAPEADA_NO_EVALUADA,"físicamente válida para CAPEX, pero la interfaz financiera solo consume configuraciones del mapa (configs() de 21); requiere ampliar el mapa (DPV-20-03)"
facon,integradas,incubacion,facon,tercero,C_congelado_tercero,A_externo,FALSE,TRUE,VALIDA_NO_MAPEADA_NO_EVALUADA,"físicamente válida para CAPEX, pero la interfaz financiera solo consume configuraciones del mapa (configs() de 21); requiere ampliar el mapa (DPV-20-03)"
facon,integradas,incubacion,facon,tercero,C_congelado_tercero,A_externo,TRUE,FALSE,INVALIDA_FISICAMENTE,rendering propio requiere planta de faena propia
facon,integradas,incubacion,facon,tercero,C_congelado_tercero,A_externo,TRUE,TRUE,INVALIDA_FISICAMENTE,rendering propio requiere planta de faena propia
facon,integradas,incubacion,facon,tercero,C_congelado_tercero,B_basico_propio,FALSE,FALSE,VALIDA_NO_MAPEADA_NO_EVALUADA,"físicamente válida para CAPEX, pero la interfaz financiera solo consume configuraciones del mapa (configs() de 21); requiere ampliar el mapa (DPV-20-03)"
facon,integradas,incubacion,facon,tercero,C_congelado_tercero,B_basico_propio,FALSE,TRUE,VALIDA_NO_MAPEADA_NO_EVALUADA,"físicamente válida para CAPEX, pero la interfaz financiera solo consume configuraciones del mapa (configs() de 21); requiere ampliar el mapa (DPV-20-03)"
facon,integradas,incubacion,facon,tercero,C_congelado_tercero,B_basico_propio,TRUE,FALSE,INVALIDA_FISICAMENTE,rendering propio requiere planta de faena propia
facon,integradas,incubacion,facon,tercero,C_congelado_tercero,B_basico_propio,TRUE,TRUE,INVALIDA_FISICAMENTE,rendering propio requiere planta de faena propia
facon,integradas,incubacion,facon,propia,A_refrigerado,A_externo,FALSE,FALSE,VALIDA_NO_MAPEADA_NO_EVALUADA,"físicamente válida para CAPEX, pero la interfaz financiera solo consume configuraciones del mapa (configs() de 21); requiere ampliar el mapa (DPV-20-03)"
facon,integradas,incubacion,facon,propia,A_refrigerado,A_externo,FALSE,TRUE,VALIDA_NO_MAPEADA_NO_EVALUADA,"físicamente válida para CAPEX, pero la interfaz financiera solo consume configuraciones del mapa (configs() de 21); requiere ampliar el mapa (DPV-20-03)"
facon,integradas,incubacion,facon,propia,A_refrigerado,A_externo,TRUE,FALSE,INVALIDA_FISICAMENTE,rendering propio requiere planta de faena propia
facon,integradas,incubacion,facon,propia,A_refrigerado,A_externo,TRUE,TRUE,INVALIDA_FISICAMENTE,rendering propio requiere planta de faena propia
facon,integradas,incubacion,facon,propia,A_refrigerado,B_basico_propio,FALSE,FALSE,VALIDA_NO_MAPEADA_NO_EVALUADA,"físicamente válida para CAPEX, pero la interfaz financiera solo consume configuraciones del mapa (configs() de 21); requiere ampliar el mapa (DPV-20-03)"
facon,integradas,incubacion,facon,propia,A_refrigerado,B_basico_propio,FALSE,TRUE,VALIDA_NO_MAPEADA_NO_EVALUADA,"físicamente válida para CAPEX, pero la interfaz financiera solo consume configuraciones del mapa (configs() de 21); requiere ampliar el mapa (DPV-20-03)"
facon,integradas,incubacion,facon,propia,A_refrigerado,B_basico_propio,TRUE,FALSE,INVALIDA_FISICAMENTE,rendering propio requiere planta de faena propia
facon,integradas,incubacion,facon,propia,A_refrigerado,B_basico_propio,TRUE,TRUE,INVALIDA_FISICAMENTE,rendering propio requiere planta de faena propia
facon,integradas,incubacion,facon,propia,B_refrigerado_congelado,A_externo,FALSE,FALSE,VALIDA_NO_MAPEADA_NO_EVALUADA,"físicamente válida para CAPEX, pero la interfaz financiera solo consume configuraciones del mapa (configs() de 21); requiere ampliar el mapa (DPV-20-03)"
facon,integradas,incubacion,facon,propia,B_refrigerado_congelado,A_externo,FALSE,TRUE,VALIDA_NO_MAPEADA_NO_EVALUADA,"físicamente válida para CAPEX, pero la interfaz financiera solo consume configuraciones del mapa (configs() de 21); requiere ampliar el mapa (DPV-20-03)"
facon,integradas,incubacion,facon,propia,B_refrigerado_congelado,A_externo,TRUE,FALSE,INVALIDA_FISICAMENTE,rendering propio requiere planta de faena propia
facon,integradas,incubacion,facon,propia,B_refrigerado_congelado,A_externo,TRUE,TRUE,INVALIDA_FISICAMENTE,rendering propio requiere planta de faena propia
facon,integradas,incubacion,facon,propia,B_refrigerado_congelado,B_basico_propio,FALSE,FALSE,VALIDA_NO_MAPEADA_NO_EVALUADA,"físicamente válida para CAPEX, pero la interfaz financiera solo consume configuraciones del mapa (configs() de 21); requiere ampliar el mapa (DPV-20-03)"
facon,integradas,incubacion,facon,propia,B_refrigerado_congelado,B_basico_propio,FALSE,TRUE,VALIDA_NO_MAPEADA_NO_EVALUADA,"físicamente válida para CAPEX, pero la interfaz financiera solo consume configuraciones del mapa (configs() de 21); requiere ampliar el mapa (DPV-20-03)"
facon,integradas,incubacion,facon,propia,B_refrigerado_congelado,B_basico_propio,TRUE,FALSE,INVALIDA_FISICAMENTE,rendering propio requiere planta de faena propia
facon,integradas,incubacion,facon,propia,B_refrigerado_congelado,B_basico_propio,TRUE,TRUE,INVALIDA_FISICAMENTE,rendering propio requiere planta de faena propia
facon,integradas,incubacion,facon,propia,C_congelado_tercero,A_externo,FALSE,FALSE,VALIDA_NO_MAPEADA_NO_EVALUADA,"físicamente válida para CAPEX, pero la interfaz financiera solo consume configuraciones del mapa (configs() de 21); requiere ampliar el mapa (DPV-20-03)"
facon,integradas,incubacion,facon,propia,C_congelado_tercero,A_externo,FALSE,TRUE,VALIDA_NO_MAPEADA_NO_EVALUADA,"físicamente válida para CAPEX, pero la interfaz financiera solo consume configuraciones del mapa (configs() de 21); requiere ampliar el mapa (DPV-20-03)"
facon,integradas,incubacion,facon,propia,C_congelado_tercero,A_externo,TRUE,FALSE,INVALIDA_FISICAMENTE,rendering propio requiere planta de faena propia
facon,integradas,incubacion,facon,propia,C_congelado_tercero,A_externo,TRUE,TRUE,INVALIDA_FISICAMENTE,rendering propio requiere planta de faena propia
facon,integradas,incubacion,facon,propia,C_congelado_tercero,B_basico_propio,FALSE,FALSE,VALIDA_NO_MAPEADA_NO_EVALUADA,"físicamente válida para CAPEX, pero la interfaz financiera solo consume configuraciones del mapa (configs() de 21); requiere ampliar el mapa (DPV-20-03)"
facon,integradas,incubacion,facon,propia,C_congelado_tercero,B_basico_propio,FALSE,TRUE,VALIDA_NO_MAPEADA_NO_EVALUADA,"físicamente válida para CAPEX, pero la interfaz financiera solo consume configuraciones del mapa (configs() de 21); requiere ampliar el mapa (DPV-20-03)"
facon,integradas,incubacion,facon,propia,C_congelado_tercero,B_basico_propio,TRUE,FALSE,INVALIDA_FISICAMENTE,rendering propio requiere planta de faena propia
facon,integradas,incubacion,facon,propia,C_congelado_tercero,B_basico_propio,TRUE,TRUE,INVALIDA_FISICAMENTE,rendering propio requiere planta de faena propia
facon,integradas,incubacion,facon,mixto,A_refrigerado,A_externo,FALSE,FALSE,VALIDA_NO_MAPEADA_NO_EVALUADA,"físicamente válida para CAPEX, pero la interfaz financiera solo consume configuraciones del mapa (configs() de 21); requiere ampliar el mapa (DPV-20-03)"
facon,integradas,incubacion,facon,mixto,A_refrigerado,A_externo,FALSE,TRUE,VALIDA_NO_MAPEADA_NO_EVALUADA,"físicamente válida para CAPEX, pero la interfaz financiera solo consume configuraciones del mapa (configs() de 21); requiere ampliar el mapa (DPV-20-03)"
facon,integradas,incubacion,facon,mixto,A_refrigerado,A_externo,TRUE,FALSE,INVALIDA_FISICAMENTE,rendering propio requiere planta de faena propia
facon,integradas,incubacion,facon,mixto,A_refrigerado,A_externo,TRUE,TRUE,INVALIDA_FISICAMENTE,rendering propio requiere planta de faena propia
facon,integradas,incubacion,facon,mixto,A_refrigerado,B_basico_propio,FALSE,FALSE,VALIDA_NO_MAPEADA_NO_EVALUADA,"físicamente válida para CAPEX, pero la interfaz financiera solo consume configuraciones del mapa (configs() de 21); requiere ampliar el mapa (DPV-20-03)"
facon,integradas,incubacion,facon,mixto,A_refrigerado,B_basico_propio,FALSE,TRUE,VALIDA_NO_MAPEADA_NO_EVALUADA,"físicamente válida para CAPEX, pero la interfaz financiera solo consume configuraciones del mapa (configs() de 21); requiere ampliar el mapa (DPV-20-03)"
facon,integradas,incubacion,facon,mixto,A_refrigerado,B_basico_propio,TRUE,FALSE,INVALIDA_FISICAMENTE,rendering propio requiere planta de faena propia
facon,integradas,incubacion,facon,mixto,A_refrigerado,B_basico_propio,TRUE,TRUE,INVALIDA_FISICAMENTE,rendering propio requiere planta de faena propia
facon,integradas,incubacion,facon,mixto,B_refrigerado_congelado,A_externo,FALSE,FALSE,VALIDA_NO_MAPEADA_NO_EVALUADA,"físicamente válida para CAPEX, pero la interfaz financiera solo consume configuraciones del mapa (configs() de 21); requiere ampliar el mapa (DPV-20-03)"
facon,integradas,incubacion,facon,mixto,B_refrigerado_congelado,A_externo,FALSE,TRUE,VALIDA_NO_MAPEADA_NO_EVALUADA,"físicamente válida para CAPEX, pero la interfaz financiera solo consume configuraciones del mapa (configs() de 21); requiere ampliar el mapa (DPV-20-03)"
facon,integradas,incubacion,facon,mixto,B_refrigerado_congelado,A_externo,TRUE,FALSE,INVALIDA_FISICAMENTE,rendering propio requiere planta de faena propia
facon,integradas,incubacion,facon,mixto,B_refrigerado_congelado,A_externo,TRUE,TRUE,INVALIDA_FISICAMENTE,rendering propio requiere planta de faena propia
facon,integradas,incubacion,facon,mixto,B_refrigerado_congelado,B_basico_propio,FALSE,FALSE,VALIDA_NO_MAPEADA_NO_EVALUADA,"físicamente válida para CAPEX, pero la interfaz financiera solo consume configuraciones del mapa (configs() de 21); requiere ampliar el mapa (DPV-20-03)"
facon,integradas,incubacion,facon,mixto,B_refrigerado_congelado,B_basico_propio,FALSE,TRUE,VALIDA_NO_MAPEADA_NO_EVALUADA,"físicamente válida para CAPEX, pero la interfaz financiera solo consume configuraciones del mapa (configs() de 21); requiere ampliar el mapa (DPV-20-03)"
facon,integradas,incubacion,facon,mixto,B_refrigerado_congelado,B_basico_propio,TRUE,FALSE,INVALIDA_FISICAMENTE,rendering propio requiere planta de faena propia
facon,integradas,incubacion,facon,mixto,B_refrigerado_congelado,B_basico_propio,TRUE,TRUE,INVALIDA_FISICAMENTE,rendering propio requiere planta de faena propia
facon,integradas,incubacion,facon,mixto,C_congelado_tercero,A_externo,FALSE,FALSE,VALIDA_NO_MAPEADA_NO_EVALUADA,"físicamente válida para CAPEX, pero la interfaz financiera solo consume configuraciones del mapa (configs() de 21); requiere ampliar el mapa (DPV-20-03)"
facon,integradas,incubacion,facon,mixto,C_congelado_tercero,A_externo,FALSE,TRUE,VALIDA_NO_MAPEADA_NO_EVALUADA,"físicamente válida para CAPEX, pero la interfaz financiera solo consume configuraciones del mapa (configs() de 21); requiere ampliar el mapa (DPV-20-03)"
facon,integradas,incubacion,facon,mixto,C_congelado_tercero,A_externo,TRUE,FALSE,INVALIDA_FISICAMENTE,rendering propio requiere planta de faena propia
facon,integradas,incubacion,facon,mixto,C_congelado_tercero,A_externo,TRUE,TRUE,INVALIDA_FISICAMENTE,rendering propio requiere planta de faena propia
facon,integradas,incubacion,facon,mixto,C_congelado_tercero,B_basico_propio,FALSE,FALSE,VALIDA_NO_MAPEADA_NO_EVALUADA,"físicamente válida para CAPEX, pero la interfaz financiera solo consume configuraciones del mapa (configs() de 21); requiere ampliar el mapa (DPV-20-03)"
facon,integradas,incubacion,facon,mixto,C_congelado_tercero,B_basico_propio,FALSE,TRUE,VALIDA_NO_MAPEADA_NO_EVALUADA,"físicamente válida para CAPEX, pero la interfaz financiera solo consume configuraciones del mapa (configs() de 21); requiere ampliar el mapa (DPV-20-03)"
facon,integradas,incubacion,facon,mixto,C_congelado_tercero,B_basico_propio,TRUE,FALSE,INVALIDA_FISICAMENTE,rendering propio requiere planta de faena propia
facon,integradas,incubacion,facon,mixto,C_congelado_tercero,B_basico_propio,TRUE,TRUE,INVALIDA_FISICAMENTE,rendering propio requiere planta de faena propia
facon,integradas,incubacion,propia,tercero,A_refrigerado,A_externo,FALSE,FALSE,VALIDA_NO_MAPEADA_NO_EVALUADA,"físicamente válida para CAPEX, pero la interfaz financiera solo consume configuraciones del mapa (configs() de 21); requiere ampliar el mapa (DPV-20-03)"
facon,integradas,incubacion,propia,tercero,A_refrigerado,A_externo,FALSE,TRUE,VALIDA_NO_MAPEADA_NO_EVALUADA,"físicamente válida para CAPEX, pero la interfaz financiera solo consume configuraciones del mapa (configs() de 21); requiere ampliar el mapa (DPV-20-03)"
facon,integradas,incubacion,propia,tercero,A_refrigerado,A_externo,TRUE,FALSE,INVALIDA_FISICAMENTE,rendering propio requiere planta de faena propia
facon,integradas,incubacion,propia,tercero,A_refrigerado,A_externo,TRUE,TRUE,INVALIDA_FISICAMENTE,rendering propio requiere planta de faena propia
facon,integradas,incubacion,propia,tercero,A_refrigerado,B_basico_propio,FALSE,FALSE,VALIDA_NO_MAPEADA_NO_EVALUADA,"físicamente válida para CAPEX, pero la interfaz financiera solo consume configuraciones del mapa (configs() de 21); requiere ampliar el mapa (DPV-20-03)"
facon,integradas,incubacion,propia,tercero,A_refrigerado,B_basico_propio,FALSE,TRUE,VALIDA_NO_MAPEADA_NO_EVALUADA,"físicamente válida para CAPEX, pero la interfaz financiera solo consume configuraciones del mapa (configs() de 21); requiere ampliar el mapa (DPV-20-03)"
facon,integradas,incubacion,propia,tercero,A_refrigerado,B_basico_propio,TRUE,FALSE,INVALIDA_FISICAMENTE,rendering propio requiere planta de faena propia
facon,integradas,incubacion,propia,tercero,A_refrigerado,B_basico_propio,TRUE,TRUE,INVALIDA_FISICAMENTE,rendering propio requiere planta de faena propia
facon,integradas,incubacion,propia,tercero,B_refrigerado_congelado,A_externo,FALSE,FALSE,VALIDA_NO_MAPEADA_NO_EVALUADA,"físicamente válida para CAPEX, pero la interfaz financiera solo consume configuraciones del mapa (configs() de 21); requiere ampliar el mapa (DPV-20-03)"
facon,integradas,incubacion,propia,tercero,B_refrigerado_congelado,A_externo,FALSE,TRUE,VALIDA_NO_MAPEADA_NO_EVALUADA,"físicamente válida para CAPEX, pero la interfaz financiera solo consume configuraciones del mapa (configs() de 21); requiere ampliar el mapa (DPV-20-03)"
facon,integradas,incubacion,propia,tercero,B_refrigerado_congelado,A_externo,TRUE,FALSE,INVALIDA_FISICAMENTE,rendering propio requiere planta de faena propia
facon,integradas,incubacion,propia,tercero,B_refrigerado_congelado,A_externo,TRUE,TRUE,INVALIDA_FISICAMENTE,rendering propio requiere planta de faena propia
facon,integradas,incubacion,propia,tercero,B_refrigerado_congelado,B_basico_propio,FALSE,FALSE,VALIDA_NO_MAPEADA_NO_EVALUADA,"físicamente válida para CAPEX, pero la interfaz financiera solo consume configuraciones del mapa (configs() de 21); requiere ampliar el mapa (DPV-20-03)"
facon,integradas,incubacion,propia,tercero,B_refrigerado_congelado,B_basico_propio,FALSE,TRUE,VALIDA_NO_MAPEADA_NO_EVALUADA,"físicamente válida para CAPEX, pero la interfaz financiera solo consume configuraciones del mapa (configs() de 21); requiere ampliar el mapa (DPV-20-03)"
facon,integradas,incubacion,propia,tercero,B_refrigerado_congelado,B_basico_propio,TRUE,FALSE,INVALIDA_FISICAMENTE,rendering propio requiere planta de faena propia
facon,integradas,incubacion,propia,tercero,B_refrigerado_congelado,B_basico_propio,TRUE,TRUE,INVALIDA_FISICAMENTE,rendering propio requiere planta de faena propia
facon,integradas,incubacion,propia,tercero,C_congelado_tercero,A_externo,FALSE,FALSE,VALIDA_NO_MAPEADA_NO_EVALUADA,"físicamente válida para CAPEX, pero la interfaz financiera solo consume configuraciones del mapa (configs() de 21); requiere ampliar el mapa (DPV-20-03)"
facon,integradas,incubacion,propia,tercero,C_congelado_tercero,A_externo,FALSE,TRUE,VALIDA_NO_MAPEADA_NO_EVALUADA,"físicamente válida para CAPEX, pero la interfaz financiera solo consume configuraciones del mapa (configs() de 21); requiere ampliar el mapa (DPV-20-03)"
facon,integradas,incubacion,propia,tercero,C_congelado_tercero,A_externo,TRUE,FALSE,INVALIDA_FISICAMENTE,rendering propio requiere planta de faena propia
facon,integradas,incubacion,propia,tercero,C_congelado_tercero,A_externo,TRUE,TRUE,INVALIDA_FISICAMENTE,rendering propio requiere planta de faena propia
facon,integradas,incubacion,propia,tercero,C_congelado_tercero,B_basico_propio,FALSE,FALSE,VALIDA_NO_MAPEADA_NO_EVALUADA,"físicamente válida para CAPEX, pero la interfaz financiera solo consume configuraciones del mapa (configs() de 21); requiere ampliar el mapa (DPV-20-03)"
facon,integradas,incubacion,propia,tercero,C_congelado_tercero,B_basico_propio,FALSE,TRUE,VALIDA_NO_MAPEADA_NO_EVALUADA,"físicamente válida para CAPEX, pero la interfaz financiera solo consume configuraciones del mapa (configs() de 21); requiere ampliar el mapa (DPV-20-03)"
facon,integradas,incubacion,propia,tercero,C_congelado_tercero,B_basico_propio,TRUE,FALSE,INVALIDA_FISICAMENTE,rendering propio requiere planta de faena propia
facon,integradas,incubacion,propia,tercero,C_congelado_tercero,B_basico_propio,TRUE,TRUE,INVALIDA_FISICAMENTE,rendering propio requiere planta de faena propia
facon,integradas,incubacion,propia,propia,A_refrigerado,A_externo,FALSE,FALSE,VALIDA_NO_MAPEADA_NO_EVALUADA,"físicamente válida para CAPEX, pero la interfaz financiera solo consume configuraciones del mapa (configs() de 21); requiere ampliar el mapa (DPV-20-03)"
facon,integradas,incubacion,propia,propia,A_refrigerado,A_externo,FALSE,TRUE,VALIDA_NO_MAPEADA_NO_EVALUADA,"físicamente válida para CAPEX, pero la interfaz financiera solo consume configuraciones del mapa (configs() de 21); requiere ampliar el mapa (DPV-20-03)"
facon,integradas,incubacion,propia,propia,A_refrigerado,A_externo,TRUE,FALSE,INVALIDA_FISICAMENTE,rendering propio requiere planta de faena propia
facon,integradas,incubacion,propia,propia,A_refrigerado,A_externo,TRUE,TRUE,INVALIDA_FISICAMENTE,rendering propio requiere planta de faena propia
facon,integradas,incubacion,propia,propia,A_refrigerado,B_basico_propio,FALSE,FALSE,VALIDA_NO_MAPEADA_NO_EVALUADA,"físicamente válida para CAPEX, pero la interfaz financiera solo consume configuraciones del mapa (configs() de 21); requiere ampliar el mapa (DPV-20-03)"
facon,integradas,incubacion,propia,propia,A_refrigerado,B_basico_propio,FALSE,TRUE,VALIDA_NO_MAPEADA_NO_EVALUADA,"físicamente válida para CAPEX, pero la interfaz financiera solo consume configuraciones del mapa (configs() de 21); requiere ampliar el mapa (DPV-20-03)"
facon,integradas,incubacion,propia,propia,A_refrigerado,B_basico_propio,TRUE,FALSE,INVALIDA_FISICAMENTE,rendering propio requiere planta de faena propia
facon,integradas,incubacion,propia,propia,A_refrigerado,B_basico_propio,TRUE,TRUE,INVALIDA_FISICAMENTE,rendering propio requiere planta de faena propia
facon,integradas,incubacion,propia,propia,B_refrigerado_congelado,A_externo,FALSE,FALSE,VALIDA_NO_MAPEADA_NO_EVALUADA,"físicamente válida para CAPEX, pero la interfaz financiera solo consume configuraciones del mapa (configs() de 21); requiere ampliar el mapa (DPV-20-03)"
facon,integradas,incubacion,propia,propia,B_refrigerado_congelado,A_externo,FALSE,TRUE,VALIDA_NO_MAPEADA_NO_EVALUADA,"físicamente válida para CAPEX, pero la interfaz financiera solo consume configuraciones del mapa (configs() de 21); requiere ampliar el mapa (DPV-20-03)"
facon,integradas,incubacion,propia,propia,B_refrigerado_congelado,A_externo,TRUE,FALSE,INVALIDA_FISICAMENTE,rendering propio requiere planta de faena propia
facon,integradas,incubacion,propia,propia,B_refrigerado_congelado,A_externo,TRUE,TRUE,INVALIDA_FISICAMENTE,rendering propio requiere planta de faena propia
facon,integradas,incubacion,propia,propia,B_refrigerado_congelado,B_basico_propio,FALSE,FALSE,VALIDA_NO_MAPEADA_NO_EVALUADA,"físicamente válida para CAPEX, pero la interfaz financiera solo consume configuraciones del mapa (configs() de 21); requiere ampliar el mapa (DPV-20-03)"
facon,integradas,incubacion,propia,propia,B_refrigerado_congelado,B_basico_propio,FALSE,TRUE,VALIDA_NO_MAPEADA_NO_EVALUADA,"físicamente válida para CAPEX, pero la interfaz financiera solo consume configuraciones del mapa (configs() de 21); requiere ampliar el mapa (DPV-20-03)"
facon,integradas,incubacion,propia,propia,B_refrigerado_congelado,B_basico_propio,TRUE,FALSE,INVALIDA_FISICAMENTE,rendering propio requiere planta de faena propia
facon,integradas,incubacion,propia,propia,B_refrigerado_congelado,B_basico_propio,TRUE,TRUE,INVALIDA_FISICAMENTE,rendering propio requiere planta de faena propia
facon,integradas,incubacion,propia,propia,C_congelado_tercero,A_externo,FALSE,FALSE,VALIDA_NO_MAPEADA_NO_EVALUADA,"físicamente válida para CAPEX, pero la interfaz financiera solo consume configuraciones del mapa (configs() de 21); requiere ampliar el mapa (DPV-20-03)"
facon,integradas,incubacion,propia,propia,C_congelado_tercero,A_externo,FALSE,TRUE,VALIDA_NO_MAPEADA_NO_EVALUADA,"físicamente válida para CAPEX, pero la interfaz financiera solo consume configuraciones del mapa (configs() de 21); requiere ampliar el mapa (DPV-20-03)"
facon,integradas,incubacion,propia,propia,C_congelado_tercero,A_externo,TRUE,FALSE,INVALIDA_FISICAMENTE,rendering propio requiere planta de faena propia
facon,integradas,incubacion,propia,propia,C_congelado_tercero,A_externo,TRUE,TRUE,INVALIDA_FISICAMENTE,rendering propio requiere planta de faena propia
facon,integradas,incubacion,propia,propia,C_congelado_tercero,B_basico_propio,FALSE,FALSE,VALIDA_NO_MAPEADA_NO_EVALUADA,"físicamente válida para CAPEX, pero la interfaz financiera solo consume configuraciones del mapa (configs() de 21); requiere ampliar el mapa (DPV-20-03)"
facon,integradas,incubacion,propia,propia,C_congelado_tercero,B_basico_propio,FALSE,TRUE,VALIDA_NO_MAPEADA_NO_EVALUADA,"físicamente válida para CAPEX, pero la interfaz financiera solo consume configuraciones del mapa (configs() de 21); requiere ampliar el mapa (DPV-20-03)"
facon,integradas,incubacion,propia,propia,C_congelado_tercero,B_basico_propio,TRUE,FALSE,INVALIDA_FISICAMENTE,rendering propio requiere planta de faena propia
facon,integradas,incubacion,propia,propia,C_congelado_tercero,B_basico_propio,TRUE,TRUE,INVALIDA_FISICAMENTE,rendering propio requiere planta de faena propia
facon,integradas,incubacion,propia,mixto,A_refrigerado,A_externo,FALSE,FALSE,VALIDA_NO_MAPEADA_NO_EVALUADA,"físicamente válida para CAPEX, pero la interfaz financiera solo consume configuraciones del mapa (configs() de 21); requiere ampliar el mapa (DPV-20-03)"
facon,integradas,incubacion,propia,mixto,A_refrigerado,A_externo,FALSE,TRUE,VALIDA_NO_MAPEADA_NO_EVALUADA,"físicamente válida para CAPEX, pero la interfaz financiera solo consume configuraciones del mapa (configs() de 21); requiere ampliar el mapa (DPV-20-03)"
facon,integradas,incubacion,propia,mixto,A_refrigerado,A_externo,TRUE,FALSE,INVALIDA_FISICAMENTE,rendering propio requiere planta de faena propia
facon,integradas,incubacion,propia,mixto,A_refrigerado,A_externo,TRUE,TRUE,INVALIDA_FISICAMENTE,rendering propio requiere planta de faena propia
facon,integradas,incubacion,propia,mixto,A_refrigerado,B_basico_propio,FALSE,FALSE,VALIDA_NO_MAPEADA_NO_EVALUADA,"físicamente válida para CAPEX, pero la interfaz financiera solo consume configuraciones del mapa (configs() de 21); requiere ampliar el mapa (DPV-20-03)"
facon,integradas,incubacion,propia,mixto,A_refrigerado,B_basico_propio,FALSE,TRUE,VALIDA_NO_MAPEADA_NO_EVALUADA,"físicamente válida para CAPEX, pero la interfaz financiera solo consume configuraciones del mapa (configs() de 21); requiere ampliar el mapa (DPV-20-03)"
facon,integradas,incubacion,propia,mixto,A_refrigerado,B_basico_propio,TRUE,FALSE,INVALIDA_FISICAMENTE,rendering propio requiere planta de faena propia
facon,integradas,incubacion,propia,mixto,A_refrigerado,B_basico_propio,TRUE,TRUE,INVALIDA_FISICAMENTE,rendering propio requiere planta de faena propia
facon,integradas,incubacion,propia,mixto,B_refrigerado_congelado,A_externo,FALSE,FALSE,VALIDA_NO_MAPEADA_NO_EVALUADA,"físicamente válida para CAPEX, pero la interfaz financiera solo consume configuraciones del mapa (configs() de 21); requiere ampliar el mapa (DPV-20-03)"
facon,integradas,incubacion,propia,mixto,B_refrigerado_congelado,A_externo,FALSE,TRUE,VALIDA_NO_MAPEADA_NO_EVALUADA,"físicamente válida para CAPEX, pero la interfaz financiera solo consume configuraciones del mapa (configs() de 21); requiere ampliar el mapa (DPV-20-03)"
facon,integradas,incubacion,propia,mixto,B_refrigerado_congelado,A_externo,TRUE,FALSE,INVALIDA_FISICAMENTE,rendering propio requiere planta de faena propia
facon,integradas,incubacion,propia,mixto,B_refrigerado_congelado,A_externo,TRUE,TRUE,INVALIDA_FISICAMENTE,rendering propio requiere planta de faena propia
facon,integradas,incubacion,propia,mixto,B_refrigerado_congelado,B_basico_propio,FALSE,FALSE,VALIDA_NO_MAPEADA_NO_EVALUADA,"físicamente válida para CAPEX, pero la interfaz financiera solo consume configuraciones del mapa (configs() de 21); requiere ampliar el mapa (DPV-20-03)"
facon,integradas,incubacion,propia,mixto,B_refrigerado_congelado,B_basico_propio,FALSE,TRUE,VALIDA_NO_MAPEADA_NO_EVALUADA,"físicamente válida para CAPEX, pero la interfaz financiera solo consume configuraciones del mapa (configs() de 21); requiere ampliar el mapa (DPV-20-03)"
facon,integradas,incubacion,propia,mixto,B_refrigerado_congelado,B_basico_propio,TRUE,FALSE,INVALIDA_FISICAMENTE,rendering propio requiere planta de faena propia
facon,integradas,incubacion,propia,mixto,B_refrigerado_congelado,B_basico_propio,TRUE,TRUE,INVALIDA_FISICAMENTE,rendering propio requiere planta de faena propia
facon,integradas,incubacion,propia,mixto,C_congelado_tercero,A_externo,FALSE,FALSE,VALIDA_NO_MAPEADA_NO_EVALUADA,"físicamente válida para CAPEX, pero la interfaz financiera solo consume configuraciones del mapa (configs() de 21); requiere ampliar el mapa (DPV-20-03)"
facon,integradas,incubacion,propia,mixto,C_congelado_tercero,A_externo,FALSE,TRUE,VALIDA_NO_MAPEADA_NO_EVALUADA,"físicamente válida para CAPEX, pero la interfaz financiera solo consume configuraciones del mapa (configs() de 21); requiere ampliar el mapa (DPV-20-03)"
facon,integradas,incubacion,propia,mixto,C_congelado_tercero,A_externo,TRUE,FALSE,INVALIDA_FISICAMENTE,rendering propio requiere planta de faena propia
facon,integradas,incubacion,propia,mixto,C_congelado_tercero,A_externo,TRUE,TRUE,INVALIDA_FISICAMENTE,rendering propio requiere planta de faena propia
facon,integradas,incubacion,propia,mixto,C_congelado_tercero,B_basico_propio,FALSE,FALSE,VALIDA_NO_MAPEADA_NO_EVALUADA,"físicamente válida para CAPEX, pero la interfaz financiera solo consume configuraciones del mapa (configs() de 21); requiere ampliar el mapa (DPV-20-03)"
facon,integradas,incubacion,propia,mixto,C_congelado_tercero,B_basico_propio,FALSE,TRUE,VALIDA_NO_MAPEADA_NO_EVALUADA,"físicamente válida para CAPEX, pero la interfaz financiera solo consume configuraciones del mapa (configs() de 21); requiere ampliar el mapa (DPV-20-03)"
facon,integradas,incubacion,propia,mixto,C_congelado_tercero,B_basico_propio,TRUE,FALSE,INVALIDA_FISICAMENTE,rendering propio requiere planta de faena propia
facon,integradas,incubacion,propia,mixto,C_congelado_tercero,B_basico_propio,TRUE,TRUE,INVALIDA_FISICAMENTE,rendering propio requiere planta de faena propia
facon,propias,compra,compra,tercero,A_refrigerado,A_externo,FALSE,FALSE,VALIDA_NO_MAPEADA_NO_EVALUADA,"físicamente válida para CAPEX, pero la interfaz financiera solo consume configuraciones del mapa (configs() de 21); requiere ampliar el mapa (DPV-20-03)"
facon,propias,compra,compra,tercero,A_refrigerado,A_externo,FALSE,TRUE,INVALIDA_FISICAMENTE,reproductoras propias requieren incubación propia (arquitectura futura)
facon,propias,compra,compra,tercero,A_refrigerado,A_externo,TRUE,FALSE,INVALIDA_FISICAMENTE,rendering propio requiere planta de faena propia
facon,propias,compra,compra,tercero,A_refrigerado,A_externo,TRUE,TRUE,INVALIDA_FISICAMENTE,reproductoras propias requieren incubación propia (arquitectura futura)
facon,propias,compra,compra,tercero,A_refrigerado,B_basico_propio,FALSE,FALSE,VALIDA_NO_MAPEADA_NO_EVALUADA,"físicamente válida para CAPEX, pero la interfaz financiera solo consume configuraciones del mapa (configs() de 21); requiere ampliar el mapa (DPV-20-03)"
facon,propias,compra,compra,tercero,A_refrigerado,B_basico_propio,FALSE,TRUE,INVALIDA_FISICAMENTE,reproductoras propias requieren incubación propia (arquitectura futura)
facon,propias,compra,compra,tercero,A_refrigerado,B_basico_propio,TRUE,FALSE,INVALIDA_FISICAMENTE,rendering propio requiere planta de faena propia
facon,propias,compra,compra,tercero,A_refrigerado,B_basico_propio,TRUE,TRUE,INVALIDA_FISICAMENTE,reproductoras propias requieren incubación propia (arquitectura futura)
facon,propias,compra,compra,tercero,B_refrigerado_congelado,A_externo,FALSE,FALSE,VALIDA_NO_MAPEADA_NO_EVALUADA,"físicamente válida para CAPEX, pero la interfaz financiera solo consume configuraciones del mapa (configs() de 21); requiere ampliar el mapa (DPV-20-03)"
facon,propias,compra,compra,tercero,B_refrigerado_congelado,A_externo,FALSE,TRUE,INVALIDA_FISICAMENTE,reproductoras propias requieren incubación propia (arquitectura futura)
facon,propias,compra,compra,tercero,B_refrigerado_congelado,A_externo,TRUE,FALSE,INVALIDA_FISICAMENTE,rendering propio requiere planta de faena propia
facon,propias,compra,compra,tercero,B_refrigerado_congelado,A_externo,TRUE,TRUE,INVALIDA_FISICAMENTE,reproductoras propias requieren incubación propia (arquitectura futura)
facon,propias,compra,compra,tercero,B_refrigerado_congelado,B_basico_propio,FALSE,FALSE,VALIDA_NO_MAPEADA_NO_EVALUADA,"físicamente válida para CAPEX, pero la interfaz financiera solo consume configuraciones del mapa (configs() de 21); requiere ampliar el mapa (DPV-20-03)"
facon,propias,compra,compra,tercero,B_refrigerado_congelado,B_basico_propio,FALSE,TRUE,INVALIDA_FISICAMENTE,reproductoras propias requieren incubación propia (arquitectura futura)
facon,propias,compra,compra,tercero,B_refrigerado_congelado,B_basico_propio,TRUE,FALSE,INVALIDA_FISICAMENTE,rendering propio requiere planta de faena propia
facon,propias,compra,compra,tercero,B_refrigerado_congelado,B_basico_propio,TRUE,TRUE,INVALIDA_FISICAMENTE,reproductoras propias requieren incubación propia (arquitectura futura)
facon,propias,compra,compra,tercero,C_congelado_tercero,A_externo,FALSE,FALSE,VALIDA_NO_MAPEADA_NO_EVALUADA,"físicamente válida para CAPEX, pero la interfaz financiera solo consume configuraciones del mapa (configs() de 21); requiere ampliar el mapa (DPV-20-03)"
facon,propias,compra,compra,tercero,C_congelado_tercero,A_externo,FALSE,TRUE,INVALIDA_FISICAMENTE,reproductoras propias requieren incubación propia (arquitectura futura)
facon,propias,compra,compra,tercero,C_congelado_tercero,A_externo,TRUE,FALSE,INVALIDA_FISICAMENTE,rendering propio requiere planta de faena propia
facon,propias,compra,compra,tercero,C_congelado_tercero,A_externo,TRUE,TRUE,INVALIDA_FISICAMENTE,reproductoras propias requieren incubación propia (arquitectura futura)
facon,propias,compra,compra,tercero,C_congelado_tercero,B_basico_propio,FALSE,FALSE,VALIDA_NO_MAPEADA_NO_EVALUADA,"físicamente válida para CAPEX, pero la interfaz financiera solo consume configuraciones del mapa (configs() de 21); requiere ampliar el mapa (DPV-20-03)"
facon,propias,compra,compra,tercero,C_congelado_tercero,B_basico_propio,FALSE,TRUE,INVALIDA_FISICAMENTE,reproductoras propias requieren incubación propia (arquitectura futura)
facon,propias,compra,compra,tercero,C_congelado_tercero,B_basico_propio,TRUE,FALSE,INVALIDA_FISICAMENTE,rendering propio requiere planta de faena propia
facon,propias,compra,compra,tercero,C_congelado_tercero,B_basico_propio,TRUE,TRUE,INVALIDA_FISICAMENTE,reproductoras propias requieren incubación propia (arquitectura futura)
facon,propias,compra,compra,propia,A_refrigerado,A_externo,FALSE,FALSE,VALIDA_NO_MAPEADA_NO_EVALUADA,"físicamente válida para CAPEX, pero la interfaz financiera solo consume configuraciones del mapa (configs() de 21); requiere ampliar el mapa (DPV-20-03)"
facon,propias,compra,compra,propia,A_refrigerado,A_externo,FALSE,TRUE,INVALIDA_FISICAMENTE,reproductoras propias requieren incubación propia (arquitectura futura)
facon,propias,compra,compra,propia,A_refrigerado,A_externo,TRUE,FALSE,INVALIDA_FISICAMENTE,rendering propio requiere planta de faena propia
facon,propias,compra,compra,propia,A_refrigerado,A_externo,TRUE,TRUE,INVALIDA_FISICAMENTE,reproductoras propias requieren incubación propia (arquitectura futura)
facon,propias,compra,compra,propia,A_refrigerado,B_basico_propio,FALSE,FALSE,VALIDA_NO_MAPEADA_NO_EVALUADA,"físicamente válida para CAPEX, pero la interfaz financiera solo consume configuraciones del mapa (configs() de 21); requiere ampliar el mapa (DPV-20-03)"
facon,propias,compra,compra,propia,A_refrigerado,B_basico_propio,FALSE,TRUE,INVALIDA_FISICAMENTE,reproductoras propias requieren incubación propia (arquitectura futura)
facon,propias,compra,compra,propia,A_refrigerado,B_basico_propio,TRUE,FALSE,INVALIDA_FISICAMENTE,rendering propio requiere planta de faena propia
facon,propias,compra,compra,propia,A_refrigerado,B_basico_propio,TRUE,TRUE,INVALIDA_FISICAMENTE,reproductoras propias requieren incubación propia (arquitectura futura)
facon,propias,compra,compra,propia,B_refrigerado_congelado,A_externo,FALSE,FALSE,VALIDA_NO_MAPEADA_NO_EVALUADA,"físicamente válida para CAPEX, pero la interfaz financiera solo consume configuraciones del mapa (configs() de 21); requiere ampliar el mapa (DPV-20-03)"
facon,propias,compra,compra,propia,B_refrigerado_congelado,A_externo,FALSE,TRUE,INVALIDA_FISICAMENTE,reproductoras propias requieren incubación propia (arquitectura futura)
facon,propias,compra,compra,propia,B_refrigerado_congelado,A_externo,TRUE,FALSE,INVALIDA_FISICAMENTE,rendering propio requiere planta de faena propia
facon,propias,compra,compra,propia,B_refrigerado_congelado,A_externo,TRUE,TRUE,INVALIDA_FISICAMENTE,reproductoras propias requieren incubación propia (arquitectura futura)
facon,propias,compra,compra,propia,B_refrigerado_congelado,B_basico_propio,FALSE,FALSE,VALIDA_NO_MAPEADA_NO_EVALUADA,"físicamente válida para CAPEX, pero la interfaz financiera solo consume configuraciones del mapa (configs() de 21); requiere ampliar el mapa (DPV-20-03)"
facon,propias,compra,compra,propia,B_refrigerado_congelado,B_basico_propio,FALSE,TRUE,INVALIDA_FISICAMENTE,reproductoras propias requieren incubación propia (arquitectura futura)
facon,propias,compra,compra,propia,B_refrigerado_congelado,B_basico_propio,TRUE,FALSE,INVALIDA_FISICAMENTE,rendering propio requiere planta de faena propia
facon,propias,compra,compra,propia,B_refrigerado_congelado,B_basico_propio,TRUE,TRUE,INVALIDA_FISICAMENTE,reproductoras propias requieren incubación propia (arquitectura futura)
facon,propias,compra,compra,propia,C_congelado_tercero,A_externo,FALSE,FALSE,VALIDA_NO_MAPEADA_NO_EVALUADA,"físicamente válida para CAPEX, pero la interfaz financiera solo consume configuraciones del mapa (configs() de 21); requiere ampliar el mapa (DPV-20-03)"
facon,propias,compra,compra,propia,C_congelado_tercero,A_externo,FALSE,TRUE,INVALIDA_FISICAMENTE,reproductoras propias requieren incubación propia (arquitectura futura)
facon,propias,compra,compra,propia,C_congelado_tercero,A_externo,TRUE,FALSE,INVALIDA_FISICAMENTE,rendering propio requiere planta de faena propia
facon,propias,compra,compra,propia,C_congelado_tercero,A_externo,TRUE,TRUE,INVALIDA_FISICAMENTE,reproductoras propias requieren incubación propia (arquitectura futura)
facon,propias,compra,compra,propia,C_congelado_tercero,B_basico_propio,FALSE,FALSE,VALIDA_NO_MAPEADA_NO_EVALUADA,"físicamente válida para CAPEX, pero la interfaz financiera solo consume configuraciones del mapa (configs() de 21); requiere ampliar el mapa (DPV-20-03)"
facon,propias,compra,compra,propia,C_congelado_tercero,B_basico_propio,FALSE,TRUE,INVALIDA_FISICAMENTE,reproductoras propias requieren incubación propia (arquitectura futura)
facon,propias,compra,compra,propia,C_congelado_tercero,B_basico_propio,TRUE,FALSE,INVALIDA_FISICAMENTE,rendering propio requiere planta de faena propia
facon,propias,compra,compra,propia,C_congelado_tercero,B_basico_propio,TRUE,TRUE,INVALIDA_FISICAMENTE,reproductoras propias requieren incubación propia (arquitectura futura)
facon,propias,compra,compra,mixto,A_refrigerado,A_externo,FALSE,FALSE,VALIDA_NO_MAPEADA_NO_EVALUADA,"físicamente válida para CAPEX, pero la interfaz financiera solo consume configuraciones del mapa (configs() de 21); requiere ampliar el mapa (DPV-20-03)"
facon,propias,compra,compra,mixto,A_refrigerado,A_externo,FALSE,TRUE,INVALIDA_FISICAMENTE,reproductoras propias requieren incubación propia (arquitectura futura)
facon,propias,compra,compra,mixto,A_refrigerado,A_externo,TRUE,FALSE,INVALIDA_FISICAMENTE,rendering propio requiere planta de faena propia
facon,propias,compra,compra,mixto,A_refrigerado,A_externo,TRUE,TRUE,INVALIDA_FISICAMENTE,reproductoras propias requieren incubación propia (arquitectura futura)
facon,propias,compra,compra,mixto,A_refrigerado,B_basico_propio,FALSE,FALSE,VALIDA_NO_MAPEADA_NO_EVALUADA,"físicamente válida para CAPEX, pero la interfaz financiera solo consume configuraciones del mapa (configs() de 21); requiere ampliar el mapa (DPV-20-03)"
facon,propias,compra,compra,mixto,A_refrigerado,B_basico_propio,FALSE,TRUE,INVALIDA_FISICAMENTE,reproductoras propias requieren incubación propia (arquitectura futura)
facon,propias,compra,compra,mixto,A_refrigerado,B_basico_propio,TRUE,FALSE,INVALIDA_FISICAMENTE,rendering propio requiere planta de faena propia
facon,propias,compra,compra,mixto,A_refrigerado,B_basico_propio,TRUE,TRUE,INVALIDA_FISICAMENTE,reproductoras propias requieren incubación propia (arquitectura futura)
facon,propias,compra,compra,mixto,B_refrigerado_congelado,A_externo,FALSE,FALSE,VALIDA_NO_MAPEADA_NO_EVALUADA,"físicamente válida para CAPEX, pero la interfaz financiera solo consume configuraciones del mapa (configs() de 21); requiere ampliar el mapa (DPV-20-03)"
facon,propias,compra,compra,mixto,B_refrigerado_congelado,A_externo,FALSE,TRUE,INVALIDA_FISICAMENTE,reproductoras propias requieren incubación propia (arquitectura futura)
facon,propias,compra,compra,mixto,B_refrigerado_congelado,A_externo,TRUE,FALSE,INVALIDA_FISICAMENTE,rendering propio requiere planta de faena propia
facon,propias,compra,compra,mixto,B_refrigerado_congelado,A_externo,TRUE,TRUE,INVALIDA_FISICAMENTE,reproductoras propias requieren incubación propia (arquitectura futura)
facon,propias,compra,compra,mixto,B_refrigerado_congelado,B_basico_propio,FALSE,FALSE,VALIDA_NO_MAPEADA_NO_EVALUADA,"físicamente válida para CAPEX, pero la interfaz financiera solo consume configuraciones del mapa (configs() de 21); requiere ampliar el mapa (DPV-20-03)"
facon,propias,compra,compra,mixto,B_refrigerado_congelado,B_basico_propio,FALSE,TRUE,INVALIDA_FISICAMENTE,reproductoras propias requieren incubación propia (arquitectura futura)
facon,propias,compra,compra,mixto,B_refrigerado_congelado,B_basico_propio,TRUE,FALSE,INVALIDA_FISICAMENTE,rendering propio requiere planta de faena propia
facon,propias,compra,compra,mixto,B_refrigerado_congelado,B_basico_propio,TRUE,TRUE,INVALIDA_FISICAMENTE,reproductoras propias requieren incubación propia (arquitectura futura)
facon,propias,compra,compra,mixto,C_congelado_tercero,A_externo,FALSE,FALSE,VALIDA_NO_MAPEADA_NO_EVALUADA,"físicamente válida para CAPEX, pero la interfaz financiera solo consume configuraciones del mapa (configs() de 21); requiere ampliar el mapa (DPV-20-03)"
facon,propias,compra,compra,mixto,C_congelado_tercero,A_externo,FALSE,TRUE,INVALIDA_FISICAMENTE,reproductoras propias requieren incubación propia (arquitectura futura)
facon,propias,compra,compra,mixto,C_congelado_tercero,A_externo,TRUE,FALSE,INVALIDA_FISICAMENTE,rendering propio requiere planta de faena propia
facon,propias,compra,compra,mixto,C_congelado_tercero,A_externo,TRUE,TRUE,INVALIDA_FISICAMENTE,reproductoras propias requieren incubación propia (arquitectura futura)
facon,propias,compra,compra,mixto,C_congelado_tercero,B_basico_propio,FALSE,FALSE,VALIDA_NO_MAPEADA_NO_EVALUADA,"físicamente válida para CAPEX, pero la interfaz financiera solo consume configuraciones del mapa (configs() de 21); requiere ampliar el mapa (DPV-20-03)"
facon,propias,compra,compra,mixto,C_congelado_tercero,B_basico_propio,FALSE,TRUE,INVALIDA_FISICAMENTE,reproductoras propias requieren incubación propia (arquitectura futura)
facon,propias,compra,compra,mixto,C_congelado_tercero,B_basico_propio,TRUE,FALSE,INVALIDA_FISICAMENTE,rendering propio requiere planta de faena propia
facon,propias,compra,compra,mixto,C_congelado_tercero,B_basico_propio,TRUE,TRUE,INVALIDA_FISICAMENTE,reproductoras propias requieren incubación propia (arquitectura futura)
facon,propias,compra,facon,tercero,A_refrigerado,A_externo,FALSE,FALSE,VALIDA_NO_MAPEADA_NO_EVALUADA,"físicamente válida para CAPEX, pero la interfaz financiera solo consume configuraciones del mapa (configs() de 21); requiere ampliar el mapa (DPV-20-03)"
facon,propias,compra,facon,tercero,A_refrigerado,A_externo,FALSE,TRUE,INVALIDA_FISICAMENTE,reproductoras propias requieren incubación propia (arquitectura futura)
facon,propias,compra,facon,tercero,A_refrigerado,A_externo,TRUE,FALSE,INVALIDA_FISICAMENTE,rendering propio requiere planta de faena propia
facon,propias,compra,facon,tercero,A_refrigerado,A_externo,TRUE,TRUE,INVALIDA_FISICAMENTE,reproductoras propias requieren incubación propia (arquitectura futura)
facon,propias,compra,facon,tercero,A_refrigerado,B_basico_propio,FALSE,FALSE,VALIDA_NO_MAPEADA_NO_EVALUADA,"físicamente válida para CAPEX, pero la interfaz financiera solo consume configuraciones del mapa (configs() de 21); requiere ampliar el mapa (DPV-20-03)"
facon,propias,compra,facon,tercero,A_refrigerado,B_basico_propio,FALSE,TRUE,INVALIDA_FISICAMENTE,reproductoras propias requieren incubación propia (arquitectura futura)
facon,propias,compra,facon,tercero,A_refrigerado,B_basico_propio,TRUE,FALSE,INVALIDA_FISICAMENTE,rendering propio requiere planta de faena propia
facon,propias,compra,facon,tercero,A_refrigerado,B_basico_propio,TRUE,TRUE,INVALIDA_FISICAMENTE,reproductoras propias requieren incubación propia (arquitectura futura)
facon,propias,compra,facon,tercero,B_refrigerado_congelado,A_externo,FALSE,FALSE,VALIDA_NO_MAPEADA_NO_EVALUADA,"físicamente válida para CAPEX, pero la interfaz financiera solo consume configuraciones del mapa (configs() de 21); requiere ampliar el mapa (DPV-20-03)"
facon,propias,compra,facon,tercero,B_refrigerado_congelado,A_externo,FALSE,TRUE,INVALIDA_FISICAMENTE,reproductoras propias requieren incubación propia (arquitectura futura)
facon,propias,compra,facon,tercero,B_refrigerado_congelado,A_externo,TRUE,FALSE,INVALIDA_FISICAMENTE,rendering propio requiere planta de faena propia
facon,propias,compra,facon,tercero,B_refrigerado_congelado,A_externo,TRUE,TRUE,INVALIDA_FISICAMENTE,reproductoras propias requieren incubación propia (arquitectura futura)
facon,propias,compra,facon,tercero,B_refrigerado_congelado,B_basico_propio,FALSE,FALSE,VALIDA_NO_MAPEADA_NO_EVALUADA,"físicamente válida para CAPEX, pero la interfaz financiera solo consume configuraciones del mapa (configs() de 21); requiere ampliar el mapa (DPV-20-03)"
facon,propias,compra,facon,tercero,B_refrigerado_congelado,B_basico_propio,FALSE,TRUE,INVALIDA_FISICAMENTE,reproductoras propias requieren incubación propia (arquitectura futura)
facon,propias,compra,facon,tercero,B_refrigerado_congelado,B_basico_propio,TRUE,FALSE,INVALIDA_FISICAMENTE,rendering propio requiere planta de faena propia
facon,propias,compra,facon,tercero,B_refrigerado_congelado,B_basico_propio,TRUE,TRUE,INVALIDA_FISICAMENTE,reproductoras propias requieren incubación propia (arquitectura futura)
facon,propias,compra,facon,tercero,C_congelado_tercero,A_externo,FALSE,FALSE,VALIDA_NO_MAPEADA_NO_EVALUADA,"físicamente válida para CAPEX, pero la interfaz financiera solo consume configuraciones del mapa (configs() de 21); requiere ampliar el mapa (DPV-20-03)"
facon,propias,compra,facon,tercero,C_congelado_tercero,A_externo,FALSE,TRUE,INVALIDA_FISICAMENTE,reproductoras propias requieren incubación propia (arquitectura futura)
facon,propias,compra,facon,tercero,C_congelado_tercero,A_externo,TRUE,FALSE,INVALIDA_FISICAMENTE,rendering propio requiere planta de faena propia
facon,propias,compra,facon,tercero,C_congelado_tercero,A_externo,TRUE,TRUE,INVALIDA_FISICAMENTE,reproductoras propias requieren incubación propia (arquitectura futura)
facon,propias,compra,facon,tercero,C_congelado_tercero,B_basico_propio,FALSE,FALSE,VALIDA_NO_MAPEADA_NO_EVALUADA,"físicamente válida para CAPEX, pero la interfaz financiera solo consume configuraciones del mapa (configs() de 21); requiere ampliar el mapa (DPV-20-03)"
facon,propias,compra,facon,tercero,C_congelado_tercero,B_basico_propio,FALSE,TRUE,INVALIDA_FISICAMENTE,reproductoras propias requieren incubación propia (arquitectura futura)
facon,propias,compra,facon,tercero,C_congelado_tercero,B_basico_propio,TRUE,FALSE,INVALIDA_FISICAMENTE,rendering propio requiere planta de faena propia
facon,propias,compra,facon,tercero,C_congelado_tercero,B_basico_propio,TRUE,TRUE,INVALIDA_FISICAMENTE,reproductoras propias requieren incubación propia (arquitectura futura)
facon,propias,compra,facon,propia,A_refrigerado,A_externo,FALSE,FALSE,VALIDA_NO_MAPEADA_NO_EVALUADA,"físicamente válida para CAPEX, pero la interfaz financiera solo consume configuraciones del mapa (configs() de 21); requiere ampliar el mapa (DPV-20-03)"
facon,propias,compra,facon,propia,A_refrigerado,A_externo,FALSE,TRUE,INVALIDA_FISICAMENTE,reproductoras propias requieren incubación propia (arquitectura futura)
facon,propias,compra,facon,propia,A_refrigerado,A_externo,TRUE,FALSE,INVALIDA_FISICAMENTE,rendering propio requiere planta de faena propia
facon,propias,compra,facon,propia,A_refrigerado,A_externo,TRUE,TRUE,INVALIDA_FISICAMENTE,reproductoras propias requieren incubación propia (arquitectura futura)
facon,propias,compra,facon,propia,A_refrigerado,B_basico_propio,FALSE,FALSE,VALIDA_NO_MAPEADA_NO_EVALUADA,"físicamente válida para CAPEX, pero la interfaz financiera solo consume configuraciones del mapa (configs() de 21); requiere ampliar el mapa (DPV-20-03)"
facon,propias,compra,facon,propia,A_refrigerado,B_basico_propio,FALSE,TRUE,INVALIDA_FISICAMENTE,reproductoras propias requieren incubación propia (arquitectura futura)
facon,propias,compra,facon,propia,A_refrigerado,B_basico_propio,TRUE,FALSE,INVALIDA_FISICAMENTE,rendering propio requiere planta de faena propia
facon,propias,compra,facon,propia,A_refrigerado,B_basico_propio,TRUE,TRUE,INVALIDA_FISICAMENTE,reproductoras propias requieren incubación propia (arquitectura futura)
facon,propias,compra,facon,propia,B_refrigerado_congelado,A_externo,FALSE,FALSE,VALIDA_NO_MAPEADA_NO_EVALUADA,"físicamente válida para CAPEX, pero la interfaz financiera solo consume configuraciones del mapa (configs() de 21); requiere ampliar el mapa (DPV-20-03)"
facon,propias,compra,facon,propia,B_refrigerado_congelado,A_externo,FALSE,TRUE,INVALIDA_FISICAMENTE,reproductoras propias requieren incubación propia (arquitectura futura)
facon,propias,compra,facon,propia,B_refrigerado_congelado,A_externo,TRUE,FALSE,INVALIDA_FISICAMENTE,rendering propio requiere planta de faena propia
facon,propias,compra,facon,propia,B_refrigerado_congelado,A_externo,TRUE,TRUE,INVALIDA_FISICAMENTE,reproductoras propias requieren incubación propia (arquitectura futura)
facon,propias,compra,facon,propia,B_refrigerado_congelado,B_basico_propio,FALSE,FALSE,VALIDA_NO_MAPEADA_NO_EVALUADA,"físicamente válida para CAPEX, pero la interfaz financiera solo consume configuraciones del mapa (configs() de 21); requiere ampliar el mapa (DPV-20-03)"
facon,propias,compra,facon,propia,B_refrigerado_congelado,B_basico_propio,FALSE,TRUE,INVALIDA_FISICAMENTE,reproductoras propias requieren incubación propia (arquitectura futura)
facon,propias,compra,facon,propia,B_refrigerado_congelado,B_basico_propio,TRUE,FALSE,INVALIDA_FISICAMENTE,rendering propio requiere planta de faena propia
facon,propias,compra,facon,propia,B_refrigerado_congelado,B_basico_propio,TRUE,TRUE,INVALIDA_FISICAMENTE,reproductoras propias requieren incubación propia (arquitectura futura)
facon,propias,compra,facon,propia,C_congelado_tercero,A_externo,FALSE,FALSE,VALIDA_NO_MAPEADA_NO_EVALUADA,"físicamente válida para CAPEX, pero la interfaz financiera solo consume configuraciones del mapa (configs() de 21); requiere ampliar el mapa (DPV-20-03)"
facon,propias,compra,facon,propia,C_congelado_tercero,A_externo,FALSE,TRUE,INVALIDA_FISICAMENTE,reproductoras propias requieren incubación propia (arquitectura futura)
facon,propias,compra,facon,propia,C_congelado_tercero,A_externo,TRUE,FALSE,INVALIDA_FISICAMENTE,rendering propio requiere planta de faena propia
facon,propias,compra,facon,propia,C_congelado_tercero,A_externo,TRUE,TRUE,INVALIDA_FISICAMENTE,reproductoras propias requieren incubación propia (arquitectura futura)
facon,propias,compra,facon,propia,C_congelado_tercero,B_basico_propio,FALSE,FALSE,VALIDA_NO_MAPEADA_NO_EVALUADA,"físicamente válida para CAPEX, pero la interfaz financiera solo consume configuraciones del mapa (configs() de 21); requiere ampliar el mapa (DPV-20-03)"
facon,propias,compra,facon,propia,C_congelado_tercero,B_basico_propio,FALSE,TRUE,INVALIDA_FISICAMENTE,reproductoras propias requieren incubación propia (arquitectura futura)
facon,propias,compra,facon,propia,C_congelado_tercero,B_basico_propio,TRUE,FALSE,INVALIDA_FISICAMENTE,rendering propio requiere planta de faena propia
facon,propias,compra,facon,propia,C_congelado_tercero,B_basico_propio,TRUE,TRUE,INVALIDA_FISICAMENTE,reproductoras propias requieren incubación propia (arquitectura futura)
facon,propias,compra,facon,mixto,A_refrigerado,A_externo,FALSE,FALSE,VALIDA_NO_MAPEADA_NO_EVALUADA,"físicamente válida para CAPEX, pero la interfaz financiera solo consume configuraciones del mapa (configs() de 21); requiere ampliar el mapa (DPV-20-03)"
facon,propias,compra,facon,mixto,A_refrigerado,A_externo,FALSE,TRUE,INVALIDA_FISICAMENTE,reproductoras propias requieren incubación propia (arquitectura futura)
facon,propias,compra,facon,mixto,A_refrigerado,A_externo,TRUE,FALSE,INVALIDA_FISICAMENTE,rendering propio requiere planta de faena propia
facon,propias,compra,facon,mixto,A_refrigerado,A_externo,TRUE,TRUE,INVALIDA_FISICAMENTE,reproductoras propias requieren incubación propia (arquitectura futura)
facon,propias,compra,facon,mixto,A_refrigerado,B_basico_propio,FALSE,FALSE,VALIDA_NO_MAPEADA_NO_EVALUADA,"físicamente válida para CAPEX, pero la interfaz financiera solo consume configuraciones del mapa (configs() de 21); requiere ampliar el mapa (DPV-20-03)"
facon,propias,compra,facon,mixto,A_refrigerado,B_basico_propio,FALSE,TRUE,INVALIDA_FISICAMENTE,reproductoras propias requieren incubación propia (arquitectura futura)
facon,propias,compra,facon,mixto,A_refrigerado,B_basico_propio,TRUE,FALSE,INVALIDA_FISICAMENTE,rendering propio requiere planta de faena propia
facon,propias,compra,facon,mixto,A_refrigerado,B_basico_propio,TRUE,TRUE,INVALIDA_FISICAMENTE,reproductoras propias requieren incubación propia (arquitectura futura)
facon,propias,compra,facon,mixto,B_refrigerado_congelado,A_externo,FALSE,FALSE,VALIDA_NO_MAPEADA_NO_EVALUADA,"físicamente válida para CAPEX, pero la interfaz financiera solo consume configuraciones del mapa (configs() de 21); requiere ampliar el mapa (DPV-20-03)"
facon,propias,compra,facon,mixto,B_refrigerado_congelado,A_externo,FALSE,TRUE,INVALIDA_FISICAMENTE,reproductoras propias requieren incubación propia (arquitectura futura)
facon,propias,compra,facon,mixto,B_refrigerado_congelado,A_externo,TRUE,FALSE,INVALIDA_FISICAMENTE,rendering propio requiere planta de faena propia
facon,propias,compra,facon,mixto,B_refrigerado_congelado,A_externo,TRUE,TRUE,INVALIDA_FISICAMENTE,reproductoras propias requieren incubación propia (arquitectura futura)
facon,propias,compra,facon,mixto,B_refrigerado_congelado,B_basico_propio,FALSE,FALSE,VALIDA_NO_MAPEADA_NO_EVALUADA,"físicamente válida para CAPEX, pero la interfaz financiera solo consume configuraciones del mapa (configs() de 21); requiere ampliar el mapa (DPV-20-03)"
facon,propias,compra,facon,mixto,B_refrigerado_congelado,B_basico_propio,FALSE,TRUE,INVALIDA_FISICAMENTE,reproductoras propias requieren incubación propia (arquitectura futura)
facon,propias,compra,facon,mixto,B_refrigerado_congelado,B_basico_propio,TRUE,FALSE,INVALIDA_FISICAMENTE,rendering propio requiere planta de faena propia
facon,propias,compra,facon,mixto,B_refrigerado_congelado,B_basico_propio,TRUE,TRUE,INVALIDA_FISICAMENTE,reproductoras propias requieren incubación propia (arquitectura futura)
facon,propias,compra,facon,mixto,C_congelado_tercero,A_externo,FALSE,FALSE,VALIDA_NO_MAPEADA_NO_EVALUADA,"físicamente válida para CAPEX, pero la interfaz financiera solo consume configuraciones del mapa (configs() de 21); requiere ampliar el mapa (DPV-20-03)"
facon,propias,compra,facon,mixto,C_congelado_tercero,A_externo,FALSE,TRUE,INVALIDA_FISICAMENTE,reproductoras propias requieren incubación propia (arquitectura futura)
facon,propias,compra,facon,mixto,C_congelado_tercero,A_externo,TRUE,FALSE,INVALIDA_FISICAMENTE,rendering propio requiere planta de faena propia
facon,propias,compra,facon,mixto,C_congelado_tercero,A_externo,TRUE,TRUE,INVALIDA_FISICAMENTE,reproductoras propias requieren incubación propia (arquitectura futura)
facon,propias,compra,facon,mixto,C_congelado_tercero,B_basico_propio,FALSE,FALSE,VALIDA_NO_MAPEADA_NO_EVALUADA,"físicamente válida para CAPEX, pero la interfaz financiera solo consume configuraciones del mapa (configs() de 21); requiere ampliar el mapa (DPV-20-03)"
facon,propias,compra,facon,mixto,C_congelado_tercero,B_basico_propio,FALSE,TRUE,INVALIDA_FISICAMENTE,reproductoras propias requieren incubación propia (arquitectura futura)
facon,propias,compra,facon,mixto,C_congelado_tercero,B_basico_propio,TRUE,FALSE,INVALIDA_FISICAMENTE,rendering propio requiere planta de faena propia
facon,propias,compra,facon,mixto,C_congelado_tercero,B_basico_propio,TRUE,TRUE,INVALIDA_FISICAMENTE,reproductoras propias requieren incubación propia (arquitectura futura)
facon,propias,compra,propia,tercero,A_refrigerado,A_externo,FALSE,FALSE,VALIDA_NO_MAPEADA_NO_EVALUADA,"físicamente válida para CAPEX, pero la interfaz financiera solo consume configuraciones del mapa (configs() de 21); requiere ampliar el mapa (DPV-20-03)"
facon,propias,compra,propia,tercero,A_refrigerado,A_externo,FALSE,TRUE,INVALIDA_FISICAMENTE,reproductoras propias requieren incubación propia (arquitectura futura)
facon,propias,compra,propia,tercero,A_refrigerado,A_externo,TRUE,FALSE,INVALIDA_FISICAMENTE,rendering propio requiere planta de faena propia
facon,propias,compra,propia,tercero,A_refrigerado,A_externo,TRUE,TRUE,INVALIDA_FISICAMENTE,reproductoras propias requieren incubación propia (arquitectura futura)
facon,propias,compra,propia,tercero,A_refrigerado,B_basico_propio,FALSE,FALSE,VALIDA_NO_MAPEADA_NO_EVALUADA,"físicamente válida para CAPEX, pero la interfaz financiera solo consume configuraciones del mapa (configs() de 21); requiere ampliar el mapa (DPV-20-03)"
facon,propias,compra,propia,tercero,A_refrigerado,B_basico_propio,FALSE,TRUE,INVALIDA_FISICAMENTE,reproductoras propias requieren incubación propia (arquitectura futura)
facon,propias,compra,propia,tercero,A_refrigerado,B_basico_propio,TRUE,FALSE,INVALIDA_FISICAMENTE,rendering propio requiere planta de faena propia
facon,propias,compra,propia,tercero,A_refrigerado,B_basico_propio,TRUE,TRUE,INVALIDA_FISICAMENTE,reproductoras propias requieren incubación propia (arquitectura futura)
facon,propias,compra,propia,tercero,B_refrigerado_congelado,A_externo,FALSE,FALSE,VALIDA_NO_MAPEADA_NO_EVALUADA,"físicamente válida para CAPEX, pero la interfaz financiera solo consume configuraciones del mapa (configs() de 21); requiere ampliar el mapa (DPV-20-03)"
facon,propias,compra,propia,tercero,B_refrigerado_congelado,A_externo,FALSE,TRUE,INVALIDA_FISICAMENTE,reproductoras propias requieren incubación propia (arquitectura futura)
facon,propias,compra,propia,tercero,B_refrigerado_congelado,A_externo,TRUE,FALSE,INVALIDA_FISICAMENTE,rendering propio requiere planta de faena propia
facon,propias,compra,propia,tercero,B_refrigerado_congelado,A_externo,TRUE,TRUE,INVALIDA_FISICAMENTE,reproductoras propias requieren incubación propia (arquitectura futura)
facon,propias,compra,propia,tercero,B_refrigerado_congelado,B_basico_propio,FALSE,FALSE,VALIDA_NO_MAPEADA_NO_EVALUADA,"físicamente válida para CAPEX, pero la interfaz financiera solo consume configuraciones del mapa (configs() de 21); requiere ampliar el mapa (DPV-20-03)"
facon,propias,compra,propia,tercero,B_refrigerado_congelado,B_basico_propio,FALSE,TRUE,INVALIDA_FISICAMENTE,reproductoras propias requieren incubación propia (arquitectura futura)
facon,propias,compra,propia,tercero,B_refrigerado_congelado,B_basico_propio,TRUE,FALSE,INVALIDA_FISICAMENTE,rendering propio requiere planta de faena propia
facon,propias,compra,propia,tercero,B_refrigerado_congelado,B_basico_propio,TRUE,TRUE,INVALIDA_FISICAMENTE,reproductoras propias requieren incubación propia (arquitectura futura)
facon,propias,compra,propia,tercero,C_congelado_tercero,A_externo,FALSE,FALSE,VALIDA_NO_MAPEADA_NO_EVALUADA,"físicamente válida para CAPEX, pero la interfaz financiera solo consume configuraciones del mapa (configs() de 21); requiere ampliar el mapa (DPV-20-03)"
facon,propias,compra,propia,tercero,C_congelado_tercero,A_externo,FALSE,TRUE,INVALIDA_FISICAMENTE,reproductoras propias requieren incubación propia (arquitectura futura)
facon,propias,compra,propia,tercero,C_congelado_tercero,A_externo,TRUE,FALSE,INVALIDA_FISICAMENTE,rendering propio requiere planta de faena propia
facon,propias,compra,propia,tercero,C_congelado_tercero,A_externo,TRUE,TRUE,INVALIDA_FISICAMENTE,reproductoras propias requieren incubación propia (arquitectura futura)
facon,propias,compra,propia,tercero,C_congelado_tercero,B_basico_propio,FALSE,FALSE,VALIDA_NO_MAPEADA_NO_EVALUADA,"físicamente válida para CAPEX, pero la interfaz financiera solo consume configuraciones del mapa (configs() de 21); requiere ampliar el mapa (DPV-20-03)"
facon,propias,compra,propia,tercero,C_congelado_tercero,B_basico_propio,FALSE,TRUE,INVALIDA_FISICAMENTE,reproductoras propias requieren incubación propia (arquitectura futura)
facon,propias,compra,propia,tercero,C_congelado_tercero,B_basico_propio,TRUE,FALSE,INVALIDA_FISICAMENTE,rendering propio requiere planta de faena propia
facon,propias,compra,propia,tercero,C_congelado_tercero,B_basico_propio,TRUE,TRUE,INVALIDA_FISICAMENTE,reproductoras propias requieren incubación propia (arquitectura futura)
facon,propias,compra,propia,propia,A_refrigerado,A_externo,FALSE,FALSE,VALIDA_NO_MAPEADA_NO_EVALUADA,"físicamente válida para CAPEX, pero la interfaz financiera solo consume configuraciones del mapa (configs() de 21); requiere ampliar el mapa (DPV-20-03)"
facon,propias,compra,propia,propia,A_refrigerado,A_externo,FALSE,TRUE,INVALIDA_FISICAMENTE,reproductoras propias requieren incubación propia (arquitectura futura)
facon,propias,compra,propia,propia,A_refrigerado,A_externo,TRUE,FALSE,INVALIDA_FISICAMENTE,rendering propio requiere planta de faena propia
facon,propias,compra,propia,propia,A_refrigerado,A_externo,TRUE,TRUE,INVALIDA_FISICAMENTE,reproductoras propias requieren incubación propia (arquitectura futura)
facon,propias,compra,propia,propia,A_refrigerado,B_basico_propio,FALSE,FALSE,VALIDA_NO_MAPEADA_NO_EVALUADA,"físicamente válida para CAPEX, pero la interfaz financiera solo consume configuraciones del mapa (configs() de 21); requiere ampliar el mapa (DPV-20-03)"
facon,propias,compra,propia,propia,A_refrigerado,B_basico_propio,FALSE,TRUE,INVALIDA_FISICAMENTE,reproductoras propias requieren incubación propia (arquitectura futura)
facon,propias,compra,propia,propia,A_refrigerado,B_basico_propio,TRUE,FALSE,INVALIDA_FISICAMENTE,rendering propio requiere planta de faena propia
facon,propias,compra,propia,propia,A_refrigerado,B_basico_propio,TRUE,TRUE,INVALIDA_FISICAMENTE,reproductoras propias requieren incubación propia (arquitectura futura)
facon,propias,compra,propia,propia,B_refrigerado_congelado,A_externo,FALSE,FALSE,VALIDA_NO_MAPEADA_NO_EVALUADA,"físicamente válida para CAPEX, pero la interfaz financiera solo consume configuraciones del mapa (configs() de 21); requiere ampliar el mapa (DPV-20-03)"
facon,propias,compra,propia,propia,B_refrigerado_congelado,A_externo,FALSE,TRUE,INVALIDA_FISICAMENTE,reproductoras propias requieren incubación propia (arquitectura futura)
facon,propias,compra,propia,propia,B_refrigerado_congelado,A_externo,TRUE,FALSE,INVALIDA_FISICAMENTE,rendering propio requiere planta de faena propia
facon,propias,compra,propia,propia,B_refrigerado_congelado,A_externo,TRUE,TRUE,INVALIDA_FISICAMENTE,reproductoras propias requieren incubación propia (arquitectura futura)
facon,propias,compra,propia,propia,B_refrigerado_congelado,B_basico_propio,FALSE,FALSE,VALIDA_NO_MAPEADA_NO_EVALUADA,"físicamente válida para CAPEX, pero la interfaz financiera solo consume configuraciones del mapa (configs() de 21); requiere ampliar el mapa (DPV-20-03)"
facon,propias,compra,propia,propia,B_refrigerado_congelado,B_basico_propio,FALSE,TRUE,INVALIDA_FISICAMENTE,reproductoras propias requieren incubación propia (arquitectura futura)
facon,propias,compra,propia,propia,B_refrigerado_congelado,B_basico_propio,TRUE,FALSE,INVALIDA_FISICAMENTE,rendering propio requiere planta de faena propia
facon,propias,compra,propia,propia,B_refrigerado_congelado,B_basico_propio,TRUE,TRUE,INVALIDA_FISICAMENTE,reproductoras propias requieren incubación propia (arquitectura futura)
facon,propias,compra,propia,propia,C_congelado_tercero,A_externo,FALSE,FALSE,VALIDA_NO_MAPEADA_NO_EVALUADA,"físicamente válida para CAPEX, pero la interfaz financiera solo consume configuraciones del mapa (configs() de 21); requiere ampliar el mapa (DPV-20-03)"
facon,propias,compra,propia,propia,C_congelado_tercero,A_externo,FALSE,TRUE,INVALIDA_FISICAMENTE,reproductoras propias requieren incubación propia (arquitectura futura)
facon,propias,compra,propia,propia,C_congelado_tercero,A_externo,TRUE,FALSE,INVALIDA_FISICAMENTE,rendering propio requiere planta de faena propia
facon,propias,compra,propia,propia,C_congelado_tercero,A_externo,TRUE,TRUE,INVALIDA_FISICAMENTE,reproductoras propias requieren incubación propia (arquitectura futura)
facon,propias,compra,propia,propia,C_congelado_tercero,B_basico_propio,FALSE,FALSE,VALIDA_NO_MAPEADA_NO_EVALUADA,"físicamente válida para CAPEX, pero la interfaz financiera solo consume configuraciones del mapa (configs() de 21); requiere ampliar el mapa (DPV-20-03)"
facon,propias,compra,propia,propia,C_congelado_tercero,B_basico_propio,FALSE,TRUE,INVALIDA_FISICAMENTE,reproductoras propias requieren incubación propia (arquitectura futura)
facon,propias,compra,propia,propia,C_congelado_tercero,B_basico_propio,TRUE,FALSE,INVALIDA_FISICAMENTE,rendering propio requiere planta de faena propia
facon,propias,compra,propia,propia,C_congelado_tercero,B_basico_propio,TRUE,TRUE,INVALIDA_FISICAMENTE,reproductoras propias requieren incubación propia (arquitectura futura)
facon,propias,compra,propia,mixto,A_refrigerado,A_externo,FALSE,FALSE,VALIDA_NO_MAPEADA_NO_EVALUADA,"físicamente válida para CAPEX, pero la interfaz financiera solo consume configuraciones del mapa (configs() de 21); requiere ampliar el mapa (DPV-20-03)"
facon,propias,compra,propia,mixto,A_refrigerado,A_externo,FALSE,TRUE,INVALIDA_FISICAMENTE,reproductoras propias requieren incubación propia (arquitectura futura)
facon,propias,compra,propia,mixto,A_refrigerado,A_externo,TRUE,FALSE,INVALIDA_FISICAMENTE,rendering propio requiere planta de faena propia
facon,propias,compra,propia,mixto,A_refrigerado,A_externo,TRUE,TRUE,INVALIDA_FISICAMENTE,reproductoras propias requieren incubación propia (arquitectura futura)
facon,propias,compra,propia,mixto,A_refrigerado,B_basico_propio,FALSE,FALSE,VALIDA_NO_MAPEADA_NO_EVALUADA,"físicamente válida para CAPEX, pero la interfaz financiera solo consume configuraciones del mapa (configs() de 21); requiere ampliar el mapa (DPV-20-03)"
facon,propias,compra,propia,mixto,A_refrigerado,B_basico_propio,FALSE,TRUE,INVALIDA_FISICAMENTE,reproductoras propias requieren incubación propia (arquitectura futura)
facon,propias,compra,propia,mixto,A_refrigerado,B_basico_propio,TRUE,FALSE,INVALIDA_FISICAMENTE,rendering propio requiere planta de faena propia
facon,propias,compra,propia,mixto,A_refrigerado,B_basico_propio,TRUE,TRUE,INVALIDA_FISICAMENTE,reproductoras propias requieren incubación propia (arquitectura futura)
facon,propias,compra,propia,mixto,B_refrigerado_congelado,A_externo,FALSE,FALSE,VALIDA_NO_MAPEADA_NO_EVALUADA,"físicamente válida para CAPEX, pero la interfaz financiera solo consume configuraciones del mapa (configs() de 21); requiere ampliar el mapa (DPV-20-03)"
facon,propias,compra,propia,mixto,B_refrigerado_congelado,A_externo,FALSE,TRUE,INVALIDA_FISICAMENTE,reproductoras propias requieren incubación propia (arquitectura futura)
facon,propias,compra,propia,mixto,B_refrigerado_congelado,A_externo,TRUE,FALSE,INVALIDA_FISICAMENTE,rendering propio requiere planta de faena propia
facon,propias,compra,propia,mixto,B_refrigerado_congelado,A_externo,TRUE,TRUE,INVALIDA_FISICAMENTE,reproductoras propias requieren incubación propia (arquitectura futura)
facon,propias,compra,propia,mixto,B_refrigerado_congelado,B_basico_propio,FALSE,FALSE,VALIDA_NO_MAPEADA_NO_EVALUADA,"físicamente válida para CAPEX, pero la interfaz financiera solo consume configuraciones del mapa (configs() de 21); requiere ampliar el mapa (DPV-20-03)"
facon,propias,compra,propia,mixto,B_refrigerado_congelado,B_basico_propio,FALSE,TRUE,INVALIDA_FISICAMENTE,reproductoras propias requieren incubación propia (arquitectura futura)
facon,propias,compra,propia,mixto,B_refrigerado_congelado,B_basico_propio,TRUE,FALSE,INVALIDA_FISICAMENTE,rendering propio requiere planta de faena propia
facon,propias,compra,propia,mixto,B_refrigerado_congelado,B_basico_propio,TRUE,TRUE,INVALIDA_FISICAMENTE,reproductoras propias requieren incubación propia (arquitectura futura)
facon,propias,compra,propia,mixto,C_congelado_tercero,A_externo,FALSE,FALSE,VALIDA_NO_MAPEADA_NO_EVALUADA,"físicamente válida para CAPEX, pero la interfaz financiera solo consume configuraciones del mapa (configs() de 21); requiere ampliar el mapa (DPV-20-03)"
facon,propias,compra,propia,mixto,C_congelado_tercero,A_externo,FALSE,TRUE,INVALIDA_FISICAMENTE,reproductoras propias requieren incubación propia (arquitectura futura)
facon,propias,compra,propia,mixto,C_congelado_tercero,A_externo,TRUE,FALSE,INVALIDA_FISICAMENTE,rendering propio requiere planta de faena propia
facon,propias,compra,propia,mixto,C_congelado_tercero,A_externo,TRUE,TRUE,INVALIDA_FISICAMENTE,reproductoras propias requieren incubación propia (arquitectura futura)
facon,propias,compra,propia,mixto,C_congelado_tercero,B_basico_propio,FALSE,FALSE,VALIDA_NO_MAPEADA_NO_EVALUADA,"físicamente válida para CAPEX, pero la interfaz financiera solo consume configuraciones del mapa (configs() de 21); requiere ampliar el mapa (DPV-20-03)"
facon,propias,compra,propia,mixto,C_congelado_tercero,B_basico_propio,FALSE,TRUE,INVALIDA_FISICAMENTE,reproductoras propias requieren incubación propia (arquitectura futura)
facon,propias,compra,propia,mixto,C_congelado_tercero,B_basico_propio,TRUE,FALSE,INVALIDA_FISICAMENTE,rendering propio requiere planta de faena propia
facon,propias,compra,propia,mixto,C_congelado_tercero,B_basico_propio,TRUE,TRUE,INVALIDA_FISICAMENTE,reproductoras propias requieren incubación propia (arquitectura futura)
facon,propias,incubacion,compra,tercero,A_refrigerado,A_externo,FALSE,FALSE,VALIDA_NO_MAPEADA_NO_EVALUADA,"físicamente válida para CAPEX, pero la interfaz financiera solo consume configuraciones del mapa (configs() de 21); requiere ampliar el mapa (DPV-20-03)"
facon,propias,incubacion,compra,tercero,A_refrigerado,A_externo,FALSE,TRUE,VALIDA_NO_MAPEADA_NO_EVALUADA,"físicamente válida para CAPEX, pero la interfaz financiera solo consume configuraciones del mapa (configs() de 21); requiere ampliar el mapa (DPV-20-03)"
facon,propias,incubacion,compra,tercero,A_refrigerado,A_externo,TRUE,FALSE,INVALIDA_FISICAMENTE,rendering propio requiere planta de faena propia
facon,propias,incubacion,compra,tercero,A_refrigerado,A_externo,TRUE,TRUE,INVALIDA_FISICAMENTE,rendering propio requiere planta de faena propia
facon,propias,incubacion,compra,tercero,A_refrigerado,B_basico_propio,FALSE,FALSE,VALIDA_NO_MAPEADA_NO_EVALUADA,"físicamente válida para CAPEX, pero la interfaz financiera solo consume configuraciones del mapa (configs() de 21); requiere ampliar el mapa (DPV-20-03)"
facon,propias,incubacion,compra,tercero,A_refrigerado,B_basico_propio,FALSE,TRUE,VALIDA_NO_MAPEADA_NO_EVALUADA,"físicamente válida para CAPEX, pero la interfaz financiera solo consume configuraciones del mapa (configs() de 21); requiere ampliar el mapa (DPV-20-03)"
facon,propias,incubacion,compra,tercero,A_refrigerado,B_basico_propio,TRUE,FALSE,INVALIDA_FISICAMENTE,rendering propio requiere planta de faena propia
facon,propias,incubacion,compra,tercero,A_refrigerado,B_basico_propio,TRUE,TRUE,INVALIDA_FISICAMENTE,rendering propio requiere planta de faena propia
facon,propias,incubacion,compra,tercero,B_refrigerado_congelado,A_externo,FALSE,FALSE,VALIDA_NO_MAPEADA_NO_EVALUADA,"físicamente válida para CAPEX, pero la interfaz financiera solo consume configuraciones del mapa (configs() de 21); requiere ampliar el mapa (DPV-20-03)"
facon,propias,incubacion,compra,tercero,B_refrigerado_congelado,A_externo,FALSE,TRUE,VALIDA_NO_MAPEADA_NO_EVALUADA,"físicamente válida para CAPEX, pero la interfaz financiera solo consume configuraciones del mapa (configs() de 21); requiere ampliar el mapa (DPV-20-03)"
facon,propias,incubacion,compra,tercero,B_refrigerado_congelado,A_externo,TRUE,FALSE,INVALIDA_FISICAMENTE,rendering propio requiere planta de faena propia
facon,propias,incubacion,compra,tercero,B_refrigerado_congelado,A_externo,TRUE,TRUE,INVALIDA_FISICAMENTE,rendering propio requiere planta de faena propia
facon,propias,incubacion,compra,tercero,B_refrigerado_congelado,B_basico_propio,FALSE,FALSE,VALIDA_NO_MAPEADA_NO_EVALUADA,"físicamente válida para CAPEX, pero la interfaz financiera solo consume configuraciones del mapa (configs() de 21); requiere ampliar el mapa (DPV-20-03)"
facon,propias,incubacion,compra,tercero,B_refrigerado_congelado,B_basico_propio,FALSE,TRUE,VALIDA_NO_MAPEADA_NO_EVALUADA,"físicamente válida para CAPEX, pero la interfaz financiera solo consume configuraciones del mapa (configs() de 21); requiere ampliar el mapa (DPV-20-03)"
facon,propias,incubacion,compra,tercero,B_refrigerado_congelado,B_basico_propio,TRUE,FALSE,INVALIDA_FISICAMENTE,rendering propio requiere planta de faena propia
facon,propias,incubacion,compra,tercero,B_refrigerado_congelado,B_basico_propio,TRUE,TRUE,INVALIDA_FISICAMENTE,rendering propio requiere planta de faena propia
facon,propias,incubacion,compra,tercero,C_congelado_tercero,A_externo,FALSE,FALSE,VALIDA_NO_MAPEADA_NO_EVALUADA,"físicamente válida para CAPEX, pero la interfaz financiera solo consume configuraciones del mapa (configs() de 21); requiere ampliar el mapa (DPV-20-03)"
facon,propias,incubacion,compra,tercero,C_congelado_tercero,A_externo,FALSE,TRUE,VALIDA_NO_MAPEADA_NO_EVALUADA,"físicamente válida para CAPEX, pero la interfaz financiera solo consume configuraciones del mapa (configs() de 21); requiere ampliar el mapa (DPV-20-03)"
facon,propias,incubacion,compra,tercero,C_congelado_tercero,A_externo,TRUE,FALSE,INVALIDA_FISICAMENTE,rendering propio requiere planta de faena propia
facon,propias,incubacion,compra,tercero,C_congelado_tercero,A_externo,TRUE,TRUE,INVALIDA_FISICAMENTE,rendering propio requiere planta de faena propia
facon,propias,incubacion,compra,tercero,C_congelado_tercero,B_basico_propio,FALSE,FALSE,VALIDA_NO_MAPEADA_NO_EVALUADA,"físicamente válida para CAPEX, pero la interfaz financiera solo consume configuraciones del mapa (configs() de 21); requiere ampliar el mapa (DPV-20-03)"
facon,propias,incubacion,compra,tercero,C_congelado_tercero,B_basico_propio,FALSE,TRUE,VALIDA_NO_MAPEADA_NO_EVALUADA,"físicamente válida para CAPEX, pero la interfaz financiera solo consume configuraciones del mapa (configs() de 21); requiere ampliar el mapa (DPV-20-03)"
facon,propias,incubacion,compra,tercero,C_congelado_tercero,B_basico_propio,TRUE,FALSE,INVALIDA_FISICAMENTE,rendering propio requiere planta de faena propia
facon,propias,incubacion,compra,tercero,C_congelado_tercero,B_basico_propio,TRUE,TRUE,INVALIDA_FISICAMENTE,rendering propio requiere planta de faena propia
facon,propias,incubacion,compra,propia,A_refrigerado,A_externo,FALSE,FALSE,VALIDA_NO_MAPEADA_NO_EVALUADA,"físicamente válida para CAPEX, pero la interfaz financiera solo consume configuraciones del mapa (configs() de 21); requiere ampliar el mapa (DPV-20-03)"
facon,propias,incubacion,compra,propia,A_refrigerado,A_externo,FALSE,TRUE,VALIDA_NO_MAPEADA_NO_EVALUADA,"físicamente válida para CAPEX, pero la interfaz financiera solo consume configuraciones del mapa (configs() de 21); requiere ampliar el mapa (DPV-20-03)"
facon,propias,incubacion,compra,propia,A_refrigerado,A_externo,TRUE,FALSE,INVALIDA_FISICAMENTE,rendering propio requiere planta de faena propia
facon,propias,incubacion,compra,propia,A_refrigerado,A_externo,TRUE,TRUE,INVALIDA_FISICAMENTE,rendering propio requiere planta de faena propia
facon,propias,incubacion,compra,propia,A_refrigerado,B_basico_propio,FALSE,FALSE,VALIDA_NO_MAPEADA_NO_EVALUADA,"físicamente válida para CAPEX, pero la interfaz financiera solo consume configuraciones del mapa (configs() de 21); requiere ampliar el mapa (DPV-20-03)"
facon,propias,incubacion,compra,propia,A_refrigerado,B_basico_propio,FALSE,TRUE,VALIDA_NO_MAPEADA_NO_EVALUADA,"físicamente válida para CAPEX, pero la interfaz financiera solo consume configuraciones del mapa (configs() de 21); requiere ampliar el mapa (DPV-20-03)"
facon,propias,incubacion,compra,propia,A_refrigerado,B_basico_propio,TRUE,FALSE,INVALIDA_FISICAMENTE,rendering propio requiere planta de faena propia
facon,propias,incubacion,compra,propia,A_refrigerado,B_basico_propio,TRUE,TRUE,INVALIDA_FISICAMENTE,rendering propio requiere planta de faena propia
facon,propias,incubacion,compra,propia,B_refrigerado_congelado,A_externo,FALSE,FALSE,VALIDA_NO_MAPEADA_NO_EVALUADA,"físicamente válida para CAPEX, pero la interfaz financiera solo consume configuraciones del mapa (configs() de 21); requiere ampliar el mapa (DPV-20-03)"
facon,propias,incubacion,compra,propia,B_refrigerado_congelado,A_externo,FALSE,TRUE,VALIDA_NO_MAPEADA_NO_EVALUADA,"físicamente válida para CAPEX, pero la interfaz financiera solo consume configuraciones del mapa (configs() de 21); requiere ampliar el mapa (DPV-20-03)"
facon,propias,incubacion,compra,propia,B_refrigerado_congelado,A_externo,TRUE,FALSE,INVALIDA_FISICAMENTE,rendering propio requiere planta de faena propia
facon,propias,incubacion,compra,propia,B_refrigerado_congelado,A_externo,TRUE,TRUE,INVALIDA_FISICAMENTE,rendering propio requiere planta de faena propia
facon,propias,incubacion,compra,propia,B_refrigerado_congelado,B_basico_propio,FALSE,FALSE,VALIDA_NO_MAPEADA_NO_EVALUADA,"físicamente válida para CAPEX, pero la interfaz financiera solo consume configuraciones del mapa (configs() de 21); requiere ampliar el mapa (DPV-20-03)"
facon,propias,incubacion,compra,propia,B_refrigerado_congelado,B_basico_propio,FALSE,TRUE,VALIDA_NO_MAPEADA_NO_EVALUADA,"físicamente válida para CAPEX, pero la interfaz financiera solo consume configuraciones del mapa (configs() de 21); requiere ampliar el mapa (DPV-20-03)"
facon,propias,incubacion,compra,propia,B_refrigerado_congelado,B_basico_propio,TRUE,FALSE,INVALIDA_FISICAMENTE,rendering propio requiere planta de faena propia
facon,propias,incubacion,compra,propia,B_refrigerado_congelado,B_basico_propio,TRUE,TRUE,INVALIDA_FISICAMENTE,rendering propio requiere planta de faena propia
facon,propias,incubacion,compra,propia,C_congelado_tercero,A_externo,FALSE,FALSE,VALIDA_NO_MAPEADA_NO_EVALUADA,"físicamente válida para CAPEX, pero la interfaz financiera solo consume configuraciones del mapa (configs() de 21); requiere ampliar el mapa (DPV-20-03)"
facon,propias,incubacion,compra,propia,C_congelado_tercero,A_externo,FALSE,TRUE,VALIDA_NO_MAPEADA_NO_EVALUADA,"físicamente válida para CAPEX, pero la interfaz financiera solo consume configuraciones del mapa (configs() de 21); requiere ampliar el mapa (DPV-20-03)"
facon,propias,incubacion,compra,propia,C_congelado_tercero,A_externo,TRUE,FALSE,INVALIDA_FISICAMENTE,rendering propio requiere planta de faena propia
facon,propias,incubacion,compra,propia,C_congelado_tercero,A_externo,TRUE,TRUE,INVALIDA_FISICAMENTE,rendering propio requiere planta de faena propia
facon,propias,incubacion,compra,propia,C_congelado_tercero,B_basico_propio,FALSE,FALSE,VALIDA_NO_MAPEADA_NO_EVALUADA,"físicamente válida para CAPEX, pero la interfaz financiera solo consume configuraciones del mapa (configs() de 21); requiere ampliar el mapa (DPV-20-03)"
facon,propias,incubacion,compra,propia,C_congelado_tercero,B_basico_propio,FALSE,TRUE,VALIDA_NO_MAPEADA_NO_EVALUADA,"físicamente válida para CAPEX, pero la interfaz financiera solo consume configuraciones del mapa (configs() de 21); requiere ampliar el mapa (DPV-20-03)"
facon,propias,incubacion,compra,propia,C_congelado_tercero,B_basico_propio,TRUE,FALSE,INVALIDA_FISICAMENTE,rendering propio requiere planta de faena propia
facon,propias,incubacion,compra,propia,C_congelado_tercero,B_basico_propio,TRUE,TRUE,INVALIDA_FISICAMENTE,rendering propio requiere planta de faena propia
facon,propias,incubacion,compra,mixto,A_refrigerado,A_externo,FALSE,FALSE,VALIDA_NO_MAPEADA_NO_EVALUADA,"físicamente válida para CAPEX, pero la interfaz financiera solo consume configuraciones del mapa (configs() de 21); requiere ampliar el mapa (DPV-20-03)"
facon,propias,incubacion,compra,mixto,A_refrigerado,A_externo,FALSE,TRUE,VALIDA_NO_MAPEADA_NO_EVALUADA,"físicamente válida para CAPEX, pero la interfaz financiera solo consume configuraciones del mapa (configs() de 21); requiere ampliar el mapa (DPV-20-03)"
facon,propias,incubacion,compra,mixto,A_refrigerado,A_externo,TRUE,FALSE,INVALIDA_FISICAMENTE,rendering propio requiere planta de faena propia
facon,propias,incubacion,compra,mixto,A_refrigerado,A_externo,TRUE,TRUE,INVALIDA_FISICAMENTE,rendering propio requiere planta de faena propia
facon,propias,incubacion,compra,mixto,A_refrigerado,B_basico_propio,FALSE,FALSE,VALIDA_NO_MAPEADA_NO_EVALUADA,"físicamente válida para CAPEX, pero la interfaz financiera solo consume configuraciones del mapa (configs() de 21); requiere ampliar el mapa (DPV-20-03)"
facon,propias,incubacion,compra,mixto,A_refrigerado,B_basico_propio,FALSE,TRUE,VALIDA_NO_MAPEADA_NO_EVALUADA,"físicamente válida para CAPEX, pero la interfaz financiera solo consume configuraciones del mapa (configs() de 21); requiere ampliar el mapa (DPV-20-03)"
facon,propias,incubacion,compra,mixto,A_refrigerado,B_basico_propio,TRUE,FALSE,INVALIDA_FISICAMENTE,rendering propio requiere planta de faena propia
facon,propias,incubacion,compra,mixto,A_refrigerado,B_basico_propio,TRUE,TRUE,INVALIDA_FISICAMENTE,rendering propio requiere planta de faena propia
facon,propias,incubacion,compra,mixto,B_refrigerado_congelado,A_externo,FALSE,FALSE,VALIDA_NO_MAPEADA_NO_EVALUADA,"físicamente válida para CAPEX, pero la interfaz financiera solo consume configuraciones del mapa (configs() de 21); requiere ampliar el mapa (DPV-20-03)"
facon,propias,incubacion,compra,mixto,B_refrigerado_congelado,A_externo,FALSE,TRUE,VALIDA_NO_MAPEADA_NO_EVALUADA,"físicamente válida para CAPEX, pero la interfaz financiera solo consume configuraciones del mapa (configs() de 21); requiere ampliar el mapa (DPV-20-03)"
facon,propias,incubacion,compra,mixto,B_refrigerado_congelado,A_externo,TRUE,FALSE,INVALIDA_FISICAMENTE,rendering propio requiere planta de faena propia
facon,propias,incubacion,compra,mixto,B_refrigerado_congelado,A_externo,TRUE,TRUE,INVALIDA_FISICAMENTE,rendering propio requiere planta de faena propia
facon,propias,incubacion,compra,mixto,B_refrigerado_congelado,B_basico_propio,FALSE,FALSE,VALIDA_NO_MAPEADA_NO_EVALUADA,"físicamente válida para CAPEX, pero la interfaz financiera solo consume configuraciones del mapa (configs() de 21); requiere ampliar el mapa (DPV-20-03)"
facon,propias,incubacion,compra,mixto,B_refrigerado_congelado,B_basico_propio,FALSE,TRUE,VALIDA_NO_MAPEADA_NO_EVALUADA,"físicamente válida para CAPEX, pero la interfaz financiera solo consume configuraciones del mapa (configs() de 21); requiere ampliar el mapa (DPV-20-03)"
facon,propias,incubacion,compra,mixto,B_refrigerado_congelado,B_basico_propio,TRUE,FALSE,INVALIDA_FISICAMENTE,rendering propio requiere planta de faena propia
facon,propias,incubacion,compra,mixto,B_refrigerado_congelado,B_basico_propio,TRUE,TRUE,INVALIDA_FISICAMENTE,rendering propio requiere planta de faena propia
facon,propias,incubacion,compra,mixto,C_congelado_tercero,A_externo,FALSE,FALSE,VALIDA_NO_MAPEADA_NO_EVALUADA,"físicamente válida para CAPEX, pero la interfaz financiera solo consume configuraciones del mapa (configs() de 21); requiere ampliar el mapa (DPV-20-03)"
facon,propias,incubacion,compra,mixto,C_congelado_tercero,A_externo,FALSE,TRUE,VALIDA_NO_MAPEADA_NO_EVALUADA,"físicamente válida para CAPEX, pero la interfaz financiera solo consume configuraciones del mapa (configs() de 21); requiere ampliar el mapa (DPV-20-03)"
facon,propias,incubacion,compra,mixto,C_congelado_tercero,A_externo,TRUE,FALSE,INVALIDA_FISICAMENTE,rendering propio requiere planta de faena propia
facon,propias,incubacion,compra,mixto,C_congelado_tercero,A_externo,TRUE,TRUE,INVALIDA_FISICAMENTE,rendering propio requiere planta de faena propia
facon,propias,incubacion,compra,mixto,C_congelado_tercero,B_basico_propio,FALSE,FALSE,VALIDA_NO_MAPEADA_NO_EVALUADA,"físicamente válida para CAPEX, pero la interfaz financiera solo consume configuraciones del mapa (configs() de 21); requiere ampliar el mapa (DPV-20-03)"
facon,propias,incubacion,compra,mixto,C_congelado_tercero,B_basico_propio,FALSE,TRUE,VALIDA_NO_MAPEADA_NO_EVALUADA,"físicamente válida para CAPEX, pero la interfaz financiera solo consume configuraciones del mapa (configs() de 21); requiere ampliar el mapa (DPV-20-03)"
facon,propias,incubacion,compra,mixto,C_congelado_tercero,B_basico_propio,TRUE,FALSE,INVALIDA_FISICAMENTE,rendering propio requiere planta de faena propia
facon,propias,incubacion,compra,mixto,C_congelado_tercero,B_basico_propio,TRUE,TRUE,INVALIDA_FISICAMENTE,rendering propio requiere planta de faena propia
facon,propias,incubacion,facon,tercero,A_refrigerado,A_externo,FALSE,FALSE,VALIDA_NO_MAPEADA_NO_EVALUADA,"físicamente válida para CAPEX, pero la interfaz financiera solo consume configuraciones del mapa (configs() de 21); requiere ampliar el mapa (DPV-20-03)"
facon,propias,incubacion,facon,tercero,A_refrigerado,A_externo,FALSE,TRUE,VALIDA_NO_MAPEADA_NO_EVALUADA,"físicamente válida para CAPEX, pero la interfaz financiera solo consume configuraciones del mapa (configs() de 21); requiere ampliar el mapa (DPV-20-03)"
facon,propias,incubacion,facon,tercero,A_refrigerado,A_externo,TRUE,FALSE,INVALIDA_FISICAMENTE,rendering propio requiere planta de faena propia
facon,propias,incubacion,facon,tercero,A_refrigerado,A_externo,TRUE,TRUE,INVALIDA_FISICAMENTE,rendering propio requiere planta de faena propia
facon,propias,incubacion,facon,tercero,A_refrigerado,B_basico_propio,FALSE,FALSE,VALIDA_NO_MAPEADA_NO_EVALUADA,"físicamente válida para CAPEX, pero la interfaz financiera solo consume configuraciones del mapa (configs() de 21); requiere ampliar el mapa (DPV-20-03)"
facon,propias,incubacion,facon,tercero,A_refrigerado,B_basico_propio,FALSE,TRUE,VALIDA_NO_MAPEADA_NO_EVALUADA,"físicamente válida para CAPEX, pero la interfaz financiera solo consume configuraciones del mapa (configs() de 21); requiere ampliar el mapa (DPV-20-03)"
facon,propias,incubacion,facon,tercero,A_refrigerado,B_basico_propio,TRUE,FALSE,INVALIDA_FISICAMENTE,rendering propio requiere planta de faena propia
facon,propias,incubacion,facon,tercero,A_refrigerado,B_basico_propio,TRUE,TRUE,INVALIDA_FISICAMENTE,rendering propio requiere planta de faena propia
facon,propias,incubacion,facon,tercero,B_refrigerado_congelado,A_externo,FALSE,FALSE,VALIDA_NO_MAPEADA_NO_EVALUADA,"físicamente válida para CAPEX, pero la interfaz financiera solo consume configuraciones del mapa (configs() de 21); requiere ampliar el mapa (DPV-20-03)"
facon,propias,incubacion,facon,tercero,B_refrigerado_congelado,A_externo,FALSE,TRUE,VALIDA_NO_MAPEADA_NO_EVALUADA,"físicamente válida para CAPEX, pero la interfaz financiera solo consume configuraciones del mapa (configs() de 21); requiere ampliar el mapa (DPV-20-03)"
facon,propias,incubacion,facon,tercero,B_refrigerado_congelado,A_externo,TRUE,FALSE,INVALIDA_FISICAMENTE,rendering propio requiere planta de faena propia
facon,propias,incubacion,facon,tercero,B_refrigerado_congelado,A_externo,TRUE,TRUE,INVALIDA_FISICAMENTE,rendering propio requiere planta de faena propia
facon,propias,incubacion,facon,tercero,B_refrigerado_congelado,B_basico_propio,FALSE,FALSE,VALIDA_NO_MAPEADA_NO_EVALUADA,"físicamente válida para CAPEX, pero la interfaz financiera solo consume configuraciones del mapa (configs() de 21); requiere ampliar el mapa (DPV-20-03)"
facon,propias,incubacion,facon,tercero,B_refrigerado_congelado,B_basico_propio,FALSE,TRUE,VALIDA_NO_MAPEADA_NO_EVALUADA,"físicamente válida para CAPEX, pero la interfaz financiera solo consume configuraciones del mapa (configs() de 21); requiere ampliar el mapa (DPV-20-03)"
facon,propias,incubacion,facon,tercero,B_refrigerado_congelado,B_basico_propio,TRUE,FALSE,INVALIDA_FISICAMENTE,rendering propio requiere planta de faena propia
facon,propias,incubacion,facon,tercero,B_refrigerado_congelado,B_basico_propio,TRUE,TRUE,INVALIDA_FISICAMENTE,rendering propio requiere planta de faena propia
facon,propias,incubacion,facon,tercero,C_congelado_tercero,A_externo,FALSE,FALSE,VALIDA_NO_MAPEADA_NO_EVALUADA,"físicamente válida para CAPEX, pero la interfaz financiera solo consume configuraciones del mapa (configs() de 21); requiere ampliar el mapa (DPV-20-03)"
facon,propias,incubacion,facon,tercero,C_congelado_tercero,A_externo,FALSE,TRUE,VALIDA_NO_MAPEADA_NO_EVALUADA,"físicamente válida para CAPEX, pero la interfaz financiera solo consume configuraciones del mapa (configs() de 21); requiere ampliar el mapa (DPV-20-03)"
facon,propias,incubacion,facon,tercero,C_congelado_tercero,A_externo,TRUE,FALSE,INVALIDA_FISICAMENTE,rendering propio requiere planta de faena propia
facon,propias,incubacion,facon,tercero,C_congelado_tercero,A_externo,TRUE,TRUE,INVALIDA_FISICAMENTE,rendering propio requiere planta de faena propia
facon,propias,incubacion,facon,tercero,C_congelado_tercero,B_basico_propio,FALSE,FALSE,VALIDA_NO_MAPEADA_NO_EVALUADA,"físicamente válida para CAPEX, pero la interfaz financiera solo consume configuraciones del mapa (configs() de 21); requiere ampliar el mapa (DPV-20-03)"
facon,propias,incubacion,facon,tercero,C_congelado_tercero,B_basico_propio,FALSE,TRUE,VALIDA_NO_MAPEADA_NO_EVALUADA,"físicamente válida para CAPEX, pero la interfaz financiera solo consume configuraciones del mapa (configs() de 21); requiere ampliar el mapa (DPV-20-03)"
facon,propias,incubacion,facon,tercero,C_congelado_tercero,B_basico_propio,TRUE,FALSE,INVALIDA_FISICAMENTE,rendering propio requiere planta de faena propia
facon,propias,incubacion,facon,tercero,C_congelado_tercero,B_basico_propio,TRUE,TRUE,INVALIDA_FISICAMENTE,rendering propio requiere planta de faena propia
facon,propias,incubacion,facon,propia,A_refrigerado,A_externo,FALSE,FALSE,VALIDA_NO_MAPEADA_NO_EVALUADA,"físicamente válida para CAPEX, pero la interfaz financiera solo consume configuraciones del mapa (configs() de 21); requiere ampliar el mapa (DPV-20-03)"
facon,propias,incubacion,facon,propia,A_refrigerado,A_externo,FALSE,TRUE,VALIDA_NO_MAPEADA_NO_EVALUADA,"físicamente válida para CAPEX, pero la interfaz financiera solo consume configuraciones del mapa (configs() de 21); requiere ampliar el mapa (DPV-20-03)"
facon,propias,incubacion,facon,propia,A_refrigerado,A_externo,TRUE,FALSE,INVALIDA_FISICAMENTE,rendering propio requiere planta de faena propia
facon,propias,incubacion,facon,propia,A_refrigerado,A_externo,TRUE,TRUE,INVALIDA_FISICAMENTE,rendering propio requiere planta de faena propia
facon,propias,incubacion,facon,propia,A_refrigerado,B_basico_propio,FALSE,FALSE,VALIDA_NO_MAPEADA_NO_EVALUADA,"físicamente válida para CAPEX, pero la interfaz financiera solo consume configuraciones del mapa (configs() de 21); requiere ampliar el mapa (DPV-20-03)"
facon,propias,incubacion,facon,propia,A_refrigerado,B_basico_propio,FALSE,TRUE,VALIDA_NO_MAPEADA_NO_EVALUADA,"físicamente válida para CAPEX, pero la interfaz financiera solo consume configuraciones del mapa (configs() de 21); requiere ampliar el mapa (DPV-20-03)"
facon,propias,incubacion,facon,propia,A_refrigerado,B_basico_propio,TRUE,FALSE,INVALIDA_FISICAMENTE,rendering propio requiere planta de faena propia
facon,propias,incubacion,facon,propia,A_refrigerado,B_basico_propio,TRUE,TRUE,INVALIDA_FISICAMENTE,rendering propio requiere planta de faena propia
facon,propias,incubacion,facon,propia,B_refrigerado_congelado,A_externo,FALSE,FALSE,VALIDA_NO_MAPEADA_NO_EVALUADA,"físicamente válida para CAPEX, pero la interfaz financiera solo consume configuraciones del mapa (configs() de 21); requiere ampliar el mapa (DPV-20-03)"
facon,propias,incubacion,facon,propia,B_refrigerado_congelado,A_externo,FALSE,TRUE,VALIDA_NO_MAPEADA_NO_EVALUADA,"físicamente válida para CAPEX, pero la interfaz financiera solo consume configuraciones del mapa (configs() de 21); requiere ampliar el mapa (DPV-20-03)"
facon,propias,incubacion,facon,propia,B_refrigerado_congelado,A_externo,TRUE,FALSE,INVALIDA_FISICAMENTE,rendering propio requiere planta de faena propia
facon,propias,incubacion,facon,propia,B_refrigerado_congelado,A_externo,TRUE,TRUE,INVALIDA_FISICAMENTE,rendering propio requiere planta de faena propia
facon,propias,incubacion,facon,propia,B_refrigerado_congelado,B_basico_propio,FALSE,FALSE,VALIDA_NO_MAPEADA_NO_EVALUADA,"físicamente válida para CAPEX, pero la interfaz financiera solo consume configuraciones del mapa (configs() de 21); requiere ampliar el mapa (DPV-20-03)"
facon,propias,incubacion,facon,propia,B_refrigerado_congelado,B_basico_propio,FALSE,TRUE,VALIDA_NO_MAPEADA_NO_EVALUADA,"físicamente válida para CAPEX, pero la interfaz financiera solo consume configuraciones del mapa (configs() de 21); requiere ampliar el mapa (DPV-20-03)"
facon,propias,incubacion,facon,propia,B_refrigerado_congelado,B_basico_propio,TRUE,FALSE,INVALIDA_FISICAMENTE,rendering propio requiere planta de faena propia
facon,propias,incubacion,facon,propia,B_refrigerado_congelado,B_basico_propio,TRUE,TRUE,INVALIDA_FISICAMENTE,rendering propio requiere planta de faena propia
facon,propias,incubacion,facon,propia,C_congelado_tercero,A_externo,FALSE,FALSE,VALIDA_NO_MAPEADA_NO_EVALUADA,"físicamente válida para CAPEX, pero la interfaz financiera solo consume configuraciones del mapa (configs() de 21); requiere ampliar el mapa (DPV-20-03)"
facon,propias,incubacion,facon,propia,C_congelado_tercero,A_externo,FALSE,TRUE,VALIDA_NO_MAPEADA_NO_EVALUADA,"físicamente válida para CAPEX, pero la interfaz financiera solo consume configuraciones del mapa (configs() de 21); requiere ampliar el mapa (DPV-20-03)"
facon,propias,incubacion,facon,propia,C_congelado_tercero,A_externo,TRUE,FALSE,INVALIDA_FISICAMENTE,rendering propio requiere planta de faena propia
facon,propias,incubacion,facon,propia,C_congelado_tercero,A_externo,TRUE,TRUE,INVALIDA_FISICAMENTE,rendering propio requiere planta de faena propia
facon,propias,incubacion,facon,propia,C_congelado_tercero,B_basico_propio,FALSE,FALSE,VALIDA_NO_MAPEADA_NO_EVALUADA,"físicamente válida para CAPEX, pero la interfaz financiera solo consume configuraciones del mapa (configs() de 21); requiere ampliar el mapa (DPV-20-03)"
facon,propias,incubacion,facon,propia,C_congelado_tercero,B_basico_propio,FALSE,TRUE,VALIDA_NO_MAPEADA_NO_EVALUADA,"físicamente válida para CAPEX, pero la interfaz financiera solo consume configuraciones del mapa (configs() de 21); requiere ampliar el mapa (DPV-20-03)"
facon,propias,incubacion,facon,propia,C_congelado_tercero,B_basico_propio,TRUE,FALSE,INVALIDA_FISICAMENTE,rendering propio requiere planta de faena propia
facon,propias,incubacion,facon,propia,C_congelado_tercero,B_basico_propio,TRUE,TRUE,INVALIDA_FISICAMENTE,rendering propio requiere planta de faena propia
facon,propias,incubacion,facon,mixto,A_refrigerado,A_externo,FALSE,FALSE,VALIDA_NO_MAPEADA_NO_EVALUADA,"físicamente válida para CAPEX, pero la interfaz financiera solo consume configuraciones del mapa (configs() de 21); requiere ampliar el mapa (DPV-20-03)"
facon,propias,incubacion,facon,mixto,A_refrigerado,A_externo,FALSE,TRUE,VALIDA_NO_MAPEADA_NO_EVALUADA,"físicamente válida para CAPEX, pero la interfaz financiera solo consume configuraciones del mapa (configs() de 21); requiere ampliar el mapa (DPV-20-03)"
facon,propias,incubacion,facon,mixto,A_refrigerado,A_externo,TRUE,FALSE,INVALIDA_FISICAMENTE,rendering propio requiere planta de faena propia
facon,propias,incubacion,facon,mixto,A_refrigerado,A_externo,TRUE,TRUE,INVALIDA_FISICAMENTE,rendering propio requiere planta de faena propia
facon,propias,incubacion,facon,mixto,A_refrigerado,B_basico_propio,FALSE,FALSE,VALIDA_NO_MAPEADA_NO_EVALUADA,"físicamente válida para CAPEX, pero la interfaz financiera solo consume configuraciones del mapa (configs() de 21); requiere ampliar el mapa (DPV-20-03)"
facon,propias,incubacion,facon,mixto,A_refrigerado,B_basico_propio,FALSE,TRUE,VALIDA_NO_MAPEADA_NO_EVALUADA,"físicamente válida para CAPEX, pero la interfaz financiera solo consume configuraciones del mapa (configs() de 21); requiere ampliar el mapa (DPV-20-03)"
facon,propias,incubacion,facon,mixto,A_refrigerado,B_basico_propio,TRUE,FALSE,INVALIDA_FISICAMENTE,rendering propio requiere planta de faena propia
facon,propias,incubacion,facon,mixto,A_refrigerado,B_basico_propio,TRUE,TRUE,INVALIDA_FISICAMENTE,rendering propio requiere planta de faena propia
facon,propias,incubacion,facon,mixto,B_refrigerado_congelado,A_externo,FALSE,FALSE,VALIDA_NO_MAPEADA_NO_EVALUADA,"físicamente válida para CAPEX, pero la interfaz financiera solo consume configuraciones del mapa (configs() de 21); requiere ampliar el mapa (DPV-20-03)"
facon,propias,incubacion,facon,mixto,B_refrigerado_congelado,A_externo,FALSE,TRUE,VALIDA_NO_MAPEADA_NO_EVALUADA,"físicamente válida para CAPEX, pero la interfaz financiera solo consume configuraciones del mapa (configs() de 21); requiere ampliar el mapa (DPV-20-03)"
facon,propias,incubacion,facon,mixto,B_refrigerado_congelado,A_externo,TRUE,FALSE,INVALIDA_FISICAMENTE,rendering propio requiere planta de faena propia
facon,propias,incubacion,facon,mixto,B_refrigerado_congelado,A_externo,TRUE,TRUE,INVALIDA_FISICAMENTE,rendering propio requiere planta de faena propia
facon,propias,incubacion,facon,mixto,B_refrigerado_congelado,B_basico_propio,FALSE,FALSE,VALIDA_NO_MAPEADA_NO_EVALUADA,"físicamente válida para CAPEX, pero la interfaz financiera solo consume configuraciones del mapa (configs() de 21); requiere ampliar el mapa (DPV-20-03)"
facon,propias,incubacion,facon,mixto,B_refrigerado_congelado,B_basico_propio,FALSE,TRUE,VALIDA_NO_MAPEADA_NO_EVALUADA,"físicamente válida para CAPEX, pero la interfaz financiera solo consume configuraciones del mapa (configs() de 21); requiere ampliar el mapa (DPV-20-03)"
facon,propias,incubacion,facon,mixto,B_refrigerado_congelado,B_basico_propio,TRUE,FALSE,INVALIDA_FISICAMENTE,rendering propio requiere planta de faena propia
facon,propias,incubacion,facon,mixto,B_refrigerado_congelado,B_basico_propio,TRUE,TRUE,INVALIDA_FISICAMENTE,rendering propio requiere planta de faena propia
facon,propias,incubacion,facon,mixto,C_congelado_tercero,A_externo,FALSE,FALSE,VALIDA_NO_MAPEADA_NO_EVALUADA,"físicamente válida para CAPEX, pero la interfaz financiera solo consume configuraciones del mapa (configs() de 21); requiere ampliar el mapa (DPV-20-03)"
facon,propias,incubacion,facon,mixto,C_congelado_tercero,A_externo,FALSE,TRUE,VALIDA_NO_MAPEADA_NO_EVALUADA,"físicamente válida para CAPEX, pero la interfaz financiera solo consume configuraciones del mapa (configs() de 21); requiere ampliar el mapa (DPV-20-03)"
facon,propias,incubacion,facon,mixto,C_congelado_tercero,A_externo,TRUE,FALSE,INVALIDA_FISICAMENTE,rendering propio requiere planta de faena propia
facon,propias,incubacion,facon,mixto,C_congelado_tercero,A_externo,TRUE,TRUE,INVALIDA_FISICAMENTE,rendering propio requiere planta de faena propia
facon,propias,incubacion,facon,mixto,C_congelado_tercero,B_basico_propio,FALSE,FALSE,VALIDA_NO_MAPEADA_NO_EVALUADA,"físicamente válida para CAPEX, pero la interfaz financiera solo consume configuraciones del mapa (configs() de 21); requiere ampliar el mapa (DPV-20-03)"
facon,propias,incubacion,facon,mixto,C_congelado_tercero,B_basico_propio,FALSE,TRUE,VALIDA_NO_MAPEADA_NO_EVALUADA,"físicamente válida para CAPEX, pero la interfaz financiera solo consume configuraciones del mapa (configs() de 21); requiere ampliar el mapa (DPV-20-03)"
facon,propias,incubacion,facon,mixto,C_congelado_tercero,B_basico_propio,TRUE,FALSE,INVALIDA_FISICAMENTE,rendering propio requiere planta de faena propia
facon,propias,incubacion,facon,mixto,C_congelado_tercero,B_basico_propio,TRUE,TRUE,INVALIDA_FISICAMENTE,rendering propio requiere planta de faena propia
facon,propias,incubacion,propia,tercero,A_refrigerado,A_externo,FALSE,FALSE,VALIDA_NO_MAPEADA_NO_EVALUADA,"físicamente válida para CAPEX, pero la interfaz financiera solo consume configuraciones del mapa (configs() de 21); requiere ampliar el mapa (DPV-20-03)"
facon,propias,incubacion,propia,tercero,A_refrigerado,A_externo,FALSE,TRUE,VALIDA_NO_MAPEADA_NO_EVALUADA,"físicamente válida para CAPEX, pero la interfaz financiera solo consume configuraciones del mapa (configs() de 21); requiere ampliar el mapa (DPV-20-03)"
facon,propias,incubacion,propia,tercero,A_refrigerado,A_externo,TRUE,FALSE,INVALIDA_FISICAMENTE,rendering propio requiere planta de faena propia
facon,propias,incubacion,propia,tercero,A_refrigerado,A_externo,TRUE,TRUE,INVALIDA_FISICAMENTE,rendering propio requiere planta de faena propia
facon,propias,incubacion,propia,tercero,A_refrigerado,B_basico_propio,FALSE,FALSE,VALIDA_NO_MAPEADA_NO_EVALUADA,"físicamente válida para CAPEX, pero la interfaz financiera solo consume configuraciones del mapa (configs() de 21); requiere ampliar el mapa (DPV-20-03)"
facon,propias,incubacion,propia,tercero,A_refrigerado,B_basico_propio,FALSE,TRUE,VALIDA_NO_MAPEADA_NO_EVALUADA,"físicamente válida para CAPEX, pero la interfaz financiera solo consume configuraciones del mapa (configs() de 21); requiere ampliar el mapa (DPV-20-03)"
facon,propias,incubacion,propia,tercero,A_refrigerado,B_basico_propio,TRUE,FALSE,INVALIDA_FISICAMENTE,rendering propio requiere planta de faena propia
facon,propias,incubacion,propia,tercero,A_refrigerado,B_basico_propio,TRUE,TRUE,INVALIDA_FISICAMENTE,rendering propio requiere planta de faena propia
facon,propias,incubacion,propia,tercero,B_refrigerado_congelado,A_externo,FALSE,FALSE,VALIDA_NO_MAPEADA_NO_EVALUADA,"físicamente válida para CAPEX, pero la interfaz financiera solo consume configuraciones del mapa (configs() de 21); requiere ampliar el mapa (DPV-20-03)"
facon,propias,incubacion,propia,tercero,B_refrigerado_congelado,A_externo,FALSE,TRUE,VALIDA_NO_MAPEADA_NO_EVALUADA,"físicamente válida para CAPEX, pero la interfaz financiera solo consume configuraciones del mapa (configs() de 21); requiere ampliar el mapa (DPV-20-03)"
facon,propias,incubacion,propia,tercero,B_refrigerado_congelado,A_externo,TRUE,FALSE,INVALIDA_FISICAMENTE,rendering propio requiere planta de faena propia
facon,propias,incubacion,propia,tercero,B_refrigerado_congelado,A_externo,TRUE,TRUE,INVALIDA_FISICAMENTE,rendering propio requiere planta de faena propia
facon,propias,incubacion,propia,tercero,B_refrigerado_congelado,B_basico_propio,FALSE,FALSE,VALIDA_NO_MAPEADA_NO_EVALUADA,"físicamente válida para CAPEX, pero la interfaz financiera solo consume configuraciones del mapa (configs() de 21); requiere ampliar el mapa (DPV-20-03)"
facon,propias,incubacion,propia,tercero,B_refrigerado_congelado,B_basico_propio,FALSE,TRUE,VALIDA_NO_MAPEADA_NO_EVALUADA,"físicamente válida para CAPEX, pero la interfaz financiera solo consume configuraciones del mapa (configs() de 21); requiere ampliar el mapa (DPV-20-03)"
facon,propias,incubacion,propia,tercero,B_refrigerado_congelado,B_basico_propio,TRUE,FALSE,INVALIDA_FISICAMENTE,rendering propio requiere planta de faena propia
facon,propias,incubacion,propia,tercero,B_refrigerado_congelado,B_basico_propio,TRUE,TRUE,INVALIDA_FISICAMENTE,rendering propio requiere planta de faena propia
facon,propias,incubacion,propia,tercero,C_congelado_tercero,A_externo,FALSE,FALSE,VALIDA_NO_MAPEADA_NO_EVALUADA,"físicamente válida para CAPEX, pero la interfaz financiera solo consume configuraciones del mapa (configs() de 21); requiere ampliar el mapa (DPV-20-03)"
facon,propias,incubacion,propia,tercero,C_congelado_tercero,A_externo,FALSE,TRUE,VALIDA_NO_MAPEADA_NO_EVALUADA,"físicamente válida para CAPEX, pero la interfaz financiera solo consume configuraciones del mapa (configs() de 21); requiere ampliar el mapa (DPV-20-03)"
facon,propias,incubacion,propia,tercero,C_congelado_tercero,A_externo,TRUE,FALSE,INVALIDA_FISICAMENTE,rendering propio requiere planta de faena propia
facon,propias,incubacion,propia,tercero,C_congelado_tercero,A_externo,TRUE,TRUE,INVALIDA_FISICAMENTE,rendering propio requiere planta de faena propia
facon,propias,incubacion,propia,tercero,C_congelado_tercero,B_basico_propio,FALSE,FALSE,VALIDA_NO_MAPEADA_NO_EVALUADA,"físicamente válida para CAPEX, pero la interfaz financiera solo consume configuraciones del mapa (configs() de 21); requiere ampliar el mapa (DPV-20-03)"
facon,propias,incubacion,propia,tercero,C_congelado_tercero,B_basico_propio,FALSE,TRUE,VALIDA_NO_MAPEADA_NO_EVALUADA,"físicamente válida para CAPEX, pero la interfaz financiera solo consume configuraciones del mapa (configs() de 21); requiere ampliar el mapa (DPV-20-03)"
facon,propias,incubacion,propia,tercero,C_congelado_tercero,B_basico_propio,TRUE,FALSE,INVALIDA_FISICAMENTE,rendering propio requiere planta de faena propia
facon,propias,incubacion,propia,tercero,C_congelado_tercero,B_basico_propio,TRUE,TRUE,INVALIDA_FISICAMENTE,rendering propio requiere planta de faena propia
facon,propias,incubacion,propia,propia,A_refrigerado,A_externo,FALSE,FALSE,VALIDA_NO_MAPEADA_NO_EVALUADA,"físicamente válida para CAPEX, pero la interfaz financiera solo consume configuraciones del mapa (configs() de 21); requiere ampliar el mapa (DPV-20-03)"
facon,propias,incubacion,propia,propia,A_refrigerado,A_externo,FALSE,TRUE,VALIDA_NO_MAPEADA_NO_EVALUADA,"físicamente válida para CAPEX, pero la interfaz financiera solo consume configuraciones del mapa (configs() de 21); requiere ampliar el mapa (DPV-20-03)"
facon,propias,incubacion,propia,propia,A_refrigerado,A_externo,TRUE,FALSE,INVALIDA_FISICAMENTE,rendering propio requiere planta de faena propia
facon,propias,incubacion,propia,propia,A_refrigerado,A_externo,TRUE,TRUE,INVALIDA_FISICAMENTE,rendering propio requiere planta de faena propia
facon,propias,incubacion,propia,propia,A_refrigerado,B_basico_propio,FALSE,FALSE,VALIDA_NO_MAPEADA_NO_EVALUADA,"físicamente válida para CAPEX, pero la interfaz financiera solo consume configuraciones del mapa (configs() de 21); requiere ampliar el mapa (DPV-20-03)"
facon,propias,incubacion,propia,propia,A_refrigerado,B_basico_propio,FALSE,TRUE,VALIDA_NO_MAPEADA_NO_EVALUADA,"físicamente válida para CAPEX, pero la interfaz financiera solo consume configuraciones del mapa (configs() de 21); requiere ampliar el mapa (DPV-20-03)"
facon,propias,incubacion,propia,propia,A_refrigerado,B_basico_propio,TRUE,FALSE,INVALIDA_FISICAMENTE,rendering propio requiere planta de faena propia
facon,propias,incubacion,propia,propia,A_refrigerado,B_basico_propio,TRUE,TRUE,INVALIDA_FISICAMENTE,rendering propio requiere planta de faena propia
facon,propias,incubacion,propia,propia,B_refrigerado_congelado,A_externo,FALSE,FALSE,VALIDA_NO_MAPEADA_NO_EVALUADA,"físicamente válida para CAPEX, pero la interfaz financiera solo consume configuraciones del mapa (configs() de 21); requiere ampliar el mapa (DPV-20-03)"
facon,propias,incubacion,propia,propia,B_refrigerado_congelado,A_externo,FALSE,TRUE,VALIDA_NO_MAPEADA_NO_EVALUADA,"físicamente válida para CAPEX, pero la interfaz financiera solo consume configuraciones del mapa (configs() de 21); requiere ampliar el mapa (DPV-20-03)"
facon,propias,incubacion,propia,propia,B_refrigerado_congelado,A_externo,TRUE,FALSE,INVALIDA_FISICAMENTE,rendering propio requiere planta de faena propia
facon,propias,incubacion,propia,propia,B_refrigerado_congelado,A_externo,TRUE,TRUE,INVALIDA_FISICAMENTE,rendering propio requiere planta de faena propia
facon,propias,incubacion,propia,propia,B_refrigerado_congelado,B_basico_propio,FALSE,FALSE,VALIDA_NO_MAPEADA_NO_EVALUADA,"físicamente válida para CAPEX, pero la interfaz financiera solo consume configuraciones del mapa (configs() de 21); requiere ampliar el mapa (DPV-20-03)"
facon,propias,incubacion,propia,propia,B_refrigerado_congelado,B_basico_propio,FALSE,TRUE,VALIDA_NO_MAPEADA_NO_EVALUADA,"físicamente válida para CAPEX, pero la interfaz financiera solo consume configuraciones del mapa (configs() de 21); requiere ampliar el mapa (DPV-20-03)"
facon,propias,incubacion,propia,propia,B_refrigerado_congelado,B_basico_propio,TRUE,FALSE,INVALIDA_FISICAMENTE,rendering propio requiere planta de faena propia
facon,propias,incubacion,propia,propia,B_refrigerado_congelado,B_basico_propio,TRUE,TRUE,INVALIDA_FISICAMENTE,rendering propio requiere planta de faena propia
facon,propias,incubacion,propia,propia,C_congelado_tercero,A_externo,FALSE,FALSE,VALIDA_NO_MAPEADA_NO_EVALUADA,"físicamente válida para CAPEX, pero la interfaz financiera solo consume configuraciones del mapa (configs() de 21); requiere ampliar el mapa (DPV-20-03)"
facon,propias,incubacion,propia,propia,C_congelado_tercero,A_externo,FALSE,TRUE,VALIDA_NO_MAPEADA_NO_EVALUADA,"físicamente válida para CAPEX, pero la interfaz financiera solo consume configuraciones del mapa (configs() de 21); requiere ampliar el mapa (DPV-20-03)"
facon,propias,incubacion,propia,propia,C_congelado_tercero,A_externo,TRUE,FALSE,INVALIDA_FISICAMENTE,rendering propio requiere planta de faena propia
facon,propias,incubacion,propia,propia,C_congelado_tercero,A_externo,TRUE,TRUE,INVALIDA_FISICAMENTE,rendering propio requiere planta de faena propia
facon,propias,incubacion,propia,propia,C_congelado_tercero,B_basico_propio,FALSE,FALSE,VALIDA_NO_MAPEADA_NO_EVALUADA,"físicamente válida para CAPEX, pero la interfaz financiera solo consume configuraciones del mapa (configs() de 21); requiere ampliar el mapa (DPV-20-03)"
facon,propias,incubacion,propia,propia,C_congelado_tercero,B_basico_propio,FALSE,TRUE,VALIDA_NO_MAPEADA_NO_EVALUADA,"físicamente válida para CAPEX, pero la interfaz financiera solo consume configuraciones del mapa (configs() de 21); requiere ampliar el mapa (DPV-20-03)"
facon,propias,incubacion,propia,propia,C_congelado_tercero,B_basico_propio,TRUE,FALSE,INVALIDA_FISICAMENTE,rendering propio requiere planta de faena propia
facon,propias,incubacion,propia,propia,C_congelado_tercero,B_basico_propio,TRUE,TRUE,INVALIDA_FISICAMENTE,rendering propio requiere planta de faena propia
facon,propias,incubacion,propia,mixto,A_refrigerado,A_externo,FALSE,FALSE,VALIDA_NO_MAPEADA_NO_EVALUADA,"físicamente válida para CAPEX, pero la interfaz financiera solo consume configuraciones del mapa (configs() de 21); requiere ampliar el mapa (DPV-20-03)"
facon,propias,incubacion,propia,mixto,A_refrigerado,A_externo,FALSE,TRUE,VALIDA_NO_MAPEADA_NO_EVALUADA,"físicamente válida para CAPEX, pero la interfaz financiera solo consume configuraciones del mapa (configs() de 21); requiere ampliar el mapa (DPV-20-03)"
facon,propias,incubacion,propia,mixto,A_refrigerado,A_externo,TRUE,FALSE,INVALIDA_FISICAMENTE,rendering propio requiere planta de faena propia
facon,propias,incubacion,propia,mixto,A_refrigerado,A_externo,TRUE,TRUE,INVALIDA_FISICAMENTE,rendering propio requiere planta de faena propia
facon,propias,incubacion,propia,mixto,A_refrigerado,B_basico_propio,FALSE,FALSE,VALIDA_NO_MAPEADA_NO_EVALUADA,"físicamente válida para CAPEX, pero la interfaz financiera solo consume configuraciones del mapa (configs() de 21); requiere ampliar el mapa (DPV-20-03)"
facon,propias,incubacion,propia,mixto,A_refrigerado,B_basico_propio,FALSE,TRUE,VALIDA_NO_MAPEADA_NO_EVALUADA,"físicamente válida para CAPEX, pero la interfaz financiera solo consume configuraciones del mapa (configs() de 21); requiere ampliar el mapa (DPV-20-03)"
facon,propias,incubacion,propia,mixto,A_refrigerado,B_basico_propio,TRUE,FALSE,INVALIDA_FISICAMENTE,rendering propio requiere planta de faena propia
facon,propias,incubacion,propia,mixto,A_refrigerado,B_basico_propio,TRUE,TRUE,INVALIDA_FISICAMENTE,rendering propio requiere planta de faena propia
facon,propias,incubacion,propia,mixto,B_refrigerado_congelado,A_externo,FALSE,FALSE,VALIDA_NO_MAPEADA_NO_EVALUADA,"físicamente válida para CAPEX, pero la interfaz financiera solo consume configuraciones del mapa (configs() de 21); requiere ampliar el mapa (DPV-20-03)"
facon,propias,incubacion,propia,mixto,B_refrigerado_congelado,A_externo,FALSE,TRUE,VALIDA_NO_MAPEADA_NO_EVALUADA,"físicamente válida para CAPEX, pero la interfaz financiera solo consume configuraciones del mapa (configs() de 21); requiere ampliar el mapa (DPV-20-03)"
facon,propias,incubacion,propia,mixto,B_refrigerado_congelado,A_externo,TRUE,FALSE,INVALIDA_FISICAMENTE,rendering propio requiere planta de faena propia
facon,propias,incubacion,propia,mixto,B_refrigerado_congelado,A_externo,TRUE,TRUE,INVALIDA_FISICAMENTE,rendering propio requiere planta de faena propia
facon,propias,incubacion,propia,mixto,B_refrigerado_congelado,B_basico_propio,FALSE,FALSE,VALIDA_NO_MAPEADA_NO_EVALUADA,"físicamente válida para CAPEX, pero la interfaz financiera solo consume configuraciones del mapa (configs() de 21); requiere ampliar el mapa (DPV-20-03)"
facon,propias,incubacion,propia,mixto,B_refrigerado_congelado,B_basico_propio,FALSE,TRUE,VALIDA_NO_MAPEADA_NO_EVALUADA,"físicamente válida para CAPEX, pero la interfaz financiera solo consume configuraciones del mapa (configs() de 21); requiere ampliar el mapa (DPV-20-03)"
facon,propias,incubacion,propia,mixto,B_refrigerado_congelado,B_basico_propio,TRUE,FALSE,INVALIDA_FISICAMENTE,rendering propio requiere planta de faena propia
facon,propias,incubacion,propia,mixto,B_refrigerado_congelado,B_basico_propio,TRUE,TRUE,INVALIDA_FISICAMENTE,rendering propio requiere planta de faena propia
facon,propias,incubacion,propia,mixto,C_congelado_tercero,A_externo,FALSE,FALSE,VALIDA_NO_MAPEADA_NO_EVALUADA,"físicamente válida para CAPEX, pero la interfaz financiera solo consume configuraciones del mapa (configs() de 21); requiere ampliar el mapa (DPV-20-03)"
facon,propias,incubacion,propia,mixto,C_congelado_tercero,A_externo,FALSE,TRUE,VALIDA_NO_MAPEADA_NO_EVALUADA,"físicamente válida para CAPEX, pero la interfaz financiera solo consume configuraciones del mapa (configs() de 21); requiere ampliar el mapa (DPV-20-03)"
facon,propias,incubacion,propia,mixto,C_congelado_tercero,A_externo,TRUE,FALSE,INVALIDA_FISICAMENTE,rendering propio requiere planta de faena propia
facon,propias,incubacion,propia,mixto,C_congelado_tercero,A_externo,TRUE,TRUE,INVALIDA_FISICAMENTE,rendering propio requiere planta de faena propia
facon,propias,incubacion,propia,mixto,C_congelado_tercero,B_basico_propio,FALSE,FALSE,VALIDA_NO_MAPEADA_NO_EVALUADA,"físicamente válida para CAPEX, pero la interfaz financiera solo consume configuraciones del mapa (configs() de 21); requiere ampliar el mapa (DPV-20-03)"
facon,propias,incubacion,propia,mixto,C_congelado_tercero,B_basico_propio,FALSE,TRUE,VALIDA_NO_MAPEADA_NO_EVALUADA,"físicamente válida para CAPEX, pero la interfaz financiera solo consume configuraciones del mapa (configs() de 21); requiere ampliar el mapa (DPV-20-03)"
facon,propias,incubacion,propia,mixto,C_congelado_tercero,B_basico_propio,TRUE,FALSE,INVALIDA_FISICAMENTE,rendering propio requiere planta de faena propia
facon,propias,incubacion,propia,mixto,C_congelado_tercero,B_basico_propio,TRUE,TRUE,INVALIDA_FISICAMENTE,rendering propio requiere planta de faena propia
facon,mixto,compra,compra,tercero,A_refrigerado,A_externo,FALSE,FALSE,VALIDA_NO_MAPEADA_NO_EVALUADA,"físicamente válida para CAPEX, pero la interfaz financiera solo consume configuraciones del mapa (configs() de 21); requiere ampliar el mapa (DPV-20-03)"
facon,mixto,compra,compra,tercero,A_refrigerado,A_externo,FALSE,TRUE,INVALIDA_FISICAMENTE,reproductoras propias requieren incubación propia (arquitectura futura)
facon,mixto,compra,compra,tercero,A_refrigerado,A_externo,TRUE,FALSE,INVALIDA_FISICAMENTE,rendering propio requiere planta de faena propia
facon,mixto,compra,compra,tercero,A_refrigerado,A_externo,TRUE,TRUE,INVALIDA_FISICAMENTE,reproductoras propias requieren incubación propia (arquitectura futura)
facon,mixto,compra,compra,tercero,A_refrigerado,B_basico_propio,FALSE,FALSE,VALIDA_NO_MAPEADA_NO_EVALUADA,"físicamente válida para CAPEX, pero la interfaz financiera solo consume configuraciones del mapa (configs() de 21); requiere ampliar el mapa (DPV-20-03)"
facon,mixto,compra,compra,tercero,A_refrigerado,B_basico_propio,FALSE,TRUE,INVALIDA_FISICAMENTE,reproductoras propias requieren incubación propia (arquitectura futura)
facon,mixto,compra,compra,tercero,A_refrigerado,B_basico_propio,TRUE,FALSE,INVALIDA_FISICAMENTE,rendering propio requiere planta de faena propia
facon,mixto,compra,compra,tercero,A_refrigerado,B_basico_propio,TRUE,TRUE,INVALIDA_FISICAMENTE,reproductoras propias requieren incubación propia (arquitectura futura)
facon,mixto,compra,compra,tercero,B_refrigerado_congelado,A_externo,FALSE,FALSE,VALIDA_NO_MAPEADA_NO_EVALUADA,"físicamente válida para CAPEX, pero la interfaz financiera solo consume configuraciones del mapa (configs() de 21); requiere ampliar el mapa (DPV-20-03)"
facon,mixto,compra,compra,tercero,B_refrigerado_congelado,A_externo,FALSE,TRUE,INVALIDA_FISICAMENTE,reproductoras propias requieren incubación propia (arquitectura futura)
facon,mixto,compra,compra,tercero,B_refrigerado_congelado,A_externo,TRUE,FALSE,INVALIDA_FISICAMENTE,rendering propio requiere planta de faena propia
facon,mixto,compra,compra,tercero,B_refrigerado_congelado,A_externo,TRUE,TRUE,INVALIDA_FISICAMENTE,reproductoras propias requieren incubación propia (arquitectura futura)
facon,mixto,compra,compra,tercero,B_refrigerado_congelado,B_basico_propio,FALSE,FALSE,VALIDA_NO_MAPEADA_NO_EVALUADA,"físicamente válida para CAPEX, pero la interfaz financiera solo consume configuraciones del mapa (configs() de 21); requiere ampliar el mapa (DPV-20-03)"
facon,mixto,compra,compra,tercero,B_refrigerado_congelado,B_basico_propio,FALSE,TRUE,INVALIDA_FISICAMENTE,reproductoras propias requieren incubación propia (arquitectura futura)
facon,mixto,compra,compra,tercero,B_refrigerado_congelado,B_basico_propio,TRUE,FALSE,INVALIDA_FISICAMENTE,rendering propio requiere planta de faena propia
facon,mixto,compra,compra,tercero,B_refrigerado_congelado,B_basico_propio,TRUE,TRUE,INVALIDA_FISICAMENTE,reproductoras propias requieren incubación propia (arquitectura futura)
facon,mixto,compra,compra,tercero,C_congelado_tercero,A_externo,FALSE,FALSE,VALIDA_NO_MAPEADA_NO_EVALUADA,"físicamente válida para CAPEX, pero la interfaz financiera solo consume configuraciones del mapa (configs() de 21); requiere ampliar el mapa (DPV-20-03)"
facon,mixto,compra,compra,tercero,C_congelado_tercero,A_externo,FALSE,TRUE,INVALIDA_FISICAMENTE,reproductoras propias requieren incubación propia (arquitectura futura)
facon,mixto,compra,compra,tercero,C_congelado_tercero,A_externo,TRUE,FALSE,INVALIDA_FISICAMENTE,rendering propio requiere planta de faena propia
facon,mixto,compra,compra,tercero,C_congelado_tercero,A_externo,TRUE,TRUE,INVALIDA_FISICAMENTE,reproductoras propias requieren incubación propia (arquitectura futura)
facon,mixto,compra,compra,tercero,C_congelado_tercero,B_basico_propio,FALSE,FALSE,VALIDA_NO_MAPEADA_NO_EVALUADA,"físicamente válida para CAPEX, pero la interfaz financiera solo consume configuraciones del mapa (configs() de 21); requiere ampliar el mapa (DPV-20-03)"
facon,mixto,compra,compra,tercero,C_congelado_tercero,B_basico_propio,FALSE,TRUE,INVALIDA_FISICAMENTE,reproductoras propias requieren incubación propia (arquitectura futura)
facon,mixto,compra,compra,tercero,C_congelado_tercero,B_basico_propio,TRUE,FALSE,INVALIDA_FISICAMENTE,rendering propio requiere planta de faena propia
facon,mixto,compra,compra,tercero,C_congelado_tercero,B_basico_propio,TRUE,TRUE,INVALIDA_FISICAMENTE,reproductoras propias requieren incubación propia (arquitectura futura)
facon,mixto,compra,compra,propia,A_refrigerado,A_externo,FALSE,FALSE,VALIDA_NO_MAPEADA_NO_EVALUADA,"físicamente válida para CAPEX, pero la interfaz financiera solo consume configuraciones del mapa (configs() de 21); requiere ampliar el mapa (DPV-20-03)"
facon,mixto,compra,compra,propia,A_refrigerado,A_externo,FALSE,TRUE,INVALIDA_FISICAMENTE,reproductoras propias requieren incubación propia (arquitectura futura)
facon,mixto,compra,compra,propia,A_refrigerado,A_externo,TRUE,FALSE,INVALIDA_FISICAMENTE,rendering propio requiere planta de faena propia
facon,mixto,compra,compra,propia,A_refrigerado,A_externo,TRUE,TRUE,INVALIDA_FISICAMENTE,reproductoras propias requieren incubación propia (arquitectura futura)
facon,mixto,compra,compra,propia,A_refrigerado,B_basico_propio,FALSE,FALSE,VALIDA_NO_MAPEADA_NO_EVALUADA,"físicamente válida para CAPEX, pero la interfaz financiera solo consume configuraciones del mapa (configs() de 21); requiere ampliar el mapa (DPV-20-03)"
facon,mixto,compra,compra,propia,A_refrigerado,B_basico_propio,FALSE,TRUE,INVALIDA_FISICAMENTE,reproductoras propias requieren incubación propia (arquitectura futura)
facon,mixto,compra,compra,propia,A_refrigerado,B_basico_propio,TRUE,FALSE,INVALIDA_FISICAMENTE,rendering propio requiere planta de faena propia
facon,mixto,compra,compra,propia,A_refrigerado,B_basico_propio,TRUE,TRUE,INVALIDA_FISICAMENTE,reproductoras propias requieren incubación propia (arquitectura futura)
facon,mixto,compra,compra,propia,B_refrigerado_congelado,A_externo,FALSE,FALSE,VALIDA_NO_MAPEADA_NO_EVALUADA,"físicamente válida para CAPEX, pero la interfaz financiera solo consume configuraciones del mapa (configs() de 21); requiere ampliar el mapa (DPV-20-03)"
facon,mixto,compra,compra,propia,B_refrigerado_congelado,A_externo,FALSE,TRUE,INVALIDA_FISICAMENTE,reproductoras propias requieren incubación propia (arquitectura futura)
facon,mixto,compra,compra,propia,B_refrigerado_congelado,A_externo,TRUE,FALSE,INVALIDA_FISICAMENTE,rendering propio requiere planta de faena propia
facon,mixto,compra,compra,propia,B_refrigerado_congelado,A_externo,TRUE,TRUE,INVALIDA_FISICAMENTE,reproductoras propias requieren incubación propia (arquitectura futura)
facon,mixto,compra,compra,propia,B_refrigerado_congelado,B_basico_propio,FALSE,FALSE,VALIDA_NO_MAPEADA_NO_EVALUADA,"físicamente válida para CAPEX, pero la interfaz financiera solo consume configuraciones del mapa (configs() de 21); requiere ampliar el mapa (DPV-20-03)"
facon,mixto,compra,compra,propia,B_refrigerado_congelado,B_basico_propio,FALSE,TRUE,INVALIDA_FISICAMENTE,reproductoras propias requieren incubación propia (arquitectura futura)
facon,mixto,compra,compra,propia,B_refrigerado_congelado,B_basico_propio,TRUE,FALSE,INVALIDA_FISICAMENTE,rendering propio requiere planta de faena propia
facon,mixto,compra,compra,propia,B_refrigerado_congelado,B_basico_propio,TRUE,TRUE,INVALIDA_FISICAMENTE,reproductoras propias requieren incubación propia (arquitectura futura)
facon,mixto,compra,compra,propia,C_congelado_tercero,A_externo,FALSE,FALSE,VALIDA_NO_MAPEADA_NO_EVALUADA,"físicamente válida para CAPEX, pero la interfaz financiera solo consume configuraciones del mapa (configs() de 21); requiere ampliar el mapa (DPV-20-03)"
facon,mixto,compra,compra,propia,C_congelado_tercero,A_externo,FALSE,TRUE,INVALIDA_FISICAMENTE,reproductoras propias requieren incubación propia (arquitectura futura)
facon,mixto,compra,compra,propia,C_congelado_tercero,A_externo,TRUE,FALSE,INVALIDA_FISICAMENTE,rendering propio requiere planta de faena propia
facon,mixto,compra,compra,propia,C_congelado_tercero,A_externo,TRUE,TRUE,INVALIDA_FISICAMENTE,reproductoras propias requieren incubación propia (arquitectura futura)
facon,mixto,compra,compra,propia,C_congelado_tercero,B_basico_propio,FALSE,FALSE,VALIDA_NO_MAPEADA_NO_EVALUADA,"físicamente válida para CAPEX, pero la interfaz financiera solo consume configuraciones del mapa (configs() de 21); requiere ampliar el mapa (DPV-20-03)"
facon,mixto,compra,compra,propia,C_congelado_tercero,B_basico_propio,FALSE,TRUE,INVALIDA_FISICAMENTE,reproductoras propias requieren incubación propia (arquitectura futura)
facon,mixto,compra,compra,propia,C_congelado_tercero,B_basico_propio,TRUE,FALSE,INVALIDA_FISICAMENTE,rendering propio requiere planta de faena propia
facon,mixto,compra,compra,propia,C_congelado_tercero,B_basico_propio,TRUE,TRUE,INVALIDA_FISICAMENTE,reproductoras propias requieren incubación propia (arquitectura futura)
facon,mixto,compra,compra,mixto,A_refrigerado,A_externo,FALSE,FALSE,VALIDA_NO_MAPEADA_NO_EVALUADA,"físicamente válida para CAPEX, pero la interfaz financiera solo consume configuraciones del mapa (configs() de 21); requiere ampliar el mapa (DPV-20-03)"
facon,mixto,compra,compra,mixto,A_refrigerado,A_externo,FALSE,TRUE,INVALIDA_FISICAMENTE,reproductoras propias requieren incubación propia (arquitectura futura)
facon,mixto,compra,compra,mixto,A_refrigerado,A_externo,TRUE,FALSE,INVALIDA_FISICAMENTE,rendering propio requiere planta de faena propia
facon,mixto,compra,compra,mixto,A_refrigerado,A_externo,TRUE,TRUE,INVALIDA_FISICAMENTE,reproductoras propias requieren incubación propia (arquitectura futura)
facon,mixto,compra,compra,mixto,A_refrigerado,B_basico_propio,FALSE,FALSE,VALIDA_NO_MAPEADA_NO_EVALUADA,"físicamente válida para CAPEX, pero la interfaz financiera solo consume configuraciones del mapa (configs() de 21); requiere ampliar el mapa (DPV-20-03)"
facon,mixto,compra,compra,mixto,A_refrigerado,B_basico_propio,FALSE,TRUE,INVALIDA_FISICAMENTE,reproductoras propias requieren incubación propia (arquitectura futura)
facon,mixto,compra,compra,mixto,A_refrigerado,B_basico_propio,TRUE,FALSE,INVALIDA_FISICAMENTE,rendering propio requiere planta de faena propia
facon,mixto,compra,compra,mixto,A_refrigerado,B_basico_propio,TRUE,TRUE,INVALIDA_FISICAMENTE,reproductoras propias requieren incubación propia (arquitectura futura)
facon,mixto,compra,compra,mixto,B_refrigerado_congelado,A_externo,FALSE,FALSE,VALIDA_NO_MAPEADA_NO_EVALUADA,"físicamente válida para CAPEX, pero la interfaz financiera solo consume configuraciones del mapa (configs() de 21); requiere ampliar el mapa (DPV-20-03)"
facon,mixto,compra,compra,mixto,B_refrigerado_congelado,A_externo,FALSE,TRUE,INVALIDA_FISICAMENTE,reproductoras propias requieren incubación propia (arquitectura futura)
facon,mixto,compra,compra,mixto,B_refrigerado_congelado,A_externo,TRUE,FALSE,INVALIDA_FISICAMENTE,rendering propio requiere planta de faena propia
facon,mixto,compra,compra,mixto,B_refrigerado_congelado,A_externo,TRUE,TRUE,INVALIDA_FISICAMENTE,reproductoras propias requieren incubación propia (arquitectura futura)
facon,mixto,compra,compra,mixto,B_refrigerado_congelado,B_basico_propio,FALSE,FALSE,VALIDA_NO_MAPEADA_NO_EVALUADA,"físicamente válida para CAPEX, pero la interfaz financiera solo consume configuraciones del mapa (configs() de 21); requiere ampliar el mapa (DPV-20-03)"
facon,mixto,compra,compra,mixto,B_refrigerado_congelado,B_basico_propio,FALSE,TRUE,INVALIDA_FISICAMENTE,reproductoras propias requieren incubación propia (arquitectura futura)
facon,mixto,compra,compra,mixto,B_refrigerado_congelado,B_basico_propio,TRUE,FALSE,INVALIDA_FISICAMENTE,rendering propio requiere planta de faena propia
facon,mixto,compra,compra,mixto,B_refrigerado_congelado,B_basico_propio,TRUE,TRUE,INVALIDA_FISICAMENTE,reproductoras propias requieren incubación propia (arquitectura futura)
facon,mixto,compra,compra,mixto,C_congelado_tercero,A_externo,FALSE,FALSE,VALIDA_NO_MAPEADA_NO_EVALUADA,"físicamente válida para CAPEX, pero la interfaz financiera solo consume configuraciones del mapa (configs() de 21); requiere ampliar el mapa (DPV-20-03)"
facon,mixto,compra,compra,mixto,C_congelado_tercero,A_externo,FALSE,TRUE,INVALIDA_FISICAMENTE,reproductoras propias requieren incubación propia (arquitectura futura)
facon,mixto,compra,compra,mixto,C_congelado_tercero,A_externo,TRUE,FALSE,INVALIDA_FISICAMENTE,rendering propio requiere planta de faena propia
facon,mixto,compra,compra,mixto,C_congelado_tercero,A_externo,TRUE,TRUE,INVALIDA_FISICAMENTE,reproductoras propias requieren incubación propia (arquitectura futura)
facon,mixto,compra,compra,mixto,C_congelado_tercero,B_basico_propio,FALSE,FALSE,VALIDA_NO_MAPEADA_NO_EVALUADA,"físicamente válida para CAPEX, pero la interfaz financiera solo consume configuraciones del mapa (configs() de 21); requiere ampliar el mapa (DPV-20-03)"
facon,mixto,compra,compra,mixto,C_congelado_tercero,B_basico_propio,FALSE,TRUE,INVALIDA_FISICAMENTE,reproductoras propias requieren incubación propia (arquitectura futura)
facon,mixto,compra,compra,mixto,C_congelado_tercero,B_basico_propio,TRUE,FALSE,INVALIDA_FISICAMENTE,rendering propio requiere planta de faena propia
facon,mixto,compra,compra,mixto,C_congelado_tercero,B_basico_propio,TRUE,TRUE,INVALIDA_FISICAMENTE,reproductoras propias requieren incubación propia (arquitectura futura)
facon,mixto,compra,facon,tercero,A_refrigerado,A_externo,FALSE,FALSE,VALIDA_NO_MAPEADA_NO_EVALUADA,"físicamente válida para CAPEX, pero la interfaz financiera solo consume configuraciones del mapa (configs() de 21); requiere ampliar el mapa (DPV-20-03)"
facon,mixto,compra,facon,tercero,A_refrigerado,A_externo,FALSE,TRUE,INVALIDA_FISICAMENTE,reproductoras propias requieren incubación propia (arquitectura futura)
facon,mixto,compra,facon,tercero,A_refrigerado,A_externo,TRUE,FALSE,INVALIDA_FISICAMENTE,rendering propio requiere planta de faena propia
facon,mixto,compra,facon,tercero,A_refrigerado,A_externo,TRUE,TRUE,INVALIDA_FISICAMENTE,reproductoras propias requieren incubación propia (arquitectura futura)
facon,mixto,compra,facon,tercero,A_refrigerado,B_basico_propio,FALSE,FALSE,VALIDA_NO_MAPEADA_NO_EVALUADA,"físicamente válida para CAPEX, pero la interfaz financiera solo consume configuraciones del mapa (configs() de 21); requiere ampliar el mapa (DPV-20-03)"
facon,mixto,compra,facon,tercero,A_refrigerado,B_basico_propio,FALSE,TRUE,INVALIDA_FISICAMENTE,reproductoras propias requieren incubación propia (arquitectura futura)
facon,mixto,compra,facon,tercero,A_refrigerado,B_basico_propio,TRUE,FALSE,INVALIDA_FISICAMENTE,rendering propio requiere planta de faena propia
facon,mixto,compra,facon,tercero,A_refrigerado,B_basico_propio,TRUE,TRUE,INVALIDA_FISICAMENTE,reproductoras propias requieren incubación propia (arquitectura futura)
facon,mixto,compra,facon,tercero,B_refrigerado_congelado,A_externo,FALSE,FALSE,VALIDA_NO_MAPEADA_NO_EVALUADA,"físicamente válida para CAPEX, pero la interfaz financiera solo consume configuraciones del mapa (configs() de 21); requiere ampliar el mapa (DPV-20-03)"
facon,mixto,compra,facon,tercero,B_refrigerado_congelado,A_externo,FALSE,TRUE,INVALIDA_FISICAMENTE,reproductoras propias requieren incubación propia (arquitectura futura)
facon,mixto,compra,facon,tercero,B_refrigerado_congelado,A_externo,TRUE,FALSE,INVALIDA_FISICAMENTE,rendering propio requiere planta de faena propia
facon,mixto,compra,facon,tercero,B_refrigerado_congelado,A_externo,TRUE,TRUE,INVALIDA_FISICAMENTE,reproductoras propias requieren incubación propia (arquitectura futura)
facon,mixto,compra,facon,tercero,B_refrigerado_congelado,B_basico_propio,FALSE,FALSE,VALIDA_NO_MAPEADA_NO_EVALUADA,"físicamente válida para CAPEX, pero la interfaz financiera solo consume configuraciones del mapa (configs() de 21); requiere ampliar el mapa (DPV-20-03)"
facon,mixto,compra,facon,tercero,B_refrigerado_congelado,B_basico_propio,FALSE,TRUE,INVALIDA_FISICAMENTE,reproductoras propias requieren incubación propia (arquitectura futura)
facon,mixto,compra,facon,tercero,B_refrigerado_congelado,B_basico_propio,TRUE,FALSE,INVALIDA_FISICAMENTE,rendering propio requiere planta de faena propia
facon,mixto,compra,facon,tercero,B_refrigerado_congelado,B_basico_propio,TRUE,TRUE,INVALIDA_FISICAMENTE,reproductoras propias requieren incubación propia (arquitectura futura)
facon,mixto,compra,facon,tercero,C_congelado_tercero,A_externo,FALSE,FALSE,VALIDA_NO_MAPEADA_NO_EVALUADA,"físicamente válida para CAPEX, pero la interfaz financiera solo consume configuraciones del mapa (configs() de 21); requiere ampliar el mapa (DPV-20-03)"
facon,mixto,compra,facon,tercero,C_congelado_tercero,A_externo,FALSE,TRUE,INVALIDA_FISICAMENTE,reproductoras propias requieren incubación propia (arquitectura futura)
facon,mixto,compra,facon,tercero,C_congelado_tercero,A_externo,TRUE,FALSE,INVALIDA_FISICAMENTE,rendering propio requiere planta de faena propia
facon,mixto,compra,facon,tercero,C_congelado_tercero,A_externo,TRUE,TRUE,INVALIDA_FISICAMENTE,reproductoras propias requieren incubación propia (arquitectura futura)
facon,mixto,compra,facon,tercero,C_congelado_tercero,B_basico_propio,FALSE,FALSE,VALIDA_NO_MAPEADA_NO_EVALUADA,"físicamente válida para CAPEX, pero la interfaz financiera solo consume configuraciones del mapa (configs() de 21); requiere ampliar el mapa (DPV-20-03)"
facon,mixto,compra,facon,tercero,C_congelado_tercero,B_basico_propio,FALSE,TRUE,INVALIDA_FISICAMENTE,reproductoras propias requieren incubación propia (arquitectura futura)
facon,mixto,compra,facon,tercero,C_congelado_tercero,B_basico_propio,TRUE,FALSE,INVALIDA_FISICAMENTE,rendering propio requiere planta de faena propia
facon,mixto,compra,facon,tercero,C_congelado_tercero,B_basico_propio,TRUE,TRUE,INVALIDA_FISICAMENTE,reproductoras propias requieren incubación propia (arquitectura futura)
facon,mixto,compra,facon,propia,A_refrigerado,A_externo,FALSE,FALSE,VALIDA_NO_MAPEADA_NO_EVALUADA,"físicamente válida para CAPEX, pero la interfaz financiera solo consume configuraciones del mapa (configs() de 21); requiere ampliar el mapa (DPV-20-03)"
facon,mixto,compra,facon,propia,A_refrigerado,A_externo,FALSE,TRUE,INVALIDA_FISICAMENTE,reproductoras propias requieren incubación propia (arquitectura futura)
facon,mixto,compra,facon,propia,A_refrigerado,A_externo,TRUE,FALSE,INVALIDA_FISICAMENTE,rendering propio requiere planta de faena propia
facon,mixto,compra,facon,propia,A_refrigerado,A_externo,TRUE,TRUE,INVALIDA_FISICAMENTE,reproductoras propias requieren incubación propia (arquitectura futura)
facon,mixto,compra,facon,propia,A_refrigerado,B_basico_propio,FALSE,FALSE,VALIDA_NO_MAPEADA_NO_EVALUADA,"físicamente válida para CAPEX, pero la interfaz financiera solo consume configuraciones del mapa (configs() de 21); requiere ampliar el mapa (DPV-20-03)"
facon,mixto,compra,facon,propia,A_refrigerado,B_basico_propio,FALSE,TRUE,INVALIDA_FISICAMENTE,reproductoras propias requieren incubación propia (arquitectura futura)
facon,mixto,compra,facon,propia,A_refrigerado,B_basico_propio,TRUE,FALSE,INVALIDA_FISICAMENTE,rendering propio requiere planta de faena propia
facon,mixto,compra,facon,propia,A_refrigerado,B_basico_propio,TRUE,TRUE,INVALIDA_FISICAMENTE,reproductoras propias requieren incubación propia (arquitectura futura)
facon,mixto,compra,facon,propia,B_refrigerado_congelado,A_externo,FALSE,FALSE,VALIDA_NO_MAPEADA_NO_EVALUADA,"físicamente válida para CAPEX, pero la interfaz financiera solo consume configuraciones del mapa (configs() de 21); requiere ampliar el mapa (DPV-20-03)"
facon,mixto,compra,facon,propia,B_refrigerado_congelado,A_externo,FALSE,TRUE,INVALIDA_FISICAMENTE,reproductoras propias requieren incubación propia (arquitectura futura)
facon,mixto,compra,facon,propia,B_refrigerado_congelado,A_externo,TRUE,FALSE,INVALIDA_FISICAMENTE,rendering propio requiere planta de faena propia
facon,mixto,compra,facon,propia,B_refrigerado_congelado,A_externo,TRUE,TRUE,INVALIDA_FISICAMENTE,reproductoras propias requieren incubación propia (arquitectura futura)
facon,mixto,compra,facon,propia,B_refrigerado_congelado,B_basico_propio,FALSE,FALSE,VALIDA_NO_MAPEADA_NO_EVALUADA,"físicamente válida para CAPEX, pero la interfaz financiera solo consume configuraciones del mapa (configs() de 21); requiere ampliar el mapa (DPV-20-03)"
facon,mixto,compra,facon,propia,B_refrigerado_congelado,B_basico_propio,FALSE,TRUE,INVALIDA_FISICAMENTE,reproductoras propias requieren incubación propia (arquitectura futura)
facon,mixto,compra,facon,propia,B_refrigerado_congelado,B_basico_propio,TRUE,FALSE,INVALIDA_FISICAMENTE,rendering propio requiere planta de faena propia
facon,mixto,compra,facon,propia,B_refrigerado_congelado,B_basico_propio,TRUE,TRUE,INVALIDA_FISICAMENTE,reproductoras propias requieren incubación propia (arquitectura futura)
facon,mixto,compra,facon,propia,C_congelado_tercero,A_externo,FALSE,FALSE,VALIDA_NO_MAPEADA_NO_EVALUADA,"físicamente válida para CAPEX, pero la interfaz financiera solo consume configuraciones del mapa (configs() de 21); requiere ampliar el mapa (DPV-20-03)"
facon,mixto,compra,facon,propia,C_congelado_tercero,A_externo,FALSE,TRUE,INVALIDA_FISICAMENTE,reproductoras propias requieren incubación propia (arquitectura futura)
facon,mixto,compra,facon,propia,C_congelado_tercero,A_externo,TRUE,FALSE,INVALIDA_FISICAMENTE,rendering propio requiere planta de faena propia
facon,mixto,compra,facon,propia,C_congelado_tercero,A_externo,TRUE,TRUE,INVALIDA_FISICAMENTE,reproductoras propias requieren incubación propia (arquitectura futura)
facon,mixto,compra,facon,propia,C_congelado_tercero,B_basico_propio,FALSE,FALSE,VALIDA_NO_MAPEADA_NO_EVALUADA,"físicamente válida para CAPEX, pero la interfaz financiera solo consume configuraciones del mapa (configs() de 21); requiere ampliar el mapa (DPV-20-03)"
facon,mixto,compra,facon,propia,C_congelado_tercero,B_basico_propio,FALSE,TRUE,INVALIDA_FISICAMENTE,reproductoras propias requieren incubación propia (arquitectura futura)
facon,mixto,compra,facon,propia,C_congelado_tercero,B_basico_propio,TRUE,FALSE,INVALIDA_FISICAMENTE,rendering propio requiere planta de faena propia
facon,mixto,compra,facon,propia,C_congelado_tercero,B_basico_propio,TRUE,TRUE,INVALIDA_FISICAMENTE,reproductoras propias requieren incubación propia (arquitectura futura)
facon,mixto,compra,facon,mixto,A_refrigerado,A_externo,FALSE,FALSE,VALIDA_NO_MAPEADA_NO_EVALUADA,"físicamente válida para CAPEX, pero la interfaz financiera solo consume configuraciones del mapa (configs() de 21); requiere ampliar el mapa (DPV-20-03)"
facon,mixto,compra,facon,mixto,A_refrigerado,A_externo,FALSE,TRUE,INVALIDA_FISICAMENTE,reproductoras propias requieren incubación propia (arquitectura futura)
facon,mixto,compra,facon,mixto,A_refrigerado,A_externo,TRUE,FALSE,INVALIDA_FISICAMENTE,rendering propio requiere planta de faena propia
facon,mixto,compra,facon,mixto,A_refrigerado,A_externo,TRUE,TRUE,INVALIDA_FISICAMENTE,reproductoras propias requieren incubación propia (arquitectura futura)
facon,mixto,compra,facon,mixto,A_refrigerado,B_basico_propio,FALSE,FALSE,VALIDA_NO_MAPEADA_NO_EVALUADA,"físicamente válida para CAPEX, pero la interfaz financiera solo consume configuraciones del mapa (configs() de 21); requiere ampliar el mapa (DPV-20-03)"
facon,mixto,compra,facon,mixto,A_refrigerado,B_basico_propio,FALSE,TRUE,INVALIDA_FISICAMENTE,reproductoras propias requieren incubación propia (arquitectura futura)
facon,mixto,compra,facon,mixto,A_refrigerado,B_basico_propio,TRUE,FALSE,INVALIDA_FISICAMENTE,rendering propio requiere planta de faena propia
facon,mixto,compra,facon,mixto,A_refrigerado,B_basico_propio,TRUE,TRUE,INVALIDA_FISICAMENTE,reproductoras propias requieren incubación propia (arquitectura futura)
facon,mixto,compra,facon,mixto,B_refrigerado_congelado,A_externo,FALSE,FALSE,VALIDA_NO_MAPEADA_NO_EVALUADA,"físicamente válida para CAPEX, pero la interfaz financiera solo consume configuraciones del mapa (configs() de 21); requiere ampliar el mapa (DPV-20-03)"
facon,mixto,compra,facon,mixto,B_refrigerado_congelado,A_externo,FALSE,TRUE,INVALIDA_FISICAMENTE,reproductoras propias requieren incubación propia (arquitectura futura)
facon,mixto,compra,facon,mixto,B_refrigerado_congelado,A_externo,TRUE,FALSE,INVALIDA_FISICAMENTE,rendering propio requiere planta de faena propia
facon,mixto,compra,facon,mixto,B_refrigerado_congelado,A_externo,TRUE,TRUE,INVALIDA_FISICAMENTE,reproductoras propias requieren incubación propia (arquitectura futura)
facon,mixto,compra,facon,mixto,B_refrigerado_congelado,B_basico_propio,FALSE,FALSE,VALIDA_NO_MAPEADA_NO_EVALUADA,"físicamente válida para CAPEX, pero la interfaz financiera solo consume configuraciones del mapa (configs() de 21); requiere ampliar el mapa (DPV-20-03)"
facon,mixto,compra,facon,mixto,B_refrigerado_congelado,B_basico_propio,FALSE,TRUE,INVALIDA_FISICAMENTE,reproductoras propias requieren incubación propia (arquitectura futura)
facon,mixto,compra,facon,mixto,B_refrigerado_congelado,B_basico_propio,TRUE,FALSE,INVALIDA_FISICAMENTE,rendering propio requiere planta de faena propia
facon,mixto,compra,facon,mixto,B_refrigerado_congelado,B_basico_propio,TRUE,TRUE,INVALIDA_FISICAMENTE,reproductoras propias requieren incubación propia (arquitectura futura)
facon,mixto,compra,facon,mixto,C_congelado_tercero,A_externo,FALSE,FALSE,VALIDA_NO_MAPEADA_NO_EVALUADA,"físicamente válida para CAPEX, pero la interfaz financiera solo consume configuraciones del mapa (configs() de 21); requiere ampliar el mapa (DPV-20-03)"
facon,mixto,compra,facon,mixto,C_congelado_tercero,A_externo,FALSE,TRUE,INVALIDA_FISICAMENTE,reproductoras propias requieren incubación propia (arquitectura futura)
facon,mixto,compra,facon,mixto,C_congelado_tercero,A_externo,TRUE,FALSE,INVALIDA_FISICAMENTE,rendering propio requiere planta de faena propia
facon,mixto,compra,facon,mixto,C_congelado_tercero,A_externo,TRUE,TRUE,INVALIDA_FISICAMENTE,reproductoras propias requieren incubación propia (arquitectura futura)
facon,mixto,compra,facon,mixto,C_congelado_tercero,B_basico_propio,FALSE,FALSE,VALIDA_NO_MAPEADA_NO_EVALUADA,"físicamente válida para CAPEX, pero la interfaz financiera solo consume configuraciones del mapa (configs() de 21); requiere ampliar el mapa (DPV-20-03)"
facon,mixto,compra,facon,mixto,C_congelado_tercero,B_basico_propio,FALSE,TRUE,INVALIDA_FISICAMENTE,reproductoras propias requieren incubación propia (arquitectura futura)
facon,mixto,compra,facon,mixto,C_congelado_tercero,B_basico_propio,TRUE,FALSE,INVALIDA_FISICAMENTE,rendering propio requiere planta de faena propia
facon,mixto,compra,facon,mixto,C_congelado_tercero,B_basico_propio,TRUE,TRUE,INVALIDA_FISICAMENTE,reproductoras propias requieren incubación propia (arquitectura futura)
facon,mixto,compra,propia,tercero,A_refrigerado,A_externo,FALSE,FALSE,VALIDA_NO_MAPEADA_NO_EVALUADA,"físicamente válida para CAPEX, pero la interfaz financiera solo consume configuraciones del mapa (configs() de 21); requiere ampliar el mapa (DPV-20-03)"
facon,mixto,compra,propia,tercero,A_refrigerado,A_externo,FALSE,TRUE,INVALIDA_FISICAMENTE,reproductoras propias requieren incubación propia (arquitectura futura)
facon,mixto,compra,propia,tercero,A_refrigerado,A_externo,TRUE,FALSE,INVALIDA_FISICAMENTE,rendering propio requiere planta de faena propia
facon,mixto,compra,propia,tercero,A_refrigerado,A_externo,TRUE,TRUE,INVALIDA_FISICAMENTE,reproductoras propias requieren incubación propia (arquitectura futura)
facon,mixto,compra,propia,tercero,A_refrigerado,B_basico_propio,FALSE,FALSE,VALIDA_NO_MAPEADA_NO_EVALUADA,"físicamente válida para CAPEX, pero la interfaz financiera solo consume configuraciones del mapa (configs() de 21); requiere ampliar el mapa (DPV-20-03)"
facon,mixto,compra,propia,tercero,A_refrigerado,B_basico_propio,FALSE,TRUE,INVALIDA_FISICAMENTE,reproductoras propias requieren incubación propia (arquitectura futura)
facon,mixto,compra,propia,tercero,A_refrigerado,B_basico_propio,TRUE,FALSE,INVALIDA_FISICAMENTE,rendering propio requiere planta de faena propia
facon,mixto,compra,propia,tercero,A_refrigerado,B_basico_propio,TRUE,TRUE,INVALIDA_FISICAMENTE,reproductoras propias requieren incubación propia (arquitectura futura)
facon,mixto,compra,propia,tercero,B_refrigerado_congelado,A_externo,FALSE,FALSE,VALIDA_NO_MAPEADA_NO_EVALUADA,"físicamente válida para CAPEX, pero la interfaz financiera solo consume configuraciones del mapa (configs() de 21); requiere ampliar el mapa (DPV-20-03)"
facon,mixto,compra,propia,tercero,B_refrigerado_congelado,A_externo,FALSE,TRUE,INVALIDA_FISICAMENTE,reproductoras propias requieren incubación propia (arquitectura futura)
facon,mixto,compra,propia,tercero,B_refrigerado_congelado,A_externo,TRUE,FALSE,INVALIDA_FISICAMENTE,rendering propio requiere planta de faena propia
facon,mixto,compra,propia,tercero,B_refrigerado_congelado,A_externo,TRUE,TRUE,INVALIDA_FISICAMENTE,reproductoras propias requieren incubación propia (arquitectura futura)
facon,mixto,compra,propia,tercero,B_refrigerado_congelado,B_basico_propio,FALSE,FALSE,VALIDA_NO_MAPEADA_NO_EVALUADA,"físicamente válida para CAPEX, pero la interfaz financiera solo consume configuraciones del mapa (configs() de 21); requiere ampliar el mapa (DPV-20-03)"
facon,mixto,compra,propia,tercero,B_refrigerado_congelado,B_basico_propio,FALSE,TRUE,INVALIDA_FISICAMENTE,reproductoras propias requieren incubación propia (arquitectura futura)
facon,mixto,compra,propia,tercero,B_refrigerado_congelado,B_basico_propio,TRUE,FALSE,INVALIDA_FISICAMENTE,rendering propio requiere planta de faena propia
facon,mixto,compra,propia,tercero,B_refrigerado_congelado,B_basico_propio,TRUE,TRUE,INVALIDA_FISICAMENTE,reproductoras propias requieren incubación propia (arquitectura futura)
facon,mixto,compra,propia,tercero,C_congelado_tercero,A_externo,FALSE,FALSE,VALIDA_NO_MAPEADA_NO_EVALUADA,"físicamente válida para CAPEX, pero la interfaz financiera solo consume configuraciones del mapa (configs() de 21); requiere ampliar el mapa (DPV-20-03)"
facon,mixto,compra,propia,tercero,C_congelado_tercero,A_externo,FALSE,TRUE,INVALIDA_FISICAMENTE,reproductoras propias requieren incubación propia (arquitectura futura)
facon,mixto,compra,propia,tercero,C_congelado_tercero,A_externo,TRUE,FALSE,INVALIDA_FISICAMENTE,rendering propio requiere planta de faena propia
facon,mixto,compra,propia,tercero,C_congelado_tercero,A_externo,TRUE,TRUE,INVALIDA_FISICAMENTE,reproductoras propias requieren incubación propia (arquitectura futura)
facon,mixto,compra,propia,tercero,C_congelado_tercero,B_basico_propio,FALSE,FALSE,VALIDA_NO_MAPEADA_NO_EVALUADA,"físicamente válida para CAPEX, pero la interfaz financiera solo consume configuraciones del mapa (configs() de 21); requiere ampliar el mapa (DPV-20-03)"
facon,mixto,compra,propia,tercero,C_congelado_tercero,B_basico_propio,FALSE,TRUE,INVALIDA_FISICAMENTE,reproductoras propias requieren incubación propia (arquitectura futura)
facon,mixto,compra,propia,tercero,C_congelado_tercero,B_basico_propio,TRUE,FALSE,INVALIDA_FISICAMENTE,rendering propio requiere planta de faena propia
facon,mixto,compra,propia,tercero,C_congelado_tercero,B_basico_propio,TRUE,TRUE,INVALIDA_FISICAMENTE,reproductoras propias requieren incubación propia (arquitectura futura)
facon,mixto,compra,propia,propia,A_refrigerado,A_externo,FALSE,FALSE,VALIDA_NO_MAPEADA_NO_EVALUADA,"físicamente válida para CAPEX, pero la interfaz financiera solo consume configuraciones del mapa (configs() de 21); requiere ampliar el mapa (DPV-20-03)"
facon,mixto,compra,propia,propia,A_refrigerado,A_externo,FALSE,TRUE,INVALIDA_FISICAMENTE,reproductoras propias requieren incubación propia (arquitectura futura)
facon,mixto,compra,propia,propia,A_refrigerado,A_externo,TRUE,FALSE,INVALIDA_FISICAMENTE,rendering propio requiere planta de faena propia
facon,mixto,compra,propia,propia,A_refrigerado,A_externo,TRUE,TRUE,INVALIDA_FISICAMENTE,reproductoras propias requieren incubación propia (arquitectura futura)
facon,mixto,compra,propia,propia,A_refrigerado,B_basico_propio,FALSE,FALSE,VALIDA_NO_MAPEADA_NO_EVALUADA,"físicamente válida para CAPEX, pero la interfaz financiera solo consume configuraciones del mapa (configs() de 21); requiere ampliar el mapa (DPV-20-03)"
facon,mixto,compra,propia,propia,A_refrigerado,B_basico_propio,FALSE,TRUE,INVALIDA_FISICAMENTE,reproductoras propias requieren incubación propia (arquitectura futura)
facon,mixto,compra,propia,propia,A_refrigerado,B_basico_propio,TRUE,FALSE,INVALIDA_FISICAMENTE,rendering propio requiere planta de faena propia
facon,mixto,compra,propia,propia,A_refrigerado,B_basico_propio,TRUE,TRUE,INVALIDA_FISICAMENTE,reproductoras propias requieren incubación propia (arquitectura futura)
facon,mixto,compra,propia,propia,B_refrigerado_congelado,A_externo,FALSE,FALSE,VALIDA_NO_MAPEADA_NO_EVALUADA,"físicamente válida para CAPEX, pero la interfaz financiera solo consume configuraciones del mapa (configs() de 21); requiere ampliar el mapa (DPV-20-03)"
facon,mixto,compra,propia,propia,B_refrigerado_congelado,A_externo,FALSE,TRUE,INVALIDA_FISICAMENTE,reproductoras propias requieren incubación propia (arquitectura futura)
facon,mixto,compra,propia,propia,B_refrigerado_congelado,A_externo,TRUE,FALSE,INVALIDA_FISICAMENTE,rendering propio requiere planta de faena propia
facon,mixto,compra,propia,propia,B_refrigerado_congelado,A_externo,TRUE,TRUE,INVALIDA_FISICAMENTE,reproductoras propias requieren incubación propia (arquitectura futura)
facon,mixto,compra,propia,propia,B_refrigerado_congelado,B_basico_propio,FALSE,FALSE,VALIDA_NO_MAPEADA_NO_EVALUADA,"físicamente válida para CAPEX, pero la interfaz financiera solo consume configuraciones del mapa (configs() de 21); requiere ampliar el mapa (DPV-20-03)"
facon,mixto,compra,propia,propia,B_refrigerado_congelado,B_basico_propio,FALSE,TRUE,INVALIDA_FISICAMENTE,reproductoras propias requieren incubación propia (arquitectura futura)
facon,mixto,compra,propia,propia,B_refrigerado_congelado,B_basico_propio,TRUE,FALSE,INVALIDA_FISICAMENTE,rendering propio requiere planta de faena propia
facon,mixto,compra,propia,propia,B_refrigerado_congelado,B_basico_propio,TRUE,TRUE,INVALIDA_FISICAMENTE,reproductoras propias requieren incubación propia (arquitectura futura)
facon,mixto,compra,propia,propia,C_congelado_tercero,A_externo,FALSE,FALSE,VALIDA_NO_MAPEADA_NO_EVALUADA,"físicamente válida para CAPEX, pero la interfaz financiera solo consume configuraciones del mapa (configs() de 21); requiere ampliar el mapa (DPV-20-03)"
facon,mixto,compra,propia,propia,C_congelado_tercero,A_externo,FALSE,TRUE,INVALIDA_FISICAMENTE,reproductoras propias requieren incubación propia (arquitectura futura)
facon,mixto,compra,propia,propia,C_congelado_tercero,A_externo,TRUE,FALSE,INVALIDA_FISICAMENTE,rendering propio requiere planta de faena propia
facon,mixto,compra,propia,propia,C_congelado_tercero,A_externo,TRUE,TRUE,INVALIDA_FISICAMENTE,reproductoras propias requieren incubación propia (arquitectura futura)
facon,mixto,compra,propia,propia,C_congelado_tercero,B_basico_propio,FALSE,FALSE,VALIDA_NO_MAPEADA_NO_EVALUADA,"físicamente válida para CAPEX, pero la interfaz financiera solo consume configuraciones del mapa (configs() de 21); requiere ampliar el mapa (DPV-20-03)"
facon,mixto,compra,propia,propia,C_congelado_tercero,B_basico_propio,FALSE,TRUE,INVALIDA_FISICAMENTE,reproductoras propias requieren incubación propia (arquitectura futura)
facon,mixto,compra,propia,propia,C_congelado_tercero,B_basico_propio,TRUE,FALSE,INVALIDA_FISICAMENTE,rendering propio requiere planta de faena propia
facon,mixto,compra,propia,propia,C_congelado_tercero,B_basico_propio,TRUE,TRUE,INVALIDA_FISICAMENTE,reproductoras propias requieren incubación propia (arquitectura futura)
facon,mixto,compra,propia,mixto,A_refrigerado,A_externo,FALSE,FALSE,VALIDA_NO_MAPEADA_NO_EVALUADA,"físicamente válida para CAPEX, pero la interfaz financiera solo consume configuraciones del mapa (configs() de 21); requiere ampliar el mapa (DPV-20-03)"
facon,mixto,compra,propia,mixto,A_refrigerado,A_externo,FALSE,TRUE,INVALIDA_FISICAMENTE,reproductoras propias requieren incubación propia (arquitectura futura)
facon,mixto,compra,propia,mixto,A_refrigerado,A_externo,TRUE,FALSE,INVALIDA_FISICAMENTE,rendering propio requiere planta de faena propia
facon,mixto,compra,propia,mixto,A_refrigerado,A_externo,TRUE,TRUE,INVALIDA_FISICAMENTE,reproductoras propias requieren incubación propia (arquitectura futura)
facon,mixto,compra,propia,mixto,A_refrigerado,B_basico_propio,FALSE,FALSE,VALIDA_NO_MAPEADA_NO_EVALUADA,"físicamente válida para CAPEX, pero la interfaz financiera solo consume configuraciones del mapa (configs() de 21); requiere ampliar el mapa (DPV-20-03)"
facon,mixto,compra,propia,mixto,A_refrigerado,B_basico_propio,FALSE,TRUE,INVALIDA_FISICAMENTE,reproductoras propias requieren incubación propia (arquitectura futura)
facon,mixto,compra,propia,mixto,A_refrigerado,B_basico_propio,TRUE,FALSE,INVALIDA_FISICAMENTE,rendering propio requiere planta de faena propia
facon,mixto,compra,propia,mixto,A_refrigerado,B_basico_propio,TRUE,TRUE,INVALIDA_FISICAMENTE,reproductoras propias requieren incubación propia (arquitectura futura)
facon,mixto,compra,propia,mixto,B_refrigerado_congelado,A_externo,FALSE,FALSE,VALIDA_NO_MAPEADA_NO_EVALUADA,"físicamente válida para CAPEX, pero la interfaz financiera solo consume configuraciones del mapa (configs() de 21); requiere ampliar el mapa (DPV-20-03)"
facon,mixto,compra,propia,mixto,B_refrigerado_congelado,A_externo,FALSE,TRUE,INVALIDA_FISICAMENTE,reproductoras propias requieren incubación propia (arquitectura futura)
facon,mixto,compra,propia,mixto,B_refrigerado_congelado,A_externo,TRUE,FALSE,INVALIDA_FISICAMENTE,rendering propio requiere planta de faena propia
facon,mixto,compra,propia,mixto,B_refrigerado_congelado,A_externo,TRUE,TRUE,INVALIDA_FISICAMENTE,reproductoras propias requieren incubación propia (arquitectura futura)
facon,mixto,compra,propia,mixto,B_refrigerado_congelado,B_basico_propio,FALSE,FALSE,VALIDA_NO_MAPEADA_NO_EVALUADA,"físicamente válida para CAPEX, pero la interfaz financiera solo consume configuraciones del mapa (configs() de 21); requiere ampliar el mapa (DPV-20-03)"
facon,mixto,compra,propia,mixto,B_refrigerado_congelado,B_basico_propio,FALSE,TRUE,INVALIDA_FISICAMENTE,reproductoras propias requieren incubación propia (arquitectura futura)
facon,mixto,compra,propia,mixto,B_refrigerado_congelado,B_basico_propio,TRUE,FALSE,INVALIDA_FISICAMENTE,rendering propio requiere planta de faena propia
facon,mixto,compra,propia,mixto,B_refrigerado_congelado,B_basico_propio,TRUE,TRUE,INVALIDA_FISICAMENTE,reproductoras propias requieren incubación propia (arquitectura futura)
facon,mixto,compra,propia,mixto,C_congelado_tercero,A_externo,FALSE,FALSE,VALIDA_NO_MAPEADA_NO_EVALUADA,"físicamente válida para CAPEX, pero la interfaz financiera solo consume configuraciones del mapa (configs() de 21); requiere ampliar el mapa (DPV-20-03)"
facon,mixto,compra,propia,mixto,C_congelado_tercero,A_externo,FALSE,TRUE,INVALIDA_FISICAMENTE,reproductoras propias requieren incubación propia (arquitectura futura)
facon,mixto,compra,propia,mixto,C_congelado_tercero,A_externo,TRUE,FALSE,INVALIDA_FISICAMENTE,rendering propio requiere planta de faena propia
facon,mixto,compra,propia,mixto,C_congelado_tercero,A_externo,TRUE,TRUE,INVALIDA_FISICAMENTE,reproductoras propias requieren incubación propia (arquitectura futura)
facon,mixto,compra,propia,mixto,C_congelado_tercero,B_basico_propio,FALSE,FALSE,VALIDA_NO_MAPEADA_NO_EVALUADA,"físicamente válida para CAPEX, pero la interfaz financiera solo consume configuraciones del mapa (configs() de 21); requiere ampliar el mapa (DPV-20-03)"
facon,mixto,compra,propia,mixto,C_congelado_tercero,B_basico_propio,FALSE,TRUE,INVALIDA_FISICAMENTE,reproductoras propias requieren incubación propia (arquitectura futura)
facon,mixto,compra,propia,mixto,C_congelado_tercero,B_basico_propio,TRUE,FALSE,INVALIDA_FISICAMENTE,rendering propio requiere planta de faena propia
facon,mixto,compra,propia,mixto,C_congelado_tercero,B_basico_propio,TRUE,TRUE,INVALIDA_FISICAMENTE,reproductoras propias requieren incubación propia (arquitectura futura)
facon,mixto,incubacion,compra,tercero,A_refrigerado,A_externo,FALSE,FALSE,VALIDA_NO_MAPEADA_NO_EVALUADA,"físicamente válida para CAPEX, pero la interfaz financiera solo consume configuraciones del mapa (configs() de 21); requiere ampliar el mapa (DPV-20-03)"
facon,mixto,incubacion,compra,tercero,A_refrigerado,A_externo,FALSE,TRUE,VALIDA_NO_MAPEADA_NO_EVALUADA,"físicamente válida para CAPEX, pero la interfaz financiera solo consume configuraciones del mapa (configs() de 21); requiere ampliar el mapa (DPV-20-03)"
facon,mixto,incubacion,compra,tercero,A_refrigerado,A_externo,TRUE,FALSE,INVALIDA_FISICAMENTE,rendering propio requiere planta de faena propia
facon,mixto,incubacion,compra,tercero,A_refrigerado,A_externo,TRUE,TRUE,INVALIDA_FISICAMENTE,rendering propio requiere planta de faena propia
facon,mixto,incubacion,compra,tercero,A_refrigerado,B_basico_propio,FALSE,FALSE,VALIDA_NO_MAPEADA_NO_EVALUADA,"físicamente válida para CAPEX, pero la interfaz financiera solo consume configuraciones del mapa (configs() de 21); requiere ampliar el mapa (DPV-20-03)"
facon,mixto,incubacion,compra,tercero,A_refrigerado,B_basico_propio,FALSE,TRUE,VALIDA_NO_MAPEADA_NO_EVALUADA,"físicamente válida para CAPEX, pero la interfaz financiera solo consume configuraciones del mapa (configs() de 21); requiere ampliar el mapa (DPV-20-03)"
facon,mixto,incubacion,compra,tercero,A_refrigerado,B_basico_propio,TRUE,FALSE,INVALIDA_FISICAMENTE,rendering propio requiere planta de faena propia
facon,mixto,incubacion,compra,tercero,A_refrigerado,B_basico_propio,TRUE,TRUE,INVALIDA_FISICAMENTE,rendering propio requiere planta de faena propia
facon,mixto,incubacion,compra,tercero,B_refrigerado_congelado,A_externo,FALSE,FALSE,VALIDA_NO_MAPEADA_NO_EVALUADA,"físicamente válida para CAPEX, pero la interfaz financiera solo consume configuraciones del mapa (configs() de 21); requiere ampliar el mapa (DPV-20-03)"
facon,mixto,incubacion,compra,tercero,B_refrigerado_congelado,A_externo,FALSE,TRUE,VALIDA_NO_MAPEADA_NO_EVALUADA,"físicamente válida para CAPEX, pero la interfaz financiera solo consume configuraciones del mapa (configs() de 21); requiere ampliar el mapa (DPV-20-03)"
facon,mixto,incubacion,compra,tercero,B_refrigerado_congelado,A_externo,TRUE,FALSE,INVALIDA_FISICAMENTE,rendering propio requiere planta de faena propia
facon,mixto,incubacion,compra,tercero,B_refrigerado_congelado,A_externo,TRUE,TRUE,INVALIDA_FISICAMENTE,rendering propio requiere planta de faena propia
facon,mixto,incubacion,compra,tercero,B_refrigerado_congelado,B_basico_propio,FALSE,FALSE,VALIDA_NO_MAPEADA_NO_EVALUADA,"físicamente válida para CAPEX, pero la interfaz financiera solo consume configuraciones del mapa (configs() de 21); requiere ampliar el mapa (DPV-20-03)"
facon,mixto,incubacion,compra,tercero,B_refrigerado_congelado,B_basico_propio,FALSE,TRUE,VALIDA_NO_MAPEADA_NO_EVALUADA,"físicamente válida para CAPEX, pero la interfaz financiera solo consume configuraciones del mapa (configs() de 21); requiere ampliar el mapa (DPV-20-03)"
facon,mixto,incubacion,compra,tercero,B_refrigerado_congelado,B_basico_propio,TRUE,FALSE,INVALIDA_FISICAMENTE,rendering propio requiere planta de faena propia
facon,mixto,incubacion,compra,tercero,B_refrigerado_congelado,B_basico_propio,TRUE,TRUE,INVALIDA_FISICAMENTE,rendering propio requiere planta de faena propia
facon,mixto,incubacion,compra,tercero,C_congelado_tercero,A_externo,FALSE,FALSE,VALIDA_NO_MAPEADA_NO_EVALUADA,"físicamente válida para CAPEX, pero la interfaz financiera solo consume configuraciones del mapa (configs() de 21); requiere ampliar el mapa (DPV-20-03)"
facon,mixto,incubacion,compra,tercero,C_congelado_tercero,A_externo,FALSE,TRUE,VALIDA_NO_MAPEADA_NO_EVALUADA,"físicamente válida para CAPEX, pero la interfaz financiera solo consume configuraciones del mapa (configs() de 21); requiere ampliar el mapa (DPV-20-03)"
facon,mixto,incubacion,compra,tercero,C_congelado_tercero,A_externo,TRUE,FALSE,INVALIDA_FISICAMENTE,rendering propio requiere planta de faena propia
facon,mixto,incubacion,compra,tercero,C_congelado_tercero,A_externo,TRUE,TRUE,INVALIDA_FISICAMENTE,rendering propio requiere planta de faena propia
facon,mixto,incubacion,compra,tercero,C_congelado_tercero,B_basico_propio,FALSE,FALSE,VALIDA_NO_MAPEADA_NO_EVALUADA,"físicamente válida para CAPEX, pero la interfaz financiera solo consume configuraciones del mapa (configs() de 21); requiere ampliar el mapa (DPV-20-03)"
facon,mixto,incubacion,compra,tercero,C_congelado_tercero,B_basico_propio,FALSE,TRUE,VALIDA_NO_MAPEADA_NO_EVALUADA,"físicamente válida para CAPEX, pero la interfaz financiera solo consume configuraciones del mapa (configs() de 21); requiere ampliar el mapa (DPV-20-03)"
facon,mixto,incubacion,compra,tercero,C_congelado_tercero,B_basico_propio,TRUE,FALSE,INVALIDA_FISICAMENTE,rendering propio requiere planta de faena propia
facon,mixto,incubacion,compra,tercero,C_congelado_tercero,B_basico_propio,TRUE,TRUE,INVALIDA_FISICAMENTE,rendering propio requiere planta de faena propia
facon,mixto,incubacion,compra,propia,A_refrigerado,A_externo,FALSE,FALSE,VALIDA_NO_MAPEADA_NO_EVALUADA,"físicamente válida para CAPEX, pero la interfaz financiera solo consume configuraciones del mapa (configs() de 21); requiere ampliar el mapa (DPV-20-03)"
facon,mixto,incubacion,compra,propia,A_refrigerado,A_externo,FALSE,TRUE,VALIDA_NO_MAPEADA_NO_EVALUADA,"físicamente válida para CAPEX, pero la interfaz financiera solo consume configuraciones del mapa (configs() de 21); requiere ampliar el mapa (DPV-20-03)"
facon,mixto,incubacion,compra,propia,A_refrigerado,A_externo,TRUE,FALSE,INVALIDA_FISICAMENTE,rendering propio requiere planta de faena propia
facon,mixto,incubacion,compra,propia,A_refrigerado,A_externo,TRUE,TRUE,INVALIDA_FISICAMENTE,rendering propio requiere planta de faena propia
facon,mixto,incubacion,compra,propia,A_refrigerado,B_basico_propio,FALSE,FALSE,VALIDA_NO_MAPEADA_NO_EVALUADA,"físicamente válida para CAPEX, pero la interfaz financiera solo consume configuraciones del mapa (configs() de 21); requiere ampliar el mapa (DPV-20-03)"
facon,mixto,incubacion,compra,propia,A_refrigerado,B_basico_propio,FALSE,TRUE,VALIDA_NO_MAPEADA_NO_EVALUADA,"físicamente válida para CAPEX, pero la interfaz financiera solo consume configuraciones del mapa (configs() de 21); requiere ampliar el mapa (DPV-20-03)"
facon,mixto,incubacion,compra,propia,A_refrigerado,B_basico_propio,TRUE,FALSE,INVALIDA_FISICAMENTE,rendering propio requiere planta de faena propia
facon,mixto,incubacion,compra,propia,A_refrigerado,B_basico_propio,TRUE,TRUE,INVALIDA_FISICAMENTE,rendering propio requiere planta de faena propia
facon,mixto,incubacion,compra,propia,B_refrigerado_congelado,A_externo,FALSE,FALSE,VALIDA_NO_MAPEADA_NO_EVALUADA,"físicamente válida para CAPEX, pero la interfaz financiera solo consume configuraciones del mapa (configs() de 21); requiere ampliar el mapa (DPV-20-03)"
facon,mixto,incubacion,compra,propia,B_refrigerado_congelado,A_externo,FALSE,TRUE,VALIDA_NO_MAPEADA_NO_EVALUADA,"físicamente válida para CAPEX, pero la interfaz financiera solo consume configuraciones del mapa (configs() de 21); requiere ampliar el mapa (DPV-20-03)"
facon,mixto,incubacion,compra,propia,B_refrigerado_congelado,A_externo,TRUE,FALSE,INVALIDA_FISICAMENTE,rendering propio requiere planta de faena propia
facon,mixto,incubacion,compra,propia,B_refrigerado_congelado,A_externo,TRUE,TRUE,INVALIDA_FISICAMENTE,rendering propio requiere planta de faena propia
facon,mixto,incubacion,compra,propia,B_refrigerado_congelado,B_basico_propio,FALSE,FALSE,VALIDA_NO_MAPEADA_NO_EVALUADA,"físicamente válida para CAPEX, pero la interfaz financiera solo consume configuraciones del mapa (configs() de 21); requiere ampliar el mapa (DPV-20-03)"
facon,mixto,incubacion,compra,propia,B_refrigerado_congelado,B_basico_propio,FALSE,TRUE,VALIDA_NO_MAPEADA_NO_EVALUADA,"físicamente válida para CAPEX, pero la interfaz financiera solo consume configuraciones del mapa (configs() de 21); requiere ampliar el mapa (DPV-20-03)"
facon,mixto,incubacion,compra,propia,B_refrigerado_congelado,B_basico_propio,TRUE,FALSE,INVALIDA_FISICAMENTE,rendering propio requiere planta de faena propia
facon,mixto,incubacion,compra,propia,B_refrigerado_congelado,B_basico_propio,TRUE,TRUE,INVALIDA_FISICAMENTE,rendering propio requiere planta de faena propia
facon,mixto,incubacion,compra,propia,C_congelado_tercero,A_externo,FALSE,FALSE,VALIDA_NO_MAPEADA_NO_EVALUADA,"físicamente válida para CAPEX, pero la interfaz financiera solo consume configuraciones del mapa (configs() de 21); requiere ampliar el mapa (DPV-20-03)"
facon,mixto,incubacion,compra,propia,C_congelado_tercero,A_externo,FALSE,TRUE,VALIDA_NO_MAPEADA_NO_EVALUADA,"físicamente válida para CAPEX, pero la interfaz financiera solo consume configuraciones del mapa (configs() de 21); requiere ampliar el mapa (DPV-20-03)"
facon,mixto,incubacion,compra,propia,C_congelado_tercero,A_externo,TRUE,FALSE,INVALIDA_FISICAMENTE,rendering propio requiere planta de faena propia
facon,mixto,incubacion,compra,propia,C_congelado_tercero,A_externo,TRUE,TRUE,INVALIDA_FISICAMENTE,rendering propio requiere planta de faena propia
facon,mixto,incubacion,compra,propia,C_congelado_tercero,B_basico_propio,FALSE,FALSE,VALIDA_NO_MAPEADA_NO_EVALUADA,"físicamente válida para CAPEX, pero la interfaz financiera solo consume configuraciones del mapa (configs() de 21); requiere ampliar el mapa (DPV-20-03)"
facon,mixto,incubacion,compra,propia,C_congelado_tercero,B_basico_propio,FALSE,TRUE,VALIDA_NO_MAPEADA_NO_EVALUADA,"físicamente válida para CAPEX, pero la interfaz financiera solo consume configuraciones del mapa (configs() de 21); requiere ampliar el mapa (DPV-20-03)"
facon,mixto,incubacion,compra,propia,C_congelado_tercero,B_basico_propio,TRUE,FALSE,INVALIDA_FISICAMENTE,rendering propio requiere planta de faena propia
facon,mixto,incubacion,compra,propia,C_congelado_tercero,B_basico_propio,TRUE,TRUE,INVALIDA_FISICAMENTE,rendering propio requiere planta de faena propia
facon,mixto,incubacion,compra,mixto,A_refrigerado,A_externo,FALSE,FALSE,VALIDA_NO_MAPEADA_NO_EVALUADA,"físicamente válida para CAPEX, pero la interfaz financiera solo consume configuraciones del mapa (configs() de 21); requiere ampliar el mapa (DPV-20-03)"
facon,mixto,incubacion,compra,mixto,A_refrigerado,A_externo,FALSE,TRUE,VALIDA_NO_MAPEADA_NO_EVALUADA,"físicamente válida para CAPEX, pero la interfaz financiera solo consume configuraciones del mapa (configs() de 21); requiere ampliar el mapa (DPV-20-03)"
facon,mixto,incubacion,compra,mixto,A_refrigerado,A_externo,TRUE,FALSE,INVALIDA_FISICAMENTE,rendering propio requiere planta de faena propia
facon,mixto,incubacion,compra,mixto,A_refrigerado,A_externo,TRUE,TRUE,INVALIDA_FISICAMENTE,rendering propio requiere planta de faena propia
facon,mixto,incubacion,compra,mixto,A_refrigerado,B_basico_propio,FALSE,FALSE,VALIDA_NO_MAPEADA_NO_EVALUADA,"físicamente válida para CAPEX, pero la interfaz financiera solo consume configuraciones del mapa (configs() de 21); requiere ampliar el mapa (DPV-20-03)"
facon,mixto,incubacion,compra,mixto,A_refrigerado,B_basico_propio,FALSE,TRUE,VALIDA_NO_MAPEADA_NO_EVALUADA,"físicamente válida para CAPEX, pero la interfaz financiera solo consume configuraciones del mapa (configs() de 21); requiere ampliar el mapa (DPV-20-03)"
facon,mixto,incubacion,compra,mixto,A_refrigerado,B_basico_propio,TRUE,FALSE,INVALIDA_FISICAMENTE,rendering propio requiere planta de faena propia
facon,mixto,incubacion,compra,mixto,A_refrigerado,B_basico_propio,TRUE,TRUE,INVALIDA_FISICAMENTE,rendering propio requiere planta de faena propia
facon,mixto,incubacion,compra,mixto,B_refrigerado_congelado,A_externo,FALSE,FALSE,VALIDA_NO_MAPEADA_NO_EVALUADA,"físicamente válida para CAPEX, pero la interfaz financiera solo consume configuraciones del mapa (configs() de 21); requiere ampliar el mapa (DPV-20-03)"
facon,mixto,incubacion,compra,mixto,B_refrigerado_congelado,A_externo,FALSE,TRUE,VALIDA_NO_MAPEADA_NO_EVALUADA,"físicamente válida para CAPEX, pero la interfaz financiera solo consume configuraciones del mapa (configs() de 21); requiere ampliar el mapa (DPV-20-03)"
facon,mixto,incubacion,compra,mixto,B_refrigerado_congelado,A_externo,TRUE,FALSE,INVALIDA_FISICAMENTE,rendering propio requiere planta de faena propia
facon,mixto,incubacion,compra,mixto,B_refrigerado_congelado,A_externo,TRUE,TRUE,INVALIDA_FISICAMENTE,rendering propio requiere planta de faena propia
facon,mixto,incubacion,compra,mixto,B_refrigerado_congelado,B_basico_propio,FALSE,FALSE,VALIDA_NO_MAPEADA_NO_EVALUADA,"físicamente válida para CAPEX, pero la interfaz financiera solo consume configuraciones del mapa (configs() de 21); requiere ampliar el mapa (DPV-20-03)"
facon,mixto,incubacion,compra,mixto,B_refrigerado_congelado,B_basico_propio,FALSE,TRUE,VALIDA_NO_MAPEADA_NO_EVALUADA,"físicamente válida para CAPEX, pero la interfaz financiera solo consume configuraciones del mapa (configs() de 21); requiere ampliar el mapa (DPV-20-03)"
facon,mixto,incubacion,compra,mixto,B_refrigerado_congelado,B_basico_propio,TRUE,FALSE,INVALIDA_FISICAMENTE,rendering propio requiere planta de faena propia
facon,mixto,incubacion,compra,mixto,B_refrigerado_congelado,B_basico_propio,TRUE,TRUE,INVALIDA_FISICAMENTE,rendering propio requiere planta de faena propia
facon,mixto,incubacion,compra,mixto,C_congelado_tercero,A_externo,FALSE,FALSE,VALIDA_NO_MAPEADA_NO_EVALUADA,"físicamente válida para CAPEX, pero la interfaz financiera solo consume configuraciones del mapa (configs() de 21); requiere ampliar el mapa (DPV-20-03)"
facon,mixto,incubacion,compra,mixto,C_congelado_tercero,A_externo,FALSE,TRUE,VALIDA_NO_MAPEADA_NO_EVALUADA,"físicamente válida para CAPEX, pero la interfaz financiera solo consume configuraciones del mapa (configs() de 21); requiere ampliar el mapa (DPV-20-03)"
facon,mixto,incubacion,compra,mixto,C_congelado_tercero,A_externo,TRUE,FALSE,INVALIDA_FISICAMENTE,rendering propio requiere planta de faena propia
facon,mixto,incubacion,compra,mixto,C_congelado_tercero,A_externo,TRUE,TRUE,INVALIDA_FISICAMENTE,rendering propio requiere planta de faena propia
facon,mixto,incubacion,compra,mixto,C_congelado_tercero,B_basico_propio,FALSE,FALSE,VALIDA_NO_MAPEADA_NO_EVALUADA,"físicamente válida para CAPEX, pero la interfaz financiera solo consume configuraciones del mapa (configs() de 21); requiere ampliar el mapa (DPV-20-03)"
facon,mixto,incubacion,compra,mixto,C_congelado_tercero,B_basico_propio,FALSE,TRUE,VALIDA_NO_MAPEADA_NO_EVALUADA,"físicamente válida para CAPEX, pero la interfaz financiera solo consume configuraciones del mapa (configs() de 21); requiere ampliar el mapa (DPV-20-03)"
facon,mixto,incubacion,compra,mixto,C_congelado_tercero,B_basico_propio,TRUE,FALSE,INVALIDA_FISICAMENTE,rendering propio requiere planta de faena propia
facon,mixto,incubacion,compra,mixto,C_congelado_tercero,B_basico_propio,TRUE,TRUE,INVALIDA_FISICAMENTE,rendering propio requiere planta de faena propia
facon,mixto,incubacion,facon,tercero,A_refrigerado,A_externo,FALSE,FALSE,VALIDA_NO_MAPEADA_NO_EVALUADA,"físicamente válida para CAPEX, pero la interfaz financiera solo consume configuraciones del mapa (configs() de 21); requiere ampliar el mapa (DPV-20-03)"
facon,mixto,incubacion,facon,tercero,A_refrigerado,A_externo,FALSE,TRUE,VALIDA_NO_MAPEADA_NO_EVALUADA,"físicamente válida para CAPEX, pero la interfaz financiera solo consume configuraciones del mapa (configs() de 21); requiere ampliar el mapa (DPV-20-03)"
facon,mixto,incubacion,facon,tercero,A_refrigerado,A_externo,TRUE,FALSE,INVALIDA_FISICAMENTE,rendering propio requiere planta de faena propia
facon,mixto,incubacion,facon,tercero,A_refrigerado,A_externo,TRUE,TRUE,INVALIDA_FISICAMENTE,rendering propio requiere planta de faena propia
facon,mixto,incubacion,facon,tercero,A_refrigerado,B_basico_propio,FALSE,FALSE,VALIDA_NO_MAPEADA_NO_EVALUADA,"físicamente válida para CAPEX, pero la interfaz financiera solo consume configuraciones del mapa (configs() de 21); requiere ampliar el mapa (DPV-20-03)"
facon,mixto,incubacion,facon,tercero,A_refrigerado,B_basico_propio,FALSE,TRUE,VALIDA_NO_MAPEADA_NO_EVALUADA,"físicamente válida para CAPEX, pero la interfaz financiera solo consume configuraciones del mapa (configs() de 21); requiere ampliar el mapa (DPV-20-03)"
facon,mixto,incubacion,facon,tercero,A_refrigerado,B_basico_propio,TRUE,FALSE,INVALIDA_FISICAMENTE,rendering propio requiere planta de faena propia
facon,mixto,incubacion,facon,tercero,A_refrigerado,B_basico_propio,TRUE,TRUE,INVALIDA_FISICAMENTE,rendering propio requiere planta de faena propia
facon,mixto,incubacion,facon,tercero,B_refrigerado_congelado,A_externo,FALSE,FALSE,VALIDA_NO_MAPEADA_NO_EVALUADA,"físicamente válida para CAPEX, pero la interfaz financiera solo consume configuraciones del mapa (configs() de 21); requiere ampliar el mapa (DPV-20-03)"
facon,mixto,incubacion,facon,tercero,B_refrigerado_congelado,A_externo,FALSE,TRUE,VALIDA_NO_MAPEADA_NO_EVALUADA,"físicamente válida para CAPEX, pero la interfaz financiera solo consume configuraciones del mapa (configs() de 21); requiere ampliar el mapa (DPV-20-03)"
facon,mixto,incubacion,facon,tercero,B_refrigerado_congelado,A_externo,TRUE,FALSE,INVALIDA_FISICAMENTE,rendering propio requiere planta de faena propia
facon,mixto,incubacion,facon,tercero,B_refrigerado_congelado,A_externo,TRUE,TRUE,INVALIDA_FISICAMENTE,rendering propio requiere planta de faena propia
facon,mixto,incubacion,facon,tercero,B_refrigerado_congelado,B_basico_propio,FALSE,FALSE,VALIDA_NO_MAPEADA_NO_EVALUADA,"físicamente válida para CAPEX, pero la interfaz financiera solo consume configuraciones del mapa (configs() de 21); requiere ampliar el mapa (DPV-20-03)"
facon,mixto,incubacion,facon,tercero,B_refrigerado_congelado,B_basico_propio,FALSE,TRUE,VALIDA_NO_MAPEADA_NO_EVALUADA,"físicamente válida para CAPEX, pero la interfaz financiera solo consume configuraciones del mapa (configs() de 21); requiere ampliar el mapa (DPV-20-03)"
facon,mixto,incubacion,facon,tercero,B_refrigerado_congelado,B_basico_propio,TRUE,FALSE,INVALIDA_FISICAMENTE,rendering propio requiere planta de faena propia
facon,mixto,incubacion,facon,tercero,B_refrigerado_congelado,B_basico_propio,TRUE,TRUE,INVALIDA_FISICAMENTE,rendering propio requiere planta de faena propia
facon,mixto,incubacion,facon,tercero,C_congelado_tercero,A_externo,FALSE,FALSE,VALIDA_NO_MAPEADA_NO_EVALUADA,"físicamente válida para CAPEX, pero la interfaz financiera solo consume configuraciones del mapa (configs() de 21); requiere ampliar el mapa (DPV-20-03)"
facon,mixto,incubacion,facon,tercero,C_congelado_tercero,A_externo,FALSE,TRUE,VALIDA_NO_MAPEADA_NO_EVALUADA,"físicamente válida para CAPEX, pero la interfaz financiera solo consume configuraciones del mapa (configs() de 21); requiere ampliar el mapa (DPV-20-03)"
facon,mixto,incubacion,facon,tercero,C_congelado_tercero,A_externo,TRUE,FALSE,INVALIDA_FISICAMENTE,rendering propio requiere planta de faena propia
facon,mixto,incubacion,facon,tercero,C_congelado_tercero,A_externo,TRUE,TRUE,INVALIDA_FISICAMENTE,rendering propio requiere planta de faena propia
facon,mixto,incubacion,facon,tercero,C_congelado_tercero,B_basico_propio,FALSE,FALSE,VALIDA_NO_MAPEADA_NO_EVALUADA,"físicamente válida para CAPEX, pero la interfaz financiera solo consume configuraciones del mapa (configs() de 21); requiere ampliar el mapa (DPV-20-03)"
facon,mixto,incubacion,facon,tercero,C_congelado_tercero,B_basico_propio,FALSE,TRUE,VALIDA_NO_MAPEADA_NO_EVALUADA,"físicamente válida para CAPEX, pero la interfaz financiera solo consume configuraciones del mapa (configs() de 21); requiere ampliar el mapa (DPV-20-03)"
facon,mixto,incubacion,facon,tercero,C_congelado_tercero,B_basico_propio,TRUE,FALSE,INVALIDA_FISICAMENTE,rendering propio requiere planta de faena propia
facon,mixto,incubacion,facon,tercero,C_congelado_tercero,B_basico_propio,TRUE,TRUE,INVALIDA_FISICAMENTE,rendering propio requiere planta de faena propia
facon,mixto,incubacion,facon,propia,A_refrigerado,A_externo,FALSE,FALSE,VALIDA_NO_MAPEADA_NO_EVALUADA,"físicamente válida para CAPEX, pero la interfaz financiera solo consume configuraciones del mapa (configs() de 21); requiere ampliar el mapa (DPV-20-03)"
facon,mixto,incubacion,facon,propia,A_refrigerado,A_externo,FALSE,TRUE,VALIDA_NO_MAPEADA_NO_EVALUADA,"físicamente válida para CAPEX, pero la interfaz financiera solo consume configuraciones del mapa (configs() de 21); requiere ampliar el mapa (DPV-20-03)"
facon,mixto,incubacion,facon,propia,A_refrigerado,A_externo,TRUE,FALSE,INVALIDA_FISICAMENTE,rendering propio requiere planta de faena propia
facon,mixto,incubacion,facon,propia,A_refrigerado,A_externo,TRUE,TRUE,INVALIDA_FISICAMENTE,rendering propio requiere planta de faena propia
facon,mixto,incubacion,facon,propia,A_refrigerado,B_basico_propio,FALSE,FALSE,VALIDA_NO_MAPEADA_NO_EVALUADA,"físicamente válida para CAPEX, pero la interfaz financiera solo consume configuraciones del mapa (configs() de 21); requiere ampliar el mapa (DPV-20-03)"
facon,mixto,incubacion,facon,propia,A_refrigerado,B_basico_propio,FALSE,TRUE,VALIDA_NO_MAPEADA_NO_EVALUADA,"físicamente válida para CAPEX, pero la interfaz financiera solo consume configuraciones del mapa (configs() de 21); requiere ampliar el mapa (DPV-20-03)"
facon,mixto,incubacion,facon,propia,A_refrigerado,B_basico_propio,TRUE,FALSE,INVALIDA_FISICAMENTE,rendering propio requiere planta de faena propia
facon,mixto,incubacion,facon,propia,A_refrigerado,B_basico_propio,TRUE,TRUE,INVALIDA_FISICAMENTE,rendering propio requiere planta de faena propia
facon,mixto,incubacion,facon,propia,B_refrigerado_congelado,A_externo,FALSE,FALSE,VALIDA_NO_MAPEADA_NO_EVALUADA,"físicamente válida para CAPEX, pero la interfaz financiera solo consume configuraciones del mapa (configs() de 21); requiere ampliar el mapa (DPV-20-03)"
facon,mixto,incubacion,facon,propia,B_refrigerado_congelado,A_externo,FALSE,TRUE,VALIDA_NO_MAPEADA_NO_EVALUADA,"físicamente válida para CAPEX, pero la interfaz financiera solo consume configuraciones del mapa (configs() de 21); requiere ampliar el mapa (DPV-20-03)"
facon,mixto,incubacion,facon,propia,B_refrigerado_congelado,A_externo,TRUE,FALSE,INVALIDA_FISICAMENTE,rendering propio requiere planta de faena propia
facon,mixto,incubacion,facon,propia,B_refrigerado_congelado,A_externo,TRUE,TRUE,INVALIDA_FISICAMENTE,rendering propio requiere planta de faena propia
facon,mixto,incubacion,facon,propia,B_refrigerado_congelado,B_basico_propio,FALSE,FALSE,VALIDA_NO_MAPEADA_NO_EVALUADA,"físicamente válida para CAPEX, pero la interfaz financiera solo consume configuraciones del mapa (configs() de 21); requiere ampliar el mapa (DPV-20-03)"
facon,mixto,incubacion,facon,propia,B_refrigerado_congelado,B_basico_propio,FALSE,TRUE,VALIDA_NO_MAPEADA_NO_EVALUADA,"físicamente válida para CAPEX, pero la interfaz financiera solo consume configuraciones del mapa (configs() de 21); requiere ampliar el mapa (DPV-20-03)"
facon,mixto,incubacion,facon,propia,B_refrigerado_congelado,B_basico_propio,TRUE,FALSE,INVALIDA_FISICAMENTE,rendering propio requiere planta de faena propia
facon,mixto,incubacion,facon,propia,B_refrigerado_congelado,B_basico_propio,TRUE,TRUE,INVALIDA_FISICAMENTE,rendering propio requiere planta de faena propia
facon,mixto,incubacion,facon,propia,C_congelado_tercero,A_externo,FALSE,FALSE,VALIDA_NO_MAPEADA_NO_EVALUADA,"físicamente válida para CAPEX, pero la interfaz financiera solo consume configuraciones del mapa (configs() de 21); requiere ampliar el mapa (DPV-20-03)"
facon,mixto,incubacion,facon,propia,C_congelado_tercero,A_externo,FALSE,TRUE,VALIDA_NO_MAPEADA_NO_EVALUADA,"físicamente válida para CAPEX, pero la interfaz financiera solo consume configuraciones del mapa (configs() de 21); requiere ampliar el mapa (DPV-20-03)"
facon,mixto,incubacion,facon,propia,C_congelado_tercero,A_externo,TRUE,FALSE,INVALIDA_FISICAMENTE,rendering propio requiere planta de faena propia
facon,mixto,incubacion,facon,propia,C_congelado_tercero,A_externo,TRUE,TRUE,INVALIDA_FISICAMENTE,rendering propio requiere planta de faena propia
facon,mixto,incubacion,facon,propia,C_congelado_tercero,B_basico_propio,FALSE,FALSE,VALIDA_NO_MAPEADA_NO_EVALUADA,"físicamente válida para CAPEX, pero la interfaz financiera solo consume configuraciones del mapa (configs() de 21); requiere ampliar el mapa (DPV-20-03)"
facon,mixto,incubacion,facon,propia,C_congelado_tercero,B_basico_propio,FALSE,TRUE,VALIDA_NO_MAPEADA_NO_EVALUADA,"físicamente válida para CAPEX, pero la interfaz financiera solo consume configuraciones del mapa (configs() de 21); requiere ampliar el mapa (DPV-20-03)"
facon,mixto,incubacion,facon,propia,C_congelado_tercero,B_basico_propio,TRUE,FALSE,INVALIDA_FISICAMENTE,rendering propio requiere planta de faena propia
facon,mixto,incubacion,facon,propia,C_congelado_tercero,B_basico_propio,TRUE,TRUE,INVALIDA_FISICAMENTE,rendering propio requiere planta de faena propia
facon,mixto,incubacion,facon,mixto,A_refrigerado,A_externo,FALSE,FALSE,VALIDA_NO_MAPEADA_NO_EVALUADA,"físicamente válida para CAPEX, pero la interfaz financiera solo consume configuraciones del mapa (configs() de 21); requiere ampliar el mapa (DPV-20-03)"
facon,mixto,incubacion,facon,mixto,A_refrigerado,A_externo,FALSE,TRUE,VALIDA_NO_MAPEADA_NO_EVALUADA,"físicamente válida para CAPEX, pero la interfaz financiera solo consume configuraciones del mapa (configs() de 21); requiere ampliar el mapa (DPV-20-03)"
facon,mixto,incubacion,facon,mixto,A_refrigerado,A_externo,TRUE,FALSE,INVALIDA_FISICAMENTE,rendering propio requiere planta de faena propia
facon,mixto,incubacion,facon,mixto,A_refrigerado,A_externo,TRUE,TRUE,INVALIDA_FISICAMENTE,rendering propio requiere planta de faena propia
facon,mixto,incubacion,facon,mixto,A_refrigerado,B_basico_propio,FALSE,FALSE,VALIDA_NO_MAPEADA_NO_EVALUADA,"físicamente válida para CAPEX, pero la interfaz financiera solo consume configuraciones del mapa (configs() de 21); requiere ampliar el mapa (DPV-20-03)"
facon,mixto,incubacion,facon,mixto,A_refrigerado,B_basico_propio,FALSE,TRUE,VALIDA_NO_MAPEADA_NO_EVALUADA,"físicamente válida para CAPEX, pero la interfaz financiera solo consume configuraciones del mapa (configs() de 21); requiere ampliar el mapa (DPV-20-03)"
facon,mixto,incubacion,facon,mixto,A_refrigerado,B_basico_propio,TRUE,FALSE,INVALIDA_FISICAMENTE,rendering propio requiere planta de faena propia
facon,mixto,incubacion,facon,mixto,A_refrigerado,B_basico_propio,TRUE,TRUE,INVALIDA_FISICAMENTE,rendering propio requiere planta de faena propia
facon,mixto,incubacion,facon,mixto,B_refrigerado_congelado,A_externo,FALSE,FALSE,VALIDA_NO_MAPEADA_NO_EVALUADA,"físicamente válida para CAPEX, pero la interfaz financiera solo consume configuraciones del mapa (configs() de 21); requiere ampliar el mapa (DPV-20-03)"
facon,mixto,incubacion,facon,mixto,B_refrigerado_congelado,A_externo,FALSE,TRUE,VALIDA_NO_MAPEADA_NO_EVALUADA,"físicamente válida para CAPEX, pero la interfaz financiera solo consume configuraciones del mapa (configs() de 21); requiere ampliar el mapa (DPV-20-03)"
facon,mixto,incubacion,facon,mixto,B_refrigerado_congelado,A_externo,TRUE,FALSE,INVALIDA_FISICAMENTE,rendering propio requiere planta de faena propia
facon,mixto,incubacion,facon,mixto,B_refrigerado_congelado,A_externo,TRUE,TRUE,INVALIDA_FISICAMENTE,rendering propio requiere planta de faena propia
facon,mixto,incubacion,facon,mixto,B_refrigerado_congelado,B_basico_propio,FALSE,FALSE,VALIDA_NO_MAPEADA_NO_EVALUADA,"físicamente válida para CAPEX, pero la interfaz financiera solo consume configuraciones del mapa (configs() de 21); requiere ampliar el mapa (DPV-20-03)"
facon,mixto,incubacion,facon,mixto,B_refrigerado_congelado,B_basico_propio,FALSE,TRUE,VALIDA_NO_MAPEADA_NO_EVALUADA,"físicamente válida para CAPEX, pero la interfaz financiera solo consume configuraciones del mapa (configs() de 21); requiere ampliar el mapa (DPV-20-03)"
facon,mixto,incubacion,facon,mixto,B_refrigerado_congelado,B_basico_propio,TRUE,FALSE,INVALIDA_FISICAMENTE,rendering propio requiere planta de faena propia
facon,mixto,incubacion,facon,mixto,B_refrigerado_congelado,B_basico_propio,TRUE,TRUE,INVALIDA_FISICAMENTE,rendering propio requiere planta de faena propia
facon,mixto,incubacion,facon,mixto,C_congelado_tercero,A_externo,FALSE,FALSE,VALIDA_NO_MAPEADA_NO_EVALUADA,"físicamente válida para CAPEX, pero la interfaz financiera solo consume configuraciones del mapa (configs() de 21); requiere ampliar el mapa (DPV-20-03)"
facon,mixto,incubacion,facon,mixto,C_congelado_tercero,A_externo,FALSE,TRUE,VALIDA_NO_MAPEADA_NO_EVALUADA,"físicamente válida para CAPEX, pero la interfaz financiera solo consume configuraciones del mapa (configs() de 21); requiere ampliar el mapa (DPV-20-03)"
facon,mixto,incubacion,facon,mixto,C_congelado_tercero,A_externo,TRUE,FALSE,INVALIDA_FISICAMENTE,rendering propio requiere planta de faena propia
facon,mixto,incubacion,facon,mixto,C_congelado_tercero,A_externo,TRUE,TRUE,INVALIDA_FISICAMENTE,rendering propio requiere planta de faena propia
facon,mixto,incubacion,facon,mixto,C_congelado_tercero,B_basico_propio,FALSE,FALSE,VALIDA_NO_MAPEADA_NO_EVALUADA,"físicamente válida para CAPEX, pero la interfaz financiera solo consume configuraciones del mapa (configs() de 21); requiere ampliar el mapa (DPV-20-03)"
facon,mixto,incubacion,facon,mixto,C_congelado_tercero,B_basico_propio,FALSE,TRUE,VALIDA_NO_MAPEADA_NO_EVALUADA,"físicamente válida para CAPEX, pero la interfaz financiera solo consume configuraciones del mapa (configs() de 21); requiere ampliar el mapa (DPV-20-03)"
facon,mixto,incubacion,facon,mixto,C_congelado_tercero,B_basico_propio,TRUE,FALSE,INVALIDA_FISICAMENTE,rendering propio requiere planta de faena propia
facon,mixto,incubacion,facon,mixto,C_congelado_tercero,B_basico_propio,TRUE,TRUE,INVALIDA_FISICAMENTE,rendering propio requiere planta de faena propia
facon,mixto,incubacion,propia,tercero,A_refrigerado,A_externo,FALSE,FALSE,VALIDA_NO_MAPEADA_NO_EVALUADA,"físicamente válida para CAPEX, pero la interfaz financiera solo consume configuraciones del mapa (configs() de 21); requiere ampliar el mapa (DPV-20-03)"
facon,mixto,incubacion,propia,tercero,A_refrigerado,A_externo,FALSE,TRUE,VALIDA_NO_MAPEADA_NO_EVALUADA,"físicamente válida para CAPEX, pero la interfaz financiera solo consume configuraciones del mapa (configs() de 21); requiere ampliar el mapa (DPV-20-03)"
facon,mixto,incubacion,propia,tercero,A_refrigerado,A_externo,TRUE,FALSE,INVALIDA_FISICAMENTE,rendering propio requiere planta de faena propia
facon,mixto,incubacion,propia,tercero,A_refrigerado,A_externo,TRUE,TRUE,INVALIDA_FISICAMENTE,rendering propio requiere planta de faena propia
facon,mixto,incubacion,propia,tercero,A_refrigerado,B_basico_propio,FALSE,FALSE,VALIDA_NO_MAPEADA_NO_EVALUADA,"físicamente válida para CAPEX, pero la interfaz financiera solo consume configuraciones del mapa (configs() de 21); requiere ampliar el mapa (DPV-20-03)"
facon,mixto,incubacion,propia,tercero,A_refrigerado,B_basico_propio,FALSE,TRUE,VALIDA_NO_MAPEADA_NO_EVALUADA,"físicamente válida para CAPEX, pero la interfaz financiera solo consume configuraciones del mapa (configs() de 21); requiere ampliar el mapa (DPV-20-03)"
facon,mixto,incubacion,propia,tercero,A_refrigerado,B_basico_propio,TRUE,FALSE,INVALIDA_FISICAMENTE,rendering propio requiere planta de faena propia
facon,mixto,incubacion,propia,tercero,A_refrigerado,B_basico_propio,TRUE,TRUE,INVALIDA_FISICAMENTE,rendering propio requiere planta de faena propia
facon,mixto,incubacion,propia,tercero,B_refrigerado_congelado,A_externo,FALSE,FALSE,VALIDA_NO_MAPEADA_NO_EVALUADA,"físicamente válida para CAPEX, pero la interfaz financiera solo consume configuraciones del mapa (configs() de 21); requiere ampliar el mapa (DPV-20-03)"
facon,mixto,incubacion,propia,tercero,B_refrigerado_congelado,A_externo,FALSE,TRUE,VALIDA_NO_MAPEADA_NO_EVALUADA,"físicamente válida para CAPEX, pero la interfaz financiera solo consume configuraciones del mapa (configs() de 21); requiere ampliar el mapa (DPV-20-03)"
facon,mixto,incubacion,propia,tercero,B_refrigerado_congelado,A_externo,TRUE,FALSE,INVALIDA_FISICAMENTE,rendering propio requiere planta de faena propia
facon,mixto,incubacion,propia,tercero,B_refrigerado_congelado,A_externo,TRUE,TRUE,INVALIDA_FISICAMENTE,rendering propio requiere planta de faena propia
facon,mixto,incubacion,propia,tercero,B_refrigerado_congelado,B_basico_propio,FALSE,FALSE,VALIDA_NO_MAPEADA_NO_EVALUADA,"físicamente válida para CAPEX, pero la interfaz financiera solo consume configuraciones del mapa (configs() de 21); requiere ampliar el mapa (DPV-20-03)"
facon,mixto,incubacion,propia,tercero,B_refrigerado_congelado,B_basico_propio,FALSE,TRUE,VALIDA_NO_MAPEADA_NO_EVALUADA,"físicamente válida para CAPEX, pero la interfaz financiera solo consume configuraciones del mapa (configs() de 21); requiere ampliar el mapa (DPV-20-03)"
facon,mixto,incubacion,propia,tercero,B_refrigerado_congelado,B_basico_propio,TRUE,FALSE,INVALIDA_FISICAMENTE,rendering propio requiere planta de faena propia
facon,mixto,incubacion,propia,tercero,B_refrigerado_congelado,B_basico_propio,TRUE,TRUE,INVALIDA_FISICAMENTE,rendering propio requiere planta de faena propia
facon,mixto,incubacion,propia,tercero,C_congelado_tercero,A_externo,FALSE,FALSE,VALIDA_NO_MAPEADA_NO_EVALUADA,"físicamente válida para CAPEX, pero la interfaz financiera solo consume configuraciones del mapa (configs() de 21); requiere ampliar el mapa (DPV-20-03)"
facon,mixto,incubacion,propia,tercero,C_congelado_tercero,A_externo,FALSE,TRUE,VALIDA_NO_MAPEADA_NO_EVALUADA,"físicamente válida para CAPEX, pero la interfaz financiera solo consume configuraciones del mapa (configs() de 21); requiere ampliar el mapa (DPV-20-03)"
facon,mixto,incubacion,propia,tercero,C_congelado_tercero,A_externo,TRUE,FALSE,INVALIDA_FISICAMENTE,rendering propio requiere planta de faena propia
facon,mixto,incubacion,propia,tercero,C_congelado_tercero,A_externo,TRUE,TRUE,INVALIDA_FISICAMENTE,rendering propio requiere planta de faena propia
facon,mixto,incubacion,propia,tercero,C_congelado_tercero,B_basico_propio,FALSE,FALSE,VALIDA_NO_MAPEADA_NO_EVALUADA,"físicamente válida para CAPEX, pero la interfaz financiera solo consume configuraciones del mapa (configs() de 21); requiere ampliar el mapa (DPV-20-03)"
facon,mixto,incubacion,propia,tercero,C_congelado_tercero,B_basico_propio,FALSE,TRUE,VALIDA_NO_MAPEADA_NO_EVALUADA,"físicamente válida para CAPEX, pero la interfaz financiera solo consume configuraciones del mapa (configs() de 21); requiere ampliar el mapa (DPV-20-03)"
facon,mixto,incubacion,propia,tercero,C_congelado_tercero,B_basico_propio,TRUE,FALSE,INVALIDA_FISICAMENTE,rendering propio requiere planta de faena propia
facon,mixto,incubacion,propia,tercero,C_congelado_tercero,B_basico_propio,TRUE,TRUE,INVALIDA_FISICAMENTE,rendering propio requiere planta de faena propia
facon,mixto,incubacion,propia,propia,A_refrigerado,A_externo,FALSE,FALSE,VALIDA_NO_MAPEADA_NO_EVALUADA,"físicamente válida para CAPEX, pero la interfaz financiera solo consume configuraciones del mapa (configs() de 21); requiere ampliar el mapa (DPV-20-03)"
facon,mixto,incubacion,propia,propia,A_refrigerado,A_externo,FALSE,TRUE,VALIDA_NO_MAPEADA_NO_EVALUADA,"físicamente válida para CAPEX, pero la interfaz financiera solo consume configuraciones del mapa (configs() de 21); requiere ampliar el mapa (DPV-20-03)"
facon,mixto,incubacion,propia,propia,A_refrigerado,A_externo,TRUE,FALSE,INVALIDA_FISICAMENTE,rendering propio requiere planta de faena propia
facon,mixto,incubacion,propia,propia,A_refrigerado,A_externo,TRUE,TRUE,INVALIDA_FISICAMENTE,rendering propio requiere planta de faena propia
facon,mixto,incubacion,propia,propia,A_refrigerado,B_basico_propio,FALSE,FALSE,VALIDA_NO_MAPEADA_NO_EVALUADA,"físicamente válida para CAPEX, pero la interfaz financiera solo consume configuraciones del mapa (configs() de 21); requiere ampliar el mapa (DPV-20-03)"
facon,mixto,incubacion,propia,propia,A_refrigerado,B_basico_propio,FALSE,TRUE,VALIDA_NO_MAPEADA_NO_EVALUADA,"físicamente válida para CAPEX, pero la interfaz financiera solo consume configuraciones del mapa (configs() de 21); requiere ampliar el mapa (DPV-20-03)"
facon,mixto,incubacion,propia,propia,A_refrigerado,B_basico_propio,TRUE,FALSE,INVALIDA_FISICAMENTE,rendering propio requiere planta de faena propia
facon,mixto,incubacion,propia,propia,A_refrigerado,B_basico_propio,TRUE,TRUE,INVALIDA_FISICAMENTE,rendering propio requiere planta de faena propia
facon,mixto,incubacion,propia,propia,B_refrigerado_congelado,A_externo,FALSE,FALSE,VALIDA_NO_MAPEADA_NO_EVALUADA,"físicamente válida para CAPEX, pero la interfaz financiera solo consume configuraciones del mapa (configs() de 21); requiere ampliar el mapa (DPV-20-03)"
facon,mixto,incubacion,propia,propia,B_refrigerado_congelado,A_externo,FALSE,TRUE,VALIDA_NO_MAPEADA_NO_EVALUADA,"físicamente válida para CAPEX, pero la interfaz financiera solo consume configuraciones del mapa (configs() de 21); requiere ampliar el mapa (DPV-20-03)"
facon,mixto,incubacion,propia,propia,B_refrigerado_congelado,A_externo,TRUE,FALSE,INVALIDA_FISICAMENTE,rendering propio requiere planta de faena propia
facon,mixto,incubacion,propia,propia,B_refrigerado_congelado,A_externo,TRUE,TRUE,INVALIDA_FISICAMENTE,rendering propio requiere planta de faena propia
facon,mixto,incubacion,propia,propia,B_refrigerado_congelado,B_basico_propio,FALSE,FALSE,VALIDA_NO_MAPEADA_NO_EVALUADA,"físicamente válida para CAPEX, pero la interfaz financiera solo consume configuraciones del mapa (configs() de 21); requiere ampliar el mapa (DPV-20-03)"
facon,mixto,incubacion,propia,propia,B_refrigerado_congelado,B_basico_propio,FALSE,TRUE,VALIDA_NO_MAPEADA_NO_EVALUADA,"físicamente válida para CAPEX, pero la interfaz financiera solo consume configuraciones del mapa (configs() de 21); requiere ampliar el mapa (DPV-20-03)"
facon,mixto,incubacion,propia,propia,B_refrigerado_congelado,B_basico_propio,TRUE,FALSE,INVALIDA_FISICAMENTE,rendering propio requiere planta de faena propia
facon,mixto,incubacion,propia,propia,B_refrigerado_congelado,B_basico_propio,TRUE,TRUE,INVALIDA_FISICAMENTE,rendering propio requiere planta de faena propia
facon,mixto,incubacion,propia,propia,C_congelado_tercero,A_externo,FALSE,FALSE,VALIDA_NO_MAPEADA_NO_EVALUADA,"físicamente válida para CAPEX, pero la interfaz financiera solo consume configuraciones del mapa (configs() de 21); requiere ampliar el mapa (DPV-20-03)"
facon,mixto,incubacion,propia,propia,C_congelado_tercero,A_externo,FALSE,TRUE,VALIDA_NO_MAPEADA_NO_EVALUADA,"físicamente válida para CAPEX, pero la interfaz financiera solo consume configuraciones del mapa (configs() de 21); requiere ampliar el mapa (DPV-20-03)"
facon,mixto,incubacion,propia,propia,C_congelado_tercero,A_externo,TRUE,FALSE,INVALIDA_FISICAMENTE,rendering propio requiere planta de faena propia
facon,mixto,incubacion,propia,propia,C_congelado_tercero,A_externo,TRUE,TRUE,INVALIDA_FISICAMENTE,rendering propio requiere planta de faena propia
facon,mixto,incubacion,propia,propia,C_congelado_tercero,B_basico_propio,FALSE,FALSE,VALIDA_NO_MAPEADA_NO_EVALUADA,"físicamente válida para CAPEX, pero la interfaz financiera solo consume configuraciones del mapa (configs() de 21); requiere ampliar el mapa (DPV-20-03)"
facon,mixto,incubacion,propia,propia,C_congelado_tercero,B_basico_propio,FALSE,TRUE,VALIDA_NO_MAPEADA_NO_EVALUADA,"físicamente válida para CAPEX, pero la interfaz financiera solo consume configuraciones del mapa (configs() de 21); requiere ampliar el mapa (DPV-20-03)"
facon,mixto,incubacion,propia,propia,C_congelado_tercero,B_basico_propio,TRUE,FALSE,INVALIDA_FISICAMENTE,rendering propio requiere planta de faena propia
facon,mixto,incubacion,propia,propia,C_congelado_tercero,B_basico_propio,TRUE,TRUE,INVALIDA_FISICAMENTE,rendering propio requiere planta de faena propia
facon,mixto,incubacion,propia,mixto,A_refrigerado,A_externo,FALSE,FALSE,VALIDA_NO_MAPEADA_NO_EVALUADA,"físicamente válida para CAPEX, pero la interfaz financiera solo consume configuraciones del mapa (configs() de 21); requiere ampliar el mapa (DPV-20-03)"
facon,mixto,incubacion,propia,mixto,A_refrigerado,A_externo,FALSE,TRUE,VALIDA_NO_MAPEADA_NO_EVALUADA,"físicamente válida para CAPEX, pero la interfaz financiera solo consume configuraciones del mapa (configs() de 21); requiere ampliar el mapa (DPV-20-03)"
facon,mixto,incubacion,propia,mixto,A_refrigerado,A_externo,TRUE,FALSE,INVALIDA_FISICAMENTE,rendering propio requiere planta de faena propia
facon,mixto,incubacion,propia,mixto,A_refrigerado,A_externo,TRUE,TRUE,INVALIDA_FISICAMENTE,rendering propio requiere planta de faena propia
facon,mixto,incubacion,propia,mixto,A_refrigerado,B_basico_propio,FALSE,FALSE,VALIDA_NO_MAPEADA_NO_EVALUADA,"físicamente válida para CAPEX, pero la interfaz financiera solo consume configuraciones del mapa (configs() de 21); requiere ampliar el mapa (DPV-20-03)"
facon,mixto,incubacion,propia,mixto,A_refrigerado,B_basico_propio,FALSE,TRUE,VALIDA_NO_MAPEADA_NO_EVALUADA,"físicamente válida para CAPEX, pero la interfaz financiera solo consume configuraciones del mapa (configs() de 21); requiere ampliar el mapa (DPV-20-03)"
facon,mixto,incubacion,propia,mixto,A_refrigerado,B_basico_propio,TRUE,FALSE,INVALIDA_FISICAMENTE,rendering propio requiere planta de faena propia
facon,mixto,incubacion,propia,mixto,A_refrigerado,B_basico_propio,TRUE,TRUE,INVALIDA_FISICAMENTE,rendering propio requiere planta de faena propia
facon,mixto,incubacion,propia,mixto,B_refrigerado_congelado,A_externo,FALSE,FALSE,VALIDA_NO_MAPEADA_NO_EVALUADA,"físicamente válida para CAPEX, pero la interfaz financiera solo consume configuraciones del mapa (configs() de 21); requiere ampliar el mapa (DPV-20-03)"
facon,mixto,incubacion,propia,mixto,B_refrigerado_congelado,A_externo,FALSE,TRUE,VALIDA_NO_MAPEADA_NO_EVALUADA,"físicamente válida para CAPEX, pero la interfaz financiera solo consume configuraciones del mapa (configs() de 21); requiere ampliar el mapa (DPV-20-03)"
facon,mixto,incubacion,propia,mixto,B_refrigerado_congelado,A_externo,TRUE,FALSE,INVALIDA_FISICAMENTE,rendering propio requiere planta de faena propia
facon,mixto,incubacion,propia,mixto,B_refrigerado_congelado,A_externo,TRUE,TRUE,INVALIDA_FISICAMENTE,rendering propio requiere planta de faena propia
facon,mixto,incubacion,propia,mixto,B_refrigerado_congelado,B_basico_propio,FALSE,FALSE,VALIDA_NO_MAPEADA_NO_EVALUADA,"físicamente válida para CAPEX, pero la interfaz financiera solo consume configuraciones del mapa (configs() de 21); requiere ampliar el mapa (DPV-20-03)"
facon,mixto,incubacion,propia,mixto,B_refrigerado_congelado,B_basico_propio,FALSE,TRUE,VALIDA_NO_MAPEADA_NO_EVALUADA,"físicamente válida para CAPEX, pero la interfaz financiera solo consume configuraciones del mapa (configs() de 21); requiere ampliar el mapa (DPV-20-03)"
facon,mixto,incubacion,propia,mixto,B_refrigerado_congelado,B_basico_propio,TRUE,FALSE,INVALIDA_FISICAMENTE,rendering propio requiere planta de faena propia
facon,mixto,incubacion,propia,mixto,B_refrigerado_congelado,B_basico_propio,TRUE,TRUE,INVALIDA_FISICAMENTE,rendering propio requiere planta de faena propia
facon,mixto,incubacion,propia,mixto,C_congelado_tercero,A_externo,FALSE,FALSE,VALIDA_NO_MAPEADA_NO_EVALUADA,"físicamente válida para CAPEX, pero la interfaz financiera solo consume configuraciones del mapa (configs() de 21); requiere ampliar el mapa (DPV-20-03)"
facon,mixto,incubacion,propia,mixto,C_congelado_tercero,A_externo,FALSE,TRUE,VALIDA_NO_MAPEADA_NO_EVALUADA,"físicamente válida para CAPEX, pero la interfaz financiera solo consume configuraciones del mapa (configs() de 21); requiere ampliar el mapa (DPV-20-03)"
facon,mixto,incubacion,propia,mixto,C_congelado_tercero,A_externo,TRUE,FALSE,INVALIDA_FISICAMENTE,rendering propio requiere planta de faena propia
facon,mixto,incubacion,propia,mixto,C_congelado_tercero,A_externo,TRUE,TRUE,INVALIDA_FISICAMENTE,rendering propio requiere planta de faena propia
facon,mixto,incubacion,propia,mixto,C_congelado_tercero,B_basico_propio,FALSE,FALSE,VALIDA_NO_MAPEADA_NO_EVALUADA,"físicamente válida para CAPEX, pero la interfaz financiera solo consume configuraciones del mapa (configs() de 21); requiere ampliar el mapa (DPV-20-03)"
facon,mixto,incubacion,propia,mixto,C_congelado_tercero,B_basico_propio,FALSE,TRUE,VALIDA_NO_MAPEADA_NO_EVALUADA,"físicamente válida para CAPEX, pero la interfaz financiera solo consume configuraciones del mapa (configs() de 21); requiere ampliar el mapa (DPV-20-03)"
facon,mixto,incubacion,propia,mixto,C_congelado_tercero,B_basico_propio,TRUE,FALSE,INVALIDA_FISICAMENTE,rendering propio requiere planta de faena propia
facon,mixto,incubacion,propia,mixto,C_congelado_tercero,B_basico_propio,TRUE,TRUE,INVALIDA_FISICAMENTE,rendering propio requiere planta de faena propia
—,,,,,,,,,ESCALA_EVALUADA,escala 2500 aves/día dentro del rango estudiado 2500–20000
—,,,,,,,,,ESCALA_EVALUADA,escala 5000 aves/día dentro del rango estudiado 2500–20000
—,,,,,,,,,ESCALA_EVALUADA,escala 10000 aves/día dentro del rango estudiado 2500–20000
—,,,,,,,,,ESCALA_EVALUADA,escala 20000 aves/día dentro del rango estudiado 2500–20000
