ALTERNATIVA,AMBITO,DISPONIBLE,DPV,ESTADO,ESTADO_ALTERNATIVA,ESTADO_REQUERIMIENTO,GATE,NOTA,REQUERIDO,UNIDAD,UNIVERSO
C0|BASE|2500|ESCALA_UNICA,PROYECTO,TRUE,,FACTIBLE,FACTIBILIDAD_PENDIENTE,DIMENSIONADO,ARQUITECTURA,faena=facon|granjas=integradas:0|pollito=compra|alimento=facon|flota=tercero|frio=C_congelado_tercero|subprod=A_externo|terreno=compra_fase|autom=semi|linea=lotes,TRUE,—,EVIDENCIA
C0|BASE|2500|ESCALA_UNICA,PROYECTO,TRUE,DEC-001,FACTIBLE,FACTIBILIDAD_PENDIENTE,DIMENSIONADO,ESCALA,rango estudiado 2500–20000,TRUE,aves/día,EVIDENCIA
C0|BASE|2500|ESCALA_UNICA,PROYECTO,,DPV-006,FACTIBILIDAD_PENDIENTE,FACTIBILIDAD_PENDIENTE,DIMENSIONADO,FACON_FAENA,dato de disponibilidad no declarado,2500,aves/día,EVIDENCIA
C0|BASE|2500|ESCALA_UNICA,PROYECTO,,DPV-087,FACTIBILIDAD_PENDIENTE,FACTIBILIDAD_PENDIENTE,DESCONOCIDO,TERRENO,planta de faena: NO_REQUERIDO_POR_ARQUITECTURA; módulos propios sin dimensionar: oficina / IT / estructura (CAPEX de C0 en el mapa),,m²,EVIDENCIA
C0|BASE|2500|ESCALA_UNICA,PROYECTO,,DPV-053,FACTIBILIDAD_PENDIENTE,FACTIBILIDAD_PENDIENTE,DESCONOCIDO,AGUA,planta de faena: NO_REQUERIDO_POR_ARQUITECTURA; módulos propios sin dimensionar: oficina / IT / estructura (CAPEX de C0 en el mapa),,m³/día,EVIDENCIA
C0|BASE|2500|ESCALA_UNICA,PROYECTO,,DPV-095,FACTIBILIDAD_PENDIENTE,FACTIBILIDAD_PENDIENTE,DESCONOCIDO,POTENCIA,planta de faena: NO_REQUERIDO_POR_ARQUITECTURA; módulos propios sin dimensionar: oficina / IT / estructura (CAPEX de C0 en el mapa),,kW,EVIDENCIA
C0|BASE|2500|ESCALA_UNICA,PROYECTO,,DPV-048,FACTIBILIDAD_PENDIENTE,FACTIBILIDAD_PENDIENTE,DIMENSIONADO,PRODUCCION_PRIMARIA_INTEGRADOS,requerido [ESTIMACIÓN],9485.641861,m² galpón,EVIDENCIA
C0|BASE|2500|ESCALA_UNICA,PROYECTO,,"DPV-006, DPV-047",FACTIBILIDAD_PENDIENTE,FACTIBILIDAD_PENDIENTE,DIMENSIONADO,POLLITO,requerido [ESTIMACIÓN],13197.487198,pollitos/semana,EVIDENCIA
C0|BASE|2500|ESCALA_UNICA,PROYECTO,,DPV-155,FACTIBILIDAD_PENDIENTE,FACTIBILIDAD_PENDIENTE,DESCONOCIDO,ALIMENTO_FACON,requerido sin driver,,t/semana,EVIDENCIA
C0|BASE|2500|ESCALA_UNICA,PROYECTO,,DEC-027,FACTIBILIDAD_PENDIENTE,FACTIBILIDAD_PENDIENTE,DIMENSIONADO,RECEPTOR_SUBPRODUCTOS,dato de disponibilidad no declarado,TRUE,—,EVIDENCIA
C0|BASE|2500|ESCALA_UNICA,PROYECTO,,DPV-042,FACTIBILIDAD_PENDIENTE,FACTIBILIDAD_PENDIENTE,DIMENSIONADO,TRANSPORTE_TERCERO,dato de disponibilidad no declarado,TRUE,—,EVIDENCIA
C0|BASE|2500|ESCALA_UNICA,PROYECTO,,DPV-109,FACTIBILIDAD_PENDIENTE,FACTIBILIDAD_PENDIENTE,DIMENSIONADO,FRIO_TERCERO,dato de disponibilidad no declarado,TRUE,—,EVIDENCIA
C0|BASE|5000|ESCALA_UNICA,PROYECTO,TRUE,,FACTIBLE,FACTIBILIDAD_PENDIENTE,DIMENSIONADO,ARQUITECTURA,faena=facon|granjas=integradas:0|pollito=compra|alimento=facon|flota=tercero|frio=C_congelado_tercero|subprod=A_externo|terreno=compra_fase|autom=semi|linea=lotes,TRUE,—,EVIDENCIA
C0|BASE|5000|ESCALA_UNICA,PROYECTO,TRUE,DEC-001,FACTIBLE,FACTIBILIDAD_PENDIENTE,DIMENSIONADO,ESCALA,rango estudiado 2500–20000,TRUE,aves/día,EVIDENCIA
C0|BASE|5000|ESCALA_UNICA,PROYECTO,,DPV-006,FACTIBILIDAD_PENDIENTE,FACTIBILIDAD_PENDIENTE,DIMENSIONADO,FACON_FAENA,dato de disponibilidad no declarado,5000,aves/día,EVIDENCIA
C0|BASE|5000|ESCALA_UNICA,PROYECTO,,DPV-087,FACTIBILIDAD_PENDIENTE,FACTIBILIDAD_PENDIENTE,DESCONOCIDO,TERRENO,planta de faena: NO_REQUERIDO_POR_ARQUITECTURA; módulos propios sin dimensionar: oficina / IT / estructura (CAPEX de C0 en el mapa),,m²,EVIDENCIA
C0|BASE|5000|ESCALA_UNICA,PROYECTO,,DPV-053,FACTIBILIDAD_PENDIENTE,FACTIBILIDAD_PENDIENTE,DESCONOCIDO,AGUA,planta de faena: NO_REQUERIDO_POR_ARQUITECTURA; módulos propios sin dimensionar: oficina / IT / estructura (CAPEX de C0 en el mapa),,m³/día,EVIDENCIA
C0|BASE|5000|ESCALA_UNICA,PROYECTO,,DPV-095,FACTIBILIDAD_PENDIENTE,FACTIBILIDAD_PENDIENTE,DESCONOCIDO,POTENCIA,planta de faena: NO_REQUERIDO_POR_ARQUITECTURA; módulos propios sin dimensionar: oficina / IT / estructura (CAPEX de C0 en el mapa),,kW,EVIDENCIA
C0|BASE|5000|ESCALA_UNICA,PROYECTO,,DPV-048,FACTIBILIDAD_PENDIENTE,FACTIBILIDAD_PENDIENTE,DIMENSIONADO,PRODUCCION_PRIMARIA_INTEGRADOS,requerido [ESTIMACIÓN],18971.283723,m² galpón,EVIDENCIA
C0|BASE|5000|ESCALA_UNICA,PROYECTO,,"DPV-006, DPV-047",FACTIBILIDAD_PENDIENTE,FACTIBILIDAD_PENDIENTE,DIMENSIONADO,POLLITO,requerido [ESTIMACIÓN],26394.974397,pollitos/semana,EVIDENCIA
C0|BASE|5000|ESCALA_UNICA,PROYECTO,,DPV-155,FACTIBILIDAD_PENDIENTE,FACTIBILIDAD_PENDIENTE,DESCONOCIDO,ALIMENTO_FACON,requerido sin driver,,t/semana,EVIDENCIA
C0|BASE|5000|ESCALA_UNICA,PROYECTO,,DEC-027,FACTIBILIDAD_PENDIENTE,FACTIBILIDAD_PENDIENTE,DIMENSIONADO,RECEPTOR_SUBPRODUCTOS,dato de disponibilidad no declarado,TRUE,—,EVIDENCIA
C0|BASE|5000|ESCALA_UNICA,PROYECTO,,DPV-042,FACTIBILIDAD_PENDIENTE,FACTIBILIDAD_PENDIENTE,DIMENSIONADO,TRANSPORTE_TERCERO,dato de disponibilidad no declarado,TRUE,—,EVIDENCIA
C0|BASE|5000|ESCALA_UNICA,PROYECTO,,DPV-109,FACTIBILIDAD_PENDIENTE,FACTIBILIDAD_PENDIENTE,DIMENSIONADO,FRIO_TERCERO,dato de disponibilidad no declarado,TRUE,—,EVIDENCIA
C0|BASE|10000|ESCALA_UNICA,PROYECTO,TRUE,,FACTIBLE,FACTIBILIDAD_PENDIENTE,DIMENSIONADO,ARQUITECTURA,faena=facon|granjas=integradas:0|pollito=compra|alimento=facon|flota=tercero|frio=C_congelado_tercero|subprod=A_externo|terreno=compra_fase|autom=semi|linea=lotes,TRUE,—,EVIDENCIA
C0|BASE|10000|ESCALA_UNICA,PROYECTO,TRUE,DEC-001,FACTIBLE,FACTIBILIDAD_PENDIENTE,DIMENSIONADO,ESCALA,rango estudiado 2500–20000,TRUE,aves/día,EVIDENCIA
C0|BASE|10000|ESCALA_UNICA,PROYECTO,,DPV-006,FACTIBILIDAD_PENDIENTE,FACTIBILIDAD_PENDIENTE,DIMENSIONADO,FACON_FAENA,dato de disponibilidad no declarado,10000,aves/día,EVIDENCIA
C0|BASE|10000|ESCALA_UNICA,PROYECTO,,DPV-087,FACTIBILIDAD_PENDIENTE,FACTIBILIDAD_PENDIENTE,DESCONOCIDO,TERRENO,planta de faena: NO_REQUERIDO_POR_ARQUITECTURA; módulos propios sin dimensionar: oficina / IT / estructura (CAPEX de C0 en el mapa),,m²,EVIDENCIA
C0|BASE|10000|ESCALA_UNICA,PROYECTO,,DPV-053,FACTIBILIDAD_PENDIENTE,FACTIBILIDAD_PENDIENTE,DESCONOCIDO,AGUA,planta de faena: NO_REQUERIDO_POR_ARQUITECTURA; módulos propios sin dimensionar: oficina / IT / estructura (CAPEX de C0 en el mapa),,m³/día,EVIDENCIA
C0|BASE|10000|ESCALA_UNICA,PROYECTO,,DPV-095,FACTIBILIDAD_PENDIENTE,FACTIBILIDAD_PENDIENTE,DESCONOCIDO,POTENCIA,planta de faena: NO_REQUERIDO_POR_ARQUITECTURA; módulos propios sin dimensionar: oficina / IT / estructura (CAPEX de C0 en el mapa),,kW,EVIDENCIA
C0|BASE|10000|ESCALA_UNICA,PROYECTO,,DPV-048,FACTIBILIDAD_PENDIENTE,FACTIBILIDAD_PENDIENTE,DIMENSIONADO,PRODUCCION_PRIMARIA_INTEGRADOS,requerido [ESTIMACIÓN],37942.567446,m² galpón,EVIDENCIA
C0|BASE|10000|ESCALA_UNICA,PROYECTO,,"DPV-006, DPV-047",FACTIBILIDAD_PENDIENTE,FACTIBILIDAD_PENDIENTE,DIMENSIONADO,POLLITO,requerido [ESTIMACIÓN],52789.948794,pollitos/semana,EVIDENCIA
C0|BASE|10000|ESCALA_UNICA,PROYECTO,,DPV-155,FACTIBILIDAD_PENDIENTE,FACTIBILIDAD_PENDIENTE,DESCONOCIDO,ALIMENTO_FACON,requerido sin driver,,t/semana,EVIDENCIA
C0|BASE|10000|ESCALA_UNICA,PROYECTO,,DEC-027,FACTIBILIDAD_PENDIENTE,FACTIBILIDAD_PENDIENTE,DIMENSIONADO,RECEPTOR_SUBPRODUCTOS,dato de disponibilidad no declarado,TRUE,—,EVIDENCIA
C0|BASE|10000|ESCALA_UNICA,PROYECTO,,DPV-042,FACTIBILIDAD_PENDIENTE,FACTIBILIDAD_PENDIENTE,DIMENSIONADO,TRANSPORTE_TERCERO,dato de disponibilidad no declarado,TRUE,—,EVIDENCIA
C0|BASE|10000|ESCALA_UNICA,PROYECTO,,DPV-109,FACTIBILIDAD_PENDIENTE,FACTIBILIDAD_PENDIENTE,DIMENSIONADO,FRIO_TERCERO,dato de disponibilidad no declarado,TRUE,—,EVIDENCIA
C0|BASE|20000|ESCALA_UNICA,PROYECTO,TRUE,,FACTIBLE,FACTIBILIDAD_PENDIENTE,DIMENSIONADO,ARQUITECTURA,faena=facon|granjas=integradas:0|pollito=compra|alimento=facon|flota=tercero|frio=C_congelado_tercero|subprod=A_externo|terreno=compra_fase|autom=semi|linea=lotes,TRUE,—,EVIDENCIA
C0|BASE|20000|ESCALA_UNICA,PROYECTO,TRUE,DEC-001,FACTIBLE,FACTIBILIDAD_PENDIENTE,DIMENSIONADO,ESCALA,rango estudiado 2500–20000,TRUE,aves/día,EVIDENCIA
C0|BASE|20000|ESCALA_UNICA,PROYECTO,,DPV-006,FACTIBILIDAD_PENDIENTE,FACTIBILIDAD_PENDIENTE,DIMENSIONADO,FACON_FAENA,dato de disponibilidad no declarado,20000,aves/día,EVIDENCIA
C0|BASE|20000|ESCALA_UNICA,PROYECTO,,DPV-087,FACTIBILIDAD_PENDIENTE,FACTIBILIDAD_PENDIENTE,DESCONOCIDO,TERRENO,planta de faena: NO_REQUERIDO_POR_ARQUITECTURA; módulos propios sin dimensionar: oficina / IT / estructura (CAPEX de C0 en el mapa),,m²,EVIDENCIA
C0|BASE|20000|ESCALA_UNICA,PROYECTO,,DPV-053,FACTIBILIDAD_PENDIENTE,FACTIBILIDAD_PENDIENTE,DESCONOCIDO,AGUA,planta de faena: NO_REQUERIDO_POR_ARQUITECTURA; módulos propios sin dimensionar: oficina / IT / estructura (CAPEX de C0 en el mapa),,m³/día,EVIDENCIA
C0|BASE|20000|ESCALA_UNICA,PROYECTO,,DPV-095,FACTIBILIDAD_PENDIENTE,FACTIBILIDAD_PENDIENTE,DESCONOCIDO,POTENCIA,planta de faena: NO_REQUERIDO_POR_ARQUITECTURA; módulos propios sin dimensionar: oficina / IT / estructura (CAPEX de C0 en el mapa),,kW,EVIDENCIA
C0|BASE|20000|ESCALA_UNICA,PROYECTO,,DPV-048,FACTIBILIDAD_PENDIENTE,FACTIBILIDAD_PENDIENTE,DIMENSIONADO,PRODUCCION_PRIMARIA_INTEGRADOS,requerido [ESTIMACIÓN],75885.134891,m² galpón,EVIDENCIA
C0|BASE|20000|ESCALA_UNICA,PROYECTO,,"DPV-006, DPV-047",FACTIBILIDAD_PENDIENTE,FACTIBILIDAD_PENDIENTE,DIMENSIONADO,POLLITO,requerido [ESTIMACIÓN],105579.897587,pollitos/semana,EVIDENCIA
C0|BASE|20000|ESCALA_UNICA,PROYECTO,,DPV-155,FACTIBILIDAD_PENDIENTE,FACTIBILIDAD_PENDIENTE,DESCONOCIDO,ALIMENTO_FACON,requerido sin driver,,t/semana,EVIDENCIA
C0|BASE|20000|ESCALA_UNICA,PROYECTO,,DEC-027,FACTIBILIDAD_PENDIENTE,FACTIBILIDAD_PENDIENTE,DIMENSIONADO,RECEPTOR_SUBPRODUCTOS,dato de disponibilidad no declarado,TRUE,—,EVIDENCIA
C0|BASE|20000|ESCALA_UNICA,PROYECTO,,DPV-042,FACTIBILIDAD_PENDIENTE,FACTIBILIDAD_PENDIENTE,DIMENSIONADO,TRANSPORTE_TERCERO,dato de disponibilidad no declarado,TRUE,—,EVIDENCIA
C0|BASE|20000|ESCALA_UNICA,PROYECTO,,DPV-109,FACTIBILIDAD_PENDIENTE,FACTIBILIDAD_PENDIENTE,DIMENSIONADO,FRIO_TERCERO,dato de disponibilidad no declarado,TRUE,—,EVIDENCIA
C0|BASE|2500-5000-10000-20000|T1_2500_5000_10000_20000,PROYECTO,TRUE,,FACTIBLE,FACTIBILIDAD_PENDIENTE,DIMENSIONADO,ARQUITECTURA,faena=facon|granjas=integradas:0|pollito=compra|alimento=facon|flota=tercero|frio=C_congelado_tercero|subprod=A_externo|terreno=compra_fase|autom=semi|linea=lotes,TRUE,—,EVIDENCIA
C0|BASE|2500-5000-10000-20000|T1_2500_5000_10000_20000,PROYECTO,TRUE,DEC-001,FACTIBLE,FACTIBILIDAD_PENDIENTE,DIMENSIONADO,ESCALA,rango estudiado 2500–20000,TRUE,aves/día,EVIDENCIA
C0|BASE|2500-5000-10000-20000|T1_2500_5000_10000_20000,PROYECTO,,DPV-006,FACTIBILIDAD_PENDIENTE,FACTIBILIDAD_PENDIENTE,DIMENSIONADO,FACON_FAENA,dato de disponibilidad no declarado,20000,aves/día,EVIDENCIA
C0|BASE|2500-5000-10000-20000|T1_2500_5000_10000_20000,PROYECTO,,DPV-087,FACTIBILIDAD_PENDIENTE,FACTIBILIDAD_PENDIENTE,DESCONOCIDO,TERRENO,planta de faena: NO_REQUERIDO_POR_ARQUITECTURA; módulos propios sin dimensionar: oficina / IT / estructura (CAPEX de C0 en el mapa),,m²,EVIDENCIA
C0|BASE|2500-5000-10000-20000|T1_2500_5000_10000_20000,PROYECTO,,DPV-053,FACTIBILIDAD_PENDIENTE,FACTIBILIDAD_PENDIENTE,DESCONOCIDO,AGUA,planta de faena: NO_REQUERIDO_POR_ARQUITECTURA; módulos propios sin dimensionar: oficina / IT / estructura (CAPEX de C0 en el mapa),,m³/día,EVIDENCIA
C0|BASE|2500-5000-10000-20000|T1_2500_5000_10000_20000,PROYECTO,,DPV-095,FACTIBILIDAD_PENDIENTE,FACTIBILIDAD_PENDIENTE,DESCONOCIDO,POTENCIA,planta de faena: NO_REQUERIDO_POR_ARQUITECTURA; módulos propios sin dimensionar: oficina / IT / estructura (CAPEX de C0 en el mapa),,kW,EVIDENCIA
C0|BASE|2500-5000-10000-20000|T1_2500_5000_10000_20000,PROYECTO,,DPV-048,FACTIBILIDAD_PENDIENTE,FACTIBILIDAD_PENDIENTE,DIMENSIONADO,PRODUCCION_PRIMARIA_INTEGRADOS,requerido [ESTIMACIÓN],75885.134891,m² galpón,EVIDENCIA
C0|BASE|2500-5000-10000-20000|T1_2500_5000_10000_20000,PROYECTO,,"DPV-006, DPV-047",FACTIBILIDAD_PENDIENTE,FACTIBILIDAD_PENDIENTE,DIMENSIONADO,POLLITO,requerido [ESTIMACIÓN],105579.897587,pollitos/semana,EVIDENCIA
C0|BASE|2500-5000-10000-20000|T1_2500_5000_10000_20000,PROYECTO,,DPV-155,FACTIBILIDAD_PENDIENTE,FACTIBILIDAD_PENDIENTE,DESCONOCIDO,ALIMENTO_FACON,requerido sin driver,,t/semana,EVIDENCIA
C0|BASE|2500-5000-10000-20000|T1_2500_5000_10000_20000,PROYECTO,,DEC-027,FACTIBILIDAD_PENDIENTE,FACTIBILIDAD_PENDIENTE,DIMENSIONADO,RECEPTOR_SUBPRODUCTOS,dato de disponibilidad no declarado,TRUE,—,EVIDENCIA
C0|BASE|2500-5000-10000-20000|T1_2500_5000_10000_20000,PROYECTO,,DPV-042,FACTIBILIDAD_PENDIENTE,FACTIBILIDAD_PENDIENTE,DIMENSIONADO,TRANSPORTE_TERCERO,dato de disponibilidad no declarado,TRUE,—,EVIDENCIA
C0|BASE|2500-5000-10000-20000|T1_2500_5000_10000_20000,PROYECTO,,DPV-109,FACTIBILIDAD_PENDIENTE,FACTIBILIDAD_PENDIENTE,DIMENSIONADO,FRIO_TERCERO,dato de disponibilidad no declarado,TRUE,—,EVIDENCIA
C0|BASE|5000-10000-20000|T2_5000_10000_20000,PROYECTO,TRUE,,FACTIBLE,FACTIBILIDAD_PENDIENTE,DIMENSIONADO,ARQUITECTURA,faena=facon|granjas=integradas:0|pollito=compra|alimento=facon|flota=tercero|frio=C_congelado_tercero|subprod=A_externo|terreno=compra_fase|autom=semi|linea=lotes,TRUE,—,EVIDENCIA
C0|BASE|5000-10000-20000|T2_5000_10000_20000,PROYECTO,TRUE,DEC-001,FACTIBLE,FACTIBILIDAD_PENDIENTE,DIMENSIONADO,ESCALA,rango estudiado 2500–20000,TRUE,aves/día,EVIDENCIA
C0|BASE|5000-10000-20000|T2_5000_10000_20000,PROYECTO,,DPV-006,FACTIBILIDAD_PENDIENTE,FACTIBILIDAD_PENDIENTE,DIMENSIONADO,FACON_FAENA,dato de disponibilidad no declarado,20000,aves/día,EVIDENCIA
C0|BASE|5000-10000-20000|T2_5000_10000_20000,PROYECTO,,DPV-087,FACTIBILIDAD_PENDIENTE,FACTIBILIDAD_PENDIENTE,DESCONOCIDO,TERRENO,planta de faena: NO_REQUERIDO_POR_ARQUITECTURA; módulos propios sin dimensionar: oficina / IT / estructura (CAPEX de C0 en el mapa),,m²,EVIDENCIA
C0|BASE|5000-10000-20000|T2_5000_10000_20000,PROYECTO,,DPV-053,FACTIBILIDAD_PENDIENTE,FACTIBILIDAD_PENDIENTE,DESCONOCIDO,AGUA,planta de faena: NO_REQUERIDO_POR_ARQUITECTURA; módulos propios sin dimensionar: oficina / IT / estructura (CAPEX de C0 en el mapa),,m³/día,EVIDENCIA
C0|BASE|5000-10000-20000|T2_5000_10000_20000,PROYECTO,,DPV-095,FACTIBILIDAD_PENDIENTE,FACTIBILIDAD_PENDIENTE,DESCONOCIDO,POTENCIA,planta de faena: NO_REQUERIDO_POR_ARQUITECTURA; módulos propios sin dimensionar: oficina / IT / estructura (CAPEX de C0 en el mapa),,kW,EVIDENCIA
C0|BASE|5000-10000-20000|T2_5000_10000_20000,PROYECTO,,DPV-048,FACTIBILIDAD_PENDIENTE,FACTIBILIDAD_PENDIENTE,DIMENSIONADO,PRODUCCION_PRIMARIA_INTEGRADOS,requerido [ESTIMACIÓN],75885.134891,m² galpón,EVIDENCIA
C0|BASE|5000-10000-20000|T2_5000_10000_20000,PROYECTO,,"DPV-006, DPV-047",FACTIBILIDAD_PENDIENTE,FACTIBILIDAD_PENDIENTE,DIMENSIONADO,POLLITO,requerido [ESTIMACIÓN],105579.897587,pollitos/semana,EVIDENCIA
C0|BASE|5000-10000-20000|T2_5000_10000_20000,PROYECTO,,DPV-155,FACTIBILIDAD_PENDIENTE,FACTIBILIDAD_PENDIENTE,DESCONOCIDO,ALIMENTO_FACON,requerido sin driver,,t/semana,EVIDENCIA
C0|BASE|5000-10000-20000|T2_5000_10000_20000,PROYECTO,,DEC-027,FACTIBILIDAD_PENDIENTE,FACTIBILIDAD_PENDIENTE,DIMENSIONADO,RECEPTOR_SUBPRODUCTOS,dato de disponibilidad no declarado,TRUE,—,EVIDENCIA
C0|BASE|5000-10000-20000|T2_5000_10000_20000,PROYECTO,,DPV-042,FACTIBILIDAD_PENDIENTE,FACTIBILIDAD_PENDIENTE,DIMENSIONADO,TRANSPORTE_TERCERO,dato de disponibilidad no declarado,TRUE,—,EVIDENCIA
C0|BASE|5000-10000-20000|T2_5000_10000_20000,PROYECTO,,DPV-109,FACTIBILIDAD_PENDIENTE,FACTIBILIDAD_PENDIENTE,DIMENSIONADO,FRIO_TERCERO,dato de disponibilidad no declarado,TRUE,—,EVIDENCIA
C0|BASE|10000-20000|T3_10000_20000,PROYECTO,TRUE,,FACTIBLE,FACTIBILIDAD_PENDIENTE,DIMENSIONADO,ARQUITECTURA,faena=facon|granjas=integradas:0|pollito=compra|alimento=facon|flota=tercero|frio=C_congelado_tercero|subprod=A_externo|terreno=compra_fase|autom=semi|linea=lotes,TRUE,—,EVIDENCIA
C0|BASE|10000-20000|T3_10000_20000,PROYECTO,TRUE,DEC-001,FACTIBLE,FACTIBILIDAD_PENDIENTE,DIMENSIONADO,ESCALA,rango estudiado 2500–20000,TRUE,aves/día,EVIDENCIA
C0|BASE|10000-20000|T3_10000_20000,PROYECTO,,DPV-006,FACTIBILIDAD_PENDIENTE,FACTIBILIDAD_PENDIENTE,DIMENSIONADO,FACON_FAENA,dato de disponibilidad no declarado,20000,aves/día,EVIDENCIA
C0|BASE|10000-20000|T3_10000_20000,PROYECTO,,DPV-087,FACTIBILIDAD_PENDIENTE,FACTIBILIDAD_PENDIENTE,DESCONOCIDO,TERRENO,planta de faena: NO_REQUERIDO_POR_ARQUITECTURA; módulos propios sin dimensionar: oficina / IT / estructura (CAPEX de C0 en el mapa),,m²,EVIDENCIA
C0|BASE|10000-20000|T3_10000_20000,PROYECTO,,DPV-053,FACTIBILIDAD_PENDIENTE,FACTIBILIDAD_PENDIENTE,DESCONOCIDO,AGUA,planta de faena: NO_REQUERIDO_POR_ARQUITECTURA; módulos propios sin dimensionar: oficina / IT / estructura (CAPEX de C0 en el mapa),,m³/día,EVIDENCIA
C0|BASE|10000-20000|T3_10000_20000,PROYECTO,,DPV-095,FACTIBILIDAD_PENDIENTE,FACTIBILIDAD_PENDIENTE,DESCONOCIDO,POTENCIA,planta de faena: NO_REQUERIDO_POR_ARQUITECTURA; módulos propios sin dimensionar: oficina / IT / estructura (CAPEX de C0 en el mapa),,kW,EVIDENCIA
C0|BASE|10000-20000|T3_10000_20000,PROYECTO,,DPV-048,FACTIBILIDAD_PENDIENTE,FACTIBILIDAD_PENDIENTE,DIMENSIONADO,PRODUCCION_PRIMARIA_INTEGRADOS,requerido [ESTIMACIÓN],75885.134891,m² galpón,EVIDENCIA
C0|BASE|10000-20000|T3_10000_20000,PROYECTO,,"DPV-006, DPV-047",FACTIBILIDAD_PENDIENTE,FACTIBILIDAD_PENDIENTE,DIMENSIONADO,POLLITO,requerido [ESTIMACIÓN],105579.897587,pollitos/semana,EVIDENCIA
C0|BASE|10000-20000|T3_10000_20000,PROYECTO,,DPV-155,FACTIBILIDAD_PENDIENTE,FACTIBILIDAD_PENDIENTE,DESCONOCIDO,ALIMENTO_FACON,requerido sin driver,,t/semana,EVIDENCIA
C0|BASE|10000-20000|T3_10000_20000,PROYECTO,,DEC-027,FACTIBILIDAD_PENDIENTE,FACTIBILIDAD_PENDIENTE,DIMENSIONADO,RECEPTOR_SUBPRODUCTOS,dato de disponibilidad no declarado,TRUE,—,EVIDENCIA
C0|BASE|10000-20000|T3_10000_20000,PROYECTO,,DPV-042,FACTIBILIDAD_PENDIENTE,FACTIBILIDAD_PENDIENTE,DIMENSIONADO,TRANSPORTE_TERCERO,dato de disponibilidad no declarado,TRUE,—,EVIDENCIA
C0|BASE|10000-20000|T3_10000_20000,PROYECTO,,DPV-109,FACTIBILIDAD_PENDIENTE,FACTIBILIDAD_PENDIENTE,DIMENSIONADO,FRIO_TERCERO,dato de disponibilidad no declarado,TRUE,—,EVIDENCIA
C1|BASE|2500|ESCALA_UNICA,PROYECTO,TRUE,,FACTIBLE,FACTIBILIDAD_PENDIENTE,DIMENSIONADO,ARQUITECTURA,faena=propia|granjas=integradas:0|pollito=compra|alimento=compra|flota=tercero|frio=A_refrigerado|subprod=A_externo|terreno=compra_fase|autom=semi|linea=lotes,TRUE,—,EVIDENCIA
C1|BASE|2500|ESCALA_UNICA,PROYECTO,TRUE,DEC-001,FACTIBLE,FACTIBILIDAD_PENDIENTE,DIMENSIONADO,ESCALA,rango estudiado 2500–20000,TRUE,aves/día,EVIDENCIA
C1|BASE|2500|ESCALA_UNICA,PROYECTO,,DPV-087,FACTIBILIDAD_PENDIENTE,FACTIBILIDAD_PENDIENTE,DIMENSIONADO,TERRENO,requerido [ESTIMACIÓN] con PROXY,15398.217049,m²,EVIDENCIA
C1|BASE|2500|ESCALA_UNICA,PROYECTO,,DPV-053,FACTIBILIDAD_PENDIENTE,FACTIBILIDAD_PENDIENTE,DIMENSIONADO,AGUA,requerido [ESTIMACIÓN] con rechazo [SUPUESTO],62.5,m³/día,EVIDENCIA
C1|BASE|2500|ESCALA_UNICA,PROYECTO,,DPV-095,FACTIBILIDAD_PENDIENTE,FACTIBILIDAD_PENDIENTE,DESCONOCIDO,POTENCIA,requerido PENDIENTE,,kW,EVIDENCIA
C1|BASE|2500|ESCALA_UNICA,PROYECTO,,DPV-097,FACTIBILIDAD_PENDIENTE,FACTIBILIDAD_PENDIENTE,DIMENSIONADO,CAPACIDAD_LINEA,garantizada PENDIENTE (DPV-097),351.123596,aves/h,EVIDENCIA
C1|BASE|2500|ESCALA_UNICA,PROYECTO,,DPV-048,FACTIBILIDAD_PENDIENTE,FACTIBILIDAD_PENDIENTE,DIMENSIONADO,PRODUCCION_PRIMARIA_INTEGRADOS,requerido [ESTIMACIÓN],9485.641861,m² galpón,EVIDENCIA
C1|BASE|2500|ESCALA_UNICA,PROYECTO,,"DPV-006, DPV-047",FACTIBILIDAD_PENDIENTE,FACTIBILIDAD_PENDIENTE,DIMENSIONADO,POLLITO,requerido [ESTIMACIÓN],13197.487198,pollitos/semana,EVIDENCIA
C1|BASE|2500|ESCALA_UNICA,PROYECTO,,DPV-050,FACTIBILIDAD_PENDIENTE,FACTIBILIDAD_PENDIENTE,DESCONOCIDO,ALIMENTO_COMPRA,requerido sin driver,,t/semana,EVIDENCIA
C1|BASE|2500|ESCALA_UNICA,PROYECTO,,DEC-027,FACTIBILIDAD_PENDIENTE,FACTIBILIDAD_PENDIENTE,DIMENSIONADO,RECEPTOR_SUBPRODUCTOS,dato de disponibilidad no declarado,TRUE,—,EVIDENCIA
C1|BASE|2500|ESCALA_UNICA,PROYECTO,,DPV-042,FACTIBILIDAD_PENDIENTE,FACTIBILIDAD_PENDIENTE,DIMENSIONADO,TRANSPORTE_TERCERO,dato de disponibilidad no declarado,TRUE,—,EVIDENCIA
C1|BASE|5000|ESCALA_UNICA,PROYECTO,TRUE,,FACTIBLE,FACTIBILIDAD_PENDIENTE,DIMENSIONADO,ARQUITECTURA,faena=propia|granjas=integradas:0|pollito=compra|alimento=compra|flota=tercero|frio=A_refrigerado|subprod=A_externo|terreno=compra_fase|autom=semi|linea=lotes,TRUE,—,EVIDENCIA
C1|BASE|5000|ESCALA_UNICA,PROYECTO,TRUE,DEC-001,FACTIBLE,FACTIBILIDAD_PENDIENTE,DIMENSIONADO,ESCALA,rango estudiado 2500–20000,TRUE,aves/día,EVIDENCIA
C1|BASE|5000|ESCALA_UNICA,PROYECTO,,DPV-087,FACTIBILIDAD_PENDIENTE,FACTIBILIDAD_PENDIENTE,DIMENSIONADO,TERRENO,requerido [ESTIMACIÓN] con PROXY,18028.685062,m²,EVIDENCIA
C1|BASE|5000|ESCALA_UNICA,PROYECTO,,DPV-053,FACTIBILIDAD_PENDIENTE,FACTIBILIDAD_PENDIENTE,DIMENSIONADO,AGUA,requerido [ESTIMACIÓN] con rechazo [SUPUESTO],125,m³/día,EVIDENCIA
C1|BASE|5000|ESCALA_UNICA,PROYECTO,,DPV-095,FACTIBILIDAD_PENDIENTE,FACTIBILIDAD_PENDIENTE,DESCONOCIDO,POTENCIA,requerido PENDIENTE,,kW,EVIDENCIA
C1|BASE|5000|ESCALA_UNICA,PROYECTO,,DPV-097,FACTIBILIDAD_PENDIENTE,FACTIBILIDAD_PENDIENTE,DIMENSIONADO,CAPACIDAD_LINEA,garantizada PENDIENTE (DPV-097),702.247191,aves/h,EVIDENCIA
C1|BASE|5000|ESCALA_UNICA,PROYECTO,,DPV-048,FACTIBILIDAD_PENDIENTE,FACTIBILIDAD_PENDIENTE,DIMENSIONADO,PRODUCCION_PRIMARIA_INTEGRADOS,requerido [ESTIMACIÓN],18971.283723,m² galpón,EVIDENCIA
C1|BASE|5000|ESCALA_UNICA,PROYECTO,,"DPV-006, DPV-047",FACTIBILIDAD_PENDIENTE,FACTIBILIDAD_PENDIENTE,DIMENSIONADO,POLLITO,requerido [ESTIMACIÓN],26394.974397,pollitos/semana,EVIDENCIA
C1|BASE|5000|ESCALA_UNICA,PROYECTO,,DPV-050,FACTIBILIDAD_PENDIENTE,FACTIBILIDAD_PENDIENTE,DESCONOCIDO,ALIMENTO_COMPRA,requerido sin driver,,t/semana,EVIDENCIA
C1|BASE|5000|ESCALA_UNICA,PROYECTO,,DEC-027,FACTIBILIDAD_PENDIENTE,FACTIBILIDAD_PENDIENTE,DIMENSIONADO,RECEPTOR_SUBPRODUCTOS,dato de disponibilidad no declarado,TRUE,—,EVIDENCIA
C1|BASE|5000|ESCALA_UNICA,PROYECTO,,DPV-042,FACTIBILIDAD_PENDIENTE,FACTIBILIDAD_PENDIENTE,DIMENSIONADO,TRANSPORTE_TERCERO,dato de disponibilidad no declarado,TRUE,—,EVIDENCIA
C1|BASE|10000|ESCALA_UNICA,PROYECTO,TRUE,,FACTIBLE,FACTIBILIDAD_PENDIENTE,DIMENSIONADO,ARQUITECTURA,faena=propia|granjas=integradas:0|pollito=compra|alimento=compra|flota=tercero|frio=A_refrigerado|subprod=A_externo|terreno=compra_fase|autom=semi|linea=lotes,TRUE,—,EVIDENCIA
C1|BASE|10000|ESCALA_UNICA,PROYECTO,TRUE,DEC-001,FACTIBLE,FACTIBILIDAD_PENDIENTE,DIMENSIONADO,ESCALA,rango estudiado 2500–20000,TRUE,aves/día,EVIDENCIA
C1|BASE|10000|ESCALA_UNICA,PROYECTO,,DPV-087,FACTIBILIDAD_PENDIENTE,FACTIBILIDAD_PENDIENTE,DIMENSIONADO,TERRENO,requerido [ESTIMACIÓN] con PROXY,23372.494534,m²,EVIDENCIA
C1|BASE|10000|ESCALA_UNICA,PROYECTO,,DPV-053,FACTIBILIDAD_PENDIENTE,FACTIBILIDAD_PENDIENTE,DIMENSIONADO,AGUA,requerido [ESTIMACIÓN] con rechazo [SUPUESTO],250,m³/día,EVIDENCIA
C1|BASE|10000|ESCALA_UNICA,PROYECTO,,DPV-095,FACTIBILIDAD_PENDIENTE,FACTIBILIDAD_PENDIENTE,DESCONOCIDO,POTENCIA,requerido PENDIENTE,,kW,EVIDENCIA
C1|BASE|10000|ESCALA_UNICA,PROYECTO,,DPV-097,FACTIBILIDAD_PENDIENTE,FACTIBILIDAD_PENDIENTE,DIMENSIONADO,CAPACIDAD_LINEA,garantizada PENDIENTE (DPV-097),1404.494382,aves/h,EVIDENCIA
C1|BASE|10000|ESCALA_UNICA,PROYECTO,,DPV-048,FACTIBILIDAD_PENDIENTE,FACTIBILIDAD_PENDIENTE,DIMENSIONADO,PRODUCCION_PRIMARIA_INTEGRADOS,requerido [ESTIMACIÓN],37942.567446,m² galpón,EVIDENCIA
C1|BASE|10000|ESCALA_UNICA,PROYECTO,,"DPV-006, DPV-047",FACTIBILIDAD_PENDIENTE,FACTIBILIDAD_PENDIENTE,DIMENSIONADO,POLLITO,requerido [ESTIMACIÓN],52789.948794,pollitos/semana,EVIDENCIA
C1|BASE|10000|ESCALA_UNICA,PROYECTO,,DPV-050,FACTIBILIDAD_PENDIENTE,FACTIBILIDAD_PENDIENTE,DESCONOCIDO,ALIMENTO_COMPRA,requerido sin driver,,t/semana,EVIDENCIA
C1|BASE|10000|ESCALA_UNICA,PROYECTO,,DEC-027,FACTIBILIDAD_PENDIENTE,FACTIBILIDAD_PENDIENTE,DIMENSIONADO,RECEPTOR_SUBPRODUCTOS,dato de disponibilidad no declarado,TRUE,—,EVIDENCIA
C1|BASE|10000|ESCALA_UNICA,PROYECTO,,DPV-042,FACTIBILIDAD_PENDIENTE,FACTIBILIDAD_PENDIENTE,DIMENSIONADO,TRANSPORTE_TERCERO,dato de disponibilidad no declarado,TRUE,—,EVIDENCIA
C1|BASE|20000|ESCALA_UNICA,PROYECTO,TRUE,,FACTIBLE,FACTIBILIDAD_PENDIENTE,DIMENSIONADO,ARQUITECTURA,faena=propia|granjas=integradas:0|pollito=compra|alimento=compra|flota=tercero|frio=A_refrigerado|subprod=A_externo|terreno=compra_fase|autom=semi|linea=lotes,TRUE,—,EVIDENCIA
C1|BASE|20000|ESCALA_UNICA,PROYECTO,TRUE,DEC-001,FACTIBLE,FACTIBILIDAD_PENDIENTE,DIMENSIONADO,ESCALA,rango estudiado 2500–20000,TRUE,aves/día,EVIDENCIA
C1|BASE|20000|ESCALA_UNICA,PROYECTO,,DPV-087,FACTIBILIDAD_PENDIENTE,FACTIBILIDAD_PENDIENTE,DIMENSIONADO,TERRENO,requerido [ESTIMACIÓN] con PROXY,32379.39504,m²,EVIDENCIA
C1|BASE|20000|ESCALA_UNICA,PROYECTO,,DPV-053,FACTIBILIDAD_PENDIENTE,FACTIBILIDAD_PENDIENTE,DIMENSIONADO,AGUA,requerido [ESTIMACIÓN] con rechazo [SUPUESTO],500,m³/día,EVIDENCIA
C1|BASE|20000|ESCALA_UNICA,PROYECTO,,DPV-095,FACTIBILIDAD_PENDIENTE,FACTIBILIDAD_PENDIENTE,DESCONOCIDO,POTENCIA,requerido PENDIENTE,,kW,EVIDENCIA
C1|BASE|20000|ESCALA_UNICA,PROYECTO,,DPV-097,FACTIBILIDAD_PENDIENTE,FACTIBILIDAD_PENDIENTE,DIMENSIONADO,CAPACIDAD_LINEA,garantizada PENDIENTE (DPV-097),2808.988764,aves/h,EVIDENCIA
C1|BASE|20000|ESCALA_UNICA,PROYECTO,,DPV-048,FACTIBILIDAD_PENDIENTE,FACTIBILIDAD_PENDIENTE,DIMENSIONADO,PRODUCCION_PRIMARIA_INTEGRADOS,requerido [ESTIMACIÓN],75885.134891,m² galpón,EVIDENCIA
C1|BASE|20000|ESCALA_UNICA,PROYECTO,,"DPV-006, DPV-047",FACTIBILIDAD_PENDIENTE,FACTIBILIDAD_PENDIENTE,DIMENSIONADO,POLLITO,requerido [ESTIMACIÓN],105579.897587,pollitos/semana,EVIDENCIA
C1|BASE|20000|ESCALA_UNICA,PROYECTO,,DPV-050,FACTIBILIDAD_PENDIENTE,FACTIBILIDAD_PENDIENTE,DESCONOCIDO,ALIMENTO_COMPRA,requerido sin driver,,t/semana,EVIDENCIA
C1|BASE|20000|ESCALA_UNICA,PROYECTO,,DEC-027,FACTIBILIDAD_PENDIENTE,FACTIBILIDAD_PENDIENTE,DIMENSIONADO,RECEPTOR_SUBPRODUCTOS,dato de disponibilidad no declarado,TRUE,—,EVIDENCIA
C1|BASE|20000|ESCALA_UNICA,PROYECTO,,DPV-042,FACTIBILIDAD_PENDIENTE,FACTIBILIDAD_PENDIENTE,DIMENSIONADO,TRANSPORTE_TERCERO,dato de disponibilidad no declarado,TRUE,—,EVIDENCIA
C1|BASE|2500-5000-10000-20000|T1_2500_5000_10000_20000,PROYECTO,TRUE,,FACTIBLE,FACTIBILIDAD_PENDIENTE,DIMENSIONADO,ARQUITECTURA,faena=propia|granjas=integradas:0|pollito=compra|alimento=compra|flota=tercero|frio=A_refrigerado|subprod=A_externo|terreno=compra_fase|autom=semi|linea=lotes,TRUE,—,EVIDENCIA
C1|BASE|2500-5000-10000-20000|T1_2500_5000_10000_20000,PROYECTO,TRUE,DEC-001,FACTIBLE,FACTIBILIDAD_PENDIENTE,DIMENSIONADO,ESCALA,rango estudiado 2500–20000,TRUE,aves/día,EVIDENCIA
C1|BASE|2500-5000-10000-20000|T1_2500_5000_10000_20000,PROYECTO,,DPV-087,FACTIBILIDAD_PENDIENTE,FACTIBILIDAD_PENDIENTE,DIMENSIONADO,TERRENO,requerido [ESTIMACIÓN] con PROXY,32379.39504,m²,EVIDENCIA
C1|BASE|2500-5000-10000-20000|T1_2500_5000_10000_20000,PROYECTO,,DPV-053,FACTIBILIDAD_PENDIENTE,FACTIBILIDAD_PENDIENTE,DIMENSIONADO,AGUA,requerido [ESTIMACIÓN] con rechazo [SUPUESTO],500,m³/día,EVIDENCIA
C1|BASE|2500-5000-10000-20000|T1_2500_5000_10000_20000,PROYECTO,,DPV-095,FACTIBILIDAD_PENDIENTE,FACTIBILIDAD_PENDIENTE,DESCONOCIDO,POTENCIA,requerido PENDIENTE,,kW,EVIDENCIA
C1|BASE|2500-5000-10000-20000|T1_2500_5000_10000_20000,PROYECTO,,DPV-097,FACTIBILIDAD_PENDIENTE,FACTIBILIDAD_PENDIENTE,DIMENSIONADO,CAPACIDAD_LINEA,garantizada PENDIENTE (DPV-097),2808.988764,aves/h,EVIDENCIA
C1|BASE|2500-5000-10000-20000|T1_2500_5000_10000_20000,PROYECTO,,DPV-048,FACTIBILIDAD_PENDIENTE,FACTIBILIDAD_PENDIENTE,DIMENSIONADO,PRODUCCION_PRIMARIA_INTEGRADOS,requerido [ESTIMACIÓN],75885.134891,m² galpón,EVIDENCIA
C1|BASE|2500-5000-10000-20000|T1_2500_5000_10000_20000,PROYECTO,,"DPV-006, DPV-047",FACTIBILIDAD_PENDIENTE,FACTIBILIDAD_PENDIENTE,DIMENSIONADO,POLLITO,requerido [ESTIMACIÓN],105579.897587,pollitos/semana,EVIDENCIA
C1|BASE|2500-5000-10000-20000|T1_2500_5000_10000_20000,PROYECTO,,DPV-050,FACTIBILIDAD_PENDIENTE,FACTIBILIDAD_PENDIENTE,DESCONOCIDO,ALIMENTO_COMPRA,requerido sin driver,,t/semana,EVIDENCIA
C1|BASE|2500-5000-10000-20000|T1_2500_5000_10000_20000,PROYECTO,,DEC-027,FACTIBILIDAD_PENDIENTE,FACTIBILIDAD_PENDIENTE,DIMENSIONADO,RECEPTOR_SUBPRODUCTOS,dato de disponibilidad no declarado,TRUE,—,EVIDENCIA
C1|BASE|2500-5000-10000-20000|T1_2500_5000_10000_20000,PROYECTO,,DPV-042,FACTIBILIDAD_PENDIENTE,FACTIBILIDAD_PENDIENTE,DIMENSIONADO,TRANSPORTE_TERCERO,dato de disponibilidad no declarado,TRUE,—,EVIDENCIA
C1|BASE|5000-10000-20000|T2_5000_10000_20000,PROYECTO,TRUE,,FACTIBLE,FACTIBILIDAD_PENDIENTE,DIMENSIONADO,ARQUITECTURA,faena=propia|granjas=integradas:0|pollito=compra|alimento=compra|flota=tercero|frio=A_refrigerado|subprod=A_externo|terreno=compra_fase|autom=semi|linea=lotes,TRUE,—,EVIDENCIA
C1|BASE|5000-10000-20000|T2_5000_10000_20000,PROYECTO,TRUE,DEC-001,FACTIBLE,FACTIBILIDAD_PENDIENTE,DIMENSIONADO,ESCALA,rango estudiado 2500–20000,TRUE,aves/día,EVIDENCIA
C1|BASE|5000-10000-20000|T2_5000_10000_20000,PROYECTO,,DPV-087,FACTIBILIDAD_PENDIENTE,FACTIBILIDAD_PENDIENTE,DIMENSIONADO,TERRENO,requerido [ESTIMACIÓN] con PROXY,32379.39504,m²,EVIDENCIA
C1|BASE|5000-10000-20000|T2_5000_10000_20000,PROYECTO,,DPV-053,FACTIBILIDAD_PENDIENTE,FACTIBILIDAD_PENDIENTE,DIMENSIONADO,AGUA,requerido [ESTIMACIÓN] con rechazo [SUPUESTO],500,m³/día,EVIDENCIA
C1|BASE|5000-10000-20000|T2_5000_10000_20000,PROYECTO,,DPV-095,FACTIBILIDAD_PENDIENTE,FACTIBILIDAD_PENDIENTE,DESCONOCIDO,POTENCIA,requerido PENDIENTE,,kW,EVIDENCIA
C1|BASE|5000-10000-20000|T2_5000_10000_20000,PROYECTO,,DPV-097,FACTIBILIDAD_PENDIENTE,FACTIBILIDAD_PENDIENTE,DIMENSIONADO,CAPACIDAD_LINEA,garantizada PENDIENTE (DPV-097),2808.988764,aves/h,EVIDENCIA
C1|BASE|5000-10000-20000|T2_5000_10000_20000,PROYECTO,,DPV-048,FACTIBILIDAD_PENDIENTE,FACTIBILIDAD_PENDIENTE,DIMENSIONADO,PRODUCCION_PRIMARIA_INTEGRADOS,requerido [ESTIMACIÓN],75885.134891,m² galpón,EVIDENCIA
C1|BASE|5000-10000-20000|T2_5000_10000_20000,PROYECTO,,"DPV-006, DPV-047",FACTIBILIDAD_PENDIENTE,FACTIBILIDAD_PENDIENTE,DIMENSIONADO,POLLITO,requerido [ESTIMACIÓN],105579.897587,pollitos/semana,EVIDENCIA
C1|BASE|5000-10000-20000|T2_5000_10000_20000,PROYECTO,,DPV-050,FACTIBILIDAD_PENDIENTE,FACTIBILIDAD_PENDIENTE,DESCONOCIDO,ALIMENTO_COMPRA,requerido sin driver,,t/semana,EVIDENCIA
C1|BASE|5000-10000-20000|T2_5000_10000_20000,PROYECTO,,DEC-027,FACTIBILIDAD_PENDIENTE,FACTIBILIDAD_PENDIENTE,DIMENSIONADO,RECEPTOR_SUBPRODUCTOS,dato de disponibilidad no declarado,TRUE,—,EVIDENCIA
C1|BASE|5000-10000-20000|T2_5000_10000_20000,PROYECTO,,DPV-042,FACTIBILIDAD_PENDIENTE,FACTIBILIDAD_PENDIENTE,DIMENSIONADO,TRANSPORTE_TERCERO,dato de disponibilidad no declarado,TRUE,—,EVIDENCIA
C1|BASE|10000-20000|T3_10000_20000,PROYECTO,TRUE,,FACTIBLE,FACTIBILIDAD_PENDIENTE,DIMENSIONADO,ARQUITECTURA,faena=propia|granjas=integradas:0|pollito=compra|alimento=compra|flota=tercero|frio=A_refrigerado|subprod=A_externo|terreno=compra_fase|autom=semi|linea=lotes,TRUE,—,EVIDENCIA
C1|BASE|10000-20000|T3_10000_20000,PROYECTO,TRUE,DEC-001,FACTIBLE,FACTIBILIDAD_PENDIENTE,DIMENSIONADO,ESCALA,rango estudiado 2500–20000,TRUE,aves/día,EVIDENCIA
C1|BASE|10000-20000|T3_10000_20000,PROYECTO,,DPV-087,FACTIBILIDAD_PENDIENTE,FACTIBILIDAD_PENDIENTE,DIMENSIONADO,TERRENO,requerido [ESTIMACIÓN] con PROXY,32379.39504,m²,EVIDENCIA
C1|BASE|10000-20000|T3_10000_20000,PROYECTO,,DPV-053,FACTIBILIDAD_PENDIENTE,FACTIBILIDAD_PENDIENTE,DIMENSIONADO,AGUA,requerido [ESTIMACIÓN] con rechazo [SUPUESTO],500,m³/día,EVIDENCIA
C1|BASE|10000-20000|T3_10000_20000,PROYECTO,,DPV-095,FACTIBILIDAD_PENDIENTE,FACTIBILIDAD_PENDIENTE,DESCONOCIDO,POTENCIA,requerido PENDIENTE,,kW,EVIDENCIA
C1|BASE|10000-20000|T3_10000_20000,PROYECTO,,DPV-097,FACTIBILIDAD_PENDIENTE,FACTIBILIDAD_PENDIENTE,DIMENSIONADO,CAPACIDAD_LINEA,garantizada PENDIENTE (DPV-097),2808.988764,aves/h,EVIDENCIA
C1|BASE|10000-20000|T3_10000_20000,PROYECTO,,DPV-048,FACTIBILIDAD_PENDIENTE,FACTIBILIDAD_PENDIENTE,DIMENSIONADO,PRODUCCION_PRIMARIA_INTEGRADOS,requerido [ESTIMACIÓN],75885.134891,m² galpón,EVIDENCIA
C1|BASE|10000-20000|T3_10000_20000,PROYECTO,,"DPV-006, DPV-047",FACTIBILIDAD_PENDIENTE,FACTIBILIDAD_PENDIENTE,DIMENSIONADO,POLLITO,requerido [ESTIMACIÓN],105579.897587,pollitos/semana,EVIDENCIA
C1|BASE|10000-20000|T3_10000_20000,PROYECTO,,DPV-050,FACTIBILIDAD_PENDIENTE,FACTIBILIDAD_PENDIENTE,DESCONOCIDO,ALIMENTO_COMPRA,requerido sin driver,,t/semana,EVIDENCIA
C1|BASE|10000-20000|T3_10000_20000,PROYECTO,,DEC-027,FACTIBILIDAD_PENDIENTE,FACTIBILIDAD_PENDIENTE,DIMENSIONADO,RECEPTOR_SUBPRODUCTOS,dato de disponibilidad no declarado,TRUE,—,EVIDENCIA
C1|BASE|10000-20000|T3_10000_20000,PROYECTO,,DPV-042,FACTIBILIDAD_PENDIENTE,FACTIBILIDAD_PENDIENTE,DIMENSIONADO,TRANSPORTE_TERCERO,dato de disponibilidad no declarado,TRUE,—,EVIDENCIA
C2|BASE|2500|ESCALA_UNICA,PROYECTO,TRUE,,FACTIBLE,FACTIBILIDAD_PENDIENTE,DIMENSIONADO,ARQUITECTURA,"faena=propia|granjas=mixto:0.25|pollito=compra|alimento=facon|flota=mixto(vivo,refrigerado,servicio)|frio=B_refrigerado_congelado|subprod=A_externo|terreno=compra_fase|autom=semi|linea=lotes",TRUE,—,EVIDENCIA
C2|BASE|2500|ESCALA_UNICA,PROYECTO,TRUE,DEC-001,FACTIBLE,FACTIBILIDAD_PENDIENTE,DIMENSIONADO,ESCALA,rango estudiado 2500–20000,TRUE,aves/día,EVIDENCIA
C2|BASE|2500|ESCALA_UNICA,PROYECTO,,DPV-087,FACTIBILIDAD_PENDIENTE,FACTIBILIDAD_PENDIENTE,DIMENSIONADO,TERRENO,requerido [ESTIMACIÓN] con PROXY,15449.574084,m²,EVIDENCIA
C2|BASE|2500|ESCALA_UNICA,PROYECTO,,DPV-053,FACTIBILIDAD_PENDIENTE,FACTIBILIDAD_PENDIENTE,DIMENSIONADO,AGUA,requerido [ESTIMACIÓN] con rechazo [SUPUESTO],62.5,m³/día,EVIDENCIA
C2|BASE|2500|ESCALA_UNICA,PROYECTO,,DPV-095,FACTIBILIDAD_PENDIENTE,FACTIBILIDAD_PENDIENTE,DESCONOCIDO,POTENCIA,requerido PENDIENTE,,kW,EVIDENCIA
C2|BASE|2500|ESCALA_UNICA,PROYECTO,,DPV-097,FACTIBILIDAD_PENDIENTE,FACTIBILIDAD_PENDIENTE,DIMENSIONADO,CAPACIDAD_LINEA,garantizada PENDIENTE (DPV-097),351.123596,aves/h,EVIDENCIA
C2|BASE|2500|ESCALA_UNICA,PROYECTO,,DPV-048,FACTIBILIDAD_PENDIENTE,FACTIBILIDAD_PENDIENTE,DIMENSIONADO,PRODUCCION_PRIMARIA_INTEGRADOS,requerido [ESTIMACIÓN],7114.231396,m² galpón,EVIDENCIA
C2|BASE|2500|ESCALA_UNICA,PROYECTO,,DPV-051,FACTIBILIDAD_PENDIENTE,FACTIBILIDAD_PENDIENTE,DIMENSIONADO,SITIOS_GRANJAS_PROPIAS,dato de disponibilidad no declarado,TRUE,sitios,EVIDENCIA
C2|BASE|2500|ESCALA_UNICA,PROYECTO,,"DPV-006, DPV-047",FACTIBILIDAD_PENDIENTE,FACTIBILIDAD_PENDIENTE,DIMENSIONADO,POLLITO,requerido [ESTIMACIÓN],13197.487198,pollitos/semana,EVIDENCIA
C2|BASE|2500|ESCALA_UNICA,PROYECTO,,DPV-155,FACTIBILIDAD_PENDIENTE,FACTIBILIDAD_PENDIENTE,DESCONOCIDO,ALIMENTO_FACON,requerido sin driver,,t/semana,EVIDENCIA
C2|BASE|2500|ESCALA_UNICA,PROYECTO,,DEC-027,FACTIBILIDAD_PENDIENTE,FACTIBILIDAD_PENDIENTE,DIMENSIONADO,RECEPTOR_SUBPRODUCTOS,dato de disponibilidad no declarado,TRUE,—,EVIDENCIA
C2|BASE|2500|ESCALA_UNICA,PROYECTO,,DPV-042,FACTIBILIDAD_PENDIENTE,FACTIBILIDAD_PENDIENTE,DIMENSIONADO,TRANSPORTE_TERCERO,dato de disponibilidad no declarado,TRUE,—,EVIDENCIA
C2|BASE|5000|ESCALA_UNICA,PROYECTO,TRUE,,FACTIBLE,FACTIBILIDAD_PENDIENTE,DIMENSIONADO,ARQUITECTURA,"faena=propia|granjas=mixto:0.25|pollito=compra|alimento=facon|flota=mixto(vivo,refrigerado,servicio)|frio=B_refrigerado_congelado|subprod=A_externo|terreno=compra_fase|autom=semi|linea=lotes",TRUE,—,EVIDENCIA
C2|BASE|5000|ESCALA_UNICA,PROYECTO,TRUE,DEC-001,FACTIBLE,FACTIBILIDAD_PENDIENTE,DIMENSIONADO,ESCALA,rango estudiado 2500–20000,TRUE,aves/día,EVIDENCIA
C2|BASE|5000|ESCALA_UNICA,PROYECTO,,DPV-087,FACTIBILIDAD_PENDIENTE,FACTIBILIDAD_PENDIENTE,DIMENSIONADO,TERRENO,requerido [ESTIMACIÓN] con PROXY,18193.650549,m²,EVIDENCIA
C2|BASE|5000|ESCALA_UNICA,PROYECTO,,DPV-053,FACTIBILIDAD_PENDIENTE,FACTIBILIDAD_PENDIENTE,DIMENSIONADO,AGUA,requerido [ESTIMACIÓN] con rechazo [SUPUESTO],125,m³/día,EVIDENCIA
C2|BASE|5000|ESCALA_UNICA,PROYECTO,,DPV-095,FACTIBILIDAD_PENDIENTE,FACTIBILIDAD_PENDIENTE,DESCONOCIDO,POTENCIA,requerido PENDIENTE,,kW,EVIDENCIA
C2|BASE|5000|ESCALA_UNICA,PROYECTO,,DPV-097,FACTIBILIDAD_PENDIENTE,FACTIBILIDAD_PENDIENTE,DIMENSIONADO,CAPACIDAD_LINEA,garantizada PENDIENTE (DPV-097),702.247191,aves/h,EVIDENCIA
C2|BASE|5000|ESCALA_UNICA,PROYECTO,,DPV-048,FACTIBILIDAD_PENDIENTE,FACTIBILIDAD_PENDIENTE,DIMENSIONADO,PRODUCCION_PRIMARIA_INTEGRADOS,requerido [ESTIMACIÓN],14228.462792,m² galpón,EVIDENCIA
C2|BASE|5000|ESCALA_UNICA,PROYECTO,,DPV-051,FACTIBILIDAD_PENDIENTE,FACTIBILIDAD_PENDIENTE,DIMENSIONADO,SITIOS_GRANJAS_PROPIAS,dato de disponibilidad no declarado,TRUE,sitios,EVIDENCIA
C2|BASE|5000|ESCALA_UNICA,PROYECTO,,"DPV-006, DPV-047",FACTIBILIDAD_PENDIENTE,FACTIBILIDAD_PENDIENTE,DIMENSIONADO,POLLITO,requerido [ESTIMACIÓN],26394.974397,pollitos/semana,EVIDENCIA
C2|BASE|5000|ESCALA_UNICA,PROYECTO,,DPV-155,FACTIBILIDAD_PENDIENTE,FACTIBILIDAD_PENDIENTE,DESCONOCIDO,ALIMENTO_FACON,requerido sin driver,,t/semana,EVIDENCIA
C2|BASE|5000|ESCALA_UNICA,PROYECTO,,DEC-027,FACTIBILIDAD_PENDIENTE,FACTIBILIDAD_PENDIENTE,DIMENSIONADO,RECEPTOR_SUBPRODUCTOS,dato de disponibilidad no declarado,TRUE,—,EVIDENCIA
C2|BASE|5000|ESCALA_UNICA,PROYECTO,,DPV-042,FACTIBILIDAD_PENDIENTE,FACTIBILIDAD_PENDIENTE,DIMENSIONADO,TRANSPORTE_TERCERO,dato de disponibilidad no declarado,TRUE,—,EVIDENCIA
C2|BASE|10000|ESCALA_UNICA,PROYECTO,TRUE,,FACTIBLE,FACTIBILIDAD_PENDIENTE,DIMENSIONADO,ARQUITECTURA,"faena=propia|granjas=mixto:0.25|pollito=compra|alimento=facon|flota=mixto(vivo,refrigerado,servicio)|frio=B_refrigerado_congelado|subprod=A_externo|terreno=compra_fase|autom=semi|linea=lotes",TRUE,—,EVIDENCIA
C2|BASE|10000|ESCALA_UNICA,PROYECTO,TRUE,DEC-001,FACTIBLE,FACTIBILIDAD_PENDIENTE,DIMENSIONADO,ESCALA,rango estudiado 2500–20000,TRUE,aves/día,EVIDENCIA
C2|BASE|10000|ESCALA_UNICA,PROYECTO,,DPV-087,FACTIBILIDAD_PENDIENTE,FACTIBILIDAD_PENDIENTE,DIMENSIONADO,TERRENO,requerido [ESTIMACIÓN] con PROXY,23705.920159,m²,EVIDENCIA
C2|BASE|10000|ESCALA_UNICA,PROYECTO,,DPV-053,FACTIBILIDAD_PENDIENTE,FACTIBILIDAD_PENDIENTE,DIMENSIONADO,AGUA,requerido [ESTIMACIÓN] con rechazo [SUPUESTO],250,m³/día,EVIDENCIA
C2|BASE|10000|ESCALA_UNICA,PROYECTO,,DPV-095,FACTIBILIDAD_PENDIENTE,FACTIBILIDAD_PENDIENTE,DESCONOCIDO,POTENCIA,requerido PENDIENTE,,kW,EVIDENCIA
C2|BASE|10000|ESCALA_UNICA,PROYECTO,,DPV-097,FACTIBILIDAD_PENDIENTE,FACTIBILIDAD_PENDIENTE,DIMENSIONADO,CAPACIDAD_LINEA,garantizada PENDIENTE (DPV-097),1404.494382,aves/h,EVIDENCIA
C2|BASE|10000|ESCALA_UNICA,PROYECTO,,DPV-048,FACTIBILIDAD_PENDIENTE,FACTIBILIDAD_PENDIENTE,DIMENSIONADO,PRODUCCION_PRIMARIA_INTEGRADOS,requerido [ESTIMACIÓN],28456.925584,m² galpón,EVIDENCIA
C2|BASE|10000|ESCALA_UNICA,PROYECTO,,DPV-051,FACTIBILIDAD_PENDIENTE,FACTIBILIDAD_PENDIENTE,DIMENSIONADO,SITIOS_GRANJAS_PROPIAS,dato de disponibilidad no declarado,TRUE,sitios,EVIDENCIA
C2|BASE|10000|ESCALA_UNICA,PROYECTO,,"DPV-006, DPV-047",FACTIBILIDAD_PENDIENTE,FACTIBILIDAD_PENDIENTE,DIMENSIONADO,POLLITO,requerido [ESTIMACIÓN],52789.948794,pollitos/semana,EVIDENCIA
C2|BASE|10000|ESCALA_UNICA,PROYECTO,,DPV-155,FACTIBILIDAD_PENDIENTE,FACTIBILIDAD_PENDIENTE,DESCONOCIDO,ALIMENTO_FACON,requerido sin driver,,t/semana,EVIDENCIA
C2|BASE|10000|ESCALA_UNICA,PROYECTO,,DEC-027,FACTIBILIDAD_PENDIENTE,FACTIBILIDAD_PENDIENTE,DIMENSIONADO,RECEPTOR_SUBPRODUCTOS,dato de disponibilidad no declarado,TRUE,—,EVIDENCIA
C2|BASE|10000|ESCALA_UNICA,PROYECTO,,DPV-042,FACTIBILIDAD_PENDIENTE,FACTIBILIDAD_PENDIENTE,DIMENSIONADO,TRANSPORTE_TERCERO,dato de disponibilidad no declarado,TRUE,—,EVIDENCIA
C2|BASE|20000|ESCALA_UNICA,PROYECTO,TRUE,,FACTIBLE,FACTIBILIDAD_PENDIENTE,DIMENSIONADO,ARQUITECTURA,"faena=propia|granjas=mixto:0.25|pollito=compra|alimento=facon|flota=mixto(vivo,refrigerado,servicio)|frio=B_refrigerado_congelado|subprod=A_externo|terreno=compra_fase|autom=semi|linea=lotes",TRUE,—,EVIDENCIA
C2|BASE|20000|ESCALA_UNICA,PROYECTO,TRUE,DEC-001,FACTIBLE,FACTIBILIDAD_PENDIENTE,DIMENSIONADO,ESCALA,rango estudiado 2500–20000,TRUE,aves/día,EVIDENCIA
C2|BASE|20000|ESCALA_UNICA,PROYECTO,,DPV-087,FACTIBILIDAD_PENDIENTE,FACTIBILIDAD_PENDIENTE,DIMENSIONADO,TERRENO,requerido [ESTIMACIÓN] con PROXY,33080.583278,m²,EVIDENCIA
C2|BASE|20000|ESCALA_UNICA,PROYECTO,,DPV-053,FACTIBILIDAD_PENDIENTE,FACTIBILIDAD_PENDIENTE,DIMENSIONADO,AGUA,requerido [ESTIMACIÓN] con rechazo [SUPUESTO],500,m³/día,EVIDENCIA
C2|BASE|20000|ESCALA_UNICA,PROYECTO,,DPV-095,FACTIBILIDAD_PENDIENTE,FACTIBILIDAD_PENDIENTE,DESCONOCIDO,POTENCIA,requerido PENDIENTE,,kW,EVIDENCIA
C2|BASE|20000|ESCALA_UNICA,PROYECTO,,DPV-097,FACTIBILIDAD_PENDIENTE,FACTIBILIDAD_PENDIENTE,DIMENSIONADO,CAPACIDAD_LINEA,garantizada PENDIENTE (DPV-097),2808.988764,aves/h,EVIDENCIA
C2|BASE|20000|ESCALA_UNICA,PROYECTO,,DPV-048,FACTIBILIDAD_PENDIENTE,FACTIBILIDAD_PENDIENTE,DIMENSIONADO,PRODUCCION_PRIMARIA_INTEGRADOS,requerido [ESTIMACIÓN],56913.851168,m² galpón,EVIDENCIA
C2|BASE|20000|ESCALA_UNICA,PROYECTO,,DPV-051,FACTIBILIDAD_PENDIENTE,FACTIBILIDAD_PENDIENTE,DIMENSIONADO,SITIOS_GRANJAS_PROPIAS,dato de disponibilidad no declarado,TRUE,sitios,EVIDENCIA
C2|BASE|20000|ESCALA_UNICA,PROYECTO,,"DPV-006, DPV-047",FACTIBILIDAD_PENDIENTE,FACTIBILIDAD_PENDIENTE,DIMENSIONADO,POLLITO,requerido [ESTIMACIÓN],105579.897587,pollitos/semana,EVIDENCIA
C2|BASE|20000|ESCALA_UNICA,PROYECTO,,DPV-155,FACTIBILIDAD_PENDIENTE,FACTIBILIDAD_PENDIENTE,DESCONOCIDO,ALIMENTO_FACON,requerido sin driver,,t/semana,EVIDENCIA
C2|BASE|20000|ESCALA_UNICA,PROYECTO,,DEC-027,FACTIBILIDAD_PENDIENTE,FACTIBILIDAD_PENDIENTE,DIMENSIONADO,RECEPTOR_SUBPRODUCTOS,dato de disponibilidad no declarado,TRUE,—,EVIDENCIA
C2|BASE|20000|ESCALA_UNICA,PROYECTO,,DPV-042,FACTIBILIDAD_PENDIENTE,FACTIBILIDAD_PENDIENTE,DIMENSIONADO,TRANSPORTE_TERCERO,dato de disponibilidad no declarado,TRUE,—,EVIDENCIA
C2|BASE|2500-5000-10000-20000|T1_2500_5000_10000_20000,PROYECTO,TRUE,,FACTIBLE,FACTIBILIDAD_PENDIENTE,DIMENSIONADO,ARQUITECTURA,"faena=propia|granjas=mixto:0.25|pollito=compra|alimento=facon|flota=mixto(vivo,refrigerado,servicio)|frio=B_refrigerado_congelado|subprod=A_externo|terreno=compra_fase|autom=semi|linea=lotes",TRUE,—,EVIDENCIA
C2|BASE|2500-5000-10000-20000|T1_2500_5000_10000_20000,PROYECTO,TRUE,DEC-001,FACTIBLE,FACTIBILIDAD_PENDIENTE,DIMENSIONADO,ESCALA,rango estudiado 2500–20000,TRUE,aves/día,EVIDENCIA
C2|BASE|2500-5000-10000-20000|T1_2500_5000_10000_20000,PROYECTO,,DPV-087,FACTIBILIDAD_PENDIENTE,FACTIBILIDAD_PENDIENTE,DIMENSIONADO,TERRENO,requerido [ESTIMACIÓN] con PROXY,33080.583278,m²,EVIDENCIA
C2|BASE|2500-5000-10000-20000|T1_2500_5000_10000_20000,PROYECTO,,DPV-053,FACTIBILIDAD_PENDIENTE,FACTIBILIDAD_PENDIENTE,DIMENSIONADO,AGUA,requerido [ESTIMACIÓN] con rechazo [SUPUESTO],500,m³/día,EVIDENCIA
C2|BASE|2500-5000-10000-20000|T1_2500_5000_10000_20000,PROYECTO,,DPV-095,FACTIBILIDAD_PENDIENTE,FACTIBILIDAD_PENDIENTE,DESCONOCIDO,POTENCIA,requerido PENDIENTE,,kW,EVIDENCIA
C2|BASE|2500-5000-10000-20000|T1_2500_5000_10000_20000,PROYECTO,,DPV-097,FACTIBILIDAD_PENDIENTE,FACTIBILIDAD_PENDIENTE,DIMENSIONADO,CAPACIDAD_LINEA,garantizada PENDIENTE (DPV-097),2808.988764,aves/h,EVIDENCIA
C2|BASE|2500-5000-10000-20000|T1_2500_5000_10000_20000,PROYECTO,,DPV-048,FACTIBILIDAD_PENDIENTE,FACTIBILIDAD_PENDIENTE,DIMENSIONADO,PRODUCCION_PRIMARIA_INTEGRADOS,requerido [ESTIMACIÓN],56913.851168,m² galpón,EVIDENCIA
C2|BASE|2500-5000-10000-20000|T1_2500_5000_10000_20000,PROYECTO,,DPV-051,FACTIBILIDAD_PENDIENTE,FACTIBILIDAD_PENDIENTE,DIMENSIONADO,SITIOS_GRANJAS_PROPIAS,dato de disponibilidad no declarado,TRUE,sitios,EVIDENCIA
C2|BASE|2500-5000-10000-20000|T1_2500_5000_10000_20000,PROYECTO,,"DPV-006, DPV-047",FACTIBILIDAD_PENDIENTE,FACTIBILIDAD_PENDIENTE,DIMENSIONADO,POLLITO,requerido [ESTIMACIÓN],105579.897587,pollitos/semana,EVIDENCIA
C2|BASE|2500-5000-10000-20000|T1_2500_5000_10000_20000,PROYECTO,,DPV-155,FACTIBILIDAD_PENDIENTE,FACTIBILIDAD_PENDIENTE,DESCONOCIDO,ALIMENTO_FACON,requerido sin driver,,t/semana,EVIDENCIA
C2|BASE|2500-5000-10000-20000|T1_2500_5000_10000_20000,PROYECTO,,DEC-027,FACTIBILIDAD_PENDIENTE,FACTIBILIDAD_PENDIENTE,DIMENSIONADO,RECEPTOR_SUBPRODUCTOS,dato de disponibilidad no declarado,TRUE,—,EVIDENCIA
C2|BASE|2500-5000-10000-20000|T1_2500_5000_10000_20000,PROYECTO,,DPV-042,FACTIBILIDAD_PENDIENTE,FACTIBILIDAD_PENDIENTE,DIMENSIONADO,TRANSPORTE_TERCERO,dato de disponibilidad no declarado,TRUE,—,EVIDENCIA
C2|BASE|5000-10000-20000|T2_5000_10000_20000,PROYECTO,TRUE,,FACTIBLE,FACTIBILIDAD_PENDIENTE,DIMENSIONADO,ARQUITECTURA,"faena=propia|granjas=mixto:0.25|pollito=compra|alimento=facon|flota=mixto(vivo,refrigerado,servicio)|frio=B_refrigerado_congelado|subprod=A_externo|terreno=compra_fase|autom=semi|linea=lotes",TRUE,—,EVIDENCIA
C2|BASE|5000-10000-20000|T2_5000_10000_20000,PROYECTO,TRUE,DEC-001,FACTIBLE,FACTIBILIDAD_PENDIENTE,DIMENSIONADO,ESCALA,rango estudiado 2500–20000,TRUE,aves/día,EVIDENCIA
C2|BASE|5000-10000-20000|T2_5000_10000_20000,PROYECTO,,DPV-087,FACTIBILIDAD_PENDIENTE,FACTIBILIDAD_PENDIENTE,DIMENSIONADO,TERRENO,requerido [ESTIMACIÓN] con PROXY,33080.583278,m²,EVIDENCIA
C2|BASE|5000-10000-20000|T2_5000_10000_20000,PROYECTO,,DPV-053,FACTIBILIDAD_PENDIENTE,FACTIBILIDAD_PENDIENTE,DIMENSIONADO,AGUA,requerido [ESTIMACIÓN] con rechazo [SUPUESTO],500,m³/día,EVIDENCIA
C2|BASE|5000-10000-20000|T2_5000_10000_20000,PROYECTO,,DPV-095,FACTIBILIDAD_PENDIENTE,FACTIBILIDAD_PENDIENTE,DESCONOCIDO,POTENCIA,requerido PENDIENTE,,kW,EVIDENCIA
C2|BASE|5000-10000-20000|T2_5000_10000_20000,PROYECTO,,DPV-097,FACTIBILIDAD_PENDIENTE,FACTIBILIDAD_PENDIENTE,DIMENSIONADO,CAPACIDAD_LINEA,garantizada PENDIENTE (DPV-097),2808.988764,aves/h,EVIDENCIA
C2|BASE|5000-10000-20000|T2_5000_10000_20000,PROYECTO,,DPV-048,FACTIBILIDAD_PENDIENTE,FACTIBILIDAD_PENDIENTE,DIMENSIONADO,PRODUCCION_PRIMARIA_INTEGRADOS,requerido [ESTIMACIÓN],56913.851168,m² galpón,EVIDENCIA
C2|BASE|5000-10000-20000|T2_5000_10000_20000,PROYECTO,,DPV-051,FACTIBILIDAD_PENDIENTE,FACTIBILIDAD_PENDIENTE,DIMENSIONADO,SITIOS_GRANJAS_PROPIAS,dato de disponibilidad no declarado,TRUE,sitios,EVIDENCIA
C2|BASE|5000-10000-20000|T2_5000_10000_20000,PROYECTO,,"DPV-006, DPV-047",FACTIBILIDAD_PENDIENTE,FACTIBILIDAD_PENDIENTE,DIMENSIONADO,POLLITO,requerido [ESTIMACIÓN],105579.897587,pollitos/semana,EVIDENCIA
C2|BASE|5000-10000-20000|T2_5000_10000_20000,PROYECTO,,DPV-155,FACTIBILIDAD_PENDIENTE,FACTIBILIDAD_PENDIENTE,DESCONOCIDO,ALIMENTO_FACON,requerido sin driver,,t/semana,EVIDENCIA
C2|BASE|5000-10000-20000|T2_5000_10000_20000,PROYECTO,,DEC-027,FACTIBILIDAD_PENDIENTE,FACTIBILIDAD_PENDIENTE,DIMENSIONADO,RECEPTOR_SUBPRODUCTOS,dato de disponibilidad no declarado,TRUE,—,EVIDENCIA
C2|BASE|5000-10000-20000|T2_5000_10000_20000,PROYECTO,,DPV-042,FACTIBILIDAD_PENDIENTE,FACTIBILIDAD_PENDIENTE,DIMENSIONADO,TRANSPORTE_TERCERO,dato de disponibilidad no declarado,TRUE,—,EVIDENCIA
C2|BASE|10000-20000|T3_10000_20000,PROYECTO,TRUE,,FACTIBLE,FACTIBILIDAD_PENDIENTE,DIMENSIONADO,ARQUITECTURA,"faena=propia|granjas=mixto:0.25|pollito=compra|alimento=facon|flota=mixto(vivo,refrigerado,servicio)|frio=B_refrigerado_congelado|subprod=A_externo|terreno=compra_fase|autom=semi|linea=lotes",TRUE,—,EVIDENCIA
C2|BASE|10000-20000|T3_10000_20000,PROYECTO,TRUE,DEC-001,FACTIBLE,FACTIBILIDAD_PENDIENTE,DIMENSIONADO,ESCALA,rango estudiado 2500–20000,TRUE,aves/día,EVIDENCIA
C2|BASE|10000-20000|T3_10000_20000,PROYECTO,,DPV-087,FACTIBILIDAD_PENDIENTE,FACTIBILIDAD_PENDIENTE,DIMENSIONADO,TERRENO,requerido [ESTIMACIÓN] con PROXY,33080.583278,m²,EVIDENCIA
C2|BASE|10000-20000|T3_10000_20000,PROYECTO,,DPV-053,FACTIBILIDAD_PENDIENTE,FACTIBILIDAD_PENDIENTE,DIMENSIONADO,AGUA,requerido [ESTIMACIÓN] con rechazo [SUPUESTO],500,m³/día,EVIDENCIA
C2|BASE|10000-20000|T3_10000_20000,PROYECTO,,DPV-095,FACTIBILIDAD_PENDIENTE,FACTIBILIDAD_PENDIENTE,DESCONOCIDO,POTENCIA,requerido PENDIENTE,,kW,EVIDENCIA
C2|BASE|10000-20000|T3_10000_20000,PROYECTO,,DPV-097,FACTIBILIDAD_PENDIENTE,FACTIBILIDAD_PENDIENTE,DIMENSIONADO,CAPACIDAD_LINEA,garantizada PENDIENTE (DPV-097),2808.988764,aves/h,EVIDENCIA
C2|BASE|10000-20000|T3_10000_20000,PROYECTO,,DPV-048,FACTIBILIDAD_PENDIENTE,FACTIBILIDAD_PENDIENTE,DIMENSIONADO,PRODUCCION_PRIMARIA_INTEGRADOS,requerido [ESTIMACIÓN],56913.851168,m² galpón,EVIDENCIA
C2|BASE|10000-20000|T3_10000_20000,PROYECTO,,DPV-051,FACTIBILIDAD_PENDIENTE,FACTIBILIDAD_PENDIENTE,DIMENSIONADO,SITIOS_GRANJAS_PROPIAS,dato de disponibilidad no declarado,TRUE,sitios,EVIDENCIA
C2|BASE|10000-20000|T3_10000_20000,PROYECTO,,"DPV-006, DPV-047",FACTIBILIDAD_PENDIENTE,FACTIBILIDAD_PENDIENTE,DIMENSIONADO,POLLITO,requerido [ESTIMACIÓN],105579.897587,pollitos/semana,EVIDENCIA
C2|BASE|10000-20000|T3_10000_20000,PROYECTO,,DPV-155,FACTIBILIDAD_PENDIENTE,FACTIBILIDAD_PENDIENTE,DESCONOCIDO,ALIMENTO_FACON,requerido sin driver,,t/semana,EVIDENCIA
C2|BASE|10000-20000|T3_10000_20000,PROYECTO,,DEC-027,FACTIBILIDAD_PENDIENTE,FACTIBILIDAD_PENDIENTE,DIMENSIONADO,RECEPTOR_SUBPRODUCTOS,dato de disponibilidad no declarado,TRUE,—,EVIDENCIA
C2|BASE|10000-20000|T3_10000_20000,PROYECTO,,DPV-042,FACTIBILIDAD_PENDIENTE,FACTIBILIDAD_PENDIENTE,DIMENSIONADO,TRANSPORTE_TERCERO,dato de disponibilidad no declarado,TRUE,—,EVIDENCIA
C3|BASE|2500|ESCALA_UNICA,PROYECTO,TRUE,,FACTIBLE,FACTIBILIDAD_PENDIENTE,DIMENSIONADO,ARQUITECTURA,faena=propia|granjas=propias:1|pollito=incubacion|alimento=propia|flota=propia|frio=B_refrigerado_congelado|subprod=B_basico_propio|terreno=compra_fase|autom=semi|linea=lotes,TRUE,—,EVIDENCIA
C3|BASE|2500|ESCALA_UNICA,PROYECTO,TRUE,DEC-001,FACTIBLE,FACTIBILIDAD_PENDIENTE,DIMENSIONADO,ESCALA,rango estudiado 2500–20000,TRUE,aves/día,EVIDENCIA
C3|BASE|2500|ESCALA_UNICA,PROYECTO,,DPV-087,FACTIBILIDAD_PENDIENTE,FACTIBILIDAD_PENDIENTE,DIMENSIONADO,TERRENO,requerido [ESTIMACIÓN] con PROXY,15449.574084,m²,EVIDENCIA
C3|BASE|2500|ESCALA_UNICA,PROYECTO,,DPV-053,FACTIBILIDAD_PENDIENTE,FACTIBILIDAD_PENDIENTE,DIMENSIONADO,AGUA,requerido [ESTIMACIÓN] con rechazo [SUPUESTO],62.5,m³/día,EVIDENCIA
C3|BASE|2500|ESCALA_UNICA,PROYECTO,,DPV-095,FACTIBILIDAD_PENDIENTE,FACTIBILIDAD_PENDIENTE,DESCONOCIDO,POTENCIA,requerido PENDIENTE,,kW,EVIDENCIA
C3|BASE|2500|ESCALA_UNICA,PROYECTO,,DPV-097,FACTIBILIDAD_PENDIENTE,FACTIBILIDAD_PENDIENTE,DIMENSIONADO,CAPACIDAD_LINEA,garantizada PENDIENTE (DPV-097),351.123596,aves/h,EVIDENCIA
C3|BASE|2500|ESCALA_UNICA,PROYECTO,,DPV-051,FACTIBILIDAD_PENDIENTE,FACTIBILIDAD_PENDIENTE,DIMENSIONADO,SITIOS_GRANJAS_PROPIAS,dato de disponibilidad no declarado,TRUE,sitios,EVIDENCIA
C3|BASE|2500|ESCALA_UNICA,PROYECTO,,DPV-047,FACTIBILIDAD_PENDIENTE,FACTIBILIDAD_PENDIENTE,DIMENSIONADO,HUEVO_FERTIL_INCUBACION,dato de disponibilidad no declarado,TRUE,—,EVIDENCIA
C3|BASE|2500|ESCALA_UNICA,PROYECTO,,DPV-157,FACTIBILIDAD_PENDIENTE,FACTIBILIDAD_PENDIENTE,DIMENSIONADO,ALIMENTO_PROPIA,requerido [ESTIMACIÓN] con [SUPUESTO],61.810431,t/semana,EVIDENCIA
C3|BASE|2500|ESCALA_UNICA,PROYECTO,,DPV-072,FACTIBILIDAD_PENDIENTE,FACTIBILIDAD_PENDIENTE,DIMENSIONADO,TRATAMIENTO_SUBPRODUCTOS,dato de disponibilidad no declarado,TRUE,—,EVIDENCIA
C3|BASE|5000|ESCALA_UNICA,PROYECTO,TRUE,,FACTIBLE,FACTIBILIDAD_PENDIENTE,DIMENSIONADO,ARQUITECTURA,faena=propia|granjas=propias:1|pollito=incubacion|alimento=propia|flota=propia|frio=B_refrigerado_congelado|subprod=B_basico_propio|terreno=compra_fase|autom=semi|linea=lotes,TRUE,—,EVIDENCIA
C3|BASE|5000|ESCALA_UNICA,PROYECTO,TRUE,DEC-001,FACTIBLE,FACTIBILIDAD_PENDIENTE,DIMENSIONADO,ESCALA,rango estudiado 2500–20000,TRUE,aves/día,EVIDENCIA
C3|BASE|5000|ESCALA_UNICA,PROYECTO,,DPV-087,FACTIBILIDAD_PENDIENTE,FACTIBILIDAD_PENDIENTE,DIMENSIONADO,TERRENO,requerido [ESTIMACIÓN] con PROXY,18193.650549,m²,EVIDENCIA
C3|BASE|5000|ESCALA_UNICA,PROYECTO,,DPV-053,FACTIBILIDAD_PENDIENTE,FACTIBILIDAD_PENDIENTE,DIMENSIONADO,AGUA,requerido [ESTIMACIÓN] con rechazo [SUPUESTO],125,m³/día,EVIDENCIA
C3|BASE|5000|ESCALA_UNICA,PROYECTO,,DPV-095,FACTIBILIDAD_PENDIENTE,FACTIBILIDAD_PENDIENTE,DESCONOCIDO,POTENCIA,requerido PENDIENTE,,kW,EVIDENCIA
C3|BASE|5000|ESCALA_UNICA,PROYECTO,,DPV-097,FACTIBILIDAD_PENDIENTE,FACTIBILIDAD_PENDIENTE,DIMENSIONADO,CAPACIDAD_LINEA,garantizada PENDIENTE (DPV-097),702.247191,aves/h,EVIDENCIA
C3|BASE|5000|ESCALA_UNICA,PROYECTO,,DPV-051,FACTIBILIDAD_PENDIENTE,FACTIBILIDAD_PENDIENTE,DIMENSIONADO,SITIOS_GRANJAS_PROPIAS,dato de disponibilidad no declarado,TRUE,sitios,EVIDENCIA
C3|BASE|5000|ESCALA_UNICA,PROYECTO,,DPV-047,FACTIBILIDAD_PENDIENTE,FACTIBILIDAD_PENDIENTE,DIMENSIONADO,HUEVO_FERTIL_INCUBACION,dato de disponibilidad no declarado,TRUE,—,EVIDENCIA
C3|BASE|5000|ESCALA_UNICA,PROYECTO,,DPV-157,FACTIBILIDAD_PENDIENTE,FACTIBILIDAD_PENDIENTE,DIMENSIONADO,ALIMENTO_PROPIA,requerido [ESTIMACIÓN] con [SUPUESTO],123.620863,t/semana,EVIDENCIA
C3|BASE|5000|ESCALA_UNICA,PROYECTO,,DPV-072,FACTIBILIDAD_PENDIENTE,FACTIBILIDAD_PENDIENTE,DIMENSIONADO,TRATAMIENTO_SUBPRODUCTOS,dato de disponibilidad no declarado,TRUE,—,EVIDENCIA
C3|BASE|10000|ESCALA_UNICA,PROYECTO,TRUE,,FACTIBLE,FACTIBILIDAD_PENDIENTE,DIMENSIONADO,ARQUITECTURA,faena=propia|granjas=propias:1|pollito=incubacion|alimento=propia|flota=propia|frio=B_refrigerado_congelado|subprod=B_basico_propio|terreno=compra_fase|autom=semi|linea=lotes,TRUE,—,EVIDENCIA
C3|BASE|10000|ESCALA_UNICA,PROYECTO,TRUE,DEC-001,FACTIBLE,FACTIBILIDAD_PENDIENTE,DIMENSIONADO,ESCALA,rango estudiado 2500–20000,TRUE,aves/día,EVIDENCIA
C3|BASE|10000|ESCALA_UNICA,PROYECTO,,DPV-087,FACTIBILIDAD_PENDIENTE,FACTIBILIDAD_PENDIENTE,DIMENSIONADO,TERRENO,requerido [ESTIMACIÓN] con PROXY,23705.920159,m²,EVIDENCIA
C3|BASE|10000|ESCALA_UNICA,PROYECTO,,DPV-053,FACTIBILIDAD_PENDIENTE,FACTIBILIDAD_PENDIENTE,DIMENSIONADO,AGUA,requerido [ESTIMACIÓN] con rechazo [SUPUESTO],250,m³/día,EVIDENCIA
C3|BASE|10000|ESCALA_UNICA,PROYECTO,,DPV-095,FACTIBILIDAD_PENDIENTE,FACTIBILIDAD_PENDIENTE,DESCONOCIDO,POTENCIA,requerido PENDIENTE,,kW,EVIDENCIA
C3|BASE|10000|ESCALA_UNICA,PROYECTO,,DPV-097,FACTIBILIDAD_PENDIENTE,FACTIBILIDAD_PENDIENTE,DIMENSIONADO,CAPACIDAD_LINEA,garantizada PENDIENTE (DPV-097),1404.494382,aves/h,EVIDENCIA
C3|BASE|10000|ESCALA_UNICA,PROYECTO,,DPV-051,FACTIBILIDAD_PENDIENTE,FACTIBILIDAD_PENDIENTE,DIMENSIONADO,SITIOS_GRANJAS_PROPIAS,dato de disponibilidad no declarado,TRUE,sitios,EVIDENCIA
C3|BASE|10000|ESCALA_UNICA,PROYECTO,,DPV-047,FACTIBILIDAD_PENDIENTE,FACTIBILIDAD_PENDIENTE,DIMENSIONADO,HUEVO_FERTIL_INCUBACION,dato de disponibilidad no declarado,TRUE,—,EVIDENCIA
C3|BASE|10000|ESCALA_UNICA,PROYECTO,,DPV-157,FACTIBILIDAD_PENDIENTE,FACTIBILIDAD_PENDIENTE,DIMENSIONADO,ALIMENTO_PROPIA,requerido [ESTIMACIÓN] con [SUPUESTO],247.241725,t/semana,EVIDENCIA
C3|BASE|10000|ESCALA_UNICA,PROYECTO,,DPV-072,FACTIBILIDAD_PENDIENTE,FACTIBILIDAD_PENDIENTE,DIMENSIONADO,TRATAMIENTO_SUBPRODUCTOS,dato de disponibilidad no declarado,TRUE,—,EVIDENCIA
C3|BASE|20000|ESCALA_UNICA,PROYECTO,TRUE,,FACTIBLE,FACTIBILIDAD_PENDIENTE,DIMENSIONADO,ARQUITECTURA,faena=propia|granjas=propias:1|pollito=incubacion|alimento=propia|flota=propia|frio=B_refrigerado_congelado|subprod=B_basico_propio|terreno=compra_fase|autom=semi|linea=lotes,TRUE,—,EVIDENCIA
C3|BASE|20000|ESCALA_UNICA,PROYECTO,TRUE,DEC-001,FACTIBLE,FACTIBILIDAD_PENDIENTE,DIMENSIONADO,ESCALA,rango estudiado 2500–20000,TRUE,aves/día,EVIDENCIA
C3|BASE|20000|ESCALA_UNICA,PROYECTO,,DPV-087,FACTIBILIDAD_PENDIENTE,FACTIBILIDAD_PENDIENTE,DIMENSIONADO,TERRENO,requerido [ESTIMACIÓN] con PROXY,33080.583278,m²,EVIDENCIA
C3|BASE|20000|ESCALA_UNICA,PROYECTO,,DPV-053,FACTIBILIDAD_PENDIENTE,FACTIBILIDAD_PENDIENTE,DIMENSIONADO,AGUA,requerido [ESTIMACIÓN] con rechazo [SUPUESTO],500,m³/día,EVIDENCIA
C3|BASE|20000|ESCALA_UNICA,PROYECTO,,DPV-095,FACTIBILIDAD_PENDIENTE,FACTIBILIDAD_PENDIENTE,DESCONOCIDO,POTENCIA,requerido PENDIENTE,,kW,EVIDENCIA
C3|BASE|20000|ESCALA_UNICA,PROYECTO,,DPV-097,FACTIBILIDAD_PENDIENTE,FACTIBILIDAD_PENDIENTE,DIMENSIONADO,CAPACIDAD_LINEA,garantizada PENDIENTE (DPV-097),2808.988764,aves/h,EVIDENCIA
C3|BASE|20000|ESCALA_UNICA,PROYECTO,,DPV-051,FACTIBILIDAD_PENDIENTE,FACTIBILIDAD_PENDIENTE,DIMENSIONADO,SITIOS_GRANJAS_PROPIAS,dato de disponibilidad no declarado,TRUE,sitios,EVIDENCIA
C3|BASE|20000|ESCALA_UNICA,PROYECTO,,DPV-047,FACTIBILIDAD_PENDIENTE,FACTIBILIDAD_PENDIENTE,DIMENSIONADO,HUEVO_FERTIL_INCUBACION,dato de disponibilidad no declarado,TRUE,—,EVIDENCIA
C3|BASE|20000|ESCALA_UNICA,PROYECTO,,DPV-157,FACTIBILIDAD_PENDIENTE,FACTIBILIDAD_PENDIENTE,DIMENSIONADO,ALIMENTO_PROPIA,requerido [ESTIMACIÓN] con [SUPUESTO],494.48345,t/semana,EVIDENCIA
C3|BASE|20000|ESCALA_UNICA,PROYECTO,,DPV-072,FACTIBILIDAD_PENDIENTE,FACTIBILIDAD_PENDIENTE,DIMENSIONADO,TRATAMIENTO_SUBPRODUCTOS,dato de disponibilidad no declarado,TRUE,—,EVIDENCIA
C3|BASE|2500-5000-10000-20000|T1_2500_5000_10000_20000,PROYECTO,TRUE,,FACTIBLE,FACTIBILIDAD_PENDIENTE,DIMENSIONADO,ARQUITECTURA,faena=propia|granjas=propias:1|pollito=incubacion|alimento=propia|flota=propia|frio=B_refrigerado_congelado|subprod=B_basico_propio|terreno=compra_fase|autom=semi|linea=lotes,TRUE,—,EVIDENCIA
C3|BASE|2500-5000-10000-20000|T1_2500_5000_10000_20000,PROYECTO,TRUE,DEC-001,FACTIBLE,FACTIBILIDAD_PENDIENTE,DIMENSIONADO,ESCALA,rango estudiado 2500–20000,TRUE,aves/día,EVIDENCIA
C3|BASE|2500-5000-10000-20000|T1_2500_5000_10000_20000,PROYECTO,,DPV-087,FACTIBILIDAD_PENDIENTE,FACTIBILIDAD_PENDIENTE,DIMENSIONADO,TERRENO,requerido [ESTIMACIÓN] con PROXY,33080.583278,m²,EVIDENCIA
C3|BASE|2500-5000-10000-20000|T1_2500_5000_10000_20000,PROYECTO,,DPV-053,FACTIBILIDAD_PENDIENTE,FACTIBILIDAD_PENDIENTE,DIMENSIONADO,AGUA,requerido [ESTIMACIÓN] con rechazo [SUPUESTO],500,m³/día,EVIDENCIA
C3|BASE|2500-5000-10000-20000|T1_2500_5000_10000_20000,PROYECTO,,DPV-095,FACTIBILIDAD_PENDIENTE,FACTIBILIDAD_PENDIENTE,DESCONOCIDO,POTENCIA,requerido PENDIENTE,,kW,EVIDENCIA
C3|BASE|2500-5000-10000-20000|T1_2500_5000_10000_20000,PROYECTO,,DPV-097,FACTIBILIDAD_PENDIENTE,FACTIBILIDAD_PENDIENTE,DIMENSIONADO,CAPACIDAD_LINEA,garantizada PENDIENTE (DPV-097),2808.988764,aves/h,EVIDENCIA
C3|BASE|2500-5000-10000-20000|T1_2500_5000_10000_20000,PROYECTO,,DPV-051,FACTIBILIDAD_PENDIENTE,FACTIBILIDAD_PENDIENTE,DIMENSIONADO,SITIOS_GRANJAS_PROPIAS,dato de disponibilidad no declarado,TRUE,sitios,EVIDENCIA
C3|BASE|2500-5000-10000-20000|T1_2500_5000_10000_20000,PROYECTO,,DPV-047,FACTIBILIDAD_PENDIENTE,FACTIBILIDAD_PENDIENTE,DIMENSIONADO,HUEVO_FERTIL_INCUBACION,dato de disponibilidad no declarado,TRUE,—,EVIDENCIA
C3|BASE|2500-5000-10000-20000|T1_2500_5000_10000_20000,PROYECTO,,DPV-157,FACTIBILIDAD_PENDIENTE,FACTIBILIDAD_PENDIENTE,DIMENSIONADO,ALIMENTO_PROPIA,requerido [ESTIMACIÓN] con [SUPUESTO],494.48345,t/semana,EVIDENCIA
C3|BASE|2500-5000-10000-20000|T1_2500_5000_10000_20000,PROYECTO,,DPV-072,FACTIBILIDAD_PENDIENTE,FACTIBILIDAD_PENDIENTE,DIMENSIONADO,TRATAMIENTO_SUBPRODUCTOS,dato de disponibilidad no declarado,TRUE,—,EVIDENCIA
C3|BASE|5000-10000-20000|T2_5000_10000_20000,PROYECTO,TRUE,,FACTIBLE,FACTIBILIDAD_PENDIENTE,DIMENSIONADO,ARQUITECTURA,faena=propia|granjas=propias:1|pollito=incubacion|alimento=propia|flota=propia|frio=B_refrigerado_congelado|subprod=B_basico_propio|terreno=compra_fase|autom=semi|linea=lotes,TRUE,—,EVIDENCIA
C3|BASE|5000-10000-20000|T2_5000_10000_20000,PROYECTO,TRUE,DEC-001,FACTIBLE,FACTIBILIDAD_PENDIENTE,DIMENSIONADO,ESCALA,rango estudiado 2500–20000,TRUE,aves/día,EVIDENCIA
C3|BASE|5000-10000-20000|T2_5000_10000_20000,PROYECTO,,DPV-087,FACTIBILIDAD_PENDIENTE,FACTIBILIDAD_PENDIENTE,DIMENSIONADO,TERRENO,requerido [ESTIMACIÓN] con PROXY,33080.583278,m²,EVIDENCIA
C3|BASE|5000-10000-20000|T2_5000_10000_20000,PROYECTO,,DPV-053,FACTIBILIDAD_PENDIENTE,FACTIBILIDAD_PENDIENTE,DIMENSIONADO,AGUA,requerido [ESTIMACIÓN] con rechazo [SUPUESTO],500,m³/día,EVIDENCIA
C3|BASE|5000-10000-20000|T2_5000_10000_20000,PROYECTO,,DPV-095,FACTIBILIDAD_PENDIENTE,FACTIBILIDAD_PENDIENTE,DESCONOCIDO,POTENCIA,requerido PENDIENTE,,kW,EVIDENCIA
C3|BASE|5000-10000-20000|T2_5000_10000_20000,PROYECTO,,DPV-097,FACTIBILIDAD_PENDIENTE,FACTIBILIDAD_PENDIENTE,DIMENSIONADO,CAPACIDAD_LINEA,garantizada PENDIENTE (DPV-097),2808.988764,aves/h,EVIDENCIA
C3|BASE|5000-10000-20000|T2_5000_10000_20000,PROYECTO,,DPV-051,FACTIBILIDAD_PENDIENTE,FACTIBILIDAD_PENDIENTE,DIMENSIONADO,SITIOS_GRANJAS_PROPIAS,dato de disponibilidad no declarado,TRUE,sitios,EVIDENCIA
C3|BASE|5000-10000-20000|T2_5000_10000_20000,PROYECTO,,DPV-047,FACTIBILIDAD_PENDIENTE,FACTIBILIDAD_PENDIENTE,DIMENSIONADO,HUEVO_FERTIL_INCUBACION,dato de disponibilidad no declarado,TRUE,—,EVIDENCIA
C3|BASE|5000-10000-20000|T2_5000_10000_20000,PROYECTO,,DPV-157,FACTIBILIDAD_PENDIENTE,FACTIBILIDAD_PENDIENTE,DIMENSIONADO,ALIMENTO_PROPIA,requerido [ESTIMACIÓN] con [SUPUESTO],494.48345,t/semana,EVIDENCIA
C3|BASE|5000-10000-20000|T2_5000_10000_20000,PROYECTO,,DPV-072,FACTIBILIDAD_PENDIENTE,FACTIBILIDAD_PENDIENTE,DIMENSIONADO,TRATAMIENTO_SUBPRODUCTOS,dato de disponibilidad no declarado,TRUE,—,EVIDENCIA
C3|BASE|10000-20000|T3_10000_20000,PROYECTO,TRUE,,FACTIBLE,FACTIBILIDAD_PENDIENTE,DIMENSIONADO,ARQUITECTURA,faena=propia|granjas=propias:1|pollito=incubacion|alimento=propia|flota=propia|frio=B_refrigerado_congelado|subprod=B_basico_propio|terreno=compra_fase|autom=semi|linea=lotes,TRUE,—,EVIDENCIA
C3|BASE|10000-20000|T3_10000_20000,PROYECTO,TRUE,DEC-001,FACTIBLE,FACTIBILIDAD_PENDIENTE,DIMENSIONADO,ESCALA,rango estudiado 2500–20000,TRUE,aves/día,EVIDENCIA
C3|BASE|10000-20000|T3_10000_20000,PROYECTO,,DPV-087,FACTIBILIDAD_PENDIENTE,FACTIBILIDAD_PENDIENTE,DIMENSIONADO,TERRENO,requerido [ESTIMACIÓN] con PROXY,33080.583278,m²,EVIDENCIA
C3|BASE|10000-20000|T3_10000_20000,PROYECTO,,DPV-053,FACTIBILIDAD_PENDIENTE,FACTIBILIDAD_PENDIENTE,DIMENSIONADO,AGUA,requerido [ESTIMACIÓN] con rechazo [SUPUESTO],500,m³/día,EVIDENCIA
C3|BASE|10000-20000|T3_10000_20000,PROYECTO,,DPV-095,FACTIBILIDAD_PENDIENTE,FACTIBILIDAD_PENDIENTE,DESCONOCIDO,POTENCIA,requerido PENDIENTE,,kW,EVIDENCIA
C3|BASE|10000-20000|T3_10000_20000,PROYECTO,,DPV-097,FACTIBILIDAD_PENDIENTE,FACTIBILIDAD_PENDIENTE,DIMENSIONADO,CAPACIDAD_LINEA,garantizada PENDIENTE (DPV-097),2808.988764,aves/h,EVIDENCIA
C3|BASE|10000-20000|T3_10000_20000,PROYECTO,,DPV-051,FACTIBILIDAD_PENDIENTE,FACTIBILIDAD_PENDIENTE,DIMENSIONADO,SITIOS_GRANJAS_PROPIAS,dato de disponibilidad no declarado,TRUE,sitios,EVIDENCIA
C3|BASE|10000-20000|T3_10000_20000,PROYECTO,,DPV-047,FACTIBILIDAD_PENDIENTE,FACTIBILIDAD_PENDIENTE,DIMENSIONADO,HUEVO_FERTIL_INCUBACION,dato de disponibilidad no declarado,TRUE,—,EVIDENCIA
C3|BASE|10000-20000|T3_10000_20000,PROYECTO,,DPV-157,FACTIBILIDAD_PENDIENTE,FACTIBILIDAD_PENDIENTE,DIMENSIONADO,ALIMENTO_PROPIA,requerido [ESTIMACIÓN] con [SUPUESTO],494.48345,t/semana,EVIDENCIA
C3|BASE|10000-20000|T3_10000_20000,PROYECTO,,DPV-072,FACTIBILIDAD_PENDIENTE,FACTIBILIDAD_PENDIENTE,DIMENSIONADO,TRATAMIENTO_SUBPRODUCTOS,dato de disponibilidad no declarado,TRUE,—,EVIDENCIA
CF|BASE|2500|ESCALA_UNICA,PROYECTO,TRUE,,FACTIBLE,FACTIBILIDAD_PENDIENTE,DIMENSIONADO,ARQUITECTURA,faena=propia|granjas=propias:1|pollito=incubacion+reprod|alimento=propia|flota=propia|frio=B_refrigerado_congelado|subprod=B_basico_propio+rendering|terreno=compra_fase|autom=semi|linea=lotes,TRUE,—,EVIDENCIA
CF|BASE|2500|ESCALA_UNICA,PROYECTO,TRUE,DEC-001,FACTIBLE,FACTIBILIDAD_PENDIENTE,DIMENSIONADO,ESCALA,rango estudiado 2500–20000,TRUE,aves/día,EVIDENCIA
CF|BASE|2500|ESCALA_UNICA,PROYECTO,,DPV-087,FACTIBILIDAD_PENDIENTE,FACTIBILIDAD_PENDIENTE,DIMENSIONADO,TERRENO,requerido [ESTIMACIÓN] con PROXY,16225.292232,m²,EVIDENCIA
CF|BASE|2500|ESCALA_UNICA,PROYECTO,,DPV-053,FACTIBILIDAD_PENDIENTE,FACTIBILIDAD_PENDIENTE,DIMENSIONADO,AGUA,requerido [ESTIMACIÓN] con rechazo [SUPUESTO],62.5,m³/día,EVIDENCIA
CF|BASE|2500|ESCALA_UNICA,PROYECTO,,DPV-095,FACTIBILIDAD_PENDIENTE,FACTIBILIDAD_PENDIENTE,DESCONOCIDO,POTENCIA,requerido PENDIENTE,,kW,EVIDENCIA
CF|BASE|2500|ESCALA_UNICA,PROYECTO,,DPV-097,FACTIBILIDAD_PENDIENTE,FACTIBILIDAD_PENDIENTE,DIMENSIONADO,CAPACIDAD_LINEA,garantizada PENDIENTE (DPV-097),351.123596,aves/h,EVIDENCIA
CF|BASE|2500|ESCALA_UNICA,PROYECTO,,DPV-051,FACTIBILIDAD_PENDIENTE,FACTIBILIDAD_PENDIENTE,DIMENSIONADO,SITIOS_GRANJAS_PROPIAS,dato de disponibilidad no declarado,TRUE,sitios,EVIDENCIA
CF|BASE|2500|ESCALA_UNICA,PROYECTO,,DPV-047,FACTIBILIDAD_PENDIENTE,FACTIBILIDAD_PENDIENTE,DIMENSIONADO,HUEVO_FERTIL_INCUBACION,dato de disponibilidad no declarado,TRUE,—,EVIDENCIA
CF|BASE|2500|ESCALA_UNICA,PROYECTO,,DPV-157,FACTIBILIDAD_PENDIENTE,FACTIBILIDAD_PENDIENTE,DIMENSIONADO,ALIMENTO_PROPIA,requerido [ESTIMACIÓN] con [SUPUESTO],61.810431,t/semana,EVIDENCIA
CF|BASE|2500|ESCALA_UNICA,PROYECTO,,DPV-072,FACTIBILIDAD_PENDIENTE,FACTIBILIDAD_PENDIENTE,DIMENSIONADO,TRATAMIENTO_SUBPRODUCTOS,dato de disponibilidad no declarado,TRUE,—,EVIDENCIA
CF|BASE|5000|ESCALA_UNICA,PROYECTO,TRUE,,FACTIBLE,FACTIBILIDAD_PENDIENTE,DIMENSIONADO,ARQUITECTURA,faena=propia|granjas=propias:1|pollito=incubacion+reprod|alimento=propia|flota=propia|frio=B_refrigerado_congelado|subprod=B_basico_propio+rendering|terreno=compra_fase|autom=semi|linea=lotes,TRUE,—,EVIDENCIA
CF|BASE|5000|ESCALA_UNICA,PROYECTO,TRUE,DEC-001,FACTIBLE,FACTIBILIDAD_PENDIENTE,DIMENSIONADO,ESCALA,rango estudiado 2500–20000,TRUE,aves/día,EVIDENCIA
CF|BASE|5000|ESCALA_UNICA,PROYECTO,,DPV-087,FACTIBILIDAD_PENDIENTE,FACTIBILIDAD_PENDIENTE,DIMENSIONADO,TERRENO,requerido [ESTIMACIÓN] con PROXY,18917.976541,m²,EVIDENCIA
CF|BASE|5000|ESCALA_UNICA,PROYECTO,,DPV-053,FACTIBILIDAD_PENDIENTE,FACTIBILIDAD_PENDIENTE,DIMENSIONADO,AGUA,requerido [ESTIMACIÓN] con rechazo [SUPUESTO],125,m³/día,EVIDENCIA
CF|BASE|5000|ESCALA_UNICA,PROYECTO,,DPV-095,FACTIBILIDAD_PENDIENTE,FACTIBILIDAD_PENDIENTE,DESCONOCIDO,POTENCIA,requerido PENDIENTE,,kW,EVIDENCIA
CF|BASE|5000|ESCALA_UNICA,PROYECTO,,DPV-097,FACTIBILIDAD_PENDIENTE,FACTIBILIDAD_PENDIENTE,DIMENSIONADO,CAPACIDAD_LINEA,garantizada PENDIENTE (DPV-097),702.247191,aves/h,EVIDENCIA
CF|BASE|5000|ESCALA_UNICA,PROYECTO,,DPV-051,FACTIBILIDAD_PENDIENTE,FACTIBILIDAD_PENDIENTE,DIMENSIONADO,SITIOS_GRANJAS_PROPIAS,dato de disponibilidad no declarado,TRUE,sitios,EVIDENCIA
CF|BASE|5000|ESCALA_UNICA,PROYECTO,,DPV-047,FACTIBILIDAD_PENDIENTE,FACTIBILIDAD_PENDIENTE,DIMENSIONADO,HUEVO_FERTIL_INCUBACION,dato de disponibilidad no declarado,TRUE,—,EVIDENCIA
CF|BASE|5000|ESCALA_UNICA,PROYECTO,,DPV-157,FACTIBILIDAD_PENDIENTE,FACTIBILIDAD_PENDIENTE,DIMENSIONADO,ALIMENTO_PROPIA,requerido [ESTIMACIÓN] con [SUPUESTO],123.620863,t/semana,EVIDENCIA
CF|BASE|5000|ESCALA_UNICA,PROYECTO,,DPV-072,FACTIBILIDAD_PENDIENTE,FACTIBILIDAD_PENDIENTE,DIMENSIONADO,TRATAMIENTO_SUBPRODUCTOS,dato de disponibilidad no declarado,TRUE,—,EVIDENCIA
CF|BASE|10000|ESCALA_UNICA,PROYECTO,TRUE,,FACTIBLE,FACTIBILIDAD_PENDIENTE,DIMENSIONADO,ARQUITECTURA,faena=propia|granjas=propias:1|pollito=incubacion+reprod|alimento=propia|flota=propia|frio=B_refrigerado_congelado|subprod=B_basico_propio+rendering|terreno=compra_fase|autom=semi|linea=lotes,TRUE,—,EVIDENCIA
CF|BASE|10000|ESCALA_UNICA,PROYECTO,TRUE,DEC-001,FACTIBLE,FACTIBILIDAD_PENDIENTE,DIMENSIONADO,ESCALA,rango estudiado 2500–20000,TRUE,aves/día,EVIDENCIA
CF|BASE|10000|ESCALA_UNICA,PROYECTO,,DPV-087,FACTIBILIDAD_PENDIENTE,FACTIBILIDAD_PENDIENTE,DIMENSIONADO,TERRENO,requerido [ESTIMACIÓN] con PROXY,24365.738324,m²,EVIDENCIA
CF|BASE|10000|ESCALA_UNICA,PROYECTO,,DPV-053,FACTIBILIDAD_PENDIENTE,FACTIBILIDAD_PENDIENTE,DIMENSIONADO,AGUA,requerido [ESTIMACIÓN] con rechazo [SUPUESTO],250,m³/día,EVIDENCIA
CF|BASE|10000|ESCALA_UNICA,PROYECTO,,DPV-095,FACTIBILIDAD_PENDIENTE,FACTIBILIDAD_PENDIENTE,DESCONOCIDO,POTENCIA,requerido PENDIENTE,,kW,EVIDENCIA
CF|BASE|10000|ESCALA_UNICA,PROYECTO,,DPV-097,FACTIBILIDAD_PENDIENTE,FACTIBILIDAD_PENDIENTE,DIMENSIONADO,CAPACIDAD_LINEA,garantizada PENDIENTE (DPV-097),1404.494382,aves/h,EVIDENCIA
CF|BASE|10000|ESCALA_UNICA,PROYECTO,,DPV-051,FACTIBILIDAD_PENDIENTE,FACTIBILIDAD_PENDIENTE,DIMENSIONADO,SITIOS_GRANJAS_PROPIAS,dato de disponibilidad no declarado,TRUE,sitios,EVIDENCIA
CF|BASE|10000|ESCALA_UNICA,PROYECTO,,DPV-047,FACTIBILIDAD_PENDIENTE,FACTIBILIDAD_PENDIENTE,DIMENSIONADO,HUEVO_FERTIL_INCUBACION,dato de disponibilidad no declarado,TRUE,—,EVIDENCIA
CF|BASE|10000|ESCALA_UNICA,PROYECTO,,DPV-157,FACTIBILIDAD_PENDIENTE,FACTIBILIDAD_PENDIENTE,DIMENSIONADO,ALIMENTO_PROPIA,requerido [ESTIMACIÓN] con [SUPUESTO],247.241725,t/semana,EVIDENCIA
CF|BASE|10000|ESCALA_UNICA,PROYECTO,,DPV-072,FACTIBILIDAD_PENDIENTE,FACTIBILIDAD_PENDIENTE,DIMENSIONADO,TRATAMIENTO_SUBPRODUCTOS,dato de disponibilidad no declarado,TRUE,—,EVIDENCIA
CF|BASE|20000|ESCALA_UNICA,PROYECTO,TRUE,,FACTIBLE,FACTIBILIDAD_PENDIENTE,DIMENSIONADO,ARQUITECTURA,faena=propia|granjas=propias:1|pollito=incubacion+reprod|alimento=propia|flota=propia|frio=B_refrigerado_congelado|subprod=B_basico_propio+rendering|terreno=compra_fase|autom=semi|linea=lotes,TRUE,—,EVIDENCIA
CF|BASE|20000|ESCALA_UNICA,PROYECTO,TRUE,DEC-001,FACTIBLE,FACTIBILIDAD_PENDIENTE,DIMENSIONADO,ESCALA,rango estudiado 2500–20000,TRUE,aves/día,EVIDENCIA
CF|BASE|20000|ESCALA_UNICA,PROYECTO,,DPV-087,FACTIBILIDAD_PENDIENTE,FACTIBILIDAD_PENDIENTE,DIMENSIONADO,TERRENO,requerido [ESTIMACIÓN] con PROXY,34041.009963,m²,EVIDENCIA
CF|BASE|20000|ESCALA_UNICA,PROYECTO,,DPV-053,FACTIBILIDAD_PENDIENTE,FACTIBILIDAD_PENDIENTE,DIMENSIONADO,AGUA,requerido [ESTIMACIÓN] con rechazo [SUPUESTO],500,m³/día,EVIDENCIA
CF|BASE|20000|ESCALA_UNICA,PROYECTO,,DPV-095,FACTIBILIDAD_PENDIENTE,FACTIBILIDAD_PENDIENTE,DESCONOCIDO,POTENCIA,requerido PENDIENTE,,kW,EVIDENCIA
CF|BASE|20000|ESCALA_UNICA,PROYECTO,,DPV-097,FACTIBILIDAD_PENDIENTE,FACTIBILIDAD_PENDIENTE,DIMENSIONADO,CAPACIDAD_LINEA,garantizada PENDIENTE (DPV-097),2808.988764,aves/h,EVIDENCIA
CF|BASE|20000|ESCALA_UNICA,PROYECTO,,DPV-051,FACTIBILIDAD_PENDIENTE,FACTIBILIDAD_PENDIENTE,DIMENSIONADO,SITIOS_GRANJAS_PROPIAS,dato de disponibilidad no declarado,TRUE,sitios,EVIDENCIA
CF|BASE|20000|ESCALA_UNICA,PROYECTO,,DPV-047,FACTIBILIDAD_PENDIENTE,FACTIBILIDAD_PENDIENTE,DIMENSIONADO,HUEVO_FERTIL_INCUBACION,dato de disponibilidad no declarado,TRUE,—,EVIDENCIA
CF|BASE|20000|ESCALA_UNICA,PROYECTO,,DPV-157,FACTIBILIDAD_PENDIENTE,FACTIBILIDAD_PENDIENTE,DIMENSIONADO,ALIMENTO_PROPIA,requerido [ESTIMACIÓN] con [SUPUESTO],494.48345,t/semana,EVIDENCIA
CF|BASE|20000|ESCALA_UNICA,PROYECTO,,DPV-072,FACTIBILIDAD_PENDIENTE,FACTIBILIDAD_PENDIENTE,DIMENSIONADO,TRATAMIENTO_SUBPRODUCTOS,dato de disponibilidad no declarado,TRUE,—,EVIDENCIA
CF|BASE|2500-5000-10000-20000|T1_2500_5000_10000_20000,PROYECTO,TRUE,,FACTIBLE,FACTIBILIDAD_PENDIENTE,DIMENSIONADO,ARQUITECTURA,faena=propia|granjas=propias:1|pollito=incubacion+reprod|alimento=propia|flota=propia|frio=B_refrigerado_congelado|subprod=B_basico_propio+rendering|terreno=compra_fase|autom=semi|linea=lotes,TRUE,—,EVIDENCIA
CF|BASE|2500-5000-10000-20000|T1_2500_5000_10000_20000,PROYECTO,TRUE,DEC-001,FACTIBLE,FACTIBILIDAD_PENDIENTE,DIMENSIONADO,ESCALA,rango estudiado 2500–20000,TRUE,aves/día,EVIDENCIA
CF|BASE|2500-5000-10000-20000|T1_2500_5000_10000_20000,PROYECTO,,DPV-087,FACTIBILIDAD_PENDIENTE,FACTIBILIDAD_PENDIENTE,DIMENSIONADO,TERRENO,requerido [ESTIMACIÓN] con PROXY,34041.009963,m²,EVIDENCIA
CF|BASE|2500-5000-10000-20000|T1_2500_5000_10000_20000,PROYECTO,,DPV-053,FACTIBILIDAD_PENDIENTE,FACTIBILIDAD_PENDIENTE,DIMENSIONADO,AGUA,requerido [ESTIMACIÓN] con rechazo [SUPUESTO],500,m³/día,EVIDENCIA
CF|BASE|2500-5000-10000-20000|T1_2500_5000_10000_20000,PROYECTO,,DPV-095,FACTIBILIDAD_PENDIENTE,FACTIBILIDAD_PENDIENTE,DESCONOCIDO,POTENCIA,requerido PENDIENTE,,kW,EVIDENCIA
CF|BASE|2500-5000-10000-20000|T1_2500_5000_10000_20000,PROYECTO,,DPV-097,FACTIBILIDAD_PENDIENTE,FACTIBILIDAD_PENDIENTE,DIMENSIONADO,CAPACIDAD_LINEA,garantizada PENDIENTE (DPV-097),2808.988764,aves/h,EVIDENCIA
CF|BASE|2500-5000-10000-20000|T1_2500_5000_10000_20000,PROYECTO,,DPV-051,FACTIBILIDAD_PENDIENTE,FACTIBILIDAD_PENDIENTE,DIMENSIONADO,SITIOS_GRANJAS_PROPIAS,dato de disponibilidad no declarado,TRUE,sitios,EVIDENCIA
CF|BASE|2500-5000-10000-20000|T1_2500_5000_10000_20000,PROYECTO,,DPV-047,FACTIBILIDAD_PENDIENTE,FACTIBILIDAD_PENDIENTE,DIMENSIONADO,HUEVO_FERTIL_INCUBACION,dato de disponibilidad no declarado,TRUE,—,EVIDENCIA
CF|BASE|2500-5000-10000-20000|T1_2500_5000_10000_20000,PROYECTO,,DPV-157,FACTIBILIDAD_PENDIENTE,FACTIBILIDAD_PENDIENTE,DIMENSIONADO,ALIMENTO_PROPIA,requerido [ESTIMACIÓN] con [SUPUESTO],494.48345,t/semana,EVIDENCIA
CF|BASE|2500-5000-10000-20000|T1_2500_5000_10000_20000,PROYECTO,,DPV-072,FACTIBILIDAD_PENDIENTE,FACTIBILIDAD_PENDIENTE,DIMENSIONADO,TRATAMIENTO_SUBPRODUCTOS,dato de disponibilidad no declarado,TRUE,—,EVIDENCIA
CF|BASE|5000-10000-20000|T2_5000_10000_20000,PROYECTO,TRUE,,FACTIBLE,FACTIBILIDAD_PENDIENTE,DIMENSIONADO,ARQUITECTURA,faena=propia|granjas=propias:1|pollito=incubacion+reprod|alimento=propia|flota=propia|frio=B_refrigerado_congelado|subprod=B_basico_propio+rendering|terreno=compra_fase|autom=semi|linea=lotes,TRUE,—,EVIDENCIA
CF|BASE|5000-10000-20000|T2_5000_10000_20000,PROYECTO,TRUE,DEC-001,FACTIBLE,FACTIBILIDAD_PENDIENTE,DIMENSIONADO,ESCALA,rango estudiado 2500–20000,TRUE,aves/día,EVIDENCIA
CF|BASE|5000-10000-20000|T2_5000_10000_20000,PROYECTO,,DPV-087,FACTIBILIDAD_PENDIENTE,FACTIBILIDAD_PENDIENTE,DIMENSIONADO,TERRENO,requerido [ESTIMACIÓN] con PROXY,34041.009963,m²,EVIDENCIA
CF|BASE|5000-10000-20000|T2_5000_10000_20000,PROYECTO,,DPV-053,FACTIBILIDAD_PENDIENTE,FACTIBILIDAD_PENDIENTE,DIMENSIONADO,AGUA,requerido [ESTIMACIÓN] con rechazo [SUPUESTO],500,m³/día,EVIDENCIA
CF|BASE|5000-10000-20000|T2_5000_10000_20000,PROYECTO,,DPV-095,FACTIBILIDAD_PENDIENTE,FACTIBILIDAD_PENDIENTE,DESCONOCIDO,POTENCIA,requerido PENDIENTE,,kW,EVIDENCIA
CF|BASE|5000-10000-20000|T2_5000_10000_20000,PROYECTO,,DPV-097,FACTIBILIDAD_PENDIENTE,FACTIBILIDAD_PENDIENTE,DIMENSIONADO,CAPACIDAD_LINEA,garantizada PENDIENTE (DPV-097),2808.988764,aves/h,EVIDENCIA
CF|BASE|5000-10000-20000|T2_5000_10000_20000,PROYECTO,,DPV-051,FACTIBILIDAD_PENDIENTE,FACTIBILIDAD_PENDIENTE,DIMENSIONADO,SITIOS_GRANJAS_PROPIAS,dato de disponibilidad no declarado,TRUE,sitios,EVIDENCIA
CF|BASE|5000-10000-20000|T2_5000_10000_20000,PROYECTO,,DPV-047,FACTIBILIDAD_PENDIENTE,FACTIBILIDAD_PENDIENTE,DIMENSIONADO,HUEVO_FERTIL_INCUBACION,dato de disponibilidad no declarado,TRUE,—,EVIDENCIA
CF|BASE|5000-10000-20000|T2_5000_10000_20000,PROYECTO,,DPV-157,FACTIBILIDAD_PENDIENTE,FACTIBILIDAD_PENDIENTE,DIMENSIONADO,ALIMENTO_PROPIA,requerido [ESTIMACIÓN] con [SUPUESTO],494.48345,t/semana,EVIDENCIA
CF|BASE|5000-10000-20000|T2_5000_10000_20000,PROYECTO,,DPV-072,FACTIBILIDAD_PENDIENTE,FACTIBILIDAD_PENDIENTE,DIMENSIONADO,TRATAMIENTO_SUBPRODUCTOS,dato de disponibilidad no declarado,TRUE,—,EVIDENCIA
CF|BASE|10000-20000|T3_10000_20000,PROYECTO,TRUE,,FACTIBLE,FACTIBILIDAD_PENDIENTE,DIMENSIONADO,ARQUITECTURA,faena=propia|granjas=propias:1|pollito=incubacion+reprod|alimento=propia|flota=propia|frio=B_refrigerado_congelado|subprod=B_basico_propio+rendering|terreno=compra_fase|autom=semi|linea=lotes,TRUE,—,EVIDENCIA
CF|BASE|10000-20000|T3_10000_20000,PROYECTO,TRUE,DEC-001,FACTIBLE,FACTIBILIDAD_PENDIENTE,DIMENSIONADO,ESCALA,rango estudiado 2500–20000,TRUE,aves/día,EVIDENCIA
CF|BASE|10000-20000|T3_10000_20000,PROYECTO,,DPV-087,FACTIBILIDAD_PENDIENTE,FACTIBILIDAD_PENDIENTE,DIMENSIONADO,TERRENO,requerido [ESTIMACIÓN] con PROXY,34041.009963,m²,EVIDENCIA
CF|BASE|10000-20000|T3_10000_20000,PROYECTO,,DPV-053,FACTIBILIDAD_PENDIENTE,FACTIBILIDAD_PENDIENTE,DIMENSIONADO,AGUA,requerido [ESTIMACIÓN] con rechazo [SUPUESTO],500,m³/día,EVIDENCIA
CF|BASE|10000-20000|T3_10000_20000,PROYECTO,,DPV-095,FACTIBILIDAD_PENDIENTE,FACTIBILIDAD_PENDIENTE,DESCONOCIDO,POTENCIA,requerido PENDIENTE,,kW,EVIDENCIA
CF|BASE|10000-20000|T3_10000_20000,PROYECTO,,DPV-097,FACTIBILIDAD_PENDIENTE,FACTIBILIDAD_PENDIENTE,DIMENSIONADO,CAPACIDAD_LINEA,garantizada PENDIENTE (DPV-097),2808.988764,aves/h,EVIDENCIA
CF|BASE|10000-20000|T3_10000_20000,PROYECTO,,DPV-051,FACTIBILIDAD_PENDIENTE,FACTIBILIDAD_PENDIENTE,DIMENSIONADO,SITIOS_GRANJAS_PROPIAS,dato de disponibilidad no declarado,TRUE,sitios,EVIDENCIA
CF|BASE|10000-20000|T3_10000_20000,PROYECTO,,DPV-047,FACTIBILIDAD_PENDIENTE,FACTIBILIDAD_PENDIENTE,DIMENSIONADO,HUEVO_FERTIL_INCUBACION,dato de disponibilidad no declarado,TRUE,—,EVIDENCIA
CF|BASE|10000-20000|T3_10000_20000,PROYECTO,,DPV-157,FACTIBILIDAD_PENDIENTE,FACTIBILIDAD_PENDIENTE,DIMENSIONADO,ALIMENTO_PROPIA,requerido [ESTIMACIÓN] con [SUPUESTO],494.48345,t/semana,EVIDENCIA
CF|BASE|10000-20000|T3_10000_20000,PROYECTO,,DPV-072,FACTIBILIDAD_PENDIENTE,FACTIBILIDAD_PENDIENTE,DIMENSIONADO,TRATAMIENTO_SUBPRODUCTOS,dato de disponibilidad no declarado,TRUE,—,EVIDENCIA
C0|C0-10000-FACON-MP-EMPRESA|10000|ESCALA_UNICA,PROYECTO,TRUE,,FACTIBLE,FACTIBILIDAD_PENDIENTE,DIMENSIONADO,ARQUITECTURA,faena=facon|granjas=integradas:0|pollito=compra|alimento=facon|flota=tercero|frio=C_congelado_tercero|subprod=A_externo|terreno=compra_fase|autom=semi|linea=lotes,TRUE,—,EVIDENCIA
C0|C0-10000-FACON-MP-EMPRESA|10000|ESCALA_UNICA,PROYECTO,TRUE,DEC-001,FACTIBLE,FACTIBILIDAD_PENDIENTE,DIMENSIONADO,ESCALA,rango estudiado 2500–20000,TRUE,aves/día,EVIDENCIA
C0|C0-10000-FACON-MP-EMPRESA|10000|ESCALA_UNICA,PROYECTO,,DPV-006,FACTIBILIDAD_PENDIENTE,FACTIBILIDAD_PENDIENTE,DIMENSIONADO,FACON_FAENA,dato de disponibilidad no declarado,10000,aves/día,EVIDENCIA
C0|C0-10000-FACON-MP-EMPRESA|10000|ESCALA_UNICA,PROYECTO,,DPV-087,FACTIBILIDAD_PENDIENTE,FACTIBILIDAD_PENDIENTE,DESCONOCIDO,TERRENO,planta de faena: NO_REQUERIDO_POR_ARQUITECTURA; módulos propios sin dimensionar: oficina / IT / estructura (CAPEX de C0 en el mapa),,m²,EVIDENCIA
C0|C0-10000-FACON-MP-EMPRESA|10000|ESCALA_UNICA,PROYECTO,,DPV-053,FACTIBILIDAD_PENDIENTE,FACTIBILIDAD_PENDIENTE,DESCONOCIDO,AGUA,planta de faena: NO_REQUERIDO_POR_ARQUITECTURA; módulos propios sin dimensionar: oficina / IT / estructura (CAPEX de C0 en el mapa),,m³/día,EVIDENCIA
C0|C0-10000-FACON-MP-EMPRESA|10000|ESCALA_UNICA,PROYECTO,,DPV-095,FACTIBILIDAD_PENDIENTE,FACTIBILIDAD_PENDIENTE,DESCONOCIDO,POTENCIA,planta de faena: NO_REQUERIDO_POR_ARQUITECTURA; módulos propios sin dimensionar: oficina / IT / estructura (CAPEX de C0 en el mapa),,kW,EVIDENCIA
C0|C0-10000-FACON-MP-EMPRESA|10000|ESCALA_UNICA,PROYECTO,,DPV-048,FACTIBILIDAD_PENDIENTE,FACTIBILIDAD_PENDIENTE,DIMENSIONADO,PRODUCCION_PRIMARIA_INTEGRADOS,requerido [ESTIMACIÓN],37942.567446,m² galpón,EVIDENCIA
C0|C0-10000-FACON-MP-EMPRESA|10000|ESCALA_UNICA,PROYECTO,,"DPV-006, DPV-047",FACTIBILIDAD_PENDIENTE,FACTIBILIDAD_PENDIENTE,DIMENSIONADO,POLLITO,requerido [ESTIMACIÓN],52789.948794,pollitos/semana,EVIDENCIA
C0|C0-10000-FACON-MP-EMPRESA|10000|ESCALA_UNICA,PROYECTO,,DPV-155,FACTIBILIDAD_PENDIENTE,FACTIBILIDAD_PENDIENTE,DESCONOCIDO,ALIMENTO_FACON,requerido sin driver,,t/semana,EVIDENCIA
C0|C0-10000-FACON-MP-EMPRESA|10000|ESCALA_UNICA,PROYECTO,,DEC-027,FACTIBILIDAD_PENDIENTE,FACTIBILIDAD_PENDIENTE,DIMENSIONADO,RECEPTOR_SUBPRODUCTOS,dato de disponibilidad no declarado,TRUE,—,EVIDENCIA
C0|C0-10000-FACON-MP-EMPRESA|10000|ESCALA_UNICA,PROYECTO,,DPV-042,FACTIBILIDAD_PENDIENTE,FACTIBILIDAD_PENDIENTE,DIMENSIONADO,TRANSPORTE_TERCERO,dato de disponibilidad no declarado,TRUE,—,EVIDENCIA
C0|C0-10000-FACON-MP-EMPRESA|10000|ESCALA_UNICA,PROYECTO,,DPV-109,FACTIBILIDAD_PENDIENTE,FACTIBILIDAD_PENDIENTE,DIMENSIONADO,FRIO_TERCERO,dato de disponibilidad no declarado,TRUE,—,EVIDENCIA
C0|C0-10000-FACON-MP-ELABORADOR|10000|ESCALA_UNICA,PROYECTO,TRUE,,FACTIBLE,FACTIBILIDAD_PENDIENTE,DIMENSIONADO,ARQUITECTURA,faena=facon|granjas=integradas:0|pollito=compra|alimento=facon|flota=tercero|frio=C_congelado_tercero|subprod=A_externo|terreno=compra_fase|autom=semi|linea=lotes,TRUE,—,EVIDENCIA
C0|C0-10000-FACON-MP-ELABORADOR|10000|ESCALA_UNICA,PROYECTO,TRUE,DEC-001,FACTIBLE,FACTIBILIDAD_PENDIENTE,DIMENSIONADO,ESCALA,rango estudiado 2500–20000,TRUE,aves/día,EVIDENCIA
C0|C0-10000-FACON-MP-ELABORADOR|10000|ESCALA_UNICA,PROYECTO,,DPV-006,FACTIBILIDAD_PENDIENTE,FACTIBILIDAD_PENDIENTE,DIMENSIONADO,FACON_FAENA,dato de disponibilidad no declarado,10000,aves/día,EVIDENCIA
C0|C0-10000-FACON-MP-ELABORADOR|10000|ESCALA_UNICA,PROYECTO,,DPV-087,FACTIBILIDAD_PENDIENTE,FACTIBILIDAD_PENDIENTE,DESCONOCIDO,TERRENO,planta de faena: NO_REQUERIDO_POR_ARQUITECTURA; módulos propios sin dimensionar: oficina / IT / estructura (CAPEX de C0 en el mapa),,m²,EVIDENCIA
C0|C0-10000-FACON-MP-ELABORADOR|10000|ESCALA_UNICA,PROYECTO,,DPV-053,FACTIBILIDAD_PENDIENTE,FACTIBILIDAD_PENDIENTE,DESCONOCIDO,AGUA,planta de faena: NO_REQUERIDO_POR_ARQUITECTURA; módulos propios sin dimensionar: oficina / IT / estructura (CAPEX de C0 en el mapa),,m³/día,EVIDENCIA
C0|C0-10000-FACON-MP-ELABORADOR|10000|ESCALA_UNICA,PROYECTO,,DPV-095,FACTIBILIDAD_PENDIENTE,FACTIBILIDAD_PENDIENTE,DESCONOCIDO,POTENCIA,planta de faena: NO_REQUERIDO_POR_ARQUITECTURA; módulos propios sin dimensionar: oficina / IT / estructura (CAPEX de C0 en el mapa),,kW,EVIDENCIA
C0|C0-10000-FACON-MP-ELABORADOR|10000|ESCALA_UNICA,PROYECTO,,DPV-048,FACTIBILIDAD_PENDIENTE,FACTIBILIDAD_PENDIENTE,DIMENSIONADO,PRODUCCION_PRIMARIA_INTEGRADOS,requerido [ESTIMACIÓN],37942.567446,m² galpón,EVIDENCIA
C0|C0-10000-FACON-MP-ELABORADOR|10000|ESCALA_UNICA,PROYECTO,,"DPV-006, DPV-047",FACTIBILIDAD_PENDIENTE,FACTIBILIDAD_PENDIENTE,DIMENSIONADO,POLLITO,requerido [ESTIMACIÓN],52789.948794,pollitos/semana,EVIDENCIA
C0|C0-10000-FACON-MP-ELABORADOR|10000|ESCALA_UNICA,PROYECTO,,DPV-155,FACTIBILIDAD_PENDIENTE,FACTIBILIDAD_PENDIENTE,DESCONOCIDO,ALIMENTO_FACON,requerido sin driver,,t/semana,EVIDENCIA
C0|C0-10000-FACON-MP-ELABORADOR|10000|ESCALA_UNICA,PROYECTO,,DEC-027,FACTIBILIDAD_PENDIENTE,FACTIBILIDAD_PENDIENTE,DIMENSIONADO,RECEPTOR_SUBPRODUCTOS,dato de disponibilidad no declarado,TRUE,—,EVIDENCIA
C0|C0-10000-FACON-MP-ELABORADOR|10000|ESCALA_UNICA,PROYECTO,,DPV-042,FACTIBILIDAD_PENDIENTE,FACTIBILIDAD_PENDIENTE,DIMENSIONADO,TRANSPORTE_TERCERO,dato de disponibilidad no declarado,TRUE,—,EVIDENCIA
C0|C0-10000-FACON-MP-ELABORADOR|10000|ESCALA_UNICA,PROYECTO,,DPV-109,FACTIBILIDAD_PENDIENTE,FACTIBILIDAD_PENDIENTE,DIMENSIONADO,FRIO_TERCERO,dato de disponibilidad no declarado,TRUE,—,EVIDENCIA
C2|C2-10000-FACON-MP-EMPRESA|10000|ESCALA_UNICA,PROYECTO,TRUE,,FACTIBLE,FACTIBILIDAD_PENDIENTE,DIMENSIONADO,ARQUITECTURA,"faena=propia|granjas=mixto:0.25|pollito=compra|alimento=facon|flota=mixto(vivo,refrigerado,servicio)|frio=B_refrigerado_congelado|subprod=A_externo|terreno=compra_fase|autom=semi|linea=lotes",TRUE,—,EVIDENCIA
C2|C2-10000-FACON-MP-EMPRESA|10000|ESCALA_UNICA,PROYECTO,TRUE,DEC-001,FACTIBLE,FACTIBILIDAD_PENDIENTE,DIMENSIONADO,ESCALA,rango estudiado 2500–20000,TRUE,aves/día,EVIDENCIA
C2|C2-10000-FACON-MP-EMPRESA|10000|ESCALA_UNICA,PROYECTO,,DPV-087,FACTIBILIDAD_PENDIENTE,FACTIBILIDAD_PENDIENTE,DIMENSIONADO,TERRENO,requerido [ESTIMACIÓN] con PROXY,23705.920159,m²,EVIDENCIA
C2|C2-10000-FACON-MP-EMPRESA|10000|ESCALA_UNICA,PROYECTO,,DPV-053,FACTIBILIDAD_PENDIENTE,FACTIBILIDAD_PENDIENTE,DIMENSIONADO,AGUA,requerido [ESTIMACIÓN] con rechazo [SUPUESTO],250,m³/día,EVIDENCIA
C2|C2-10000-FACON-MP-EMPRESA|10000|ESCALA_UNICA,PROYECTO,,DPV-095,FACTIBILIDAD_PENDIENTE,FACTIBILIDAD_PENDIENTE,DESCONOCIDO,POTENCIA,requerido PENDIENTE,,kW,EVIDENCIA
C2|C2-10000-FACON-MP-EMPRESA|10000|ESCALA_UNICA,PROYECTO,,DPV-097,FACTIBILIDAD_PENDIENTE,FACTIBILIDAD_PENDIENTE,DIMENSIONADO,CAPACIDAD_LINEA,garantizada PENDIENTE (DPV-097),1404.494382,aves/h,EVIDENCIA
C2|C2-10000-FACON-MP-EMPRESA|10000|ESCALA_UNICA,PROYECTO,,DPV-048,FACTIBILIDAD_PENDIENTE,FACTIBILIDAD_PENDIENTE,DIMENSIONADO,PRODUCCION_PRIMARIA_INTEGRADOS,requerido [ESTIMACIÓN],28456.925584,m² galpón,EVIDENCIA
C2|C2-10000-FACON-MP-EMPRESA|10000|ESCALA_UNICA,PROYECTO,,DPV-051,FACTIBILIDAD_PENDIENTE,FACTIBILIDAD_PENDIENTE,DIMENSIONADO,SITIOS_GRANJAS_PROPIAS,dato de disponibilidad no declarado,TRUE,sitios,EVIDENCIA
C2|C2-10000-FACON-MP-EMPRESA|10000|ESCALA_UNICA,PROYECTO,,"DPV-006, DPV-047",FACTIBILIDAD_PENDIENTE,FACTIBILIDAD_PENDIENTE,DIMENSIONADO,POLLITO,requerido [ESTIMACIÓN],52789.948794,pollitos/semana,EVIDENCIA
C2|C2-10000-FACON-MP-EMPRESA|10000|ESCALA_UNICA,PROYECTO,,DPV-155,FACTIBILIDAD_PENDIENTE,FACTIBILIDAD_PENDIENTE,DESCONOCIDO,ALIMENTO_FACON,requerido sin driver,,t/semana,EVIDENCIA
C2|C2-10000-FACON-MP-EMPRESA|10000|ESCALA_UNICA,PROYECTO,,DEC-027,FACTIBILIDAD_PENDIENTE,FACTIBILIDAD_PENDIENTE,DIMENSIONADO,RECEPTOR_SUBPRODUCTOS,dato de disponibilidad no declarado,TRUE,—,EVIDENCIA
C2|C2-10000-FACON-MP-EMPRESA|10000|ESCALA_UNICA,PROYECTO,,DPV-042,FACTIBILIDAD_PENDIENTE,FACTIBILIDAD_PENDIENTE,DIMENSIONADO,TRANSPORTE_TERCERO,dato de disponibilidad no declarado,TRUE,—,EVIDENCIA
C1|C1-10000-congelado_tercero|10000|ESCALA_UNICA,PROYECTO,TRUE,,FACTIBLE,FACTIBILIDAD_PENDIENTE,DIMENSIONADO,ARQUITECTURA,faena=propia|granjas=integradas:0|pollito=compra|alimento=compra|flota=tercero|frio=C_congelado_tercero|subprod=A_externo|terreno=compra_fase|autom=semi|linea=lotes,TRUE,—,EVIDENCIA
C1|C1-10000-congelado_tercero|10000|ESCALA_UNICA,PROYECTO,TRUE,DEC-001,FACTIBLE,FACTIBILIDAD_PENDIENTE,DIMENSIONADO,ESCALA,rango estudiado 2500–20000,TRUE,aves/día,EVIDENCIA
C1|C1-10000-congelado_tercero|10000|ESCALA_UNICA,PROYECTO,,DPV-087,FACTIBILIDAD_PENDIENTE,FACTIBILIDAD_PENDIENTE,DIMENSIONADO,TERRENO,requerido [ESTIMACIÓN] con PROXY,23324.007549,m²,EVIDENCIA
C1|C1-10000-congelado_tercero|10000|ESCALA_UNICA,PROYECTO,,DPV-053,FACTIBILIDAD_PENDIENTE,FACTIBILIDAD_PENDIENTE,DIMENSIONADO,AGUA,requerido [ESTIMACIÓN] con rechazo [SUPUESTO],250,m³/día,EVIDENCIA
C1|C1-10000-congelado_tercero|10000|ESCALA_UNICA,PROYECTO,,DPV-095,FACTIBILIDAD_PENDIENTE,FACTIBILIDAD_PENDIENTE,DESCONOCIDO,POTENCIA,requerido PENDIENTE,,kW,EVIDENCIA
C1|C1-10000-congelado_tercero|10000|ESCALA_UNICA,PROYECTO,,DPV-097,FACTIBILIDAD_PENDIENTE,FACTIBILIDAD_PENDIENTE,DIMENSIONADO,CAPACIDAD_LINEA,garantizada PENDIENTE (DPV-097),1404.494382,aves/h,EVIDENCIA
C1|C1-10000-congelado_tercero|10000|ESCALA_UNICA,PROYECTO,,DPV-048,FACTIBILIDAD_PENDIENTE,FACTIBILIDAD_PENDIENTE,DIMENSIONADO,PRODUCCION_PRIMARIA_INTEGRADOS,requerido [ESTIMACIÓN],37942.567446,m² galpón,EVIDENCIA
C1|C1-10000-congelado_tercero|10000|ESCALA_UNICA,PROYECTO,,"DPV-006, DPV-047",FACTIBILIDAD_PENDIENTE,FACTIBILIDAD_PENDIENTE,DIMENSIONADO,POLLITO,requerido [ESTIMACIÓN],52789.948794,pollitos/semana,EVIDENCIA
C1|C1-10000-congelado_tercero|10000|ESCALA_UNICA,PROYECTO,,DPV-050,FACTIBILIDAD_PENDIENTE,FACTIBILIDAD_PENDIENTE,DESCONOCIDO,ALIMENTO_COMPRA,requerido sin driver,,t/semana,EVIDENCIA
C1|C1-10000-congelado_tercero|10000|ESCALA_UNICA,PROYECTO,,DEC-027,FACTIBILIDAD_PENDIENTE,FACTIBILIDAD_PENDIENTE,DIMENSIONADO,RECEPTOR_SUBPRODUCTOS,dato de disponibilidad no declarado,TRUE,—,EVIDENCIA
C1|C1-10000-congelado_tercero|10000|ESCALA_UNICA,PROYECTO,,DPV-042,FACTIBILIDAD_PENDIENTE,FACTIBILIDAD_PENDIENTE,DIMENSIONADO,TRANSPORTE_TERCERO,dato de disponibilidad no declarado,TRUE,—,EVIDENCIA
C1|C1-10000-congelado_tercero|10000|ESCALA_UNICA,PROYECTO,,DPV-109,FACTIBILIDAD_PENDIENTE,FACTIBILIDAD_PENDIENTE,DIMENSIONADO,FRIO_TERCERO,dato de disponibilidad no declarado,TRUE,—,EVIDENCIA
C1|C1-10000-congelado_propio|10000|ESCALA_UNICA,PROYECTO,TRUE,,FACTIBLE,FACTIBILIDAD_PENDIENTE,DIMENSIONADO,ARQUITECTURA,faena=propia|granjas=integradas:0|pollito=compra|alimento=compra|flota=tercero|frio=B_refrigerado_congelado|subprod=A_externo|terreno=compra_fase|autom=semi|linea=lotes,TRUE,—,EVIDENCIA
C1|C1-10000-congelado_propio|10000|ESCALA_UNICA,PROYECTO,TRUE,DEC-001,FACTIBLE,FACTIBILIDAD_PENDIENTE,DIMENSIONADO,ESCALA,rango estudiado 2500–20000,TRUE,aves/día,EVIDENCIA
C1|C1-10000-congelado_propio|10000|ESCALA_UNICA,PROYECTO,,DPV-087,FACTIBILIDAD_PENDIENTE,FACTIBILIDAD_PENDIENTE,DIMENSIONADO,TERRENO,requerido [ESTIMACIÓN] con PROXY,23705.920159,m²,EVIDENCIA
C1|C1-10000-congelado_propio|10000|ESCALA_UNICA,PROYECTO,,DPV-053,FACTIBILIDAD_PENDIENTE,FACTIBILIDAD_PENDIENTE,DIMENSIONADO,AGUA,requerido [ESTIMACIÓN] con rechazo [SUPUESTO],250,m³/día,EVIDENCIA
C1|C1-10000-congelado_propio|10000|ESCALA_UNICA,PROYECTO,,DPV-095,FACTIBILIDAD_PENDIENTE,FACTIBILIDAD_PENDIENTE,DESCONOCIDO,POTENCIA,requerido PENDIENTE,,kW,EVIDENCIA
C1|C1-10000-congelado_propio|10000|ESCALA_UNICA,PROYECTO,,DPV-097,FACTIBILIDAD_PENDIENTE,FACTIBILIDAD_PENDIENTE,DIMENSIONADO,CAPACIDAD_LINEA,garantizada PENDIENTE (DPV-097),1404.494382,aves/h,EVIDENCIA
C1|C1-10000-congelado_propio|10000|ESCALA_UNICA,PROYECTO,,DPV-048,FACTIBILIDAD_PENDIENTE,FACTIBILIDAD_PENDIENTE,DIMENSIONADO,PRODUCCION_PRIMARIA_INTEGRADOS,requerido [ESTIMACIÓN],37942.567446,m² galpón,EVIDENCIA
C1|C1-10000-congelado_propio|10000|ESCALA_UNICA,PROYECTO,,"DPV-006, DPV-047",FACTIBILIDAD_PENDIENTE,FACTIBILIDAD_PENDIENTE,DIMENSIONADO,POLLITO,requerido [ESTIMACIÓN],52789.948794,pollitos/semana,EVIDENCIA
C1|C1-10000-congelado_propio|10000|ESCALA_UNICA,PROYECTO,,DPV-050,FACTIBILIDAD_PENDIENTE,FACTIBILIDAD_PENDIENTE,DESCONOCIDO,ALIMENTO_COMPRA,requerido sin driver,,t/semana,EVIDENCIA
C1|C1-10000-congelado_propio|10000|ESCALA_UNICA,PROYECTO,,DEC-027,FACTIBILIDAD_PENDIENTE,FACTIBILIDAD_PENDIENTE,DIMENSIONADO,RECEPTOR_SUBPRODUCTOS,dato de disponibilidad no declarado,TRUE,—,EVIDENCIA
C1|C1-10000-congelado_propio|10000|ESCALA_UNICA,PROYECTO,,DPV-042,FACTIBILIDAD_PENDIENTE,FACTIBILIDAD_PENDIENTE,DIMENSIONADO,TRANSPORTE_TERCERO,dato de disponibilidad no declarado,TRUE,—,EVIDENCIA
C1|C1-10000-subprod_basico|10000|ESCALA_UNICA,PROYECTO,TRUE,,FACTIBLE,FACTIBILIDAD_PENDIENTE,DIMENSIONADO,ARQUITECTURA,faena=propia|granjas=integradas:0|pollito=compra|alimento=compra|flota=tercero|frio=A_refrigerado|subprod=B_basico_propio|terreno=compra_fase|autom=semi|linea=lotes,TRUE,—,EVIDENCIA
C1|C1-10000-subprod_basico|10000|ESCALA_UNICA,PROYECTO,TRUE,DEC-001,FACTIBLE,FACTIBILIDAD_PENDIENTE,DIMENSIONADO,ESCALA,rango estudiado 2500–20000,TRUE,aves/día,EVIDENCIA
C1|C1-10000-subprod_basico|10000|ESCALA_UNICA,PROYECTO,,DPV-087,FACTIBILIDAD_PENDIENTE,FACTIBILIDAD_PENDIENTE,DIMENSIONADO,TERRENO,requerido [ESTIMACIÓN] con PROXY,23372.494534,m²,EVIDENCIA
C1|C1-10000-subprod_basico|10000|ESCALA_UNICA,PROYECTO,,DPV-053,FACTIBILIDAD_PENDIENTE,FACTIBILIDAD_PENDIENTE,DIMENSIONADO,AGUA,requerido [ESTIMACIÓN] con rechazo [SUPUESTO],250,m³/día,EVIDENCIA
C1|C1-10000-subprod_basico|10000|ESCALA_UNICA,PROYECTO,,DPV-095,FACTIBILIDAD_PENDIENTE,FACTIBILIDAD_PENDIENTE,DESCONOCIDO,POTENCIA,requerido PENDIENTE,,kW,EVIDENCIA
C1|C1-10000-subprod_basico|10000|ESCALA_UNICA,PROYECTO,,DPV-097,FACTIBILIDAD_PENDIENTE,FACTIBILIDAD_PENDIENTE,DIMENSIONADO,CAPACIDAD_LINEA,garantizada PENDIENTE (DPV-097),1404.494382,aves/h,EVIDENCIA
C1|C1-10000-subprod_basico|10000|ESCALA_UNICA,PROYECTO,,DPV-048,FACTIBILIDAD_PENDIENTE,FACTIBILIDAD_PENDIENTE,DIMENSIONADO,PRODUCCION_PRIMARIA_INTEGRADOS,requerido [ESTIMACIÓN],37942.567446,m² galpón,EVIDENCIA
C1|C1-10000-subprod_basico|10000|ESCALA_UNICA,PROYECTO,,"DPV-006, DPV-047",FACTIBILIDAD_PENDIENTE,FACTIBILIDAD_PENDIENTE,DIMENSIONADO,POLLITO,requerido [ESTIMACIÓN],52789.948794,pollitos/semana,EVIDENCIA
C1|C1-10000-subprod_basico|10000|ESCALA_UNICA,PROYECTO,,DPV-050,FACTIBILIDAD_PENDIENTE,FACTIBILIDAD_PENDIENTE,DESCONOCIDO,ALIMENTO_COMPRA,requerido sin driver,,t/semana,EVIDENCIA
C1|C1-10000-subprod_basico|10000|ESCALA_UNICA,PROYECTO,,DPV-072,FACTIBILIDAD_PENDIENTE,FACTIBILIDAD_PENDIENTE,DIMENSIONADO,TRATAMIENTO_SUBPRODUCTOS,dato de disponibilidad no declarado,TRUE,—,EVIDENCIA
C1|C1-10000-subprod_basico|10000|ESCALA_UNICA,PROYECTO,,DPV-042,FACTIBILIDAD_PENDIENTE,FACTIBILIDAD_PENDIENTE,DIMENSIONADO,TRANSPORTE_TERCERO,dato de disponibilidad no declarado,TRUE,—,EVIDENCIA
C1|C1-10000-llave_en_mano|10000|ESCALA_UNICA,PROYECTO,TRUE,,FACTIBLE,FACTIBILIDAD_PENDIENTE,DIMENSIONADO,ARQUITECTURA,faena=propia|granjas=integradas:0|pollito=compra|alimento=compra|flota=tercero|frio=A_refrigerado|subprod=A_externo|terreno=compra_fase|autom=semi|linea=llave_en_mano,TRUE,—,EVIDENCIA
C1|C1-10000-llave_en_mano|10000|ESCALA_UNICA,PROYECTO,TRUE,DEC-001,FACTIBLE,FACTIBILIDAD_PENDIENTE,DIMENSIONADO,ESCALA,rango estudiado 2500–20000,TRUE,aves/día,EVIDENCIA
C1|C1-10000-llave_en_mano|10000|ESCALA_UNICA,PROYECTO,,DPV-087,FACTIBILIDAD_PENDIENTE,FACTIBILIDAD_PENDIENTE,DIMENSIONADO,TERRENO,requerido [ESTIMACIÓN] con PROXY,23372.494534,m²,EVIDENCIA
C1|C1-10000-llave_en_mano|10000|ESCALA_UNICA,PROYECTO,,DPV-053,FACTIBILIDAD_PENDIENTE,FACTIBILIDAD_PENDIENTE,DIMENSIONADO,AGUA,requerido [ESTIMACIÓN] con rechazo [SUPUESTO],250,m³/día,EVIDENCIA
C1|C1-10000-llave_en_mano|10000|ESCALA_UNICA,PROYECTO,,DPV-095,FACTIBILIDAD_PENDIENTE,FACTIBILIDAD_PENDIENTE,DESCONOCIDO,POTENCIA,requerido PENDIENTE,,kW,EVIDENCIA
C1|C1-10000-llave_en_mano|10000|ESCALA_UNICA,PROYECTO,,DPV-097,FACTIBILIDAD_PENDIENTE,FACTIBILIDAD_PENDIENTE,DIMENSIONADO,CAPACIDAD_LINEA,garantizada PENDIENTE (DPV-097),1404.494382,aves/h,EVIDENCIA
C1|C1-10000-llave_en_mano|10000|ESCALA_UNICA,PROYECTO,,DPV-048,FACTIBILIDAD_PENDIENTE,FACTIBILIDAD_PENDIENTE,DIMENSIONADO,PRODUCCION_PRIMARIA_INTEGRADOS,requerido [ESTIMACIÓN],37942.567446,m² galpón,EVIDENCIA
C1|C1-10000-llave_en_mano|10000|ESCALA_UNICA,PROYECTO,,"DPV-006, DPV-047",FACTIBILIDAD_PENDIENTE,FACTIBILIDAD_PENDIENTE,DIMENSIONADO,POLLITO,requerido [ESTIMACIÓN],52789.948794,pollitos/semana,EVIDENCIA
C1|C1-10000-llave_en_mano|10000|ESCALA_UNICA,PROYECTO,,DPV-050,FACTIBILIDAD_PENDIENTE,FACTIBILIDAD_PENDIENTE,DESCONOCIDO,ALIMENTO_COMPRA,requerido sin driver,,t/semana,EVIDENCIA
C1|C1-10000-llave_en_mano|10000|ESCALA_UNICA,PROYECTO,,DEC-027,FACTIBILIDAD_PENDIENTE,FACTIBILIDAD_PENDIENTE,DIMENSIONADO,RECEPTOR_SUBPRODUCTOS,dato de disponibilidad no declarado,TRUE,—,EVIDENCIA
C1|C1-10000-llave_en_mano|10000|ESCALA_UNICA,PROYECTO,,DPV-042,FACTIBILIDAD_PENDIENTE,FACTIBILIDAD_PENDIENTE,DIMENSIONADO,TRANSPORTE_TERCERO,dato de disponibilidad no declarado,TRUE,—,EVIDENCIA
C1|C1-10000-manual|10000|ESCALA_UNICA,PROYECTO,TRUE,,FACTIBLE,FACTIBILIDAD_PENDIENTE,DIMENSIONADO,ARQUITECTURA,faena=propia|granjas=integradas:0|pollito=compra|alimento=compra|flota=tercero|frio=A_refrigerado|subprod=A_externo|terreno=compra_fase|autom=manual|linea=lotes,TRUE,—,EVIDENCIA
C1|C1-10000-manual|10000|ESCALA_UNICA,PROYECTO,TRUE,DEC-001,FACTIBLE,FACTIBILIDAD_PENDIENTE,DIMENSIONADO,ESCALA,rango estudiado 2500–20000,TRUE,aves/día,EVIDENCIA
C1|C1-10000-manual|10000|ESCALA_UNICA,PROYECTO,,DPV-087,FACTIBILIDAD_PENDIENTE,FACTIBILIDAD_PENDIENTE,DIMENSIONADO,TERRENO,requerido [ESTIMACIÓN] con PROXY,24592.32949,m²,EVIDENCIA
C1|C1-10000-manual|10000|ESCALA_UNICA,PROYECTO,,DPV-053,FACTIBILIDAD_PENDIENTE,FACTIBILIDAD_PENDIENTE,DIMENSIONADO,AGUA,requerido [ESTIMACIÓN] con rechazo [SUPUESTO],250,m³/día,EVIDENCIA
C1|C1-10000-manual|10000|ESCALA_UNICA,PROYECTO,,DPV-095,FACTIBILIDAD_PENDIENTE,FACTIBILIDAD_PENDIENTE,DESCONOCIDO,POTENCIA,requerido PENDIENTE,,kW,EVIDENCIA
C1|C1-10000-manual|10000|ESCALA_UNICA,PROYECTO,,DPV-097,FACTIBILIDAD_PENDIENTE,FACTIBILIDAD_PENDIENTE,DIMENSIONADO,CAPACIDAD_LINEA,garantizada PENDIENTE (DPV-097),1404.494382,aves/h,EVIDENCIA
C1|C1-10000-manual|10000|ESCALA_UNICA,PROYECTO,,DPV-048,FACTIBILIDAD_PENDIENTE,FACTIBILIDAD_PENDIENTE,DIMENSIONADO,PRODUCCION_PRIMARIA_INTEGRADOS,requerido [ESTIMACIÓN],37942.567446,m² galpón,EVIDENCIA
C1|C1-10000-manual|10000|ESCALA_UNICA,PROYECTO,,"DPV-006, DPV-047",FACTIBILIDAD_PENDIENTE,FACTIBILIDAD_PENDIENTE,DIMENSIONADO,POLLITO,requerido [ESTIMACIÓN],52789.948794,pollitos/semana,EVIDENCIA
C1|C1-10000-manual|10000|ESCALA_UNICA,PROYECTO,,DPV-050,FACTIBILIDAD_PENDIENTE,FACTIBILIDAD_PENDIENTE,DESCONOCIDO,ALIMENTO_COMPRA,requerido sin driver,,t/semana,EVIDENCIA
C1|C1-10000-manual|10000|ESCALA_UNICA,PROYECTO,,DEC-027,FACTIBILIDAD_PENDIENTE,FACTIBILIDAD_PENDIENTE,DIMENSIONADO,RECEPTOR_SUBPRODUCTOS,dato de disponibilidad no declarado,TRUE,—,EVIDENCIA
C1|C1-10000-manual|10000|ESCALA_UNICA,PROYECTO,,DPV-042,FACTIBILIDAD_PENDIENTE,FACTIBILIDAD_PENDIENTE,DIMENSIONADO,TRANSPORTE_TERCERO,dato de disponibilidad no declarado,TRUE,—,EVIDENCIA
C1|C1-10000-auto|10000|ESCALA_UNICA,PROYECTO,TRUE,,FACTIBLE,FACTIBILIDAD_PENDIENTE,DIMENSIONADO,ARQUITECTURA,faena=propia|granjas=integradas:0|pollito=compra|alimento=compra|flota=tercero|frio=A_refrigerado|subprod=A_externo|terreno=compra_fase|autom=auto|linea=lotes,TRUE,—,EVIDENCIA
C1|C1-10000-auto|10000|ESCALA_UNICA,PROYECTO,TRUE,DEC-001,FACTIBLE,FACTIBILIDAD_PENDIENTE,DIMENSIONADO,ESCALA,rango estudiado 2500–20000,TRUE,aves/día,EVIDENCIA
C1|C1-10000-auto|10000|ESCALA_UNICA,PROYECTO,,DPV-087,FACTIBILIDAD_PENDIENTE,FACTIBILIDAD_PENDIENTE,DIMENSIONADO,TERRENO,requerido [ESTIMACIÓN] con PROXY,22598.622086,m²,EVIDENCIA
C1|C1-10000-auto|10000|ESCALA_UNICA,PROYECTO,,DPV-053,FACTIBILIDAD_PENDIENTE,FACTIBILIDAD_PENDIENTE,DIMENSIONADO,AGUA,requerido [ESTIMACIÓN] con rechazo [SUPUESTO],250,m³/día,EVIDENCIA
C1|C1-10000-auto|10000|ESCALA_UNICA,PROYECTO,,DPV-095,FACTIBILIDAD_PENDIENTE,FACTIBILIDAD_PENDIENTE,DESCONOCIDO,POTENCIA,requerido PENDIENTE,,kW,EVIDENCIA
C1|C1-10000-auto|10000|ESCALA_UNICA,PROYECTO,,DPV-097,FACTIBILIDAD_PENDIENTE,FACTIBILIDAD_PENDIENTE,DIMENSIONADO,CAPACIDAD_LINEA,garantizada PENDIENTE (DPV-097),1404.494382,aves/h,EVIDENCIA
C1|C1-10000-auto|10000|ESCALA_UNICA,PROYECTO,,DPV-048,FACTIBILIDAD_PENDIENTE,FACTIBILIDAD_PENDIENTE,DIMENSIONADO,PRODUCCION_PRIMARIA_INTEGRADOS,requerido [ESTIMACIÓN],37942.567446,m² galpón,EVIDENCIA
C1|C1-10000-auto|10000|ESCALA_UNICA,PROYECTO,,"DPV-006, DPV-047",FACTIBILIDAD_PENDIENTE,FACTIBILIDAD_PENDIENTE,DIMENSIONADO,POLLITO,requerido [ESTIMACIÓN],52789.948794,pollitos/semana,EVIDENCIA
C1|C1-10000-auto|10000|ESCALA_UNICA,PROYECTO,,DPV-050,FACTIBILIDAD_PENDIENTE,FACTIBILIDAD_PENDIENTE,DESCONOCIDO,ALIMENTO_COMPRA,requerido sin driver,,t/semana,EVIDENCIA
C1|C1-10000-auto|10000|ESCALA_UNICA,PROYECTO,,DEC-027,FACTIBILIDAD_PENDIENTE,FACTIBILIDAD_PENDIENTE,DIMENSIONADO,RECEPTOR_SUBPRODUCTOS,dato de disponibilidad no declarado,TRUE,—,EVIDENCIA
C1|C1-10000-auto|10000|ESCALA_UNICA,PROYECTO,,DPV-042,FACTIBILIDAD_PENDIENTE,FACTIBILIDAD_PENDIENTE,DIMENSIONADO,TRANSPORTE_TERCERO,dato de disponibilidad no declarado,TRUE,—,EVIDENCIA
C1|C1-10000-6dias|10000|ESCALA_UNICA,PROYECTO,TRUE,,FACTIBLE,FACTIBILIDAD_PENDIENTE,DIMENSIONADO,ARQUITECTURA,faena=propia|granjas=integradas:0|pollito=compra|alimento=compra|flota=tercero|frio=A_refrigerado|subprod=A_externo|terreno=compra_fase|autom=semi|linea=lotes,TRUE,—,EVIDENCIA
C1|C1-10000-6dias|10000|ESCALA_UNICA,PROYECTO,TRUE,DEC-001,FACTIBLE,FACTIBILIDAD_PENDIENTE,DIMENSIONADO,ESCALA,rango estudiado 2500–20000,TRUE,aves/día,EVIDENCIA
C1|C1-10000-6dias|10000|ESCALA_UNICA,PROYECTO,,DPV-087,FACTIBILIDAD_PENDIENTE,FACTIBILIDAD_PENDIENTE,DIMENSIONADO,TERRENO,requerido [ESTIMACIÓN] con PROXY,23372.494534,m²,EVIDENCIA
C1|C1-10000-6dias|10000|ESCALA_UNICA,PROYECTO,,DPV-053,FACTIBILIDAD_PENDIENTE,FACTIBILIDAD_PENDIENTE,DIMENSIONADO,AGUA,requerido [ESTIMACIÓN] con rechazo [SUPUESTO],250,m³/día,EVIDENCIA
C1|C1-10000-6dias|10000|ESCALA_UNICA,PROYECTO,,DPV-095,FACTIBILIDAD_PENDIENTE,FACTIBILIDAD_PENDIENTE,DESCONOCIDO,POTENCIA,requerido PENDIENTE,,kW,EVIDENCIA
C1|C1-10000-6dias|10000|ESCALA_UNICA,PROYECTO,,DPV-097,FACTIBILIDAD_PENDIENTE,FACTIBILIDAD_PENDIENTE,DIMENSIONADO,CAPACIDAD_LINEA,garantizada PENDIENTE (DPV-097),1404.494382,aves/h,EVIDENCIA
C1|C1-10000-6dias|10000|ESCALA_UNICA,PROYECTO,,DPV-048,FACTIBILIDAD_PENDIENTE,FACTIBILIDAD_PENDIENTE,DIMENSIONADO,PRODUCCION_PRIMARIA_INTEGRADOS,requerido [ESTIMACIÓN],45531.080935,m² galpón,EVIDENCIA
C1|C1-10000-6dias|10000|ESCALA_UNICA,PROYECTO,,"DPV-006, DPV-047",FACTIBILIDAD_PENDIENTE,FACTIBILIDAD_PENDIENTE,DIMENSIONADO,POLLITO,requerido [ESTIMACIÓN],63347.938552,pollitos/semana,EVIDENCIA
C1|C1-10000-6dias|10000|ESCALA_UNICA,PROYECTO,,DPV-050,FACTIBILIDAD_PENDIENTE,FACTIBILIDAD_PENDIENTE,DESCONOCIDO,ALIMENTO_COMPRA,requerido sin driver,,t/semana,EVIDENCIA
C1|C1-10000-6dias|10000|ESCALA_UNICA,PROYECTO,,DEC-027,FACTIBILIDAD_PENDIENTE,FACTIBILIDAD_PENDIENTE,DIMENSIONADO,RECEPTOR_SUBPRODUCTOS,dato de disponibilidad no declarado,TRUE,—,EVIDENCIA
C1|C1-10000-6dias|10000|ESCALA_UNICA,PROYECTO,,DPV-042,FACTIBILIDAD_PENDIENTE,FACTIBILIDAD_PENDIENTE,DIMENSIONADO,TRANSPORTE_TERCERO,dato de disponibilidad no declarado,TRUE,—,EVIDENCIA
C1|C1-10000-parque|10000|ESCALA_UNICA,PROYECTO,TRUE,,FACTIBLE,FACTIBILIDAD_PENDIENTE,DIMENSIONADO,ARQUITECTURA,faena=propia|granjas=integradas:0|pollito=compra|alimento=compra|flota=tercero|frio=A_refrigerado|subprod=A_externo|terreno=parque_industrial|autom=semi|linea=lotes,TRUE,—,EVIDENCIA
C1|C1-10000-parque|10000|ESCALA_UNICA,PROYECTO,TRUE,DEC-001,FACTIBLE,FACTIBILIDAD_PENDIENTE,DIMENSIONADO,ESCALA,rango estudiado 2500–20000,TRUE,aves/día,EVIDENCIA
C1|C1-10000-parque|10000|ESCALA_UNICA,PROYECTO,,DPV-087,FACTIBILIDAD_PENDIENTE,FACTIBILIDAD_PENDIENTE,DIMENSIONADO,TERRENO,requerido [ESTIMACIÓN] con PROXY,23372.494534,m²,EVIDENCIA
C1|C1-10000-parque|10000|ESCALA_UNICA,PROYECTO,,DPV-053,FACTIBILIDAD_PENDIENTE,FACTIBILIDAD_PENDIENTE,DIMENSIONADO,AGUA,requerido [ESTIMACIÓN] con rechazo [SUPUESTO],250,m³/día,EVIDENCIA
C1|C1-10000-parque|10000|ESCALA_UNICA,PROYECTO,,DPV-095,FACTIBILIDAD_PENDIENTE,FACTIBILIDAD_PENDIENTE,DESCONOCIDO,POTENCIA,requerido PENDIENTE,,kW,EVIDENCIA
C1|C1-10000-parque|10000|ESCALA_UNICA,PROYECTO,,DPV-097,FACTIBILIDAD_PENDIENTE,FACTIBILIDAD_PENDIENTE,DIMENSIONADO,CAPACIDAD_LINEA,garantizada PENDIENTE (DPV-097),1404.494382,aves/h,EVIDENCIA
C1|C1-10000-parque|10000|ESCALA_UNICA,PROYECTO,,DPV-048,FACTIBILIDAD_PENDIENTE,FACTIBILIDAD_PENDIENTE,DIMENSIONADO,PRODUCCION_PRIMARIA_INTEGRADOS,requerido [ESTIMACIÓN],37942.567446,m² galpón,EVIDENCIA
C1|C1-10000-parque|10000|ESCALA_UNICA,PROYECTO,,"DPV-006, DPV-047",FACTIBILIDAD_PENDIENTE,FACTIBILIDAD_PENDIENTE,DIMENSIONADO,POLLITO,requerido [ESTIMACIÓN],52789.948794,pollitos/semana,EVIDENCIA
C1|C1-10000-parque|10000|ESCALA_UNICA,PROYECTO,,DPV-050,FACTIBILIDAD_PENDIENTE,FACTIBILIDAD_PENDIENTE,DESCONOCIDO,ALIMENTO_COMPRA,requerido sin driver,,t/semana,EVIDENCIA
C1|C1-10000-parque|10000|ESCALA_UNICA,PROYECTO,,DEC-027,FACTIBILIDAD_PENDIENTE,FACTIBILIDAD_PENDIENTE,DIMENSIONADO,RECEPTOR_SUBPRODUCTOS,dato de disponibilidad no declarado,TRUE,—,EVIDENCIA
C1|C1-10000-parque|10000|ESCALA_UNICA,PROYECTO,,DPV-042,FACTIBILIDAD_PENDIENTE,FACTIBILIDAD_PENDIENTE,DIMENSIONADO,TRANSPORTE_TERCERO,dato de disponibilidad no declarado,TRUE,—,EVIDENCIA
C1|C1-10000-rural|10000|ESCALA_UNICA,PROYECTO,TRUE,,FACTIBLE,FACTIBILIDAD_PENDIENTE,DIMENSIONADO,ARQUITECTURA,faena=propia|granjas=integradas:0|pollito=compra|alimento=compra|flota=tercero|frio=A_refrigerado|subprod=A_externo|terreno=rural_compatible|autom=semi|linea=lotes,TRUE,—,EVIDENCIA
C1|C1-10000-rural|10000|ESCALA_UNICA,PROYECTO,TRUE,DEC-001,FACTIBLE,FACTIBILIDAD_PENDIENTE,DIMENSIONADO,ESCALA,rango estudiado 2500–20000,TRUE,aves/día,EVIDENCIA
C1|C1-10000-rural|10000|ESCALA_UNICA,PROYECTO,,DPV-087,FACTIBILIDAD_PENDIENTE,FACTIBILIDAD_PENDIENTE,DIMENSIONADO,TERRENO,requerido [ESTIMACIÓN] con PROXY,23372.494534,m²,EVIDENCIA
C1|C1-10000-rural|10000|ESCALA_UNICA,PROYECTO,,DPV-053,FACTIBILIDAD_PENDIENTE,FACTIBILIDAD_PENDIENTE,DIMENSIONADO,AGUA,requerido [ESTIMACIÓN] con rechazo [SUPUESTO],250,m³/día,EVIDENCIA
C1|C1-10000-rural|10000|ESCALA_UNICA,PROYECTO,,DPV-095,FACTIBILIDAD_PENDIENTE,FACTIBILIDAD_PENDIENTE,DESCONOCIDO,POTENCIA,requerido PENDIENTE,,kW,EVIDENCIA
C1|C1-10000-rural|10000|ESCALA_UNICA,PROYECTO,,DPV-097,FACTIBILIDAD_PENDIENTE,FACTIBILIDAD_PENDIENTE,DIMENSIONADO,CAPACIDAD_LINEA,garantizada PENDIENTE (DPV-097),1404.494382,aves/h,EVIDENCIA
C1|C1-10000-rural|10000|ESCALA_UNICA,PROYECTO,,DPV-048,FACTIBILIDAD_PENDIENTE,FACTIBILIDAD_PENDIENTE,DIMENSIONADO,PRODUCCION_PRIMARIA_INTEGRADOS,requerido [ESTIMACIÓN],37942.567446,m² galpón,EVIDENCIA
C1|C1-10000-rural|10000|ESCALA_UNICA,PROYECTO,,"DPV-006, DPV-047",FACTIBILIDAD_PENDIENTE,FACTIBILIDAD_PENDIENTE,DIMENSIONADO,POLLITO,requerido [ESTIMACIÓN],52789.948794,pollitos/semana,EVIDENCIA
C1|C1-10000-rural|10000|ESCALA_UNICA,PROYECTO,,DPV-050,FACTIBILIDAD_PENDIENTE,FACTIBILIDAD_PENDIENTE,DESCONOCIDO,ALIMENTO_COMPRA,requerido sin driver,,t/semana,EVIDENCIA
C1|C1-10000-rural|10000|ESCALA_UNICA,PROYECTO,,DEC-027,FACTIBILIDAD_PENDIENTE,FACTIBILIDAD_PENDIENTE,DIMENSIONADO,RECEPTOR_SUBPRODUCTOS,dato de disponibilidad no declarado,TRUE,—,EVIDENCIA
C1|C1-10000-rural|10000|ESCALA_UNICA,PROYECTO,,DPV-042,FACTIBILIDAD_PENDIENTE,FACTIBILIDAD_PENDIENTE,DIMENSIONADO,TRANSPORTE_TERCERO,dato de disponibilidad no declarado,TRUE,—,EVIDENCIA
C1|C1-10000-reserva20000|10000|ESCALA_UNICA,PROYECTO,TRUE,,FACTIBLE,FACTIBILIDAD_PENDIENTE,DIMENSIONADO,ARQUITECTURA,faena=propia|granjas=integradas:0|pollito=compra|alimento=compra|flota=tercero|frio=A_refrigerado|subprod=A_externo|terreno=compra_reserva|autom=semi|linea=lotes,TRUE,—,EVIDENCIA
C1|C1-10000-reserva20000|10000|ESCALA_UNICA,PROYECTO,TRUE,DEC-001,FACTIBLE,FACTIBILIDAD_PENDIENTE,DIMENSIONADO,ESCALA,rango estudiado 2500–20000,TRUE,aves/día,EVIDENCIA
C1|C1-10000-reserva20000|10000|ESCALA_UNICA,PROYECTO,,DPV-087,FACTIBILIDAD_PENDIENTE,FACTIBILIDAD_PENDIENTE,DIMENSIONADO,TERRENO,requerido [ESTIMACIÓN] con PROXY,33344.908627,m²,EVIDENCIA
C1|C1-10000-reserva20000|10000|ESCALA_UNICA,PROYECTO,,DPV-053,FACTIBILIDAD_PENDIENTE,FACTIBILIDAD_PENDIENTE,DIMENSIONADO,AGUA,requerido [ESTIMACIÓN] con rechazo [SUPUESTO],250,m³/día,EVIDENCIA
C1|C1-10000-reserva20000|10000|ESCALA_UNICA,PROYECTO,,DPV-095,FACTIBILIDAD_PENDIENTE,FACTIBILIDAD_PENDIENTE,DESCONOCIDO,POTENCIA,requerido PENDIENTE,,kW,EVIDENCIA
C1|C1-10000-reserva20000|10000|ESCALA_UNICA,PROYECTO,,DPV-097,FACTIBILIDAD_PENDIENTE,FACTIBILIDAD_PENDIENTE,DIMENSIONADO,CAPACIDAD_LINEA,garantizada PENDIENTE (DPV-097),1404.494382,aves/h,EVIDENCIA
C1|C1-10000-reserva20000|10000|ESCALA_UNICA,PROYECTO,,DPV-048,FACTIBILIDAD_PENDIENTE,FACTIBILIDAD_PENDIENTE,DIMENSIONADO,PRODUCCION_PRIMARIA_INTEGRADOS,requerido [ESTIMACIÓN],37942.567446,m² galpón,EVIDENCIA
C1|C1-10000-reserva20000|10000|ESCALA_UNICA,PROYECTO,,"DPV-006, DPV-047",FACTIBILIDAD_PENDIENTE,FACTIBILIDAD_PENDIENTE,DIMENSIONADO,POLLITO,requerido [ESTIMACIÓN],52789.948794,pollitos/semana,EVIDENCIA
C1|C1-10000-reserva20000|10000|ESCALA_UNICA,PROYECTO,,DPV-050,FACTIBILIDAD_PENDIENTE,FACTIBILIDAD_PENDIENTE,DESCONOCIDO,ALIMENTO_COMPRA,requerido sin driver,,t/semana,EVIDENCIA
C1|C1-10000-reserva20000|10000|ESCALA_UNICA,PROYECTO,,DEC-027,FACTIBILIDAD_PENDIENTE,FACTIBILIDAD_PENDIENTE,DIMENSIONADO,RECEPTOR_SUBPRODUCTOS,dato de disponibilidad no declarado,TRUE,—,EVIDENCIA
C1|C1-10000-reserva20000|10000|ESCALA_UNICA,PROYECTO,,DPV-042,FACTIBILIDAD_PENDIENTE,FACTIBILIDAD_PENDIENTE,DIMENSIONADO,TRANSPORTE_TERCERO,dato de disponibilidad no declarado,TRUE,—,EVIDENCIA
C1|C1-10000-GN-RED|10000|ESCALA_UNICA,PROYECTO,TRUE,,FACTIBLE,FACTIBILIDAD_PENDIENTE,DIMENSIONADO,ARQUITECTURA,faena=propia|granjas=integradas:0|pollito=compra|alimento=compra|flota=tercero|frio=A_refrigerado|subprod=A_externo|terreno=compra_fase|autom=semi|linea=lotes,TRUE,—,EVIDENCIA
C1|C1-10000-GN-RED|10000|ESCALA_UNICA,PROYECTO,TRUE,DEC-001,FACTIBLE,FACTIBILIDAD_PENDIENTE,DIMENSIONADO,ESCALA,rango estudiado 2500–20000,TRUE,aves/día,EVIDENCIA
C1|C1-10000-GN-RED|10000|ESCALA_UNICA,PROYECTO,,DPV-087,FACTIBILIDAD_PENDIENTE,FACTIBILIDAD_PENDIENTE,DIMENSIONADO,TERRENO,requerido [ESTIMACIÓN] con PROXY,23372.494534,m²,EVIDENCIA
C1|C1-10000-GN-RED|10000|ESCALA_UNICA,PROYECTO,,DPV-053,FACTIBILIDAD_PENDIENTE,FACTIBILIDAD_PENDIENTE,DIMENSIONADO,AGUA,requerido [ESTIMACIÓN] con rechazo [SUPUESTO],250,m³/día,EVIDENCIA
C1|C1-10000-GN-RED|10000|ESCALA_UNICA,PROYECTO,,DPV-095,FACTIBILIDAD_PENDIENTE,FACTIBILIDAD_PENDIENTE,DESCONOCIDO,POTENCIA,requerido PENDIENTE,,kW,EVIDENCIA
C1|C1-10000-GN-RED|10000|ESCALA_UNICA,PROYECTO,,DPV-097,FACTIBILIDAD_PENDIENTE,FACTIBILIDAD_PENDIENTE,DIMENSIONADO,CAPACIDAD_LINEA,garantizada PENDIENTE (DPV-097),1404.494382,aves/h,EVIDENCIA
C1|C1-10000-GN-RED|10000|ESCALA_UNICA,PROYECTO,,DPV-048,FACTIBILIDAD_PENDIENTE,FACTIBILIDAD_PENDIENTE,DIMENSIONADO,PRODUCCION_PRIMARIA_INTEGRADOS,requerido [ESTIMACIÓN],37942.567446,m² galpón,EVIDENCIA
C1|C1-10000-GN-RED|10000|ESCALA_UNICA,PROYECTO,,"DPV-006, DPV-047",FACTIBILIDAD_PENDIENTE,FACTIBILIDAD_PENDIENTE,DIMENSIONADO,POLLITO,requerido [ESTIMACIÓN],52789.948794,pollitos/semana,EVIDENCIA
C1|C1-10000-GN-RED|10000|ESCALA_UNICA,PROYECTO,,DPV-050,FACTIBILIDAD_PENDIENTE,FACTIBILIDAD_PENDIENTE,DESCONOCIDO,ALIMENTO_COMPRA,requerido sin driver,,t/semana,EVIDENCIA
C1|C1-10000-GN-RED|10000|ESCALA_UNICA,PROYECTO,,DEC-027,FACTIBILIDAD_PENDIENTE,FACTIBILIDAD_PENDIENTE,DIMENSIONADO,RECEPTOR_SUBPRODUCTOS,dato de disponibilidad no declarado,TRUE,—,EVIDENCIA
C1|C1-10000-GN-RED|10000|ESCALA_UNICA,PROYECTO,,DPV-042,FACTIBILIDAD_PENDIENTE,FACTIBILIDAD_PENDIENTE,DIMENSIONADO,TRANSPORTE_TERCERO,dato de disponibilidad no declarado,TRUE,—,EVIDENCIA
C1|C1-10000-LIMPIEZA-TERC|10000|ESCALA_UNICA,PROYECTO,TRUE,,FACTIBLE,FACTIBILIDAD_PENDIENTE,DIMENSIONADO,ARQUITECTURA,faena=propia|granjas=integradas:0|pollito=compra|alimento=compra|flota=tercero|frio=A_refrigerado|subprod=A_externo|terreno=compra_fase|autom=semi|linea=lotes,TRUE,—,EVIDENCIA
C1|C1-10000-LIMPIEZA-TERC|10000|ESCALA_UNICA,PROYECTO,TRUE,DEC-001,FACTIBLE,FACTIBILIDAD_PENDIENTE,DIMENSIONADO,ESCALA,rango estudiado 2500–20000,TRUE,aves/día,EVIDENCIA
C1|C1-10000-LIMPIEZA-TERC|10000|ESCALA_UNICA,PROYECTO,,DPV-087,FACTIBILIDAD_PENDIENTE,FACTIBILIDAD_PENDIENTE,DIMENSIONADO,TERRENO,requerido [ESTIMACIÓN] con PROXY,23372.494534,m²,EVIDENCIA
C1|C1-10000-LIMPIEZA-TERC|10000|ESCALA_UNICA,PROYECTO,,DPV-053,FACTIBILIDAD_PENDIENTE,FACTIBILIDAD_PENDIENTE,DIMENSIONADO,AGUA,requerido [ESTIMACIÓN] con rechazo [SUPUESTO],250,m³/día,EVIDENCIA
C1|C1-10000-LIMPIEZA-TERC|10000|ESCALA_UNICA,PROYECTO,,DPV-095,FACTIBILIDAD_PENDIENTE,FACTIBILIDAD_PENDIENTE,DESCONOCIDO,POTENCIA,requerido PENDIENTE,,kW,EVIDENCIA
C1|C1-10000-LIMPIEZA-TERC|10000|ESCALA_UNICA,PROYECTO,,DPV-097,FACTIBILIDAD_PENDIENTE,FACTIBILIDAD_PENDIENTE,DIMENSIONADO,CAPACIDAD_LINEA,garantizada PENDIENTE (DPV-097),1404.494382,aves/h,EVIDENCIA
C1|C1-10000-LIMPIEZA-TERC|10000|ESCALA_UNICA,PROYECTO,,DPV-048,FACTIBILIDAD_PENDIENTE,FACTIBILIDAD_PENDIENTE,DIMENSIONADO,PRODUCCION_PRIMARIA_INTEGRADOS,requerido [ESTIMACIÓN],37942.567446,m² galpón,EVIDENCIA
C1|C1-10000-LIMPIEZA-TERC|10000|ESCALA_UNICA,PROYECTO,,"DPV-006, DPV-047",FACTIBILIDAD_PENDIENTE,FACTIBILIDAD_PENDIENTE,DIMENSIONADO,POLLITO,requerido [ESTIMACIÓN],52789.948794,pollitos/semana,EVIDENCIA
C1|C1-10000-LIMPIEZA-TERC|10000|ESCALA_UNICA,PROYECTO,,DPV-050,FACTIBILIDAD_PENDIENTE,FACTIBILIDAD_PENDIENTE,DESCONOCIDO,ALIMENTO_COMPRA,requerido sin driver,,t/semana,EVIDENCIA
C1|C1-10000-LIMPIEZA-TERC|10000|ESCALA_UNICA,PROYECTO,,DEC-027,FACTIBILIDAD_PENDIENTE,FACTIBILIDAD_PENDIENTE,DIMENSIONADO,RECEPTOR_SUBPRODUCTOS,dato de disponibilidad no declarado,TRUE,—,EVIDENCIA
C1|C1-10000-LIMPIEZA-TERC|10000|ESCALA_UNICA,PROYECTO,,DPV-042,FACTIBILIDAD_PENDIENTE,FACTIBILIDAD_PENDIENTE,DIMENSIONADO,TRANSPORTE_TERCERO,dato de disponibilidad no declarado,TRUE,—,EVIDENCIA
C1|C1-10000-MANT-CONTRATO|10000|ESCALA_UNICA,PROYECTO,TRUE,,FACTIBLE,FACTIBILIDAD_PENDIENTE,DIMENSIONADO,ARQUITECTURA,faena=propia|granjas=integradas:0|pollito=compra|alimento=compra|flota=tercero|frio=A_refrigerado|subprod=A_externo|terreno=compra_fase|autom=semi|linea=lotes,TRUE,—,EVIDENCIA
C1|C1-10000-MANT-CONTRATO|10000|ESCALA_UNICA,PROYECTO,TRUE,DEC-001,FACTIBLE,FACTIBILIDAD_PENDIENTE,DIMENSIONADO,ESCALA,rango estudiado 2500–20000,TRUE,aves/día,EVIDENCIA
C1|C1-10000-MANT-CONTRATO|10000|ESCALA_UNICA,PROYECTO,,DPV-087,FACTIBILIDAD_PENDIENTE,FACTIBILIDAD_PENDIENTE,DIMENSIONADO,TERRENO,requerido [ESTIMACIÓN] con PROXY,23372.494534,m²,EVIDENCIA
C1|C1-10000-MANT-CONTRATO|10000|ESCALA_UNICA,PROYECTO,,DPV-053,FACTIBILIDAD_PENDIENTE,FACTIBILIDAD_PENDIENTE,DIMENSIONADO,AGUA,requerido [ESTIMACIÓN] con rechazo [SUPUESTO],250,m³/día,EVIDENCIA
C1|C1-10000-MANT-CONTRATO|10000|ESCALA_UNICA,PROYECTO,,DPV-095,FACTIBILIDAD_PENDIENTE,FACTIBILIDAD_PENDIENTE,DESCONOCIDO,POTENCIA,requerido PENDIENTE,,kW,EVIDENCIA
C1|C1-10000-MANT-CONTRATO|10000|ESCALA_UNICA,PROYECTO,,DPV-097,FACTIBILIDAD_PENDIENTE,FACTIBILIDAD_PENDIENTE,DIMENSIONADO,CAPACIDAD_LINEA,garantizada PENDIENTE (DPV-097),1404.494382,aves/h,EVIDENCIA
C1|C1-10000-MANT-CONTRATO|10000|ESCALA_UNICA,PROYECTO,,DPV-048,FACTIBILIDAD_PENDIENTE,FACTIBILIDAD_PENDIENTE,DIMENSIONADO,PRODUCCION_PRIMARIA_INTEGRADOS,requerido [ESTIMACIÓN],37942.567446,m² galpón,EVIDENCIA
C1|C1-10000-MANT-CONTRATO|10000|ESCALA_UNICA,PROYECTO,,"DPV-006, DPV-047",FACTIBILIDAD_PENDIENTE,FACTIBILIDAD_PENDIENTE,DIMENSIONADO,POLLITO,requerido [ESTIMACIÓN],52789.948794,pollitos/semana,EVIDENCIA
C1|C1-10000-MANT-CONTRATO|10000|ESCALA_UNICA,PROYECTO,,DPV-050,FACTIBILIDAD_PENDIENTE,FACTIBILIDAD_PENDIENTE,DESCONOCIDO,ALIMENTO_COMPRA,requerido sin driver,,t/semana,EVIDENCIA
C1|C1-10000-MANT-CONTRATO|10000|ESCALA_UNICA,PROYECTO,,DEC-027,FACTIBILIDAD_PENDIENTE,FACTIBILIDAD_PENDIENTE,DIMENSIONADO,RECEPTOR_SUBPRODUCTOS,dato de disponibilidad no declarado,TRUE,—,EVIDENCIA
C1|C1-10000-MANT-CONTRATO|10000|ESCALA_UNICA,PROYECTO,,DPV-042,FACTIBILIDAD_PENDIENTE,FACTIBILIDAD_PENDIENTE,DIMENSIONADO,TRANSPORTE_TERCERO,dato de disponibilidad no declarado,TRUE,—,EVIDENCIA
C1|C1-10000-FLETE-POR-UNIDAD|10000|ESCALA_UNICA,PROYECTO,TRUE,,FACTIBLE,FACTIBILIDAD_PENDIENTE,DIMENSIONADO,ARQUITECTURA,faena=propia|granjas=integradas:0|pollito=compra|alimento=compra|flota=tercero|frio=A_refrigerado|subprod=A_externo|terreno=compra_fase|autom=semi|linea=lotes,TRUE,—,EVIDENCIA
C1|C1-10000-FLETE-POR-UNIDAD|10000|ESCALA_UNICA,PROYECTO,TRUE,DEC-001,FACTIBLE,FACTIBILIDAD_PENDIENTE,DIMENSIONADO,ESCALA,rango estudiado 2500–20000,TRUE,aves/día,EVIDENCIA
C1|C1-10000-FLETE-POR-UNIDAD|10000|ESCALA_UNICA,PROYECTO,,DPV-087,FACTIBILIDAD_PENDIENTE,FACTIBILIDAD_PENDIENTE,DIMENSIONADO,TERRENO,requerido [ESTIMACIÓN] con PROXY,23372.494534,m²,EVIDENCIA
C1|C1-10000-FLETE-POR-UNIDAD|10000|ESCALA_UNICA,PROYECTO,,DPV-053,FACTIBILIDAD_PENDIENTE,FACTIBILIDAD_PENDIENTE,DIMENSIONADO,AGUA,requerido [ESTIMACIÓN] con rechazo [SUPUESTO],250,m³/día,EVIDENCIA
C1|C1-10000-FLETE-POR-UNIDAD|10000|ESCALA_UNICA,PROYECTO,,DPV-095,FACTIBILIDAD_PENDIENTE,FACTIBILIDAD_PENDIENTE,DESCONOCIDO,POTENCIA,requerido PENDIENTE,,kW,EVIDENCIA
C1|C1-10000-FLETE-POR-UNIDAD|10000|ESCALA_UNICA,PROYECTO,,DPV-097,FACTIBILIDAD_PENDIENTE,FACTIBILIDAD_PENDIENTE,DIMENSIONADO,CAPACIDAD_LINEA,garantizada PENDIENTE (DPV-097),1404.494382,aves/h,EVIDENCIA
C1|C1-10000-FLETE-POR-UNIDAD|10000|ESCALA_UNICA,PROYECTO,,DPV-048,FACTIBILIDAD_PENDIENTE,FACTIBILIDAD_PENDIENTE,DIMENSIONADO,PRODUCCION_PRIMARIA_INTEGRADOS,requerido [ESTIMACIÓN],37942.567446,m² galpón,EVIDENCIA
C1|C1-10000-FLETE-POR-UNIDAD|10000|ESCALA_UNICA,PROYECTO,,"DPV-006, DPV-047",FACTIBILIDAD_PENDIENTE,FACTIBILIDAD_PENDIENTE,DIMENSIONADO,POLLITO,requerido [ESTIMACIÓN],52789.948794,pollitos/semana,EVIDENCIA
C1|C1-10000-FLETE-POR-UNIDAD|10000|ESCALA_UNICA,PROYECTO,,DPV-050,FACTIBILIDAD_PENDIENTE,FACTIBILIDAD_PENDIENTE,DESCONOCIDO,ALIMENTO_COMPRA,requerido sin driver,,t/semana,EVIDENCIA
C1|C1-10000-FLETE-POR-UNIDAD|10000|ESCALA_UNICA,PROYECTO,,DEC-027,FACTIBILIDAD_PENDIENTE,FACTIBILIDAD_PENDIENTE,DIMENSIONADO,RECEPTOR_SUBPRODUCTOS,dato de disponibilidad no declarado,TRUE,—,EVIDENCIA
C1|C1-10000-FLETE-POR-UNIDAD|10000|ESCALA_UNICA,PROYECTO,,DPV-042,FACTIBILIDAD_PENDIENTE,FACTIBILIDAD_PENDIENTE,DIMENSIONADO,TRANSPORTE_TERCERO,dato de disponibilidad no declarado,TRUE,—,EVIDENCIA
C1|C1-10000-PAGO-KG-VIVO|10000|ESCALA_UNICA,PROYECTO,TRUE,,FACTIBLE,FACTIBILIDAD_PENDIENTE,DIMENSIONADO,ARQUITECTURA,faena=propia|granjas=integradas:0|pollito=compra|alimento=compra|flota=tercero|frio=A_refrigerado|subprod=A_externo|terreno=compra_fase|autom=semi|linea=lotes,TRUE,—,EVIDENCIA
C1|C1-10000-PAGO-KG-VIVO|10000|ESCALA_UNICA,PROYECTO,TRUE,DEC-001,FACTIBLE,FACTIBILIDAD_PENDIENTE,DIMENSIONADO,ESCALA,rango estudiado 2500–20000,TRUE,aves/día,EVIDENCIA
C1|C1-10000-PAGO-KG-VIVO|10000|ESCALA_UNICA,PROYECTO,,DPV-087,FACTIBILIDAD_PENDIENTE,FACTIBILIDAD_PENDIENTE,DIMENSIONADO,TERRENO,requerido [ESTIMACIÓN] con PROXY,23372.494534,m²,EVIDENCIA
C1|C1-10000-PAGO-KG-VIVO|10000|ESCALA_UNICA,PROYECTO,,DPV-053,FACTIBILIDAD_PENDIENTE,FACTIBILIDAD_PENDIENTE,DIMENSIONADO,AGUA,requerido [ESTIMACIÓN] con rechazo [SUPUESTO],250,m³/día,EVIDENCIA
C1|C1-10000-PAGO-KG-VIVO|10000|ESCALA_UNICA,PROYECTO,,DPV-095,FACTIBILIDAD_PENDIENTE,FACTIBILIDAD_PENDIENTE,DESCONOCIDO,POTENCIA,requerido PENDIENTE,,kW,EVIDENCIA
C1|C1-10000-PAGO-KG-VIVO|10000|ESCALA_UNICA,PROYECTO,,DPV-097,FACTIBILIDAD_PENDIENTE,FACTIBILIDAD_PENDIENTE,DIMENSIONADO,CAPACIDAD_LINEA,garantizada PENDIENTE (DPV-097),1404.494382,aves/h,EVIDENCIA
C1|C1-10000-PAGO-KG-VIVO|10000|ESCALA_UNICA,PROYECTO,,DPV-048,FACTIBILIDAD_PENDIENTE,FACTIBILIDAD_PENDIENTE,DIMENSIONADO,PRODUCCION_PRIMARIA_INTEGRADOS,requerido [ESTIMACIÓN],37942.567446,m² galpón,EVIDENCIA
C1|C1-10000-PAGO-KG-VIVO|10000|ESCALA_UNICA,PROYECTO,,"DPV-006, DPV-047",FACTIBILIDAD_PENDIENTE,FACTIBILIDAD_PENDIENTE,DIMENSIONADO,POLLITO,requerido [ESTIMACIÓN],52789.948794,pollitos/semana,EVIDENCIA
C1|C1-10000-PAGO-KG-VIVO|10000|ESCALA_UNICA,PROYECTO,,DPV-050,FACTIBILIDAD_PENDIENTE,FACTIBILIDAD_PENDIENTE,DESCONOCIDO,ALIMENTO_COMPRA,requerido sin driver,,t/semana,EVIDENCIA
C1|C1-10000-PAGO-KG-VIVO|10000|ESCALA_UNICA,PROYECTO,,DEC-027,FACTIBILIDAD_PENDIENTE,FACTIBILIDAD_PENDIENTE,DIMENSIONADO,RECEPTOR_SUBPRODUCTOS,dato de disponibilidad no declarado,TRUE,—,EVIDENCIA
C1|C1-10000-PAGO-KG-VIVO|10000|ESCALA_UNICA,PROYECTO,,DPV-042,FACTIBILIDAD_PENDIENTE,FACTIBILIDAD_PENDIENTE,DIMENSIONADO,TRANSPORTE_TERCERO,dato de disponibilidad no declarado,TRUE,—,EVIDENCIA
C1|C1-10000-HALAL|10000|ESCALA_UNICA,PROYECTO,TRUE,,FACTIBLE,FACTIBILIDAD_PENDIENTE,DIMENSIONADO,ARQUITECTURA,faena=propia|granjas=integradas:0|pollito=compra|alimento=compra|flota=tercero|frio=A_refrigerado|subprod=A_externo|terreno=compra_fase|autom=semi|linea=lotes,TRUE,—,EVIDENCIA
C1|C1-10000-HALAL|10000|ESCALA_UNICA,PROYECTO,TRUE,DEC-001,FACTIBLE,FACTIBILIDAD_PENDIENTE,DIMENSIONADO,ESCALA,rango estudiado 2500–20000,TRUE,aves/día,EVIDENCIA
C1|C1-10000-HALAL|10000|ESCALA_UNICA,PROYECTO,,DPV-087,FACTIBILIDAD_PENDIENTE,FACTIBILIDAD_PENDIENTE,DIMENSIONADO,TERRENO,requerido [ESTIMACIÓN] con PROXY,23372.494534,m²,EVIDENCIA
C1|C1-10000-HALAL|10000|ESCALA_UNICA,PROYECTO,,DPV-053,FACTIBILIDAD_PENDIENTE,FACTIBILIDAD_PENDIENTE,DIMENSIONADO,AGUA,requerido [ESTIMACIÓN] con rechazo [SUPUESTO],250,m³/día,EVIDENCIA
C1|C1-10000-HALAL|10000|ESCALA_UNICA,PROYECTO,,DPV-095,FACTIBILIDAD_PENDIENTE,FACTIBILIDAD_PENDIENTE,DESCONOCIDO,POTENCIA,requerido PENDIENTE,,kW,EVIDENCIA
C1|C1-10000-HALAL|10000|ESCALA_UNICA,PROYECTO,,DPV-097,FACTIBILIDAD_PENDIENTE,FACTIBILIDAD_PENDIENTE,DIMENSIONADO,CAPACIDAD_LINEA,garantizada PENDIENTE (DPV-097),1404.494382,aves/h,EVIDENCIA
C1|C1-10000-HALAL|10000|ESCALA_UNICA,PROYECTO,,DPV-048,FACTIBILIDAD_PENDIENTE,FACTIBILIDAD_PENDIENTE,DIMENSIONADO,PRODUCCION_PRIMARIA_INTEGRADOS,requerido [ESTIMACIÓN],37942.567446,m² galpón,EVIDENCIA
C1|C1-10000-HALAL|10000|ESCALA_UNICA,PROYECTO,,"DPV-006, DPV-047",FACTIBILIDAD_PENDIENTE,FACTIBILIDAD_PENDIENTE,DIMENSIONADO,POLLITO,requerido [ESTIMACIÓN],52789.948794,pollitos/semana,EVIDENCIA
C1|C1-10000-HALAL|10000|ESCALA_UNICA,PROYECTO,,DPV-050,FACTIBILIDAD_PENDIENTE,FACTIBILIDAD_PENDIENTE,DESCONOCIDO,ALIMENTO_COMPRA,requerido sin driver,,t/semana,EVIDENCIA
C1|C1-10000-HALAL|10000|ESCALA_UNICA,PROYECTO,,DEC-027,FACTIBILIDAD_PENDIENTE,FACTIBILIDAD_PENDIENTE,DIMENSIONADO,RECEPTOR_SUBPRODUCTOS,dato de disponibilidad no declarado,TRUE,—,EVIDENCIA
C1|C1-10000-HALAL|10000|ESCALA_UNICA,PROYECTO,,DPV-042,FACTIBILIDAD_PENDIENTE,FACTIBILIDAD_PENDIENTE,DIMENSIONADO,TRANSPORTE_TERCERO,dato de disponibilidad no declarado,TRUE,—,EVIDENCIA
NO_INVERTIR_AUN,PROYECTO,,,NO_APLICA,NO_APLICA,NO_REQUERIDO_POR_ARQUITECTURA,STATUS_QUO,sin inversión: no aplica factibilidad física,0,—,EVIDENCIA
C0|BASE|2500|ESCALA_UNICA,PROYECTO,TRUE,,FACTIBLE,FACTIBILIDAD_PENDIENTE,DIMENSIONADO,ARQUITECTURA,faena=facon|granjas=integradas:0|pollito=compra|alimento=facon|flota=tercero|frio=C_congelado_tercero|subprod=A_externo|terreno=compra_fase|autom=semi|linea=lotes,TRUE,—,ESCENARIO
C0|BASE|2500|ESCALA_UNICA,PROYECTO,TRUE,DEC-001,FACTIBLE,FACTIBILIDAD_PENDIENTE,DIMENSIONADO,ESCALA,rango estudiado 2500–20000,TRUE,aves/día,ESCENARIO
C0|BASE|2500|ESCALA_UNICA,PROYECTO,,DPV-006,FACTIBILIDAD_PENDIENTE,FACTIBILIDAD_PENDIENTE,DIMENSIONADO,FACON_FAENA,dato de disponibilidad no declarado,2500,aves/día,ESCENARIO
C0|BASE|2500|ESCALA_UNICA,PROYECTO,,DPV-087,FACTIBILIDAD_PENDIENTE,FACTIBILIDAD_PENDIENTE,DESCONOCIDO,TERRENO,planta de faena: NO_REQUERIDO_POR_ARQUITECTURA; módulos propios sin dimensionar: oficina / IT / estructura (CAPEX de C0 en el mapa),,m²,ESCENARIO
C0|BASE|2500|ESCALA_UNICA,PROYECTO,,DPV-053,FACTIBILIDAD_PENDIENTE,FACTIBILIDAD_PENDIENTE,DESCONOCIDO,AGUA,planta de faena: NO_REQUERIDO_POR_ARQUITECTURA; módulos propios sin dimensionar: oficina / IT / estructura (CAPEX de C0 en el mapa),,m³/día,ESCENARIO
C0|BASE|2500|ESCALA_UNICA,PROYECTO,,DPV-095,FACTIBILIDAD_PENDIENTE,FACTIBILIDAD_PENDIENTE,DESCONOCIDO,POTENCIA,planta de faena: NO_REQUERIDO_POR_ARQUITECTURA; módulos propios sin dimensionar: oficina / IT / estructura (CAPEX de C0 en el mapa),,kW,ESCENARIO
C0|BASE|2500|ESCALA_UNICA,PROYECTO,,DPV-048,FACTIBILIDAD_PENDIENTE,FACTIBILIDAD_PENDIENTE,DIMENSIONADO,PRODUCCION_PRIMARIA_INTEGRADOS,requerido [ESTIMACIÓN],9485.641861,m² galpón,ESCENARIO
C0|BASE|2500|ESCALA_UNICA,PROYECTO,,"DPV-006, DPV-047",FACTIBILIDAD_PENDIENTE,FACTIBILIDAD_PENDIENTE,DIMENSIONADO,POLLITO,requerido [ESTIMACIÓN],13197.487198,pollitos/semana,ESCENARIO
C0|BASE|2500|ESCALA_UNICA,PROYECTO,,DPV-155,FACTIBILIDAD_PENDIENTE,FACTIBILIDAD_PENDIENTE,DESCONOCIDO,ALIMENTO_FACON,requerido sin driver,,t/semana,ESCENARIO
C0|BASE|2500|ESCALA_UNICA,PROYECTO,,DEC-027,FACTIBILIDAD_PENDIENTE,FACTIBILIDAD_PENDIENTE,DIMENSIONADO,RECEPTOR_SUBPRODUCTOS,dato de disponibilidad no declarado,TRUE,—,ESCENARIO
C0|BASE|2500|ESCALA_UNICA,PROYECTO,,DPV-042,FACTIBILIDAD_PENDIENTE,FACTIBILIDAD_PENDIENTE,DIMENSIONADO,TRANSPORTE_TERCERO,dato de disponibilidad no declarado,TRUE,—,ESCENARIO
C0|BASE|2500|ESCALA_UNICA,PROYECTO,,DPV-109,FACTIBILIDAD_PENDIENTE,FACTIBILIDAD_PENDIENTE,DIMENSIONADO,FRIO_TERCERO,dato de disponibilidad no declarado,TRUE,—,ESCENARIO
C0|BASE|5000|ESCALA_UNICA,PROYECTO,TRUE,,FACTIBLE,FACTIBILIDAD_PENDIENTE,DIMENSIONADO,ARQUITECTURA,faena=facon|granjas=integradas:0|pollito=compra|alimento=facon|flota=tercero|frio=C_congelado_tercero|subprod=A_externo|terreno=compra_fase|autom=semi|linea=lotes,TRUE,—,ESCENARIO
C0|BASE|5000|ESCALA_UNICA,PROYECTO,TRUE,DEC-001,FACTIBLE,FACTIBILIDAD_PENDIENTE,DIMENSIONADO,ESCALA,rango estudiado 2500–20000,TRUE,aves/día,ESCENARIO
C0|BASE|5000|ESCALA_UNICA,PROYECTO,,DPV-006,FACTIBILIDAD_PENDIENTE,FACTIBILIDAD_PENDIENTE,DIMENSIONADO,FACON_FAENA,dato de disponibilidad no declarado,5000,aves/día,ESCENARIO
C0|BASE|5000|ESCALA_UNICA,PROYECTO,,DPV-087,FACTIBILIDAD_PENDIENTE,FACTIBILIDAD_PENDIENTE,DESCONOCIDO,TERRENO,planta de faena: NO_REQUERIDO_POR_ARQUITECTURA; módulos propios sin dimensionar: oficina / IT / estructura (CAPEX de C0 en el mapa),,m²,ESCENARIO
C0|BASE|5000|ESCALA_UNICA,PROYECTO,,DPV-053,FACTIBILIDAD_PENDIENTE,FACTIBILIDAD_PENDIENTE,DESCONOCIDO,AGUA,planta de faena: NO_REQUERIDO_POR_ARQUITECTURA; módulos propios sin dimensionar: oficina / IT / estructura (CAPEX de C0 en el mapa),,m³/día,ESCENARIO
C0|BASE|5000|ESCALA_UNICA,PROYECTO,,DPV-095,FACTIBILIDAD_PENDIENTE,FACTIBILIDAD_PENDIENTE,DESCONOCIDO,POTENCIA,planta de faena: NO_REQUERIDO_POR_ARQUITECTURA; módulos propios sin dimensionar: oficina / IT / estructura (CAPEX de C0 en el mapa),,kW,ESCENARIO
C0|BASE|5000|ESCALA_UNICA,PROYECTO,,DPV-048,FACTIBILIDAD_PENDIENTE,FACTIBILIDAD_PENDIENTE,DIMENSIONADO,PRODUCCION_PRIMARIA_INTEGRADOS,requerido [ESTIMACIÓN],18971.283723,m² galpón,ESCENARIO
C0|BASE|5000|ESCALA_UNICA,PROYECTO,,"DPV-006, DPV-047",FACTIBILIDAD_PENDIENTE,FACTIBILIDAD_PENDIENTE,DIMENSIONADO,POLLITO,requerido [ESTIMACIÓN],26394.974397,pollitos/semana,ESCENARIO
C0|BASE|5000|ESCALA_UNICA,PROYECTO,,DPV-155,FACTIBILIDAD_PENDIENTE,FACTIBILIDAD_PENDIENTE,DESCONOCIDO,ALIMENTO_FACON,requerido sin driver,,t/semana,ESCENARIO
C0|BASE|5000|ESCALA_UNICA,PROYECTO,,DEC-027,FACTIBILIDAD_PENDIENTE,FACTIBILIDAD_PENDIENTE,DIMENSIONADO,RECEPTOR_SUBPRODUCTOS,dato de disponibilidad no declarado,TRUE,—,ESCENARIO
C0|BASE|5000|ESCALA_UNICA,PROYECTO,,DPV-042,FACTIBILIDAD_PENDIENTE,FACTIBILIDAD_PENDIENTE,DIMENSIONADO,TRANSPORTE_TERCERO,dato de disponibilidad no declarado,TRUE,—,ESCENARIO
C0|BASE|5000|ESCALA_UNICA,PROYECTO,,DPV-109,FACTIBILIDAD_PENDIENTE,FACTIBILIDAD_PENDIENTE,DIMENSIONADO,FRIO_TERCERO,dato de disponibilidad no declarado,TRUE,—,ESCENARIO
C0|BASE|10000|ESCALA_UNICA,PROYECTO,TRUE,,FACTIBLE,FACTIBILIDAD_PENDIENTE,DIMENSIONADO,ARQUITECTURA,faena=facon|granjas=integradas:0|pollito=compra|alimento=facon|flota=tercero|frio=C_congelado_tercero|subprod=A_externo|terreno=compra_fase|autom=semi|linea=lotes,TRUE,—,ESCENARIO
C0|BASE|10000|ESCALA_UNICA,PROYECTO,TRUE,DEC-001,FACTIBLE,FACTIBILIDAD_PENDIENTE,DIMENSIONADO,ESCALA,rango estudiado 2500–20000,TRUE,aves/día,ESCENARIO
C0|BASE|10000|ESCALA_UNICA,PROYECTO,,DPV-006,FACTIBILIDAD_PENDIENTE,FACTIBILIDAD_PENDIENTE,DIMENSIONADO,FACON_FAENA,dato de disponibilidad no declarado,10000,aves/día,ESCENARIO
C0|BASE|10000|ESCALA_UNICA,PROYECTO,,DPV-087,FACTIBILIDAD_PENDIENTE,FACTIBILIDAD_PENDIENTE,DESCONOCIDO,TERRENO,planta de faena: NO_REQUERIDO_POR_ARQUITECTURA; módulos propios sin dimensionar: oficina / IT / estructura (CAPEX de C0 en el mapa),,m²,ESCENARIO
C0|BASE|10000|ESCALA_UNICA,PROYECTO,,DPV-053,FACTIBILIDAD_PENDIENTE,FACTIBILIDAD_PENDIENTE,DESCONOCIDO,AGUA,planta de faena: NO_REQUERIDO_POR_ARQUITECTURA; módulos propios sin dimensionar: oficina / IT / estructura (CAPEX de C0 en el mapa),,m³/día,ESCENARIO
C0|BASE|10000|ESCALA_UNICA,PROYECTO,,DPV-095,FACTIBILIDAD_PENDIENTE,FACTIBILIDAD_PENDIENTE,DESCONOCIDO,POTENCIA,planta de faena: NO_REQUERIDO_POR_ARQUITECTURA; módulos propios sin dimensionar: oficina / IT / estructura (CAPEX de C0 en el mapa),,kW,ESCENARIO
C0|BASE|10000|ESCALA_UNICA,PROYECTO,,DPV-048,FACTIBILIDAD_PENDIENTE,FACTIBILIDAD_PENDIENTE,DIMENSIONADO,PRODUCCION_PRIMARIA_INTEGRADOS,requerido [ESTIMACIÓN],37942.567446,m² galpón,ESCENARIO
C0|BASE|10000|ESCALA_UNICA,PROYECTO,,"DPV-006, DPV-047",FACTIBILIDAD_PENDIENTE,FACTIBILIDAD_PENDIENTE,DIMENSIONADO,POLLITO,requerido [ESTIMACIÓN],52789.948794,pollitos/semana,ESCENARIO
C0|BASE|10000|ESCALA_UNICA,PROYECTO,,DPV-155,FACTIBILIDAD_PENDIENTE,FACTIBILIDAD_PENDIENTE,DESCONOCIDO,ALIMENTO_FACON,requerido sin driver,,t/semana,ESCENARIO
C0|BASE|10000|ESCALA_UNICA,PROYECTO,,DEC-027,FACTIBILIDAD_PENDIENTE,FACTIBILIDAD_PENDIENTE,DIMENSIONADO,RECEPTOR_SUBPRODUCTOS,dato de disponibilidad no declarado,TRUE,—,ESCENARIO
C0|BASE|10000|ESCALA_UNICA,PROYECTO,,DPV-042,FACTIBILIDAD_PENDIENTE,FACTIBILIDAD_PENDIENTE,DIMENSIONADO,TRANSPORTE_TERCERO,dato de disponibilidad no declarado,TRUE,—,ESCENARIO
C0|BASE|10000|ESCALA_UNICA,PROYECTO,,DPV-109,FACTIBILIDAD_PENDIENTE,FACTIBILIDAD_PENDIENTE,DIMENSIONADO,FRIO_TERCERO,dato de disponibilidad no declarado,TRUE,—,ESCENARIO
C0|BASE|20000|ESCALA_UNICA,PROYECTO,TRUE,,FACTIBLE,FACTIBILIDAD_PENDIENTE,DIMENSIONADO,ARQUITECTURA,faena=facon|granjas=integradas:0|pollito=compra|alimento=facon|flota=tercero|frio=C_congelado_tercero|subprod=A_externo|terreno=compra_fase|autom=semi|linea=lotes,TRUE,—,ESCENARIO
C0|BASE|20000|ESCALA_UNICA,PROYECTO,TRUE,DEC-001,FACTIBLE,FACTIBILIDAD_PENDIENTE,DIMENSIONADO,ESCALA,rango estudiado 2500–20000,TRUE,aves/día,ESCENARIO
C0|BASE|20000|ESCALA_UNICA,PROYECTO,,DPV-006,FACTIBILIDAD_PENDIENTE,FACTIBILIDAD_PENDIENTE,DIMENSIONADO,FACON_FAENA,dato de disponibilidad no declarado,20000,aves/día,ESCENARIO
C0|BASE|20000|ESCALA_UNICA,PROYECTO,,DPV-087,FACTIBILIDAD_PENDIENTE,FACTIBILIDAD_PENDIENTE,DESCONOCIDO,TERRENO,planta de faena: NO_REQUERIDO_POR_ARQUITECTURA; módulos propios sin dimensionar: oficina / IT / estructura (CAPEX de C0 en el mapa),,m²,ESCENARIO
C0|BASE|20000|ESCALA_UNICA,PROYECTO,,DPV-053,FACTIBILIDAD_PENDIENTE,FACTIBILIDAD_PENDIENTE,DESCONOCIDO,AGUA,planta de faena: NO_REQUERIDO_POR_ARQUITECTURA; módulos propios sin dimensionar: oficina / IT / estructura (CAPEX de C0 en el mapa),,m³/día,ESCENARIO
C0|BASE|20000|ESCALA_UNICA,PROYECTO,,DPV-095,FACTIBILIDAD_PENDIENTE,FACTIBILIDAD_PENDIENTE,DESCONOCIDO,POTENCIA,planta de faena: NO_REQUERIDO_POR_ARQUITECTURA; módulos propios sin dimensionar: oficina / IT / estructura (CAPEX de C0 en el mapa),,kW,ESCENARIO
C0|BASE|20000|ESCALA_UNICA,PROYECTO,,DPV-048,FACTIBILIDAD_PENDIENTE,FACTIBILIDAD_PENDIENTE,DIMENSIONADO,PRODUCCION_PRIMARIA_INTEGRADOS,requerido [ESTIMACIÓN],75885.134891,m² galpón,ESCENARIO
C0|BASE|20000|ESCALA_UNICA,PROYECTO,,"DPV-006, DPV-047",FACTIBILIDAD_PENDIENTE,FACTIBILIDAD_PENDIENTE,DIMENSIONADO,POLLITO,requerido [ESTIMACIÓN],105579.897587,pollitos/semana,ESCENARIO
C0|BASE|20000|ESCALA_UNICA,PROYECTO,,DPV-155,FACTIBILIDAD_PENDIENTE,FACTIBILIDAD_PENDIENTE,DESCONOCIDO,ALIMENTO_FACON,requerido sin driver,,t/semana,ESCENARIO
C0|BASE|20000|ESCALA_UNICA,PROYECTO,,DEC-027,FACTIBILIDAD_PENDIENTE,FACTIBILIDAD_PENDIENTE,DIMENSIONADO,RECEPTOR_SUBPRODUCTOS,dato de disponibilidad no declarado,TRUE,—,ESCENARIO
C0|BASE|20000|ESCALA_UNICA,PROYECTO,,DPV-042,FACTIBILIDAD_PENDIENTE,FACTIBILIDAD_PENDIENTE,DIMENSIONADO,TRANSPORTE_TERCERO,dato de disponibilidad no declarado,TRUE,—,ESCENARIO
C0|BASE|20000|ESCALA_UNICA,PROYECTO,,DPV-109,FACTIBILIDAD_PENDIENTE,FACTIBILIDAD_PENDIENTE,DIMENSIONADO,FRIO_TERCERO,dato de disponibilidad no declarado,TRUE,—,ESCENARIO
C0|BASE|2500-5000-10000-20000|T1_2500_5000_10000_20000,PROYECTO,TRUE,,FACTIBLE,FACTIBILIDAD_PENDIENTE,DIMENSIONADO,ARQUITECTURA,faena=facon|granjas=integradas:0|pollito=compra|alimento=facon|flota=tercero|frio=C_congelado_tercero|subprod=A_externo|terreno=compra_fase|autom=semi|linea=lotes,TRUE,—,ESCENARIO
C0|BASE|2500-5000-10000-20000|T1_2500_5000_10000_20000,PROYECTO,TRUE,DEC-001,FACTIBLE,FACTIBILIDAD_PENDIENTE,DIMENSIONADO,ESCALA,rango estudiado 2500–20000,TRUE,aves/día,ESCENARIO
C0|BASE|2500-5000-10000-20000|T1_2500_5000_10000_20000,PROYECTO,,DPV-006,FACTIBILIDAD_PENDIENTE,FACTIBILIDAD_PENDIENTE,DIMENSIONADO,FACON_FAENA,dato de disponibilidad no declarado,20000,aves/día,ESCENARIO
C0|BASE|2500-5000-10000-20000|T1_2500_5000_10000_20000,PROYECTO,,DPV-087,FACTIBILIDAD_PENDIENTE,FACTIBILIDAD_PENDIENTE,DESCONOCIDO,TERRENO,planta de faena: NO_REQUERIDO_POR_ARQUITECTURA; módulos propios sin dimensionar: oficina / IT / estructura (CAPEX de C0 en el mapa),,m²,ESCENARIO
C0|BASE|2500-5000-10000-20000|T1_2500_5000_10000_20000,PROYECTO,,DPV-053,FACTIBILIDAD_PENDIENTE,FACTIBILIDAD_PENDIENTE,DESCONOCIDO,AGUA,planta de faena: NO_REQUERIDO_POR_ARQUITECTURA; módulos propios sin dimensionar: oficina / IT / estructura (CAPEX de C0 en el mapa),,m³/día,ESCENARIO
C0|BASE|2500-5000-10000-20000|T1_2500_5000_10000_20000,PROYECTO,,DPV-095,FACTIBILIDAD_PENDIENTE,FACTIBILIDAD_PENDIENTE,DESCONOCIDO,POTENCIA,planta de faena: NO_REQUERIDO_POR_ARQUITECTURA; módulos propios sin dimensionar: oficina / IT / estructura (CAPEX de C0 en el mapa),,kW,ESCENARIO
C0|BASE|2500-5000-10000-20000|T1_2500_5000_10000_20000,PROYECTO,,DPV-048,FACTIBILIDAD_PENDIENTE,FACTIBILIDAD_PENDIENTE,DIMENSIONADO,PRODUCCION_PRIMARIA_INTEGRADOS,requerido [ESTIMACIÓN],75885.134891,m² galpón,ESCENARIO
C0|BASE|2500-5000-10000-20000|T1_2500_5000_10000_20000,PROYECTO,,"DPV-006, DPV-047",FACTIBILIDAD_PENDIENTE,FACTIBILIDAD_PENDIENTE,DIMENSIONADO,POLLITO,requerido [ESTIMACIÓN],105579.897587,pollitos/semana,ESCENARIO
C0|BASE|2500-5000-10000-20000|T1_2500_5000_10000_20000,PROYECTO,,DPV-155,FACTIBILIDAD_PENDIENTE,FACTIBILIDAD_PENDIENTE,DESCONOCIDO,ALIMENTO_FACON,requerido sin driver,,t/semana,ESCENARIO
C0|BASE|2500-5000-10000-20000|T1_2500_5000_10000_20000,PROYECTO,,DEC-027,FACTIBILIDAD_PENDIENTE,FACTIBILIDAD_PENDIENTE,DIMENSIONADO,RECEPTOR_SUBPRODUCTOS,dato de disponibilidad no declarado,TRUE,—,ESCENARIO
C0|BASE|2500-5000-10000-20000|T1_2500_5000_10000_20000,PROYECTO,,DPV-042,FACTIBILIDAD_PENDIENTE,FACTIBILIDAD_PENDIENTE,DIMENSIONADO,TRANSPORTE_TERCERO,dato de disponibilidad no declarado,TRUE,—,ESCENARIO
C0|BASE|2500-5000-10000-20000|T1_2500_5000_10000_20000,PROYECTO,,DPV-109,FACTIBILIDAD_PENDIENTE,FACTIBILIDAD_PENDIENTE,DIMENSIONADO,FRIO_TERCERO,dato de disponibilidad no declarado,TRUE,—,ESCENARIO
C0|BASE|5000-10000-20000|T2_5000_10000_20000,PROYECTO,TRUE,,FACTIBLE,FACTIBILIDAD_PENDIENTE,DIMENSIONADO,ARQUITECTURA,faena=facon|granjas=integradas:0|pollito=compra|alimento=facon|flota=tercero|frio=C_congelado_tercero|subprod=A_externo|terreno=compra_fase|autom=semi|linea=lotes,TRUE,—,ESCENARIO
C0|BASE|5000-10000-20000|T2_5000_10000_20000,PROYECTO,TRUE,DEC-001,FACTIBLE,FACTIBILIDAD_PENDIENTE,DIMENSIONADO,ESCALA,rango estudiado 2500–20000,TRUE,aves/día,ESCENARIO
C0|BASE|5000-10000-20000|T2_5000_10000_20000,PROYECTO,,DPV-006,FACTIBILIDAD_PENDIENTE,FACTIBILIDAD_PENDIENTE,DIMENSIONADO,FACON_FAENA,dato de disponibilidad no declarado,20000,aves/día,ESCENARIO
C0|BASE|5000-10000-20000|T2_5000_10000_20000,PROYECTO,,DPV-087,FACTIBILIDAD_PENDIENTE,FACTIBILIDAD_PENDIENTE,DESCONOCIDO,TERRENO,planta de faena: NO_REQUERIDO_POR_ARQUITECTURA; módulos propios sin dimensionar: oficina / IT / estructura (CAPEX de C0 en el mapa),,m²,ESCENARIO
C0|BASE|5000-10000-20000|T2_5000_10000_20000,PROYECTO,,DPV-053,FACTIBILIDAD_PENDIENTE,FACTIBILIDAD_PENDIENTE,DESCONOCIDO,AGUA,planta de faena: NO_REQUERIDO_POR_ARQUITECTURA; módulos propios sin dimensionar: oficina / IT / estructura (CAPEX de C0 en el mapa),,m³/día,ESCENARIO
C0|BASE|5000-10000-20000|T2_5000_10000_20000,PROYECTO,,DPV-095,FACTIBILIDAD_PENDIENTE,FACTIBILIDAD_PENDIENTE,DESCONOCIDO,POTENCIA,planta de faena: NO_REQUERIDO_POR_ARQUITECTURA; módulos propios sin dimensionar: oficina / IT / estructura (CAPEX de C0 en el mapa),,kW,ESCENARIO
C0|BASE|5000-10000-20000|T2_5000_10000_20000,PROYECTO,,DPV-048,FACTIBILIDAD_PENDIENTE,FACTIBILIDAD_PENDIENTE,DIMENSIONADO,PRODUCCION_PRIMARIA_INTEGRADOS,requerido [ESTIMACIÓN],75885.134891,m² galpón,ESCENARIO
C0|BASE|5000-10000-20000|T2_5000_10000_20000,PROYECTO,,"DPV-006, DPV-047",FACTIBILIDAD_PENDIENTE,FACTIBILIDAD_PENDIENTE,DIMENSIONADO,POLLITO,requerido [ESTIMACIÓN],105579.897587,pollitos/semana,ESCENARIO
C0|BASE|5000-10000-20000|T2_5000_10000_20000,PROYECTO,,DPV-155,FACTIBILIDAD_PENDIENTE,FACTIBILIDAD_PENDIENTE,DESCONOCIDO,ALIMENTO_FACON,requerido sin driver,,t/semana,ESCENARIO
C0|BASE|5000-10000-20000|T2_5000_10000_20000,PROYECTO,,DEC-027,FACTIBILIDAD_PENDIENTE,FACTIBILIDAD_PENDIENTE,DIMENSIONADO,RECEPTOR_SUBPRODUCTOS,dato de disponibilidad no declarado,TRUE,—,ESCENARIO
C0|BASE|5000-10000-20000|T2_5000_10000_20000,PROYECTO,,DPV-042,FACTIBILIDAD_PENDIENTE,FACTIBILIDAD_PENDIENTE,DIMENSIONADO,TRANSPORTE_TERCERO,dato de disponibilidad no declarado,TRUE,—,ESCENARIO
C0|BASE|5000-10000-20000|T2_5000_10000_20000,PROYECTO,,DPV-109,FACTIBILIDAD_PENDIENTE,FACTIBILIDAD_PENDIENTE,DIMENSIONADO,FRIO_TERCERO,dato de disponibilidad no declarado,TRUE,—,ESCENARIO
C0|BASE|10000-20000|T3_10000_20000,PROYECTO,TRUE,,FACTIBLE,FACTIBILIDAD_PENDIENTE,DIMENSIONADO,ARQUITECTURA,faena=facon|granjas=integradas:0|pollito=compra|alimento=facon|flota=tercero|frio=C_congelado_tercero|subprod=A_externo|terreno=compra_fase|autom=semi|linea=lotes,TRUE,—,ESCENARIO
C0|BASE|10000-20000|T3_10000_20000,PROYECTO,TRUE,DEC-001,FACTIBLE,FACTIBILIDAD_PENDIENTE,DIMENSIONADO,ESCALA,rango estudiado 2500–20000,TRUE,aves/día,ESCENARIO
C0|BASE|10000-20000|T3_10000_20000,PROYECTO,,DPV-006,FACTIBILIDAD_PENDIENTE,FACTIBILIDAD_PENDIENTE,DIMENSIONADO,FACON_FAENA,dato de disponibilidad no declarado,20000,aves/día,ESCENARIO
C0|BASE|10000-20000|T3_10000_20000,PROYECTO,,DPV-087,FACTIBILIDAD_PENDIENTE,FACTIBILIDAD_PENDIENTE,DESCONOCIDO,TERRENO,planta de faena: NO_REQUERIDO_POR_ARQUITECTURA; módulos propios sin dimensionar: oficina / IT / estructura (CAPEX de C0 en el mapa),,m²,ESCENARIO
C0|BASE|10000-20000|T3_10000_20000,PROYECTO,,DPV-053,FACTIBILIDAD_PENDIENTE,FACTIBILIDAD_PENDIENTE,DESCONOCIDO,AGUA,planta de faena: NO_REQUERIDO_POR_ARQUITECTURA; módulos propios sin dimensionar: oficina / IT / estructura (CAPEX de C0 en el mapa),,m³/día,ESCENARIO
C0|BASE|10000-20000|T3_10000_20000,PROYECTO,,DPV-095,FACTIBILIDAD_PENDIENTE,FACTIBILIDAD_PENDIENTE,DESCONOCIDO,POTENCIA,planta de faena: NO_REQUERIDO_POR_ARQUITECTURA; módulos propios sin dimensionar: oficina / IT / estructura (CAPEX de C0 en el mapa),,kW,ESCENARIO
C0|BASE|10000-20000|T3_10000_20000,PROYECTO,,DPV-048,FACTIBILIDAD_PENDIENTE,FACTIBILIDAD_PENDIENTE,DIMENSIONADO,PRODUCCION_PRIMARIA_INTEGRADOS,requerido [ESTIMACIÓN],75885.134891,m² galpón,ESCENARIO
C0|BASE|10000-20000|T3_10000_20000,PROYECTO,,"DPV-006, DPV-047",FACTIBILIDAD_PENDIENTE,FACTIBILIDAD_PENDIENTE,DIMENSIONADO,POLLITO,requerido [ESTIMACIÓN],105579.897587,pollitos/semana,ESCENARIO
C0|BASE|10000-20000|T3_10000_20000,PROYECTO,,DPV-155,FACTIBILIDAD_PENDIENTE,FACTIBILIDAD_PENDIENTE,DESCONOCIDO,ALIMENTO_FACON,requerido sin driver,,t/semana,ESCENARIO
C0|BASE|10000-20000|T3_10000_20000,PROYECTO,,DEC-027,FACTIBILIDAD_PENDIENTE,FACTIBILIDAD_PENDIENTE,DIMENSIONADO,RECEPTOR_SUBPRODUCTOS,dato de disponibilidad no declarado,TRUE,—,ESCENARIO
C0|BASE|10000-20000|T3_10000_20000,PROYECTO,,DPV-042,FACTIBILIDAD_PENDIENTE,FACTIBILIDAD_PENDIENTE,DIMENSIONADO,TRANSPORTE_TERCERO,dato de disponibilidad no declarado,TRUE,—,ESCENARIO
C0|BASE|10000-20000|T3_10000_20000,PROYECTO,,DPV-109,FACTIBILIDAD_PENDIENTE,FACTIBILIDAD_PENDIENTE,DIMENSIONADO,FRIO_TERCERO,dato de disponibilidad no declarado,TRUE,—,ESCENARIO
C1|BASE|2500|ESCALA_UNICA,PROYECTO,TRUE,,FACTIBLE,FACTIBILIDAD_PENDIENTE,DIMENSIONADO,ARQUITECTURA,faena=propia|granjas=integradas:0|pollito=compra|alimento=compra|flota=tercero|frio=A_refrigerado|subprod=A_externo|terreno=compra_fase|autom=semi|linea=lotes,TRUE,—,ESCENARIO
C1|BASE|2500|ESCALA_UNICA,PROYECTO,TRUE,DEC-001,FACTIBLE,FACTIBILIDAD_PENDIENTE,DIMENSIONADO,ESCALA,rango estudiado 2500–20000,TRUE,aves/día,ESCENARIO
C1|BASE|2500|ESCALA_UNICA,PROYECTO,,DPV-087,FACTIBILIDAD_PENDIENTE,FACTIBILIDAD_PENDIENTE,DIMENSIONADO,TERRENO,requerido [ESTIMACIÓN] con PROXY,15398.217049,m²,ESCENARIO
C1|BASE|2500|ESCALA_UNICA,PROYECTO,,DPV-053,FACTIBILIDAD_PENDIENTE,FACTIBILIDAD_PENDIENTE,DIMENSIONADO,AGUA,requerido [ESTIMACIÓN] con rechazo [SUPUESTO],62.5,m³/día,ESCENARIO
C1|BASE|2500|ESCALA_UNICA,PROYECTO,,DPV-095,FACTIBILIDAD_PENDIENTE,FACTIBILIDAD_PENDIENTE,DESCONOCIDO,POTENCIA,requerido PENDIENTE,,kW,ESCENARIO
C1|BASE|2500|ESCALA_UNICA,PROYECTO,,DPV-097,FACTIBILIDAD_PENDIENTE,FACTIBILIDAD_PENDIENTE,DIMENSIONADO,CAPACIDAD_LINEA,garantizada PENDIENTE (DPV-097),351.123596,aves/h,ESCENARIO
C1|BASE|2500|ESCALA_UNICA,PROYECTO,,DPV-048,FACTIBILIDAD_PENDIENTE,FACTIBILIDAD_PENDIENTE,DIMENSIONADO,PRODUCCION_PRIMARIA_INTEGRADOS,requerido [ESTIMACIÓN],9485.641861,m² galpón,ESCENARIO
C1|BASE|2500|ESCALA_UNICA,PROYECTO,,"DPV-006, DPV-047",FACTIBILIDAD_PENDIENTE,FACTIBILIDAD_PENDIENTE,DIMENSIONADO,POLLITO,requerido [ESTIMACIÓN],13197.487198,pollitos/semana,ESCENARIO
C1|BASE|2500|ESCALA_UNICA,PROYECTO,,DPV-050,FACTIBILIDAD_PENDIENTE,FACTIBILIDAD_PENDIENTE,DESCONOCIDO,ALIMENTO_COMPRA,requerido sin driver,,t/semana,ESCENARIO
C1|BASE|2500|ESCALA_UNICA,PROYECTO,,DEC-027,FACTIBILIDAD_PENDIENTE,FACTIBILIDAD_PENDIENTE,DIMENSIONADO,RECEPTOR_SUBPRODUCTOS,dato de disponibilidad no declarado,TRUE,—,ESCENARIO
C1|BASE|2500|ESCALA_UNICA,PROYECTO,,DPV-042,FACTIBILIDAD_PENDIENTE,FACTIBILIDAD_PENDIENTE,DIMENSIONADO,TRANSPORTE_TERCERO,dato de disponibilidad no declarado,TRUE,—,ESCENARIO
C1|BASE|5000|ESCALA_UNICA,PROYECTO,TRUE,,FACTIBLE,FACTIBILIDAD_PENDIENTE,DIMENSIONADO,ARQUITECTURA,faena=propia|granjas=integradas:0|pollito=compra|alimento=compra|flota=tercero|frio=A_refrigerado|subprod=A_externo|terreno=compra_fase|autom=semi|linea=lotes,TRUE,—,ESCENARIO
C1|BASE|5000|ESCALA_UNICA,PROYECTO,TRUE,DEC-001,FACTIBLE,FACTIBILIDAD_PENDIENTE,DIMENSIONADO,ESCALA,rango estudiado 2500–20000,TRUE,aves/día,ESCENARIO
C1|BASE|5000|ESCALA_UNICA,PROYECTO,,DPV-087,FACTIBILIDAD_PENDIENTE,FACTIBILIDAD_PENDIENTE,DIMENSIONADO,TERRENO,requerido [ESTIMACIÓN] con PROXY,18028.685062,m²,ESCENARIO
C1|BASE|5000|ESCALA_UNICA,PROYECTO,,DPV-053,FACTIBILIDAD_PENDIENTE,FACTIBILIDAD_PENDIENTE,DIMENSIONADO,AGUA,requerido [ESTIMACIÓN] con rechazo [SUPUESTO],125,m³/día,ESCENARIO
C1|BASE|5000|ESCALA_UNICA,PROYECTO,,DPV-095,FACTIBILIDAD_PENDIENTE,FACTIBILIDAD_PENDIENTE,DESCONOCIDO,POTENCIA,requerido PENDIENTE,,kW,ESCENARIO
C1|BASE|5000|ESCALA_UNICA,PROYECTO,,DPV-097,FACTIBILIDAD_PENDIENTE,FACTIBILIDAD_PENDIENTE,DIMENSIONADO,CAPACIDAD_LINEA,garantizada PENDIENTE (DPV-097),702.247191,aves/h,ESCENARIO
C1|BASE|5000|ESCALA_UNICA,PROYECTO,,DPV-048,FACTIBILIDAD_PENDIENTE,FACTIBILIDAD_PENDIENTE,DIMENSIONADO,PRODUCCION_PRIMARIA_INTEGRADOS,requerido [ESTIMACIÓN],18971.283723,m² galpón,ESCENARIO
C1|BASE|5000|ESCALA_UNICA,PROYECTO,,"DPV-006, DPV-047",FACTIBILIDAD_PENDIENTE,FACTIBILIDAD_PENDIENTE,DIMENSIONADO,POLLITO,requerido [ESTIMACIÓN],26394.974397,pollitos/semana,ESCENARIO
C1|BASE|5000|ESCALA_UNICA,PROYECTO,,DPV-050,FACTIBILIDAD_PENDIENTE,FACTIBILIDAD_PENDIENTE,DESCONOCIDO,ALIMENTO_COMPRA,requerido sin driver,,t/semana,ESCENARIO
C1|BASE|5000|ESCALA_UNICA,PROYECTO,,DEC-027,FACTIBILIDAD_PENDIENTE,FACTIBILIDAD_PENDIENTE,DIMENSIONADO,RECEPTOR_SUBPRODUCTOS,dato de disponibilidad no declarado,TRUE,—,ESCENARIO
C1|BASE|5000|ESCALA_UNICA,PROYECTO,,DPV-042,FACTIBILIDAD_PENDIENTE,FACTIBILIDAD_PENDIENTE,DIMENSIONADO,TRANSPORTE_TERCERO,dato de disponibilidad no declarado,TRUE,—,ESCENARIO
C1|BASE|10000|ESCALA_UNICA,PROYECTO,TRUE,,FACTIBLE,FACTIBILIDAD_PENDIENTE,DIMENSIONADO,ARQUITECTURA,faena=propia|granjas=integradas:0|pollito=compra|alimento=compra|flota=tercero|frio=A_refrigerado|subprod=A_externo|terreno=compra_fase|autom=semi|linea=lotes,TRUE,—,ESCENARIO
C1|BASE|10000|ESCALA_UNICA,PROYECTO,TRUE,DEC-001,FACTIBLE,FACTIBILIDAD_PENDIENTE,DIMENSIONADO,ESCALA,rango estudiado 2500–20000,TRUE,aves/día,ESCENARIO
C1|BASE|10000|ESCALA_UNICA,PROYECTO,,DPV-087,FACTIBILIDAD_PENDIENTE,FACTIBILIDAD_PENDIENTE,DIMENSIONADO,TERRENO,requerido [ESTIMACIÓN] con PROXY,23372.494534,m²,ESCENARIO
C1|BASE|10000|ESCALA_UNICA,PROYECTO,,DPV-053,FACTIBILIDAD_PENDIENTE,FACTIBILIDAD_PENDIENTE,DIMENSIONADO,AGUA,requerido [ESTIMACIÓN] con rechazo [SUPUESTO],250,m³/día,ESCENARIO
C1|BASE|10000|ESCALA_UNICA,PROYECTO,,DPV-095,FACTIBILIDAD_PENDIENTE,FACTIBILIDAD_PENDIENTE,DESCONOCIDO,POTENCIA,requerido PENDIENTE,,kW,ESCENARIO
C1|BASE|10000|ESCALA_UNICA,PROYECTO,,DPV-097,FACTIBILIDAD_PENDIENTE,FACTIBILIDAD_PENDIENTE,DIMENSIONADO,CAPACIDAD_LINEA,garantizada PENDIENTE (DPV-097),1404.494382,aves/h,ESCENARIO
C1|BASE|10000|ESCALA_UNICA,PROYECTO,,DPV-048,FACTIBILIDAD_PENDIENTE,FACTIBILIDAD_PENDIENTE,DIMENSIONADO,PRODUCCION_PRIMARIA_INTEGRADOS,requerido [ESTIMACIÓN],37942.567446,m² galpón,ESCENARIO
C1|BASE|10000|ESCALA_UNICA,PROYECTO,,"DPV-006, DPV-047",FACTIBILIDAD_PENDIENTE,FACTIBILIDAD_PENDIENTE,DIMENSIONADO,POLLITO,requerido [ESTIMACIÓN],52789.948794,pollitos/semana,ESCENARIO
C1|BASE|10000|ESCALA_UNICA,PROYECTO,,DPV-050,FACTIBILIDAD_PENDIENTE,FACTIBILIDAD_PENDIENTE,DESCONOCIDO,ALIMENTO_COMPRA,requerido sin driver,,t/semana,ESCENARIO
C1|BASE|10000|ESCALA_UNICA,PROYECTO,,DEC-027,FACTIBILIDAD_PENDIENTE,FACTIBILIDAD_PENDIENTE,DIMENSIONADO,RECEPTOR_SUBPRODUCTOS,dato de disponibilidad no declarado,TRUE,—,ESCENARIO
C1|BASE|10000|ESCALA_UNICA,PROYECTO,,DPV-042,FACTIBILIDAD_PENDIENTE,FACTIBILIDAD_PENDIENTE,DIMENSIONADO,TRANSPORTE_TERCERO,dato de disponibilidad no declarado,TRUE,—,ESCENARIO
C1|BASE|20000|ESCALA_UNICA,PROYECTO,TRUE,,FACTIBLE,FACTIBILIDAD_PENDIENTE,DIMENSIONADO,ARQUITECTURA,faena=propia|granjas=integradas:0|pollito=compra|alimento=compra|flota=tercero|frio=A_refrigerado|subprod=A_externo|terreno=compra_fase|autom=semi|linea=lotes,TRUE,—,ESCENARIO
C1|BASE|20000|ESCALA_UNICA,PROYECTO,TRUE,DEC-001,FACTIBLE,FACTIBILIDAD_PENDIENTE,DIMENSIONADO,ESCALA,rango estudiado 2500–20000,TRUE,aves/día,ESCENARIO
C1|BASE|20000|ESCALA_UNICA,PROYECTO,,DPV-087,FACTIBILIDAD_PENDIENTE,FACTIBILIDAD_PENDIENTE,DIMENSIONADO,TERRENO,requerido [ESTIMACIÓN] con PROXY,32379.39504,m²,ESCENARIO
C1|BASE|20000|ESCALA_UNICA,PROYECTO,,DPV-053,FACTIBILIDAD_PENDIENTE,FACTIBILIDAD_PENDIENTE,DIMENSIONADO,AGUA,requerido [ESTIMACIÓN] con rechazo [SUPUESTO],500,m³/día,ESCENARIO
C1|BASE|20000|ESCALA_UNICA,PROYECTO,,DPV-095,FACTIBILIDAD_PENDIENTE,FACTIBILIDAD_PENDIENTE,DESCONOCIDO,POTENCIA,requerido PENDIENTE,,kW,ESCENARIO
C1|BASE|20000|ESCALA_UNICA,PROYECTO,,DPV-097,FACTIBILIDAD_PENDIENTE,FACTIBILIDAD_PENDIENTE,DIMENSIONADO,CAPACIDAD_LINEA,garantizada PENDIENTE (DPV-097),2808.988764,aves/h,ESCENARIO
C1|BASE|20000|ESCALA_UNICA,PROYECTO,,DPV-048,FACTIBILIDAD_PENDIENTE,FACTIBILIDAD_PENDIENTE,DIMENSIONADO,PRODUCCION_PRIMARIA_INTEGRADOS,requerido [ESTIMACIÓN],75885.134891,m² galpón,ESCENARIO
C1|BASE|20000|ESCALA_UNICA,PROYECTO,,"DPV-006, DPV-047",FACTIBILIDAD_PENDIENTE,FACTIBILIDAD_PENDIENTE,DIMENSIONADO,POLLITO,requerido [ESTIMACIÓN],105579.897587,pollitos/semana,ESCENARIO
C1|BASE|20000|ESCALA_UNICA,PROYECTO,,DPV-050,FACTIBILIDAD_PENDIENTE,FACTIBILIDAD_PENDIENTE,DESCONOCIDO,ALIMENTO_COMPRA,requerido sin driver,,t/semana,ESCENARIO
C1|BASE|20000|ESCALA_UNICA,PROYECTO,,DEC-027,FACTIBILIDAD_PENDIENTE,FACTIBILIDAD_PENDIENTE,DIMENSIONADO,RECEPTOR_SUBPRODUCTOS,dato de disponibilidad no declarado,TRUE,—,ESCENARIO
C1|BASE|20000|ESCALA_UNICA,PROYECTO,,DPV-042,FACTIBILIDAD_PENDIENTE,FACTIBILIDAD_PENDIENTE,DIMENSIONADO,TRANSPORTE_TERCERO,dato de disponibilidad no declarado,TRUE,—,ESCENARIO
C1|BASE|2500-5000-10000-20000|T1_2500_5000_10000_20000,PROYECTO,TRUE,,FACTIBLE,FACTIBILIDAD_PENDIENTE,DIMENSIONADO,ARQUITECTURA,faena=propia|granjas=integradas:0|pollito=compra|alimento=compra|flota=tercero|frio=A_refrigerado|subprod=A_externo|terreno=compra_fase|autom=semi|linea=lotes,TRUE,—,ESCENARIO
C1|BASE|2500-5000-10000-20000|T1_2500_5000_10000_20000,PROYECTO,TRUE,DEC-001,FACTIBLE,FACTIBILIDAD_PENDIENTE,DIMENSIONADO,ESCALA,rango estudiado 2500–20000,TRUE,aves/día,ESCENARIO
C1|BASE|2500-5000-10000-20000|T1_2500_5000_10000_20000,PROYECTO,,DPV-087,FACTIBILIDAD_PENDIENTE,FACTIBILIDAD_PENDIENTE,DIMENSIONADO,TERRENO,requerido [ESTIMACIÓN] con PROXY,32379.39504,m²,ESCENARIO
C1|BASE|2500-5000-10000-20000|T1_2500_5000_10000_20000,PROYECTO,,DPV-053,FACTIBILIDAD_PENDIENTE,FACTIBILIDAD_PENDIENTE,DIMENSIONADO,AGUA,requerido [ESTIMACIÓN] con rechazo [SUPUESTO],500,m³/día,ESCENARIO
C1|BASE|2500-5000-10000-20000|T1_2500_5000_10000_20000,PROYECTO,,DPV-095,FACTIBILIDAD_PENDIENTE,FACTIBILIDAD_PENDIENTE,DESCONOCIDO,POTENCIA,requerido PENDIENTE,,kW,ESCENARIO
C1|BASE|2500-5000-10000-20000|T1_2500_5000_10000_20000,PROYECTO,,DPV-097,FACTIBILIDAD_PENDIENTE,FACTIBILIDAD_PENDIENTE,DIMENSIONADO,CAPACIDAD_LINEA,garantizada PENDIENTE (DPV-097),2808.988764,aves/h,ESCENARIO
C1|BASE|2500-5000-10000-20000|T1_2500_5000_10000_20000,PROYECTO,,DPV-048,FACTIBILIDAD_PENDIENTE,FACTIBILIDAD_PENDIENTE,DIMENSIONADO,PRODUCCION_PRIMARIA_INTEGRADOS,requerido [ESTIMACIÓN],75885.134891,m² galpón,ESCENARIO
C1|BASE|2500-5000-10000-20000|T1_2500_5000_10000_20000,PROYECTO,,"DPV-006, DPV-047",FACTIBILIDAD_PENDIENTE,FACTIBILIDAD_PENDIENTE,DIMENSIONADO,POLLITO,requerido [ESTIMACIÓN],105579.897587,pollitos/semana,ESCENARIO
C1|BASE|2500-5000-10000-20000|T1_2500_5000_10000_20000,PROYECTO,,DPV-050,FACTIBILIDAD_PENDIENTE,FACTIBILIDAD_PENDIENTE,DESCONOCIDO,ALIMENTO_COMPRA,requerido sin driver,,t/semana,ESCENARIO
C1|BASE|2500-5000-10000-20000|T1_2500_5000_10000_20000,PROYECTO,,DEC-027,FACTIBILIDAD_PENDIENTE,FACTIBILIDAD_PENDIENTE,DIMENSIONADO,RECEPTOR_SUBPRODUCTOS,dato de disponibilidad no declarado,TRUE,—,ESCENARIO
C1|BASE|2500-5000-10000-20000|T1_2500_5000_10000_20000,PROYECTO,,DPV-042,FACTIBILIDAD_PENDIENTE,FACTIBILIDAD_PENDIENTE,DIMENSIONADO,TRANSPORTE_TERCERO,dato de disponibilidad no declarado,TRUE,—,ESCENARIO
C1|BASE|5000-10000-20000|T2_5000_10000_20000,PROYECTO,TRUE,,FACTIBLE,FACTIBILIDAD_PENDIENTE,DIMENSIONADO,ARQUITECTURA,faena=propia|granjas=integradas:0|pollito=compra|alimento=compra|flota=tercero|frio=A_refrigerado|subprod=A_externo|terreno=compra_fase|autom=semi|linea=lotes,TRUE,—,ESCENARIO
C1|BASE|5000-10000-20000|T2_5000_10000_20000,PROYECTO,TRUE,DEC-001,FACTIBLE,FACTIBILIDAD_PENDIENTE,DIMENSIONADO,ESCALA,rango estudiado 2500–20000,TRUE,aves/día,ESCENARIO
C1|BASE|5000-10000-20000|T2_5000_10000_20000,PROYECTO,,DPV-087,FACTIBILIDAD_PENDIENTE,FACTIBILIDAD_PENDIENTE,DIMENSIONADO,TERRENO,requerido [ESTIMACIÓN] con PROXY,32379.39504,m²,ESCENARIO
C1|BASE|5000-10000-20000|T2_5000_10000_20000,PROYECTO,,DPV-053,FACTIBILIDAD_PENDIENTE,FACTIBILIDAD_PENDIENTE,DIMENSIONADO,AGUA,requerido [ESTIMACIÓN] con rechazo [SUPUESTO],500,m³/día,ESCENARIO
C1|BASE|5000-10000-20000|T2_5000_10000_20000,PROYECTO,,DPV-095,FACTIBILIDAD_PENDIENTE,FACTIBILIDAD_PENDIENTE,DESCONOCIDO,POTENCIA,requerido PENDIENTE,,kW,ESCENARIO
C1|BASE|5000-10000-20000|T2_5000_10000_20000,PROYECTO,,DPV-097,FACTIBILIDAD_PENDIENTE,FACTIBILIDAD_PENDIENTE,DIMENSIONADO,CAPACIDAD_LINEA,garantizada PENDIENTE (DPV-097),2808.988764,aves/h,ESCENARIO
C1|BASE|5000-10000-20000|T2_5000_10000_20000,PROYECTO,,DPV-048,FACTIBILIDAD_PENDIENTE,FACTIBILIDAD_PENDIENTE,DIMENSIONADO,PRODUCCION_PRIMARIA_INTEGRADOS,requerido [ESTIMACIÓN],75885.134891,m² galpón,ESCENARIO
C1|BASE|5000-10000-20000|T2_5000_10000_20000,PROYECTO,,"DPV-006, DPV-047",FACTIBILIDAD_PENDIENTE,FACTIBILIDAD_PENDIENTE,DIMENSIONADO,POLLITO,requerido [ESTIMACIÓN],105579.897587,pollitos/semana,ESCENARIO
C1|BASE|5000-10000-20000|T2_5000_10000_20000,PROYECTO,,DPV-050,FACTIBILIDAD_PENDIENTE,FACTIBILIDAD_PENDIENTE,DESCONOCIDO,ALIMENTO_COMPRA,requerido sin driver,,t/semana,ESCENARIO
C1|BASE|5000-10000-20000|T2_5000_10000_20000,PROYECTO,,DEC-027,FACTIBILIDAD_PENDIENTE,FACTIBILIDAD_PENDIENTE,DIMENSIONADO,RECEPTOR_SUBPRODUCTOS,dato de disponibilidad no declarado,TRUE,—,ESCENARIO
C1|BASE|5000-10000-20000|T2_5000_10000_20000,PROYECTO,,DPV-042,FACTIBILIDAD_PENDIENTE,FACTIBILIDAD_PENDIENTE,DIMENSIONADO,TRANSPORTE_TERCERO,dato de disponibilidad no declarado,TRUE,—,ESCENARIO
C1|BASE|10000-20000|T3_10000_20000,PROYECTO,TRUE,,FACTIBLE,FACTIBILIDAD_PENDIENTE,DIMENSIONADO,ARQUITECTURA,faena=propia|granjas=integradas:0|pollito=compra|alimento=compra|flota=tercero|frio=A_refrigerado|subprod=A_externo|terreno=compra_fase|autom=semi|linea=lotes,TRUE,—,ESCENARIO
C1|BASE|10000-20000|T3_10000_20000,PROYECTO,TRUE,DEC-001,FACTIBLE,FACTIBILIDAD_PENDIENTE,DIMENSIONADO,ESCALA,rango estudiado 2500–20000,TRUE,aves/día,ESCENARIO
C1|BASE|10000-20000|T3_10000_20000,PROYECTO,,DPV-087,FACTIBILIDAD_PENDIENTE,FACTIBILIDAD_PENDIENTE,DIMENSIONADO,TERRENO,requerido [ESTIMACIÓN] con PROXY,32379.39504,m²,ESCENARIO
C1|BASE|10000-20000|T3_10000_20000,PROYECTO,,DPV-053,FACTIBILIDAD_PENDIENTE,FACTIBILIDAD_PENDIENTE,DIMENSIONADO,AGUA,requerido [ESTIMACIÓN] con rechazo [SUPUESTO],500,m³/día,ESCENARIO
C1|BASE|10000-20000|T3_10000_20000,PROYECTO,,DPV-095,FACTIBILIDAD_PENDIENTE,FACTIBILIDAD_PENDIENTE,DESCONOCIDO,POTENCIA,requerido PENDIENTE,,kW,ESCENARIO
C1|BASE|10000-20000|T3_10000_20000,PROYECTO,,DPV-097,FACTIBILIDAD_PENDIENTE,FACTIBILIDAD_PENDIENTE,DIMENSIONADO,CAPACIDAD_LINEA,garantizada PENDIENTE (DPV-097),2808.988764,aves/h,ESCENARIO
C1|BASE|10000-20000|T3_10000_20000,PROYECTO,,DPV-048,FACTIBILIDAD_PENDIENTE,FACTIBILIDAD_PENDIENTE,DIMENSIONADO,PRODUCCION_PRIMARIA_INTEGRADOS,requerido [ESTIMACIÓN],75885.134891,m² galpón,ESCENARIO
C1|BASE|10000-20000|T3_10000_20000,PROYECTO,,"DPV-006, DPV-047",FACTIBILIDAD_PENDIENTE,FACTIBILIDAD_PENDIENTE,DIMENSIONADO,POLLITO,requerido [ESTIMACIÓN],105579.897587,pollitos/semana,ESCENARIO
C1|BASE|10000-20000|T3_10000_20000,PROYECTO,,DPV-050,FACTIBILIDAD_PENDIENTE,FACTIBILIDAD_PENDIENTE,DESCONOCIDO,ALIMENTO_COMPRA,requerido sin driver,,t/semana,ESCENARIO
C1|BASE|10000-20000|T3_10000_20000,PROYECTO,,DEC-027,FACTIBILIDAD_PENDIENTE,FACTIBILIDAD_PENDIENTE,DIMENSIONADO,RECEPTOR_SUBPRODUCTOS,dato de disponibilidad no declarado,TRUE,—,ESCENARIO
C1|BASE|10000-20000|T3_10000_20000,PROYECTO,,DPV-042,FACTIBILIDAD_PENDIENTE,FACTIBILIDAD_PENDIENTE,DIMENSIONADO,TRANSPORTE_TERCERO,dato de disponibilidad no declarado,TRUE,—,ESCENARIO
C2|BASE|2500|ESCALA_UNICA,PROYECTO,TRUE,,FACTIBLE,FACTIBILIDAD_PENDIENTE,DIMENSIONADO,ARQUITECTURA,"faena=propia|granjas=mixto:0.25|pollito=compra|alimento=facon|flota=mixto(vivo,refrigerado,servicio)|frio=B_refrigerado_congelado|subprod=A_externo|terreno=compra_fase|autom=semi|linea=lotes",TRUE,—,ESCENARIO
C2|BASE|2500|ESCALA_UNICA,PROYECTO,TRUE,DEC-001,FACTIBLE,FACTIBILIDAD_PENDIENTE,DIMENSIONADO,ESCALA,rango estudiado 2500–20000,TRUE,aves/día,ESCENARIO
C2|BASE|2500|ESCALA_UNICA,PROYECTO,,DPV-087,FACTIBILIDAD_PENDIENTE,FACTIBILIDAD_PENDIENTE,DIMENSIONADO,TERRENO,requerido [ESTIMACIÓN] con PROXY,15449.574084,m²,ESCENARIO
C2|BASE|2500|ESCALA_UNICA,PROYECTO,,DPV-053,FACTIBILIDAD_PENDIENTE,FACTIBILIDAD_PENDIENTE,DIMENSIONADO,AGUA,requerido [ESTIMACIÓN] con rechazo [SUPUESTO],62.5,m³/día,ESCENARIO
C2|BASE|2500|ESCALA_UNICA,PROYECTO,,DPV-095,FACTIBILIDAD_PENDIENTE,FACTIBILIDAD_PENDIENTE,DESCONOCIDO,POTENCIA,requerido PENDIENTE,,kW,ESCENARIO
C2|BASE|2500|ESCALA_UNICA,PROYECTO,,DPV-097,FACTIBILIDAD_PENDIENTE,FACTIBILIDAD_PENDIENTE,DIMENSIONADO,CAPACIDAD_LINEA,garantizada PENDIENTE (DPV-097),351.123596,aves/h,ESCENARIO
C2|BASE|2500|ESCALA_UNICA,PROYECTO,,DPV-048,FACTIBILIDAD_PENDIENTE,FACTIBILIDAD_PENDIENTE,DIMENSIONADO,PRODUCCION_PRIMARIA_INTEGRADOS,requerido [ESTIMACIÓN],7114.231396,m² galpón,ESCENARIO
C2|BASE|2500|ESCALA_UNICA,PROYECTO,,DPV-051,FACTIBILIDAD_PENDIENTE,FACTIBILIDAD_PENDIENTE,DIMENSIONADO,SITIOS_GRANJAS_PROPIAS,dato de disponibilidad no declarado,TRUE,sitios,ESCENARIO
C2|BASE|2500|ESCALA_UNICA,PROYECTO,,"DPV-006, DPV-047",FACTIBILIDAD_PENDIENTE,FACTIBILIDAD_PENDIENTE,DIMENSIONADO,POLLITO,requerido [ESTIMACIÓN],13197.487198,pollitos/semana,ESCENARIO
C2|BASE|2500|ESCALA_UNICA,PROYECTO,,DPV-155,FACTIBILIDAD_PENDIENTE,FACTIBILIDAD_PENDIENTE,DESCONOCIDO,ALIMENTO_FACON,requerido sin driver,,t/semana,ESCENARIO
C2|BASE|2500|ESCALA_UNICA,PROYECTO,,DEC-027,FACTIBILIDAD_PENDIENTE,FACTIBILIDAD_PENDIENTE,DIMENSIONADO,RECEPTOR_SUBPRODUCTOS,dato de disponibilidad no declarado,TRUE,—,ESCENARIO
C2|BASE|2500|ESCALA_UNICA,PROYECTO,,DPV-042,FACTIBILIDAD_PENDIENTE,FACTIBILIDAD_PENDIENTE,DIMENSIONADO,TRANSPORTE_TERCERO,dato de disponibilidad no declarado,TRUE,—,ESCENARIO
C2|BASE|5000|ESCALA_UNICA,PROYECTO,TRUE,,FACTIBLE,FACTIBILIDAD_PENDIENTE,DIMENSIONADO,ARQUITECTURA,"faena=propia|granjas=mixto:0.25|pollito=compra|alimento=facon|flota=mixto(vivo,refrigerado,servicio)|frio=B_refrigerado_congelado|subprod=A_externo|terreno=compra_fase|autom=semi|linea=lotes",TRUE,—,ESCENARIO
C2|BASE|5000|ESCALA_UNICA,PROYECTO,TRUE,DEC-001,FACTIBLE,FACTIBILIDAD_PENDIENTE,DIMENSIONADO,ESCALA,rango estudiado 2500–20000,TRUE,aves/día,ESCENARIO
C2|BASE|5000|ESCALA_UNICA,PROYECTO,,DPV-087,FACTIBILIDAD_PENDIENTE,FACTIBILIDAD_PENDIENTE,DIMENSIONADO,TERRENO,requerido [ESTIMACIÓN] con PROXY,18193.650549,m²,ESCENARIO
C2|BASE|5000|ESCALA_UNICA,PROYECTO,,DPV-053,FACTIBILIDAD_PENDIENTE,FACTIBILIDAD_PENDIENTE,DIMENSIONADO,AGUA,requerido [ESTIMACIÓN] con rechazo [SUPUESTO],125,m³/día,ESCENARIO
C2|BASE|5000|ESCALA_UNICA,PROYECTO,,DPV-095,FACTIBILIDAD_PENDIENTE,FACTIBILIDAD_PENDIENTE,DESCONOCIDO,POTENCIA,requerido PENDIENTE,,kW,ESCENARIO
C2|BASE|5000|ESCALA_UNICA,PROYECTO,,DPV-097,FACTIBILIDAD_PENDIENTE,FACTIBILIDAD_PENDIENTE,DIMENSIONADO,CAPACIDAD_LINEA,garantizada PENDIENTE (DPV-097),702.247191,aves/h,ESCENARIO
C2|BASE|5000|ESCALA_UNICA,PROYECTO,,DPV-048,FACTIBILIDAD_PENDIENTE,FACTIBILIDAD_PENDIENTE,DIMENSIONADO,PRODUCCION_PRIMARIA_INTEGRADOS,requerido [ESTIMACIÓN],14228.462792,m² galpón,ESCENARIO
C2|BASE|5000|ESCALA_UNICA,PROYECTO,,DPV-051,FACTIBILIDAD_PENDIENTE,FACTIBILIDAD_PENDIENTE,DIMENSIONADO,SITIOS_GRANJAS_PROPIAS,dato de disponibilidad no declarado,TRUE,sitios,ESCENARIO
C2|BASE|5000|ESCALA_UNICA,PROYECTO,,"DPV-006, DPV-047",FACTIBILIDAD_PENDIENTE,FACTIBILIDAD_PENDIENTE,DIMENSIONADO,POLLITO,requerido [ESTIMACIÓN],26394.974397,pollitos/semana,ESCENARIO
C2|BASE|5000|ESCALA_UNICA,PROYECTO,,DPV-155,FACTIBILIDAD_PENDIENTE,FACTIBILIDAD_PENDIENTE,DESCONOCIDO,ALIMENTO_FACON,requerido sin driver,,t/semana,ESCENARIO
C2|BASE|5000|ESCALA_UNICA,PROYECTO,,DEC-027,FACTIBILIDAD_PENDIENTE,FACTIBILIDAD_PENDIENTE,DIMENSIONADO,RECEPTOR_SUBPRODUCTOS,dato de disponibilidad no declarado,TRUE,—,ESCENARIO
C2|BASE|5000|ESCALA_UNICA,PROYECTO,,DPV-042,FACTIBILIDAD_PENDIENTE,FACTIBILIDAD_PENDIENTE,DIMENSIONADO,TRANSPORTE_TERCERO,dato de disponibilidad no declarado,TRUE,—,ESCENARIO
C2|BASE|10000|ESCALA_UNICA,PROYECTO,TRUE,,FACTIBLE,FACTIBILIDAD_PENDIENTE,DIMENSIONADO,ARQUITECTURA,"faena=propia|granjas=mixto:0.25|pollito=compra|alimento=facon|flota=mixto(vivo,refrigerado,servicio)|frio=B_refrigerado_congelado|subprod=A_externo|terreno=compra_fase|autom=semi|linea=lotes",TRUE,—,ESCENARIO
C2|BASE|10000|ESCALA_UNICA,PROYECTO,TRUE,DEC-001,FACTIBLE,FACTIBILIDAD_PENDIENTE,DIMENSIONADO,ESCALA,rango estudiado 2500–20000,TRUE,aves/día,ESCENARIO
C2|BASE|10000|ESCALA_UNICA,PROYECTO,,DPV-087,FACTIBILIDAD_PENDIENTE,FACTIBILIDAD_PENDIENTE,DIMENSIONADO,TERRENO,requerido [ESTIMACIÓN] con PROXY,23705.920159,m²,ESCENARIO
C2|BASE|10000|ESCALA_UNICA,PROYECTO,,DPV-053,FACTIBILIDAD_PENDIENTE,FACTIBILIDAD_PENDIENTE,DIMENSIONADO,AGUA,requerido [ESTIMACIÓN] con rechazo [SUPUESTO],250,m³/día,ESCENARIO
C2|BASE|10000|ESCALA_UNICA,PROYECTO,,DPV-095,FACTIBILIDAD_PENDIENTE,FACTIBILIDAD_PENDIENTE,DESCONOCIDO,POTENCIA,requerido PENDIENTE,,kW,ESCENARIO
C2|BASE|10000|ESCALA_UNICA,PROYECTO,,DPV-097,FACTIBILIDAD_PENDIENTE,FACTIBILIDAD_PENDIENTE,DIMENSIONADO,CAPACIDAD_LINEA,garantizada PENDIENTE (DPV-097),1404.494382,aves/h,ESCENARIO
C2|BASE|10000|ESCALA_UNICA,PROYECTO,,DPV-048,FACTIBILIDAD_PENDIENTE,FACTIBILIDAD_PENDIENTE,DIMENSIONADO,PRODUCCION_PRIMARIA_INTEGRADOS,requerido [ESTIMACIÓN],28456.925584,m² galpón,ESCENARIO
C2|BASE|10000|ESCALA_UNICA,PROYECTO,,DPV-051,FACTIBILIDAD_PENDIENTE,FACTIBILIDAD_PENDIENTE,DIMENSIONADO,SITIOS_GRANJAS_PROPIAS,dato de disponibilidad no declarado,TRUE,sitios,ESCENARIO
C2|BASE|10000|ESCALA_UNICA,PROYECTO,,"DPV-006, DPV-047",FACTIBILIDAD_PENDIENTE,FACTIBILIDAD_PENDIENTE,DIMENSIONADO,POLLITO,requerido [ESTIMACIÓN],52789.948794,pollitos/semana,ESCENARIO
C2|BASE|10000|ESCALA_UNICA,PROYECTO,,DPV-155,FACTIBILIDAD_PENDIENTE,FACTIBILIDAD_PENDIENTE,DESCONOCIDO,ALIMENTO_FACON,requerido sin driver,,t/semana,ESCENARIO
C2|BASE|10000|ESCALA_UNICA,PROYECTO,,DEC-027,FACTIBILIDAD_PENDIENTE,FACTIBILIDAD_PENDIENTE,DIMENSIONADO,RECEPTOR_SUBPRODUCTOS,dato de disponibilidad no declarado,TRUE,—,ESCENARIO
C2|BASE|10000|ESCALA_UNICA,PROYECTO,,DPV-042,FACTIBILIDAD_PENDIENTE,FACTIBILIDAD_PENDIENTE,DIMENSIONADO,TRANSPORTE_TERCERO,dato de disponibilidad no declarado,TRUE,—,ESCENARIO
C2|BASE|20000|ESCALA_UNICA,PROYECTO,TRUE,,FACTIBLE,FACTIBILIDAD_PENDIENTE,DIMENSIONADO,ARQUITECTURA,"faena=propia|granjas=mixto:0.25|pollito=compra|alimento=facon|flota=mixto(vivo,refrigerado,servicio)|frio=B_refrigerado_congelado|subprod=A_externo|terreno=compra_fase|autom=semi|linea=lotes",TRUE,—,ESCENARIO
C2|BASE|20000|ESCALA_UNICA,PROYECTO,TRUE,DEC-001,FACTIBLE,FACTIBILIDAD_PENDIENTE,DIMENSIONADO,ESCALA,rango estudiado 2500–20000,TRUE,aves/día,ESCENARIO
C2|BASE|20000|ESCALA_UNICA,PROYECTO,,DPV-087,FACTIBILIDAD_PENDIENTE,FACTIBILIDAD_PENDIENTE,DIMENSIONADO,TERRENO,requerido [ESTIMACIÓN] con PROXY,33080.583278,m²,ESCENARIO
C2|BASE|20000|ESCALA_UNICA,PROYECTO,,DPV-053,FACTIBILIDAD_PENDIENTE,FACTIBILIDAD_PENDIENTE,DIMENSIONADO,AGUA,requerido [ESTIMACIÓN] con rechazo [SUPUESTO],500,m³/día,ESCENARIO
C2|BASE|20000|ESCALA_UNICA,PROYECTO,,DPV-095,FACTIBILIDAD_PENDIENTE,FACTIBILIDAD_PENDIENTE,DESCONOCIDO,POTENCIA,requerido PENDIENTE,,kW,ESCENARIO
C2|BASE|20000|ESCALA_UNICA,PROYECTO,,DPV-097,FACTIBILIDAD_PENDIENTE,FACTIBILIDAD_PENDIENTE,DIMENSIONADO,CAPACIDAD_LINEA,garantizada PENDIENTE (DPV-097),2808.988764,aves/h,ESCENARIO
C2|BASE|20000|ESCALA_UNICA,PROYECTO,,DPV-048,FACTIBILIDAD_PENDIENTE,FACTIBILIDAD_PENDIENTE,DIMENSIONADO,PRODUCCION_PRIMARIA_INTEGRADOS,requerido [ESTIMACIÓN],56913.851168,m² galpón,ESCENARIO
C2|BASE|20000|ESCALA_UNICA,PROYECTO,,DPV-051,FACTIBILIDAD_PENDIENTE,FACTIBILIDAD_PENDIENTE,DIMENSIONADO,SITIOS_GRANJAS_PROPIAS,dato de disponibilidad no declarado,TRUE,sitios,ESCENARIO
C2|BASE|20000|ESCALA_UNICA,PROYECTO,,"DPV-006, DPV-047",FACTIBILIDAD_PENDIENTE,FACTIBILIDAD_PENDIENTE,DIMENSIONADO,POLLITO,requerido [ESTIMACIÓN],105579.897587,pollitos/semana,ESCENARIO
C2|BASE|20000|ESCALA_UNICA,PROYECTO,,DPV-155,FACTIBILIDAD_PENDIENTE,FACTIBILIDAD_PENDIENTE,DESCONOCIDO,ALIMENTO_FACON,requerido sin driver,,t/semana,ESCENARIO
C2|BASE|20000|ESCALA_UNICA,PROYECTO,,DEC-027,FACTIBILIDAD_PENDIENTE,FACTIBILIDAD_PENDIENTE,DIMENSIONADO,RECEPTOR_SUBPRODUCTOS,dato de disponibilidad no declarado,TRUE,—,ESCENARIO
C2|BASE|20000|ESCALA_UNICA,PROYECTO,,DPV-042,FACTIBILIDAD_PENDIENTE,FACTIBILIDAD_PENDIENTE,DIMENSIONADO,TRANSPORTE_TERCERO,dato de disponibilidad no declarado,TRUE,—,ESCENARIO
C2|BASE|2500-5000-10000-20000|T1_2500_5000_10000_20000,PROYECTO,TRUE,,FACTIBLE,FACTIBILIDAD_PENDIENTE,DIMENSIONADO,ARQUITECTURA,"faena=propia|granjas=mixto:0.25|pollito=compra|alimento=facon|flota=mixto(vivo,refrigerado,servicio)|frio=B_refrigerado_congelado|subprod=A_externo|terreno=compra_fase|autom=semi|linea=lotes",TRUE,—,ESCENARIO
C2|BASE|2500-5000-10000-20000|T1_2500_5000_10000_20000,PROYECTO,TRUE,DEC-001,FACTIBLE,FACTIBILIDAD_PENDIENTE,DIMENSIONADO,ESCALA,rango estudiado 2500–20000,TRUE,aves/día,ESCENARIO
C2|BASE|2500-5000-10000-20000|T1_2500_5000_10000_20000,PROYECTO,,DPV-087,FACTIBILIDAD_PENDIENTE,FACTIBILIDAD_PENDIENTE,DIMENSIONADO,TERRENO,requerido [ESTIMACIÓN] con PROXY,33080.583278,m²,ESCENARIO
C2|BASE|2500-5000-10000-20000|T1_2500_5000_10000_20000,PROYECTO,,DPV-053,FACTIBILIDAD_PENDIENTE,FACTIBILIDAD_PENDIENTE,DIMENSIONADO,AGUA,requerido [ESTIMACIÓN] con rechazo [SUPUESTO],500,m³/día,ESCENARIO
C2|BASE|2500-5000-10000-20000|T1_2500_5000_10000_20000,PROYECTO,,DPV-095,FACTIBILIDAD_PENDIENTE,FACTIBILIDAD_PENDIENTE,DESCONOCIDO,POTENCIA,requerido PENDIENTE,,kW,ESCENARIO
C2|BASE|2500-5000-10000-20000|T1_2500_5000_10000_20000,PROYECTO,,DPV-097,FACTIBILIDAD_PENDIENTE,FACTIBILIDAD_PENDIENTE,DIMENSIONADO,CAPACIDAD_LINEA,garantizada PENDIENTE (DPV-097),2808.988764,aves/h,ESCENARIO
C2|BASE|2500-5000-10000-20000|T1_2500_5000_10000_20000,PROYECTO,,DPV-048,FACTIBILIDAD_PENDIENTE,FACTIBILIDAD_PENDIENTE,DIMENSIONADO,PRODUCCION_PRIMARIA_INTEGRADOS,requerido [ESTIMACIÓN],56913.851168,m² galpón,ESCENARIO
C2|BASE|2500-5000-10000-20000|T1_2500_5000_10000_20000,PROYECTO,,DPV-051,FACTIBILIDAD_PENDIENTE,FACTIBILIDAD_PENDIENTE,DIMENSIONADO,SITIOS_GRANJAS_PROPIAS,dato de disponibilidad no declarado,TRUE,sitios,ESCENARIO
C2|BASE|2500-5000-10000-20000|T1_2500_5000_10000_20000,PROYECTO,,"DPV-006, DPV-047",FACTIBILIDAD_PENDIENTE,FACTIBILIDAD_PENDIENTE,DIMENSIONADO,POLLITO,requerido [ESTIMACIÓN],105579.897587,pollitos/semana,ESCENARIO
C2|BASE|2500-5000-10000-20000|T1_2500_5000_10000_20000,PROYECTO,,DPV-155,FACTIBILIDAD_PENDIENTE,FACTIBILIDAD_PENDIENTE,DESCONOCIDO,ALIMENTO_FACON,requerido sin driver,,t/semana,ESCENARIO
C2|BASE|2500-5000-10000-20000|T1_2500_5000_10000_20000,PROYECTO,,DEC-027,FACTIBILIDAD_PENDIENTE,FACTIBILIDAD_PENDIENTE,DIMENSIONADO,RECEPTOR_SUBPRODUCTOS,dato de disponibilidad no declarado,TRUE,—,ESCENARIO
C2|BASE|2500-5000-10000-20000|T1_2500_5000_10000_20000,PROYECTO,,DPV-042,FACTIBILIDAD_PENDIENTE,FACTIBILIDAD_PENDIENTE,DIMENSIONADO,TRANSPORTE_TERCERO,dato de disponibilidad no declarado,TRUE,—,ESCENARIO
C2|BASE|5000-10000-20000|T2_5000_10000_20000,PROYECTO,TRUE,,FACTIBLE,FACTIBILIDAD_PENDIENTE,DIMENSIONADO,ARQUITECTURA,"faena=propia|granjas=mixto:0.25|pollito=compra|alimento=facon|flota=mixto(vivo,refrigerado,servicio)|frio=B_refrigerado_congelado|subprod=A_externo|terreno=compra_fase|autom=semi|linea=lotes",TRUE,—,ESCENARIO
C2|BASE|5000-10000-20000|T2_5000_10000_20000,PROYECTO,TRUE,DEC-001,FACTIBLE,FACTIBILIDAD_PENDIENTE,DIMENSIONADO,ESCALA,rango estudiado 2500–20000,TRUE,aves/día,ESCENARIO
C2|BASE|5000-10000-20000|T2_5000_10000_20000,PROYECTO,,DPV-087,FACTIBILIDAD_PENDIENTE,FACTIBILIDAD_PENDIENTE,DIMENSIONADO,TERRENO,requerido [ESTIMACIÓN] con PROXY,33080.583278,m²,ESCENARIO
C2|BASE|5000-10000-20000|T2_5000_10000_20000,PROYECTO,,DPV-053,FACTIBILIDAD_PENDIENTE,FACTIBILIDAD_PENDIENTE,DIMENSIONADO,AGUA,requerido [ESTIMACIÓN] con rechazo [SUPUESTO],500,m³/día,ESCENARIO
C2|BASE|5000-10000-20000|T2_5000_10000_20000,PROYECTO,,DPV-095,FACTIBILIDAD_PENDIENTE,FACTIBILIDAD_PENDIENTE,DESCONOCIDO,POTENCIA,requerido PENDIENTE,,kW,ESCENARIO
C2|BASE|5000-10000-20000|T2_5000_10000_20000,PROYECTO,,DPV-097,FACTIBILIDAD_PENDIENTE,FACTIBILIDAD_PENDIENTE,DIMENSIONADO,CAPACIDAD_LINEA,garantizada PENDIENTE (DPV-097),2808.988764,aves/h,ESCENARIO
C2|BASE|5000-10000-20000|T2_5000_10000_20000,PROYECTO,,DPV-048,FACTIBILIDAD_PENDIENTE,FACTIBILIDAD_PENDIENTE,DIMENSIONADO,PRODUCCION_PRIMARIA_INTEGRADOS,requerido [ESTIMACIÓN],56913.851168,m² galpón,ESCENARIO
C2|BASE|5000-10000-20000|T2_5000_10000_20000,PROYECTO,,DPV-051,FACTIBILIDAD_PENDIENTE,FACTIBILIDAD_PENDIENTE,DIMENSIONADO,SITIOS_GRANJAS_PROPIAS,dato de disponibilidad no declarado,TRUE,sitios,ESCENARIO
C2|BASE|5000-10000-20000|T2_5000_10000_20000,PROYECTO,,"DPV-006, DPV-047",FACTIBILIDAD_PENDIENTE,FACTIBILIDAD_PENDIENTE,DIMENSIONADO,POLLITO,requerido [ESTIMACIÓN],105579.897587,pollitos/semana,ESCENARIO
C2|BASE|5000-10000-20000|T2_5000_10000_20000,PROYECTO,,DPV-155,FACTIBILIDAD_PENDIENTE,FACTIBILIDAD_PENDIENTE,DESCONOCIDO,ALIMENTO_FACON,requerido sin driver,,t/semana,ESCENARIO
C2|BASE|5000-10000-20000|T2_5000_10000_20000,PROYECTO,,DEC-027,FACTIBILIDAD_PENDIENTE,FACTIBILIDAD_PENDIENTE,DIMENSIONADO,RECEPTOR_SUBPRODUCTOS,dato de disponibilidad no declarado,TRUE,—,ESCENARIO
C2|BASE|5000-10000-20000|T2_5000_10000_20000,PROYECTO,,DPV-042,FACTIBILIDAD_PENDIENTE,FACTIBILIDAD_PENDIENTE,DIMENSIONADO,TRANSPORTE_TERCERO,dato de disponibilidad no declarado,TRUE,—,ESCENARIO
C2|BASE|10000-20000|T3_10000_20000,PROYECTO,TRUE,,FACTIBLE,FACTIBILIDAD_PENDIENTE,DIMENSIONADO,ARQUITECTURA,"faena=propia|granjas=mixto:0.25|pollito=compra|alimento=facon|flota=mixto(vivo,refrigerado,servicio)|frio=B_refrigerado_congelado|subprod=A_externo|terreno=compra_fase|autom=semi|linea=lotes",TRUE,—,ESCENARIO
C2|BASE|10000-20000|T3_10000_20000,PROYECTO,TRUE,DEC-001,FACTIBLE,FACTIBILIDAD_PENDIENTE,DIMENSIONADO,ESCALA,rango estudiado 2500–20000,TRUE,aves/día,ESCENARIO
C2|BASE|10000-20000|T3_10000_20000,PROYECTO,,DPV-087,FACTIBILIDAD_PENDIENTE,FACTIBILIDAD_PENDIENTE,DIMENSIONADO,TERRENO,requerido [ESTIMACIÓN] con PROXY,33080.583278,m²,ESCENARIO
C2|BASE|10000-20000|T3_10000_20000,PROYECTO,,DPV-053,FACTIBILIDAD_PENDIENTE,FACTIBILIDAD_PENDIENTE,DIMENSIONADO,AGUA,requerido [ESTIMACIÓN] con rechazo [SUPUESTO],500,m³/día,ESCENARIO
C2|BASE|10000-20000|T3_10000_20000,PROYECTO,,DPV-095,FACTIBILIDAD_PENDIENTE,FACTIBILIDAD_PENDIENTE,DESCONOCIDO,POTENCIA,requerido PENDIENTE,,kW,ESCENARIO
C2|BASE|10000-20000|T3_10000_20000,PROYECTO,,DPV-097,FACTIBILIDAD_PENDIENTE,FACTIBILIDAD_PENDIENTE,DIMENSIONADO,CAPACIDAD_LINEA,garantizada PENDIENTE (DPV-097),2808.988764,aves/h,ESCENARIO
C2|BASE|10000-20000|T3_10000_20000,PROYECTO,,DPV-048,FACTIBILIDAD_PENDIENTE,FACTIBILIDAD_PENDIENTE,DIMENSIONADO,PRODUCCION_PRIMARIA_INTEGRADOS,requerido [ESTIMACIÓN],56913.851168,m² galpón,ESCENARIO
C2|BASE|10000-20000|T3_10000_20000,PROYECTO,,DPV-051,FACTIBILIDAD_PENDIENTE,FACTIBILIDAD_PENDIENTE,DIMENSIONADO,SITIOS_GRANJAS_PROPIAS,dato de disponibilidad no declarado,TRUE,sitios,ESCENARIO
C2|BASE|10000-20000|T3_10000_20000,PROYECTO,,"DPV-006, DPV-047",FACTIBILIDAD_PENDIENTE,FACTIBILIDAD_PENDIENTE,DIMENSIONADO,POLLITO,requerido [ESTIMACIÓN],105579.897587,pollitos/semana,ESCENARIO
C2|BASE|10000-20000|T3_10000_20000,PROYECTO,,DPV-155,FACTIBILIDAD_PENDIENTE,FACTIBILIDAD_PENDIENTE,DESCONOCIDO,ALIMENTO_FACON,requerido sin driver,,t/semana,ESCENARIO
C2|BASE|10000-20000|T3_10000_20000,PROYECTO,,DEC-027,FACTIBILIDAD_PENDIENTE,FACTIBILIDAD_PENDIENTE,DIMENSIONADO,RECEPTOR_SUBPRODUCTOS,dato de disponibilidad no declarado,TRUE,—,ESCENARIO
C2|BASE|10000-20000|T3_10000_20000,PROYECTO,,DPV-042,FACTIBILIDAD_PENDIENTE,FACTIBILIDAD_PENDIENTE,DIMENSIONADO,TRANSPORTE_TERCERO,dato de disponibilidad no declarado,TRUE,—,ESCENARIO
C3|BASE|2500|ESCALA_UNICA,PROYECTO,TRUE,,FACTIBLE,FACTIBILIDAD_PENDIENTE,DIMENSIONADO,ARQUITECTURA,faena=propia|granjas=propias:1|pollito=incubacion|alimento=propia|flota=propia|frio=B_refrigerado_congelado|subprod=B_basico_propio|terreno=compra_fase|autom=semi|linea=lotes,TRUE,—,ESCENARIO
C3|BASE|2500|ESCALA_UNICA,PROYECTO,TRUE,DEC-001,FACTIBLE,FACTIBILIDAD_PENDIENTE,DIMENSIONADO,ESCALA,rango estudiado 2500–20000,TRUE,aves/día,ESCENARIO
C3|BASE|2500|ESCALA_UNICA,PROYECTO,,DPV-087,FACTIBILIDAD_PENDIENTE,FACTIBILIDAD_PENDIENTE,DIMENSIONADO,TERRENO,requerido [ESTIMACIÓN] con PROXY,15449.574084,m²,ESCENARIO
C3|BASE|2500|ESCALA_UNICA,PROYECTO,,DPV-053,FACTIBILIDAD_PENDIENTE,FACTIBILIDAD_PENDIENTE,DIMENSIONADO,AGUA,requerido [ESTIMACIÓN] con rechazo [SUPUESTO],62.5,m³/día,ESCENARIO
C3|BASE|2500|ESCALA_UNICA,PROYECTO,,DPV-095,FACTIBILIDAD_PENDIENTE,FACTIBILIDAD_PENDIENTE,DESCONOCIDO,POTENCIA,requerido PENDIENTE,,kW,ESCENARIO
C3|BASE|2500|ESCALA_UNICA,PROYECTO,,DPV-097,FACTIBILIDAD_PENDIENTE,FACTIBILIDAD_PENDIENTE,DIMENSIONADO,CAPACIDAD_LINEA,garantizada PENDIENTE (DPV-097),351.123596,aves/h,ESCENARIO
C3|BASE|2500|ESCALA_UNICA,PROYECTO,,DPV-051,FACTIBILIDAD_PENDIENTE,FACTIBILIDAD_PENDIENTE,DIMENSIONADO,SITIOS_GRANJAS_PROPIAS,dato de disponibilidad no declarado,TRUE,sitios,ESCENARIO
C3|BASE|2500|ESCALA_UNICA,PROYECTO,,DPV-047,FACTIBILIDAD_PENDIENTE,FACTIBILIDAD_PENDIENTE,DIMENSIONADO,HUEVO_FERTIL_INCUBACION,dato de disponibilidad no declarado,TRUE,—,ESCENARIO
C3|BASE|2500|ESCALA_UNICA,PROYECTO,,DPV-157,FACTIBILIDAD_PENDIENTE,FACTIBILIDAD_PENDIENTE,DIMENSIONADO,ALIMENTO_PROPIA,requerido [ESTIMACIÓN] con [SUPUESTO],61.810431,t/semana,ESCENARIO
C3|BASE|2500|ESCALA_UNICA,PROYECTO,,DPV-072,FACTIBILIDAD_PENDIENTE,FACTIBILIDAD_PENDIENTE,DIMENSIONADO,TRATAMIENTO_SUBPRODUCTOS,dato de disponibilidad no declarado,TRUE,—,ESCENARIO
C3|BASE|5000|ESCALA_UNICA,PROYECTO,TRUE,,FACTIBLE,FACTIBILIDAD_PENDIENTE,DIMENSIONADO,ARQUITECTURA,faena=propia|granjas=propias:1|pollito=incubacion|alimento=propia|flota=propia|frio=B_refrigerado_congelado|subprod=B_basico_propio|terreno=compra_fase|autom=semi|linea=lotes,TRUE,—,ESCENARIO
C3|BASE|5000|ESCALA_UNICA,PROYECTO,TRUE,DEC-001,FACTIBLE,FACTIBILIDAD_PENDIENTE,DIMENSIONADO,ESCALA,rango estudiado 2500–20000,TRUE,aves/día,ESCENARIO
C3|BASE|5000|ESCALA_UNICA,PROYECTO,,DPV-087,FACTIBILIDAD_PENDIENTE,FACTIBILIDAD_PENDIENTE,DIMENSIONADO,TERRENO,requerido [ESTIMACIÓN] con PROXY,18193.650549,m²,ESCENARIO
C3|BASE|5000|ESCALA_UNICA,PROYECTO,,DPV-053,FACTIBILIDAD_PENDIENTE,FACTIBILIDAD_PENDIENTE,DIMENSIONADO,AGUA,requerido [ESTIMACIÓN] con rechazo [SUPUESTO],125,m³/día,ESCENARIO
C3|BASE|5000|ESCALA_UNICA,PROYECTO,,DPV-095,FACTIBILIDAD_PENDIENTE,FACTIBILIDAD_PENDIENTE,DESCONOCIDO,POTENCIA,requerido PENDIENTE,,kW,ESCENARIO
C3|BASE|5000|ESCALA_UNICA,PROYECTO,,DPV-097,FACTIBILIDAD_PENDIENTE,FACTIBILIDAD_PENDIENTE,DIMENSIONADO,CAPACIDAD_LINEA,garantizada PENDIENTE (DPV-097),702.247191,aves/h,ESCENARIO
C3|BASE|5000|ESCALA_UNICA,PROYECTO,,DPV-051,FACTIBILIDAD_PENDIENTE,FACTIBILIDAD_PENDIENTE,DIMENSIONADO,SITIOS_GRANJAS_PROPIAS,dato de disponibilidad no declarado,TRUE,sitios,ESCENARIO
C3|BASE|5000|ESCALA_UNICA,PROYECTO,,DPV-047,FACTIBILIDAD_PENDIENTE,FACTIBILIDAD_PENDIENTE,DIMENSIONADO,HUEVO_FERTIL_INCUBACION,dato de disponibilidad no declarado,TRUE,—,ESCENARIO
C3|BASE|5000|ESCALA_UNICA,PROYECTO,,DPV-157,FACTIBILIDAD_PENDIENTE,FACTIBILIDAD_PENDIENTE,DIMENSIONADO,ALIMENTO_PROPIA,requerido [ESTIMACIÓN] con [SUPUESTO],123.620863,t/semana,ESCENARIO
C3|BASE|5000|ESCALA_UNICA,PROYECTO,,DPV-072,FACTIBILIDAD_PENDIENTE,FACTIBILIDAD_PENDIENTE,DIMENSIONADO,TRATAMIENTO_SUBPRODUCTOS,dato de disponibilidad no declarado,TRUE,—,ESCENARIO
C3|BASE|10000|ESCALA_UNICA,PROYECTO,TRUE,,FACTIBLE,FACTIBILIDAD_PENDIENTE,DIMENSIONADO,ARQUITECTURA,faena=propia|granjas=propias:1|pollito=incubacion|alimento=propia|flota=propia|frio=B_refrigerado_congelado|subprod=B_basico_propio|terreno=compra_fase|autom=semi|linea=lotes,TRUE,—,ESCENARIO
C3|BASE|10000|ESCALA_UNICA,PROYECTO,TRUE,DEC-001,FACTIBLE,FACTIBILIDAD_PENDIENTE,DIMENSIONADO,ESCALA,rango estudiado 2500–20000,TRUE,aves/día,ESCENARIO
C3|BASE|10000|ESCALA_UNICA,PROYECTO,,DPV-087,FACTIBILIDAD_PENDIENTE,FACTIBILIDAD_PENDIENTE,DIMENSIONADO,TERRENO,requerido [ESTIMACIÓN] con PROXY,23705.920159,m²,ESCENARIO
C3|BASE|10000|ESCALA_UNICA,PROYECTO,,DPV-053,FACTIBILIDAD_PENDIENTE,FACTIBILIDAD_PENDIENTE,DIMENSIONADO,AGUA,requerido [ESTIMACIÓN] con rechazo [SUPUESTO],250,m³/día,ESCENARIO
C3|BASE|10000|ESCALA_UNICA,PROYECTO,,DPV-095,FACTIBILIDAD_PENDIENTE,FACTIBILIDAD_PENDIENTE,DESCONOCIDO,POTENCIA,requerido PENDIENTE,,kW,ESCENARIO
C3|BASE|10000|ESCALA_UNICA,PROYECTO,,DPV-097,FACTIBILIDAD_PENDIENTE,FACTIBILIDAD_PENDIENTE,DIMENSIONADO,CAPACIDAD_LINEA,garantizada PENDIENTE (DPV-097),1404.494382,aves/h,ESCENARIO
C3|BASE|10000|ESCALA_UNICA,PROYECTO,,DPV-051,FACTIBILIDAD_PENDIENTE,FACTIBILIDAD_PENDIENTE,DIMENSIONADO,SITIOS_GRANJAS_PROPIAS,dato de disponibilidad no declarado,TRUE,sitios,ESCENARIO
C3|BASE|10000|ESCALA_UNICA,PROYECTO,,DPV-047,FACTIBILIDAD_PENDIENTE,FACTIBILIDAD_PENDIENTE,DIMENSIONADO,HUEVO_FERTIL_INCUBACION,dato de disponibilidad no declarado,TRUE,—,ESCENARIO
C3|BASE|10000|ESCALA_UNICA,PROYECTO,,DPV-157,FACTIBILIDAD_PENDIENTE,FACTIBILIDAD_PENDIENTE,DIMENSIONADO,ALIMENTO_PROPIA,requerido [ESTIMACIÓN] con [SUPUESTO],247.241725,t/semana,ESCENARIO
C3|BASE|10000|ESCALA_UNICA,PROYECTO,,DPV-072,FACTIBILIDAD_PENDIENTE,FACTIBILIDAD_PENDIENTE,DIMENSIONADO,TRATAMIENTO_SUBPRODUCTOS,dato de disponibilidad no declarado,TRUE,—,ESCENARIO
C3|BASE|20000|ESCALA_UNICA,PROYECTO,TRUE,,FACTIBLE,FACTIBILIDAD_PENDIENTE,DIMENSIONADO,ARQUITECTURA,faena=propia|granjas=propias:1|pollito=incubacion|alimento=propia|flota=propia|frio=B_refrigerado_congelado|subprod=B_basico_propio|terreno=compra_fase|autom=semi|linea=lotes,TRUE,—,ESCENARIO
C3|BASE|20000|ESCALA_UNICA,PROYECTO,TRUE,DEC-001,FACTIBLE,FACTIBILIDAD_PENDIENTE,DIMENSIONADO,ESCALA,rango estudiado 2500–20000,TRUE,aves/día,ESCENARIO
C3|BASE|20000|ESCALA_UNICA,PROYECTO,,DPV-087,FACTIBILIDAD_PENDIENTE,FACTIBILIDAD_PENDIENTE,DIMENSIONADO,TERRENO,requerido [ESTIMACIÓN] con PROXY,33080.583278,m²,ESCENARIO
C3|BASE|20000|ESCALA_UNICA,PROYECTO,,DPV-053,FACTIBILIDAD_PENDIENTE,FACTIBILIDAD_PENDIENTE,DIMENSIONADO,AGUA,requerido [ESTIMACIÓN] con rechazo [SUPUESTO],500,m³/día,ESCENARIO
C3|BASE|20000|ESCALA_UNICA,PROYECTO,,DPV-095,FACTIBILIDAD_PENDIENTE,FACTIBILIDAD_PENDIENTE,DESCONOCIDO,POTENCIA,requerido PENDIENTE,,kW,ESCENARIO
C3|BASE|20000|ESCALA_UNICA,PROYECTO,,DPV-097,FACTIBILIDAD_PENDIENTE,FACTIBILIDAD_PENDIENTE,DIMENSIONADO,CAPACIDAD_LINEA,garantizada PENDIENTE (DPV-097),2808.988764,aves/h,ESCENARIO
C3|BASE|20000|ESCALA_UNICA,PROYECTO,,DPV-051,FACTIBILIDAD_PENDIENTE,FACTIBILIDAD_PENDIENTE,DIMENSIONADO,SITIOS_GRANJAS_PROPIAS,dato de disponibilidad no declarado,TRUE,sitios,ESCENARIO
C3|BASE|20000|ESCALA_UNICA,PROYECTO,,DPV-047,FACTIBILIDAD_PENDIENTE,FACTIBILIDAD_PENDIENTE,DIMENSIONADO,HUEVO_FERTIL_INCUBACION,dato de disponibilidad no declarado,TRUE,—,ESCENARIO
C3|BASE|20000|ESCALA_UNICA,PROYECTO,,DPV-157,FACTIBILIDAD_PENDIENTE,FACTIBILIDAD_PENDIENTE,DIMENSIONADO,ALIMENTO_PROPIA,requerido [ESTIMACIÓN] con [SUPUESTO],494.48345,t/semana,ESCENARIO
C3|BASE|20000|ESCALA_UNICA,PROYECTO,,DPV-072,FACTIBILIDAD_PENDIENTE,FACTIBILIDAD_PENDIENTE,DIMENSIONADO,TRATAMIENTO_SUBPRODUCTOS,dato de disponibilidad no declarado,TRUE,—,ESCENARIO
C3|BASE|2500-5000-10000-20000|T1_2500_5000_10000_20000,PROYECTO,TRUE,,FACTIBLE,FACTIBILIDAD_PENDIENTE,DIMENSIONADO,ARQUITECTURA,faena=propia|granjas=propias:1|pollito=incubacion|alimento=propia|flota=propia|frio=B_refrigerado_congelado|subprod=B_basico_propio|terreno=compra_fase|autom=semi|linea=lotes,TRUE,—,ESCENARIO
C3|BASE|2500-5000-10000-20000|T1_2500_5000_10000_20000,PROYECTO,TRUE,DEC-001,FACTIBLE,FACTIBILIDAD_PENDIENTE,DIMENSIONADO,ESCALA,rango estudiado 2500–20000,TRUE,aves/día,ESCENARIO
C3|BASE|2500-5000-10000-20000|T1_2500_5000_10000_20000,PROYECTO,,DPV-087,FACTIBILIDAD_PENDIENTE,FACTIBILIDAD_PENDIENTE,DIMENSIONADO,TERRENO,requerido [ESTIMACIÓN] con PROXY,33080.583278,m²,ESCENARIO
C3|BASE|2500-5000-10000-20000|T1_2500_5000_10000_20000,PROYECTO,,DPV-053,FACTIBILIDAD_PENDIENTE,FACTIBILIDAD_PENDIENTE,DIMENSIONADO,AGUA,requerido [ESTIMACIÓN] con rechazo [SUPUESTO],500,m³/día,ESCENARIO
C3|BASE|2500-5000-10000-20000|T1_2500_5000_10000_20000,PROYECTO,,DPV-095,FACTIBILIDAD_PENDIENTE,FACTIBILIDAD_PENDIENTE,DESCONOCIDO,POTENCIA,requerido PENDIENTE,,kW,ESCENARIO
C3|BASE|2500-5000-10000-20000|T1_2500_5000_10000_20000,PROYECTO,,DPV-097,FACTIBILIDAD_PENDIENTE,FACTIBILIDAD_PENDIENTE,DIMENSIONADO,CAPACIDAD_LINEA,garantizada PENDIENTE (DPV-097),2808.988764,aves/h,ESCENARIO
C3|BASE|2500-5000-10000-20000|T1_2500_5000_10000_20000,PROYECTO,,DPV-051,FACTIBILIDAD_PENDIENTE,FACTIBILIDAD_PENDIENTE,DIMENSIONADO,SITIOS_GRANJAS_PROPIAS,dato de disponibilidad no declarado,TRUE,sitios,ESCENARIO
C3|BASE|2500-5000-10000-20000|T1_2500_5000_10000_20000,PROYECTO,,DPV-047,FACTIBILIDAD_PENDIENTE,FACTIBILIDAD_PENDIENTE,DIMENSIONADO,HUEVO_FERTIL_INCUBACION,dato de disponibilidad no declarado,TRUE,—,ESCENARIO
C3|BASE|2500-5000-10000-20000|T1_2500_5000_10000_20000,PROYECTO,,DPV-157,FACTIBILIDAD_PENDIENTE,FACTIBILIDAD_PENDIENTE,DIMENSIONADO,ALIMENTO_PROPIA,requerido [ESTIMACIÓN] con [SUPUESTO],494.48345,t/semana,ESCENARIO
C3|BASE|2500-5000-10000-20000|T1_2500_5000_10000_20000,PROYECTO,,DPV-072,FACTIBILIDAD_PENDIENTE,FACTIBILIDAD_PENDIENTE,DIMENSIONADO,TRATAMIENTO_SUBPRODUCTOS,dato de disponibilidad no declarado,TRUE,—,ESCENARIO
C3|BASE|5000-10000-20000|T2_5000_10000_20000,PROYECTO,TRUE,,FACTIBLE,FACTIBILIDAD_PENDIENTE,DIMENSIONADO,ARQUITECTURA,faena=propia|granjas=propias:1|pollito=incubacion|alimento=propia|flota=propia|frio=B_refrigerado_congelado|subprod=B_basico_propio|terreno=compra_fase|autom=semi|linea=lotes,TRUE,—,ESCENARIO
C3|BASE|5000-10000-20000|T2_5000_10000_20000,PROYECTO,TRUE,DEC-001,FACTIBLE,FACTIBILIDAD_PENDIENTE,DIMENSIONADO,ESCALA,rango estudiado 2500–20000,TRUE,aves/día,ESCENARIO
C3|BASE|5000-10000-20000|T2_5000_10000_20000,PROYECTO,,DPV-087,FACTIBILIDAD_PENDIENTE,FACTIBILIDAD_PENDIENTE,DIMENSIONADO,TERRENO,requerido [ESTIMACIÓN] con PROXY,33080.583278,m²,ESCENARIO
C3|BASE|5000-10000-20000|T2_5000_10000_20000,PROYECTO,,DPV-053,FACTIBILIDAD_PENDIENTE,FACTIBILIDAD_PENDIENTE,DIMENSIONADO,AGUA,requerido [ESTIMACIÓN] con rechazo [SUPUESTO],500,m³/día,ESCENARIO
C3|BASE|5000-10000-20000|T2_5000_10000_20000,PROYECTO,,DPV-095,FACTIBILIDAD_PENDIENTE,FACTIBILIDAD_PENDIENTE,DESCONOCIDO,POTENCIA,requerido PENDIENTE,,kW,ESCENARIO
C3|BASE|5000-10000-20000|T2_5000_10000_20000,PROYECTO,,DPV-097,FACTIBILIDAD_PENDIENTE,FACTIBILIDAD_PENDIENTE,DIMENSIONADO,CAPACIDAD_LINEA,garantizada PENDIENTE (DPV-097),2808.988764,aves/h,ESCENARIO
C3|BASE|5000-10000-20000|T2_5000_10000_20000,PROYECTO,,DPV-051,FACTIBILIDAD_PENDIENTE,FACTIBILIDAD_PENDIENTE,DIMENSIONADO,SITIOS_GRANJAS_PROPIAS,dato de disponibilidad no declarado,TRUE,sitios,ESCENARIO
C3|BASE|5000-10000-20000|T2_5000_10000_20000,PROYECTO,,DPV-047,FACTIBILIDAD_PENDIENTE,FACTIBILIDAD_PENDIENTE,DIMENSIONADO,HUEVO_FERTIL_INCUBACION,dato de disponibilidad no declarado,TRUE,—,ESCENARIO
C3|BASE|5000-10000-20000|T2_5000_10000_20000,PROYECTO,,DPV-157,FACTIBILIDAD_PENDIENTE,FACTIBILIDAD_PENDIENTE,DIMENSIONADO,ALIMENTO_PROPIA,requerido [ESTIMACIÓN] con [SUPUESTO],494.48345,t/semana,ESCENARIO
C3|BASE|5000-10000-20000|T2_5000_10000_20000,PROYECTO,,DPV-072,FACTIBILIDAD_PENDIENTE,FACTIBILIDAD_PENDIENTE,DIMENSIONADO,TRATAMIENTO_SUBPRODUCTOS,dato de disponibilidad no declarado,TRUE,—,ESCENARIO
C3|BASE|10000-20000|T3_10000_20000,PROYECTO,TRUE,,FACTIBLE,FACTIBILIDAD_PENDIENTE,DIMENSIONADO,ARQUITECTURA,faena=propia|granjas=propias:1|pollito=incubacion|alimento=propia|flota=propia|frio=B_refrigerado_congelado|subprod=B_basico_propio|terreno=compra_fase|autom=semi|linea=lotes,TRUE,—,ESCENARIO
C3|BASE|10000-20000|T3_10000_20000,PROYECTO,TRUE,DEC-001,FACTIBLE,FACTIBILIDAD_PENDIENTE,DIMENSIONADO,ESCALA,rango estudiado 2500–20000,TRUE,aves/día,ESCENARIO
C3|BASE|10000-20000|T3_10000_20000,PROYECTO,,DPV-087,FACTIBILIDAD_PENDIENTE,FACTIBILIDAD_PENDIENTE,DIMENSIONADO,TERRENO,requerido [ESTIMACIÓN] con PROXY,33080.583278,m²,ESCENARIO
C3|BASE|10000-20000|T3_10000_20000,PROYECTO,,DPV-053,FACTIBILIDAD_PENDIENTE,FACTIBILIDAD_PENDIENTE,DIMENSIONADO,AGUA,requerido [ESTIMACIÓN] con rechazo [SUPUESTO],500,m³/día,ESCENARIO
C3|BASE|10000-20000|T3_10000_20000,PROYECTO,,DPV-095,FACTIBILIDAD_PENDIENTE,FACTIBILIDAD_PENDIENTE,DESCONOCIDO,POTENCIA,requerido PENDIENTE,,kW,ESCENARIO
C3|BASE|10000-20000|T3_10000_20000,PROYECTO,,DPV-097,FACTIBILIDAD_PENDIENTE,FACTIBILIDAD_PENDIENTE,DIMENSIONADO,CAPACIDAD_LINEA,garantizada PENDIENTE (DPV-097),2808.988764,aves/h,ESCENARIO
C3|BASE|10000-20000|T3_10000_20000,PROYECTO,,DPV-051,FACTIBILIDAD_PENDIENTE,FACTIBILIDAD_PENDIENTE,DIMENSIONADO,SITIOS_GRANJAS_PROPIAS,dato de disponibilidad no declarado,TRUE,sitios,ESCENARIO
C3|BASE|10000-20000|T3_10000_20000,PROYECTO,,DPV-047,FACTIBILIDAD_PENDIENTE,FACTIBILIDAD_PENDIENTE,DIMENSIONADO,HUEVO_FERTIL_INCUBACION,dato de disponibilidad no declarado,TRUE,—,ESCENARIO
C3|BASE|10000-20000|T3_10000_20000,PROYECTO,,DPV-157,FACTIBILIDAD_PENDIENTE,FACTIBILIDAD_PENDIENTE,DIMENSIONADO,ALIMENTO_PROPIA,requerido [ESTIMACIÓN] con [SUPUESTO],494.48345,t/semana,ESCENARIO
C3|BASE|10000-20000|T3_10000_20000,PROYECTO,,DPV-072,FACTIBILIDAD_PENDIENTE,FACTIBILIDAD_PENDIENTE,DIMENSIONADO,TRATAMIENTO_SUBPRODUCTOS,dato de disponibilidad no declarado,TRUE,—,ESCENARIO
CF|BASE|2500|ESCALA_UNICA,PROYECTO,TRUE,,FACTIBLE,FACTIBILIDAD_PENDIENTE,DIMENSIONADO,ARQUITECTURA,faena=propia|granjas=propias:1|pollito=incubacion+reprod|alimento=propia|flota=propia|frio=B_refrigerado_congelado|subprod=B_basico_propio+rendering|terreno=compra_fase|autom=semi|linea=lotes,TRUE,—,ESCENARIO
CF|BASE|2500|ESCALA_UNICA,PROYECTO,TRUE,DEC-001,FACTIBLE,FACTIBILIDAD_PENDIENTE,DIMENSIONADO,ESCALA,rango estudiado 2500–20000,TRUE,aves/día,ESCENARIO
CF|BASE|2500|ESCALA_UNICA,PROYECTO,,DPV-087,FACTIBILIDAD_PENDIENTE,FACTIBILIDAD_PENDIENTE,DIMENSIONADO,TERRENO,requerido [ESTIMACIÓN] con PROXY,16225.292232,m²,ESCENARIO
CF|BASE|2500|ESCALA_UNICA,PROYECTO,,DPV-053,FACTIBILIDAD_PENDIENTE,FACTIBILIDAD_PENDIENTE,DIMENSIONADO,AGUA,requerido [ESTIMACIÓN] con rechazo [SUPUESTO],62.5,m³/día,ESCENARIO
CF|BASE|2500|ESCALA_UNICA,PROYECTO,,DPV-095,FACTIBILIDAD_PENDIENTE,FACTIBILIDAD_PENDIENTE,DESCONOCIDO,POTENCIA,requerido PENDIENTE,,kW,ESCENARIO
CF|BASE|2500|ESCALA_UNICA,PROYECTO,,DPV-097,FACTIBILIDAD_PENDIENTE,FACTIBILIDAD_PENDIENTE,DIMENSIONADO,CAPACIDAD_LINEA,garantizada PENDIENTE (DPV-097),351.123596,aves/h,ESCENARIO
CF|BASE|2500|ESCALA_UNICA,PROYECTO,,DPV-051,FACTIBILIDAD_PENDIENTE,FACTIBILIDAD_PENDIENTE,DIMENSIONADO,SITIOS_GRANJAS_PROPIAS,dato de disponibilidad no declarado,TRUE,sitios,ESCENARIO
CF|BASE|2500|ESCALA_UNICA,PROYECTO,,DPV-047,FACTIBILIDAD_PENDIENTE,FACTIBILIDAD_PENDIENTE,DIMENSIONADO,HUEVO_FERTIL_INCUBACION,dato de disponibilidad no declarado,TRUE,—,ESCENARIO
CF|BASE|2500|ESCALA_UNICA,PROYECTO,,DPV-157,FACTIBILIDAD_PENDIENTE,FACTIBILIDAD_PENDIENTE,DIMENSIONADO,ALIMENTO_PROPIA,requerido [ESTIMACIÓN] con [SUPUESTO],61.810431,t/semana,ESCENARIO
CF|BASE|2500|ESCALA_UNICA,PROYECTO,,DPV-072,FACTIBILIDAD_PENDIENTE,FACTIBILIDAD_PENDIENTE,DIMENSIONADO,TRATAMIENTO_SUBPRODUCTOS,dato de disponibilidad no declarado,TRUE,—,ESCENARIO
CF|BASE|5000|ESCALA_UNICA,PROYECTO,TRUE,,FACTIBLE,FACTIBILIDAD_PENDIENTE,DIMENSIONADO,ARQUITECTURA,faena=propia|granjas=propias:1|pollito=incubacion+reprod|alimento=propia|flota=propia|frio=B_refrigerado_congelado|subprod=B_basico_propio+rendering|terreno=compra_fase|autom=semi|linea=lotes,TRUE,—,ESCENARIO
CF|BASE|5000|ESCALA_UNICA,PROYECTO,TRUE,DEC-001,FACTIBLE,FACTIBILIDAD_PENDIENTE,DIMENSIONADO,ESCALA,rango estudiado 2500–20000,TRUE,aves/día,ESCENARIO
CF|BASE|5000|ESCALA_UNICA,PROYECTO,,DPV-087,FACTIBILIDAD_PENDIENTE,FACTIBILIDAD_PENDIENTE,DIMENSIONADO,TERRENO,requerido [ESTIMACIÓN] con PROXY,18917.976541,m²,ESCENARIO
CF|BASE|5000|ESCALA_UNICA,PROYECTO,,DPV-053,FACTIBILIDAD_PENDIENTE,FACTIBILIDAD_PENDIENTE,DIMENSIONADO,AGUA,requerido [ESTIMACIÓN] con rechazo [SUPUESTO],125,m³/día,ESCENARIO
CF|BASE|5000|ESCALA_UNICA,PROYECTO,,DPV-095,FACTIBILIDAD_PENDIENTE,FACTIBILIDAD_PENDIENTE,DESCONOCIDO,POTENCIA,requerido PENDIENTE,,kW,ESCENARIO
CF|BASE|5000|ESCALA_UNICA,PROYECTO,,DPV-097,FACTIBILIDAD_PENDIENTE,FACTIBILIDAD_PENDIENTE,DIMENSIONADO,CAPACIDAD_LINEA,garantizada PENDIENTE (DPV-097),702.247191,aves/h,ESCENARIO
CF|BASE|5000|ESCALA_UNICA,PROYECTO,,DPV-051,FACTIBILIDAD_PENDIENTE,FACTIBILIDAD_PENDIENTE,DIMENSIONADO,SITIOS_GRANJAS_PROPIAS,dato de disponibilidad no declarado,TRUE,sitios,ESCENARIO
CF|BASE|5000|ESCALA_UNICA,PROYECTO,,DPV-047,FACTIBILIDAD_PENDIENTE,FACTIBILIDAD_PENDIENTE,DIMENSIONADO,HUEVO_FERTIL_INCUBACION,dato de disponibilidad no declarado,TRUE,—,ESCENARIO
CF|BASE|5000|ESCALA_UNICA,PROYECTO,,DPV-157,FACTIBILIDAD_PENDIENTE,FACTIBILIDAD_PENDIENTE,DIMENSIONADO,ALIMENTO_PROPIA,requerido [ESTIMACIÓN] con [SUPUESTO],123.620863,t/semana,ESCENARIO
CF|BASE|5000|ESCALA_UNICA,PROYECTO,,DPV-072,FACTIBILIDAD_PENDIENTE,FACTIBILIDAD_PENDIENTE,DIMENSIONADO,TRATAMIENTO_SUBPRODUCTOS,dato de disponibilidad no declarado,TRUE,—,ESCENARIO
CF|BASE|10000|ESCALA_UNICA,PROYECTO,TRUE,,FACTIBLE,FACTIBILIDAD_PENDIENTE,DIMENSIONADO,ARQUITECTURA,faena=propia|granjas=propias:1|pollito=incubacion+reprod|alimento=propia|flota=propia|frio=B_refrigerado_congelado|subprod=B_basico_propio+rendering|terreno=compra_fase|autom=semi|linea=lotes,TRUE,—,ESCENARIO
CF|BASE|10000|ESCALA_UNICA,PROYECTO,TRUE,DEC-001,FACTIBLE,FACTIBILIDAD_PENDIENTE,DIMENSIONADO,ESCALA,rango estudiado 2500–20000,TRUE,aves/día,ESCENARIO
CF|BASE|10000|ESCALA_UNICA,PROYECTO,,DPV-087,FACTIBILIDAD_PENDIENTE,FACTIBILIDAD_PENDIENTE,DIMENSIONADO,TERRENO,requerido [ESTIMACIÓN] con PROXY,24365.738324,m²,ESCENARIO
CF|BASE|10000|ESCALA_UNICA,PROYECTO,,DPV-053,FACTIBILIDAD_PENDIENTE,FACTIBILIDAD_PENDIENTE,DIMENSIONADO,AGUA,requerido [ESTIMACIÓN] con rechazo [SUPUESTO],250,m³/día,ESCENARIO
CF|BASE|10000|ESCALA_UNICA,PROYECTO,,DPV-095,FACTIBILIDAD_PENDIENTE,FACTIBILIDAD_PENDIENTE,DESCONOCIDO,POTENCIA,requerido PENDIENTE,,kW,ESCENARIO
CF|BASE|10000|ESCALA_UNICA,PROYECTO,,DPV-097,FACTIBILIDAD_PENDIENTE,FACTIBILIDAD_PENDIENTE,DIMENSIONADO,CAPACIDAD_LINEA,garantizada PENDIENTE (DPV-097),1404.494382,aves/h,ESCENARIO
CF|BASE|10000|ESCALA_UNICA,PROYECTO,,DPV-051,FACTIBILIDAD_PENDIENTE,FACTIBILIDAD_PENDIENTE,DIMENSIONADO,SITIOS_GRANJAS_PROPIAS,dato de disponibilidad no declarado,TRUE,sitios,ESCENARIO
CF|BASE|10000|ESCALA_UNICA,PROYECTO,,DPV-047,FACTIBILIDAD_PENDIENTE,FACTIBILIDAD_PENDIENTE,DIMENSIONADO,HUEVO_FERTIL_INCUBACION,dato de disponibilidad no declarado,TRUE,—,ESCENARIO
CF|BASE|10000|ESCALA_UNICA,PROYECTO,,DPV-157,FACTIBILIDAD_PENDIENTE,FACTIBILIDAD_PENDIENTE,DIMENSIONADO,ALIMENTO_PROPIA,requerido [ESTIMACIÓN] con [SUPUESTO],247.241725,t/semana,ESCENARIO
CF|BASE|10000|ESCALA_UNICA,PROYECTO,,DPV-072,FACTIBILIDAD_PENDIENTE,FACTIBILIDAD_PENDIENTE,DIMENSIONADO,TRATAMIENTO_SUBPRODUCTOS,dato de disponibilidad no declarado,TRUE,—,ESCENARIO
CF|BASE|20000|ESCALA_UNICA,PROYECTO,TRUE,,FACTIBLE,FACTIBILIDAD_PENDIENTE,DIMENSIONADO,ARQUITECTURA,faena=propia|granjas=propias:1|pollito=incubacion+reprod|alimento=propia|flota=propia|frio=B_refrigerado_congelado|subprod=B_basico_propio+rendering|terreno=compra_fase|autom=semi|linea=lotes,TRUE,—,ESCENARIO
CF|BASE|20000|ESCALA_UNICA,PROYECTO,TRUE,DEC-001,FACTIBLE,FACTIBILIDAD_PENDIENTE,DIMENSIONADO,ESCALA,rango estudiado 2500–20000,TRUE,aves/día,ESCENARIO
CF|BASE|20000|ESCALA_UNICA,PROYECTO,,DPV-087,FACTIBILIDAD_PENDIENTE,FACTIBILIDAD_PENDIENTE,DIMENSIONADO,TERRENO,requerido [ESTIMACIÓN] con PROXY,34041.009963,m²,ESCENARIO
CF|BASE|20000|ESCALA_UNICA,PROYECTO,,DPV-053,FACTIBILIDAD_PENDIENTE,FACTIBILIDAD_PENDIENTE,DIMENSIONADO,AGUA,requerido [ESTIMACIÓN] con rechazo [SUPUESTO],500,m³/día,ESCENARIO
CF|BASE|20000|ESCALA_UNICA,PROYECTO,,DPV-095,FACTIBILIDAD_PENDIENTE,FACTIBILIDAD_PENDIENTE,DESCONOCIDO,POTENCIA,requerido PENDIENTE,,kW,ESCENARIO
CF|BASE|20000|ESCALA_UNICA,PROYECTO,,DPV-097,FACTIBILIDAD_PENDIENTE,FACTIBILIDAD_PENDIENTE,DIMENSIONADO,CAPACIDAD_LINEA,garantizada PENDIENTE (DPV-097),2808.988764,aves/h,ESCENARIO
CF|BASE|20000|ESCALA_UNICA,PROYECTO,,DPV-051,FACTIBILIDAD_PENDIENTE,FACTIBILIDAD_PENDIENTE,DIMENSIONADO,SITIOS_GRANJAS_PROPIAS,dato de disponibilidad no declarado,TRUE,sitios,ESCENARIO
CF|BASE|20000|ESCALA_UNICA,PROYECTO,,DPV-047,FACTIBILIDAD_PENDIENTE,FACTIBILIDAD_PENDIENTE,DIMENSIONADO,HUEVO_FERTIL_INCUBACION,dato de disponibilidad no declarado,TRUE,—,ESCENARIO
CF|BASE|20000|ESCALA_UNICA,PROYECTO,,DPV-157,FACTIBILIDAD_PENDIENTE,FACTIBILIDAD_PENDIENTE,DIMENSIONADO,ALIMENTO_PROPIA,requerido [ESTIMACIÓN] con [SUPUESTO],494.48345,t/semana,ESCENARIO
CF|BASE|20000|ESCALA_UNICA,PROYECTO,,DPV-072,FACTIBILIDAD_PENDIENTE,FACTIBILIDAD_PENDIENTE,DIMENSIONADO,TRATAMIENTO_SUBPRODUCTOS,dato de disponibilidad no declarado,TRUE,—,ESCENARIO
CF|BASE|2500-5000-10000-20000|T1_2500_5000_10000_20000,PROYECTO,TRUE,,FACTIBLE,FACTIBILIDAD_PENDIENTE,DIMENSIONADO,ARQUITECTURA,faena=propia|granjas=propias:1|pollito=incubacion+reprod|alimento=propia|flota=propia|frio=B_refrigerado_congelado|subprod=B_basico_propio+rendering|terreno=compra_fase|autom=semi|linea=lotes,TRUE,—,ESCENARIO
CF|BASE|2500-5000-10000-20000|T1_2500_5000_10000_20000,PROYECTO,TRUE,DEC-001,FACTIBLE,FACTIBILIDAD_PENDIENTE,DIMENSIONADO,ESCALA,rango estudiado 2500–20000,TRUE,aves/día,ESCENARIO
CF|BASE|2500-5000-10000-20000|T1_2500_5000_10000_20000,PROYECTO,,DPV-087,FACTIBILIDAD_PENDIENTE,FACTIBILIDAD_PENDIENTE,DIMENSIONADO,TERRENO,requerido [ESTIMACIÓN] con PROXY,34041.009963,m²,ESCENARIO
CF|BASE|2500-5000-10000-20000|T1_2500_5000_10000_20000,PROYECTO,,DPV-053,FACTIBILIDAD_PENDIENTE,FACTIBILIDAD_PENDIENTE,DIMENSIONADO,AGUA,requerido [ESTIMACIÓN] con rechazo [SUPUESTO],500,m³/día,ESCENARIO
CF|BASE|2500-5000-10000-20000|T1_2500_5000_10000_20000,PROYECTO,,DPV-095,FACTIBILIDAD_PENDIENTE,FACTIBILIDAD_PENDIENTE,DESCONOCIDO,POTENCIA,requerido PENDIENTE,,kW,ESCENARIO
CF|BASE|2500-5000-10000-20000|T1_2500_5000_10000_20000,PROYECTO,,DPV-097,FACTIBILIDAD_PENDIENTE,FACTIBILIDAD_PENDIENTE,DIMENSIONADO,CAPACIDAD_LINEA,garantizada PENDIENTE (DPV-097),2808.988764,aves/h,ESCENARIO
CF|BASE|2500-5000-10000-20000|T1_2500_5000_10000_20000,PROYECTO,,DPV-051,FACTIBILIDAD_PENDIENTE,FACTIBILIDAD_PENDIENTE,DIMENSIONADO,SITIOS_GRANJAS_PROPIAS,dato de disponibilidad no declarado,TRUE,sitios,ESCENARIO
CF|BASE|2500-5000-10000-20000|T1_2500_5000_10000_20000,PROYECTO,,DPV-047,FACTIBILIDAD_PENDIENTE,FACTIBILIDAD_PENDIENTE,DIMENSIONADO,HUEVO_FERTIL_INCUBACION,dato de disponibilidad no declarado,TRUE,—,ESCENARIO
CF|BASE|2500-5000-10000-20000|T1_2500_5000_10000_20000,PROYECTO,,DPV-157,FACTIBILIDAD_PENDIENTE,FACTIBILIDAD_PENDIENTE,DIMENSIONADO,ALIMENTO_PROPIA,requerido [ESTIMACIÓN] con [SUPUESTO],494.48345,t/semana,ESCENARIO
CF|BASE|2500-5000-10000-20000|T1_2500_5000_10000_20000,PROYECTO,,DPV-072,FACTIBILIDAD_PENDIENTE,FACTIBILIDAD_PENDIENTE,DIMENSIONADO,TRATAMIENTO_SUBPRODUCTOS,dato de disponibilidad no declarado,TRUE,—,ESCENARIO
CF|BASE|5000-10000-20000|T2_5000_10000_20000,PROYECTO,TRUE,,FACTIBLE,FACTIBILIDAD_PENDIENTE,DIMENSIONADO,ARQUITECTURA,faena=propia|granjas=propias:1|pollito=incubacion+reprod|alimento=propia|flota=propia|frio=B_refrigerado_congelado|subprod=B_basico_propio+rendering|terreno=compra_fase|autom=semi|linea=lotes,TRUE,—,ESCENARIO
CF|BASE|5000-10000-20000|T2_5000_10000_20000,PROYECTO,TRUE,DEC-001,FACTIBLE,FACTIBILIDAD_PENDIENTE,DIMENSIONADO,ESCALA,rango estudiado 2500–20000,TRUE,aves/día,ESCENARIO
CF|BASE|5000-10000-20000|T2_5000_10000_20000,PROYECTO,,DPV-087,FACTIBILIDAD_PENDIENTE,FACTIBILIDAD_PENDIENTE,DIMENSIONADO,TERRENO,requerido [ESTIMACIÓN] con PROXY,34041.009963,m²,ESCENARIO
CF|BASE|5000-10000-20000|T2_5000_10000_20000,PROYECTO,,DPV-053,FACTIBILIDAD_PENDIENTE,FACTIBILIDAD_PENDIENTE,DIMENSIONADO,AGUA,requerido [ESTIMACIÓN] con rechazo [SUPUESTO],500,m³/día,ESCENARIO
CF|BASE|5000-10000-20000|T2_5000_10000_20000,PROYECTO,,DPV-095,FACTIBILIDAD_PENDIENTE,FACTIBILIDAD_PENDIENTE,DESCONOCIDO,POTENCIA,requerido PENDIENTE,,kW,ESCENARIO
CF|BASE|5000-10000-20000|T2_5000_10000_20000,PROYECTO,,DPV-097,FACTIBILIDAD_PENDIENTE,FACTIBILIDAD_PENDIENTE,DIMENSIONADO,CAPACIDAD_LINEA,garantizada PENDIENTE (DPV-097),2808.988764,aves/h,ESCENARIO
CF|BASE|5000-10000-20000|T2_5000_10000_20000,PROYECTO,,DPV-051,FACTIBILIDAD_PENDIENTE,FACTIBILIDAD_PENDIENTE,DIMENSIONADO,SITIOS_GRANJAS_PROPIAS,dato de disponibilidad no declarado,TRUE,sitios,ESCENARIO
CF|BASE|5000-10000-20000|T2_5000_10000_20000,PROYECTO,,DPV-047,FACTIBILIDAD_PENDIENTE,FACTIBILIDAD_PENDIENTE,DIMENSIONADO,HUEVO_FERTIL_INCUBACION,dato de disponibilidad no declarado,TRUE,—,ESCENARIO
CF|BASE|5000-10000-20000|T2_5000_10000_20000,PROYECTO,,DPV-157,FACTIBILIDAD_PENDIENTE,FACTIBILIDAD_PENDIENTE,DIMENSIONADO,ALIMENTO_PROPIA,requerido [ESTIMACIÓN] con [SUPUESTO],494.48345,t/semana,ESCENARIO
CF|BASE|5000-10000-20000|T2_5000_10000_20000,PROYECTO,,DPV-072,FACTIBILIDAD_PENDIENTE,FACTIBILIDAD_PENDIENTE,DIMENSIONADO,TRATAMIENTO_SUBPRODUCTOS,dato de disponibilidad no declarado,TRUE,—,ESCENARIO
CF|BASE|10000-20000|T3_10000_20000,PROYECTO,TRUE,,FACTIBLE,FACTIBILIDAD_PENDIENTE,DIMENSIONADO,ARQUITECTURA,faena=propia|granjas=propias:1|pollito=incubacion+reprod|alimento=propia|flota=propia|frio=B_refrigerado_congelado|subprod=B_basico_propio+rendering|terreno=compra_fase|autom=semi|linea=lotes,TRUE,—,ESCENARIO
CF|BASE|10000-20000|T3_10000_20000,PROYECTO,TRUE,DEC-001,FACTIBLE,FACTIBILIDAD_PENDIENTE,DIMENSIONADO,ESCALA,rango estudiado 2500–20000,TRUE,aves/día,ESCENARIO
CF|BASE|10000-20000|T3_10000_20000,PROYECTO,,DPV-087,FACTIBILIDAD_PENDIENTE,FACTIBILIDAD_PENDIENTE,DIMENSIONADO,TERRENO,requerido [ESTIMACIÓN] con PROXY,34041.009963,m²,ESCENARIO
CF|BASE|10000-20000|T3_10000_20000,PROYECTO,,DPV-053,FACTIBILIDAD_PENDIENTE,FACTIBILIDAD_PENDIENTE,DIMENSIONADO,AGUA,requerido [ESTIMACIÓN] con rechazo [SUPUESTO],500,m³/día,ESCENARIO
CF|BASE|10000-20000|T3_10000_20000,PROYECTO,,DPV-095,FACTIBILIDAD_PENDIENTE,FACTIBILIDAD_PENDIENTE,DESCONOCIDO,POTENCIA,requerido PENDIENTE,,kW,ESCENARIO
CF|BASE|10000-20000|T3_10000_20000,PROYECTO,,DPV-097,FACTIBILIDAD_PENDIENTE,FACTIBILIDAD_PENDIENTE,DIMENSIONADO,CAPACIDAD_LINEA,garantizada PENDIENTE (DPV-097),2808.988764,aves/h,ESCENARIO
CF|BASE|10000-20000|T3_10000_20000,PROYECTO,,DPV-051,FACTIBILIDAD_PENDIENTE,FACTIBILIDAD_PENDIENTE,DIMENSIONADO,SITIOS_GRANJAS_PROPIAS,dato de disponibilidad no declarado,TRUE,sitios,ESCENARIO
CF|BASE|10000-20000|T3_10000_20000,PROYECTO,,DPV-047,FACTIBILIDAD_PENDIENTE,FACTIBILIDAD_PENDIENTE,DIMENSIONADO,HUEVO_FERTIL_INCUBACION,dato de disponibilidad no declarado,TRUE,—,ESCENARIO
CF|BASE|10000-20000|T3_10000_20000,PROYECTO,,DPV-157,FACTIBILIDAD_PENDIENTE,FACTIBILIDAD_PENDIENTE,DIMENSIONADO,ALIMENTO_PROPIA,requerido [ESTIMACIÓN] con [SUPUESTO],494.48345,t/semana,ESCENARIO
CF|BASE|10000-20000|T3_10000_20000,PROYECTO,,DPV-072,FACTIBILIDAD_PENDIENTE,FACTIBILIDAD_PENDIENTE,DIMENSIONADO,TRATAMIENTO_SUBPRODUCTOS,dato de disponibilidad no declarado,TRUE,—,ESCENARIO
C0|C0-10000-FACON-MP-EMPRESA|10000|ESCALA_UNICA,PROYECTO,TRUE,,FACTIBLE,FACTIBILIDAD_PENDIENTE,DIMENSIONADO,ARQUITECTURA,faena=facon|granjas=integradas:0|pollito=compra|alimento=facon|flota=tercero|frio=C_congelado_tercero|subprod=A_externo|terreno=compra_fase|autom=semi|linea=lotes,TRUE,—,ESCENARIO
C0|C0-10000-FACON-MP-EMPRESA|10000|ESCALA_UNICA,PROYECTO,TRUE,DEC-001,FACTIBLE,FACTIBILIDAD_PENDIENTE,DIMENSIONADO,ESCALA,rango estudiado 2500–20000,TRUE,aves/día,ESCENARIO
C0|C0-10000-FACON-MP-EMPRESA|10000|ESCALA_UNICA,PROYECTO,,DPV-006,FACTIBILIDAD_PENDIENTE,FACTIBILIDAD_PENDIENTE,DIMENSIONADO,FACON_FAENA,dato de disponibilidad no declarado,10000,aves/día,ESCENARIO
C0|C0-10000-FACON-MP-EMPRESA|10000|ESCALA_UNICA,PROYECTO,,DPV-087,FACTIBILIDAD_PENDIENTE,FACTIBILIDAD_PENDIENTE,DESCONOCIDO,TERRENO,planta de faena: NO_REQUERIDO_POR_ARQUITECTURA; módulos propios sin dimensionar: oficina / IT / estructura (CAPEX de C0 en el mapa),,m²,ESCENARIO
C0|C0-10000-FACON-MP-EMPRESA|10000|ESCALA_UNICA,PROYECTO,,DPV-053,FACTIBILIDAD_PENDIENTE,FACTIBILIDAD_PENDIENTE,DESCONOCIDO,AGUA,planta de faena: NO_REQUERIDO_POR_ARQUITECTURA; módulos propios sin dimensionar: oficina / IT / estructura (CAPEX de C0 en el mapa),,m³/día,ESCENARIO
C0|C0-10000-FACON-MP-EMPRESA|10000|ESCALA_UNICA,PROYECTO,,DPV-095,FACTIBILIDAD_PENDIENTE,FACTIBILIDAD_PENDIENTE,DESCONOCIDO,POTENCIA,planta de faena: NO_REQUERIDO_POR_ARQUITECTURA; módulos propios sin dimensionar: oficina / IT / estructura (CAPEX de C0 en el mapa),,kW,ESCENARIO
C0|C0-10000-FACON-MP-EMPRESA|10000|ESCALA_UNICA,PROYECTO,,DPV-048,FACTIBILIDAD_PENDIENTE,FACTIBILIDAD_PENDIENTE,DIMENSIONADO,PRODUCCION_PRIMARIA_INTEGRADOS,requerido [ESTIMACIÓN],37942.567446,m² galpón,ESCENARIO
C0|C0-10000-FACON-MP-EMPRESA|10000|ESCALA_UNICA,PROYECTO,,"DPV-006, DPV-047",FACTIBILIDAD_PENDIENTE,FACTIBILIDAD_PENDIENTE,DIMENSIONADO,POLLITO,requerido [ESTIMACIÓN],52789.948794,pollitos/semana,ESCENARIO
C0|C0-10000-FACON-MP-EMPRESA|10000|ESCALA_UNICA,PROYECTO,,DPV-155,FACTIBILIDAD_PENDIENTE,FACTIBILIDAD_PENDIENTE,DESCONOCIDO,ALIMENTO_FACON,requerido sin driver,,t/semana,ESCENARIO
C0|C0-10000-FACON-MP-EMPRESA|10000|ESCALA_UNICA,PROYECTO,,DEC-027,FACTIBILIDAD_PENDIENTE,FACTIBILIDAD_PENDIENTE,DIMENSIONADO,RECEPTOR_SUBPRODUCTOS,dato de disponibilidad no declarado,TRUE,—,ESCENARIO
C0|C0-10000-FACON-MP-EMPRESA|10000|ESCALA_UNICA,PROYECTO,,DPV-042,FACTIBILIDAD_PENDIENTE,FACTIBILIDAD_PENDIENTE,DIMENSIONADO,TRANSPORTE_TERCERO,dato de disponibilidad no declarado,TRUE,—,ESCENARIO
C0|C0-10000-FACON-MP-EMPRESA|10000|ESCALA_UNICA,PROYECTO,,DPV-109,FACTIBILIDAD_PENDIENTE,FACTIBILIDAD_PENDIENTE,DIMENSIONADO,FRIO_TERCERO,dato de disponibilidad no declarado,TRUE,—,ESCENARIO
C0|C0-10000-FACON-MP-ELABORADOR|10000|ESCALA_UNICA,PROYECTO,TRUE,,FACTIBLE,FACTIBILIDAD_PENDIENTE,DIMENSIONADO,ARQUITECTURA,faena=facon|granjas=integradas:0|pollito=compra|alimento=facon|flota=tercero|frio=C_congelado_tercero|subprod=A_externo|terreno=compra_fase|autom=semi|linea=lotes,TRUE,—,ESCENARIO
C0|C0-10000-FACON-MP-ELABORADOR|10000|ESCALA_UNICA,PROYECTO,TRUE,DEC-001,FACTIBLE,FACTIBILIDAD_PENDIENTE,DIMENSIONADO,ESCALA,rango estudiado 2500–20000,TRUE,aves/día,ESCENARIO
C0|C0-10000-FACON-MP-ELABORADOR|10000|ESCALA_UNICA,PROYECTO,,DPV-006,FACTIBILIDAD_PENDIENTE,FACTIBILIDAD_PENDIENTE,DIMENSIONADO,FACON_FAENA,dato de disponibilidad no declarado,10000,aves/día,ESCENARIO
C0|C0-10000-FACON-MP-ELABORADOR|10000|ESCALA_UNICA,PROYECTO,,DPV-087,FACTIBILIDAD_PENDIENTE,FACTIBILIDAD_PENDIENTE,DESCONOCIDO,TERRENO,planta de faena: NO_REQUERIDO_POR_ARQUITECTURA; módulos propios sin dimensionar: oficina / IT / estructura (CAPEX de C0 en el mapa),,m²,ESCENARIO
C0|C0-10000-FACON-MP-ELABORADOR|10000|ESCALA_UNICA,PROYECTO,,DPV-053,FACTIBILIDAD_PENDIENTE,FACTIBILIDAD_PENDIENTE,DESCONOCIDO,AGUA,planta de faena: NO_REQUERIDO_POR_ARQUITECTURA; módulos propios sin dimensionar: oficina / IT / estructura (CAPEX de C0 en el mapa),,m³/día,ESCENARIO
C0|C0-10000-FACON-MP-ELABORADOR|10000|ESCALA_UNICA,PROYECTO,,DPV-095,FACTIBILIDAD_PENDIENTE,FACTIBILIDAD_PENDIENTE,DESCONOCIDO,POTENCIA,planta de faena: NO_REQUERIDO_POR_ARQUITECTURA; módulos propios sin dimensionar: oficina / IT / estructura (CAPEX de C0 en el mapa),,kW,ESCENARIO
C0|C0-10000-FACON-MP-ELABORADOR|10000|ESCALA_UNICA,PROYECTO,,DPV-048,FACTIBILIDAD_PENDIENTE,FACTIBILIDAD_PENDIENTE,DIMENSIONADO,PRODUCCION_PRIMARIA_INTEGRADOS,requerido [ESTIMACIÓN],37942.567446,m² galpón,ESCENARIO
C0|C0-10000-FACON-MP-ELABORADOR|10000|ESCALA_UNICA,PROYECTO,,"DPV-006, DPV-047",FACTIBILIDAD_PENDIENTE,FACTIBILIDAD_PENDIENTE,DIMENSIONADO,POLLITO,requerido [ESTIMACIÓN],52789.948794,pollitos/semana,ESCENARIO
C0|C0-10000-FACON-MP-ELABORADOR|10000|ESCALA_UNICA,PROYECTO,,DPV-155,FACTIBILIDAD_PENDIENTE,FACTIBILIDAD_PENDIENTE,DESCONOCIDO,ALIMENTO_FACON,requerido sin driver,,t/semana,ESCENARIO
C0|C0-10000-FACON-MP-ELABORADOR|10000|ESCALA_UNICA,PROYECTO,,DEC-027,FACTIBILIDAD_PENDIENTE,FACTIBILIDAD_PENDIENTE,DIMENSIONADO,RECEPTOR_SUBPRODUCTOS,dato de disponibilidad no declarado,TRUE,—,ESCENARIO
C0|C0-10000-FACON-MP-ELABORADOR|10000|ESCALA_UNICA,PROYECTO,,DPV-042,FACTIBILIDAD_PENDIENTE,FACTIBILIDAD_PENDIENTE,DIMENSIONADO,TRANSPORTE_TERCERO,dato de disponibilidad no declarado,TRUE,—,ESCENARIO
C0|C0-10000-FACON-MP-ELABORADOR|10000|ESCALA_UNICA,PROYECTO,,DPV-109,FACTIBILIDAD_PENDIENTE,FACTIBILIDAD_PENDIENTE,DIMENSIONADO,FRIO_TERCERO,dato de disponibilidad no declarado,TRUE,—,ESCENARIO
C2|C2-10000-FACON-MP-EMPRESA|10000|ESCALA_UNICA,PROYECTO,TRUE,,FACTIBLE,FACTIBILIDAD_PENDIENTE,DIMENSIONADO,ARQUITECTURA,"faena=propia|granjas=mixto:0.25|pollito=compra|alimento=facon|flota=mixto(vivo,refrigerado,servicio)|frio=B_refrigerado_congelado|subprod=A_externo|terreno=compra_fase|autom=semi|linea=lotes",TRUE,—,ESCENARIO
C2|C2-10000-FACON-MP-EMPRESA|10000|ESCALA_UNICA,PROYECTO,TRUE,DEC-001,FACTIBLE,FACTIBILIDAD_PENDIENTE,DIMENSIONADO,ESCALA,rango estudiado 2500–20000,TRUE,aves/día,ESCENARIO
C2|C2-10000-FACON-MP-EMPRESA|10000|ESCALA_UNICA,PROYECTO,,DPV-087,FACTIBILIDAD_PENDIENTE,FACTIBILIDAD_PENDIENTE,DIMENSIONADO,TERRENO,requerido [ESTIMACIÓN] con PROXY,23705.920159,m²,ESCENARIO
C2|C2-10000-FACON-MP-EMPRESA|10000|ESCALA_UNICA,PROYECTO,,DPV-053,FACTIBILIDAD_PENDIENTE,FACTIBILIDAD_PENDIENTE,DIMENSIONADO,AGUA,requerido [ESTIMACIÓN] con rechazo [SUPUESTO],250,m³/día,ESCENARIO
C2|C2-10000-FACON-MP-EMPRESA|10000|ESCALA_UNICA,PROYECTO,,DPV-095,FACTIBILIDAD_PENDIENTE,FACTIBILIDAD_PENDIENTE,DESCONOCIDO,POTENCIA,requerido PENDIENTE,,kW,ESCENARIO
C2|C2-10000-FACON-MP-EMPRESA|10000|ESCALA_UNICA,PROYECTO,,DPV-097,FACTIBILIDAD_PENDIENTE,FACTIBILIDAD_PENDIENTE,DIMENSIONADO,CAPACIDAD_LINEA,garantizada PENDIENTE (DPV-097),1404.494382,aves/h,ESCENARIO
C2|C2-10000-FACON-MP-EMPRESA|10000|ESCALA_UNICA,PROYECTO,,DPV-048,FACTIBILIDAD_PENDIENTE,FACTIBILIDAD_PENDIENTE,DIMENSIONADO,PRODUCCION_PRIMARIA_INTEGRADOS,requerido [ESTIMACIÓN],28456.925584,m² galpón,ESCENARIO
C2|C2-10000-FACON-MP-EMPRESA|10000|ESCALA_UNICA,PROYECTO,,DPV-051,FACTIBILIDAD_PENDIENTE,FACTIBILIDAD_PENDIENTE,DIMENSIONADO,SITIOS_GRANJAS_PROPIAS,dato de disponibilidad no declarado,TRUE,sitios,ESCENARIO
C2|C2-10000-FACON-MP-EMPRESA|10000|ESCALA_UNICA,PROYECTO,,"DPV-006, DPV-047",FACTIBILIDAD_PENDIENTE,FACTIBILIDAD_PENDIENTE,DIMENSIONADO,POLLITO,requerido [ESTIMACIÓN],52789.948794,pollitos/semana,ESCENARIO
C2|C2-10000-FACON-MP-EMPRESA|10000|ESCALA_UNICA,PROYECTO,,DPV-155,FACTIBILIDAD_PENDIENTE,FACTIBILIDAD_PENDIENTE,DESCONOCIDO,ALIMENTO_FACON,requerido sin driver,,t/semana,ESCENARIO
C2|C2-10000-FACON-MP-EMPRESA|10000|ESCALA_UNICA,PROYECTO,,DEC-027,FACTIBILIDAD_PENDIENTE,FACTIBILIDAD_PENDIENTE,DIMENSIONADO,RECEPTOR_SUBPRODUCTOS,dato de disponibilidad no declarado,TRUE,—,ESCENARIO
C2|C2-10000-FACON-MP-EMPRESA|10000|ESCALA_UNICA,PROYECTO,,DPV-042,FACTIBILIDAD_PENDIENTE,FACTIBILIDAD_PENDIENTE,DIMENSIONADO,TRANSPORTE_TERCERO,dato de disponibilidad no declarado,TRUE,—,ESCENARIO
C1|C1-10000-congelado_tercero|10000|ESCALA_UNICA,PROYECTO,TRUE,,FACTIBLE,FACTIBILIDAD_PENDIENTE,DIMENSIONADO,ARQUITECTURA,faena=propia|granjas=integradas:0|pollito=compra|alimento=compra|flota=tercero|frio=C_congelado_tercero|subprod=A_externo|terreno=compra_fase|autom=semi|linea=lotes,TRUE,—,ESCENARIO
C1|C1-10000-congelado_tercero|10000|ESCALA_UNICA,PROYECTO,TRUE,DEC-001,FACTIBLE,FACTIBILIDAD_PENDIENTE,DIMENSIONADO,ESCALA,rango estudiado 2500–20000,TRUE,aves/día,ESCENARIO
C1|C1-10000-congelado_tercero|10000|ESCALA_UNICA,PROYECTO,,DPV-087,FACTIBILIDAD_PENDIENTE,FACTIBILIDAD_PENDIENTE,DIMENSIONADO,TERRENO,requerido [ESTIMACIÓN] con PROXY,23324.007549,m²,ESCENARIO
C1|C1-10000-congelado_tercero|10000|ESCALA_UNICA,PROYECTO,,DPV-053,FACTIBILIDAD_PENDIENTE,FACTIBILIDAD_PENDIENTE,DIMENSIONADO,AGUA,requerido [ESTIMACIÓN] con rechazo [SUPUESTO],250,m³/día,ESCENARIO
C1|C1-10000-congelado_tercero|10000|ESCALA_UNICA,PROYECTO,,DPV-095,FACTIBILIDAD_PENDIENTE,FACTIBILIDAD_PENDIENTE,DESCONOCIDO,POTENCIA,requerido PENDIENTE,,kW,ESCENARIO
C1|C1-10000-congelado_tercero|10000|ESCALA_UNICA,PROYECTO,,DPV-097,FACTIBILIDAD_PENDIENTE,FACTIBILIDAD_PENDIENTE,DIMENSIONADO,CAPACIDAD_LINEA,garantizada PENDIENTE (DPV-097),1404.494382,aves/h,ESCENARIO
C1|C1-10000-congelado_tercero|10000|ESCALA_UNICA,PROYECTO,,DPV-048,FACTIBILIDAD_PENDIENTE,FACTIBILIDAD_PENDIENTE,DIMENSIONADO,PRODUCCION_PRIMARIA_INTEGRADOS,requerido [ESTIMACIÓN],37942.567446,m² galpón,ESCENARIO
C1|C1-10000-congelado_tercero|10000|ESCALA_UNICA,PROYECTO,,"DPV-006, DPV-047",FACTIBILIDAD_PENDIENTE,FACTIBILIDAD_PENDIENTE,DIMENSIONADO,POLLITO,requerido [ESTIMACIÓN],52789.948794,pollitos/semana,ESCENARIO
C1|C1-10000-congelado_tercero|10000|ESCALA_UNICA,PROYECTO,,DPV-050,FACTIBILIDAD_PENDIENTE,FACTIBILIDAD_PENDIENTE,DESCONOCIDO,ALIMENTO_COMPRA,requerido sin driver,,t/semana,ESCENARIO
C1|C1-10000-congelado_tercero|10000|ESCALA_UNICA,PROYECTO,,DEC-027,FACTIBILIDAD_PENDIENTE,FACTIBILIDAD_PENDIENTE,DIMENSIONADO,RECEPTOR_SUBPRODUCTOS,dato de disponibilidad no declarado,TRUE,—,ESCENARIO
C1|C1-10000-congelado_tercero|10000|ESCALA_UNICA,PROYECTO,,DPV-042,FACTIBILIDAD_PENDIENTE,FACTIBILIDAD_PENDIENTE,DIMENSIONADO,TRANSPORTE_TERCERO,dato de disponibilidad no declarado,TRUE,—,ESCENARIO
C1|C1-10000-congelado_tercero|10000|ESCALA_UNICA,PROYECTO,,DPV-109,FACTIBILIDAD_PENDIENTE,FACTIBILIDAD_PENDIENTE,DIMENSIONADO,FRIO_TERCERO,dato de disponibilidad no declarado,TRUE,—,ESCENARIO
C1|C1-10000-congelado_propio|10000|ESCALA_UNICA,PROYECTO,TRUE,,FACTIBLE,FACTIBILIDAD_PENDIENTE,DIMENSIONADO,ARQUITECTURA,faena=propia|granjas=integradas:0|pollito=compra|alimento=compra|flota=tercero|frio=B_refrigerado_congelado|subprod=A_externo|terreno=compra_fase|autom=semi|linea=lotes,TRUE,—,ESCENARIO
C1|C1-10000-congelado_propio|10000|ESCALA_UNICA,PROYECTO,TRUE,DEC-001,FACTIBLE,FACTIBILIDAD_PENDIENTE,DIMENSIONADO,ESCALA,rango estudiado 2500–20000,TRUE,aves/día,ESCENARIO
C1|C1-10000-congelado_propio|10000|ESCALA_UNICA,PROYECTO,,DPV-087,FACTIBILIDAD_PENDIENTE,FACTIBILIDAD_PENDIENTE,DIMENSIONADO,TERRENO,requerido [ESTIMACIÓN] con PROXY,23705.920159,m²,ESCENARIO
C1|C1-10000-congelado_propio|10000|ESCALA_UNICA,PROYECTO,,DPV-053,FACTIBILIDAD_PENDIENTE,FACTIBILIDAD_PENDIENTE,DIMENSIONADO,AGUA,requerido [ESTIMACIÓN] con rechazo [SUPUESTO],250,m³/día,ESCENARIO
C1|C1-10000-congelado_propio|10000|ESCALA_UNICA,PROYECTO,,DPV-095,FACTIBILIDAD_PENDIENTE,FACTIBILIDAD_PENDIENTE,DESCONOCIDO,POTENCIA,requerido PENDIENTE,,kW,ESCENARIO
C1|C1-10000-congelado_propio|10000|ESCALA_UNICA,PROYECTO,,DPV-097,FACTIBILIDAD_PENDIENTE,FACTIBILIDAD_PENDIENTE,DIMENSIONADO,CAPACIDAD_LINEA,garantizada PENDIENTE (DPV-097),1404.494382,aves/h,ESCENARIO
C1|C1-10000-congelado_propio|10000|ESCALA_UNICA,PROYECTO,,DPV-048,FACTIBILIDAD_PENDIENTE,FACTIBILIDAD_PENDIENTE,DIMENSIONADO,PRODUCCION_PRIMARIA_INTEGRADOS,requerido [ESTIMACIÓN],37942.567446,m² galpón,ESCENARIO
C1|C1-10000-congelado_propio|10000|ESCALA_UNICA,PROYECTO,,"DPV-006, DPV-047",FACTIBILIDAD_PENDIENTE,FACTIBILIDAD_PENDIENTE,DIMENSIONADO,POLLITO,requerido [ESTIMACIÓN],52789.948794,pollitos/semana,ESCENARIO
C1|C1-10000-congelado_propio|10000|ESCALA_UNICA,PROYECTO,,DPV-050,FACTIBILIDAD_PENDIENTE,FACTIBILIDAD_PENDIENTE,DESCONOCIDO,ALIMENTO_COMPRA,requerido sin driver,,t/semana,ESCENARIO
C1|C1-10000-congelado_propio|10000|ESCALA_UNICA,PROYECTO,,DEC-027,FACTIBILIDAD_PENDIENTE,FACTIBILIDAD_PENDIENTE,DIMENSIONADO,RECEPTOR_SUBPRODUCTOS,dato de disponibilidad no declarado,TRUE,—,ESCENARIO
C1|C1-10000-congelado_propio|10000|ESCALA_UNICA,PROYECTO,,DPV-042,FACTIBILIDAD_PENDIENTE,FACTIBILIDAD_PENDIENTE,DIMENSIONADO,TRANSPORTE_TERCERO,dato de disponibilidad no declarado,TRUE,—,ESCENARIO
C1|C1-10000-subprod_basico|10000|ESCALA_UNICA,PROYECTO,TRUE,,FACTIBLE,FACTIBILIDAD_PENDIENTE,DIMENSIONADO,ARQUITECTURA,faena=propia|granjas=integradas:0|pollito=compra|alimento=compra|flota=tercero|frio=A_refrigerado|subprod=B_basico_propio|terreno=compra_fase|autom=semi|linea=lotes,TRUE,—,ESCENARIO
C1|C1-10000-subprod_basico|10000|ESCALA_UNICA,PROYECTO,TRUE,DEC-001,FACTIBLE,FACTIBILIDAD_PENDIENTE,DIMENSIONADO,ESCALA,rango estudiado 2500–20000,TRUE,aves/día,ESCENARIO
C1|C1-10000-subprod_basico|10000|ESCALA_UNICA,PROYECTO,,DPV-087,FACTIBILIDAD_PENDIENTE,FACTIBILIDAD_PENDIENTE,DIMENSIONADO,TERRENO,requerido [ESTIMACIÓN] con PROXY,23372.494534,m²,ESCENARIO
C1|C1-10000-subprod_basico|10000|ESCALA_UNICA,PROYECTO,,DPV-053,FACTIBILIDAD_PENDIENTE,FACTIBILIDAD_PENDIENTE,DIMENSIONADO,AGUA,requerido [ESTIMACIÓN] con rechazo [SUPUESTO],250,m³/día,ESCENARIO
C1|C1-10000-subprod_basico|10000|ESCALA_UNICA,PROYECTO,,DPV-095,FACTIBILIDAD_PENDIENTE,FACTIBILIDAD_PENDIENTE,DESCONOCIDO,POTENCIA,requerido PENDIENTE,,kW,ESCENARIO
C1|C1-10000-subprod_basico|10000|ESCALA_UNICA,PROYECTO,,DPV-097,FACTIBILIDAD_PENDIENTE,FACTIBILIDAD_PENDIENTE,DIMENSIONADO,CAPACIDAD_LINEA,garantizada PENDIENTE (DPV-097),1404.494382,aves/h,ESCENARIO
C1|C1-10000-subprod_basico|10000|ESCALA_UNICA,PROYECTO,,DPV-048,FACTIBILIDAD_PENDIENTE,FACTIBILIDAD_PENDIENTE,DIMENSIONADO,PRODUCCION_PRIMARIA_INTEGRADOS,requerido [ESTIMACIÓN],37942.567446,m² galpón,ESCENARIO
C1|C1-10000-subprod_basico|10000|ESCALA_UNICA,PROYECTO,,"DPV-006, DPV-047",FACTIBILIDAD_PENDIENTE,FACTIBILIDAD_PENDIENTE,DIMENSIONADO,POLLITO,requerido [ESTIMACIÓN],52789.948794,pollitos/semana,ESCENARIO
C1|C1-10000-subprod_basico|10000|ESCALA_UNICA,PROYECTO,,DPV-050,FACTIBILIDAD_PENDIENTE,FACTIBILIDAD_PENDIENTE,DESCONOCIDO,ALIMENTO_COMPRA,requerido sin driver,,t/semana,ESCENARIO
C1|C1-10000-subprod_basico|10000|ESCALA_UNICA,PROYECTO,,DPV-072,FACTIBILIDAD_PENDIENTE,FACTIBILIDAD_PENDIENTE,DIMENSIONADO,TRATAMIENTO_SUBPRODUCTOS,dato de disponibilidad no declarado,TRUE,—,ESCENARIO
C1|C1-10000-subprod_basico|10000|ESCALA_UNICA,PROYECTO,,DPV-042,FACTIBILIDAD_PENDIENTE,FACTIBILIDAD_PENDIENTE,DIMENSIONADO,TRANSPORTE_TERCERO,dato de disponibilidad no declarado,TRUE,—,ESCENARIO
C1|C1-10000-llave_en_mano|10000|ESCALA_UNICA,PROYECTO,TRUE,,FACTIBLE,FACTIBILIDAD_PENDIENTE,DIMENSIONADO,ARQUITECTURA,faena=propia|granjas=integradas:0|pollito=compra|alimento=compra|flota=tercero|frio=A_refrigerado|subprod=A_externo|terreno=compra_fase|autom=semi|linea=llave_en_mano,TRUE,—,ESCENARIO
C1|C1-10000-llave_en_mano|10000|ESCALA_UNICA,PROYECTO,TRUE,DEC-001,FACTIBLE,FACTIBILIDAD_PENDIENTE,DIMENSIONADO,ESCALA,rango estudiado 2500–20000,TRUE,aves/día,ESCENARIO
C1|C1-10000-llave_en_mano|10000|ESCALA_UNICA,PROYECTO,,DPV-087,FACTIBILIDAD_PENDIENTE,FACTIBILIDAD_PENDIENTE,DIMENSIONADO,TERRENO,requerido [ESTIMACIÓN] con PROXY,23372.494534,m²,ESCENARIO
C1|C1-10000-llave_en_mano|10000|ESCALA_UNICA,PROYECTO,,DPV-053,FACTIBILIDAD_PENDIENTE,FACTIBILIDAD_PENDIENTE,DIMENSIONADO,AGUA,requerido [ESTIMACIÓN] con rechazo [SUPUESTO],250,m³/día,ESCENARIO
C1|C1-10000-llave_en_mano|10000|ESCALA_UNICA,PROYECTO,,DPV-095,FACTIBILIDAD_PENDIENTE,FACTIBILIDAD_PENDIENTE,DESCONOCIDO,POTENCIA,requerido PENDIENTE,,kW,ESCENARIO
C1|C1-10000-llave_en_mano|10000|ESCALA_UNICA,PROYECTO,,DPV-097,FACTIBILIDAD_PENDIENTE,FACTIBILIDAD_PENDIENTE,DIMENSIONADO,CAPACIDAD_LINEA,garantizada PENDIENTE (DPV-097),1404.494382,aves/h,ESCENARIO
C1|C1-10000-llave_en_mano|10000|ESCALA_UNICA,PROYECTO,,DPV-048,FACTIBILIDAD_PENDIENTE,FACTIBILIDAD_PENDIENTE,DIMENSIONADO,PRODUCCION_PRIMARIA_INTEGRADOS,requerido [ESTIMACIÓN],37942.567446,m² galpón,ESCENARIO
C1|C1-10000-llave_en_mano|10000|ESCALA_UNICA,PROYECTO,,"DPV-006, DPV-047",FACTIBILIDAD_PENDIENTE,FACTIBILIDAD_PENDIENTE,DIMENSIONADO,POLLITO,requerido [ESTIMACIÓN],52789.948794,pollitos/semana,ESCENARIO
C1|C1-10000-llave_en_mano|10000|ESCALA_UNICA,PROYECTO,,DPV-050,FACTIBILIDAD_PENDIENTE,FACTIBILIDAD_PENDIENTE,DESCONOCIDO,ALIMENTO_COMPRA,requerido sin driver,,t/semana,ESCENARIO
C1|C1-10000-llave_en_mano|10000|ESCALA_UNICA,PROYECTO,,DEC-027,FACTIBILIDAD_PENDIENTE,FACTIBILIDAD_PENDIENTE,DIMENSIONADO,RECEPTOR_SUBPRODUCTOS,dato de disponibilidad no declarado,TRUE,—,ESCENARIO
C1|C1-10000-llave_en_mano|10000|ESCALA_UNICA,PROYECTO,,DPV-042,FACTIBILIDAD_PENDIENTE,FACTIBILIDAD_PENDIENTE,DIMENSIONADO,TRANSPORTE_TERCERO,dato de disponibilidad no declarado,TRUE,—,ESCENARIO
C1|C1-10000-manual|10000|ESCALA_UNICA,PROYECTO,TRUE,,FACTIBLE,FACTIBILIDAD_PENDIENTE,DIMENSIONADO,ARQUITECTURA,faena=propia|granjas=integradas:0|pollito=compra|alimento=compra|flota=tercero|frio=A_refrigerado|subprod=A_externo|terreno=compra_fase|autom=manual|linea=lotes,TRUE,—,ESCENARIO
C1|C1-10000-manual|10000|ESCALA_UNICA,PROYECTO,TRUE,DEC-001,FACTIBLE,FACTIBILIDAD_PENDIENTE,DIMENSIONADO,ESCALA,rango estudiado 2500–20000,TRUE,aves/día,ESCENARIO
C1|C1-10000-manual|10000|ESCALA_UNICA,PROYECTO,,DPV-087,FACTIBILIDAD_PENDIENTE,FACTIBILIDAD_PENDIENTE,DIMENSIONADO,TERRENO,requerido [ESTIMACIÓN] con PROXY,24592.32949,m²,ESCENARIO
C1|C1-10000-manual|10000|ESCALA_UNICA,PROYECTO,,DPV-053,FACTIBILIDAD_PENDIENTE,FACTIBILIDAD_PENDIENTE,DIMENSIONADO,AGUA,requerido [ESTIMACIÓN] con rechazo [SUPUESTO],250,m³/día,ESCENARIO
C1|C1-10000-manual|10000|ESCALA_UNICA,PROYECTO,,DPV-095,FACTIBILIDAD_PENDIENTE,FACTIBILIDAD_PENDIENTE,DESCONOCIDO,POTENCIA,requerido PENDIENTE,,kW,ESCENARIO
C1|C1-10000-manual|10000|ESCALA_UNICA,PROYECTO,,DPV-097,FACTIBILIDAD_PENDIENTE,FACTIBILIDAD_PENDIENTE,DIMENSIONADO,CAPACIDAD_LINEA,garantizada PENDIENTE (DPV-097),1404.494382,aves/h,ESCENARIO
C1|C1-10000-manual|10000|ESCALA_UNICA,PROYECTO,,DPV-048,FACTIBILIDAD_PENDIENTE,FACTIBILIDAD_PENDIENTE,DIMENSIONADO,PRODUCCION_PRIMARIA_INTEGRADOS,requerido [ESTIMACIÓN],37942.567446,m² galpón,ESCENARIO
C1|C1-10000-manual|10000|ESCALA_UNICA,PROYECTO,,"DPV-006, DPV-047",FACTIBILIDAD_PENDIENTE,FACTIBILIDAD_PENDIENTE,DIMENSIONADO,POLLITO,requerido [ESTIMACIÓN],52789.948794,pollitos/semana,ESCENARIO
C1|C1-10000-manual|10000|ESCALA_UNICA,PROYECTO,,DPV-050,FACTIBILIDAD_PENDIENTE,FACTIBILIDAD_PENDIENTE,DESCONOCIDO,ALIMENTO_COMPRA,requerido sin driver,,t/semana,ESCENARIO
C1|C1-10000-manual|10000|ESCALA_UNICA,PROYECTO,,DEC-027,FACTIBILIDAD_PENDIENTE,FACTIBILIDAD_PENDIENTE,DIMENSIONADO,RECEPTOR_SUBPRODUCTOS,dato de disponibilidad no declarado,TRUE,—,ESCENARIO
C1|C1-10000-manual|10000|ESCALA_UNICA,PROYECTO,,DPV-042,FACTIBILIDAD_PENDIENTE,FACTIBILIDAD_PENDIENTE,DIMENSIONADO,TRANSPORTE_TERCERO,dato de disponibilidad no declarado,TRUE,—,ESCENARIO
C1|C1-10000-auto|10000|ESCALA_UNICA,PROYECTO,TRUE,,FACTIBLE,FACTIBILIDAD_PENDIENTE,DIMENSIONADO,ARQUITECTURA,faena=propia|granjas=integradas:0|pollito=compra|alimento=compra|flota=tercero|frio=A_refrigerado|subprod=A_externo|terreno=compra_fase|autom=auto|linea=lotes,TRUE,—,ESCENARIO
C1|C1-10000-auto|10000|ESCALA_UNICA,PROYECTO,TRUE,DEC-001,FACTIBLE,FACTIBILIDAD_PENDIENTE,DIMENSIONADO,ESCALA,rango estudiado 2500–20000,TRUE,aves/día,ESCENARIO
C1|C1-10000-auto|10000|ESCALA_UNICA,PROYECTO,,DPV-087,FACTIBILIDAD_PENDIENTE,FACTIBILIDAD_PENDIENTE,DIMENSIONADO,TERRENO,requerido [ESTIMACIÓN] con PROXY,22598.622086,m²,ESCENARIO
C1|C1-10000-auto|10000|ESCALA_UNICA,PROYECTO,,DPV-053,FACTIBILIDAD_PENDIENTE,FACTIBILIDAD_PENDIENTE,DIMENSIONADO,AGUA,requerido [ESTIMACIÓN] con rechazo [SUPUESTO],250,m³/día,ESCENARIO
C1|C1-10000-auto|10000|ESCALA_UNICA,PROYECTO,,DPV-095,FACTIBILIDAD_PENDIENTE,FACTIBILIDAD_PENDIENTE,DESCONOCIDO,POTENCIA,requerido PENDIENTE,,kW,ESCENARIO
C1|C1-10000-auto|10000|ESCALA_UNICA,PROYECTO,,DPV-097,FACTIBILIDAD_PENDIENTE,FACTIBILIDAD_PENDIENTE,DIMENSIONADO,CAPACIDAD_LINEA,garantizada PENDIENTE (DPV-097),1404.494382,aves/h,ESCENARIO
C1|C1-10000-auto|10000|ESCALA_UNICA,PROYECTO,,DPV-048,FACTIBILIDAD_PENDIENTE,FACTIBILIDAD_PENDIENTE,DIMENSIONADO,PRODUCCION_PRIMARIA_INTEGRADOS,requerido [ESTIMACIÓN],37942.567446,m² galpón,ESCENARIO
C1|C1-10000-auto|10000|ESCALA_UNICA,PROYECTO,,"DPV-006, DPV-047",FACTIBILIDAD_PENDIENTE,FACTIBILIDAD_PENDIENTE,DIMENSIONADO,POLLITO,requerido [ESTIMACIÓN],52789.948794,pollitos/semana,ESCENARIO
C1|C1-10000-auto|10000|ESCALA_UNICA,PROYECTO,,DPV-050,FACTIBILIDAD_PENDIENTE,FACTIBILIDAD_PENDIENTE,DESCONOCIDO,ALIMENTO_COMPRA,requerido sin driver,,t/semana,ESCENARIO
C1|C1-10000-auto|10000|ESCALA_UNICA,PROYECTO,,DEC-027,FACTIBILIDAD_PENDIENTE,FACTIBILIDAD_PENDIENTE,DIMENSIONADO,RECEPTOR_SUBPRODUCTOS,dato de disponibilidad no declarado,TRUE,—,ESCENARIO
C1|C1-10000-auto|10000|ESCALA_UNICA,PROYECTO,,DPV-042,FACTIBILIDAD_PENDIENTE,FACTIBILIDAD_PENDIENTE,DIMENSIONADO,TRANSPORTE_TERCERO,dato de disponibilidad no declarado,TRUE,—,ESCENARIO
C1|C1-10000-6dias|10000|ESCALA_UNICA,PROYECTO,TRUE,,FACTIBLE,FACTIBILIDAD_PENDIENTE,DIMENSIONADO,ARQUITECTURA,faena=propia|granjas=integradas:0|pollito=compra|alimento=compra|flota=tercero|frio=A_refrigerado|subprod=A_externo|terreno=compra_fase|autom=semi|linea=lotes,TRUE,—,ESCENARIO
C1|C1-10000-6dias|10000|ESCALA_UNICA,PROYECTO,TRUE,DEC-001,FACTIBLE,FACTIBILIDAD_PENDIENTE,DIMENSIONADO,ESCALA,rango estudiado 2500–20000,TRUE,aves/día,ESCENARIO
C1|C1-10000-6dias|10000|ESCALA_UNICA,PROYECTO,,DPV-087,FACTIBILIDAD_PENDIENTE,FACTIBILIDAD_PENDIENTE,DIMENSIONADO,TERRENO,requerido [ESTIMACIÓN] con PROXY,23372.494534,m²,ESCENARIO
C1|C1-10000-6dias|10000|ESCALA_UNICA,PROYECTO,,DPV-053,FACTIBILIDAD_PENDIENTE,FACTIBILIDAD_PENDIENTE,DIMENSIONADO,AGUA,requerido [ESTIMACIÓN] con rechazo [SUPUESTO],250,m³/día,ESCENARIO
C1|C1-10000-6dias|10000|ESCALA_UNICA,PROYECTO,,DPV-095,FACTIBILIDAD_PENDIENTE,FACTIBILIDAD_PENDIENTE,DESCONOCIDO,POTENCIA,requerido PENDIENTE,,kW,ESCENARIO
C1|C1-10000-6dias|10000|ESCALA_UNICA,PROYECTO,,DPV-097,FACTIBILIDAD_PENDIENTE,FACTIBILIDAD_PENDIENTE,DIMENSIONADO,CAPACIDAD_LINEA,garantizada PENDIENTE (DPV-097),1404.494382,aves/h,ESCENARIO
C1|C1-10000-6dias|10000|ESCALA_UNICA,PROYECTO,,DPV-048,FACTIBILIDAD_PENDIENTE,FACTIBILIDAD_PENDIENTE,DIMENSIONADO,PRODUCCION_PRIMARIA_INTEGRADOS,requerido [ESTIMACIÓN],45531.080935,m² galpón,ESCENARIO
C1|C1-10000-6dias|10000|ESCALA_UNICA,PROYECTO,,"DPV-006, DPV-047",FACTIBILIDAD_PENDIENTE,FACTIBILIDAD_PENDIENTE,DIMENSIONADO,POLLITO,requerido [ESTIMACIÓN],63347.938552,pollitos/semana,ESCENARIO
C1|C1-10000-6dias|10000|ESCALA_UNICA,PROYECTO,,DPV-050,FACTIBILIDAD_PENDIENTE,FACTIBILIDAD_PENDIENTE,DESCONOCIDO,ALIMENTO_COMPRA,requerido sin driver,,t/semana,ESCENARIO
C1|C1-10000-6dias|10000|ESCALA_UNICA,PROYECTO,,DEC-027,FACTIBILIDAD_PENDIENTE,FACTIBILIDAD_PENDIENTE,DIMENSIONADO,RECEPTOR_SUBPRODUCTOS,dato de disponibilidad no declarado,TRUE,—,ESCENARIO
C1|C1-10000-6dias|10000|ESCALA_UNICA,PROYECTO,,DPV-042,FACTIBILIDAD_PENDIENTE,FACTIBILIDAD_PENDIENTE,DIMENSIONADO,TRANSPORTE_TERCERO,dato de disponibilidad no declarado,TRUE,—,ESCENARIO
C1|C1-10000-parque|10000|ESCALA_UNICA,PROYECTO,TRUE,,FACTIBLE,FACTIBILIDAD_PENDIENTE,DIMENSIONADO,ARQUITECTURA,faena=propia|granjas=integradas:0|pollito=compra|alimento=compra|flota=tercero|frio=A_refrigerado|subprod=A_externo|terreno=parque_industrial|autom=semi|linea=lotes,TRUE,—,ESCENARIO
C1|C1-10000-parque|10000|ESCALA_UNICA,PROYECTO,TRUE,DEC-001,FACTIBLE,FACTIBILIDAD_PENDIENTE,DIMENSIONADO,ESCALA,rango estudiado 2500–20000,TRUE,aves/día,ESCENARIO
C1|C1-10000-parque|10000|ESCALA_UNICA,PROYECTO,,DPV-087,FACTIBILIDAD_PENDIENTE,FACTIBILIDAD_PENDIENTE,DIMENSIONADO,TERRENO,requerido [ESTIMACIÓN] con PROXY,23372.494534,m²,ESCENARIO
C1|C1-10000-parque|10000|ESCALA_UNICA,PROYECTO,,DPV-053,FACTIBILIDAD_PENDIENTE,FACTIBILIDAD_PENDIENTE,DIMENSIONADO,AGUA,requerido [ESTIMACIÓN] con rechazo [SUPUESTO],250,m³/día,ESCENARIO
C1|C1-10000-parque|10000|ESCALA_UNICA,PROYECTO,,DPV-095,FACTIBILIDAD_PENDIENTE,FACTIBILIDAD_PENDIENTE,DESCONOCIDO,POTENCIA,requerido PENDIENTE,,kW,ESCENARIO
C1|C1-10000-parque|10000|ESCALA_UNICA,PROYECTO,,DPV-097,FACTIBILIDAD_PENDIENTE,FACTIBILIDAD_PENDIENTE,DIMENSIONADO,CAPACIDAD_LINEA,garantizada PENDIENTE (DPV-097),1404.494382,aves/h,ESCENARIO
C1|C1-10000-parque|10000|ESCALA_UNICA,PROYECTO,,DPV-048,FACTIBILIDAD_PENDIENTE,FACTIBILIDAD_PENDIENTE,DIMENSIONADO,PRODUCCION_PRIMARIA_INTEGRADOS,requerido [ESTIMACIÓN],37942.567446,m² galpón,ESCENARIO
C1|C1-10000-parque|10000|ESCALA_UNICA,PROYECTO,,"DPV-006, DPV-047",FACTIBILIDAD_PENDIENTE,FACTIBILIDAD_PENDIENTE,DIMENSIONADO,POLLITO,requerido [ESTIMACIÓN],52789.948794,pollitos/semana,ESCENARIO
C1|C1-10000-parque|10000|ESCALA_UNICA,PROYECTO,,DPV-050,FACTIBILIDAD_PENDIENTE,FACTIBILIDAD_PENDIENTE,DESCONOCIDO,ALIMENTO_COMPRA,requerido sin driver,,t/semana,ESCENARIO
C1|C1-10000-parque|10000|ESCALA_UNICA,PROYECTO,,DEC-027,FACTIBILIDAD_PENDIENTE,FACTIBILIDAD_PENDIENTE,DIMENSIONADO,RECEPTOR_SUBPRODUCTOS,dato de disponibilidad no declarado,TRUE,—,ESCENARIO
C1|C1-10000-parque|10000|ESCALA_UNICA,PROYECTO,,DPV-042,FACTIBILIDAD_PENDIENTE,FACTIBILIDAD_PENDIENTE,DIMENSIONADO,TRANSPORTE_TERCERO,dato de disponibilidad no declarado,TRUE,—,ESCENARIO
C1|C1-10000-rural|10000|ESCALA_UNICA,PROYECTO,TRUE,,FACTIBLE,FACTIBILIDAD_PENDIENTE,DIMENSIONADO,ARQUITECTURA,faena=propia|granjas=integradas:0|pollito=compra|alimento=compra|flota=tercero|frio=A_refrigerado|subprod=A_externo|terreno=rural_compatible|autom=semi|linea=lotes,TRUE,—,ESCENARIO
C1|C1-10000-rural|10000|ESCALA_UNICA,PROYECTO,TRUE,DEC-001,FACTIBLE,FACTIBILIDAD_PENDIENTE,DIMENSIONADO,ESCALA,rango estudiado 2500–20000,TRUE,aves/día,ESCENARIO
C1|C1-10000-rural|10000|ESCALA_UNICA,PROYECTO,,DPV-087,FACTIBILIDAD_PENDIENTE,FACTIBILIDAD_PENDIENTE,DIMENSIONADO,TERRENO,requerido [ESTIMACIÓN] con PROXY,23372.494534,m²,ESCENARIO
C1|C1-10000-rural|10000|ESCALA_UNICA,PROYECTO,,DPV-053,FACTIBILIDAD_PENDIENTE,FACTIBILIDAD_PENDIENTE,DIMENSIONADO,AGUA,requerido [ESTIMACIÓN] con rechazo [SUPUESTO],250,m³/día,ESCENARIO
C1|C1-10000-rural|10000|ESCALA_UNICA,PROYECTO,,DPV-095,FACTIBILIDAD_PENDIENTE,FACTIBILIDAD_PENDIENTE,DESCONOCIDO,POTENCIA,requerido PENDIENTE,,kW,ESCENARIO
C1|C1-10000-rural|10000|ESCALA_UNICA,PROYECTO,,DPV-097,FACTIBILIDAD_PENDIENTE,FACTIBILIDAD_PENDIENTE,DIMENSIONADO,CAPACIDAD_LINEA,garantizada PENDIENTE (DPV-097),1404.494382,aves/h,ESCENARIO
C1|C1-10000-rural|10000|ESCALA_UNICA,PROYECTO,,DPV-048,FACTIBILIDAD_PENDIENTE,FACTIBILIDAD_PENDIENTE,DIMENSIONADO,PRODUCCION_PRIMARIA_INTEGRADOS,requerido [ESTIMACIÓN],37942.567446,m² galpón,ESCENARIO
C1|C1-10000-rural|10000|ESCALA_UNICA,PROYECTO,,"DPV-006, DPV-047",FACTIBILIDAD_PENDIENTE,FACTIBILIDAD_PENDIENTE,DIMENSIONADO,POLLITO,requerido [ESTIMACIÓN],52789.948794,pollitos/semana,ESCENARIO
C1|C1-10000-rural|10000|ESCALA_UNICA,PROYECTO,,DPV-050,FACTIBILIDAD_PENDIENTE,FACTIBILIDAD_PENDIENTE,DESCONOCIDO,ALIMENTO_COMPRA,requerido sin driver,,t/semana,ESCENARIO
C1|C1-10000-rural|10000|ESCALA_UNICA,PROYECTO,,DEC-027,FACTIBILIDAD_PENDIENTE,FACTIBILIDAD_PENDIENTE,DIMENSIONADO,RECEPTOR_SUBPRODUCTOS,dato de disponibilidad no declarado,TRUE,—,ESCENARIO
C1|C1-10000-rural|10000|ESCALA_UNICA,PROYECTO,,DPV-042,FACTIBILIDAD_PENDIENTE,FACTIBILIDAD_PENDIENTE,DIMENSIONADO,TRANSPORTE_TERCERO,dato de disponibilidad no declarado,TRUE,—,ESCENARIO
C1|C1-10000-reserva20000|10000|ESCALA_UNICA,PROYECTO,TRUE,,FACTIBLE,FACTIBILIDAD_PENDIENTE,DIMENSIONADO,ARQUITECTURA,faena=propia|granjas=integradas:0|pollito=compra|alimento=compra|flota=tercero|frio=A_refrigerado|subprod=A_externo|terreno=compra_reserva|autom=semi|linea=lotes,TRUE,—,ESCENARIO
C1|C1-10000-reserva20000|10000|ESCALA_UNICA,PROYECTO,TRUE,DEC-001,FACTIBLE,FACTIBILIDAD_PENDIENTE,DIMENSIONADO,ESCALA,rango estudiado 2500–20000,TRUE,aves/día,ESCENARIO
C1|C1-10000-reserva20000|10000|ESCALA_UNICA,PROYECTO,,DPV-087,FACTIBILIDAD_PENDIENTE,FACTIBILIDAD_PENDIENTE,DIMENSIONADO,TERRENO,requerido [ESTIMACIÓN] con PROXY,33344.908627,m²,ESCENARIO
C1|C1-10000-reserva20000|10000|ESCALA_UNICA,PROYECTO,,DPV-053,FACTIBILIDAD_PENDIENTE,FACTIBILIDAD_PENDIENTE,DIMENSIONADO,AGUA,requerido [ESTIMACIÓN] con rechazo [SUPUESTO],250,m³/día,ESCENARIO
C1|C1-10000-reserva20000|10000|ESCALA_UNICA,PROYECTO,,DPV-095,FACTIBILIDAD_PENDIENTE,FACTIBILIDAD_PENDIENTE,DESCONOCIDO,POTENCIA,requerido PENDIENTE,,kW,ESCENARIO
C1|C1-10000-reserva20000|10000|ESCALA_UNICA,PROYECTO,,DPV-097,FACTIBILIDAD_PENDIENTE,FACTIBILIDAD_PENDIENTE,DIMENSIONADO,CAPACIDAD_LINEA,garantizada PENDIENTE (DPV-097),1404.494382,aves/h,ESCENARIO
C1|C1-10000-reserva20000|10000|ESCALA_UNICA,PROYECTO,,DPV-048,FACTIBILIDAD_PENDIENTE,FACTIBILIDAD_PENDIENTE,DIMENSIONADO,PRODUCCION_PRIMARIA_INTEGRADOS,requerido [ESTIMACIÓN],37942.567446,m² galpón,ESCENARIO
C1|C1-10000-reserva20000|10000|ESCALA_UNICA,PROYECTO,,"DPV-006, DPV-047",FACTIBILIDAD_PENDIENTE,FACTIBILIDAD_PENDIENTE,DIMENSIONADO,POLLITO,requerido [ESTIMACIÓN],52789.948794,pollitos/semana,ESCENARIO
C1|C1-10000-reserva20000|10000|ESCALA_UNICA,PROYECTO,,DPV-050,FACTIBILIDAD_PENDIENTE,FACTIBILIDAD_PENDIENTE,DESCONOCIDO,ALIMENTO_COMPRA,requerido sin driver,,t/semana,ESCENARIO
C1|C1-10000-reserva20000|10000|ESCALA_UNICA,PROYECTO,,DEC-027,FACTIBILIDAD_PENDIENTE,FACTIBILIDAD_PENDIENTE,DIMENSIONADO,RECEPTOR_SUBPRODUCTOS,dato de disponibilidad no declarado,TRUE,—,ESCENARIO
C1|C1-10000-reserva20000|10000|ESCALA_UNICA,PROYECTO,,DPV-042,FACTIBILIDAD_PENDIENTE,FACTIBILIDAD_PENDIENTE,DIMENSIONADO,TRANSPORTE_TERCERO,dato de disponibilidad no declarado,TRUE,—,ESCENARIO
C1|C1-10000-GN-RED|10000|ESCALA_UNICA,PROYECTO,TRUE,,FACTIBLE,FACTIBILIDAD_PENDIENTE,DIMENSIONADO,ARQUITECTURA,faena=propia|granjas=integradas:0|pollito=compra|alimento=compra|flota=tercero|frio=A_refrigerado|subprod=A_externo|terreno=compra_fase|autom=semi|linea=lotes,TRUE,—,ESCENARIO
C1|C1-10000-GN-RED|10000|ESCALA_UNICA,PROYECTO,TRUE,DEC-001,FACTIBLE,FACTIBILIDAD_PENDIENTE,DIMENSIONADO,ESCALA,rango estudiado 2500–20000,TRUE,aves/día,ESCENARIO
C1|C1-10000-GN-RED|10000|ESCALA_UNICA,PROYECTO,,DPV-087,FACTIBILIDAD_PENDIENTE,FACTIBILIDAD_PENDIENTE,DIMENSIONADO,TERRENO,requerido [ESTIMACIÓN] con PROXY,23372.494534,m²,ESCENARIO
C1|C1-10000-GN-RED|10000|ESCALA_UNICA,PROYECTO,,DPV-053,FACTIBILIDAD_PENDIENTE,FACTIBILIDAD_PENDIENTE,DIMENSIONADO,AGUA,requerido [ESTIMACIÓN] con rechazo [SUPUESTO],250,m³/día,ESCENARIO
C1|C1-10000-GN-RED|10000|ESCALA_UNICA,PROYECTO,,DPV-095,FACTIBILIDAD_PENDIENTE,FACTIBILIDAD_PENDIENTE,DESCONOCIDO,POTENCIA,requerido PENDIENTE,,kW,ESCENARIO
C1|C1-10000-GN-RED|10000|ESCALA_UNICA,PROYECTO,,DPV-097,FACTIBILIDAD_PENDIENTE,FACTIBILIDAD_PENDIENTE,DIMENSIONADO,CAPACIDAD_LINEA,garantizada PENDIENTE (DPV-097),1404.494382,aves/h,ESCENARIO
C1|C1-10000-GN-RED|10000|ESCALA_UNICA,PROYECTO,,DPV-048,FACTIBILIDAD_PENDIENTE,FACTIBILIDAD_PENDIENTE,DIMENSIONADO,PRODUCCION_PRIMARIA_INTEGRADOS,requerido [ESTIMACIÓN],37942.567446,m² galpón,ESCENARIO
C1|C1-10000-GN-RED|10000|ESCALA_UNICA,PROYECTO,,"DPV-006, DPV-047",FACTIBILIDAD_PENDIENTE,FACTIBILIDAD_PENDIENTE,DIMENSIONADO,POLLITO,requerido [ESTIMACIÓN],52789.948794,pollitos/semana,ESCENARIO
C1|C1-10000-GN-RED|10000|ESCALA_UNICA,PROYECTO,,DPV-050,FACTIBILIDAD_PENDIENTE,FACTIBILIDAD_PENDIENTE,DESCONOCIDO,ALIMENTO_COMPRA,requerido sin driver,,t/semana,ESCENARIO
C1|C1-10000-GN-RED|10000|ESCALA_UNICA,PROYECTO,,DEC-027,FACTIBILIDAD_PENDIENTE,FACTIBILIDAD_PENDIENTE,DIMENSIONADO,RECEPTOR_SUBPRODUCTOS,dato de disponibilidad no declarado,TRUE,—,ESCENARIO
C1|C1-10000-GN-RED|10000|ESCALA_UNICA,PROYECTO,,DPV-042,FACTIBILIDAD_PENDIENTE,FACTIBILIDAD_PENDIENTE,DIMENSIONADO,TRANSPORTE_TERCERO,dato de disponibilidad no declarado,TRUE,—,ESCENARIO
C1|C1-10000-LIMPIEZA-TERC|10000|ESCALA_UNICA,PROYECTO,TRUE,,FACTIBLE,FACTIBILIDAD_PENDIENTE,DIMENSIONADO,ARQUITECTURA,faena=propia|granjas=integradas:0|pollito=compra|alimento=compra|flota=tercero|frio=A_refrigerado|subprod=A_externo|terreno=compra_fase|autom=semi|linea=lotes,TRUE,—,ESCENARIO
C1|C1-10000-LIMPIEZA-TERC|10000|ESCALA_UNICA,PROYECTO,TRUE,DEC-001,FACTIBLE,FACTIBILIDAD_PENDIENTE,DIMENSIONADO,ESCALA,rango estudiado 2500–20000,TRUE,aves/día,ESCENARIO
C1|C1-10000-LIMPIEZA-TERC|10000|ESCALA_UNICA,PROYECTO,,DPV-087,FACTIBILIDAD_PENDIENTE,FACTIBILIDAD_PENDIENTE,DIMENSIONADO,TERRENO,requerido [ESTIMACIÓN] con PROXY,23372.494534,m²,ESCENARIO
C1|C1-10000-LIMPIEZA-TERC|10000|ESCALA_UNICA,PROYECTO,,DPV-053,FACTIBILIDAD_PENDIENTE,FACTIBILIDAD_PENDIENTE,DIMENSIONADO,AGUA,requerido [ESTIMACIÓN] con rechazo [SUPUESTO],250,m³/día,ESCENARIO
C1|C1-10000-LIMPIEZA-TERC|10000|ESCALA_UNICA,PROYECTO,,DPV-095,FACTIBILIDAD_PENDIENTE,FACTIBILIDAD_PENDIENTE,DESCONOCIDO,POTENCIA,requerido PENDIENTE,,kW,ESCENARIO
C1|C1-10000-LIMPIEZA-TERC|10000|ESCALA_UNICA,PROYECTO,,DPV-097,FACTIBILIDAD_PENDIENTE,FACTIBILIDAD_PENDIENTE,DIMENSIONADO,CAPACIDAD_LINEA,garantizada PENDIENTE (DPV-097),1404.494382,aves/h,ESCENARIO
C1|C1-10000-LIMPIEZA-TERC|10000|ESCALA_UNICA,PROYECTO,,DPV-048,FACTIBILIDAD_PENDIENTE,FACTIBILIDAD_PENDIENTE,DIMENSIONADO,PRODUCCION_PRIMARIA_INTEGRADOS,requerido [ESTIMACIÓN],37942.567446,m² galpón,ESCENARIO
C1|C1-10000-LIMPIEZA-TERC|10000|ESCALA_UNICA,PROYECTO,,"DPV-006, DPV-047",FACTIBILIDAD_PENDIENTE,FACTIBILIDAD_PENDIENTE,DIMENSIONADO,POLLITO,requerido [ESTIMACIÓN],52789.948794,pollitos/semana,ESCENARIO
C1|C1-10000-LIMPIEZA-TERC|10000|ESCALA_UNICA,PROYECTO,,DPV-050,FACTIBILIDAD_PENDIENTE,FACTIBILIDAD_PENDIENTE,DESCONOCIDO,ALIMENTO_COMPRA,requerido sin driver,,t/semana,ESCENARIO
C1|C1-10000-LIMPIEZA-TERC|10000|ESCALA_UNICA,PROYECTO,,DEC-027,FACTIBILIDAD_PENDIENTE,FACTIBILIDAD_PENDIENTE,DIMENSIONADO,RECEPTOR_SUBPRODUCTOS,dato de disponibilidad no declarado,TRUE,—,ESCENARIO
C1|C1-10000-LIMPIEZA-TERC|10000|ESCALA_UNICA,PROYECTO,,DPV-042,FACTIBILIDAD_PENDIENTE,FACTIBILIDAD_PENDIENTE,DIMENSIONADO,TRANSPORTE_TERCERO,dato de disponibilidad no declarado,TRUE,—,ESCENARIO
C1|C1-10000-MANT-CONTRATO|10000|ESCALA_UNICA,PROYECTO,TRUE,,FACTIBLE,FACTIBILIDAD_PENDIENTE,DIMENSIONADO,ARQUITECTURA,faena=propia|granjas=integradas:0|pollito=compra|alimento=compra|flota=tercero|frio=A_refrigerado|subprod=A_externo|terreno=compra_fase|autom=semi|linea=lotes,TRUE,—,ESCENARIO
C1|C1-10000-MANT-CONTRATO|10000|ESCALA_UNICA,PROYECTO,TRUE,DEC-001,FACTIBLE,FACTIBILIDAD_PENDIENTE,DIMENSIONADO,ESCALA,rango estudiado 2500–20000,TRUE,aves/día,ESCENARIO
C1|C1-10000-MANT-CONTRATO|10000|ESCALA_UNICA,PROYECTO,,DPV-087,FACTIBILIDAD_PENDIENTE,FACTIBILIDAD_PENDIENTE,DIMENSIONADO,TERRENO,requerido [ESTIMACIÓN] con PROXY,23372.494534,m²,ESCENARIO
C1|C1-10000-MANT-CONTRATO|10000|ESCALA_UNICA,PROYECTO,,DPV-053,FACTIBILIDAD_PENDIENTE,FACTIBILIDAD_PENDIENTE,DIMENSIONADO,AGUA,requerido [ESTIMACIÓN] con rechazo [SUPUESTO],250,m³/día,ESCENARIO
C1|C1-10000-MANT-CONTRATO|10000|ESCALA_UNICA,PROYECTO,,DPV-095,FACTIBILIDAD_PENDIENTE,FACTIBILIDAD_PENDIENTE,DESCONOCIDO,POTENCIA,requerido PENDIENTE,,kW,ESCENARIO
C1|C1-10000-MANT-CONTRATO|10000|ESCALA_UNICA,PROYECTO,,DPV-097,FACTIBILIDAD_PENDIENTE,FACTIBILIDAD_PENDIENTE,DIMENSIONADO,CAPACIDAD_LINEA,garantizada PENDIENTE (DPV-097),1404.494382,aves/h,ESCENARIO
C1|C1-10000-MANT-CONTRATO|10000|ESCALA_UNICA,PROYECTO,,DPV-048,FACTIBILIDAD_PENDIENTE,FACTIBILIDAD_PENDIENTE,DIMENSIONADO,PRODUCCION_PRIMARIA_INTEGRADOS,requerido [ESTIMACIÓN],37942.567446,m² galpón,ESCENARIO
C1|C1-10000-MANT-CONTRATO|10000|ESCALA_UNICA,PROYECTO,,"DPV-006, DPV-047",FACTIBILIDAD_PENDIENTE,FACTIBILIDAD_PENDIENTE,DIMENSIONADO,POLLITO,requerido [ESTIMACIÓN],52789.948794,pollitos/semana,ESCENARIO
C1|C1-10000-MANT-CONTRATO|10000|ESCALA_UNICA,PROYECTO,,DPV-050,FACTIBILIDAD_PENDIENTE,FACTIBILIDAD_PENDIENTE,DESCONOCIDO,ALIMENTO_COMPRA,requerido sin driver,,t/semana,ESCENARIO
C1|C1-10000-MANT-CONTRATO|10000|ESCALA_UNICA,PROYECTO,,DEC-027,FACTIBILIDAD_PENDIENTE,FACTIBILIDAD_PENDIENTE,DIMENSIONADO,RECEPTOR_SUBPRODUCTOS,dato de disponibilidad no declarado,TRUE,—,ESCENARIO
C1|C1-10000-MANT-CONTRATO|10000|ESCALA_UNICA,PROYECTO,,DPV-042,FACTIBILIDAD_PENDIENTE,FACTIBILIDAD_PENDIENTE,DIMENSIONADO,TRANSPORTE_TERCERO,dato de disponibilidad no declarado,TRUE,—,ESCENARIO
C1|C1-10000-FLETE-POR-UNIDAD|10000|ESCALA_UNICA,PROYECTO,TRUE,,FACTIBLE,FACTIBILIDAD_PENDIENTE,DIMENSIONADO,ARQUITECTURA,faena=propia|granjas=integradas:0|pollito=compra|alimento=compra|flota=tercero|frio=A_refrigerado|subprod=A_externo|terreno=compra_fase|autom=semi|linea=lotes,TRUE,—,ESCENARIO
C1|C1-10000-FLETE-POR-UNIDAD|10000|ESCALA_UNICA,PROYECTO,TRUE,DEC-001,FACTIBLE,FACTIBILIDAD_PENDIENTE,DIMENSIONADO,ESCALA,rango estudiado 2500–20000,TRUE,aves/día,ESCENARIO
C1|C1-10000-FLETE-POR-UNIDAD|10000|ESCALA_UNICA,PROYECTO,,DPV-087,FACTIBILIDAD_PENDIENTE,FACTIBILIDAD_PENDIENTE,DIMENSIONADO,TERRENO,requerido [ESTIMACIÓN] con PROXY,23372.494534,m²,ESCENARIO
C1|C1-10000-FLETE-POR-UNIDAD|10000|ESCALA_UNICA,PROYECTO,,DPV-053,FACTIBILIDAD_PENDIENTE,FACTIBILIDAD_PENDIENTE,DIMENSIONADO,AGUA,requerido [ESTIMACIÓN] con rechazo [SUPUESTO],250,m³/día,ESCENARIO
C1|C1-10000-FLETE-POR-UNIDAD|10000|ESCALA_UNICA,PROYECTO,,DPV-095,FACTIBILIDAD_PENDIENTE,FACTIBILIDAD_PENDIENTE,DESCONOCIDO,POTENCIA,requerido PENDIENTE,,kW,ESCENARIO
C1|C1-10000-FLETE-POR-UNIDAD|10000|ESCALA_UNICA,PROYECTO,,DPV-097,FACTIBILIDAD_PENDIENTE,FACTIBILIDAD_PENDIENTE,DIMENSIONADO,CAPACIDAD_LINEA,garantizada PENDIENTE (DPV-097),1404.494382,aves/h,ESCENARIO
C1|C1-10000-FLETE-POR-UNIDAD|10000|ESCALA_UNICA,PROYECTO,,DPV-048,FACTIBILIDAD_PENDIENTE,FACTIBILIDAD_PENDIENTE,DIMENSIONADO,PRODUCCION_PRIMARIA_INTEGRADOS,requerido [ESTIMACIÓN],37942.567446,m² galpón,ESCENARIO
C1|C1-10000-FLETE-POR-UNIDAD|10000|ESCALA_UNICA,PROYECTO,,"DPV-006, DPV-047",FACTIBILIDAD_PENDIENTE,FACTIBILIDAD_PENDIENTE,DIMENSIONADO,POLLITO,requerido [ESTIMACIÓN],52789.948794,pollitos/semana,ESCENARIO
C1|C1-10000-FLETE-POR-UNIDAD|10000|ESCALA_UNICA,PROYECTO,,DPV-050,FACTIBILIDAD_PENDIENTE,FACTIBILIDAD_PENDIENTE,DESCONOCIDO,ALIMENTO_COMPRA,requerido sin driver,,t/semana,ESCENARIO
C1|C1-10000-FLETE-POR-UNIDAD|10000|ESCALA_UNICA,PROYECTO,,DEC-027,FACTIBILIDAD_PENDIENTE,FACTIBILIDAD_PENDIENTE,DIMENSIONADO,RECEPTOR_SUBPRODUCTOS,dato de disponibilidad no declarado,TRUE,—,ESCENARIO
C1|C1-10000-FLETE-POR-UNIDAD|10000|ESCALA_UNICA,PROYECTO,,DPV-042,FACTIBILIDAD_PENDIENTE,FACTIBILIDAD_PENDIENTE,DIMENSIONADO,TRANSPORTE_TERCERO,dato de disponibilidad no declarado,TRUE,—,ESCENARIO
C1|C1-10000-PAGO-KG-VIVO|10000|ESCALA_UNICA,PROYECTO,TRUE,,FACTIBLE,FACTIBILIDAD_PENDIENTE,DIMENSIONADO,ARQUITECTURA,faena=propia|granjas=integradas:0|pollito=compra|alimento=compra|flota=tercero|frio=A_refrigerado|subprod=A_externo|terreno=compra_fase|autom=semi|linea=lotes,TRUE,—,ESCENARIO
C1|C1-10000-PAGO-KG-VIVO|10000|ESCALA_UNICA,PROYECTO,TRUE,DEC-001,FACTIBLE,FACTIBILIDAD_PENDIENTE,DIMENSIONADO,ESCALA,rango estudiado 2500–20000,TRUE,aves/día,ESCENARIO
C1|C1-10000-PAGO-KG-VIVO|10000|ESCALA_UNICA,PROYECTO,,DPV-087,FACTIBILIDAD_PENDIENTE,FACTIBILIDAD_PENDIENTE,DIMENSIONADO,TERRENO,requerido [ESTIMACIÓN] con PROXY,23372.494534,m²,ESCENARIO
C1|C1-10000-PAGO-KG-VIVO|10000|ESCALA_UNICA,PROYECTO,,DPV-053,FACTIBILIDAD_PENDIENTE,FACTIBILIDAD_PENDIENTE,DIMENSIONADO,AGUA,requerido [ESTIMACIÓN] con rechazo [SUPUESTO],250,m³/día,ESCENARIO
C1|C1-10000-PAGO-KG-VIVO|10000|ESCALA_UNICA,PROYECTO,,DPV-095,FACTIBILIDAD_PENDIENTE,FACTIBILIDAD_PENDIENTE,DESCONOCIDO,POTENCIA,requerido PENDIENTE,,kW,ESCENARIO
C1|C1-10000-PAGO-KG-VIVO|10000|ESCALA_UNICA,PROYECTO,,DPV-097,FACTIBILIDAD_PENDIENTE,FACTIBILIDAD_PENDIENTE,DIMENSIONADO,CAPACIDAD_LINEA,garantizada PENDIENTE (DPV-097),1404.494382,aves/h,ESCENARIO
C1|C1-10000-PAGO-KG-VIVO|10000|ESCALA_UNICA,PROYECTO,,DPV-048,FACTIBILIDAD_PENDIENTE,FACTIBILIDAD_PENDIENTE,DIMENSIONADO,PRODUCCION_PRIMARIA_INTEGRADOS,requerido [ESTIMACIÓN],37942.567446,m² galpón,ESCENARIO
C1|C1-10000-PAGO-KG-VIVO|10000|ESCALA_UNICA,PROYECTO,,"DPV-006, DPV-047",FACTIBILIDAD_PENDIENTE,FACTIBILIDAD_PENDIENTE,DIMENSIONADO,POLLITO,requerido [ESTIMACIÓN],52789.948794,pollitos/semana,ESCENARIO
C1|C1-10000-PAGO-KG-VIVO|10000|ESCALA_UNICA,PROYECTO,,DPV-050,FACTIBILIDAD_PENDIENTE,FACTIBILIDAD_PENDIENTE,DESCONOCIDO,ALIMENTO_COMPRA,requerido sin driver,,t/semana,ESCENARIO
C1|C1-10000-PAGO-KG-VIVO|10000|ESCALA_UNICA,PROYECTO,,DEC-027,FACTIBILIDAD_PENDIENTE,FACTIBILIDAD_PENDIENTE,DIMENSIONADO,RECEPTOR_SUBPRODUCTOS,dato de disponibilidad no declarado,TRUE,—,ESCENARIO
C1|C1-10000-PAGO-KG-VIVO|10000|ESCALA_UNICA,PROYECTO,,DPV-042,FACTIBILIDAD_PENDIENTE,FACTIBILIDAD_PENDIENTE,DIMENSIONADO,TRANSPORTE_TERCERO,dato de disponibilidad no declarado,TRUE,—,ESCENARIO
C1|C1-10000-HALAL|10000|ESCALA_UNICA,PROYECTO,TRUE,,FACTIBLE,FACTIBILIDAD_PENDIENTE,DIMENSIONADO,ARQUITECTURA,faena=propia|granjas=integradas:0|pollito=compra|alimento=compra|flota=tercero|frio=A_refrigerado|subprod=A_externo|terreno=compra_fase|autom=semi|linea=lotes,TRUE,—,ESCENARIO
C1|C1-10000-HALAL|10000|ESCALA_UNICA,PROYECTO,TRUE,DEC-001,FACTIBLE,FACTIBILIDAD_PENDIENTE,DIMENSIONADO,ESCALA,rango estudiado 2500–20000,TRUE,aves/día,ESCENARIO
C1|C1-10000-HALAL|10000|ESCALA_UNICA,PROYECTO,,DPV-087,FACTIBILIDAD_PENDIENTE,FACTIBILIDAD_PENDIENTE,DIMENSIONADO,TERRENO,requerido [ESTIMACIÓN] con PROXY,23372.494534,m²,ESCENARIO
C1|C1-10000-HALAL|10000|ESCALA_UNICA,PROYECTO,,DPV-053,FACTIBILIDAD_PENDIENTE,FACTIBILIDAD_PENDIENTE,DIMENSIONADO,AGUA,requerido [ESTIMACIÓN] con rechazo [SUPUESTO],250,m³/día,ESCENARIO
C1|C1-10000-HALAL|10000|ESCALA_UNICA,PROYECTO,,DPV-095,FACTIBILIDAD_PENDIENTE,FACTIBILIDAD_PENDIENTE,DESCONOCIDO,POTENCIA,requerido PENDIENTE,,kW,ESCENARIO
C1|C1-10000-HALAL|10000|ESCALA_UNICA,PROYECTO,,DPV-097,FACTIBILIDAD_PENDIENTE,FACTIBILIDAD_PENDIENTE,DIMENSIONADO,CAPACIDAD_LINEA,garantizada PENDIENTE (DPV-097),1404.494382,aves/h,ESCENARIO
C1|C1-10000-HALAL|10000|ESCALA_UNICA,PROYECTO,,DPV-048,FACTIBILIDAD_PENDIENTE,FACTIBILIDAD_PENDIENTE,DIMENSIONADO,PRODUCCION_PRIMARIA_INTEGRADOS,requerido [ESTIMACIÓN],37942.567446,m² galpón,ESCENARIO
C1|C1-10000-HALAL|10000|ESCALA_UNICA,PROYECTO,,"DPV-006, DPV-047",FACTIBILIDAD_PENDIENTE,FACTIBILIDAD_PENDIENTE,DIMENSIONADO,POLLITO,requerido [ESTIMACIÓN],52789.948794,pollitos/semana,ESCENARIO
C1|C1-10000-HALAL|10000|ESCALA_UNICA,PROYECTO,,DPV-050,FACTIBILIDAD_PENDIENTE,FACTIBILIDAD_PENDIENTE,DESCONOCIDO,ALIMENTO_COMPRA,requerido sin driver,,t/semana,ESCENARIO
C1|C1-10000-HALAL|10000|ESCALA_UNICA,PROYECTO,,DEC-027,FACTIBILIDAD_PENDIENTE,FACTIBILIDAD_PENDIENTE,DIMENSIONADO,RECEPTOR_SUBPRODUCTOS,dato de disponibilidad no declarado,TRUE,—,ESCENARIO
C1|C1-10000-HALAL|10000|ESCALA_UNICA,PROYECTO,,DPV-042,FACTIBILIDAD_PENDIENTE,FACTIBILIDAD_PENDIENTE,DIMENSIONADO,TRANSPORTE_TERCERO,dato de disponibilidad no declarado,TRUE,—,ESCENARIO
NO_INVERTIR_AUN,PROYECTO,,,NO_APLICA,NO_APLICA,NO_REQUERIDO_POR_ARQUITECTURA,STATUS_QUO,sin inversión: no aplica factibilidad física,0,—,ESCENARIO
