bloque,escala_aves_dia,dias_semana,dias_anio,nivel,parametro,variable,valor,unidad,periodo,base,origen,clasificacion,referencia,nota
entrada,2500,5,250,bajo,,aves_faenadas_dia_operativo,2500.0,aves,dia_operativo,aves,SUPUESTO,[SUPUESTO],SUP-052,escala = capacidad operativa
entrada,2500,5,250,bajo,,t_vivas_dia_operativo,7.25,t,dia_operativo,vivo,ESTIMACIÓN,[ESTIMACIÓN],escenarios_escala.csv,
agua,2500,5,250,bajo,nivel=bajo,agua_recepcion_l_ave,0.5,L/ave,por_ave,agua_utilizada,SUPUESTO,[SUPUESTO],sin fuente por ave; DPV propuesto,"Recepción: lavado de jaulas/módulos, camiones y andén"
agua,2500,5,250,bajo,nivel=bajo,agua_recepcion_m3_dia,1.25,m³,dia_operativo,agua_utilizada,ESTIMACIÓN,[ESTIMACIÓN],,"Recepción: lavado de jaulas/módulos, camiones y andén"
agua,2500,5,250,bajo,nivel=bajo,agua_escaldado_l_ave,0.9,L/ave,por_ave,agua_utilizada,FUENTE,[FUENTE] [PVDP],"mín. ~1 cuarto de galón (0,95 L)/ave (FTE-09C-11, FTE-09C-18)","Escaldado: llenado, reposición y desborde"
agua,2500,5,250,bajo,nivel=bajo,agua_escaldado_m3_dia,2.25,m³,dia_operativo,agua_utilizada,ESTIMACIÓN,[ESTIMACIÓN],,"Escaldado: llenado, reposición y desborde"
agua,2500,5,250,bajo,nivel=bajo,agua_desplumado_l_ave,1.0,L/ave,por_ave,agua_utilizada,SUPUESTO,[SUPUESTO],incluido en totales de FTE-09C-01/02,Desplumado: duchas y transporte de plumas
agua,2500,5,250,bajo,nivel=bajo,agua_desplumado_m3_dia,2.5,m³,dia_operativo,agua_utilizada,ESTIMACIÓN,[ESTIMACIÓN],,Desplumado: duchas y transporte de plumas
agua,2500,5,250,bajo,nivel=bajo,agua_evisceracion_l_ave,4.0,L/ave,por_ave,agua_utilizada,FUENTE,[FUENTE] [PVDP],"7,57 L/ave (FTE-09C-01)",Evisceración: lavados interior/exterior y transporte hidráulico de vísceras
agua,2500,5,250,bajo,nivel=bajo,agua_evisceracion_m3_dia,10.0,m³,dia_operativo,agua_utilizada,ESTIMACIÓN,[ESTIMACIÓN],,Evisceración: lavados interior/exterior y transporte hidráulico de vísceras
agua,2500,5,250,bajo,nivel=bajo,agua_lavado_l_ave,1.5,L/ave,por_ave,agua_utilizada,FUENTE,[FUENTE] [PVDP],"4,25–4,35 L/ave (FTE-09C-01)",Lavado final de carcasas
agua,2500,5,250,bajo,nivel=bajo,agua_lavado_m3_dia,3.75,m³,dia_operativo,agua_utilizada,ESTIMACIÓN,[ESTIMACIÓN],,Lavado final de carcasas
agua,2500,5,250,bajo,nivel=bajo,agua_chiller_l_ave,1.9,L/ave,por_ave,agua_utilizada,FUENTE,[FUENTE] [PVDP],"mín. 0,5 gal = 1,9 L/ave; típico 2,8–5,7 L/ave (FTE-09C-18); 2,12 L/ave (FTE-09C-01)",Chiller: reposición de agua (contracorriente)
agua,2500,5,250,bajo,nivel=bajo,agua_chiller_m3_dia,4.75,m³,dia_operativo,agua_utilizada,ESTIMACIÓN,[ESTIMACIÓN],,Chiller: reposición de agua (contracorriente)
agua,2500,5,250,bajo,nivel=bajo,agua_despiece_l_ave,0.5,L/ave,por_ave,agua_utilizada,FUENTE,[FUENTE] [PVDP],"3,03 L/ave (FTE-09C-01)",Sala de despiece y deshuese
agua,2500,5,250,bajo,nivel=bajo,agua_despiece_m3_dia,1.25,m³,dia_operativo,agua_utilizada,ESTIMACIÓN,[ESTIMACIÓN],,Sala de despiece y deshuese
agua,2500,5,250,bajo,nivel=bajo,agua_limpieza_l_ave,3.0,L/ave,por_ave,agua_utilizada,FUENTE,[FUENTE] [PVDP],"1,5–3 gal = 5,7–11,4 L/ave saneamiento + 0,9–3,8 L equipos (FTE-09C-01)",Limpieza de equipos y salas (fin de turno)
agua,2500,5,250,bajo,nivel=bajo,agua_limpieza_m3_dia,7.5,m³,dia_operativo,agua_utilizada,ESTIMACIÓN,[ESTIMACIÓN],,Limpieza de equipos y salas (fin de turno)
agua,2500,5,250,bajo,nivel=bajo,agua_sanitizacion_l_ave,0.7,L/ave,por_ave,agua_utilizada,SUPUESTO,[SUPUESTO],sin fuente separada,"Sanitización: esterilizadores, lavamanos, pediluvios, enjuagues"
agua,2500,5,250,bajo,nivel=bajo,agua_sanitizacion_m3_dia,1.75,m³,dia_operativo,agua_utilizada,ESTIMACIÓN,[ESTIMACIÓN],,"Sanitización: esterilizadores, lavamanos, pediluvios, enjuagues"
agua,2500,5,250,bajo,nivel=bajo,agua_auxiliares_l_ave,1.0,L/ave,por_ave,agua_utilizada,SUPUESTO,[SUPUESTO],sin fuente separada,"Servicios auxiliares: caldera, condensadores evaporativos, vestuarios, comedor"
agua,2500,5,250,bajo,nivel=bajo,agua_auxiliares_m3_dia,2.5,m³,dia_operativo,agua_utilizada,ESTIMACIÓN,[ESTIMACIÓN],,"Servicios auxiliares: caldera, condensadores evaporativos, vestuarios, comedor"
agua,2500,5,250,bajo,nivel=bajo,agua_utilizada_l_ave,15.0,L/ave,por_ave,agua_utilizada,ESTIMACIÓN,[ESTIMACIÓN] con rangos [PVDP],FTE-09C-01 a 04,consumo industrial; NO incluye agua retenida
agua,2500,5,250,bajo,nivel=bajo,agua_utilizada_m3_dia,37.5,m³,dia_operativo,agua_utilizada,ESTIMACIÓN,[ESTIMACIÓN],,
agua,2500,5,250,bajo,nivel=bajo,agua_utilizada_m3_anio,9375.0,m³,anio,agua_utilizada,ESTIMACIÓN,[ESTIMACIÓN],,
agua,2500,5,250,bajo,nivel=bajo,agua_utilizada_m3_h_medio,3.125,m³/h,hora,agua_utilizada,ESTIMACIÓN,[ESTIMACIÓN],,sobre 12 h (faena + limpieza)
agua,2500,5,250,bajo,nivel=bajo,agua_utilizada_m3_h_pico,4.6875,m³/h,hora,agua_utilizada,SUPUESTO,[SUPUESTO] factor de pico,,"dimensiona captación, bombeo y reserva"
agua,2500,5,250,bajo,nivel=bajo,reserva_agua_1_dia_m3,37.5,m³,stock,agua_utilizada,ESTIMACIÓN,[ESTIMACIÓN],,"volumen equivalente a un día de uso (referencia conceptual, no diseño)"
agua,2500,5,250,bajo,nivel=bajo,agua_descargada_m3_dia,30.0,m³,dia_operativo,agua_descargada,SUPUESTO,[ESTIMACIÓN] con fracción [SUPUESTO],,fracción a efluente = 0.80
agua,2500,5,250,bajo,nivel=bajo,agua_descargada_l_ave,12.0,L/ave,por_ave,agua_descargada,ESTIMACIÓN,[ESTIMACIÓN],,
agua,2500,5,250,bajo,nivel=bajo,agua_no_descargada_m3_dia,7.5,m³,dia_operativo,agua_no_descargada,ESTIMACIÓN,[ESTIMACIÓN],,evaporación + retenida + sale con subproductos + pérdidas
agua_retenida,2500,5,250,bajo,,agua_retenida_en_producto_t_dia,0.213816,t,dia_operativo,agua_retenida,ESTIMACIÓN,[ESTIMACIÓN] del balance v1.1,escenarios_escala.csv,sale vendida con el producto; NO es consumo industrial ni efluente
agua_retenida,2500,5,250,bajo,,agua_incorporada_producto_y_subproductos_t_dia,0.531652,t,dia_operativo,agua_retenida,ESTIMACIÓN,[ESTIMACIÓN] del balance v1.1,escenarios_escala.csv,absorbida en chiller + adherida a plumas (incluye goteo posterior)
agua_retenida,2500,5,250,bajo,,agua_retenida_sobre_agua_utilizada_pct,0.570176,%,adimensional,agua,ESTIMACIÓN,[ESTIMACIÓN],,cuánto del agua usada termina dentro del producto
efluente,2500,5,250,bajo,nivel=bajo,carga_DQO_g_ave,50.0,g/ave,por_ave,efluente_crudo,ESTIMACIÓN,[ESTIMACIÓN] con rangos [PVDP],FTE-181; FTE-09C-05,efluente crudo tras retirar sangre y sólidos gruesos
efluente,2500,5,250,bajo,nivel=bajo,carga_DQO_kg_dia,125.0,kg,dia_operativo,efluente_crudo,ESTIMACIÓN,[ESTIMACIÓN],,
efluente,2500,5,250,bajo,nivel=bajo,concentracion_DQO_mg_l,4166.666667,mg/L,adimensional,efluente_crudo,ESTIMACIÓN,[ESTIMACIÓN],,"resultado (carga / caudal), no parámetro"
efluente,2500,5,250,bajo,nivel=bajo,carga_DBO5_g_ave,25.0,g/ave,por_ave,efluente_crudo,ESTIMACIÓN,[ESTIMACIÓN] con rangos [PVDP],"FTE-181; FTE-09C-05 (DBO/DQO ~0,4–0,6)",efluente crudo tras retirar sangre y sólidos gruesos
efluente,2500,5,250,bajo,nivel=bajo,carga_DBO5_kg_dia,62.5,kg,dia_operativo,efluente_crudo,ESTIMACIÓN,[ESTIMACIÓN],,
efluente,2500,5,250,bajo,nivel=bajo,concentracion_DBO5_mg_l,2083.333333,mg/L,adimensional,efluente_crudo,ESTIMACIÓN,[ESTIMACIÓN],,"resultado (carga / caudal), no parámetro"
efluente,2500,5,250,bajo,nivel=bajo,carga_SST_g_ave,15.0,g/ave,por_ave,efluente_crudo,ESTIMACIÓN,[ESTIMACIÓN] con rangos [PVDP],FTE-181; FTE-09C-05,efluente crudo tras retirar sangre y sólidos gruesos
efluente,2500,5,250,bajo,nivel=bajo,carga_SST_kg_dia,37.5,kg,dia_operativo,efluente_crudo,ESTIMACIÓN,[ESTIMACIÓN],,
efluente,2500,5,250,bajo,nivel=bajo,concentracion_SST_mg_l,1250.0,mg/L,adimensional,efluente_crudo,ESTIMACIÓN,[ESTIMACIÓN],,"resultado (carga / caudal), no parámetro"
efluente,2500,5,250,bajo,nivel=bajo,carga_GyA_g_ave,5.0,g/ave,por_ave,efluente_crudo,ESTIMACIÓN,[ESTIMACIÓN] con rangos [PVDP],FTE-09C-06 (~500 mg/L tamizado),efluente crudo tras retirar sangre y sólidos gruesos
efluente,2500,5,250,bajo,nivel=bajo,carga_GyA_kg_dia,12.5,kg,dia_operativo,efluente_crudo,ESTIMACIÓN,[ESTIMACIÓN],,
efluente,2500,5,250,bajo,nivel=bajo,concentracion_GyA_mg_l,416.666667,mg/L,adimensional,efluente_crudo,ESTIMACIÓN,[ESTIMACIÓN],,"resultado (carga / caudal), no parámetro"
efluente,2500,5,250,bajo,nivel=bajo,carga_NTK_g_ave,3.0,g/ave,por_ave,efluente_crudo,ESTIMACIÓN,[ESTIMACIÓN] con rangos [PVDP],FTE-09C-06 (150–296 mg/L),efluente crudo tras retirar sangre y sólidos gruesos
efluente,2500,5,250,bajo,nivel=bajo,carga_NTK_kg_dia,7.5,kg,dia_operativo,efluente_crudo,ESTIMACIÓN,[ESTIMACIÓN],,
efluente,2500,5,250,bajo,nivel=bajo,concentracion_NTK_mg_l,250.0,mg/L,adimensional,efluente_crudo,ESTIMACIÓN,[ESTIMACIÓN],,"resultado (carga / caudal), no parámetro"
efluente,2500,5,250,bajo,nivel=bajo,carga_PT_g_ave,0.3,g/ave,por_ave,efluente_crudo,ESTIMACIÓN,[ESTIMACIÓN] con rangos [PVDP],"FTE-09C-06 (~18,5 mg/L)",efluente crudo tras retirar sangre y sólidos gruesos
efluente,2500,5,250,bajo,nivel=bajo,carga_PT_kg_dia,0.75,kg,dia_operativo,efluente_crudo,ESTIMACIÓN,[ESTIMACIÓN],,
efluente,2500,5,250,bajo,nivel=bajo,concentracion_PT_mg_l,25.0,mg/L,adimensional,efluente_crudo,ESTIMACIÓN,[ESTIMACIÓN],,"resultado (carga / caudal), no parámetro"
efluente,2500,5,250,bajo,,dqo_extra_por_sangre_no_recuperada_g_ave,0.0,g/ave,por_ave,efluente_crudo,ESTIMACIÓN,[ESTIMACIÓN] con DQO de sangre [PVDP],FTE-181,recuperación 0.85 vs referencia 0.85
efluente,2500,5,250,bajo,,dqo_evitada_por_recuperar_sangre_kg_dia,74.830357,kg,dia_operativo,efluente_crudo,ESTIMACIÓN,[ESTIMACIÓN] con DQO de sangre [PVDP],FTE-181,orden de magnitud; no es una reducción medida
efluente,2500,5,250,bajo,nivel=bajo,caudal_efluente_m3_h_pico,3.75,m³/h,hora,agua_descargada,SUPUESTO,[SUPUESTO] factor de pico,,dimensiona ecualización
efluente,2500,5,250,bajo,nivel=bajo,remocion_dqo_requerida_ilustrativa_pct,94.0,%,adimensional,efluente_crudo,ESTIMACIÓN,[ESTIMACIÓN] con límite [PVDP],FTE-09C-08,"límite ilustrativo 250 mg/L (ADA 336/03, pluvial; a confirmar según sitio y cuerpo receptor)"
masa_evitable,2500,5,250,bajo,,sangre_recuperada_t_dia,0.209525,t,dia_operativo,biologica+agua,ESTIMACIÓN,[ESTIMACIÓN] del balance v1.1,escenarios_escala.csv,"sangre recuperada por separado (85 %, SUP-040)"
masa_evitable,2500,5,250,bajo,,plumas_t_dia,0.6032,t,dia_operativo,biologica+agua,ESTIMACIÓN,[ESTIMACIÓN] del balance v1.1,escenarios_escala.csv,plumas húmedas retiradas
masa_evitable,2500,5,250,bajo,,visceras_t_dia,0.32625,t,dia_operativo,biologica+agua,ESTIMACIÓN,[ESTIMACIÓN] del balance v1.1,escenarios_escala.csv,vísceras no comestibles
masa_evitable,2500,5,250,bajo,,cabeza_t_dia,0.18125,t,dia_operativo,biologica+agua,ESTIMACIÓN,[ESTIMACIÓN] del balance v1.1,escenarios_escala.csv,cabezas
masa_evitable,2500,5,250,bajo,,solidos_a_retirar_t_dia,1.520881,t,dia_operativo,biologica+agua,ESTIMACIÓN,[ESTIMACIÓN] del balance v1.1,escenarios_escala.csv,total sólidos a retirar en seco (C + decomisos + contenido GI; NO sumar)
masa_evitable,2500,5,250,bajo,,masa_a_efluente_o_perdida_t_dia,0.269561,t,dia_operativo,biologica+agua,ESTIMACIÓN,[ESTIMACIÓN] del balance v1.1,escenarios_escala.csv,"masa que el balance ya envía a efluente o pérdida (sangre no recuperada, cutícula, goteo, pérdidas)"
lodos,2500,5,250,bajo,nivel=bajo,lodo_daf_kg_ms_dia,41.9375,kg,dia_operativo,materia_seca,ESTIMACIÓN,[ESTIMACIÓN] con remociones [PVDP],"FTE-09C-05, FTE-09C-13",sólidos + grasas flotados + químicos
lodos,2500,5,250,bajo,nivel=bajo,lodo_daf_t_humedo_dia,0.279583,t,dia_operativo,lodo_humedo,ESTIMACIÓN,[ESTIMACIÓN] con % sólidos [PVDP],FTE-09C-13,
lodos,2500,5,250,bajo,nivel=bajo,dbo_al_tratamiento_biologico_kg_dia,25.0,kg,dia_operativo,efluente_pretratado,ESTIMACIÓN,[ESTIMACIÓN],,después de DAF
lodos,2500,5,250,bajo,nivel=bajo,lodo_biologico_aerobio_kg_ms_dia,7.125,kg,dia_operativo,materia_seca,SUPUESTO,[ESTIMACIÓN] con rendimiento [SUPUESTO],,si el tratamiento fuera aerobio completo; anaerobio genera mucho menos lodo
lodos,2500,5,250,bajo,nivel=bajo,lodos_deshidratados_t_dia,0.245312,t,dia_operativo,lodo_humedo,SUPUESTO,[ESTIMACIÓN] con [SUPUESTO],,DAF + biológico deshidratados; disposición/valorización a definir
electricidad,2500,5,250,bajo,nivel=bajo,kwh_proceso_dia,1087.5,kWh,dia_operativo,energia_electrica,FUENTE,[ESTIMACIÓN] con indicador [PVDP],"UE 152–860 kWh/t faenada; Brasil 165 kWh/t; 1,19 MJ/kg = 330 kWh/t (FTE-09C-09, FTE-09C-03)","faena, proceso, enfriado fresco, aire, agua, servicios"
electricidad,2500,5,250,bajo,nivel=bajo,kwh_proceso_frio_de_proceso_agua_helada_hielo_dia,380.625,kWh,dia_operativo,energia_electrica,SUPUESTO,[SUPUESTO] reparto ilustrativo,FTE-09C-09 (cualitativo),didáctico; no sumar con kwh_proceso_dia
electricidad,2500,5,250,bajo,nivel=bajo,kwh_proceso_motores_de_linea_y_transportadores_dia,217.5,kWh,dia_operativo,energia_electrica,SUPUESTO,[SUPUESTO] reparto ilustrativo,FTE-09C-09 (cualitativo),didáctico; no sumar con kwh_proceso_dia
electricidad,2500,5,250,bajo,nivel=bajo,kwh_proceso_aire_comprimido_dia,108.75,kWh,dia_operativo,energia_electrica,SUPUESTO,[SUPUESTO] reparto ilustrativo,FTE-09C-09 (cualitativo),didáctico; no sumar con kwh_proceso_dia
electricidad,2500,5,250,bajo,nivel=bajo,kwh_proceso_bombas_agua_y_efluentes_dia,108.75,kWh,dia_operativo,energia_electrica,SUPUESTO,[SUPUESTO] reparto ilustrativo,FTE-09C-09 (cualitativo),didáctico; no sumar con kwh_proceso_dia
electricidad,2500,5,250,bajo,nivel=bajo,kwh_proceso_climatizacion_salas_dia,87.0,kWh,dia_operativo,energia_electrica,SUPUESTO,[SUPUESTO] reparto ilustrativo,FTE-09C-09 (cualitativo),didáctico; no sumar con kwh_proceso_dia
electricidad,2500,5,250,bajo,nivel=bajo,kwh_proceso_iluminacion_dia,76.125,kWh,dia_operativo,energia_electrica,SUPUESTO,[SUPUESTO] reparto ilustrativo,FTE-09C-09 (cualitativo),didáctico; no sumar con kwh_proceso_dia
electricidad,2500,5,250,bajo,nivel=bajo,kwh_proceso_oficinas_vestuarios_servicios_dia,54.375,kWh,dia_operativo,energia_electrica,SUPUESTO,[SUPUESTO] reparto ilustrativo,FTE-09C-09 (cualitativo),didáctico; no sumar con kwh_proceso_dia
electricidad,2500,5,250,bajo,nivel=bajo,kwh_proceso_otros_dia,54.375,kWh,dia_operativo,energia_electrica,SUPUESTO,[SUPUESTO] reparto ilustrativo,FTE-09C-09 (cualitativo),didáctico; no sumar con kwh_proceso_dia
inventario,2500,5,250,bajo,,stock_refrigerado_t,16.176264,t,stock,comercial,ESTIMACIÓN,[ESTIMACIÓN],"SUP-055, SUP-056",base=dias_produccion; días=3; perfil=P1
inventario,2500,5,250,bajo,,stock_congelado_t,8.387693,t,stock,comercial,ESTIMACIÓN,[ESTIMACIÓN],"SUP-055, SUP-056",base=dias_produccion; días=14; incluye exportación
congelado,2500,5,250,bajo,,capacidad_congelacion_t_dia,0.599121,t,dia_operativo,comercial,ESTIMACIÓN,[ESTIMACIÓN],SUP-055,t que hay que congelar cada día de faena (túneles/IQF)
congelado,2500,5,250,bajo,,capacidad_almacenamiento_congelado_t,8.387693,t,stock,comercial,ESTIMACIÓN,[ESTIMACIÓN],,t que hay que guardar (cámaras); NO es capacidad de congelación
congelado,2500,5,250,bajo,nivel=bajo,garras_a_congelar_t_dia_informativo,0.0,t,dia_operativo,comercial,SUPUESTO,[SUPUESTO],,ya incluidas dentro del comestible: NO sumar al perfil
congelado,2500,5,250,bajo,nivel=bajo,menudencias_a_congelar_t_dia_informativo,0.0,t,dia_operativo,comercial,SUPUESTO,[SUPUESTO],,ya incluidas dentro del comestible: NO sumar al perfil
congelado,2500,5,250,bajo,nivel=bajo,calor_a_extraer_congelacion_kj_kg,355.332,kJ/kg,adimensional,producto,ESTIMACIÓN,[ESTIMACIÓN] con propiedades [PVDP],FTE-09C-14,"de +4 °C a −18 °C, con pérdidas"
frio,2500,5,250,bajo,nivel=bajo,kw_frigorificos_enfriado_producto_fresco,45.615164,kW frigoríficos,potencia,frio,ESTIMACIÓN,[ESTIMACIÓN] con [SUPUESTO],,chiller + menudencias + salas/docks; durante 8 h netas
frio,2500,5,250,bajo,nivel=bajo,tr_enfriado_producto_fresco,12.969907,TR,potencia,frio,ESTIMACIÓN,[ESTIMACIÓN],,"1 TR = 3,517 kW frigoríficos"
frio,2500,5,250,bajo,nivel=bajo,kw_electricos_enfriado_producto_fresco,11.403791,kW eléctricos,potencia,energia_electrica,SUPUESTO,[ESTIMACIÓN] con COP [SUPUESTO],,kW eléctricos = kW frigoríficos / COP
frio,2500,5,250,bajo,nivel=bajo,kw_frigorificos_congelacion_tuneles,2.956761,kW frigoríficos,potencia,frio,ESTIMACIÓN,[ESTIMACIÓN] con [SUPUESTO],,durante 20 h/día
frio,2500,5,250,bajo,nivel=bajo,tr_congelacion_tuneles,0.840706,TR,potencia,frio,ESTIMACIÓN,[ESTIMACIÓN],,"1 TR = 3,517 kW frigoríficos"
frio,2500,5,250,bajo,nivel=bajo,kw_electricos_congelacion_tuneles,1.642645,kW eléctricos,potencia,energia_electrica,SUPUESTO,[ESTIMACIÓN] con COP [SUPUESTO],,kW eléctricos = kW frigoríficos / COP
frio,2500,5,250,bajo,nivel=bajo,kw_frigorificos_camaras_almacenamiento,2.291637,kW frigoríficos,potencia,frio,ESTIMACIÓN,[ESTIMACIÓN] con [SUPUESTO],,"24 h, 365 días; desde kWh/(t·día)"
frio,2500,5,250,bajo,nivel=bajo,tr_camaras_almacenamiento,0.651589,TR,potencia,frio,ESTIMACIÓN,[ESTIMACIÓN],,"1 TR = 3,517 kW frigoríficos"
frio,2500,5,250,bajo,nivel=bajo,kw_electricos_camaras_almacenamiento,0.861236,kW eléctricos,potencia,energia_electrica,SUPUESTO,[ESTIMACIÓN] con COP [SUPUESTO],,kW eléctricos = kW frigoríficos / COP
frio,2500,5,250,bajo,nivel=bajo,kj_frio_enfriado_por_ave,525.486686,kJ/ave,por_ave,frio,ESTIMACIÓN,[ESTIMACIÓN] con [SUPUESTO],FTE-09C-14,
electricidad,2500,5,250,bajo,nivel=bajo,kwh_congelacion_dia,71.894508,kWh,dia_operativo,energia_electrica,FUENTE,[ESTIMACIÓN] con indicador [PVDP],120–260 kWh/t de ave congelada; 133 kWh/t (FTE-09C-10),
electricidad,2500,5,250,bajo,nivel=bajo,kwh_almacenamiento_frio_dia_calendario,20.669671,kWh,dia_calendario,energia_electrica,SUPUESTO,[ESTIMACIÓN] con [SUPUESTO],,las cámaras funcionan también sin faena
electricidad,2500,5,250,bajo,nivel=bajo,kwh_tratamiento_aerobio_dia,16.625,kWh,dia_operativo,energia_electrica,SUPUESTO,[ESTIMACIÓN] con [SUPUESTO],,cota: si todo el biológico fuera aerobio
electricidad,2500,5,250,bajo,nivel=bajo,kwh_total_dia_operativo,1196.689179,kWh,dia_operativo,energia_electrica,ESTIMACIÓN,[ESTIMACIÓN],,proceso + congelado + aerobio + cámaras
electricidad,2500,5,250,bajo,nivel=bajo,kwh_total_anio,301549.306933,kWh,anio,energia_electrica,ESTIMACIÓN,[ESTIMACIÓN],,cámaras × 365 días; resto × días de faena
electricidad,2500,5,250,bajo,nivel=bajo,kwh_por_ave_promedio_anual,0.482479,kWh/ave,por_ave,energia_electrica,ESTIMACIÓN,[ESTIMACIÓN],,
electricidad,2500,5,250,bajo,nivel=bajo,kw_potencia_media_operacion,82.827241,kW,potencia,energia_electrica,ESTIMACIÓN,[ESTIMACIÓN],,proceso sobre 14 h + túneles + cámaras + efluentes
electricidad,2500,5,250,bajo,nivel=bajo,kw_potencia_pico_estimada,106.130813,kW,potencia,energia_electrica,SUPUESTO,[ESTIMACIÓN] con factor de pico [SUPUESTO],,orden de magnitud para pedir potencia; no es diseño
termico,2500,5,250,bajo,nivel=bajo,calor_util_escaldado_mj_dia,508.599,MJ,dia_operativo,energia_termica,ESTIMACIÓN,[ESTIMACIÓN] con temperaturas [PVDP]/[SUPUESTO],FTE-09C-11,
termico,2500,5,250,bajo,nivel=bajo,kw_termicos_escaldado,17.659687,kW térmicos,potencia,energia_termica,ESTIMACIÓN,[ESTIMACIÓN],,durante 8 h
termico,2500,5,250,bajo,nivel=bajo,calor_util_limpieza_mj_dia,502.32,MJ,dia_operativo,energia_termica,ESTIMACIÓN,[ESTIMACIÓN] con temperaturas [PVDP]/[SUPUESTO],FTE-09C-11,
termico,2500,5,250,bajo,nivel=bajo,kw_termicos_limpieza,34.883333,kW térmicos,potencia,energia_termica,ESTIMACIÓN,[ESTIMACIÓN],,durante 4 h
termico,2500,5,250,bajo,nivel=bajo,calor_util_sanitizacion_mj_dia,140.6496,MJ,dia_operativo,energia_termica,ESTIMACIÓN,[ESTIMACIÓN] con temperaturas [PVDP]/[SUPUESTO],FTE-09C-11,
termico,2500,5,250,bajo,nivel=bajo,kw_termicos_sanitizacion,3.255778,kW térmicos,potencia,energia_termica,ESTIMACIÓN,[ESTIMACIÓN],,durante 12 h
termico,2500,5,250,bajo,nivel=bajo,calor_util_mj_ave,0.460627,MJ/ave,por_ave,energia_termica,ESTIMACIÓN,[ESTIMACIÓN],,
termico,2500,5,250,bajo,nivel=bajo,energia_combustible_mj_dia,1354.786588,MJ,dia_operativo,energia_termica,ESTIMACIÓN,[ESTIMACIÓN] con rendimiento [SUPUESTO],,
termico,2500,5,250,bajo,nivel=bajo,energia_combustible_kwh_dia,376.329608,kWh,dia_operativo,energia_termica,ESTIMACIÓN,[ESTIMACIÓN],,kWh TÉRMICOS (no eléctricos)
termico,2500,5,250,bajo,nivel=bajo,equivalente_gas_natural_m3_dia,34.827419,m3,dia_operativo,energia_termica,SUPUESTO,[ESTIMACIÓN] con PCI [SUPUESTO],~9.300 kcal/m³ (a verificar con distribuidora),"equivalencia, no elección"
termico,2500,5,250,bajo,nivel=bajo,equivalente_glp_kg_dia,29.451882,kg,dia_operativo,energia_termica,SUPUESTO,[ESTIMACIÓN] con PCI [SUPUESTO],~11.000 kcal/kg,"equivalencia, no elección"
termico,2500,5,250,bajo,nivel=bajo,equivalente_biomasa_chip_kg_dia,96.770471,kg,dia_operativo,energia_termica,SUPUESTO,[ESTIMACIÓN] con PCI [SUPUESTO],chip de madera ~20–25 % humedad; muy variable,"equivalencia, no elección"
termico,2500,5,250,bajo,nivel=bajo,equivalente_electricidad_resistiva_kwh_dia,326.408333,kWh,dia_operativo,energia_termica,SUPUESTO,[ESTIMACIÓN],,rendimiento 98 %; bomba de calor dividiría por su COP (limitada a ~60–70 °C)
respaldo,2500,5,250,bajo,nivel=bajo,kw_critico_camaras_frio,1.119607,kW,potencia,energia_electrica,SUPUESTO,[ESTIMACIÓN] con [SUPUESTO],,
respaldo,2500,5,250,bajo,nivel=bajo,kw_critico_efluentes_minimo,0.346354,kW,potencia,energia_electrica,SUPUESTO,[ESTIMACIÓN] con [SUPUESTO],,
respaldo,2500,5,250,bajo,nivel=bajo,kw_critico_control_it_seguridad,2.019643,kW,potencia,energia_electrica,SUPUESTO,[ESTIMACIÓN] con [SUPUESTO],,
respaldo,2500,5,250,bajo,nivel=bajo,kw_critico_iluminacion_emergencia,1.009821,kW,potencia,energia_electrica,SUPUESTO,[ESTIMACIÓN] con [SUPUESTO],,
respaldo,2500,5,250,bajo,nivel=bajo,kw_critico_bombeo_agua_minimo,3.029464,kW,potencia,energia_electrica,SUPUESTO,[ESTIMACIÓN] con [SUPUESTO],,
respaldo,2500,5,250,bajo,nivel=bajo,kw_critico_anden_aves_ventilacion,2.019643,kW,potencia,energia_electrica,SUPUESTO,[ESTIMACIÓN] con [SUPUESTO],,
respaldo,2500,5,250,bajo,nivel=bajo,kw_respaldo_cargas_criticas,9.544533,kW,potencia,energia_electrica,SUPUESTO,[ESTIMACIÓN] con [SUPUESTO],,cámaras + control + emergencia + efluentes + agua + andén
respaldo,2500,5,250,bajo,nivel=bajo,kva_respaldo_cargas_criticas,11.930666,kVA,potencia,energia_electrica,SUPUESTO,[ESTIMACIÓN],,"fp 0,8"
respaldo,2500,5,250,bajo,nivel=bajo,kva_respaldo_planta_completa,132.663516,kVA,potencia,energia_electrica,SUPUESTO,[ESTIMACIÓN],,si se quisiera sostener también la línea
perfil_frio,2500,5,250,bajo,perfil=P2,capacidad_congelacion_t_dia,2.396484,t,dia_operativo,comercial,ESTIMACIÓN,[ESTIMACIÓN],SUP-055,t que hay que congelar cada día de faena (túneles/IQF)
perfil_frio,2500,5,250,bajo,perfil=P2,capacidad_almacenamiento_congelado_t,33.55077,t,stock,comercial,ESTIMACIÓN,[ESTIMACIÓN],,t que hay que guardar (cámaras); NO es capacidad de congelación
perfil_frio,2500,5,250,bajo,perfil=P2,stock_refrigerado_t,10.784176,t,stock,comercial,ESTIMACIÓN,[ESTIMACIÓN],"SUP-055, SUP-056",base=dias_produccion; días=3; perfil=P2
perfil_frio,2500,5,250,bajo,perfil=P2,kw_frigorificos_congelacion_tuneles,11.827046,kW frigoríficos,potencia,frio,ESTIMACIÓN,[ESTIMACIÓN] con [SUPUESTO],,durante 20 h/día
perfil_frio,2500,5,250,bajo,perfil=P2,kw_electricos_congelacion_tuneles,6.570581,kW eléctricos,potencia,energia_electrica,SUPUESTO,[ESTIMACIÓN] con COP [SUPUESTO],,kW eléctricos = kW frigoríficos / COP
perfil_frio,2500,5,250,bajo,perfil=P2,kw_frigorificos_camaras_almacenamiento,4.673143,kW frigoríficos,potencia,frio,ESTIMACIÓN,[ESTIMACIÓN] con [SUPUESTO],,"24 h, 365 días; desde kWh/(t·día)"
perfil_frio,2500,5,250,bajo,perfil=P2,kwh_congelacion_dia,287.578032,kWh,dia_operativo,energia_electrica,FUENTE,[ESTIMACIÓN] con indicador [PVDP],120–260 kWh/t de ave congelada; 133 kWh/t (FTE-09C-10),
perfil_frio,2500,5,250,bajo,perfil=P2,kwh_almacenamiento_frio_dia_calendario,55.718244,kWh,dia_calendario,energia_electrica,SUPUESTO,[ESTIMACIÓN] con [SUPUESTO],,las cámaras funcionan también sin faena
perfil_frio,2500,5,250,bajo,perfil=P2,kw_respaldo_cargas_criticas,11.442997,kW,potencia,energia_electrica,SUPUESTO,[ESTIMACIÓN] con [SUPUESTO],,cámaras + control + emergencia + efluentes + agua + andén
perfil_frio,2500,5,250,bajo,perfil=P3,capacidad_congelacion_t_dia,2.995604,t,dia_operativo,comercial,ESTIMACIÓN,[ESTIMACIÓN],SUP-055,t que hay que congelar cada día de faena (túneles/IQF)
perfil_frio,2500,5,250,bajo,perfil=P3,capacidad_almacenamiento_congelado_t,41.938463,t,stock,comercial,ESTIMACIÓN,[ESTIMACIÓN],,t que hay que guardar (cámaras); NO es capacidad de congelación
perfil_frio,2500,5,250,bajo,perfil=P3,stock_refrigerado_t,8.986814,t,stock,comercial,ESTIMACIÓN,[ESTIMACIÓN],"SUP-055, SUP-056",base=dias_produccion; días=3; perfil=P3
perfil_frio,2500,5,250,bajo,perfil=P3,kw_frigorificos_congelacion_tuneles,14.783807,kW frigoríficos,potencia,frio,ESTIMACIÓN,[ESTIMACIÓN] con [SUPUESTO],,durante 20 h/día
perfil_frio,2500,5,250,bajo,perfil=P3,kw_electricos_congelacion_tuneles,8.213226,kW eléctricos,potencia,energia_electrica,SUPUESTO,[ESTIMACIÓN] con COP [SUPUESTO],,kW eléctricos = kW frigoríficos / COP
perfil_frio,2500,5,250,bajo,perfil=P3,kw_frigorificos_camaras_almacenamiento,5.466978,kW frigoríficos,potencia,frio,ESTIMACIÓN,[ESTIMACIÓN] con [SUPUESTO],,"24 h, 365 días; desde kWh/(t·día)"
perfil_frio,2500,5,250,bajo,perfil=P3,kwh_congelacion_dia,359.47254,kWh,dia_operativo,energia_electrica,FUENTE,[ESTIMACIÓN] con indicador [PVDP],120–260 kWh/t de ave congelada; 133 kWh/t (FTE-09C-10),
perfil_frio,2500,5,250,bajo,perfil=P3,kwh_almacenamiento_frio_dia_calendario,67.401101,kWh,dia_calendario,energia_electrica,SUPUESTO,[ESTIMACIÓN] con [SUPUESTO],,las cámaras funcionan también sin faena
perfil_frio,2500,5,250,bajo,perfil=P3,kw_respaldo_cargas_criticas,12.075819,kW,potencia,energia_electrica,SUPUESTO,[ESTIMACIÓN] con [SUPUESTO],,cámaras + control + emergencia + efluentes + agua + andén
entrada,2500,5,250,medio,,aves_faenadas_dia_operativo,2500.0,aves,dia_operativo,aves,SUPUESTO,[SUPUESTO],SUP-052,escala = capacidad operativa
entrada,2500,5,250,medio,,t_vivas_dia_operativo,7.25,t,dia_operativo,vivo,ESTIMACIÓN,[ESTIMACIÓN],escenarios_escala.csv,
agua,2500,5,250,medio,nivel=medio,agua_recepcion_l_ave,1.0,L/ave,por_ave,agua_utilizada,SUPUESTO,[SUPUESTO],sin fuente por ave; DPV propuesto,"Recepción: lavado de jaulas/módulos, camiones y andén"
agua,2500,5,250,medio,nivel=medio,agua_recepcion_m3_dia,2.5,m³,dia_operativo,agua_utilizada,ESTIMACIÓN,[ESTIMACIÓN],,"Recepción: lavado de jaulas/módulos, camiones y andén"
agua,2500,5,250,medio,nivel=medio,agua_escaldado_l_ave,1.2,L/ave,por_ave,agua_utilizada,FUENTE,[FUENTE] [PVDP],"mín. ~1 cuarto de galón (0,95 L)/ave (FTE-09C-11, FTE-09C-18)","Escaldado: llenado, reposición y desborde"
agua,2500,5,250,medio,nivel=medio,agua_escaldado_m3_dia,3.0,m³,dia_operativo,agua_utilizada,ESTIMACIÓN,[ESTIMACIÓN],,"Escaldado: llenado, reposición y desborde"
agua,2500,5,250,medio,nivel=medio,agua_desplumado_l_ave,2.0,L/ave,por_ave,agua_utilizada,SUPUESTO,[SUPUESTO],incluido en totales de FTE-09C-01/02,Desplumado: duchas y transporte de plumas
agua,2500,5,250,medio,nivel=medio,agua_desplumado_m3_dia,5.0,m³,dia_operativo,agua_utilizada,ESTIMACIÓN,[ESTIMACIÓN],,Desplumado: duchas y transporte de plumas
agua,2500,5,250,medio,nivel=medio,agua_evisceracion_l_ave,6.0,L/ave,por_ave,agua_utilizada,FUENTE,[FUENTE] [PVDP],"7,57 L/ave (FTE-09C-01)",Evisceración: lavados interior/exterior y transporte hidráulico de vísceras
agua,2500,5,250,medio,nivel=medio,agua_evisceracion_m3_dia,15.0,m³,dia_operativo,agua_utilizada,ESTIMACIÓN,[ESTIMACIÓN],,Evisceración: lavados interior/exterior y transporte hidráulico de vísceras
agua,2500,5,250,medio,nivel=medio,agua_lavado_l_ave,3.0,L/ave,por_ave,agua_utilizada,FUENTE,[FUENTE] [PVDP],"4,25–4,35 L/ave (FTE-09C-01)",Lavado final de carcasas
agua,2500,5,250,medio,nivel=medio,agua_lavado_m3_dia,7.5,m³,dia_operativo,agua_utilizada,ESTIMACIÓN,[ESTIMACIÓN],,Lavado final de carcasas
agua,2500,5,250,medio,nivel=medio,agua_chiller_l_ave,2.8,L/ave,por_ave,agua_utilizada,FUENTE,[FUENTE] [PVDP],"mín. 0,5 gal = 1,9 L/ave; típico 2,8–5,7 L/ave (FTE-09C-18); 2,12 L/ave (FTE-09C-01)",Chiller: reposición de agua (contracorriente)
agua,2500,5,250,medio,nivel=medio,agua_chiller_m3_dia,7.0,m³,dia_operativo,agua_utilizada,ESTIMACIÓN,[ESTIMACIÓN],,Chiller: reposición de agua (contracorriente)
agua,2500,5,250,medio,nivel=medio,agua_despiece_l_ave,1.0,L/ave,por_ave,agua_utilizada,FUENTE,[FUENTE] [PVDP],"3,03 L/ave (FTE-09C-01)",Sala de despiece y deshuese
agua,2500,5,250,medio,nivel=medio,agua_despiece_m3_dia,2.5,m³,dia_operativo,agua_utilizada,ESTIMACIÓN,[ESTIMACIÓN],,Sala de despiece y deshuese
agua,2500,5,250,medio,nivel=medio,agua_limpieza_l_ave,5.0,L/ave,por_ave,agua_utilizada,FUENTE,[FUENTE] [PVDP],"1,5–3 gal = 5,7–11,4 L/ave saneamiento + 0,9–3,8 L equipos (FTE-09C-01)",Limpieza de equipos y salas (fin de turno)
agua,2500,5,250,medio,nivel=medio,agua_limpieza_m3_dia,12.5,m³,dia_operativo,agua_utilizada,ESTIMACIÓN,[ESTIMACIÓN],,Limpieza de equipos y salas (fin de turno)
agua,2500,5,250,medio,nivel=medio,agua_sanitizacion_l_ave,1.0,L/ave,por_ave,agua_utilizada,SUPUESTO,[SUPUESTO],sin fuente separada,"Sanitización: esterilizadores, lavamanos, pediluvios, enjuagues"
agua,2500,5,250,medio,nivel=medio,agua_sanitizacion_m3_dia,2.5,m³,dia_operativo,agua_utilizada,ESTIMACIÓN,[ESTIMACIÓN],,"Sanitización: esterilizadores, lavamanos, pediluvios, enjuagues"
agua,2500,5,250,medio,nivel=medio,agua_auxiliares_l_ave,2.0,L/ave,por_ave,agua_utilizada,SUPUESTO,[SUPUESTO],sin fuente separada,"Servicios auxiliares: caldera, condensadores evaporativos, vestuarios, comedor"
agua,2500,5,250,medio,nivel=medio,agua_auxiliares_m3_dia,5.0,m³,dia_operativo,agua_utilizada,ESTIMACIÓN,[ESTIMACIÓN],,"Servicios auxiliares: caldera, condensadores evaporativos, vestuarios, comedor"
agua,2500,5,250,medio,nivel=medio,agua_utilizada_l_ave,25.0,L/ave,por_ave,agua_utilizada,ESTIMACIÓN,[ESTIMACIÓN] con rangos [PVDP],FTE-09C-01 a 04,consumo industrial; NO incluye agua retenida
agua,2500,5,250,medio,nivel=medio,agua_utilizada_m3_dia,62.5,m³,dia_operativo,agua_utilizada,ESTIMACIÓN,[ESTIMACIÓN],,
agua,2500,5,250,medio,nivel=medio,agua_utilizada_m3_anio,15625.0,m³,anio,agua_utilizada,ESTIMACIÓN,[ESTIMACIÓN],,
agua,2500,5,250,medio,nivel=medio,agua_utilizada_m3_h_medio,5.208333,m³/h,hora,agua_utilizada,ESTIMACIÓN,[ESTIMACIÓN],,sobre 12 h (faena + limpieza)
agua,2500,5,250,medio,nivel=medio,agua_utilizada_m3_h_pico,9.375,m³/h,hora,agua_utilizada,SUPUESTO,[SUPUESTO] factor de pico,,"dimensiona captación, bombeo y reserva"
agua,2500,5,250,medio,nivel=medio,reserva_agua_1_dia_m3,62.5,m³,stock,agua_utilizada,ESTIMACIÓN,[ESTIMACIÓN],,"volumen equivalente a un día de uso (referencia conceptual, no diseño)"
agua,2500,5,250,medio,nivel=medio,agua_descargada_m3_dia,55.0,m³,dia_operativo,agua_descargada,SUPUESTO,[ESTIMACIÓN] con fracción [SUPUESTO],,fracción a efluente = 0.88
agua,2500,5,250,medio,nivel=medio,agua_descargada_l_ave,22.0,L/ave,por_ave,agua_descargada,ESTIMACIÓN,[ESTIMACIÓN],,
agua,2500,5,250,medio,nivel=medio,agua_no_descargada_m3_dia,7.5,m³,dia_operativo,agua_no_descargada,ESTIMACIÓN,[ESTIMACIÓN],,evaporación + retenida + sale con subproductos + pérdidas
agua_retenida,2500,5,250,medio,,agua_retenida_en_producto_t_dia,0.213816,t,dia_operativo,agua_retenida,ESTIMACIÓN,[ESTIMACIÓN] del balance v1.1,escenarios_escala.csv,sale vendida con el producto; NO es consumo industrial ni efluente
agua_retenida,2500,5,250,medio,,agua_incorporada_producto_y_subproductos_t_dia,0.531652,t,dia_operativo,agua_retenida,ESTIMACIÓN,[ESTIMACIÓN] del balance v1.1,escenarios_escala.csv,absorbida en chiller + adherida a plumas (incluye goteo posterior)
agua_retenida,2500,5,250,medio,,agua_retenida_sobre_agua_utilizada_pct,0.342106,%,adimensional,agua,ESTIMACIÓN,[ESTIMACIÓN],,cuánto del agua usada termina dentro del producto
efluente,2500,5,250,medio,nivel=medio,carga_DQO_g_ave,100.0,g/ave,por_ave,efluente_crudo,ESTIMACIÓN,[ESTIMACIÓN] con rangos [PVDP],FTE-181; FTE-09C-05,efluente crudo tras retirar sangre y sólidos gruesos
efluente,2500,5,250,medio,nivel=medio,carga_DQO_kg_dia,250.0,kg,dia_operativo,efluente_crudo,ESTIMACIÓN,[ESTIMACIÓN],,
efluente,2500,5,250,medio,nivel=medio,concentracion_DQO_mg_l,4545.454545,mg/L,adimensional,efluente_crudo,ESTIMACIÓN,[ESTIMACIÓN],,"resultado (carga / caudal), no parámetro"
efluente,2500,5,250,medio,nivel=medio,carga_DBO5_g_ave,50.0,g/ave,por_ave,efluente_crudo,ESTIMACIÓN,[ESTIMACIÓN] con rangos [PVDP],"FTE-181; FTE-09C-05 (DBO/DQO ~0,4–0,6)",efluente crudo tras retirar sangre y sólidos gruesos
efluente,2500,5,250,medio,nivel=medio,carga_DBO5_kg_dia,125.0,kg,dia_operativo,efluente_crudo,ESTIMACIÓN,[ESTIMACIÓN],,
efluente,2500,5,250,medio,nivel=medio,concentracion_DBO5_mg_l,2272.727273,mg/L,adimensional,efluente_crudo,ESTIMACIÓN,[ESTIMACIÓN],,"resultado (carga / caudal), no parámetro"
efluente,2500,5,250,medio,nivel=medio,carga_SST_g_ave,35.0,g/ave,por_ave,efluente_crudo,ESTIMACIÓN,[ESTIMACIÓN] con rangos [PVDP],FTE-181; FTE-09C-05,efluente crudo tras retirar sangre y sólidos gruesos
efluente,2500,5,250,medio,nivel=medio,carga_SST_kg_dia,87.5,kg,dia_operativo,efluente_crudo,ESTIMACIÓN,[ESTIMACIÓN],,
efluente,2500,5,250,medio,nivel=medio,concentracion_SST_mg_l,1590.909091,mg/L,adimensional,efluente_crudo,ESTIMACIÓN,[ESTIMACIÓN],,"resultado (carga / caudal), no parámetro"
efluente,2500,5,250,medio,nivel=medio,carga_GyA_g_ave,11.0,g/ave,por_ave,efluente_crudo,ESTIMACIÓN,[ESTIMACIÓN] con rangos [PVDP],FTE-09C-06 (~500 mg/L tamizado),efluente crudo tras retirar sangre y sólidos gruesos
efluente,2500,5,250,medio,nivel=medio,carga_GyA_kg_dia,27.5,kg,dia_operativo,efluente_crudo,ESTIMACIÓN,[ESTIMACIÓN],,
efluente,2500,5,250,medio,nivel=medio,concentracion_GyA_mg_l,500.0,mg/L,adimensional,efluente_crudo,ESTIMACIÓN,[ESTIMACIÓN],,"resultado (carga / caudal), no parámetro"
efluente,2500,5,250,medio,nivel=medio,carga_NTK_g_ave,5.0,g/ave,por_ave,efluente_crudo,ESTIMACIÓN,[ESTIMACIÓN] con rangos [PVDP],FTE-09C-06 (150–296 mg/L),efluente crudo tras retirar sangre y sólidos gruesos
efluente,2500,5,250,medio,nivel=medio,carga_NTK_kg_dia,12.5,kg,dia_operativo,efluente_crudo,ESTIMACIÓN,[ESTIMACIÓN],,
efluente,2500,5,250,medio,nivel=medio,concentracion_NTK_mg_l,227.272727,mg/L,adimensional,efluente_crudo,ESTIMACIÓN,[ESTIMACIÓN],,"resultado (carga / caudal), no parámetro"
efluente,2500,5,250,medio,nivel=medio,carga_PT_g_ave,0.5,g/ave,por_ave,efluente_crudo,ESTIMACIÓN,[ESTIMACIÓN] con rangos [PVDP],"FTE-09C-06 (~18,5 mg/L)",efluente crudo tras retirar sangre y sólidos gruesos
efluente,2500,5,250,medio,nivel=medio,carga_PT_kg_dia,1.25,kg,dia_operativo,efluente_crudo,ESTIMACIÓN,[ESTIMACIÓN],,
efluente,2500,5,250,medio,nivel=medio,concentracion_PT_mg_l,22.727273,mg/L,adimensional,efluente_crudo,ESTIMACIÓN,[ESTIMACIÓN],,"resultado (carga / caudal), no parámetro"
efluente,2500,5,250,medio,,dqo_extra_por_sangre_no_recuperada_g_ave,0.0,g/ave,por_ave,efluente_crudo,ESTIMACIÓN,[ESTIMACIÓN] con DQO de sangre [PVDP],FTE-181,recuperación 0.85 vs referencia 0.85
efluente,2500,5,250,medio,,dqo_evitada_por_recuperar_sangre_kg_dia,74.830357,kg,dia_operativo,efluente_crudo,ESTIMACIÓN,[ESTIMACIÓN] con DQO de sangre [PVDP],FTE-181,orden de magnitud; no es una reducción medida
efluente,2500,5,250,medio,nivel=medio,caudal_efluente_m3_h_pico,8.25,m³/h,hora,agua_descargada,SUPUESTO,[SUPUESTO] factor de pico,,dimensiona ecualización
efluente,2500,5,250,medio,nivel=medio,remocion_dqo_requerida_ilustrativa_pct,94.5,%,adimensional,efluente_crudo,ESTIMACIÓN,[ESTIMACIÓN] con límite [PVDP],FTE-09C-08,"límite ilustrativo 250 mg/L (ADA 336/03, pluvial; a confirmar según sitio y cuerpo receptor)"
masa_evitable,2500,5,250,medio,,sangre_recuperada_t_dia,0.209525,t,dia_operativo,biologica+agua,ESTIMACIÓN,[ESTIMACIÓN] del balance v1.1,escenarios_escala.csv,"sangre recuperada por separado (85 %, SUP-040)"
masa_evitable,2500,5,250,medio,,plumas_t_dia,0.6032,t,dia_operativo,biologica+agua,ESTIMACIÓN,[ESTIMACIÓN] del balance v1.1,escenarios_escala.csv,plumas húmedas retiradas
masa_evitable,2500,5,250,medio,,visceras_t_dia,0.32625,t,dia_operativo,biologica+agua,ESTIMACIÓN,[ESTIMACIÓN] del balance v1.1,escenarios_escala.csv,vísceras no comestibles
masa_evitable,2500,5,250,medio,,cabeza_t_dia,0.18125,t,dia_operativo,biologica+agua,ESTIMACIÓN,[ESTIMACIÓN] del balance v1.1,escenarios_escala.csv,cabezas
masa_evitable,2500,5,250,medio,,solidos_a_retirar_t_dia,1.520881,t,dia_operativo,biologica+agua,ESTIMACIÓN,[ESTIMACIÓN] del balance v1.1,escenarios_escala.csv,total sólidos a retirar en seco (C + decomisos + contenido GI; NO sumar)
masa_evitable,2500,5,250,medio,,masa_a_efluente_o_perdida_t_dia,0.269561,t,dia_operativo,biologica+agua,ESTIMACIÓN,[ESTIMACIÓN] del balance v1.1,escenarios_escala.csv,"masa que el balance ya envía a efluente o pérdida (sangre no recuperada, cutícula, goteo, pérdidas)"
lodos,2500,5,250,medio,nivel=medio,lodo_daf_kg_ms_dia,79.6375,kg,dia_operativo,materia_seca,ESTIMACIÓN,[ESTIMACIÓN] con remociones [PVDP],"FTE-09C-05, FTE-09C-13",sólidos + grasas flotados + químicos
lodos,2500,5,250,medio,nivel=medio,lodo_daf_t_humedo_dia,0.663646,t,dia_operativo,lodo_humedo,ESTIMACIÓN,[ESTIMACIÓN] con % sólidos [PVDP],FTE-09C-13,
lodos,2500,5,250,medio,nivel=medio,dbo_al_tratamiento_biologico_kg_dia,68.75,kg,dia_operativo,efluente_pretratado,ESTIMACIÓN,[ESTIMACIÓN],,después de DAF
lodos,2500,5,250,medio,nivel=medio,lodo_biologico_aerobio_kg_ms_dia,26.125,kg,dia_operativo,materia_seca,SUPUESTO,[ESTIMACIÓN] con rendimiento [SUPUESTO],,si el tratamiento fuera aerobio completo; anaerobio genera mucho menos lodo
lodos,2500,5,250,medio,nivel=medio,lodos_deshidratados_t_dia,0.587569,t,dia_operativo,lodo_humedo,SUPUESTO,[ESTIMACIÓN] con [SUPUESTO],,DAF + biológico deshidratados; disposición/valorización a definir
electricidad,2500,5,250,medio,nivel=medio,kwh_proceso_dia,1812.5,kWh,dia_operativo,energia_electrica,FUENTE,[ESTIMACIÓN] con indicador [PVDP],"UE 152–860 kWh/t faenada; Brasil 165 kWh/t; 1,19 MJ/kg = 330 kWh/t (FTE-09C-09, FTE-09C-03)","faena, proceso, enfriado fresco, aire, agua, servicios"
electricidad,2500,5,250,medio,nivel=medio,kwh_proceso_frio_de_proceso_agua_helada_hielo_dia,634.375,kWh,dia_operativo,energia_electrica,SUPUESTO,[SUPUESTO] reparto ilustrativo,FTE-09C-09 (cualitativo),didáctico; no sumar con kwh_proceso_dia
electricidad,2500,5,250,medio,nivel=medio,kwh_proceso_motores_de_linea_y_transportadores_dia,362.5,kWh,dia_operativo,energia_electrica,SUPUESTO,[SUPUESTO] reparto ilustrativo,FTE-09C-09 (cualitativo),didáctico; no sumar con kwh_proceso_dia
electricidad,2500,5,250,medio,nivel=medio,kwh_proceso_aire_comprimido_dia,181.25,kWh,dia_operativo,energia_electrica,SUPUESTO,[SUPUESTO] reparto ilustrativo,FTE-09C-09 (cualitativo),didáctico; no sumar con kwh_proceso_dia
electricidad,2500,5,250,medio,nivel=medio,kwh_proceso_bombas_agua_y_efluentes_dia,181.25,kWh,dia_operativo,energia_electrica,SUPUESTO,[SUPUESTO] reparto ilustrativo,FTE-09C-09 (cualitativo),didáctico; no sumar con kwh_proceso_dia
electricidad,2500,5,250,medio,nivel=medio,kwh_proceso_climatizacion_salas_dia,145.0,kWh,dia_operativo,energia_electrica,SUPUESTO,[SUPUESTO] reparto ilustrativo,FTE-09C-09 (cualitativo),didáctico; no sumar con kwh_proceso_dia
electricidad,2500,5,250,medio,nivel=medio,kwh_proceso_iluminacion_dia,126.875,kWh,dia_operativo,energia_electrica,SUPUESTO,[SUPUESTO] reparto ilustrativo,FTE-09C-09 (cualitativo),didáctico; no sumar con kwh_proceso_dia
electricidad,2500,5,250,medio,nivel=medio,kwh_proceso_oficinas_vestuarios_servicios_dia,90.625,kWh,dia_operativo,energia_electrica,SUPUESTO,[SUPUESTO] reparto ilustrativo,FTE-09C-09 (cualitativo),didáctico; no sumar con kwh_proceso_dia
electricidad,2500,5,250,medio,nivel=medio,kwh_proceso_otros_dia,90.625,kWh,dia_operativo,energia_electrica,SUPUESTO,[SUPUESTO] reparto ilustrativo,FTE-09C-09 (cualitativo),didáctico; no sumar con kwh_proceso_dia
inventario,2500,5,250,medio,,stock_refrigerado_t,16.176264,t,stock,comercial,ESTIMACIÓN,[ESTIMACIÓN],"SUP-055, SUP-056",base=dias_produccion; días=3; perfil=P1
inventario,2500,5,250,medio,,stock_congelado_t,8.387693,t,stock,comercial,ESTIMACIÓN,[ESTIMACIÓN],"SUP-055, SUP-056",base=dias_produccion; días=14; incluye exportación
congelado,2500,5,250,medio,,capacidad_congelacion_t_dia,0.599121,t,dia_operativo,comercial,ESTIMACIÓN,[ESTIMACIÓN],SUP-055,t que hay que congelar cada día de faena (túneles/IQF)
congelado,2500,5,250,medio,,capacidad_almacenamiento_congelado_t,8.387693,t,stock,comercial,ESTIMACIÓN,[ESTIMACIÓN],,t que hay que guardar (cámaras); NO es capacidad de congelación
congelado,2500,5,250,medio,nivel=medio,garras_a_congelar_t_dia_informativo,0.25263,t,dia_operativo,comercial,SUPUESTO,[SUPUESTO],,ya incluidas dentro del comestible: NO sumar al perfil
congelado,2500,5,250,medio,nivel=medio,menudencias_a_congelar_t_dia_informativo,0.136373,t,dia_operativo,comercial,SUPUESTO,[SUPUESTO],,ya incluidas dentro del comestible: NO sumar al perfil
congelado,2500,5,250,medio,nivel=medio,calor_a_extraer_congelacion_kj_kg,384.943,kJ/kg,adimensional,producto,ESTIMACIÓN,[ESTIMACIÓN] con propiedades [PVDP],FTE-09C-14,"de +4 °C a −18 °C, con pérdidas"
frio,2500,5,250,medio,nivel=medio,kw_frigorificos_enfriado_producto_fresco,58.872327,kW frigoríficos,potencia,frio,ESTIMACIÓN,[ESTIMACIÓN] con [SUPUESTO],,chiller + menudencias + salas/docks; durante 8 h netas
frio,2500,5,250,medio,nivel=medio,tr_enfriado_producto_fresco,16.739359,TR,potencia,frio,ESTIMACIÓN,[ESTIMACIÓN],,"1 TR = 3,517 kW frigoríficos"
frio,2500,5,250,medio,nivel=medio,kw_electricos_enfriado_producto_fresco,19.624109,kW eléctricos,potencia,energia_electrica,SUPUESTO,[ESTIMACIÓN] con COP [SUPUESTO],,kW eléctricos = kW frigoríficos / COP
frio,2500,5,250,medio,nivel=medio,kw_frigorificos_congelacion_tuneles,3.203158,kW frigoríficos,potencia,frio,ESTIMACIÓN,[ESTIMACIÓN] con [SUPUESTO],,durante 20 h/día
frio,2500,5,250,medio,nivel=medio,tr_congelacion_tuneles,0.910764,TR,potencia,frio,ESTIMACIÓN,[ESTIMACIÓN],,"1 TR = 3,517 kW frigoríficos"
frio,2500,5,250,medio,nivel=medio,kw_electricos_congelacion_tuneles,2.28797,kW eléctricos,potencia,energia_electrica,SUPUESTO,[ESTIMACIÓN] con COP [SUPUESTO],,kW eléctricos = kW frigoríficos / COP
frio,2500,5,250,medio,nivel=medio,kw_frigorificos_camaras_almacenamiento,3.489879,kW frigoríficos,potencia,frio,ESTIMACIÓN,[ESTIMACIÓN] con [SUPUESTO],,"24 h, 365 días; desde kWh/(t·día)"
frio,2500,5,250,medio,nivel=medio,tr_camaras_almacenamiento,0.992289,TR,potencia,frio,ESTIMACIÓN,[ESTIMACIÓN],,"1 TR = 3,517 kW frigoríficos"
frio,2500,5,250,medio,nivel=medio,kw_electricos_camaras_almacenamiento,1.722473,kW eléctricos,potencia,energia_electrica,SUPUESTO,[ESTIMACIÓN] con COP [SUPUESTO],,kW eléctricos = kW frigoríficos / COP
frio,2500,5,250,medio,nivel=medio,kj_frio_enfriado_por_ave,678.209208,kJ/ave,por_ave,frio,ESTIMACIÓN,[ESTIMACIÓN] con [SUPUESTO],FTE-09C-14,
electricidad,2500,5,250,medio,nivel=medio,kwh_congelacion_dia,113.832971,kWh,dia_operativo,energia_electrica,FUENTE,[ESTIMACIÓN] con indicador [PVDP],120–260 kWh/t de ave congelada; 133 kWh/t (FTE-09C-10),
electricidad,2500,5,250,medio,nivel=medio,kwh_almacenamiento_frio_dia_calendario,41.339342,kWh,dia_calendario,energia_electrica,SUPUESTO,[ESTIMACIÓN] con [SUPUESTO],,las cámaras funcionan también sin faena
electricidad,2500,5,250,medio,nivel=medio,kwh_tratamiento_aerobio_dia,78.375,kWh,dia_operativo,energia_electrica,SUPUESTO,[ESTIMACIÓN] con [SUPUESTO],,cota: si todo el biológico fuera aerobio
electricidad,2500,5,250,medio,nivel=medio,kwh_total_dia_operativo,2046.047313,kWh,dia_operativo,energia_electrica,ESTIMACIÓN,[ESTIMACIÓN],,proceso + congelado + aerobio + cámaras
electricidad,2500,5,250,medio,nivel=medio,kwh_total_anio,516265.852617,kWh,anio,energia_electrica,ESTIMACIÓN,[ESTIMACIÓN],,cámaras × 365 días; resto × días de faena
electricidad,2500,5,250,medio,nivel=medio,kwh_por_ave_promedio_anual,0.826025,kWh/ave,por_ave,energia_electrica,ESTIMACIÓN,[ESTIMACIÓN],,
electricidad,2500,5,250,medio,nivel=medio,kw_potencia_media_operacion,140.144032,kW,potencia,energia_electrica,ESTIMACIÓN,[ESTIMACIÓN],,proceso sobre 14 h + túneles + cámaras + efluentes
electricidad,2500,5,250,medio,nivel=medio,kw_potencia_pico_estimada,204.876175,kW,potencia,energia_electrica,SUPUESTO,[ESTIMACIÓN] con factor de pico [SUPUESTO],,orden de magnitud para pedir potencia; no es diseño
termico,2500,5,250,medio,nivel=medio,calor_util_escaldado_mj_dia,1004.64,MJ,dia_operativo,energia_termica,ESTIMACIÓN,[ESTIMACIÓN] con temperaturas [PVDP]/[SUPUESTO],FTE-09C-11,
termico,2500,5,250,medio,nivel=medio,kw_termicos_escaldado,34.883333,kW térmicos,potencia,energia_termica,ESTIMACIÓN,[ESTIMACIÓN],,durante 8 h
termico,2500,5,250,medio,nivel=medio,calor_util_limpieza_mj_dia,1161.615,MJ,dia_operativo,energia_termica,ESTIMACIÓN,[ESTIMACIÓN] con temperaturas [PVDP]/[SUPUESTO],FTE-09C-11,
termico,2500,5,250,medio,nivel=medio,kw_termicos_limpieza,80.667708,kW térmicos,potencia,energia_termica,ESTIMACIÓN,[ESTIMACIÓN],,durante 4 h
termico,2500,5,250,medio,nivel=medio,calor_util_sanitizacion_mj_dia,334.88,MJ,dia_operativo,energia_termica,ESTIMACIÓN,[ESTIMACIÓN] con temperaturas [PVDP]/[SUPUESTO],FTE-09C-11,
termico,2500,5,250,medio,nivel=medio,kw_termicos_sanitizacion,7.751852,kW térmicos,potencia,energia_termica,ESTIMACIÓN,[ESTIMACIÓN],,durante 12 h
termico,2500,5,250,medio,nivel=medio,calor_util_mj_ave,1.000454,MJ/ave,por_ave,energia_termica,ESTIMACIÓN,[ESTIMACIÓN],,
termico,2500,5,250,medio,nivel=medio,energia_combustible_mj_dia,3334.846667,MJ,dia_operativo,energia_termica,ESTIMACIÓN,[ESTIMACIÓN] con rendimiento [SUPUESTO],,
termico,2500,5,250,medio,nivel=medio,energia_combustible_kwh_dia,926.346296,kWh,dia_operativo,energia_termica,ESTIMACIÓN,[ESTIMACIÓN],,kWh TÉRMICOS (no eléctricos)
termico,2500,5,250,medio,nivel=medio,equivalente_gas_natural_m3_dia,85.728706,m3,dia_operativo,energia_termica,SUPUESTO,[ESTIMACIÓN] con PCI [SUPUESTO],~9.300 kcal/m³ (a verificar con distribuidora),"equivalencia, no elección"
termico,2500,5,250,medio,nivel=medio,equivalente_glp_kg_dia,72.496667,kg,dia_operativo,energia_termica,SUPUESTO,[ESTIMACIÓN] con PCI [SUPUESTO],~11.000 kcal/kg,"equivalencia, no elección"
termico,2500,5,250,medio,nivel=medio,equivalente_biomasa_chip_kg_dia,238.203333,kg,dia_operativo,energia_termica,SUPUESTO,[ESTIMACIÓN] con PCI [SUPUESTO],chip de madera ~20–25 % humedad; muy variable,"equivalencia, no elección"
termico,2500,5,250,medio,nivel=medio,equivalente_electricidad_resistiva_kwh_dia,708.938492,kWh,dia_operativo,energia_termica,SUPUESTO,[ESTIMACIÓN],,rendimiento 98 %; bomba de calor dividiría por su COP (limitada a ~60–70 °C)
respaldo,2500,5,250,medio,nivel=medio,kw_critico_camaras_frio,2.583709,kW,potencia,energia_electrica,SUPUESTO,[ESTIMACIÓN] con [SUPUESTO],,
respaldo,2500,5,250,medio,nivel=medio,kw_critico_efluentes_minimo,1.632812,kW,potencia,energia_electrica,SUPUESTO,[ESTIMACIÓN] con [SUPUESTO],,
respaldo,2500,5,250,medio,nivel=medio,kw_critico_control_it_seguridad,3.883929,kW,potencia,energia_electrica,SUPUESTO,[ESTIMACIÓN] con [SUPUESTO],,
respaldo,2500,5,250,medio,nivel=medio,kw_critico_iluminacion_emergencia,1.941964,kW,potencia,energia_electrica,SUPUESTO,[ESTIMACIÓN] con [SUPUESTO],,
respaldo,2500,5,250,medio,nivel=medio,kw_critico_bombeo_agua_minimo,5.825893,kW,potencia,energia_electrica,SUPUESTO,[ESTIMACIÓN] con [SUPUESTO],,
respaldo,2500,5,250,medio,nivel=medio,kw_critico_anden_aves_ventilacion,3.883929,kW,potencia,energia_electrica,SUPUESTO,[ESTIMACIÓN] con [SUPUESTO],,
respaldo,2500,5,250,medio,nivel=medio,kw_respaldo_cargas_criticas,19.752236,kW,potencia,energia_electrica,SUPUESTO,[ESTIMACIÓN] con [SUPUESTO],,cámaras + control + emergencia + efluentes + agua + andén
respaldo,2500,5,250,medio,nivel=medio,kva_respaldo_cargas_criticas,24.690295,kVA,potencia,energia_electrica,SUPUESTO,[ESTIMACIÓN],,"fp 0,8"
respaldo,2500,5,250,medio,nivel=medio,kva_respaldo_planta_completa,256.095218,kVA,potencia,energia_electrica,SUPUESTO,[ESTIMACIÓN],,si se quisiera sostener también la línea
perfil_frio,2500,5,250,medio,perfil=P2,capacidad_congelacion_t_dia,2.396484,t,dia_operativo,comercial,ESTIMACIÓN,[ESTIMACIÓN],SUP-055,t que hay que congelar cada día de faena (túneles/IQF)
perfil_frio,2500,5,250,medio,perfil=P2,capacidad_almacenamiento_congelado_t,33.55077,t,stock,comercial,ESTIMACIÓN,[ESTIMACIÓN],,t que hay que guardar (cámaras); NO es capacidad de congelación
perfil_frio,2500,5,250,medio,perfil=P2,stock_refrigerado_t,10.784176,t,stock,comercial,ESTIMACIÓN,[ESTIMACIÓN],"SUP-055, SUP-056",base=dias_produccion; días=3; perfil=P2
perfil_frio,2500,5,250,medio,perfil=P2,kw_frigorificos_congelacion_tuneles,12.812633,kW frigoríficos,potencia,frio,ESTIMACIÓN,[ESTIMACIÓN] con [SUPUESTO],,durante 20 h/día
perfil_frio,2500,5,250,medio,perfil=P2,kw_electricos_congelacion_tuneles,9.151881,kW eléctricos,potencia,energia_electrica,SUPUESTO,[ESTIMACIÓN] con COP [SUPUESTO],,kW eléctricos = kW frigoríficos / COP
perfil_frio,2500,5,250,medio,perfil=P2,kw_frigorificos_camaras_almacenamiento,7.219407,kW frigoríficos,potencia,frio,ESTIMACIÓN,[ESTIMACIÓN] con [SUPUESTO],,"24 h, 365 días; desde kWh/(t·día)"
perfil_frio,2500,5,250,medio,perfil=P2,kwh_congelacion_dia,455.331884,kWh,dia_operativo,energia_electrica,FUENTE,[ESTIMACIÓN] con indicador [PVDP],120–260 kWh/t de ave congelada; 133 kWh/t (FTE-09C-10),
perfil_frio,2500,5,250,medio,perfil=P2,kwh_almacenamiento_frio_dia_calendario,111.436487,kWh,dia_calendario,energia_electrica,SUPUESTO,[ESTIMACIÓN] con [SUPUESTO],,las cámaras funcionan también sin faena
perfil_frio,2500,5,250,medio,perfil=P2,kw_respaldo_cargas_criticas,24.133307,kW,potencia,energia_electrica,SUPUESTO,[ESTIMACIÓN] con [SUPUESTO],,cámaras + control + emergencia + efluentes + agua + andén
perfil_frio,2500,5,250,medio,perfil=P3,capacidad_congelacion_t_dia,2.995604,t,dia_operativo,comercial,ESTIMACIÓN,[ESTIMACIÓN],SUP-055,t que hay que congelar cada día de faena (túneles/IQF)
perfil_frio,2500,5,250,medio,perfil=P3,capacidad_almacenamiento_congelado_t,41.938463,t,stock,comercial,ESTIMACIÓN,[ESTIMACIÓN],,t que hay que guardar (cámaras); NO es capacidad de congelación
perfil_frio,2500,5,250,medio,perfil=P3,stock_refrigerado_t,8.986814,t,stock,comercial,ESTIMACIÓN,[ESTIMACIÓN],"SUP-055, SUP-056",base=dias_produccion; días=3; perfil=P3
perfil_frio,2500,5,250,medio,perfil=P3,kw_frigorificos_congelacion_tuneles,16.015791,kW frigoríficos,potencia,frio,ESTIMACIÓN,[ESTIMACIÓN] con [SUPUESTO],,durante 20 h/día
perfil_frio,2500,5,250,medio,perfil=P3,kw_electricos_congelacion_tuneles,11.439851,kW eléctricos,potencia,energia_electrica,SUPUESTO,[ESTIMACIÓN] con COP [SUPUESTO],,kW eléctricos = kW frigoríficos / COP
perfil_frio,2500,5,250,medio,perfil=P3,kw_frigorificos_camaras_almacenamiento,8.462583,kW frigoríficos,potencia,frio,ESTIMACIÓN,[ESTIMACIÓN] con [SUPUESTO],,"24 h, 365 días; desde kWh/(t·día)"
perfil_frio,2500,5,250,medio,perfil=P3,kwh_congelacion_dia,569.164855,kWh,dia_operativo,energia_electrica,FUENTE,[ESTIMACIÓN] con indicador [PVDP],120–260 kWh/t de ave congelada; 133 kWh/t (FTE-09C-10),
perfil_frio,2500,5,250,medio,perfil=P3,kwh_almacenamiento_frio_dia_calendario,134.802202,kWh,dia_calendario,energia_electrica,SUPUESTO,[ESTIMACIÓN] con [SUPUESTO],,las cámaras funcionan también sin faena
perfil_frio,2500,5,250,medio,perfil=P3,kw_respaldo_cargas_criticas,25.593664,kW,potencia,energia_electrica,SUPUESTO,[ESTIMACIÓN] con [SUPUESTO],,cámaras + control + emergencia + efluentes + agua + andén
entrada,2500,5,250,alto,,aves_faenadas_dia_operativo,2500.0,aves,dia_operativo,aves,SUPUESTO,[SUPUESTO],SUP-052,escala = capacidad operativa
entrada,2500,5,250,alto,,t_vivas_dia_operativo,7.25,t,dia_operativo,vivo,ESTIMACIÓN,[ESTIMACIÓN],escenarios_escala.csv,
agua,2500,5,250,alto,nivel=alto,agua_recepcion_l_ave,2.0,L/ave,por_ave,agua_utilizada,SUPUESTO,[SUPUESTO],sin fuente por ave; DPV propuesto,"Recepción: lavado de jaulas/módulos, camiones y andén"
agua,2500,5,250,alto,nivel=alto,agua_recepcion_m3_dia,5.0,m³,dia_operativo,agua_utilizada,ESTIMACIÓN,[ESTIMACIÓN],,"Recepción: lavado de jaulas/módulos, camiones y andén"
agua,2500,5,250,alto,nivel=alto,agua_escaldado_l_ave,2.0,L/ave,por_ave,agua_utilizada,FUENTE,[FUENTE] [PVDP],"mín. ~1 cuarto de galón (0,95 L)/ave (FTE-09C-11, FTE-09C-18)","Escaldado: llenado, reposición y desborde"
agua,2500,5,250,alto,nivel=alto,agua_escaldado_m3_dia,5.0,m³,dia_operativo,agua_utilizada,ESTIMACIÓN,[ESTIMACIÓN],,"Escaldado: llenado, reposición y desborde"
agua,2500,5,250,alto,nivel=alto,agua_desplumado_l_ave,3.5,L/ave,por_ave,agua_utilizada,SUPUESTO,[SUPUESTO],incluido en totales de FTE-09C-01/02,Desplumado: duchas y transporte de plumas
agua,2500,5,250,alto,nivel=alto,agua_desplumado_m3_dia,8.75,m³,dia_operativo,agua_utilizada,ESTIMACIÓN,[ESTIMACIÓN],,Desplumado: duchas y transporte de plumas
agua,2500,5,250,alto,nivel=alto,agua_evisceracion_l_ave,8.0,L/ave,por_ave,agua_utilizada,FUENTE,[FUENTE] [PVDP],"7,57 L/ave (FTE-09C-01)",Evisceración: lavados interior/exterior y transporte hidráulico de vísceras
agua,2500,5,250,alto,nivel=alto,agua_evisceracion_m3_dia,20.0,m³,dia_operativo,agua_utilizada,ESTIMACIÓN,[ESTIMACIÓN],,Evisceración: lavados interior/exterior y transporte hidráulico de vísceras
agua,2500,5,250,alto,nivel=alto,agua_lavado_l_ave,4.5,L/ave,por_ave,agua_utilizada,FUENTE,[FUENTE] [PVDP],"4,25–4,35 L/ave (FTE-09C-01)",Lavado final de carcasas
agua,2500,5,250,alto,nivel=alto,agua_lavado_m3_dia,11.25,m³,dia_operativo,agua_utilizada,ESTIMACIÓN,[ESTIMACIÓN],,Lavado final de carcasas
agua,2500,5,250,alto,nivel=alto,agua_chiller_l_ave,4.5,L/ave,por_ave,agua_utilizada,FUENTE,[FUENTE] [PVDP],"mín. 0,5 gal = 1,9 L/ave; típico 2,8–5,7 L/ave (FTE-09C-18); 2,12 L/ave (FTE-09C-01)",Chiller: reposición de agua (contracorriente)
agua,2500,5,250,alto,nivel=alto,agua_chiller_m3_dia,11.25,m³,dia_operativo,agua_utilizada,ESTIMACIÓN,[ESTIMACIÓN],,Chiller: reposición de agua (contracorriente)
agua,2500,5,250,alto,nivel=alto,agua_despiece_l_ave,2.0,L/ave,por_ave,agua_utilizada,FUENTE,[FUENTE] [PVDP],"3,03 L/ave (FTE-09C-01)",Sala de despiece y deshuese
agua,2500,5,250,alto,nivel=alto,agua_despiece_m3_dia,5.0,m³,dia_operativo,agua_utilizada,ESTIMACIÓN,[ESTIMACIÓN],,Sala de despiece y deshuese
agua,2500,5,250,alto,nivel=alto,agua_limpieza_l_ave,7.5,L/ave,por_ave,agua_utilizada,FUENTE,[FUENTE] [PVDP],"1,5–3 gal = 5,7–11,4 L/ave saneamiento + 0,9–3,8 L equipos (FTE-09C-01)",Limpieza de equipos y salas (fin de turno)
agua,2500,5,250,alto,nivel=alto,agua_limpieza_m3_dia,18.75,m³,dia_operativo,agua_utilizada,ESTIMACIÓN,[ESTIMACIÓN],,Limpieza de equipos y salas (fin de turno)
agua,2500,5,250,alto,nivel=alto,agua_sanitizacion_l_ave,1.5,L/ave,por_ave,agua_utilizada,SUPUESTO,[SUPUESTO],sin fuente separada,"Sanitización: esterilizadores, lavamanos, pediluvios, enjuagues"
agua,2500,5,250,alto,nivel=alto,agua_sanitizacion_m3_dia,3.75,m³,dia_operativo,agua_utilizada,ESTIMACIÓN,[ESTIMACIÓN],,"Sanitización: esterilizadores, lavamanos, pediluvios, enjuagues"
agua,2500,5,250,alto,nivel=alto,agua_auxiliares_l_ave,2.5,L/ave,por_ave,agua_utilizada,SUPUESTO,[SUPUESTO],sin fuente separada,"Servicios auxiliares: caldera, condensadores evaporativos, vestuarios, comedor"
agua,2500,5,250,alto,nivel=alto,agua_auxiliares_m3_dia,6.25,m³,dia_operativo,agua_utilizada,ESTIMACIÓN,[ESTIMACIÓN],,"Servicios auxiliares: caldera, condensadores evaporativos, vestuarios, comedor"
agua,2500,5,250,alto,nivel=alto,agua_utilizada_l_ave,38.0,L/ave,por_ave,agua_utilizada,ESTIMACIÓN,[ESTIMACIÓN] con rangos [PVDP],FTE-09C-01 a 04,consumo industrial; NO incluye agua retenida
agua,2500,5,250,alto,nivel=alto,agua_utilizada_m3_dia,95.0,m³,dia_operativo,agua_utilizada,ESTIMACIÓN,[ESTIMACIÓN],,
agua,2500,5,250,alto,nivel=alto,agua_utilizada_m3_anio,23750.0,m³,anio,agua_utilizada,ESTIMACIÓN,[ESTIMACIÓN],,
agua,2500,5,250,alto,nivel=alto,agua_utilizada_m3_h_medio,7.916667,m³/h,hora,agua_utilizada,ESTIMACIÓN,[ESTIMACIÓN],,sobre 12 h (faena + limpieza)
agua,2500,5,250,alto,nivel=alto,agua_utilizada_m3_h_pico,17.416667,m³/h,hora,agua_utilizada,SUPUESTO,[SUPUESTO] factor de pico,,"dimensiona captación, bombeo y reserva"
agua,2500,5,250,alto,nivel=alto,reserva_agua_1_dia_m3,95.0,m³,stock,agua_utilizada,ESTIMACIÓN,[ESTIMACIÓN],,"volumen equivalente a un día de uso (referencia conceptual, no diseño)"
agua,2500,5,250,alto,nivel=alto,agua_descargada_m3_dia,90.25,m³,dia_operativo,agua_descargada,SUPUESTO,[ESTIMACIÓN] con fracción [SUPUESTO],,fracción a efluente = 0.95
agua,2500,5,250,alto,nivel=alto,agua_descargada_l_ave,36.1,L/ave,por_ave,agua_descargada,ESTIMACIÓN,[ESTIMACIÓN],,
agua,2500,5,250,alto,nivel=alto,agua_no_descargada_m3_dia,4.75,m³,dia_operativo,agua_no_descargada,ESTIMACIÓN,[ESTIMACIÓN],,evaporación + retenida + sale con subproductos + pérdidas
agua_retenida,2500,5,250,alto,,agua_retenida_en_producto_t_dia,0.213816,t,dia_operativo,agua_retenida,ESTIMACIÓN,[ESTIMACIÓN] del balance v1.1,escenarios_escala.csv,sale vendida con el producto; NO es consumo industrial ni efluente
agua_retenida,2500,5,250,alto,,agua_incorporada_producto_y_subproductos_t_dia,0.531652,t,dia_operativo,agua_retenida,ESTIMACIÓN,[ESTIMACIÓN] del balance v1.1,escenarios_escala.csv,absorbida en chiller + adherida a plumas (incluye goteo posterior)
agua_retenida,2500,5,250,alto,,agua_retenida_sobre_agua_utilizada_pct,0.225069,%,adimensional,agua,ESTIMACIÓN,[ESTIMACIÓN],,cuánto del agua usada termina dentro del producto
efluente,2500,5,250,alto,nivel=alto,carga_DQO_g_ave,180.0,g/ave,por_ave,efluente_crudo,ESTIMACIÓN,[ESTIMACIÓN] con rangos [PVDP],FTE-181; FTE-09C-05,efluente crudo tras retirar sangre y sólidos gruesos
efluente,2500,5,250,alto,nivel=alto,carga_DQO_kg_dia,450.0,kg,dia_operativo,efluente_crudo,ESTIMACIÓN,[ESTIMACIÓN],,
efluente,2500,5,250,alto,nivel=alto,concentracion_DQO_mg_l,4986.149584,mg/L,adimensional,efluente_crudo,ESTIMACIÓN,[ESTIMACIÓN],,"resultado (carga / caudal), no parámetro"
efluente,2500,5,250,alto,nivel=alto,carga_DBO5_g_ave,90.0,g/ave,por_ave,efluente_crudo,ESTIMACIÓN,[ESTIMACIÓN] con rangos [PVDP],"FTE-181; FTE-09C-05 (DBO/DQO ~0,4–0,6)",efluente crudo tras retirar sangre y sólidos gruesos
efluente,2500,5,250,alto,nivel=alto,carga_DBO5_kg_dia,225.0,kg,dia_operativo,efluente_crudo,ESTIMACIÓN,[ESTIMACIÓN],,
efluente,2500,5,250,alto,nivel=alto,concentracion_DBO5_mg_l,2493.074792,mg/L,adimensional,efluente_crudo,ESTIMACIÓN,[ESTIMACIÓN],,"resultado (carga / caudal), no parámetro"
efluente,2500,5,250,alto,nivel=alto,carga_SST_g_ave,80.0,g/ave,por_ave,efluente_crudo,ESTIMACIÓN,[ESTIMACIÓN] con rangos [PVDP],FTE-181; FTE-09C-05,efluente crudo tras retirar sangre y sólidos gruesos
efluente,2500,5,250,alto,nivel=alto,carga_SST_kg_dia,200.0,kg,dia_operativo,efluente_crudo,ESTIMACIÓN,[ESTIMACIÓN],,
efluente,2500,5,250,alto,nivel=alto,concentracion_SST_mg_l,2216.066482,mg/L,adimensional,efluente_crudo,ESTIMACIÓN,[ESTIMACIÓN],,"resultado (carga / caudal), no parámetro"
efluente,2500,5,250,alto,nivel=alto,carga_GyA_g_ave,25.0,g/ave,por_ave,efluente_crudo,ESTIMACIÓN,[ESTIMACIÓN] con rangos [PVDP],FTE-09C-06 (~500 mg/L tamizado),efluente crudo tras retirar sangre y sólidos gruesos
efluente,2500,5,250,alto,nivel=alto,carga_GyA_kg_dia,62.5,kg,dia_operativo,efluente_crudo,ESTIMACIÓN,[ESTIMACIÓN],,
efluente,2500,5,250,alto,nivel=alto,concentracion_GyA_mg_l,692.520776,mg/L,adimensional,efluente_crudo,ESTIMACIÓN,[ESTIMACIÓN],,"resultado (carga / caudal), no parámetro"
efluente,2500,5,250,alto,nivel=alto,carga_NTK_g_ave,8.0,g/ave,por_ave,efluente_crudo,ESTIMACIÓN,[ESTIMACIÓN] con rangos [PVDP],FTE-09C-06 (150–296 mg/L),efluente crudo tras retirar sangre y sólidos gruesos
efluente,2500,5,250,alto,nivel=alto,carga_NTK_kg_dia,20.0,kg,dia_operativo,efluente_crudo,ESTIMACIÓN,[ESTIMACIÓN],,
efluente,2500,5,250,alto,nivel=alto,concentracion_NTK_mg_l,221.606648,mg/L,adimensional,efluente_crudo,ESTIMACIÓN,[ESTIMACIÓN],,"resultado (carga / caudal), no parámetro"
efluente,2500,5,250,alto,nivel=alto,carga_PT_g_ave,1.0,g/ave,por_ave,efluente_crudo,ESTIMACIÓN,[ESTIMACIÓN] con rangos [PVDP],"FTE-09C-06 (~18,5 mg/L)",efluente crudo tras retirar sangre y sólidos gruesos
efluente,2500,5,250,alto,nivel=alto,carga_PT_kg_dia,2.5,kg,dia_operativo,efluente_crudo,ESTIMACIÓN,[ESTIMACIÓN],,
efluente,2500,5,250,alto,nivel=alto,concentracion_PT_mg_l,27.700831,mg/L,adimensional,efluente_crudo,ESTIMACIÓN,[ESTIMACIÓN],,"resultado (carga / caudal), no parámetro"
efluente,2500,5,250,alto,,dqo_extra_por_sangre_no_recuperada_g_ave,0.0,g/ave,por_ave,efluente_crudo,ESTIMACIÓN,[ESTIMACIÓN] con DQO de sangre [PVDP],FTE-181,recuperación 0.85 vs referencia 0.85
efluente,2500,5,250,alto,,dqo_evitada_por_recuperar_sangre_kg_dia,74.830357,kg,dia_operativo,efluente_crudo,ESTIMACIÓN,[ESTIMACIÓN] con DQO de sangre [PVDP],FTE-181,orden de magnitud; no es una reducción medida
efluente,2500,5,250,alto,nivel=alto,caudal_efluente_m3_h_pico,16.545833,m³/h,hora,agua_descargada,SUPUESTO,[SUPUESTO] factor de pico,,dimensiona ecualización
efluente,2500,5,250,alto,nivel=alto,remocion_dqo_requerida_ilustrativa_pct,94.986111,%,adimensional,efluente_crudo,ESTIMACIÓN,[ESTIMACIÓN] con límite [PVDP],FTE-09C-08,"límite ilustrativo 250 mg/L (ADA 336/03, pluvial; a confirmar según sitio y cuerpo receptor)"
masa_evitable,2500,5,250,alto,,sangre_recuperada_t_dia,0.209525,t,dia_operativo,biologica+agua,ESTIMACIÓN,[ESTIMACIÓN] del balance v1.1,escenarios_escala.csv,"sangre recuperada por separado (85 %, SUP-040)"
masa_evitable,2500,5,250,alto,,plumas_t_dia,0.6032,t,dia_operativo,biologica+agua,ESTIMACIÓN,[ESTIMACIÓN] del balance v1.1,escenarios_escala.csv,plumas húmedas retiradas
masa_evitable,2500,5,250,alto,,visceras_t_dia,0.32625,t,dia_operativo,biologica+agua,ESTIMACIÓN,[ESTIMACIÓN] del balance v1.1,escenarios_escala.csv,vísceras no comestibles
masa_evitable,2500,5,250,alto,,cabeza_t_dia,0.18125,t,dia_operativo,biologica+agua,ESTIMACIÓN,[ESTIMACIÓN] del balance v1.1,escenarios_escala.csv,cabezas
masa_evitable,2500,5,250,alto,,solidos_a_retirar_t_dia,1.520881,t,dia_operativo,biologica+agua,ESTIMACIÓN,[ESTIMACIÓN] del balance v1.1,escenarios_escala.csv,total sólidos a retirar en seco (C + decomisos + contenido GI; NO sumar)
masa_evitable,2500,5,250,alto,,masa_a_efluente_o_perdida_t_dia,0.269561,t,dia_operativo,biologica+agua,ESTIMACIÓN,[ESTIMACIÓN] del balance v1.1,escenarios_escala.csv,"masa que el balance ya envía a efluente o pérdida (sangre no recuperada, cutícula, goteo, pérdidas)"
lodos,2500,5,250,alto,nivel=alto,lodo_daf_kg_ms_dia,144.21875,kg,dia_operativo,materia_seca,ESTIMACIÓN,[ESTIMACIÓN] con remociones [PVDP],"FTE-09C-05, FTE-09C-13",sólidos + grasas flotados + químicos
lodos,2500,5,250,alto,nivel=alto,lodo_daf_t_humedo_dia,1.442187,t,dia_operativo,lodo_humedo,ESTIMACIÓN,[ESTIMACIÓN] con % sólidos [PVDP],FTE-09C-13,
lodos,2500,5,250,alto,nivel=alto,dbo_al_tratamiento_biologico_kg_dia,157.5,kg,dia_operativo,efluente_pretratado,ESTIMACIÓN,[ESTIMACIÓN],,después de DAF
lodos,2500,5,250,alto,nivel=alto,lodo_biologico_aerobio_kg_ms_dia,74.8125,kg,dia_operativo,materia_seca,SUPUESTO,[ESTIMACIÓN] con rendimiento [SUPUESTO],,si el tratamiento fuera aerobio completo; anaerobio genera mucho menos lodo
lodos,2500,5,250,alto,nivel=alto,lodos_deshidratados_t_dia,1.460208,t,dia_operativo,lodo_humedo,SUPUESTO,[ESTIMACIÓN] con [SUPUESTO],,DAF + biológico deshidratados; disposición/valorización a definir
electricidad,2500,5,250,alto,nivel=alto,kwh_proceso_dia,3262.5,kWh,dia_operativo,energia_electrica,FUENTE,[ESTIMACIÓN] con indicador [PVDP],"UE 152–860 kWh/t faenada; Brasil 165 kWh/t; 1,19 MJ/kg = 330 kWh/t (FTE-09C-09, FTE-09C-03)","faena, proceso, enfriado fresco, aire, agua, servicios"
electricidad,2500,5,250,alto,nivel=alto,kwh_proceso_frio_de_proceso_agua_helada_hielo_dia,1141.875,kWh,dia_operativo,energia_electrica,SUPUESTO,[SUPUESTO] reparto ilustrativo,FTE-09C-09 (cualitativo),didáctico; no sumar con kwh_proceso_dia
electricidad,2500,5,250,alto,nivel=alto,kwh_proceso_motores_de_linea_y_transportadores_dia,652.5,kWh,dia_operativo,energia_electrica,SUPUESTO,[SUPUESTO] reparto ilustrativo,FTE-09C-09 (cualitativo),didáctico; no sumar con kwh_proceso_dia
electricidad,2500,5,250,alto,nivel=alto,kwh_proceso_aire_comprimido_dia,326.25,kWh,dia_operativo,energia_electrica,SUPUESTO,[SUPUESTO] reparto ilustrativo,FTE-09C-09 (cualitativo),didáctico; no sumar con kwh_proceso_dia
electricidad,2500,5,250,alto,nivel=alto,kwh_proceso_bombas_agua_y_efluentes_dia,326.25,kWh,dia_operativo,energia_electrica,SUPUESTO,[SUPUESTO] reparto ilustrativo,FTE-09C-09 (cualitativo),didáctico; no sumar con kwh_proceso_dia
electricidad,2500,5,250,alto,nivel=alto,kwh_proceso_climatizacion_salas_dia,261.0,kWh,dia_operativo,energia_electrica,SUPUESTO,[SUPUESTO] reparto ilustrativo,FTE-09C-09 (cualitativo),didáctico; no sumar con kwh_proceso_dia
electricidad,2500,5,250,alto,nivel=alto,kwh_proceso_iluminacion_dia,228.375,kWh,dia_operativo,energia_electrica,SUPUESTO,[SUPUESTO] reparto ilustrativo,FTE-09C-09 (cualitativo),didáctico; no sumar con kwh_proceso_dia
electricidad,2500,5,250,alto,nivel=alto,kwh_proceso_oficinas_vestuarios_servicios_dia,163.125,kWh,dia_operativo,energia_electrica,SUPUESTO,[SUPUESTO] reparto ilustrativo,FTE-09C-09 (cualitativo),didáctico; no sumar con kwh_proceso_dia
electricidad,2500,5,250,alto,nivel=alto,kwh_proceso_otros_dia,163.125,kWh,dia_operativo,energia_electrica,SUPUESTO,[SUPUESTO] reparto ilustrativo,FTE-09C-09 (cualitativo),didáctico; no sumar con kwh_proceso_dia
inventario,2500,5,250,alto,,stock_refrigerado_t,16.176264,t,stock,comercial,ESTIMACIÓN,[ESTIMACIÓN],"SUP-055, SUP-056",base=dias_produccion; días=3; perfil=P1
inventario,2500,5,250,alto,,stock_congelado_t,8.387693,t,stock,comercial,ESTIMACIÓN,[ESTIMACIÓN],"SUP-055, SUP-056",base=dias_produccion; días=14; incluye exportación
congelado,2500,5,250,alto,,capacidad_congelacion_t_dia,0.599121,t,dia_operativo,comercial,ESTIMACIÓN,[ESTIMACIÓN],SUP-055,t que hay que congelar cada día de faena (túneles/IQF)
congelado,2500,5,250,alto,,capacidad_almacenamiento_congelado_t,8.387693,t,stock,comercial,ESTIMACIÓN,[ESTIMACIÓN],,t que hay que guardar (cámaras); NO es capacidad de congelación
congelado,2500,5,250,alto,nivel=alto,garras_a_congelar_t_dia_informativo,0.25263,t,dia_operativo,comercial,SUPUESTO,[SUPUESTO],,ya incluidas dentro del comestible: NO sumar al perfil
congelado,2500,5,250,alto,nivel=alto,menudencias_a_congelar_t_dia_informativo,0.272745,t,dia_operativo,comercial,SUPUESTO,[SUPUESTO],,ya incluidas dentro del comestible: NO sumar al perfil
congelado,2500,5,250,alto,nivel=alto,calor_a_extraer_congelacion_kj_kg,444.165,kJ/kg,adimensional,producto,ESTIMACIÓN,[ESTIMACIÓN] con propiedades [PVDP],FTE-09C-14,"de +4 °C a −18 °C, con pérdidas"
frio,2500,5,250,alto,nivel=alto,kw_frigorificos_enfriado_producto_fresco,84.084798,kW frigoríficos,potencia,frio,ESTIMACIÓN,[ESTIMACIÓN] con [SUPUESTO],,chiller + menudencias + salas/docks; durante 8 h netas
frio,2500,5,250,alto,nivel=alto,tr_enfriado_producto_fresco,23.908103,TR,potencia,frio,ESTIMACIÓN,[ESTIMACIÓN],,"1 TR = 3,517 kW frigoríficos"
frio,2500,5,250,alto,nivel=alto,kw_electricos_enfriado_producto_fresco,36.558608,kW eléctricos,potencia,energia_electrica,SUPUESTO,[ESTIMACIÓN] con COP [SUPUESTO],,kW eléctricos = kW frigoríficos / COP
frio,2500,5,250,alto,nivel=alto,kw_frigorificos_congelacion_tuneles,3.695952,kW frigoríficos,potencia,frio,ESTIMACIÓN,[ESTIMACIÓN] con [SUPUESTO],,durante 20 h/día
frio,2500,5,250,alto,nivel=alto,tr_congelacion_tuneles,1.050882,TR,potencia,frio,ESTIMACIÓN,[ESTIMACIÓN],,"1 TR = 3,517 kW frigoríficos"
frio,2500,5,250,alto,nivel=alto,kw_electricos_congelacion_tuneles,3.359956,kW eléctricos,potencia,energia_electrica,SUPUESTO,[ESTIMACIÓN] con COP [SUPUESTO],,kW eléctricos = kW frigoríficos / COP
frio,2500,5,250,alto,nivel=alto,kw_frigorificos_camaras_almacenamiento,5.02263,kW frigoríficos,potencia,frio,ESTIMACIÓN,[ESTIMACIÓN] con [SUPUESTO],,"24 h, 365 días; desde kWh/(t·día)"
frio,2500,5,250,alto,nivel=alto,tr_camaras_almacenamiento,1.428101,TR,potencia,frio,ESTIMACIÓN,[ESTIMACIÓN],,"1 TR = 3,517 kW frigoríficos"
frio,2500,5,250,alto,nivel=alto,kw_electricos_camaras_almacenamiento,3.095458,kW eléctricos,potencia,energia_electrica,SUPUESTO,[ESTIMACIÓN] con COP [SUPUESTO],,kW eléctricos = kW frigoríficos / COP
frio,2500,5,250,alto,nivel=alto,kj_frio_enfriado_por_ave,968.656877,kJ/ave,por_ave,frio,ESTIMACIÓN,[ESTIMACIÓN] con [SUPUESTO],FTE-09C-14,
electricidad,2500,5,250,alto,nivel=alto,kwh_congelacion_dia,155.771434,kWh,dia_operativo,energia_electrica,FUENTE,[ESTIMACIÓN] con indicador [PVDP],120–260 kWh/t de ave congelada; 133 kWh/t (FTE-09C-10),
electricidad,2500,5,250,alto,nivel=alto,kwh_almacenamiento_frio_dia_calendario,74.290992,kWh,dia_calendario,energia_electrica,SUPUESTO,[ESTIMACIÓN] con [SUPUESTO],,las cámaras funcionan también sin faena
electricidad,2500,5,250,alto,nivel=alto,kwh_tratamiento_aerobio_dia,299.25,kWh,dia_operativo,energia_electrica,SUPUESTO,[ESTIMACIÓN] con [SUPUESTO],,cota: si todo el biológico fuera aerobio
electricidad,2500,5,250,alto,nivel=alto,kwh_total_dia_operativo,3791.812426,kWh,dia_operativo,energia_electrica,ESTIMACIÓN,[ESTIMACIÓN],,proceso + congelado + aerobio + cámaras
electricidad,2500,5,250,alto,nivel=alto,kwh_total_anio,956496.570434,kWh,anio,energia_electrica,ESTIMACIÓN,[ESTIMACIÓN],,cámaras × 365 días; resto × días de faena
electricidad,2500,5,250,alto,nivel=alto,kwh_por_ave_promedio_anual,1.530395,kWh/ave,por_ave,energia_electrica,ESTIMACIÓN,[ESTIMACIÓN],,
electricidad,2500,5,250,alto,nivel=alto,kw_potencia_media_operacion,256.388494,kW,potencia,energia_electrica,ESTIMACIÓN,[ESTIMACIÓN],,proceso sobre 14 h + túneles + cámaras + efluentes
electricidad,2500,5,250,alto,nivel=alto,kw_potencia_pico_estimada,442.817065,kW,potencia,energia_electrica,SUPUESTO,[ESTIMACIÓN] con factor de pico [SUPUESTO],,orden de magnitud para pedir potencia; no es diseño
termico,2500,5,250,alto,nivel=alto,calor_util_escaldado_mj_dia,2762.76,MJ,dia_operativo,energia_termica,ESTIMACIÓN,[ESTIMACIÓN] con temperaturas [PVDP]/[SUPUESTO],FTE-09C-11,
termico,2500,5,250,alto,nivel=alto,kw_termicos_escaldado,95.929167,kW térmicos,potencia,energia_termica,ESTIMACIÓN,[ESTIMACIÓN],,durante 8 h
termico,2500,5,250,alto,nivel=alto,calor_util_limpieza_mj_dia,2307.5325,MJ,dia_operativo,energia_termica,ESTIMACIÓN,[ESTIMACIÓN] con temperaturas [PVDP]/[SUPUESTO],FTE-09C-11,
termico,2500,5,250,alto,nivel=alto,kw_termicos_limpieza,160.245313,kW térmicos,potencia,energia_termica,ESTIMACIÓN,[ESTIMACIÓN],,durante 4 h
termico,2500,5,250,alto,nivel=alto,calor_util_sanitizacion_mj_dia,703.248,MJ,dia_operativo,energia_termica,ESTIMACIÓN,[ESTIMACIÓN] con temperaturas [PVDP]/[SUPUESTO],FTE-09C-11,
termico,2500,5,250,alto,nivel=alto,kw_termicos_sanitizacion,16.278889,kW térmicos,potencia,energia_termica,ESTIMACIÓN,[ESTIMACIÓN],,durante 12 h
termico,2500,5,250,alto,nivel=alto,calor_util_mj_ave,2.309416,MJ/ave,por_ave,energia_termica,ESTIMACIÓN,[ESTIMACIÓN],,
termico,2500,5,250,alto,nivel=alto,energia_combustible_mj_dia,8882.37,MJ,dia_operativo,energia_termica,ESTIMACIÓN,[ESTIMACIÓN] con rendimiento [SUPUESTO],,
termico,2500,5,250,alto,nivel=alto,energia_combustible_kwh_dia,2467.325,kWh,dia_operativo,energia_termica,ESTIMACIÓN,[ESTIMACIÓN],,kWh TÉRMICOS (no eléctricos)
termico,2500,5,250,alto,nivel=alto,equivalente_gas_natural_m3_dia,228.33856,m3,dia_operativo,energia_termica,SUPUESTO,[ESTIMACIÓN] con PCI [SUPUESTO],~9.300 kcal/m³ (a verificar con distribuidora),"equivalencia, no elección"
termico,2500,5,250,alto,nivel=alto,equivalente_glp_kg_dia,193.095,kg,dia_operativo,energia_termica,SUPUESTO,[ESTIMACIÓN] con PCI [SUPUESTO],~11.000 kcal/kg,"equivalencia, no elección"
termico,2500,5,250,alto,nivel=alto,equivalente_biomasa_chip_kg_dia,634.455,kg,dia_operativo,energia_termica,SUPUESTO,[ESTIMACIÓN] con PCI [SUPUESTO],chip de madera ~20–25 % humedad; muy variable,"equivalencia, no elección"
termico,2500,5,250,alto,nivel=alto,equivalente_electricidad_resistiva_kwh_dia,1636.491071,kWh,dia_operativo,energia_termica,SUPUESTO,[ESTIMACIÓN],,rendimiento 98 %; bomba de calor dividiría por su COP (limitada a ~60–70 °C)
respaldo,2500,5,250,alto,nivel=alto,kw_critico_camaras_frio,6.190916,kW,potencia,energia_electrica,SUPUESTO,[ESTIMACIÓN] con [SUPUESTO],,
respaldo,2500,5,250,alto,nivel=alto,kw_critico_efluentes_minimo,6.234375,kW,potencia,energia_electrica,SUPUESTO,[ESTIMACIÓN] con [SUPUESTO],,
respaldo,2500,5,250,alto,nivel=alto,kw_critico_control_it_seguridad,8.389286,kW,potencia,energia_electrica,SUPUESTO,[ESTIMACIÓN] con [SUPUESTO],,
respaldo,2500,5,250,alto,nivel=alto,kw_critico_iluminacion_emergencia,4.194643,kW,potencia,energia_electrica,SUPUESTO,[ESTIMACIÓN] con [SUPUESTO],,
respaldo,2500,5,250,alto,nivel=alto,kw_critico_bombeo_agua_minimo,12.583929,kW,potencia,energia_electrica,SUPUESTO,[ESTIMACIÓN] con [SUPUESTO],,
respaldo,2500,5,250,alto,nivel=alto,kw_critico_anden_aves_ventilacion,8.389286,kW,potencia,energia_electrica,SUPUESTO,[ESTIMACIÓN] con [SUPUESTO],,
respaldo,2500,5,250,alto,nivel=alto,kw_respaldo_cargas_criticas,45.982434,kW,potencia,energia_electrica,SUPUESTO,[ESTIMACIÓN] con [SUPUESTO],,cámaras + control + emergencia + efluentes + agua + andén
respaldo,2500,5,250,alto,nivel=alto,kva_respaldo_cargas_criticas,57.478042,kVA,potencia,energia_electrica,SUPUESTO,[ESTIMACIÓN],,"fp 0,8"
respaldo,2500,5,250,alto,nivel=alto,kva_respaldo_planta_completa,553.521332,kVA,potencia,energia_electrica,SUPUESTO,[ESTIMACIÓN],,si se quisiera sostener también la línea
perfil_frio,2500,5,250,alto,perfil=P2,capacidad_congelacion_t_dia,2.396484,t,dia_operativo,comercial,ESTIMACIÓN,[ESTIMACIÓN],SUP-055,t que hay que congelar cada día de faena (túneles/IQF)
perfil_frio,2500,5,250,alto,perfil=P2,capacidad_almacenamiento_congelado_t,33.55077,t,stock,comercial,ESTIMACIÓN,[ESTIMACIÓN],,t que hay que guardar (cámaras); NO es capacidad de congelación
perfil_frio,2500,5,250,alto,perfil=P2,stock_refrigerado_t,10.784176,t,stock,comercial,ESTIMACIÓN,[ESTIMACIÓN],"SUP-055, SUP-056",base=dias_produccion; días=3; perfil=P2
perfil_frio,2500,5,250,alto,perfil=P2,kw_frigorificos_congelacion_tuneles,14.783807,kW frigoríficos,potencia,frio,ESTIMACIÓN,[ESTIMACIÓN] con [SUPUESTO],,durante 20 h/día
perfil_frio,2500,5,250,alto,perfil=P2,kw_electricos_congelacion_tuneles,13.439825,kW eléctricos,potencia,energia_electrica,SUPUESTO,[ESTIMACIÓN] con COP [SUPUESTO],,kW eléctricos = kW frigoríficos / COP
perfil_frio,2500,5,250,alto,perfil=P2,kw_frigorificos_camaras_almacenamiento,9.755685,kW frigoríficos,potencia,frio,ESTIMACIÓN,[ESTIMACIÓN] con [SUPUESTO],,"24 h, 365 días; desde kWh/(t·día)"
perfil_frio,2500,5,250,alto,perfil=P2,kwh_congelacion_dia,623.085736,kWh,dia_operativo,energia_electrica,FUENTE,[ESTIMACIÓN] con indicador [PVDP],120–260 kWh/t de ave congelada; 133 kWh/t (FTE-09C-10),
perfil_frio,2500,5,250,alto,perfil=P2,kwh_almacenamiento_frio_dia_calendario,189.322204,kWh,dia_calendario,energia_electrica,SUPUESTO,[ESTIMACIÓN] con [SUPUESTO],,las cámaras funcionan también sin faena
perfil_frio,2500,5,250,alto,perfil=P2,kw_respaldo_cargas_criticas,55.568368,kW,potencia,energia_electrica,SUPUESTO,[ESTIMACIÓN] con [SUPUESTO],,cámaras + control + emergencia + efluentes + agua + andén
perfil_frio,2500,5,250,alto,perfil=P3,capacidad_congelacion_t_dia,2.995604,t,dia_operativo,comercial,ESTIMACIÓN,[ESTIMACIÓN],SUP-055,t que hay que congelar cada día de faena (túneles/IQF)
perfil_frio,2500,5,250,alto,perfil=P3,capacidad_almacenamiento_congelado_t,41.938463,t,stock,comercial,ESTIMACIÓN,[ESTIMACIÓN],,t que hay que guardar (cámaras); NO es capacidad de congelación
perfil_frio,2500,5,250,alto,perfil=P3,stock_refrigerado_t,8.986814,t,stock,comercial,ESTIMACIÓN,[ESTIMACIÓN],"SUP-055, SUP-056",base=dias_produccion; días=3; perfil=P3
perfil_frio,2500,5,250,alto,perfil=P3,kw_frigorificos_congelacion_tuneles,18.479759,kW frigoríficos,potencia,frio,ESTIMACIÓN,[ESTIMACIÓN] con [SUPUESTO],,durante 20 h/día
perfil_frio,2500,5,250,alto,perfil=P3,kw_electricos_congelacion_tuneles,16.799781,kW eléctricos,potencia,energia_electrica,SUPUESTO,[ESTIMACIÓN] con COP [SUPUESTO],,kW eléctricos = kW frigoríficos / COP
perfil_frio,2500,5,250,alto,perfil=P3,kw_frigorificos_camaras_almacenamiento,11.33337,kW frigoríficos,potencia,frio,ESTIMACIÓN,[ESTIMACIÓN] con [SUPUESTO],,"24 h, 365 días; desde kWh/(t·día)"
perfil_frio,2500,5,250,alto,perfil=P3,kwh_congelacion_dia,778.85717,kWh,dia_operativo,energia_electrica,FUENTE,[ESTIMACIÓN] con indicador [PVDP],120–260 kWh/t de ave congelada; 133 kWh/t (FTE-09C-10),
perfil_frio,2500,5,250,alto,perfil=P3,kwh_almacenamiento_frio_dia_calendario,227.665942,kWh,dia_calendario,energia_electrica,SUPUESTO,[ESTIMACIÓN] con [SUPUESTO],,las cámaras funcionan también sin faena
perfil_frio,2500,5,250,alto,perfil=P3,kw_respaldo_cargas_criticas,58.76368,kW,potencia,energia_electrica,SUPUESTO,[ESTIMACIÓN] con [SUPUESTO],,cámaras + control + emergencia + efluentes + agua + andén
inventario,2500,5,250,-,base_temporal=dias_produccion; dias=1,comestible_total_t,5.991209,t,stock,comercial,ESTIMACIÓN,[ESTIMACIÓN],"SUP-055, SUP-056; = escenarios_escala.csv",días de producción
inventario,2500,5,250,-,base_temporal=dias_produccion; dias=1; perfil_destino=P1,refrigerado_t,5.392088,t,stock,comercial,ESTIMACIÓN,[ESTIMACIÓN],"SUP-055, SUP-056; = escenarios_escala.csv",días de producción
inventario,2500,5,250,-,base_temporal=dias_produccion; dias=1; perfil_destino=P1,congelado_t,0.599121,t,stock,comercial,ESTIMACIÓN,[ESTIMACIÓN],"SUP-055, SUP-056; = escenarios_escala.csv",días de producción
inventario,2500,5,250,-,base_temporal=dias_produccion; dias=1; perfil_destino=P1,exportacion_t,0.0,t,stock,comercial,ESTIMACIÓN,[ESTIMACIÓN],"SUP-055, SUP-056; = escenarios_escala.csv",días de producción
inventario,2500,5,250,-,base_temporal=dias_produccion; dias=1; perfil_destino=P2,refrigerado_t,3.594725,t,stock,comercial,ESTIMACIÓN,[ESTIMACIÓN],"SUP-055, SUP-056; = escenarios_escala.csv",días de producción
inventario,2500,5,250,-,base_temporal=dias_produccion; dias=1; perfil_destino=P2,congelado_t,2.396484,t,stock,comercial,ESTIMACIÓN,[ESTIMACIÓN],"SUP-055, SUP-056; = escenarios_escala.csv",días de producción
inventario,2500,5,250,-,base_temporal=dias_produccion; dias=1; perfil_destino=P2,exportacion_t,0.0,t,stock,comercial,ESTIMACIÓN,[ESTIMACIÓN],"SUP-055, SUP-056; = escenarios_escala.csv",días de producción
inventario,2500,5,250,-,base_temporal=dias_produccion; dias=1; perfil_destino=P3,refrigerado_t,2.995604,t,stock,comercial,ESTIMACIÓN,[ESTIMACIÓN],"SUP-055, SUP-056; = escenarios_escala.csv",días de producción
inventario,2500,5,250,-,base_temporal=dias_produccion; dias=1; perfil_destino=P3,congelado_t,1.797363,t,stock,comercial,ESTIMACIÓN,[ESTIMACIÓN],"SUP-055, SUP-056; = escenarios_escala.csv",días de producción
inventario,2500,5,250,-,base_temporal=dias_produccion; dias=1; perfil_destino=P3,exportacion_t,1.198242,t,stock,comercial,ESTIMACIÓN,[ESTIMACIÓN],"SUP-055, SUP-056; = escenarios_escala.csv",días de producción
inventario,2500,5,250,-,base_temporal=dias_produccion; dias=3,comestible_total_t,17.973627,t,stock,comercial,ESTIMACIÓN,[ESTIMACIÓN],"SUP-055, SUP-056; = escenarios_escala.csv",días de producción
inventario,2500,5,250,-,base_temporal=dias_produccion; dias=3; perfil_destino=P1,refrigerado_t,16.176264,t,stock,comercial,ESTIMACIÓN,[ESTIMACIÓN],"SUP-055, SUP-056; = escenarios_escala.csv",días de producción
inventario,2500,5,250,-,base_temporal=dias_produccion; dias=3; perfil_destino=P1,congelado_t,1.797363,t,stock,comercial,ESTIMACIÓN,[ESTIMACIÓN],"SUP-055, SUP-056; = escenarios_escala.csv",días de producción
inventario,2500,5,250,-,base_temporal=dias_produccion; dias=3; perfil_destino=P1,exportacion_t,0.0,t,stock,comercial,ESTIMACIÓN,[ESTIMACIÓN],"SUP-055, SUP-056; = escenarios_escala.csv",días de producción
inventario,2500,5,250,-,base_temporal=dias_produccion; dias=3; perfil_destino=P2,refrigerado_t,10.784176,t,stock,comercial,ESTIMACIÓN,[ESTIMACIÓN],"SUP-055, SUP-056; = escenarios_escala.csv",días de producción
inventario,2500,5,250,-,base_temporal=dias_produccion; dias=3; perfil_destino=P2,congelado_t,7.189451,t,stock,comercial,ESTIMACIÓN,[ESTIMACIÓN],"SUP-055, SUP-056; = escenarios_escala.csv",días de producción
inventario,2500,5,250,-,base_temporal=dias_produccion; dias=3; perfil_destino=P2,exportacion_t,0.0,t,stock,comercial,ESTIMACIÓN,[ESTIMACIÓN],"SUP-055, SUP-056; = escenarios_escala.csv",días de producción
inventario,2500,5,250,-,base_temporal=dias_produccion; dias=3; perfil_destino=P3,refrigerado_t,8.986814,t,stock,comercial,ESTIMACIÓN,[ESTIMACIÓN],"SUP-055, SUP-056; = escenarios_escala.csv",días de producción
inventario,2500,5,250,-,base_temporal=dias_produccion; dias=3; perfil_destino=P3,congelado_t,5.392088,t,stock,comercial,ESTIMACIÓN,[ESTIMACIÓN],"SUP-055, SUP-056; = escenarios_escala.csv",días de producción
inventario,2500,5,250,-,base_temporal=dias_produccion; dias=3; perfil_destino=P3,exportacion_t,3.594725,t,stock,comercial,ESTIMACIÓN,[ESTIMACIÓN],"SUP-055, SUP-056; = escenarios_escala.csv",días de producción
inventario,2500,5,250,-,base_temporal=dias_produccion; dias=7,comestible_total_t,41.938463,t,stock,comercial,ESTIMACIÓN,[ESTIMACIÓN],"SUP-055, SUP-056; = escenarios_escala.csv",días de producción
inventario,2500,5,250,-,base_temporal=dias_produccion; dias=7; perfil_destino=P1,refrigerado_t,37.744617,t,stock,comercial,ESTIMACIÓN,[ESTIMACIÓN],"SUP-055, SUP-056; = escenarios_escala.csv",días de producción
inventario,2500,5,250,-,base_temporal=dias_produccion; dias=7; perfil_destino=P1,congelado_t,4.193846,t,stock,comercial,ESTIMACIÓN,[ESTIMACIÓN],"SUP-055, SUP-056; = escenarios_escala.csv",días de producción
inventario,2500,5,250,-,base_temporal=dias_produccion; dias=7; perfil_destino=P1,exportacion_t,0.0,t,stock,comercial,ESTIMACIÓN,[ESTIMACIÓN],"SUP-055, SUP-056; = escenarios_escala.csv",días de producción
inventario,2500,5,250,-,base_temporal=dias_produccion; dias=7; perfil_destino=P2,refrigerado_t,25.163078,t,stock,comercial,ESTIMACIÓN,[ESTIMACIÓN],"SUP-055, SUP-056; = escenarios_escala.csv",días de producción
inventario,2500,5,250,-,base_temporal=dias_produccion; dias=7; perfil_destino=P2,congelado_t,16.775385,t,stock,comercial,ESTIMACIÓN,[ESTIMACIÓN],"SUP-055, SUP-056; = escenarios_escala.csv",días de producción
inventario,2500,5,250,-,base_temporal=dias_produccion; dias=7; perfil_destino=P2,exportacion_t,0.0,t,stock,comercial,ESTIMACIÓN,[ESTIMACIÓN],"SUP-055, SUP-056; = escenarios_escala.csv",días de producción
inventario,2500,5,250,-,base_temporal=dias_produccion; dias=7; perfil_destino=P3,refrigerado_t,20.969231,t,stock,comercial,ESTIMACIÓN,[ESTIMACIÓN],"SUP-055, SUP-056; = escenarios_escala.csv",días de producción
inventario,2500,5,250,-,base_temporal=dias_produccion; dias=7; perfil_destino=P3,congelado_t,12.581539,t,stock,comercial,ESTIMACIÓN,[ESTIMACIÓN],"SUP-055, SUP-056; = escenarios_escala.csv",días de producción
inventario,2500,5,250,-,base_temporal=dias_produccion; dias=7; perfil_destino=P3,exportacion_t,8.387693,t,stock,comercial,ESTIMACIÓN,[ESTIMACIÓN],"SUP-055, SUP-056; = escenarios_escala.csv",días de producción
inventario,2500,5,250,-,base_temporal=dias_produccion; dias=14,comestible_total_t,83.876926,t,stock,comercial,ESTIMACIÓN,[ESTIMACIÓN],"SUP-055, SUP-056; = escenarios_escala.csv",días de producción
inventario,2500,5,250,-,base_temporal=dias_produccion; dias=14; perfil_destino=P1,refrigerado_t,75.489233,t,stock,comercial,ESTIMACIÓN,[ESTIMACIÓN],"SUP-055, SUP-056; = escenarios_escala.csv",días de producción
inventario,2500,5,250,-,base_temporal=dias_produccion; dias=14; perfil_destino=P1,congelado_t,8.387693,t,stock,comercial,ESTIMACIÓN,[ESTIMACIÓN],"SUP-055, SUP-056; = escenarios_escala.csv",días de producción
inventario,2500,5,250,-,base_temporal=dias_produccion; dias=14; perfil_destino=P1,exportacion_t,0.0,t,stock,comercial,ESTIMACIÓN,[ESTIMACIÓN],"SUP-055, SUP-056; = escenarios_escala.csv",días de producción
inventario,2500,5,250,-,base_temporal=dias_produccion; dias=14; perfil_destino=P2,refrigerado_t,50.326156,t,stock,comercial,ESTIMACIÓN,[ESTIMACIÓN],"SUP-055, SUP-056; = escenarios_escala.csv",días de producción
inventario,2500,5,250,-,base_temporal=dias_produccion; dias=14; perfil_destino=P2,congelado_t,33.55077,t,stock,comercial,ESTIMACIÓN,[ESTIMACIÓN],"SUP-055, SUP-056; = escenarios_escala.csv",días de producción
inventario,2500,5,250,-,base_temporal=dias_produccion; dias=14; perfil_destino=P2,exportacion_t,0.0,t,stock,comercial,ESTIMACIÓN,[ESTIMACIÓN],"SUP-055, SUP-056; = escenarios_escala.csv",días de producción
inventario,2500,5,250,-,base_temporal=dias_produccion; dias=14; perfil_destino=P3,refrigerado_t,41.938463,t,stock,comercial,ESTIMACIÓN,[ESTIMACIÓN],"SUP-055, SUP-056; = escenarios_escala.csv",días de producción
inventario,2500,5,250,-,base_temporal=dias_produccion; dias=14; perfil_destino=P3,congelado_t,25.163078,t,stock,comercial,ESTIMACIÓN,[ESTIMACIÓN],"SUP-055, SUP-056; = escenarios_escala.csv",días de producción
inventario,2500,5,250,-,base_temporal=dias_produccion; dias=14; perfil_destino=P3,exportacion_t,16.775385,t,stock,comercial,ESTIMACIÓN,[ESTIMACIÓN],"SUP-055, SUP-056; = escenarios_escala.csv",días de producción
inventario,2500,5,250,-,base_temporal=dias_calendario; dias=1,comestible_total_t,4.103568,t,stock,comercial,ESTIMACIÓN,[ESTIMACIÓN],"SUP-055, SUP-056; = escenarios_escala.csv",días calendario de cobertura (× días op./365)
inventario,2500,5,250,-,base_temporal=dias_calendario; dias=1; perfil_destino=P1,refrigerado_t,3.693211,t,stock,comercial,ESTIMACIÓN,[ESTIMACIÓN],"SUP-055, SUP-056; = escenarios_escala.csv",días calendario de cobertura (× días op./365)
inventario,2500,5,250,-,base_temporal=dias_calendario; dias=1; perfil_destino=P1,congelado_t,0.410357,t,stock,comercial,ESTIMACIÓN,[ESTIMACIÓN],"SUP-055, SUP-056; = escenarios_escala.csv",días calendario de cobertura (× días op./365)
inventario,2500,5,250,-,base_temporal=dias_calendario; dias=1; perfil_destino=P1,exportacion_t,0.0,t,stock,comercial,ESTIMACIÓN,[ESTIMACIÓN],"SUP-055, SUP-056; = escenarios_escala.csv",días calendario de cobertura (× días op./365)
inventario,2500,5,250,-,base_temporal=dias_calendario; dias=1; perfil_destino=P2,refrigerado_t,2.462141,t,stock,comercial,ESTIMACIÓN,[ESTIMACIÓN],"SUP-055, SUP-056; = escenarios_escala.csv",días calendario de cobertura (× días op./365)
inventario,2500,5,250,-,base_temporal=dias_calendario; dias=1; perfil_destino=P2,congelado_t,1.641427,t,stock,comercial,ESTIMACIÓN,[ESTIMACIÓN],"SUP-055, SUP-056; = escenarios_escala.csv",días calendario de cobertura (× días op./365)
inventario,2500,5,250,-,base_temporal=dias_calendario; dias=1; perfil_destino=P2,exportacion_t,0.0,t,stock,comercial,ESTIMACIÓN,[ESTIMACIÓN],"SUP-055, SUP-056; = escenarios_escala.csv",días calendario de cobertura (× días op./365)
inventario,2500,5,250,-,base_temporal=dias_calendario; dias=1; perfil_destino=P3,refrigerado_t,2.051784,t,stock,comercial,ESTIMACIÓN,[ESTIMACIÓN],"SUP-055, SUP-056; = escenarios_escala.csv",días calendario de cobertura (× días op./365)
inventario,2500,5,250,-,base_temporal=dias_calendario; dias=1; perfil_destino=P3,congelado_t,1.23107,t,stock,comercial,ESTIMACIÓN,[ESTIMACIÓN],"SUP-055, SUP-056; = escenarios_escala.csv",días calendario de cobertura (× días op./365)
inventario,2500,5,250,-,base_temporal=dias_calendario; dias=1; perfil_destino=P3,exportacion_t,0.820714,t,stock,comercial,ESTIMACIÓN,[ESTIMACIÓN],"SUP-055, SUP-056; = escenarios_escala.csv",días calendario de cobertura (× días op./365)
inventario,2500,5,250,-,base_temporal=dias_calendario; dias=3,comestible_total_t,12.310703,t,stock,comercial,ESTIMACIÓN,[ESTIMACIÓN],"SUP-055, SUP-056; = escenarios_escala.csv",días calendario de cobertura (× días op./365)
inventario,2500,5,250,-,base_temporal=dias_calendario; dias=3; perfil_destino=P1,refrigerado_t,11.079633,t,stock,comercial,ESTIMACIÓN,[ESTIMACIÓN],"SUP-055, SUP-056; = escenarios_escala.csv",días calendario de cobertura (× días op./365)
inventario,2500,5,250,-,base_temporal=dias_calendario; dias=3; perfil_destino=P1,congelado_t,1.23107,t,stock,comercial,ESTIMACIÓN,[ESTIMACIÓN],"SUP-055, SUP-056; = escenarios_escala.csv",días calendario de cobertura (× días op./365)
inventario,2500,5,250,-,base_temporal=dias_calendario; dias=3; perfil_destino=P1,exportacion_t,0.0,t,stock,comercial,ESTIMACIÓN,[ESTIMACIÓN],"SUP-055, SUP-056; = escenarios_escala.csv",días calendario de cobertura (× días op./365)
inventario,2500,5,250,-,base_temporal=dias_calendario; dias=3; perfil_destino=P2,refrigerado_t,7.386422,t,stock,comercial,ESTIMACIÓN,[ESTIMACIÓN],"SUP-055, SUP-056; = escenarios_escala.csv",días calendario de cobertura (× días op./365)
inventario,2500,5,250,-,base_temporal=dias_calendario; dias=3; perfil_destino=P2,congelado_t,4.924281,t,stock,comercial,ESTIMACIÓN,[ESTIMACIÓN],"SUP-055, SUP-056; = escenarios_escala.csv",días calendario de cobertura (× días op./365)
inventario,2500,5,250,-,base_temporal=dias_calendario; dias=3; perfil_destino=P2,exportacion_t,0.0,t,stock,comercial,ESTIMACIÓN,[ESTIMACIÓN],"SUP-055, SUP-056; = escenarios_escala.csv",días calendario de cobertura (× días op./365)
inventario,2500,5,250,-,base_temporal=dias_calendario; dias=3; perfil_destino=P3,refrigerado_t,6.155352,t,stock,comercial,ESTIMACIÓN,[ESTIMACIÓN],"SUP-055, SUP-056; = escenarios_escala.csv",días calendario de cobertura (× días op./365)
inventario,2500,5,250,-,base_temporal=dias_calendario; dias=3; perfil_destino=P3,congelado_t,3.693211,t,stock,comercial,ESTIMACIÓN,[ESTIMACIÓN],"SUP-055, SUP-056; = escenarios_escala.csv",días calendario de cobertura (× días op./365)
inventario,2500,5,250,-,base_temporal=dias_calendario; dias=3; perfil_destino=P3,exportacion_t,2.462141,t,stock,comercial,ESTIMACIÓN,[ESTIMACIÓN],"SUP-055, SUP-056; = escenarios_escala.csv",días calendario de cobertura (× días op./365)
inventario,2500,5,250,-,base_temporal=dias_calendario; dias=7,comestible_total_t,28.724975,t,stock,comercial,ESTIMACIÓN,[ESTIMACIÓN],"SUP-055, SUP-056; = escenarios_escala.csv",días calendario de cobertura (× días op./365)
inventario,2500,5,250,-,base_temporal=dias_calendario; dias=7; perfil_destino=P1,refrigerado_t,25.852477,t,stock,comercial,ESTIMACIÓN,[ESTIMACIÓN],"SUP-055, SUP-056; = escenarios_escala.csv",días calendario de cobertura (× días op./365)
inventario,2500,5,250,-,base_temporal=dias_calendario; dias=7; perfil_destino=P1,congelado_t,2.872497,t,stock,comercial,ESTIMACIÓN,[ESTIMACIÓN],"SUP-055, SUP-056; = escenarios_escala.csv",días calendario de cobertura (× días op./365)
inventario,2500,5,250,-,base_temporal=dias_calendario; dias=7; perfil_destino=P1,exportacion_t,0.0,t,stock,comercial,ESTIMACIÓN,[ESTIMACIÓN],"SUP-055, SUP-056; = escenarios_escala.csv",días calendario de cobertura (× días op./365)
inventario,2500,5,250,-,base_temporal=dias_calendario; dias=7; perfil_destino=P2,refrigerado_t,17.234985,t,stock,comercial,ESTIMACIÓN,[ESTIMACIÓN],"SUP-055, SUP-056; = escenarios_escala.csv",días calendario de cobertura (× días op./365)
inventario,2500,5,250,-,base_temporal=dias_calendario; dias=7; perfil_destino=P2,congelado_t,11.48999,t,stock,comercial,ESTIMACIÓN,[ESTIMACIÓN],"SUP-055, SUP-056; = escenarios_escala.csv",días calendario de cobertura (× días op./365)
inventario,2500,5,250,-,base_temporal=dias_calendario; dias=7; perfil_destino=P2,exportacion_t,0.0,t,stock,comercial,ESTIMACIÓN,[ESTIMACIÓN],"SUP-055, SUP-056; = escenarios_escala.csv",días calendario de cobertura (× días op./365)
inventario,2500,5,250,-,base_temporal=dias_calendario; dias=7; perfil_destino=P3,refrigerado_t,14.362487,t,stock,comercial,ESTIMACIÓN,[ESTIMACIÓN],"SUP-055, SUP-056; = escenarios_escala.csv",días calendario de cobertura (× días op./365)
inventario,2500,5,250,-,base_temporal=dias_calendario; dias=7; perfil_destino=P3,congelado_t,8.617492,t,stock,comercial,ESTIMACIÓN,[ESTIMACIÓN],"SUP-055, SUP-056; = escenarios_escala.csv",días calendario de cobertura (× días op./365)
inventario,2500,5,250,-,base_temporal=dias_calendario; dias=7; perfil_destino=P3,exportacion_t,5.744995,t,stock,comercial,ESTIMACIÓN,[ESTIMACIÓN],"SUP-055, SUP-056; = escenarios_escala.csv",días calendario de cobertura (× días op./365)
inventario,2500,5,250,-,base_temporal=dias_calendario; dias=14,comestible_total_t,57.449949,t,stock,comercial,ESTIMACIÓN,[ESTIMACIÓN],"SUP-055, SUP-056; = escenarios_escala.csv",días calendario de cobertura (× días op./365)
inventario,2500,5,250,-,base_temporal=dias_calendario; dias=14; perfil_destino=P1,refrigerado_t,51.704954,t,stock,comercial,ESTIMACIÓN,[ESTIMACIÓN],"SUP-055, SUP-056; = escenarios_escala.csv",días calendario de cobertura (× días op./365)
inventario,2500,5,250,-,base_temporal=dias_calendario; dias=14; perfil_destino=P1,congelado_t,5.744995,t,stock,comercial,ESTIMACIÓN,[ESTIMACIÓN],"SUP-055, SUP-056; = escenarios_escala.csv",días calendario de cobertura (× días op./365)
inventario,2500,5,250,-,base_temporal=dias_calendario; dias=14; perfil_destino=P1,exportacion_t,0.0,t,stock,comercial,ESTIMACIÓN,[ESTIMACIÓN],"SUP-055, SUP-056; = escenarios_escala.csv",días calendario de cobertura (× días op./365)
inventario,2500,5,250,-,base_temporal=dias_calendario; dias=14; perfil_destino=P2,refrigerado_t,34.46997,t,stock,comercial,ESTIMACIÓN,[ESTIMACIÓN],"SUP-055, SUP-056; = escenarios_escala.csv",días calendario de cobertura (× días op./365)
inventario,2500,5,250,-,base_temporal=dias_calendario; dias=14; perfil_destino=P2,congelado_t,22.97998,t,stock,comercial,ESTIMACIÓN,[ESTIMACIÓN],"SUP-055, SUP-056; = escenarios_escala.csv",días calendario de cobertura (× días op./365)
inventario,2500,5,250,-,base_temporal=dias_calendario; dias=14; perfil_destino=P2,exportacion_t,0.0,t,stock,comercial,ESTIMACIÓN,[ESTIMACIÓN],"SUP-055, SUP-056; = escenarios_escala.csv",días calendario de cobertura (× días op./365)
inventario,2500,5,250,-,base_temporal=dias_calendario; dias=14; perfil_destino=P3,refrigerado_t,28.724975,t,stock,comercial,ESTIMACIÓN,[ESTIMACIÓN],"SUP-055, SUP-056; = escenarios_escala.csv",días calendario de cobertura (× días op./365)
inventario,2500,5,250,-,base_temporal=dias_calendario; dias=14; perfil_destino=P3,congelado_t,17.234985,t,stock,comercial,ESTIMACIÓN,[ESTIMACIÓN],"SUP-055, SUP-056; = escenarios_escala.csv",días calendario de cobertura (× días op./365)
inventario,2500,5,250,-,base_temporal=dias_calendario; dias=14; perfil_destino=P3,exportacion_t,11.48999,t,stock,comercial,ESTIMACIÓN,[ESTIMACIÓN],"SUP-055, SUP-056; = escenarios_escala.csv",días calendario de cobertura (× días op./365)
entrada,2500,6,300,bajo,,aves_faenadas_dia_operativo,2500.0,aves,dia_operativo,aves,SUPUESTO,[SUPUESTO],SUP-052,escala = capacidad operativa
entrada,2500,6,300,bajo,,t_vivas_dia_operativo,7.25,t,dia_operativo,vivo,ESTIMACIÓN,[ESTIMACIÓN],escenarios_escala.csv,
agua,2500,6,300,bajo,nivel=bajo,agua_recepcion_l_ave,0.5,L/ave,por_ave,agua_utilizada,SUPUESTO,[SUPUESTO],sin fuente por ave; DPV propuesto,"Recepción: lavado de jaulas/módulos, camiones y andén"
agua,2500,6,300,bajo,nivel=bajo,agua_recepcion_m3_dia,1.25,m³,dia_operativo,agua_utilizada,ESTIMACIÓN,[ESTIMACIÓN],,"Recepción: lavado de jaulas/módulos, camiones y andén"
agua,2500,6,300,bajo,nivel=bajo,agua_escaldado_l_ave,0.9,L/ave,por_ave,agua_utilizada,FUENTE,[FUENTE] [PVDP],"mín. ~1 cuarto de galón (0,95 L)/ave (FTE-09C-11, FTE-09C-18)","Escaldado: llenado, reposición y desborde"
agua,2500,6,300,bajo,nivel=bajo,agua_escaldado_m3_dia,2.25,m³,dia_operativo,agua_utilizada,ESTIMACIÓN,[ESTIMACIÓN],,"Escaldado: llenado, reposición y desborde"
agua,2500,6,300,bajo,nivel=bajo,agua_desplumado_l_ave,1.0,L/ave,por_ave,agua_utilizada,SUPUESTO,[SUPUESTO],incluido en totales de FTE-09C-01/02,Desplumado: duchas y transporte de plumas
agua,2500,6,300,bajo,nivel=bajo,agua_desplumado_m3_dia,2.5,m³,dia_operativo,agua_utilizada,ESTIMACIÓN,[ESTIMACIÓN],,Desplumado: duchas y transporte de plumas
agua,2500,6,300,bajo,nivel=bajo,agua_evisceracion_l_ave,4.0,L/ave,por_ave,agua_utilizada,FUENTE,[FUENTE] [PVDP],"7,57 L/ave (FTE-09C-01)",Evisceración: lavados interior/exterior y transporte hidráulico de vísceras
agua,2500,6,300,bajo,nivel=bajo,agua_evisceracion_m3_dia,10.0,m³,dia_operativo,agua_utilizada,ESTIMACIÓN,[ESTIMACIÓN],,Evisceración: lavados interior/exterior y transporte hidráulico de vísceras
agua,2500,6,300,bajo,nivel=bajo,agua_lavado_l_ave,1.5,L/ave,por_ave,agua_utilizada,FUENTE,[FUENTE] [PVDP],"4,25–4,35 L/ave (FTE-09C-01)",Lavado final de carcasas
agua,2500,6,300,bajo,nivel=bajo,agua_lavado_m3_dia,3.75,m³,dia_operativo,agua_utilizada,ESTIMACIÓN,[ESTIMACIÓN],,Lavado final de carcasas
agua,2500,6,300,bajo,nivel=bajo,agua_chiller_l_ave,1.9,L/ave,por_ave,agua_utilizada,FUENTE,[FUENTE] [PVDP],"mín. 0,5 gal = 1,9 L/ave; típico 2,8–5,7 L/ave (FTE-09C-18); 2,12 L/ave (FTE-09C-01)",Chiller: reposición de agua (contracorriente)
agua,2500,6,300,bajo,nivel=bajo,agua_chiller_m3_dia,4.75,m³,dia_operativo,agua_utilizada,ESTIMACIÓN,[ESTIMACIÓN],,Chiller: reposición de agua (contracorriente)
agua,2500,6,300,bajo,nivel=bajo,agua_despiece_l_ave,0.5,L/ave,por_ave,agua_utilizada,FUENTE,[FUENTE] [PVDP],"3,03 L/ave (FTE-09C-01)",Sala de despiece y deshuese
agua,2500,6,300,bajo,nivel=bajo,agua_despiece_m3_dia,1.25,m³,dia_operativo,agua_utilizada,ESTIMACIÓN,[ESTIMACIÓN],,Sala de despiece y deshuese
agua,2500,6,300,bajo,nivel=bajo,agua_limpieza_l_ave,3.0,L/ave,por_ave,agua_utilizada,FUENTE,[FUENTE] [PVDP],"1,5–3 gal = 5,7–11,4 L/ave saneamiento + 0,9–3,8 L equipos (FTE-09C-01)",Limpieza de equipos y salas (fin de turno)
agua,2500,6,300,bajo,nivel=bajo,agua_limpieza_m3_dia,7.5,m³,dia_operativo,agua_utilizada,ESTIMACIÓN,[ESTIMACIÓN],,Limpieza de equipos y salas (fin de turno)
agua,2500,6,300,bajo,nivel=bajo,agua_sanitizacion_l_ave,0.7,L/ave,por_ave,agua_utilizada,SUPUESTO,[SUPUESTO],sin fuente separada,"Sanitización: esterilizadores, lavamanos, pediluvios, enjuagues"
agua,2500,6,300,bajo,nivel=bajo,agua_sanitizacion_m3_dia,1.75,m³,dia_operativo,agua_utilizada,ESTIMACIÓN,[ESTIMACIÓN],,"Sanitización: esterilizadores, lavamanos, pediluvios, enjuagues"
agua,2500,6,300,bajo,nivel=bajo,agua_auxiliares_l_ave,1.0,L/ave,por_ave,agua_utilizada,SUPUESTO,[SUPUESTO],sin fuente separada,"Servicios auxiliares: caldera, condensadores evaporativos, vestuarios, comedor"
agua,2500,6,300,bajo,nivel=bajo,agua_auxiliares_m3_dia,2.5,m³,dia_operativo,agua_utilizada,ESTIMACIÓN,[ESTIMACIÓN],,"Servicios auxiliares: caldera, condensadores evaporativos, vestuarios, comedor"
agua,2500,6,300,bajo,nivel=bajo,agua_utilizada_l_ave,15.0,L/ave,por_ave,agua_utilizada,ESTIMACIÓN,[ESTIMACIÓN] con rangos [PVDP],FTE-09C-01 a 04,consumo industrial; NO incluye agua retenida
agua,2500,6,300,bajo,nivel=bajo,agua_utilizada_m3_dia,37.5,m³,dia_operativo,agua_utilizada,ESTIMACIÓN,[ESTIMACIÓN],,
agua,2500,6,300,bajo,nivel=bajo,agua_utilizada_m3_anio,11250.0,m³,anio,agua_utilizada,ESTIMACIÓN,[ESTIMACIÓN],,
agua,2500,6,300,bajo,nivel=bajo,agua_utilizada_m3_h_medio,3.125,m³/h,hora,agua_utilizada,ESTIMACIÓN,[ESTIMACIÓN],,sobre 12 h (faena + limpieza)
agua,2500,6,300,bajo,nivel=bajo,agua_utilizada_m3_h_pico,4.6875,m³/h,hora,agua_utilizada,SUPUESTO,[SUPUESTO] factor de pico,,"dimensiona captación, bombeo y reserva"
agua,2500,6,300,bajo,nivel=bajo,reserva_agua_1_dia_m3,37.5,m³,stock,agua_utilizada,ESTIMACIÓN,[ESTIMACIÓN],,"volumen equivalente a un día de uso (referencia conceptual, no diseño)"
agua,2500,6,300,bajo,nivel=bajo,agua_descargada_m3_dia,30.0,m³,dia_operativo,agua_descargada,SUPUESTO,[ESTIMACIÓN] con fracción [SUPUESTO],,fracción a efluente = 0.80
agua,2500,6,300,bajo,nivel=bajo,agua_descargada_l_ave,12.0,L/ave,por_ave,agua_descargada,ESTIMACIÓN,[ESTIMACIÓN],,
agua,2500,6,300,bajo,nivel=bajo,agua_no_descargada_m3_dia,7.5,m³,dia_operativo,agua_no_descargada,ESTIMACIÓN,[ESTIMACIÓN],,evaporación + retenida + sale con subproductos + pérdidas
agua_retenida,2500,6,300,bajo,,agua_retenida_en_producto_t_dia,0.213816,t,dia_operativo,agua_retenida,ESTIMACIÓN,[ESTIMACIÓN] del balance v1.1,escenarios_escala.csv,sale vendida con el producto; NO es consumo industrial ni efluente
agua_retenida,2500,6,300,bajo,,agua_incorporada_producto_y_subproductos_t_dia,0.531652,t,dia_operativo,agua_retenida,ESTIMACIÓN,[ESTIMACIÓN] del balance v1.1,escenarios_escala.csv,absorbida en chiller + adherida a plumas (incluye goteo posterior)
agua_retenida,2500,6,300,bajo,,agua_retenida_sobre_agua_utilizada_pct,0.570176,%,adimensional,agua,ESTIMACIÓN,[ESTIMACIÓN],,cuánto del agua usada termina dentro del producto
efluente,2500,6,300,bajo,nivel=bajo,carga_DQO_g_ave,50.0,g/ave,por_ave,efluente_crudo,ESTIMACIÓN,[ESTIMACIÓN] con rangos [PVDP],FTE-181; FTE-09C-05,efluente crudo tras retirar sangre y sólidos gruesos
efluente,2500,6,300,bajo,nivel=bajo,carga_DQO_kg_dia,125.0,kg,dia_operativo,efluente_crudo,ESTIMACIÓN,[ESTIMACIÓN],,
efluente,2500,6,300,bajo,nivel=bajo,concentracion_DQO_mg_l,4166.666667,mg/L,adimensional,efluente_crudo,ESTIMACIÓN,[ESTIMACIÓN],,"resultado (carga / caudal), no parámetro"
efluente,2500,6,300,bajo,nivel=bajo,carga_DBO5_g_ave,25.0,g/ave,por_ave,efluente_crudo,ESTIMACIÓN,[ESTIMACIÓN] con rangos [PVDP],"FTE-181; FTE-09C-05 (DBO/DQO ~0,4–0,6)",efluente crudo tras retirar sangre y sólidos gruesos
efluente,2500,6,300,bajo,nivel=bajo,carga_DBO5_kg_dia,62.5,kg,dia_operativo,efluente_crudo,ESTIMACIÓN,[ESTIMACIÓN],,
efluente,2500,6,300,bajo,nivel=bajo,concentracion_DBO5_mg_l,2083.333333,mg/L,adimensional,efluente_crudo,ESTIMACIÓN,[ESTIMACIÓN],,"resultado (carga / caudal), no parámetro"
efluente,2500,6,300,bajo,nivel=bajo,carga_SST_g_ave,15.0,g/ave,por_ave,efluente_crudo,ESTIMACIÓN,[ESTIMACIÓN] con rangos [PVDP],FTE-181; FTE-09C-05,efluente crudo tras retirar sangre y sólidos gruesos
efluente,2500,6,300,bajo,nivel=bajo,carga_SST_kg_dia,37.5,kg,dia_operativo,efluente_crudo,ESTIMACIÓN,[ESTIMACIÓN],,
efluente,2500,6,300,bajo,nivel=bajo,concentracion_SST_mg_l,1250.0,mg/L,adimensional,efluente_crudo,ESTIMACIÓN,[ESTIMACIÓN],,"resultado (carga / caudal), no parámetro"
efluente,2500,6,300,bajo,nivel=bajo,carga_GyA_g_ave,5.0,g/ave,por_ave,efluente_crudo,ESTIMACIÓN,[ESTIMACIÓN] con rangos [PVDP],FTE-09C-06 (~500 mg/L tamizado),efluente crudo tras retirar sangre y sólidos gruesos
efluente,2500,6,300,bajo,nivel=bajo,carga_GyA_kg_dia,12.5,kg,dia_operativo,efluente_crudo,ESTIMACIÓN,[ESTIMACIÓN],,
efluente,2500,6,300,bajo,nivel=bajo,concentracion_GyA_mg_l,416.666667,mg/L,adimensional,efluente_crudo,ESTIMACIÓN,[ESTIMACIÓN],,"resultado (carga / caudal), no parámetro"
efluente,2500,6,300,bajo,nivel=bajo,carga_NTK_g_ave,3.0,g/ave,por_ave,efluente_crudo,ESTIMACIÓN,[ESTIMACIÓN] con rangos [PVDP],FTE-09C-06 (150–296 mg/L),efluente crudo tras retirar sangre y sólidos gruesos
efluente,2500,6,300,bajo,nivel=bajo,carga_NTK_kg_dia,7.5,kg,dia_operativo,efluente_crudo,ESTIMACIÓN,[ESTIMACIÓN],,
efluente,2500,6,300,bajo,nivel=bajo,concentracion_NTK_mg_l,250.0,mg/L,adimensional,efluente_crudo,ESTIMACIÓN,[ESTIMACIÓN],,"resultado (carga / caudal), no parámetro"
efluente,2500,6,300,bajo,nivel=bajo,carga_PT_g_ave,0.3,g/ave,por_ave,efluente_crudo,ESTIMACIÓN,[ESTIMACIÓN] con rangos [PVDP],"FTE-09C-06 (~18,5 mg/L)",efluente crudo tras retirar sangre y sólidos gruesos
efluente,2500,6,300,bajo,nivel=bajo,carga_PT_kg_dia,0.75,kg,dia_operativo,efluente_crudo,ESTIMACIÓN,[ESTIMACIÓN],,
efluente,2500,6,300,bajo,nivel=bajo,concentracion_PT_mg_l,25.0,mg/L,adimensional,efluente_crudo,ESTIMACIÓN,[ESTIMACIÓN],,"resultado (carga / caudal), no parámetro"
efluente,2500,6,300,bajo,,dqo_extra_por_sangre_no_recuperada_g_ave,0.0,g/ave,por_ave,efluente_crudo,ESTIMACIÓN,[ESTIMACIÓN] con DQO de sangre [PVDP],FTE-181,recuperación 0.85 vs referencia 0.85
efluente,2500,6,300,bajo,,dqo_evitada_por_recuperar_sangre_kg_dia,74.830357,kg,dia_operativo,efluente_crudo,ESTIMACIÓN,[ESTIMACIÓN] con DQO de sangre [PVDP],FTE-181,orden de magnitud; no es una reducción medida
efluente,2500,6,300,bajo,nivel=bajo,caudal_efluente_m3_h_pico,3.75,m³/h,hora,agua_descargada,SUPUESTO,[SUPUESTO] factor de pico,,dimensiona ecualización
efluente,2500,6,300,bajo,nivel=bajo,remocion_dqo_requerida_ilustrativa_pct,94.0,%,adimensional,efluente_crudo,ESTIMACIÓN,[ESTIMACIÓN] con límite [PVDP],FTE-09C-08,"límite ilustrativo 250 mg/L (ADA 336/03, pluvial; a confirmar según sitio y cuerpo receptor)"
masa_evitable,2500,6,300,bajo,,sangre_recuperada_t_dia,0.209525,t,dia_operativo,biologica+agua,ESTIMACIÓN,[ESTIMACIÓN] del balance v1.1,escenarios_escala.csv,"sangre recuperada por separado (85 %, SUP-040)"
masa_evitable,2500,6,300,bajo,,plumas_t_dia,0.6032,t,dia_operativo,biologica+agua,ESTIMACIÓN,[ESTIMACIÓN] del balance v1.1,escenarios_escala.csv,plumas húmedas retiradas
masa_evitable,2500,6,300,bajo,,visceras_t_dia,0.32625,t,dia_operativo,biologica+agua,ESTIMACIÓN,[ESTIMACIÓN] del balance v1.1,escenarios_escala.csv,vísceras no comestibles
masa_evitable,2500,6,300,bajo,,cabeza_t_dia,0.18125,t,dia_operativo,biologica+agua,ESTIMACIÓN,[ESTIMACIÓN] del balance v1.1,escenarios_escala.csv,cabezas
masa_evitable,2500,6,300,bajo,,solidos_a_retirar_t_dia,1.520881,t,dia_operativo,biologica+agua,ESTIMACIÓN,[ESTIMACIÓN] del balance v1.1,escenarios_escala.csv,total sólidos a retirar en seco (C + decomisos + contenido GI; NO sumar)
masa_evitable,2500,6,300,bajo,,masa_a_efluente_o_perdida_t_dia,0.269561,t,dia_operativo,biologica+agua,ESTIMACIÓN,[ESTIMACIÓN] del balance v1.1,escenarios_escala.csv,"masa que el balance ya envía a efluente o pérdida (sangre no recuperada, cutícula, goteo, pérdidas)"
lodos,2500,6,300,bajo,nivel=bajo,lodo_daf_kg_ms_dia,41.9375,kg,dia_operativo,materia_seca,ESTIMACIÓN,[ESTIMACIÓN] con remociones [PVDP],"FTE-09C-05, FTE-09C-13",sólidos + grasas flotados + químicos
lodos,2500,6,300,bajo,nivel=bajo,lodo_daf_t_humedo_dia,0.279583,t,dia_operativo,lodo_humedo,ESTIMACIÓN,[ESTIMACIÓN] con % sólidos [PVDP],FTE-09C-13,
lodos,2500,6,300,bajo,nivel=bajo,dbo_al_tratamiento_biologico_kg_dia,25.0,kg,dia_operativo,efluente_pretratado,ESTIMACIÓN,[ESTIMACIÓN],,después de DAF
lodos,2500,6,300,bajo,nivel=bajo,lodo_biologico_aerobio_kg_ms_dia,7.125,kg,dia_operativo,materia_seca,SUPUESTO,[ESTIMACIÓN] con rendimiento [SUPUESTO],,si el tratamiento fuera aerobio completo; anaerobio genera mucho menos lodo
lodos,2500,6,300,bajo,nivel=bajo,lodos_deshidratados_t_dia,0.245312,t,dia_operativo,lodo_humedo,SUPUESTO,[ESTIMACIÓN] con [SUPUESTO],,DAF + biológico deshidratados; disposición/valorización a definir
electricidad,2500,6,300,bajo,nivel=bajo,kwh_proceso_dia,1087.5,kWh,dia_operativo,energia_electrica,FUENTE,[ESTIMACIÓN] con indicador [PVDP],"UE 152–860 kWh/t faenada; Brasil 165 kWh/t; 1,19 MJ/kg = 330 kWh/t (FTE-09C-09, FTE-09C-03)","faena, proceso, enfriado fresco, aire, agua, servicios"
electricidad,2500,6,300,bajo,nivel=bajo,kwh_proceso_frio_de_proceso_agua_helada_hielo_dia,380.625,kWh,dia_operativo,energia_electrica,SUPUESTO,[SUPUESTO] reparto ilustrativo,FTE-09C-09 (cualitativo),didáctico; no sumar con kwh_proceso_dia
electricidad,2500,6,300,bajo,nivel=bajo,kwh_proceso_motores_de_linea_y_transportadores_dia,217.5,kWh,dia_operativo,energia_electrica,SUPUESTO,[SUPUESTO] reparto ilustrativo,FTE-09C-09 (cualitativo),didáctico; no sumar con kwh_proceso_dia
electricidad,2500,6,300,bajo,nivel=bajo,kwh_proceso_aire_comprimido_dia,108.75,kWh,dia_operativo,energia_electrica,SUPUESTO,[SUPUESTO] reparto ilustrativo,FTE-09C-09 (cualitativo),didáctico; no sumar con kwh_proceso_dia
electricidad,2500,6,300,bajo,nivel=bajo,kwh_proceso_bombas_agua_y_efluentes_dia,108.75,kWh,dia_operativo,energia_electrica,SUPUESTO,[SUPUESTO] reparto ilustrativo,FTE-09C-09 (cualitativo),didáctico; no sumar con kwh_proceso_dia
electricidad,2500,6,300,bajo,nivel=bajo,kwh_proceso_climatizacion_salas_dia,87.0,kWh,dia_operativo,energia_electrica,SUPUESTO,[SUPUESTO] reparto ilustrativo,FTE-09C-09 (cualitativo),didáctico; no sumar con kwh_proceso_dia
electricidad,2500,6,300,bajo,nivel=bajo,kwh_proceso_iluminacion_dia,76.125,kWh,dia_operativo,energia_electrica,SUPUESTO,[SUPUESTO] reparto ilustrativo,FTE-09C-09 (cualitativo),didáctico; no sumar con kwh_proceso_dia
electricidad,2500,6,300,bajo,nivel=bajo,kwh_proceso_oficinas_vestuarios_servicios_dia,54.375,kWh,dia_operativo,energia_electrica,SUPUESTO,[SUPUESTO] reparto ilustrativo,FTE-09C-09 (cualitativo),didáctico; no sumar con kwh_proceso_dia
electricidad,2500,6,300,bajo,nivel=bajo,kwh_proceso_otros_dia,54.375,kWh,dia_operativo,energia_electrica,SUPUESTO,[SUPUESTO] reparto ilustrativo,FTE-09C-09 (cualitativo),didáctico; no sumar con kwh_proceso_dia
inventario,2500,6,300,bajo,,stock_refrigerado_t,16.176264,t,stock,comercial,ESTIMACIÓN,[ESTIMACIÓN],"SUP-055, SUP-056",base=dias_produccion; días=3; perfil=P1
inventario,2500,6,300,bajo,,stock_congelado_t,8.387693,t,stock,comercial,ESTIMACIÓN,[ESTIMACIÓN],"SUP-055, SUP-056",base=dias_produccion; días=14; incluye exportación
congelado,2500,6,300,bajo,,capacidad_congelacion_t_dia,0.599121,t,dia_operativo,comercial,ESTIMACIÓN,[ESTIMACIÓN],SUP-055,t que hay que congelar cada día de faena (túneles/IQF)
congelado,2500,6,300,bajo,,capacidad_almacenamiento_congelado_t,8.387693,t,stock,comercial,ESTIMACIÓN,[ESTIMACIÓN],,t que hay que guardar (cámaras); NO es capacidad de congelación
congelado,2500,6,300,bajo,nivel=bajo,garras_a_congelar_t_dia_informativo,0.0,t,dia_operativo,comercial,SUPUESTO,[SUPUESTO],,ya incluidas dentro del comestible: NO sumar al perfil
congelado,2500,6,300,bajo,nivel=bajo,menudencias_a_congelar_t_dia_informativo,0.0,t,dia_operativo,comercial,SUPUESTO,[SUPUESTO],,ya incluidas dentro del comestible: NO sumar al perfil
congelado,2500,6,300,bajo,nivel=bajo,calor_a_extraer_congelacion_kj_kg,355.332,kJ/kg,adimensional,producto,ESTIMACIÓN,[ESTIMACIÓN] con propiedades [PVDP],FTE-09C-14,"de +4 °C a −18 °C, con pérdidas"
frio,2500,6,300,bajo,nivel=bajo,kw_frigorificos_enfriado_producto_fresco,45.615164,kW frigoríficos,potencia,frio,ESTIMACIÓN,[ESTIMACIÓN] con [SUPUESTO],,chiller + menudencias + salas/docks; durante 8 h netas
frio,2500,6,300,bajo,nivel=bajo,tr_enfriado_producto_fresco,12.969907,TR,potencia,frio,ESTIMACIÓN,[ESTIMACIÓN],,"1 TR = 3,517 kW frigoríficos"
frio,2500,6,300,bajo,nivel=bajo,kw_electricos_enfriado_producto_fresco,11.403791,kW eléctricos,potencia,energia_electrica,SUPUESTO,[ESTIMACIÓN] con COP [SUPUESTO],,kW eléctricos = kW frigoríficos / COP
frio,2500,6,300,bajo,nivel=bajo,kw_frigorificos_congelacion_tuneles,2.956761,kW frigoríficos,potencia,frio,ESTIMACIÓN,[ESTIMACIÓN] con [SUPUESTO],,durante 20 h/día
frio,2500,6,300,bajo,nivel=bajo,tr_congelacion_tuneles,0.840706,TR,potencia,frio,ESTIMACIÓN,[ESTIMACIÓN],,"1 TR = 3,517 kW frigoríficos"
frio,2500,6,300,bajo,nivel=bajo,kw_electricos_congelacion_tuneles,1.642645,kW eléctricos,potencia,energia_electrica,SUPUESTO,[ESTIMACIÓN] con COP [SUPUESTO],,kW eléctricos = kW frigoríficos / COP
frio,2500,6,300,bajo,nivel=bajo,kw_frigorificos_camaras_almacenamiento,2.291637,kW frigoríficos,potencia,frio,ESTIMACIÓN,[ESTIMACIÓN] con [SUPUESTO],,"24 h, 365 días; desde kWh/(t·día)"
frio,2500,6,300,bajo,nivel=bajo,tr_camaras_almacenamiento,0.651589,TR,potencia,frio,ESTIMACIÓN,[ESTIMACIÓN],,"1 TR = 3,517 kW frigoríficos"
frio,2500,6,300,bajo,nivel=bajo,kw_electricos_camaras_almacenamiento,0.861236,kW eléctricos,potencia,energia_electrica,SUPUESTO,[ESTIMACIÓN] con COP [SUPUESTO],,kW eléctricos = kW frigoríficos / COP
frio,2500,6,300,bajo,nivel=bajo,kj_frio_enfriado_por_ave,525.486686,kJ/ave,por_ave,frio,ESTIMACIÓN,[ESTIMACIÓN] con [SUPUESTO],FTE-09C-14,
electricidad,2500,6,300,bajo,nivel=bajo,kwh_congelacion_dia,71.894508,kWh,dia_operativo,energia_electrica,FUENTE,[ESTIMACIÓN] con indicador [PVDP],120–260 kWh/t de ave congelada; 133 kWh/t (FTE-09C-10),
electricidad,2500,6,300,bajo,nivel=bajo,kwh_almacenamiento_frio_dia_calendario,20.669671,kWh,dia_calendario,energia_electrica,SUPUESTO,[ESTIMACIÓN] con [SUPUESTO],,las cámaras funcionan también sin faena
electricidad,2500,6,300,bajo,nivel=bajo,kwh_tratamiento_aerobio_dia,16.625,kWh,dia_operativo,energia_electrica,SUPUESTO,[ESTIMACIÓN] con [SUPUESTO],,cota: si todo el biológico fuera aerobio
electricidad,2500,6,300,bajo,nivel=bajo,kwh_total_dia_operativo,1196.689179,kWh,dia_operativo,energia_electrica,ESTIMACIÓN,[ESTIMACIÓN],,proceso + congelado + aerobio + cámaras
electricidad,2500,6,300,bajo,nivel=bajo,kwh_total_anio,360350.282333,kWh,anio,energia_electrica,ESTIMACIÓN,[ESTIMACIÓN],,cámaras × 365 días; resto × días de faena
electricidad,2500,6,300,bajo,nivel=bajo,kwh_por_ave_promedio_anual,0.480467,kWh/ave,por_ave,energia_electrica,ESTIMACIÓN,[ESTIMACIÓN],,
electricidad,2500,6,300,bajo,nivel=bajo,kw_potencia_media_operacion,82.827241,kW,potencia,energia_electrica,ESTIMACIÓN,[ESTIMACIÓN],,proceso sobre 14 h + túneles + cámaras + efluentes
electricidad,2500,6,300,bajo,nivel=bajo,kw_potencia_pico_estimada,106.130813,kW,potencia,energia_electrica,SUPUESTO,[ESTIMACIÓN] con factor de pico [SUPUESTO],,orden de magnitud para pedir potencia; no es diseño
termico,2500,6,300,bajo,nivel=bajo,calor_util_escaldado_mj_dia,508.599,MJ,dia_operativo,energia_termica,ESTIMACIÓN,[ESTIMACIÓN] con temperaturas [PVDP]/[SUPUESTO],FTE-09C-11,
termico,2500,6,300,bajo,nivel=bajo,kw_termicos_escaldado,17.659687,kW térmicos,potencia,energia_termica,ESTIMACIÓN,[ESTIMACIÓN],,durante 8 h
termico,2500,6,300,bajo,nivel=bajo,calor_util_limpieza_mj_dia,502.32,MJ,dia_operativo,energia_termica,ESTIMACIÓN,[ESTIMACIÓN] con temperaturas [PVDP]/[SUPUESTO],FTE-09C-11,
termico,2500,6,300,bajo,nivel=bajo,kw_termicos_limpieza,34.883333,kW térmicos,potencia,energia_termica,ESTIMACIÓN,[ESTIMACIÓN],,durante 4 h
termico,2500,6,300,bajo,nivel=bajo,calor_util_sanitizacion_mj_dia,140.6496,MJ,dia_operativo,energia_termica,ESTIMACIÓN,[ESTIMACIÓN] con temperaturas [PVDP]/[SUPUESTO],FTE-09C-11,
termico,2500,6,300,bajo,nivel=bajo,kw_termicos_sanitizacion,3.255778,kW térmicos,potencia,energia_termica,ESTIMACIÓN,[ESTIMACIÓN],,durante 12 h
termico,2500,6,300,bajo,nivel=bajo,calor_util_mj_ave,0.460627,MJ/ave,por_ave,energia_termica,ESTIMACIÓN,[ESTIMACIÓN],,
termico,2500,6,300,bajo,nivel=bajo,energia_combustible_mj_dia,1354.786588,MJ,dia_operativo,energia_termica,ESTIMACIÓN,[ESTIMACIÓN] con rendimiento [SUPUESTO],,
termico,2500,6,300,bajo,nivel=bajo,energia_combustible_kwh_dia,376.329608,kWh,dia_operativo,energia_termica,ESTIMACIÓN,[ESTIMACIÓN],,kWh TÉRMICOS (no eléctricos)
termico,2500,6,300,bajo,nivel=bajo,equivalente_gas_natural_m3_dia,34.827419,m3,dia_operativo,energia_termica,SUPUESTO,[ESTIMACIÓN] con PCI [SUPUESTO],~9.300 kcal/m³ (a verificar con distribuidora),"equivalencia, no elección"
termico,2500,6,300,bajo,nivel=bajo,equivalente_glp_kg_dia,29.451882,kg,dia_operativo,energia_termica,SUPUESTO,[ESTIMACIÓN] con PCI [SUPUESTO],~11.000 kcal/kg,"equivalencia, no elección"
termico,2500,6,300,bajo,nivel=bajo,equivalente_biomasa_chip_kg_dia,96.770471,kg,dia_operativo,energia_termica,SUPUESTO,[ESTIMACIÓN] con PCI [SUPUESTO],chip de madera ~20–25 % humedad; muy variable,"equivalencia, no elección"
termico,2500,6,300,bajo,nivel=bajo,equivalente_electricidad_resistiva_kwh_dia,326.408333,kWh,dia_operativo,energia_termica,SUPUESTO,[ESTIMACIÓN],,rendimiento 98 %; bomba de calor dividiría por su COP (limitada a ~60–70 °C)
respaldo,2500,6,300,bajo,nivel=bajo,kw_critico_camaras_frio,1.119607,kW,potencia,energia_electrica,SUPUESTO,[ESTIMACIÓN] con [SUPUESTO],,
respaldo,2500,6,300,bajo,nivel=bajo,kw_critico_efluentes_minimo,0.346354,kW,potencia,energia_electrica,SUPUESTO,[ESTIMACIÓN] con [SUPUESTO],,
respaldo,2500,6,300,bajo,nivel=bajo,kw_critico_control_it_seguridad,2.019643,kW,potencia,energia_electrica,SUPUESTO,[ESTIMACIÓN] con [SUPUESTO],,
respaldo,2500,6,300,bajo,nivel=bajo,kw_critico_iluminacion_emergencia,1.009821,kW,potencia,energia_electrica,SUPUESTO,[ESTIMACIÓN] con [SUPUESTO],,
respaldo,2500,6,300,bajo,nivel=bajo,kw_critico_bombeo_agua_minimo,3.029464,kW,potencia,energia_electrica,SUPUESTO,[ESTIMACIÓN] con [SUPUESTO],,
respaldo,2500,6,300,bajo,nivel=bajo,kw_critico_anden_aves_ventilacion,2.019643,kW,potencia,energia_electrica,SUPUESTO,[ESTIMACIÓN] con [SUPUESTO],,
respaldo,2500,6,300,bajo,nivel=bajo,kw_respaldo_cargas_criticas,9.544533,kW,potencia,energia_electrica,SUPUESTO,[ESTIMACIÓN] con [SUPUESTO],,cámaras + control + emergencia + efluentes + agua + andén
respaldo,2500,6,300,bajo,nivel=bajo,kva_respaldo_cargas_criticas,11.930666,kVA,potencia,energia_electrica,SUPUESTO,[ESTIMACIÓN],,"fp 0,8"
respaldo,2500,6,300,bajo,nivel=bajo,kva_respaldo_planta_completa,132.663516,kVA,potencia,energia_electrica,SUPUESTO,[ESTIMACIÓN],,si se quisiera sostener también la línea
perfil_frio,2500,6,300,bajo,perfil=P2,capacidad_congelacion_t_dia,2.396484,t,dia_operativo,comercial,ESTIMACIÓN,[ESTIMACIÓN],SUP-055,t que hay que congelar cada día de faena (túneles/IQF)
perfil_frio,2500,6,300,bajo,perfil=P2,capacidad_almacenamiento_congelado_t,33.55077,t,stock,comercial,ESTIMACIÓN,[ESTIMACIÓN],,t que hay que guardar (cámaras); NO es capacidad de congelación
perfil_frio,2500,6,300,bajo,perfil=P2,stock_refrigerado_t,10.784176,t,stock,comercial,ESTIMACIÓN,[ESTIMACIÓN],"SUP-055, SUP-056",base=dias_produccion; días=3; perfil=P2
perfil_frio,2500,6,300,bajo,perfil=P2,kw_frigorificos_congelacion_tuneles,11.827046,kW frigoríficos,potencia,frio,ESTIMACIÓN,[ESTIMACIÓN] con [SUPUESTO],,durante 20 h/día
perfil_frio,2500,6,300,bajo,perfil=P2,kw_electricos_congelacion_tuneles,6.570581,kW eléctricos,potencia,energia_electrica,SUPUESTO,[ESTIMACIÓN] con COP [SUPUESTO],,kW eléctricos = kW frigoríficos / COP
perfil_frio,2500,6,300,bajo,perfil=P2,kw_frigorificos_camaras_almacenamiento,4.673143,kW frigoríficos,potencia,frio,ESTIMACIÓN,[ESTIMACIÓN] con [SUPUESTO],,"24 h, 365 días; desde kWh/(t·día)"
perfil_frio,2500,6,300,bajo,perfil=P2,kwh_congelacion_dia,287.578032,kWh,dia_operativo,energia_electrica,FUENTE,[ESTIMACIÓN] con indicador [PVDP],120–260 kWh/t de ave congelada; 133 kWh/t (FTE-09C-10),
perfil_frio,2500,6,300,bajo,perfil=P2,kwh_almacenamiento_frio_dia_calendario,55.718244,kWh,dia_calendario,energia_electrica,SUPUESTO,[ESTIMACIÓN] con [SUPUESTO],,las cámaras funcionan también sin faena
perfil_frio,2500,6,300,bajo,perfil=P2,kw_respaldo_cargas_criticas,11.442997,kW,potencia,energia_electrica,SUPUESTO,[ESTIMACIÓN] con [SUPUESTO],,cámaras + control + emergencia + efluentes + agua + andén
perfil_frio,2500,6,300,bajo,perfil=P3,capacidad_congelacion_t_dia,2.995604,t,dia_operativo,comercial,ESTIMACIÓN,[ESTIMACIÓN],SUP-055,t que hay que congelar cada día de faena (túneles/IQF)
perfil_frio,2500,6,300,bajo,perfil=P3,capacidad_almacenamiento_congelado_t,41.938463,t,stock,comercial,ESTIMACIÓN,[ESTIMACIÓN],,t que hay que guardar (cámaras); NO es capacidad de congelación
perfil_frio,2500,6,300,bajo,perfil=P3,stock_refrigerado_t,8.986814,t,stock,comercial,ESTIMACIÓN,[ESTIMACIÓN],"SUP-055, SUP-056",base=dias_produccion; días=3; perfil=P3
perfil_frio,2500,6,300,bajo,perfil=P3,kw_frigorificos_congelacion_tuneles,14.783807,kW frigoríficos,potencia,frio,ESTIMACIÓN,[ESTIMACIÓN] con [SUPUESTO],,durante 20 h/día
perfil_frio,2500,6,300,bajo,perfil=P3,kw_electricos_congelacion_tuneles,8.213226,kW eléctricos,potencia,energia_electrica,SUPUESTO,[ESTIMACIÓN] con COP [SUPUESTO],,kW eléctricos = kW frigoríficos / COP
perfil_frio,2500,6,300,bajo,perfil=P3,kw_frigorificos_camaras_almacenamiento,5.466978,kW frigoríficos,potencia,frio,ESTIMACIÓN,[ESTIMACIÓN] con [SUPUESTO],,"24 h, 365 días; desde kWh/(t·día)"
perfil_frio,2500,6,300,bajo,perfil=P3,kwh_congelacion_dia,359.47254,kWh,dia_operativo,energia_electrica,FUENTE,[ESTIMACIÓN] con indicador [PVDP],120–260 kWh/t de ave congelada; 133 kWh/t (FTE-09C-10),
perfil_frio,2500,6,300,bajo,perfil=P3,kwh_almacenamiento_frio_dia_calendario,67.401101,kWh,dia_calendario,energia_electrica,SUPUESTO,[ESTIMACIÓN] con [SUPUESTO],,las cámaras funcionan también sin faena
perfil_frio,2500,6,300,bajo,perfil=P3,kw_respaldo_cargas_criticas,12.075819,kW,potencia,energia_electrica,SUPUESTO,[ESTIMACIÓN] con [SUPUESTO],,cámaras + control + emergencia + efluentes + agua + andén
entrada,2500,6,300,medio,,aves_faenadas_dia_operativo,2500.0,aves,dia_operativo,aves,SUPUESTO,[SUPUESTO],SUP-052,escala = capacidad operativa
entrada,2500,6,300,medio,,t_vivas_dia_operativo,7.25,t,dia_operativo,vivo,ESTIMACIÓN,[ESTIMACIÓN],escenarios_escala.csv,
agua,2500,6,300,medio,nivel=medio,agua_recepcion_l_ave,1.0,L/ave,por_ave,agua_utilizada,SUPUESTO,[SUPUESTO],sin fuente por ave; DPV propuesto,"Recepción: lavado de jaulas/módulos, camiones y andén"
agua,2500,6,300,medio,nivel=medio,agua_recepcion_m3_dia,2.5,m³,dia_operativo,agua_utilizada,ESTIMACIÓN,[ESTIMACIÓN],,"Recepción: lavado de jaulas/módulos, camiones y andén"
agua,2500,6,300,medio,nivel=medio,agua_escaldado_l_ave,1.2,L/ave,por_ave,agua_utilizada,FUENTE,[FUENTE] [PVDP],"mín. ~1 cuarto de galón (0,95 L)/ave (FTE-09C-11, FTE-09C-18)","Escaldado: llenado, reposición y desborde"
agua,2500,6,300,medio,nivel=medio,agua_escaldado_m3_dia,3.0,m³,dia_operativo,agua_utilizada,ESTIMACIÓN,[ESTIMACIÓN],,"Escaldado: llenado, reposición y desborde"
agua,2500,6,300,medio,nivel=medio,agua_desplumado_l_ave,2.0,L/ave,por_ave,agua_utilizada,SUPUESTO,[SUPUESTO],incluido en totales de FTE-09C-01/02,Desplumado: duchas y transporte de plumas
agua,2500,6,300,medio,nivel=medio,agua_desplumado_m3_dia,5.0,m³,dia_operativo,agua_utilizada,ESTIMACIÓN,[ESTIMACIÓN],,Desplumado: duchas y transporte de plumas
agua,2500,6,300,medio,nivel=medio,agua_evisceracion_l_ave,6.0,L/ave,por_ave,agua_utilizada,FUENTE,[FUENTE] [PVDP],"7,57 L/ave (FTE-09C-01)",Evisceración: lavados interior/exterior y transporte hidráulico de vísceras
agua,2500,6,300,medio,nivel=medio,agua_evisceracion_m3_dia,15.0,m³,dia_operativo,agua_utilizada,ESTIMACIÓN,[ESTIMACIÓN],,Evisceración: lavados interior/exterior y transporte hidráulico de vísceras
agua,2500,6,300,medio,nivel=medio,agua_lavado_l_ave,3.0,L/ave,por_ave,agua_utilizada,FUENTE,[FUENTE] [PVDP],"4,25–4,35 L/ave (FTE-09C-01)",Lavado final de carcasas
agua,2500,6,300,medio,nivel=medio,agua_lavado_m3_dia,7.5,m³,dia_operativo,agua_utilizada,ESTIMACIÓN,[ESTIMACIÓN],,Lavado final de carcasas
agua,2500,6,300,medio,nivel=medio,agua_chiller_l_ave,2.8,L/ave,por_ave,agua_utilizada,FUENTE,[FUENTE] [PVDP],"mín. 0,5 gal = 1,9 L/ave; típico 2,8–5,7 L/ave (FTE-09C-18); 2,12 L/ave (FTE-09C-01)",Chiller: reposición de agua (contracorriente)
agua,2500,6,300,medio,nivel=medio,agua_chiller_m3_dia,7.0,m³,dia_operativo,agua_utilizada,ESTIMACIÓN,[ESTIMACIÓN],,Chiller: reposición de agua (contracorriente)
agua,2500,6,300,medio,nivel=medio,agua_despiece_l_ave,1.0,L/ave,por_ave,agua_utilizada,FUENTE,[FUENTE] [PVDP],"3,03 L/ave (FTE-09C-01)",Sala de despiece y deshuese
agua,2500,6,300,medio,nivel=medio,agua_despiece_m3_dia,2.5,m³,dia_operativo,agua_utilizada,ESTIMACIÓN,[ESTIMACIÓN],,Sala de despiece y deshuese
agua,2500,6,300,medio,nivel=medio,agua_limpieza_l_ave,5.0,L/ave,por_ave,agua_utilizada,FUENTE,[FUENTE] [PVDP],"1,5–3 gal = 5,7–11,4 L/ave saneamiento + 0,9–3,8 L equipos (FTE-09C-01)",Limpieza de equipos y salas (fin de turno)
agua,2500,6,300,medio,nivel=medio,agua_limpieza_m3_dia,12.5,m³,dia_operativo,agua_utilizada,ESTIMACIÓN,[ESTIMACIÓN],,Limpieza de equipos y salas (fin de turno)
agua,2500,6,300,medio,nivel=medio,agua_sanitizacion_l_ave,1.0,L/ave,por_ave,agua_utilizada,SUPUESTO,[SUPUESTO],sin fuente separada,"Sanitización: esterilizadores, lavamanos, pediluvios, enjuagues"
agua,2500,6,300,medio,nivel=medio,agua_sanitizacion_m3_dia,2.5,m³,dia_operativo,agua_utilizada,ESTIMACIÓN,[ESTIMACIÓN],,"Sanitización: esterilizadores, lavamanos, pediluvios, enjuagues"
agua,2500,6,300,medio,nivel=medio,agua_auxiliares_l_ave,2.0,L/ave,por_ave,agua_utilizada,SUPUESTO,[SUPUESTO],sin fuente separada,"Servicios auxiliares: caldera, condensadores evaporativos, vestuarios, comedor"
agua,2500,6,300,medio,nivel=medio,agua_auxiliares_m3_dia,5.0,m³,dia_operativo,agua_utilizada,ESTIMACIÓN,[ESTIMACIÓN],,"Servicios auxiliares: caldera, condensadores evaporativos, vestuarios, comedor"
agua,2500,6,300,medio,nivel=medio,agua_utilizada_l_ave,25.0,L/ave,por_ave,agua_utilizada,ESTIMACIÓN,[ESTIMACIÓN] con rangos [PVDP],FTE-09C-01 a 04,consumo industrial; NO incluye agua retenida
agua,2500,6,300,medio,nivel=medio,agua_utilizada_m3_dia,62.5,m³,dia_operativo,agua_utilizada,ESTIMACIÓN,[ESTIMACIÓN],,
agua,2500,6,300,medio,nivel=medio,agua_utilizada_m3_anio,18750.0,m³,anio,agua_utilizada,ESTIMACIÓN,[ESTIMACIÓN],,
agua,2500,6,300,medio,nivel=medio,agua_utilizada_m3_h_medio,5.208333,m³/h,hora,agua_utilizada,ESTIMACIÓN,[ESTIMACIÓN],,sobre 12 h (faena + limpieza)
agua,2500,6,300,medio,nivel=medio,agua_utilizada_m3_h_pico,9.375,m³/h,hora,agua_utilizada,SUPUESTO,[SUPUESTO] factor de pico,,"dimensiona captación, bombeo y reserva"
agua,2500,6,300,medio,nivel=medio,reserva_agua_1_dia_m3,62.5,m³,stock,agua_utilizada,ESTIMACIÓN,[ESTIMACIÓN],,"volumen equivalente a un día de uso (referencia conceptual, no diseño)"
agua,2500,6,300,medio,nivel=medio,agua_descargada_m3_dia,55.0,m³,dia_operativo,agua_descargada,SUPUESTO,[ESTIMACIÓN] con fracción [SUPUESTO],,fracción a efluente = 0.88
agua,2500,6,300,medio,nivel=medio,agua_descargada_l_ave,22.0,L/ave,por_ave,agua_descargada,ESTIMACIÓN,[ESTIMACIÓN],,
agua,2500,6,300,medio,nivel=medio,agua_no_descargada_m3_dia,7.5,m³,dia_operativo,agua_no_descargada,ESTIMACIÓN,[ESTIMACIÓN],,evaporación + retenida + sale con subproductos + pérdidas
agua_retenida,2500,6,300,medio,,agua_retenida_en_producto_t_dia,0.213816,t,dia_operativo,agua_retenida,ESTIMACIÓN,[ESTIMACIÓN] del balance v1.1,escenarios_escala.csv,sale vendida con el producto; NO es consumo industrial ni efluente
agua_retenida,2500,6,300,medio,,agua_incorporada_producto_y_subproductos_t_dia,0.531652,t,dia_operativo,agua_retenida,ESTIMACIÓN,[ESTIMACIÓN] del balance v1.1,escenarios_escala.csv,absorbida en chiller + adherida a plumas (incluye goteo posterior)
agua_retenida,2500,6,300,medio,,agua_retenida_sobre_agua_utilizada_pct,0.342106,%,adimensional,agua,ESTIMACIÓN,[ESTIMACIÓN],,cuánto del agua usada termina dentro del producto
efluente,2500,6,300,medio,nivel=medio,carga_DQO_g_ave,100.0,g/ave,por_ave,efluente_crudo,ESTIMACIÓN,[ESTIMACIÓN] con rangos [PVDP],FTE-181; FTE-09C-05,efluente crudo tras retirar sangre y sólidos gruesos
efluente,2500,6,300,medio,nivel=medio,carga_DQO_kg_dia,250.0,kg,dia_operativo,efluente_crudo,ESTIMACIÓN,[ESTIMACIÓN],,
efluente,2500,6,300,medio,nivel=medio,concentracion_DQO_mg_l,4545.454545,mg/L,adimensional,efluente_crudo,ESTIMACIÓN,[ESTIMACIÓN],,"resultado (carga / caudal), no parámetro"
efluente,2500,6,300,medio,nivel=medio,carga_DBO5_g_ave,50.0,g/ave,por_ave,efluente_crudo,ESTIMACIÓN,[ESTIMACIÓN] con rangos [PVDP],"FTE-181; FTE-09C-05 (DBO/DQO ~0,4–0,6)",efluente crudo tras retirar sangre y sólidos gruesos
efluente,2500,6,300,medio,nivel=medio,carga_DBO5_kg_dia,125.0,kg,dia_operativo,efluente_crudo,ESTIMACIÓN,[ESTIMACIÓN],,
efluente,2500,6,300,medio,nivel=medio,concentracion_DBO5_mg_l,2272.727273,mg/L,adimensional,efluente_crudo,ESTIMACIÓN,[ESTIMACIÓN],,"resultado (carga / caudal), no parámetro"
efluente,2500,6,300,medio,nivel=medio,carga_SST_g_ave,35.0,g/ave,por_ave,efluente_crudo,ESTIMACIÓN,[ESTIMACIÓN] con rangos [PVDP],FTE-181; FTE-09C-05,efluente crudo tras retirar sangre y sólidos gruesos
efluente,2500,6,300,medio,nivel=medio,carga_SST_kg_dia,87.5,kg,dia_operativo,efluente_crudo,ESTIMACIÓN,[ESTIMACIÓN],,
efluente,2500,6,300,medio,nivel=medio,concentracion_SST_mg_l,1590.909091,mg/L,adimensional,efluente_crudo,ESTIMACIÓN,[ESTIMACIÓN],,"resultado (carga / caudal), no parámetro"
efluente,2500,6,300,medio,nivel=medio,carga_GyA_g_ave,11.0,g/ave,por_ave,efluente_crudo,ESTIMACIÓN,[ESTIMACIÓN] con rangos [PVDP],FTE-09C-06 (~500 mg/L tamizado),efluente crudo tras retirar sangre y sólidos gruesos
efluente,2500,6,300,medio,nivel=medio,carga_GyA_kg_dia,27.5,kg,dia_operativo,efluente_crudo,ESTIMACIÓN,[ESTIMACIÓN],,
efluente,2500,6,300,medio,nivel=medio,concentracion_GyA_mg_l,500.0,mg/L,adimensional,efluente_crudo,ESTIMACIÓN,[ESTIMACIÓN],,"resultado (carga / caudal), no parámetro"
efluente,2500,6,300,medio,nivel=medio,carga_NTK_g_ave,5.0,g/ave,por_ave,efluente_crudo,ESTIMACIÓN,[ESTIMACIÓN] con rangos [PVDP],FTE-09C-06 (150–296 mg/L),efluente crudo tras retirar sangre y sólidos gruesos
efluente,2500,6,300,medio,nivel=medio,carga_NTK_kg_dia,12.5,kg,dia_operativo,efluente_crudo,ESTIMACIÓN,[ESTIMACIÓN],,
efluente,2500,6,300,medio,nivel=medio,concentracion_NTK_mg_l,227.272727,mg/L,adimensional,efluente_crudo,ESTIMACIÓN,[ESTIMACIÓN],,"resultado (carga / caudal), no parámetro"
efluente,2500,6,300,medio,nivel=medio,carga_PT_g_ave,0.5,g/ave,por_ave,efluente_crudo,ESTIMACIÓN,[ESTIMACIÓN] con rangos [PVDP],"FTE-09C-06 (~18,5 mg/L)",efluente crudo tras retirar sangre y sólidos gruesos
efluente,2500,6,300,medio,nivel=medio,carga_PT_kg_dia,1.25,kg,dia_operativo,efluente_crudo,ESTIMACIÓN,[ESTIMACIÓN],,
efluente,2500,6,300,medio,nivel=medio,concentracion_PT_mg_l,22.727273,mg/L,adimensional,efluente_crudo,ESTIMACIÓN,[ESTIMACIÓN],,"resultado (carga / caudal), no parámetro"
efluente,2500,6,300,medio,,dqo_extra_por_sangre_no_recuperada_g_ave,0.0,g/ave,por_ave,efluente_crudo,ESTIMACIÓN,[ESTIMACIÓN] con DQO de sangre [PVDP],FTE-181,recuperación 0.85 vs referencia 0.85
efluente,2500,6,300,medio,,dqo_evitada_por_recuperar_sangre_kg_dia,74.830357,kg,dia_operativo,efluente_crudo,ESTIMACIÓN,[ESTIMACIÓN] con DQO de sangre [PVDP],FTE-181,orden de magnitud; no es una reducción medida
efluente,2500,6,300,medio,nivel=medio,caudal_efluente_m3_h_pico,8.25,m³/h,hora,agua_descargada,SUPUESTO,[SUPUESTO] factor de pico,,dimensiona ecualización
efluente,2500,6,300,medio,nivel=medio,remocion_dqo_requerida_ilustrativa_pct,94.5,%,adimensional,efluente_crudo,ESTIMACIÓN,[ESTIMACIÓN] con límite [PVDP],FTE-09C-08,"límite ilustrativo 250 mg/L (ADA 336/03, pluvial; a confirmar según sitio y cuerpo receptor)"
masa_evitable,2500,6,300,medio,,sangre_recuperada_t_dia,0.209525,t,dia_operativo,biologica+agua,ESTIMACIÓN,[ESTIMACIÓN] del balance v1.1,escenarios_escala.csv,"sangre recuperada por separado (85 %, SUP-040)"
masa_evitable,2500,6,300,medio,,plumas_t_dia,0.6032,t,dia_operativo,biologica+agua,ESTIMACIÓN,[ESTIMACIÓN] del balance v1.1,escenarios_escala.csv,plumas húmedas retiradas
masa_evitable,2500,6,300,medio,,visceras_t_dia,0.32625,t,dia_operativo,biologica+agua,ESTIMACIÓN,[ESTIMACIÓN] del balance v1.1,escenarios_escala.csv,vísceras no comestibles
masa_evitable,2500,6,300,medio,,cabeza_t_dia,0.18125,t,dia_operativo,biologica+agua,ESTIMACIÓN,[ESTIMACIÓN] del balance v1.1,escenarios_escala.csv,cabezas
masa_evitable,2500,6,300,medio,,solidos_a_retirar_t_dia,1.520881,t,dia_operativo,biologica+agua,ESTIMACIÓN,[ESTIMACIÓN] del balance v1.1,escenarios_escala.csv,total sólidos a retirar en seco (C + decomisos + contenido GI; NO sumar)
masa_evitable,2500,6,300,medio,,masa_a_efluente_o_perdida_t_dia,0.269561,t,dia_operativo,biologica+agua,ESTIMACIÓN,[ESTIMACIÓN] del balance v1.1,escenarios_escala.csv,"masa que el balance ya envía a efluente o pérdida (sangre no recuperada, cutícula, goteo, pérdidas)"
lodos,2500,6,300,medio,nivel=medio,lodo_daf_kg_ms_dia,79.6375,kg,dia_operativo,materia_seca,ESTIMACIÓN,[ESTIMACIÓN] con remociones [PVDP],"FTE-09C-05, FTE-09C-13",sólidos + grasas flotados + químicos
lodos,2500,6,300,medio,nivel=medio,lodo_daf_t_humedo_dia,0.663646,t,dia_operativo,lodo_humedo,ESTIMACIÓN,[ESTIMACIÓN] con % sólidos [PVDP],FTE-09C-13,
lodos,2500,6,300,medio,nivel=medio,dbo_al_tratamiento_biologico_kg_dia,68.75,kg,dia_operativo,efluente_pretratado,ESTIMACIÓN,[ESTIMACIÓN],,después de DAF
lodos,2500,6,300,medio,nivel=medio,lodo_biologico_aerobio_kg_ms_dia,26.125,kg,dia_operativo,materia_seca,SUPUESTO,[ESTIMACIÓN] con rendimiento [SUPUESTO],,si el tratamiento fuera aerobio completo; anaerobio genera mucho menos lodo
lodos,2500,6,300,medio,nivel=medio,lodos_deshidratados_t_dia,0.587569,t,dia_operativo,lodo_humedo,SUPUESTO,[ESTIMACIÓN] con [SUPUESTO],,DAF + biológico deshidratados; disposición/valorización a definir
electricidad,2500,6,300,medio,nivel=medio,kwh_proceso_dia,1812.5,kWh,dia_operativo,energia_electrica,FUENTE,[ESTIMACIÓN] con indicador [PVDP],"UE 152–860 kWh/t faenada; Brasil 165 kWh/t; 1,19 MJ/kg = 330 kWh/t (FTE-09C-09, FTE-09C-03)","faena, proceso, enfriado fresco, aire, agua, servicios"
electricidad,2500,6,300,medio,nivel=medio,kwh_proceso_frio_de_proceso_agua_helada_hielo_dia,634.375,kWh,dia_operativo,energia_electrica,SUPUESTO,[SUPUESTO] reparto ilustrativo,FTE-09C-09 (cualitativo),didáctico; no sumar con kwh_proceso_dia
electricidad,2500,6,300,medio,nivel=medio,kwh_proceso_motores_de_linea_y_transportadores_dia,362.5,kWh,dia_operativo,energia_electrica,SUPUESTO,[SUPUESTO] reparto ilustrativo,FTE-09C-09 (cualitativo),didáctico; no sumar con kwh_proceso_dia
electricidad,2500,6,300,medio,nivel=medio,kwh_proceso_aire_comprimido_dia,181.25,kWh,dia_operativo,energia_electrica,SUPUESTO,[SUPUESTO] reparto ilustrativo,FTE-09C-09 (cualitativo),didáctico; no sumar con kwh_proceso_dia
electricidad,2500,6,300,medio,nivel=medio,kwh_proceso_bombas_agua_y_efluentes_dia,181.25,kWh,dia_operativo,energia_electrica,SUPUESTO,[SUPUESTO] reparto ilustrativo,FTE-09C-09 (cualitativo),didáctico; no sumar con kwh_proceso_dia
electricidad,2500,6,300,medio,nivel=medio,kwh_proceso_climatizacion_salas_dia,145.0,kWh,dia_operativo,energia_electrica,SUPUESTO,[SUPUESTO] reparto ilustrativo,FTE-09C-09 (cualitativo),didáctico; no sumar con kwh_proceso_dia
electricidad,2500,6,300,medio,nivel=medio,kwh_proceso_iluminacion_dia,126.875,kWh,dia_operativo,energia_electrica,SUPUESTO,[SUPUESTO] reparto ilustrativo,FTE-09C-09 (cualitativo),didáctico; no sumar con kwh_proceso_dia
electricidad,2500,6,300,medio,nivel=medio,kwh_proceso_oficinas_vestuarios_servicios_dia,90.625,kWh,dia_operativo,energia_electrica,SUPUESTO,[SUPUESTO] reparto ilustrativo,FTE-09C-09 (cualitativo),didáctico; no sumar con kwh_proceso_dia
electricidad,2500,6,300,medio,nivel=medio,kwh_proceso_otros_dia,90.625,kWh,dia_operativo,energia_electrica,SUPUESTO,[SUPUESTO] reparto ilustrativo,FTE-09C-09 (cualitativo),didáctico; no sumar con kwh_proceso_dia
inventario,2500,6,300,medio,,stock_refrigerado_t,16.176264,t,stock,comercial,ESTIMACIÓN,[ESTIMACIÓN],"SUP-055, SUP-056",base=dias_produccion; días=3; perfil=P1
inventario,2500,6,300,medio,,stock_congelado_t,8.387693,t,stock,comercial,ESTIMACIÓN,[ESTIMACIÓN],"SUP-055, SUP-056",base=dias_produccion; días=14; incluye exportación
congelado,2500,6,300,medio,,capacidad_congelacion_t_dia,0.599121,t,dia_operativo,comercial,ESTIMACIÓN,[ESTIMACIÓN],SUP-055,t que hay que congelar cada día de faena (túneles/IQF)
congelado,2500,6,300,medio,,capacidad_almacenamiento_congelado_t,8.387693,t,stock,comercial,ESTIMACIÓN,[ESTIMACIÓN],,t que hay que guardar (cámaras); NO es capacidad de congelación
congelado,2500,6,300,medio,nivel=medio,garras_a_congelar_t_dia_informativo,0.25263,t,dia_operativo,comercial,SUPUESTO,[SUPUESTO],,ya incluidas dentro del comestible: NO sumar al perfil
congelado,2500,6,300,medio,nivel=medio,menudencias_a_congelar_t_dia_informativo,0.136373,t,dia_operativo,comercial,SUPUESTO,[SUPUESTO],,ya incluidas dentro del comestible: NO sumar al perfil
congelado,2500,6,300,medio,nivel=medio,calor_a_extraer_congelacion_kj_kg,384.943,kJ/kg,adimensional,producto,ESTIMACIÓN,[ESTIMACIÓN] con propiedades [PVDP],FTE-09C-14,"de +4 °C a −18 °C, con pérdidas"
frio,2500,6,300,medio,nivel=medio,kw_frigorificos_enfriado_producto_fresco,58.872327,kW frigoríficos,potencia,frio,ESTIMACIÓN,[ESTIMACIÓN] con [SUPUESTO],,chiller + menudencias + salas/docks; durante 8 h netas
frio,2500,6,300,medio,nivel=medio,tr_enfriado_producto_fresco,16.739359,TR,potencia,frio,ESTIMACIÓN,[ESTIMACIÓN],,"1 TR = 3,517 kW frigoríficos"
frio,2500,6,300,medio,nivel=medio,kw_electricos_enfriado_producto_fresco,19.624109,kW eléctricos,potencia,energia_electrica,SUPUESTO,[ESTIMACIÓN] con COP [SUPUESTO],,kW eléctricos = kW frigoríficos / COP
frio,2500,6,300,medio,nivel=medio,kw_frigorificos_congelacion_tuneles,3.203158,kW frigoríficos,potencia,frio,ESTIMACIÓN,[ESTIMACIÓN] con [SUPUESTO],,durante 20 h/día
frio,2500,6,300,medio,nivel=medio,tr_congelacion_tuneles,0.910764,TR,potencia,frio,ESTIMACIÓN,[ESTIMACIÓN],,"1 TR = 3,517 kW frigoríficos"
frio,2500,6,300,medio,nivel=medio,kw_electricos_congelacion_tuneles,2.28797,kW eléctricos,potencia,energia_electrica,SUPUESTO,[ESTIMACIÓN] con COP [SUPUESTO],,kW eléctricos = kW frigoríficos / COP
frio,2500,6,300,medio,nivel=medio,kw_frigorificos_camaras_almacenamiento,3.489879,kW frigoríficos,potencia,frio,ESTIMACIÓN,[ESTIMACIÓN] con [SUPUESTO],,"24 h, 365 días; desde kWh/(t·día)"
frio,2500,6,300,medio,nivel=medio,tr_camaras_almacenamiento,0.992289,TR,potencia,frio,ESTIMACIÓN,[ESTIMACIÓN],,"1 TR = 3,517 kW frigoríficos"
frio,2500,6,300,medio,nivel=medio,kw_electricos_camaras_almacenamiento,1.722473,kW eléctricos,potencia,energia_electrica,SUPUESTO,[ESTIMACIÓN] con COP [SUPUESTO],,kW eléctricos = kW frigoríficos / COP
frio,2500,6,300,medio,nivel=medio,kj_frio_enfriado_por_ave,678.209208,kJ/ave,por_ave,frio,ESTIMACIÓN,[ESTIMACIÓN] con [SUPUESTO],FTE-09C-14,
electricidad,2500,6,300,medio,nivel=medio,kwh_congelacion_dia,113.832971,kWh,dia_operativo,energia_electrica,FUENTE,[ESTIMACIÓN] con indicador [PVDP],120–260 kWh/t de ave congelada; 133 kWh/t (FTE-09C-10),
electricidad,2500,6,300,medio,nivel=medio,kwh_almacenamiento_frio_dia_calendario,41.339342,kWh,dia_calendario,energia_electrica,SUPUESTO,[ESTIMACIÓN] con [SUPUESTO],,las cámaras funcionan también sin faena
electricidad,2500,6,300,medio,nivel=medio,kwh_tratamiento_aerobio_dia,78.375,kWh,dia_operativo,energia_electrica,SUPUESTO,[ESTIMACIÓN] con [SUPUESTO],,cota: si todo el biológico fuera aerobio
electricidad,2500,6,300,medio,nivel=medio,kwh_total_dia_operativo,2046.047313,kWh,dia_operativo,energia_electrica,ESTIMACIÓN,[ESTIMACIÓN],,proceso + congelado + aerobio + cámaras
electricidad,2500,6,300,medio,nivel=medio,kwh_total_anio,616501.251167,kWh,anio,energia_electrica,ESTIMACIÓN,[ESTIMACIÓN],,cámaras × 365 días; resto × días de faena
electricidad,2500,6,300,medio,nivel=medio,kwh_por_ave_promedio_anual,0.822002,kWh/ave,por_ave,energia_electrica,ESTIMACIÓN,[ESTIMACIÓN],,
electricidad,2500,6,300,medio,nivel=medio,kw_potencia_media_operacion,140.144032,kW,potencia,energia_electrica,ESTIMACIÓN,[ESTIMACIÓN],,proceso sobre 14 h + túneles + cámaras + efluentes
electricidad,2500,6,300,medio,nivel=medio,kw_potencia_pico_estimada,204.876175,kW,potencia,energia_electrica,SUPUESTO,[ESTIMACIÓN] con factor de pico [SUPUESTO],,orden de magnitud para pedir potencia; no es diseño
termico,2500,6,300,medio,nivel=medio,calor_util_escaldado_mj_dia,1004.64,MJ,dia_operativo,energia_termica,ESTIMACIÓN,[ESTIMACIÓN] con temperaturas [PVDP]/[SUPUESTO],FTE-09C-11,
termico,2500,6,300,medio,nivel=medio,kw_termicos_escaldado,34.883333,kW térmicos,potencia,energia_termica,ESTIMACIÓN,[ESTIMACIÓN],,durante 8 h
termico,2500,6,300,medio,nivel=medio,calor_util_limpieza_mj_dia,1161.615,MJ,dia_operativo,energia_termica,ESTIMACIÓN,[ESTIMACIÓN] con temperaturas [PVDP]/[SUPUESTO],FTE-09C-11,
termico,2500,6,300,medio,nivel=medio,kw_termicos_limpieza,80.667708,kW térmicos,potencia,energia_termica,ESTIMACIÓN,[ESTIMACIÓN],,durante 4 h
termico,2500,6,300,medio,nivel=medio,calor_util_sanitizacion_mj_dia,334.88,MJ,dia_operativo,energia_termica,ESTIMACIÓN,[ESTIMACIÓN] con temperaturas [PVDP]/[SUPUESTO],FTE-09C-11,
termico,2500,6,300,medio,nivel=medio,kw_termicos_sanitizacion,7.751852,kW térmicos,potencia,energia_termica,ESTIMACIÓN,[ESTIMACIÓN],,durante 12 h
termico,2500,6,300,medio,nivel=medio,calor_util_mj_ave,1.000454,MJ/ave,por_ave,energia_termica,ESTIMACIÓN,[ESTIMACIÓN],,
termico,2500,6,300,medio,nivel=medio,energia_combustible_mj_dia,3334.846667,MJ,dia_operativo,energia_termica,ESTIMACIÓN,[ESTIMACIÓN] con rendimiento [SUPUESTO],,
termico,2500,6,300,medio,nivel=medio,energia_combustible_kwh_dia,926.346296,kWh,dia_operativo,energia_termica,ESTIMACIÓN,[ESTIMACIÓN],,kWh TÉRMICOS (no eléctricos)
termico,2500,6,300,medio,nivel=medio,equivalente_gas_natural_m3_dia,85.728706,m3,dia_operativo,energia_termica,SUPUESTO,[ESTIMACIÓN] con PCI [SUPUESTO],~9.300 kcal/m³ (a verificar con distribuidora),"equivalencia, no elección"
termico,2500,6,300,medio,nivel=medio,equivalente_glp_kg_dia,72.496667,kg,dia_operativo,energia_termica,SUPUESTO,[ESTIMACIÓN] con PCI [SUPUESTO],~11.000 kcal/kg,"equivalencia, no elección"
termico,2500,6,300,medio,nivel=medio,equivalente_biomasa_chip_kg_dia,238.203333,kg,dia_operativo,energia_termica,SUPUESTO,[ESTIMACIÓN] con PCI [SUPUESTO],chip de madera ~20–25 % humedad; muy variable,"equivalencia, no elección"
termico,2500,6,300,medio,nivel=medio,equivalente_electricidad_resistiva_kwh_dia,708.938492,kWh,dia_operativo,energia_termica,SUPUESTO,[ESTIMACIÓN],,rendimiento 98 %; bomba de calor dividiría por su COP (limitada a ~60–70 °C)
respaldo,2500,6,300,medio,nivel=medio,kw_critico_camaras_frio,2.583709,kW,potencia,energia_electrica,SUPUESTO,[ESTIMACIÓN] con [SUPUESTO],,
respaldo,2500,6,300,medio,nivel=medio,kw_critico_efluentes_minimo,1.632812,kW,potencia,energia_electrica,SUPUESTO,[ESTIMACIÓN] con [SUPUESTO],,
respaldo,2500,6,300,medio,nivel=medio,kw_critico_control_it_seguridad,3.883929,kW,potencia,energia_electrica,SUPUESTO,[ESTIMACIÓN] con [SUPUESTO],,
respaldo,2500,6,300,medio,nivel=medio,kw_critico_iluminacion_emergencia,1.941964,kW,potencia,energia_electrica,SUPUESTO,[ESTIMACIÓN] con [SUPUESTO],,
respaldo,2500,6,300,medio,nivel=medio,kw_critico_bombeo_agua_minimo,5.825893,kW,potencia,energia_electrica,SUPUESTO,[ESTIMACIÓN] con [SUPUESTO],,
respaldo,2500,6,300,medio,nivel=medio,kw_critico_anden_aves_ventilacion,3.883929,kW,potencia,energia_electrica,SUPUESTO,[ESTIMACIÓN] con [SUPUESTO],,
respaldo,2500,6,300,medio,nivel=medio,kw_respaldo_cargas_criticas,19.752236,kW,potencia,energia_electrica,SUPUESTO,[ESTIMACIÓN] con [SUPUESTO],,cámaras + control + emergencia + efluentes + agua + andén
respaldo,2500,6,300,medio,nivel=medio,kva_respaldo_cargas_criticas,24.690295,kVA,potencia,energia_electrica,SUPUESTO,[ESTIMACIÓN],,"fp 0,8"
respaldo,2500,6,300,medio,nivel=medio,kva_respaldo_planta_completa,256.095218,kVA,potencia,energia_electrica,SUPUESTO,[ESTIMACIÓN],,si se quisiera sostener también la línea
perfil_frio,2500,6,300,medio,perfil=P2,capacidad_congelacion_t_dia,2.396484,t,dia_operativo,comercial,ESTIMACIÓN,[ESTIMACIÓN],SUP-055,t que hay que congelar cada día de faena (túneles/IQF)
perfil_frio,2500,6,300,medio,perfil=P2,capacidad_almacenamiento_congelado_t,33.55077,t,stock,comercial,ESTIMACIÓN,[ESTIMACIÓN],,t que hay que guardar (cámaras); NO es capacidad de congelación
perfil_frio,2500,6,300,medio,perfil=P2,stock_refrigerado_t,10.784176,t,stock,comercial,ESTIMACIÓN,[ESTIMACIÓN],"SUP-055, SUP-056",base=dias_produccion; días=3; perfil=P2
perfil_frio,2500,6,300,medio,perfil=P2,kw_frigorificos_congelacion_tuneles,12.812633,kW frigoríficos,potencia,frio,ESTIMACIÓN,[ESTIMACIÓN] con [SUPUESTO],,durante 20 h/día
perfil_frio,2500,6,300,medio,perfil=P2,kw_electricos_congelacion_tuneles,9.151881,kW eléctricos,potencia,energia_electrica,SUPUESTO,[ESTIMACIÓN] con COP [SUPUESTO],,kW eléctricos = kW frigoríficos / COP
perfil_frio,2500,6,300,medio,perfil=P2,kw_frigorificos_camaras_almacenamiento,7.219407,kW frigoríficos,potencia,frio,ESTIMACIÓN,[ESTIMACIÓN] con [SUPUESTO],,"24 h, 365 días; desde kWh/(t·día)"
perfil_frio,2500,6,300,medio,perfil=P2,kwh_congelacion_dia,455.331884,kWh,dia_operativo,energia_electrica,FUENTE,[ESTIMACIÓN] con indicador [PVDP],120–260 kWh/t de ave congelada; 133 kWh/t (FTE-09C-10),
perfil_frio,2500,6,300,medio,perfil=P2,kwh_almacenamiento_frio_dia_calendario,111.436487,kWh,dia_calendario,energia_electrica,SUPUESTO,[ESTIMACIÓN] con [SUPUESTO],,las cámaras funcionan también sin faena
perfil_frio,2500,6,300,medio,perfil=P2,kw_respaldo_cargas_criticas,24.133307,kW,potencia,energia_electrica,SUPUESTO,[ESTIMACIÓN] con [SUPUESTO],,cámaras + control + emergencia + efluentes + agua + andén
perfil_frio,2500,6,300,medio,perfil=P3,capacidad_congelacion_t_dia,2.995604,t,dia_operativo,comercial,ESTIMACIÓN,[ESTIMACIÓN],SUP-055,t que hay que congelar cada día de faena (túneles/IQF)
perfil_frio,2500,6,300,medio,perfil=P3,capacidad_almacenamiento_congelado_t,41.938463,t,stock,comercial,ESTIMACIÓN,[ESTIMACIÓN],,t que hay que guardar (cámaras); NO es capacidad de congelación
perfil_frio,2500,6,300,medio,perfil=P3,stock_refrigerado_t,8.986814,t,stock,comercial,ESTIMACIÓN,[ESTIMACIÓN],"SUP-055, SUP-056",base=dias_produccion; días=3; perfil=P3
perfil_frio,2500,6,300,medio,perfil=P3,kw_frigorificos_congelacion_tuneles,16.015791,kW frigoríficos,potencia,frio,ESTIMACIÓN,[ESTIMACIÓN] con [SUPUESTO],,durante 20 h/día
perfil_frio,2500,6,300,medio,perfil=P3,kw_electricos_congelacion_tuneles,11.439851,kW eléctricos,potencia,energia_electrica,SUPUESTO,[ESTIMACIÓN] con COP [SUPUESTO],,kW eléctricos = kW frigoríficos / COP
perfil_frio,2500,6,300,medio,perfil=P3,kw_frigorificos_camaras_almacenamiento,8.462583,kW frigoríficos,potencia,frio,ESTIMACIÓN,[ESTIMACIÓN] con [SUPUESTO],,"24 h, 365 días; desde kWh/(t·día)"
perfil_frio,2500,6,300,medio,perfil=P3,kwh_congelacion_dia,569.164855,kWh,dia_operativo,energia_electrica,FUENTE,[ESTIMACIÓN] con indicador [PVDP],120–260 kWh/t de ave congelada; 133 kWh/t (FTE-09C-10),
perfil_frio,2500,6,300,medio,perfil=P3,kwh_almacenamiento_frio_dia_calendario,134.802202,kWh,dia_calendario,energia_electrica,SUPUESTO,[ESTIMACIÓN] con [SUPUESTO],,las cámaras funcionan también sin faena
perfil_frio,2500,6,300,medio,perfil=P3,kw_respaldo_cargas_criticas,25.593664,kW,potencia,energia_electrica,SUPUESTO,[ESTIMACIÓN] con [SUPUESTO],,cámaras + control + emergencia + efluentes + agua + andén
entrada,2500,6,300,alto,,aves_faenadas_dia_operativo,2500.0,aves,dia_operativo,aves,SUPUESTO,[SUPUESTO],SUP-052,escala = capacidad operativa
entrada,2500,6,300,alto,,t_vivas_dia_operativo,7.25,t,dia_operativo,vivo,ESTIMACIÓN,[ESTIMACIÓN],escenarios_escala.csv,
agua,2500,6,300,alto,nivel=alto,agua_recepcion_l_ave,2.0,L/ave,por_ave,agua_utilizada,SUPUESTO,[SUPUESTO],sin fuente por ave; DPV propuesto,"Recepción: lavado de jaulas/módulos, camiones y andén"
agua,2500,6,300,alto,nivel=alto,agua_recepcion_m3_dia,5.0,m³,dia_operativo,agua_utilizada,ESTIMACIÓN,[ESTIMACIÓN],,"Recepción: lavado de jaulas/módulos, camiones y andén"
agua,2500,6,300,alto,nivel=alto,agua_escaldado_l_ave,2.0,L/ave,por_ave,agua_utilizada,FUENTE,[FUENTE] [PVDP],"mín. ~1 cuarto de galón (0,95 L)/ave (FTE-09C-11, FTE-09C-18)","Escaldado: llenado, reposición y desborde"
agua,2500,6,300,alto,nivel=alto,agua_escaldado_m3_dia,5.0,m³,dia_operativo,agua_utilizada,ESTIMACIÓN,[ESTIMACIÓN],,"Escaldado: llenado, reposición y desborde"
agua,2500,6,300,alto,nivel=alto,agua_desplumado_l_ave,3.5,L/ave,por_ave,agua_utilizada,SUPUESTO,[SUPUESTO],incluido en totales de FTE-09C-01/02,Desplumado: duchas y transporte de plumas
agua,2500,6,300,alto,nivel=alto,agua_desplumado_m3_dia,8.75,m³,dia_operativo,agua_utilizada,ESTIMACIÓN,[ESTIMACIÓN],,Desplumado: duchas y transporte de plumas
agua,2500,6,300,alto,nivel=alto,agua_evisceracion_l_ave,8.0,L/ave,por_ave,agua_utilizada,FUENTE,[FUENTE] [PVDP],"7,57 L/ave (FTE-09C-01)",Evisceración: lavados interior/exterior y transporte hidráulico de vísceras
agua,2500,6,300,alto,nivel=alto,agua_evisceracion_m3_dia,20.0,m³,dia_operativo,agua_utilizada,ESTIMACIÓN,[ESTIMACIÓN],,Evisceración: lavados interior/exterior y transporte hidráulico de vísceras
agua,2500,6,300,alto,nivel=alto,agua_lavado_l_ave,4.5,L/ave,por_ave,agua_utilizada,FUENTE,[FUENTE] [PVDP],"4,25–4,35 L/ave (FTE-09C-01)",Lavado final de carcasas
agua,2500,6,300,alto,nivel=alto,agua_lavado_m3_dia,11.25,m³,dia_operativo,agua_utilizada,ESTIMACIÓN,[ESTIMACIÓN],,Lavado final de carcasas
agua,2500,6,300,alto,nivel=alto,agua_chiller_l_ave,4.5,L/ave,por_ave,agua_utilizada,FUENTE,[FUENTE] [PVDP],"mín. 0,5 gal = 1,9 L/ave; típico 2,8–5,7 L/ave (FTE-09C-18); 2,12 L/ave (FTE-09C-01)",Chiller: reposición de agua (contracorriente)
agua,2500,6,300,alto,nivel=alto,agua_chiller_m3_dia,11.25,m³,dia_operativo,agua_utilizada,ESTIMACIÓN,[ESTIMACIÓN],,Chiller: reposición de agua (contracorriente)
agua,2500,6,300,alto,nivel=alto,agua_despiece_l_ave,2.0,L/ave,por_ave,agua_utilizada,FUENTE,[FUENTE] [PVDP],"3,03 L/ave (FTE-09C-01)",Sala de despiece y deshuese
agua,2500,6,300,alto,nivel=alto,agua_despiece_m3_dia,5.0,m³,dia_operativo,agua_utilizada,ESTIMACIÓN,[ESTIMACIÓN],,Sala de despiece y deshuese
agua,2500,6,300,alto,nivel=alto,agua_limpieza_l_ave,7.5,L/ave,por_ave,agua_utilizada,FUENTE,[FUENTE] [PVDP],"1,5–3 gal = 5,7–11,4 L/ave saneamiento + 0,9–3,8 L equipos (FTE-09C-01)",Limpieza de equipos y salas (fin de turno)
agua,2500,6,300,alto,nivel=alto,agua_limpieza_m3_dia,18.75,m³,dia_operativo,agua_utilizada,ESTIMACIÓN,[ESTIMACIÓN],,Limpieza de equipos y salas (fin de turno)
agua,2500,6,300,alto,nivel=alto,agua_sanitizacion_l_ave,1.5,L/ave,por_ave,agua_utilizada,SUPUESTO,[SUPUESTO],sin fuente separada,"Sanitización: esterilizadores, lavamanos, pediluvios, enjuagues"
agua,2500,6,300,alto,nivel=alto,agua_sanitizacion_m3_dia,3.75,m³,dia_operativo,agua_utilizada,ESTIMACIÓN,[ESTIMACIÓN],,"Sanitización: esterilizadores, lavamanos, pediluvios, enjuagues"
agua,2500,6,300,alto,nivel=alto,agua_auxiliares_l_ave,2.5,L/ave,por_ave,agua_utilizada,SUPUESTO,[SUPUESTO],sin fuente separada,"Servicios auxiliares: caldera, condensadores evaporativos, vestuarios, comedor"
agua,2500,6,300,alto,nivel=alto,agua_auxiliares_m3_dia,6.25,m³,dia_operativo,agua_utilizada,ESTIMACIÓN,[ESTIMACIÓN],,"Servicios auxiliares: caldera, condensadores evaporativos, vestuarios, comedor"
agua,2500,6,300,alto,nivel=alto,agua_utilizada_l_ave,38.0,L/ave,por_ave,agua_utilizada,ESTIMACIÓN,[ESTIMACIÓN] con rangos [PVDP],FTE-09C-01 a 04,consumo industrial; NO incluye agua retenida
agua,2500,6,300,alto,nivel=alto,agua_utilizada_m3_dia,95.0,m³,dia_operativo,agua_utilizada,ESTIMACIÓN,[ESTIMACIÓN],,
agua,2500,6,300,alto,nivel=alto,agua_utilizada_m3_anio,28500.0,m³,anio,agua_utilizada,ESTIMACIÓN,[ESTIMACIÓN],,
agua,2500,6,300,alto,nivel=alto,agua_utilizada_m3_h_medio,7.916667,m³/h,hora,agua_utilizada,ESTIMACIÓN,[ESTIMACIÓN],,sobre 12 h (faena + limpieza)
agua,2500,6,300,alto,nivel=alto,agua_utilizada_m3_h_pico,17.416667,m³/h,hora,agua_utilizada,SUPUESTO,[SUPUESTO] factor de pico,,"dimensiona captación, bombeo y reserva"
agua,2500,6,300,alto,nivel=alto,reserva_agua_1_dia_m3,95.0,m³,stock,agua_utilizada,ESTIMACIÓN,[ESTIMACIÓN],,"volumen equivalente a un día de uso (referencia conceptual, no diseño)"
agua,2500,6,300,alto,nivel=alto,agua_descargada_m3_dia,90.25,m³,dia_operativo,agua_descargada,SUPUESTO,[ESTIMACIÓN] con fracción [SUPUESTO],,fracción a efluente = 0.95
agua,2500,6,300,alto,nivel=alto,agua_descargada_l_ave,36.1,L/ave,por_ave,agua_descargada,ESTIMACIÓN,[ESTIMACIÓN],,
agua,2500,6,300,alto,nivel=alto,agua_no_descargada_m3_dia,4.75,m³,dia_operativo,agua_no_descargada,ESTIMACIÓN,[ESTIMACIÓN],,evaporación + retenida + sale con subproductos + pérdidas
agua_retenida,2500,6,300,alto,,agua_retenida_en_producto_t_dia,0.213816,t,dia_operativo,agua_retenida,ESTIMACIÓN,[ESTIMACIÓN] del balance v1.1,escenarios_escala.csv,sale vendida con el producto; NO es consumo industrial ni efluente
agua_retenida,2500,6,300,alto,,agua_incorporada_producto_y_subproductos_t_dia,0.531652,t,dia_operativo,agua_retenida,ESTIMACIÓN,[ESTIMACIÓN] del balance v1.1,escenarios_escala.csv,absorbida en chiller + adherida a plumas (incluye goteo posterior)
agua_retenida,2500,6,300,alto,,agua_retenida_sobre_agua_utilizada_pct,0.225069,%,adimensional,agua,ESTIMACIÓN,[ESTIMACIÓN],,cuánto del agua usada termina dentro del producto
efluente,2500,6,300,alto,nivel=alto,carga_DQO_g_ave,180.0,g/ave,por_ave,efluente_crudo,ESTIMACIÓN,[ESTIMACIÓN] con rangos [PVDP],FTE-181; FTE-09C-05,efluente crudo tras retirar sangre y sólidos gruesos
efluente,2500,6,300,alto,nivel=alto,carga_DQO_kg_dia,450.0,kg,dia_operativo,efluente_crudo,ESTIMACIÓN,[ESTIMACIÓN],,
efluente,2500,6,300,alto,nivel=alto,concentracion_DQO_mg_l,4986.149584,mg/L,adimensional,efluente_crudo,ESTIMACIÓN,[ESTIMACIÓN],,"resultado (carga / caudal), no parámetro"
efluente,2500,6,300,alto,nivel=alto,carga_DBO5_g_ave,90.0,g/ave,por_ave,efluente_crudo,ESTIMACIÓN,[ESTIMACIÓN] con rangos [PVDP],"FTE-181; FTE-09C-05 (DBO/DQO ~0,4–0,6)",efluente crudo tras retirar sangre y sólidos gruesos
efluente,2500,6,300,alto,nivel=alto,carga_DBO5_kg_dia,225.0,kg,dia_operativo,efluente_crudo,ESTIMACIÓN,[ESTIMACIÓN],,
efluente,2500,6,300,alto,nivel=alto,concentracion_DBO5_mg_l,2493.074792,mg/L,adimensional,efluente_crudo,ESTIMACIÓN,[ESTIMACIÓN],,"resultado (carga / caudal), no parámetro"
efluente,2500,6,300,alto,nivel=alto,carga_SST_g_ave,80.0,g/ave,por_ave,efluente_crudo,ESTIMACIÓN,[ESTIMACIÓN] con rangos [PVDP],FTE-181; FTE-09C-05,efluente crudo tras retirar sangre y sólidos gruesos
efluente,2500,6,300,alto,nivel=alto,carga_SST_kg_dia,200.0,kg,dia_operativo,efluente_crudo,ESTIMACIÓN,[ESTIMACIÓN],,
efluente,2500,6,300,alto,nivel=alto,concentracion_SST_mg_l,2216.066482,mg/L,adimensional,efluente_crudo,ESTIMACIÓN,[ESTIMACIÓN],,"resultado (carga / caudal), no parámetro"
efluente,2500,6,300,alto,nivel=alto,carga_GyA_g_ave,25.0,g/ave,por_ave,efluente_crudo,ESTIMACIÓN,[ESTIMACIÓN] con rangos [PVDP],FTE-09C-06 (~500 mg/L tamizado),efluente crudo tras retirar sangre y sólidos gruesos
efluente,2500,6,300,alto,nivel=alto,carga_GyA_kg_dia,62.5,kg,dia_operativo,efluente_crudo,ESTIMACIÓN,[ESTIMACIÓN],,
efluente,2500,6,300,alto,nivel=alto,concentracion_GyA_mg_l,692.520776,mg/L,adimensional,efluente_crudo,ESTIMACIÓN,[ESTIMACIÓN],,"resultado (carga / caudal), no parámetro"
efluente,2500,6,300,alto,nivel=alto,carga_NTK_g_ave,8.0,g/ave,por_ave,efluente_crudo,ESTIMACIÓN,[ESTIMACIÓN] con rangos [PVDP],FTE-09C-06 (150–296 mg/L),efluente crudo tras retirar sangre y sólidos gruesos
efluente,2500,6,300,alto,nivel=alto,carga_NTK_kg_dia,20.0,kg,dia_operativo,efluente_crudo,ESTIMACIÓN,[ESTIMACIÓN],,
efluente,2500,6,300,alto,nivel=alto,concentracion_NTK_mg_l,221.606648,mg/L,adimensional,efluente_crudo,ESTIMACIÓN,[ESTIMACIÓN],,"resultado (carga / caudal), no parámetro"
efluente,2500,6,300,alto,nivel=alto,carga_PT_g_ave,1.0,g/ave,por_ave,efluente_crudo,ESTIMACIÓN,[ESTIMACIÓN] con rangos [PVDP],"FTE-09C-06 (~18,5 mg/L)",efluente crudo tras retirar sangre y sólidos gruesos
efluente,2500,6,300,alto,nivel=alto,carga_PT_kg_dia,2.5,kg,dia_operativo,efluente_crudo,ESTIMACIÓN,[ESTIMACIÓN],,
efluente,2500,6,300,alto,nivel=alto,concentracion_PT_mg_l,27.700831,mg/L,adimensional,efluente_crudo,ESTIMACIÓN,[ESTIMACIÓN],,"resultado (carga / caudal), no parámetro"
efluente,2500,6,300,alto,,dqo_extra_por_sangre_no_recuperada_g_ave,0.0,g/ave,por_ave,efluente_crudo,ESTIMACIÓN,[ESTIMACIÓN] con DQO de sangre [PVDP],FTE-181,recuperación 0.85 vs referencia 0.85
efluente,2500,6,300,alto,,dqo_evitada_por_recuperar_sangre_kg_dia,74.830357,kg,dia_operativo,efluente_crudo,ESTIMACIÓN,[ESTIMACIÓN] con DQO de sangre [PVDP],FTE-181,orden de magnitud; no es una reducción medida
efluente,2500,6,300,alto,nivel=alto,caudal_efluente_m3_h_pico,16.545833,m³/h,hora,agua_descargada,SUPUESTO,[SUPUESTO] factor de pico,,dimensiona ecualización
efluente,2500,6,300,alto,nivel=alto,remocion_dqo_requerida_ilustrativa_pct,94.986111,%,adimensional,efluente_crudo,ESTIMACIÓN,[ESTIMACIÓN] con límite [PVDP],FTE-09C-08,"límite ilustrativo 250 mg/L (ADA 336/03, pluvial; a confirmar según sitio y cuerpo receptor)"
masa_evitable,2500,6,300,alto,,sangre_recuperada_t_dia,0.209525,t,dia_operativo,biologica+agua,ESTIMACIÓN,[ESTIMACIÓN] del balance v1.1,escenarios_escala.csv,"sangre recuperada por separado (85 %, SUP-040)"
masa_evitable,2500,6,300,alto,,plumas_t_dia,0.6032,t,dia_operativo,biologica+agua,ESTIMACIÓN,[ESTIMACIÓN] del balance v1.1,escenarios_escala.csv,plumas húmedas retiradas
masa_evitable,2500,6,300,alto,,visceras_t_dia,0.32625,t,dia_operativo,biologica+agua,ESTIMACIÓN,[ESTIMACIÓN] del balance v1.1,escenarios_escala.csv,vísceras no comestibles
masa_evitable,2500,6,300,alto,,cabeza_t_dia,0.18125,t,dia_operativo,biologica+agua,ESTIMACIÓN,[ESTIMACIÓN] del balance v1.1,escenarios_escala.csv,cabezas
masa_evitable,2500,6,300,alto,,solidos_a_retirar_t_dia,1.520881,t,dia_operativo,biologica+agua,ESTIMACIÓN,[ESTIMACIÓN] del balance v1.1,escenarios_escala.csv,total sólidos a retirar en seco (C + decomisos + contenido GI; NO sumar)
masa_evitable,2500,6,300,alto,,masa_a_efluente_o_perdida_t_dia,0.269561,t,dia_operativo,biologica+agua,ESTIMACIÓN,[ESTIMACIÓN] del balance v1.1,escenarios_escala.csv,"masa que el balance ya envía a efluente o pérdida (sangre no recuperada, cutícula, goteo, pérdidas)"
lodos,2500,6,300,alto,nivel=alto,lodo_daf_kg_ms_dia,144.21875,kg,dia_operativo,materia_seca,ESTIMACIÓN,[ESTIMACIÓN] con remociones [PVDP],"FTE-09C-05, FTE-09C-13",sólidos + grasas flotados + químicos
lodos,2500,6,300,alto,nivel=alto,lodo_daf_t_humedo_dia,1.442187,t,dia_operativo,lodo_humedo,ESTIMACIÓN,[ESTIMACIÓN] con % sólidos [PVDP],FTE-09C-13,
lodos,2500,6,300,alto,nivel=alto,dbo_al_tratamiento_biologico_kg_dia,157.5,kg,dia_operativo,efluente_pretratado,ESTIMACIÓN,[ESTIMACIÓN],,después de DAF
lodos,2500,6,300,alto,nivel=alto,lodo_biologico_aerobio_kg_ms_dia,74.8125,kg,dia_operativo,materia_seca,SUPUESTO,[ESTIMACIÓN] con rendimiento [SUPUESTO],,si el tratamiento fuera aerobio completo; anaerobio genera mucho menos lodo
lodos,2500,6,300,alto,nivel=alto,lodos_deshidratados_t_dia,1.460208,t,dia_operativo,lodo_humedo,SUPUESTO,[ESTIMACIÓN] con [SUPUESTO],,DAF + biológico deshidratados; disposición/valorización a definir
electricidad,2500,6,300,alto,nivel=alto,kwh_proceso_dia,3262.5,kWh,dia_operativo,energia_electrica,FUENTE,[ESTIMACIÓN] con indicador [PVDP],"UE 152–860 kWh/t faenada; Brasil 165 kWh/t; 1,19 MJ/kg = 330 kWh/t (FTE-09C-09, FTE-09C-03)","faena, proceso, enfriado fresco, aire, agua, servicios"
electricidad,2500,6,300,alto,nivel=alto,kwh_proceso_frio_de_proceso_agua_helada_hielo_dia,1141.875,kWh,dia_operativo,energia_electrica,SUPUESTO,[SUPUESTO] reparto ilustrativo,FTE-09C-09 (cualitativo),didáctico; no sumar con kwh_proceso_dia
electricidad,2500,6,300,alto,nivel=alto,kwh_proceso_motores_de_linea_y_transportadores_dia,652.5,kWh,dia_operativo,energia_electrica,SUPUESTO,[SUPUESTO] reparto ilustrativo,FTE-09C-09 (cualitativo),didáctico; no sumar con kwh_proceso_dia
electricidad,2500,6,300,alto,nivel=alto,kwh_proceso_aire_comprimido_dia,326.25,kWh,dia_operativo,energia_electrica,SUPUESTO,[SUPUESTO] reparto ilustrativo,FTE-09C-09 (cualitativo),didáctico; no sumar con kwh_proceso_dia
electricidad,2500,6,300,alto,nivel=alto,kwh_proceso_bombas_agua_y_efluentes_dia,326.25,kWh,dia_operativo,energia_electrica,SUPUESTO,[SUPUESTO] reparto ilustrativo,FTE-09C-09 (cualitativo),didáctico; no sumar con kwh_proceso_dia
electricidad,2500,6,300,alto,nivel=alto,kwh_proceso_climatizacion_salas_dia,261.0,kWh,dia_operativo,energia_electrica,SUPUESTO,[SUPUESTO] reparto ilustrativo,FTE-09C-09 (cualitativo),didáctico; no sumar con kwh_proceso_dia
electricidad,2500,6,300,alto,nivel=alto,kwh_proceso_iluminacion_dia,228.375,kWh,dia_operativo,energia_electrica,SUPUESTO,[SUPUESTO] reparto ilustrativo,FTE-09C-09 (cualitativo),didáctico; no sumar con kwh_proceso_dia
electricidad,2500,6,300,alto,nivel=alto,kwh_proceso_oficinas_vestuarios_servicios_dia,163.125,kWh,dia_operativo,energia_electrica,SUPUESTO,[SUPUESTO] reparto ilustrativo,FTE-09C-09 (cualitativo),didáctico; no sumar con kwh_proceso_dia
electricidad,2500,6,300,alto,nivel=alto,kwh_proceso_otros_dia,163.125,kWh,dia_operativo,energia_electrica,SUPUESTO,[SUPUESTO] reparto ilustrativo,FTE-09C-09 (cualitativo),didáctico; no sumar con kwh_proceso_dia
inventario,2500,6,300,alto,,stock_refrigerado_t,16.176264,t,stock,comercial,ESTIMACIÓN,[ESTIMACIÓN],"SUP-055, SUP-056",base=dias_produccion; días=3; perfil=P1
inventario,2500,6,300,alto,,stock_congelado_t,8.387693,t,stock,comercial,ESTIMACIÓN,[ESTIMACIÓN],"SUP-055, SUP-056",base=dias_produccion; días=14; incluye exportación
congelado,2500,6,300,alto,,capacidad_congelacion_t_dia,0.599121,t,dia_operativo,comercial,ESTIMACIÓN,[ESTIMACIÓN],SUP-055,t que hay que congelar cada día de faena (túneles/IQF)
congelado,2500,6,300,alto,,capacidad_almacenamiento_congelado_t,8.387693,t,stock,comercial,ESTIMACIÓN,[ESTIMACIÓN],,t que hay que guardar (cámaras); NO es capacidad de congelación
congelado,2500,6,300,alto,nivel=alto,garras_a_congelar_t_dia_informativo,0.25263,t,dia_operativo,comercial,SUPUESTO,[SUPUESTO],,ya incluidas dentro del comestible: NO sumar al perfil
congelado,2500,6,300,alto,nivel=alto,menudencias_a_congelar_t_dia_informativo,0.272745,t,dia_operativo,comercial,SUPUESTO,[SUPUESTO],,ya incluidas dentro del comestible: NO sumar al perfil
congelado,2500,6,300,alto,nivel=alto,calor_a_extraer_congelacion_kj_kg,444.165,kJ/kg,adimensional,producto,ESTIMACIÓN,[ESTIMACIÓN] con propiedades [PVDP],FTE-09C-14,"de +4 °C a −18 °C, con pérdidas"
frio,2500,6,300,alto,nivel=alto,kw_frigorificos_enfriado_producto_fresco,84.084798,kW frigoríficos,potencia,frio,ESTIMACIÓN,[ESTIMACIÓN] con [SUPUESTO],,chiller + menudencias + salas/docks; durante 8 h netas
frio,2500,6,300,alto,nivel=alto,tr_enfriado_producto_fresco,23.908103,TR,potencia,frio,ESTIMACIÓN,[ESTIMACIÓN],,"1 TR = 3,517 kW frigoríficos"
frio,2500,6,300,alto,nivel=alto,kw_electricos_enfriado_producto_fresco,36.558608,kW eléctricos,potencia,energia_electrica,SUPUESTO,[ESTIMACIÓN] con COP [SUPUESTO],,kW eléctricos = kW frigoríficos / COP
frio,2500,6,300,alto,nivel=alto,kw_frigorificos_congelacion_tuneles,3.695952,kW frigoríficos,potencia,frio,ESTIMACIÓN,[ESTIMACIÓN] con [SUPUESTO],,durante 20 h/día
frio,2500,6,300,alto,nivel=alto,tr_congelacion_tuneles,1.050882,TR,potencia,frio,ESTIMACIÓN,[ESTIMACIÓN],,"1 TR = 3,517 kW frigoríficos"
frio,2500,6,300,alto,nivel=alto,kw_electricos_congelacion_tuneles,3.359956,kW eléctricos,potencia,energia_electrica,SUPUESTO,[ESTIMACIÓN] con COP [SUPUESTO],,kW eléctricos = kW frigoríficos / COP
frio,2500,6,300,alto,nivel=alto,kw_frigorificos_camaras_almacenamiento,5.02263,kW frigoríficos,potencia,frio,ESTIMACIÓN,[ESTIMACIÓN] con [SUPUESTO],,"24 h, 365 días; desde kWh/(t·día)"
frio,2500,6,300,alto,nivel=alto,tr_camaras_almacenamiento,1.428101,TR,potencia,frio,ESTIMACIÓN,[ESTIMACIÓN],,"1 TR = 3,517 kW frigoríficos"
frio,2500,6,300,alto,nivel=alto,kw_electricos_camaras_almacenamiento,3.095458,kW eléctricos,potencia,energia_electrica,SUPUESTO,[ESTIMACIÓN] con COP [SUPUESTO],,kW eléctricos = kW frigoríficos / COP
frio,2500,6,300,alto,nivel=alto,kj_frio_enfriado_por_ave,968.656877,kJ/ave,por_ave,frio,ESTIMACIÓN,[ESTIMACIÓN] con [SUPUESTO],FTE-09C-14,
electricidad,2500,6,300,alto,nivel=alto,kwh_congelacion_dia,155.771434,kWh,dia_operativo,energia_electrica,FUENTE,[ESTIMACIÓN] con indicador [PVDP],120–260 kWh/t de ave congelada; 133 kWh/t (FTE-09C-10),
electricidad,2500,6,300,alto,nivel=alto,kwh_almacenamiento_frio_dia_calendario,74.290992,kWh,dia_calendario,energia_electrica,SUPUESTO,[ESTIMACIÓN] con [SUPUESTO],,las cámaras funcionan también sin faena
electricidad,2500,6,300,alto,nivel=alto,kwh_tratamiento_aerobio_dia,299.25,kWh,dia_operativo,energia_electrica,SUPUESTO,[ESTIMACIÓN] con [SUPUESTO],,cota: si todo el biológico fuera aerobio
electricidad,2500,6,300,alto,nivel=alto,kwh_total_dia_operativo,3791.812426,kWh,dia_operativo,energia_electrica,ESTIMACIÓN,[ESTIMACIÓN],,proceso + congelado + aerobio + cámaras
electricidad,2500,6,300,alto,nivel=alto,kwh_total_anio,1142372.642134,kWh,anio,energia_electrica,ESTIMACIÓN,[ESTIMACIÓN],,cámaras × 365 días; resto × días de faena
electricidad,2500,6,300,alto,nivel=alto,kwh_por_ave_promedio_anual,1.523164,kWh/ave,por_ave,energia_electrica,ESTIMACIÓN,[ESTIMACIÓN],,
electricidad,2500,6,300,alto,nivel=alto,kw_potencia_media_operacion,256.388494,kW,potencia,energia_electrica,ESTIMACIÓN,[ESTIMACIÓN],,proceso sobre 14 h + túneles + cámaras + efluentes
electricidad,2500,6,300,alto,nivel=alto,kw_potencia_pico_estimada,442.817065,kW,potencia,energia_electrica,SUPUESTO,[ESTIMACIÓN] con factor de pico [SUPUESTO],,orden de magnitud para pedir potencia; no es diseño
termico,2500,6,300,alto,nivel=alto,calor_util_escaldado_mj_dia,2762.76,MJ,dia_operativo,energia_termica,ESTIMACIÓN,[ESTIMACIÓN] con temperaturas [PVDP]/[SUPUESTO],FTE-09C-11,
termico,2500,6,300,alto,nivel=alto,kw_termicos_escaldado,95.929167,kW térmicos,potencia,energia_termica,ESTIMACIÓN,[ESTIMACIÓN],,durante 8 h
termico,2500,6,300,alto,nivel=alto,calor_util_limpieza_mj_dia,2307.5325,MJ,dia_operativo,energia_termica,ESTIMACIÓN,[ESTIMACIÓN] con temperaturas [PVDP]/[SUPUESTO],FTE-09C-11,
termico,2500,6,300,alto,nivel=alto,kw_termicos_limpieza,160.245313,kW térmicos,potencia,energia_termica,ESTIMACIÓN,[ESTIMACIÓN],,durante 4 h
termico,2500,6,300,alto,nivel=alto,calor_util_sanitizacion_mj_dia,703.248,MJ,dia_operativo,energia_termica,ESTIMACIÓN,[ESTIMACIÓN] con temperaturas [PVDP]/[SUPUESTO],FTE-09C-11,
termico,2500,6,300,alto,nivel=alto,kw_termicos_sanitizacion,16.278889,kW térmicos,potencia,energia_termica,ESTIMACIÓN,[ESTIMACIÓN],,durante 12 h
termico,2500,6,300,alto,nivel=alto,calor_util_mj_ave,2.309416,MJ/ave,por_ave,energia_termica,ESTIMACIÓN,[ESTIMACIÓN],,
termico,2500,6,300,alto,nivel=alto,energia_combustible_mj_dia,8882.37,MJ,dia_operativo,energia_termica,ESTIMACIÓN,[ESTIMACIÓN] con rendimiento [SUPUESTO],,
termico,2500,6,300,alto,nivel=alto,energia_combustible_kwh_dia,2467.325,kWh,dia_operativo,energia_termica,ESTIMACIÓN,[ESTIMACIÓN],,kWh TÉRMICOS (no eléctricos)
termico,2500,6,300,alto,nivel=alto,equivalente_gas_natural_m3_dia,228.33856,m3,dia_operativo,energia_termica,SUPUESTO,[ESTIMACIÓN] con PCI [SUPUESTO],~9.300 kcal/m³ (a verificar con distribuidora),"equivalencia, no elección"
termico,2500,6,300,alto,nivel=alto,equivalente_glp_kg_dia,193.095,kg,dia_operativo,energia_termica,SUPUESTO,[ESTIMACIÓN] con PCI [SUPUESTO],~11.000 kcal/kg,"equivalencia, no elección"
termico,2500,6,300,alto,nivel=alto,equivalente_biomasa_chip_kg_dia,634.455,kg,dia_operativo,energia_termica,SUPUESTO,[ESTIMACIÓN] con PCI [SUPUESTO],chip de madera ~20–25 % humedad; muy variable,"equivalencia, no elección"
termico,2500,6,300,alto,nivel=alto,equivalente_electricidad_resistiva_kwh_dia,1636.491071,kWh,dia_operativo,energia_termica,SUPUESTO,[ESTIMACIÓN],,rendimiento 98 %; bomba de calor dividiría por su COP (limitada a ~60–70 °C)
respaldo,2500,6,300,alto,nivel=alto,kw_critico_camaras_frio,6.190916,kW,potencia,energia_electrica,SUPUESTO,[ESTIMACIÓN] con [SUPUESTO],,
respaldo,2500,6,300,alto,nivel=alto,kw_critico_efluentes_minimo,6.234375,kW,potencia,energia_electrica,SUPUESTO,[ESTIMACIÓN] con [SUPUESTO],,
respaldo,2500,6,300,alto,nivel=alto,kw_critico_control_it_seguridad,8.389286,kW,potencia,energia_electrica,SUPUESTO,[ESTIMACIÓN] con [SUPUESTO],,
respaldo,2500,6,300,alto,nivel=alto,kw_critico_iluminacion_emergencia,4.194643,kW,potencia,energia_electrica,SUPUESTO,[ESTIMACIÓN] con [SUPUESTO],,
respaldo,2500,6,300,alto,nivel=alto,kw_critico_bombeo_agua_minimo,12.583929,kW,potencia,energia_electrica,SUPUESTO,[ESTIMACIÓN] con [SUPUESTO],,
respaldo,2500,6,300,alto,nivel=alto,kw_critico_anden_aves_ventilacion,8.389286,kW,potencia,energia_electrica,SUPUESTO,[ESTIMACIÓN] con [SUPUESTO],,
respaldo,2500,6,300,alto,nivel=alto,kw_respaldo_cargas_criticas,45.982434,kW,potencia,energia_electrica,SUPUESTO,[ESTIMACIÓN] con [SUPUESTO],,cámaras + control + emergencia + efluentes + agua + andén
respaldo,2500,6,300,alto,nivel=alto,kva_respaldo_cargas_criticas,57.478042,kVA,potencia,energia_electrica,SUPUESTO,[ESTIMACIÓN],,"fp 0,8"
respaldo,2500,6,300,alto,nivel=alto,kva_respaldo_planta_completa,553.521332,kVA,potencia,energia_electrica,SUPUESTO,[ESTIMACIÓN],,si se quisiera sostener también la línea
perfil_frio,2500,6,300,alto,perfil=P2,capacidad_congelacion_t_dia,2.396484,t,dia_operativo,comercial,ESTIMACIÓN,[ESTIMACIÓN],SUP-055,t que hay que congelar cada día de faena (túneles/IQF)
perfil_frio,2500,6,300,alto,perfil=P2,capacidad_almacenamiento_congelado_t,33.55077,t,stock,comercial,ESTIMACIÓN,[ESTIMACIÓN],,t que hay que guardar (cámaras); NO es capacidad de congelación
perfil_frio,2500,6,300,alto,perfil=P2,stock_refrigerado_t,10.784176,t,stock,comercial,ESTIMACIÓN,[ESTIMACIÓN],"SUP-055, SUP-056",base=dias_produccion; días=3; perfil=P2
perfil_frio,2500,6,300,alto,perfil=P2,kw_frigorificos_congelacion_tuneles,14.783807,kW frigoríficos,potencia,frio,ESTIMACIÓN,[ESTIMACIÓN] con [SUPUESTO],,durante 20 h/día
perfil_frio,2500,6,300,alto,perfil=P2,kw_electricos_congelacion_tuneles,13.439825,kW eléctricos,potencia,energia_electrica,SUPUESTO,[ESTIMACIÓN] con COP [SUPUESTO],,kW eléctricos = kW frigoríficos / COP
perfil_frio,2500,6,300,alto,perfil=P2,kw_frigorificos_camaras_almacenamiento,9.755685,kW frigoríficos,potencia,frio,ESTIMACIÓN,[ESTIMACIÓN] con [SUPUESTO],,"24 h, 365 días; desde kWh/(t·día)"
perfil_frio,2500,6,300,alto,perfil=P2,kwh_congelacion_dia,623.085736,kWh,dia_operativo,energia_electrica,FUENTE,[ESTIMACIÓN] con indicador [PVDP],120–260 kWh/t de ave congelada; 133 kWh/t (FTE-09C-10),
perfil_frio,2500,6,300,alto,perfil=P2,kwh_almacenamiento_frio_dia_calendario,189.322204,kWh,dia_calendario,energia_electrica,SUPUESTO,[ESTIMACIÓN] con [SUPUESTO],,las cámaras funcionan también sin faena
perfil_frio,2500,6,300,alto,perfil=P2,kw_respaldo_cargas_criticas,55.568368,kW,potencia,energia_electrica,SUPUESTO,[ESTIMACIÓN] con [SUPUESTO],,cámaras + control + emergencia + efluentes + agua + andén
perfil_frio,2500,6,300,alto,perfil=P3,capacidad_congelacion_t_dia,2.995604,t,dia_operativo,comercial,ESTIMACIÓN,[ESTIMACIÓN],SUP-055,t que hay que congelar cada día de faena (túneles/IQF)
perfil_frio,2500,6,300,alto,perfil=P3,capacidad_almacenamiento_congelado_t,41.938463,t,stock,comercial,ESTIMACIÓN,[ESTIMACIÓN],,t que hay que guardar (cámaras); NO es capacidad de congelación
perfil_frio,2500,6,300,alto,perfil=P3,stock_refrigerado_t,8.986814,t,stock,comercial,ESTIMACIÓN,[ESTIMACIÓN],"SUP-055, SUP-056",base=dias_produccion; días=3; perfil=P3
perfil_frio,2500,6,300,alto,perfil=P3,kw_frigorificos_congelacion_tuneles,18.479759,kW frigoríficos,potencia,frio,ESTIMACIÓN,[ESTIMACIÓN] con [SUPUESTO],,durante 20 h/día
perfil_frio,2500,6,300,alto,perfil=P3,kw_electricos_congelacion_tuneles,16.799781,kW eléctricos,potencia,energia_electrica,SUPUESTO,[ESTIMACIÓN] con COP [SUPUESTO],,kW eléctricos = kW frigoríficos / COP
perfil_frio,2500,6,300,alto,perfil=P3,kw_frigorificos_camaras_almacenamiento,11.33337,kW frigoríficos,potencia,frio,ESTIMACIÓN,[ESTIMACIÓN] con [SUPUESTO],,"24 h, 365 días; desde kWh/(t·día)"
perfil_frio,2500,6,300,alto,perfil=P3,kwh_congelacion_dia,778.85717,kWh,dia_operativo,energia_electrica,FUENTE,[ESTIMACIÓN] con indicador [PVDP],120–260 kWh/t de ave congelada; 133 kWh/t (FTE-09C-10),
perfil_frio,2500,6,300,alto,perfil=P3,kwh_almacenamiento_frio_dia_calendario,227.665942,kWh,dia_calendario,energia_electrica,SUPUESTO,[ESTIMACIÓN] con [SUPUESTO],,las cámaras funcionan también sin faena
perfil_frio,2500,6,300,alto,perfil=P3,kw_respaldo_cargas_criticas,58.76368,kW,potencia,energia_electrica,SUPUESTO,[ESTIMACIÓN] con [SUPUESTO],,cámaras + control + emergencia + efluentes + agua + andén
inventario,2500,6,300,-,base_temporal=dias_produccion; dias=1,comestible_total_t,5.991209,t,stock,comercial,ESTIMACIÓN,[ESTIMACIÓN],"SUP-055, SUP-056; = escenarios_escala.csv",días de producción
inventario,2500,6,300,-,base_temporal=dias_produccion; dias=1; perfil_destino=P1,refrigerado_t,5.392088,t,stock,comercial,ESTIMACIÓN,[ESTIMACIÓN],"SUP-055, SUP-056; = escenarios_escala.csv",días de producción
inventario,2500,6,300,-,base_temporal=dias_produccion; dias=1; perfil_destino=P1,congelado_t,0.599121,t,stock,comercial,ESTIMACIÓN,[ESTIMACIÓN],"SUP-055, SUP-056; = escenarios_escala.csv",días de producción
inventario,2500,6,300,-,base_temporal=dias_produccion; dias=1; perfil_destino=P1,exportacion_t,0.0,t,stock,comercial,ESTIMACIÓN,[ESTIMACIÓN],"SUP-055, SUP-056; = escenarios_escala.csv",días de producción
inventario,2500,6,300,-,base_temporal=dias_produccion; dias=1; perfil_destino=P2,refrigerado_t,3.594725,t,stock,comercial,ESTIMACIÓN,[ESTIMACIÓN],"SUP-055, SUP-056; = escenarios_escala.csv",días de producción
inventario,2500,6,300,-,base_temporal=dias_produccion; dias=1; perfil_destino=P2,congelado_t,2.396484,t,stock,comercial,ESTIMACIÓN,[ESTIMACIÓN],"SUP-055, SUP-056; = escenarios_escala.csv",días de producción
inventario,2500,6,300,-,base_temporal=dias_produccion; dias=1; perfil_destino=P2,exportacion_t,0.0,t,stock,comercial,ESTIMACIÓN,[ESTIMACIÓN],"SUP-055, SUP-056; = escenarios_escala.csv",días de producción
inventario,2500,6,300,-,base_temporal=dias_produccion; dias=1; perfil_destino=P3,refrigerado_t,2.995604,t,stock,comercial,ESTIMACIÓN,[ESTIMACIÓN],"SUP-055, SUP-056; = escenarios_escala.csv",días de producción
inventario,2500,6,300,-,base_temporal=dias_produccion; dias=1; perfil_destino=P3,congelado_t,1.797363,t,stock,comercial,ESTIMACIÓN,[ESTIMACIÓN],"SUP-055, SUP-056; = escenarios_escala.csv",días de producción
inventario,2500,6,300,-,base_temporal=dias_produccion; dias=1; perfil_destino=P3,exportacion_t,1.198242,t,stock,comercial,ESTIMACIÓN,[ESTIMACIÓN],"SUP-055, SUP-056; = escenarios_escala.csv",días de producción
inventario,2500,6,300,-,base_temporal=dias_produccion; dias=3,comestible_total_t,17.973627,t,stock,comercial,ESTIMACIÓN,[ESTIMACIÓN],"SUP-055, SUP-056; = escenarios_escala.csv",días de producción
inventario,2500,6,300,-,base_temporal=dias_produccion; dias=3; perfil_destino=P1,refrigerado_t,16.176264,t,stock,comercial,ESTIMACIÓN,[ESTIMACIÓN],"SUP-055, SUP-056; = escenarios_escala.csv",días de producción
inventario,2500,6,300,-,base_temporal=dias_produccion; dias=3; perfil_destino=P1,congelado_t,1.797363,t,stock,comercial,ESTIMACIÓN,[ESTIMACIÓN],"SUP-055, SUP-056; = escenarios_escala.csv",días de producción
inventario,2500,6,300,-,base_temporal=dias_produccion; dias=3; perfil_destino=P1,exportacion_t,0.0,t,stock,comercial,ESTIMACIÓN,[ESTIMACIÓN],"SUP-055, SUP-056; = escenarios_escala.csv",días de producción
inventario,2500,6,300,-,base_temporal=dias_produccion; dias=3; perfil_destino=P2,refrigerado_t,10.784176,t,stock,comercial,ESTIMACIÓN,[ESTIMACIÓN],"SUP-055, SUP-056; = escenarios_escala.csv",días de producción
inventario,2500,6,300,-,base_temporal=dias_produccion; dias=3; perfil_destino=P2,congelado_t,7.189451,t,stock,comercial,ESTIMACIÓN,[ESTIMACIÓN],"SUP-055, SUP-056; = escenarios_escala.csv",días de producción
inventario,2500,6,300,-,base_temporal=dias_produccion; dias=3; perfil_destino=P2,exportacion_t,0.0,t,stock,comercial,ESTIMACIÓN,[ESTIMACIÓN],"SUP-055, SUP-056; = escenarios_escala.csv",días de producción
inventario,2500,6,300,-,base_temporal=dias_produccion; dias=3; perfil_destino=P3,refrigerado_t,8.986814,t,stock,comercial,ESTIMACIÓN,[ESTIMACIÓN],"SUP-055, SUP-056; = escenarios_escala.csv",días de producción
inventario,2500,6,300,-,base_temporal=dias_produccion; dias=3; perfil_destino=P3,congelado_t,5.392088,t,stock,comercial,ESTIMACIÓN,[ESTIMACIÓN],"SUP-055, SUP-056; = escenarios_escala.csv",días de producción
inventario,2500,6,300,-,base_temporal=dias_produccion; dias=3; perfil_destino=P3,exportacion_t,3.594725,t,stock,comercial,ESTIMACIÓN,[ESTIMACIÓN],"SUP-055, SUP-056; = escenarios_escala.csv",días de producción
inventario,2500,6,300,-,base_temporal=dias_produccion; dias=7,comestible_total_t,41.938463,t,stock,comercial,ESTIMACIÓN,[ESTIMACIÓN],"SUP-055, SUP-056; = escenarios_escala.csv",días de producción
inventario,2500,6,300,-,base_temporal=dias_produccion; dias=7; perfil_destino=P1,refrigerado_t,37.744617,t,stock,comercial,ESTIMACIÓN,[ESTIMACIÓN],"SUP-055, SUP-056; = escenarios_escala.csv",días de producción
inventario,2500,6,300,-,base_temporal=dias_produccion; dias=7; perfil_destino=P1,congelado_t,4.193846,t,stock,comercial,ESTIMACIÓN,[ESTIMACIÓN],"SUP-055, SUP-056; = escenarios_escala.csv",días de producción
inventario,2500,6,300,-,base_temporal=dias_produccion; dias=7; perfil_destino=P1,exportacion_t,0.0,t,stock,comercial,ESTIMACIÓN,[ESTIMACIÓN],"SUP-055, SUP-056; = escenarios_escala.csv",días de producción
inventario,2500,6,300,-,base_temporal=dias_produccion; dias=7; perfil_destino=P2,refrigerado_t,25.163078,t,stock,comercial,ESTIMACIÓN,[ESTIMACIÓN],"SUP-055, SUP-056; = escenarios_escala.csv",días de producción
inventario,2500,6,300,-,base_temporal=dias_produccion; dias=7; perfil_destino=P2,congelado_t,16.775385,t,stock,comercial,ESTIMACIÓN,[ESTIMACIÓN],"SUP-055, SUP-056; = escenarios_escala.csv",días de producción
inventario,2500,6,300,-,base_temporal=dias_produccion; dias=7; perfil_destino=P2,exportacion_t,0.0,t,stock,comercial,ESTIMACIÓN,[ESTIMACIÓN],"SUP-055, SUP-056; = escenarios_escala.csv",días de producción
inventario,2500,6,300,-,base_temporal=dias_produccion; dias=7; perfil_destino=P3,refrigerado_t,20.969231,t,stock,comercial,ESTIMACIÓN,[ESTIMACIÓN],"SUP-055, SUP-056; = escenarios_escala.csv",días de producción
inventario,2500,6,300,-,base_temporal=dias_produccion; dias=7; perfil_destino=P3,congelado_t,12.581539,t,stock,comercial,ESTIMACIÓN,[ESTIMACIÓN],"SUP-055, SUP-056; = escenarios_escala.csv",días de producción
inventario,2500,6,300,-,base_temporal=dias_produccion; dias=7; perfil_destino=P3,exportacion_t,8.387693,t,stock,comercial,ESTIMACIÓN,[ESTIMACIÓN],"SUP-055, SUP-056; = escenarios_escala.csv",días de producción
inventario,2500,6,300,-,base_temporal=dias_produccion; dias=14,comestible_total_t,83.876926,t,stock,comercial,ESTIMACIÓN,[ESTIMACIÓN],"SUP-055, SUP-056; = escenarios_escala.csv",días de producción
inventario,2500,6,300,-,base_temporal=dias_produccion; dias=14; perfil_destino=P1,refrigerado_t,75.489233,t,stock,comercial,ESTIMACIÓN,[ESTIMACIÓN],"SUP-055, SUP-056; = escenarios_escala.csv",días de producción
inventario,2500,6,300,-,base_temporal=dias_produccion; dias=14; perfil_destino=P1,congelado_t,8.387693,t,stock,comercial,ESTIMACIÓN,[ESTIMACIÓN],"SUP-055, SUP-056; = escenarios_escala.csv",días de producción
inventario,2500,6,300,-,base_temporal=dias_produccion; dias=14; perfil_destino=P1,exportacion_t,0.0,t,stock,comercial,ESTIMACIÓN,[ESTIMACIÓN],"SUP-055, SUP-056; = escenarios_escala.csv",días de producción
inventario,2500,6,300,-,base_temporal=dias_produccion; dias=14; perfil_destino=P2,refrigerado_t,50.326156,t,stock,comercial,ESTIMACIÓN,[ESTIMACIÓN],"SUP-055, SUP-056; = escenarios_escala.csv",días de producción
inventario,2500,6,300,-,base_temporal=dias_produccion; dias=14; perfil_destino=P2,congelado_t,33.55077,t,stock,comercial,ESTIMACIÓN,[ESTIMACIÓN],"SUP-055, SUP-056; = escenarios_escala.csv",días de producción
inventario,2500,6,300,-,base_temporal=dias_produccion; dias=14; perfil_destino=P2,exportacion_t,0.0,t,stock,comercial,ESTIMACIÓN,[ESTIMACIÓN],"SUP-055, SUP-056; = escenarios_escala.csv",días de producción
inventario,2500,6,300,-,base_temporal=dias_produccion; dias=14; perfil_destino=P3,refrigerado_t,41.938463,t,stock,comercial,ESTIMACIÓN,[ESTIMACIÓN],"SUP-055, SUP-056; = escenarios_escala.csv",días de producción
inventario,2500,6,300,-,base_temporal=dias_produccion; dias=14; perfil_destino=P3,congelado_t,25.163078,t,stock,comercial,ESTIMACIÓN,[ESTIMACIÓN],"SUP-055, SUP-056; = escenarios_escala.csv",días de producción
inventario,2500,6,300,-,base_temporal=dias_produccion; dias=14; perfil_destino=P3,exportacion_t,16.775385,t,stock,comercial,ESTIMACIÓN,[ESTIMACIÓN],"SUP-055, SUP-056; = escenarios_escala.csv",días de producción
inventario,2500,6,300,-,base_temporal=dias_calendario; dias=1,comestible_total_t,4.924281,t,stock,comercial,ESTIMACIÓN,[ESTIMACIÓN],"SUP-055, SUP-056; = escenarios_escala.csv",días calendario de cobertura (× días op./365)
inventario,2500,6,300,-,base_temporal=dias_calendario; dias=1; perfil_destino=P1,refrigerado_t,4.431853,t,stock,comercial,ESTIMACIÓN,[ESTIMACIÓN],"SUP-055, SUP-056; = escenarios_escala.csv",días calendario de cobertura (× días op./365)
inventario,2500,6,300,-,base_temporal=dias_calendario; dias=1; perfil_destino=P1,congelado_t,0.492428,t,stock,comercial,ESTIMACIÓN,[ESTIMACIÓN],"SUP-055, SUP-056; = escenarios_escala.csv",días calendario de cobertura (× días op./365)
inventario,2500,6,300,-,base_temporal=dias_calendario; dias=1; perfil_destino=P1,exportacion_t,0.0,t,stock,comercial,ESTIMACIÓN,[ESTIMACIÓN],"SUP-055, SUP-056; = escenarios_escala.csv",días calendario de cobertura (× días op./365)
inventario,2500,6,300,-,base_temporal=dias_calendario; dias=1; perfil_destino=P2,refrigerado_t,2.954569,t,stock,comercial,ESTIMACIÓN,[ESTIMACIÓN],"SUP-055, SUP-056; = escenarios_escala.csv",días calendario de cobertura (× días op./365)
inventario,2500,6,300,-,base_temporal=dias_calendario; dias=1; perfil_destino=P2,congelado_t,1.969713,t,stock,comercial,ESTIMACIÓN,[ESTIMACIÓN],"SUP-055, SUP-056; = escenarios_escala.csv",días calendario de cobertura (× días op./365)
inventario,2500,6,300,-,base_temporal=dias_calendario; dias=1; perfil_destino=P2,exportacion_t,0.0,t,stock,comercial,ESTIMACIÓN,[ESTIMACIÓN],"SUP-055, SUP-056; = escenarios_escala.csv",días calendario de cobertura (× días op./365)
inventario,2500,6,300,-,base_temporal=dias_calendario; dias=1; perfil_destino=P3,refrigerado_t,2.462141,t,stock,comercial,ESTIMACIÓN,[ESTIMACIÓN],"SUP-055, SUP-056; = escenarios_escala.csv",días calendario de cobertura (× días op./365)
inventario,2500,6,300,-,base_temporal=dias_calendario; dias=1; perfil_destino=P3,congelado_t,1.477284,t,stock,comercial,ESTIMACIÓN,[ESTIMACIÓN],"SUP-055, SUP-056; = escenarios_escala.csv",días calendario de cobertura (× días op./365)
inventario,2500,6,300,-,base_temporal=dias_calendario; dias=1; perfil_destino=P3,exportacion_t,0.984856,t,stock,comercial,ESTIMACIÓN,[ESTIMACIÓN],"SUP-055, SUP-056; = escenarios_escala.csv",días calendario de cobertura (× días op./365)
inventario,2500,6,300,-,base_temporal=dias_calendario; dias=3,comestible_total_t,14.772844,t,stock,comercial,ESTIMACIÓN,[ESTIMACIÓN],"SUP-055, SUP-056; = escenarios_escala.csv",días calendario de cobertura (× días op./365)
inventario,2500,6,300,-,base_temporal=dias_calendario; dias=3; perfil_destino=P1,refrigerado_t,13.29556,t,stock,comercial,ESTIMACIÓN,[ESTIMACIÓN],"SUP-055, SUP-056; = escenarios_escala.csv",días calendario de cobertura (× días op./365)
inventario,2500,6,300,-,base_temporal=dias_calendario; dias=3; perfil_destino=P1,congelado_t,1.477284,t,stock,comercial,ESTIMACIÓN,[ESTIMACIÓN],"SUP-055, SUP-056; = escenarios_escala.csv",días calendario de cobertura (× días op./365)
inventario,2500,6,300,-,base_temporal=dias_calendario; dias=3; perfil_destino=P1,exportacion_t,0.0,t,stock,comercial,ESTIMACIÓN,[ESTIMACIÓN],"SUP-055, SUP-056; = escenarios_escala.csv",días calendario de cobertura (× días op./365)
inventario,2500,6,300,-,base_temporal=dias_calendario; dias=3; perfil_destino=P2,refrigerado_t,8.863706,t,stock,comercial,ESTIMACIÓN,[ESTIMACIÓN],"SUP-055, SUP-056; = escenarios_escala.csv",días calendario de cobertura (× días op./365)
inventario,2500,6,300,-,base_temporal=dias_calendario; dias=3; perfil_destino=P2,congelado_t,5.909138,t,stock,comercial,ESTIMACIÓN,[ESTIMACIÓN],"SUP-055, SUP-056; = escenarios_escala.csv",días calendario de cobertura (× días op./365)
inventario,2500,6,300,-,base_temporal=dias_calendario; dias=3; perfil_destino=P2,exportacion_t,0.0,t,stock,comercial,ESTIMACIÓN,[ESTIMACIÓN],"SUP-055, SUP-056; = escenarios_escala.csv",días calendario de cobertura (× días op./365)
inventario,2500,6,300,-,base_temporal=dias_calendario; dias=3; perfil_destino=P3,refrigerado_t,7.386422,t,stock,comercial,ESTIMACIÓN,[ESTIMACIÓN],"SUP-055, SUP-056; = escenarios_escala.csv",días calendario de cobertura (× días op./365)
inventario,2500,6,300,-,base_temporal=dias_calendario; dias=3; perfil_destino=P3,congelado_t,4.431853,t,stock,comercial,ESTIMACIÓN,[ESTIMACIÓN],"SUP-055, SUP-056; = escenarios_escala.csv",días calendario de cobertura (× días op./365)
inventario,2500,6,300,-,base_temporal=dias_calendario; dias=3; perfil_destino=P3,exportacion_t,2.954569,t,stock,comercial,ESTIMACIÓN,[ESTIMACIÓN],"SUP-055, SUP-056; = escenarios_escala.csv",días calendario de cobertura (× días op./365)
inventario,2500,6,300,-,base_temporal=dias_calendario; dias=7,comestible_total_t,34.46997,t,stock,comercial,ESTIMACIÓN,[ESTIMACIÓN],"SUP-055, SUP-056; = escenarios_escala.csv",días calendario de cobertura (× días op./365)
inventario,2500,6,300,-,base_temporal=dias_calendario; dias=7; perfil_destino=P1,refrigerado_t,31.022973,t,stock,comercial,ESTIMACIÓN,[ESTIMACIÓN],"SUP-055, SUP-056; = escenarios_escala.csv",días calendario de cobertura (× días op./365)
inventario,2500,6,300,-,base_temporal=dias_calendario; dias=7; perfil_destino=P1,congelado_t,3.446997,t,stock,comercial,ESTIMACIÓN,[ESTIMACIÓN],"SUP-055, SUP-056; = escenarios_escala.csv",días calendario de cobertura (× días op./365)
inventario,2500,6,300,-,base_temporal=dias_calendario; dias=7; perfil_destino=P1,exportacion_t,0.0,t,stock,comercial,ESTIMACIÓN,[ESTIMACIÓN],"SUP-055, SUP-056; = escenarios_escala.csv",días calendario de cobertura (× días op./365)
inventario,2500,6,300,-,base_temporal=dias_calendario; dias=7; perfil_destino=P2,refrigerado_t,20.681982,t,stock,comercial,ESTIMACIÓN,[ESTIMACIÓN],"SUP-055, SUP-056; = escenarios_escala.csv",días calendario de cobertura (× días op./365)
inventario,2500,6,300,-,base_temporal=dias_calendario; dias=7; perfil_destino=P2,congelado_t,13.787988,t,stock,comercial,ESTIMACIÓN,[ESTIMACIÓN],"SUP-055, SUP-056; = escenarios_escala.csv",días calendario de cobertura (× días op./365)
inventario,2500,6,300,-,base_temporal=dias_calendario; dias=7; perfil_destino=P2,exportacion_t,0.0,t,stock,comercial,ESTIMACIÓN,[ESTIMACIÓN],"SUP-055, SUP-056; = escenarios_escala.csv",días calendario de cobertura (× días op./365)
inventario,2500,6,300,-,base_temporal=dias_calendario; dias=7; perfil_destino=P3,refrigerado_t,17.234985,t,stock,comercial,ESTIMACIÓN,[ESTIMACIÓN],"SUP-055, SUP-056; = escenarios_escala.csv",días calendario de cobertura (× días op./365)
inventario,2500,6,300,-,base_temporal=dias_calendario; dias=7; perfil_destino=P3,congelado_t,10.340991,t,stock,comercial,ESTIMACIÓN,[ESTIMACIÓN],"SUP-055, SUP-056; = escenarios_escala.csv",días calendario de cobertura (× días op./365)
inventario,2500,6,300,-,base_temporal=dias_calendario; dias=7; perfil_destino=P3,exportacion_t,6.893994,t,stock,comercial,ESTIMACIÓN,[ESTIMACIÓN],"SUP-055, SUP-056; = escenarios_escala.csv",días calendario de cobertura (× días op./365)
inventario,2500,6,300,-,base_temporal=dias_calendario; dias=14,comestible_total_t,68.939939,t,stock,comercial,ESTIMACIÓN,[ESTIMACIÓN],"SUP-055, SUP-056; = escenarios_escala.csv",días calendario de cobertura (× días op./365)
inventario,2500,6,300,-,base_temporal=dias_calendario; dias=14; perfil_destino=P1,refrigerado_t,62.045945,t,stock,comercial,ESTIMACIÓN,[ESTIMACIÓN],"SUP-055, SUP-056; = escenarios_escala.csv",días calendario de cobertura (× días op./365)
inventario,2500,6,300,-,base_temporal=dias_calendario; dias=14; perfil_destino=P1,congelado_t,6.893994,t,stock,comercial,ESTIMACIÓN,[ESTIMACIÓN],"SUP-055, SUP-056; = escenarios_escala.csv",días calendario de cobertura (× días op./365)
inventario,2500,6,300,-,base_temporal=dias_calendario; dias=14; perfil_destino=P1,exportacion_t,0.0,t,stock,comercial,ESTIMACIÓN,[ESTIMACIÓN],"SUP-055, SUP-056; = escenarios_escala.csv",días calendario de cobertura (× días op./365)
inventario,2500,6,300,-,base_temporal=dias_calendario; dias=14; perfil_destino=P2,refrigerado_t,41.363964,t,stock,comercial,ESTIMACIÓN,[ESTIMACIÓN],"SUP-055, SUP-056; = escenarios_escala.csv",días calendario de cobertura (× días op./365)
inventario,2500,6,300,-,base_temporal=dias_calendario; dias=14; perfil_destino=P2,congelado_t,27.575976,t,stock,comercial,ESTIMACIÓN,[ESTIMACIÓN],"SUP-055, SUP-056; = escenarios_escala.csv",días calendario de cobertura (× días op./365)
inventario,2500,6,300,-,base_temporal=dias_calendario; dias=14; perfil_destino=P2,exportacion_t,0.0,t,stock,comercial,ESTIMACIÓN,[ESTIMACIÓN],"SUP-055, SUP-056; = escenarios_escala.csv",días calendario de cobertura (× días op./365)
inventario,2500,6,300,-,base_temporal=dias_calendario; dias=14; perfil_destino=P3,refrigerado_t,34.46997,t,stock,comercial,ESTIMACIÓN,[ESTIMACIÓN],"SUP-055, SUP-056; = escenarios_escala.csv",días calendario de cobertura (× días op./365)
inventario,2500,6,300,-,base_temporal=dias_calendario; dias=14; perfil_destino=P3,congelado_t,20.681982,t,stock,comercial,ESTIMACIÓN,[ESTIMACIÓN],"SUP-055, SUP-056; = escenarios_escala.csv",días calendario de cobertura (× días op./365)
inventario,2500,6,300,-,base_temporal=dias_calendario; dias=14; perfil_destino=P3,exportacion_t,13.787988,t,stock,comercial,ESTIMACIÓN,[ESTIMACIÓN],"SUP-055, SUP-056; = escenarios_escala.csv",días calendario de cobertura (× días op./365)
entrada,5000,5,250,bajo,,aves_faenadas_dia_operativo,5000.0,aves,dia_operativo,aves,SUPUESTO,[SUPUESTO],SUP-052,escala = capacidad operativa
entrada,5000,5,250,bajo,,t_vivas_dia_operativo,14.5,t,dia_operativo,vivo,ESTIMACIÓN,[ESTIMACIÓN],escenarios_escala.csv,
agua,5000,5,250,bajo,nivel=bajo,agua_recepcion_l_ave,0.5,L/ave,por_ave,agua_utilizada,SUPUESTO,[SUPUESTO],sin fuente por ave; DPV propuesto,"Recepción: lavado de jaulas/módulos, camiones y andén"
agua,5000,5,250,bajo,nivel=bajo,agua_recepcion_m3_dia,2.5,m³,dia_operativo,agua_utilizada,ESTIMACIÓN,[ESTIMACIÓN],,"Recepción: lavado de jaulas/módulos, camiones y andén"
agua,5000,5,250,bajo,nivel=bajo,agua_escaldado_l_ave,0.9,L/ave,por_ave,agua_utilizada,FUENTE,[FUENTE] [PVDP],"mín. ~1 cuarto de galón (0,95 L)/ave (FTE-09C-11, FTE-09C-18)","Escaldado: llenado, reposición y desborde"
agua,5000,5,250,bajo,nivel=bajo,agua_escaldado_m3_dia,4.5,m³,dia_operativo,agua_utilizada,ESTIMACIÓN,[ESTIMACIÓN],,"Escaldado: llenado, reposición y desborde"
agua,5000,5,250,bajo,nivel=bajo,agua_desplumado_l_ave,1.0,L/ave,por_ave,agua_utilizada,SUPUESTO,[SUPUESTO],incluido en totales de FTE-09C-01/02,Desplumado: duchas y transporte de plumas
agua,5000,5,250,bajo,nivel=bajo,agua_desplumado_m3_dia,5.0,m³,dia_operativo,agua_utilizada,ESTIMACIÓN,[ESTIMACIÓN],,Desplumado: duchas y transporte de plumas
agua,5000,5,250,bajo,nivel=bajo,agua_evisceracion_l_ave,4.0,L/ave,por_ave,agua_utilizada,FUENTE,[FUENTE] [PVDP],"7,57 L/ave (FTE-09C-01)",Evisceración: lavados interior/exterior y transporte hidráulico de vísceras
agua,5000,5,250,bajo,nivel=bajo,agua_evisceracion_m3_dia,20.0,m³,dia_operativo,agua_utilizada,ESTIMACIÓN,[ESTIMACIÓN],,Evisceración: lavados interior/exterior y transporte hidráulico de vísceras
agua,5000,5,250,bajo,nivel=bajo,agua_lavado_l_ave,1.5,L/ave,por_ave,agua_utilizada,FUENTE,[FUENTE] [PVDP],"4,25–4,35 L/ave (FTE-09C-01)",Lavado final de carcasas
agua,5000,5,250,bajo,nivel=bajo,agua_lavado_m3_dia,7.5,m³,dia_operativo,agua_utilizada,ESTIMACIÓN,[ESTIMACIÓN],,Lavado final de carcasas
agua,5000,5,250,bajo,nivel=bajo,agua_chiller_l_ave,1.9,L/ave,por_ave,agua_utilizada,FUENTE,[FUENTE] [PVDP],"mín. 0,5 gal = 1,9 L/ave; típico 2,8–5,7 L/ave (FTE-09C-18); 2,12 L/ave (FTE-09C-01)",Chiller: reposición de agua (contracorriente)
agua,5000,5,250,bajo,nivel=bajo,agua_chiller_m3_dia,9.5,m³,dia_operativo,agua_utilizada,ESTIMACIÓN,[ESTIMACIÓN],,Chiller: reposición de agua (contracorriente)
agua,5000,5,250,bajo,nivel=bajo,agua_despiece_l_ave,0.5,L/ave,por_ave,agua_utilizada,FUENTE,[FUENTE] [PVDP],"3,03 L/ave (FTE-09C-01)",Sala de despiece y deshuese
agua,5000,5,250,bajo,nivel=bajo,agua_despiece_m3_dia,2.5,m³,dia_operativo,agua_utilizada,ESTIMACIÓN,[ESTIMACIÓN],,Sala de despiece y deshuese
agua,5000,5,250,bajo,nivel=bajo,agua_limpieza_l_ave,3.0,L/ave,por_ave,agua_utilizada,FUENTE,[FUENTE] [PVDP],"1,5–3 gal = 5,7–11,4 L/ave saneamiento + 0,9–3,8 L equipos (FTE-09C-01)",Limpieza de equipos y salas (fin de turno)
agua,5000,5,250,bajo,nivel=bajo,agua_limpieza_m3_dia,15.0,m³,dia_operativo,agua_utilizada,ESTIMACIÓN,[ESTIMACIÓN],,Limpieza de equipos y salas (fin de turno)
agua,5000,5,250,bajo,nivel=bajo,agua_sanitizacion_l_ave,0.7,L/ave,por_ave,agua_utilizada,SUPUESTO,[SUPUESTO],sin fuente separada,"Sanitización: esterilizadores, lavamanos, pediluvios, enjuagues"
agua,5000,5,250,bajo,nivel=bajo,agua_sanitizacion_m3_dia,3.5,m³,dia_operativo,agua_utilizada,ESTIMACIÓN,[ESTIMACIÓN],,"Sanitización: esterilizadores, lavamanos, pediluvios, enjuagues"
agua,5000,5,250,bajo,nivel=bajo,agua_auxiliares_l_ave,1.0,L/ave,por_ave,agua_utilizada,SUPUESTO,[SUPUESTO],sin fuente separada,"Servicios auxiliares: caldera, condensadores evaporativos, vestuarios, comedor"
agua,5000,5,250,bajo,nivel=bajo,agua_auxiliares_m3_dia,5.0,m³,dia_operativo,agua_utilizada,ESTIMACIÓN,[ESTIMACIÓN],,"Servicios auxiliares: caldera, condensadores evaporativos, vestuarios, comedor"
agua,5000,5,250,bajo,nivel=bajo,agua_utilizada_l_ave,15.0,L/ave,por_ave,agua_utilizada,ESTIMACIÓN,[ESTIMACIÓN] con rangos [PVDP],FTE-09C-01 a 04,consumo industrial; NO incluye agua retenida
agua,5000,5,250,bajo,nivel=bajo,agua_utilizada_m3_dia,75.0,m³,dia_operativo,agua_utilizada,ESTIMACIÓN,[ESTIMACIÓN],,
agua,5000,5,250,bajo,nivel=bajo,agua_utilizada_m3_anio,18750.0,m³,anio,agua_utilizada,ESTIMACIÓN,[ESTIMACIÓN],,
agua,5000,5,250,bajo,nivel=bajo,agua_utilizada_m3_h_medio,6.25,m³/h,hora,agua_utilizada,ESTIMACIÓN,[ESTIMACIÓN],,sobre 12 h (faena + limpieza)
agua,5000,5,250,bajo,nivel=bajo,agua_utilizada_m3_h_pico,9.375,m³/h,hora,agua_utilizada,SUPUESTO,[SUPUESTO] factor de pico,,"dimensiona captación, bombeo y reserva"
agua,5000,5,250,bajo,nivel=bajo,reserva_agua_1_dia_m3,75.0,m³,stock,agua_utilizada,ESTIMACIÓN,[ESTIMACIÓN],,"volumen equivalente a un día de uso (referencia conceptual, no diseño)"
agua,5000,5,250,bajo,nivel=bajo,agua_descargada_m3_dia,60.0,m³,dia_operativo,agua_descargada,SUPUESTO,[ESTIMACIÓN] con fracción [SUPUESTO],,fracción a efluente = 0.80
agua,5000,5,250,bajo,nivel=bajo,agua_descargada_l_ave,12.0,L/ave,por_ave,agua_descargada,ESTIMACIÓN,[ESTIMACIÓN],,
agua,5000,5,250,bajo,nivel=bajo,agua_no_descargada_m3_dia,15.0,m³,dia_operativo,agua_no_descargada,ESTIMACIÓN,[ESTIMACIÓN],,evaporación + retenida + sale con subproductos + pérdidas
agua_retenida,5000,5,250,bajo,,agua_retenida_en_producto_t_dia,0.427632,t,dia_operativo,agua_retenida,ESTIMACIÓN,[ESTIMACIÓN] del balance v1.1,escenarios_escala.csv,sale vendida con el producto; NO es consumo industrial ni efluente
agua_retenida,5000,5,250,bajo,,agua_incorporada_producto_y_subproductos_t_dia,1.063303,t,dia_operativo,agua_retenida,ESTIMACIÓN,[ESTIMACIÓN] del balance v1.1,escenarios_escala.csv,absorbida en chiller + adherida a plumas (incluye goteo posterior)
agua_retenida,5000,5,250,bajo,,agua_retenida_sobre_agua_utilizada_pct,0.570176,%,adimensional,agua,ESTIMACIÓN,[ESTIMACIÓN],,cuánto del agua usada termina dentro del producto
efluente,5000,5,250,bajo,nivel=bajo,carga_DQO_g_ave,50.0,g/ave,por_ave,efluente_crudo,ESTIMACIÓN,[ESTIMACIÓN] con rangos [PVDP],FTE-181; FTE-09C-05,efluente crudo tras retirar sangre y sólidos gruesos
efluente,5000,5,250,bajo,nivel=bajo,carga_DQO_kg_dia,250.0,kg,dia_operativo,efluente_crudo,ESTIMACIÓN,[ESTIMACIÓN],,
efluente,5000,5,250,bajo,nivel=bajo,concentracion_DQO_mg_l,4166.666667,mg/L,adimensional,efluente_crudo,ESTIMACIÓN,[ESTIMACIÓN],,"resultado (carga / caudal), no parámetro"
efluente,5000,5,250,bajo,nivel=bajo,carga_DBO5_g_ave,25.0,g/ave,por_ave,efluente_crudo,ESTIMACIÓN,[ESTIMACIÓN] con rangos [PVDP],"FTE-181; FTE-09C-05 (DBO/DQO ~0,4–0,6)",efluente crudo tras retirar sangre y sólidos gruesos
efluente,5000,5,250,bajo,nivel=bajo,carga_DBO5_kg_dia,125.0,kg,dia_operativo,efluente_crudo,ESTIMACIÓN,[ESTIMACIÓN],,
efluente,5000,5,250,bajo,nivel=bajo,concentracion_DBO5_mg_l,2083.333333,mg/L,adimensional,efluente_crudo,ESTIMACIÓN,[ESTIMACIÓN],,"resultado (carga / caudal), no parámetro"
efluente,5000,5,250,bajo,nivel=bajo,carga_SST_g_ave,15.0,g/ave,por_ave,efluente_crudo,ESTIMACIÓN,[ESTIMACIÓN] con rangos [PVDP],FTE-181; FTE-09C-05,efluente crudo tras retirar sangre y sólidos gruesos
efluente,5000,5,250,bajo,nivel=bajo,carga_SST_kg_dia,75.0,kg,dia_operativo,efluente_crudo,ESTIMACIÓN,[ESTIMACIÓN],,
efluente,5000,5,250,bajo,nivel=bajo,concentracion_SST_mg_l,1250.0,mg/L,adimensional,efluente_crudo,ESTIMACIÓN,[ESTIMACIÓN],,"resultado (carga / caudal), no parámetro"
efluente,5000,5,250,bajo,nivel=bajo,carga_GyA_g_ave,5.0,g/ave,por_ave,efluente_crudo,ESTIMACIÓN,[ESTIMACIÓN] con rangos [PVDP],FTE-09C-06 (~500 mg/L tamizado),efluente crudo tras retirar sangre y sólidos gruesos
efluente,5000,5,250,bajo,nivel=bajo,carga_GyA_kg_dia,25.0,kg,dia_operativo,efluente_crudo,ESTIMACIÓN,[ESTIMACIÓN],,
efluente,5000,5,250,bajo,nivel=bajo,concentracion_GyA_mg_l,416.666667,mg/L,adimensional,efluente_crudo,ESTIMACIÓN,[ESTIMACIÓN],,"resultado (carga / caudal), no parámetro"
efluente,5000,5,250,bajo,nivel=bajo,carga_NTK_g_ave,3.0,g/ave,por_ave,efluente_crudo,ESTIMACIÓN,[ESTIMACIÓN] con rangos [PVDP],FTE-09C-06 (150–296 mg/L),efluente crudo tras retirar sangre y sólidos gruesos
efluente,5000,5,250,bajo,nivel=bajo,carga_NTK_kg_dia,15.0,kg,dia_operativo,efluente_crudo,ESTIMACIÓN,[ESTIMACIÓN],,
efluente,5000,5,250,bajo,nivel=bajo,concentracion_NTK_mg_l,250.0,mg/L,adimensional,efluente_crudo,ESTIMACIÓN,[ESTIMACIÓN],,"resultado (carga / caudal), no parámetro"
efluente,5000,5,250,bajo,nivel=bajo,carga_PT_g_ave,0.3,g/ave,por_ave,efluente_crudo,ESTIMACIÓN,[ESTIMACIÓN] con rangos [PVDP],"FTE-09C-06 (~18,5 mg/L)",efluente crudo tras retirar sangre y sólidos gruesos
efluente,5000,5,250,bajo,nivel=bajo,carga_PT_kg_dia,1.5,kg,dia_operativo,efluente_crudo,ESTIMACIÓN,[ESTIMACIÓN],,
efluente,5000,5,250,bajo,nivel=bajo,concentracion_PT_mg_l,25.0,mg/L,adimensional,efluente_crudo,ESTIMACIÓN,[ESTIMACIÓN],,"resultado (carga / caudal), no parámetro"
efluente,5000,5,250,bajo,,dqo_extra_por_sangre_no_recuperada_g_ave,0.0,g/ave,por_ave,efluente_crudo,ESTIMACIÓN,[ESTIMACIÓN] con DQO de sangre [PVDP],FTE-181,recuperación 0.85 vs referencia 0.85
efluente,5000,5,250,bajo,,dqo_evitada_por_recuperar_sangre_kg_dia,149.660714,kg,dia_operativo,efluente_crudo,ESTIMACIÓN,[ESTIMACIÓN] con DQO de sangre [PVDP],FTE-181,orden de magnitud; no es una reducción medida
efluente,5000,5,250,bajo,nivel=bajo,caudal_efluente_m3_h_pico,7.5,m³/h,hora,agua_descargada,SUPUESTO,[SUPUESTO] factor de pico,,dimensiona ecualización
efluente,5000,5,250,bajo,nivel=bajo,remocion_dqo_requerida_ilustrativa_pct,94.0,%,adimensional,efluente_crudo,ESTIMACIÓN,[ESTIMACIÓN] con límite [PVDP],FTE-09C-08,"límite ilustrativo 250 mg/L (ADA 336/03, pluvial; a confirmar según sitio y cuerpo receptor)"
masa_evitable,5000,5,250,bajo,,sangre_recuperada_t_dia,0.41905,t,dia_operativo,biologica+agua,ESTIMACIÓN,[ESTIMACIÓN] del balance v1.1,escenarios_escala.csv,"sangre recuperada por separado (85 %, SUP-040)"
masa_evitable,5000,5,250,bajo,,plumas_t_dia,1.2064,t,dia_operativo,biologica+agua,ESTIMACIÓN,[ESTIMACIÓN] del balance v1.1,escenarios_escala.csv,plumas húmedas retiradas
masa_evitable,5000,5,250,bajo,,visceras_t_dia,0.6525,t,dia_operativo,biologica+agua,ESTIMACIÓN,[ESTIMACIÓN] del balance v1.1,escenarios_escala.csv,vísceras no comestibles
masa_evitable,5000,5,250,bajo,,cabeza_t_dia,0.3625,t,dia_operativo,biologica+agua,ESTIMACIÓN,[ESTIMACIÓN] del balance v1.1,escenarios_escala.csv,cabezas
masa_evitable,5000,5,250,bajo,,solidos_a_retirar_t_dia,3.041763,t,dia_operativo,biologica+agua,ESTIMACIÓN,[ESTIMACIÓN] del balance v1.1,escenarios_escala.csv,total sólidos a retirar en seco (C + decomisos + contenido GI; NO sumar)
masa_evitable,5000,5,250,bajo,,masa_a_efluente_o_perdida_t_dia,0.539122,t,dia_operativo,biologica+agua,ESTIMACIÓN,[ESTIMACIÓN] del balance v1.1,escenarios_escala.csv,"masa que el balance ya envía a efluente o pérdida (sangre no recuperada, cutícula, goteo, pérdidas)"
lodos,5000,5,250,bajo,nivel=bajo,lodo_daf_kg_ms_dia,83.875,kg,dia_operativo,materia_seca,ESTIMACIÓN,[ESTIMACIÓN] con remociones [PVDP],"FTE-09C-05, FTE-09C-13",sólidos + grasas flotados + químicos
lodos,5000,5,250,bajo,nivel=bajo,lodo_daf_t_humedo_dia,0.559167,t,dia_operativo,lodo_humedo,ESTIMACIÓN,[ESTIMACIÓN] con % sólidos [PVDP],FTE-09C-13,
lodos,5000,5,250,bajo,nivel=bajo,dbo_al_tratamiento_biologico_kg_dia,50.0,kg,dia_operativo,efluente_pretratado,ESTIMACIÓN,[ESTIMACIÓN],,después de DAF
lodos,5000,5,250,bajo,nivel=bajo,lodo_biologico_aerobio_kg_ms_dia,14.25,kg,dia_operativo,materia_seca,SUPUESTO,[ESTIMACIÓN] con rendimiento [SUPUESTO],,si el tratamiento fuera aerobio completo; anaerobio genera mucho menos lodo
lodos,5000,5,250,bajo,nivel=bajo,lodos_deshidratados_t_dia,0.490625,t,dia_operativo,lodo_humedo,SUPUESTO,[ESTIMACIÓN] con [SUPUESTO],,DAF + biológico deshidratados; disposición/valorización a definir
electricidad,5000,5,250,bajo,nivel=bajo,kwh_proceso_dia,2175.0,kWh,dia_operativo,energia_electrica,FUENTE,[ESTIMACIÓN] con indicador [PVDP],"UE 152–860 kWh/t faenada; Brasil 165 kWh/t; 1,19 MJ/kg = 330 kWh/t (FTE-09C-09, FTE-09C-03)","faena, proceso, enfriado fresco, aire, agua, servicios"
electricidad,5000,5,250,bajo,nivel=bajo,kwh_proceso_frio_de_proceso_agua_helada_hielo_dia,761.25,kWh,dia_operativo,energia_electrica,SUPUESTO,[SUPUESTO] reparto ilustrativo,FTE-09C-09 (cualitativo),didáctico; no sumar con kwh_proceso_dia
electricidad,5000,5,250,bajo,nivel=bajo,kwh_proceso_motores_de_linea_y_transportadores_dia,435.0,kWh,dia_operativo,energia_electrica,SUPUESTO,[SUPUESTO] reparto ilustrativo,FTE-09C-09 (cualitativo),didáctico; no sumar con kwh_proceso_dia
electricidad,5000,5,250,bajo,nivel=bajo,kwh_proceso_aire_comprimido_dia,217.5,kWh,dia_operativo,energia_electrica,SUPUESTO,[SUPUESTO] reparto ilustrativo,FTE-09C-09 (cualitativo),didáctico; no sumar con kwh_proceso_dia
electricidad,5000,5,250,bajo,nivel=bajo,kwh_proceso_bombas_agua_y_efluentes_dia,217.5,kWh,dia_operativo,energia_electrica,SUPUESTO,[SUPUESTO] reparto ilustrativo,FTE-09C-09 (cualitativo),didáctico; no sumar con kwh_proceso_dia
electricidad,5000,5,250,bajo,nivel=bajo,kwh_proceso_climatizacion_salas_dia,174.0,kWh,dia_operativo,energia_electrica,SUPUESTO,[SUPUESTO] reparto ilustrativo,FTE-09C-09 (cualitativo),didáctico; no sumar con kwh_proceso_dia
electricidad,5000,5,250,bajo,nivel=bajo,kwh_proceso_iluminacion_dia,152.25,kWh,dia_operativo,energia_electrica,SUPUESTO,[SUPUESTO] reparto ilustrativo,FTE-09C-09 (cualitativo),didáctico; no sumar con kwh_proceso_dia
electricidad,5000,5,250,bajo,nivel=bajo,kwh_proceso_oficinas_vestuarios_servicios_dia,108.75,kWh,dia_operativo,energia_electrica,SUPUESTO,[SUPUESTO] reparto ilustrativo,FTE-09C-09 (cualitativo),didáctico; no sumar con kwh_proceso_dia
electricidad,5000,5,250,bajo,nivel=bajo,kwh_proceso_otros_dia,108.75,kWh,dia_operativo,energia_electrica,SUPUESTO,[SUPUESTO] reparto ilustrativo,FTE-09C-09 (cualitativo),didáctico; no sumar con kwh_proceso_dia
inventario,5000,5,250,bajo,,stock_refrigerado_t,32.352529,t,stock,comercial,ESTIMACIÓN,[ESTIMACIÓN],"SUP-055, SUP-056",base=dias_produccion; días=3; perfil=P1
inventario,5000,5,250,bajo,,stock_congelado_t,16.775385,t,stock,comercial,ESTIMACIÓN,[ESTIMACIÓN],"SUP-055, SUP-056",base=dias_produccion; días=14; incluye exportación
congelado,5000,5,250,bajo,,capacidad_congelacion_t_dia,1.198242,t,dia_operativo,comercial,ESTIMACIÓN,[ESTIMACIÓN],SUP-055,t que hay que congelar cada día de faena (túneles/IQF)
congelado,5000,5,250,bajo,,capacidad_almacenamiento_congelado_t,16.775385,t,stock,comercial,ESTIMACIÓN,[ESTIMACIÓN],,t que hay que guardar (cámaras); NO es capacidad de congelación
congelado,5000,5,250,bajo,nivel=bajo,garras_a_congelar_t_dia_informativo,0.0,t,dia_operativo,comercial,SUPUESTO,[SUPUESTO],,ya incluidas dentro del comestible: NO sumar al perfil
congelado,5000,5,250,bajo,nivel=bajo,menudencias_a_congelar_t_dia_informativo,0.0,t,dia_operativo,comercial,SUPUESTO,[SUPUESTO],,ya incluidas dentro del comestible: NO sumar al perfil
congelado,5000,5,250,bajo,nivel=bajo,calor_a_extraer_congelacion_kj_kg,355.332,kJ/kg,adimensional,producto,ESTIMACIÓN,[ESTIMACIÓN] con propiedades [PVDP],FTE-09C-14,"de +4 °C a −18 °C, con pérdidas"
frio,5000,5,250,bajo,nivel=bajo,kw_frigorificos_enfriado_producto_fresco,91.230327,kW frigoríficos,potencia,frio,ESTIMACIÓN,[ESTIMACIÓN] con [SUPUESTO],,chiller + menudencias + salas/docks; durante 8 h netas
frio,5000,5,250,bajo,nivel=bajo,tr_enfriado_producto_fresco,25.939814,TR,potencia,frio,ESTIMACIÓN,[ESTIMACIÓN],,"1 TR = 3,517 kW frigoríficos"
frio,5000,5,250,bajo,nivel=bajo,kw_electricos_enfriado_producto_fresco,22.807582,kW eléctricos,potencia,energia_electrica,SUPUESTO,[ESTIMACIÓN] con COP [SUPUESTO],,kW eléctricos = kW frigoríficos / COP
frio,5000,5,250,bajo,nivel=bajo,kw_frigorificos_congelacion_tuneles,5.913523,kW frigoríficos,potencia,frio,ESTIMACIÓN,[ESTIMACIÓN] con [SUPUESTO],,durante 20 h/día
frio,5000,5,250,bajo,nivel=bajo,tr_congelacion_tuneles,1.681411,TR,potencia,frio,ESTIMACIÓN,[ESTIMACIÓN],,"1 TR = 3,517 kW frigoríficos"
frio,5000,5,250,bajo,nivel=bajo,kw_electricos_congelacion_tuneles,3.285291,kW eléctricos,potencia,energia_electrica,SUPUESTO,[ESTIMACIÓN] con COP [SUPUESTO],,kW eléctricos = kW frigoríficos / COP
frio,5000,5,250,bajo,nivel=bajo,kw_frigorificos_camaras_almacenamiento,4.583275,kW frigoríficos,potencia,frio,ESTIMACIÓN,[ESTIMACIÓN] con [SUPUESTO],,"24 h, 365 días; desde kWh/(t·día)"
frio,5000,5,250,bajo,nivel=bajo,tr_camaras_almacenamiento,1.303177,TR,potencia,frio,ESTIMACIÓN,[ESTIMACIÓN],,"1 TR = 3,517 kW frigoríficos"
frio,5000,5,250,bajo,nivel=bajo,kw_electricos_camaras_almacenamiento,1.722473,kW eléctricos,potencia,energia_electrica,SUPUESTO,[ESTIMACIÓN] con COP [SUPUESTO],,kW eléctricos = kW frigoríficos / COP
frio,5000,5,250,bajo,nivel=bajo,kj_frio_enfriado_por_ave,525.486686,kJ/ave,por_ave,frio,ESTIMACIÓN,[ESTIMACIÓN] con [SUPUESTO],FTE-09C-14,
electricidad,5000,5,250,bajo,nivel=bajo,kwh_congelacion_dia,143.789016,kWh,dia_operativo,energia_electrica,FUENTE,[ESTIMACIÓN] con indicador [PVDP],120–260 kWh/t de ave congelada; 133 kWh/t (FTE-09C-10),
electricidad,5000,5,250,bajo,nivel=bajo,kwh_almacenamiento_frio_dia_calendario,41.339342,kWh,dia_calendario,energia_electrica,SUPUESTO,[ESTIMACIÓN] con [SUPUESTO],,las cámaras funcionan también sin faena
electricidad,5000,5,250,bajo,nivel=bajo,kwh_tratamiento_aerobio_dia,33.25,kWh,dia_operativo,energia_electrica,SUPUESTO,[ESTIMACIÓN] con [SUPUESTO],,cota: si todo el biológico fuera aerobio
electricidad,5000,5,250,bajo,nivel=bajo,kwh_total_dia_operativo,2393.378358,kWh,dia_operativo,energia_electrica,ESTIMACIÓN,[ESTIMACIÓN],,proceso + congelado + aerobio + cámaras
electricidad,5000,5,250,bajo,nivel=bajo,kwh_total_anio,603098.613867,kWh,anio,energia_electrica,ESTIMACIÓN,[ESTIMACIÓN],,cámaras × 365 días; resto × días de faena
electricidad,5000,5,250,bajo,nivel=bajo,kwh_por_ave_promedio_anual,0.482479,kWh/ave,por_ave,energia_electrica,ESTIMACIÓN,[ESTIMACIÓN],,
electricidad,5000,5,250,bajo,nivel=bajo,kw_potencia_media_operacion,165.654483,kW,potencia,energia_electrica,ESTIMACIÓN,[ESTIMACIÓN],,proceso sobre 14 h + túneles + cámaras + efluentes
electricidad,5000,5,250,bajo,nivel=bajo,kw_potencia_pico_estimada,212.261626,kW,potencia,energia_electrica,SUPUESTO,[ESTIMACIÓN] con factor de pico [SUPUESTO],,orden de magnitud para pedir potencia; no es diseño
termico,5000,5,250,bajo,nivel=bajo,calor_util_escaldado_mj_dia,1017.198,MJ,dia_operativo,energia_termica,ESTIMACIÓN,[ESTIMACIÓN] con temperaturas [PVDP]/[SUPUESTO],FTE-09C-11,
termico,5000,5,250,bajo,nivel=bajo,kw_termicos_escaldado,35.319375,kW térmicos,potencia,energia_termica,ESTIMACIÓN,[ESTIMACIÓN],,durante 8 h
termico,5000,5,250,bajo,nivel=bajo,calor_util_limpieza_mj_dia,1004.64,MJ,dia_operativo,energia_termica,ESTIMACIÓN,[ESTIMACIÓN] con temperaturas [PVDP]/[SUPUESTO],FTE-09C-11,
termico,5000,5,250,bajo,nivel=bajo,kw_termicos_limpieza,69.766667,kW térmicos,potencia,energia_termica,ESTIMACIÓN,[ESTIMACIÓN],,durante 4 h
termico,5000,5,250,bajo,nivel=bajo,calor_util_sanitizacion_mj_dia,281.2992,MJ,dia_operativo,energia_termica,ESTIMACIÓN,[ESTIMACIÓN] con temperaturas [PVDP]/[SUPUESTO],FTE-09C-11,
termico,5000,5,250,bajo,nivel=bajo,kw_termicos_sanitizacion,6.511556,kW térmicos,potencia,energia_termica,ESTIMACIÓN,[ESTIMACIÓN],,durante 12 h
termico,5000,5,250,bajo,nivel=bajo,calor_util_mj_ave,0.460627,MJ/ave,por_ave,energia_termica,ESTIMACIÓN,[ESTIMACIÓN],,
termico,5000,5,250,bajo,nivel=bajo,energia_combustible_mj_dia,2709.573176,MJ,dia_operativo,energia_termica,ESTIMACIÓN,[ESTIMACIÓN] con rendimiento [SUPUESTO],,
termico,5000,5,250,bajo,nivel=bajo,energia_combustible_kwh_dia,752.659216,kWh,dia_operativo,energia_termica,ESTIMACIÓN,[ESTIMACIÓN],,kWh TÉRMICOS (no eléctricos)
termico,5000,5,250,bajo,nivel=bajo,equivalente_gas_natural_m3_dia,69.654837,m3,dia_operativo,energia_termica,SUPUESTO,[ESTIMACIÓN] con PCI [SUPUESTO],~9.300 kcal/m³ (a verificar con distribuidora),"equivalencia, no elección"
termico,5000,5,250,bajo,nivel=bajo,equivalente_glp_kg_dia,58.903765,kg,dia_operativo,energia_termica,SUPUESTO,[ESTIMACIÓN] con PCI [SUPUESTO],~11.000 kcal/kg,"equivalencia, no elección"
termico,5000,5,250,bajo,nivel=bajo,equivalente_biomasa_chip_kg_dia,193.540941,kg,dia_operativo,energia_termica,SUPUESTO,[ESTIMACIÓN] con PCI [SUPUESTO],chip de madera ~20–25 % humedad; muy variable,"equivalencia, no elección"
termico,5000,5,250,bajo,nivel=bajo,equivalente_electricidad_resistiva_kwh_dia,652.816667,kWh,dia_operativo,energia_termica,SUPUESTO,[ESTIMACIÓN],,rendimiento 98 %; bomba de calor dividiría por su COP (limitada a ~60–70 °C)
respaldo,5000,5,250,bajo,nivel=bajo,kw_critico_camaras_frio,2.239214,kW,potencia,energia_electrica,SUPUESTO,[ESTIMACIÓN] con [SUPUESTO],,
respaldo,5000,5,250,bajo,nivel=bajo,kw_critico_efluentes_minimo,0.692708,kW,potencia,energia_electrica,SUPUESTO,[ESTIMACIÓN] con [SUPUESTO],,
respaldo,5000,5,250,bajo,nivel=bajo,kw_critico_control_it_seguridad,4.039286,kW,potencia,energia_electrica,SUPUESTO,[ESTIMACIÓN] con [SUPUESTO],,
respaldo,5000,5,250,bajo,nivel=bajo,kw_critico_iluminacion_emergencia,2.019643,kW,potencia,energia_electrica,SUPUESTO,[ESTIMACIÓN] con [SUPUESTO],,
respaldo,5000,5,250,bajo,nivel=bajo,kw_critico_bombeo_agua_minimo,6.058929,kW,potencia,energia_electrica,SUPUESTO,[ESTIMACIÓN] con [SUPUESTO],,
respaldo,5000,5,250,bajo,nivel=bajo,kw_critico_anden_aves_ventilacion,4.039286,kW,potencia,energia_electrica,SUPUESTO,[ESTIMACIÓN] con [SUPUESTO],,
respaldo,5000,5,250,bajo,nivel=bajo,kw_respaldo_cargas_criticas,19.089066,kW,potencia,energia_electrica,SUPUESTO,[ESTIMACIÓN] con [SUPUESTO],,cámaras + control + emergencia + efluentes + agua + andén
respaldo,5000,5,250,bajo,nivel=bajo,kva_respaldo_cargas_criticas,23.861332,kVA,potencia,energia_electrica,SUPUESTO,[ESTIMACIÓN],,"fp 0,8"
respaldo,5000,5,250,bajo,nivel=bajo,kva_respaldo_planta_completa,265.327032,kVA,potencia,energia_electrica,SUPUESTO,[ESTIMACIÓN],,si se quisiera sostener también la línea
perfil_frio,5000,5,250,bajo,perfil=P2,capacidad_congelacion_t_dia,4.792967,t,dia_operativo,comercial,ESTIMACIÓN,[ESTIMACIÓN],SUP-055,t que hay que congelar cada día de faena (túneles/IQF)
perfil_frio,5000,5,250,bajo,perfil=P2,capacidad_almacenamiento_congelado_t,67.101541,t,stock,comercial,ESTIMACIÓN,[ESTIMACIÓN],,t que hay que guardar (cámaras); NO es capacidad de congelación
perfil_frio,5000,5,250,bajo,perfil=P2,stock_refrigerado_t,21.568352,t,stock,comercial,ESTIMACIÓN,[ESTIMACIÓN],"SUP-055, SUP-056",base=dias_produccion; días=3; perfil=P2
perfil_frio,5000,5,250,bajo,perfil=P2,kw_frigorificos_congelacion_tuneles,23.654092,kW frigoríficos,potencia,frio,ESTIMACIÓN,[ESTIMACIÓN] con [SUPUESTO],,durante 20 h/día
perfil_frio,5000,5,250,bajo,perfil=P2,kw_electricos_congelacion_tuneles,13.141162,kW eléctricos,potencia,energia_electrica,SUPUESTO,[ESTIMACIÓN] con COP [SUPUESTO],,kW eléctricos = kW frigoríficos / COP
perfil_frio,5000,5,250,bajo,perfil=P2,kw_frigorificos_camaras_almacenamiento,9.346286,kW frigoríficos,potencia,frio,ESTIMACIÓN,[ESTIMACIÓN] con [SUPUESTO],,"24 h, 365 días; desde kWh/(t·día)"
perfil_frio,5000,5,250,bajo,perfil=P2,kwh_congelacion_dia,575.156064,kWh,dia_operativo,energia_electrica,FUENTE,[ESTIMACIÓN] con indicador [PVDP],120–260 kWh/t de ave congelada; 133 kWh/t (FTE-09C-10),
perfil_frio,5000,5,250,bajo,perfil=P2,kwh_almacenamiento_frio_dia_calendario,111.436487,kWh,dia_calendario,energia_electrica,SUPUESTO,[ESTIMACIÓN] con [SUPUESTO],,las cámaras funcionan también sin faena
perfil_frio,5000,5,250,bajo,perfil=P2,kw_respaldo_cargas_criticas,22.885994,kW,potencia,energia_electrica,SUPUESTO,[ESTIMACIÓN] con [SUPUESTO],,cámaras + control + emergencia + efluentes + agua + andén
perfil_frio,5000,5,250,bajo,perfil=P3,capacidad_congelacion_t_dia,5.991209,t,dia_operativo,comercial,ESTIMACIÓN,[ESTIMACIÓN],SUP-055,t que hay que congelar cada día de faena (túneles/IQF)
perfil_frio,5000,5,250,bajo,perfil=P3,capacidad_almacenamiento_congelado_t,83.876926,t,stock,comercial,ESTIMACIÓN,[ESTIMACIÓN],,t que hay que guardar (cámaras); NO es capacidad de congelación
perfil_frio,5000,5,250,bajo,perfil=P3,stock_refrigerado_t,17.973627,t,stock,comercial,ESTIMACIÓN,[ESTIMACIÓN],"SUP-055, SUP-056",base=dias_produccion; días=3; perfil=P3
perfil_frio,5000,5,250,bajo,perfil=P3,kw_frigorificos_congelacion_tuneles,29.567615,kW frigoríficos,potencia,frio,ESTIMACIÓN,[ESTIMACIÓN] con [SUPUESTO],,durante 20 h/día
perfil_frio,5000,5,250,bajo,perfil=P3,kw_electricos_congelacion_tuneles,16.426453,kW eléctricos,potencia,energia_electrica,SUPUESTO,[ESTIMACIÓN] con COP [SUPUESTO],,kW eléctricos = kW frigoríficos / COP
perfil_frio,5000,5,250,bajo,perfil=P3,kw_frigorificos_camaras_almacenamiento,10.933956,kW frigoríficos,potencia,frio,ESTIMACIÓN,[ESTIMACIÓN] con [SUPUESTO],,"24 h, 365 días; desde kWh/(t·día)"
perfil_frio,5000,5,250,bajo,perfil=P3,kwh_congelacion_dia,718.94508,kWh,dia_operativo,energia_electrica,FUENTE,[ESTIMACIÓN] con indicador [PVDP],120–260 kWh/t de ave congelada; 133 kWh/t (FTE-09C-10),
perfil_frio,5000,5,250,bajo,perfil=P3,kwh_almacenamiento_frio_dia_calendario,134.802202,kWh,dia_calendario,energia_electrica,SUPUESTO,[ESTIMACIÓN] con [SUPUESTO],,las cámaras funcionan también sin faena
perfil_frio,5000,5,250,bajo,perfil=P3,kw_respaldo_cargas_criticas,24.151637,kW,potencia,energia_electrica,SUPUESTO,[ESTIMACIÓN] con [SUPUESTO],,cámaras + control + emergencia + efluentes + agua + andén
entrada,5000,5,250,medio,,aves_faenadas_dia_operativo,5000.0,aves,dia_operativo,aves,SUPUESTO,[SUPUESTO],SUP-052,escala = capacidad operativa
entrada,5000,5,250,medio,,t_vivas_dia_operativo,14.5,t,dia_operativo,vivo,ESTIMACIÓN,[ESTIMACIÓN],escenarios_escala.csv,
agua,5000,5,250,medio,nivel=medio,agua_recepcion_l_ave,1.0,L/ave,por_ave,agua_utilizada,SUPUESTO,[SUPUESTO],sin fuente por ave; DPV propuesto,"Recepción: lavado de jaulas/módulos, camiones y andén"
agua,5000,5,250,medio,nivel=medio,agua_recepcion_m3_dia,5.0,m³,dia_operativo,agua_utilizada,ESTIMACIÓN,[ESTIMACIÓN],,"Recepción: lavado de jaulas/módulos, camiones y andén"
agua,5000,5,250,medio,nivel=medio,agua_escaldado_l_ave,1.2,L/ave,por_ave,agua_utilizada,FUENTE,[FUENTE] [PVDP],"mín. ~1 cuarto de galón (0,95 L)/ave (FTE-09C-11, FTE-09C-18)","Escaldado: llenado, reposición y desborde"
agua,5000,5,250,medio,nivel=medio,agua_escaldado_m3_dia,6.0,m³,dia_operativo,agua_utilizada,ESTIMACIÓN,[ESTIMACIÓN],,"Escaldado: llenado, reposición y desborde"
agua,5000,5,250,medio,nivel=medio,agua_desplumado_l_ave,2.0,L/ave,por_ave,agua_utilizada,SUPUESTO,[SUPUESTO],incluido en totales de FTE-09C-01/02,Desplumado: duchas y transporte de plumas
agua,5000,5,250,medio,nivel=medio,agua_desplumado_m3_dia,10.0,m³,dia_operativo,agua_utilizada,ESTIMACIÓN,[ESTIMACIÓN],,Desplumado: duchas y transporte de plumas
agua,5000,5,250,medio,nivel=medio,agua_evisceracion_l_ave,6.0,L/ave,por_ave,agua_utilizada,FUENTE,[FUENTE] [PVDP],"7,57 L/ave (FTE-09C-01)",Evisceración: lavados interior/exterior y transporte hidráulico de vísceras
agua,5000,5,250,medio,nivel=medio,agua_evisceracion_m3_dia,30.0,m³,dia_operativo,agua_utilizada,ESTIMACIÓN,[ESTIMACIÓN],,Evisceración: lavados interior/exterior y transporte hidráulico de vísceras
agua,5000,5,250,medio,nivel=medio,agua_lavado_l_ave,3.0,L/ave,por_ave,agua_utilizada,FUENTE,[FUENTE] [PVDP],"4,25–4,35 L/ave (FTE-09C-01)",Lavado final de carcasas
agua,5000,5,250,medio,nivel=medio,agua_lavado_m3_dia,15.0,m³,dia_operativo,agua_utilizada,ESTIMACIÓN,[ESTIMACIÓN],,Lavado final de carcasas
agua,5000,5,250,medio,nivel=medio,agua_chiller_l_ave,2.8,L/ave,por_ave,agua_utilizada,FUENTE,[FUENTE] [PVDP],"mín. 0,5 gal = 1,9 L/ave; típico 2,8–5,7 L/ave (FTE-09C-18); 2,12 L/ave (FTE-09C-01)",Chiller: reposición de agua (contracorriente)
agua,5000,5,250,medio,nivel=medio,agua_chiller_m3_dia,14.0,m³,dia_operativo,agua_utilizada,ESTIMACIÓN,[ESTIMACIÓN],,Chiller: reposición de agua (contracorriente)
agua,5000,5,250,medio,nivel=medio,agua_despiece_l_ave,1.0,L/ave,por_ave,agua_utilizada,FUENTE,[FUENTE] [PVDP],"3,03 L/ave (FTE-09C-01)",Sala de despiece y deshuese
agua,5000,5,250,medio,nivel=medio,agua_despiece_m3_dia,5.0,m³,dia_operativo,agua_utilizada,ESTIMACIÓN,[ESTIMACIÓN],,Sala de despiece y deshuese
agua,5000,5,250,medio,nivel=medio,agua_limpieza_l_ave,5.0,L/ave,por_ave,agua_utilizada,FUENTE,[FUENTE] [PVDP],"1,5–3 gal = 5,7–11,4 L/ave saneamiento + 0,9–3,8 L equipos (FTE-09C-01)",Limpieza de equipos y salas (fin de turno)
agua,5000,5,250,medio,nivel=medio,agua_limpieza_m3_dia,25.0,m³,dia_operativo,agua_utilizada,ESTIMACIÓN,[ESTIMACIÓN],,Limpieza de equipos y salas (fin de turno)
agua,5000,5,250,medio,nivel=medio,agua_sanitizacion_l_ave,1.0,L/ave,por_ave,agua_utilizada,SUPUESTO,[SUPUESTO],sin fuente separada,"Sanitización: esterilizadores, lavamanos, pediluvios, enjuagues"
agua,5000,5,250,medio,nivel=medio,agua_sanitizacion_m3_dia,5.0,m³,dia_operativo,agua_utilizada,ESTIMACIÓN,[ESTIMACIÓN],,"Sanitización: esterilizadores, lavamanos, pediluvios, enjuagues"
agua,5000,5,250,medio,nivel=medio,agua_auxiliares_l_ave,2.0,L/ave,por_ave,agua_utilizada,SUPUESTO,[SUPUESTO],sin fuente separada,"Servicios auxiliares: caldera, condensadores evaporativos, vestuarios, comedor"
agua,5000,5,250,medio,nivel=medio,agua_auxiliares_m3_dia,10.0,m³,dia_operativo,agua_utilizada,ESTIMACIÓN,[ESTIMACIÓN],,"Servicios auxiliares: caldera, condensadores evaporativos, vestuarios, comedor"
agua,5000,5,250,medio,nivel=medio,agua_utilizada_l_ave,25.0,L/ave,por_ave,agua_utilizada,ESTIMACIÓN,[ESTIMACIÓN] con rangos [PVDP],FTE-09C-01 a 04,consumo industrial; NO incluye agua retenida
agua,5000,5,250,medio,nivel=medio,agua_utilizada_m3_dia,125.0,m³,dia_operativo,agua_utilizada,ESTIMACIÓN,[ESTIMACIÓN],,
agua,5000,5,250,medio,nivel=medio,agua_utilizada_m3_anio,31250.0,m³,anio,agua_utilizada,ESTIMACIÓN,[ESTIMACIÓN],,
agua,5000,5,250,medio,nivel=medio,agua_utilizada_m3_h_medio,10.416667,m³/h,hora,agua_utilizada,ESTIMACIÓN,[ESTIMACIÓN],,sobre 12 h (faena + limpieza)
agua,5000,5,250,medio,nivel=medio,agua_utilizada_m3_h_pico,18.75,m³/h,hora,agua_utilizada,SUPUESTO,[SUPUESTO] factor de pico,,"dimensiona captación, bombeo y reserva"
agua,5000,5,250,medio,nivel=medio,reserva_agua_1_dia_m3,125.0,m³,stock,agua_utilizada,ESTIMACIÓN,[ESTIMACIÓN],,"volumen equivalente a un día de uso (referencia conceptual, no diseño)"
agua,5000,5,250,medio,nivel=medio,agua_descargada_m3_dia,110.0,m³,dia_operativo,agua_descargada,SUPUESTO,[ESTIMACIÓN] con fracción [SUPUESTO],,fracción a efluente = 0.88
agua,5000,5,250,medio,nivel=medio,agua_descargada_l_ave,22.0,L/ave,por_ave,agua_descargada,ESTIMACIÓN,[ESTIMACIÓN],,
agua,5000,5,250,medio,nivel=medio,agua_no_descargada_m3_dia,15.0,m³,dia_operativo,agua_no_descargada,ESTIMACIÓN,[ESTIMACIÓN],,evaporación + retenida + sale con subproductos + pérdidas
agua_retenida,5000,5,250,medio,,agua_retenida_en_producto_t_dia,0.427632,t,dia_operativo,agua_retenida,ESTIMACIÓN,[ESTIMACIÓN] del balance v1.1,escenarios_escala.csv,sale vendida con el producto; NO es consumo industrial ni efluente
agua_retenida,5000,5,250,medio,,agua_incorporada_producto_y_subproductos_t_dia,1.063303,t,dia_operativo,agua_retenida,ESTIMACIÓN,[ESTIMACIÓN] del balance v1.1,escenarios_escala.csv,absorbida en chiller + adherida a plumas (incluye goteo posterior)
agua_retenida,5000,5,250,medio,,agua_retenida_sobre_agua_utilizada_pct,0.342106,%,adimensional,agua,ESTIMACIÓN,[ESTIMACIÓN],,cuánto del agua usada termina dentro del producto
efluente,5000,5,250,medio,nivel=medio,carga_DQO_g_ave,100.0,g/ave,por_ave,efluente_crudo,ESTIMACIÓN,[ESTIMACIÓN] con rangos [PVDP],FTE-181; FTE-09C-05,efluente crudo tras retirar sangre y sólidos gruesos
efluente,5000,5,250,medio,nivel=medio,carga_DQO_kg_dia,500.0,kg,dia_operativo,efluente_crudo,ESTIMACIÓN,[ESTIMACIÓN],,
efluente,5000,5,250,medio,nivel=medio,concentracion_DQO_mg_l,4545.454545,mg/L,adimensional,efluente_crudo,ESTIMACIÓN,[ESTIMACIÓN],,"resultado (carga / caudal), no parámetro"
efluente,5000,5,250,medio,nivel=medio,carga_DBO5_g_ave,50.0,g/ave,por_ave,efluente_crudo,ESTIMACIÓN,[ESTIMACIÓN] con rangos [PVDP],"FTE-181; FTE-09C-05 (DBO/DQO ~0,4–0,6)",efluente crudo tras retirar sangre y sólidos gruesos
efluente,5000,5,250,medio,nivel=medio,carga_DBO5_kg_dia,250.0,kg,dia_operativo,efluente_crudo,ESTIMACIÓN,[ESTIMACIÓN],,
efluente,5000,5,250,medio,nivel=medio,concentracion_DBO5_mg_l,2272.727273,mg/L,adimensional,efluente_crudo,ESTIMACIÓN,[ESTIMACIÓN],,"resultado (carga / caudal), no parámetro"
efluente,5000,5,250,medio,nivel=medio,carga_SST_g_ave,35.0,g/ave,por_ave,efluente_crudo,ESTIMACIÓN,[ESTIMACIÓN] con rangos [PVDP],FTE-181; FTE-09C-05,efluente crudo tras retirar sangre y sólidos gruesos
efluente,5000,5,250,medio,nivel=medio,carga_SST_kg_dia,175.0,kg,dia_operativo,efluente_crudo,ESTIMACIÓN,[ESTIMACIÓN],,
efluente,5000,5,250,medio,nivel=medio,concentracion_SST_mg_l,1590.909091,mg/L,adimensional,efluente_crudo,ESTIMACIÓN,[ESTIMACIÓN],,"resultado (carga / caudal), no parámetro"
efluente,5000,5,250,medio,nivel=medio,carga_GyA_g_ave,11.0,g/ave,por_ave,efluente_crudo,ESTIMACIÓN,[ESTIMACIÓN] con rangos [PVDP],FTE-09C-06 (~500 mg/L tamizado),efluente crudo tras retirar sangre y sólidos gruesos
efluente,5000,5,250,medio,nivel=medio,carga_GyA_kg_dia,55.0,kg,dia_operativo,efluente_crudo,ESTIMACIÓN,[ESTIMACIÓN],,
efluente,5000,5,250,medio,nivel=medio,concentracion_GyA_mg_l,500.0,mg/L,adimensional,efluente_crudo,ESTIMACIÓN,[ESTIMACIÓN],,"resultado (carga / caudal), no parámetro"
efluente,5000,5,250,medio,nivel=medio,carga_NTK_g_ave,5.0,g/ave,por_ave,efluente_crudo,ESTIMACIÓN,[ESTIMACIÓN] con rangos [PVDP],FTE-09C-06 (150–296 mg/L),efluente crudo tras retirar sangre y sólidos gruesos
efluente,5000,5,250,medio,nivel=medio,carga_NTK_kg_dia,25.0,kg,dia_operativo,efluente_crudo,ESTIMACIÓN,[ESTIMACIÓN],,
efluente,5000,5,250,medio,nivel=medio,concentracion_NTK_mg_l,227.272727,mg/L,adimensional,efluente_crudo,ESTIMACIÓN,[ESTIMACIÓN],,"resultado (carga / caudal), no parámetro"
efluente,5000,5,250,medio,nivel=medio,carga_PT_g_ave,0.5,g/ave,por_ave,efluente_crudo,ESTIMACIÓN,[ESTIMACIÓN] con rangos [PVDP],"FTE-09C-06 (~18,5 mg/L)",efluente crudo tras retirar sangre y sólidos gruesos
efluente,5000,5,250,medio,nivel=medio,carga_PT_kg_dia,2.5,kg,dia_operativo,efluente_crudo,ESTIMACIÓN,[ESTIMACIÓN],,
efluente,5000,5,250,medio,nivel=medio,concentracion_PT_mg_l,22.727273,mg/L,adimensional,efluente_crudo,ESTIMACIÓN,[ESTIMACIÓN],,"resultado (carga / caudal), no parámetro"
efluente,5000,5,250,medio,,dqo_extra_por_sangre_no_recuperada_g_ave,0.0,g/ave,por_ave,efluente_crudo,ESTIMACIÓN,[ESTIMACIÓN] con DQO de sangre [PVDP],FTE-181,recuperación 0.85 vs referencia 0.85
efluente,5000,5,250,medio,,dqo_evitada_por_recuperar_sangre_kg_dia,149.660714,kg,dia_operativo,efluente_crudo,ESTIMACIÓN,[ESTIMACIÓN] con DQO de sangre [PVDP],FTE-181,orden de magnitud; no es una reducción medida
efluente,5000,5,250,medio,nivel=medio,caudal_efluente_m3_h_pico,16.5,m³/h,hora,agua_descargada,SUPUESTO,[SUPUESTO] factor de pico,,dimensiona ecualización
efluente,5000,5,250,medio,nivel=medio,remocion_dqo_requerida_ilustrativa_pct,94.5,%,adimensional,efluente_crudo,ESTIMACIÓN,[ESTIMACIÓN] con límite [PVDP],FTE-09C-08,"límite ilustrativo 250 mg/L (ADA 336/03, pluvial; a confirmar según sitio y cuerpo receptor)"
masa_evitable,5000,5,250,medio,,sangre_recuperada_t_dia,0.41905,t,dia_operativo,biologica+agua,ESTIMACIÓN,[ESTIMACIÓN] del balance v1.1,escenarios_escala.csv,"sangre recuperada por separado (85 %, SUP-040)"
masa_evitable,5000,5,250,medio,,plumas_t_dia,1.2064,t,dia_operativo,biologica+agua,ESTIMACIÓN,[ESTIMACIÓN] del balance v1.1,escenarios_escala.csv,plumas húmedas retiradas
masa_evitable,5000,5,250,medio,,visceras_t_dia,0.6525,t,dia_operativo,biologica+agua,ESTIMACIÓN,[ESTIMACIÓN] del balance v1.1,escenarios_escala.csv,vísceras no comestibles
masa_evitable,5000,5,250,medio,,cabeza_t_dia,0.3625,t,dia_operativo,biologica+agua,ESTIMACIÓN,[ESTIMACIÓN] del balance v1.1,escenarios_escala.csv,cabezas
masa_evitable,5000,5,250,medio,,solidos_a_retirar_t_dia,3.041763,t,dia_operativo,biologica+agua,ESTIMACIÓN,[ESTIMACIÓN] del balance v1.1,escenarios_escala.csv,total sólidos a retirar en seco (C + decomisos + contenido GI; NO sumar)
masa_evitable,5000,5,250,medio,,masa_a_efluente_o_perdida_t_dia,0.539122,t,dia_operativo,biologica+agua,ESTIMACIÓN,[ESTIMACIÓN] del balance v1.1,escenarios_escala.csv,"masa que el balance ya envía a efluente o pérdida (sangre no recuperada, cutícula, goteo, pérdidas)"
lodos,5000,5,250,medio,nivel=medio,lodo_daf_kg_ms_dia,159.275,kg,dia_operativo,materia_seca,ESTIMACIÓN,[ESTIMACIÓN] con remociones [PVDP],"FTE-09C-05, FTE-09C-13",sólidos + grasas flotados + químicos
lodos,5000,5,250,medio,nivel=medio,lodo_daf_t_humedo_dia,1.327292,t,dia_operativo,lodo_humedo,ESTIMACIÓN,[ESTIMACIÓN] con % sólidos [PVDP],FTE-09C-13,
lodos,5000,5,250,medio,nivel=medio,dbo_al_tratamiento_biologico_kg_dia,137.5,kg,dia_operativo,efluente_pretratado,ESTIMACIÓN,[ESTIMACIÓN],,después de DAF
lodos,5000,5,250,medio,nivel=medio,lodo_biologico_aerobio_kg_ms_dia,52.25,kg,dia_operativo,materia_seca,SUPUESTO,[ESTIMACIÓN] con rendimiento [SUPUESTO],,si el tratamiento fuera aerobio completo; anaerobio genera mucho menos lodo
lodos,5000,5,250,medio,nivel=medio,lodos_deshidratados_t_dia,1.175139,t,dia_operativo,lodo_humedo,SUPUESTO,[ESTIMACIÓN] con [SUPUESTO],,DAF + biológico deshidratados; disposición/valorización a definir
electricidad,5000,5,250,medio,nivel=medio,kwh_proceso_dia,3625.0,kWh,dia_operativo,energia_electrica,FUENTE,[ESTIMACIÓN] con indicador [PVDP],"UE 152–860 kWh/t faenada; Brasil 165 kWh/t; 1,19 MJ/kg = 330 kWh/t (FTE-09C-09, FTE-09C-03)","faena, proceso, enfriado fresco, aire, agua, servicios"
electricidad,5000,5,250,medio,nivel=medio,kwh_proceso_frio_de_proceso_agua_helada_hielo_dia,1268.75,kWh,dia_operativo,energia_electrica,SUPUESTO,[SUPUESTO] reparto ilustrativo,FTE-09C-09 (cualitativo),didáctico; no sumar con kwh_proceso_dia
electricidad,5000,5,250,medio,nivel=medio,kwh_proceso_motores_de_linea_y_transportadores_dia,725.0,kWh,dia_operativo,energia_electrica,SUPUESTO,[SUPUESTO] reparto ilustrativo,FTE-09C-09 (cualitativo),didáctico; no sumar con kwh_proceso_dia
electricidad,5000,5,250,medio,nivel=medio,kwh_proceso_aire_comprimido_dia,362.5,kWh,dia_operativo,energia_electrica,SUPUESTO,[SUPUESTO] reparto ilustrativo,FTE-09C-09 (cualitativo),didáctico; no sumar con kwh_proceso_dia
electricidad,5000,5,250,medio,nivel=medio,kwh_proceso_bombas_agua_y_efluentes_dia,362.5,kWh,dia_operativo,energia_electrica,SUPUESTO,[SUPUESTO] reparto ilustrativo,FTE-09C-09 (cualitativo),didáctico; no sumar con kwh_proceso_dia
electricidad,5000,5,250,medio,nivel=medio,kwh_proceso_climatizacion_salas_dia,290.0,kWh,dia_operativo,energia_electrica,SUPUESTO,[SUPUESTO] reparto ilustrativo,FTE-09C-09 (cualitativo),didáctico; no sumar con kwh_proceso_dia
electricidad,5000,5,250,medio,nivel=medio,kwh_proceso_iluminacion_dia,253.75,kWh,dia_operativo,energia_electrica,SUPUESTO,[SUPUESTO] reparto ilustrativo,FTE-09C-09 (cualitativo),didáctico; no sumar con kwh_proceso_dia
electricidad,5000,5,250,medio,nivel=medio,kwh_proceso_oficinas_vestuarios_servicios_dia,181.25,kWh,dia_operativo,energia_electrica,SUPUESTO,[SUPUESTO] reparto ilustrativo,FTE-09C-09 (cualitativo),didáctico; no sumar con kwh_proceso_dia
electricidad,5000,5,250,medio,nivel=medio,kwh_proceso_otros_dia,181.25,kWh,dia_operativo,energia_electrica,SUPUESTO,[SUPUESTO] reparto ilustrativo,FTE-09C-09 (cualitativo),didáctico; no sumar con kwh_proceso_dia
inventario,5000,5,250,medio,,stock_refrigerado_t,32.352529,t,stock,comercial,ESTIMACIÓN,[ESTIMACIÓN],"SUP-055, SUP-056",base=dias_produccion; días=3; perfil=P1
inventario,5000,5,250,medio,,stock_congelado_t,16.775385,t,stock,comercial,ESTIMACIÓN,[ESTIMACIÓN],"SUP-055, SUP-056",base=dias_produccion; días=14; incluye exportación
congelado,5000,5,250,medio,,capacidad_congelacion_t_dia,1.198242,t,dia_operativo,comercial,ESTIMACIÓN,[ESTIMACIÓN],SUP-055,t que hay que congelar cada día de faena (túneles/IQF)
congelado,5000,5,250,medio,,capacidad_almacenamiento_congelado_t,16.775385,t,stock,comercial,ESTIMACIÓN,[ESTIMACIÓN],,t que hay que guardar (cámaras); NO es capacidad de congelación
congelado,5000,5,250,medio,nivel=medio,garras_a_congelar_t_dia_informativo,0.50526,t,dia_operativo,comercial,SUPUESTO,[SUPUESTO],,ya incluidas dentro del comestible: NO sumar al perfil
congelado,5000,5,250,medio,nivel=medio,menudencias_a_congelar_t_dia_informativo,0.272745,t,dia_operativo,comercial,SUPUESTO,[SUPUESTO],,ya incluidas dentro del comestible: NO sumar al perfil
congelado,5000,5,250,medio,nivel=medio,calor_a_extraer_congelacion_kj_kg,384.943,kJ/kg,adimensional,producto,ESTIMACIÓN,[ESTIMACIÓN] con propiedades [PVDP],FTE-09C-14,"de +4 °C a −18 °C, con pérdidas"
frio,5000,5,250,medio,nivel=medio,kw_frigorificos_enfriado_producto_fresco,117.744654,kW frigoríficos,potencia,frio,ESTIMACIÓN,[ESTIMACIÓN] con [SUPUESTO],,chiller + menudencias + salas/docks; durante 8 h netas
frio,5000,5,250,medio,nivel=medio,tr_enfriado_producto_fresco,33.478719,TR,potencia,frio,ESTIMACIÓN,[ESTIMACIÓN],,"1 TR = 3,517 kW frigoríficos"
frio,5000,5,250,medio,nivel=medio,kw_electricos_enfriado_producto_fresco,39.248218,kW eléctricos,potencia,energia_electrica,SUPUESTO,[ESTIMACIÓN] con COP [SUPUESTO],,kW eléctricos = kW frigoríficos / COP
frio,5000,5,250,medio,nivel=medio,kw_frigorificos_congelacion_tuneles,6.406317,kW frigoríficos,potencia,frio,ESTIMACIÓN,[ESTIMACIÓN] con [SUPUESTO],,durante 20 h/día
frio,5000,5,250,medio,nivel=medio,tr_congelacion_tuneles,1.821529,TR,potencia,frio,ESTIMACIÓN,[ESTIMACIÓN],,"1 TR = 3,517 kW frigoríficos"
frio,5000,5,250,medio,nivel=medio,kw_electricos_congelacion_tuneles,4.57594,kW eléctricos,potencia,energia_electrica,SUPUESTO,[ESTIMACIÓN] con COP [SUPUESTO],,kW eléctricos = kW frigoríficos / COP
frio,5000,5,250,medio,nivel=medio,kw_frigorificos_camaras_almacenamiento,6.979758,kW frigoríficos,potencia,frio,ESTIMACIÓN,[ESTIMACIÓN] con [SUPUESTO],,"24 h, 365 días; desde kWh/(t·día)"
frio,5000,5,250,medio,nivel=medio,tr_camaras_almacenamiento,1.984577,TR,potencia,frio,ESTIMACIÓN,[ESTIMACIÓN],,"1 TR = 3,517 kW frigoríficos"
frio,5000,5,250,medio,nivel=medio,kw_electricos_camaras_almacenamiento,3.444945,kW eléctricos,potencia,energia_electrica,SUPUESTO,[ESTIMACIÓN] con COP [SUPUESTO],,kW eléctricos = kW frigoríficos / COP
frio,5000,5,250,medio,nivel=medio,kj_frio_enfriado_por_ave,678.209208,kJ/ave,por_ave,frio,ESTIMACIÓN,[ESTIMACIÓN] con [SUPUESTO],FTE-09C-14,
electricidad,5000,5,250,medio,nivel=medio,kwh_congelacion_dia,227.665942,kWh,dia_operativo,energia_electrica,FUENTE,[ESTIMACIÓN] con indicador [PVDP],120–260 kWh/t de ave congelada; 133 kWh/t (FTE-09C-10),
electricidad,5000,5,250,medio,nivel=medio,kwh_almacenamiento_frio_dia_calendario,82.678684,kWh,dia_calendario,energia_electrica,SUPUESTO,[ESTIMACIÓN] con [SUPUESTO],,las cámaras funcionan también sin faena
electricidad,5000,5,250,medio,nivel=medio,kwh_tratamiento_aerobio_dia,156.75,kWh,dia_operativo,energia_electrica,SUPUESTO,[ESTIMACIÓN] con [SUPUESTO],,cota: si todo el biológico fuera aerobio
electricidad,5000,5,250,medio,nivel=medio,kwh_total_dia_operativo,4092.094626,kWh,dia_operativo,energia_electrica,ESTIMACIÓN,[ESTIMACIÓN],,proceso + congelado + aerobio + cámaras
electricidad,5000,5,250,medio,nivel=medio,kwh_total_anio,1032531.705233,kWh,anio,energia_electrica,ESTIMACIÓN,[ESTIMACIÓN],,cámaras × 365 días; resto × días de faena
electricidad,5000,5,250,medio,nivel=medio,kwh_por_ave_promedio_anual,0.826025,kWh/ave,por_ave,energia_electrica,ESTIMACIÓN,[ESTIMACIÓN],,
electricidad,5000,5,250,medio,nivel=medio,kw_potencia_media_operacion,280.288064,kW,potencia,energia_electrica,ESTIMACIÓN,[ESTIMACIÓN],,proceso sobre 14 h + túneles + cámaras + efluentes
electricidad,5000,5,250,medio,nivel=medio,kw_potencia_pico_estimada,409.752349,kW,potencia,energia_electrica,SUPUESTO,[ESTIMACIÓN] con factor de pico [SUPUESTO],,orden de magnitud para pedir potencia; no es diseño
termico,5000,5,250,medio,nivel=medio,calor_util_escaldado_mj_dia,2009.28,MJ,dia_operativo,energia_termica,ESTIMACIÓN,[ESTIMACIÓN] con temperaturas [PVDP]/[SUPUESTO],FTE-09C-11,
termico,5000,5,250,medio,nivel=medio,kw_termicos_escaldado,69.766667,kW térmicos,potencia,energia_termica,ESTIMACIÓN,[ESTIMACIÓN],,durante 8 h
termico,5000,5,250,medio,nivel=medio,calor_util_limpieza_mj_dia,2323.23,MJ,dia_operativo,energia_termica,ESTIMACIÓN,[ESTIMACIÓN] con temperaturas [PVDP]/[SUPUESTO],FTE-09C-11,
termico,5000,5,250,medio,nivel=medio,kw_termicos_limpieza,161.335417,kW térmicos,potencia,energia_termica,ESTIMACIÓN,[ESTIMACIÓN],,durante 4 h
termico,5000,5,250,medio,nivel=medio,calor_util_sanitizacion_mj_dia,669.76,MJ,dia_operativo,energia_termica,ESTIMACIÓN,[ESTIMACIÓN] con temperaturas [PVDP]/[SUPUESTO],FTE-09C-11,
termico,5000,5,250,medio,nivel=medio,kw_termicos_sanitizacion,15.503704,kW térmicos,potencia,energia_termica,ESTIMACIÓN,[ESTIMACIÓN],,durante 12 h
termico,5000,5,250,medio,nivel=medio,calor_util_mj_ave,1.000454,MJ/ave,por_ave,energia_termica,ESTIMACIÓN,[ESTIMACIÓN],,
termico,5000,5,250,medio,nivel=medio,energia_combustible_mj_dia,6669.693333,MJ,dia_operativo,energia_termica,ESTIMACIÓN,[ESTIMACIÓN] con rendimiento [SUPUESTO],,
termico,5000,5,250,medio,nivel=medio,energia_combustible_kwh_dia,1852.692593,kWh,dia_operativo,energia_termica,ESTIMACIÓN,[ESTIMACIÓN],,kWh TÉRMICOS (no eléctricos)
termico,5000,5,250,medio,nivel=medio,equivalente_gas_natural_m3_dia,171.457412,m3,dia_operativo,energia_termica,SUPUESTO,[ESTIMACIÓN] con PCI [SUPUESTO],~9.300 kcal/m³ (a verificar con distribuidora),"equivalencia, no elección"
termico,5000,5,250,medio,nivel=medio,equivalente_glp_kg_dia,144.993333,kg,dia_operativo,energia_termica,SUPUESTO,[ESTIMACIÓN] con PCI [SUPUESTO],~11.000 kcal/kg,"equivalencia, no elección"
termico,5000,5,250,medio,nivel=medio,equivalente_biomasa_chip_kg_dia,476.406667,kg,dia_operativo,energia_termica,SUPUESTO,[ESTIMACIÓN] con PCI [SUPUESTO],chip de madera ~20–25 % humedad; muy variable,"equivalencia, no elección"
termico,5000,5,250,medio,nivel=medio,equivalente_electricidad_resistiva_kwh_dia,1417.876984,kWh,dia_operativo,energia_termica,SUPUESTO,[ESTIMACIÓN],,rendimiento 98 %; bomba de calor dividiría por su COP (limitada a ~60–70 °C)
respaldo,5000,5,250,medio,nivel=medio,kw_critico_camaras_frio,5.167418,kW,potencia,energia_electrica,SUPUESTO,[ESTIMACIÓN] con [SUPUESTO],,
respaldo,5000,5,250,medio,nivel=medio,kw_critico_efluentes_minimo,3.265625,kW,potencia,energia_electrica,SUPUESTO,[ESTIMACIÓN] con [SUPUESTO],,
respaldo,5000,5,250,medio,nivel=medio,kw_critico_control_it_seguridad,7.767857,kW,potencia,energia_electrica,SUPUESTO,[ESTIMACIÓN] con [SUPUESTO],,
respaldo,5000,5,250,medio,nivel=medio,kw_critico_iluminacion_emergencia,3.883929,kW,potencia,energia_electrica,SUPUESTO,[ESTIMACIÓN] con [SUPUESTO],,
respaldo,5000,5,250,medio,nivel=medio,kw_critico_bombeo_agua_minimo,11.651786,kW,potencia,energia_electrica,SUPUESTO,[ESTIMACIÓN] con [SUPUESTO],,
respaldo,5000,5,250,medio,nivel=medio,kw_critico_anden_aves_ventilacion,7.767857,kW,potencia,energia_electrica,SUPUESTO,[ESTIMACIÓN] con [SUPUESTO],,
respaldo,5000,5,250,medio,nivel=medio,kw_respaldo_cargas_criticas,39.504471,kW,potencia,energia_electrica,SUPUESTO,[ESTIMACIÓN] con [SUPUESTO],,cámaras + control + emergencia + efluentes + agua + andén
respaldo,5000,5,250,medio,nivel=medio,kva_respaldo_cargas_criticas,49.380589,kVA,potencia,energia_electrica,SUPUESTO,[ESTIMACIÓN],,"fp 0,8"
respaldo,5000,5,250,medio,nivel=medio,kva_respaldo_planta_completa,512.190437,kVA,potencia,energia_electrica,SUPUESTO,[ESTIMACIÓN],,si se quisiera sostener también la línea
perfil_frio,5000,5,250,medio,perfil=P2,capacidad_congelacion_t_dia,4.792967,t,dia_operativo,comercial,ESTIMACIÓN,[ESTIMACIÓN],SUP-055,t que hay que congelar cada día de faena (túneles/IQF)
perfil_frio,5000,5,250,medio,perfil=P2,capacidad_almacenamiento_congelado_t,67.101541,t,stock,comercial,ESTIMACIÓN,[ESTIMACIÓN],,t que hay que guardar (cámaras); NO es capacidad de congelación
perfil_frio,5000,5,250,medio,perfil=P2,stock_refrigerado_t,21.568352,t,stock,comercial,ESTIMACIÓN,[ESTIMACIÓN],"SUP-055, SUP-056",base=dias_produccion; días=3; perfil=P2
perfil_frio,5000,5,250,medio,perfil=P2,kw_frigorificos_congelacion_tuneles,25.625266,kW frigoríficos,potencia,frio,ESTIMACIÓN,[ESTIMACIÓN] con [SUPUESTO],,durante 20 h/día
perfil_frio,5000,5,250,medio,perfil=P2,kw_electricos_congelacion_tuneles,18.303762,kW eléctricos,potencia,energia_electrica,SUPUESTO,[ESTIMACIÓN] con COP [SUPUESTO],,kW eléctricos = kW frigoríficos / COP
perfil_frio,5000,5,250,medio,perfil=P2,kw_frigorificos_camaras_almacenamiento,14.438814,kW frigoríficos,potencia,frio,ESTIMACIÓN,[ESTIMACIÓN] con [SUPUESTO],,"24 h, 365 días; desde kWh/(t·día)"
perfil_frio,5000,5,250,medio,perfil=P2,kwh_congelacion_dia,910.663768,kWh,dia_operativo,energia_electrica,FUENTE,[ESTIMACIÓN] con indicador [PVDP],120–260 kWh/t de ave congelada; 133 kWh/t (FTE-09C-10),
perfil_frio,5000,5,250,medio,perfil=P2,kwh_almacenamiento_frio_dia_calendario,222.872975,kWh,dia_calendario,energia_electrica,SUPUESTO,[ESTIMACIÓN] con [SUPUESTO],,las cámaras funcionan también sin faena
perfil_frio,5000,5,250,medio,perfil=P2,kw_respaldo_cargas_criticas,48.266614,kW,potencia,energia_electrica,SUPUESTO,[ESTIMACIÓN] con [SUPUESTO],,cámaras + control + emergencia + efluentes + agua + andén
perfil_frio,5000,5,250,medio,perfil=P3,capacidad_congelacion_t_dia,5.991209,t,dia_operativo,comercial,ESTIMACIÓN,[ESTIMACIÓN],SUP-055,t que hay que congelar cada día de faena (túneles/IQF)
perfil_frio,5000,5,250,medio,perfil=P3,capacidad_almacenamiento_congelado_t,83.876926,t,stock,comercial,ESTIMACIÓN,[ESTIMACIÓN],,t que hay que guardar (cámaras); NO es capacidad de congelación
perfil_frio,5000,5,250,medio,perfil=P3,stock_refrigerado_t,17.973627,t,stock,comercial,ESTIMACIÓN,[ESTIMACIÓN],"SUP-055, SUP-056",base=dias_produccion; días=3; perfil=P3
perfil_frio,5000,5,250,medio,perfil=P3,kw_frigorificos_congelacion_tuneles,32.031583,kW frigoríficos,potencia,frio,ESTIMACIÓN,[ESTIMACIÓN] con [SUPUESTO],,durante 20 h/día
perfil_frio,5000,5,250,medio,perfil=P3,kw_electricos_congelacion_tuneles,22.879702,kW eléctricos,potencia,energia_electrica,SUPUESTO,[ESTIMACIÓN] con COP [SUPUESTO],,kW eléctricos = kW frigoríficos / COP
perfil_frio,5000,5,250,medio,perfil=P3,kw_frigorificos_camaras_almacenamiento,16.925165,kW frigoríficos,potencia,frio,ESTIMACIÓN,[ESTIMACIÓN] con [SUPUESTO],,"24 h, 365 días; desde kWh/(t·día)"
perfil_frio,5000,5,250,medio,perfil=P3,kwh_congelacion_dia,1138.32971,kWh,dia_operativo,energia_electrica,FUENTE,[ESTIMACIÓN] con indicador [PVDP],120–260 kWh/t de ave congelada; 133 kWh/t (FTE-09C-10),
perfil_frio,5000,5,250,medio,perfil=P3,kwh_almacenamiento_frio_dia_calendario,269.604405,kWh,dia_calendario,energia_electrica,SUPUESTO,[ESTIMACIÓN] con [SUPUESTO],,las cámaras funcionan también sin faena
perfil_frio,5000,5,250,medio,perfil=P3,kw_respaldo_cargas_criticas,51.187329,kW,potencia,energia_electrica,SUPUESTO,[ESTIMACIÓN] con [SUPUESTO],,cámaras + control + emergencia + efluentes + agua + andén
entrada,5000,5,250,alto,,aves_faenadas_dia_operativo,5000.0,aves,dia_operativo,aves,SUPUESTO,[SUPUESTO],SUP-052,escala = capacidad operativa
entrada,5000,5,250,alto,,t_vivas_dia_operativo,14.5,t,dia_operativo,vivo,ESTIMACIÓN,[ESTIMACIÓN],escenarios_escala.csv,
agua,5000,5,250,alto,nivel=alto,agua_recepcion_l_ave,2.0,L/ave,por_ave,agua_utilizada,SUPUESTO,[SUPUESTO],sin fuente por ave; DPV propuesto,"Recepción: lavado de jaulas/módulos, camiones y andén"
agua,5000,5,250,alto,nivel=alto,agua_recepcion_m3_dia,10.0,m³,dia_operativo,agua_utilizada,ESTIMACIÓN,[ESTIMACIÓN],,"Recepción: lavado de jaulas/módulos, camiones y andén"
agua,5000,5,250,alto,nivel=alto,agua_escaldado_l_ave,2.0,L/ave,por_ave,agua_utilizada,FUENTE,[FUENTE] [PVDP],"mín. ~1 cuarto de galón (0,95 L)/ave (FTE-09C-11, FTE-09C-18)","Escaldado: llenado, reposición y desborde"
agua,5000,5,250,alto,nivel=alto,agua_escaldado_m3_dia,10.0,m³,dia_operativo,agua_utilizada,ESTIMACIÓN,[ESTIMACIÓN],,"Escaldado: llenado, reposición y desborde"
agua,5000,5,250,alto,nivel=alto,agua_desplumado_l_ave,3.5,L/ave,por_ave,agua_utilizada,SUPUESTO,[SUPUESTO],incluido en totales de FTE-09C-01/02,Desplumado: duchas y transporte de plumas
agua,5000,5,250,alto,nivel=alto,agua_desplumado_m3_dia,17.5,m³,dia_operativo,agua_utilizada,ESTIMACIÓN,[ESTIMACIÓN],,Desplumado: duchas y transporte de plumas
agua,5000,5,250,alto,nivel=alto,agua_evisceracion_l_ave,8.0,L/ave,por_ave,agua_utilizada,FUENTE,[FUENTE] [PVDP],"7,57 L/ave (FTE-09C-01)",Evisceración: lavados interior/exterior y transporte hidráulico de vísceras
agua,5000,5,250,alto,nivel=alto,agua_evisceracion_m3_dia,40.0,m³,dia_operativo,agua_utilizada,ESTIMACIÓN,[ESTIMACIÓN],,Evisceración: lavados interior/exterior y transporte hidráulico de vísceras
agua,5000,5,250,alto,nivel=alto,agua_lavado_l_ave,4.5,L/ave,por_ave,agua_utilizada,FUENTE,[FUENTE] [PVDP],"4,25–4,35 L/ave (FTE-09C-01)",Lavado final de carcasas
agua,5000,5,250,alto,nivel=alto,agua_lavado_m3_dia,22.5,m³,dia_operativo,agua_utilizada,ESTIMACIÓN,[ESTIMACIÓN],,Lavado final de carcasas
agua,5000,5,250,alto,nivel=alto,agua_chiller_l_ave,4.5,L/ave,por_ave,agua_utilizada,FUENTE,[FUENTE] [PVDP],"mín. 0,5 gal = 1,9 L/ave; típico 2,8–5,7 L/ave (FTE-09C-18); 2,12 L/ave (FTE-09C-01)",Chiller: reposición de agua (contracorriente)
agua,5000,5,250,alto,nivel=alto,agua_chiller_m3_dia,22.5,m³,dia_operativo,agua_utilizada,ESTIMACIÓN,[ESTIMACIÓN],,Chiller: reposición de agua (contracorriente)
agua,5000,5,250,alto,nivel=alto,agua_despiece_l_ave,2.0,L/ave,por_ave,agua_utilizada,FUENTE,[FUENTE] [PVDP],"3,03 L/ave (FTE-09C-01)",Sala de despiece y deshuese
agua,5000,5,250,alto,nivel=alto,agua_despiece_m3_dia,10.0,m³,dia_operativo,agua_utilizada,ESTIMACIÓN,[ESTIMACIÓN],,Sala de despiece y deshuese
agua,5000,5,250,alto,nivel=alto,agua_limpieza_l_ave,7.5,L/ave,por_ave,agua_utilizada,FUENTE,[FUENTE] [PVDP],"1,5–3 gal = 5,7–11,4 L/ave saneamiento + 0,9–3,8 L equipos (FTE-09C-01)",Limpieza de equipos y salas (fin de turno)
agua,5000,5,250,alto,nivel=alto,agua_limpieza_m3_dia,37.5,m³,dia_operativo,agua_utilizada,ESTIMACIÓN,[ESTIMACIÓN],,Limpieza de equipos y salas (fin de turno)
agua,5000,5,250,alto,nivel=alto,agua_sanitizacion_l_ave,1.5,L/ave,por_ave,agua_utilizada,SUPUESTO,[SUPUESTO],sin fuente separada,"Sanitización: esterilizadores, lavamanos, pediluvios, enjuagues"
agua,5000,5,250,alto,nivel=alto,agua_sanitizacion_m3_dia,7.5,m³,dia_operativo,agua_utilizada,ESTIMACIÓN,[ESTIMACIÓN],,"Sanitización: esterilizadores, lavamanos, pediluvios, enjuagues"
agua,5000,5,250,alto,nivel=alto,agua_auxiliares_l_ave,2.5,L/ave,por_ave,agua_utilizada,SUPUESTO,[SUPUESTO],sin fuente separada,"Servicios auxiliares: caldera, condensadores evaporativos, vestuarios, comedor"
agua,5000,5,250,alto,nivel=alto,agua_auxiliares_m3_dia,12.5,m³,dia_operativo,agua_utilizada,ESTIMACIÓN,[ESTIMACIÓN],,"Servicios auxiliares: caldera, condensadores evaporativos, vestuarios, comedor"
agua,5000,5,250,alto,nivel=alto,agua_utilizada_l_ave,38.0,L/ave,por_ave,agua_utilizada,ESTIMACIÓN,[ESTIMACIÓN] con rangos [PVDP],FTE-09C-01 a 04,consumo industrial; NO incluye agua retenida
agua,5000,5,250,alto,nivel=alto,agua_utilizada_m3_dia,190.0,m³,dia_operativo,agua_utilizada,ESTIMACIÓN,[ESTIMACIÓN],,
agua,5000,5,250,alto,nivel=alto,agua_utilizada_m3_anio,47500.0,m³,anio,agua_utilizada,ESTIMACIÓN,[ESTIMACIÓN],,
agua,5000,5,250,alto,nivel=alto,agua_utilizada_m3_h_medio,15.833333,m³/h,hora,agua_utilizada,ESTIMACIÓN,[ESTIMACIÓN],,sobre 12 h (faena + limpieza)
agua,5000,5,250,alto,nivel=alto,agua_utilizada_m3_h_pico,34.833333,m³/h,hora,agua_utilizada,SUPUESTO,[SUPUESTO] factor de pico,,"dimensiona captación, bombeo y reserva"
agua,5000,5,250,alto,nivel=alto,reserva_agua_1_dia_m3,190.0,m³,stock,agua_utilizada,ESTIMACIÓN,[ESTIMACIÓN],,"volumen equivalente a un día de uso (referencia conceptual, no diseño)"
agua,5000,5,250,alto,nivel=alto,agua_descargada_m3_dia,180.5,m³,dia_operativo,agua_descargada,SUPUESTO,[ESTIMACIÓN] con fracción [SUPUESTO],,fracción a efluente = 0.95
agua,5000,5,250,alto,nivel=alto,agua_descargada_l_ave,36.1,L/ave,por_ave,agua_descargada,ESTIMACIÓN,[ESTIMACIÓN],,
agua,5000,5,250,alto,nivel=alto,agua_no_descargada_m3_dia,9.5,m³,dia_operativo,agua_no_descargada,ESTIMACIÓN,[ESTIMACIÓN],,evaporación + retenida + sale con subproductos + pérdidas
agua_retenida,5000,5,250,alto,,agua_retenida_en_producto_t_dia,0.427632,t,dia_operativo,agua_retenida,ESTIMACIÓN,[ESTIMACIÓN] del balance v1.1,escenarios_escala.csv,sale vendida con el producto; NO es consumo industrial ni efluente
agua_retenida,5000,5,250,alto,,agua_incorporada_producto_y_subproductos_t_dia,1.063303,t,dia_operativo,agua_retenida,ESTIMACIÓN,[ESTIMACIÓN] del balance v1.1,escenarios_escala.csv,absorbida en chiller + adherida a plumas (incluye goteo posterior)
agua_retenida,5000,5,250,alto,,agua_retenida_sobre_agua_utilizada_pct,0.225069,%,adimensional,agua,ESTIMACIÓN,[ESTIMACIÓN],,cuánto del agua usada termina dentro del producto
efluente,5000,5,250,alto,nivel=alto,carga_DQO_g_ave,180.0,g/ave,por_ave,efluente_crudo,ESTIMACIÓN,[ESTIMACIÓN] con rangos [PVDP],FTE-181; FTE-09C-05,efluente crudo tras retirar sangre y sólidos gruesos
efluente,5000,5,250,alto,nivel=alto,carga_DQO_kg_dia,900.0,kg,dia_operativo,efluente_crudo,ESTIMACIÓN,[ESTIMACIÓN],,
efluente,5000,5,250,alto,nivel=alto,concentracion_DQO_mg_l,4986.149584,mg/L,adimensional,efluente_crudo,ESTIMACIÓN,[ESTIMACIÓN],,"resultado (carga / caudal), no parámetro"
efluente,5000,5,250,alto,nivel=alto,carga_DBO5_g_ave,90.0,g/ave,por_ave,efluente_crudo,ESTIMACIÓN,[ESTIMACIÓN] con rangos [PVDP],"FTE-181; FTE-09C-05 (DBO/DQO ~0,4–0,6)",efluente crudo tras retirar sangre y sólidos gruesos
efluente,5000,5,250,alto,nivel=alto,carga_DBO5_kg_dia,450.0,kg,dia_operativo,efluente_crudo,ESTIMACIÓN,[ESTIMACIÓN],,
efluente,5000,5,250,alto,nivel=alto,concentracion_DBO5_mg_l,2493.074792,mg/L,adimensional,efluente_crudo,ESTIMACIÓN,[ESTIMACIÓN],,"resultado (carga / caudal), no parámetro"
efluente,5000,5,250,alto,nivel=alto,carga_SST_g_ave,80.0,g/ave,por_ave,efluente_crudo,ESTIMACIÓN,[ESTIMACIÓN] con rangos [PVDP],FTE-181; FTE-09C-05,efluente crudo tras retirar sangre y sólidos gruesos
efluente,5000,5,250,alto,nivel=alto,carga_SST_kg_dia,400.0,kg,dia_operativo,efluente_crudo,ESTIMACIÓN,[ESTIMACIÓN],,
efluente,5000,5,250,alto,nivel=alto,concentracion_SST_mg_l,2216.066482,mg/L,adimensional,efluente_crudo,ESTIMACIÓN,[ESTIMACIÓN],,"resultado (carga / caudal), no parámetro"
efluente,5000,5,250,alto,nivel=alto,carga_GyA_g_ave,25.0,g/ave,por_ave,efluente_crudo,ESTIMACIÓN,[ESTIMACIÓN] con rangos [PVDP],FTE-09C-06 (~500 mg/L tamizado),efluente crudo tras retirar sangre y sólidos gruesos
efluente,5000,5,250,alto,nivel=alto,carga_GyA_kg_dia,125.0,kg,dia_operativo,efluente_crudo,ESTIMACIÓN,[ESTIMACIÓN],,
efluente,5000,5,250,alto,nivel=alto,concentracion_GyA_mg_l,692.520776,mg/L,adimensional,efluente_crudo,ESTIMACIÓN,[ESTIMACIÓN],,"resultado (carga / caudal), no parámetro"
efluente,5000,5,250,alto,nivel=alto,carga_NTK_g_ave,8.0,g/ave,por_ave,efluente_crudo,ESTIMACIÓN,[ESTIMACIÓN] con rangos [PVDP],FTE-09C-06 (150–296 mg/L),efluente crudo tras retirar sangre y sólidos gruesos
efluente,5000,5,250,alto,nivel=alto,carga_NTK_kg_dia,40.0,kg,dia_operativo,efluente_crudo,ESTIMACIÓN,[ESTIMACIÓN],,
efluente,5000,5,250,alto,nivel=alto,concentracion_NTK_mg_l,221.606648,mg/L,adimensional,efluente_crudo,ESTIMACIÓN,[ESTIMACIÓN],,"resultado (carga / caudal), no parámetro"
efluente,5000,5,250,alto,nivel=alto,carga_PT_g_ave,1.0,g/ave,por_ave,efluente_crudo,ESTIMACIÓN,[ESTIMACIÓN] con rangos [PVDP],"FTE-09C-06 (~18,5 mg/L)",efluente crudo tras retirar sangre y sólidos gruesos
efluente,5000,5,250,alto,nivel=alto,carga_PT_kg_dia,5.0,kg,dia_operativo,efluente_crudo,ESTIMACIÓN,[ESTIMACIÓN],,
efluente,5000,5,250,alto,nivel=alto,concentracion_PT_mg_l,27.700831,mg/L,adimensional,efluente_crudo,ESTIMACIÓN,[ESTIMACIÓN],,"resultado (carga / caudal), no parámetro"
efluente,5000,5,250,alto,,dqo_extra_por_sangre_no_recuperada_g_ave,0.0,g/ave,por_ave,efluente_crudo,ESTIMACIÓN,[ESTIMACIÓN] con DQO de sangre [PVDP],FTE-181,recuperación 0.85 vs referencia 0.85
efluente,5000,5,250,alto,,dqo_evitada_por_recuperar_sangre_kg_dia,149.660714,kg,dia_operativo,efluente_crudo,ESTIMACIÓN,[ESTIMACIÓN] con DQO de sangre [PVDP],FTE-181,orden de magnitud; no es una reducción medida
efluente,5000,5,250,alto,nivel=alto,caudal_efluente_m3_h_pico,33.091667,m³/h,hora,agua_descargada,SUPUESTO,[SUPUESTO] factor de pico,,dimensiona ecualización
efluente,5000,5,250,alto,nivel=alto,remocion_dqo_requerida_ilustrativa_pct,94.986111,%,adimensional,efluente_crudo,ESTIMACIÓN,[ESTIMACIÓN] con límite [PVDP],FTE-09C-08,"límite ilustrativo 250 mg/L (ADA 336/03, pluvial; a confirmar según sitio y cuerpo receptor)"
masa_evitable,5000,5,250,alto,,sangre_recuperada_t_dia,0.41905,t,dia_operativo,biologica+agua,ESTIMACIÓN,[ESTIMACIÓN] del balance v1.1,escenarios_escala.csv,"sangre recuperada por separado (85 %, SUP-040)"
masa_evitable,5000,5,250,alto,,plumas_t_dia,1.2064,t,dia_operativo,biologica+agua,ESTIMACIÓN,[ESTIMACIÓN] del balance v1.1,escenarios_escala.csv,plumas húmedas retiradas
masa_evitable,5000,5,250,alto,,visceras_t_dia,0.6525,t,dia_operativo,biologica+agua,ESTIMACIÓN,[ESTIMACIÓN] del balance v1.1,escenarios_escala.csv,vísceras no comestibles
masa_evitable,5000,5,250,alto,,cabeza_t_dia,0.3625,t,dia_operativo,biologica+agua,ESTIMACIÓN,[ESTIMACIÓN] del balance v1.1,escenarios_escala.csv,cabezas
masa_evitable,5000,5,250,alto,,solidos_a_retirar_t_dia,3.041763,t,dia_operativo,biologica+agua,ESTIMACIÓN,[ESTIMACIÓN] del balance v1.1,escenarios_escala.csv,total sólidos a retirar en seco (C + decomisos + contenido GI; NO sumar)
masa_evitable,5000,5,250,alto,,masa_a_efluente_o_perdida_t_dia,0.539122,t,dia_operativo,biologica+agua,ESTIMACIÓN,[ESTIMACIÓN] del balance v1.1,escenarios_escala.csv,"masa que el balance ya envía a efluente o pérdida (sangre no recuperada, cutícula, goteo, pérdidas)"
lodos,5000,5,250,alto,nivel=alto,lodo_daf_kg_ms_dia,288.4375,kg,dia_operativo,materia_seca,ESTIMACIÓN,[ESTIMACIÓN] con remociones [PVDP],"FTE-09C-05, FTE-09C-13",sólidos + grasas flotados + químicos
lodos,5000,5,250,alto,nivel=alto,lodo_daf_t_humedo_dia,2.884375,t,dia_operativo,lodo_humedo,ESTIMACIÓN,[ESTIMACIÓN] con % sólidos [PVDP],FTE-09C-13,
lodos,5000,5,250,alto,nivel=alto,dbo_al_tratamiento_biologico_kg_dia,315.0,kg,dia_operativo,efluente_pretratado,ESTIMACIÓN,[ESTIMACIÓN],,después de DAF
lodos,5000,5,250,alto,nivel=alto,lodo_biologico_aerobio_kg_ms_dia,149.625,kg,dia_operativo,materia_seca,SUPUESTO,[ESTIMACIÓN] con rendimiento [SUPUESTO],,si el tratamiento fuera aerobio completo; anaerobio genera mucho menos lodo
lodos,5000,5,250,alto,nivel=alto,lodos_deshidratados_t_dia,2.920417,t,dia_operativo,lodo_humedo,SUPUESTO,[ESTIMACIÓN] con [SUPUESTO],,DAF + biológico deshidratados; disposición/valorización a definir
electricidad,5000,5,250,alto,nivel=alto,kwh_proceso_dia,6525.0,kWh,dia_operativo,energia_electrica,FUENTE,[ESTIMACIÓN] con indicador [PVDP],"UE 152–860 kWh/t faenada; Brasil 165 kWh/t; 1,19 MJ/kg = 330 kWh/t (FTE-09C-09, FTE-09C-03)","faena, proceso, enfriado fresco, aire, agua, servicios"
electricidad,5000,5,250,alto,nivel=alto,kwh_proceso_frio_de_proceso_agua_helada_hielo_dia,2283.75,kWh,dia_operativo,energia_electrica,SUPUESTO,[SUPUESTO] reparto ilustrativo,FTE-09C-09 (cualitativo),didáctico; no sumar con kwh_proceso_dia
electricidad,5000,5,250,alto,nivel=alto,kwh_proceso_motores_de_linea_y_transportadores_dia,1305.0,kWh,dia_operativo,energia_electrica,SUPUESTO,[SUPUESTO] reparto ilustrativo,FTE-09C-09 (cualitativo),didáctico; no sumar con kwh_proceso_dia
electricidad,5000,5,250,alto,nivel=alto,kwh_proceso_aire_comprimido_dia,652.5,kWh,dia_operativo,energia_electrica,SUPUESTO,[SUPUESTO] reparto ilustrativo,FTE-09C-09 (cualitativo),didáctico; no sumar con kwh_proceso_dia
electricidad,5000,5,250,alto,nivel=alto,kwh_proceso_bombas_agua_y_efluentes_dia,652.5,kWh,dia_operativo,energia_electrica,SUPUESTO,[SUPUESTO] reparto ilustrativo,FTE-09C-09 (cualitativo),didáctico; no sumar con kwh_proceso_dia
electricidad,5000,5,250,alto,nivel=alto,kwh_proceso_climatizacion_salas_dia,522.0,kWh,dia_operativo,energia_electrica,SUPUESTO,[SUPUESTO] reparto ilustrativo,FTE-09C-09 (cualitativo),didáctico; no sumar con kwh_proceso_dia
electricidad,5000,5,250,alto,nivel=alto,kwh_proceso_iluminacion_dia,456.75,kWh,dia_operativo,energia_electrica,SUPUESTO,[SUPUESTO] reparto ilustrativo,FTE-09C-09 (cualitativo),didáctico; no sumar con kwh_proceso_dia
electricidad,5000,5,250,alto,nivel=alto,kwh_proceso_oficinas_vestuarios_servicios_dia,326.25,kWh,dia_operativo,energia_electrica,SUPUESTO,[SUPUESTO] reparto ilustrativo,FTE-09C-09 (cualitativo),didáctico; no sumar con kwh_proceso_dia
electricidad,5000,5,250,alto,nivel=alto,kwh_proceso_otros_dia,326.25,kWh,dia_operativo,energia_electrica,SUPUESTO,[SUPUESTO] reparto ilustrativo,FTE-09C-09 (cualitativo),didáctico; no sumar con kwh_proceso_dia
inventario,5000,5,250,alto,,stock_refrigerado_t,32.352529,t,stock,comercial,ESTIMACIÓN,[ESTIMACIÓN],"SUP-055, SUP-056",base=dias_produccion; días=3; perfil=P1
inventario,5000,5,250,alto,,stock_congelado_t,16.775385,t,stock,comercial,ESTIMACIÓN,[ESTIMACIÓN],"SUP-055, SUP-056",base=dias_produccion; días=14; incluye exportación
congelado,5000,5,250,alto,,capacidad_congelacion_t_dia,1.198242,t,dia_operativo,comercial,ESTIMACIÓN,[ESTIMACIÓN],SUP-055,t que hay que congelar cada día de faena (túneles/IQF)
congelado,5000,5,250,alto,,capacidad_almacenamiento_congelado_t,16.775385,t,stock,comercial,ESTIMACIÓN,[ESTIMACIÓN],,t que hay que guardar (cámaras); NO es capacidad de congelación
congelado,5000,5,250,alto,nivel=alto,garras_a_congelar_t_dia_informativo,0.50526,t,dia_operativo,comercial,SUPUESTO,[SUPUESTO],,ya incluidas dentro del comestible: NO sumar al perfil
congelado,5000,5,250,alto,nivel=alto,menudencias_a_congelar_t_dia_informativo,0.54549,t,dia_operativo,comercial,SUPUESTO,[SUPUESTO],,ya incluidas dentro del comestible: NO sumar al perfil
congelado,5000,5,250,alto,nivel=alto,calor_a_extraer_congelacion_kj_kg,444.165,kJ/kg,adimensional,producto,ESTIMACIÓN,[ESTIMACIÓN] con propiedades [PVDP],FTE-09C-14,"de +4 °C a −18 °C, con pérdidas"
frio,5000,5,250,alto,nivel=alto,kw_frigorificos_enfriado_producto_fresco,168.169597,kW frigoríficos,potencia,frio,ESTIMACIÓN,[ESTIMACIÓN] con [SUPUESTO],,chiller + menudencias + salas/docks; durante 8 h netas
frio,5000,5,250,alto,nivel=alto,tr_enfriado_producto_fresco,47.816206,TR,potencia,frio,ESTIMACIÓN,[ESTIMACIÓN],,"1 TR = 3,517 kW frigoríficos"
frio,5000,5,250,alto,nivel=alto,kw_electricos_enfriado_producto_fresco,73.117216,kW eléctricos,potencia,energia_electrica,SUPUESTO,[ESTIMACIÓN] con COP [SUPUESTO],,kW eléctricos = kW frigoríficos / COP
frio,5000,5,250,alto,nivel=alto,kw_frigorificos_congelacion_tuneles,7.391904,kW frigoríficos,potencia,frio,ESTIMACIÓN,[ESTIMACIÓN] con [SUPUESTO],,durante 20 h/día
frio,5000,5,250,alto,nivel=alto,tr_congelacion_tuneles,2.101764,TR,potencia,frio,ESTIMACIÓN,[ESTIMACIÓN],,"1 TR = 3,517 kW frigoríficos"
frio,5000,5,250,alto,nivel=alto,kw_electricos_congelacion_tuneles,6.719912,kW eléctricos,potencia,energia_electrica,SUPUESTO,[ESTIMACIÓN] con COP [SUPUESTO],,kW eléctricos = kW frigoríficos / COP
frio,5000,5,250,alto,nivel=alto,kw_frigorificos_camaras_almacenamiento,10.04526,kW frigoríficos,potencia,frio,ESTIMACIÓN,[ESTIMACIÓN] con [SUPUESTO],,"24 h, 365 días; desde kWh/(t·día)"
frio,5000,5,250,alto,nivel=alto,tr_camaras_almacenamiento,2.856201,TR,potencia,frio,ESTIMACIÓN,[ESTIMACIÓN],,"1 TR = 3,517 kW frigoríficos"
frio,5000,5,250,alto,nivel=alto,kw_electricos_camaras_almacenamiento,6.190916,kW eléctricos,potencia,energia_electrica,SUPUESTO,[ESTIMACIÓN] con COP [SUPUESTO],,kW eléctricos = kW frigoríficos / COP
frio,5000,5,250,alto,nivel=alto,kj_frio_enfriado_por_ave,968.656877,kJ/ave,por_ave,frio,ESTIMACIÓN,[ESTIMACIÓN] con [SUPUESTO],FTE-09C-14,
electricidad,5000,5,250,alto,nivel=alto,kwh_congelacion_dia,311.542868,kWh,dia_operativo,energia_electrica,FUENTE,[ESTIMACIÓN] con indicador [PVDP],120–260 kWh/t de ave congelada; 133 kWh/t (FTE-09C-10),
electricidad,5000,5,250,alto,nivel=alto,kwh_almacenamiento_frio_dia_calendario,148.581983,kWh,dia_calendario,energia_electrica,SUPUESTO,[ESTIMACIÓN] con [SUPUESTO],,las cámaras funcionan también sin faena
electricidad,5000,5,250,alto,nivel=alto,kwh_tratamiento_aerobio_dia,598.5,kWh,dia_operativo,energia_electrica,SUPUESTO,[ESTIMACIÓN] con [SUPUESTO],,cota: si todo el biológico fuera aerobio
electricidad,5000,5,250,alto,nivel=alto,kwh_total_dia_operativo,7583.624851,kWh,dia_operativo,energia_electrica,ESTIMACIÓN,[ESTIMACIÓN],,proceso + congelado + aerobio + cámaras
electricidad,5000,5,250,alto,nivel=alto,kwh_total_anio,1912993.140868,kWh,anio,energia_electrica,ESTIMACIÓN,[ESTIMACIÓN],,cámaras × 365 días; resto × días de faena
electricidad,5000,5,250,alto,nivel=alto,kwh_por_ave_promedio_anual,1.530395,kWh/ave,por_ave,energia_electrica,ESTIMACIÓN,[ESTIMACIÓN],,
electricidad,5000,5,250,alto,nivel=alto,kw_potencia_media_operacion,512.776988,kW,potencia,energia_electrica,ESTIMACIÓN,[ESTIMACIÓN],,proceso sobre 14 h + túneles + cámaras + efluentes
electricidad,5000,5,250,alto,nivel=alto,kw_potencia_pico_estimada,885.634131,kW,potencia,energia_electrica,SUPUESTO,[ESTIMACIÓN] con factor de pico [SUPUESTO],,orden de magnitud para pedir potencia; no es diseño
termico,5000,5,250,alto,nivel=alto,calor_util_escaldado_mj_dia,5525.52,MJ,dia_operativo,energia_termica,ESTIMACIÓN,[ESTIMACIÓN] con temperaturas [PVDP]/[SUPUESTO],FTE-09C-11,
termico,5000,5,250,alto,nivel=alto,kw_termicos_escaldado,191.858333,kW térmicos,potencia,energia_termica,ESTIMACIÓN,[ESTIMACIÓN],,durante 8 h
termico,5000,5,250,alto,nivel=alto,calor_util_limpieza_mj_dia,4615.065,MJ,dia_operativo,energia_termica,ESTIMACIÓN,[ESTIMACIÓN] con temperaturas [PVDP]/[SUPUESTO],FTE-09C-11,
termico,5000,5,250,alto,nivel=alto,kw_termicos_limpieza,320.490625,kW térmicos,potencia,energia_termica,ESTIMACIÓN,[ESTIMACIÓN],,durante 4 h
termico,5000,5,250,alto,nivel=alto,calor_util_sanitizacion_mj_dia,1406.496,MJ,dia_operativo,energia_termica,ESTIMACIÓN,[ESTIMACIÓN] con temperaturas [PVDP]/[SUPUESTO],FTE-09C-11,
termico,5000,5,250,alto,nivel=alto,kw_termicos_sanitizacion,32.557778,kW térmicos,potencia,energia_termica,ESTIMACIÓN,[ESTIMACIÓN],,durante 12 h
termico,5000,5,250,alto,nivel=alto,calor_util_mj_ave,2.309416,MJ/ave,por_ave,energia_termica,ESTIMACIÓN,[ESTIMACIÓN],,
termico,5000,5,250,alto,nivel=alto,energia_combustible_mj_dia,17764.74,MJ,dia_operativo,energia_termica,ESTIMACIÓN,[ESTIMACIÓN] con rendimiento [SUPUESTO],,
termico,5000,5,250,alto,nivel=alto,energia_combustible_kwh_dia,4934.65,kWh,dia_operativo,energia_termica,ESTIMACIÓN,[ESTIMACIÓN],,kWh TÉRMICOS (no eléctricos)
termico,5000,5,250,alto,nivel=alto,equivalente_gas_natural_m3_dia,456.677121,m3,dia_operativo,energia_termica,SUPUESTO,[ESTIMACIÓN] con PCI [SUPUESTO],~9.300 kcal/m³ (a verificar con distribuidora),"equivalencia, no elección"
termico,5000,5,250,alto,nivel=alto,equivalente_glp_kg_dia,386.19,kg,dia_operativo,energia_termica,SUPUESTO,[ESTIMACIÓN] con PCI [SUPUESTO],~11.000 kcal/kg,"equivalencia, no elección"
termico,5000,5,250,alto,nivel=alto,equivalente_biomasa_chip_kg_dia,1268.91,kg,dia_operativo,energia_termica,SUPUESTO,[ESTIMACIÓN] con PCI [SUPUESTO],chip de madera ~20–25 % humedad; muy variable,"equivalencia, no elección"
termico,5000,5,250,alto,nivel=alto,equivalente_electricidad_resistiva_kwh_dia,3272.982143,kWh,dia_operativo,energia_termica,SUPUESTO,[ESTIMACIÓN],,rendimiento 98 %; bomba de calor dividiría por su COP (limitada a ~60–70 °C)
respaldo,5000,5,250,alto,nivel=alto,kw_critico_camaras_frio,12.381832,kW,potencia,energia_electrica,SUPUESTO,[ESTIMACIÓN] con [SUPUESTO],,
respaldo,5000,5,250,alto,nivel=alto,kw_critico_efluentes_minimo,12.46875,kW,potencia,energia_electrica,SUPUESTO,[ESTIMACIÓN] con [SUPUESTO],,
respaldo,5000,5,250,alto,nivel=alto,kw_critico_control_it_seguridad,16.778571,kW,potencia,energia_electrica,SUPUESTO,[ESTIMACIÓN] con [SUPUESTO],,
respaldo,5000,5,250,alto,nivel=alto,kw_critico_iluminacion_emergencia,8.389286,kW,potencia,energia_electrica,SUPUESTO,[ESTIMACIÓN] con [SUPUESTO],,
respaldo,5000,5,250,alto,nivel=alto,kw_critico_bombeo_agua_minimo,25.167857,kW,potencia,energia_electrica,SUPUESTO,[ESTIMACIÓN] con [SUPUESTO],,
respaldo,5000,5,250,alto,nivel=alto,kw_critico_anden_aves_ventilacion,16.778571,kW,potencia,energia_electrica,SUPUESTO,[ESTIMACIÓN] con [SUPUESTO],,
respaldo,5000,5,250,alto,nivel=alto,kw_respaldo_cargas_criticas,91.964868,kW,potencia,energia_electrica,SUPUESTO,[ESTIMACIÓN] con [SUPUESTO],,cámaras + control + emergencia + efluentes + agua + andén
respaldo,5000,5,250,alto,nivel=alto,kva_respaldo_cargas_criticas,114.956085,kVA,potencia,energia_electrica,SUPUESTO,[ESTIMACIÓN],,"fp 0,8"
respaldo,5000,5,250,alto,nivel=alto,kva_respaldo_planta_completa,1107.042663,kVA,potencia,energia_electrica,SUPUESTO,[ESTIMACIÓN],,si se quisiera sostener también la línea
perfil_frio,5000,5,250,alto,perfil=P2,capacidad_congelacion_t_dia,4.792967,t,dia_operativo,comercial,ESTIMACIÓN,[ESTIMACIÓN],SUP-055,t que hay que congelar cada día de faena (túneles/IQF)
perfil_frio,5000,5,250,alto,perfil=P2,capacidad_almacenamiento_congelado_t,67.101541,t,stock,comercial,ESTIMACIÓN,[ESTIMACIÓN],,t que hay que guardar (cámaras); NO es capacidad de congelación
perfil_frio,5000,5,250,alto,perfil=P2,stock_refrigerado_t,21.568352,t,stock,comercial,ESTIMACIÓN,[ESTIMACIÓN],"SUP-055, SUP-056",base=dias_produccion; días=3; perfil=P2
perfil_frio,5000,5,250,alto,perfil=P2,kw_frigorificos_congelacion_tuneles,29.567615,kW frigoríficos,potencia,frio,ESTIMACIÓN,[ESTIMACIÓN] con [SUPUESTO],,durante 20 h/día
perfil_frio,5000,5,250,alto,perfil=P2,kw_electricos_congelacion_tuneles,26.87965,kW eléctricos,potencia,energia_electrica,SUPUESTO,[ESTIMACIÓN] con COP [SUPUESTO],,kW eléctricos = kW frigoríficos / COP
perfil_frio,5000,5,250,alto,perfil=P2,kw_frigorificos_camaras_almacenamiento,19.511371,kW frigoríficos,potencia,frio,ESTIMACIÓN,[ESTIMACIÓN] con [SUPUESTO],,"24 h, 365 días; desde kWh/(t·día)"
perfil_frio,5000,5,250,alto,perfil=P2,kwh_congelacion_dia,1246.171472,kWh,dia_operativo,energia_electrica,FUENTE,[ESTIMACIÓN] con indicador [PVDP],120–260 kWh/t de ave congelada; 133 kWh/t (FTE-09C-10),
perfil_frio,5000,5,250,alto,perfil=P2,kwh_almacenamiento_frio_dia_calendario,378.644409,kWh,dia_calendario,energia_electrica,SUPUESTO,[ESTIMACIÓN] con [SUPUESTO],,las cámaras funcionan también sin faena
perfil_frio,5000,5,250,alto,perfil=P2,kw_respaldo_cargas_criticas,111.136736,kW,potencia,energia_electrica,SUPUESTO,[ESTIMACIÓN] con [SUPUESTO],,cámaras + control + emergencia + efluentes + agua + andén
perfil_frio,5000,5,250,alto,perfil=P3,capacidad_congelacion_t_dia,5.991209,t,dia_operativo,comercial,ESTIMACIÓN,[ESTIMACIÓN],SUP-055,t que hay que congelar cada día de faena (túneles/IQF)
perfil_frio,5000,5,250,alto,perfil=P3,capacidad_almacenamiento_congelado_t,83.876926,t,stock,comercial,ESTIMACIÓN,[ESTIMACIÓN],,t que hay que guardar (cámaras); NO es capacidad de congelación
perfil_frio,5000,5,250,alto,perfil=P3,stock_refrigerado_t,17.973627,t,stock,comercial,ESTIMACIÓN,[ESTIMACIÓN],"SUP-055, SUP-056",base=dias_produccion; días=3; perfil=P3
perfil_frio,5000,5,250,alto,perfil=P3,kw_frigorificos_congelacion_tuneles,36.959519,kW frigoríficos,potencia,frio,ESTIMACIÓN,[ESTIMACIÓN] con [SUPUESTO],,durante 20 h/día
perfil_frio,5000,5,250,alto,perfil=P3,kw_electricos_congelacion_tuneles,33.599562,kW eléctricos,potencia,energia_electrica,SUPUESTO,[ESTIMACIÓN] con COP [SUPUESTO],,kW eléctricos = kW frigoríficos / COP
perfil_frio,5000,5,250,alto,perfil=P3,kw_frigorificos_camaras_almacenamiento,22.666741,kW frigoríficos,potencia,frio,ESTIMACIÓN,[ESTIMACIÓN] con [SUPUESTO],,"24 h, 365 días; desde kWh/(t·día)"
perfil_frio,5000,5,250,alto,perfil=P3,kwh_congelacion_dia,1557.71434,kWh,dia_operativo,energia_electrica,FUENTE,[ESTIMACIÓN] con indicador [PVDP],120–260 kWh/t de ave congelada; 133 kWh/t (FTE-09C-10),
perfil_frio,5000,5,250,alto,perfil=P3,kwh_almacenamiento_frio_dia_calendario,455.331884,kWh,dia_calendario,energia_electrica,SUPUESTO,[ESTIMACIÓN] con [SUPUESTO],,las cámaras funcionan también sin faena
perfil_frio,5000,5,250,alto,perfil=P3,kw_respaldo_cargas_criticas,117.527359,kW,potencia,energia_electrica,SUPUESTO,[ESTIMACIÓN] con [SUPUESTO],,cámaras + control + emergencia + efluentes + agua + andén
inventario,5000,5,250,-,base_temporal=dias_produccion; dias=1,comestible_total_t,11.982418,t,stock,comercial,ESTIMACIÓN,[ESTIMACIÓN],"SUP-055, SUP-056; = escenarios_escala.csv",días de producción
inventario,5000,5,250,-,base_temporal=dias_produccion; dias=1; perfil_destino=P1,refrigerado_t,10.784176,t,stock,comercial,ESTIMACIÓN,[ESTIMACIÓN],"SUP-055, SUP-056; = escenarios_escala.csv",días de producción
inventario,5000,5,250,-,base_temporal=dias_produccion; dias=1; perfil_destino=P1,congelado_t,1.198242,t,stock,comercial,ESTIMACIÓN,[ESTIMACIÓN],"SUP-055, SUP-056; = escenarios_escala.csv",días de producción
inventario,5000,5,250,-,base_temporal=dias_produccion; dias=1; perfil_destino=P1,exportacion_t,0.0,t,stock,comercial,ESTIMACIÓN,[ESTIMACIÓN],"SUP-055, SUP-056; = escenarios_escala.csv",días de producción
inventario,5000,5,250,-,base_temporal=dias_produccion; dias=1; perfil_destino=P2,refrigerado_t,7.189451,t,stock,comercial,ESTIMACIÓN,[ESTIMACIÓN],"SUP-055, SUP-056; = escenarios_escala.csv",días de producción
inventario,5000,5,250,-,base_temporal=dias_produccion; dias=1; perfil_destino=P2,congelado_t,4.792967,t,stock,comercial,ESTIMACIÓN,[ESTIMACIÓN],"SUP-055, SUP-056; = escenarios_escala.csv",días de producción
inventario,5000,5,250,-,base_temporal=dias_produccion; dias=1; perfil_destino=P2,exportacion_t,0.0,t,stock,comercial,ESTIMACIÓN,[ESTIMACIÓN],"SUP-055, SUP-056; = escenarios_escala.csv",días de producción
inventario,5000,5,250,-,base_temporal=dias_produccion; dias=1; perfil_destino=P3,refrigerado_t,5.991209,t,stock,comercial,ESTIMACIÓN,[ESTIMACIÓN],"SUP-055, SUP-056; = escenarios_escala.csv",días de producción
inventario,5000,5,250,-,base_temporal=dias_produccion; dias=1; perfil_destino=P3,congelado_t,3.594725,t,stock,comercial,ESTIMACIÓN,[ESTIMACIÓN],"SUP-055, SUP-056; = escenarios_escala.csv",días de producción
inventario,5000,5,250,-,base_temporal=dias_produccion; dias=1; perfil_destino=P3,exportacion_t,2.396484,t,stock,comercial,ESTIMACIÓN,[ESTIMACIÓN],"SUP-055, SUP-056; = escenarios_escala.csv",días de producción
inventario,5000,5,250,-,base_temporal=dias_produccion; dias=3,comestible_total_t,35.947254,t,stock,comercial,ESTIMACIÓN,[ESTIMACIÓN],"SUP-055, SUP-056; = escenarios_escala.csv",días de producción
inventario,5000,5,250,-,base_temporal=dias_produccion; dias=3; perfil_destino=P1,refrigerado_t,32.352529,t,stock,comercial,ESTIMACIÓN,[ESTIMACIÓN],"SUP-055, SUP-056; = escenarios_escala.csv",días de producción
inventario,5000,5,250,-,base_temporal=dias_produccion; dias=3; perfil_destino=P1,congelado_t,3.594725,t,stock,comercial,ESTIMACIÓN,[ESTIMACIÓN],"SUP-055, SUP-056; = escenarios_escala.csv",días de producción
inventario,5000,5,250,-,base_temporal=dias_produccion; dias=3; perfil_destino=P1,exportacion_t,0.0,t,stock,comercial,ESTIMACIÓN,[ESTIMACIÓN],"SUP-055, SUP-056; = escenarios_escala.csv",días de producción
inventario,5000,5,250,-,base_temporal=dias_produccion; dias=3; perfil_destino=P2,refrigerado_t,21.568352,t,stock,comercial,ESTIMACIÓN,[ESTIMACIÓN],"SUP-055, SUP-056; = escenarios_escala.csv",días de producción
inventario,5000,5,250,-,base_temporal=dias_produccion; dias=3; perfil_destino=P2,congelado_t,14.378902,t,stock,comercial,ESTIMACIÓN,[ESTIMACIÓN],"SUP-055, SUP-056; = escenarios_escala.csv",días de producción
inventario,5000,5,250,-,base_temporal=dias_produccion; dias=3; perfil_destino=P2,exportacion_t,0.0,t,stock,comercial,ESTIMACIÓN,[ESTIMACIÓN],"SUP-055, SUP-056; = escenarios_escala.csv",días de producción
inventario,5000,5,250,-,base_temporal=dias_produccion; dias=3; perfil_destino=P3,refrigerado_t,17.973627,t,stock,comercial,ESTIMACIÓN,[ESTIMACIÓN],"SUP-055, SUP-056; = escenarios_escala.csv",días de producción
inventario,5000,5,250,-,base_temporal=dias_produccion; dias=3; perfil_destino=P3,congelado_t,10.784176,t,stock,comercial,ESTIMACIÓN,[ESTIMACIÓN],"SUP-055, SUP-056; = escenarios_escala.csv",días de producción
inventario,5000,5,250,-,base_temporal=dias_produccion; dias=3; perfil_destino=P3,exportacion_t,7.189451,t,stock,comercial,ESTIMACIÓN,[ESTIMACIÓN],"SUP-055, SUP-056; = escenarios_escala.csv",días de producción
inventario,5000,5,250,-,base_temporal=dias_produccion; dias=7,comestible_total_t,83.876926,t,stock,comercial,ESTIMACIÓN,[ESTIMACIÓN],"SUP-055, SUP-056; = escenarios_escala.csv",días de producción
inventario,5000,5,250,-,base_temporal=dias_produccion; dias=7; perfil_destino=P1,refrigerado_t,75.489233,t,stock,comercial,ESTIMACIÓN,[ESTIMACIÓN],"SUP-055, SUP-056; = escenarios_escala.csv",días de producción
inventario,5000,5,250,-,base_temporal=dias_produccion; dias=7; perfil_destino=P1,congelado_t,8.387693,t,stock,comercial,ESTIMACIÓN,[ESTIMACIÓN],"SUP-055, SUP-056; = escenarios_escala.csv",días de producción
inventario,5000,5,250,-,base_temporal=dias_produccion; dias=7; perfil_destino=P1,exportacion_t,0.0,t,stock,comercial,ESTIMACIÓN,[ESTIMACIÓN],"SUP-055, SUP-056; = escenarios_escala.csv",días de producción
inventario,5000,5,250,-,base_temporal=dias_produccion; dias=7; perfil_destino=P2,refrigerado_t,50.326156,t,stock,comercial,ESTIMACIÓN,[ESTIMACIÓN],"SUP-055, SUP-056; = escenarios_escala.csv",días de producción
inventario,5000,5,250,-,base_temporal=dias_produccion; dias=7; perfil_destino=P2,congelado_t,33.55077,t,stock,comercial,ESTIMACIÓN,[ESTIMACIÓN],"SUP-055, SUP-056; = escenarios_escala.csv",días de producción
inventario,5000,5,250,-,base_temporal=dias_produccion; dias=7; perfil_destino=P2,exportacion_t,0.0,t,stock,comercial,ESTIMACIÓN,[ESTIMACIÓN],"SUP-055, SUP-056; = escenarios_escala.csv",días de producción
inventario,5000,5,250,-,base_temporal=dias_produccion; dias=7; perfil_destino=P3,refrigerado_t,41.938463,t,stock,comercial,ESTIMACIÓN,[ESTIMACIÓN],"SUP-055, SUP-056; = escenarios_escala.csv",días de producción
inventario,5000,5,250,-,base_temporal=dias_produccion; dias=7; perfil_destino=P3,congelado_t,25.163078,t,stock,comercial,ESTIMACIÓN,[ESTIMACIÓN],"SUP-055, SUP-056; = escenarios_escala.csv",días de producción
inventario,5000,5,250,-,base_temporal=dias_produccion; dias=7; perfil_destino=P3,exportacion_t,16.775385,t,stock,comercial,ESTIMACIÓN,[ESTIMACIÓN],"SUP-055, SUP-056; = escenarios_escala.csv",días de producción
inventario,5000,5,250,-,base_temporal=dias_produccion; dias=14,comestible_total_t,167.753852,t,stock,comercial,ESTIMACIÓN,[ESTIMACIÓN],"SUP-055, SUP-056; = escenarios_escala.csv",días de producción
inventario,5000,5,250,-,base_temporal=dias_produccion; dias=14; perfil_destino=P1,refrigerado_t,150.978467,t,stock,comercial,ESTIMACIÓN,[ESTIMACIÓN],"SUP-055, SUP-056; = escenarios_escala.csv",días de producción
inventario,5000,5,250,-,base_temporal=dias_produccion; dias=14; perfil_destino=P1,congelado_t,16.775385,t,stock,comercial,ESTIMACIÓN,[ESTIMACIÓN],"SUP-055, SUP-056; = escenarios_escala.csv",días de producción
inventario,5000,5,250,-,base_temporal=dias_produccion; dias=14; perfil_destino=P1,exportacion_t,0.0,t,stock,comercial,ESTIMACIÓN,[ESTIMACIÓN],"SUP-055, SUP-056; = escenarios_escala.csv",días de producción
inventario,5000,5,250,-,base_temporal=dias_produccion; dias=14; perfil_destino=P2,refrigerado_t,100.652311,t,stock,comercial,ESTIMACIÓN,[ESTIMACIÓN],"SUP-055, SUP-056; = escenarios_escala.csv",días de producción
inventario,5000,5,250,-,base_temporal=dias_produccion; dias=14; perfil_destino=P2,congelado_t,67.101541,t,stock,comercial,ESTIMACIÓN,[ESTIMACIÓN],"SUP-055, SUP-056; = escenarios_escala.csv",días de producción
inventario,5000,5,250,-,base_temporal=dias_produccion; dias=14; perfil_destino=P2,exportacion_t,0.0,t,stock,comercial,ESTIMACIÓN,[ESTIMACIÓN],"SUP-055, SUP-056; = escenarios_escala.csv",días de producción
inventario,5000,5,250,-,base_temporal=dias_produccion; dias=14; perfil_destino=P3,refrigerado_t,83.876926,t,stock,comercial,ESTIMACIÓN,[ESTIMACIÓN],"SUP-055, SUP-056; = escenarios_escala.csv",días de producción
inventario,5000,5,250,-,base_temporal=dias_produccion; dias=14; perfil_destino=P3,congelado_t,50.326156,t,stock,comercial,ESTIMACIÓN,[ESTIMACIÓN],"SUP-055, SUP-056; = escenarios_escala.csv",días de producción
inventario,5000,5,250,-,base_temporal=dias_produccion; dias=14; perfil_destino=P3,exportacion_t,33.55077,t,stock,comercial,ESTIMACIÓN,[ESTIMACIÓN],"SUP-055, SUP-056; = escenarios_escala.csv",días de producción
inventario,5000,5,250,-,base_temporal=dias_calendario; dias=1,comestible_total_t,8.207136,t,stock,comercial,ESTIMACIÓN,[ESTIMACIÓN],"SUP-055, SUP-056; = escenarios_escala.csv",días calendario de cobertura (× días op./365)
inventario,5000,5,250,-,base_temporal=dias_calendario; dias=1; perfil_destino=P1,refrigerado_t,7.386422,t,stock,comercial,ESTIMACIÓN,[ESTIMACIÓN],"SUP-055, SUP-056; = escenarios_escala.csv",días calendario de cobertura (× días op./365)
inventario,5000,5,250,-,base_temporal=dias_calendario; dias=1; perfil_destino=P1,congelado_t,0.820714,t,stock,comercial,ESTIMACIÓN,[ESTIMACIÓN],"SUP-055, SUP-056; = escenarios_escala.csv",días calendario de cobertura (× días op./365)
inventario,5000,5,250,-,base_temporal=dias_calendario; dias=1; perfil_destino=P1,exportacion_t,0.0,t,stock,comercial,ESTIMACIÓN,[ESTIMACIÓN],"SUP-055, SUP-056; = escenarios_escala.csv",días calendario de cobertura (× días op./365)
inventario,5000,5,250,-,base_temporal=dias_calendario; dias=1; perfil_destino=P2,refrigerado_t,4.924281,t,stock,comercial,ESTIMACIÓN,[ESTIMACIÓN],"SUP-055, SUP-056; = escenarios_escala.csv",días calendario de cobertura (× días op./365)
inventario,5000,5,250,-,base_temporal=dias_calendario; dias=1; perfil_destino=P2,congelado_t,3.282854,t,stock,comercial,ESTIMACIÓN,[ESTIMACIÓN],"SUP-055, SUP-056; = escenarios_escala.csv",días calendario de cobertura (× días op./365)
inventario,5000,5,250,-,base_temporal=dias_calendario; dias=1; perfil_destino=P2,exportacion_t,0.0,t,stock,comercial,ESTIMACIÓN,[ESTIMACIÓN],"SUP-055, SUP-056; = escenarios_escala.csv",días calendario de cobertura (× días op./365)
inventario,5000,5,250,-,base_temporal=dias_calendario; dias=1; perfil_destino=P3,refrigerado_t,4.103568,t,stock,comercial,ESTIMACIÓN,[ESTIMACIÓN],"SUP-055, SUP-056; = escenarios_escala.csv",días calendario de cobertura (× días op./365)
inventario,5000,5,250,-,base_temporal=dias_calendario; dias=1; perfil_destino=P3,congelado_t,2.462141,t,stock,comercial,ESTIMACIÓN,[ESTIMACIÓN],"SUP-055, SUP-056; = escenarios_escala.csv",días calendario de cobertura (× días op./365)
inventario,5000,5,250,-,base_temporal=dias_calendario; dias=1; perfil_destino=P3,exportacion_t,1.641427,t,stock,comercial,ESTIMACIÓN,[ESTIMACIÓN],"SUP-055, SUP-056; = escenarios_escala.csv",días calendario de cobertura (× días op./365)
inventario,5000,5,250,-,base_temporal=dias_calendario; dias=3,comestible_total_t,24.621407,t,stock,comercial,ESTIMACIÓN,[ESTIMACIÓN],"SUP-055, SUP-056; = escenarios_escala.csv",días calendario de cobertura (× días op./365)
inventario,5000,5,250,-,base_temporal=dias_calendario; dias=3; perfil_destino=P1,refrigerado_t,22.159266,t,stock,comercial,ESTIMACIÓN,[ESTIMACIÓN],"SUP-055, SUP-056; = escenarios_escala.csv",días calendario de cobertura (× días op./365)
inventario,5000,5,250,-,base_temporal=dias_calendario; dias=3; perfil_destino=P1,congelado_t,2.462141,t,stock,comercial,ESTIMACIÓN,[ESTIMACIÓN],"SUP-055, SUP-056; = escenarios_escala.csv",días calendario de cobertura (× días op./365)
inventario,5000,5,250,-,base_temporal=dias_calendario; dias=3; perfil_destino=P1,exportacion_t,0.0,t,stock,comercial,ESTIMACIÓN,[ESTIMACIÓN],"SUP-055, SUP-056; = escenarios_escala.csv",días calendario de cobertura (× días op./365)
inventario,5000,5,250,-,base_temporal=dias_calendario; dias=3; perfil_destino=P2,refrigerado_t,14.772844,t,stock,comercial,ESTIMACIÓN,[ESTIMACIÓN],"SUP-055, SUP-056; = escenarios_escala.csv",días calendario de cobertura (× días op./365)
inventario,5000,5,250,-,base_temporal=dias_calendario; dias=3; perfil_destino=P2,congelado_t,9.848563,t,stock,comercial,ESTIMACIÓN,[ESTIMACIÓN],"SUP-055, SUP-056; = escenarios_escala.csv",días calendario de cobertura (× días op./365)
inventario,5000,5,250,-,base_temporal=dias_calendario; dias=3; perfil_destino=P2,exportacion_t,0.0,t,stock,comercial,ESTIMACIÓN,[ESTIMACIÓN],"SUP-055, SUP-056; = escenarios_escala.csv",días calendario de cobertura (× días op./365)
inventario,5000,5,250,-,base_temporal=dias_calendario; dias=3; perfil_destino=P3,refrigerado_t,12.310703,t,stock,comercial,ESTIMACIÓN,[ESTIMACIÓN],"SUP-055, SUP-056; = escenarios_escala.csv",días calendario de cobertura (× días op./365)
inventario,5000,5,250,-,base_temporal=dias_calendario; dias=3; perfil_destino=P3,congelado_t,7.386422,t,stock,comercial,ESTIMACIÓN,[ESTIMACIÓN],"SUP-055, SUP-056; = escenarios_escala.csv",días calendario de cobertura (× días op./365)
inventario,5000,5,250,-,base_temporal=dias_calendario; dias=3; perfil_destino=P3,exportacion_t,4.924281,t,stock,comercial,ESTIMACIÓN,[ESTIMACIÓN],"SUP-055, SUP-056; = escenarios_escala.csv",días calendario de cobertura (× días op./365)
inventario,5000,5,250,-,base_temporal=dias_calendario; dias=7,comestible_total_t,57.449949,t,stock,comercial,ESTIMACIÓN,[ESTIMACIÓN],"SUP-055, SUP-056; = escenarios_escala.csv",días calendario de cobertura (× días op./365)
inventario,5000,5,250,-,base_temporal=dias_calendario; dias=7; perfil_destino=P1,refrigerado_t,51.704954,t,stock,comercial,ESTIMACIÓN,[ESTIMACIÓN],"SUP-055, SUP-056; = escenarios_escala.csv",días calendario de cobertura (× días op./365)
inventario,5000,5,250,-,base_temporal=dias_calendario; dias=7; perfil_destino=P1,congelado_t,5.744995,t,stock,comercial,ESTIMACIÓN,[ESTIMACIÓN],"SUP-055, SUP-056; = escenarios_escala.csv",días calendario de cobertura (× días op./365)
inventario,5000,5,250,-,base_temporal=dias_calendario; dias=7; perfil_destino=P1,exportacion_t,0.0,t,stock,comercial,ESTIMACIÓN,[ESTIMACIÓN],"SUP-055, SUP-056; = escenarios_escala.csv",días calendario de cobertura (× días op./365)
inventario,5000,5,250,-,base_temporal=dias_calendario; dias=7; perfil_destino=P2,refrigerado_t,34.46997,t,stock,comercial,ESTIMACIÓN,[ESTIMACIÓN],"SUP-055, SUP-056; = escenarios_escala.csv",días calendario de cobertura (× días op./365)
inventario,5000,5,250,-,base_temporal=dias_calendario; dias=7; perfil_destino=P2,congelado_t,22.97998,t,stock,comercial,ESTIMACIÓN,[ESTIMACIÓN],"SUP-055, SUP-056; = escenarios_escala.csv",días calendario de cobertura (× días op./365)
inventario,5000,5,250,-,base_temporal=dias_calendario; dias=7; perfil_destino=P2,exportacion_t,0.0,t,stock,comercial,ESTIMACIÓN,[ESTIMACIÓN],"SUP-055, SUP-056; = escenarios_escala.csv",días calendario de cobertura (× días op./365)
inventario,5000,5,250,-,base_temporal=dias_calendario; dias=7; perfil_destino=P3,refrigerado_t,28.724975,t,stock,comercial,ESTIMACIÓN,[ESTIMACIÓN],"SUP-055, SUP-056; = escenarios_escala.csv",días calendario de cobertura (× días op./365)
inventario,5000,5,250,-,base_temporal=dias_calendario; dias=7; perfil_destino=P3,congelado_t,17.234985,t,stock,comercial,ESTIMACIÓN,[ESTIMACIÓN],"SUP-055, SUP-056; = escenarios_escala.csv",días calendario de cobertura (× días op./365)
inventario,5000,5,250,-,base_temporal=dias_calendario; dias=7; perfil_destino=P3,exportacion_t,11.48999,t,stock,comercial,ESTIMACIÓN,[ESTIMACIÓN],"SUP-055, SUP-056; = escenarios_escala.csv",días calendario de cobertura (× días op./365)
inventario,5000,5,250,-,base_temporal=dias_calendario; dias=14,comestible_total_t,114.899899,t,stock,comercial,ESTIMACIÓN,[ESTIMACIÓN],"SUP-055, SUP-056; = escenarios_escala.csv",días calendario de cobertura (× días op./365)
inventario,5000,5,250,-,base_temporal=dias_calendario; dias=14; perfil_destino=P1,refrigerado_t,103.409909,t,stock,comercial,ESTIMACIÓN,[ESTIMACIÓN],"SUP-055, SUP-056; = escenarios_escala.csv",días calendario de cobertura (× días op./365)
inventario,5000,5,250,-,base_temporal=dias_calendario; dias=14; perfil_destino=P1,congelado_t,11.48999,t,stock,comercial,ESTIMACIÓN,[ESTIMACIÓN],"SUP-055, SUP-056; = escenarios_escala.csv",días calendario de cobertura (× días op./365)
inventario,5000,5,250,-,base_temporal=dias_calendario; dias=14; perfil_destino=P1,exportacion_t,0.0,t,stock,comercial,ESTIMACIÓN,[ESTIMACIÓN],"SUP-055, SUP-056; = escenarios_escala.csv",días calendario de cobertura (× días op./365)
inventario,5000,5,250,-,base_temporal=dias_calendario; dias=14; perfil_destino=P2,refrigerado_t,68.939939,t,stock,comercial,ESTIMACIÓN,[ESTIMACIÓN],"SUP-055, SUP-056; = escenarios_escala.csv",días calendario de cobertura (× días op./365)
inventario,5000,5,250,-,base_temporal=dias_calendario; dias=14; perfil_destino=P2,congelado_t,45.959959,t,stock,comercial,ESTIMACIÓN,[ESTIMACIÓN],"SUP-055, SUP-056; = escenarios_escala.csv",días calendario de cobertura (× días op./365)
inventario,5000,5,250,-,base_temporal=dias_calendario; dias=14; perfil_destino=P2,exportacion_t,0.0,t,stock,comercial,ESTIMACIÓN,[ESTIMACIÓN],"SUP-055, SUP-056; = escenarios_escala.csv",días calendario de cobertura (× días op./365)
inventario,5000,5,250,-,base_temporal=dias_calendario; dias=14; perfil_destino=P3,refrigerado_t,57.449949,t,stock,comercial,ESTIMACIÓN,[ESTIMACIÓN],"SUP-055, SUP-056; = escenarios_escala.csv",días calendario de cobertura (× días op./365)
inventario,5000,5,250,-,base_temporal=dias_calendario; dias=14; perfil_destino=P3,congelado_t,34.46997,t,stock,comercial,ESTIMACIÓN,[ESTIMACIÓN],"SUP-055, SUP-056; = escenarios_escala.csv",días calendario de cobertura (× días op./365)
inventario,5000,5,250,-,base_temporal=dias_calendario; dias=14; perfil_destino=P3,exportacion_t,22.97998,t,stock,comercial,ESTIMACIÓN,[ESTIMACIÓN],"SUP-055, SUP-056; = escenarios_escala.csv",días calendario de cobertura (× días op./365)
entrada,5000,6,300,bajo,,aves_faenadas_dia_operativo,5000.0,aves,dia_operativo,aves,SUPUESTO,[SUPUESTO],SUP-052,escala = capacidad operativa
entrada,5000,6,300,bajo,,t_vivas_dia_operativo,14.5,t,dia_operativo,vivo,ESTIMACIÓN,[ESTIMACIÓN],escenarios_escala.csv,
agua,5000,6,300,bajo,nivel=bajo,agua_recepcion_l_ave,0.5,L/ave,por_ave,agua_utilizada,SUPUESTO,[SUPUESTO],sin fuente por ave; DPV propuesto,"Recepción: lavado de jaulas/módulos, camiones y andén"
agua,5000,6,300,bajo,nivel=bajo,agua_recepcion_m3_dia,2.5,m³,dia_operativo,agua_utilizada,ESTIMACIÓN,[ESTIMACIÓN],,"Recepción: lavado de jaulas/módulos, camiones y andén"
agua,5000,6,300,bajo,nivel=bajo,agua_escaldado_l_ave,0.9,L/ave,por_ave,agua_utilizada,FUENTE,[FUENTE] [PVDP],"mín. ~1 cuarto de galón (0,95 L)/ave (FTE-09C-11, FTE-09C-18)","Escaldado: llenado, reposición y desborde"
agua,5000,6,300,bajo,nivel=bajo,agua_escaldado_m3_dia,4.5,m³,dia_operativo,agua_utilizada,ESTIMACIÓN,[ESTIMACIÓN],,"Escaldado: llenado, reposición y desborde"
agua,5000,6,300,bajo,nivel=bajo,agua_desplumado_l_ave,1.0,L/ave,por_ave,agua_utilizada,SUPUESTO,[SUPUESTO],incluido en totales de FTE-09C-01/02,Desplumado: duchas y transporte de plumas
agua,5000,6,300,bajo,nivel=bajo,agua_desplumado_m3_dia,5.0,m³,dia_operativo,agua_utilizada,ESTIMACIÓN,[ESTIMACIÓN],,Desplumado: duchas y transporte de plumas
agua,5000,6,300,bajo,nivel=bajo,agua_evisceracion_l_ave,4.0,L/ave,por_ave,agua_utilizada,FUENTE,[FUENTE] [PVDP],"7,57 L/ave (FTE-09C-01)",Evisceración: lavados interior/exterior y transporte hidráulico de vísceras
agua,5000,6,300,bajo,nivel=bajo,agua_evisceracion_m3_dia,20.0,m³,dia_operativo,agua_utilizada,ESTIMACIÓN,[ESTIMACIÓN],,Evisceración: lavados interior/exterior y transporte hidráulico de vísceras
agua,5000,6,300,bajo,nivel=bajo,agua_lavado_l_ave,1.5,L/ave,por_ave,agua_utilizada,FUENTE,[FUENTE] [PVDP],"4,25–4,35 L/ave (FTE-09C-01)",Lavado final de carcasas
agua,5000,6,300,bajo,nivel=bajo,agua_lavado_m3_dia,7.5,m³,dia_operativo,agua_utilizada,ESTIMACIÓN,[ESTIMACIÓN],,Lavado final de carcasas
agua,5000,6,300,bajo,nivel=bajo,agua_chiller_l_ave,1.9,L/ave,por_ave,agua_utilizada,FUENTE,[FUENTE] [PVDP],"mín. 0,5 gal = 1,9 L/ave; típico 2,8–5,7 L/ave (FTE-09C-18); 2,12 L/ave (FTE-09C-01)",Chiller: reposición de agua (contracorriente)
agua,5000,6,300,bajo,nivel=bajo,agua_chiller_m3_dia,9.5,m³,dia_operativo,agua_utilizada,ESTIMACIÓN,[ESTIMACIÓN],,Chiller: reposición de agua (contracorriente)
agua,5000,6,300,bajo,nivel=bajo,agua_despiece_l_ave,0.5,L/ave,por_ave,agua_utilizada,FUENTE,[FUENTE] [PVDP],"3,03 L/ave (FTE-09C-01)",Sala de despiece y deshuese
agua,5000,6,300,bajo,nivel=bajo,agua_despiece_m3_dia,2.5,m³,dia_operativo,agua_utilizada,ESTIMACIÓN,[ESTIMACIÓN],,Sala de despiece y deshuese
agua,5000,6,300,bajo,nivel=bajo,agua_limpieza_l_ave,3.0,L/ave,por_ave,agua_utilizada,FUENTE,[FUENTE] [PVDP],"1,5–3 gal = 5,7–11,4 L/ave saneamiento + 0,9–3,8 L equipos (FTE-09C-01)",Limpieza de equipos y salas (fin de turno)
agua,5000,6,300,bajo,nivel=bajo,agua_limpieza_m3_dia,15.0,m³,dia_operativo,agua_utilizada,ESTIMACIÓN,[ESTIMACIÓN],,Limpieza de equipos y salas (fin de turno)
agua,5000,6,300,bajo,nivel=bajo,agua_sanitizacion_l_ave,0.7,L/ave,por_ave,agua_utilizada,SUPUESTO,[SUPUESTO],sin fuente separada,"Sanitización: esterilizadores, lavamanos, pediluvios, enjuagues"
agua,5000,6,300,bajo,nivel=bajo,agua_sanitizacion_m3_dia,3.5,m³,dia_operativo,agua_utilizada,ESTIMACIÓN,[ESTIMACIÓN],,"Sanitización: esterilizadores, lavamanos, pediluvios, enjuagues"
agua,5000,6,300,bajo,nivel=bajo,agua_auxiliares_l_ave,1.0,L/ave,por_ave,agua_utilizada,SUPUESTO,[SUPUESTO],sin fuente separada,"Servicios auxiliares: caldera, condensadores evaporativos, vestuarios, comedor"
agua,5000,6,300,bajo,nivel=bajo,agua_auxiliares_m3_dia,5.0,m³,dia_operativo,agua_utilizada,ESTIMACIÓN,[ESTIMACIÓN],,"Servicios auxiliares: caldera, condensadores evaporativos, vestuarios, comedor"
agua,5000,6,300,bajo,nivel=bajo,agua_utilizada_l_ave,15.0,L/ave,por_ave,agua_utilizada,ESTIMACIÓN,[ESTIMACIÓN] con rangos [PVDP],FTE-09C-01 a 04,consumo industrial; NO incluye agua retenida
agua,5000,6,300,bajo,nivel=bajo,agua_utilizada_m3_dia,75.0,m³,dia_operativo,agua_utilizada,ESTIMACIÓN,[ESTIMACIÓN],,
agua,5000,6,300,bajo,nivel=bajo,agua_utilizada_m3_anio,22500.0,m³,anio,agua_utilizada,ESTIMACIÓN,[ESTIMACIÓN],,
agua,5000,6,300,bajo,nivel=bajo,agua_utilizada_m3_h_medio,6.25,m³/h,hora,agua_utilizada,ESTIMACIÓN,[ESTIMACIÓN],,sobre 12 h (faena + limpieza)
agua,5000,6,300,bajo,nivel=bajo,agua_utilizada_m3_h_pico,9.375,m³/h,hora,agua_utilizada,SUPUESTO,[SUPUESTO] factor de pico,,"dimensiona captación, bombeo y reserva"
agua,5000,6,300,bajo,nivel=bajo,reserva_agua_1_dia_m3,75.0,m³,stock,agua_utilizada,ESTIMACIÓN,[ESTIMACIÓN],,"volumen equivalente a un día de uso (referencia conceptual, no diseño)"
agua,5000,6,300,bajo,nivel=bajo,agua_descargada_m3_dia,60.0,m³,dia_operativo,agua_descargada,SUPUESTO,[ESTIMACIÓN] con fracción [SUPUESTO],,fracción a efluente = 0.80
agua,5000,6,300,bajo,nivel=bajo,agua_descargada_l_ave,12.0,L/ave,por_ave,agua_descargada,ESTIMACIÓN,[ESTIMACIÓN],,
agua,5000,6,300,bajo,nivel=bajo,agua_no_descargada_m3_dia,15.0,m³,dia_operativo,agua_no_descargada,ESTIMACIÓN,[ESTIMACIÓN],,evaporación + retenida + sale con subproductos + pérdidas
agua_retenida,5000,6,300,bajo,,agua_retenida_en_producto_t_dia,0.427632,t,dia_operativo,agua_retenida,ESTIMACIÓN,[ESTIMACIÓN] del balance v1.1,escenarios_escala.csv,sale vendida con el producto; NO es consumo industrial ni efluente
agua_retenida,5000,6,300,bajo,,agua_incorporada_producto_y_subproductos_t_dia,1.063303,t,dia_operativo,agua_retenida,ESTIMACIÓN,[ESTIMACIÓN] del balance v1.1,escenarios_escala.csv,absorbida en chiller + adherida a plumas (incluye goteo posterior)
agua_retenida,5000,6,300,bajo,,agua_retenida_sobre_agua_utilizada_pct,0.570176,%,adimensional,agua,ESTIMACIÓN,[ESTIMACIÓN],,cuánto del agua usada termina dentro del producto
efluente,5000,6,300,bajo,nivel=bajo,carga_DQO_g_ave,50.0,g/ave,por_ave,efluente_crudo,ESTIMACIÓN,[ESTIMACIÓN] con rangos [PVDP],FTE-181; FTE-09C-05,efluente crudo tras retirar sangre y sólidos gruesos
efluente,5000,6,300,bajo,nivel=bajo,carga_DQO_kg_dia,250.0,kg,dia_operativo,efluente_crudo,ESTIMACIÓN,[ESTIMACIÓN],,
efluente,5000,6,300,bajo,nivel=bajo,concentracion_DQO_mg_l,4166.666667,mg/L,adimensional,efluente_crudo,ESTIMACIÓN,[ESTIMACIÓN],,"resultado (carga / caudal), no parámetro"
efluente,5000,6,300,bajo,nivel=bajo,carga_DBO5_g_ave,25.0,g/ave,por_ave,efluente_crudo,ESTIMACIÓN,[ESTIMACIÓN] con rangos [PVDP],"FTE-181; FTE-09C-05 (DBO/DQO ~0,4–0,6)",efluente crudo tras retirar sangre y sólidos gruesos
efluente,5000,6,300,bajo,nivel=bajo,carga_DBO5_kg_dia,125.0,kg,dia_operativo,efluente_crudo,ESTIMACIÓN,[ESTIMACIÓN],,
efluente,5000,6,300,bajo,nivel=bajo,concentracion_DBO5_mg_l,2083.333333,mg/L,adimensional,efluente_crudo,ESTIMACIÓN,[ESTIMACIÓN],,"resultado (carga / caudal), no parámetro"
efluente,5000,6,300,bajo,nivel=bajo,carga_SST_g_ave,15.0,g/ave,por_ave,efluente_crudo,ESTIMACIÓN,[ESTIMACIÓN] con rangos [PVDP],FTE-181; FTE-09C-05,efluente crudo tras retirar sangre y sólidos gruesos
efluente,5000,6,300,bajo,nivel=bajo,carga_SST_kg_dia,75.0,kg,dia_operativo,efluente_crudo,ESTIMACIÓN,[ESTIMACIÓN],,
efluente,5000,6,300,bajo,nivel=bajo,concentracion_SST_mg_l,1250.0,mg/L,adimensional,efluente_crudo,ESTIMACIÓN,[ESTIMACIÓN],,"resultado (carga / caudal), no parámetro"
efluente,5000,6,300,bajo,nivel=bajo,carga_GyA_g_ave,5.0,g/ave,por_ave,efluente_crudo,ESTIMACIÓN,[ESTIMACIÓN] con rangos [PVDP],FTE-09C-06 (~500 mg/L tamizado),efluente crudo tras retirar sangre y sólidos gruesos
efluente,5000,6,300,bajo,nivel=bajo,carga_GyA_kg_dia,25.0,kg,dia_operativo,efluente_crudo,ESTIMACIÓN,[ESTIMACIÓN],,
efluente,5000,6,300,bajo,nivel=bajo,concentracion_GyA_mg_l,416.666667,mg/L,adimensional,efluente_crudo,ESTIMACIÓN,[ESTIMACIÓN],,"resultado (carga / caudal), no parámetro"
efluente,5000,6,300,bajo,nivel=bajo,carga_NTK_g_ave,3.0,g/ave,por_ave,efluente_crudo,ESTIMACIÓN,[ESTIMACIÓN] con rangos [PVDP],FTE-09C-06 (150–296 mg/L),efluente crudo tras retirar sangre y sólidos gruesos
efluente,5000,6,300,bajo,nivel=bajo,carga_NTK_kg_dia,15.0,kg,dia_operativo,efluente_crudo,ESTIMACIÓN,[ESTIMACIÓN],,
efluente,5000,6,300,bajo,nivel=bajo,concentracion_NTK_mg_l,250.0,mg/L,adimensional,efluente_crudo,ESTIMACIÓN,[ESTIMACIÓN],,"resultado (carga / caudal), no parámetro"
efluente,5000,6,300,bajo,nivel=bajo,carga_PT_g_ave,0.3,g/ave,por_ave,efluente_crudo,ESTIMACIÓN,[ESTIMACIÓN] con rangos [PVDP],"FTE-09C-06 (~18,5 mg/L)",efluente crudo tras retirar sangre y sólidos gruesos
efluente,5000,6,300,bajo,nivel=bajo,carga_PT_kg_dia,1.5,kg,dia_operativo,efluente_crudo,ESTIMACIÓN,[ESTIMACIÓN],,
efluente,5000,6,300,bajo,nivel=bajo,concentracion_PT_mg_l,25.0,mg/L,adimensional,efluente_crudo,ESTIMACIÓN,[ESTIMACIÓN],,"resultado (carga / caudal), no parámetro"
efluente,5000,6,300,bajo,,dqo_extra_por_sangre_no_recuperada_g_ave,0.0,g/ave,por_ave,efluente_crudo,ESTIMACIÓN,[ESTIMACIÓN] con DQO de sangre [PVDP],FTE-181,recuperación 0.85 vs referencia 0.85
efluente,5000,6,300,bajo,,dqo_evitada_por_recuperar_sangre_kg_dia,149.660714,kg,dia_operativo,efluente_crudo,ESTIMACIÓN,[ESTIMACIÓN] con DQO de sangre [PVDP],FTE-181,orden de magnitud; no es una reducción medida
efluente,5000,6,300,bajo,nivel=bajo,caudal_efluente_m3_h_pico,7.5,m³/h,hora,agua_descargada,SUPUESTO,[SUPUESTO] factor de pico,,dimensiona ecualización
efluente,5000,6,300,bajo,nivel=bajo,remocion_dqo_requerida_ilustrativa_pct,94.0,%,adimensional,efluente_crudo,ESTIMACIÓN,[ESTIMACIÓN] con límite [PVDP],FTE-09C-08,"límite ilustrativo 250 mg/L (ADA 336/03, pluvial; a confirmar según sitio y cuerpo receptor)"
masa_evitable,5000,6,300,bajo,,sangre_recuperada_t_dia,0.41905,t,dia_operativo,biologica+agua,ESTIMACIÓN,[ESTIMACIÓN] del balance v1.1,escenarios_escala.csv,"sangre recuperada por separado (85 %, SUP-040)"
masa_evitable,5000,6,300,bajo,,plumas_t_dia,1.2064,t,dia_operativo,biologica+agua,ESTIMACIÓN,[ESTIMACIÓN] del balance v1.1,escenarios_escala.csv,plumas húmedas retiradas
masa_evitable,5000,6,300,bajo,,visceras_t_dia,0.6525,t,dia_operativo,biologica+agua,ESTIMACIÓN,[ESTIMACIÓN] del balance v1.1,escenarios_escala.csv,vísceras no comestibles
masa_evitable,5000,6,300,bajo,,cabeza_t_dia,0.3625,t,dia_operativo,biologica+agua,ESTIMACIÓN,[ESTIMACIÓN] del balance v1.1,escenarios_escala.csv,cabezas
masa_evitable,5000,6,300,bajo,,solidos_a_retirar_t_dia,3.041763,t,dia_operativo,biologica+agua,ESTIMACIÓN,[ESTIMACIÓN] del balance v1.1,escenarios_escala.csv,total sólidos a retirar en seco (C + decomisos + contenido GI; NO sumar)
masa_evitable,5000,6,300,bajo,,masa_a_efluente_o_perdida_t_dia,0.539122,t,dia_operativo,biologica+agua,ESTIMACIÓN,[ESTIMACIÓN] del balance v1.1,escenarios_escala.csv,"masa que el balance ya envía a efluente o pérdida (sangre no recuperada, cutícula, goteo, pérdidas)"
lodos,5000,6,300,bajo,nivel=bajo,lodo_daf_kg_ms_dia,83.875,kg,dia_operativo,materia_seca,ESTIMACIÓN,[ESTIMACIÓN] con remociones [PVDP],"FTE-09C-05, FTE-09C-13",sólidos + grasas flotados + químicos
lodos,5000,6,300,bajo,nivel=bajo,lodo_daf_t_humedo_dia,0.559167,t,dia_operativo,lodo_humedo,ESTIMACIÓN,[ESTIMACIÓN] con % sólidos [PVDP],FTE-09C-13,
lodos,5000,6,300,bajo,nivel=bajo,dbo_al_tratamiento_biologico_kg_dia,50.0,kg,dia_operativo,efluente_pretratado,ESTIMACIÓN,[ESTIMACIÓN],,después de DAF
lodos,5000,6,300,bajo,nivel=bajo,lodo_biologico_aerobio_kg_ms_dia,14.25,kg,dia_operativo,materia_seca,SUPUESTO,[ESTIMACIÓN] con rendimiento [SUPUESTO],,si el tratamiento fuera aerobio completo; anaerobio genera mucho menos lodo
lodos,5000,6,300,bajo,nivel=bajo,lodos_deshidratados_t_dia,0.490625,t,dia_operativo,lodo_humedo,SUPUESTO,[ESTIMACIÓN] con [SUPUESTO],,DAF + biológico deshidratados; disposición/valorización a definir
electricidad,5000,6,300,bajo,nivel=bajo,kwh_proceso_dia,2175.0,kWh,dia_operativo,energia_electrica,FUENTE,[ESTIMACIÓN] con indicador [PVDP],"UE 152–860 kWh/t faenada; Brasil 165 kWh/t; 1,19 MJ/kg = 330 kWh/t (FTE-09C-09, FTE-09C-03)","faena, proceso, enfriado fresco, aire, agua, servicios"
electricidad,5000,6,300,bajo,nivel=bajo,kwh_proceso_frio_de_proceso_agua_helada_hielo_dia,761.25,kWh,dia_operativo,energia_electrica,SUPUESTO,[SUPUESTO] reparto ilustrativo,FTE-09C-09 (cualitativo),didáctico; no sumar con kwh_proceso_dia
electricidad,5000,6,300,bajo,nivel=bajo,kwh_proceso_motores_de_linea_y_transportadores_dia,435.0,kWh,dia_operativo,energia_electrica,SUPUESTO,[SUPUESTO] reparto ilustrativo,FTE-09C-09 (cualitativo),didáctico; no sumar con kwh_proceso_dia
electricidad,5000,6,300,bajo,nivel=bajo,kwh_proceso_aire_comprimido_dia,217.5,kWh,dia_operativo,energia_electrica,SUPUESTO,[SUPUESTO] reparto ilustrativo,FTE-09C-09 (cualitativo),didáctico; no sumar con kwh_proceso_dia
electricidad,5000,6,300,bajo,nivel=bajo,kwh_proceso_bombas_agua_y_efluentes_dia,217.5,kWh,dia_operativo,energia_electrica,SUPUESTO,[SUPUESTO] reparto ilustrativo,FTE-09C-09 (cualitativo),didáctico; no sumar con kwh_proceso_dia
electricidad,5000,6,300,bajo,nivel=bajo,kwh_proceso_climatizacion_salas_dia,174.0,kWh,dia_operativo,energia_electrica,SUPUESTO,[SUPUESTO] reparto ilustrativo,FTE-09C-09 (cualitativo),didáctico; no sumar con kwh_proceso_dia
electricidad,5000,6,300,bajo,nivel=bajo,kwh_proceso_iluminacion_dia,152.25,kWh,dia_operativo,energia_electrica,SUPUESTO,[SUPUESTO] reparto ilustrativo,FTE-09C-09 (cualitativo),didáctico; no sumar con kwh_proceso_dia
electricidad,5000,6,300,bajo,nivel=bajo,kwh_proceso_oficinas_vestuarios_servicios_dia,108.75,kWh,dia_operativo,energia_electrica,SUPUESTO,[SUPUESTO] reparto ilustrativo,FTE-09C-09 (cualitativo),didáctico; no sumar con kwh_proceso_dia
electricidad,5000,6,300,bajo,nivel=bajo,kwh_proceso_otros_dia,108.75,kWh,dia_operativo,energia_electrica,SUPUESTO,[SUPUESTO] reparto ilustrativo,FTE-09C-09 (cualitativo),didáctico; no sumar con kwh_proceso_dia
inventario,5000,6,300,bajo,,stock_refrigerado_t,32.352529,t,stock,comercial,ESTIMACIÓN,[ESTIMACIÓN],"SUP-055, SUP-056",base=dias_produccion; días=3; perfil=P1
inventario,5000,6,300,bajo,,stock_congelado_t,16.775385,t,stock,comercial,ESTIMACIÓN,[ESTIMACIÓN],"SUP-055, SUP-056",base=dias_produccion; días=14; incluye exportación
congelado,5000,6,300,bajo,,capacidad_congelacion_t_dia,1.198242,t,dia_operativo,comercial,ESTIMACIÓN,[ESTIMACIÓN],SUP-055,t que hay que congelar cada día de faena (túneles/IQF)
congelado,5000,6,300,bajo,,capacidad_almacenamiento_congelado_t,16.775385,t,stock,comercial,ESTIMACIÓN,[ESTIMACIÓN],,t que hay que guardar (cámaras); NO es capacidad de congelación
congelado,5000,6,300,bajo,nivel=bajo,garras_a_congelar_t_dia_informativo,0.0,t,dia_operativo,comercial,SUPUESTO,[SUPUESTO],,ya incluidas dentro del comestible: NO sumar al perfil
congelado,5000,6,300,bajo,nivel=bajo,menudencias_a_congelar_t_dia_informativo,0.0,t,dia_operativo,comercial,SUPUESTO,[SUPUESTO],,ya incluidas dentro del comestible: NO sumar al perfil
congelado,5000,6,300,bajo,nivel=bajo,calor_a_extraer_congelacion_kj_kg,355.332,kJ/kg,adimensional,producto,ESTIMACIÓN,[ESTIMACIÓN] con propiedades [PVDP],FTE-09C-14,"de +4 °C a −18 °C, con pérdidas"
frio,5000,6,300,bajo,nivel=bajo,kw_frigorificos_enfriado_producto_fresco,91.230327,kW frigoríficos,potencia,frio,ESTIMACIÓN,[ESTIMACIÓN] con [SUPUESTO],,chiller + menudencias + salas/docks; durante 8 h netas
frio,5000,6,300,bajo,nivel=bajo,tr_enfriado_producto_fresco,25.939814,TR,potencia,frio,ESTIMACIÓN,[ESTIMACIÓN],,"1 TR = 3,517 kW frigoríficos"
frio,5000,6,300,bajo,nivel=bajo,kw_electricos_enfriado_producto_fresco,22.807582,kW eléctricos,potencia,energia_electrica,SUPUESTO,[ESTIMACIÓN] con COP [SUPUESTO],,kW eléctricos = kW frigoríficos / COP
frio,5000,6,300,bajo,nivel=bajo,kw_frigorificos_congelacion_tuneles,5.913523,kW frigoríficos,potencia,frio,ESTIMACIÓN,[ESTIMACIÓN] con [SUPUESTO],,durante 20 h/día
frio,5000,6,300,bajo,nivel=bajo,tr_congelacion_tuneles,1.681411,TR,potencia,frio,ESTIMACIÓN,[ESTIMACIÓN],,"1 TR = 3,517 kW frigoríficos"
frio,5000,6,300,bajo,nivel=bajo,kw_electricos_congelacion_tuneles,3.285291,kW eléctricos,potencia,energia_electrica,SUPUESTO,[ESTIMACIÓN] con COP [SUPUESTO],,kW eléctricos = kW frigoríficos / COP
frio,5000,6,300,bajo,nivel=bajo,kw_frigorificos_camaras_almacenamiento,4.583275,kW frigoríficos,potencia,frio,ESTIMACIÓN,[ESTIMACIÓN] con [SUPUESTO],,"24 h, 365 días; desde kWh/(t·día)"
frio,5000,6,300,bajo,nivel=bajo,tr_camaras_almacenamiento,1.303177,TR,potencia,frio,ESTIMACIÓN,[ESTIMACIÓN],,"1 TR = 3,517 kW frigoríficos"
frio,5000,6,300,bajo,nivel=bajo,kw_electricos_camaras_almacenamiento,1.722473,kW eléctricos,potencia,energia_electrica,SUPUESTO,[ESTIMACIÓN] con COP [SUPUESTO],,kW eléctricos = kW frigoríficos / COP
frio,5000,6,300,bajo,nivel=bajo,kj_frio_enfriado_por_ave,525.486686,kJ/ave,por_ave,frio,ESTIMACIÓN,[ESTIMACIÓN] con [SUPUESTO],FTE-09C-14,
electricidad,5000,6,300,bajo,nivel=bajo,kwh_congelacion_dia,143.789016,kWh,dia_operativo,energia_electrica,FUENTE,[ESTIMACIÓN] con indicador [PVDP],120–260 kWh/t de ave congelada; 133 kWh/t (FTE-09C-10),
electricidad,5000,6,300,bajo,nivel=bajo,kwh_almacenamiento_frio_dia_calendario,41.339342,kWh,dia_calendario,energia_electrica,SUPUESTO,[ESTIMACIÓN] con [SUPUESTO],,las cámaras funcionan también sin faena
electricidad,5000,6,300,bajo,nivel=bajo,kwh_tratamiento_aerobio_dia,33.25,kWh,dia_operativo,energia_electrica,SUPUESTO,[ESTIMACIÓN] con [SUPUESTO],,cota: si todo el biológico fuera aerobio
electricidad,5000,6,300,bajo,nivel=bajo,kwh_total_dia_operativo,2393.378358,kWh,dia_operativo,energia_electrica,ESTIMACIÓN,[ESTIMACIÓN],,proceso + congelado + aerobio + cámaras
electricidad,5000,6,300,bajo,nivel=bajo,kwh_total_anio,720700.564667,kWh,anio,energia_electrica,ESTIMACIÓN,[ESTIMACIÓN],,cámaras × 365 días; resto × días de faena
electricidad,5000,6,300,bajo,nivel=bajo,kwh_por_ave_promedio_anual,0.480467,kWh/ave,por_ave,energia_electrica,ESTIMACIÓN,[ESTIMACIÓN],,
electricidad,5000,6,300,bajo,nivel=bajo,kw_potencia_media_operacion,165.654483,kW,potencia,energia_electrica,ESTIMACIÓN,[ESTIMACIÓN],,proceso sobre 14 h + túneles + cámaras + efluentes
electricidad,5000,6,300,bajo,nivel=bajo,kw_potencia_pico_estimada,212.261626,kW,potencia,energia_electrica,SUPUESTO,[ESTIMACIÓN] con factor de pico [SUPUESTO],,orden de magnitud para pedir potencia; no es diseño
termico,5000,6,300,bajo,nivel=bajo,calor_util_escaldado_mj_dia,1017.198,MJ,dia_operativo,energia_termica,ESTIMACIÓN,[ESTIMACIÓN] con temperaturas [PVDP]/[SUPUESTO],FTE-09C-11,
termico,5000,6,300,bajo,nivel=bajo,kw_termicos_escaldado,35.319375,kW térmicos,potencia,energia_termica,ESTIMACIÓN,[ESTIMACIÓN],,durante 8 h
termico,5000,6,300,bajo,nivel=bajo,calor_util_limpieza_mj_dia,1004.64,MJ,dia_operativo,energia_termica,ESTIMACIÓN,[ESTIMACIÓN] con temperaturas [PVDP]/[SUPUESTO],FTE-09C-11,
termico,5000,6,300,bajo,nivel=bajo,kw_termicos_limpieza,69.766667,kW térmicos,potencia,energia_termica,ESTIMACIÓN,[ESTIMACIÓN],,durante 4 h
termico,5000,6,300,bajo,nivel=bajo,calor_util_sanitizacion_mj_dia,281.2992,MJ,dia_operativo,energia_termica,ESTIMACIÓN,[ESTIMACIÓN] con temperaturas [PVDP]/[SUPUESTO],FTE-09C-11,
termico,5000,6,300,bajo,nivel=bajo,kw_termicos_sanitizacion,6.511556,kW térmicos,potencia,energia_termica,ESTIMACIÓN,[ESTIMACIÓN],,durante 12 h
termico,5000,6,300,bajo,nivel=bajo,calor_util_mj_ave,0.460627,MJ/ave,por_ave,energia_termica,ESTIMACIÓN,[ESTIMACIÓN],,
termico,5000,6,300,bajo,nivel=bajo,energia_combustible_mj_dia,2709.573176,MJ,dia_operativo,energia_termica,ESTIMACIÓN,[ESTIMACIÓN] con rendimiento [SUPUESTO],,
termico,5000,6,300,bajo,nivel=bajo,energia_combustible_kwh_dia,752.659216,kWh,dia_operativo,energia_termica,ESTIMACIÓN,[ESTIMACIÓN],,kWh TÉRMICOS (no eléctricos)
termico,5000,6,300,bajo,nivel=bajo,equivalente_gas_natural_m3_dia,69.654837,m3,dia_operativo,energia_termica,SUPUESTO,[ESTIMACIÓN] con PCI [SUPUESTO],~9.300 kcal/m³ (a verificar con distribuidora),"equivalencia, no elección"
termico,5000,6,300,bajo,nivel=bajo,equivalente_glp_kg_dia,58.903765,kg,dia_operativo,energia_termica,SUPUESTO,[ESTIMACIÓN] con PCI [SUPUESTO],~11.000 kcal/kg,"equivalencia, no elección"
termico,5000,6,300,bajo,nivel=bajo,equivalente_biomasa_chip_kg_dia,193.540941,kg,dia_operativo,energia_termica,SUPUESTO,[ESTIMACIÓN] con PCI [SUPUESTO],chip de madera ~20–25 % humedad; muy variable,"equivalencia, no elección"
termico,5000,6,300,bajo,nivel=bajo,equivalente_electricidad_resistiva_kwh_dia,652.816667,kWh,dia_operativo,energia_termica,SUPUESTO,[ESTIMACIÓN],,rendimiento 98 %; bomba de calor dividiría por su COP (limitada a ~60–70 °C)
respaldo,5000,6,300,bajo,nivel=bajo,kw_critico_camaras_frio,2.239214,kW,potencia,energia_electrica,SUPUESTO,[ESTIMACIÓN] con [SUPUESTO],,
respaldo,5000,6,300,bajo,nivel=bajo,kw_critico_efluentes_minimo,0.692708,kW,potencia,energia_electrica,SUPUESTO,[ESTIMACIÓN] con [SUPUESTO],,
respaldo,5000,6,300,bajo,nivel=bajo,kw_critico_control_it_seguridad,4.039286,kW,potencia,energia_electrica,SUPUESTO,[ESTIMACIÓN] con [SUPUESTO],,
respaldo,5000,6,300,bajo,nivel=bajo,kw_critico_iluminacion_emergencia,2.019643,kW,potencia,energia_electrica,SUPUESTO,[ESTIMACIÓN] con [SUPUESTO],,
respaldo,5000,6,300,bajo,nivel=bajo,kw_critico_bombeo_agua_minimo,6.058929,kW,potencia,energia_electrica,SUPUESTO,[ESTIMACIÓN] con [SUPUESTO],,
respaldo,5000,6,300,bajo,nivel=bajo,kw_critico_anden_aves_ventilacion,4.039286,kW,potencia,energia_electrica,SUPUESTO,[ESTIMACIÓN] con [SUPUESTO],,
respaldo,5000,6,300,bajo,nivel=bajo,kw_respaldo_cargas_criticas,19.089066,kW,potencia,energia_electrica,SUPUESTO,[ESTIMACIÓN] con [SUPUESTO],,cámaras + control + emergencia + efluentes + agua + andén
respaldo,5000,6,300,bajo,nivel=bajo,kva_respaldo_cargas_criticas,23.861332,kVA,potencia,energia_electrica,SUPUESTO,[ESTIMACIÓN],,"fp 0,8"
respaldo,5000,6,300,bajo,nivel=bajo,kva_respaldo_planta_completa,265.327032,kVA,potencia,energia_electrica,SUPUESTO,[ESTIMACIÓN],,si se quisiera sostener también la línea
perfil_frio,5000,6,300,bajo,perfil=P2,capacidad_congelacion_t_dia,4.792967,t,dia_operativo,comercial,ESTIMACIÓN,[ESTIMACIÓN],SUP-055,t que hay que congelar cada día de faena (túneles/IQF)
perfil_frio,5000,6,300,bajo,perfil=P2,capacidad_almacenamiento_congelado_t,67.101541,t,stock,comercial,ESTIMACIÓN,[ESTIMACIÓN],,t que hay que guardar (cámaras); NO es capacidad de congelación
perfil_frio,5000,6,300,bajo,perfil=P2,stock_refrigerado_t,21.568352,t,stock,comercial,ESTIMACIÓN,[ESTIMACIÓN],"SUP-055, SUP-056",base=dias_produccion; días=3; perfil=P2
perfil_frio,5000,6,300,bajo,perfil=P2,kw_frigorificos_congelacion_tuneles,23.654092,kW frigoríficos,potencia,frio,ESTIMACIÓN,[ESTIMACIÓN] con [SUPUESTO],,durante 20 h/día
perfil_frio,5000,6,300,bajo,perfil=P2,kw_electricos_congelacion_tuneles,13.141162,kW eléctricos,potencia,energia_electrica,SUPUESTO,[ESTIMACIÓN] con COP [SUPUESTO],,kW eléctricos = kW frigoríficos / COP
perfil_frio,5000,6,300,bajo,perfil=P2,kw_frigorificos_camaras_almacenamiento,9.346286,kW frigoríficos,potencia,frio,ESTIMACIÓN,[ESTIMACIÓN] con [SUPUESTO],,"24 h, 365 días; desde kWh/(t·día)"
perfil_frio,5000,6,300,bajo,perfil=P2,kwh_congelacion_dia,575.156064,kWh,dia_operativo,energia_electrica,FUENTE,[ESTIMACIÓN] con indicador [PVDP],120–260 kWh/t de ave congelada; 133 kWh/t (FTE-09C-10),
perfil_frio,5000,6,300,bajo,perfil=P2,kwh_almacenamiento_frio_dia_calendario,111.436487,kWh,dia_calendario,energia_electrica,SUPUESTO,[ESTIMACIÓN] con [SUPUESTO],,las cámaras funcionan también sin faena
perfil_frio,5000,6,300,bajo,perfil=P2,kw_respaldo_cargas_criticas,22.885994,kW,potencia,energia_electrica,SUPUESTO,[ESTIMACIÓN] con [SUPUESTO],,cámaras + control + emergencia + efluentes + agua + andén
perfil_frio,5000,6,300,bajo,perfil=P3,capacidad_congelacion_t_dia,5.991209,t,dia_operativo,comercial,ESTIMACIÓN,[ESTIMACIÓN],SUP-055,t que hay que congelar cada día de faena (túneles/IQF)
perfil_frio,5000,6,300,bajo,perfil=P3,capacidad_almacenamiento_congelado_t,83.876926,t,stock,comercial,ESTIMACIÓN,[ESTIMACIÓN],,t que hay que guardar (cámaras); NO es capacidad de congelación
perfil_frio,5000,6,300,bajo,perfil=P3,stock_refrigerado_t,17.973627,t,stock,comercial,ESTIMACIÓN,[ESTIMACIÓN],"SUP-055, SUP-056",base=dias_produccion; días=3; perfil=P3
perfil_frio,5000,6,300,bajo,perfil=P3,kw_frigorificos_congelacion_tuneles,29.567615,kW frigoríficos,potencia,frio,ESTIMACIÓN,[ESTIMACIÓN] con [SUPUESTO],,durante 20 h/día
perfil_frio,5000,6,300,bajo,perfil=P3,kw_electricos_congelacion_tuneles,16.426453,kW eléctricos,potencia,energia_electrica,SUPUESTO,[ESTIMACIÓN] con COP [SUPUESTO],,kW eléctricos = kW frigoríficos / COP
perfil_frio,5000,6,300,bajo,perfil=P3,kw_frigorificos_camaras_almacenamiento,10.933956,kW frigoríficos,potencia,frio,ESTIMACIÓN,[ESTIMACIÓN] con [SUPUESTO],,"24 h, 365 días; desde kWh/(t·día)"
perfil_frio,5000,6,300,bajo,perfil=P3,kwh_congelacion_dia,718.94508,kWh,dia_operativo,energia_electrica,FUENTE,[ESTIMACIÓN] con indicador [PVDP],120–260 kWh/t de ave congelada; 133 kWh/t (FTE-09C-10),
perfil_frio,5000,6,300,bajo,perfil=P3,kwh_almacenamiento_frio_dia_calendario,134.802202,kWh,dia_calendario,energia_electrica,SUPUESTO,[ESTIMACIÓN] con [SUPUESTO],,las cámaras funcionan también sin faena
perfil_frio,5000,6,300,bajo,perfil=P3,kw_respaldo_cargas_criticas,24.151637,kW,potencia,energia_electrica,SUPUESTO,[ESTIMACIÓN] con [SUPUESTO],,cámaras + control + emergencia + efluentes + agua + andén
entrada,5000,6,300,medio,,aves_faenadas_dia_operativo,5000.0,aves,dia_operativo,aves,SUPUESTO,[SUPUESTO],SUP-052,escala = capacidad operativa
entrada,5000,6,300,medio,,t_vivas_dia_operativo,14.5,t,dia_operativo,vivo,ESTIMACIÓN,[ESTIMACIÓN],escenarios_escala.csv,
agua,5000,6,300,medio,nivel=medio,agua_recepcion_l_ave,1.0,L/ave,por_ave,agua_utilizada,SUPUESTO,[SUPUESTO],sin fuente por ave; DPV propuesto,"Recepción: lavado de jaulas/módulos, camiones y andén"
agua,5000,6,300,medio,nivel=medio,agua_recepcion_m3_dia,5.0,m³,dia_operativo,agua_utilizada,ESTIMACIÓN,[ESTIMACIÓN],,"Recepción: lavado de jaulas/módulos, camiones y andén"
agua,5000,6,300,medio,nivel=medio,agua_escaldado_l_ave,1.2,L/ave,por_ave,agua_utilizada,FUENTE,[FUENTE] [PVDP],"mín. ~1 cuarto de galón (0,95 L)/ave (FTE-09C-11, FTE-09C-18)","Escaldado: llenado, reposición y desborde"
agua,5000,6,300,medio,nivel=medio,agua_escaldado_m3_dia,6.0,m³,dia_operativo,agua_utilizada,ESTIMACIÓN,[ESTIMACIÓN],,"Escaldado: llenado, reposición y desborde"
agua,5000,6,300,medio,nivel=medio,agua_desplumado_l_ave,2.0,L/ave,por_ave,agua_utilizada,SUPUESTO,[SUPUESTO],incluido en totales de FTE-09C-01/02,Desplumado: duchas y transporte de plumas
agua,5000,6,300,medio,nivel=medio,agua_desplumado_m3_dia,10.0,m³,dia_operativo,agua_utilizada,ESTIMACIÓN,[ESTIMACIÓN],,Desplumado: duchas y transporte de plumas
agua,5000,6,300,medio,nivel=medio,agua_evisceracion_l_ave,6.0,L/ave,por_ave,agua_utilizada,FUENTE,[FUENTE] [PVDP],"7,57 L/ave (FTE-09C-01)",Evisceración: lavados interior/exterior y transporte hidráulico de vísceras
agua,5000,6,300,medio,nivel=medio,agua_evisceracion_m3_dia,30.0,m³,dia_operativo,agua_utilizada,ESTIMACIÓN,[ESTIMACIÓN],,Evisceración: lavados interior/exterior y transporte hidráulico de vísceras
agua,5000,6,300,medio,nivel=medio,agua_lavado_l_ave,3.0,L/ave,por_ave,agua_utilizada,FUENTE,[FUENTE] [PVDP],"4,25–4,35 L/ave (FTE-09C-01)",Lavado final de carcasas
agua,5000,6,300,medio,nivel=medio,agua_lavado_m3_dia,15.0,m³,dia_operativo,agua_utilizada,ESTIMACIÓN,[ESTIMACIÓN],,Lavado final de carcasas
agua,5000,6,300,medio,nivel=medio,agua_chiller_l_ave,2.8,L/ave,por_ave,agua_utilizada,FUENTE,[FUENTE] [PVDP],"mín. 0,5 gal = 1,9 L/ave; típico 2,8–5,7 L/ave (FTE-09C-18); 2,12 L/ave (FTE-09C-01)",Chiller: reposición de agua (contracorriente)
agua,5000,6,300,medio,nivel=medio,agua_chiller_m3_dia,14.0,m³,dia_operativo,agua_utilizada,ESTIMACIÓN,[ESTIMACIÓN],,Chiller: reposición de agua (contracorriente)
agua,5000,6,300,medio,nivel=medio,agua_despiece_l_ave,1.0,L/ave,por_ave,agua_utilizada,FUENTE,[FUENTE] [PVDP],"3,03 L/ave (FTE-09C-01)",Sala de despiece y deshuese
agua,5000,6,300,medio,nivel=medio,agua_despiece_m3_dia,5.0,m³,dia_operativo,agua_utilizada,ESTIMACIÓN,[ESTIMACIÓN],,Sala de despiece y deshuese
agua,5000,6,300,medio,nivel=medio,agua_limpieza_l_ave,5.0,L/ave,por_ave,agua_utilizada,FUENTE,[FUENTE] [PVDP],"1,5–3 gal = 5,7–11,4 L/ave saneamiento + 0,9–3,8 L equipos (FTE-09C-01)",Limpieza de equipos y salas (fin de turno)
agua,5000,6,300,medio,nivel=medio,agua_limpieza_m3_dia,25.0,m³,dia_operativo,agua_utilizada,ESTIMACIÓN,[ESTIMACIÓN],,Limpieza de equipos y salas (fin de turno)
agua,5000,6,300,medio,nivel=medio,agua_sanitizacion_l_ave,1.0,L/ave,por_ave,agua_utilizada,SUPUESTO,[SUPUESTO],sin fuente separada,"Sanitización: esterilizadores, lavamanos, pediluvios, enjuagues"
agua,5000,6,300,medio,nivel=medio,agua_sanitizacion_m3_dia,5.0,m³,dia_operativo,agua_utilizada,ESTIMACIÓN,[ESTIMACIÓN],,"Sanitización: esterilizadores, lavamanos, pediluvios, enjuagues"
agua,5000,6,300,medio,nivel=medio,agua_auxiliares_l_ave,2.0,L/ave,por_ave,agua_utilizada,SUPUESTO,[SUPUESTO],sin fuente separada,"Servicios auxiliares: caldera, condensadores evaporativos, vestuarios, comedor"
agua,5000,6,300,medio,nivel=medio,agua_auxiliares_m3_dia,10.0,m³,dia_operativo,agua_utilizada,ESTIMACIÓN,[ESTIMACIÓN],,"Servicios auxiliares: caldera, condensadores evaporativos, vestuarios, comedor"
agua,5000,6,300,medio,nivel=medio,agua_utilizada_l_ave,25.0,L/ave,por_ave,agua_utilizada,ESTIMACIÓN,[ESTIMACIÓN] con rangos [PVDP],FTE-09C-01 a 04,consumo industrial; NO incluye agua retenida
agua,5000,6,300,medio,nivel=medio,agua_utilizada_m3_dia,125.0,m³,dia_operativo,agua_utilizada,ESTIMACIÓN,[ESTIMACIÓN],,
agua,5000,6,300,medio,nivel=medio,agua_utilizada_m3_anio,37500.0,m³,anio,agua_utilizada,ESTIMACIÓN,[ESTIMACIÓN],,
agua,5000,6,300,medio,nivel=medio,agua_utilizada_m3_h_medio,10.416667,m³/h,hora,agua_utilizada,ESTIMACIÓN,[ESTIMACIÓN],,sobre 12 h (faena + limpieza)
agua,5000,6,300,medio,nivel=medio,agua_utilizada_m3_h_pico,18.75,m³/h,hora,agua_utilizada,SUPUESTO,[SUPUESTO] factor de pico,,"dimensiona captación, bombeo y reserva"
agua,5000,6,300,medio,nivel=medio,reserva_agua_1_dia_m3,125.0,m³,stock,agua_utilizada,ESTIMACIÓN,[ESTIMACIÓN],,"volumen equivalente a un día de uso (referencia conceptual, no diseño)"
agua,5000,6,300,medio,nivel=medio,agua_descargada_m3_dia,110.0,m³,dia_operativo,agua_descargada,SUPUESTO,[ESTIMACIÓN] con fracción [SUPUESTO],,fracción a efluente = 0.88
agua,5000,6,300,medio,nivel=medio,agua_descargada_l_ave,22.0,L/ave,por_ave,agua_descargada,ESTIMACIÓN,[ESTIMACIÓN],,
agua,5000,6,300,medio,nivel=medio,agua_no_descargada_m3_dia,15.0,m³,dia_operativo,agua_no_descargada,ESTIMACIÓN,[ESTIMACIÓN],,evaporación + retenida + sale con subproductos + pérdidas
agua_retenida,5000,6,300,medio,,agua_retenida_en_producto_t_dia,0.427632,t,dia_operativo,agua_retenida,ESTIMACIÓN,[ESTIMACIÓN] del balance v1.1,escenarios_escala.csv,sale vendida con el producto; NO es consumo industrial ni efluente
agua_retenida,5000,6,300,medio,,agua_incorporada_producto_y_subproductos_t_dia,1.063303,t,dia_operativo,agua_retenida,ESTIMACIÓN,[ESTIMACIÓN] del balance v1.1,escenarios_escala.csv,absorbida en chiller + adherida a plumas (incluye goteo posterior)
agua_retenida,5000,6,300,medio,,agua_retenida_sobre_agua_utilizada_pct,0.342106,%,adimensional,agua,ESTIMACIÓN,[ESTIMACIÓN],,cuánto del agua usada termina dentro del producto
efluente,5000,6,300,medio,nivel=medio,carga_DQO_g_ave,100.0,g/ave,por_ave,efluente_crudo,ESTIMACIÓN,[ESTIMACIÓN] con rangos [PVDP],FTE-181; FTE-09C-05,efluente crudo tras retirar sangre y sólidos gruesos
efluente,5000,6,300,medio,nivel=medio,carga_DQO_kg_dia,500.0,kg,dia_operativo,efluente_crudo,ESTIMACIÓN,[ESTIMACIÓN],,
efluente,5000,6,300,medio,nivel=medio,concentracion_DQO_mg_l,4545.454545,mg/L,adimensional,efluente_crudo,ESTIMACIÓN,[ESTIMACIÓN],,"resultado (carga / caudal), no parámetro"
efluente,5000,6,300,medio,nivel=medio,carga_DBO5_g_ave,50.0,g/ave,por_ave,efluente_crudo,ESTIMACIÓN,[ESTIMACIÓN] con rangos [PVDP],"FTE-181; FTE-09C-05 (DBO/DQO ~0,4–0,6)",efluente crudo tras retirar sangre y sólidos gruesos
efluente,5000,6,300,medio,nivel=medio,carga_DBO5_kg_dia,250.0,kg,dia_operativo,efluente_crudo,ESTIMACIÓN,[ESTIMACIÓN],,
efluente,5000,6,300,medio,nivel=medio,concentracion_DBO5_mg_l,2272.727273,mg/L,adimensional,efluente_crudo,ESTIMACIÓN,[ESTIMACIÓN],,"resultado (carga / caudal), no parámetro"
efluente,5000,6,300,medio,nivel=medio,carga_SST_g_ave,35.0,g/ave,por_ave,efluente_crudo,ESTIMACIÓN,[ESTIMACIÓN] con rangos [PVDP],FTE-181; FTE-09C-05,efluente crudo tras retirar sangre y sólidos gruesos
efluente,5000,6,300,medio,nivel=medio,carga_SST_kg_dia,175.0,kg,dia_operativo,efluente_crudo,ESTIMACIÓN,[ESTIMACIÓN],,
efluente,5000,6,300,medio,nivel=medio,concentracion_SST_mg_l,1590.909091,mg/L,adimensional,efluente_crudo,ESTIMACIÓN,[ESTIMACIÓN],,"resultado (carga / caudal), no parámetro"
efluente,5000,6,300,medio,nivel=medio,carga_GyA_g_ave,11.0,g/ave,por_ave,efluente_crudo,ESTIMACIÓN,[ESTIMACIÓN] con rangos [PVDP],FTE-09C-06 (~500 mg/L tamizado),efluente crudo tras retirar sangre y sólidos gruesos
efluente,5000,6,300,medio,nivel=medio,carga_GyA_kg_dia,55.0,kg,dia_operativo,efluente_crudo,ESTIMACIÓN,[ESTIMACIÓN],,
efluente,5000,6,300,medio,nivel=medio,concentracion_GyA_mg_l,500.0,mg/L,adimensional,efluente_crudo,ESTIMACIÓN,[ESTIMACIÓN],,"resultado (carga / caudal), no parámetro"
efluente,5000,6,300,medio,nivel=medio,carga_NTK_g_ave,5.0,g/ave,por_ave,efluente_crudo,ESTIMACIÓN,[ESTIMACIÓN] con rangos [PVDP],FTE-09C-06 (150–296 mg/L),efluente crudo tras retirar sangre y sólidos gruesos
efluente,5000,6,300,medio,nivel=medio,carga_NTK_kg_dia,25.0,kg,dia_operativo,efluente_crudo,ESTIMACIÓN,[ESTIMACIÓN],,
efluente,5000,6,300,medio,nivel=medio,concentracion_NTK_mg_l,227.272727,mg/L,adimensional,efluente_crudo,ESTIMACIÓN,[ESTIMACIÓN],,"resultado (carga / caudal), no parámetro"
efluente,5000,6,300,medio,nivel=medio,carga_PT_g_ave,0.5,g/ave,por_ave,efluente_crudo,ESTIMACIÓN,[ESTIMACIÓN] con rangos [PVDP],"FTE-09C-06 (~18,5 mg/L)",efluente crudo tras retirar sangre y sólidos gruesos
efluente,5000,6,300,medio,nivel=medio,carga_PT_kg_dia,2.5,kg,dia_operativo,efluente_crudo,ESTIMACIÓN,[ESTIMACIÓN],,
efluente,5000,6,300,medio,nivel=medio,concentracion_PT_mg_l,22.727273,mg/L,adimensional,efluente_crudo,ESTIMACIÓN,[ESTIMACIÓN],,"resultado (carga / caudal), no parámetro"
efluente,5000,6,300,medio,,dqo_extra_por_sangre_no_recuperada_g_ave,0.0,g/ave,por_ave,efluente_crudo,ESTIMACIÓN,[ESTIMACIÓN] con DQO de sangre [PVDP],FTE-181,recuperación 0.85 vs referencia 0.85
efluente,5000,6,300,medio,,dqo_evitada_por_recuperar_sangre_kg_dia,149.660714,kg,dia_operativo,efluente_crudo,ESTIMACIÓN,[ESTIMACIÓN] con DQO de sangre [PVDP],FTE-181,orden de magnitud; no es una reducción medida
efluente,5000,6,300,medio,nivel=medio,caudal_efluente_m3_h_pico,16.5,m³/h,hora,agua_descargada,SUPUESTO,[SUPUESTO] factor de pico,,dimensiona ecualización
efluente,5000,6,300,medio,nivel=medio,remocion_dqo_requerida_ilustrativa_pct,94.5,%,adimensional,efluente_crudo,ESTIMACIÓN,[ESTIMACIÓN] con límite [PVDP],FTE-09C-08,"límite ilustrativo 250 mg/L (ADA 336/03, pluvial; a confirmar según sitio y cuerpo receptor)"
masa_evitable,5000,6,300,medio,,sangre_recuperada_t_dia,0.41905,t,dia_operativo,biologica+agua,ESTIMACIÓN,[ESTIMACIÓN] del balance v1.1,escenarios_escala.csv,"sangre recuperada por separado (85 %, SUP-040)"
masa_evitable,5000,6,300,medio,,plumas_t_dia,1.2064,t,dia_operativo,biologica+agua,ESTIMACIÓN,[ESTIMACIÓN] del balance v1.1,escenarios_escala.csv,plumas húmedas retiradas
masa_evitable,5000,6,300,medio,,visceras_t_dia,0.6525,t,dia_operativo,biologica+agua,ESTIMACIÓN,[ESTIMACIÓN] del balance v1.1,escenarios_escala.csv,vísceras no comestibles
masa_evitable,5000,6,300,medio,,cabeza_t_dia,0.3625,t,dia_operativo,biologica+agua,ESTIMACIÓN,[ESTIMACIÓN] del balance v1.1,escenarios_escala.csv,cabezas
masa_evitable,5000,6,300,medio,,solidos_a_retirar_t_dia,3.041763,t,dia_operativo,biologica+agua,ESTIMACIÓN,[ESTIMACIÓN] del balance v1.1,escenarios_escala.csv,total sólidos a retirar en seco (C + decomisos + contenido GI; NO sumar)
masa_evitable,5000,6,300,medio,,masa_a_efluente_o_perdida_t_dia,0.539122,t,dia_operativo,biologica+agua,ESTIMACIÓN,[ESTIMACIÓN] del balance v1.1,escenarios_escala.csv,"masa que el balance ya envía a efluente o pérdida (sangre no recuperada, cutícula, goteo, pérdidas)"
lodos,5000,6,300,medio,nivel=medio,lodo_daf_kg_ms_dia,159.275,kg,dia_operativo,materia_seca,ESTIMACIÓN,[ESTIMACIÓN] con remociones [PVDP],"FTE-09C-05, FTE-09C-13",sólidos + grasas flotados + químicos
lodos,5000,6,300,medio,nivel=medio,lodo_daf_t_humedo_dia,1.327292,t,dia_operativo,lodo_humedo,ESTIMACIÓN,[ESTIMACIÓN] con % sólidos [PVDP],FTE-09C-13,
lodos,5000,6,300,medio,nivel=medio,dbo_al_tratamiento_biologico_kg_dia,137.5,kg,dia_operativo,efluente_pretratado,ESTIMACIÓN,[ESTIMACIÓN],,después de DAF
lodos,5000,6,300,medio,nivel=medio,lodo_biologico_aerobio_kg_ms_dia,52.25,kg,dia_operativo,materia_seca,SUPUESTO,[ESTIMACIÓN] con rendimiento [SUPUESTO],,si el tratamiento fuera aerobio completo; anaerobio genera mucho menos lodo
lodos,5000,6,300,medio,nivel=medio,lodos_deshidratados_t_dia,1.175139,t,dia_operativo,lodo_humedo,SUPUESTO,[ESTIMACIÓN] con [SUPUESTO],,DAF + biológico deshidratados; disposición/valorización a definir
electricidad,5000,6,300,medio,nivel=medio,kwh_proceso_dia,3625.0,kWh,dia_operativo,energia_electrica,FUENTE,[ESTIMACIÓN] con indicador [PVDP],"UE 152–860 kWh/t faenada; Brasil 165 kWh/t; 1,19 MJ/kg = 330 kWh/t (FTE-09C-09, FTE-09C-03)","faena, proceso, enfriado fresco, aire, agua, servicios"
electricidad,5000,6,300,medio,nivel=medio,kwh_proceso_frio_de_proceso_agua_helada_hielo_dia,1268.75,kWh,dia_operativo,energia_electrica,SUPUESTO,[SUPUESTO] reparto ilustrativo,FTE-09C-09 (cualitativo),didáctico; no sumar con kwh_proceso_dia
electricidad,5000,6,300,medio,nivel=medio,kwh_proceso_motores_de_linea_y_transportadores_dia,725.0,kWh,dia_operativo,energia_electrica,SUPUESTO,[SUPUESTO] reparto ilustrativo,FTE-09C-09 (cualitativo),didáctico; no sumar con kwh_proceso_dia
electricidad,5000,6,300,medio,nivel=medio,kwh_proceso_aire_comprimido_dia,362.5,kWh,dia_operativo,energia_electrica,SUPUESTO,[SUPUESTO] reparto ilustrativo,FTE-09C-09 (cualitativo),didáctico; no sumar con kwh_proceso_dia
electricidad,5000,6,300,medio,nivel=medio,kwh_proceso_bombas_agua_y_efluentes_dia,362.5,kWh,dia_operativo,energia_electrica,SUPUESTO,[SUPUESTO] reparto ilustrativo,FTE-09C-09 (cualitativo),didáctico; no sumar con kwh_proceso_dia
electricidad,5000,6,300,medio,nivel=medio,kwh_proceso_climatizacion_salas_dia,290.0,kWh,dia_operativo,energia_electrica,SUPUESTO,[SUPUESTO] reparto ilustrativo,FTE-09C-09 (cualitativo),didáctico; no sumar con kwh_proceso_dia
electricidad,5000,6,300,medio,nivel=medio,kwh_proceso_iluminacion_dia,253.75,kWh,dia_operativo,energia_electrica,SUPUESTO,[SUPUESTO] reparto ilustrativo,FTE-09C-09 (cualitativo),didáctico; no sumar con kwh_proceso_dia
electricidad,5000,6,300,medio,nivel=medio,kwh_proceso_oficinas_vestuarios_servicios_dia,181.25,kWh,dia_operativo,energia_electrica,SUPUESTO,[SUPUESTO] reparto ilustrativo,FTE-09C-09 (cualitativo),didáctico; no sumar con kwh_proceso_dia
electricidad,5000,6,300,medio,nivel=medio,kwh_proceso_otros_dia,181.25,kWh,dia_operativo,energia_electrica,SUPUESTO,[SUPUESTO] reparto ilustrativo,FTE-09C-09 (cualitativo),didáctico; no sumar con kwh_proceso_dia
inventario,5000,6,300,medio,,stock_refrigerado_t,32.352529,t,stock,comercial,ESTIMACIÓN,[ESTIMACIÓN],"SUP-055, SUP-056",base=dias_produccion; días=3; perfil=P1
inventario,5000,6,300,medio,,stock_congelado_t,16.775385,t,stock,comercial,ESTIMACIÓN,[ESTIMACIÓN],"SUP-055, SUP-056",base=dias_produccion; días=14; incluye exportación
congelado,5000,6,300,medio,,capacidad_congelacion_t_dia,1.198242,t,dia_operativo,comercial,ESTIMACIÓN,[ESTIMACIÓN],SUP-055,t que hay que congelar cada día de faena (túneles/IQF)
congelado,5000,6,300,medio,,capacidad_almacenamiento_congelado_t,16.775385,t,stock,comercial,ESTIMACIÓN,[ESTIMACIÓN],,t que hay que guardar (cámaras); NO es capacidad de congelación
congelado,5000,6,300,medio,nivel=medio,garras_a_congelar_t_dia_informativo,0.50526,t,dia_operativo,comercial,SUPUESTO,[SUPUESTO],,ya incluidas dentro del comestible: NO sumar al perfil
congelado,5000,6,300,medio,nivel=medio,menudencias_a_congelar_t_dia_informativo,0.272745,t,dia_operativo,comercial,SUPUESTO,[SUPUESTO],,ya incluidas dentro del comestible: NO sumar al perfil
congelado,5000,6,300,medio,nivel=medio,calor_a_extraer_congelacion_kj_kg,384.943,kJ/kg,adimensional,producto,ESTIMACIÓN,[ESTIMACIÓN] con propiedades [PVDP],FTE-09C-14,"de +4 °C a −18 °C, con pérdidas"
frio,5000,6,300,medio,nivel=medio,kw_frigorificos_enfriado_producto_fresco,117.744654,kW frigoríficos,potencia,frio,ESTIMACIÓN,[ESTIMACIÓN] con [SUPUESTO],,chiller + menudencias + salas/docks; durante 8 h netas
frio,5000,6,300,medio,nivel=medio,tr_enfriado_producto_fresco,33.478719,TR,potencia,frio,ESTIMACIÓN,[ESTIMACIÓN],,"1 TR = 3,517 kW frigoríficos"
frio,5000,6,300,medio,nivel=medio,kw_electricos_enfriado_producto_fresco,39.248218,kW eléctricos,potencia,energia_electrica,SUPUESTO,[ESTIMACIÓN] con COP [SUPUESTO],,kW eléctricos = kW frigoríficos / COP
frio,5000,6,300,medio,nivel=medio,kw_frigorificos_congelacion_tuneles,6.406317,kW frigoríficos,potencia,frio,ESTIMACIÓN,[ESTIMACIÓN] con [SUPUESTO],,durante 20 h/día
frio,5000,6,300,medio,nivel=medio,tr_congelacion_tuneles,1.821529,TR,potencia,frio,ESTIMACIÓN,[ESTIMACIÓN],,"1 TR = 3,517 kW frigoríficos"
frio,5000,6,300,medio,nivel=medio,kw_electricos_congelacion_tuneles,4.57594,kW eléctricos,potencia,energia_electrica,SUPUESTO,[ESTIMACIÓN] con COP [SUPUESTO],,kW eléctricos = kW frigoríficos / COP
frio,5000,6,300,medio,nivel=medio,kw_frigorificos_camaras_almacenamiento,6.979758,kW frigoríficos,potencia,frio,ESTIMACIÓN,[ESTIMACIÓN] con [SUPUESTO],,"24 h, 365 días; desde kWh/(t·día)"
frio,5000,6,300,medio,nivel=medio,tr_camaras_almacenamiento,1.984577,TR,potencia,frio,ESTIMACIÓN,[ESTIMACIÓN],,"1 TR = 3,517 kW frigoríficos"
frio,5000,6,300,medio,nivel=medio,kw_electricos_camaras_almacenamiento,3.444945,kW eléctricos,potencia,energia_electrica,SUPUESTO,[ESTIMACIÓN] con COP [SUPUESTO],,kW eléctricos = kW frigoríficos / COP
frio,5000,6,300,medio,nivel=medio,kj_frio_enfriado_por_ave,678.209208,kJ/ave,por_ave,frio,ESTIMACIÓN,[ESTIMACIÓN] con [SUPUESTO],FTE-09C-14,
electricidad,5000,6,300,medio,nivel=medio,kwh_congelacion_dia,227.665942,kWh,dia_operativo,energia_electrica,FUENTE,[ESTIMACIÓN] con indicador [PVDP],120–260 kWh/t de ave congelada; 133 kWh/t (FTE-09C-10),
electricidad,5000,6,300,medio,nivel=medio,kwh_almacenamiento_frio_dia_calendario,82.678684,kWh,dia_calendario,energia_electrica,SUPUESTO,[ESTIMACIÓN] con [SUPUESTO],,las cámaras funcionan también sin faena
electricidad,5000,6,300,medio,nivel=medio,kwh_tratamiento_aerobio_dia,156.75,kWh,dia_operativo,energia_electrica,SUPUESTO,[ESTIMACIÓN] con [SUPUESTO],,cota: si todo el biológico fuera aerobio
electricidad,5000,6,300,medio,nivel=medio,kwh_total_dia_operativo,4092.094626,kWh,dia_operativo,energia_electrica,ESTIMACIÓN,[ESTIMACIÓN],,proceso + congelado + aerobio + cámaras
electricidad,5000,6,300,medio,nivel=medio,kwh_total_anio,1233002.502333,kWh,anio,energia_electrica,ESTIMACIÓN,[ESTIMACIÓN],,cámaras × 365 días; resto × días de faena
electricidad,5000,6,300,medio,nivel=medio,kwh_por_ave_promedio_anual,0.822002,kWh/ave,por_ave,energia_electrica,ESTIMACIÓN,[ESTIMACIÓN],,
electricidad,5000,6,300,medio,nivel=medio,kw_potencia_media_operacion,280.288064,kW,potencia,energia_electrica,ESTIMACIÓN,[ESTIMACIÓN],,proceso sobre 14 h + túneles + cámaras + efluentes
electricidad,5000,6,300,medio,nivel=medio,kw_potencia_pico_estimada,409.752349,kW,potencia,energia_electrica,SUPUESTO,[ESTIMACIÓN] con factor de pico [SUPUESTO],,orden de magnitud para pedir potencia; no es diseño
termico,5000,6,300,medio,nivel=medio,calor_util_escaldado_mj_dia,2009.28,MJ,dia_operativo,energia_termica,ESTIMACIÓN,[ESTIMACIÓN] con temperaturas [PVDP]/[SUPUESTO],FTE-09C-11,
termico,5000,6,300,medio,nivel=medio,kw_termicos_escaldado,69.766667,kW térmicos,potencia,energia_termica,ESTIMACIÓN,[ESTIMACIÓN],,durante 8 h
termico,5000,6,300,medio,nivel=medio,calor_util_limpieza_mj_dia,2323.23,MJ,dia_operativo,energia_termica,ESTIMACIÓN,[ESTIMACIÓN] con temperaturas [PVDP]/[SUPUESTO],FTE-09C-11,
termico,5000,6,300,medio,nivel=medio,kw_termicos_limpieza,161.335417,kW térmicos,potencia,energia_termica,ESTIMACIÓN,[ESTIMACIÓN],,durante 4 h
termico,5000,6,300,medio,nivel=medio,calor_util_sanitizacion_mj_dia,669.76,MJ,dia_operativo,energia_termica,ESTIMACIÓN,[ESTIMACIÓN] con temperaturas [PVDP]/[SUPUESTO],FTE-09C-11,
termico,5000,6,300,medio,nivel=medio,kw_termicos_sanitizacion,15.503704,kW térmicos,potencia,energia_termica,ESTIMACIÓN,[ESTIMACIÓN],,durante 12 h
termico,5000,6,300,medio,nivel=medio,calor_util_mj_ave,1.000454,MJ/ave,por_ave,energia_termica,ESTIMACIÓN,[ESTIMACIÓN],,
termico,5000,6,300,medio,nivel=medio,energia_combustible_mj_dia,6669.693333,MJ,dia_operativo,energia_termica,ESTIMACIÓN,[ESTIMACIÓN] con rendimiento [SUPUESTO],,
termico,5000,6,300,medio,nivel=medio,energia_combustible_kwh_dia,1852.692593,kWh,dia_operativo,energia_termica,ESTIMACIÓN,[ESTIMACIÓN],,kWh TÉRMICOS (no eléctricos)
termico,5000,6,300,medio,nivel=medio,equivalente_gas_natural_m3_dia,171.457412,m3,dia_operativo,energia_termica,SUPUESTO,[ESTIMACIÓN] con PCI [SUPUESTO],~9.300 kcal/m³ (a verificar con distribuidora),"equivalencia, no elección"
termico,5000,6,300,medio,nivel=medio,equivalente_glp_kg_dia,144.993333,kg,dia_operativo,energia_termica,SUPUESTO,[ESTIMACIÓN] con PCI [SUPUESTO],~11.000 kcal/kg,"equivalencia, no elección"
termico,5000,6,300,medio,nivel=medio,equivalente_biomasa_chip_kg_dia,476.406667,kg,dia_operativo,energia_termica,SUPUESTO,[ESTIMACIÓN] con PCI [SUPUESTO],chip de madera ~20–25 % humedad; muy variable,"equivalencia, no elección"
termico,5000,6,300,medio,nivel=medio,equivalente_electricidad_resistiva_kwh_dia,1417.876984,kWh,dia_operativo,energia_termica,SUPUESTO,[ESTIMACIÓN],,rendimiento 98 %; bomba de calor dividiría por su COP (limitada a ~60–70 °C)
respaldo,5000,6,300,medio,nivel=medio,kw_critico_camaras_frio,5.167418,kW,potencia,energia_electrica,SUPUESTO,[ESTIMACIÓN] con [SUPUESTO],,
respaldo,5000,6,300,medio,nivel=medio,kw_critico_efluentes_minimo,3.265625,kW,potencia,energia_electrica,SUPUESTO,[ESTIMACIÓN] con [SUPUESTO],,
respaldo,5000,6,300,medio,nivel=medio,kw_critico_control_it_seguridad,7.767857,kW,potencia,energia_electrica,SUPUESTO,[ESTIMACIÓN] con [SUPUESTO],,
respaldo,5000,6,300,medio,nivel=medio,kw_critico_iluminacion_emergencia,3.883929,kW,potencia,energia_electrica,SUPUESTO,[ESTIMACIÓN] con [SUPUESTO],,
respaldo,5000,6,300,medio,nivel=medio,kw_critico_bombeo_agua_minimo,11.651786,kW,potencia,energia_electrica,SUPUESTO,[ESTIMACIÓN] con [SUPUESTO],,
respaldo,5000,6,300,medio,nivel=medio,kw_critico_anden_aves_ventilacion,7.767857,kW,potencia,energia_electrica,SUPUESTO,[ESTIMACIÓN] con [SUPUESTO],,
respaldo,5000,6,300,medio,nivel=medio,kw_respaldo_cargas_criticas,39.504471,kW,potencia,energia_electrica,SUPUESTO,[ESTIMACIÓN] con [SUPUESTO],,cámaras + control + emergencia + efluentes + agua + andén
respaldo,5000,6,300,medio,nivel=medio,kva_respaldo_cargas_criticas,49.380589,kVA,potencia,energia_electrica,SUPUESTO,[ESTIMACIÓN],,"fp 0,8"
respaldo,5000,6,300,medio,nivel=medio,kva_respaldo_planta_completa,512.190437,kVA,potencia,energia_electrica,SUPUESTO,[ESTIMACIÓN],,si se quisiera sostener también la línea
perfil_frio,5000,6,300,medio,perfil=P2,capacidad_congelacion_t_dia,4.792967,t,dia_operativo,comercial,ESTIMACIÓN,[ESTIMACIÓN],SUP-055,t que hay que congelar cada día de faena (túneles/IQF)
perfil_frio,5000,6,300,medio,perfil=P2,capacidad_almacenamiento_congelado_t,67.101541,t,stock,comercial,ESTIMACIÓN,[ESTIMACIÓN],,t que hay que guardar (cámaras); NO es capacidad de congelación
perfil_frio,5000,6,300,medio,perfil=P2,stock_refrigerado_t,21.568352,t,stock,comercial,ESTIMACIÓN,[ESTIMACIÓN],"SUP-055, SUP-056",base=dias_produccion; días=3; perfil=P2
perfil_frio,5000,6,300,medio,perfil=P2,kw_frigorificos_congelacion_tuneles,25.625266,kW frigoríficos,potencia,frio,ESTIMACIÓN,[ESTIMACIÓN] con [SUPUESTO],,durante 20 h/día
perfil_frio,5000,6,300,medio,perfil=P2,kw_electricos_congelacion_tuneles,18.303762,kW eléctricos,potencia,energia_electrica,SUPUESTO,[ESTIMACIÓN] con COP [SUPUESTO],,kW eléctricos = kW frigoríficos / COP
perfil_frio,5000,6,300,medio,perfil=P2,kw_frigorificos_camaras_almacenamiento,14.438814,kW frigoríficos,potencia,frio,ESTIMACIÓN,[ESTIMACIÓN] con [SUPUESTO],,"24 h, 365 días; desde kWh/(t·día)"
perfil_frio,5000,6,300,medio,perfil=P2,kwh_congelacion_dia,910.663768,kWh,dia_operativo,energia_electrica,FUENTE,[ESTIMACIÓN] con indicador [PVDP],120–260 kWh/t de ave congelada; 133 kWh/t (FTE-09C-10),
perfil_frio,5000,6,300,medio,perfil=P2,kwh_almacenamiento_frio_dia_calendario,222.872975,kWh,dia_calendario,energia_electrica,SUPUESTO,[ESTIMACIÓN] con [SUPUESTO],,las cámaras funcionan también sin faena
perfil_frio,5000,6,300,medio,perfil=P2,kw_respaldo_cargas_criticas,48.266614,kW,potencia,energia_electrica,SUPUESTO,[ESTIMACIÓN] con [SUPUESTO],,cámaras + control + emergencia + efluentes + agua + andén
perfil_frio,5000,6,300,medio,perfil=P3,capacidad_congelacion_t_dia,5.991209,t,dia_operativo,comercial,ESTIMACIÓN,[ESTIMACIÓN],SUP-055,t que hay que congelar cada día de faena (túneles/IQF)
perfil_frio,5000,6,300,medio,perfil=P3,capacidad_almacenamiento_congelado_t,83.876926,t,stock,comercial,ESTIMACIÓN,[ESTIMACIÓN],,t que hay que guardar (cámaras); NO es capacidad de congelación
perfil_frio,5000,6,300,medio,perfil=P3,stock_refrigerado_t,17.973627,t,stock,comercial,ESTIMACIÓN,[ESTIMACIÓN],"SUP-055, SUP-056",base=dias_produccion; días=3; perfil=P3
perfil_frio,5000,6,300,medio,perfil=P3,kw_frigorificos_congelacion_tuneles,32.031583,kW frigoríficos,potencia,frio,ESTIMACIÓN,[ESTIMACIÓN] con [SUPUESTO],,durante 20 h/día
perfil_frio,5000,6,300,medio,perfil=P3,kw_electricos_congelacion_tuneles,22.879702,kW eléctricos,potencia,energia_electrica,SUPUESTO,[ESTIMACIÓN] con COP [SUPUESTO],,kW eléctricos = kW frigoríficos / COP
perfil_frio,5000,6,300,medio,perfil=P3,kw_frigorificos_camaras_almacenamiento,16.925165,kW frigoríficos,potencia,frio,ESTIMACIÓN,[ESTIMACIÓN] con [SUPUESTO],,"24 h, 365 días; desde kWh/(t·día)"
perfil_frio,5000,6,300,medio,perfil=P3,kwh_congelacion_dia,1138.32971,kWh,dia_operativo,energia_electrica,FUENTE,[ESTIMACIÓN] con indicador [PVDP],120–260 kWh/t de ave congelada; 133 kWh/t (FTE-09C-10),
perfil_frio,5000,6,300,medio,perfil=P3,kwh_almacenamiento_frio_dia_calendario,269.604405,kWh,dia_calendario,energia_electrica,SUPUESTO,[ESTIMACIÓN] con [SUPUESTO],,las cámaras funcionan también sin faena
perfil_frio,5000,6,300,medio,perfil=P3,kw_respaldo_cargas_criticas,51.187329,kW,potencia,energia_electrica,SUPUESTO,[ESTIMACIÓN] con [SUPUESTO],,cámaras + control + emergencia + efluentes + agua + andén
entrada,5000,6,300,alto,,aves_faenadas_dia_operativo,5000.0,aves,dia_operativo,aves,SUPUESTO,[SUPUESTO],SUP-052,escala = capacidad operativa
entrada,5000,6,300,alto,,t_vivas_dia_operativo,14.5,t,dia_operativo,vivo,ESTIMACIÓN,[ESTIMACIÓN],escenarios_escala.csv,
agua,5000,6,300,alto,nivel=alto,agua_recepcion_l_ave,2.0,L/ave,por_ave,agua_utilizada,SUPUESTO,[SUPUESTO],sin fuente por ave; DPV propuesto,"Recepción: lavado de jaulas/módulos, camiones y andén"
agua,5000,6,300,alto,nivel=alto,agua_recepcion_m3_dia,10.0,m³,dia_operativo,agua_utilizada,ESTIMACIÓN,[ESTIMACIÓN],,"Recepción: lavado de jaulas/módulos, camiones y andén"
agua,5000,6,300,alto,nivel=alto,agua_escaldado_l_ave,2.0,L/ave,por_ave,agua_utilizada,FUENTE,[FUENTE] [PVDP],"mín. ~1 cuarto de galón (0,95 L)/ave (FTE-09C-11, FTE-09C-18)","Escaldado: llenado, reposición y desborde"
agua,5000,6,300,alto,nivel=alto,agua_escaldado_m3_dia,10.0,m³,dia_operativo,agua_utilizada,ESTIMACIÓN,[ESTIMACIÓN],,"Escaldado: llenado, reposición y desborde"
agua,5000,6,300,alto,nivel=alto,agua_desplumado_l_ave,3.5,L/ave,por_ave,agua_utilizada,SUPUESTO,[SUPUESTO],incluido en totales de FTE-09C-01/02,Desplumado: duchas y transporte de plumas
agua,5000,6,300,alto,nivel=alto,agua_desplumado_m3_dia,17.5,m³,dia_operativo,agua_utilizada,ESTIMACIÓN,[ESTIMACIÓN],,Desplumado: duchas y transporte de plumas
agua,5000,6,300,alto,nivel=alto,agua_evisceracion_l_ave,8.0,L/ave,por_ave,agua_utilizada,FUENTE,[FUENTE] [PVDP],"7,57 L/ave (FTE-09C-01)",Evisceración: lavados interior/exterior y transporte hidráulico de vísceras
agua,5000,6,300,alto,nivel=alto,agua_evisceracion_m3_dia,40.0,m³,dia_operativo,agua_utilizada,ESTIMACIÓN,[ESTIMACIÓN],,Evisceración: lavados interior/exterior y transporte hidráulico de vísceras
agua,5000,6,300,alto,nivel=alto,agua_lavado_l_ave,4.5,L/ave,por_ave,agua_utilizada,FUENTE,[FUENTE] [PVDP],"4,25–4,35 L/ave (FTE-09C-01)",Lavado final de carcasas
agua,5000,6,300,alto,nivel=alto,agua_lavado_m3_dia,22.5,m³,dia_operativo,agua_utilizada,ESTIMACIÓN,[ESTIMACIÓN],,Lavado final de carcasas
agua,5000,6,300,alto,nivel=alto,agua_chiller_l_ave,4.5,L/ave,por_ave,agua_utilizada,FUENTE,[FUENTE] [PVDP],"mín. 0,5 gal = 1,9 L/ave; típico 2,8–5,7 L/ave (FTE-09C-18); 2,12 L/ave (FTE-09C-01)",Chiller: reposición de agua (contracorriente)
agua,5000,6,300,alto,nivel=alto,agua_chiller_m3_dia,22.5,m³,dia_operativo,agua_utilizada,ESTIMACIÓN,[ESTIMACIÓN],,Chiller: reposición de agua (contracorriente)
agua,5000,6,300,alto,nivel=alto,agua_despiece_l_ave,2.0,L/ave,por_ave,agua_utilizada,FUENTE,[FUENTE] [PVDP],"3,03 L/ave (FTE-09C-01)",Sala de despiece y deshuese
agua,5000,6,300,alto,nivel=alto,agua_despiece_m3_dia,10.0,m³,dia_operativo,agua_utilizada,ESTIMACIÓN,[ESTIMACIÓN],,Sala de despiece y deshuese
agua,5000,6,300,alto,nivel=alto,agua_limpieza_l_ave,7.5,L/ave,por_ave,agua_utilizada,FUENTE,[FUENTE] [PVDP],"1,5–3 gal = 5,7–11,4 L/ave saneamiento + 0,9–3,8 L equipos (FTE-09C-01)",Limpieza de equipos y salas (fin de turno)
agua,5000,6,300,alto,nivel=alto,agua_limpieza_m3_dia,37.5,m³,dia_operativo,agua_utilizada,ESTIMACIÓN,[ESTIMACIÓN],,Limpieza de equipos y salas (fin de turno)
agua,5000,6,300,alto,nivel=alto,agua_sanitizacion_l_ave,1.5,L/ave,por_ave,agua_utilizada,SUPUESTO,[SUPUESTO],sin fuente separada,"Sanitización: esterilizadores, lavamanos, pediluvios, enjuagues"
agua,5000,6,300,alto,nivel=alto,agua_sanitizacion_m3_dia,7.5,m³,dia_operativo,agua_utilizada,ESTIMACIÓN,[ESTIMACIÓN],,"Sanitización: esterilizadores, lavamanos, pediluvios, enjuagues"
agua,5000,6,300,alto,nivel=alto,agua_auxiliares_l_ave,2.5,L/ave,por_ave,agua_utilizada,SUPUESTO,[SUPUESTO],sin fuente separada,"Servicios auxiliares: caldera, condensadores evaporativos, vestuarios, comedor"
agua,5000,6,300,alto,nivel=alto,agua_auxiliares_m3_dia,12.5,m³,dia_operativo,agua_utilizada,ESTIMACIÓN,[ESTIMACIÓN],,"Servicios auxiliares: caldera, condensadores evaporativos, vestuarios, comedor"
agua,5000,6,300,alto,nivel=alto,agua_utilizada_l_ave,38.0,L/ave,por_ave,agua_utilizada,ESTIMACIÓN,[ESTIMACIÓN] con rangos [PVDP],FTE-09C-01 a 04,consumo industrial; NO incluye agua retenida
agua,5000,6,300,alto,nivel=alto,agua_utilizada_m3_dia,190.0,m³,dia_operativo,agua_utilizada,ESTIMACIÓN,[ESTIMACIÓN],,
agua,5000,6,300,alto,nivel=alto,agua_utilizada_m3_anio,57000.0,m³,anio,agua_utilizada,ESTIMACIÓN,[ESTIMACIÓN],,
agua,5000,6,300,alto,nivel=alto,agua_utilizada_m3_h_medio,15.833333,m³/h,hora,agua_utilizada,ESTIMACIÓN,[ESTIMACIÓN],,sobre 12 h (faena + limpieza)
agua,5000,6,300,alto,nivel=alto,agua_utilizada_m3_h_pico,34.833333,m³/h,hora,agua_utilizada,SUPUESTO,[SUPUESTO] factor de pico,,"dimensiona captación, bombeo y reserva"
agua,5000,6,300,alto,nivel=alto,reserva_agua_1_dia_m3,190.0,m³,stock,agua_utilizada,ESTIMACIÓN,[ESTIMACIÓN],,"volumen equivalente a un día de uso (referencia conceptual, no diseño)"
agua,5000,6,300,alto,nivel=alto,agua_descargada_m3_dia,180.5,m³,dia_operativo,agua_descargada,SUPUESTO,[ESTIMACIÓN] con fracción [SUPUESTO],,fracción a efluente = 0.95
agua,5000,6,300,alto,nivel=alto,agua_descargada_l_ave,36.1,L/ave,por_ave,agua_descargada,ESTIMACIÓN,[ESTIMACIÓN],,
agua,5000,6,300,alto,nivel=alto,agua_no_descargada_m3_dia,9.5,m³,dia_operativo,agua_no_descargada,ESTIMACIÓN,[ESTIMACIÓN],,evaporación + retenida + sale con subproductos + pérdidas
agua_retenida,5000,6,300,alto,,agua_retenida_en_producto_t_dia,0.427632,t,dia_operativo,agua_retenida,ESTIMACIÓN,[ESTIMACIÓN] del balance v1.1,escenarios_escala.csv,sale vendida con el producto; NO es consumo industrial ni efluente
agua_retenida,5000,6,300,alto,,agua_incorporada_producto_y_subproductos_t_dia,1.063303,t,dia_operativo,agua_retenida,ESTIMACIÓN,[ESTIMACIÓN] del balance v1.1,escenarios_escala.csv,absorbida en chiller + adherida a plumas (incluye goteo posterior)
agua_retenida,5000,6,300,alto,,agua_retenida_sobre_agua_utilizada_pct,0.225069,%,adimensional,agua,ESTIMACIÓN,[ESTIMACIÓN],,cuánto del agua usada termina dentro del producto
efluente,5000,6,300,alto,nivel=alto,carga_DQO_g_ave,180.0,g/ave,por_ave,efluente_crudo,ESTIMACIÓN,[ESTIMACIÓN] con rangos [PVDP],FTE-181; FTE-09C-05,efluente crudo tras retirar sangre y sólidos gruesos
efluente,5000,6,300,alto,nivel=alto,carga_DQO_kg_dia,900.0,kg,dia_operativo,efluente_crudo,ESTIMACIÓN,[ESTIMACIÓN],,
efluente,5000,6,300,alto,nivel=alto,concentracion_DQO_mg_l,4986.149584,mg/L,adimensional,efluente_crudo,ESTIMACIÓN,[ESTIMACIÓN],,"resultado (carga / caudal), no parámetro"
efluente,5000,6,300,alto,nivel=alto,carga_DBO5_g_ave,90.0,g/ave,por_ave,efluente_crudo,ESTIMACIÓN,[ESTIMACIÓN] con rangos [PVDP],"FTE-181; FTE-09C-05 (DBO/DQO ~0,4–0,6)",efluente crudo tras retirar sangre y sólidos gruesos
efluente,5000,6,300,alto,nivel=alto,carga_DBO5_kg_dia,450.0,kg,dia_operativo,efluente_crudo,ESTIMACIÓN,[ESTIMACIÓN],,
efluente,5000,6,300,alto,nivel=alto,concentracion_DBO5_mg_l,2493.074792,mg/L,adimensional,efluente_crudo,ESTIMACIÓN,[ESTIMACIÓN],,"resultado (carga / caudal), no parámetro"
efluente,5000,6,300,alto,nivel=alto,carga_SST_g_ave,80.0,g/ave,por_ave,efluente_crudo,ESTIMACIÓN,[ESTIMACIÓN] con rangos [PVDP],FTE-181; FTE-09C-05,efluente crudo tras retirar sangre y sólidos gruesos
efluente,5000,6,300,alto,nivel=alto,carga_SST_kg_dia,400.0,kg,dia_operativo,efluente_crudo,ESTIMACIÓN,[ESTIMACIÓN],,
efluente,5000,6,300,alto,nivel=alto,concentracion_SST_mg_l,2216.066482,mg/L,adimensional,efluente_crudo,ESTIMACIÓN,[ESTIMACIÓN],,"resultado (carga / caudal), no parámetro"
efluente,5000,6,300,alto,nivel=alto,carga_GyA_g_ave,25.0,g/ave,por_ave,efluente_crudo,ESTIMACIÓN,[ESTIMACIÓN] con rangos [PVDP],FTE-09C-06 (~500 mg/L tamizado),efluente crudo tras retirar sangre y sólidos gruesos
efluente,5000,6,300,alto,nivel=alto,carga_GyA_kg_dia,125.0,kg,dia_operativo,efluente_crudo,ESTIMACIÓN,[ESTIMACIÓN],,
efluente,5000,6,300,alto,nivel=alto,concentracion_GyA_mg_l,692.520776,mg/L,adimensional,efluente_crudo,ESTIMACIÓN,[ESTIMACIÓN],,"resultado (carga / caudal), no parámetro"
efluente,5000,6,300,alto,nivel=alto,carga_NTK_g_ave,8.0,g/ave,por_ave,efluente_crudo,ESTIMACIÓN,[ESTIMACIÓN] con rangos [PVDP],FTE-09C-06 (150–296 mg/L),efluente crudo tras retirar sangre y sólidos gruesos
efluente,5000,6,300,alto,nivel=alto,carga_NTK_kg_dia,40.0,kg,dia_operativo,efluente_crudo,ESTIMACIÓN,[ESTIMACIÓN],,
efluente,5000,6,300,alto,nivel=alto,concentracion_NTK_mg_l,221.606648,mg/L,adimensional,efluente_crudo,ESTIMACIÓN,[ESTIMACIÓN],,"resultado (carga / caudal), no parámetro"
efluente,5000,6,300,alto,nivel=alto,carga_PT_g_ave,1.0,g/ave,por_ave,efluente_crudo,ESTIMACIÓN,[ESTIMACIÓN] con rangos [PVDP],"FTE-09C-06 (~18,5 mg/L)",efluente crudo tras retirar sangre y sólidos gruesos
efluente,5000,6,300,alto,nivel=alto,carga_PT_kg_dia,5.0,kg,dia_operativo,efluente_crudo,ESTIMACIÓN,[ESTIMACIÓN],,
efluente,5000,6,300,alto,nivel=alto,concentracion_PT_mg_l,27.700831,mg/L,adimensional,efluente_crudo,ESTIMACIÓN,[ESTIMACIÓN],,"resultado (carga / caudal), no parámetro"
efluente,5000,6,300,alto,,dqo_extra_por_sangre_no_recuperada_g_ave,0.0,g/ave,por_ave,efluente_crudo,ESTIMACIÓN,[ESTIMACIÓN] con DQO de sangre [PVDP],FTE-181,recuperación 0.85 vs referencia 0.85
efluente,5000,6,300,alto,,dqo_evitada_por_recuperar_sangre_kg_dia,149.660714,kg,dia_operativo,efluente_crudo,ESTIMACIÓN,[ESTIMACIÓN] con DQO de sangre [PVDP],FTE-181,orden de magnitud; no es una reducción medida
efluente,5000,6,300,alto,nivel=alto,caudal_efluente_m3_h_pico,33.091667,m³/h,hora,agua_descargada,SUPUESTO,[SUPUESTO] factor de pico,,dimensiona ecualización
efluente,5000,6,300,alto,nivel=alto,remocion_dqo_requerida_ilustrativa_pct,94.986111,%,adimensional,efluente_crudo,ESTIMACIÓN,[ESTIMACIÓN] con límite [PVDP],FTE-09C-08,"límite ilustrativo 250 mg/L (ADA 336/03, pluvial; a confirmar según sitio y cuerpo receptor)"
masa_evitable,5000,6,300,alto,,sangre_recuperada_t_dia,0.41905,t,dia_operativo,biologica+agua,ESTIMACIÓN,[ESTIMACIÓN] del balance v1.1,escenarios_escala.csv,"sangre recuperada por separado (85 %, SUP-040)"
masa_evitable,5000,6,300,alto,,plumas_t_dia,1.2064,t,dia_operativo,biologica+agua,ESTIMACIÓN,[ESTIMACIÓN] del balance v1.1,escenarios_escala.csv,plumas húmedas retiradas
masa_evitable,5000,6,300,alto,,visceras_t_dia,0.6525,t,dia_operativo,biologica+agua,ESTIMACIÓN,[ESTIMACIÓN] del balance v1.1,escenarios_escala.csv,vísceras no comestibles
masa_evitable,5000,6,300,alto,,cabeza_t_dia,0.3625,t,dia_operativo,biologica+agua,ESTIMACIÓN,[ESTIMACIÓN] del balance v1.1,escenarios_escala.csv,cabezas
masa_evitable,5000,6,300,alto,,solidos_a_retirar_t_dia,3.041763,t,dia_operativo,biologica+agua,ESTIMACIÓN,[ESTIMACIÓN] del balance v1.1,escenarios_escala.csv,total sólidos a retirar en seco (C + decomisos + contenido GI; NO sumar)
masa_evitable,5000,6,300,alto,,masa_a_efluente_o_perdida_t_dia,0.539122,t,dia_operativo,biologica+agua,ESTIMACIÓN,[ESTIMACIÓN] del balance v1.1,escenarios_escala.csv,"masa que el balance ya envía a efluente o pérdida (sangre no recuperada, cutícula, goteo, pérdidas)"
lodos,5000,6,300,alto,nivel=alto,lodo_daf_kg_ms_dia,288.4375,kg,dia_operativo,materia_seca,ESTIMACIÓN,[ESTIMACIÓN] con remociones [PVDP],"FTE-09C-05, FTE-09C-13",sólidos + grasas flotados + químicos
lodos,5000,6,300,alto,nivel=alto,lodo_daf_t_humedo_dia,2.884375,t,dia_operativo,lodo_humedo,ESTIMACIÓN,[ESTIMACIÓN] con % sólidos [PVDP],FTE-09C-13,
lodos,5000,6,300,alto,nivel=alto,dbo_al_tratamiento_biologico_kg_dia,315.0,kg,dia_operativo,efluente_pretratado,ESTIMACIÓN,[ESTIMACIÓN],,después de DAF
lodos,5000,6,300,alto,nivel=alto,lodo_biologico_aerobio_kg_ms_dia,149.625,kg,dia_operativo,materia_seca,SUPUESTO,[ESTIMACIÓN] con rendimiento [SUPUESTO],,si el tratamiento fuera aerobio completo; anaerobio genera mucho menos lodo
lodos,5000,6,300,alto,nivel=alto,lodos_deshidratados_t_dia,2.920417,t,dia_operativo,lodo_humedo,SUPUESTO,[ESTIMACIÓN] con [SUPUESTO],,DAF + biológico deshidratados; disposición/valorización a definir
electricidad,5000,6,300,alto,nivel=alto,kwh_proceso_dia,6525.0,kWh,dia_operativo,energia_electrica,FUENTE,[ESTIMACIÓN] con indicador [PVDP],"UE 152–860 kWh/t faenada; Brasil 165 kWh/t; 1,19 MJ/kg = 330 kWh/t (FTE-09C-09, FTE-09C-03)","faena, proceso, enfriado fresco, aire, agua, servicios"
electricidad,5000,6,300,alto,nivel=alto,kwh_proceso_frio_de_proceso_agua_helada_hielo_dia,2283.75,kWh,dia_operativo,energia_electrica,SUPUESTO,[SUPUESTO] reparto ilustrativo,FTE-09C-09 (cualitativo),didáctico; no sumar con kwh_proceso_dia
electricidad,5000,6,300,alto,nivel=alto,kwh_proceso_motores_de_linea_y_transportadores_dia,1305.0,kWh,dia_operativo,energia_electrica,SUPUESTO,[SUPUESTO] reparto ilustrativo,FTE-09C-09 (cualitativo),didáctico; no sumar con kwh_proceso_dia
electricidad,5000,6,300,alto,nivel=alto,kwh_proceso_aire_comprimido_dia,652.5,kWh,dia_operativo,energia_electrica,SUPUESTO,[SUPUESTO] reparto ilustrativo,FTE-09C-09 (cualitativo),didáctico; no sumar con kwh_proceso_dia
electricidad,5000,6,300,alto,nivel=alto,kwh_proceso_bombas_agua_y_efluentes_dia,652.5,kWh,dia_operativo,energia_electrica,SUPUESTO,[SUPUESTO] reparto ilustrativo,FTE-09C-09 (cualitativo),didáctico; no sumar con kwh_proceso_dia
electricidad,5000,6,300,alto,nivel=alto,kwh_proceso_climatizacion_salas_dia,522.0,kWh,dia_operativo,energia_electrica,SUPUESTO,[SUPUESTO] reparto ilustrativo,FTE-09C-09 (cualitativo),didáctico; no sumar con kwh_proceso_dia
electricidad,5000,6,300,alto,nivel=alto,kwh_proceso_iluminacion_dia,456.75,kWh,dia_operativo,energia_electrica,SUPUESTO,[SUPUESTO] reparto ilustrativo,FTE-09C-09 (cualitativo),didáctico; no sumar con kwh_proceso_dia
electricidad,5000,6,300,alto,nivel=alto,kwh_proceso_oficinas_vestuarios_servicios_dia,326.25,kWh,dia_operativo,energia_electrica,SUPUESTO,[SUPUESTO] reparto ilustrativo,FTE-09C-09 (cualitativo),didáctico; no sumar con kwh_proceso_dia
electricidad,5000,6,300,alto,nivel=alto,kwh_proceso_otros_dia,326.25,kWh,dia_operativo,energia_electrica,SUPUESTO,[SUPUESTO] reparto ilustrativo,FTE-09C-09 (cualitativo),didáctico; no sumar con kwh_proceso_dia
inventario,5000,6,300,alto,,stock_refrigerado_t,32.352529,t,stock,comercial,ESTIMACIÓN,[ESTIMACIÓN],"SUP-055, SUP-056",base=dias_produccion; días=3; perfil=P1
inventario,5000,6,300,alto,,stock_congelado_t,16.775385,t,stock,comercial,ESTIMACIÓN,[ESTIMACIÓN],"SUP-055, SUP-056",base=dias_produccion; días=14; incluye exportación
congelado,5000,6,300,alto,,capacidad_congelacion_t_dia,1.198242,t,dia_operativo,comercial,ESTIMACIÓN,[ESTIMACIÓN],SUP-055,t que hay que congelar cada día de faena (túneles/IQF)
congelado,5000,6,300,alto,,capacidad_almacenamiento_congelado_t,16.775385,t,stock,comercial,ESTIMACIÓN,[ESTIMACIÓN],,t que hay que guardar (cámaras); NO es capacidad de congelación
congelado,5000,6,300,alto,nivel=alto,garras_a_congelar_t_dia_informativo,0.50526,t,dia_operativo,comercial,SUPUESTO,[SUPUESTO],,ya incluidas dentro del comestible: NO sumar al perfil
congelado,5000,6,300,alto,nivel=alto,menudencias_a_congelar_t_dia_informativo,0.54549,t,dia_operativo,comercial,SUPUESTO,[SUPUESTO],,ya incluidas dentro del comestible: NO sumar al perfil
congelado,5000,6,300,alto,nivel=alto,calor_a_extraer_congelacion_kj_kg,444.165,kJ/kg,adimensional,producto,ESTIMACIÓN,[ESTIMACIÓN] con propiedades [PVDP],FTE-09C-14,"de +4 °C a −18 °C, con pérdidas"
frio,5000,6,300,alto,nivel=alto,kw_frigorificos_enfriado_producto_fresco,168.169597,kW frigoríficos,potencia,frio,ESTIMACIÓN,[ESTIMACIÓN] con [SUPUESTO],,chiller + menudencias + salas/docks; durante 8 h netas
frio,5000,6,300,alto,nivel=alto,tr_enfriado_producto_fresco,47.816206,TR,potencia,frio,ESTIMACIÓN,[ESTIMACIÓN],,"1 TR = 3,517 kW frigoríficos"
frio,5000,6,300,alto,nivel=alto,kw_electricos_enfriado_producto_fresco,73.117216,kW eléctricos,potencia,energia_electrica,SUPUESTO,[ESTIMACIÓN] con COP [SUPUESTO],,kW eléctricos = kW frigoríficos / COP
frio,5000,6,300,alto,nivel=alto,kw_frigorificos_congelacion_tuneles,7.391904,kW frigoríficos,potencia,frio,ESTIMACIÓN,[ESTIMACIÓN] con [SUPUESTO],,durante 20 h/día
frio,5000,6,300,alto,nivel=alto,tr_congelacion_tuneles,2.101764,TR,potencia,frio,ESTIMACIÓN,[ESTIMACIÓN],,"1 TR = 3,517 kW frigoríficos"
frio,5000,6,300,alto,nivel=alto,kw_electricos_congelacion_tuneles,6.719912,kW eléctricos,potencia,energia_electrica,SUPUESTO,[ESTIMACIÓN] con COP [SUPUESTO],,kW eléctricos = kW frigoríficos / COP
frio,5000,6,300,alto,nivel=alto,kw_frigorificos_camaras_almacenamiento,10.04526,kW frigoríficos,potencia,frio,ESTIMACIÓN,[ESTIMACIÓN] con [SUPUESTO],,"24 h, 365 días; desde kWh/(t·día)"
frio,5000,6,300,alto,nivel=alto,tr_camaras_almacenamiento,2.856201,TR,potencia,frio,ESTIMACIÓN,[ESTIMACIÓN],,"1 TR = 3,517 kW frigoríficos"
frio,5000,6,300,alto,nivel=alto,kw_electricos_camaras_almacenamiento,6.190916,kW eléctricos,potencia,energia_electrica,SUPUESTO,[ESTIMACIÓN] con COP [SUPUESTO],,kW eléctricos = kW frigoríficos / COP
frio,5000,6,300,alto,nivel=alto,kj_frio_enfriado_por_ave,968.656877,kJ/ave,por_ave,frio,ESTIMACIÓN,[ESTIMACIÓN] con [SUPUESTO],FTE-09C-14,
electricidad,5000,6,300,alto,nivel=alto,kwh_congelacion_dia,311.542868,kWh,dia_operativo,energia_electrica,FUENTE,[ESTIMACIÓN] con indicador [PVDP],120–260 kWh/t de ave congelada; 133 kWh/t (FTE-09C-10),
electricidad,5000,6,300,alto,nivel=alto,kwh_almacenamiento_frio_dia_calendario,148.581983,kWh,dia_calendario,energia_electrica,SUPUESTO,[ESTIMACIÓN] con [SUPUESTO],,las cámaras funcionan también sin faena
electricidad,5000,6,300,alto,nivel=alto,kwh_tratamiento_aerobio_dia,598.5,kWh,dia_operativo,energia_electrica,SUPUESTO,[ESTIMACIÓN] con [SUPUESTO],,cota: si todo el biológico fuera aerobio
electricidad,5000,6,300,alto,nivel=alto,kwh_total_dia_operativo,7583.624851,kWh,dia_operativo,energia_electrica,ESTIMACIÓN,[ESTIMACIÓN],,proceso + congelado + aerobio + cámaras
electricidad,5000,6,300,alto,nivel=alto,kwh_total_anio,2284745.284268,kWh,anio,energia_electrica,ESTIMACIÓN,[ESTIMACIÓN],,cámaras × 365 días; resto × días de faena
electricidad,5000,6,300,alto,nivel=alto,kwh_por_ave_promedio_anual,1.523164,kWh/ave,por_ave,energia_electrica,ESTIMACIÓN,[ESTIMACIÓN],,
electricidad,5000,6,300,alto,nivel=alto,kw_potencia_media_operacion,512.776988,kW,potencia,energia_electrica,ESTIMACIÓN,[ESTIMACIÓN],,proceso sobre 14 h + túneles + cámaras + efluentes
electricidad,5000,6,300,alto,nivel=alto,kw_potencia_pico_estimada,885.634131,kW,potencia,energia_electrica,SUPUESTO,[ESTIMACIÓN] con factor de pico [SUPUESTO],,orden de magnitud para pedir potencia; no es diseño
termico,5000,6,300,alto,nivel=alto,calor_util_escaldado_mj_dia,5525.52,MJ,dia_operativo,energia_termica,ESTIMACIÓN,[ESTIMACIÓN] con temperaturas [PVDP]/[SUPUESTO],FTE-09C-11,
termico,5000,6,300,alto,nivel=alto,kw_termicos_escaldado,191.858333,kW térmicos,potencia,energia_termica,ESTIMACIÓN,[ESTIMACIÓN],,durante 8 h
termico,5000,6,300,alto,nivel=alto,calor_util_limpieza_mj_dia,4615.065,MJ,dia_operativo,energia_termica,ESTIMACIÓN,[ESTIMACIÓN] con temperaturas [PVDP]/[SUPUESTO],FTE-09C-11,
termico,5000,6,300,alto,nivel=alto,kw_termicos_limpieza,320.490625,kW térmicos,potencia,energia_termica,ESTIMACIÓN,[ESTIMACIÓN],,durante 4 h
termico,5000,6,300,alto,nivel=alto,calor_util_sanitizacion_mj_dia,1406.496,MJ,dia_operativo,energia_termica,ESTIMACIÓN,[ESTIMACIÓN] con temperaturas [PVDP]/[SUPUESTO],FTE-09C-11,
termico,5000,6,300,alto,nivel=alto,kw_termicos_sanitizacion,32.557778,kW térmicos,potencia,energia_termica,ESTIMACIÓN,[ESTIMACIÓN],,durante 12 h
termico,5000,6,300,alto,nivel=alto,calor_util_mj_ave,2.309416,MJ/ave,por_ave,energia_termica,ESTIMACIÓN,[ESTIMACIÓN],,
termico,5000,6,300,alto,nivel=alto,energia_combustible_mj_dia,17764.74,MJ,dia_operativo,energia_termica,ESTIMACIÓN,[ESTIMACIÓN] con rendimiento [SUPUESTO],,
termico,5000,6,300,alto,nivel=alto,energia_combustible_kwh_dia,4934.65,kWh,dia_operativo,energia_termica,ESTIMACIÓN,[ESTIMACIÓN],,kWh TÉRMICOS (no eléctricos)
termico,5000,6,300,alto,nivel=alto,equivalente_gas_natural_m3_dia,456.677121,m3,dia_operativo,energia_termica,SUPUESTO,[ESTIMACIÓN] con PCI [SUPUESTO],~9.300 kcal/m³ (a verificar con distribuidora),"equivalencia, no elección"
termico,5000,6,300,alto,nivel=alto,equivalente_glp_kg_dia,386.19,kg,dia_operativo,energia_termica,SUPUESTO,[ESTIMACIÓN] con PCI [SUPUESTO],~11.000 kcal/kg,"equivalencia, no elección"
termico,5000,6,300,alto,nivel=alto,equivalente_biomasa_chip_kg_dia,1268.91,kg,dia_operativo,energia_termica,SUPUESTO,[ESTIMACIÓN] con PCI [SUPUESTO],chip de madera ~20–25 % humedad; muy variable,"equivalencia, no elección"
termico,5000,6,300,alto,nivel=alto,equivalente_electricidad_resistiva_kwh_dia,3272.982143,kWh,dia_operativo,energia_termica,SUPUESTO,[ESTIMACIÓN],,rendimiento 98 %; bomba de calor dividiría por su COP (limitada a ~60–70 °C)
respaldo,5000,6,300,alto,nivel=alto,kw_critico_camaras_frio,12.381832,kW,potencia,energia_electrica,SUPUESTO,[ESTIMACIÓN] con [SUPUESTO],,
respaldo,5000,6,300,alto,nivel=alto,kw_critico_efluentes_minimo,12.46875,kW,potencia,energia_electrica,SUPUESTO,[ESTIMACIÓN] con [SUPUESTO],,
respaldo,5000,6,300,alto,nivel=alto,kw_critico_control_it_seguridad,16.778571,kW,potencia,energia_electrica,SUPUESTO,[ESTIMACIÓN] con [SUPUESTO],,
respaldo,5000,6,300,alto,nivel=alto,kw_critico_iluminacion_emergencia,8.389286,kW,potencia,energia_electrica,SUPUESTO,[ESTIMACIÓN] con [SUPUESTO],,
respaldo,5000,6,300,alto,nivel=alto,kw_critico_bombeo_agua_minimo,25.167857,kW,potencia,energia_electrica,SUPUESTO,[ESTIMACIÓN] con [SUPUESTO],,
respaldo,5000,6,300,alto,nivel=alto,kw_critico_anden_aves_ventilacion,16.778571,kW,potencia,energia_electrica,SUPUESTO,[ESTIMACIÓN] con [SUPUESTO],,
respaldo,5000,6,300,alto,nivel=alto,kw_respaldo_cargas_criticas,91.964868,kW,potencia,energia_electrica,SUPUESTO,[ESTIMACIÓN] con [SUPUESTO],,cámaras + control + emergencia + efluentes + agua + andén
respaldo,5000,6,300,alto,nivel=alto,kva_respaldo_cargas_criticas,114.956085,kVA,potencia,energia_electrica,SUPUESTO,[ESTIMACIÓN],,"fp 0,8"
respaldo,5000,6,300,alto,nivel=alto,kva_respaldo_planta_completa,1107.042663,kVA,potencia,energia_electrica,SUPUESTO,[ESTIMACIÓN],,si se quisiera sostener también la línea
perfil_frio,5000,6,300,alto,perfil=P2,capacidad_congelacion_t_dia,4.792967,t,dia_operativo,comercial,ESTIMACIÓN,[ESTIMACIÓN],SUP-055,t que hay que congelar cada día de faena (túneles/IQF)
perfil_frio,5000,6,300,alto,perfil=P2,capacidad_almacenamiento_congelado_t,67.101541,t,stock,comercial,ESTIMACIÓN,[ESTIMACIÓN],,t que hay que guardar (cámaras); NO es capacidad de congelación
perfil_frio,5000,6,300,alto,perfil=P2,stock_refrigerado_t,21.568352,t,stock,comercial,ESTIMACIÓN,[ESTIMACIÓN],"SUP-055, SUP-056",base=dias_produccion; días=3; perfil=P2
perfil_frio,5000,6,300,alto,perfil=P2,kw_frigorificos_congelacion_tuneles,29.567615,kW frigoríficos,potencia,frio,ESTIMACIÓN,[ESTIMACIÓN] con [SUPUESTO],,durante 20 h/día
perfil_frio,5000,6,300,alto,perfil=P2,kw_electricos_congelacion_tuneles,26.87965,kW eléctricos,potencia,energia_electrica,SUPUESTO,[ESTIMACIÓN] con COP [SUPUESTO],,kW eléctricos = kW frigoríficos / COP
perfil_frio,5000,6,300,alto,perfil=P2,kw_frigorificos_camaras_almacenamiento,19.511371,kW frigoríficos,potencia,frio,ESTIMACIÓN,[ESTIMACIÓN] con [SUPUESTO],,"24 h, 365 días; desde kWh/(t·día)"
perfil_frio,5000,6,300,alto,perfil=P2,kwh_congelacion_dia,1246.171472,kWh,dia_operativo,energia_electrica,FUENTE,[ESTIMACIÓN] con indicador [PVDP],120–260 kWh/t de ave congelada; 133 kWh/t (FTE-09C-10),
perfil_frio,5000,6,300,alto,perfil=P2,kwh_almacenamiento_frio_dia_calendario,378.644409,kWh,dia_calendario,energia_electrica,SUPUESTO,[ESTIMACIÓN] con [SUPUESTO],,las cámaras funcionan también sin faena
perfil_frio,5000,6,300,alto,perfil=P2,kw_respaldo_cargas_criticas,111.136736,kW,potencia,energia_electrica,SUPUESTO,[ESTIMACIÓN] con [SUPUESTO],,cámaras + control + emergencia + efluentes + agua + andén
perfil_frio,5000,6,300,alto,perfil=P3,capacidad_congelacion_t_dia,5.991209,t,dia_operativo,comercial,ESTIMACIÓN,[ESTIMACIÓN],SUP-055,t que hay que congelar cada día de faena (túneles/IQF)
perfil_frio,5000,6,300,alto,perfil=P3,capacidad_almacenamiento_congelado_t,83.876926,t,stock,comercial,ESTIMACIÓN,[ESTIMACIÓN],,t que hay que guardar (cámaras); NO es capacidad de congelación
perfil_frio,5000,6,300,alto,perfil=P3,stock_refrigerado_t,17.973627,t,stock,comercial,ESTIMACIÓN,[ESTIMACIÓN],"SUP-055, SUP-056",base=dias_produccion; días=3; perfil=P3
perfil_frio,5000,6,300,alto,perfil=P3,kw_frigorificos_congelacion_tuneles,36.959519,kW frigoríficos,potencia,frio,ESTIMACIÓN,[ESTIMACIÓN] con [SUPUESTO],,durante 20 h/día
perfil_frio,5000,6,300,alto,perfil=P3,kw_electricos_congelacion_tuneles,33.599562,kW eléctricos,potencia,energia_electrica,SUPUESTO,[ESTIMACIÓN] con COP [SUPUESTO],,kW eléctricos = kW frigoríficos / COP
perfil_frio,5000,6,300,alto,perfil=P3,kw_frigorificos_camaras_almacenamiento,22.666741,kW frigoríficos,potencia,frio,ESTIMACIÓN,[ESTIMACIÓN] con [SUPUESTO],,"24 h, 365 días; desde kWh/(t·día)"
perfil_frio,5000,6,300,alto,perfil=P3,kwh_congelacion_dia,1557.71434,kWh,dia_operativo,energia_electrica,FUENTE,[ESTIMACIÓN] con indicador [PVDP],120–260 kWh/t de ave congelada; 133 kWh/t (FTE-09C-10),
perfil_frio,5000,6,300,alto,perfil=P3,kwh_almacenamiento_frio_dia_calendario,455.331884,kWh,dia_calendario,energia_electrica,SUPUESTO,[ESTIMACIÓN] con [SUPUESTO],,las cámaras funcionan también sin faena
perfil_frio,5000,6,300,alto,perfil=P3,kw_respaldo_cargas_criticas,117.527359,kW,potencia,energia_electrica,SUPUESTO,[ESTIMACIÓN] con [SUPUESTO],,cámaras + control + emergencia + efluentes + agua + andén
inventario,5000,6,300,-,base_temporal=dias_produccion; dias=1,comestible_total_t,11.982418,t,stock,comercial,ESTIMACIÓN,[ESTIMACIÓN],"SUP-055, SUP-056; = escenarios_escala.csv",días de producción
inventario,5000,6,300,-,base_temporal=dias_produccion; dias=1; perfil_destino=P1,refrigerado_t,10.784176,t,stock,comercial,ESTIMACIÓN,[ESTIMACIÓN],"SUP-055, SUP-056; = escenarios_escala.csv",días de producción
inventario,5000,6,300,-,base_temporal=dias_produccion; dias=1; perfil_destino=P1,congelado_t,1.198242,t,stock,comercial,ESTIMACIÓN,[ESTIMACIÓN],"SUP-055, SUP-056; = escenarios_escala.csv",días de producción
inventario,5000,6,300,-,base_temporal=dias_produccion; dias=1; perfil_destino=P1,exportacion_t,0.0,t,stock,comercial,ESTIMACIÓN,[ESTIMACIÓN],"SUP-055, SUP-056; = escenarios_escala.csv",días de producción
inventario,5000,6,300,-,base_temporal=dias_produccion; dias=1; perfil_destino=P2,refrigerado_t,7.189451,t,stock,comercial,ESTIMACIÓN,[ESTIMACIÓN],"SUP-055, SUP-056; = escenarios_escala.csv",días de producción
inventario,5000,6,300,-,base_temporal=dias_produccion; dias=1; perfil_destino=P2,congelado_t,4.792967,t,stock,comercial,ESTIMACIÓN,[ESTIMACIÓN],"SUP-055, SUP-056; = escenarios_escala.csv",días de producción
inventario,5000,6,300,-,base_temporal=dias_produccion; dias=1; perfil_destino=P2,exportacion_t,0.0,t,stock,comercial,ESTIMACIÓN,[ESTIMACIÓN],"SUP-055, SUP-056; = escenarios_escala.csv",días de producción
inventario,5000,6,300,-,base_temporal=dias_produccion; dias=1; perfil_destino=P3,refrigerado_t,5.991209,t,stock,comercial,ESTIMACIÓN,[ESTIMACIÓN],"SUP-055, SUP-056; = escenarios_escala.csv",días de producción
inventario,5000,6,300,-,base_temporal=dias_produccion; dias=1; perfil_destino=P3,congelado_t,3.594725,t,stock,comercial,ESTIMACIÓN,[ESTIMACIÓN],"SUP-055, SUP-056; = escenarios_escala.csv",días de producción
inventario,5000,6,300,-,base_temporal=dias_produccion; dias=1; perfil_destino=P3,exportacion_t,2.396484,t,stock,comercial,ESTIMACIÓN,[ESTIMACIÓN],"SUP-055, SUP-056; = escenarios_escala.csv",días de producción
inventario,5000,6,300,-,base_temporal=dias_produccion; dias=3,comestible_total_t,35.947254,t,stock,comercial,ESTIMACIÓN,[ESTIMACIÓN],"SUP-055, SUP-056; = escenarios_escala.csv",días de producción
inventario,5000,6,300,-,base_temporal=dias_produccion; dias=3; perfil_destino=P1,refrigerado_t,32.352529,t,stock,comercial,ESTIMACIÓN,[ESTIMACIÓN],"SUP-055, SUP-056; = escenarios_escala.csv",días de producción
inventario,5000,6,300,-,base_temporal=dias_produccion; dias=3; perfil_destino=P1,congelado_t,3.594725,t,stock,comercial,ESTIMACIÓN,[ESTIMACIÓN],"SUP-055, SUP-056; = escenarios_escala.csv",días de producción
inventario,5000,6,300,-,base_temporal=dias_produccion; dias=3; perfil_destino=P1,exportacion_t,0.0,t,stock,comercial,ESTIMACIÓN,[ESTIMACIÓN],"SUP-055, SUP-056; = escenarios_escala.csv",días de producción
inventario,5000,6,300,-,base_temporal=dias_produccion; dias=3; perfil_destino=P2,refrigerado_t,21.568352,t,stock,comercial,ESTIMACIÓN,[ESTIMACIÓN],"SUP-055, SUP-056; = escenarios_escala.csv",días de producción
inventario,5000,6,300,-,base_temporal=dias_produccion; dias=3; perfil_destino=P2,congelado_t,14.378902,t,stock,comercial,ESTIMACIÓN,[ESTIMACIÓN],"SUP-055, SUP-056; = escenarios_escala.csv",días de producción
inventario,5000,6,300,-,base_temporal=dias_produccion; dias=3; perfil_destino=P2,exportacion_t,0.0,t,stock,comercial,ESTIMACIÓN,[ESTIMACIÓN],"SUP-055, SUP-056; = escenarios_escala.csv",días de producción
inventario,5000,6,300,-,base_temporal=dias_produccion; dias=3; perfil_destino=P3,refrigerado_t,17.973627,t,stock,comercial,ESTIMACIÓN,[ESTIMACIÓN],"SUP-055, SUP-056; = escenarios_escala.csv",días de producción
inventario,5000,6,300,-,base_temporal=dias_produccion; dias=3; perfil_destino=P3,congelado_t,10.784176,t,stock,comercial,ESTIMACIÓN,[ESTIMACIÓN],"SUP-055, SUP-056; = escenarios_escala.csv",días de producción
inventario,5000,6,300,-,base_temporal=dias_produccion; dias=3; perfil_destino=P3,exportacion_t,7.189451,t,stock,comercial,ESTIMACIÓN,[ESTIMACIÓN],"SUP-055, SUP-056; = escenarios_escala.csv",días de producción
inventario,5000,6,300,-,base_temporal=dias_produccion; dias=7,comestible_total_t,83.876926,t,stock,comercial,ESTIMACIÓN,[ESTIMACIÓN],"SUP-055, SUP-056; = escenarios_escala.csv",días de producción
inventario,5000,6,300,-,base_temporal=dias_produccion; dias=7; perfil_destino=P1,refrigerado_t,75.489233,t,stock,comercial,ESTIMACIÓN,[ESTIMACIÓN],"SUP-055, SUP-056; = escenarios_escala.csv",días de producción
inventario,5000,6,300,-,base_temporal=dias_produccion; dias=7; perfil_destino=P1,congelado_t,8.387693,t,stock,comercial,ESTIMACIÓN,[ESTIMACIÓN],"SUP-055, SUP-056; = escenarios_escala.csv",días de producción
inventario,5000,6,300,-,base_temporal=dias_produccion; dias=7; perfil_destino=P1,exportacion_t,0.0,t,stock,comercial,ESTIMACIÓN,[ESTIMACIÓN],"SUP-055, SUP-056; = escenarios_escala.csv",días de producción
inventario,5000,6,300,-,base_temporal=dias_produccion; dias=7; perfil_destino=P2,refrigerado_t,50.326156,t,stock,comercial,ESTIMACIÓN,[ESTIMACIÓN],"SUP-055, SUP-056; = escenarios_escala.csv",días de producción
inventario,5000,6,300,-,base_temporal=dias_produccion; dias=7; perfil_destino=P2,congelado_t,33.55077,t,stock,comercial,ESTIMACIÓN,[ESTIMACIÓN],"SUP-055, SUP-056; = escenarios_escala.csv",días de producción
inventario,5000,6,300,-,base_temporal=dias_produccion; dias=7; perfil_destino=P2,exportacion_t,0.0,t,stock,comercial,ESTIMACIÓN,[ESTIMACIÓN],"SUP-055, SUP-056; = escenarios_escala.csv",días de producción
inventario,5000,6,300,-,base_temporal=dias_produccion; dias=7; perfil_destino=P3,refrigerado_t,41.938463,t,stock,comercial,ESTIMACIÓN,[ESTIMACIÓN],"SUP-055, SUP-056; = escenarios_escala.csv",días de producción
inventario,5000,6,300,-,base_temporal=dias_produccion; dias=7; perfil_destino=P3,congelado_t,25.163078,t,stock,comercial,ESTIMACIÓN,[ESTIMACIÓN],"SUP-055, SUP-056; = escenarios_escala.csv",días de producción
inventario,5000,6,300,-,base_temporal=dias_produccion; dias=7; perfil_destino=P3,exportacion_t,16.775385,t,stock,comercial,ESTIMACIÓN,[ESTIMACIÓN],"SUP-055, SUP-056; = escenarios_escala.csv",días de producción
inventario,5000,6,300,-,base_temporal=dias_produccion; dias=14,comestible_total_t,167.753852,t,stock,comercial,ESTIMACIÓN,[ESTIMACIÓN],"SUP-055, SUP-056; = escenarios_escala.csv",días de producción
inventario,5000,6,300,-,base_temporal=dias_produccion; dias=14; perfil_destino=P1,refrigerado_t,150.978467,t,stock,comercial,ESTIMACIÓN,[ESTIMACIÓN],"SUP-055, SUP-056; = escenarios_escala.csv",días de producción
inventario,5000,6,300,-,base_temporal=dias_produccion; dias=14; perfil_destino=P1,congelado_t,16.775385,t,stock,comercial,ESTIMACIÓN,[ESTIMACIÓN],"SUP-055, SUP-056; = escenarios_escala.csv",días de producción
inventario,5000,6,300,-,base_temporal=dias_produccion; dias=14; perfil_destino=P1,exportacion_t,0.0,t,stock,comercial,ESTIMACIÓN,[ESTIMACIÓN],"SUP-055, SUP-056; = escenarios_escala.csv",días de producción
inventario,5000,6,300,-,base_temporal=dias_produccion; dias=14; perfil_destino=P2,refrigerado_t,100.652311,t,stock,comercial,ESTIMACIÓN,[ESTIMACIÓN],"SUP-055, SUP-056; = escenarios_escala.csv",días de producción
inventario,5000,6,300,-,base_temporal=dias_produccion; dias=14; perfil_destino=P2,congelado_t,67.101541,t,stock,comercial,ESTIMACIÓN,[ESTIMACIÓN],"SUP-055, SUP-056; = escenarios_escala.csv",días de producción
inventario,5000,6,300,-,base_temporal=dias_produccion; dias=14; perfil_destino=P2,exportacion_t,0.0,t,stock,comercial,ESTIMACIÓN,[ESTIMACIÓN],"SUP-055, SUP-056; = escenarios_escala.csv",días de producción
inventario,5000,6,300,-,base_temporal=dias_produccion; dias=14; perfil_destino=P3,refrigerado_t,83.876926,t,stock,comercial,ESTIMACIÓN,[ESTIMACIÓN],"SUP-055, SUP-056; = escenarios_escala.csv",días de producción
inventario,5000,6,300,-,base_temporal=dias_produccion; dias=14; perfil_destino=P3,congelado_t,50.326156,t,stock,comercial,ESTIMACIÓN,[ESTIMACIÓN],"SUP-055, SUP-056; = escenarios_escala.csv",días de producción
inventario,5000,6,300,-,base_temporal=dias_produccion; dias=14; perfil_destino=P3,exportacion_t,33.55077,t,stock,comercial,ESTIMACIÓN,[ESTIMACIÓN],"SUP-055, SUP-056; = escenarios_escala.csv",días de producción
inventario,5000,6,300,-,base_temporal=dias_calendario; dias=1,comestible_total_t,9.848563,t,stock,comercial,ESTIMACIÓN,[ESTIMACIÓN],"SUP-055, SUP-056; = escenarios_escala.csv",días calendario de cobertura (× días op./365)
inventario,5000,6,300,-,base_temporal=dias_calendario; dias=1; perfil_destino=P1,refrigerado_t,8.863706,t,stock,comercial,ESTIMACIÓN,[ESTIMACIÓN],"SUP-055, SUP-056; = escenarios_escala.csv",días calendario de cobertura (× días op./365)
inventario,5000,6,300,-,base_temporal=dias_calendario; dias=1; perfil_destino=P1,congelado_t,0.984856,t,stock,comercial,ESTIMACIÓN,[ESTIMACIÓN],"SUP-055, SUP-056; = escenarios_escala.csv",días calendario de cobertura (× días op./365)
inventario,5000,6,300,-,base_temporal=dias_calendario; dias=1; perfil_destino=P1,exportacion_t,0.0,t,stock,comercial,ESTIMACIÓN,[ESTIMACIÓN],"SUP-055, SUP-056; = escenarios_escala.csv",días calendario de cobertura (× días op./365)
inventario,5000,6,300,-,base_temporal=dias_calendario; dias=1; perfil_destino=P2,refrigerado_t,5.909138,t,stock,comercial,ESTIMACIÓN,[ESTIMACIÓN],"SUP-055, SUP-056; = escenarios_escala.csv",días calendario de cobertura (× días op./365)
inventario,5000,6,300,-,base_temporal=dias_calendario; dias=1; perfil_destino=P2,congelado_t,3.939425,t,stock,comercial,ESTIMACIÓN,[ESTIMACIÓN],"SUP-055, SUP-056; = escenarios_escala.csv",días calendario de cobertura (× días op./365)
inventario,5000,6,300,-,base_temporal=dias_calendario; dias=1; perfil_destino=P2,exportacion_t,0.0,t,stock,comercial,ESTIMACIÓN,[ESTIMACIÓN],"SUP-055, SUP-056; = escenarios_escala.csv",días calendario de cobertura (× días op./365)
inventario,5000,6,300,-,base_temporal=dias_calendario; dias=1; perfil_destino=P3,refrigerado_t,4.924281,t,stock,comercial,ESTIMACIÓN,[ESTIMACIÓN],"SUP-055, SUP-056; = escenarios_escala.csv",días calendario de cobertura (× días op./365)
inventario,5000,6,300,-,base_temporal=dias_calendario; dias=1; perfil_destino=P3,congelado_t,2.954569,t,stock,comercial,ESTIMACIÓN,[ESTIMACIÓN],"SUP-055, SUP-056; = escenarios_escala.csv",días calendario de cobertura (× días op./365)
inventario,5000,6,300,-,base_temporal=dias_calendario; dias=1; perfil_destino=P3,exportacion_t,1.969713,t,stock,comercial,ESTIMACIÓN,[ESTIMACIÓN],"SUP-055, SUP-056; = escenarios_escala.csv",días calendario de cobertura (× días op./365)
inventario,5000,6,300,-,base_temporal=dias_calendario; dias=3,comestible_total_t,29.545688,t,stock,comercial,ESTIMACIÓN,[ESTIMACIÓN],"SUP-055, SUP-056; = escenarios_escala.csv",días calendario de cobertura (× días op./365)
inventario,5000,6,300,-,base_temporal=dias_calendario; dias=3; perfil_destino=P1,refrigerado_t,26.591119,t,stock,comercial,ESTIMACIÓN,[ESTIMACIÓN],"SUP-055, SUP-056; = escenarios_escala.csv",días calendario de cobertura (× días op./365)
inventario,5000,6,300,-,base_temporal=dias_calendario; dias=3; perfil_destino=P1,congelado_t,2.954569,t,stock,comercial,ESTIMACIÓN,[ESTIMACIÓN],"SUP-055, SUP-056; = escenarios_escala.csv",días calendario de cobertura (× días op./365)
inventario,5000,6,300,-,base_temporal=dias_calendario; dias=3; perfil_destino=P1,exportacion_t,0.0,t,stock,comercial,ESTIMACIÓN,[ESTIMACIÓN],"SUP-055, SUP-056; = escenarios_escala.csv",días calendario de cobertura (× días op./365)
inventario,5000,6,300,-,base_temporal=dias_calendario; dias=3; perfil_destino=P2,refrigerado_t,17.727413,t,stock,comercial,ESTIMACIÓN,[ESTIMACIÓN],"SUP-055, SUP-056; = escenarios_escala.csv",días calendario de cobertura (× días op./365)
inventario,5000,6,300,-,base_temporal=dias_calendario; dias=3; perfil_destino=P2,congelado_t,11.818275,t,stock,comercial,ESTIMACIÓN,[ESTIMACIÓN],"SUP-055, SUP-056; = escenarios_escala.csv",días calendario de cobertura (× días op./365)
inventario,5000,6,300,-,base_temporal=dias_calendario; dias=3; perfil_destino=P2,exportacion_t,0.0,t,stock,comercial,ESTIMACIÓN,[ESTIMACIÓN],"SUP-055, SUP-056; = escenarios_escala.csv",días calendario de cobertura (× días op./365)
inventario,5000,6,300,-,base_temporal=dias_calendario; dias=3; perfil_destino=P3,refrigerado_t,14.772844,t,stock,comercial,ESTIMACIÓN,[ESTIMACIÓN],"SUP-055, SUP-056; = escenarios_escala.csv",días calendario de cobertura (× días op./365)
inventario,5000,6,300,-,base_temporal=dias_calendario; dias=3; perfil_destino=P3,congelado_t,8.863706,t,stock,comercial,ESTIMACIÓN,[ESTIMACIÓN],"SUP-055, SUP-056; = escenarios_escala.csv",días calendario de cobertura (× días op./365)
inventario,5000,6,300,-,base_temporal=dias_calendario; dias=3; perfil_destino=P3,exportacion_t,5.909138,t,stock,comercial,ESTIMACIÓN,[ESTIMACIÓN],"SUP-055, SUP-056; = escenarios_escala.csv",días calendario de cobertura (× días op./365)
inventario,5000,6,300,-,base_temporal=dias_calendario; dias=7,comestible_total_t,68.939939,t,stock,comercial,ESTIMACIÓN,[ESTIMACIÓN],"SUP-055, SUP-056; = escenarios_escala.csv",días calendario de cobertura (× días op./365)
inventario,5000,6,300,-,base_temporal=dias_calendario; dias=7; perfil_destino=P1,refrigerado_t,62.045945,t,stock,comercial,ESTIMACIÓN,[ESTIMACIÓN],"SUP-055, SUP-056; = escenarios_escala.csv",días calendario de cobertura (× días op./365)
inventario,5000,6,300,-,base_temporal=dias_calendario; dias=7; perfil_destino=P1,congelado_t,6.893994,t,stock,comercial,ESTIMACIÓN,[ESTIMACIÓN],"SUP-055, SUP-056; = escenarios_escala.csv",días calendario de cobertura (× días op./365)
inventario,5000,6,300,-,base_temporal=dias_calendario; dias=7; perfil_destino=P1,exportacion_t,0.0,t,stock,comercial,ESTIMACIÓN,[ESTIMACIÓN],"SUP-055, SUP-056; = escenarios_escala.csv",días calendario de cobertura (× días op./365)
inventario,5000,6,300,-,base_temporal=dias_calendario; dias=7; perfil_destino=P2,refrigerado_t,41.363964,t,stock,comercial,ESTIMACIÓN,[ESTIMACIÓN],"SUP-055, SUP-056; = escenarios_escala.csv",días calendario de cobertura (× días op./365)
inventario,5000,6,300,-,base_temporal=dias_calendario; dias=7; perfil_destino=P2,congelado_t,27.575976,t,stock,comercial,ESTIMACIÓN,[ESTIMACIÓN],"SUP-055, SUP-056; = escenarios_escala.csv",días calendario de cobertura (× días op./365)
inventario,5000,6,300,-,base_temporal=dias_calendario; dias=7; perfil_destino=P2,exportacion_t,0.0,t,stock,comercial,ESTIMACIÓN,[ESTIMACIÓN],"SUP-055, SUP-056; = escenarios_escala.csv",días calendario de cobertura (× días op./365)
inventario,5000,6,300,-,base_temporal=dias_calendario; dias=7; perfil_destino=P3,refrigerado_t,34.46997,t,stock,comercial,ESTIMACIÓN,[ESTIMACIÓN],"SUP-055, SUP-056; = escenarios_escala.csv",días calendario de cobertura (× días op./365)
inventario,5000,6,300,-,base_temporal=dias_calendario; dias=7; perfil_destino=P3,congelado_t,20.681982,t,stock,comercial,ESTIMACIÓN,[ESTIMACIÓN],"SUP-055, SUP-056; = escenarios_escala.csv",días calendario de cobertura (× días op./365)
inventario,5000,6,300,-,base_temporal=dias_calendario; dias=7; perfil_destino=P3,exportacion_t,13.787988,t,stock,comercial,ESTIMACIÓN,[ESTIMACIÓN],"SUP-055, SUP-056; = escenarios_escala.csv",días calendario de cobertura (× días op./365)
inventario,5000,6,300,-,base_temporal=dias_calendario; dias=14,comestible_total_t,137.879878,t,stock,comercial,ESTIMACIÓN,[ESTIMACIÓN],"SUP-055, SUP-056; = escenarios_escala.csv",días calendario de cobertura (× días op./365)
inventario,5000,6,300,-,base_temporal=dias_calendario; dias=14; perfil_destino=P1,refrigerado_t,124.091891,t,stock,comercial,ESTIMACIÓN,[ESTIMACIÓN],"SUP-055, SUP-056; = escenarios_escala.csv",días calendario de cobertura (× días op./365)
inventario,5000,6,300,-,base_temporal=dias_calendario; dias=14; perfil_destino=P1,congelado_t,13.787988,t,stock,comercial,ESTIMACIÓN,[ESTIMACIÓN],"SUP-055, SUP-056; = escenarios_escala.csv",días calendario de cobertura (× días op./365)
inventario,5000,6,300,-,base_temporal=dias_calendario; dias=14; perfil_destino=P1,exportacion_t,0.0,t,stock,comercial,ESTIMACIÓN,[ESTIMACIÓN],"SUP-055, SUP-056; = escenarios_escala.csv",días calendario de cobertura (× días op./365)
inventario,5000,6,300,-,base_temporal=dias_calendario; dias=14; perfil_destino=P2,refrigerado_t,82.727927,t,stock,comercial,ESTIMACIÓN,[ESTIMACIÓN],"SUP-055, SUP-056; = escenarios_escala.csv",días calendario de cobertura (× días op./365)
inventario,5000,6,300,-,base_temporal=dias_calendario; dias=14; perfil_destino=P2,congelado_t,55.151951,t,stock,comercial,ESTIMACIÓN,[ESTIMACIÓN],"SUP-055, SUP-056; = escenarios_escala.csv",días calendario de cobertura (× días op./365)
inventario,5000,6,300,-,base_temporal=dias_calendario; dias=14; perfil_destino=P2,exportacion_t,0.0,t,stock,comercial,ESTIMACIÓN,[ESTIMACIÓN],"SUP-055, SUP-056; = escenarios_escala.csv",días calendario de cobertura (× días op./365)
inventario,5000,6,300,-,base_temporal=dias_calendario; dias=14; perfil_destino=P3,refrigerado_t,68.939939,t,stock,comercial,ESTIMACIÓN,[ESTIMACIÓN],"SUP-055, SUP-056; = escenarios_escala.csv",días calendario de cobertura (× días op./365)
inventario,5000,6,300,-,base_temporal=dias_calendario; dias=14; perfil_destino=P3,congelado_t,41.363964,t,stock,comercial,ESTIMACIÓN,[ESTIMACIÓN],"SUP-055, SUP-056; = escenarios_escala.csv",días calendario de cobertura (× días op./365)
inventario,5000,6,300,-,base_temporal=dias_calendario; dias=14; perfil_destino=P3,exportacion_t,27.575976,t,stock,comercial,ESTIMACIÓN,[ESTIMACIÓN],"SUP-055, SUP-056; = escenarios_escala.csv",días calendario de cobertura (× días op./365)
entrada,10000,5,250,bajo,,aves_faenadas_dia_operativo,10000.0,aves,dia_operativo,aves,SUPUESTO,[SUPUESTO],SUP-052,escala = capacidad operativa
entrada,10000,5,250,bajo,,t_vivas_dia_operativo,29.0,t,dia_operativo,vivo,ESTIMACIÓN,[ESTIMACIÓN],escenarios_escala.csv,
agua,10000,5,250,bajo,nivel=bajo,agua_recepcion_l_ave,0.5,L/ave,por_ave,agua_utilizada,SUPUESTO,[SUPUESTO],sin fuente por ave; DPV propuesto,"Recepción: lavado de jaulas/módulos, camiones y andén"
agua,10000,5,250,bajo,nivel=bajo,agua_recepcion_m3_dia,5.0,m³,dia_operativo,agua_utilizada,ESTIMACIÓN,[ESTIMACIÓN],,"Recepción: lavado de jaulas/módulos, camiones y andén"
agua,10000,5,250,bajo,nivel=bajo,agua_escaldado_l_ave,0.9,L/ave,por_ave,agua_utilizada,FUENTE,[FUENTE] [PVDP],"mín. ~1 cuarto de galón (0,95 L)/ave (FTE-09C-11, FTE-09C-18)","Escaldado: llenado, reposición y desborde"
agua,10000,5,250,bajo,nivel=bajo,agua_escaldado_m3_dia,9.0,m³,dia_operativo,agua_utilizada,ESTIMACIÓN,[ESTIMACIÓN],,"Escaldado: llenado, reposición y desborde"
agua,10000,5,250,bajo,nivel=bajo,agua_desplumado_l_ave,1.0,L/ave,por_ave,agua_utilizada,SUPUESTO,[SUPUESTO],incluido en totales de FTE-09C-01/02,Desplumado: duchas y transporte de plumas
agua,10000,5,250,bajo,nivel=bajo,agua_desplumado_m3_dia,10.0,m³,dia_operativo,agua_utilizada,ESTIMACIÓN,[ESTIMACIÓN],,Desplumado: duchas y transporte de plumas
agua,10000,5,250,bajo,nivel=bajo,agua_evisceracion_l_ave,4.0,L/ave,por_ave,agua_utilizada,FUENTE,[FUENTE] [PVDP],"7,57 L/ave (FTE-09C-01)",Evisceración: lavados interior/exterior y transporte hidráulico de vísceras
agua,10000,5,250,bajo,nivel=bajo,agua_evisceracion_m3_dia,40.0,m³,dia_operativo,agua_utilizada,ESTIMACIÓN,[ESTIMACIÓN],,Evisceración: lavados interior/exterior y transporte hidráulico de vísceras
agua,10000,5,250,bajo,nivel=bajo,agua_lavado_l_ave,1.5,L/ave,por_ave,agua_utilizada,FUENTE,[FUENTE] [PVDP],"4,25–4,35 L/ave (FTE-09C-01)",Lavado final de carcasas
agua,10000,5,250,bajo,nivel=bajo,agua_lavado_m3_dia,15.0,m³,dia_operativo,agua_utilizada,ESTIMACIÓN,[ESTIMACIÓN],,Lavado final de carcasas
agua,10000,5,250,bajo,nivel=bajo,agua_chiller_l_ave,1.9,L/ave,por_ave,agua_utilizada,FUENTE,[FUENTE] [PVDP],"mín. 0,5 gal = 1,9 L/ave; típico 2,8–5,7 L/ave (FTE-09C-18); 2,12 L/ave (FTE-09C-01)",Chiller: reposición de agua (contracorriente)
agua,10000,5,250,bajo,nivel=bajo,agua_chiller_m3_dia,19.0,m³,dia_operativo,agua_utilizada,ESTIMACIÓN,[ESTIMACIÓN],,Chiller: reposición de agua (contracorriente)
agua,10000,5,250,bajo,nivel=bajo,agua_despiece_l_ave,0.5,L/ave,por_ave,agua_utilizada,FUENTE,[FUENTE] [PVDP],"3,03 L/ave (FTE-09C-01)",Sala de despiece y deshuese
agua,10000,5,250,bajo,nivel=bajo,agua_despiece_m3_dia,5.0,m³,dia_operativo,agua_utilizada,ESTIMACIÓN,[ESTIMACIÓN],,Sala de despiece y deshuese
agua,10000,5,250,bajo,nivel=bajo,agua_limpieza_l_ave,3.0,L/ave,por_ave,agua_utilizada,FUENTE,[FUENTE] [PVDP],"1,5–3 gal = 5,7–11,4 L/ave saneamiento + 0,9–3,8 L equipos (FTE-09C-01)",Limpieza de equipos y salas (fin de turno)
agua,10000,5,250,bajo,nivel=bajo,agua_limpieza_m3_dia,30.0,m³,dia_operativo,agua_utilizada,ESTIMACIÓN,[ESTIMACIÓN],,Limpieza de equipos y salas (fin de turno)
agua,10000,5,250,bajo,nivel=bajo,agua_sanitizacion_l_ave,0.7,L/ave,por_ave,agua_utilizada,SUPUESTO,[SUPUESTO],sin fuente separada,"Sanitización: esterilizadores, lavamanos, pediluvios, enjuagues"
agua,10000,5,250,bajo,nivel=bajo,agua_sanitizacion_m3_dia,7.0,m³,dia_operativo,agua_utilizada,ESTIMACIÓN,[ESTIMACIÓN],,"Sanitización: esterilizadores, lavamanos, pediluvios, enjuagues"
agua,10000,5,250,bajo,nivel=bajo,agua_auxiliares_l_ave,1.0,L/ave,por_ave,agua_utilizada,SUPUESTO,[SUPUESTO],sin fuente separada,"Servicios auxiliares: caldera, condensadores evaporativos, vestuarios, comedor"
agua,10000,5,250,bajo,nivel=bajo,agua_auxiliares_m3_dia,10.0,m³,dia_operativo,agua_utilizada,ESTIMACIÓN,[ESTIMACIÓN],,"Servicios auxiliares: caldera, condensadores evaporativos, vestuarios, comedor"
agua,10000,5,250,bajo,nivel=bajo,agua_utilizada_l_ave,15.0,L/ave,por_ave,agua_utilizada,ESTIMACIÓN,[ESTIMACIÓN] con rangos [PVDP],FTE-09C-01 a 04,consumo industrial; NO incluye agua retenida
agua,10000,5,250,bajo,nivel=bajo,agua_utilizada_m3_dia,150.0,m³,dia_operativo,agua_utilizada,ESTIMACIÓN,[ESTIMACIÓN],,
agua,10000,5,250,bajo,nivel=bajo,agua_utilizada_m3_anio,37500.0,m³,anio,agua_utilizada,ESTIMACIÓN,[ESTIMACIÓN],,
agua,10000,5,250,bajo,nivel=bajo,agua_utilizada_m3_h_medio,12.5,m³/h,hora,agua_utilizada,ESTIMACIÓN,[ESTIMACIÓN],,sobre 12 h (faena + limpieza)
agua,10000,5,250,bajo,nivel=bajo,agua_utilizada_m3_h_pico,18.75,m³/h,hora,agua_utilizada,SUPUESTO,[SUPUESTO] factor de pico,,"dimensiona captación, bombeo y reserva"
agua,10000,5,250,bajo,nivel=bajo,reserva_agua_1_dia_m3,150.0,m³,stock,agua_utilizada,ESTIMACIÓN,[ESTIMACIÓN],,"volumen equivalente a un día de uso (referencia conceptual, no diseño)"
agua,10000,5,250,bajo,nivel=bajo,agua_descargada_m3_dia,120.0,m³,dia_operativo,agua_descargada,SUPUESTO,[ESTIMACIÓN] con fracción [SUPUESTO],,fracción a efluente = 0.80
agua,10000,5,250,bajo,nivel=bajo,agua_descargada_l_ave,12.0,L/ave,por_ave,agua_descargada,ESTIMACIÓN,[ESTIMACIÓN],,
agua,10000,5,250,bajo,nivel=bajo,agua_no_descargada_m3_dia,30.0,m³,dia_operativo,agua_no_descargada,ESTIMACIÓN,[ESTIMACIÓN],,evaporación + retenida + sale con subproductos + pérdidas
agua_retenida,10000,5,250,bajo,,agua_retenida_en_producto_t_dia,0.855264,t,dia_operativo,agua_retenida,ESTIMACIÓN,[ESTIMACIÓN] del balance v1.1,escenarios_escala.csv,sale vendida con el producto; NO es consumo industrial ni efluente
agua_retenida,10000,5,250,bajo,,agua_incorporada_producto_y_subproductos_t_dia,2.126606,t,dia_operativo,agua_retenida,ESTIMACIÓN,[ESTIMACIÓN] del balance v1.1,escenarios_escala.csv,absorbida en chiller + adherida a plumas (incluye goteo posterior)
agua_retenida,10000,5,250,bajo,,agua_retenida_sobre_agua_utilizada_pct,0.570176,%,adimensional,agua,ESTIMACIÓN,[ESTIMACIÓN],,cuánto del agua usada termina dentro del producto
efluente,10000,5,250,bajo,nivel=bajo,carga_DQO_g_ave,50.0,g/ave,por_ave,efluente_crudo,ESTIMACIÓN,[ESTIMACIÓN] con rangos [PVDP],FTE-181; FTE-09C-05,efluente crudo tras retirar sangre y sólidos gruesos
efluente,10000,5,250,bajo,nivel=bajo,carga_DQO_kg_dia,500.0,kg,dia_operativo,efluente_crudo,ESTIMACIÓN,[ESTIMACIÓN],,
efluente,10000,5,250,bajo,nivel=bajo,concentracion_DQO_mg_l,4166.666667,mg/L,adimensional,efluente_crudo,ESTIMACIÓN,[ESTIMACIÓN],,"resultado (carga / caudal), no parámetro"
efluente,10000,5,250,bajo,nivel=bajo,carga_DBO5_g_ave,25.0,g/ave,por_ave,efluente_crudo,ESTIMACIÓN,[ESTIMACIÓN] con rangos [PVDP],"FTE-181; FTE-09C-05 (DBO/DQO ~0,4–0,6)",efluente crudo tras retirar sangre y sólidos gruesos
efluente,10000,5,250,bajo,nivel=bajo,carga_DBO5_kg_dia,250.0,kg,dia_operativo,efluente_crudo,ESTIMACIÓN,[ESTIMACIÓN],,
efluente,10000,5,250,bajo,nivel=bajo,concentracion_DBO5_mg_l,2083.333333,mg/L,adimensional,efluente_crudo,ESTIMACIÓN,[ESTIMACIÓN],,"resultado (carga / caudal), no parámetro"
efluente,10000,5,250,bajo,nivel=bajo,carga_SST_g_ave,15.0,g/ave,por_ave,efluente_crudo,ESTIMACIÓN,[ESTIMACIÓN] con rangos [PVDP],FTE-181; FTE-09C-05,efluente crudo tras retirar sangre y sólidos gruesos
efluente,10000,5,250,bajo,nivel=bajo,carga_SST_kg_dia,150.0,kg,dia_operativo,efluente_crudo,ESTIMACIÓN,[ESTIMACIÓN],,
efluente,10000,5,250,bajo,nivel=bajo,concentracion_SST_mg_l,1250.0,mg/L,adimensional,efluente_crudo,ESTIMACIÓN,[ESTIMACIÓN],,"resultado (carga / caudal), no parámetro"
efluente,10000,5,250,bajo,nivel=bajo,carga_GyA_g_ave,5.0,g/ave,por_ave,efluente_crudo,ESTIMACIÓN,[ESTIMACIÓN] con rangos [PVDP],FTE-09C-06 (~500 mg/L tamizado),efluente crudo tras retirar sangre y sólidos gruesos
efluente,10000,5,250,bajo,nivel=bajo,carga_GyA_kg_dia,50.0,kg,dia_operativo,efluente_crudo,ESTIMACIÓN,[ESTIMACIÓN],,
efluente,10000,5,250,bajo,nivel=bajo,concentracion_GyA_mg_l,416.666667,mg/L,adimensional,efluente_crudo,ESTIMACIÓN,[ESTIMACIÓN],,"resultado (carga / caudal), no parámetro"
efluente,10000,5,250,bajo,nivel=bajo,carga_NTK_g_ave,3.0,g/ave,por_ave,efluente_crudo,ESTIMACIÓN,[ESTIMACIÓN] con rangos [PVDP],FTE-09C-06 (150–296 mg/L),efluente crudo tras retirar sangre y sólidos gruesos
efluente,10000,5,250,bajo,nivel=bajo,carga_NTK_kg_dia,30.0,kg,dia_operativo,efluente_crudo,ESTIMACIÓN,[ESTIMACIÓN],,
efluente,10000,5,250,bajo,nivel=bajo,concentracion_NTK_mg_l,250.0,mg/L,adimensional,efluente_crudo,ESTIMACIÓN,[ESTIMACIÓN],,"resultado (carga / caudal), no parámetro"
efluente,10000,5,250,bajo,nivel=bajo,carga_PT_g_ave,0.3,g/ave,por_ave,efluente_crudo,ESTIMACIÓN,[ESTIMACIÓN] con rangos [PVDP],"FTE-09C-06 (~18,5 mg/L)",efluente crudo tras retirar sangre y sólidos gruesos
efluente,10000,5,250,bajo,nivel=bajo,carga_PT_kg_dia,3.0,kg,dia_operativo,efluente_crudo,ESTIMACIÓN,[ESTIMACIÓN],,
efluente,10000,5,250,bajo,nivel=bajo,concentracion_PT_mg_l,25.0,mg/L,adimensional,efluente_crudo,ESTIMACIÓN,[ESTIMACIÓN],,"resultado (carga / caudal), no parámetro"
efluente,10000,5,250,bajo,,dqo_extra_por_sangre_no_recuperada_g_ave,0.0,g/ave,por_ave,efluente_crudo,ESTIMACIÓN,[ESTIMACIÓN] con DQO de sangre [PVDP],FTE-181,recuperación 0.85 vs referencia 0.85
efluente,10000,5,250,bajo,,dqo_evitada_por_recuperar_sangre_kg_dia,299.321429,kg,dia_operativo,efluente_crudo,ESTIMACIÓN,[ESTIMACIÓN] con DQO de sangre [PVDP],FTE-181,orden de magnitud; no es una reducción medida
efluente,10000,5,250,bajo,nivel=bajo,caudal_efluente_m3_h_pico,15.0,m³/h,hora,agua_descargada,SUPUESTO,[SUPUESTO] factor de pico,,dimensiona ecualización
efluente,10000,5,250,bajo,nivel=bajo,remocion_dqo_requerida_ilustrativa_pct,94.0,%,adimensional,efluente_crudo,ESTIMACIÓN,[ESTIMACIÓN] con límite [PVDP],FTE-09C-08,"límite ilustrativo 250 mg/L (ADA 336/03, pluvial; a confirmar según sitio y cuerpo receptor)"
masa_evitable,10000,5,250,bajo,,sangre_recuperada_t_dia,0.8381,t,dia_operativo,biologica+agua,ESTIMACIÓN,[ESTIMACIÓN] del balance v1.1,escenarios_escala.csv,"sangre recuperada por separado (85 %, SUP-040)"
masa_evitable,10000,5,250,bajo,,plumas_t_dia,2.4128,t,dia_operativo,biologica+agua,ESTIMACIÓN,[ESTIMACIÓN] del balance v1.1,escenarios_escala.csv,plumas húmedas retiradas
masa_evitable,10000,5,250,bajo,,visceras_t_dia,1.305,t,dia_operativo,biologica+agua,ESTIMACIÓN,[ESTIMACIÓN] del balance v1.1,escenarios_escala.csv,vísceras no comestibles
masa_evitable,10000,5,250,bajo,,cabeza_t_dia,0.725,t,dia_operativo,biologica+agua,ESTIMACIÓN,[ESTIMACIÓN] del balance v1.1,escenarios_escala.csv,cabezas
masa_evitable,10000,5,250,bajo,,solidos_a_retirar_t_dia,6.083526,t,dia_operativo,biologica+agua,ESTIMACIÓN,[ESTIMACIÓN] del balance v1.1,escenarios_escala.csv,total sólidos a retirar en seco (C + decomisos + contenido GI; NO sumar)
masa_evitable,10000,5,250,bajo,,masa_a_efluente_o_perdida_t_dia,1.078243,t,dia_operativo,biologica+agua,ESTIMACIÓN,[ESTIMACIÓN] del balance v1.1,escenarios_escala.csv,"masa que el balance ya envía a efluente o pérdida (sangre no recuperada, cutícula, goteo, pérdidas)"
lodos,10000,5,250,bajo,nivel=bajo,lodo_daf_kg_ms_dia,167.75,kg,dia_operativo,materia_seca,ESTIMACIÓN,[ESTIMACIÓN] con remociones [PVDP],"FTE-09C-05, FTE-09C-13",sólidos + grasas flotados + químicos
lodos,10000,5,250,bajo,nivel=bajo,lodo_daf_t_humedo_dia,1.118333,t,dia_operativo,lodo_humedo,ESTIMACIÓN,[ESTIMACIÓN] con % sólidos [PVDP],FTE-09C-13,
lodos,10000,5,250,bajo,nivel=bajo,dbo_al_tratamiento_biologico_kg_dia,100.0,kg,dia_operativo,efluente_pretratado,ESTIMACIÓN,[ESTIMACIÓN],,después de DAF
lodos,10000,5,250,bajo,nivel=bajo,lodo_biologico_aerobio_kg_ms_dia,28.5,kg,dia_operativo,materia_seca,SUPUESTO,[ESTIMACIÓN] con rendimiento [SUPUESTO],,si el tratamiento fuera aerobio completo; anaerobio genera mucho menos lodo
lodos,10000,5,250,bajo,nivel=bajo,lodos_deshidratados_t_dia,0.98125,t,dia_operativo,lodo_humedo,SUPUESTO,[ESTIMACIÓN] con [SUPUESTO],,DAF + biológico deshidratados; disposición/valorización a definir
electricidad,10000,5,250,bajo,nivel=bajo,kwh_proceso_dia,4350.0,kWh,dia_operativo,energia_electrica,FUENTE,[ESTIMACIÓN] con indicador [PVDP],"UE 152–860 kWh/t faenada; Brasil 165 kWh/t; 1,19 MJ/kg = 330 kWh/t (FTE-09C-09, FTE-09C-03)","faena, proceso, enfriado fresco, aire, agua, servicios"
electricidad,10000,5,250,bajo,nivel=bajo,kwh_proceso_frio_de_proceso_agua_helada_hielo_dia,1522.5,kWh,dia_operativo,energia_electrica,SUPUESTO,[SUPUESTO] reparto ilustrativo,FTE-09C-09 (cualitativo),didáctico; no sumar con kwh_proceso_dia
electricidad,10000,5,250,bajo,nivel=bajo,kwh_proceso_motores_de_linea_y_transportadores_dia,870.0,kWh,dia_operativo,energia_electrica,SUPUESTO,[SUPUESTO] reparto ilustrativo,FTE-09C-09 (cualitativo),didáctico; no sumar con kwh_proceso_dia
electricidad,10000,5,250,bajo,nivel=bajo,kwh_proceso_aire_comprimido_dia,435.0,kWh,dia_operativo,energia_electrica,SUPUESTO,[SUPUESTO] reparto ilustrativo,FTE-09C-09 (cualitativo),didáctico; no sumar con kwh_proceso_dia
electricidad,10000,5,250,bajo,nivel=bajo,kwh_proceso_bombas_agua_y_efluentes_dia,435.0,kWh,dia_operativo,energia_electrica,SUPUESTO,[SUPUESTO] reparto ilustrativo,FTE-09C-09 (cualitativo),didáctico; no sumar con kwh_proceso_dia
electricidad,10000,5,250,bajo,nivel=bajo,kwh_proceso_climatizacion_salas_dia,348.0,kWh,dia_operativo,energia_electrica,SUPUESTO,[SUPUESTO] reparto ilustrativo,FTE-09C-09 (cualitativo),didáctico; no sumar con kwh_proceso_dia
electricidad,10000,5,250,bajo,nivel=bajo,kwh_proceso_iluminacion_dia,304.5,kWh,dia_operativo,energia_electrica,SUPUESTO,[SUPUESTO] reparto ilustrativo,FTE-09C-09 (cualitativo),didáctico; no sumar con kwh_proceso_dia
electricidad,10000,5,250,bajo,nivel=bajo,kwh_proceso_oficinas_vestuarios_servicios_dia,217.5,kWh,dia_operativo,energia_electrica,SUPUESTO,[SUPUESTO] reparto ilustrativo,FTE-09C-09 (cualitativo),didáctico; no sumar con kwh_proceso_dia
electricidad,10000,5,250,bajo,nivel=bajo,kwh_proceso_otros_dia,217.5,kWh,dia_operativo,energia_electrica,SUPUESTO,[SUPUESTO] reparto ilustrativo,FTE-09C-09 (cualitativo),didáctico; no sumar con kwh_proceso_dia
inventario,10000,5,250,bajo,,stock_refrigerado_t,64.705057,t,stock,comercial,ESTIMACIÓN,[ESTIMACIÓN],"SUP-055, SUP-056",base=dias_produccion; días=3; perfil=P1
inventario,10000,5,250,bajo,,stock_congelado_t,33.55077,t,stock,comercial,ESTIMACIÓN,[ESTIMACIÓN],"SUP-055, SUP-056",base=dias_produccion; días=14; incluye exportación
congelado,10000,5,250,bajo,,capacidad_congelacion_t_dia,2.396484,t,dia_operativo,comercial,ESTIMACIÓN,[ESTIMACIÓN],SUP-055,t que hay que congelar cada día de faena (túneles/IQF)
congelado,10000,5,250,bajo,,capacidad_almacenamiento_congelado_t,33.55077,t,stock,comercial,ESTIMACIÓN,[ESTIMACIÓN],,t que hay que guardar (cámaras); NO es capacidad de congelación
congelado,10000,5,250,bajo,nivel=bajo,garras_a_congelar_t_dia_informativo,0.0,t,dia_operativo,comercial,SUPUESTO,[SUPUESTO],,ya incluidas dentro del comestible: NO sumar al perfil
congelado,10000,5,250,bajo,nivel=bajo,menudencias_a_congelar_t_dia_informativo,0.0,t,dia_operativo,comercial,SUPUESTO,[SUPUESTO],,ya incluidas dentro del comestible: NO sumar al perfil
congelado,10000,5,250,bajo,nivel=bajo,calor_a_extraer_congelacion_kj_kg,355.332,kJ/kg,adimensional,producto,ESTIMACIÓN,[ESTIMACIÓN] con propiedades [PVDP],FTE-09C-14,"de +4 °C a −18 °C, con pérdidas"
frio,10000,5,250,bajo,nivel=bajo,kw_frigorificos_enfriado_producto_fresco,182.460655,kW frigoríficos,potencia,frio,ESTIMACIÓN,[ESTIMACIÓN] con [SUPUESTO],,chiller + menudencias + salas/docks; durante 8 h netas
frio,10000,5,250,bajo,nivel=bajo,tr_enfriado_producto_fresco,51.879629,TR,potencia,frio,ESTIMACIÓN,[ESTIMACIÓN],,"1 TR = 3,517 kW frigoríficos"
frio,10000,5,250,bajo,nivel=bajo,kw_electricos_enfriado_producto_fresco,45.615164,kW eléctricos,potencia,energia_electrica,SUPUESTO,[ESTIMACIÓN] con COP [SUPUESTO],,kW eléctricos = kW frigoríficos / COP
frio,10000,5,250,bajo,nivel=bajo,kw_frigorificos_congelacion_tuneles,11.827046,kW frigoríficos,potencia,frio,ESTIMACIÓN,[ESTIMACIÓN] con [SUPUESTO],,durante 20 h/día
frio,10000,5,250,bajo,nivel=bajo,tr_congelacion_tuneles,3.362822,TR,potencia,frio,ESTIMACIÓN,[ESTIMACIÓN],,"1 TR = 3,517 kW frigoríficos"
frio,10000,5,250,bajo,nivel=bajo,kw_electricos_congelacion_tuneles,6.570581,kW eléctricos,potencia,energia_electrica,SUPUESTO,[ESTIMACIÓN] con COP [SUPUESTO],,kW eléctricos = kW frigoríficos / COP
frio,10000,5,250,bajo,nivel=bajo,kw_frigorificos_camaras_almacenamiento,9.16655,kW frigoríficos,potencia,frio,ESTIMACIÓN,[ESTIMACIÓN] con [SUPUESTO],,"24 h, 365 días; desde kWh/(t·día)"
frio,10000,5,250,bajo,nivel=bajo,tr_camaras_almacenamiento,2.606355,TR,potencia,frio,ESTIMACIÓN,[ESTIMACIÓN],,"1 TR = 3,517 kW frigoríficos"
frio,10000,5,250,bajo,nivel=bajo,kw_electricos_camaras_almacenamiento,3.444945,kW eléctricos,potencia,energia_electrica,SUPUESTO,[ESTIMACIÓN] con COP [SUPUESTO],,kW eléctricos = kW frigoríficos / COP
frio,10000,5,250,bajo,nivel=bajo,kj_frio_enfriado_por_ave,525.486686,kJ/ave,por_ave,frio,ESTIMACIÓN,[ESTIMACIÓN] con [SUPUESTO],FTE-09C-14,
electricidad,10000,5,250,bajo,nivel=bajo,kwh_congelacion_dia,287.578032,kWh,dia_operativo,energia_electrica,FUENTE,[ESTIMACIÓN] con indicador [PVDP],120–260 kWh/t de ave congelada; 133 kWh/t (FTE-09C-10),
electricidad,10000,5,250,bajo,nivel=bajo,kwh_almacenamiento_frio_dia_calendario,82.678684,kWh,dia_calendario,energia_electrica,SUPUESTO,[ESTIMACIÓN] con [SUPUESTO],,las cámaras funcionan también sin faena
electricidad,10000,5,250,bajo,nivel=bajo,kwh_tratamiento_aerobio_dia,66.5,kWh,dia_operativo,energia_electrica,SUPUESTO,[ESTIMACIÓN] con [SUPUESTO],,cota: si todo el biológico fuera aerobio
electricidad,10000,5,250,bajo,nivel=bajo,kwh_total_dia_operativo,4786.756716,kWh,dia_operativo,energia_electrica,ESTIMACIÓN,[ESTIMACIÓN],,proceso + congelado + aerobio + cámaras
electricidad,10000,5,250,bajo,nivel=bajo,kwh_total_anio,1206197.227733,kWh,anio,energia_electrica,ESTIMACIÓN,[ESTIMACIÓN],,cámaras × 365 días; resto × días de faena
electricidad,10000,5,250,bajo,nivel=bajo,kwh_por_ave_promedio_anual,0.482479,kWh/ave,por_ave,energia_electrica,ESTIMACIÓN,[ESTIMACIÓN],,
electricidad,10000,5,250,bajo,nivel=bajo,kw_potencia_media_operacion,331.308966,kW,potencia,energia_electrica,ESTIMACIÓN,[ESTIMACIÓN],,proceso sobre 14 h + túneles + cámaras + efluentes
electricidad,10000,5,250,bajo,nivel=bajo,kw_potencia_pico_estimada,424.523252,kW,potencia,energia_electrica,SUPUESTO,[ESTIMACIÓN] con factor de pico [SUPUESTO],,orden de magnitud para pedir potencia; no es diseño
termico,10000,5,250,bajo,nivel=bajo,calor_util_escaldado_mj_dia,2034.396,MJ,dia_operativo,energia_termica,ESTIMACIÓN,[ESTIMACIÓN] con temperaturas [PVDP]/[SUPUESTO],FTE-09C-11,
termico,10000,5,250,bajo,nivel=bajo,kw_termicos_escaldado,70.63875,kW térmicos,potencia,energia_termica,ESTIMACIÓN,[ESTIMACIÓN],,durante 8 h
termico,10000,5,250,bajo,nivel=bajo,calor_util_limpieza_mj_dia,2009.28,MJ,dia_operativo,energia_termica,ESTIMACIÓN,[ESTIMACIÓN] con temperaturas [PVDP]/[SUPUESTO],FTE-09C-11,
termico,10000,5,250,bajo,nivel=bajo,kw_termicos_limpieza,139.533333,kW térmicos,potencia,energia_termica,ESTIMACIÓN,[ESTIMACIÓN],,durante 4 h
termico,10000,5,250,bajo,nivel=bajo,calor_util_sanitizacion_mj_dia,562.5984,MJ,dia_operativo,energia_termica,ESTIMACIÓN,[ESTIMACIÓN] con temperaturas [PVDP]/[SUPUESTO],FTE-09C-11,
termico,10000,5,250,bajo,nivel=bajo,kw_termicos_sanitizacion,13.023111,kW térmicos,potencia,energia_termica,ESTIMACIÓN,[ESTIMACIÓN],,durante 12 h
termico,10000,5,250,bajo,nivel=bajo,calor_util_mj_ave,0.460627,MJ/ave,por_ave,energia_termica,ESTIMACIÓN,[ESTIMACIÓN],,
termico,10000,5,250,bajo,nivel=bajo,energia_combustible_mj_dia,5419.146353,MJ,dia_operativo,energia_termica,ESTIMACIÓN,[ESTIMACIÓN] con rendimiento [SUPUESTO],,
termico,10000,5,250,bajo,nivel=bajo,energia_combustible_kwh_dia,1505.318431,kWh,dia_operativo,energia_termica,ESTIMACIÓN,[ESTIMACIÓN],,kWh TÉRMICOS (no eléctricos)
termico,10000,5,250,bajo,nivel=bajo,equivalente_gas_natural_m3_dia,139.309675,m3,dia_operativo,energia_termica,SUPUESTO,[ESTIMACIÓN] con PCI [SUPUESTO],~9.300 kcal/m³ (a verificar con distribuidora),"equivalencia, no elección"
termico,10000,5,250,bajo,nivel=bajo,equivalente_glp_kg_dia,117.807529,kg,dia_operativo,energia_termica,SUPUESTO,[ESTIMACIÓN] con PCI [SUPUESTO],~11.000 kcal/kg,"equivalencia, no elección"
termico,10000,5,250,bajo,nivel=bajo,equivalente_biomasa_chip_kg_dia,387.081882,kg,dia_operativo,energia_termica,SUPUESTO,[ESTIMACIÓN] con PCI [SUPUESTO],chip de madera ~20–25 % humedad; muy variable,"equivalencia, no elección"
termico,10000,5,250,bajo,nivel=bajo,equivalente_electricidad_resistiva_kwh_dia,1305.633333,kWh,dia_operativo,energia_termica,SUPUESTO,[ESTIMACIÓN],,rendimiento 98 %; bomba de calor dividiría por su COP (limitada a ~60–70 °C)
respaldo,10000,5,250,bajo,nivel=bajo,kw_critico_camaras_frio,4.478429,kW,potencia,energia_electrica,SUPUESTO,[ESTIMACIÓN] con [SUPUESTO],,
respaldo,10000,5,250,bajo,nivel=bajo,kw_critico_efluentes_minimo,1.385417,kW,potencia,energia_electrica,SUPUESTO,[ESTIMACIÓN] con [SUPUESTO],,
respaldo,10000,5,250,bajo,nivel=bajo,kw_critico_control_it_seguridad,8.078571,kW,potencia,energia_electrica,SUPUESTO,[ESTIMACIÓN] con [SUPUESTO],,
respaldo,10000,5,250,bajo,nivel=bajo,kw_critico_iluminacion_emergencia,4.039286,kW,potencia,energia_electrica,SUPUESTO,[ESTIMACIÓN] con [SUPUESTO],,
respaldo,10000,5,250,bajo,nivel=bajo,kw_critico_bombeo_agua_minimo,12.117857,kW,potencia,energia_electrica,SUPUESTO,[ESTIMACIÓN] con [SUPUESTO],,
respaldo,10000,5,250,bajo,nivel=bajo,kw_critico_anden_aves_ventilacion,8.078571,kW,potencia,energia_electrica,SUPUESTO,[ESTIMACIÓN] con [SUPUESTO],,
respaldo,10000,5,250,bajo,nivel=bajo,kw_respaldo_cargas_criticas,38.178131,kW,potencia,energia_electrica,SUPUESTO,[ESTIMACIÓN] con [SUPUESTO],,cámaras + control + emergencia + efluentes + agua + andén
respaldo,10000,5,250,bajo,nivel=bajo,kva_respaldo_cargas_criticas,47.722664,kVA,potencia,energia_electrica,SUPUESTO,[ESTIMACIÓN],,"fp 0,8"
respaldo,10000,5,250,bajo,nivel=bajo,kva_respaldo_planta_completa,530.654064,kVA,potencia,energia_electrica,SUPUESTO,[ESTIMACIÓN],,si se quisiera sostener también la línea
perfil_frio,10000,5,250,bajo,perfil=P2,capacidad_congelacion_t_dia,9.585934,t,dia_operativo,comercial,ESTIMACIÓN,[ESTIMACIÓN],SUP-055,t que hay que congelar cada día de faena (túneles/IQF)
perfil_frio,10000,5,250,bajo,perfil=P2,capacidad_almacenamiento_congelado_t,134.203082,t,stock,comercial,ESTIMACIÓN,[ESTIMACIÓN],,t que hay que guardar (cámaras); NO es capacidad de congelación
perfil_frio,10000,5,250,bajo,perfil=P2,stock_refrigerado_t,43.136705,t,stock,comercial,ESTIMACIÓN,[ESTIMACIÓN],"SUP-055, SUP-056",base=dias_produccion; días=3; perfil=P2
perfil_frio,10000,5,250,bajo,perfil=P2,kw_frigorificos_congelacion_tuneles,47.308184,kW frigoríficos,potencia,frio,ESTIMACIÓN,[ESTIMACIÓN] con [SUPUESTO],,durante 20 h/día
perfil_frio,10000,5,250,bajo,perfil=P2,kw_electricos_congelacion_tuneles,26.282324,kW eléctricos,potencia,energia_electrica,SUPUESTO,[ESTIMACIÓN] con COP [SUPUESTO],,kW eléctricos = kW frigoríficos / COP
perfil_frio,10000,5,250,bajo,perfil=P2,kw_frigorificos_camaras_almacenamiento,18.692572,kW frigoríficos,potencia,frio,ESTIMACIÓN,[ESTIMACIÓN] con [SUPUESTO],,"24 h, 365 días; desde kWh/(t·día)"
perfil_frio,10000,5,250,bajo,perfil=P2,kwh_congelacion_dia,1150.312128,kWh,dia_operativo,energia_electrica,FUENTE,[ESTIMACIÓN] con indicador [PVDP],120–260 kWh/t de ave congelada; 133 kWh/t (FTE-09C-10),
perfil_frio,10000,5,250,bajo,perfil=P2,kwh_almacenamiento_frio_dia_calendario,222.872975,kWh,dia_calendario,energia_electrica,SUPUESTO,[ESTIMACIÓN] con [SUPUESTO],,las cámaras funcionan también sin faena
perfil_frio,10000,5,250,bajo,perfil=P2,kw_respaldo_cargas_criticas,45.771989,kW,potencia,energia_electrica,SUPUESTO,[ESTIMACIÓN] con [SUPUESTO],,cámaras + control + emergencia + efluentes + agua + andén
perfil_frio,10000,5,250,bajo,perfil=P3,capacidad_congelacion_t_dia,11.982418,t,dia_operativo,comercial,ESTIMACIÓN,[ESTIMACIÓN],SUP-055,t que hay que congelar cada día de faena (túneles/IQF)
perfil_frio,10000,5,250,bajo,perfil=P3,capacidad_almacenamiento_congelado_t,167.753852,t,stock,comercial,ESTIMACIÓN,[ESTIMACIÓN],,t que hay que guardar (cámaras); NO es capacidad de congelación
perfil_frio,10000,5,250,bajo,perfil=P3,stock_refrigerado_t,35.947254,t,stock,comercial,ESTIMACIÓN,[ESTIMACIÓN],"SUP-055, SUP-056",base=dias_produccion; días=3; perfil=P3
perfil_frio,10000,5,250,bajo,perfil=P3,kw_frigorificos_congelacion_tuneles,59.13523,kW frigoríficos,potencia,frio,ESTIMACIÓN,[ESTIMACIÓN] con [SUPUESTO],,durante 20 h/día
perfil_frio,10000,5,250,bajo,perfil=P3,kw_electricos_congelacion_tuneles,32.852905,kW eléctricos,potencia,energia_electrica,SUPUESTO,[ESTIMACIÓN] con COP [SUPUESTO],,kW eléctricos = kW frigoríficos / COP
perfil_frio,10000,5,250,bajo,perfil=P3,kw_frigorificos_camaras_almacenamiento,21.867913,kW frigoríficos,potencia,frio,ESTIMACIÓN,[ESTIMACIÓN] con [SUPUESTO],,"24 h, 365 días; desde kWh/(t·día)"
perfil_frio,10000,5,250,bajo,perfil=P3,kwh_congelacion_dia,1437.89016,kWh,dia_operativo,energia_electrica,FUENTE,[ESTIMACIÓN] con indicador [PVDP],120–260 kWh/t de ave congelada; 133 kWh/t (FTE-09C-10),
perfil_frio,10000,5,250,bajo,perfil=P3,kwh_almacenamiento_frio_dia_calendario,269.604405,kWh,dia_calendario,energia_electrica,SUPUESTO,[ESTIMACIÓN] con [SUPUESTO],,las cámaras funcionan también sin faena
perfil_frio,10000,5,250,bajo,perfil=P3,kw_respaldo_cargas_criticas,48.303274,kW,potencia,energia_electrica,SUPUESTO,[ESTIMACIÓN] con [SUPUESTO],,cámaras + control + emergencia + efluentes + agua + andén
entrada,10000,5,250,medio,,aves_faenadas_dia_operativo,10000.0,aves,dia_operativo,aves,SUPUESTO,[SUPUESTO],SUP-052,escala = capacidad operativa
entrada,10000,5,250,medio,,t_vivas_dia_operativo,29.0,t,dia_operativo,vivo,ESTIMACIÓN,[ESTIMACIÓN],escenarios_escala.csv,
agua,10000,5,250,medio,nivel=medio,agua_recepcion_l_ave,1.0,L/ave,por_ave,agua_utilizada,SUPUESTO,[SUPUESTO],sin fuente por ave; DPV propuesto,"Recepción: lavado de jaulas/módulos, camiones y andén"
agua,10000,5,250,medio,nivel=medio,agua_recepcion_m3_dia,10.0,m³,dia_operativo,agua_utilizada,ESTIMACIÓN,[ESTIMACIÓN],,"Recepción: lavado de jaulas/módulos, camiones y andén"
agua,10000,5,250,medio,nivel=medio,agua_escaldado_l_ave,1.2,L/ave,por_ave,agua_utilizada,FUENTE,[FUENTE] [PVDP],"mín. ~1 cuarto de galón (0,95 L)/ave (FTE-09C-11, FTE-09C-18)","Escaldado: llenado, reposición y desborde"
agua,10000,5,250,medio,nivel=medio,agua_escaldado_m3_dia,12.0,m³,dia_operativo,agua_utilizada,ESTIMACIÓN,[ESTIMACIÓN],,"Escaldado: llenado, reposición y desborde"
agua,10000,5,250,medio,nivel=medio,agua_desplumado_l_ave,2.0,L/ave,por_ave,agua_utilizada,SUPUESTO,[SUPUESTO],incluido en totales de FTE-09C-01/02,Desplumado: duchas y transporte de plumas
agua,10000,5,250,medio,nivel=medio,agua_desplumado_m3_dia,20.0,m³,dia_operativo,agua_utilizada,ESTIMACIÓN,[ESTIMACIÓN],,Desplumado: duchas y transporte de plumas
agua,10000,5,250,medio,nivel=medio,agua_evisceracion_l_ave,6.0,L/ave,por_ave,agua_utilizada,FUENTE,[FUENTE] [PVDP],"7,57 L/ave (FTE-09C-01)",Evisceración: lavados interior/exterior y transporte hidráulico de vísceras
agua,10000,5,250,medio,nivel=medio,agua_evisceracion_m3_dia,60.0,m³,dia_operativo,agua_utilizada,ESTIMACIÓN,[ESTIMACIÓN],,Evisceración: lavados interior/exterior y transporte hidráulico de vísceras
agua,10000,5,250,medio,nivel=medio,agua_lavado_l_ave,3.0,L/ave,por_ave,agua_utilizada,FUENTE,[FUENTE] [PVDP],"4,25–4,35 L/ave (FTE-09C-01)",Lavado final de carcasas
agua,10000,5,250,medio,nivel=medio,agua_lavado_m3_dia,30.0,m³,dia_operativo,agua_utilizada,ESTIMACIÓN,[ESTIMACIÓN],,Lavado final de carcasas
agua,10000,5,250,medio,nivel=medio,agua_chiller_l_ave,2.8,L/ave,por_ave,agua_utilizada,FUENTE,[FUENTE] [PVDP],"mín. 0,5 gal = 1,9 L/ave; típico 2,8–5,7 L/ave (FTE-09C-18); 2,12 L/ave (FTE-09C-01)",Chiller: reposición de agua (contracorriente)
agua,10000,5,250,medio,nivel=medio,agua_chiller_m3_dia,28.0,m³,dia_operativo,agua_utilizada,ESTIMACIÓN,[ESTIMACIÓN],,Chiller: reposición de agua (contracorriente)
agua,10000,5,250,medio,nivel=medio,agua_despiece_l_ave,1.0,L/ave,por_ave,agua_utilizada,FUENTE,[FUENTE] [PVDP],"3,03 L/ave (FTE-09C-01)",Sala de despiece y deshuese
agua,10000,5,250,medio,nivel=medio,agua_despiece_m3_dia,10.0,m³,dia_operativo,agua_utilizada,ESTIMACIÓN,[ESTIMACIÓN],,Sala de despiece y deshuese
agua,10000,5,250,medio,nivel=medio,agua_limpieza_l_ave,5.0,L/ave,por_ave,agua_utilizada,FUENTE,[FUENTE] [PVDP],"1,5–3 gal = 5,7–11,4 L/ave saneamiento + 0,9–3,8 L equipos (FTE-09C-01)",Limpieza de equipos y salas (fin de turno)
agua,10000,5,250,medio,nivel=medio,agua_limpieza_m3_dia,50.0,m³,dia_operativo,agua_utilizada,ESTIMACIÓN,[ESTIMACIÓN],,Limpieza de equipos y salas (fin de turno)
agua,10000,5,250,medio,nivel=medio,agua_sanitizacion_l_ave,1.0,L/ave,por_ave,agua_utilizada,SUPUESTO,[SUPUESTO],sin fuente separada,"Sanitización: esterilizadores, lavamanos, pediluvios, enjuagues"
agua,10000,5,250,medio,nivel=medio,agua_sanitizacion_m3_dia,10.0,m³,dia_operativo,agua_utilizada,ESTIMACIÓN,[ESTIMACIÓN],,"Sanitización: esterilizadores, lavamanos, pediluvios, enjuagues"
agua,10000,5,250,medio,nivel=medio,agua_auxiliares_l_ave,2.0,L/ave,por_ave,agua_utilizada,SUPUESTO,[SUPUESTO],sin fuente separada,"Servicios auxiliares: caldera, condensadores evaporativos, vestuarios, comedor"
agua,10000,5,250,medio,nivel=medio,agua_auxiliares_m3_dia,20.0,m³,dia_operativo,agua_utilizada,ESTIMACIÓN,[ESTIMACIÓN],,"Servicios auxiliares: caldera, condensadores evaporativos, vestuarios, comedor"
agua,10000,5,250,medio,nivel=medio,agua_utilizada_l_ave,25.0,L/ave,por_ave,agua_utilizada,ESTIMACIÓN,[ESTIMACIÓN] con rangos [PVDP],FTE-09C-01 a 04,consumo industrial; NO incluye agua retenida
agua,10000,5,250,medio,nivel=medio,agua_utilizada_m3_dia,250.0,m³,dia_operativo,agua_utilizada,ESTIMACIÓN,[ESTIMACIÓN],,
agua,10000,5,250,medio,nivel=medio,agua_utilizada_m3_anio,62500.0,m³,anio,agua_utilizada,ESTIMACIÓN,[ESTIMACIÓN],,
agua,10000,5,250,medio,nivel=medio,agua_utilizada_m3_h_medio,20.833333,m³/h,hora,agua_utilizada,ESTIMACIÓN,[ESTIMACIÓN],,sobre 12 h (faena + limpieza)
agua,10000,5,250,medio,nivel=medio,agua_utilizada_m3_h_pico,37.5,m³/h,hora,agua_utilizada,SUPUESTO,[SUPUESTO] factor de pico,,"dimensiona captación, bombeo y reserva"
agua,10000,5,250,medio,nivel=medio,reserva_agua_1_dia_m3,250.0,m³,stock,agua_utilizada,ESTIMACIÓN,[ESTIMACIÓN],,"volumen equivalente a un día de uso (referencia conceptual, no diseño)"
agua,10000,5,250,medio,nivel=medio,agua_descargada_m3_dia,220.0,m³,dia_operativo,agua_descargada,SUPUESTO,[ESTIMACIÓN] con fracción [SUPUESTO],,fracción a efluente = 0.88
agua,10000,5,250,medio,nivel=medio,agua_descargada_l_ave,22.0,L/ave,por_ave,agua_descargada,ESTIMACIÓN,[ESTIMACIÓN],,
agua,10000,5,250,medio,nivel=medio,agua_no_descargada_m3_dia,30.0,m³,dia_operativo,agua_no_descargada,ESTIMACIÓN,[ESTIMACIÓN],,evaporación + retenida + sale con subproductos + pérdidas
agua_retenida,10000,5,250,medio,,agua_retenida_en_producto_t_dia,0.855264,t,dia_operativo,agua_retenida,ESTIMACIÓN,[ESTIMACIÓN] del balance v1.1,escenarios_escala.csv,sale vendida con el producto; NO es consumo industrial ni efluente
agua_retenida,10000,5,250,medio,,agua_incorporada_producto_y_subproductos_t_dia,2.126606,t,dia_operativo,agua_retenida,ESTIMACIÓN,[ESTIMACIÓN] del balance v1.1,escenarios_escala.csv,absorbida en chiller + adherida a plumas (incluye goteo posterior)
agua_retenida,10000,5,250,medio,,agua_retenida_sobre_agua_utilizada_pct,0.342106,%,adimensional,agua,ESTIMACIÓN,[ESTIMACIÓN],,cuánto del agua usada termina dentro del producto
efluente,10000,5,250,medio,nivel=medio,carga_DQO_g_ave,100.0,g/ave,por_ave,efluente_crudo,ESTIMACIÓN,[ESTIMACIÓN] con rangos [PVDP],FTE-181; FTE-09C-05,efluente crudo tras retirar sangre y sólidos gruesos
efluente,10000,5,250,medio,nivel=medio,carga_DQO_kg_dia,1000.0,kg,dia_operativo,efluente_crudo,ESTIMACIÓN,[ESTIMACIÓN],,
efluente,10000,5,250,medio,nivel=medio,concentracion_DQO_mg_l,4545.454545,mg/L,adimensional,efluente_crudo,ESTIMACIÓN,[ESTIMACIÓN],,"resultado (carga / caudal), no parámetro"
efluente,10000,5,250,medio,nivel=medio,carga_DBO5_g_ave,50.0,g/ave,por_ave,efluente_crudo,ESTIMACIÓN,[ESTIMACIÓN] con rangos [PVDP],"FTE-181; FTE-09C-05 (DBO/DQO ~0,4–0,6)",efluente crudo tras retirar sangre y sólidos gruesos
efluente,10000,5,250,medio,nivel=medio,carga_DBO5_kg_dia,500.0,kg,dia_operativo,efluente_crudo,ESTIMACIÓN,[ESTIMACIÓN],,
efluente,10000,5,250,medio,nivel=medio,concentracion_DBO5_mg_l,2272.727273,mg/L,adimensional,efluente_crudo,ESTIMACIÓN,[ESTIMACIÓN],,"resultado (carga / caudal), no parámetro"
efluente,10000,5,250,medio,nivel=medio,carga_SST_g_ave,35.0,g/ave,por_ave,efluente_crudo,ESTIMACIÓN,[ESTIMACIÓN] con rangos [PVDP],FTE-181; FTE-09C-05,efluente crudo tras retirar sangre y sólidos gruesos
efluente,10000,5,250,medio,nivel=medio,carga_SST_kg_dia,350.0,kg,dia_operativo,efluente_crudo,ESTIMACIÓN,[ESTIMACIÓN],,
efluente,10000,5,250,medio,nivel=medio,concentracion_SST_mg_l,1590.909091,mg/L,adimensional,efluente_crudo,ESTIMACIÓN,[ESTIMACIÓN],,"resultado (carga / caudal), no parámetro"
efluente,10000,5,250,medio,nivel=medio,carga_GyA_g_ave,11.0,g/ave,por_ave,efluente_crudo,ESTIMACIÓN,[ESTIMACIÓN] con rangos [PVDP],FTE-09C-06 (~500 mg/L tamizado),efluente crudo tras retirar sangre y sólidos gruesos
efluente,10000,5,250,medio,nivel=medio,carga_GyA_kg_dia,110.0,kg,dia_operativo,efluente_crudo,ESTIMACIÓN,[ESTIMACIÓN],,
efluente,10000,5,250,medio,nivel=medio,concentracion_GyA_mg_l,500.0,mg/L,adimensional,efluente_crudo,ESTIMACIÓN,[ESTIMACIÓN],,"resultado (carga / caudal), no parámetro"
efluente,10000,5,250,medio,nivel=medio,carga_NTK_g_ave,5.0,g/ave,por_ave,efluente_crudo,ESTIMACIÓN,[ESTIMACIÓN] con rangos [PVDP],FTE-09C-06 (150–296 mg/L),efluente crudo tras retirar sangre y sólidos gruesos
efluente,10000,5,250,medio,nivel=medio,carga_NTK_kg_dia,50.0,kg,dia_operativo,efluente_crudo,ESTIMACIÓN,[ESTIMACIÓN],,
efluente,10000,5,250,medio,nivel=medio,concentracion_NTK_mg_l,227.272727,mg/L,adimensional,efluente_crudo,ESTIMACIÓN,[ESTIMACIÓN],,"resultado (carga / caudal), no parámetro"
efluente,10000,5,250,medio,nivel=medio,carga_PT_g_ave,0.5,g/ave,por_ave,efluente_crudo,ESTIMACIÓN,[ESTIMACIÓN] con rangos [PVDP],"FTE-09C-06 (~18,5 mg/L)",efluente crudo tras retirar sangre y sólidos gruesos
efluente,10000,5,250,medio,nivel=medio,carga_PT_kg_dia,5.0,kg,dia_operativo,efluente_crudo,ESTIMACIÓN,[ESTIMACIÓN],,
efluente,10000,5,250,medio,nivel=medio,concentracion_PT_mg_l,22.727273,mg/L,adimensional,efluente_crudo,ESTIMACIÓN,[ESTIMACIÓN],,"resultado (carga / caudal), no parámetro"
efluente,10000,5,250,medio,,dqo_extra_por_sangre_no_recuperada_g_ave,0.0,g/ave,por_ave,efluente_crudo,ESTIMACIÓN,[ESTIMACIÓN] con DQO de sangre [PVDP],FTE-181,recuperación 0.85 vs referencia 0.85
efluente,10000,5,250,medio,,dqo_evitada_por_recuperar_sangre_kg_dia,299.321429,kg,dia_operativo,efluente_crudo,ESTIMACIÓN,[ESTIMACIÓN] con DQO de sangre [PVDP],FTE-181,orden de magnitud; no es una reducción medida
efluente,10000,5,250,medio,nivel=medio,caudal_efluente_m3_h_pico,33.0,m³/h,hora,agua_descargada,SUPUESTO,[SUPUESTO] factor de pico,,dimensiona ecualización
efluente,10000,5,250,medio,nivel=medio,remocion_dqo_requerida_ilustrativa_pct,94.5,%,adimensional,efluente_crudo,ESTIMACIÓN,[ESTIMACIÓN] con límite [PVDP],FTE-09C-08,"límite ilustrativo 250 mg/L (ADA 336/03, pluvial; a confirmar según sitio y cuerpo receptor)"
masa_evitable,10000,5,250,medio,,sangre_recuperada_t_dia,0.8381,t,dia_operativo,biologica+agua,ESTIMACIÓN,[ESTIMACIÓN] del balance v1.1,escenarios_escala.csv,"sangre recuperada por separado (85 %, SUP-040)"
masa_evitable,10000,5,250,medio,,plumas_t_dia,2.4128,t,dia_operativo,biologica+agua,ESTIMACIÓN,[ESTIMACIÓN] del balance v1.1,escenarios_escala.csv,plumas húmedas retiradas
masa_evitable,10000,5,250,medio,,visceras_t_dia,1.305,t,dia_operativo,biologica+agua,ESTIMACIÓN,[ESTIMACIÓN] del balance v1.1,escenarios_escala.csv,vísceras no comestibles
masa_evitable,10000,5,250,medio,,cabeza_t_dia,0.725,t,dia_operativo,biologica+agua,ESTIMACIÓN,[ESTIMACIÓN] del balance v1.1,escenarios_escala.csv,cabezas
masa_evitable,10000,5,250,medio,,solidos_a_retirar_t_dia,6.083526,t,dia_operativo,biologica+agua,ESTIMACIÓN,[ESTIMACIÓN] del balance v1.1,escenarios_escala.csv,total sólidos a retirar en seco (C + decomisos + contenido GI; NO sumar)
masa_evitable,10000,5,250,medio,,masa_a_efluente_o_perdida_t_dia,1.078243,t,dia_operativo,biologica+agua,ESTIMACIÓN,[ESTIMACIÓN] del balance v1.1,escenarios_escala.csv,"masa que el balance ya envía a efluente o pérdida (sangre no recuperada, cutícula, goteo, pérdidas)"
lodos,10000,5,250,medio,nivel=medio,lodo_daf_kg_ms_dia,318.55,kg,dia_operativo,materia_seca,ESTIMACIÓN,[ESTIMACIÓN] con remociones [PVDP],"FTE-09C-05, FTE-09C-13",sólidos + grasas flotados + químicos
lodos,10000,5,250,medio,nivel=medio,lodo_daf_t_humedo_dia,2.654583,t,dia_operativo,lodo_humedo,ESTIMACIÓN,[ESTIMACIÓN] con % sólidos [PVDP],FTE-09C-13,
lodos,10000,5,250,medio,nivel=medio,dbo_al_tratamiento_biologico_kg_dia,275.0,kg,dia_operativo,efluente_pretratado,ESTIMACIÓN,[ESTIMACIÓN],,después de DAF
lodos,10000,5,250,medio,nivel=medio,lodo_biologico_aerobio_kg_ms_dia,104.5,kg,dia_operativo,materia_seca,SUPUESTO,[ESTIMACIÓN] con rendimiento [SUPUESTO],,si el tratamiento fuera aerobio completo; anaerobio genera mucho menos lodo
lodos,10000,5,250,medio,nivel=medio,lodos_deshidratados_t_dia,2.350278,t,dia_operativo,lodo_humedo,SUPUESTO,[ESTIMACIÓN] con [SUPUESTO],,DAF + biológico deshidratados; disposición/valorización a definir
electricidad,10000,5,250,medio,nivel=medio,kwh_proceso_dia,7250.0,kWh,dia_operativo,energia_electrica,FUENTE,[ESTIMACIÓN] con indicador [PVDP],"UE 152–860 kWh/t faenada; Brasil 165 kWh/t; 1,19 MJ/kg = 330 kWh/t (FTE-09C-09, FTE-09C-03)","faena, proceso, enfriado fresco, aire, agua, servicios"
electricidad,10000,5,250,medio,nivel=medio,kwh_proceso_frio_de_proceso_agua_helada_hielo_dia,2537.5,kWh,dia_operativo,energia_electrica,SUPUESTO,[SUPUESTO] reparto ilustrativo,FTE-09C-09 (cualitativo),didáctico; no sumar con kwh_proceso_dia
electricidad,10000,5,250,medio,nivel=medio,kwh_proceso_motores_de_linea_y_transportadores_dia,1450.0,kWh,dia_operativo,energia_electrica,SUPUESTO,[SUPUESTO] reparto ilustrativo,FTE-09C-09 (cualitativo),didáctico; no sumar con kwh_proceso_dia
electricidad,10000,5,250,medio,nivel=medio,kwh_proceso_aire_comprimido_dia,725.0,kWh,dia_operativo,energia_electrica,SUPUESTO,[SUPUESTO] reparto ilustrativo,FTE-09C-09 (cualitativo),didáctico; no sumar con kwh_proceso_dia
electricidad,10000,5,250,medio,nivel=medio,kwh_proceso_bombas_agua_y_efluentes_dia,725.0,kWh,dia_operativo,energia_electrica,SUPUESTO,[SUPUESTO] reparto ilustrativo,FTE-09C-09 (cualitativo),didáctico; no sumar con kwh_proceso_dia
electricidad,10000,5,250,medio,nivel=medio,kwh_proceso_climatizacion_salas_dia,580.0,kWh,dia_operativo,energia_electrica,SUPUESTO,[SUPUESTO] reparto ilustrativo,FTE-09C-09 (cualitativo),didáctico; no sumar con kwh_proceso_dia
electricidad,10000,5,250,medio,nivel=medio,kwh_proceso_iluminacion_dia,507.5,kWh,dia_operativo,energia_electrica,SUPUESTO,[SUPUESTO] reparto ilustrativo,FTE-09C-09 (cualitativo),didáctico; no sumar con kwh_proceso_dia
electricidad,10000,5,250,medio,nivel=medio,kwh_proceso_oficinas_vestuarios_servicios_dia,362.5,kWh,dia_operativo,energia_electrica,SUPUESTO,[SUPUESTO] reparto ilustrativo,FTE-09C-09 (cualitativo),didáctico; no sumar con kwh_proceso_dia
electricidad,10000,5,250,medio,nivel=medio,kwh_proceso_otros_dia,362.5,kWh,dia_operativo,energia_electrica,SUPUESTO,[SUPUESTO] reparto ilustrativo,FTE-09C-09 (cualitativo),didáctico; no sumar con kwh_proceso_dia
inventario,10000,5,250,medio,,stock_refrigerado_t,64.705057,t,stock,comercial,ESTIMACIÓN,[ESTIMACIÓN],"SUP-055, SUP-056",base=dias_produccion; días=3; perfil=P1
inventario,10000,5,250,medio,,stock_congelado_t,33.55077,t,stock,comercial,ESTIMACIÓN,[ESTIMACIÓN],"SUP-055, SUP-056",base=dias_produccion; días=14; incluye exportación
congelado,10000,5,250,medio,,capacidad_congelacion_t_dia,2.396484,t,dia_operativo,comercial,ESTIMACIÓN,[ESTIMACIÓN],SUP-055,t que hay que congelar cada día de faena (túneles/IQF)
congelado,10000,5,250,medio,,capacidad_almacenamiento_congelado_t,33.55077,t,stock,comercial,ESTIMACIÓN,[ESTIMACIÓN],,t que hay que guardar (cámaras); NO es capacidad de congelación
congelado,10000,5,250,medio,nivel=medio,garras_a_congelar_t_dia_informativo,1.01052,t,dia_operativo,comercial,SUPUESTO,[SUPUESTO],,ya incluidas dentro del comestible: NO sumar al perfil
congelado,10000,5,250,medio,nivel=medio,menudencias_a_congelar_t_dia_informativo,0.54549,t,dia_operativo,comercial,SUPUESTO,[SUPUESTO],,ya incluidas dentro del comestible: NO sumar al perfil
congelado,10000,5,250,medio,nivel=medio,calor_a_extraer_congelacion_kj_kg,384.943,kJ/kg,adimensional,producto,ESTIMACIÓN,[ESTIMACIÓN] con propiedades [PVDP],FTE-09C-14,"de +4 °C a −18 °C, con pérdidas"
frio,10000,5,250,medio,nivel=medio,kw_frigorificos_enfriado_producto_fresco,235.489308,kW frigoríficos,potencia,frio,ESTIMACIÓN,[ESTIMACIÓN] con [SUPUESTO],,chiller + menudencias + salas/docks; durante 8 h netas
frio,10000,5,250,medio,nivel=medio,tr_enfriado_producto_fresco,66.957438,TR,potencia,frio,ESTIMACIÓN,[ESTIMACIÓN],,"1 TR = 3,517 kW frigoríficos"
frio,10000,5,250,medio,nivel=medio,kw_electricos_enfriado_producto_fresco,78.496436,kW eléctricos,potencia,energia_electrica,SUPUESTO,[ESTIMACIÓN] con COP [SUPUESTO],,kW eléctricos = kW frigoríficos / COP
frio,10000,5,250,medio,nivel=medio,kw_frigorificos_congelacion_tuneles,12.812633,kW frigoríficos,potencia,frio,ESTIMACIÓN,[ESTIMACIÓN] con [SUPUESTO],,durante 20 h/día
frio,10000,5,250,medio,nivel=medio,tr_congelacion_tuneles,3.643057,TR,potencia,frio,ESTIMACIÓN,[ESTIMACIÓN],,"1 TR = 3,517 kW frigoríficos"
frio,10000,5,250,medio,nivel=medio,kw_electricos_congelacion_tuneles,9.151881,kW eléctricos,potencia,energia_electrica,SUPUESTO,[ESTIMACIÓN] con COP [SUPUESTO],,kW eléctricos = kW frigoríficos / COP
frio,10000,5,250,medio,nivel=medio,kw_frigorificos_camaras_almacenamiento,13.959517,kW frigoríficos,potencia,frio,ESTIMACIÓN,[ESTIMACIÓN] con [SUPUESTO],,"24 h, 365 días; desde kWh/(t·día)"
frio,10000,5,250,medio,nivel=medio,tr_camaras_almacenamiento,3.969155,TR,potencia,frio,ESTIMACIÓN,[ESTIMACIÓN],,"1 TR = 3,517 kW frigoríficos"
frio,10000,5,250,medio,nivel=medio,kw_electricos_camaras_almacenamiento,6.88989,kW eléctricos,potencia,energia_electrica,SUPUESTO,[ESTIMACIÓN] con COP [SUPUESTO],,kW eléctricos = kW frigoríficos / COP
frio,10000,5,250,medio,nivel=medio,kj_frio_enfriado_por_ave,678.209208,kJ/ave,por_ave,frio,ESTIMACIÓN,[ESTIMACIÓN] con [SUPUESTO],FTE-09C-14,
electricidad,10000,5,250,medio,nivel=medio,kwh_congelacion_dia,455.331884,kWh,dia_operativo,energia_electrica,FUENTE,[ESTIMACIÓN] con indicador [PVDP],120–260 kWh/t de ave congelada; 133 kWh/t (FTE-09C-10),
electricidad,10000,5,250,medio,nivel=medio,kwh_almacenamiento_frio_dia_calendario,165.357368,kWh,dia_calendario,energia_electrica,SUPUESTO,[ESTIMACIÓN] con [SUPUESTO],,las cámaras funcionan también sin faena
electricidad,10000,5,250,medio,nivel=medio,kwh_tratamiento_aerobio_dia,313.5,kWh,dia_operativo,energia_electrica,SUPUESTO,[ESTIMACIÓN] con [SUPUESTO],,cota: si todo el biológico fuera aerobio
electricidad,10000,5,250,medio,nivel=medio,kwh_total_dia_operativo,8184.189252,kWh,dia_operativo,energia_electrica,ESTIMACIÓN,[ESTIMACIÓN],,proceso + congelado + aerobio + cámaras
electricidad,10000,5,250,medio,nivel=medio,kwh_total_anio,2065063.410466,kWh,anio,energia_electrica,ESTIMACIÓN,[ESTIMACIÓN],,cámaras × 365 días; resto × días de faena
electricidad,10000,5,250,medio,nivel=medio,kwh_por_ave_promedio_anual,0.826025,kWh/ave,por_ave,energia_electrica,ESTIMACIÓN,[ESTIMACIÓN],,
electricidad,10000,5,250,medio,nivel=medio,kw_potencia_media_operacion,560.576127,kW,potencia,energia_electrica,ESTIMACIÓN,[ESTIMACIÓN],,proceso sobre 14 h + túneles + cámaras + efluentes
electricidad,10000,5,250,medio,nivel=medio,kw_potencia_pico_estimada,819.504699,kW,potencia,energia_electrica,SUPUESTO,[ESTIMACIÓN] con factor de pico [SUPUESTO],,orden de magnitud para pedir potencia; no es diseño
termico,10000,5,250,medio,nivel=medio,calor_util_escaldado_mj_dia,4018.56,MJ,dia_operativo,energia_termica,ESTIMACIÓN,[ESTIMACIÓN] con temperaturas [PVDP]/[SUPUESTO],FTE-09C-11,
termico,10000,5,250,medio,nivel=medio,kw_termicos_escaldado,139.533333,kW térmicos,potencia,energia_termica,ESTIMACIÓN,[ESTIMACIÓN],,durante 8 h
termico,10000,5,250,medio,nivel=medio,calor_util_limpieza_mj_dia,4646.46,MJ,dia_operativo,energia_termica,ESTIMACIÓN,[ESTIMACIÓN] con temperaturas [PVDP]/[SUPUESTO],FTE-09C-11,
termico,10000,5,250,medio,nivel=medio,kw_termicos_limpieza,322.670833,kW térmicos,potencia,energia_termica,ESTIMACIÓN,[ESTIMACIÓN],,durante 4 h
termico,10000,5,250,medio,nivel=medio,calor_util_sanitizacion_mj_dia,1339.52,MJ,dia_operativo,energia_termica,ESTIMACIÓN,[ESTIMACIÓN] con temperaturas [PVDP]/[SUPUESTO],FTE-09C-11,
termico,10000,5,250,medio,nivel=medio,kw_termicos_sanitizacion,31.007407,kW térmicos,potencia,energia_termica,ESTIMACIÓN,[ESTIMACIÓN],,durante 12 h
termico,10000,5,250,medio,nivel=medio,calor_util_mj_ave,1.000454,MJ/ave,por_ave,energia_termica,ESTIMACIÓN,[ESTIMACIÓN],,
termico,10000,5,250,medio,nivel=medio,energia_combustible_mj_dia,13339.386667,MJ,dia_operativo,energia_termica,ESTIMACIÓN,[ESTIMACIÓN] con rendimiento [SUPUESTO],,
termico,10000,5,250,medio,nivel=medio,energia_combustible_kwh_dia,3705.385185,kWh,dia_operativo,energia_termica,ESTIMACIÓN,[ESTIMACIÓN],,kWh TÉRMICOS (no eléctricos)
termico,10000,5,250,medio,nivel=medio,equivalente_gas_natural_m3_dia,342.914824,m3,dia_operativo,energia_termica,SUPUESTO,[ESTIMACIÓN] con PCI [SUPUESTO],~9.300 kcal/m³ (a verificar con distribuidora),"equivalencia, no elección"
termico,10000,5,250,medio,nivel=medio,equivalente_glp_kg_dia,289.986667,kg,dia_operativo,energia_termica,SUPUESTO,[ESTIMACIÓN] con PCI [SUPUESTO],~11.000 kcal/kg,"equivalencia, no elección"
termico,10000,5,250,medio,nivel=medio,equivalente_biomasa_chip_kg_dia,952.813333,kg,dia_operativo,energia_termica,SUPUESTO,[ESTIMACIÓN] con PCI [SUPUESTO],chip de madera ~20–25 % humedad; muy variable,"equivalencia, no elección"
termico,10000,5,250,medio,nivel=medio,equivalente_electricidad_resistiva_kwh_dia,2835.753968,kWh,dia_operativo,energia_termica,SUPUESTO,[ESTIMACIÓN],,rendimiento 98 %; bomba de calor dividiría por su COP (limitada a ~60–70 °C)
respaldo,10000,5,250,medio,nivel=medio,kw_critico_camaras_frio,10.334836,kW,potencia,energia_electrica,SUPUESTO,[ESTIMACIÓN] con [SUPUESTO],,
respaldo,10000,5,250,medio,nivel=medio,kw_critico_efluentes_minimo,6.53125,kW,potencia,energia_electrica,SUPUESTO,[ESTIMACIÓN] con [SUPUESTO],,
respaldo,10000,5,250,medio,nivel=medio,kw_critico_control_it_seguridad,15.535714,kW,potencia,energia_electrica,SUPUESTO,[ESTIMACIÓN] con [SUPUESTO],,
respaldo,10000,5,250,medio,nivel=medio,kw_critico_iluminacion_emergencia,7.767857,kW,potencia,energia_electrica,SUPUESTO,[ESTIMACIÓN] con [SUPUESTO],,
respaldo,10000,5,250,medio,nivel=medio,kw_critico_bombeo_agua_minimo,23.303571,kW,potencia,energia_electrica,SUPUESTO,[ESTIMACIÓN] con [SUPUESTO],,
respaldo,10000,5,250,medio,nivel=medio,kw_critico_anden_aves_ventilacion,15.535714,kW,potencia,energia_electrica,SUPUESTO,[ESTIMACIÓN] con [SUPUESTO],,
respaldo,10000,5,250,medio,nivel=medio,kw_respaldo_cargas_criticas,79.008943,kW,potencia,energia_electrica,SUPUESTO,[ESTIMACIÓN] con [SUPUESTO],,cámaras + control + emergencia + efluentes + agua + andén
respaldo,10000,5,250,medio,nivel=medio,kva_respaldo_cargas_criticas,98.761178,kVA,potencia,energia_electrica,SUPUESTO,[ESTIMACIÓN],,"fp 0,8"
respaldo,10000,5,250,medio,nivel=medio,kva_respaldo_planta_completa,1024.380874,kVA,potencia,energia_electrica,SUPUESTO,[ESTIMACIÓN],,si se quisiera sostener también la línea
perfil_frio,10000,5,250,medio,perfil=P2,capacidad_congelacion_t_dia,9.585934,t,dia_operativo,comercial,ESTIMACIÓN,[ESTIMACIÓN],SUP-055,t que hay que congelar cada día de faena (túneles/IQF)
perfil_frio,10000,5,250,medio,perfil=P2,capacidad_almacenamiento_congelado_t,134.203082,t,stock,comercial,ESTIMACIÓN,[ESTIMACIÓN],,t que hay que guardar (cámaras); NO es capacidad de congelación
perfil_frio,10000,5,250,medio,perfil=P2,stock_refrigerado_t,43.136705,t,stock,comercial,ESTIMACIÓN,[ESTIMACIÓN],"SUP-055, SUP-056",base=dias_produccion; días=3; perfil=P2
perfil_frio,10000,5,250,medio,perfil=P2,kw_frigorificos_congelacion_tuneles,51.250533,kW frigoríficos,potencia,frio,ESTIMACIÓN,[ESTIMACIÓN] con [SUPUESTO],,durante 20 h/día
perfil_frio,10000,5,250,medio,perfil=P2,kw_electricos_congelacion_tuneles,36.607523,kW eléctricos,potencia,energia_electrica,SUPUESTO,[ESTIMACIÓN] con COP [SUPUESTO],,kW eléctricos = kW frigoríficos / COP
perfil_frio,10000,5,250,medio,perfil=P2,kw_frigorificos_camaras_almacenamiento,28.877627,kW frigoríficos,potencia,frio,ESTIMACIÓN,[ESTIMACIÓN] con [SUPUESTO],,"24 h, 365 días; desde kWh/(t·día)"
perfil_frio,10000,5,250,medio,perfil=P2,kwh_congelacion_dia,1821.327536,kWh,dia_operativo,energia_electrica,FUENTE,[ESTIMACIÓN] con indicador [PVDP],120–260 kWh/t de ave congelada; 133 kWh/t (FTE-09C-10),
perfil_frio,10000,5,250,medio,perfil=P2,kwh_almacenamiento_frio_dia_calendario,445.74595,kWh,dia_calendario,energia_electrica,SUPUESTO,[ESTIMACIÓN] con [SUPUESTO],,las cámaras funcionan también sin faena
perfil_frio,10000,5,250,medio,perfil=P2,kw_respaldo_cargas_criticas,96.533229,kW,potencia,energia_electrica,SUPUESTO,[ESTIMACIÓN] con [SUPUESTO],,cámaras + control + emergencia + efluentes + agua + andén
perfil_frio,10000,5,250,medio,perfil=P3,capacidad_congelacion_t_dia,11.982418,t,dia_operativo,comercial,ESTIMACIÓN,[ESTIMACIÓN],SUP-055,t que hay que congelar cada día de faena (túneles/IQF)
perfil_frio,10000,5,250,medio,perfil=P3,capacidad_almacenamiento_congelado_t,167.753852,t,stock,comercial,ESTIMACIÓN,[ESTIMACIÓN],,t que hay que guardar (cámaras); NO es capacidad de congelación
perfil_frio,10000,5,250,medio,perfil=P3,stock_refrigerado_t,35.947254,t,stock,comercial,ESTIMACIÓN,[ESTIMACIÓN],"SUP-055, SUP-056",base=dias_produccion; días=3; perfil=P3
perfil_frio,10000,5,250,medio,perfil=P3,kw_frigorificos_congelacion_tuneles,64.063166,kW frigoríficos,potencia,frio,ESTIMACIÓN,[ESTIMACIÓN] con [SUPUESTO],,durante 20 h/día
perfil_frio,10000,5,250,medio,perfil=P3,kw_electricos_congelacion_tuneles,45.759404,kW eléctricos,potencia,energia_electrica,SUPUESTO,[ESTIMACIÓN] con COP [SUPUESTO],,kW eléctricos = kW frigoríficos / COP
perfil_frio,10000,5,250,medio,perfil=P3,kw_frigorificos_camaras_almacenamiento,33.850331,kW frigoríficos,potencia,frio,ESTIMACIÓN,[ESTIMACIÓN] con [SUPUESTO],,"24 h, 365 días; desde kWh/(t·día)"
perfil_frio,10000,5,250,medio,perfil=P3,kwh_congelacion_dia,2276.65942,kWh,dia_operativo,energia_electrica,FUENTE,[ESTIMACIÓN] con indicador [PVDP],120–260 kWh/t de ave congelada; 133 kWh/t (FTE-09C-10),
perfil_frio,10000,5,250,medio,perfil=P3,kwh_almacenamiento_frio_dia_calendario,539.20881,kWh,dia_calendario,energia_electrica,SUPUESTO,[ESTIMACIÓN] con [SUPUESTO],,las cámaras funcionan también sin faena
perfil_frio,10000,5,250,medio,perfil=P3,kw_respaldo_cargas_criticas,102.374658,kW,potencia,energia_electrica,SUPUESTO,[ESTIMACIÓN] con [SUPUESTO],,cámaras + control + emergencia + efluentes + agua + andén
entrada,10000,5,250,alto,,aves_faenadas_dia_operativo,10000.0,aves,dia_operativo,aves,SUPUESTO,[SUPUESTO],SUP-052,escala = capacidad operativa
entrada,10000,5,250,alto,,t_vivas_dia_operativo,29.0,t,dia_operativo,vivo,ESTIMACIÓN,[ESTIMACIÓN],escenarios_escala.csv,
agua,10000,5,250,alto,nivel=alto,agua_recepcion_l_ave,2.0,L/ave,por_ave,agua_utilizada,SUPUESTO,[SUPUESTO],sin fuente por ave; DPV propuesto,"Recepción: lavado de jaulas/módulos, camiones y andén"
agua,10000,5,250,alto,nivel=alto,agua_recepcion_m3_dia,20.0,m³,dia_operativo,agua_utilizada,ESTIMACIÓN,[ESTIMACIÓN],,"Recepción: lavado de jaulas/módulos, camiones y andén"
agua,10000,5,250,alto,nivel=alto,agua_escaldado_l_ave,2.0,L/ave,por_ave,agua_utilizada,FUENTE,[FUENTE] [PVDP],"mín. ~1 cuarto de galón (0,95 L)/ave (FTE-09C-11, FTE-09C-18)","Escaldado: llenado, reposición y desborde"
agua,10000,5,250,alto,nivel=alto,agua_escaldado_m3_dia,20.0,m³,dia_operativo,agua_utilizada,ESTIMACIÓN,[ESTIMACIÓN],,"Escaldado: llenado, reposición y desborde"
agua,10000,5,250,alto,nivel=alto,agua_desplumado_l_ave,3.5,L/ave,por_ave,agua_utilizada,SUPUESTO,[SUPUESTO],incluido en totales de FTE-09C-01/02,Desplumado: duchas y transporte de plumas
agua,10000,5,250,alto,nivel=alto,agua_desplumado_m3_dia,35.0,m³,dia_operativo,agua_utilizada,ESTIMACIÓN,[ESTIMACIÓN],,Desplumado: duchas y transporte de plumas
agua,10000,5,250,alto,nivel=alto,agua_evisceracion_l_ave,8.0,L/ave,por_ave,agua_utilizada,FUENTE,[FUENTE] [PVDP],"7,57 L/ave (FTE-09C-01)",Evisceración: lavados interior/exterior y transporte hidráulico de vísceras
agua,10000,5,250,alto,nivel=alto,agua_evisceracion_m3_dia,80.0,m³,dia_operativo,agua_utilizada,ESTIMACIÓN,[ESTIMACIÓN],,Evisceración: lavados interior/exterior y transporte hidráulico de vísceras
agua,10000,5,250,alto,nivel=alto,agua_lavado_l_ave,4.5,L/ave,por_ave,agua_utilizada,FUENTE,[FUENTE] [PVDP],"4,25–4,35 L/ave (FTE-09C-01)",Lavado final de carcasas
agua,10000,5,250,alto,nivel=alto,agua_lavado_m3_dia,45.0,m³,dia_operativo,agua_utilizada,ESTIMACIÓN,[ESTIMACIÓN],,Lavado final de carcasas
agua,10000,5,250,alto,nivel=alto,agua_chiller_l_ave,4.5,L/ave,por_ave,agua_utilizada,FUENTE,[FUENTE] [PVDP],"mín. 0,5 gal = 1,9 L/ave; típico 2,8–5,7 L/ave (FTE-09C-18); 2,12 L/ave (FTE-09C-01)",Chiller: reposición de agua (contracorriente)
agua,10000,5,250,alto,nivel=alto,agua_chiller_m3_dia,45.0,m³,dia_operativo,agua_utilizada,ESTIMACIÓN,[ESTIMACIÓN],,Chiller: reposición de agua (contracorriente)
agua,10000,5,250,alto,nivel=alto,agua_despiece_l_ave,2.0,L/ave,por_ave,agua_utilizada,FUENTE,[FUENTE] [PVDP],"3,03 L/ave (FTE-09C-01)",Sala de despiece y deshuese
agua,10000,5,250,alto,nivel=alto,agua_despiece_m3_dia,20.0,m³,dia_operativo,agua_utilizada,ESTIMACIÓN,[ESTIMACIÓN],,Sala de despiece y deshuese
agua,10000,5,250,alto,nivel=alto,agua_limpieza_l_ave,7.5,L/ave,por_ave,agua_utilizada,FUENTE,[FUENTE] [PVDP],"1,5–3 gal = 5,7–11,4 L/ave saneamiento + 0,9–3,8 L equipos (FTE-09C-01)",Limpieza de equipos y salas (fin de turno)
agua,10000,5,250,alto,nivel=alto,agua_limpieza_m3_dia,75.0,m³,dia_operativo,agua_utilizada,ESTIMACIÓN,[ESTIMACIÓN],,Limpieza de equipos y salas (fin de turno)
agua,10000,5,250,alto,nivel=alto,agua_sanitizacion_l_ave,1.5,L/ave,por_ave,agua_utilizada,SUPUESTO,[SUPUESTO],sin fuente separada,"Sanitización: esterilizadores, lavamanos, pediluvios, enjuagues"
agua,10000,5,250,alto,nivel=alto,agua_sanitizacion_m3_dia,15.0,m³,dia_operativo,agua_utilizada,ESTIMACIÓN,[ESTIMACIÓN],,"Sanitización: esterilizadores, lavamanos, pediluvios, enjuagues"
agua,10000,5,250,alto,nivel=alto,agua_auxiliares_l_ave,2.5,L/ave,por_ave,agua_utilizada,SUPUESTO,[SUPUESTO],sin fuente separada,"Servicios auxiliares: caldera, condensadores evaporativos, vestuarios, comedor"
agua,10000,5,250,alto,nivel=alto,agua_auxiliares_m3_dia,25.0,m³,dia_operativo,agua_utilizada,ESTIMACIÓN,[ESTIMACIÓN],,"Servicios auxiliares: caldera, condensadores evaporativos, vestuarios, comedor"
agua,10000,5,250,alto,nivel=alto,agua_utilizada_l_ave,38.0,L/ave,por_ave,agua_utilizada,ESTIMACIÓN,[ESTIMACIÓN] con rangos [PVDP],FTE-09C-01 a 04,consumo industrial; NO incluye agua retenida
agua,10000,5,250,alto,nivel=alto,agua_utilizada_m3_dia,380.0,m³,dia_operativo,agua_utilizada,ESTIMACIÓN,[ESTIMACIÓN],,
agua,10000,5,250,alto,nivel=alto,agua_utilizada_m3_anio,95000.0,m³,anio,agua_utilizada,ESTIMACIÓN,[ESTIMACIÓN],,
agua,10000,5,250,alto,nivel=alto,agua_utilizada_m3_h_medio,31.666667,m³/h,hora,agua_utilizada,ESTIMACIÓN,[ESTIMACIÓN],,sobre 12 h (faena + limpieza)
agua,10000,5,250,alto,nivel=alto,agua_utilizada_m3_h_pico,69.666667,m³/h,hora,agua_utilizada,SUPUESTO,[SUPUESTO] factor de pico,,"dimensiona captación, bombeo y reserva"
agua,10000,5,250,alto,nivel=alto,reserva_agua_1_dia_m3,380.0,m³,stock,agua_utilizada,ESTIMACIÓN,[ESTIMACIÓN],,"volumen equivalente a un día de uso (referencia conceptual, no diseño)"
agua,10000,5,250,alto,nivel=alto,agua_descargada_m3_dia,361.0,m³,dia_operativo,agua_descargada,SUPUESTO,[ESTIMACIÓN] con fracción [SUPUESTO],,fracción a efluente = 0.95
agua,10000,5,250,alto,nivel=alto,agua_descargada_l_ave,36.1,L/ave,por_ave,agua_descargada,ESTIMACIÓN,[ESTIMACIÓN],,
agua,10000,5,250,alto,nivel=alto,agua_no_descargada_m3_dia,19.0,m³,dia_operativo,agua_no_descargada,ESTIMACIÓN,[ESTIMACIÓN],,evaporación + retenida + sale con subproductos + pérdidas
agua_retenida,10000,5,250,alto,,agua_retenida_en_producto_t_dia,0.855264,t,dia_operativo,agua_retenida,ESTIMACIÓN,[ESTIMACIÓN] del balance v1.1,escenarios_escala.csv,sale vendida con el producto; NO es consumo industrial ni efluente
agua_retenida,10000,5,250,alto,,agua_incorporada_producto_y_subproductos_t_dia,2.126606,t,dia_operativo,agua_retenida,ESTIMACIÓN,[ESTIMACIÓN] del balance v1.1,escenarios_escala.csv,absorbida en chiller + adherida a plumas (incluye goteo posterior)
agua_retenida,10000,5,250,alto,,agua_retenida_sobre_agua_utilizada_pct,0.225069,%,adimensional,agua,ESTIMACIÓN,[ESTIMACIÓN],,cuánto del agua usada termina dentro del producto
efluente,10000,5,250,alto,nivel=alto,carga_DQO_g_ave,180.0,g/ave,por_ave,efluente_crudo,ESTIMACIÓN,[ESTIMACIÓN] con rangos [PVDP],FTE-181; FTE-09C-05,efluente crudo tras retirar sangre y sólidos gruesos
efluente,10000,5,250,alto,nivel=alto,carga_DQO_kg_dia,1800.0,kg,dia_operativo,efluente_crudo,ESTIMACIÓN,[ESTIMACIÓN],,
efluente,10000,5,250,alto,nivel=alto,concentracion_DQO_mg_l,4986.149584,mg/L,adimensional,efluente_crudo,ESTIMACIÓN,[ESTIMACIÓN],,"resultado (carga / caudal), no parámetro"
efluente,10000,5,250,alto,nivel=alto,carga_DBO5_g_ave,90.0,g/ave,por_ave,efluente_crudo,ESTIMACIÓN,[ESTIMACIÓN] con rangos [PVDP],"FTE-181; FTE-09C-05 (DBO/DQO ~0,4–0,6)",efluente crudo tras retirar sangre y sólidos gruesos
efluente,10000,5,250,alto,nivel=alto,carga_DBO5_kg_dia,900.0,kg,dia_operativo,efluente_crudo,ESTIMACIÓN,[ESTIMACIÓN],,
efluente,10000,5,250,alto,nivel=alto,concentracion_DBO5_mg_l,2493.074792,mg/L,adimensional,efluente_crudo,ESTIMACIÓN,[ESTIMACIÓN],,"resultado (carga / caudal), no parámetro"
efluente,10000,5,250,alto,nivel=alto,carga_SST_g_ave,80.0,g/ave,por_ave,efluente_crudo,ESTIMACIÓN,[ESTIMACIÓN] con rangos [PVDP],FTE-181; FTE-09C-05,efluente crudo tras retirar sangre y sólidos gruesos
efluente,10000,5,250,alto,nivel=alto,carga_SST_kg_dia,800.0,kg,dia_operativo,efluente_crudo,ESTIMACIÓN,[ESTIMACIÓN],,
efluente,10000,5,250,alto,nivel=alto,concentracion_SST_mg_l,2216.066482,mg/L,adimensional,efluente_crudo,ESTIMACIÓN,[ESTIMACIÓN],,"resultado (carga / caudal), no parámetro"
efluente,10000,5,250,alto,nivel=alto,carga_GyA_g_ave,25.0,g/ave,por_ave,efluente_crudo,ESTIMACIÓN,[ESTIMACIÓN] con rangos [PVDP],FTE-09C-06 (~500 mg/L tamizado),efluente crudo tras retirar sangre y sólidos gruesos
efluente,10000,5,250,alto,nivel=alto,carga_GyA_kg_dia,250.0,kg,dia_operativo,efluente_crudo,ESTIMACIÓN,[ESTIMACIÓN],,
efluente,10000,5,250,alto,nivel=alto,concentracion_GyA_mg_l,692.520776,mg/L,adimensional,efluente_crudo,ESTIMACIÓN,[ESTIMACIÓN],,"resultado (carga / caudal), no parámetro"
efluente,10000,5,250,alto,nivel=alto,carga_NTK_g_ave,8.0,g/ave,por_ave,efluente_crudo,ESTIMACIÓN,[ESTIMACIÓN] con rangos [PVDP],FTE-09C-06 (150–296 mg/L),efluente crudo tras retirar sangre y sólidos gruesos
efluente,10000,5,250,alto,nivel=alto,carga_NTK_kg_dia,80.0,kg,dia_operativo,efluente_crudo,ESTIMACIÓN,[ESTIMACIÓN],,
efluente,10000,5,250,alto,nivel=alto,concentracion_NTK_mg_l,221.606648,mg/L,adimensional,efluente_crudo,ESTIMACIÓN,[ESTIMACIÓN],,"resultado (carga / caudal), no parámetro"
efluente,10000,5,250,alto,nivel=alto,carga_PT_g_ave,1.0,g/ave,por_ave,efluente_crudo,ESTIMACIÓN,[ESTIMACIÓN] con rangos [PVDP],"FTE-09C-06 (~18,5 mg/L)",efluente crudo tras retirar sangre y sólidos gruesos
efluente,10000,5,250,alto,nivel=alto,carga_PT_kg_dia,10.0,kg,dia_operativo,efluente_crudo,ESTIMACIÓN,[ESTIMACIÓN],,
efluente,10000,5,250,alto,nivel=alto,concentracion_PT_mg_l,27.700831,mg/L,adimensional,efluente_crudo,ESTIMACIÓN,[ESTIMACIÓN],,"resultado (carga / caudal), no parámetro"
efluente,10000,5,250,alto,,dqo_extra_por_sangre_no_recuperada_g_ave,0.0,g/ave,por_ave,efluente_crudo,ESTIMACIÓN,[ESTIMACIÓN] con DQO de sangre [PVDP],FTE-181,recuperación 0.85 vs referencia 0.85
efluente,10000,5,250,alto,,dqo_evitada_por_recuperar_sangre_kg_dia,299.321429,kg,dia_operativo,efluente_crudo,ESTIMACIÓN,[ESTIMACIÓN] con DQO de sangre [PVDP],FTE-181,orden de magnitud; no es una reducción medida
efluente,10000,5,250,alto,nivel=alto,caudal_efluente_m3_h_pico,66.183333,m³/h,hora,agua_descargada,SUPUESTO,[SUPUESTO] factor de pico,,dimensiona ecualización
efluente,10000,5,250,alto,nivel=alto,remocion_dqo_requerida_ilustrativa_pct,94.986111,%,adimensional,efluente_crudo,ESTIMACIÓN,[ESTIMACIÓN] con límite [PVDP],FTE-09C-08,"límite ilustrativo 250 mg/L (ADA 336/03, pluvial; a confirmar según sitio y cuerpo receptor)"
masa_evitable,10000,5,250,alto,,sangre_recuperada_t_dia,0.8381,t,dia_operativo,biologica+agua,ESTIMACIÓN,[ESTIMACIÓN] del balance v1.1,escenarios_escala.csv,"sangre recuperada por separado (85 %, SUP-040)"
masa_evitable,10000,5,250,alto,,plumas_t_dia,2.4128,t,dia_operativo,biologica+agua,ESTIMACIÓN,[ESTIMACIÓN] del balance v1.1,escenarios_escala.csv,plumas húmedas retiradas
masa_evitable,10000,5,250,alto,,visceras_t_dia,1.305,t,dia_operativo,biologica+agua,ESTIMACIÓN,[ESTIMACIÓN] del balance v1.1,escenarios_escala.csv,vísceras no comestibles
masa_evitable,10000,5,250,alto,,cabeza_t_dia,0.725,t,dia_operativo,biologica+agua,ESTIMACIÓN,[ESTIMACIÓN] del balance v1.1,escenarios_escala.csv,cabezas
masa_evitable,10000,5,250,alto,,solidos_a_retirar_t_dia,6.083526,t,dia_operativo,biologica+agua,ESTIMACIÓN,[ESTIMACIÓN] del balance v1.1,escenarios_escala.csv,total sólidos a retirar en seco (C + decomisos + contenido GI; NO sumar)
masa_evitable,10000,5,250,alto,,masa_a_efluente_o_perdida_t_dia,1.078243,t,dia_operativo,biologica+agua,ESTIMACIÓN,[ESTIMACIÓN] del balance v1.1,escenarios_escala.csv,"masa que el balance ya envía a efluente o pérdida (sangre no recuperada, cutícula, goteo, pérdidas)"
lodos,10000,5,250,alto,nivel=alto,lodo_daf_kg_ms_dia,576.875,kg,dia_operativo,materia_seca,ESTIMACIÓN,[ESTIMACIÓN] con remociones [PVDP],"FTE-09C-05, FTE-09C-13",sólidos + grasas flotados + químicos
lodos,10000,5,250,alto,nivel=alto,lodo_daf_t_humedo_dia,5.76875,t,dia_operativo,lodo_humedo,ESTIMACIÓN,[ESTIMACIÓN] con % sólidos [PVDP],FTE-09C-13,
lodos,10000,5,250,alto,nivel=alto,dbo_al_tratamiento_biologico_kg_dia,630.0,kg,dia_operativo,efluente_pretratado,ESTIMACIÓN,[ESTIMACIÓN],,después de DAF
lodos,10000,5,250,alto,nivel=alto,lodo_biologico_aerobio_kg_ms_dia,299.25,kg,dia_operativo,materia_seca,SUPUESTO,[ESTIMACIÓN] con rendimiento [SUPUESTO],,si el tratamiento fuera aerobio completo; anaerobio genera mucho menos lodo
lodos,10000,5,250,alto,nivel=alto,lodos_deshidratados_t_dia,5.840833,t,dia_operativo,lodo_humedo,SUPUESTO,[ESTIMACIÓN] con [SUPUESTO],,DAF + biológico deshidratados; disposición/valorización a definir
electricidad,10000,5,250,alto,nivel=alto,kwh_proceso_dia,13050.0,kWh,dia_operativo,energia_electrica,FUENTE,[ESTIMACIÓN] con indicador [PVDP],"UE 152–860 kWh/t faenada; Brasil 165 kWh/t; 1,19 MJ/kg = 330 kWh/t (FTE-09C-09, FTE-09C-03)","faena, proceso, enfriado fresco, aire, agua, servicios"
electricidad,10000,5,250,alto,nivel=alto,kwh_proceso_frio_de_proceso_agua_helada_hielo_dia,4567.5,kWh,dia_operativo,energia_electrica,SUPUESTO,[SUPUESTO] reparto ilustrativo,FTE-09C-09 (cualitativo),didáctico; no sumar con kwh_proceso_dia
electricidad,10000,5,250,alto,nivel=alto,kwh_proceso_motores_de_linea_y_transportadores_dia,2610.0,kWh,dia_operativo,energia_electrica,SUPUESTO,[SUPUESTO] reparto ilustrativo,FTE-09C-09 (cualitativo),didáctico; no sumar con kwh_proceso_dia
electricidad,10000,5,250,alto,nivel=alto,kwh_proceso_aire_comprimido_dia,1305.0,kWh,dia_operativo,energia_electrica,SUPUESTO,[SUPUESTO] reparto ilustrativo,FTE-09C-09 (cualitativo),didáctico; no sumar con kwh_proceso_dia
electricidad,10000,5,250,alto,nivel=alto,kwh_proceso_bombas_agua_y_efluentes_dia,1305.0,kWh,dia_operativo,energia_electrica,SUPUESTO,[SUPUESTO] reparto ilustrativo,FTE-09C-09 (cualitativo),didáctico; no sumar con kwh_proceso_dia
electricidad,10000,5,250,alto,nivel=alto,kwh_proceso_climatizacion_salas_dia,1044.0,kWh,dia_operativo,energia_electrica,SUPUESTO,[SUPUESTO] reparto ilustrativo,FTE-09C-09 (cualitativo),didáctico; no sumar con kwh_proceso_dia
electricidad,10000,5,250,alto,nivel=alto,kwh_proceso_iluminacion_dia,913.5,kWh,dia_operativo,energia_electrica,SUPUESTO,[SUPUESTO] reparto ilustrativo,FTE-09C-09 (cualitativo),didáctico; no sumar con kwh_proceso_dia
electricidad,10000,5,250,alto,nivel=alto,kwh_proceso_oficinas_vestuarios_servicios_dia,652.5,kWh,dia_operativo,energia_electrica,SUPUESTO,[SUPUESTO] reparto ilustrativo,FTE-09C-09 (cualitativo),didáctico; no sumar con kwh_proceso_dia
electricidad,10000,5,250,alto,nivel=alto,kwh_proceso_otros_dia,652.5,kWh,dia_operativo,energia_electrica,SUPUESTO,[SUPUESTO] reparto ilustrativo,FTE-09C-09 (cualitativo),didáctico; no sumar con kwh_proceso_dia
inventario,10000,5,250,alto,,stock_refrigerado_t,64.705057,t,stock,comercial,ESTIMACIÓN,[ESTIMACIÓN],"SUP-055, SUP-056",base=dias_produccion; días=3; perfil=P1
inventario,10000,5,250,alto,,stock_congelado_t,33.55077,t,stock,comercial,ESTIMACIÓN,[ESTIMACIÓN],"SUP-055, SUP-056",base=dias_produccion; días=14; incluye exportación
congelado,10000,5,250,alto,,capacidad_congelacion_t_dia,2.396484,t,dia_operativo,comercial,ESTIMACIÓN,[ESTIMACIÓN],SUP-055,t que hay que congelar cada día de faena (túneles/IQF)
congelado,10000,5,250,alto,,capacidad_almacenamiento_congelado_t,33.55077,t,stock,comercial,ESTIMACIÓN,[ESTIMACIÓN],,t que hay que guardar (cámaras); NO es capacidad de congelación
congelado,10000,5,250,alto,nivel=alto,garras_a_congelar_t_dia_informativo,1.01052,t,dia_operativo,comercial,SUPUESTO,[SUPUESTO],,ya incluidas dentro del comestible: NO sumar al perfil
congelado,10000,5,250,alto,nivel=alto,menudencias_a_congelar_t_dia_informativo,1.09098,t,dia_operativo,comercial,SUPUESTO,[SUPUESTO],,ya incluidas dentro del comestible: NO sumar al perfil
congelado,10000,5,250,alto,nivel=alto,calor_a_extraer_congelacion_kj_kg,444.165,kJ/kg,adimensional,producto,ESTIMACIÓN,[ESTIMACIÓN] con propiedades [PVDP],FTE-09C-14,"de +4 °C a −18 °C, con pérdidas"
frio,10000,5,250,alto,nivel=alto,kw_frigorificos_enfriado_producto_fresco,336.339194,kW frigoríficos,potencia,frio,ESTIMACIÓN,[ESTIMACIÓN] con [SUPUESTO],,chiller + menudencias + salas/docks; durante 8 h netas
frio,10000,5,250,alto,nivel=alto,tr_enfriado_producto_fresco,95.632412,TR,potencia,frio,ESTIMACIÓN,[ESTIMACIÓN],,"1 TR = 3,517 kW frigoríficos"
frio,10000,5,250,alto,nivel=alto,kw_electricos_enfriado_producto_fresco,146.234432,kW eléctricos,potencia,energia_electrica,SUPUESTO,[ESTIMACIÓN] con COP [SUPUESTO],,kW eléctricos = kW frigoríficos / COP
frio,10000,5,250,alto,nivel=alto,kw_frigorificos_congelacion_tuneles,14.783807,kW frigoríficos,potencia,frio,ESTIMACIÓN,[ESTIMACIÓN] con [SUPUESTO],,durante 20 h/día
frio,10000,5,250,alto,nivel=alto,tr_congelacion_tuneles,4.203528,TR,potencia,frio,ESTIMACIÓN,[ESTIMACIÓN],,"1 TR = 3,517 kW frigoríficos"
frio,10000,5,250,alto,nivel=alto,kw_electricos_congelacion_tuneles,13.439825,kW eléctricos,potencia,energia_electrica,SUPUESTO,[ESTIMACIÓN] con COP [SUPUESTO],,kW eléctricos = kW frigoríficos / COP
frio,10000,5,250,alto,nivel=alto,kw_frigorificos_camaras_almacenamiento,20.090521,kW frigoríficos,potencia,frio,ESTIMACIÓN,[ESTIMACIÓN] con [SUPUESTO],,"24 h, 365 días; desde kWh/(t·día)"
frio,10000,5,250,alto,nivel=alto,tr_camaras_almacenamiento,5.712403,TR,potencia,frio,ESTIMACIÓN,[ESTIMACIÓN],,"1 TR = 3,517 kW frigoríficos"
frio,10000,5,250,alto,nivel=alto,kw_electricos_camaras_almacenamiento,12.381832,kW eléctricos,potencia,energia_electrica,SUPUESTO,[ESTIMACIÓN] con COP [SUPUESTO],,kW eléctricos = kW frigoríficos / COP
frio,10000,5,250,alto,nivel=alto,kj_frio_enfriado_por_ave,968.656877,kJ/ave,por_ave,frio,ESTIMACIÓN,[ESTIMACIÓN] con [SUPUESTO],FTE-09C-14,
electricidad,10000,5,250,alto,nivel=alto,kwh_congelacion_dia,623.085736,kWh,dia_operativo,energia_electrica,FUENTE,[ESTIMACIÓN] con indicador [PVDP],120–260 kWh/t de ave congelada; 133 kWh/t (FTE-09C-10),
electricidad,10000,5,250,alto,nivel=alto,kwh_almacenamiento_frio_dia_calendario,297.163966,kWh,dia_calendario,energia_electrica,SUPUESTO,[ESTIMACIÓN] con [SUPUESTO],,las cámaras funcionan también sin faena
electricidad,10000,5,250,alto,nivel=alto,kwh_tratamiento_aerobio_dia,1197.0,kWh,dia_operativo,energia_electrica,SUPUESTO,[ESTIMACIÓN] con [SUPUESTO],,cota: si todo el biológico fuera aerobio
electricidad,10000,5,250,alto,nivel=alto,kwh_total_dia_operativo,15167.249702,kWh,dia_operativo,energia_electrica,ESTIMACIÓN,[ESTIMACIÓN],,proceso + congelado + aerobio + cámaras
electricidad,10000,5,250,alto,nivel=alto,kwh_total_anio,3825986.281736,kWh,anio,energia_electrica,ESTIMACIÓN,[ESTIMACIÓN],,cámaras × 365 días; resto × días de faena
electricidad,10000,5,250,alto,nivel=alto,kwh_por_ave_promedio_anual,1.530395,kWh/ave,por_ave,energia_electrica,ESTIMACIÓN,[ESTIMACIÓN],,
electricidad,10000,5,250,alto,nivel=alto,kw_potencia_media_operacion,1025.553976,kW,potencia,energia_electrica,ESTIMACIÓN,[ESTIMACIÓN],,proceso sobre 14 h + túneles + cámaras + efluentes
electricidad,10000,5,250,alto,nivel=alto,kw_potencia_pico_estimada,1771.268262,kW,potencia,energia_electrica,SUPUESTO,[ESTIMACIÓN] con factor de pico [SUPUESTO],,orden de magnitud para pedir potencia; no es diseño
termico,10000,5,250,alto,nivel=alto,calor_util_escaldado_mj_dia,11051.04,MJ,dia_operativo,energia_termica,ESTIMACIÓN,[ESTIMACIÓN] con temperaturas [PVDP]/[SUPUESTO],FTE-09C-11,
termico,10000,5,250,alto,nivel=alto,kw_termicos_escaldado,383.716667,kW térmicos,potencia,energia_termica,ESTIMACIÓN,[ESTIMACIÓN],,durante 8 h
termico,10000,5,250,alto,nivel=alto,calor_util_limpieza_mj_dia,9230.13,MJ,dia_operativo,energia_termica,ESTIMACIÓN,[ESTIMACIÓN] con temperaturas [PVDP]/[SUPUESTO],FTE-09C-11,
termico,10000,5,250,alto,nivel=alto,kw_termicos_limpieza,640.98125,kW térmicos,potencia,energia_termica,ESTIMACIÓN,[ESTIMACIÓN],,durante 4 h
termico,10000,5,250,alto,nivel=alto,calor_util_sanitizacion_mj_dia,2812.992,MJ,dia_operativo,energia_termica,ESTIMACIÓN,[ESTIMACIÓN] con temperaturas [PVDP]/[SUPUESTO],FTE-09C-11,
termico,10000,5,250,alto,nivel=alto,kw_termicos_sanitizacion,65.115556,kW térmicos,potencia,energia_termica,ESTIMACIÓN,[ESTIMACIÓN],,durante 12 h
termico,10000,5,250,alto,nivel=alto,calor_util_mj_ave,2.309416,MJ/ave,por_ave,energia_termica,ESTIMACIÓN,[ESTIMACIÓN],,
termico,10000,5,250,alto,nivel=alto,energia_combustible_mj_dia,35529.48,MJ,dia_operativo,energia_termica,ESTIMACIÓN,[ESTIMACIÓN] con rendimiento [SUPUESTO],,
termico,10000,5,250,alto,nivel=alto,energia_combustible_kwh_dia,9869.3,kWh,dia_operativo,energia_termica,ESTIMACIÓN,[ESTIMACIÓN],,kWh TÉRMICOS (no eléctricos)
termico,10000,5,250,alto,nivel=alto,equivalente_gas_natural_m3_dia,913.354242,m3,dia_operativo,energia_termica,SUPUESTO,[ESTIMACIÓN] con PCI [SUPUESTO],~9.300 kcal/m³ (a verificar con distribuidora),"equivalencia, no elección"
termico,10000,5,250,alto,nivel=alto,equivalente_glp_kg_dia,772.38,kg,dia_operativo,energia_termica,SUPUESTO,[ESTIMACIÓN] con PCI [SUPUESTO],~11.000 kcal/kg,"equivalencia, no elección"
termico,10000,5,250,alto,nivel=alto,equivalente_biomasa_chip_kg_dia,2537.82,kg,dia_operativo,energia_termica,SUPUESTO,[ESTIMACIÓN] con PCI [SUPUESTO],chip de madera ~20–25 % humedad; muy variable,"equivalencia, no elección"
termico,10000,5,250,alto,nivel=alto,equivalente_electricidad_resistiva_kwh_dia,6545.964286,kWh,dia_operativo,energia_termica,SUPUESTO,[ESTIMACIÓN],,rendimiento 98 %; bomba de calor dividiría por su COP (limitada a ~60–70 °C)
respaldo,10000,5,250,alto,nivel=alto,kw_critico_camaras_frio,24.763664,kW,potencia,energia_electrica,SUPUESTO,[ESTIMACIÓN] con [SUPUESTO],,
respaldo,10000,5,250,alto,nivel=alto,kw_critico_efluentes_minimo,24.9375,kW,potencia,energia_electrica,SUPUESTO,[ESTIMACIÓN] con [SUPUESTO],,
respaldo,10000,5,250,alto,nivel=alto,kw_critico_control_it_seguridad,33.557143,kW,potencia,energia_electrica,SUPUESTO,[ESTIMACIÓN] con [SUPUESTO],,
respaldo,10000,5,250,alto,nivel=alto,kw_critico_iluminacion_emergencia,16.778571,kW,potencia,energia_electrica,SUPUESTO,[ESTIMACIÓN] con [SUPUESTO],,
respaldo,10000,5,250,alto,nivel=alto,kw_critico_bombeo_agua_minimo,50.335714,kW,potencia,energia_electrica,SUPUESTO,[ESTIMACIÓN] con [SUPUESTO],,
respaldo,10000,5,250,alto,nivel=alto,kw_critico_anden_aves_ventilacion,33.557143,kW,potencia,energia_electrica,SUPUESTO,[ESTIMACIÓN] con [SUPUESTO],,
respaldo,10000,5,250,alto,nivel=alto,kw_respaldo_cargas_criticas,183.929735,kW,potencia,energia_electrica,SUPUESTO,[ESTIMACIÓN] con [SUPUESTO],,cámaras + control + emergencia + efluentes + agua + andén
respaldo,10000,5,250,alto,nivel=alto,kva_respaldo_cargas_criticas,229.912169,kVA,potencia,energia_electrica,SUPUESTO,[ESTIMACIÓN],,"fp 0,8"
respaldo,10000,5,250,alto,nivel=alto,kva_respaldo_planta_completa,2214.085327,kVA,potencia,energia_electrica,SUPUESTO,[ESTIMACIÓN],,si se quisiera sostener también la línea
perfil_frio,10000,5,250,alto,perfil=P2,capacidad_congelacion_t_dia,9.585934,t,dia_operativo,comercial,ESTIMACIÓN,[ESTIMACIÓN],SUP-055,t que hay que congelar cada día de faena (túneles/IQF)
perfil_frio,10000,5,250,alto,perfil=P2,capacidad_almacenamiento_congelado_t,134.203082,t,stock,comercial,ESTIMACIÓN,[ESTIMACIÓN],,t que hay que guardar (cámaras); NO es capacidad de congelación
perfil_frio,10000,5,250,alto,perfil=P2,stock_refrigerado_t,43.136705,t,stock,comercial,ESTIMACIÓN,[ESTIMACIÓN],"SUP-055, SUP-056",base=dias_produccion; días=3; perfil=P2
perfil_frio,10000,5,250,alto,perfil=P2,kw_frigorificos_congelacion_tuneles,59.13523,kW frigoríficos,potencia,frio,ESTIMACIÓN,[ESTIMACIÓN] con [SUPUESTO],,durante 20 h/día
perfil_frio,10000,5,250,alto,perfil=P2,kw_electricos_congelacion_tuneles,53.7593,kW eléctricos,potencia,energia_electrica,SUPUESTO,[ESTIMACIÓN] con COP [SUPUESTO],,kW eléctricos = kW frigoríficos / COP
perfil_frio,10000,5,250,alto,perfil=P2,kw_frigorificos_camaras_almacenamiento,39.022741,kW frigoríficos,potencia,frio,ESTIMACIÓN,[ESTIMACIÓN] con [SUPUESTO],,"24 h, 365 días; desde kWh/(t·día)"
perfil_frio,10000,5,250,alto,perfil=P2,kwh_congelacion_dia,2492.342944,kWh,dia_operativo,energia_electrica,FUENTE,[ESTIMACIÓN] con indicador [PVDP],120–260 kWh/t de ave congelada; 133 kWh/t (FTE-09C-10),
perfil_frio,10000,5,250,alto,perfil=P2,kwh_almacenamiento_frio_dia_calendario,757.288818,kWh,dia_calendario,energia_electrica,SUPUESTO,[ESTIMACIÓN] con [SUPUESTO],,las cámaras funcionan también sin faena
perfil_frio,10000,5,250,alto,perfil=P2,kw_respaldo_cargas_criticas,222.273473,kW,potencia,energia_electrica,SUPUESTO,[ESTIMACIÓN] con [SUPUESTO],,cámaras + control + emergencia + efluentes + agua + andén
perfil_frio,10000,5,250,alto,perfil=P3,capacidad_congelacion_t_dia,11.982418,t,dia_operativo,comercial,ESTIMACIÓN,[ESTIMACIÓN],SUP-055,t que hay que congelar cada día de faena (túneles/IQF)
perfil_frio,10000,5,250,alto,perfil=P3,capacidad_almacenamiento_congelado_t,167.753852,t,stock,comercial,ESTIMACIÓN,[ESTIMACIÓN],,t que hay que guardar (cámaras); NO es capacidad de congelación
perfil_frio,10000,5,250,alto,perfil=P3,stock_refrigerado_t,35.947254,t,stock,comercial,ESTIMACIÓN,[ESTIMACIÓN],"SUP-055, SUP-056",base=dias_produccion; días=3; perfil=P3
perfil_frio,10000,5,250,alto,perfil=P3,kw_frigorificos_congelacion_tuneles,73.919037,kW frigoríficos,potencia,frio,ESTIMACIÓN,[ESTIMACIÓN] con [SUPUESTO],,durante 20 h/día
perfil_frio,10000,5,250,alto,perfil=P3,kw_electricos_congelacion_tuneles,67.199125,kW eléctricos,potencia,energia_electrica,SUPUESTO,[ESTIMACIÓN] con COP [SUPUESTO],,kW eléctricos = kW frigoríficos / COP
perfil_frio,10000,5,250,alto,perfil=P3,kw_frigorificos_camaras_almacenamiento,45.333481,kW frigoríficos,potencia,frio,ESTIMACIÓN,[ESTIMACIÓN] con [SUPUESTO],,"24 h, 365 días; desde kWh/(t·día)"
perfil_frio,10000,5,250,alto,perfil=P3,kwh_congelacion_dia,3115.42868,kWh,dia_operativo,energia_electrica,FUENTE,[ESTIMACIÓN] con indicador [PVDP],120–260 kWh/t de ave congelada; 133 kWh/t (FTE-09C-10),
perfil_frio,10000,5,250,alto,perfil=P3,kwh_almacenamiento_frio_dia_calendario,910.663768,kWh,dia_calendario,energia_electrica,SUPUESTO,[ESTIMACIÓN] con [SUPUESTO],,las cámaras funcionan también sin faena
perfil_frio,10000,5,250,alto,perfil=P3,kw_respaldo_cargas_criticas,235.054719,kW,potencia,energia_electrica,SUPUESTO,[ESTIMACIÓN] con [SUPUESTO],,cámaras + control + emergencia + efluentes + agua + andén
inventario,10000,5,250,-,base_temporal=dias_produccion; dias=1,comestible_total_t,23.964836,t,stock,comercial,ESTIMACIÓN,[ESTIMACIÓN],"SUP-055, SUP-056; = escenarios_escala.csv",días de producción
inventario,10000,5,250,-,base_temporal=dias_produccion; dias=1; perfil_destino=P1,refrigerado_t,21.568352,t,stock,comercial,ESTIMACIÓN,[ESTIMACIÓN],"SUP-055, SUP-056; = escenarios_escala.csv",días de producción
inventario,10000,5,250,-,base_temporal=dias_produccion; dias=1; perfil_destino=P1,congelado_t,2.396484,t,stock,comercial,ESTIMACIÓN,[ESTIMACIÓN],"SUP-055, SUP-056; = escenarios_escala.csv",días de producción
inventario,10000,5,250,-,base_temporal=dias_produccion; dias=1; perfil_destino=P1,exportacion_t,0.0,t,stock,comercial,ESTIMACIÓN,[ESTIMACIÓN],"SUP-055, SUP-056; = escenarios_escala.csv",días de producción
inventario,10000,5,250,-,base_temporal=dias_produccion; dias=1; perfil_destino=P2,refrigerado_t,14.378902,t,stock,comercial,ESTIMACIÓN,[ESTIMACIÓN],"SUP-055, SUP-056; = escenarios_escala.csv",días de producción
inventario,10000,5,250,-,base_temporal=dias_produccion; dias=1; perfil_destino=P2,congelado_t,9.585934,t,stock,comercial,ESTIMACIÓN,[ESTIMACIÓN],"SUP-055, SUP-056; = escenarios_escala.csv",días de producción
inventario,10000,5,250,-,base_temporal=dias_produccion; dias=1; perfil_destino=P2,exportacion_t,0.0,t,stock,comercial,ESTIMACIÓN,[ESTIMACIÓN],"SUP-055, SUP-056; = escenarios_escala.csv",días de producción
inventario,10000,5,250,-,base_temporal=dias_produccion; dias=1; perfil_destino=P3,refrigerado_t,11.982418,t,stock,comercial,ESTIMACIÓN,[ESTIMACIÓN],"SUP-055, SUP-056; = escenarios_escala.csv",días de producción
inventario,10000,5,250,-,base_temporal=dias_produccion; dias=1; perfil_destino=P3,congelado_t,7.189451,t,stock,comercial,ESTIMACIÓN,[ESTIMACIÓN],"SUP-055, SUP-056; = escenarios_escala.csv",días de producción
inventario,10000,5,250,-,base_temporal=dias_produccion; dias=1; perfil_destino=P3,exportacion_t,4.792967,t,stock,comercial,ESTIMACIÓN,[ESTIMACIÓN],"SUP-055, SUP-056; = escenarios_escala.csv",días de producción
inventario,10000,5,250,-,base_temporal=dias_produccion; dias=3,comestible_total_t,71.894508,t,stock,comercial,ESTIMACIÓN,[ESTIMACIÓN],"SUP-055, SUP-056; = escenarios_escala.csv",días de producción
inventario,10000,5,250,-,base_temporal=dias_produccion; dias=3; perfil_destino=P1,refrigerado_t,64.705057,t,stock,comercial,ESTIMACIÓN,[ESTIMACIÓN],"SUP-055, SUP-056; = escenarios_escala.csv",días de producción
inventario,10000,5,250,-,base_temporal=dias_produccion; dias=3; perfil_destino=P1,congelado_t,7.189451,t,stock,comercial,ESTIMACIÓN,[ESTIMACIÓN],"SUP-055, SUP-056; = escenarios_escala.csv",días de producción
inventario,10000,5,250,-,base_temporal=dias_produccion; dias=3; perfil_destino=P1,exportacion_t,0.0,t,stock,comercial,ESTIMACIÓN,[ESTIMACIÓN],"SUP-055, SUP-056; = escenarios_escala.csv",días de producción
inventario,10000,5,250,-,base_temporal=dias_produccion; dias=3; perfil_destino=P2,refrigerado_t,43.136705,t,stock,comercial,ESTIMACIÓN,[ESTIMACIÓN],"SUP-055, SUP-056; = escenarios_escala.csv",días de producción
inventario,10000,5,250,-,base_temporal=dias_produccion; dias=3; perfil_destino=P2,congelado_t,28.757803,t,stock,comercial,ESTIMACIÓN,[ESTIMACIÓN],"SUP-055, SUP-056; = escenarios_escala.csv",días de producción
inventario,10000,5,250,-,base_temporal=dias_produccion; dias=3; perfil_destino=P2,exportacion_t,0.0,t,stock,comercial,ESTIMACIÓN,[ESTIMACIÓN],"SUP-055, SUP-056; = escenarios_escala.csv",días de producción
inventario,10000,5,250,-,base_temporal=dias_produccion; dias=3; perfil_destino=P3,refrigerado_t,35.947254,t,stock,comercial,ESTIMACIÓN,[ESTIMACIÓN],"SUP-055, SUP-056; = escenarios_escala.csv",días de producción
inventario,10000,5,250,-,base_temporal=dias_produccion; dias=3; perfil_destino=P3,congelado_t,21.568352,t,stock,comercial,ESTIMACIÓN,[ESTIMACIÓN],"SUP-055, SUP-056; = escenarios_escala.csv",días de producción
inventario,10000,5,250,-,base_temporal=dias_produccion; dias=3; perfil_destino=P3,exportacion_t,14.378902,t,stock,comercial,ESTIMACIÓN,[ESTIMACIÓN],"SUP-055, SUP-056; = escenarios_escala.csv",días de producción
inventario,10000,5,250,-,base_temporal=dias_produccion; dias=7,comestible_total_t,167.753852,t,stock,comercial,ESTIMACIÓN,[ESTIMACIÓN],"SUP-055, SUP-056; = escenarios_escala.csv",días de producción
inventario,10000,5,250,-,base_temporal=dias_produccion; dias=7; perfil_destino=P1,refrigerado_t,150.978467,t,stock,comercial,ESTIMACIÓN,[ESTIMACIÓN],"SUP-055, SUP-056; = escenarios_escala.csv",días de producción
inventario,10000,5,250,-,base_temporal=dias_produccion; dias=7; perfil_destino=P1,congelado_t,16.775385,t,stock,comercial,ESTIMACIÓN,[ESTIMACIÓN],"SUP-055, SUP-056; = escenarios_escala.csv",días de producción
inventario,10000,5,250,-,base_temporal=dias_produccion; dias=7; perfil_destino=P1,exportacion_t,0.0,t,stock,comercial,ESTIMACIÓN,[ESTIMACIÓN],"SUP-055, SUP-056; = escenarios_escala.csv",días de producción
inventario,10000,5,250,-,base_temporal=dias_produccion; dias=7; perfil_destino=P2,refrigerado_t,100.652311,t,stock,comercial,ESTIMACIÓN,[ESTIMACIÓN],"SUP-055, SUP-056; = escenarios_escala.csv",días de producción
inventario,10000,5,250,-,base_temporal=dias_produccion; dias=7; perfil_destino=P2,congelado_t,67.101541,t,stock,comercial,ESTIMACIÓN,[ESTIMACIÓN],"SUP-055, SUP-056; = escenarios_escala.csv",días de producción
inventario,10000,5,250,-,base_temporal=dias_produccion; dias=7; perfil_destino=P2,exportacion_t,0.0,t,stock,comercial,ESTIMACIÓN,[ESTIMACIÓN],"SUP-055, SUP-056; = escenarios_escala.csv",días de producción
inventario,10000,5,250,-,base_temporal=dias_produccion; dias=7; perfil_destino=P3,refrigerado_t,83.876926,t,stock,comercial,ESTIMACIÓN,[ESTIMACIÓN],"SUP-055, SUP-056; = escenarios_escala.csv",días de producción
inventario,10000,5,250,-,base_temporal=dias_produccion; dias=7; perfil_destino=P3,congelado_t,50.326156,t,stock,comercial,ESTIMACIÓN,[ESTIMACIÓN],"SUP-055, SUP-056; = escenarios_escala.csv",días de producción
inventario,10000,5,250,-,base_temporal=dias_produccion; dias=7; perfil_destino=P3,exportacion_t,33.55077,t,stock,comercial,ESTIMACIÓN,[ESTIMACIÓN],"SUP-055, SUP-056; = escenarios_escala.csv",días de producción
inventario,10000,5,250,-,base_temporal=dias_produccion; dias=14,comestible_total_t,335.507704,t,stock,comercial,ESTIMACIÓN,[ESTIMACIÓN],"SUP-055, SUP-056; = escenarios_escala.csv",días de producción
inventario,10000,5,250,-,base_temporal=dias_produccion; dias=14; perfil_destino=P1,refrigerado_t,301.956934,t,stock,comercial,ESTIMACIÓN,[ESTIMACIÓN],"SUP-055, SUP-056; = escenarios_escala.csv",días de producción
inventario,10000,5,250,-,base_temporal=dias_produccion; dias=14; perfil_destino=P1,congelado_t,33.55077,t,stock,comercial,ESTIMACIÓN,[ESTIMACIÓN],"SUP-055, SUP-056; = escenarios_escala.csv",días de producción
inventario,10000,5,250,-,base_temporal=dias_produccion; dias=14; perfil_destino=P1,exportacion_t,0.0,t,stock,comercial,ESTIMACIÓN,[ESTIMACIÓN],"SUP-055, SUP-056; = escenarios_escala.csv",días de producción
inventario,10000,5,250,-,base_temporal=dias_produccion; dias=14; perfil_destino=P2,refrigerado_t,201.304622,t,stock,comercial,ESTIMACIÓN,[ESTIMACIÓN],"SUP-055, SUP-056; = escenarios_escala.csv",días de producción
inventario,10000,5,250,-,base_temporal=dias_produccion; dias=14; perfil_destino=P2,congelado_t,134.203082,t,stock,comercial,ESTIMACIÓN,[ESTIMACIÓN],"SUP-055, SUP-056; = escenarios_escala.csv",días de producción
inventario,10000,5,250,-,base_temporal=dias_produccion; dias=14; perfil_destino=P2,exportacion_t,0.0,t,stock,comercial,ESTIMACIÓN,[ESTIMACIÓN],"SUP-055, SUP-056; = escenarios_escala.csv",días de producción
inventario,10000,5,250,-,base_temporal=dias_produccion; dias=14; perfil_destino=P3,refrigerado_t,167.753852,t,stock,comercial,ESTIMACIÓN,[ESTIMACIÓN],"SUP-055, SUP-056; = escenarios_escala.csv",días de producción
inventario,10000,5,250,-,base_temporal=dias_produccion; dias=14; perfil_destino=P3,congelado_t,100.652311,t,stock,comercial,ESTIMACIÓN,[ESTIMACIÓN],"SUP-055, SUP-056; = escenarios_escala.csv",días de producción
inventario,10000,5,250,-,base_temporal=dias_produccion; dias=14; perfil_destino=P3,exportacion_t,67.101541,t,stock,comercial,ESTIMACIÓN,[ESTIMACIÓN],"SUP-055, SUP-056; = escenarios_escala.csv",días de producción
inventario,10000,5,250,-,base_temporal=dias_calendario; dias=1,comestible_total_t,16.414271,t,stock,comercial,ESTIMACIÓN,[ESTIMACIÓN],"SUP-055, SUP-056; = escenarios_escala.csv",días calendario de cobertura (× días op./365)
inventario,10000,5,250,-,base_temporal=dias_calendario; dias=1; perfil_destino=P1,refrigerado_t,14.772844,t,stock,comercial,ESTIMACIÓN,[ESTIMACIÓN],"SUP-055, SUP-056; = escenarios_escala.csv",días calendario de cobertura (× días op./365)
inventario,10000,5,250,-,base_temporal=dias_calendario; dias=1; perfil_destino=P1,congelado_t,1.641427,t,stock,comercial,ESTIMACIÓN,[ESTIMACIÓN],"SUP-055, SUP-056; = escenarios_escala.csv",días calendario de cobertura (× días op./365)
inventario,10000,5,250,-,base_temporal=dias_calendario; dias=1; perfil_destino=P1,exportacion_t,0.0,t,stock,comercial,ESTIMACIÓN,[ESTIMACIÓN],"SUP-055, SUP-056; = escenarios_escala.csv",días calendario de cobertura (× días op./365)
inventario,10000,5,250,-,base_temporal=dias_calendario; dias=1; perfil_destino=P2,refrigerado_t,9.848563,t,stock,comercial,ESTIMACIÓN,[ESTIMACIÓN],"SUP-055, SUP-056; = escenarios_escala.csv",días calendario de cobertura (× días op./365)
inventario,10000,5,250,-,base_temporal=dias_calendario; dias=1; perfil_destino=P2,congelado_t,6.565708,t,stock,comercial,ESTIMACIÓN,[ESTIMACIÓN],"SUP-055, SUP-056; = escenarios_escala.csv",días calendario de cobertura (× días op./365)
inventario,10000,5,250,-,base_temporal=dias_calendario; dias=1; perfil_destino=P2,exportacion_t,0.0,t,stock,comercial,ESTIMACIÓN,[ESTIMACIÓN],"SUP-055, SUP-056; = escenarios_escala.csv",días calendario de cobertura (× días op./365)
inventario,10000,5,250,-,base_temporal=dias_calendario; dias=1; perfil_destino=P3,refrigerado_t,8.207136,t,stock,comercial,ESTIMACIÓN,[ESTIMACIÓN],"SUP-055, SUP-056; = escenarios_escala.csv",días calendario de cobertura (× días op./365)
inventario,10000,5,250,-,base_temporal=dias_calendario; dias=1; perfil_destino=P3,congelado_t,4.924281,t,stock,comercial,ESTIMACIÓN,[ESTIMACIÓN],"SUP-055, SUP-056; = escenarios_escala.csv",días calendario de cobertura (× días op./365)
inventario,10000,5,250,-,base_temporal=dias_calendario; dias=1; perfil_destino=P3,exportacion_t,3.282854,t,stock,comercial,ESTIMACIÓN,[ESTIMACIÓN],"SUP-055, SUP-056; = escenarios_escala.csv",días calendario de cobertura (× días op./365)
inventario,10000,5,250,-,base_temporal=dias_calendario; dias=3,comestible_total_t,49.242814,t,stock,comercial,ESTIMACIÓN,[ESTIMACIÓN],"SUP-055, SUP-056; = escenarios_escala.csv",días calendario de cobertura (× días op./365)
inventario,10000,5,250,-,base_temporal=dias_calendario; dias=3; perfil_destino=P1,refrigerado_t,44.318532,t,stock,comercial,ESTIMACIÓN,[ESTIMACIÓN],"SUP-055, SUP-056; = escenarios_escala.csv",días calendario de cobertura (× días op./365)
inventario,10000,5,250,-,base_temporal=dias_calendario; dias=3; perfil_destino=P1,congelado_t,4.924281,t,stock,comercial,ESTIMACIÓN,[ESTIMACIÓN],"SUP-055, SUP-056; = escenarios_escala.csv",días calendario de cobertura (× días op./365)
inventario,10000,5,250,-,base_temporal=dias_calendario; dias=3; perfil_destino=P1,exportacion_t,0.0,t,stock,comercial,ESTIMACIÓN,[ESTIMACIÓN],"SUP-055, SUP-056; = escenarios_escala.csv",días calendario de cobertura (× días op./365)
inventario,10000,5,250,-,base_temporal=dias_calendario; dias=3; perfil_destino=P2,refrigerado_t,29.545688,t,stock,comercial,ESTIMACIÓN,[ESTIMACIÓN],"SUP-055, SUP-056; = escenarios_escala.csv",días calendario de cobertura (× días op./365)
inventario,10000,5,250,-,base_temporal=dias_calendario; dias=3; perfil_destino=P2,congelado_t,19.697125,t,stock,comercial,ESTIMACIÓN,[ESTIMACIÓN],"SUP-055, SUP-056; = escenarios_escala.csv",días calendario de cobertura (× días op./365)
inventario,10000,5,250,-,base_temporal=dias_calendario; dias=3; perfil_destino=P2,exportacion_t,0.0,t,stock,comercial,ESTIMACIÓN,[ESTIMACIÓN],"SUP-055, SUP-056; = escenarios_escala.csv",días calendario de cobertura (× días op./365)
inventario,10000,5,250,-,base_temporal=dias_calendario; dias=3; perfil_destino=P3,refrigerado_t,24.621407,t,stock,comercial,ESTIMACIÓN,[ESTIMACIÓN],"SUP-055, SUP-056; = escenarios_escala.csv",días calendario de cobertura (× días op./365)
inventario,10000,5,250,-,base_temporal=dias_calendario; dias=3; perfil_destino=P3,congelado_t,14.772844,t,stock,comercial,ESTIMACIÓN,[ESTIMACIÓN],"SUP-055, SUP-056; = escenarios_escala.csv",días calendario de cobertura (× días op./365)
inventario,10000,5,250,-,base_temporal=dias_calendario; dias=3; perfil_destino=P3,exportacion_t,9.848563,t,stock,comercial,ESTIMACIÓN,[ESTIMACIÓN],"SUP-055, SUP-056; = escenarios_escala.csv",días calendario de cobertura (× días op./365)
inventario,10000,5,250,-,base_temporal=dias_calendario; dias=7,comestible_total_t,114.899899,t,stock,comercial,ESTIMACIÓN,[ESTIMACIÓN],"SUP-055, SUP-056; = escenarios_escala.csv",días calendario de cobertura (× días op./365)
inventario,10000,5,250,-,base_temporal=dias_calendario; dias=7; perfil_destino=P1,refrigerado_t,103.409909,t,stock,comercial,ESTIMACIÓN,[ESTIMACIÓN],"SUP-055, SUP-056; = escenarios_escala.csv",días calendario de cobertura (× días op./365)
inventario,10000,5,250,-,base_temporal=dias_calendario; dias=7; perfil_destino=P1,congelado_t,11.48999,t,stock,comercial,ESTIMACIÓN,[ESTIMACIÓN],"SUP-055, SUP-056; = escenarios_escala.csv",días calendario de cobertura (× días op./365)
inventario,10000,5,250,-,base_temporal=dias_calendario; dias=7; perfil_destino=P1,exportacion_t,0.0,t,stock,comercial,ESTIMACIÓN,[ESTIMACIÓN],"SUP-055, SUP-056; = escenarios_escala.csv",días calendario de cobertura (× días op./365)
inventario,10000,5,250,-,base_temporal=dias_calendario; dias=7; perfil_destino=P2,refrigerado_t,68.939939,t,stock,comercial,ESTIMACIÓN,[ESTIMACIÓN],"SUP-055, SUP-056; = escenarios_escala.csv",días calendario de cobertura (× días op./365)
inventario,10000,5,250,-,base_temporal=dias_calendario; dias=7; perfil_destino=P2,congelado_t,45.959959,t,stock,comercial,ESTIMACIÓN,[ESTIMACIÓN],"SUP-055, SUP-056; = escenarios_escala.csv",días calendario de cobertura (× días op./365)
inventario,10000,5,250,-,base_temporal=dias_calendario; dias=7; perfil_destino=P2,exportacion_t,0.0,t,stock,comercial,ESTIMACIÓN,[ESTIMACIÓN],"SUP-055, SUP-056; = escenarios_escala.csv",días calendario de cobertura (× días op./365)
inventario,10000,5,250,-,base_temporal=dias_calendario; dias=7; perfil_destino=P3,refrigerado_t,57.449949,t,stock,comercial,ESTIMACIÓN,[ESTIMACIÓN],"SUP-055, SUP-056; = escenarios_escala.csv",días calendario de cobertura (× días op./365)
inventario,10000,5,250,-,base_temporal=dias_calendario; dias=7; perfil_destino=P3,congelado_t,34.46997,t,stock,comercial,ESTIMACIÓN,[ESTIMACIÓN],"SUP-055, SUP-056; = escenarios_escala.csv",días calendario de cobertura (× días op./365)
inventario,10000,5,250,-,base_temporal=dias_calendario; dias=7; perfil_destino=P3,exportacion_t,22.97998,t,stock,comercial,ESTIMACIÓN,[ESTIMACIÓN],"SUP-055, SUP-056; = escenarios_escala.csv",días calendario de cobertura (× días op./365)
inventario,10000,5,250,-,base_temporal=dias_calendario; dias=14,comestible_total_t,229.799797,t,stock,comercial,ESTIMACIÓN,[ESTIMACIÓN],"SUP-055, SUP-056; = escenarios_escala.csv",días calendario de cobertura (× días op./365)
inventario,10000,5,250,-,base_temporal=dias_calendario; dias=14; perfil_destino=P1,refrigerado_t,206.819818,t,stock,comercial,ESTIMACIÓN,[ESTIMACIÓN],"SUP-055, SUP-056; = escenarios_escala.csv",días calendario de cobertura (× días op./365)
inventario,10000,5,250,-,base_temporal=dias_calendario; dias=14; perfil_destino=P1,congelado_t,22.97998,t,stock,comercial,ESTIMACIÓN,[ESTIMACIÓN],"SUP-055, SUP-056; = escenarios_escala.csv",días calendario de cobertura (× días op./365)
inventario,10000,5,250,-,base_temporal=dias_calendario; dias=14; perfil_destino=P1,exportacion_t,0.0,t,stock,comercial,ESTIMACIÓN,[ESTIMACIÓN],"SUP-055, SUP-056; = escenarios_escala.csv",días calendario de cobertura (× días op./365)
inventario,10000,5,250,-,base_temporal=dias_calendario; dias=14; perfil_destino=P2,refrigerado_t,137.879878,t,stock,comercial,ESTIMACIÓN,[ESTIMACIÓN],"SUP-055, SUP-056; = escenarios_escala.csv",días calendario de cobertura (× días op./365)
inventario,10000,5,250,-,base_temporal=dias_calendario; dias=14; perfil_destino=P2,congelado_t,91.919919,t,stock,comercial,ESTIMACIÓN,[ESTIMACIÓN],"SUP-055, SUP-056; = escenarios_escala.csv",días calendario de cobertura (× días op./365)
inventario,10000,5,250,-,base_temporal=dias_calendario; dias=14; perfil_destino=P2,exportacion_t,0.0,t,stock,comercial,ESTIMACIÓN,[ESTIMACIÓN],"SUP-055, SUP-056; = escenarios_escala.csv",días calendario de cobertura (× días op./365)
inventario,10000,5,250,-,base_temporal=dias_calendario; dias=14; perfil_destino=P3,refrigerado_t,114.899899,t,stock,comercial,ESTIMACIÓN,[ESTIMACIÓN],"SUP-055, SUP-056; = escenarios_escala.csv",días calendario de cobertura (× días op./365)
inventario,10000,5,250,-,base_temporal=dias_calendario; dias=14; perfil_destino=P3,congelado_t,68.939939,t,stock,comercial,ESTIMACIÓN,[ESTIMACIÓN],"SUP-055, SUP-056; = escenarios_escala.csv",días calendario de cobertura (× días op./365)
inventario,10000,5,250,-,base_temporal=dias_calendario; dias=14; perfil_destino=P3,exportacion_t,45.959959,t,stock,comercial,ESTIMACIÓN,[ESTIMACIÓN],"SUP-055, SUP-056; = escenarios_escala.csv",días calendario de cobertura (× días op./365)
entrada,10000,6,300,bajo,,aves_faenadas_dia_operativo,10000.0,aves,dia_operativo,aves,SUPUESTO,[SUPUESTO],SUP-052,escala = capacidad operativa
entrada,10000,6,300,bajo,,t_vivas_dia_operativo,29.0,t,dia_operativo,vivo,ESTIMACIÓN,[ESTIMACIÓN],escenarios_escala.csv,
agua,10000,6,300,bajo,nivel=bajo,agua_recepcion_l_ave,0.5,L/ave,por_ave,agua_utilizada,SUPUESTO,[SUPUESTO],sin fuente por ave; DPV propuesto,"Recepción: lavado de jaulas/módulos, camiones y andén"
agua,10000,6,300,bajo,nivel=bajo,agua_recepcion_m3_dia,5.0,m³,dia_operativo,agua_utilizada,ESTIMACIÓN,[ESTIMACIÓN],,"Recepción: lavado de jaulas/módulos, camiones y andén"
agua,10000,6,300,bajo,nivel=bajo,agua_escaldado_l_ave,0.9,L/ave,por_ave,agua_utilizada,FUENTE,[FUENTE] [PVDP],"mín. ~1 cuarto de galón (0,95 L)/ave (FTE-09C-11, FTE-09C-18)","Escaldado: llenado, reposición y desborde"
agua,10000,6,300,bajo,nivel=bajo,agua_escaldado_m3_dia,9.0,m³,dia_operativo,agua_utilizada,ESTIMACIÓN,[ESTIMACIÓN],,"Escaldado: llenado, reposición y desborde"
agua,10000,6,300,bajo,nivel=bajo,agua_desplumado_l_ave,1.0,L/ave,por_ave,agua_utilizada,SUPUESTO,[SUPUESTO],incluido en totales de FTE-09C-01/02,Desplumado: duchas y transporte de plumas
agua,10000,6,300,bajo,nivel=bajo,agua_desplumado_m3_dia,10.0,m³,dia_operativo,agua_utilizada,ESTIMACIÓN,[ESTIMACIÓN],,Desplumado: duchas y transporte de plumas
agua,10000,6,300,bajo,nivel=bajo,agua_evisceracion_l_ave,4.0,L/ave,por_ave,agua_utilizada,FUENTE,[FUENTE] [PVDP],"7,57 L/ave (FTE-09C-01)",Evisceración: lavados interior/exterior y transporte hidráulico de vísceras
agua,10000,6,300,bajo,nivel=bajo,agua_evisceracion_m3_dia,40.0,m³,dia_operativo,agua_utilizada,ESTIMACIÓN,[ESTIMACIÓN],,Evisceración: lavados interior/exterior y transporte hidráulico de vísceras
agua,10000,6,300,bajo,nivel=bajo,agua_lavado_l_ave,1.5,L/ave,por_ave,agua_utilizada,FUENTE,[FUENTE] [PVDP],"4,25–4,35 L/ave (FTE-09C-01)",Lavado final de carcasas
agua,10000,6,300,bajo,nivel=bajo,agua_lavado_m3_dia,15.0,m³,dia_operativo,agua_utilizada,ESTIMACIÓN,[ESTIMACIÓN],,Lavado final de carcasas
agua,10000,6,300,bajo,nivel=bajo,agua_chiller_l_ave,1.9,L/ave,por_ave,agua_utilizada,FUENTE,[FUENTE] [PVDP],"mín. 0,5 gal = 1,9 L/ave; típico 2,8–5,7 L/ave (FTE-09C-18); 2,12 L/ave (FTE-09C-01)",Chiller: reposición de agua (contracorriente)
agua,10000,6,300,bajo,nivel=bajo,agua_chiller_m3_dia,19.0,m³,dia_operativo,agua_utilizada,ESTIMACIÓN,[ESTIMACIÓN],,Chiller: reposición de agua (contracorriente)
agua,10000,6,300,bajo,nivel=bajo,agua_despiece_l_ave,0.5,L/ave,por_ave,agua_utilizada,FUENTE,[FUENTE] [PVDP],"3,03 L/ave (FTE-09C-01)",Sala de despiece y deshuese
agua,10000,6,300,bajo,nivel=bajo,agua_despiece_m3_dia,5.0,m³,dia_operativo,agua_utilizada,ESTIMACIÓN,[ESTIMACIÓN],,Sala de despiece y deshuese
agua,10000,6,300,bajo,nivel=bajo,agua_limpieza_l_ave,3.0,L/ave,por_ave,agua_utilizada,FUENTE,[FUENTE] [PVDP],"1,5–3 gal = 5,7–11,4 L/ave saneamiento + 0,9–3,8 L equipos (FTE-09C-01)",Limpieza de equipos y salas (fin de turno)
agua,10000,6,300,bajo,nivel=bajo,agua_limpieza_m3_dia,30.0,m³,dia_operativo,agua_utilizada,ESTIMACIÓN,[ESTIMACIÓN],,Limpieza de equipos y salas (fin de turno)
agua,10000,6,300,bajo,nivel=bajo,agua_sanitizacion_l_ave,0.7,L/ave,por_ave,agua_utilizada,SUPUESTO,[SUPUESTO],sin fuente separada,"Sanitización: esterilizadores, lavamanos, pediluvios, enjuagues"
agua,10000,6,300,bajo,nivel=bajo,agua_sanitizacion_m3_dia,7.0,m³,dia_operativo,agua_utilizada,ESTIMACIÓN,[ESTIMACIÓN],,"Sanitización: esterilizadores, lavamanos, pediluvios, enjuagues"
agua,10000,6,300,bajo,nivel=bajo,agua_auxiliares_l_ave,1.0,L/ave,por_ave,agua_utilizada,SUPUESTO,[SUPUESTO],sin fuente separada,"Servicios auxiliares: caldera, condensadores evaporativos, vestuarios, comedor"
agua,10000,6,300,bajo,nivel=bajo,agua_auxiliares_m3_dia,10.0,m³,dia_operativo,agua_utilizada,ESTIMACIÓN,[ESTIMACIÓN],,"Servicios auxiliares: caldera, condensadores evaporativos, vestuarios, comedor"
agua,10000,6,300,bajo,nivel=bajo,agua_utilizada_l_ave,15.0,L/ave,por_ave,agua_utilizada,ESTIMACIÓN,[ESTIMACIÓN] con rangos [PVDP],FTE-09C-01 a 04,consumo industrial; NO incluye agua retenida
agua,10000,6,300,bajo,nivel=bajo,agua_utilizada_m3_dia,150.0,m³,dia_operativo,agua_utilizada,ESTIMACIÓN,[ESTIMACIÓN],,
agua,10000,6,300,bajo,nivel=bajo,agua_utilizada_m3_anio,45000.0,m³,anio,agua_utilizada,ESTIMACIÓN,[ESTIMACIÓN],,
agua,10000,6,300,bajo,nivel=bajo,agua_utilizada_m3_h_medio,12.5,m³/h,hora,agua_utilizada,ESTIMACIÓN,[ESTIMACIÓN],,sobre 12 h (faena + limpieza)
agua,10000,6,300,bajo,nivel=bajo,agua_utilizada_m3_h_pico,18.75,m³/h,hora,agua_utilizada,SUPUESTO,[SUPUESTO] factor de pico,,"dimensiona captación, bombeo y reserva"
agua,10000,6,300,bajo,nivel=bajo,reserva_agua_1_dia_m3,150.0,m³,stock,agua_utilizada,ESTIMACIÓN,[ESTIMACIÓN],,"volumen equivalente a un día de uso (referencia conceptual, no diseño)"
agua,10000,6,300,bajo,nivel=bajo,agua_descargada_m3_dia,120.0,m³,dia_operativo,agua_descargada,SUPUESTO,[ESTIMACIÓN] con fracción [SUPUESTO],,fracción a efluente = 0.80
agua,10000,6,300,bajo,nivel=bajo,agua_descargada_l_ave,12.0,L/ave,por_ave,agua_descargada,ESTIMACIÓN,[ESTIMACIÓN],,
agua,10000,6,300,bajo,nivel=bajo,agua_no_descargada_m3_dia,30.0,m³,dia_operativo,agua_no_descargada,ESTIMACIÓN,[ESTIMACIÓN],,evaporación + retenida + sale con subproductos + pérdidas
agua_retenida,10000,6,300,bajo,,agua_retenida_en_producto_t_dia,0.855264,t,dia_operativo,agua_retenida,ESTIMACIÓN,[ESTIMACIÓN] del balance v1.1,escenarios_escala.csv,sale vendida con el producto; NO es consumo industrial ni efluente
agua_retenida,10000,6,300,bajo,,agua_incorporada_producto_y_subproductos_t_dia,2.126606,t,dia_operativo,agua_retenida,ESTIMACIÓN,[ESTIMACIÓN] del balance v1.1,escenarios_escala.csv,absorbida en chiller + adherida a plumas (incluye goteo posterior)
agua_retenida,10000,6,300,bajo,,agua_retenida_sobre_agua_utilizada_pct,0.570176,%,adimensional,agua,ESTIMACIÓN,[ESTIMACIÓN],,cuánto del agua usada termina dentro del producto
efluente,10000,6,300,bajo,nivel=bajo,carga_DQO_g_ave,50.0,g/ave,por_ave,efluente_crudo,ESTIMACIÓN,[ESTIMACIÓN] con rangos [PVDP],FTE-181; FTE-09C-05,efluente crudo tras retirar sangre y sólidos gruesos
efluente,10000,6,300,bajo,nivel=bajo,carga_DQO_kg_dia,500.0,kg,dia_operativo,efluente_crudo,ESTIMACIÓN,[ESTIMACIÓN],,
efluente,10000,6,300,bajo,nivel=bajo,concentracion_DQO_mg_l,4166.666667,mg/L,adimensional,efluente_crudo,ESTIMACIÓN,[ESTIMACIÓN],,"resultado (carga / caudal), no parámetro"
efluente,10000,6,300,bajo,nivel=bajo,carga_DBO5_g_ave,25.0,g/ave,por_ave,efluente_crudo,ESTIMACIÓN,[ESTIMACIÓN] con rangos [PVDP],"FTE-181; FTE-09C-05 (DBO/DQO ~0,4–0,6)",efluente crudo tras retirar sangre y sólidos gruesos
efluente,10000,6,300,bajo,nivel=bajo,carga_DBO5_kg_dia,250.0,kg,dia_operativo,efluente_crudo,ESTIMACIÓN,[ESTIMACIÓN],,
efluente,10000,6,300,bajo,nivel=bajo,concentracion_DBO5_mg_l,2083.333333,mg/L,adimensional,efluente_crudo,ESTIMACIÓN,[ESTIMACIÓN],,"resultado (carga / caudal), no parámetro"
efluente,10000,6,300,bajo,nivel=bajo,carga_SST_g_ave,15.0,g/ave,por_ave,efluente_crudo,ESTIMACIÓN,[ESTIMACIÓN] con rangos [PVDP],FTE-181; FTE-09C-05,efluente crudo tras retirar sangre y sólidos gruesos
efluente,10000,6,300,bajo,nivel=bajo,carga_SST_kg_dia,150.0,kg,dia_operativo,efluente_crudo,ESTIMACIÓN,[ESTIMACIÓN],,
efluente,10000,6,300,bajo,nivel=bajo,concentracion_SST_mg_l,1250.0,mg/L,adimensional,efluente_crudo,ESTIMACIÓN,[ESTIMACIÓN],,"resultado (carga / caudal), no parámetro"
efluente,10000,6,300,bajo,nivel=bajo,carga_GyA_g_ave,5.0,g/ave,por_ave,efluente_crudo,ESTIMACIÓN,[ESTIMACIÓN] con rangos [PVDP],FTE-09C-06 (~500 mg/L tamizado),efluente crudo tras retirar sangre y sólidos gruesos
efluente,10000,6,300,bajo,nivel=bajo,carga_GyA_kg_dia,50.0,kg,dia_operativo,efluente_crudo,ESTIMACIÓN,[ESTIMACIÓN],,
efluente,10000,6,300,bajo,nivel=bajo,concentracion_GyA_mg_l,416.666667,mg/L,adimensional,efluente_crudo,ESTIMACIÓN,[ESTIMACIÓN],,"resultado (carga / caudal), no parámetro"
efluente,10000,6,300,bajo,nivel=bajo,carga_NTK_g_ave,3.0,g/ave,por_ave,efluente_crudo,ESTIMACIÓN,[ESTIMACIÓN] con rangos [PVDP],FTE-09C-06 (150–296 mg/L),efluente crudo tras retirar sangre y sólidos gruesos
efluente,10000,6,300,bajo,nivel=bajo,carga_NTK_kg_dia,30.0,kg,dia_operativo,efluente_crudo,ESTIMACIÓN,[ESTIMACIÓN],,
efluente,10000,6,300,bajo,nivel=bajo,concentracion_NTK_mg_l,250.0,mg/L,adimensional,efluente_crudo,ESTIMACIÓN,[ESTIMACIÓN],,"resultado (carga / caudal), no parámetro"
efluente,10000,6,300,bajo,nivel=bajo,carga_PT_g_ave,0.3,g/ave,por_ave,efluente_crudo,ESTIMACIÓN,[ESTIMACIÓN] con rangos [PVDP],"FTE-09C-06 (~18,5 mg/L)",efluente crudo tras retirar sangre y sólidos gruesos
efluente,10000,6,300,bajo,nivel=bajo,carga_PT_kg_dia,3.0,kg,dia_operativo,efluente_crudo,ESTIMACIÓN,[ESTIMACIÓN],,
efluente,10000,6,300,bajo,nivel=bajo,concentracion_PT_mg_l,25.0,mg/L,adimensional,efluente_crudo,ESTIMACIÓN,[ESTIMACIÓN],,"resultado (carga / caudal), no parámetro"
efluente,10000,6,300,bajo,,dqo_extra_por_sangre_no_recuperada_g_ave,0.0,g/ave,por_ave,efluente_crudo,ESTIMACIÓN,[ESTIMACIÓN] con DQO de sangre [PVDP],FTE-181,recuperación 0.85 vs referencia 0.85
efluente,10000,6,300,bajo,,dqo_evitada_por_recuperar_sangre_kg_dia,299.321429,kg,dia_operativo,efluente_crudo,ESTIMACIÓN,[ESTIMACIÓN] con DQO de sangre [PVDP],FTE-181,orden de magnitud; no es una reducción medida
efluente,10000,6,300,bajo,nivel=bajo,caudal_efluente_m3_h_pico,15.0,m³/h,hora,agua_descargada,SUPUESTO,[SUPUESTO] factor de pico,,dimensiona ecualización
efluente,10000,6,300,bajo,nivel=bajo,remocion_dqo_requerida_ilustrativa_pct,94.0,%,adimensional,efluente_crudo,ESTIMACIÓN,[ESTIMACIÓN] con límite [PVDP],FTE-09C-08,"límite ilustrativo 250 mg/L (ADA 336/03, pluvial; a confirmar según sitio y cuerpo receptor)"
masa_evitable,10000,6,300,bajo,,sangre_recuperada_t_dia,0.8381,t,dia_operativo,biologica+agua,ESTIMACIÓN,[ESTIMACIÓN] del balance v1.1,escenarios_escala.csv,"sangre recuperada por separado (85 %, SUP-040)"
masa_evitable,10000,6,300,bajo,,plumas_t_dia,2.4128,t,dia_operativo,biologica+agua,ESTIMACIÓN,[ESTIMACIÓN] del balance v1.1,escenarios_escala.csv,plumas húmedas retiradas
masa_evitable,10000,6,300,bajo,,visceras_t_dia,1.305,t,dia_operativo,biologica+agua,ESTIMACIÓN,[ESTIMACIÓN] del balance v1.1,escenarios_escala.csv,vísceras no comestibles
masa_evitable,10000,6,300,bajo,,cabeza_t_dia,0.725,t,dia_operativo,biologica+agua,ESTIMACIÓN,[ESTIMACIÓN] del balance v1.1,escenarios_escala.csv,cabezas
masa_evitable,10000,6,300,bajo,,solidos_a_retirar_t_dia,6.083526,t,dia_operativo,biologica+agua,ESTIMACIÓN,[ESTIMACIÓN] del balance v1.1,escenarios_escala.csv,total sólidos a retirar en seco (C + decomisos + contenido GI; NO sumar)
masa_evitable,10000,6,300,bajo,,masa_a_efluente_o_perdida_t_dia,1.078243,t,dia_operativo,biologica+agua,ESTIMACIÓN,[ESTIMACIÓN] del balance v1.1,escenarios_escala.csv,"masa que el balance ya envía a efluente o pérdida (sangre no recuperada, cutícula, goteo, pérdidas)"
lodos,10000,6,300,bajo,nivel=bajo,lodo_daf_kg_ms_dia,167.75,kg,dia_operativo,materia_seca,ESTIMACIÓN,[ESTIMACIÓN] con remociones [PVDP],"FTE-09C-05, FTE-09C-13",sólidos + grasas flotados + químicos
lodos,10000,6,300,bajo,nivel=bajo,lodo_daf_t_humedo_dia,1.118333,t,dia_operativo,lodo_humedo,ESTIMACIÓN,[ESTIMACIÓN] con % sólidos [PVDP],FTE-09C-13,
lodos,10000,6,300,bajo,nivel=bajo,dbo_al_tratamiento_biologico_kg_dia,100.0,kg,dia_operativo,efluente_pretratado,ESTIMACIÓN,[ESTIMACIÓN],,después de DAF
lodos,10000,6,300,bajo,nivel=bajo,lodo_biologico_aerobio_kg_ms_dia,28.5,kg,dia_operativo,materia_seca,SUPUESTO,[ESTIMACIÓN] con rendimiento [SUPUESTO],,si el tratamiento fuera aerobio completo; anaerobio genera mucho menos lodo
lodos,10000,6,300,bajo,nivel=bajo,lodos_deshidratados_t_dia,0.98125,t,dia_operativo,lodo_humedo,SUPUESTO,[ESTIMACIÓN] con [SUPUESTO],,DAF + biológico deshidratados; disposición/valorización a definir
electricidad,10000,6,300,bajo,nivel=bajo,kwh_proceso_dia,4350.0,kWh,dia_operativo,energia_electrica,FUENTE,[ESTIMACIÓN] con indicador [PVDP],"UE 152–860 kWh/t faenada; Brasil 165 kWh/t; 1,19 MJ/kg = 330 kWh/t (FTE-09C-09, FTE-09C-03)","faena, proceso, enfriado fresco, aire, agua, servicios"
electricidad,10000,6,300,bajo,nivel=bajo,kwh_proceso_frio_de_proceso_agua_helada_hielo_dia,1522.5,kWh,dia_operativo,energia_electrica,SUPUESTO,[SUPUESTO] reparto ilustrativo,FTE-09C-09 (cualitativo),didáctico; no sumar con kwh_proceso_dia
electricidad,10000,6,300,bajo,nivel=bajo,kwh_proceso_motores_de_linea_y_transportadores_dia,870.0,kWh,dia_operativo,energia_electrica,SUPUESTO,[SUPUESTO] reparto ilustrativo,FTE-09C-09 (cualitativo),didáctico; no sumar con kwh_proceso_dia
electricidad,10000,6,300,bajo,nivel=bajo,kwh_proceso_aire_comprimido_dia,435.0,kWh,dia_operativo,energia_electrica,SUPUESTO,[SUPUESTO] reparto ilustrativo,FTE-09C-09 (cualitativo),didáctico; no sumar con kwh_proceso_dia
electricidad,10000,6,300,bajo,nivel=bajo,kwh_proceso_bombas_agua_y_efluentes_dia,435.0,kWh,dia_operativo,energia_electrica,SUPUESTO,[SUPUESTO] reparto ilustrativo,FTE-09C-09 (cualitativo),didáctico; no sumar con kwh_proceso_dia
electricidad,10000,6,300,bajo,nivel=bajo,kwh_proceso_climatizacion_salas_dia,348.0,kWh,dia_operativo,energia_electrica,SUPUESTO,[SUPUESTO] reparto ilustrativo,FTE-09C-09 (cualitativo),didáctico; no sumar con kwh_proceso_dia
electricidad,10000,6,300,bajo,nivel=bajo,kwh_proceso_iluminacion_dia,304.5,kWh,dia_operativo,energia_electrica,SUPUESTO,[SUPUESTO] reparto ilustrativo,FTE-09C-09 (cualitativo),didáctico; no sumar con kwh_proceso_dia
electricidad,10000,6,300,bajo,nivel=bajo,kwh_proceso_oficinas_vestuarios_servicios_dia,217.5,kWh,dia_operativo,energia_electrica,SUPUESTO,[SUPUESTO] reparto ilustrativo,FTE-09C-09 (cualitativo),didáctico; no sumar con kwh_proceso_dia
electricidad,10000,6,300,bajo,nivel=bajo,kwh_proceso_otros_dia,217.5,kWh,dia_operativo,energia_electrica,SUPUESTO,[SUPUESTO] reparto ilustrativo,FTE-09C-09 (cualitativo),didáctico; no sumar con kwh_proceso_dia
inventario,10000,6,300,bajo,,stock_refrigerado_t,64.705057,t,stock,comercial,ESTIMACIÓN,[ESTIMACIÓN],"SUP-055, SUP-056",base=dias_produccion; días=3; perfil=P1
inventario,10000,6,300,bajo,,stock_congelado_t,33.55077,t,stock,comercial,ESTIMACIÓN,[ESTIMACIÓN],"SUP-055, SUP-056",base=dias_produccion; días=14; incluye exportación
congelado,10000,6,300,bajo,,capacidad_congelacion_t_dia,2.396484,t,dia_operativo,comercial,ESTIMACIÓN,[ESTIMACIÓN],SUP-055,t que hay que congelar cada día de faena (túneles/IQF)
congelado,10000,6,300,bajo,,capacidad_almacenamiento_congelado_t,33.55077,t,stock,comercial,ESTIMACIÓN,[ESTIMACIÓN],,t que hay que guardar (cámaras); NO es capacidad de congelación
congelado,10000,6,300,bajo,nivel=bajo,garras_a_congelar_t_dia_informativo,0.0,t,dia_operativo,comercial,SUPUESTO,[SUPUESTO],,ya incluidas dentro del comestible: NO sumar al perfil
congelado,10000,6,300,bajo,nivel=bajo,menudencias_a_congelar_t_dia_informativo,0.0,t,dia_operativo,comercial,SUPUESTO,[SUPUESTO],,ya incluidas dentro del comestible: NO sumar al perfil
congelado,10000,6,300,bajo,nivel=bajo,calor_a_extraer_congelacion_kj_kg,355.332,kJ/kg,adimensional,producto,ESTIMACIÓN,[ESTIMACIÓN] con propiedades [PVDP],FTE-09C-14,"de +4 °C a −18 °C, con pérdidas"
frio,10000,6,300,bajo,nivel=bajo,kw_frigorificos_enfriado_producto_fresco,182.460655,kW frigoríficos,potencia,frio,ESTIMACIÓN,[ESTIMACIÓN] con [SUPUESTO],,chiller + menudencias + salas/docks; durante 8 h netas
frio,10000,6,300,bajo,nivel=bajo,tr_enfriado_producto_fresco,51.879629,TR,potencia,frio,ESTIMACIÓN,[ESTIMACIÓN],,"1 TR = 3,517 kW frigoríficos"
frio,10000,6,300,bajo,nivel=bajo,kw_electricos_enfriado_producto_fresco,45.615164,kW eléctricos,potencia,energia_electrica,SUPUESTO,[ESTIMACIÓN] con COP [SUPUESTO],,kW eléctricos = kW frigoríficos / COP
frio,10000,6,300,bajo,nivel=bajo,kw_frigorificos_congelacion_tuneles,11.827046,kW frigoríficos,potencia,frio,ESTIMACIÓN,[ESTIMACIÓN] con [SUPUESTO],,durante 20 h/día
frio,10000,6,300,bajo,nivel=bajo,tr_congelacion_tuneles,3.362822,TR,potencia,frio,ESTIMACIÓN,[ESTIMACIÓN],,"1 TR = 3,517 kW frigoríficos"
frio,10000,6,300,bajo,nivel=bajo,kw_electricos_congelacion_tuneles,6.570581,kW eléctricos,potencia,energia_electrica,SUPUESTO,[ESTIMACIÓN] con COP [SUPUESTO],,kW eléctricos = kW frigoríficos / COP
frio,10000,6,300,bajo,nivel=bajo,kw_frigorificos_camaras_almacenamiento,9.16655,kW frigoríficos,potencia,frio,ESTIMACIÓN,[ESTIMACIÓN] con [SUPUESTO],,"24 h, 365 días; desde kWh/(t·día)"
frio,10000,6,300,bajo,nivel=bajo,tr_camaras_almacenamiento,2.606355,TR,potencia,frio,ESTIMACIÓN,[ESTIMACIÓN],,"1 TR = 3,517 kW frigoríficos"
frio,10000,6,300,bajo,nivel=bajo,kw_electricos_camaras_almacenamiento,3.444945,kW eléctricos,potencia,energia_electrica,SUPUESTO,[ESTIMACIÓN] con COP [SUPUESTO],,kW eléctricos = kW frigoríficos / COP
frio,10000,6,300,bajo,nivel=bajo,kj_frio_enfriado_por_ave,525.486686,kJ/ave,por_ave,frio,ESTIMACIÓN,[ESTIMACIÓN] con [SUPUESTO],FTE-09C-14,
electricidad,10000,6,300,bajo,nivel=bajo,kwh_congelacion_dia,287.578032,kWh,dia_operativo,energia_electrica,FUENTE,[ESTIMACIÓN] con indicador [PVDP],120–260 kWh/t de ave congelada; 133 kWh/t (FTE-09C-10),
electricidad,10000,6,300,bajo,nivel=bajo,kwh_almacenamiento_frio_dia_calendario,82.678684,kWh,dia_calendario,energia_electrica,SUPUESTO,[ESTIMACIÓN] con [SUPUESTO],,las cámaras funcionan también sin faena
electricidad,10000,6,300,bajo,nivel=bajo,kwh_tratamiento_aerobio_dia,66.5,kWh,dia_operativo,energia_electrica,SUPUESTO,[ESTIMACIÓN] con [SUPUESTO],,cota: si todo el biológico fuera aerobio
electricidad,10000,6,300,bajo,nivel=bajo,kwh_total_dia_operativo,4786.756716,kWh,dia_operativo,energia_electrica,ESTIMACIÓN,[ESTIMACIÓN],,proceso + congelado + aerobio + cámaras
electricidad,10000,6,300,bajo,nivel=bajo,kwh_total_anio,1441401.129333,kWh,anio,energia_electrica,ESTIMACIÓN,[ESTIMACIÓN],,cámaras × 365 días; resto × días de faena
electricidad,10000,6,300,bajo,nivel=bajo,kwh_por_ave_promedio_anual,0.480467,kWh/ave,por_ave,energia_electrica,ESTIMACIÓN,[ESTIMACIÓN],,
electricidad,10000,6,300,bajo,nivel=bajo,kw_potencia_media_operacion,331.308966,kW,potencia,energia_electrica,ESTIMACIÓN,[ESTIMACIÓN],,proceso sobre 14 h + túneles + cámaras + efluentes
electricidad,10000,6,300,bajo,nivel=bajo,kw_potencia_pico_estimada,424.523252,kW,potencia,energia_electrica,SUPUESTO,[ESTIMACIÓN] con factor de pico [SUPUESTO],,orden de magnitud para pedir potencia; no es diseño
termico,10000,6,300,bajo,nivel=bajo,calor_util_escaldado_mj_dia,2034.396,MJ,dia_operativo,energia_termica,ESTIMACIÓN,[ESTIMACIÓN] con temperaturas [PVDP]/[SUPUESTO],FTE-09C-11,
termico,10000,6,300,bajo,nivel=bajo,kw_termicos_escaldado,70.63875,kW térmicos,potencia,energia_termica,ESTIMACIÓN,[ESTIMACIÓN],,durante 8 h
termico,10000,6,300,bajo,nivel=bajo,calor_util_limpieza_mj_dia,2009.28,MJ,dia_operativo,energia_termica,ESTIMACIÓN,[ESTIMACIÓN] con temperaturas [PVDP]/[SUPUESTO],FTE-09C-11,
termico,10000,6,300,bajo,nivel=bajo,kw_termicos_limpieza,139.533333,kW térmicos,potencia,energia_termica,ESTIMACIÓN,[ESTIMACIÓN],,durante 4 h
termico,10000,6,300,bajo,nivel=bajo,calor_util_sanitizacion_mj_dia,562.5984,MJ,dia_operativo,energia_termica,ESTIMACIÓN,[ESTIMACIÓN] con temperaturas [PVDP]/[SUPUESTO],FTE-09C-11,
termico,10000,6,300,bajo,nivel=bajo,kw_termicos_sanitizacion,13.023111,kW térmicos,potencia,energia_termica,ESTIMACIÓN,[ESTIMACIÓN],,durante 12 h
termico,10000,6,300,bajo,nivel=bajo,calor_util_mj_ave,0.460627,MJ/ave,por_ave,energia_termica,ESTIMACIÓN,[ESTIMACIÓN],,
termico,10000,6,300,bajo,nivel=bajo,energia_combustible_mj_dia,5419.146353,MJ,dia_operativo,energia_termica,ESTIMACIÓN,[ESTIMACIÓN] con rendimiento [SUPUESTO],,
termico,10000,6,300,bajo,nivel=bajo,energia_combustible_kwh_dia,1505.318431,kWh,dia_operativo,energia_termica,ESTIMACIÓN,[ESTIMACIÓN],,kWh TÉRMICOS (no eléctricos)
termico,10000,6,300,bajo,nivel=bajo,equivalente_gas_natural_m3_dia,139.309675,m3,dia_operativo,energia_termica,SUPUESTO,[ESTIMACIÓN] con PCI [SUPUESTO],~9.300 kcal/m³ (a verificar con distribuidora),"equivalencia, no elección"
termico,10000,6,300,bajo,nivel=bajo,equivalente_glp_kg_dia,117.807529,kg,dia_operativo,energia_termica,SUPUESTO,[ESTIMACIÓN] con PCI [SUPUESTO],~11.000 kcal/kg,"equivalencia, no elección"
termico,10000,6,300,bajo,nivel=bajo,equivalente_biomasa_chip_kg_dia,387.081882,kg,dia_operativo,energia_termica,SUPUESTO,[ESTIMACIÓN] con PCI [SUPUESTO],chip de madera ~20–25 % humedad; muy variable,"equivalencia, no elección"
termico,10000,6,300,bajo,nivel=bajo,equivalente_electricidad_resistiva_kwh_dia,1305.633333,kWh,dia_operativo,energia_termica,SUPUESTO,[ESTIMACIÓN],,rendimiento 98 %; bomba de calor dividiría por su COP (limitada a ~60–70 °C)
respaldo,10000,6,300,bajo,nivel=bajo,kw_critico_camaras_frio,4.478429,kW,potencia,energia_electrica,SUPUESTO,[ESTIMACIÓN] con [SUPUESTO],,
respaldo,10000,6,300,bajo,nivel=bajo,kw_critico_efluentes_minimo,1.385417,kW,potencia,energia_electrica,SUPUESTO,[ESTIMACIÓN] con [SUPUESTO],,
respaldo,10000,6,300,bajo,nivel=bajo,kw_critico_control_it_seguridad,8.078571,kW,potencia,energia_electrica,SUPUESTO,[ESTIMACIÓN] con [SUPUESTO],,
respaldo,10000,6,300,bajo,nivel=bajo,kw_critico_iluminacion_emergencia,4.039286,kW,potencia,energia_electrica,SUPUESTO,[ESTIMACIÓN] con [SUPUESTO],,
respaldo,10000,6,300,bajo,nivel=bajo,kw_critico_bombeo_agua_minimo,12.117857,kW,potencia,energia_electrica,SUPUESTO,[ESTIMACIÓN] con [SUPUESTO],,
respaldo,10000,6,300,bajo,nivel=bajo,kw_critico_anden_aves_ventilacion,8.078571,kW,potencia,energia_electrica,SUPUESTO,[ESTIMACIÓN] con [SUPUESTO],,
respaldo,10000,6,300,bajo,nivel=bajo,kw_respaldo_cargas_criticas,38.178131,kW,potencia,energia_electrica,SUPUESTO,[ESTIMACIÓN] con [SUPUESTO],,cámaras + control + emergencia + efluentes + agua + andén
respaldo,10000,6,300,bajo,nivel=bajo,kva_respaldo_cargas_criticas,47.722664,kVA,potencia,energia_electrica,SUPUESTO,[ESTIMACIÓN],,"fp 0,8"
respaldo,10000,6,300,bajo,nivel=bajo,kva_respaldo_planta_completa,530.654064,kVA,potencia,energia_electrica,SUPUESTO,[ESTIMACIÓN],,si se quisiera sostener también la línea
perfil_frio,10000,6,300,bajo,perfil=P2,capacidad_congelacion_t_dia,9.585934,t,dia_operativo,comercial,ESTIMACIÓN,[ESTIMACIÓN],SUP-055,t que hay que congelar cada día de faena (túneles/IQF)
perfil_frio,10000,6,300,bajo,perfil=P2,capacidad_almacenamiento_congelado_t,134.203082,t,stock,comercial,ESTIMACIÓN,[ESTIMACIÓN],,t que hay que guardar (cámaras); NO es capacidad de congelación
perfil_frio,10000,6,300,bajo,perfil=P2,stock_refrigerado_t,43.136705,t,stock,comercial,ESTIMACIÓN,[ESTIMACIÓN],"SUP-055, SUP-056",base=dias_produccion; días=3; perfil=P2
perfil_frio,10000,6,300,bajo,perfil=P2,kw_frigorificos_congelacion_tuneles,47.308184,kW frigoríficos,potencia,frio,ESTIMACIÓN,[ESTIMACIÓN] con [SUPUESTO],,durante 20 h/día
perfil_frio,10000,6,300,bajo,perfil=P2,kw_electricos_congelacion_tuneles,26.282324,kW eléctricos,potencia,energia_electrica,SUPUESTO,[ESTIMACIÓN] con COP [SUPUESTO],,kW eléctricos = kW frigoríficos / COP
perfil_frio,10000,6,300,bajo,perfil=P2,kw_frigorificos_camaras_almacenamiento,18.692572,kW frigoríficos,potencia,frio,ESTIMACIÓN,[ESTIMACIÓN] con [SUPUESTO],,"24 h, 365 días; desde kWh/(t·día)"
perfil_frio,10000,6,300,bajo,perfil=P2,kwh_congelacion_dia,1150.312128,kWh,dia_operativo,energia_electrica,FUENTE,[ESTIMACIÓN] con indicador [PVDP],120–260 kWh/t de ave congelada; 133 kWh/t (FTE-09C-10),
perfil_frio,10000,6,300,bajo,perfil=P2,kwh_almacenamiento_frio_dia_calendario,222.872975,kWh,dia_calendario,energia_electrica,SUPUESTO,[ESTIMACIÓN] con [SUPUESTO],,las cámaras funcionan también sin faena
perfil_frio,10000,6,300,bajo,perfil=P2,kw_respaldo_cargas_criticas,45.771989,kW,potencia,energia_electrica,SUPUESTO,[ESTIMACIÓN] con [SUPUESTO],,cámaras + control + emergencia + efluentes + agua + andén
perfil_frio,10000,6,300,bajo,perfil=P3,capacidad_congelacion_t_dia,11.982418,t,dia_operativo,comercial,ESTIMACIÓN,[ESTIMACIÓN],SUP-055,t que hay que congelar cada día de faena (túneles/IQF)
perfil_frio,10000,6,300,bajo,perfil=P3,capacidad_almacenamiento_congelado_t,167.753852,t,stock,comercial,ESTIMACIÓN,[ESTIMACIÓN],,t que hay que guardar (cámaras); NO es capacidad de congelación
perfil_frio,10000,6,300,bajo,perfil=P3,stock_refrigerado_t,35.947254,t,stock,comercial,ESTIMACIÓN,[ESTIMACIÓN],"SUP-055, SUP-056",base=dias_produccion; días=3; perfil=P3
perfil_frio,10000,6,300,bajo,perfil=P3,kw_frigorificos_congelacion_tuneles,59.13523,kW frigoríficos,potencia,frio,ESTIMACIÓN,[ESTIMACIÓN] con [SUPUESTO],,durante 20 h/día
perfil_frio,10000,6,300,bajo,perfil=P3,kw_electricos_congelacion_tuneles,32.852905,kW eléctricos,potencia,energia_electrica,SUPUESTO,[ESTIMACIÓN] con COP [SUPUESTO],,kW eléctricos = kW frigoríficos / COP
perfil_frio,10000,6,300,bajo,perfil=P3,kw_frigorificos_camaras_almacenamiento,21.867913,kW frigoríficos,potencia,frio,ESTIMACIÓN,[ESTIMACIÓN] con [SUPUESTO],,"24 h, 365 días; desde kWh/(t·día)"
perfil_frio,10000,6,300,bajo,perfil=P3,kwh_congelacion_dia,1437.89016,kWh,dia_operativo,energia_electrica,FUENTE,[ESTIMACIÓN] con indicador [PVDP],120–260 kWh/t de ave congelada; 133 kWh/t (FTE-09C-10),
perfil_frio,10000,6,300,bajo,perfil=P3,kwh_almacenamiento_frio_dia_calendario,269.604405,kWh,dia_calendario,energia_electrica,SUPUESTO,[ESTIMACIÓN] con [SUPUESTO],,las cámaras funcionan también sin faena
perfil_frio,10000,6,300,bajo,perfil=P3,kw_respaldo_cargas_criticas,48.303274,kW,potencia,energia_electrica,SUPUESTO,[ESTIMACIÓN] con [SUPUESTO],,cámaras + control + emergencia + efluentes + agua + andén
entrada,10000,6,300,medio,,aves_faenadas_dia_operativo,10000.0,aves,dia_operativo,aves,SUPUESTO,[SUPUESTO],SUP-052,escala = capacidad operativa
entrada,10000,6,300,medio,,t_vivas_dia_operativo,29.0,t,dia_operativo,vivo,ESTIMACIÓN,[ESTIMACIÓN],escenarios_escala.csv,
agua,10000,6,300,medio,nivel=medio,agua_recepcion_l_ave,1.0,L/ave,por_ave,agua_utilizada,SUPUESTO,[SUPUESTO],sin fuente por ave; DPV propuesto,"Recepción: lavado de jaulas/módulos, camiones y andén"
agua,10000,6,300,medio,nivel=medio,agua_recepcion_m3_dia,10.0,m³,dia_operativo,agua_utilizada,ESTIMACIÓN,[ESTIMACIÓN],,"Recepción: lavado de jaulas/módulos, camiones y andén"
agua,10000,6,300,medio,nivel=medio,agua_escaldado_l_ave,1.2,L/ave,por_ave,agua_utilizada,FUENTE,[FUENTE] [PVDP],"mín. ~1 cuarto de galón (0,95 L)/ave (FTE-09C-11, FTE-09C-18)","Escaldado: llenado, reposición y desborde"
agua,10000,6,300,medio,nivel=medio,agua_escaldado_m3_dia,12.0,m³,dia_operativo,agua_utilizada,ESTIMACIÓN,[ESTIMACIÓN],,"Escaldado: llenado, reposición y desborde"
agua,10000,6,300,medio,nivel=medio,agua_desplumado_l_ave,2.0,L/ave,por_ave,agua_utilizada,SUPUESTO,[SUPUESTO],incluido en totales de FTE-09C-01/02,Desplumado: duchas y transporte de plumas
agua,10000,6,300,medio,nivel=medio,agua_desplumado_m3_dia,20.0,m³,dia_operativo,agua_utilizada,ESTIMACIÓN,[ESTIMACIÓN],,Desplumado: duchas y transporte de plumas
agua,10000,6,300,medio,nivel=medio,agua_evisceracion_l_ave,6.0,L/ave,por_ave,agua_utilizada,FUENTE,[FUENTE] [PVDP],"7,57 L/ave (FTE-09C-01)",Evisceración: lavados interior/exterior y transporte hidráulico de vísceras
agua,10000,6,300,medio,nivel=medio,agua_evisceracion_m3_dia,60.0,m³,dia_operativo,agua_utilizada,ESTIMACIÓN,[ESTIMACIÓN],,Evisceración: lavados interior/exterior y transporte hidráulico de vísceras
agua,10000,6,300,medio,nivel=medio,agua_lavado_l_ave,3.0,L/ave,por_ave,agua_utilizada,FUENTE,[FUENTE] [PVDP],"4,25–4,35 L/ave (FTE-09C-01)",Lavado final de carcasas
agua,10000,6,300,medio,nivel=medio,agua_lavado_m3_dia,30.0,m³,dia_operativo,agua_utilizada,ESTIMACIÓN,[ESTIMACIÓN],,Lavado final de carcasas
agua,10000,6,300,medio,nivel=medio,agua_chiller_l_ave,2.8,L/ave,por_ave,agua_utilizada,FUENTE,[FUENTE] [PVDP],"mín. 0,5 gal = 1,9 L/ave; típico 2,8–5,7 L/ave (FTE-09C-18); 2,12 L/ave (FTE-09C-01)",Chiller: reposición de agua (contracorriente)
agua,10000,6,300,medio,nivel=medio,agua_chiller_m3_dia,28.0,m³,dia_operativo,agua_utilizada,ESTIMACIÓN,[ESTIMACIÓN],,Chiller: reposición de agua (contracorriente)
agua,10000,6,300,medio,nivel=medio,agua_despiece_l_ave,1.0,L/ave,por_ave,agua_utilizada,FUENTE,[FUENTE] [PVDP],"3,03 L/ave (FTE-09C-01)",Sala de despiece y deshuese
agua,10000,6,300,medio,nivel=medio,agua_despiece_m3_dia,10.0,m³,dia_operativo,agua_utilizada,ESTIMACIÓN,[ESTIMACIÓN],,Sala de despiece y deshuese
agua,10000,6,300,medio,nivel=medio,agua_limpieza_l_ave,5.0,L/ave,por_ave,agua_utilizada,FUENTE,[FUENTE] [PVDP],"1,5–3 gal = 5,7–11,4 L/ave saneamiento + 0,9–3,8 L equipos (FTE-09C-01)",Limpieza de equipos y salas (fin de turno)
agua,10000,6,300,medio,nivel=medio,agua_limpieza_m3_dia,50.0,m³,dia_operativo,agua_utilizada,ESTIMACIÓN,[ESTIMACIÓN],,Limpieza de equipos y salas (fin de turno)
agua,10000,6,300,medio,nivel=medio,agua_sanitizacion_l_ave,1.0,L/ave,por_ave,agua_utilizada,SUPUESTO,[SUPUESTO],sin fuente separada,"Sanitización: esterilizadores, lavamanos, pediluvios, enjuagues"
agua,10000,6,300,medio,nivel=medio,agua_sanitizacion_m3_dia,10.0,m³,dia_operativo,agua_utilizada,ESTIMACIÓN,[ESTIMACIÓN],,"Sanitización: esterilizadores, lavamanos, pediluvios, enjuagues"
agua,10000,6,300,medio,nivel=medio,agua_auxiliares_l_ave,2.0,L/ave,por_ave,agua_utilizada,SUPUESTO,[SUPUESTO],sin fuente separada,"Servicios auxiliares: caldera, condensadores evaporativos, vestuarios, comedor"
agua,10000,6,300,medio,nivel=medio,agua_auxiliares_m3_dia,20.0,m³,dia_operativo,agua_utilizada,ESTIMACIÓN,[ESTIMACIÓN],,"Servicios auxiliares: caldera, condensadores evaporativos, vestuarios, comedor"
agua,10000,6,300,medio,nivel=medio,agua_utilizada_l_ave,25.0,L/ave,por_ave,agua_utilizada,ESTIMACIÓN,[ESTIMACIÓN] con rangos [PVDP],FTE-09C-01 a 04,consumo industrial; NO incluye agua retenida
agua,10000,6,300,medio,nivel=medio,agua_utilizada_m3_dia,250.0,m³,dia_operativo,agua_utilizada,ESTIMACIÓN,[ESTIMACIÓN],,
agua,10000,6,300,medio,nivel=medio,agua_utilizada_m3_anio,75000.0,m³,anio,agua_utilizada,ESTIMACIÓN,[ESTIMACIÓN],,
agua,10000,6,300,medio,nivel=medio,agua_utilizada_m3_h_medio,20.833333,m³/h,hora,agua_utilizada,ESTIMACIÓN,[ESTIMACIÓN],,sobre 12 h (faena + limpieza)
agua,10000,6,300,medio,nivel=medio,agua_utilizada_m3_h_pico,37.5,m³/h,hora,agua_utilizada,SUPUESTO,[SUPUESTO] factor de pico,,"dimensiona captación, bombeo y reserva"
agua,10000,6,300,medio,nivel=medio,reserva_agua_1_dia_m3,250.0,m³,stock,agua_utilizada,ESTIMACIÓN,[ESTIMACIÓN],,"volumen equivalente a un día de uso (referencia conceptual, no diseño)"
agua,10000,6,300,medio,nivel=medio,agua_descargada_m3_dia,220.0,m³,dia_operativo,agua_descargada,SUPUESTO,[ESTIMACIÓN] con fracción [SUPUESTO],,fracción a efluente = 0.88
agua,10000,6,300,medio,nivel=medio,agua_descargada_l_ave,22.0,L/ave,por_ave,agua_descargada,ESTIMACIÓN,[ESTIMACIÓN],,
agua,10000,6,300,medio,nivel=medio,agua_no_descargada_m3_dia,30.0,m³,dia_operativo,agua_no_descargada,ESTIMACIÓN,[ESTIMACIÓN],,evaporación + retenida + sale con subproductos + pérdidas
agua_retenida,10000,6,300,medio,,agua_retenida_en_producto_t_dia,0.855264,t,dia_operativo,agua_retenida,ESTIMACIÓN,[ESTIMACIÓN] del balance v1.1,escenarios_escala.csv,sale vendida con el producto; NO es consumo industrial ni efluente
agua_retenida,10000,6,300,medio,,agua_incorporada_producto_y_subproductos_t_dia,2.126606,t,dia_operativo,agua_retenida,ESTIMACIÓN,[ESTIMACIÓN] del balance v1.1,escenarios_escala.csv,absorbida en chiller + adherida a plumas (incluye goteo posterior)
agua_retenida,10000,6,300,medio,,agua_retenida_sobre_agua_utilizada_pct,0.342106,%,adimensional,agua,ESTIMACIÓN,[ESTIMACIÓN],,cuánto del agua usada termina dentro del producto
efluente,10000,6,300,medio,nivel=medio,carga_DQO_g_ave,100.0,g/ave,por_ave,efluente_crudo,ESTIMACIÓN,[ESTIMACIÓN] con rangos [PVDP],FTE-181; FTE-09C-05,efluente crudo tras retirar sangre y sólidos gruesos
efluente,10000,6,300,medio,nivel=medio,carga_DQO_kg_dia,1000.0,kg,dia_operativo,efluente_crudo,ESTIMACIÓN,[ESTIMACIÓN],,
efluente,10000,6,300,medio,nivel=medio,concentracion_DQO_mg_l,4545.454545,mg/L,adimensional,efluente_crudo,ESTIMACIÓN,[ESTIMACIÓN],,"resultado (carga / caudal), no parámetro"
efluente,10000,6,300,medio,nivel=medio,carga_DBO5_g_ave,50.0,g/ave,por_ave,efluente_crudo,ESTIMACIÓN,[ESTIMACIÓN] con rangos [PVDP],"FTE-181; FTE-09C-05 (DBO/DQO ~0,4–0,6)",efluente crudo tras retirar sangre y sólidos gruesos
efluente,10000,6,300,medio,nivel=medio,carga_DBO5_kg_dia,500.0,kg,dia_operativo,efluente_crudo,ESTIMACIÓN,[ESTIMACIÓN],,
efluente,10000,6,300,medio,nivel=medio,concentracion_DBO5_mg_l,2272.727273,mg/L,adimensional,efluente_crudo,ESTIMACIÓN,[ESTIMACIÓN],,"resultado (carga / caudal), no parámetro"
efluente,10000,6,300,medio,nivel=medio,carga_SST_g_ave,35.0,g/ave,por_ave,efluente_crudo,ESTIMACIÓN,[ESTIMACIÓN] con rangos [PVDP],FTE-181; FTE-09C-05,efluente crudo tras retirar sangre y sólidos gruesos
efluente,10000,6,300,medio,nivel=medio,carga_SST_kg_dia,350.0,kg,dia_operativo,efluente_crudo,ESTIMACIÓN,[ESTIMACIÓN],,
efluente,10000,6,300,medio,nivel=medio,concentracion_SST_mg_l,1590.909091,mg/L,adimensional,efluente_crudo,ESTIMACIÓN,[ESTIMACIÓN],,"resultado (carga / caudal), no parámetro"
efluente,10000,6,300,medio,nivel=medio,carga_GyA_g_ave,11.0,g/ave,por_ave,efluente_crudo,ESTIMACIÓN,[ESTIMACIÓN] con rangos [PVDP],FTE-09C-06 (~500 mg/L tamizado),efluente crudo tras retirar sangre y sólidos gruesos
efluente,10000,6,300,medio,nivel=medio,carga_GyA_kg_dia,110.0,kg,dia_operativo,efluente_crudo,ESTIMACIÓN,[ESTIMACIÓN],,
efluente,10000,6,300,medio,nivel=medio,concentracion_GyA_mg_l,500.0,mg/L,adimensional,efluente_crudo,ESTIMACIÓN,[ESTIMACIÓN],,"resultado (carga / caudal), no parámetro"
efluente,10000,6,300,medio,nivel=medio,carga_NTK_g_ave,5.0,g/ave,por_ave,efluente_crudo,ESTIMACIÓN,[ESTIMACIÓN] con rangos [PVDP],FTE-09C-06 (150–296 mg/L),efluente crudo tras retirar sangre y sólidos gruesos
efluente,10000,6,300,medio,nivel=medio,carga_NTK_kg_dia,50.0,kg,dia_operativo,efluente_crudo,ESTIMACIÓN,[ESTIMACIÓN],,
efluente,10000,6,300,medio,nivel=medio,concentracion_NTK_mg_l,227.272727,mg/L,adimensional,efluente_crudo,ESTIMACIÓN,[ESTIMACIÓN],,"resultado (carga / caudal), no parámetro"
efluente,10000,6,300,medio,nivel=medio,carga_PT_g_ave,0.5,g/ave,por_ave,efluente_crudo,ESTIMACIÓN,[ESTIMACIÓN] con rangos [PVDP],"FTE-09C-06 (~18,5 mg/L)",efluente crudo tras retirar sangre y sólidos gruesos
efluente,10000,6,300,medio,nivel=medio,carga_PT_kg_dia,5.0,kg,dia_operativo,efluente_crudo,ESTIMACIÓN,[ESTIMACIÓN],,
efluente,10000,6,300,medio,nivel=medio,concentracion_PT_mg_l,22.727273,mg/L,adimensional,efluente_crudo,ESTIMACIÓN,[ESTIMACIÓN],,"resultado (carga / caudal), no parámetro"
efluente,10000,6,300,medio,,dqo_extra_por_sangre_no_recuperada_g_ave,0.0,g/ave,por_ave,efluente_crudo,ESTIMACIÓN,[ESTIMACIÓN] con DQO de sangre [PVDP],FTE-181,recuperación 0.85 vs referencia 0.85
efluente,10000,6,300,medio,,dqo_evitada_por_recuperar_sangre_kg_dia,299.321429,kg,dia_operativo,efluente_crudo,ESTIMACIÓN,[ESTIMACIÓN] con DQO de sangre [PVDP],FTE-181,orden de magnitud; no es una reducción medida
efluente,10000,6,300,medio,nivel=medio,caudal_efluente_m3_h_pico,33.0,m³/h,hora,agua_descargada,SUPUESTO,[SUPUESTO] factor de pico,,dimensiona ecualización
efluente,10000,6,300,medio,nivel=medio,remocion_dqo_requerida_ilustrativa_pct,94.5,%,adimensional,efluente_crudo,ESTIMACIÓN,[ESTIMACIÓN] con límite [PVDP],FTE-09C-08,"límite ilustrativo 250 mg/L (ADA 336/03, pluvial; a confirmar según sitio y cuerpo receptor)"
masa_evitable,10000,6,300,medio,,sangre_recuperada_t_dia,0.8381,t,dia_operativo,biologica+agua,ESTIMACIÓN,[ESTIMACIÓN] del balance v1.1,escenarios_escala.csv,"sangre recuperada por separado (85 %, SUP-040)"
masa_evitable,10000,6,300,medio,,plumas_t_dia,2.4128,t,dia_operativo,biologica+agua,ESTIMACIÓN,[ESTIMACIÓN] del balance v1.1,escenarios_escala.csv,plumas húmedas retiradas
masa_evitable,10000,6,300,medio,,visceras_t_dia,1.305,t,dia_operativo,biologica+agua,ESTIMACIÓN,[ESTIMACIÓN] del balance v1.1,escenarios_escala.csv,vísceras no comestibles
masa_evitable,10000,6,300,medio,,cabeza_t_dia,0.725,t,dia_operativo,biologica+agua,ESTIMACIÓN,[ESTIMACIÓN] del balance v1.1,escenarios_escala.csv,cabezas
masa_evitable,10000,6,300,medio,,solidos_a_retirar_t_dia,6.083526,t,dia_operativo,biologica+agua,ESTIMACIÓN,[ESTIMACIÓN] del balance v1.1,escenarios_escala.csv,total sólidos a retirar en seco (C + decomisos + contenido GI; NO sumar)
masa_evitable,10000,6,300,medio,,masa_a_efluente_o_perdida_t_dia,1.078243,t,dia_operativo,biologica+agua,ESTIMACIÓN,[ESTIMACIÓN] del balance v1.1,escenarios_escala.csv,"masa que el balance ya envía a efluente o pérdida (sangre no recuperada, cutícula, goteo, pérdidas)"
lodos,10000,6,300,medio,nivel=medio,lodo_daf_kg_ms_dia,318.55,kg,dia_operativo,materia_seca,ESTIMACIÓN,[ESTIMACIÓN] con remociones [PVDP],"FTE-09C-05, FTE-09C-13",sólidos + grasas flotados + químicos
lodos,10000,6,300,medio,nivel=medio,lodo_daf_t_humedo_dia,2.654583,t,dia_operativo,lodo_humedo,ESTIMACIÓN,[ESTIMACIÓN] con % sólidos [PVDP],FTE-09C-13,
lodos,10000,6,300,medio,nivel=medio,dbo_al_tratamiento_biologico_kg_dia,275.0,kg,dia_operativo,efluente_pretratado,ESTIMACIÓN,[ESTIMACIÓN],,después de DAF
lodos,10000,6,300,medio,nivel=medio,lodo_biologico_aerobio_kg_ms_dia,104.5,kg,dia_operativo,materia_seca,SUPUESTO,[ESTIMACIÓN] con rendimiento [SUPUESTO],,si el tratamiento fuera aerobio completo; anaerobio genera mucho menos lodo
lodos,10000,6,300,medio,nivel=medio,lodos_deshidratados_t_dia,2.350278,t,dia_operativo,lodo_humedo,SUPUESTO,[ESTIMACIÓN] con [SUPUESTO],,DAF + biológico deshidratados; disposición/valorización a definir
electricidad,10000,6,300,medio,nivel=medio,kwh_proceso_dia,7250.0,kWh,dia_operativo,energia_electrica,FUENTE,[ESTIMACIÓN] con indicador [PVDP],"UE 152–860 kWh/t faenada; Brasil 165 kWh/t; 1,19 MJ/kg = 330 kWh/t (FTE-09C-09, FTE-09C-03)","faena, proceso, enfriado fresco, aire, agua, servicios"
electricidad,10000,6,300,medio,nivel=medio,kwh_proceso_frio_de_proceso_agua_helada_hielo_dia,2537.5,kWh,dia_operativo,energia_electrica,SUPUESTO,[SUPUESTO] reparto ilustrativo,FTE-09C-09 (cualitativo),didáctico; no sumar con kwh_proceso_dia
electricidad,10000,6,300,medio,nivel=medio,kwh_proceso_motores_de_linea_y_transportadores_dia,1450.0,kWh,dia_operativo,energia_electrica,SUPUESTO,[SUPUESTO] reparto ilustrativo,FTE-09C-09 (cualitativo),didáctico; no sumar con kwh_proceso_dia
electricidad,10000,6,300,medio,nivel=medio,kwh_proceso_aire_comprimido_dia,725.0,kWh,dia_operativo,energia_electrica,SUPUESTO,[SUPUESTO] reparto ilustrativo,FTE-09C-09 (cualitativo),didáctico; no sumar con kwh_proceso_dia
electricidad,10000,6,300,medio,nivel=medio,kwh_proceso_bombas_agua_y_efluentes_dia,725.0,kWh,dia_operativo,energia_electrica,SUPUESTO,[SUPUESTO] reparto ilustrativo,FTE-09C-09 (cualitativo),didáctico; no sumar con kwh_proceso_dia
electricidad,10000,6,300,medio,nivel=medio,kwh_proceso_climatizacion_salas_dia,580.0,kWh,dia_operativo,energia_electrica,SUPUESTO,[SUPUESTO] reparto ilustrativo,FTE-09C-09 (cualitativo),didáctico; no sumar con kwh_proceso_dia
electricidad,10000,6,300,medio,nivel=medio,kwh_proceso_iluminacion_dia,507.5,kWh,dia_operativo,energia_electrica,SUPUESTO,[SUPUESTO] reparto ilustrativo,FTE-09C-09 (cualitativo),didáctico; no sumar con kwh_proceso_dia
electricidad,10000,6,300,medio,nivel=medio,kwh_proceso_oficinas_vestuarios_servicios_dia,362.5,kWh,dia_operativo,energia_electrica,SUPUESTO,[SUPUESTO] reparto ilustrativo,FTE-09C-09 (cualitativo),didáctico; no sumar con kwh_proceso_dia
electricidad,10000,6,300,medio,nivel=medio,kwh_proceso_otros_dia,362.5,kWh,dia_operativo,energia_electrica,SUPUESTO,[SUPUESTO] reparto ilustrativo,FTE-09C-09 (cualitativo),didáctico; no sumar con kwh_proceso_dia
inventario,10000,6,300,medio,,stock_refrigerado_t,64.705057,t,stock,comercial,ESTIMACIÓN,[ESTIMACIÓN],"SUP-055, SUP-056",base=dias_produccion; días=3; perfil=P1
inventario,10000,6,300,medio,,stock_congelado_t,33.55077,t,stock,comercial,ESTIMACIÓN,[ESTIMACIÓN],"SUP-055, SUP-056",base=dias_produccion; días=14; incluye exportación
congelado,10000,6,300,medio,,capacidad_congelacion_t_dia,2.396484,t,dia_operativo,comercial,ESTIMACIÓN,[ESTIMACIÓN],SUP-055,t que hay que congelar cada día de faena (túneles/IQF)
congelado,10000,6,300,medio,,capacidad_almacenamiento_congelado_t,33.55077,t,stock,comercial,ESTIMACIÓN,[ESTIMACIÓN],,t que hay que guardar (cámaras); NO es capacidad de congelación
congelado,10000,6,300,medio,nivel=medio,garras_a_congelar_t_dia_informativo,1.01052,t,dia_operativo,comercial,SUPUESTO,[SUPUESTO],,ya incluidas dentro del comestible: NO sumar al perfil
congelado,10000,6,300,medio,nivel=medio,menudencias_a_congelar_t_dia_informativo,0.54549,t,dia_operativo,comercial,SUPUESTO,[SUPUESTO],,ya incluidas dentro del comestible: NO sumar al perfil
congelado,10000,6,300,medio,nivel=medio,calor_a_extraer_congelacion_kj_kg,384.943,kJ/kg,adimensional,producto,ESTIMACIÓN,[ESTIMACIÓN] con propiedades [PVDP],FTE-09C-14,"de +4 °C a −18 °C, con pérdidas"
frio,10000,6,300,medio,nivel=medio,kw_frigorificos_enfriado_producto_fresco,235.489308,kW frigoríficos,potencia,frio,ESTIMACIÓN,[ESTIMACIÓN] con [SUPUESTO],,chiller + menudencias + salas/docks; durante 8 h netas
frio,10000,6,300,medio,nivel=medio,tr_enfriado_producto_fresco,66.957438,TR,potencia,frio,ESTIMACIÓN,[ESTIMACIÓN],,"1 TR = 3,517 kW frigoríficos"
frio,10000,6,300,medio,nivel=medio,kw_electricos_enfriado_producto_fresco,78.496436,kW eléctricos,potencia,energia_electrica,SUPUESTO,[ESTIMACIÓN] con COP [SUPUESTO],,kW eléctricos = kW frigoríficos / COP
frio,10000,6,300,medio,nivel=medio,kw_frigorificos_congelacion_tuneles,12.812633,kW frigoríficos,potencia,frio,ESTIMACIÓN,[ESTIMACIÓN] con [SUPUESTO],,durante 20 h/día
frio,10000,6,300,medio,nivel=medio,tr_congelacion_tuneles,3.643057,TR,potencia,frio,ESTIMACIÓN,[ESTIMACIÓN],,"1 TR = 3,517 kW frigoríficos"
frio,10000,6,300,medio,nivel=medio,kw_electricos_congelacion_tuneles,9.151881,kW eléctricos,potencia,energia_electrica,SUPUESTO,[ESTIMACIÓN] con COP [SUPUESTO],,kW eléctricos = kW frigoríficos / COP
frio,10000,6,300,medio,nivel=medio,kw_frigorificos_camaras_almacenamiento,13.959517,kW frigoríficos,potencia,frio,ESTIMACIÓN,[ESTIMACIÓN] con [SUPUESTO],,"24 h, 365 días; desde kWh/(t·día)"
frio,10000,6,300,medio,nivel=medio,tr_camaras_almacenamiento,3.969155,TR,potencia,frio,ESTIMACIÓN,[ESTIMACIÓN],,"1 TR = 3,517 kW frigoríficos"
frio,10000,6,300,medio,nivel=medio,kw_electricos_camaras_almacenamiento,6.88989,kW eléctricos,potencia,energia_electrica,SUPUESTO,[ESTIMACIÓN] con COP [SUPUESTO],,kW eléctricos = kW frigoríficos / COP
frio,10000,6,300,medio,nivel=medio,kj_frio_enfriado_por_ave,678.209208,kJ/ave,por_ave,frio,ESTIMACIÓN,[ESTIMACIÓN] con [SUPUESTO],FTE-09C-14,
electricidad,10000,6,300,medio,nivel=medio,kwh_congelacion_dia,455.331884,kWh,dia_operativo,energia_electrica,FUENTE,[ESTIMACIÓN] con indicador [PVDP],120–260 kWh/t de ave congelada; 133 kWh/t (FTE-09C-10),
electricidad,10000,6,300,medio,nivel=medio,kwh_almacenamiento_frio_dia_calendario,165.357368,kWh,dia_calendario,energia_electrica,SUPUESTO,[ESTIMACIÓN] con [SUPUESTO],,las cámaras funcionan también sin faena
electricidad,10000,6,300,medio,nivel=medio,kwh_tratamiento_aerobio_dia,313.5,kWh,dia_operativo,energia_electrica,SUPUESTO,[ESTIMACIÓN] con [SUPUESTO],,cota: si todo el biológico fuera aerobio
electricidad,10000,6,300,medio,nivel=medio,kwh_total_dia_operativo,8184.189252,kWh,dia_operativo,energia_electrica,ESTIMACIÓN,[ESTIMACIÓN],,proceso + congelado + aerobio + cámaras
electricidad,10000,6,300,medio,nivel=medio,kwh_total_anio,2466005.004666,kWh,anio,energia_electrica,ESTIMACIÓN,[ESTIMACIÓN],,cámaras × 365 días; resto × días de faena
electricidad,10000,6,300,medio,nivel=medio,kwh_por_ave_promedio_anual,0.822002,kWh/ave,por_ave,energia_electrica,ESTIMACIÓN,[ESTIMACIÓN],,
electricidad,10000,6,300,medio,nivel=medio,kw_potencia_media_operacion,560.576127,kW,potencia,energia_electrica,ESTIMACIÓN,[ESTIMACIÓN],,proceso sobre 14 h + túneles + cámaras + efluentes
electricidad,10000,6,300,medio,nivel=medio,kw_potencia_pico_estimada,819.504699,kW,potencia,energia_electrica,SUPUESTO,[ESTIMACIÓN] con factor de pico [SUPUESTO],,orden de magnitud para pedir potencia; no es diseño
termico,10000,6,300,medio,nivel=medio,calor_util_escaldado_mj_dia,4018.56,MJ,dia_operativo,energia_termica,ESTIMACIÓN,[ESTIMACIÓN] con temperaturas [PVDP]/[SUPUESTO],FTE-09C-11,
termico,10000,6,300,medio,nivel=medio,kw_termicos_escaldado,139.533333,kW térmicos,potencia,energia_termica,ESTIMACIÓN,[ESTIMACIÓN],,durante 8 h
termico,10000,6,300,medio,nivel=medio,calor_util_limpieza_mj_dia,4646.46,MJ,dia_operativo,energia_termica,ESTIMACIÓN,[ESTIMACIÓN] con temperaturas [PVDP]/[SUPUESTO],FTE-09C-11,
termico,10000,6,300,medio,nivel=medio,kw_termicos_limpieza,322.670833,kW térmicos,potencia,energia_termica,ESTIMACIÓN,[ESTIMACIÓN],,durante 4 h
termico,10000,6,300,medio,nivel=medio,calor_util_sanitizacion_mj_dia,1339.52,MJ,dia_operativo,energia_termica,ESTIMACIÓN,[ESTIMACIÓN] con temperaturas [PVDP]/[SUPUESTO],FTE-09C-11,
termico,10000,6,300,medio,nivel=medio,kw_termicos_sanitizacion,31.007407,kW térmicos,potencia,energia_termica,ESTIMACIÓN,[ESTIMACIÓN],,durante 12 h
termico,10000,6,300,medio,nivel=medio,calor_util_mj_ave,1.000454,MJ/ave,por_ave,energia_termica,ESTIMACIÓN,[ESTIMACIÓN],,
termico,10000,6,300,medio,nivel=medio,energia_combustible_mj_dia,13339.386667,MJ,dia_operativo,energia_termica,ESTIMACIÓN,[ESTIMACIÓN] con rendimiento [SUPUESTO],,
termico,10000,6,300,medio,nivel=medio,energia_combustible_kwh_dia,3705.385185,kWh,dia_operativo,energia_termica,ESTIMACIÓN,[ESTIMACIÓN],,kWh TÉRMICOS (no eléctricos)
termico,10000,6,300,medio,nivel=medio,equivalente_gas_natural_m3_dia,342.914824,m3,dia_operativo,energia_termica,SUPUESTO,[ESTIMACIÓN] con PCI [SUPUESTO],~9.300 kcal/m³ (a verificar con distribuidora),"equivalencia, no elección"
termico,10000,6,300,medio,nivel=medio,equivalente_glp_kg_dia,289.986667,kg,dia_operativo,energia_termica,SUPUESTO,[ESTIMACIÓN] con PCI [SUPUESTO],~11.000 kcal/kg,"equivalencia, no elección"
termico,10000,6,300,medio,nivel=medio,equivalente_biomasa_chip_kg_dia,952.813333,kg,dia_operativo,energia_termica,SUPUESTO,[ESTIMACIÓN] con PCI [SUPUESTO],chip de madera ~20–25 % humedad; muy variable,"equivalencia, no elección"
termico,10000,6,300,medio,nivel=medio,equivalente_electricidad_resistiva_kwh_dia,2835.753968,kWh,dia_operativo,energia_termica,SUPUESTO,[ESTIMACIÓN],,rendimiento 98 %; bomba de calor dividiría por su COP (limitada a ~60–70 °C)
respaldo,10000,6,300,medio,nivel=medio,kw_critico_camaras_frio,10.334836,kW,potencia,energia_electrica,SUPUESTO,[ESTIMACIÓN] con [SUPUESTO],,
respaldo,10000,6,300,medio,nivel=medio,kw_critico_efluentes_minimo,6.53125,kW,potencia,energia_electrica,SUPUESTO,[ESTIMACIÓN] con [SUPUESTO],,
respaldo,10000,6,300,medio,nivel=medio,kw_critico_control_it_seguridad,15.535714,kW,potencia,energia_electrica,SUPUESTO,[ESTIMACIÓN] con [SUPUESTO],,
respaldo,10000,6,300,medio,nivel=medio,kw_critico_iluminacion_emergencia,7.767857,kW,potencia,energia_electrica,SUPUESTO,[ESTIMACIÓN] con [SUPUESTO],,
respaldo,10000,6,300,medio,nivel=medio,kw_critico_bombeo_agua_minimo,23.303571,kW,potencia,energia_electrica,SUPUESTO,[ESTIMACIÓN] con [SUPUESTO],,
respaldo,10000,6,300,medio,nivel=medio,kw_critico_anden_aves_ventilacion,15.535714,kW,potencia,energia_electrica,SUPUESTO,[ESTIMACIÓN] con [SUPUESTO],,
respaldo,10000,6,300,medio,nivel=medio,kw_respaldo_cargas_criticas,79.008943,kW,potencia,energia_electrica,SUPUESTO,[ESTIMACIÓN] con [SUPUESTO],,cámaras + control + emergencia + efluentes + agua + andén
respaldo,10000,6,300,medio,nivel=medio,kva_respaldo_cargas_criticas,98.761178,kVA,potencia,energia_electrica,SUPUESTO,[ESTIMACIÓN],,"fp 0,8"
respaldo,10000,6,300,medio,nivel=medio,kva_respaldo_planta_completa,1024.380874,kVA,potencia,energia_electrica,SUPUESTO,[ESTIMACIÓN],,si se quisiera sostener también la línea
perfil_frio,10000,6,300,medio,perfil=P2,capacidad_congelacion_t_dia,9.585934,t,dia_operativo,comercial,ESTIMACIÓN,[ESTIMACIÓN],SUP-055,t que hay que congelar cada día de faena (túneles/IQF)
perfil_frio,10000,6,300,medio,perfil=P2,capacidad_almacenamiento_congelado_t,134.203082,t,stock,comercial,ESTIMACIÓN,[ESTIMACIÓN],,t que hay que guardar (cámaras); NO es capacidad de congelación
perfil_frio,10000,6,300,medio,perfil=P2,stock_refrigerado_t,43.136705,t,stock,comercial,ESTIMACIÓN,[ESTIMACIÓN],"SUP-055, SUP-056",base=dias_produccion; días=3; perfil=P2
perfil_frio,10000,6,300,medio,perfil=P2,kw_frigorificos_congelacion_tuneles,51.250533,kW frigoríficos,potencia,frio,ESTIMACIÓN,[ESTIMACIÓN] con [SUPUESTO],,durante 20 h/día
perfil_frio,10000,6,300,medio,perfil=P2,kw_electricos_congelacion_tuneles,36.607523,kW eléctricos,potencia,energia_electrica,SUPUESTO,[ESTIMACIÓN] con COP [SUPUESTO],,kW eléctricos = kW frigoríficos / COP
perfil_frio,10000,6,300,medio,perfil=P2,kw_frigorificos_camaras_almacenamiento,28.877627,kW frigoríficos,potencia,frio,ESTIMACIÓN,[ESTIMACIÓN] con [SUPUESTO],,"24 h, 365 días; desde kWh/(t·día)"
perfil_frio,10000,6,300,medio,perfil=P2,kwh_congelacion_dia,1821.327536,kWh,dia_operativo,energia_electrica,FUENTE,[ESTIMACIÓN] con indicador [PVDP],120–260 kWh/t de ave congelada; 133 kWh/t (FTE-09C-10),
perfil_frio,10000,6,300,medio,perfil=P2,kwh_almacenamiento_frio_dia_calendario,445.74595,kWh,dia_calendario,energia_electrica,SUPUESTO,[ESTIMACIÓN] con [SUPUESTO],,las cámaras funcionan también sin faena
perfil_frio,10000,6,300,medio,perfil=P2,kw_respaldo_cargas_criticas,96.533229,kW,potencia,energia_electrica,SUPUESTO,[ESTIMACIÓN] con [SUPUESTO],,cámaras + control + emergencia + efluentes + agua + andén
perfil_frio,10000,6,300,medio,perfil=P3,capacidad_congelacion_t_dia,11.982418,t,dia_operativo,comercial,ESTIMACIÓN,[ESTIMACIÓN],SUP-055,t que hay que congelar cada día de faena (túneles/IQF)
perfil_frio,10000,6,300,medio,perfil=P3,capacidad_almacenamiento_congelado_t,167.753852,t,stock,comercial,ESTIMACIÓN,[ESTIMACIÓN],,t que hay que guardar (cámaras); NO es capacidad de congelación
perfil_frio,10000,6,300,medio,perfil=P3,stock_refrigerado_t,35.947254,t,stock,comercial,ESTIMACIÓN,[ESTIMACIÓN],"SUP-055, SUP-056",base=dias_produccion; días=3; perfil=P3
perfil_frio,10000,6,300,medio,perfil=P3,kw_frigorificos_congelacion_tuneles,64.063166,kW frigoríficos,potencia,frio,ESTIMACIÓN,[ESTIMACIÓN] con [SUPUESTO],,durante 20 h/día
perfil_frio,10000,6,300,medio,perfil=P3,kw_electricos_congelacion_tuneles,45.759404,kW eléctricos,potencia,energia_electrica,SUPUESTO,[ESTIMACIÓN] con COP [SUPUESTO],,kW eléctricos = kW frigoríficos / COP
perfil_frio,10000,6,300,medio,perfil=P3,kw_frigorificos_camaras_almacenamiento,33.850331,kW frigoríficos,potencia,frio,ESTIMACIÓN,[ESTIMACIÓN] con [SUPUESTO],,"24 h, 365 días; desde kWh/(t·día)"
perfil_frio,10000,6,300,medio,perfil=P3,kwh_congelacion_dia,2276.65942,kWh,dia_operativo,energia_electrica,FUENTE,[ESTIMACIÓN] con indicador [PVDP],120–260 kWh/t de ave congelada; 133 kWh/t (FTE-09C-10),
perfil_frio,10000,6,300,medio,perfil=P3,kwh_almacenamiento_frio_dia_calendario,539.20881,kWh,dia_calendario,energia_electrica,SUPUESTO,[ESTIMACIÓN] con [SUPUESTO],,las cámaras funcionan también sin faena
perfil_frio,10000,6,300,medio,perfil=P3,kw_respaldo_cargas_criticas,102.374658,kW,potencia,energia_electrica,SUPUESTO,[ESTIMACIÓN] con [SUPUESTO],,cámaras + control + emergencia + efluentes + agua + andén
entrada,10000,6,300,alto,,aves_faenadas_dia_operativo,10000.0,aves,dia_operativo,aves,SUPUESTO,[SUPUESTO],SUP-052,escala = capacidad operativa
entrada,10000,6,300,alto,,t_vivas_dia_operativo,29.0,t,dia_operativo,vivo,ESTIMACIÓN,[ESTIMACIÓN],escenarios_escala.csv,
agua,10000,6,300,alto,nivel=alto,agua_recepcion_l_ave,2.0,L/ave,por_ave,agua_utilizada,SUPUESTO,[SUPUESTO],sin fuente por ave; DPV propuesto,"Recepción: lavado de jaulas/módulos, camiones y andén"
agua,10000,6,300,alto,nivel=alto,agua_recepcion_m3_dia,20.0,m³,dia_operativo,agua_utilizada,ESTIMACIÓN,[ESTIMACIÓN],,"Recepción: lavado de jaulas/módulos, camiones y andén"
agua,10000,6,300,alto,nivel=alto,agua_escaldado_l_ave,2.0,L/ave,por_ave,agua_utilizada,FUENTE,[FUENTE] [PVDP],"mín. ~1 cuarto de galón (0,95 L)/ave (FTE-09C-11, FTE-09C-18)","Escaldado: llenado, reposición y desborde"
agua,10000,6,300,alto,nivel=alto,agua_escaldado_m3_dia,20.0,m³,dia_operativo,agua_utilizada,ESTIMACIÓN,[ESTIMACIÓN],,"Escaldado: llenado, reposición y desborde"
agua,10000,6,300,alto,nivel=alto,agua_desplumado_l_ave,3.5,L/ave,por_ave,agua_utilizada,SUPUESTO,[SUPUESTO],incluido en totales de FTE-09C-01/02,Desplumado: duchas y transporte de plumas
agua,10000,6,300,alto,nivel=alto,agua_desplumado_m3_dia,35.0,m³,dia_operativo,agua_utilizada,ESTIMACIÓN,[ESTIMACIÓN],,Desplumado: duchas y transporte de plumas
agua,10000,6,300,alto,nivel=alto,agua_evisceracion_l_ave,8.0,L/ave,por_ave,agua_utilizada,FUENTE,[FUENTE] [PVDP],"7,57 L/ave (FTE-09C-01)",Evisceración: lavados interior/exterior y transporte hidráulico de vísceras
agua,10000,6,300,alto,nivel=alto,agua_evisceracion_m3_dia,80.0,m³,dia_operativo,agua_utilizada,ESTIMACIÓN,[ESTIMACIÓN],,Evisceración: lavados interior/exterior y transporte hidráulico de vísceras
agua,10000,6,300,alto,nivel=alto,agua_lavado_l_ave,4.5,L/ave,por_ave,agua_utilizada,FUENTE,[FUENTE] [PVDP],"4,25–4,35 L/ave (FTE-09C-01)",Lavado final de carcasas
agua,10000,6,300,alto,nivel=alto,agua_lavado_m3_dia,45.0,m³,dia_operativo,agua_utilizada,ESTIMACIÓN,[ESTIMACIÓN],,Lavado final de carcasas
agua,10000,6,300,alto,nivel=alto,agua_chiller_l_ave,4.5,L/ave,por_ave,agua_utilizada,FUENTE,[FUENTE] [PVDP],"mín. 0,5 gal = 1,9 L/ave; típico 2,8–5,7 L/ave (FTE-09C-18); 2,12 L/ave (FTE-09C-01)",Chiller: reposición de agua (contracorriente)
agua,10000,6,300,alto,nivel=alto,agua_chiller_m3_dia,45.0,m³,dia_operativo,agua_utilizada,ESTIMACIÓN,[ESTIMACIÓN],,Chiller: reposición de agua (contracorriente)
agua,10000,6,300,alto,nivel=alto,agua_despiece_l_ave,2.0,L/ave,por_ave,agua_utilizada,FUENTE,[FUENTE] [PVDP],"3,03 L/ave (FTE-09C-01)",Sala de despiece y deshuese
agua,10000,6,300,alto,nivel=alto,agua_despiece_m3_dia,20.0,m³,dia_operativo,agua_utilizada,ESTIMACIÓN,[ESTIMACIÓN],,Sala de despiece y deshuese
agua,10000,6,300,alto,nivel=alto,agua_limpieza_l_ave,7.5,L/ave,por_ave,agua_utilizada,FUENTE,[FUENTE] [PVDP],"1,5–3 gal = 5,7–11,4 L/ave saneamiento + 0,9–3,8 L equipos (FTE-09C-01)",Limpieza de equipos y salas (fin de turno)
agua,10000,6,300,alto,nivel=alto,agua_limpieza_m3_dia,75.0,m³,dia_operativo,agua_utilizada,ESTIMACIÓN,[ESTIMACIÓN],,Limpieza de equipos y salas (fin de turno)
agua,10000,6,300,alto,nivel=alto,agua_sanitizacion_l_ave,1.5,L/ave,por_ave,agua_utilizada,SUPUESTO,[SUPUESTO],sin fuente separada,"Sanitización: esterilizadores, lavamanos, pediluvios, enjuagues"
agua,10000,6,300,alto,nivel=alto,agua_sanitizacion_m3_dia,15.0,m³,dia_operativo,agua_utilizada,ESTIMACIÓN,[ESTIMACIÓN],,"Sanitización: esterilizadores, lavamanos, pediluvios, enjuagues"
agua,10000,6,300,alto,nivel=alto,agua_auxiliares_l_ave,2.5,L/ave,por_ave,agua_utilizada,SUPUESTO,[SUPUESTO],sin fuente separada,"Servicios auxiliares: caldera, condensadores evaporativos, vestuarios, comedor"
agua,10000,6,300,alto,nivel=alto,agua_auxiliares_m3_dia,25.0,m³,dia_operativo,agua_utilizada,ESTIMACIÓN,[ESTIMACIÓN],,"Servicios auxiliares: caldera, condensadores evaporativos, vestuarios, comedor"
agua,10000,6,300,alto,nivel=alto,agua_utilizada_l_ave,38.0,L/ave,por_ave,agua_utilizada,ESTIMACIÓN,[ESTIMACIÓN] con rangos [PVDP],FTE-09C-01 a 04,consumo industrial; NO incluye agua retenida
agua,10000,6,300,alto,nivel=alto,agua_utilizada_m3_dia,380.0,m³,dia_operativo,agua_utilizada,ESTIMACIÓN,[ESTIMACIÓN],,
agua,10000,6,300,alto,nivel=alto,agua_utilizada_m3_anio,114000.0,m³,anio,agua_utilizada,ESTIMACIÓN,[ESTIMACIÓN],,
agua,10000,6,300,alto,nivel=alto,agua_utilizada_m3_h_medio,31.666667,m³/h,hora,agua_utilizada,ESTIMACIÓN,[ESTIMACIÓN],,sobre 12 h (faena + limpieza)
agua,10000,6,300,alto,nivel=alto,agua_utilizada_m3_h_pico,69.666667,m³/h,hora,agua_utilizada,SUPUESTO,[SUPUESTO] factor de pico,,"dimensiona captación, bombeo y reserva"
agua,10000,6,300,alto,nivel=alto,reserva_agua_1_dia_m3,380.0,m³,stock,agua_utilizada,ESTIMACIÓN,[ESTIMACIÓN],,"volumen equivalente a un día de uso (referencia conceptual, no diseño)"
agua,10000,6,300,alto,nivel=alto,agua_descargada_m3_dia,361.0,m³,dia_operativo,agua_descargada,SUPUESTO,[ESTIMACIÓN] con fracción [SUPUESTO],,fracción a efluente = 0.95
agua,10000,6,300,alto,nivel=alto,agua_descargada_l_ave,36.1,L/ave,por_ave,agua_descargada,ESTIMACIÓN,[ESTIMACIÓN],,
agua,10000,6,300,alto,nivel=alto,agua_no_descargada_m3_dia,19.0,m³,dia_operativo,agua_no_descargada,ESTIMACIÓN,[ESTIMACIÓN],,evaporación + retenida + sale con subproductos + pérdidas
agua_retenida,10000,6,300,alto,,agua_retenida_en_producto_t_dia,0.855264,t,dia_operativo,agua_retenida,ESTIMACIÓN,[ESTIMACIÓN] del balance v1.1,escenarios_escala.csv,sale vendida con el producto; NO es consumo industrial ni efluente
agua_retenida,10000,6,300,alto,,agua_incorporada_producto_y_subproductos_t_dia,2.126606,t,dia_operativo,agua_retenida,ESTIMACIÓN,[ESTIMACIÓN] del balance v1.1,escenarios_escala.csv,absorbida en chiller + adherida a plumas (incluye goteo posterior)
agua_retenida,10000,6,300,alto,,agua_retenida_sobre_agua_utilizada_pct,0.225069,%,adimensional,agua,ESTIMACIÓN,[ESTIMACIÓN],,cuánto del agua usada termina dentro del producto
efluente,10000,6,300,alto,nivel=alto,carga_DQO_g_ave,180.0,g/ave,por_ave,efluente_crudo,ESTIMACIÓN,[ESTIMACIÓN] con rangos [PVDP],FTE-181; FTE-09C-05,efluente crudo tras retirar sangre y sólidos gruesos
efluente,10000,6,300,alto,nivel=alto,carga_DQO_kg_dia,1800.0,kg,dia_operativo,efluente_crudo,ESTIMACIÓN,[ESTIMACIÓN],,
efluente,10000,6,300,alto,nivel=alto,concentracion_DQO_mg_l,4986.149584,mg/L,adimensional,efluente_crudo,ESTIMACIÓN,[ESTIMACIÓN],,"resultado (carga / caudal), no parámetro"
efluente,10000,6,300,alto,nivel=alto,carga_DBO5_g_ave,90.0,g/ave,por_ave,efluente_crudo,ESTIMACIÓN,[ESTIMACIÓN] con rangos [PVDP],"FTE-181; FTE-09C-05 (DBO/DQO ~0,4–0,6)",efluente crudo tras retirar sangre y sólidos gruesos
efluente,10000,6,300,alto,nivel=alto,carga_DBO5_kg_dia,900.0,kg,dia_operativo,efluente_crudo,ESTIMACIÓN,[ESTIMACIÓN],,
efluente,10000,6,300,alto,nivel=alto,concentracion_DBO5_mg_l,2493.074792,mg/L,adimensional,efluente_crudo,ESTIMACIÓN,[ESTIMACIÓN],,"resultado (carga / caudal), no parámetro"
efluente,10000,6,300,alto,nivel=alto,carga_SST_g_ave,80.0,g/ave,por_ave,efluente_crudo,ESTIMACIÓN,[ESTIMACIÓN] con rangos [PVDP],FTE-181; FTE-09C-05,efluente crudo tras retirar sangre y sólidos gruesos
efluente,10000,6,300,alto,nivel=alto,carga_SST_kg_dia,800.0,kg,dia_operativo,efluente_crudo,ESTIMACIÓN,[ESTIMACIÓN],,
efluente,10000,6,300,alto,nivel=alto,concentracion_SST_mg_l,2216.066482,mg/L,adimensional,efluente_crudo,ESTIMACIÓN,[ESTIMACIÓN],,"resultado (carga / caudal), no parámetro"
efluente,10000,6,300,alto,nivel=alto,carga_GyA_g_ave,25.0,g/ave,por_ave,efluente_crudo,ESTIMACIÓN,[ESTIMACIÓN] con rangos [PVDP],FTE-09C-06 (~500 mg/L tamizado),efluente crudo tras retirar sangre y sólidos gruesos
efluente,10000,6,300,alto,nivel=alto,carga_GyA_kg_dia,250.0,kg,dia_operativo,efluente_crudo,ESTIMACIÓN,[ESTIMACIÓN],,
efluente,10000,6,300,alto,nivel=alto,concentracion_GyA_mg_l,692.520776,mg/L,adimensional,efluente_crudo,ESTIMACIÓN,[ESTIMACIÓN],,"resultado (carga / caudal), no parámetro"
efluente,10000,6,300,alto,nivel=alto,carga_NTK_g_ave,8.0,g/ave,por_ave,efluente_crudo,ESTIMACIÓN,[ESTIMACIÓN] con rangos [PVDP],FTE-09C-06 (150–296 mg/L),efluente crudo tras retirar sangre y sólidos gruesos
efluente,10000,6,300,alto,nivel=alto,carga_NTK_kg_dia,80.0,kg,dia_operativo,efluente_crudo,ESTIMACIÓN,[ESTIMACIÓN],,
efluente,10000,6,300,alto,nivel=alto,concentracion_NTK_mg_l,221.606648,mg/L,adimensional,efluente_crudo,ESTIMACIÓN,[ESTIMACIÓN],,"resultado (carga / caudal), no parámetro"
efluente,10000,6,300,alto,nivel=alto,carga_PT_g_ave,1.0,g/ave,por_ave,efluente_crudo,ESTIMACIÓN,[ESTIMACIÓN] con rangos [PVDP],"FTE-09C-06 (~18,5 mg/L)",efluente crudo tras retirar sangre y sólidos gruesos
efluente,10000,6,300,alto,nivel=alto,carga_PT_kg_dia,10.0,kg,dia_operativo,efluente_crudo,ESTIMACIÓN,[ESTIMACIÓN],,
efluente,10000,6,300,alto,nivel=alto,concentracion_PT_mg_l,27.700831,mg/L,adimensional,efluente_crudo,ESTIMACIÓN,[ESTIMACIÓN],,"resultado (carga / caudal), no parámetro"
efluente,10000,6,300,alto,,dqo_extra_por_sangre_no_recuperada_g_ave,0.0,g/ave,por_ave,efluente_crudo,ESTIMACIÓN,[ESTIMACIÓN] con DQO de sangre [PVDP],FTE-181,recuperación 0.85 vs referencia 0.85
efluente,10000,6,300,alto,,dqo_evitada_por_recuperar_sangre_kg_dia,299.321429,kg,dia_operativo,efluente_crudo,ESTIMACIÓN,[ESTIMACIÓN] con DQO de sangre [PVDP],FTE-181,orden de magnitud; no es una reducción medida
efluente,10000,6,300,alto,nivel=alto,caudal_efluente_m3_h_pico,66.183333,m³/h,hora,agua_descargada,SUPUESTO,[SUPUESTO] factor de pico,,dimensiona ecualización
efluente,10000,6,300,alto,nivel=alto,remocion_dqo_requerida_ilustrativa_pct,94.986111,%,adimensional,efluente_crudo,ESTIMACIÓN,[ESTIMACIÓN] con límite [PVDP],FTE-09C-08,"límite ilustrativo 250 mg/L (ADA 336/03, pluvial; a confirmar según sitio y cuerpo receptor)"
masa_evitable,10000,6,300,alto,,sangre_recuperada_t_dia,0.8381,t,dia_operativo,biologica+agua,ESTIMACIÓN,[ESTIMACIÓN] del balance v1.1,escenarios_escala.csv,"sangre recuperada por separado (85 %, SUP-040)"
masa_evitable,10000,6,300,alto,,plumas_t_dia,2.4128,t,dia_operativo,biologica+agua,ESTIMACIÓN,[ESTIMACIÓN] del balance v1.1,escenarios_escala.csv,plumas húmedas retiradas
masa_evitable,10000,6,300,alto,,visceras_t_dia,1.305,t,dia_operativo,biologica+agua,ESTIMACIÓN,[ESTIMACIÓN] del balance v1.1,escenarios_escala.csv,vísceras no comestibles
masa_evitable,10000,6,300,alto,,cabeza_t_dia,0.725,t,dia_operativo,biologica+agua,ESTIMACIÓN,[ESTIMACIÓN] del balance v1.1,escenarios_escala.csv,cabezas
masa_evitable,10000,6,300,alto,,solidos_a_retirar_t_dia,6.083526,t,dia_operativo,biologica+agua,ESTIMACIÓN,[ESTIMACIÓN] del balance v1.1,escenarios_escala.csv,total sólidos a retirar en seco (C + decomisos + contenido GI; NO sumar)
masa_evitable,10000,6,300,alto,,masa_a_efluente_o_perdida_t_dia,1.078243,t,dia_operativo,biologica+agua,ESTIMACIÓN,[ESTIMACIÓN] del balance v1.1,escenarios_escala.csv,"masa que el balance ya envía a efluente o pérdida (sangre no recuperada, cutícula, goteo, pérdidas)"
lodos,10000,6,300,alto,nivel=alto,lodo_daf_kg_ms_dia,576.875,kg,dia_operativo,materia_seca,ESTIMACIÓN,[ESTIMACIÓN] con remociones [PVDP],"FTE-09C-05, FTE-09C-13",sólidos + grasas flotados + químicos
lodos,10000,6,300,alto,nivel=alto,lodo_daf_t_humedo_dia,5.76875,t,dia_operativo,lodo_humedo,ESTIMACIÓN,[ESTIMACIÓN] con % sólidos [PVDP],FTE-09C-13,
lodos,10000,6,300,alto,nivel=alto,dbo_al_tratamiento_biologico_kg_dia,630.0,kg,dia_operativo,efluente_pretratado,ESTIMACIÓN,[ESTIMACIÓN],,después de DAF
lodos,10000,6,300,alto,nivel=alto,lodo_biologico_aerobio_kg_ms_dia,299.25,kg,dia_operativo,materia_seca,SUPUESTO,[ESTIMACIÓN] con rendimiento [SUPUESTO],,si el tratamiento fuera aerobio completo; anaerobio genera mucho menos lodo
lodos,10000,6,300,alto,nivel=alto,lodos_deshidratados_t_dia,5.840833,t,dia_operativo,lodo_humedo,SUPUESTO,[ESTIMACIÓN] con [SUPUESTO],,DAF + biológico deshidratados; disposición/valorización a definir
electricidad,10000,6,300,alto,nivel=alto,kwh_proceso_dia,13050.0,kWh,dia_operativo,energia_electrica,FUENTE,[ESTIMACIÓN] con indicador [PVDP],"UE 152–860 kWh/t faenada; Brasil 165 kWh/t; 1,19 MJ/kg = 330 kWh/t (FTE-09C-09, FTE-09C-03)","faena, proceso, enfriado fresco, aire, agua, servicios"
electricidad,10000,6,300,alto,nivel=alto,kwh_proceso_frio_de_proceso_agua_helada_hielo_dia,4567.5,kWh,dia_operativo,energia_electrica,SUPUESTO,[SUPUESTO] reparto ilustrativo,FTE-09C-09 (cualitativo),didáctico; no sumar con kwh_proceso_dia
electricidad,10000,6,300,alto,nivel=alto,kwh_proceso_motores_de_linea_y_transportadores_dia,2610.0,kWh,dia_operativo,energia_electrica,SUPUESTO,[SUPUESTO] reparto ilustrativo,FTE-09C-09 (cualitativo),didáctico; no sumar con kwh_proceso_dia
electricidad,10000,6,300,alto,nivel=alto,kwh_proceso_aire_comprimido_dia,1305.0,kWh,dia_operativo,energia_electrica,SUPUESTO,[SUPUESTO] reparto ilustrativo,FTE-09C-09 (cualitativo),didáctico; no sumar con kwh_proceso_dia
electricidad,10000,6,300,alto,nivel=alto,kwh_proceso_bombas_agua_y_efluentes_dia,1305.0,kWh,dia_operativo,energia_electrica,SUPUESTO,[SUPUESTO] reparto ilustrativo,FTE-09C-09 (cualitativo),didáctico; no sumar con kwh_proceso_dia
electricidad,10000,6,300,alto,nivel=alto,kwh_proceso_climatizacion_salas_dia,1044.0,kWh,dia_operativo,energia_electrica,SUPUESTO,[SUPUESTO] reparto ilustrativo,FTE-09C-09 (cualitativo),didáctico; no sumar con kwh_proceso_dia
electricidad,10000,6,300,alto,nivel=alto,kwh_proceso_iluminacion_dia,913.5,kWh,dia_operativo,energia_electrica,SUPUESTO,[SUPUESTO] reparto ilustrativo,FTE-09C-09 (cualitativo),didáctico; no sumar con kwh_proceso_dia
electricidad,10000,6,300,alto,nivel=alto,kwh_proceso_oficinas_vestuarios_servicios_dia,652.5,kWh,dia_operativo,energia_electrica,SUPUESTO,[SUPUESTO] reparto ilustrativo,FTE-09C-09 (cualitativo),didáctico; no sumar con kwh_proceso_dia
electricidad,10000,6,300,alto,nivel=alto,kwh_proceso_otros_dia,652.5,kWh,dia_operativo,energia_electrica,SUPUESTO,[SUPUESTO] reparto ilustrativo,FTE-09C-09 (cualitativo),didáctico; no sumar con kwh_proceso_dia
inventario,10000,6,300,alto,,stock_refrigerado_t,64.705057,t,stock,comercial,ESTIMACIÓN,[ESTIMACIÓN],"SUP-055, SUP-056",base=dias_produccion; días=3; perfil=P1
inventario,10000,6,300,alto,,stock_congelado_t,33.55077,t,stock,comercial,ESTIMACIÓN,[ESTIMACIÓN],"SUP-055, SUP-056",base=dias_produccion; días=14; incluye exportación
congelado,10000,6,300,alto,,capacidad_congelacion_t_dia,2.396484,t,dia_operativo,comercial,ESTIMACIÓN,[ESTIMACIÓN],SUP-055,t que hay que congelar cada día de faena (túneles/IQF)
congelado,10000,6,300,alto,,capacidad_almacenamiento_congelado_t,33.55077,t,stock,comercial,ESTIMACIÓN,[ESTIMACIÓN],,t que hay que guardar (cámaras); NO es capacidad de congelación
congelado,10000,6,300,alto,nivel=alto,garras_a_congelar_t_dia_informativo,1.01052,t,dia_operativo,comercial,SUPUESTO,[SUPUESTO],,ya incluidas dentro del comestible: NO sumar al perfil
congelado,10000,6,300,alto,nivel=alto,menudencias_a_congelar_t_dia_informativo,1.09098,t,dia_operativo,comercial,SUPUESTO,[SUPUESTO],,ya incluidas dentro del comestible: NO sumar al perfil
congelado,10000,6,300,alto,nivel=alto,calor_a_extraer_congelacion_kj_kg,444.165,kJ/kg,adimensional,producto,ESTIMACIÓN,[ESTIMACIÓN] con propiedades [PVDP],FTE-09C-14,"de +4 °C a −18 °C, con pérdidas"
frio,10000,6,300,alto,nivel=alto,kw_frigorificos_enfriado_producto_fresco,336.339194,kW frigoríficos,potencia,frio,ESTIMACIÓN,[ESTIMACIÓN] con [SUPUESTO],,chiller + menudencias + salas/docks; durante 8 h netas
frio,10000,6,300,alto,nivel=alto,tr_enfriado_producto_fresco,95.632412,TR,potencia,frio,ESTIMACIÓN,[ESTIMACIÓN],,"1 TR = 3,517 kW frigoríficos"
frio,10000,6,300,alto,nivel=alto,kw_electricos_enfriado_producto_fresco,146.234432,kW eléctricos,potencia,energia_electrica,SUPUESTO,[ESTIMACIÓN] con COP [SUPUESTO],,kW eléctricos = kW frigoríficos / COP
frio,10000,6,300,alto,nivel=alto,kw_frigorificos_congelacion_tuneles,14.783807,kW frigoríficos,potencia,frio,ESTIMACIÓN,[ESTIMACIÓN] con [SUPUESTO],,durante 20 h/día
frio,10000,6,300,alto,nivel=alto,tr_congelacion_tuneles,4.203528,TR,potencia,frio,ESTIMACIÓN,[ESTIMACIÓN],,"1 TR = 3,517 kW frigoríficos"
frio,10000,6,300,alto,nivel=alto,kw_electricos_congelacion_tuneles,13.439825,kW eléctricos,potencia,energia_electrica,SUPUESTO,[ESTIMACIÓN] con COP [SUPUESTO],,kW eléctricos = kW frigoríficos / COP
frio,10000,6,300,alto,nivel=alto,kw_frigorificos_camaras_almacenamiento,20.090521,kW frigoríficos,potencia,frio,ESTIMACIÓN,[ESTIMACIÓN] con [SUPUESTO],,"24 h, 365 días; desde kWh/(t·día)"
frio,10000,6,300,alto,nivel=alto,tr_camaras_almacenamiento,5.712403,TR,potencia,frio,ESTIMACIÓN,[ESTIMACIÓN],,"1 TR = 3,517 kW frigoríficos"
frio,10000,6,300,alto,nivel=alto,kw_electricos_camaras_almacenamiento,12.381832,kW eléctricos,potencia,energia_electrica,SUPUESTO,[ESTIMACIÓN] con COP [SUPUESTO],,kW eléctricos = kW frigoríficos / COP
frio,10000,6,300,alto,nivel=alto,kj_frio_enfriado_por_ave,968.656877,kJ/ave,por_ave,frio,ESTIMACIÓN,[ESTIMACIÓN] con [SUPUESTO],FTE-09C-14,
electricidad,10000,6,300,alto,nivel=alto,kwh_congelacion_dia,623.085736,kWh,dia_operativo,energia_electrica,FUENTE,[ESTIMACIÓN] con indicador [PVDP],120–260 kWh/t de ave congelada; 133 kWh/t (FTE-09C-10),
electricidad,10000,6,300,alto,nivel=alto,kwh_almacenamiento_frio_dia_calendario,297.163966,kWh,dia_calendario,energia_electrica,SUPUESTO,[ESTIMACIÓN] con [SUPUESTO],,las cámaras funcionan también sin faena
electricidad,10000,6,300,alto,nivel=alto,kwh_tratamiento_aerobio_dia,1197.0,kWh,dia_operativo,energia_electrica,SUPUESTO,[ESTIMACIÓN] con [SUPUESTO],,cota: si todo el biológico fuera aerobio
electricidad,10000,6,300,alto,nivel=alto,kwh_total_dia_operativo,15167.249702,kWh,dia_operativo,energia_electrica,ESTIMACIÓN,[ESTIMACIÓN],,proceso + congelado + aerobio + cámaras
electricidad,10000,6,300,alto,nivel=alto,kwh_total_anio,4569490.568536,kWh,anio,energia_electrica,ESTIMACIÓN,[ESTIMACIÓN],,cámaras × 365 días; resto × días de faena
electricidad,10000,6,300,alto,nivel=alto,kwh_por_ave_promedio_anual,1.523164,kWh/ave,por_ave,energia_electrica,ESTIMACIÓN,[ESTIMACIÓN],,
electricidad,10000,6,300,alto,nivel=alto,kw_potencia_media_operacion,1025.553976,kW,potencia,energia_electrica,ESTIMACIÓN,[ESTIMACIÓN],,proceso sobre 14 h + túneles + cámaras + efluentes
electricidad,10000,6,300,alto,nivel=alto,kw_potencia_pico_estimada,1771.268262,kW,potencia,energia_electrica,SUPUESTO,[ESTIMACIÓN] con factor de pico [SUPUESTO],,orden de magnitud para pedir potencia; no es diseño
termico,10000,6,300,alto,nivel=alto,calor_util_escaldado_mj_dia,11051.04,MJ,dia_operativo,energia_termica,ESTIMACIÓN,[ESTIMACIÓN] con temperaturas [PVDP]/[SUPUESTO],FTE-09C-11,
termico,10000,6,300,alto,nivel=alto,kw_termicos_escaldado,383.716667,kW térmicos,potencia,energia_termica,ESTIMACIÓN,[ESTIMACIÓN],,durante 8 h
termico,10000,6,300,alto,nivel=alto,calor_util_limpieza_mj_dia,9230.13,MJ,dia_operativo,energia_termica,ESTIMACIÓN,[ESTIMACIÓN] con temperaturas [PVDP]/[SUPUESTO],FTE-09C-11,
termico,10000,6,300,alto,nivel=alto,kw_termicos_limpieza,640.98125,kW térmicos,potencia,energia_termica,ESTIMACIÓN,[ESTIMACIÓN],,durante 4 h
termico,10000,6,300,alto,nivel=alto,calor_util_sanitizacion_mj_dia,2812.992,MJ,dia_operativo,energia_termica,ESTIMACIÓN,[ESTIMACIÓN] con temperaturas [PVDP]/[SUPUESTO],FTE-09C-11,
termico,10000,6,300,alto,nivel=alto,kw_termicos_sanitizacion,65.115556,kW térmicos,potencia,energia_termica,ESTIMACIÓN,[ESTIMACIÓN],,durante 12 h
termico,10000,6,300,alto,nivel=alto,calor_util_mj_ave,2.309416,MJ/ave,por_ave,energia_termica,ESTIMACIÓN,[ESTIMACIÓN],,
termico,10000,6,300,alto,nivel=alto,energia_combustible_mj_dia,35529.48,MJ,dia_operativo,energia_termica,ESTIMACIÓN,[ESTIMACIÓN] con rendimiento [SUPUESTO],,
termico,10000,6,300,alto,nivel=alto,energia_combustible_kwh_dia,9869.3,kWh,dia_operativo,energia_termica,ESTIMACIÓN,[ESTIMACIÓN],,kWh TÉRMICOS (no eléctricos)
termico,10000,6,300,alto,nivel=alto,equivalente_gas_natural_m3_dia,913.354242,m3,dia_operativo,energia_termica,SUPUESTO,[ESTIMACIÓN] con PCI [SUPUESTO],~9.300 kcal/m³ (a verificar con distribuidora),"equivalencia, no elección"
termico,10000,6,300,alto,nivel=alto,equivalente_glp_kg_dia,772.38,kg,dia_operativo,energia_termica,SUPUESTO,[ESTIMACIÓN] con PCI [SUPUESTO],~11.000 kcal/kg,"equivalencia, no elección"
termico,10000,6,300,alto,nivel=alto,equivalente_biomasa_chip_kg_dia,2537.82,kg,dia_operativo,energia_termica,SUPUESTO,[ESTIMACIÓN] con PCI [SUPUESTO],chip de madera ~20–25 % humedad; muy variable,"equivalencia, no elección"
termico,10000,6,300,alto,nivel=alto,equivalente_electricidad_resistiva_kwh_dia,6545.964286,kWh,dia_operativo,energia_termica,SUPUESTO,[ESTIMACIÓN],,rendimiento 98 %; bomba de calor dividiría por su COP (limitada a ~60–70 °C)
respaldo,10000,6,300,alto,nivel=alto,kw_critico_camaras_frio,24.763664,kW,potencia,energia_electrica,SUPUESTO,[ESTIMACIÓN] con [SUPUESTO],,
respaldo,10000,6,300,alto,nivel=alto,kw_critico_efluentes_minimo,24.9375,kW,potencia,energia_electrica,SUPUESTO,[ESTIMACIÓN] con [SUPUESTO],,
respaldo,10000,6,300,alto,nivel=alto,kw_critico_control_it_seguridad,33.557143,kW,potencia,energia_electrica,SUPUESTO,[ESTIMACIÓN] con [SUPUESTO],,
respaldo,10000,6,300,alto,nivel=alto,kw_critico_iluminacion_emergencia,16.778571,kW,potencia,energia_electrica,SUPUESTO,[ESTIMACIÓN] con [SUPUESTO],,
respaldo,10000,6,300,alto,nivel=alto,kw_critico_bombeo_agua_minimo,50.335714,kW,potencia,energia_electrica,SUPUESTO,[ESTIMACIÓN] con [SUPUESTO],,
respaldo,10000,6,300,alto,nivel=alto,kw_critico_anden_aves_ventilacion,33.557143,kW,potencia,energia_electrica,SUPUESTO,[ESTIMACIÓN] con [SUPUESTO],,
respaldo,10000,6,300,alto,nivel=alto,kw_respaldo_cargas_criticas,183.929735,kW,potencia,energia_electrica,SUPUESTO,[ESTIMACIÓN] con [SUPUESTO],,cámaras + control + emergencia + efluentes + agua + andén
respaldo,10000,6,300,alto,nivel=alto,kva_respaldo_cargas_criticas,229.912169,kVA,potencia,energia_electrica,SUPUESTO,[ESTIMACIÓN],,"fp 0,8"
respaldo,10000,6,300,alto,nivel=alto,kva_respaldo_planta_completa,2214.085327,kVA,potencia,energia_electrica,SUPUESTO,[ESTIMACIÓN],,si se quisiera sostener también la línea
perfil_frio,10000,6,300,alto,perfil=P2,capacidad_congelacion_t_dia,9.585934,t,dia_operativo,comercial,ESTIMACIÓN,[ESTIMACIÓN],SUP-055,t que hay que congelar cada día de faena (túneles/IQF)
perfil_frio,10000,6,300,alto,perfil=P2,capacidad_almacenamiento_congelado_t,134.203082,t,stock,comercial,ESTIMACIÓN,[ESTIMACIÓN],,t que hay que guardar (cámaras); NO es capacidad de congelación
perfil_frio,10000,6,300,alto,perfil=P2,stock_refrigerado_t,43.136705,t,stock,comercial,ESTIMACIÓN,[ESTIMACIÓN],"SUP-055, SUP-056",base=dias_produccion; días=3; perfil=P2
perfil_frio,10000,6,300,alto,perfil=P2,kw_frigorificos_congelacion_tuneles,59.13523,kW frigoríficos,potencia,frio,ESTIMACIÓN,[ESTIMACIÓN] con [SUPUESTO],,durante 20 h/día
perfil_frio,10000,6,300,alto,perfil=P2,kw_electricos_congelacion_tuneles,53.7593,kW eléctricos,potencia,energia_electrica,SUPUESTO,[ESTIMACIÓN] con COP [SUPUESTO],,kW eléctricos = kW frigoríficos / COP
perfil_frio,10000,6,300,alto,perfil=P2,kw_frigorificos_camaras_almacenamiento,39.022741,kW frigoríficos,potencia,frio,ESTIMACIÓN,[ESTIMACIÓN] con [SUPUESTO],,"24 h, 365 días; desde kWh/(t·día)"
perfil_frio,10000,6,300,alto,perfil=P2,kwh_congelacion_dia,2492.342944,kWh,dia_operativo,energia_electrica,FUENTE,[ESTIMACIÓN] con indicador [PVDP],120–260 kWh/t de ave congelada; 133 kWh/t (FTE-09C-10),
perfil_frio,10000,6,300,alto,perfil=P2,kwh_almacenamiento_frio_dia_calendario,757.288818,kWh,dia_calendario,energia_electrica,SUPUESTO,[ESTIMACIÓN] con [SUPUESTO],,las cámaras funcionan también sin faena
perfil_frio,10000,6,300,alto,perfil=P2,kw_respaldo_cargas_criticas,222.273473,kW,potencia,energia_electrica,SUPUESTO,[ESTIMACIÓN] con [SUPUESTO],,cámaras + control + emergencia + efluentes + agua + andén
perfil_frio,10000,6,300,alto,perfil=P3,capacidad_congelacion_t_dia,11.982418,t,dia_operativo,comercial,ESTIMACIÓN,[ESTIMACIÓN],SUP-055,t que hay que congelar cada día de faena (túneles/IQF)
perfil_frio,10000,6,300,alto,perfil=P3,capacidad_almacenamiento_congelado_t,167.753852,t,stock,comercial,ESTIMACIÓN,[ESTIMACIÓN],,t que hay que guardar (cámaras); NO es capacidad de congelación
perfil_frio,10000,6,300,alto,perfil=P3,stock_refrigerado_t,35.947254,t,stock,comercial,ESTIMACIÓN,[ESTIMACIÓN],"SUP-055, SUP-056",base=dias_produccion; días=3; perfil=P3
perfil_frio,10000,6,300,alto,perfil=P3,kw_frigorificos_congelacion_tuneles,73.919037,kW frigoríficos,potencia,frio,ESTIMACIÓN,[ESTIMACIÓN] con [SUPUESTO],,durante 20 h/día
perfil_frio,10000,6,300,alto,perfil=P3,kw_electricos_congelacion_tuneles,67.199125,kW eléctricos,potencia,energia_electrica,SUPUESTO,[ESTIMACIÓN] con COP [SUPUESTO],,kW eléctricos = kW frigoríficos / COP
perfil_frio,10000,6,300,alto,perfil=P3,kw_frigorificos_camaras_almacenamiento,45.333481,kW frigoríficos,potencia,frio,ESTIMACIÓN,[ESTIMACIÓN] con [SUPUESTO],,"24 h, 365 días; desde kWh/(t·día)"
perfil_frio,10000,6,300,alto,perfil=P3,kwh_congelacion_dia,3115.42868,kWh,dia_operativo,energia_electrica,FUENTE,[ESTIMACIÓN] con indicador [PVDP],120–260 kWh/t de ave congelada; 133 kWh/t (FTE-09C-10),
perfil_frio,10000,6,300,alto,perfil=P3,kwh_almacenamiento_frio_dia_calendario,910.663768,kWh,dia_calendario,energia_electrica,SUPUESTO,[ESTIMACIÓN] con [SUPUESTO],,las cámaras funcionan también sin faena
perfil_frio,10000,6,300,alto,perfil=P3,kw_respaldo_cargas_criticas,235.054719,kW,potencia,energia_electrica,SUPUESTO,[ESTIMACIÓN] con [SUPUESTO],,cámaras + control + emergencia + efluentes + agua + andén
inventario,10000,6,300,-,base_temporal=dias_produccion; dias=1,comestible_total_t,23.964836,t,stock,comercial,ESTIMACIÓN,[ESTIMACIÓN],"SUP-055, SUP-056; = escenarios_escala.csv",días de producción
inventario,10000,6,300,-,base_temporal=dias_produccion; dias=1; perfil_destino=P1,refrigerado_t,21.568352,t,stock,comercial,ESTIMACIÓN,[ESTIMACIÓN],"SUP-055, SUP-056; = escenarios_escala.csv",días de producción
inventario,10000,6,300,-,base_temporal=dias_produccion; dias=1; perfil_destino=P1,congelado_t,2.396484,t,stock,comercial,ESTIMACIÓN,[ESTIMACIÓN],"SUP-055, SUP-056; = escenarios_escala.csv",días de producción
inventario,10000,6,300,-,base_temporal=dias_produccion; dias=1; perfil_destino=P1,exportacion_t,0.0,t,stock,comercial,ESTIMACIÓN,[ESTIMACIÓN],"SUP-055, SUP-056; = escenarios_escala.csv",días de producción
inventario,10000,6,300,-,base_temporal=dias_produccion; dias=1; perfil_destino=P2,refrigerado_t,14.378902,t,stock,comercial,ESTIMACIÓN,[ESTIMACIÓN],"SUP-055, SUP-056; = escenarios_escala.csv",días de producción
inventario,10000,6,300,-,base_temporal=dias_produccion; dias=1; perfil_destino=P2,congelado_t,9.585934,t,stock,comercial,ESTIMACIÓN,[ESTIMACIÓN],"SUP-055, SUP-056; = escenarios_escala.csv",días de producción
inventario,10000,6,300,-,base_temporal=dias_produccion; dias=1; perfil_destino=P2,exportacion_t,0.0,t,stock,comercial,ESTIMACIÓN,[ESTIMACIÓN],"SUP-055, SUP-056; = escenarios_escala.csv",días de producción
inventario,10000,6,300,-,base_temporal=dias_produccion; dias=1; perfil_destino=P3,refrigerado_t,11.982418,t,stock,comercial,ESTIMACIÓN,[ESTIMACIÓN],"SUP-055, SUP-056; = escenarios_escala.csv",días de producción
inventario,10000,6,300,-,base_temporal=dias_produccion; dias=1; perfil_destino=P3,congelado_t,7.189451,t,stock,comercial,ESTIMACIÓN,[ESTIMACIÓN],"SUP-055, SUP-056; = escenarios_escala.csv",días de producción
inventario,10000,6,300,-,base_temporal=dias_produccion; dias=1; perfil_destino=P3,exportacion_t,4.792967,t,stock,comercial,ESTIMACIÓN,[ESTIMACIÓN],"SUP-055, SUP-056; = escenarios_escala.csv",días de producción
inventario,10000,6,300,-,base_temporal=dias_produccion; dias=3,comestible_total_t,71.894508,t,stock,comercial,ESTIMACIÓN,[ESTIMACIÓN],"SUP-055, SUP-056; = escenarios_escala.csv",días de producción
inventario,10000,6,300,-,base_temporal=dias_produccion; dias=3; perfil_destino=P1,refrigerado_t,64.705057,t,stock,comercial,ESTIMACIÓN,[ESTIMACIÓN],"SUP-055, SUP-056; = escenarios_escala.csv",días de producción
inventario,10000,6,300,-,base_temporal=dias_produccion; dias=3; perfil_destino=P1,congelado_t,7.189451,t,stock,comercial,ESTIMACIÓN,[ESTIMACIÓN],"SUP-055, SUP-056; = escenarios_escala.csv",días de producción
inventario,10000,6,300,-,base_temporal=dias_produccion; dias=3; perfil_destino=P1,exportacion_t,0.0,t,stock,comercial,ESTIMACIÓN,[ESTIMACIÓN],"SUP-055, SUP-056; = escenarios_escala.csv",días de producción
inventario,10000,6,300,-,base_temporal=dias_produccion; dias=3; perfil_destino=P2,refrigerado_t,43.136705,t,stock,comercial,ESTIMACIÓN,[ESTIMACIÓN],"SUP-055, SUP-056; = escenarios_escala.csv",días de producción
inventario,10000,6,300,-,base_temporal=dias_produccion; dias=3; perfil_destino=P2,congelado_t,28.757803,t,stock,comercial,ESTIMACIÓN,[ESTIMACIÓN],"SUP-055, SUP-056; = escenarios_escala.csv",días de producción
inventario,10000,6,300,-,base_temporal=dias_produccion; dias=3; perfil_destino=P2,exportacion_t,0.0,t,stock,comercial,ESTIMACIÓN,[ESTIMACIÓN],"SUP-055, SUP-056; = escenarios_escala.csv",días de producción
inventario,10000,6,300,-,base_temporal=dias_produccion; dias=3; perfil_destino=P3,refrigerado_t,35.947254,t,stock,comercial,ESTIMACIÓN,[ESTIMACIÓN],"SUP-055, SUP-056; = escenarios_escala.csv",días de producción
inventario,10000,6,300,-,base_temporal=dias_produccion; dias=3; perfil_destino=P3,congelado_t,21.568352,t,stock,comercial,ESTIMACIÓN,[ESTIMACIÓN],"SUP-055, SUP-056; = escenarios_escala.csv",días de producción
inventario,10000,6,300,-,base_temporal=dias_produccion; dias=3; perfil_destino=P3,exportacion_t,14.378902,t,stock,comercial,ESTIMACIÓN,[ESTIMACIÓN],"SUP-055, SUP-056; = escenarios_escala.csv",días de producción
inventario,10000,6,300,-,base_temporal=dias_produccion; dias=7,comestible_total_t,167.753852,t,stock,comercial,ESTIMACIÓN,[ESTIMACIÓN],"SUP-055, SUP-056; = escenarios_escala.csv",días de producción
inventario,10000,6,300,-,base_temporal=dias_produccion; dias=7; perfil_destino=P1,refrigerado_t,150.978467,t,stock,comercial,ESTIMACIÓN,[ESTIMACIÓN],"SUP-055, SUP-056; = escenarios_escala.csv",días de producción
inventario,10000,6,300,-,base_temporal=dias_produccion; dias=7; perfil_destino=P1,congelado_t,16.775385,t,stock,comercial,ESTIMACIÓN,[ESTIMACIÓN],"SUP-055, SUP-056; = escenarios_escala.csv",días de producción
inventario,10000,6,300,-,base_temporal=dias_produccion; dias=7; perfil_destino=P1,exportacion_t,0.0,t,stock,comercial,ESTIMACIÓN,[ESTIMACIÓN],"SUP-055, SUP-056; = escenarios_escala.csv",días de producción
inventario,10000,6,300,-,base_temporal=dias_produccion; dias=7; perfil_destino=P2,refrigerado_t,100.652311,t,stock,comercial,ESTIMACIÓN,[ESTIMACIÓN],"SUP-055, SUP-056; = escenarios_escala.csv",días de producción
inventario,10000,6,300,-,base_temporal=dias_produccion; dias=7; perfil_destino=P2,congelado_t,67.101541,t,stock,comercial,ESTIMACIÓN,[ESTIMACIÓN],"SUP-055, SUP-056; = escenarios_escala.csv",días de producción
inventario,10000,6,300,-,base_temporal=dias_produccion; dias=7; perfil_destino=P2,exportacion_t,0.0,t,stock,comercial,ESTIMACIÓN,[ESTIMACIÓN],"SUP-055, SUP-056; = escenarios_escala.csv",días de producción
inventario,10000,6,300,-,base_temporal=dias_produccion; dias=7; perfil_destino=P3,refrigerado_t,83.876926,t,stock,comercial,ESTIMACIÓN,[ESTIMACIÓN],"SUP-055, SUP-056; = escenarios_escala.csv",días de producción
inventario,10000,6,300,-,base_temporal=dias_produccion; dias=7; perfil_destino=P3,congelado_t,50.326156,t,stock,comercial,ESTIMACIÓN,[ESTIMACIÓN],"SUP-055, SUP-056; = escenarios_escala.csv",días de producción
inventario,10000,6,300,-,base_temporal=dias_produccion; dias=7; perfil_destino=P3,exportacion_t,33.55077,t,stock,comercial,ESTIMACIÓN,[ESTIMACIÓN],"SUP-055, SUP-056; = escenarios_escala.csv",días de producción
inventario,10000,6,300,-,base_temporal=dias_produccion; dias=14,comestible_total_t,335.507704,t,stock,comercial,ESTIMACIÓN,[ESTIMACIÓN],"SUP-055, SUP-056; = escenarios_escala.csv",días de producción
inventario,10000,6,300,-,base_temporal=dias_produccion; dias=14; perfil_destino=P1,refrigerado_t,301.956934,t,stock,comercial,ESTIMACIÓN,[ESTIMACIÓN],"SUP-055, SUP-056; = escenarios_escala.csv",días de producción
inventario,10000,6,300,-,base_temporal=dias_produccion; dias=14; perfil_destino=P1,congelado_t,33.55077,t,stock,comercial,ESTIMACIÓN,[ESTIMACIÓN],"SUP-055, SUP-056; = escenarios_escala.csv",días de producción
inventario,10000,6,300,-,base_temporal=dias_produccion; dias=14; perfil_destino=P1,exportacion_t,0.0,t,stock,comercial,ESTIMACIÓN,[ESTIMACIÓN],"SUP-055, SUP-056; = escenarios_escala.csv",días de producción
inventario,10000,6,300,-,base_temporal=dias_produccion; dias=14; perfil_destino=P2,refrigerado_t,201.304622,t,stock,comercial,ESTIMACIÓN,[ESTIMACIÓN],"SUP-055, SUP-056; = escenarios_escala.csv",días de producción
inventario,10000,6,300,-,base_temporal=dias_produccion; dias=14; perfil_destino=P2,congelado_t,134.203082,t,stock,comercial,ESTIMACIÓN,[ESTIMACIÓN],"SUP-055, SUP-056; = escenarios_escala.csv",días de producción
inventario,10000,6,300,-,base_temporal=dias_produccion; dias=14; perfil_destino=P2,exportacion_t,0.0,t,stock,comercial,ESTIMACIÓN,[ESTIMACIÓN],"SUP-055, SUP-056; = escenarios_escala.csv",días de producción
inventario,10000,6,300,-,base_temporal=dias_produccion; dias=14; perfil_destino=P3,refrigerado_t,167.753852,t,stock,comercial,ESTIMACIÓN,[ESTIMACIÓN],"SUP-055, SUP-056; = escenarios_escala.csv",días de producción
inventario,10000,6,300,-,base_temporal=dias_produccion; dias=14; perfil_destino=P3,congelado_t,100.652311,t,stock,comercial,ESTIMACIÓN,[ESTIMACIÓN],"SUP-055, SUP-056; = escenarios_escala.csv",días de producción
inventario,10000,6,300,-,base_temporal=dias_produccion; dias=14; perfil_destino=P3,exportacion_t,67.101541,t,stock,comercial,ESTIMACIÓN,[ESTIMACIÓN],"SUP-055, SUP-056; = escenarios_escala.csv",días de producción
inventario,10000,6,300,-,base_temporal=dias_calendario; dias=1,comestible_total_t,19.697125,t,stock,comercial,ESTIMACIÓN,[ESTIMACIÓN],"SUP-055, SUP-056; = escenarios_escala.csv",días calendario de cobertura (× días op./365)
inventario,10000,6,300,-,base_temporal=dias_calendario; dias=1; perfil_destino=P1,refrigerado_t,17.727413,t,stock,comercial,ESTIMACIÓN,[ESTIMACIÓN],"SUP-055, SUP-056; = escenarios_escala.csv",días calendario de cobertura (× días op./365)
inventario,10000,6,300,-,base_temporal=dias_calendario; dias=1; perfil_destino=P1,congelado_t,1.969713,t,stock,comercial,ESTIMACIÓN,[ESTIMACIÓN],"SUP-055, SUP-056; = escenarios_escala.csv",días calendario de cobertura (× días op./365)
inventario,10000,6,300,-,base_temporal=dias_calendario; dias=1; perfil_destino=P1,exportacion_t,0.0,t,stock,comercial,ESTIMACIÓN,[ESTIMACIÓN],"SUP-055, SUP-056; = escenarios_escala.csv",días calendario de cobertura (× días op./365)
inventario,10000,6,300,-,base_temporal=dias_calendario; dias=1; perfil_destino=P2,refrigerado_t,11.818275,t,stock,comercial,ESTIMACIÓN,[ESTIMACIÓN],"SUP-055, SUP-056; = escenarios_escala.csv",días calendario de cobertura (× días op./365)
inventario,10000,6,300,-,base_temporal=dias_calendario; dias=1; perfil_destino=P2,congelado_t,7.87885,t,stock,comercial,ESTIMACIÓN,[ESTIMACIÓN],"SUP-055, SUP-056; = escenarios_escala.csv",días calendario de cobertura (× días op./365)
inventario,10000,6,300,-,base_temporal=dias_calendario; dias=1; perfil_destino=P2,exportacion_t,0.0,t,stock,comercial,ESTIMACIÓN,[ESTIMACIÓN],"SUP-055, SUP-056; = escenarios_escala.csv",días calendario de cobertura (× días op./365)
inventario,10000,6,300,-,base_temporal=dias_calendario; dias=1; perfil_destino=P3,refrigerado_t,9.848563,t,stock,comercial,ESTIMACIÓN,[ESTIMACIÓN],"SUP-055, SUP-056; = escenarios_escala.csv",días calendario de cobertura (× días op./365)
inventario,10000,6,300,-,base_temporal=dias_calendario; dias=1; perfil_destino=P3,congelado_t,5.909138,t,stock,comercial,ESTIMACIÓN,[ESTIMACIÓN],"SUP-055, SUP-056; = escenarios_escala.csv",días calendario de cobertura (× días op./365)
inventario,10000,6,300,-,base_temporal=dias_calendario; dias=1; perfil_destino=P3,exportacion_t,3.939425,t,stock,comercial,ESTIMACIÓN,[ESTIMACIÓN],"SUP-055, SUP-056; = escenarios_escala.csv",días calendario de cobertura (× días op./365)
inventario,10000,6,300,-,base_temporal=dias_calendario; dias=3,comestible_total_t,59.091376,t,stock,comercial,ESTIMACIÓN,[ESTIMACIÓN],"SUP-055, SUP-056; = escenarios_escala.csv",días calendario de cobertura (× días op./365)
inventario,10000,6,300,-,base_temporal=dias_calendario; dias=3; perfil_destino=P1,refrigerado_t,53.182239,t,stock,comercial,ESTIMACIÓN,[ESTIMACIÓN],"SUP-055, SUP-056; = escenarios_escala.csv",días calendario de cobertura (× días op./365)
inventario,10000,6,300,-,base_temporal=dias_calendario; dias=3; perfil_destino=P1,congelado_t,5.909138,t,stock,comercial,ESTIMACIÓN,[ESTIMACIÓN],"SUP-055, SUP-056; = escenarios_escala.csv",días calendario de cobertura (× días op./365)
inventario,10000,6,300,-,base_temporal=dias_calendario; dias=3; perfil_destino=P1,exportacion_t,0.0,t,stock,comercial,ESTIMACIÓN,[ESTIMACIÓN],"SUP-055, SUP-056; = escenarios_escala.csv",días calendario de cobertura (× días op./365)
inventario,10000,6,300,-,base_temporal=dias_calendario; dias=3; perfil_destino=P2,refrigerado_t,35.454826,t,stock,comercial,ESTIMACIÓN,[ESTIMACIÓN],"SUP-055, SUP-056; = escenarios_escala.csv",días calendario de cobertura (× días op./365)
inventario,10000,6,300,-,base_temporal=dias_calendario; dias=3; perfil_destino=P2,congelado_t,23.636551,t,stock,comercial,ESTIMACIÓN,[ESTIMACIÓN],"SUP-055, SUP-056; = escenarios_escala.csv",días calendario de cobertura (× días op./365)
inventario,10000,6,300,-,base_temporal=dias_calendario; dias=3; perfil_destino=P2,exportacion_t,0.0,t,stock,comercial,ESTIMACIÓN,[ESTIMACIÓN],"SUP-055, SUP-056; = escenarios_escala.csv",días calendario de cobertura (× días op./365)
inventario,10000,6,300,-,base_temporal=dias_calendario; dias=3; perfil_destino=P3,refrigerado_t,29.545688,t,stock,comercial,ESTIMACIÓN,[ESTIMACIÓN],"SUP-055, SUP-056; = escenarios_escala.csv",días calendario de cobertura (× días op./365)
inventario,10000,6,300,-,base_temporal=dias_calendario; dias=3; perfil_destino=P3,congelado_t,17.727413,t,stock,comercial,ESTIMACIÓN,[ESTIMACIÓN],"SUP-055, SUP-056; = escenarios_escala.csv",días calendario de cobertura (× días op./365)
inventario,10000,6,300,-,base_temporal=dias_calendario; dias=3; perfil_destino=P3,exportacion_t,11.818275,t,stock,comercial,ESTIMACIÓN,[ESTIMACIÓN],"SUP-055, SUP-056; = escenarios_escala.csv",días calendario de cobertura (× días op./365)
inventario,10000,6,300,-,base_temporal=dias_calendario; dias=7,comestible_total_t,137.879878,t,stock,comercial,ESTIMACIÓN,[ESTIMACIÓN],"SUP-055, SUP-056; = escenarios_escala.csv",días calendario de cobertura (× días op./365)
inventario,10000,6,300,-,base_temporal=dias_calendario; dias=7; perfil_destino=P1,refrigerado_t,124.091891,t,stock,comercial,ESTIMACIÓN,[ESTIMACIÓN],"SUP-055, SUP-056; = escenarios_escala.csv",días calendario de cobertura (× días op./365)
inventario,10000,6,300,-,base_temporal=dias_calendario; dias=7; perfil_destino=P1,congelado_t,13.787988,t,stock,comercial,ESTIMACIÓN,[ESTIMACIÓN],"SUP-055, SUP-056; = escenarios_escala.csv",días calendario de cobertura (× días op./365)
inventario,10000,6,300,-,base_temporal=dias_calendario; dias=7; perfil_destino=P1,exportacion_t,0.0,t,stock,comercial,ESTIMACIÓN,[ESTIMACIÓN],"SUP-055, SUP-056; = escenarios_escala.csv",días calendario de cobertura (× días op./365)
inventario,10000,6,300,-,base_temporal=dias_calendario; dias=7; perfil_destino=P2,refrigerado_t,82.727927,t,stock,comercial,ESTIMACIÓN,[ESTIMACIÓN],"SUP-055, SUP-056; = escenarios_escala.csv",días calendario de cobertura (× días op./365)
inventario,10000,6,300,-,base_temporal=dias_calendario; dias=7; perfil_destino=P2,congelado_t,55.151951,t,stock,comercial,ESTIMACIÓN,[ESTIMACIÓN],"SUP-055, SUP-056; = escenarios_escala.csv",días calendario de cobertura (× días op./365)
inventario,10000,6,300,-,base_temporal=dias_calendario; dias=7; perfil_destino=P2,exportacion_t,0.0,t,stock,comercial,ESTIMACIÓN,[ESTIMACIÓN],"SUP-055, SUP-056; = escenarios_escala.csv",días calendario de cobertura (× días op./365)
inventario,10000,6,300,-,base_temporal=dias_calendario; dias=7; perfil_destino=P3,refrigerado_t,68.939939,t,stock,comercial,ESTIMACIÓN,[ESTIMACIÓN],"SUP-055, SUP-056; = escenarios_escala.csv",días calendario de cobertura (× días op./365)
inventario,10000,6,300,-,base_temporal=dias_calendario; dias=7; perfil_destino=P3,congelado_t,41.363964,t,stock,comercial,ESTIMACIÓN,[ESTIMACIÓN],"SUP-055, SUP-056; = escenarios_escala.csv",días calendario de cobertura (× días op./365)
inventario,10000,6,300,-,base_temporal=dias_calendario; dias=7; perfil_destino=P3,exportacion_t,27.575976,t,stock,comercial,ESTIMACIÓN,[ESTIMACIÓN],"SUP-055, SUP-056; = escenarios_escala.csv",días calendario de cobertura (× días op./365)
inventario,10000,6,300,-,base_temporal=dias_calendario; dias=14,comestible_total_t,275.759757,t,stock,comercial,ESTIMACIÓN,[ESTIMACIÓN],"SUP-055, SUP-056; = escenarios_escala.csv",días calendario de cobertura (× días op./365)
inventario,10000,6,300,-,base_temporal=dias_calendario; dias=14; perfil_destino=P1,refrigerado_t,248.183781,t,stock,comercial,ESTIMACIÓN,[ESTIMACIÓN],"SUP-055, SUP-056; = escenarios_escala.csv",días calendario de cobertura (× días op./365)
inventario,10000,6,300,-,base_temporal=dias_calendario; dias=14; perfil_destino=P1,congelado_t,27.575976,t,stock,comercial,ESTIMACIÓN,[ESTIMACIÓN],"SUP-055, SUP-056; = escenarios_escala.csv",días calendario de cobertura (× días op./365)
inventario,10000,6,300,-,base_temporal=dias_calendario; dias=14; perfil_destino=P1,exportacion_t,0.0,t,stock,comercial,ESTIMACIÓN,[ESTIMACIÓN],"SUP-055, SUP-056; = escenarios_escala.csv",días calendario de cobertura (× días op./365)
inventario,10000,6,300,-,base_temporal=dias_calendario; dias=14; perfil_destino=P2,refrigerado_t,165.455854,t,stock,comercial,ESTIMACIÓN,[ESTIMACIÓN],"SUP-055, SUP-056; = escenarios_escala.csv",días calendario de cobertura (× días op./365)
inventario,10000,6,300,-,base_temporal=dias_calendario; dias=14; perfil_destino=P2,congelado_t,110.303903,t,stock,comercial,ESTIMACIÓN,[ESTIMACIÓN],"SUP-055, SUP-056; = escenarios_escala.csv",días calendario de cobertura (× días op./365)
inventario,10000,6,300,-,base_temporal=dias_calendario; dias=14; perfil_destino=P2,exportacion_t,0.0,t,stock,comercial,ESTIMACIÓN,[ESTIMACIÓN],"SUP-055, SUP-056; = escenarios_escala.csv",días calendario de cobertura (× días op./365)
inventario,10000,6,300,-,base_temporal=dias_calendario; dias=14; perfil_destino=P3,refrigerado_t,137.879878,t,stock,comercial,ESTIMACIÓN,[ESTIMACIÓN],"SUP-055, SUP-056; = escenarios_escala.csv",días calendario de cobertura (× días op./365)
inventario,10000,6,300,-,base_temporal=dias_calendario; dias=14; perfil_destino=P3,congelado_t,82.727927,t,stock,comercial,ESTIMACIÓN,[ESTIMACIÓN],"SUP-055, SUP-056; = escenarios_escala.csv",días calendario de cobertura (× días op./365)
inventario,10000,6,300,-,base_temporal=dias_calendario; dias=14; perfil_destino=P3,exportacion_t,55.151951,t,stock,comercial,ESTIMACIÓN,[ESTIMACIÓN],"SUP-055, SUP-056; = escenarios_escala.csv",días calendario de cobertura (× días op./365)
entrada,20000,5,250,bajo,,aves_faenadas_dia_operativo,20000.0,aves,dia_operativo,aves,SUPUESTO,[SUPUESTO],SUP-052,escala = capacidad operativa
entrada,20000,5,250,bajo,,t_vivas_dia_operativo,58.0,t,dia_operativo,vivo,ESTIMACIÓN,[ESTIMACIÓN],escenarios_escala.csv,
agua,20000,5,250,bajo,nivel=bajo,agua_recepcion_l_ave,0.5,L/ave,por_ave,agua_utilizada,SUPUESTO,[SUPUESTO],sin fuente por ave; DPV propuesto,"Recepción: lavado de jaulas/módulos, camiones y andén"
agua,20000,5,250,bajo,nivel=bajo,agua_recepcion_m3_dia,10.0,m³,dia_operativo,agua_utilizada,ESTIMACIÓN,[ESTIMACIÓN],,"Recepción: lavado de jaulas/módulos, camiones y andén"
agua,20000,5,250,bajo,nivel=bajo,agua_escaldado_l_ave,0.9,L/ave,por_ave,agua_utilizada,FUENTE,[FUENTE] [PVDP],"mín. ~1 cuarto de galón (0,95 L)/ave (FTE-09C-11, FTE-09C-18)","Escaldado: llenado, reposición y desborde"
agua,20000,5,250,bajo,nivel=bajo,agua_escaldado_m3_dia,18.0,m³,dia_operativo,agua_utilizada,ESTIMACIÓN,[ESTIMACIÓN],,"Escaldado: llenado, reposición y desborde"
agua,20000,5,250,bajo,nivel=bajo,agua_desplumado_l_ave,1.0,L/ave,por_ave,agua_utilizada,SUPUESTO,[SUPUESTO],incluido en totales de FTE-09C-01/02,Desplumado: duchas y transporte de plumas
agua,20000,5,250,bajo,nivel=bajo,agua_desplumado_m3_dia,20.0,m³,dia_operativo,agua_utilizada,ESTIMACIÓN,[ESTIMACIÓN],,Desplumado: duchas y transporte de plumas
agua,20000,5,250,bajo,nivel=bajo,agua_evisceracion_l_ave,4.0,L/ave,por_ave,agua_utilizada,FUENTE,[FUENTE] [PVDP],"7,57 L/ave (FTE-09C-01)",Evisceración: lavados interior/exterior y transporte hidráulico de vísceras
agua,20000,5,250,bajo,nivel=bajo,agua_evisceracion_m3_dia,80.0,m³,dia_operativo,agua_utilizada,ESTIMACIÓN,[ESTIMACIÓN],,Evisceración: lavados interior/exterior y transporte hidráulico de vísceras
agua,20000,5,250,bajo,nivel=bajo,agua_lavado_l_ave,1.5,L/ave,por_ave,agua_utilizada,FUENTE,[FUENTE] [PVDP],"4,25–4,35 L/ave (FTE-09C-01)",Lavado final de carcasas
agua,20000,5,250,bajo,nivel=bajo,agua_lavado_m3_dia,30.0,m³,dia_operativo,agua_utilizada,ESTIMACIÓN,[ESTIMACIÓN],,Lavado final de carcasas
agua,20000,5,250,bajo,nivel=bajo,agua_chiller_l_ave,1.9,L/ave,por_ave,agua_utilizada,FUENTE,[FUENTE] [PVDP],"mín. 0,5 gal = 1,9 L/ave; típico 2,8–5,7 L/ave (FTE-09C-18); 2,12 L/ave (FTE-09C-01)",Chiller: reposición de agua (contracorriente)
agua,20000,5,250,bajo,nivel=bajo,agua_chiller_m3_dia,38.0,m³,dia_operativo,agua_utilizada,ESTIMACIÓN,[ESTIMACIÓN],,Chiller: reposición de agua (contracorriente)
agua,20000,5,250,bajo,nivel=bajo,agua_despiece_l_ave,0.5,L/ave,por_ave,agua_utilizada,FUENTE,[FUENTE] [PVDP],"3,03 L/ave (FTE-09C-01)",Sala de despiece y deshuese
agua,20000,5,250,bajo,nivel=bajo,agua_despiece_m3_dia,10.0,m³,dia_operativo,agua_utilizada,ESTIMACIÓN,[ESTIMACIÓN],,Sala de despiece y deshuese
agua,20000,5,250,bajo,nivel=bajo,agua_limpieza_l_ave,3.0,L/ave,por_ave,agua_utilizada,FUENTE,[FUENTE] [PVDP],"1,5–3 gal = 5,7–11,4 L/ave saneamiento + 0,9–3,8 L equipos (FTE-09C-01)",Limpieza de equipos y salas (fin de turno)
agua,20000,5,250,bajo,nivel=bajo,agua_limpieza_m3_dia,60.0,m³,dia_operativo,agua_utilizada,ESTIMACIÓN,[ESTIMACIÓN],,Limpieza de equipos y salas (fin de turno)
agua,20000,5,250,bajo,nivel=bajo,agua_sanitizacion_l_ave,0.7,L/ave,por_ave,agua_utilizada,SUPUESTO,[SUPUESTO],sin fuente separada,"Sanitización: esterilizadores, lavamanos, pediluvios, enjuagues"
agua,20000,5,250,bajo,nivel=bajo,agua_sanitizacion_m3_dia,14.0,m³,dia_operativo,agua_utilizada,ESTIMACIÓN,[ESTIMACIÓN],,"Sanitización: esterilizadores, lavamanos, pediluvios, enjuagues"
agua,20000,5,250,bajo,nivel=bajo,agua_auxiliares_l_ave,1.0,L/ave,por_ave,agua_utilizada,SUPUESTO,[SUPUESTO],sin fuente separada,"Servicios auxiliares: caldera, condensadores evaporativos, vestuarios, comedor"
agua,20000,5,250,bajo,nivel=bajo,agua_auxiliares_m3_dia,20.0,m³,dia_operativo,agua_utilizada,ESTIMACIÓN,[ESTIMACIÓN],,"Servicios auxiliares: caldera, condensadores evaporativos, vestuarios, comedor"
agua,20000,5,250,bajo,nivel=bajo,agua_utilizada_l_ave,15.0,L/ave,por_ave,agua_utilizada,ESTIMACIÓN,[ESTIMACIÓN] con rangos [PVDP],FTE-09C-01 a 04,consumo industrial; NO incluye agua retenida
agua,20000,5,250,bajo,nivel=bajo,agua_utilizada_m3_dia,300.0,m³,dia_operativo,agua_utilizada,ESTIMACIÓN,[ESTIMACIÓN],,
agua,20000,5,250,bajo,nivel=bajo,agua_utilizada_m3_anio,75000.0,m³,anio,agua_utilizada,ESTIMACIÓN,[ESTIMACIÓN],,
agua,20000,5,250,bajo,nivel=bajo,agua_utilizada_m3_h_medio,25.0,m³/h,hora,agua_utilizada,ESTIMACIÓN,[ESTIMACIÓN],,sobre 12 h (faena + limpieza)
agua,20000,5,250,bajo,nivel=bajo,agua_utilizada_m3_h_pico,37.5,m³/h,hora,agua_utilizada,SUPUESTO,[SUPUESTO] factor de pico,,"dimensiona captación, bombeo y reserva"
agua,20000,5,250,bajo,nivel=bajo,reserva_agua_1_dia_m3,300.0,m³,stock,agua_utilizada,ESTIMACIÓN,[ESTIMACIÓN],,"volumen equivalente a un día de uso (referencia conceptual, no diseño)"
agua,20000,5,250,bajo,nivel=bajo,agua_descargada_m3_dia,240.0,m³,dia_operativo,agua_descargada,SUPUESTO,[ESTIMACIÓN] con fracción [SUPUESTO],,fracción a efluente = 0.80
agua,20000,5,250,bajo,nivel=bajo,agua_descargada_l_ave,12.0,L/ave,por_ave,agua_descargada,ESTIMACIÓN,[ESTIMACIÓN],,
agua,20000,5,250,bajo,nivel=bajo,agua_no_descargada_m3_dia,60.0,m³,dia_operativo,agua_no_descargada,ESTIMACIÓN,[ESTIMACIÓN],,evaporación + retenida + sale con subproductos + pérdidas
agua_retenida,20000,5,250,bajo,,agua_retenida_en_producto_t_dia,1.710528,t,dia_operativo,agua_retenida,ESTIMACIÓN,[ESTIMACIÓN] del balance v1.1,escenarios_escala.csv,sale vendida con el producto; NO es consumo industrial ni efluente
agua_retenida,20000,5,250,bajo,,agua_incorporada_producto_y_subproductos_t_dia,4.253212,t,dia_operativo,agua_retenida,ESTIMACIÓN,[ESTIMACIÓN] del balance v1.1,escenarios_escala.csv,absorbida en chiller + adherida a plumas (incluye goteo posterior)
agua_retenida,20000,5,250,bajo,,agua_retenida_sobre_agua_utilizada_pct,0.570176,%,adimensional,agua,ESTIMACIÓN,[ESTIMACIÓN],,cuánto del agua usada termina dentro del producto
efluente,20000,5,250,bajo,nivel=bajo,carga_DQO_g_ave,50.0,g/ave,por_ave,efluente_crudo,ESTIMACIÓN,[ESTIMACIÓN] con rangos [PVDP],FTE-181; FTE-09C-05,efluente crudo tras retirar sangre y sólidos gruesos
efluente,20000,5,250,bajo,nivel=bajo,carga_DQO_kg_dia,1000.0,kg,dia_operativo,efluente_crudo,ESTIMACIÓN,[ESTIMACIÓN],,
efluente,20000,5,250,bajo,nivel=bajo,concentracion_DQO_mg_l,4166.666667,mg/L,adimensional,efluente_crudo,ESTIMACIÓN,[ESTIMACIÓN],,"resultado (carga / caudal), no parámetro"
efluente,20000,5,250,bajo,nivel=bajo,carga_DBO5_g_ave,25.0,g/ave,por_ave,efluente_crudo,ESTIMACIÓN,[ESTIMACIÓN] con rangos [PVDP],"FTE-181; FTE-09C-05 (DBO/DQO ~0,4–0,6)",efluente crudo tras retirar sangre y sólidos gruesos
efluente,20000,5,250,bajo,nivel=bajo,carga_DBO5_kg_dia,500.0,kg,dia_operativo,efluente_crudo,ESTIMACIÓN,[ESTIMACIÓN],,
efluente,20000,5,250,bajo,nivel=bajo,concentracion_DBO5_mg_l,2083.333333,mg/L,adimensional,efluente_crudo,ESTIMACIÓN,[ESTIMACIÓN],,"resultado (carga / caudal), no parámetro"
efluente,20000,5,250,bajo,nivel=bajo,carga_SST_g_ave,15.0,g/ave,por_ave,efluente_crudo,ESTIMACIÓN,[ESTIMACIÓN] con rangos [PVDP],FTE-181; FTE-09C-05,efluente crudo tras retirar sangre y sólidos gruesos
efluente,20000,5,250,bajo,nivel=bajo,carga_SST_kg_dia,300.0,kg,dia_operativo,efluente_crudo,ESTIMACIÓN,[ESTIMACIÓN],,
efluente,20000,5,250,bajo,nivel=bajo,concentracion_SST_mg_l,1250.0,mg/L,adimensional,efluente_crudo,ESTIMACIÓN,[ESTIMACIÓN],,"resultado (carga / caudal), no parámetro"
efluente,20000,5,250,bajo,nivel=bajo,carga_GyA_g_ave,5.0,g/ave,por_ave,efluente_crudo,ESTIMACIÓN,[ESTIMACIÓN] con rangos [PVDP],FTE-09C-06 (~500 mg/L tamizado),efluente crudo tras retirar sangre y sólidos gruesos
efluente,20000,5,250,bajo,nivel=bajo,carga_GyA_kg_dia,100.0,kg,dia_operativo,efluente_crudo,ESTIMACIÓN,[ESTIMACIÓN],,
efluente,20000,5,250,bajo,nivel=bajo,concentracion_GyA_mg_l,416.666667,mg/L,adimensional,efluente_crudo,ESTIMACIÓN,[ESTIMACIÓN],,"resultado (carga / caudal), no parámetro"
efluente,20000,5,250,bajo,nivel=bajo,carga_NTK_g_ave,3.0,g/ave,por_ave,efluente_crudo,ESTIMACIÓN,[ESTIMACIÓN] con rangos [PVDP],FTE-09C-06 (150–296 mg/L),efluente crudo tras retirar sangre y sólidos gruesos
efluente,20000,5,250,bajo,nivel=bajo,carga_NTK_kg_dia,60.0,kg,dia_operativo,efluente_crudo,ESTIMACIÓN,[ESTIMACIÓN],,
efluente,20000,5,250,bajo,nivel=bajo,concentracion_NTK_mg_l,250.0,mg/L,adimensional,efluente_crudo,ESTIMACIÓN,[ESTIMACIÓN],,"resultado (carga / caudal), no parámetro"
efluente,20000,5,250,bajo,nivel=bajo,carga_PT_g_ave,0.3,g/ave,por_ave,efluente_crudo,ESTIMACIÓN,[ESTIMACIÓN] con rangos [PVDP],"FTE-09C-06 (~18,5 mg/L)",efluente crudo tras retirar sangre y sólidos gruesos
efluente,20000,5,250,bajo,nivel=bajo,carga_PT_kg_dia,6.0,kg,dia_operativo,efluente_crudo,ESTIMACIÓN,[ESTIMACIÓN],,
efluente,20000,5,250,bajo,nivel=bajo,concentracion_PT_mg_l,25.0,mg/L,adimensional,efluente_crudo,ESTIMACIÓN,[ESTIMACIÓN],,"resultado (carga / caudal), no parámetro"
efluente,20000,5,250,bajo,,dqo_extra_por_sangre_no_recuperada_g_ave,0.0,g/ave,por_ave,efluente_crudo,ESTIMACIÓN,[ESTIMACIÓN] con DQO de sangre [PVDP],FTE-181,recuperación 0.85 vs referencia 0.85
efluente,20000,5,250,bajo,,dqo_evitada_por_recuperar_sangre_kg_dia,598.642857,kg,dia_operativo,efluente_crudo,ESTIMACIÓN,[ESTIMACIÓN] con DQO de sangre [PVDP],FTE-181,orden de magnitud; no es una reducción medida
efluente,20000,5,250,bajo,nivel=bajo,caudal_efluente_m3_h_pico,30.0,m³/h,hora,agua_descargada,SUPUESTO,[SUPUESTO] factor de pico,,dimensiona ecualización
efluente,20000,5,250,bajo,nivel=bajo,remocion_dqo_requerida_ilustrativa_pct,94.0,%,adimensional,efluente_crudo,ESTIMACIÓN,[ESTIMACIÓN] con límite [PVDP],FTE-09C-08,"límite ilustrativo 250 mg/L (ADA 336/03, pluvial; a confirmar según sitio y cuerpo receptor)"
masa_evitable,20000,5,250,bajo,,sangre_recuperada_t_dia,1.6762,t,dia_operativo,biologica+agua,ESTIMACIÓN,[ESTIMACIÓN] del balance v1.1,escenarios_escala.csv,"sangre recuperada por separado (85 %, SUP-040)"
masa_evitable,20000,5,250,bajo,,plumas_t_dia,4.8256,t,dia_operativo,biologica+agua,ESTIMACIÓN,[ESTIMACIÓN] del balance v1.1,escenarios_escala.csv,plumas húmedas retiradas
masa_evitable,20000,5,250,bajo,,visceras_t_dia,2.61,t,dia_operativo,biologica+agua,ESTIMACIÓN,[ESTIMACIÓN] del balance v1.1,escenarios_escala.csv,vísceras no comestibles
masa_evitable,20000,5,250,bajo,,cabeza_t_dia,1.45,t,dia_operativo,biologica+agua,ESTIMACIÓN,[ESTIMACIÓN] del balance v1.1,escenarios_escala.csv,cabezas
masa_evitable,20000,5,250,bajo,,solidos_a_retirar_t_dia,12.167052,t,dia_operativo,biologica+agua,ESTIMACIÓN,[ESTIMACIÓN] del balance v1.1,escenarios_escala.csv,total sólidos a retirar en seco (C + decomisos + contenido GI; NO sumar)
masa_evitable,20000,5,250,bajo,,masa_a_efluente_o_perdida_t_dia,2.156486,t,dia_operativo,biologica+agua,ESTIMACIÓN,[ESTIMACIÓN] del balance v1.1,escenarios_escala.csv,"masa que el balance ya envía a efluente o pérdida (sangre no recuperada, cutícula, goteo, pérdidas)"
lodos,20000,5,250,bajo,nivel=bajo,lodo_daf_kg_ms_dia,335.5,kg,dia_operativo,materia_seca,ESTIMACIÓN,[ESTIMACIÓN] con remociones [PVDP],"FTE-09C-05, FTE-09C-13",sólidos + grasas flotados + químicos
lodos,20000,5,250,bajo,nivel=bajo,lodo_daf_t_humedo_dia,2.236667,t,dia_operativo,lodo_humedo,ESTIMACIÓN,[ESTIMACIÓN] con % sólidos [PVDP],FTE-09C-13,
lodos,20000,5,250,bajo,nivel=bajo,dbo_al_tratamiento_biologico_kg_dia,200.0,kg,dia_operativo,efluente_pretratado,ESTIMACIÓN,[ESTIMACIÓN],,después de DAF
lodos,20000,5,250,bajo,nivel=bajo,lodo_biologico_aerobio_kg_ms_dia,57.0,kg,dia_operativo,materia_seca,SUPUESTO,[ESTIMACIÓN] con rendimiento [SUPUESTO],,si el tratamiento fuera aerobio completo; anaerobio genera mucho menos lodo
lodos,20000,5,250,bajo,nivel=bajo,lodos_deshidratados_t_dia,1.9625,t,dia_operativo,lodo_humedo,SUPUESTO,[ESTIMACIÓN] con [SUPUESTO],,DAF + biológico deshidratados; disposición/valorización a definir
electricidad,20000,5,250,bajo,nivel=bajo,kwh_proceso_dia,8700.0,kWh,dia_operativo,energia_electrica,FUENTE,[ESTIMACIÓN] con indicador [PVDP],"UE 152–860 kWh/t faenada; Brasil 165 kWh/t; 1,19 MJ/kg = 330 kWh/t (FTE-09C-09, FTE-09C-03)","faena, proceso, enfriado fresco, aire, agua, servicios"
electricidad,20000,5,250,bajo,nivel=bajo,kwh_proceso_frio_de_proceso_agua_helada_hielo_dia,3045.0,kWh,dia_operativo,energia_electrica,SUPUESTO,[SUPUESTO] reparto ilustrativo,FTE-09C-09 (cualitativo),didáctico; no sumar con kwh_proceso_dia
electricidad,20000,5,250,bajo,nivel=bajo,kwh_proceso_motores_de_linea_y_transportadores_dia,1740.0,kWh,dia_operativo,energia_electrica,SUPUESTO,[SUPUESTO] reparto ilustrativo,FTE-09C-09 (cualitativo),didáctico; no sumar con kwh_proceso_dia
electricidad,20000,5,250,bajo,nivel=bajo,kwh_proceso_aire_comprimido_dia,870.0,kWh,dia_operativo,energia_electrica,SUPUESTO,[SUPUESTO] reparto ilustrativo,FTE-09C-09 (cualitativo),didáctico; no sumar con kwh_proceso_dia
electricidad,20000,5,250,bajo,nivel=bajo,kwh_proceso_bombas_agua_y_efluentes_dia,870.0,kWh,dia_operativo,energia_electrica,SUPUESTO,[SUPUESTO] reparto ilustrativo,FTE-09C-09 (cualitativo),didáctico; no sumar con kwh_proceso_dia
electricidad,20000,5,250,bajo,nivel=bajo,kwh_proceso_climatizacion_salas_dia,696.0,kWh,dia_operativo,energia_electrica,SUPUESTO,[SUPUESTO] reparto ilustrativo,FTE-09C-09 (cualitativo),didáctico; no sumar con kwh_proceso_dia
electricidad,20000,5,250,bajo,nivel=bajo,kwh_proceso_iluminacion_dia,609.0,kWh,dia_operativo,energia_electrica,SUPUESTO,[SUPUESTO] reparto ilustrativo,FTE-09C-09 (cualitativo),didáctico; no sumar con kwh_proceso_dia
electricidad,20000,5,250,bajo,nivel=bajo,kwh_proceso_oficinas_vestuarios_servicios_dia,435.0,kWh,dia_operativo,energia_electrica,SUPUESTO,[SUPUESTO] reparto ilustrativo,FTE-09C-09 (cualitativo),didáctico; no sumar con kwh_proceso_dia
electricidad,20000,5,250,bajo,nivel=bajo,kwh_proceso_otros_dia,435.0,kWh,dia_operativo,energia_electrica,SUPUESTO,[SUPUESTO] reparto ilustrativo,FTE-09C-09 (cualitativo),didáctico; no sumar con kwh_proceso_dia
inventario,20000,5,250,bajo,,stock_refrigerado_t,129.410114,t,stock,comercial,ESTIMACIÓN,[ESTIMACIÓN],"SUP-055, SUP-056",base=dias_produccion; días=3; perfil=P1
inventario,20000,5,250,bajo,,stock_congelado_t,67.101541,t,stock,comercial,ESTIMACIÓN,[ESTIMACIÓN],"SUP-055, SUP-056",base=dias_produccion; días=14; incluye exportación
congelado,20000,5,250,bajo,,capacidad_congelacion_t_dia,4.792967,t,dia_operativo,comercial,ESTIMACIÓN,[ESTIMACIÓN],SUP-055,t que hay que congelar cada día de faena (túneles/IQF)
congelado,20000,5,250,bajo,,capacidad_almacenamiento_congelado_t,67.101541,t,stock,comercial,ESTIMACIÓN,[ESTIMACIÓN],,t que hay que guardar (cámaras); NO es capacidad de congelación
congelado,20000,5,250,bajo,nivel=bajo,garras_a_congelar_t_dia_informativo,0.0,t,dia_operativo,comercial,SUPUESTO,[SUPUESTO],,ya incluidas dentro del comestible: NO sumar al perfil
congelado,20000,5,250,bajo,nivel=bajo,menudencias_a_congelar_t_dia_informativo,0.0,t,dia_operativo,comercial,SUPUESTO,[SUPUESTO],,ya incluidas dentro del comestible: NO sumar al perfil
congelado,20000,5,250,bajo,nivel=bajo,calor_a_extraer_congelacion_kj_kg,355.332,kJ/kg,adimensional,producto,ESTIMACIÓN,[ESTIMACIÓN] con propiedades [PVDP],FTE-09C-14,"de +4 °C a −18 °C, con pérdidas"
frio,20000,5,250,bajo,nivel=bajo,kw_frigorificos_enfriado_producto_fresco,364.921309,kW frigoríficos,potencia,frio,ESTIMACIÓN,[ESTIMACIÓN] con [SUPUESTO],,chiller + menudencias + salas/docks; durante 8 h netas
frio,20000,5,250,bajo,nivel=bajo,tr_enfriado_producto_fresco,103.759258,TR,potencia,frio,ESTIMACIÓN,[ESTIMACIÓN],,"1 TR = 3,517 kW frigoríficos"
frio,20000,5,250,bajo,nivel=bajo,kw_electricos_enfriado_producto_fresco,91.230327,kW eléctricos,potencia,energia_electrica,SUPUESTO,[ESTIMACIÓN] con COP [SUPUESTO],,kW eléctricos = kW frigoríficos / COP
frio,20000,5,250,bajo,nivel=bajo,kw_frigorificos_congelacion_tuneles,23.654092,kW frigoríficos,potencia,frio,ESTIMACIÓN,[ESTIMACIÓN] con [SUPUESTO],,durante 20 h/día
frio,20000,5,250,bajo,nivel=bajo,tr_congelacion_tuneles,6.725645,TR,potencia,frio,ESTIMACIÓN,[ESTIMACIÓN],,"1 TR = 3,517 kW frigoríficos"
frio,20000,5,250,bajo,nivel=bajo,kw_electricos_congelacion_tuneles,13.141162,kW eléctricos,potencia,energia_electrica,SUPUESTO,[ESTIMACIÓN] con COP [SUPUESTO],,kW eléctricos = kW frigoríficos / COP
frio,20000,5,250,bajo,nivel=bajo,kw_frigorificos_camaras_almacenamiento,18.3331,kW frigoríficos,potencia,frio,ESTIMACIÓN,[ESTIMACIÓN] con [SUPUESTO],,"24 h, 365 días; desde kWh/(t·día)"
frio,20000,5,250,bajo,nivel=bajo,tr_camaras_almacenamiento,5.21271,TR,potencia,frio,ESTIMACIÓN,[ESTIMACIÓN],,"1 TR = 3,517 kW frigoríficos"
frio,20000,5,250,bajo,nivel=bajo,kw_electricos_camaras_almacenamiento,6.88989,kW eléctricos,potencia,energia_electrica,SUPUESTO,[ESTIMACIÓN] con COP [SUPUESTO],,kW eléctricos = kW frigoríficos / COP
frio,20000,5,250,bajo,nivel=bajo,kj_frio_enfriado_por_ave,525.486686,kJ/ave,por_ave,frio,ESTIMACIÓN,[ESTIMACIÓN] con [SUPUESTO],FTE-09C-14,
electricidad,20000,5,250,bajo,nivel=bajo,kwh_congelacion_dia,575.156064,kWh,dia_operativo,energia_electrica,FUENTE,[ESTIMACIÓN] con indicador [PVDP],120–260 kWh/t de ave congelada; 133 kWh/t (FTE-09C-10),
electricidad,20000,5,250,bajo,nivel=bajo,kwh_almacenamiento_frio_dia_calendario,165.357368,kWh,dia_calendario,energia_electrica,SUPUESTO,[ESTIMACIÓN] con [SUPUESTO],,las cámaras funcionan también sin faena
electricidad,20000,5,250,bajo,nivel=bajo,kwh_tratamiento_aerobio_dia,133.0,kWh,dia_operativo,energia_electrica,SUPUESTO,[ESTIMACIÓN] con [SUPUESTO],,cota: si todo el biológico fuera aerobio
electricidad,20000,5,250,bajo,nivel=bajo,kwh_total_dia_operativo,9573.513432,kWh,dia_operativo,energia_electrica,ESTIMACIÓN,[ESTIMACIÓN],,proceso + congelado + aerobio + cámaras
electricidad,20000,5,250,bajo,nivel=bajo,kwh_total_anio,2412394.455466,kWh,anio,energia_electrica,ESTIMACIÓN,[ESTIMACIÓN],,cámaras × 365 días; resto × días de faena
electricidad,20000,5,250,bajo,nivel=bajo,kwh_por_ave_promedio_anual,0.482479,kWh/ave,por_ave,energia_electrica,ESTIMACIÓN,[ESTIMACIÓN],,
electricidad,20000,5,250,bajo,nivel=bajo,kw_potencia_media_operacion,662.617932,kW,potencia,energia_electrica,ESTIMACIÓN,[ESTIMACIÓN],,proceso sobre 14 h + túneles + cámaras + efluentes
electricidad,20000,5,250,bajo,nivel=bajo,kw_potencia_pico_estimada,849.046503,kW,potencia,energia_electrica,SUPUESTO,[ESTIMACIÓN] con factor de pico [SUPUESTO],,orden de magnitud para pedir potencia; no es diseño
termico,20000,5,250,bajo,nivel=bajo,calor_util_escaldado_mj_dia,4068.792,MJ,dia_operativo,energia_termica,ESTIMACIÓN,[ESTIMACIÓN] con temperaturas [PVDP]/[SUPUESTO],FTE-09C-11,
termico,20000,5,250,bajo,nivel=bajo,kw_termicos_escaldado,141.2775,kW térmicos,potencia,energia_termica,ESTIMACIÓN,[ESTIMACIÓN],,durante 8 h
termico,20000,5,250,bajo,nivel=bajo,calor_util_limpieza_mj_dia,4018.56,MJ,dia_operativo,energia_termica,ESTIMACIÓN,[ESTIMACIÓN] con temperaturas [PVDP]/[SUPUESTO],FTE-09C-11,
termico,20000,5,250,bajo,nivel=bajo,kw_termicos_limpieza,279.066667,kW térmicos,potencia,energia_termica,ESTIMACIÓN,[ESTIMACIÓN],,durante 4 h
termico,20000,5,250,bajo,nivel=bajo,calor_util_sanitizacion_mj_dia,1125.1968,MJ,dia_operativo,energia_termica,ESTIMACIÓN,[ESTIMACIÓN] con temperaturas [PVDP]/[SUPUESTO],FTE-09C-11,
termico,20000,5,250,bajo,nivel=bajo,kw_termicos_sanitizacion,26.046222,kW térmicos,potencia,energia_termica,ESTIMACIÓN,[ESTIMACIÓN],,durante 12 h
termico,20000,5,250,bajo,nivel=bajo,calor_util_mj_ave,0.460627,MJ/ave,por_ave,energia_termica,ESTIMACIÓN,[ESTIMACIÓN],,
termico,20000,5,250,bajo,nivel=bajo,energia_combustible_mj_dia,10838.292706,MJ,dia_operativo,energia_termica,ESTIMACIÓN,[ESTIMACIÓN] con rendimiento [SUPUESTO],,
termico,20000,5,250,bajo,nivel=bajo,energia_combustible_kwh_dia,3010.636863,kWh,dia_operativo,energia_termica,ESTIMACIÓN,[ESTIMACIÓN],,kWh TÉRMICOS (no eléctricos)
termico,20000,5,250,bajo,nivel=bajo,equivalente_gas_natural_m3_dia,278.61935,m3,dia_operativo,energia_termica,SUPUESTO,[ESTIMACIÓN] con PCI [SUPUESTO],~9.300 kcal/m³ (a verificar con distribuidora),"equivalencia, no elección"
termico,20000,5,250,bajo,nivel=bajo,equivalente_glp_kg_dia,235.615059,kg,dia_operativo,energia_termica,SUPUESTO,[ESTIMACIÓN] con PCI [SUPUESTO],~11.000 kcal/kg,"equivalencia, no elección"
termico,20000,5,250,bajo,nivel=bajo,equivalente_biomasa_chip_kg_dia,774.163765,kg,dia_operativo,energia_termica,SUPUESTO,[ESTIMACIÓN] con PCI [SUPUESTO],chip de madera ~20–25 % humedad; muy variable,"equivalencia, no elección"
termico,20000,5,250,bajo,nivel=bajo,equivalente_electricidad_resistiva_kwh_dia,2611.266667,kWh,dia_operativo,energia_termica,SUPUESTO,[ESTIMACIÓN],,rendimiento 98 %; bomba de calor dividiría por su COP (limitada a ~60–70 °C)
respaldo,20000,5,250,bajo,nivel=bajo,kw_critico_camaras_frio,8.956857,kW,potencia,energia_electrica,SUPUESTO,[ESTIMACIÓN] con [SUPUESTO],,
respaldo,20000,5,250,bajo,nivel=bajo,kw_critico_efluentes_minimo,2.770833,kW,potencia,energia_electrica,SUPUESTO,[ESTIMACIÓN] con [SUPUESTO],,
respaldo,20000,5,250,bajo,nivel=bajo,kw_critico_control_it_seguridad,16.157143,kW,potencia,energia_electrica,SUPUESTO,[ESTIMACIÓN] con [SUPUESTO],,
respaldo,20000,5,250,bajo,nivel=bajo,kw_critico_iluminacion_emergencia,8.078571,kW,potencia,energia_electrica,SUPUESTO,[ESTIMACIÓN] con [SUPUESTO],,
respaldo,20000,5,250,bajo,nivel=bajo,kw_critico_bombeo_agua_minimo,24.235714,kW,potencia,energia_electrica,SUPUESTO,[ESTIMACIÓN] con [SUPUESTO],,
respaldo,20000,5,250,bajo,nivel=bajo,kw_critico_anden_aves_ventilacion,16.157143,kW,potencia,energia_electrica,SUPUESTO,[ESTIMACIÓN] con [SUPUESTO],,
respaldo,20000,5,250,bajo,nivel=bajo,kw_respaldo_cargas_criticas,76.356262,kW,potencia,energia_electrica,SUPUESTO,[ESTIMACIÓN] con [SUPUESTO],,cámaras + control + emergencia + efluentes + agua + andén
respaldo,20000,5,250,bajo,nivel=bajo,kva_respaldo_cargas_criticas,95.445328,kVA,potencia,energia_electrica,SUPUESTO,[ESTIMACIÓN],,"fp 0,8"
respaldo,20000,5,250,bajo,nivel=bajo,kva_respaldo_planta_completa,1061.308129,kVA,potencia,energia_electrica,SUPUESTO,[ESTIMACIÓN],,si se quisiera sostener también la línea
perfil_frio,20000,5,250,bajo,perfil=P2,capacidad_congelacion_t_dia,19.171869,t,dia_operativo,comercial,ESTIMACIÓN,[ESTIMACIÓN],SUP-055,t que hay que congelar cada día de faena (túneles/IQF)
perfil_frio,20000,5,250,bajo,perfil=P2,capacidad_almacenamiento_congelado_t,268.406163,t,stock,comercial,ESTIMACIÓN,[ESTIMACIÓN],,t que hay que guardar (cámaras); NO es capacidad de congelación
perfil_frio,20000,5,250,bajo,perfil=P2,stock_refrigerado_t,86.27341,t,stock,comercial,ESTIMACIÓN,[ESTIMACIÓN],"SUP-055, SUP-056",base=dias_produccion; días=3; perfil=P2
perfil_frio,20000,5,250,bajo,perfil=P2,kw_frigorificos_congelacion_tuneles,94.616368,kW frigoríficos,potencia,frio,ESTIMACIÓN,[ESTIMACIÓN] con [SUPUESTO],,durante 20 h/día
perfil_frio,20000,5,250,bajo,perfil=P2,kw_electricos_congelacion_tuneles,52.564649,kW eléctricos,potencia,energia_electrica,SUPUESTO,[ESTIMACIÓN] con COP [SUPUESTO],,kW eléctricos = kW frigoríficos / COP
perfil_frio,20000,5,250,bajo,perfil=P2,kw_frigorificos_camaras_almacenamiento,37.385144,kW frigoríficos,potencia,frio,ESTIMACIÓN,[ESTIMACIÓN] con [SUPUESTO],,"24 h, 365 días; desde kWh/(t·día)"
perfil_frio,20000,5,250,bajo,perfil=P2,kwh_congelacion_dia,2300.624256,kWh,dia_operativo,energia_electrica,FUENTE,[ESTIMACIÓN] con indicador [PVDP],120–260 kWh/t de ave congelada; 133 kWh/t (FTE-09C-10),
perfil_frio,20000,5,250,bajo,perfil=P2,kwh_almacenamiento_frio_dia_calendario,445.74595,kWh,dia_calendario,energia_electrica,SUPUESTO,[ESTIMACIÓN] con [SUPUESTO],,las cámaras funcionan también sin faena
perfil_frio,20000,5,250,bajo,perfil=P2,kw_respaldo_cargas_criticas,91.543977,kW,potencia,energia_electrica,SUPUESTO,[ESTIMACIÓN] con [SUPUESTO],,cámaras + control + emergencia + efluentes + agua + andén
perfil_frio,20000,5,250,bajo,perfil=P3,capacidad_congelacion_t_dia,23.964836,t,dia_operativo,comercial,ESTIMACIÓN,[ESTIMACIÓN],SUP-055,t que hay que congelar cada día de faena (túneles/IQF)
perfil_frio,20000,5,250,bajo,perfil=P3,capacidad_almacenamiento_congelado_t,335.507704,t,stock,comercial,ESTIMACIÓN,[ESTIMACIÓN],,t que hay que guardar (cámaras); NO es capacidad de congelación
perfil_frio,20000,5,250,bajo,perfil=P3,stock_refrigerado_t,71.894508,t,stock,comercial,ESTIMACIÓN,[ESTIMACIÓN],"SUP-055, SUP-056",base=dias_produccion; días=3; perfil=P3
perfil_frio,20000,5,250,bajo,perfil=P3,kw_frigorificos_congelacion_tuneles,118.27046,kW frigoríficos,potencia,frio,ESTIMACIÓN,[ESTIMACIÓN] con [SUPUESTO],,durante 20 h/día
perfil_frio,20000,5,250,bajo,perfil=P3,kw_electricos_congelacion_tuneles,65.705811,kW eléctricos,potencia,energia_electrica,SUPUESTO,[ESTIMACIÓN] con COP [SUPUESTO],,kW eléctricos = kW frigoríficos / COP
perfil_frio,20000,5,250,bajo,perfil=P3,kw_frigorificos_camaras_almacenamiento,43.735826,kW frigoríficos,potencia,frio,ESTIMACIÓN,[ESTIMACIÓN] con [SUPUESTO],,"24 h, 365 días; desde kWh/(t·día)"
perfil_frio,20000,5,250,bajo,perfil=P3,kwh_congelacion_dia,2875.78032,kWh,dia_operativo,energia_electrica,FUENTE,[ESTIMACIÓN] con indicador [PVDP],120–260 kWh/t de ave congelada; 133 kWh/t (FTE-09C-10),
perfil_frio,20000,5,250,bajo,perfil=P3,kwh_almacenamiento_frio_dia_calendario,539.20881,kWh,dia_calendario,energia_electrica,SUPUESTO,[ESTIMACIÓN] con [SUPUESTO],,las cámaras funcionan también sin faena
perfil_frio,20000,5,250,bajo,perfil=P3,kw_respaldo_cargas_criticas,96.606549,kW,potencia,energia_electrica,SUPUESTO,[ESTIMACIÓN] con [SUPUESTO],,cámaras + control + emergencia + efluentes + agua + andén
entrada,20000,5,250,medio,,aves_faenadas_dia_operativo,20000.0,aves,dia_operativo,aves,SUPUESTO,[SUPUESTO],SUP-052,escala = capacidad operativa
entrada,20000,5,250,medio,,t_vivas_dia_operativo,58.0,t,dia_operativo,vivo,ESTIMACIÓN,[ESTIMACIÓN],escenarios_escala.csv,
agua,20000,5,250,medio,nivel=medio,agua_recepcion_l_ave,1.0,L/ave,por_ave,agua_utilizada,SUPUESTO,[SUPUESTO],sin fuente por ave; DPV propuesto,"Recepción: lavado de jaulas/módulos, camiones y andén"
agua,20000,5,250,medio,nivel=medio,agua_recepcion_m3_dia,20.0,m³,dia_operativo,agua_utilizada,ESTIMACIÓN,[ESTIMACIÓN],,"Recepción: lavado de jaulas/módulos, camiones y andén"
agua,20000,5,250,medio,nivel=medio,agua_escaldado_l_ave,1.2,L/ave,por_ave,agua_utilizada,FUENTE,[FUENTE] [PVDP],"mín. ~1 cuarto de galón (0,95 L)/ave (FTE-09C-11, FTE-09C-18)","Escaldado: llenado, reposición y desborde"
agua,20000,5,250,medio,nivel=medio,agua_escaldado_m3_dia,24.0,m³,dia_operativo,agua_utilizada,ESTIMACIÓN,[ESTIMACIÓN],,"Escaldado: llenado, reposición y desborde"
agua,20000,5,250,medio,nivel=medio,agua_desplumado_l_ave,2.0,L/ave,por_ave,agua_utilizada,SUPUESTO,[SUPUESTO],incluido en totales de FTE-09C-01/02,Desplumado: duchas y transporte de plumas
agua,20000,5,250,medio,nivel=medio,agua_desplumado_m3_dia,40.0,m³,dia_operativo,agua_utilizada,ESTIMACIÓN,[ESTIMACIÓN],,Desplumado: duchas y transporte de plumas
agua,20000,5,250,medio,nivel=medio,agua_evisceracion_l_ave,6.0,L/ave,por_ave,agua_utilizada,FUENTE,[FUENTE] [PVDP],"7,57 L/ave (FTE-09C-01)",Evisceración: lavados interior/exterior y transporte hidráulico de vísceras
agua,20000,5,250,medio,nivel=medio,agua_evisceracion_m3_dia,120.0,m³,dia_operativo,agua_utilizada,ESTIMACIÓN,[ESTIMACIÓN],,Evisceración: lavados interior/exterior y transporte hidráulico de vísceras
agua,20000,5,250,medio,nivel=medio,agua_lavado_l_ave,3.0,L/ave,por_ave,agua_utilizada,FUENTE,[FUENTE] [PVDP],"4,25–4,35 L/ave (FTE-09C-01)",Lavado final de carcasas
agua,20000,5,250,medio,nivel=medio,agua_lavado_m3_dia,60.0,m³,dia_operativo,agua_utilizada,ESTIMACIÓN,[ESTIMACIÓN],,Lavado final de carcasas
agua,20000,5,250,medio,nivel=medio,agua_chiller_l_ave,2.8,L/ave,por_ave,agua_utilizada,FUENTE,[FUENTE] [PVDP],"mín. 0,5 gal = 1,9 L/ave; típico 2,8–5,7 L/ave (FTE-09C-18); 2,12 L/ave (FTE-09C-01)",Chiller: reposición de agua (contracorriente)
agua,20000,5,250,medio,nivel=medio,agua_chiller_m3_dia,56.0,m³,dia_operativo,agua_utilizada,ESTIMACIÓN,[ESTIMACIÓN],,Chiller: reposición de agua (contracorriente)
agua,20000,5,250,medio,nivel=medio,agua_despiece_l_ave,1.0,L/ave,por_ave,agua_utilizada,FUENTE,[FUENTE] [PVDP],"3,03 L/ave (FTE-09C-01)",Sala de despiece y deshuese
agua,20000,5,250,medio,nivel=medio,agua_despiece_m3_dia,20.0,m³,dia_operativo,agua_utilizada,ESTIMACIÓN,[ESTIMACIÓN],,Sala de despiece y deshuese
agua,20000,5,250,medio,nivel=medio,agua_limpieza_l_ave,5.0,L/ave,por_ave,agua_utilizada,FUENTE,[FUENTE] [PVDP],"1,5–3 gal = 5,7–11,4 L/ave saneamiento + 0,9–3,8 L equipos (FTE-09C-01)",Limpieza de equipos y salas (fin de turno)
agua,20000,5,250,medio,nivel=medio,agua_limpieza_m3_dia,100.0,m³,dia_operativo,agua_utilizada,ESTIMACIÓN,[ESTIMACIÓN],,Limpieza de equipos y salas (fin de turno)
agua,20000,5,250,medio,nivel=medio,agua_sanitizacion_l_ave,1.0,L/ave,por_ave,agua_utilizada,SUPUESTO,[SUPUESTO],sin fuente separada,"Sanitización: esterilizadores, lavamanos, pediluvios, enjuagues"
agua,20000,5,250,medio,nivel=medio,agua_sanitizacion_m3_dia,20.0,m³,dia_operativo,agua_utilizada,ESTIMACIÓN,[ESTIMACIÓN],,"Sanitización: esterilizadores, lavamanos, pediluvios, enjuagues"
agua,20000,5,250,medio,nivel=medio,agua_auxiliares_l_ave,2.0,L/ave,por_ave,agua_utilizada,SUPUESTO,[SUPUESTO],sin fuente separada,"Servicios auxiliares: caldera, condensadores evaporativos, vestuarios, comedor"
agua,20000,5,250,medio,nivel=medio,agua_auxiliares_m3_dia,40.0,m³,dia_operativo,agua_utilizada,ESTIMACIÓN,[ESTIMACIÓN],,"Servicios auxiliares: caldera, condensadores evaporativos, vestuarios, comedor"
agua,20000,5,250,medio,nivel=medio,agua_utilizada_l_ave,25.0,L/ave,por_ave,agua_utilizada,ESTIMACIÓN,[ESTIMACIÓN] con rangos [PVDP],FTE-09C-01 a 04,consumo industrial; NO incluye agua retenida
agua,20000,5,250,medio,nivel=medio,agua_utilizada_m3_dia,500.0,m³,dia_operativo,agua_utilizada,ESTIMACIÓN,[ESTIMACIÓN],,
agua,20000,5,250,medio,nivel=medio,agua_utilizada_m3_anio,125000.0,m³,anio,agua_utilizada,ESTIMACIÓN,[ESTIMACIÓN],,
agua,20000,5,250,medio,nivel=medio,agua_utilizada_m3_h_medio,41.666667,m³/h,hora,agua_utilizada,ESTIMACIÓN,[ESTIMACIÓN],,sobre 12 h (faena + limpieza)
agua,20000,5,250,medio,nivel=medio,agua_utilizada_m3_h_pico,75.0,m³/h,hora,agua_utilizada,SUPUESTO,[SUPUESTO] factor de pico,,"dimensiona captación, bombeo y reserva"
agua,20000,5,250,medio,nivel=medio,reserva_agua_1_dia_m3,500.0,m³,stock,agua_utilizada,ESTIMACIÓN,[ESTIMACIÓN],,"volumen equivalente a un día de uso (referencia conceptual, no diseño)"
agua,20000,5,250,medio,nivel=medio,agua_descargada_m3_dia,440.0,m³,dia_operativo,agua_descargada,SUPUESTO,[ESTIMACIÓN] con fracción [SUPUESTO],,fracción a efluente = 0.88
agua,20000,5,250,medio,nivel=medio,agua_descargada_l_ave,22.0,L/ave,por_ave,agua_descargada,ESTIMACIÓN,[ESTIMACIÓN],,
agua,20000,5,250,medio,nivel=medio,agua_no_descargada_m3_dia,60.0,m³,dia_operativo,agua_no_descargada,ESTIMACIÓN,[ESTIMACIÓN],,evaporación + retenida + sale con subproductos + pérdidas
agua_retenida,20000,5,250,medio,,agua_retenida_en_producto_t_dia,1.710528,t,dia_operativo,agua_retenida,ESTIMACIÓN,[ESTIMACIÓN] del balance v1.1,escenarios_escala.csv,sale vendida con el producto; NO es consumo industrial ni efluente
agua_retenida,20000,5,250,medio,,agua_incorporada_producto_y_subproductos_t_dia,4.253212,t,dia_operativo,agua_retenida,ESTIMACIÓN,[ESTIMACIÓN] del balance v1.1,escenarios_escala.csv,absorbida en chiller + adherida a plumas (incluye goteo posterior)
agua_retenida,20000,5,250,medio,,agua_retenida_sobre_agua_utilizada_pct,0.342106,%,adimensional,agua,ESTIMACIÓN,[ESTIMACIÓN],,cuánto del agua usada termina dentro del producto
efluente,20000,5,250,medio,nivel=medio,carga_DQO_g_ave,100.0,g/ave,por_ave,efluente_crudo,ESTIMACIÓN,[ESTIMACIÓN] con rangos [PVDP],FTE-181; FTE-09C-05,efluente crudo tras retirar sangre y sólidos gruesos
efluente,20000,5,250,medio,nivel=medio,carga_DQO_kg_dia,2000.0,kg,dia_operativo,efluente_crudo,ESTIMACIÓN,[ESTIMACIÓN],,
efluente,20000,5,250,medio,nivel=medio,concentracion_DQO_mg_l,4545.454545,mg/L,adimensional,efluente_crudo,ESTIMACIÓN,[ESTIMACIÓN],,"resultado (carga / caudal), no parámetro"
efluente,20000,5,250,medio,nivel=medio,carga_DBO5_g_ave,50.0,g/ave,por_ave,efluente_crudo,ESTIMACIÓN,[ESTIMACIÓN] con rangos [PVDP],"FTE-181; FTE-09C-05 (DBO/DQO ~0,4–0,6)",efluente crudo tras retirar sangre y sólidos gruesos
efluente,20000,5,250,medio,nivel=medio,carga_DBO5_kg_dia,1000.0,kg,dia_operativo,efluente_crudo,ESTIMACIÓN,[ESTIMACIÓN],,
efluente,20000,5,250,medio,nivel=medio,concentracion_DBO5_mg_l,2272.727273,mg/L,adimensional,efluente_crudo,ESTIMACIÓN,[ESTIMACIÓN],,"resultado (carga / caudal), no parámetro"
efluente,20000,5,250,medio,nivel=medio,carga_SST_g_ave,35.0,g/ave,por_ave,efluente_crudo,ESTIMACIÓN,[ESTIMACIÓN] con rangos [PVDP],FTE-181; FTE-09C-05,efluente crudo tras retirar sangre y sólidos gruesos
efluente,20000,5,250,medio,nivel=medio,carga_SST_kg_dia,700.0,kg,dia_operativo,efluente_crudo,ESTIMACIÓN,[ESTIMACIÓN],,
efluente,20000,5,250,medio,nivel=medio,concentracion_SST_mg_l,1590.909091,mg/L,adimensional,efluente_crudo,ESTIMACIÓN,[ESTIMACIÓN],,"resultado (carga / caudal), no parámetro"
efluente,20000,5,250,medio,nivel=medio,carga_GyA_g_ave,11.0,g/ave,por_ave,efluente_crudo,ESTIMACIÓN,[ESTIMACIÓN] con rangos [PVDP],FTE-09C-06 (~500 mg/L tamizado),efluente crudo tras retirar sangre y sólidos gruesos
efluente,20000,5,250,medio,nivel=medio,carga_GyA_kg_dia,220.0,kg,dia_operativo,efluente_crudo,ESTIMACIÓN,[ESTIMACIÓN],,
efluente,20000,5,250,medio,nivel=medio,concentracion_GyA_mg_l,500.0,mg/L,adimensional,efluente_crudo,ESTIMACIÓN,[ESTIMACIÓN],,"resultado (carga / caudal), no parámetro"
efluente,20000,5,250,medio,nivel=medio,carga_NTK_g_ave,5.0,g/ave,por_ave,efluente_crudo,ESTIMACIÓN,[ESTIMACIÓN] con rangos [PVDP],FTE-09C-06 (150–296 mg/L),efluente crudo tras retirar sangre y sólidos gruesos
efluente,20000,5,250,medio,nivel=medio,carga_NTK_kg_dia,100.0,kg,dia_operativo,efluente_crudo,ESTIMACIÓN,[ESTIMACIÓN],,
efluente,20000,5,250,medio,nivel=medio,concentracion_NTK_mg_l,227.272727,mg/L,adimensional,efluente_crudo,ESTIMACIÓN,[ESTIMACIÓN],,"resultado (carga / caudal), no parámetro"
efluente,20000,5,250,medio,nivel=medio,carga_PT_g_ave,0.5,g/ave,por_ave,efluente_crudo,ESTIMACIÓN,[ESTIMACIÓN] con rangos [PVDP],"FTE-09C-06 (~18,5 mg/L)",efluente crudo tras retirar sangre y sólidos gruesos
efluente,20000,5,250,medio,nivel=medio,carga_PT_kg_dia,10.0,kg,dia_operativo,efluente_crudo,ESTIMACIÓN,[ESTIMACIÓN],,
efluente,20000,5,250,medio,nivel=medio,concentracion_PT_mg_l,22.727273,mg/L,adimensional,efluente_crudo,ESTIMACIÓN,[ESTIMACIÓN],,"resultado (carga / caudal), no parámetro"
efluente,20000,5,250,medio,,dqo_extra_por_sangre_no_recuperada_g_ave,0.0,g/ave,por_ave,efluente_crudo,ESTIMACIÓN,[ESTIMACIÓN] con DQO de sangre [PVDP],FTE-181,recuperación 0.85 vs referencia 0.85
efluente,20000,5,250,medio,,dqo_evitada_por_recuperar_sangre_kg_dia,598.642857,kg,dia_operativo,efluente_crudo,ESTIMACIÓN,[ESTIMACIÓN] con DQO de sangre [PVDP],FTE-181,orden de magnitud; no es una reducción medida
efluente,20000,5,250,medio,nivel=medio,caudal_efluente_m3_h_pico,66.0,m³/h,hora,agua_descargada,SUPUESTO,[SUPUESTO] factor de pico,,dimensiona ecualización
efluente,20000,5,250,medio,nivel=medio,remocion_dqo_requerida_ilustrativa_pct,94.5,%,adimensional,efluente_crudo,ESTIMACIÓN,[ESTIMACIÓN] con límite [PVDP],FTE-09C-08,"límite ilustrativo 250 mg/L (ADA 336/03, pluvial; a confirmar según sitio y cuerpo receptor)"
masa_evitable,20000,5,250,medio,,sangre_recuperada_t_dia,1.6762,t,dia_operativo,biologica+agua,ESTIMACIÓN,[ESTIMACIÓN] del balance v1.1,escenarios_escala.csv,"sangre recuperada por separado (85 %, SUP-040)"
masa_evitable,20000,5,250,medio,,plumas_t_dia,4.8256,t,dia_operativo,biologica+agua,ESTIMACIÓN,[ESTIMACIÓN] del balance v1.1,escenarios_escala.csv,plumas húmedas retiradas
masa_evitable,20000,5,250,medio,,visceras_t_dia,2.61,t,dia_operativo,biologica+agua,ESTIMACIÓN,[ESTIMACIÓN] del balance v1.1,escenarios_escala.csv,vísceras no comestibles
masa_evitable,20000,5,250,medio,,cabeza_t_dia,1.45,t,dia_operativo,biologica+agua,ESTIMACIÓN,[ESTIMACIÓN] del balance v1.1,escenarios_escala.csv,cabezas
masa_evitable,20000,5,250,medio,,solidos_a_retirar_t_dia,12.167052,t,dia_operativo,biologica+agua,ESTIMACIÓN,[ESTIMACIÓN] del balance v1.1,escenarios_escala.csv,total sólidos a retirar en seco (C + decomisos + contenido GI; NO sumar)
masa_evitable,20000,5,250,medio,,masa_a_efluente_o_perdida_t_dia,2.156486,t,dia_operativo,biologica+agua,ESTIMACIÓN,[ESTIMACIÓN] del balance v1.1,escenarios_escala.csv,"masa que el balance ya envía a efluente o pérdida (sangre no recuperada, cutícula, goteo, pérdidas)"
lodos,20000,5,250,medio,nivel=medio,lodo_daf_kg_ms_dia,637.1,kg,dia_operativo,materia_seca,ESTIMACIÓN,[ESTIMACIÓN] con remociones [PVDP],"FTE-09C-05, FTE-09C-13",sólidos + grasas flotados + químicos
lodos,20000,5,250,medio,nivel=medio,lodo_daf_t_humedo_dia,5.309167,t,dia_operativo,lodo_humedo,ESTIMACIÓN,[ESTIMACIÓN] con % sólidos [PVDP],FTE-09C-13,
lodos,20000,5,250,medio,nivel=medio,dbo_al_tratamiento_biologico_kg_dia,550.0,kg,dia_operativo,efluente_pretratado,ESTIMACIÓN,[ESTIMACIÓN],,después de DAF
lodos,20000,5,250,medio,nivel=medio,lodo_biologico_aerobio_kg_ms_dia,209.0,kg,dia_operativo,materia_seca,SUPUESTO,[ESTIMACIÓN] con rendimiento [SUPUESTO],,si el tratamiento fuera aerobio completo; anaerobio genera mucho menos lodo
lodos,20000,5,250,medio,nivel=medio,lodos_deshidratados_t_dia,4.700556,t,dia_operativo,lodo_humedo,SUPUESTO,[ESTIMACIÓN] con [SUPUESTO],,DAF + biológico deshidratados; disposición/valorización a definir
electricidad,20000,5,250,medio,nivel=medio,kwh_proceso_dia,14500.0,kWh,dia_operativo,energia_electrica,FUENTE,[ESTIMACIÓN] con indicador [PVDP],"UE 152–860 kWh/t faenada; Brasil 165 kWh/t; 1,19 MJ/kg = 330 kWh/t (FTE-09C-09, FTE-09C-03)","faena, proceso, enfriado fresco, aire, agua, servicios"
electricidad,20000,5,250,medio,nivel=medio,kwh_proceso_frio_de_proceso_agua_helada_hielo_dia,5075.0,kWh,dia_operativo,energia_electrica,SUPUESTO,[SUPUESTO] reparto ilustrativo,FTE-09C-09 (cualitativo),didáctico; no sumar con kwh_proceso_dia
electricidad,20000,5,250,medio,nivel=medio,kwh_proceso_motores_de_linea_y_transportadores_dia,2900.0,kWh,dia_operativo,energia_electrica,SUPUESTO,[SUPUESTO] reparto ilustrativo,FTE-09C-09 (cualitativo),didáctico; no sumar con kwh_proceso_dia
electricidad,20000,5,250,medio,nivel=medio,kwh_proceso_aire_comprimido_dia,1450.0,kWh,dia_operativo,energia_electrica,SUPUESTO,[SUPUESTO] reparto ilustrativo,FTE-09C-09 (cualitativo),didáctico; no sumar con kwh_proceso_dia
electricidad,20000,5,250,medio,nivel=medio,kwh_proceso_bombas_agua_y_efluentes_dia,1450.0,kWh,dia_operativo,energia_electrica,SUPUESTO,[SUPUESTO] reparto ilustrativo,FTE-09C-09 (cualitativo),didáctico; no sumar con kwh_proceso_dia
electricidad,20000,5,250,medio,nivel=medio,kwh_proceso_climatizacion_salas_dia,1160.0,kWh,dia_operativo,energia_electrica,SUPUESTO,[SUPUESTO] reparto ilustrativo,FTE-09C-09 (cualitativo),didáctico; no sumar con kwh_proceso_dia
electricidad,20000,5,250,medio,nivel=medio,kwh_proceso_iluminacion_dia,1015.0,kWh,dia_operativo,energia_electrica,SUPUESTO,[SUPUESTO] reparto ilustrativo,FTE-09C-09 (cualitativo),didáctico; no sumar con kwh_proceso_dia
electricidad,20000,5,250,medio,nivel=medio,kwh_proceso_oficinas_vestuarios_servicios_dia,725.0,kWh,dia_operativo,energia_electrica,SUPUESTO,[SUPUESTO] reparto ilustrativo,FTE-09C-09 (cualitativo),didáctico; no sumar con kwh_proceso_dia
electricidad,20000,5,250,medio,nivel=medio,kwh_proceso_otros_dia,725.0,kWh,dia_operativo,energia_electrica,SUPUESTO,[SUPUESTO] reparto ilustrativo,FTE-09C-09 (cualitativo),didáctico; no sumar con kwh_proceso_dia
inventario,20000,5,250,medio,,stock_refrigerado_t,129.410114,t,stock,comercial,ESTIMACIÓN,[ESTIMACIÓN],"SUP-055, SUP-056",base=dias_produccion; días=3; perfil=P1
inventario,20000,5,250,medio,,stock_congelado_t,67.101541,t,stock,comercial,ESTIMACIÓN,[ESTIMACIÓN],"SUP-055, SUP-056",base=dias_produccion; días=14; incluye exportación
congelado,20000,5,250,medio,,capacidad_congelacion_t_dia,4.792967,t,dia_operativo,comercial,ESTIMACIÓN,[ESTIMACIÓN],SUP-055,t que hay que congelar cada día de faena (túneles/IQF)
congelado,20000,5,250,medio,,capacidad_almacenamiento_congelado_t,67.101541,t,stock,comercial,ESTIMACIÓN,[ESTIMACIÓN],,t que hay que guardar (cámaras); NO es capacidad de congelación
congelado,20000,5,250,medio,nivel=medio,garras_a_congelar_t_dia_informativo,2.02104,t,dia_operativo,comercial,SUPUESTO,[SUPUESTO],,ya incluidas dentro del comestible: NO sumar al perfil
congelado,20000,5,250,medio,nivel=medio,menudencias_a_congelar_t_dia_informativo,1.09098,t,dia_operativo,comercial,SUPUESTO,[SUPUESTO],,ya incluidas dentro del comestible: NO sumar al perfil
congelado,20000,5,250,medio,nivel=medio,calor_a_extraer_congelacion_kj_kg,384.943,kJ/kg,adimensional,producto,ESTIMACIÓN,[ESTIMACIÓN] con propiedades [PVDP],FTE-09C-14,"de +4 °C a −18 °C, con pérdidas"
frio,20000,5,250,medio,nivel=medio,kw_frigorificos_enfriado_producto_fresco,470.978616,kW frigoríficos,potencia,frio,ESTIMACIÓN,[ESTIMACIÓN] con [SUPUESTO],,chiller + menudencias + salas/docks; durante 8 h netas
frio,20000,5,250,medio,nivel=medio,tr_enfriado_producto_fresco,133.914875,TR,potencia,frio,ESTIMACIÓN,[ESTIMACIÓN],,"1 TR = 3,517 kW frigoríficos"
frio,20000,5,250,medio,nivel=medio,kw_electricos_enfriado_producto_fresco,156.992872,kW eléctricos,potencia,energia_electrica,SUPUESTO,[ESTIMACIÓN] con COP [SUPUESTO],,kW eléctricos = kW frigoríficos / COP
frio,20000,5,250,medio,nivel=medio,kw_frigorificos_congelacion_tuneles,25.625266,kW frigoríficos,potencia,frio,ESTIMACIÓN,[ESTIMACIÓN] con [SUPUESTO],,durante 20 h/día
frio,20000,5,250,medio,nivel=medio,tr_congelacion_tuneles,7.286115,TR,potencia,frio,ESTIMACIÓN,[ESTIMACIÓN],,"1 TR = 3,517 kW frigoríficos"
frio,20000,5,250,medio,nivel=medio,kw_electricos_congelacion_tuneles,18.303762,kW eléctricos,potencia,energia_electrica,SUPUESTO,[ESTIMACIÓN] con COP [SUPUESTO],,kW eléctricos = kW frigoríficos / COP
frio,20000,5,250,medio,nivel=medio,kw_frigorificos_camaras_almacenamiento,27.919034,kW frigoríficos,potencia,frio,ESTIMACIÓN,[ESTIMACIÓN] con [SUPUESTO],,"24 h, 365 días; desde kWh/(t·día)"
frio,20000,5,250,medio,nivel=medio,tr_camaras_almacenamiento,7.938309,TR,potencia,frio,ESTIMACIÓN,[ESTIMACIÓN],,"1 TR = 3,517 kW frigoríficos"
frio,20000,5,250,medio,nivel=medio,kw_electricos_camaras_almacenamiento,13.779781,kW eléctricos,potencia,energia_electrica,SUPUESTO,[ESTIMACIÓN] con COP [SUPUESTO],,kW eléctricos = kW frigoríficos / COP
frio,20000,5,250,medio,nivel=medio,kj_frio_enfriado_por_ave,678.209208,kJ/ave,por_ave,frio,ESTIMACIÓN,[ESTIMACIÓN] con [SUPUESTO],FTE-09C-14,
electricidad,20000,5,250,medio,nivel=medio,kwh_congelacion_dia,910.663768,kWh,dia_operativo,energia_electrica,FUENTE,[ESTIMACIÓN] con indicador [PVDP],120–260 kWh/t de ave congelada; 133 kWh/t (FTE-09C-10),
electricidad,20000,5,250,medio,nivel=medio,kwh_almacenamiento_frio_dia_calendario,330.714737,kWh,dia_calendario,energia_electrica,SUPUESTO,[ESTIMACIÓN] con [SUPUESTO],,las cámaras funcionan también sin faena
electricidad,20000,5,250,medio,nivel=medio,kwh_tratamiento_aerobio_dia,627.0,kWh,dia_operativo,energia_electrica,SUPUESTO,[ESTIMACIÓN] con [SUPUESTO],,cota: si todo el biológico fuera aerobio
electricidad,20000,5,250,medio,nivel=medio,kwh_total_dia_operativo,16368.378505,kWh,dia_operativo,energia_electrica,ESTIMACIÓN,[ESTIMACIÓN],,proceso + congelado + aerobio + cámaras
electricidad,20000,5,250,medio,nivel=medio,kwh_total_anio,4130126.820932,kWh,anio,energia_electrica,ESTIMACIÓN,[ESTIMACIÓN],,cámaras × 365 días; resto × días de faena
electricidad,20000,5,250,medio,nivel=medio,kwh_por_ave_promedio_anual,0.826025,kWh/ave,por_ave,energia_electrica,ESTIMACIÓN,[ESTIMACIÓN],,
electricidad,20000,5,250,medio,nivel=medio,kw_potencia_media_operacion,1121.152255,kW,potencia,energia_electrica,ESTIMACIÓN,[ESTIMACIÓN],,proceso sobre 14 h + túneles + cámaras + efluentes
electricidad,20000,5,250,medio,nivel=medio,kw_potencia_pico_estimada,1639.009398,kW,potencia,energia_electrica,SUPUESTO,[ESTIMACIÓN] con factor de pico [SUPUESTO],,orden de magnitud para pedir potencia; no es diseño
termico,20000,5,250,medio,nivel=medio,calor_util_escaldado_mj_dia,8037.12,MJ,dia_operativo,energia_termica,ESTIMACIÓN,[ESTIMACIÓN] con temperaturas [PVDP]/[SUPUESTO],FTE-09C-11,
termico,20000,5,250,medio,nivel=medio,kw_termicos_escaldado,279.066667,kW térmicos,potencia,energia_termica,ESTIMACIÓN,[ESTIMACIÓN],,durante 8 h
termico,20000,5,250,medio,nivel=medio,calor_util_limpieza_mj_dia,9292.92,MJ,dia_operativo,energia_termica,ESTIMACIÓN,[ESTIMACIÓN] con temperaturas [PVDP]/[SUPUESTO],FTE-09C-11,
termico,20000,5,250,medio,nivel=medio,kw_termicos_limpieza,645.341667,kW térmicos,potencia,energia_termica,ESTIMACIÓN,[ESTIMACIÓN],,durante 4 h
termico,20000,5,250,medio,nivel=medio,calor_util_sanitizacion_mj_dia,2679.04,MJ,dia_operativo,energia_termica,ESTIMACIÓN,[ESTIMACIÓN] con temperaturas [PVDP]/[SUPUESTO],FTE-09C-11,
termico,20000,5,250,medio,nivel=medio,kw_termicos_sanitizacion,62.014815,kW térmicos,potencia,energia_termica,ESTIMACIÓN,[ESTIMACIÓN],,durante 12 h
termico,20000,5,250,medio,nivel=medio,calor_util_mj_ave,1.000454,MJ/ave,por_ave,energia_termica,ESTIMACIÓN,[ESTIMACIÓN],,
termico,20000,5,250,medio,nivel=medio,energia_combustible_mj_dia,26678.773333,MJ,dia_operativo,energia_termica,ESTIMACIÓN,[ESTIMACIÓN] con rendimiento [SUPUESTO],,
termico,20000,5,250,medio,nivel=medio,energia_combustible_kwh_dia,7410.77037,kWh,dia_operativo,energia_termica,ESTIMACIÓN,[ESTIMACIÓN],,kWh TÉRMICOS (no eléctricos)
termico,20000,5,250,medio,nivel=medio,equivalente_gas_natural_m3_dia,685.829649,m3,dia_operativo,energia_termica,SUPUESTO,[ESTIMACIÓN] con PCI [SUPUESTO],~9.300 kcal/m³ (a verificar con distribuidora),"equivalencia, no elección"
termico,20000,5,250,medio,nivel=medio,equivalente_glp_kg_dia,579.973333,kg,dia_operativo,energia_termica,SUPUESTO,[ESTIMACIÓN] con PCI [SUPUESTO],~11.000 kcal/kg,"equivalencia, no elección"
termico,20000,5,250,medio,nivel=medio,equivalente_biomasa_chip_kg_dia,1905.626667,kg,dia_operativo,energia_termica,SUPUESTO,[ESTIMACIÓN] con PCI [SUPUESTO],chip de madera ~20–25 % humedad; muy variable,"equivalencia, no elección"
termico,20000,5,250,medio,nivel=medio,equivalente_electricidad_resistiva_kwh_dia,5671.507937,kWh,dia_operativo,energia_termica,SUPUESTO,[ESTIMACIÓN],,rendimiento 98 %; bomba de calor dividiría por su COP (limitada a ~60–70 °C)
respaldo,20000,5,250,medio,nivel=medio,kw_critico_camaras_frio,20.669671,kW,potencia,energia_electrica,SUPUESTO,[ESTIMACIÓN] con [SUPUESTO],,
respaldo,20000,5,250,medio,nivel=medio,kw_critico_efluentes_minimo,13.0625,kW,potencia,energia_electrica,SUPUESTO,[ESTIMACIÓN] con [SUPUESTO],,
respaldo,20000,5,250,medio,nivel=medio,kw_critico_control_it_seguridad,31.071429,kW,potencia,energia_electrica,SUPUESTO,[ESTIMACIÓN] con [SUPUESTO],,
respaldo,20000,5,250,medio,nivel=medio,kw_critico_iluminacion_emergencia,15.535714,kW,potencia,energia_electrica,SUPUESTO,[ESTIMACIÓN] con [SUPUESTO],,
respaldo,20000,5,250,medio,nivel=medio,kw_critico_bombeo_agua_minimo,46.607143,kW,potencia,energia_electrica,SUPUESTO,[ESTIMACIÓN] con [SUPUESTO],,
respaldo,20000,5,250,medio,nivel=medio,kw_critico_anden_aves_ventilacion,31.071429,kW,potencia,energia_electrica,SUPUESTO,[ESTIMACIÓN] con [SUPUESTO],,
respaldo,20000,5,250,medio,nivel=medio,kw_respaldo_cargas_criticas,158.017885,kW,potencia,energia_electrica,SUPUESTO,[ESTIMACIÓN] con [SUPUESTO],,cámaras + control + emergencia + efluentes + agua + andén
respaldo,20000,5,250,medio,nivel=medio,kva_respaldo_cargas_criticas,197.522357,kVA,potencia,energia_electrica,SUPUESTO,[ESTIMACIÓN],,"fp 0,8"
respaldo,20000,5,250,medio,nivel=medio,kva_respaldo_planta_completa,2048.761747,kVA,potencia,energia_electrica,SUPUESTO,[ESTIMACIÓN],,si se quisiera sostener también la línea
perfil_frio,20000,5,250,medio,perfil=P2,capacidad_congelacion_t_dia,19.171869,t,dia_operativo,comercial,ESTIMACIÓN,[ESTIMACIÓN],SUP-055,t que hay que congelar cada día de faena (túneles/IQF)
perfil_frio,20000,5,250,medio,perfil=P2,capacidad_almacenamiento_congelado_t,268.406163,t,stock,comercial,ESTIMACIÓN,[ESTIMACIÓN],,t que hay que guardar (cámaras); NO es capacidad de congelación
perfil_frio,20000,5,250,medio,perfil=P2,stock_refrigerado_t,86.27341,t,stock,comercial,ESTIMACIÓN,[ESTIMACIÓN],"SUP-055, SUP-056",base=dias_produccion; días=3; perfil=P2
perfil_frio,20000,5,250,medio,perfil=P2,kw_frigorificos_congelacion_tuneles,102.501065,kW frigoríficos,potencia,frio,ESTIMACIÓN,[ESTIMACIÓN] con [SUPUESTO],,durante 20 h/día
perfil_frio,20000,5,250,medio,perfil=P2,kw_electricos_congelacion_tuneles,73.215047,kW eléctricos,potencia,energia_electrica,SUPUESTO,[ESTIMACIÓN] con COP [SUPUESTO],,kW eléctricos = kW frigoríficos / COP
perfil_frio,20000,5,250,medio,perfil=P2,kw_frigorificos_camaras_almacenamiento,57.755255,kW frigoríficos,potencia,frio,ESTIMACIÓN,[ESTIMACIÓN] con [SUPUESTO],,"24 h, 365 días; desde kWh/(t·día)"
perfil_frio,20000,5,250,medio,perfil=P2,kwh_congelacion_dia,3642.655072,kWh,dia_operativo,energia_electrica,FUENTE,[ESTIMACIÓN] con indicador [PVDP],120–260 kWh/t de ave congelada; 133 kWh/t (FTE-09C-10),
perfil_frio,20000,5,250,medio,perfil=P2,kwh_almacenamiento_frio_dia_calendario,891.491899,kWh,dia_calendario,energia_electrica,SUPUESTO,[ESTIMACIÓN] con [SUPUESTO],,las cámaras funcionan también sin faena
perfil_frio,20000,5,250,medio,perfil=P2,kw_respaldo_cargas_criticas,193.066458,kW,potencia,energia_electrica,SUPUESTO,[ESTIMACIÓN] con [SUPUESTO],,cámaras + control + emergencia + efluentes + agua + andén
perfil_frio,20000,5,250,medio,perfil=P3,capacidad_congelacion_t_dia,23.964836,t,dia_operativo,comercial,ESTIMACIÓN,[ESTIMACIÓN],SUP-055,t que hay que congelar cada día de faena (túneles/IQF)
perfil_frio,20000,5,250,medio,perfil=P3,capacidad_almacenamiento_congelado_t,335.507704,t,stock,comercial,ESTIMACIÓN,[ESTIMACIÓN],,t que hay que guardar (cámaras); NO es capacidad de congelación
perfil_frio,20000,5,250,medio,perfil=P3,stock_refrigerado_t,71.894508,t,stock,comercial,ESTIMACIÓN,[ESTIMACIÓN],"SUP-055, SUP-056",base=dias_produccion; días=3; perfil=P3
perfil_frio,20000,5,250,medio,perfil=P3,kw_frigorificos_congelacion_tuneles,128.126331,kW frigoríficos,potencia,frio,ESTIMACIÓN,[ESTIMACIÓN] con [SUPUESTO],,durante 20 h/día
perfil_frio,20000,5,250,medio,perfil=P3,kw_electricos_congelacion_tuneles,91.518808,kW eléctricos,potencia,energia_electrica,SUPUESTO,[ESTIMACIÓN] con COP [SUPUESTO],,kW eléctricos = kW frigoríficos / COP
perfil_frio,20000,5,250,medio,perfil=P3,kw_frigorificos_camaras_almacenamiento,67.700662,kW frigoríficos,potencia,frio,ESTIMACIÓN,[ESTIMACIÓN] con [SUPUESTO],,"24 h, 365 días; desde kWh/(t·día)"
perfil_frio,20000,5,250,medio,perfil=P3,kwh_congelacion_dia,4553.31884,kWh,dia_operativo,energia_electrica,FUENTE,[ESTIMACIÓN] con indicador [PVDP],120–260 kWh/t de ave congelada; 133 kWh/t (FTE-09C-10),
perfil_frio,20000,5,250,medio,perfil=P3,kwh_almacenamiento_frio_dia_calendario,1078.41762,kWh,dia_calendario,energia_electrica,SUPUESTO,[ESTIMACIÓN] con [SUPUESTO],,las cámaras funcionan también sin faena
perfil_frio,20000,5,250,medio,perfil=P3,kw_respaldo_cargas_criticas,204.749316,kW,potencia,energia_electrica,SUPUESTO,[ESTIMACIÓN] con [SUPUESTO],,cámaras + control + emergencia + efluentes + agua + andén
entrada,20000,5,250,alto,,aves_faenadas_dia_operativo,20000.0,aves,dia_operativo,aves,SUPUESTO,[SUPUESTO],SUP-052,escala = capacidad operativa
entrada,20000,5,250,alto,,t_vivas_dia_operativo,58.0,t,dia_operativo,vivo,ESTIMACIÓN,[ESTIMACIÓN],escenarios_escala.csv,
agua,20000,5,250,alto,nivel=alto,agua_recepcion_l_ave,2.0,L/ave,por_ave,agua_utilizada,SUPUESTO,[SUPUESTO],sin fuente por ave; DPV propuesto,"Recepción: lavado de jaulas/módulos, camiones y andén"
agua,20000,5,250,alto,nivel=alto,agua_recepcion_m3_dia,40.0,m³,dia_operativo,agua_utilizada,ESTIMACIÓN,[ESTIMACIÓN],,"Recepción: lavado de jaulas/módulos, camiones y andén"
agua,20000,5,250,alto,nivel=alto,agua_escaldado_l_ave,2.0,L/ave,por_ave,agua_utilizada,FUENTE,[FUENTE] [PVDP],"mín. ~1 cuarto de galón (0,95 L)/ave (FTE-09C-11, FTE-09C-18)","Escaldado: llenado, reposición y desborde"
agua,20000,5,250,alto,nivel=alto,agua_escaldado_m3_dia,40.0,m³,dia_operativo,agua_utilizada,ESTIMACIÓN,[ESTIMACIÓN],,"Escaldado: llenado, reposición y desborde"
agua,20000,5,250,alto,nivel=alto,agua_desplumado_l_ave,3.5,L/ave,por_ave,agua_utilizada,SUPUESTO,[SUPUESTO],incluido en totales de FTE-09C-01/02,Desplumado: duchas y transporte de plumas
agua,20000,5,250,alto,nivel=alto,agua_desplumado_m3_dia,70.0,m³,dia_operativo,agua_utilizada,ESTIMACIÓN,[ESTIMACIÓN],,Desplumado: duchas y transporte de plumas
agua,20000,5,250,alto,nivel=alto,agua_evisceracion_l_ave,8.0,L/ave,por_ave,agua_utilizada,FUENTE,[FUENTE] [PVDP],"7,57 L/ave (FTE-09C-01)",Evisceración: lavados interior/exterior y transporte hidráulico de vísceras
agua,20000,5,250,alto,nivel=alto,agua_evisceracion_m3_dia,160.0,m³,dia_operativo,agua_utilizada,ESTIMACIÓN,[ESTIMACIÓN],,Evisceración: lavados interior/exterior y transporte hidráulico de vísceras
agua,20000,5,250,alto,nivel=alto,agua_lavado_l_ave,4.5,L/ave,por_ave,agua_utilizada,FUENTE,[FUENTE] [PVDP],"4,25–4,35 L/ave (FTE-09C-01)",Lavado final de carcasas
agua,20000,5,250,alto,nivel=alto,agua_lavado_m3_dia,90.0,m³,dia_operativo,agua_utilizada,ESTIMACIÓN,[ESTIMACIÓN],,Lavado final de carcasas
agua,20000,5,250,alto,nivel=alto,agua_chiller_l_ave,4.5,L/ave,por_ave,agua_utilizada,FUENTE,[FUENTE] [PVDP],"mín. 0,5 gal = 1,9 L/ave; típico 2,8–5,7 L/ave (FTE-09C-18); 2,12 L/ave (FTE-09C-01)",Chiller: reposición de agua (contracorriente)
agua,20000,5,250,alto,nivel=alto,agua_chiller_m3_dia,90.0,m³,dia_operativo,agua_utilizada,ESTIMACIÓN,[ESTIMACIÓN],,Chiller: reposición de agua (contracorriente)
agua,20000,5,250,alto,nivel=alto,agua_despiece_l_ave,2.0,L/ave,por_ave,agua_utilizada,FUENTE,[FUENTE] [PVDP],"3,03 L/ave (FTE-09C-01)",Sala de despiece y deshuese
agua,20000,5,250,alto,nivel=alto,agua_despiece_m3_dia,40.0,m³,dia_operativo,agua_utilizada,ESTIMACIÓN,[ESTIMACIÓN],,Sala de despiece y deshuese
agua,20000,5,250,alto,nivel=alto,agua_limpieza_l_ave,7.5,L/ave,por_ave,agua_utilizada,FUENTE,[FUENTE] [PVDP],"1,5–3 gal = 5,7–11,4 L/ave saneamiento + 0,9–3,8 L equipos (FTE-09C-01)",Limpieza de equipos y salas (fin de turno)
agua,20000,5,250,alto,nivel=alto,agua_limpieza_m3_dia,150.0,m³,dia_operativo,agua_utilizada,ESTIMACIÓN,[ESTIMACIÓN],,Limpieza de equipos y salas (fin de turno)
agua,20000,5,250,alto,nivel=alto,agua_sanitizacion_l_ave,1.5,L/ave,por_ave,agua_utilizada,SUPUESTO,[SUPUESTO],sin fuente separada,"Sanitización: esterilizadores, lavamanos, pediluvios, enjuagues"
agua,20000,5,250,alto,nivel=alto,agua_sanitizacion_m3_dia,30.0,m³,dia_operativo,agua_utilizada,ESTIMACIÓN,[ESTIMACIÓN],,"Sanitización: esterilizadores, lavamanos, pediluvios, enjuagues"
agua,20000,5,250,alto,nivel=alto,agua_auxiliares_l_ave,2.5,L/ave,por_ave,agua_utilizada,SUPUESTO,[SUPUESTO],sin fuente separada,"Servicios auxiliares: caldera, condensadores evaporativos, vestuarios, comedor"
agua,20000,5,250,alto,nivel=alto,agua_auxiliares_m3_dia,50.0,m³,dia_operativo,agua_utilizada,ESTIMACIÓN,[ESTIMACIÓN],,"Servicios auxiliares: caldera, condensadores evaporativos, vestuarios, comedor"
agua,20000,5,250,alto,nivel=alto,agua_utilizada_l_ave,38.0,L/ave,por_ave,agua_utilizada,ESTIMACIÓN,[ESTIMACIÓN] con rangos [PVDP],FTE-09C-01 a 04,consumo industrial; NO incluye agua retenida
agua,20000,5,250,alto,nivel=alto,agua_utilizada_m3_dia,760.0,m³,dia_operativo,agua_utilizada,ESTIMACIÓN,[ESTIMACIÓN],,
agua,20000,5,250,alto,nivel=alto,agua_utilizada_m3_anio,190000.0,m³,anio,agua_utilizada,ESTIMACIÓN,[ESTIMACIÓN],,
agua,20000,5,250,alto,nivel=alto,agua_utilizada_m3_h_medio,63.333333,m³/h,hora,agua_utilizada,ESTIMACIÓN,[ESTIMACIÓN],,sobre 12 h (faena + limpieza)
agua,20000,5,250,alto,nivel=alto,agua_utilizada_m3_h_pico,139.333333,m³/h,hora,agua_utilizada,SUPUESTO,[SUPUESTO] factor de pico,,"dimensiona captación, bombeo y reserva"
agua,20000,5,250,alto,nivel=alto,reserva_agua_1_dia_m3,760.0,m³,stock,agua_utilizada,ESTIMACIÓN,[ESTIMACIÓN],,"volumen equivalente a un día de uso (referencia conceptual, no diseño)"
agua,20000,5,250,alto,nivel=alto,agua_descargada_m3_dia,722.0,m³,dia_operativo,agua_descargada,SUPUESTO,[ESTIMACIÓN] con fracción [SUPUESTO],,fracción a efluente = 0.95
agua,20000,5,250,alto,nivel=alto,agua_descargada_l_ave,36.1,L/ave,por_ave,agua_descargada,ESTIMACIÓN,[ESTIMACIÓN],,
agua,20000,5,250,alto,nivel=alto,agua_no_descargada_m3_dia,38.0,m³,dia_operativo,agua_no_descargada,ESTIMACIÓN,[ESTIMACIÓN],,evaporación + retenida + sale con subproductos + pérdidas
agua_retenida,20000,5,250,alto,,agua_retenida_en_producto_t_dia,1.710528,t,dia_operativo,agua_retenida,ESTIMACIÓN,[ESTIMACIÓN] del balance v1.1,escenarios_escala.csv,sale vendida con el producto; NO es consumo industrial ni efluente
agua_retenida,20000,5,250,alto,,agua_incorporada_producto_y_subproductos_t_dia,4.253212,t,dia_operativo,agua_retenida,ESTIMACIÓN,[ESTIMACIÓN] del balance v1.1,escenarios_escala.csv,absorbida en chiller + adherida a plumas (incluye goteo posterior)
agua_retenida,20000,5,250,alto,,agua_retenida_sobre_agua_utilizada_pct,0.225069,%,adimensional,agua,ESTIMACIÓN,[ESTIMACIÓN],,cuánto del agua usada termina dentro del producto
efluente,20000,5,250,alto,nivel=alto,carga_DQO_g_ave,180.0,g/ave,por_ave,efluente_crudo,ESTIMACIÓN,[ESTIMACIÓN] con rangos [PVDP],FTE-181; FTE-09C-05,efluente crudo tras retirar sangre y sólidos gruesos
efluente,20000,5,250,alto,nivel=alto,carga_DQO_kg_dia,3600.0,kg,dia_operativo,efluente_crudo,ESTIMACIÓN,[ESTIMACIÓN],,
efluente,20000,5,250,alto,nivel=alto,concentracion_DQO_mg_l,4986.149584,mg/L,adimensional,efluente_crudo,ESTIMACIÓN,[ESTIMACIÓN],,"resultado (carga / caudal), no parámetro"
efluente,20000,5,250,alto,nivel=alto,carga_DBO5_g_ave,90.0,g/ave,por_ave,efluente_crudo,ESTIMACIÓN,[ESTIMACIÓN] con rangos [PVDP],"FTE-181; FTE-09C-05 (DBO/DQO ~0,4–0,6)",efluente crudo tras retirar sangre y sólidos gruesos
efluente,20000,5,250,alto,nivel=alto,carga_DBO5_kg_dia,1800.0,kg,dia_operativo,efluente_crudo,ESTIMACIÓN,[ESTIMACIÓN],,
efluente,20000,5,250,alto,nivel=alto,concentracion_DBO5_mg_l,2493.074792,mg/L,adimensional,efluente_crudo,ESTIMACIÓN,[ESTIMACIÓN],,"resultado (carga / caudal), no parámetro"
efluente,20000,5,250,alto,nivel=alto,carga_SST_g_ave,80.0,g/ave,por_ave,efluente_crudo,ESTIMACIÓN,[ESTIMACIÓN] con rangos [PVDP],FTE-181; FTE-09C-05,efluente crudo tras retirar sangre y sólidos gruesos
efluente,20000,5,250,alto,nivel=alto,carga_SST_kg_dia,1600.0,kg,dia_operativo,efluente_crudo,ESTIMACIÓN,[ESTIMACIÓN],,
efluente,20000,5,250,alto,nivel=alto,concentracion_SST_mg_l,2216.066482,mg/L,adimensional,efluente_crudo,ESTIMACIÓN,[ESTIMACIÓN],,"resultado (carga / caudal), no parámetro"
efluente,20000,5,250,alto,nivel=alto,carga_GyA_g_ave,25.0,g/ave,por_ave,efluente_crudo,ESTIMACIÓN,[ESTIMACIÓN] con rangos [PVDP],FTE-09C-06 (~500 mg/L tamizado),efluente crudo tras retirar sangre y sólidos gruesos
efluente,20000,5,250,alto,nivel=alto,carga_GyA_kg_dia,500.0,kg,dia_operativo,efluente_crudo,ESTIMACIÓN,[ESTIMACIÓN],,
efluente,20000,5,250,alto,nivel=alto,concentracion_GyA_mg_l,692.520776,mg/L,adimensional,efluente_crudo,ESTIMACIÓN,[ESTIMACIÓN],,"resultado (carga / caudal), no parámetro"
efluente,20000,5,250,alto,nivel=alto,carga_NTK_g_ave,8.0,g/ave,por_ave,efluente_crudo,ESTIMACIÓN,[ESTIMACIÓN] con rangos [PVDP],FTE-09C-06 (150–296 mg/L),efluente crudo tras retirar sangre y sólidos gruesos
efluente,20000,5,250,alto,nivel=alto,carga_NTK_kg_dia,160.0,kg,dia_operativo,efluente_crudo,ESTIMACIÓN,[ESTIMACIÓN],,
efluente,20000,5,250,alto,nivel=alto,concentracion_NTK_mg_l,221.606648,mg/L,adimensional,efluente_crudo,ESTIMACIÓN,[ESTIMACIÓN],,"resultado (carga / caudal), no parámetro"
efluente,20000,5,250,alto,nivel=alto,carga_PT_g_ave,1.0,g/ave,por_ave,efluente_crudo,ESTIMACIÓN,[ESTIMACIÓN] con rangos [PVDP],"FTE-09C-06 (~18,5 mg/L)",efluente crudo tras retirar sangre y sólidos gruesos
efluente,20000,5,250,alto,nivel=alto,carga_PT_kg_dia,20.0,kg,dia_operativo,efluente_crudo,ESTIMACIÓN,[ESTIMACIÓN],,
efluente,20000,5,250,alto,nivel=alto,concentracion_PT_mg_l,27.700831,mg/L,adimensional,efluente_crudo,ESTIMACIÓN,[ESTIMACIÓN],,"resultado (carga / caudal), no parámetro"
efluente,20000,5,250,alto,,dqo_extra_por_sangre_no_recuperada_g_ave,0.0,g/ave,por_ave,efluente_crudo,ESTIMACIÓN,[ESTIMACIÓN] con DQO de sangre [PVDP],FTE-181,recuperación 0.85 vs referencia 0.85
efluente,20000,5,250,alto,,dqo_evitada_por_recuperar_sangre_kg_dia,598.642857,kg,dia_operativo,efluente_crudo,ESTIMACIÓN,[ESTIMACIÓN] con DQO de sangre [PVDP],FTE-181,orden de magnitud; no es una reducción medida
efluente,20000,5,250,alto,nivel=alto,caudal_efluente_m3_h_pico,132.366667,m³/h,hora,agua_descargada,SUPUESTO,[SUPUESTO] factor de pico,,dimensiona ecualización
efluente,20000,5,250,alto,nivel=alto,remocion_dqo_requerida_ilustrativa_pct,94.986111,%,adimensional,efluente_crudo,ESTIMACIÓN,[ESTIMACIÓN] con límite [PVDP],FTE-09C-08,"límite ilustrativo 250 mg/L (ADA 336/03, pluvial; a confirmar según sitio y cuerpo receptor)"
masa_evitable,20000,5,250,alto,,sangre_recuperada_t_dia,1.6762,t,dia_operativo,biologica+agua,ESTIMACIÓN,[ESTIMACIÓN] del balance v1.1,escenarios_escala.csv,"sangre recuperada por separado (85 %, SUP-040)"
masa_evitable,20000,5,250,alto,,plumas_t_dia,4.8256,t,dia_operativo,biologica+agua,ESTIMACIÓN,[ESTIMACIÓN] del balance v1.1,escenarios_escala.csv,plumas húmedas retiradas
masa_evitable,20000,5,250,alto,,visceras_t_dia,2.61,t,dia_operativo,biologica+agua,ESTIMACIÓN,[ESTIMACIÓN] del balance v1.1,escenarios_escala.csv,vísceras no comestibles
masa_evitable,20000,5,250,alto,,cabeza_t_dia,1.45,t,dia_operativo,biologica+agua,ESTIMACIÓN,[ESTIMACIÓN] del balance v1.1,escenarios_escala.csv,cabezas
masa_evitable,20000,5,250,alto,,solidos_a_retirar_t_dia,12.167052,t,dia_operativo,biologica+agua,ESTIMACIÓN,[ESTIMACIÓN] del balance v1.1,escenarios_escala.csv,total sólidos a retirar en seco (C + decomisos + contenido GI; NO sumar)
masa_evitable,20000,5,250,alto,,masa_a_efluente_o_perdida_t_dia,2.156486,t,dia_operativo,biologica+agua,ESTIMACIÓN,[ESTIMACIÓN] del balance v1.1,escenarios_escala.csv,"masa que el balance ya envía a efluente o pérdida (sangre no recuperada, cutícula, goteo, pérdidas)"
lodos,20000,5,250,alto,nivel=alto,lodo_daf_kg_ms_dia,1153.75,kg,dia_operativo,materia_seca,ESTIMACIÓN,[ESTIMACIÓN] con remociones [PVDP],"FTE-09C-05, FTE-09C-13",sólidos + grasas flotados + químicos
lodos,20000,5,250,alto,nivel=alto,lodo_daf_t_humedo_dia,11.5375,t,dia_operativo,lodo_humedo,ESTIMACIÓN,[ESTIMACIÓN] con % sólidos [PVDP],FTE-09C-13,
lodos,20000,5,250,alto,nivel=alto,dbo_al_tratamiento_biologico_kg_dia,1260.0,kg,dia_operativo,efluente_pretratado,ESTIMACIÓN,[ESTIMACIÓN],,después de DAF
lodos,20000,5,250,alto,nivel=alto,lodo_biologico_aerobio_kg_ms_dia,598.5,kg,dia_operativo,materia_seca,SUPUESTO,[ESTIMACIÓN] con rendimiento [SUPUESTO],,si el tratamiento fuera aerobio completo; anaerobio genera mucho menos lodo
lodos,20000,5,250,alto,nivel=alto,lodos_deshidratados_t_dia,11.681667,t,dia_operativo,lodo_humedo,SUPUESTO,[ESTIMACIÓN] con [SUPUESTO],,DAF + biológico deshidratados; disposición/valorización a definir
electricidad,20000,5,250,alto,nivel=alto,kwh_proceso_dia,26100.0,kWh,dia_operativo,energia_electrica,FUENTE,[ESTIMACIÓN] con indicador [PVDP],"UE 152–860 kWh/t faenada; Brasil 165 kWh/t; 1,19 MJ/kg = 330 kWh/t (FTE-09C-09, FTE-09C-03)","faena, proceso, enfriado fresco, aire, agua, servicios"
electricidad,20000,5,250,alto,nivel=alto,kwh_proceso_frio_de_proceso_agua_helada_hielo_dia,9135.0,kWh,dia_operativo,energia_electrica,SUPUESTO,[SUPUESTO] reparto ilustrativo,FTE-09C-09 (cualitativo),didáctico; no sumar con kwh_proceso_dia
electricidad,20000,5,250,alto,nivel=alto,kwh_proceso_motores_de_linea_y_transportadores_dia,5220.0,kWh,dia_operativo,energia_electrica,SUPUESTO,[SUPUESTO] reparto ilustrativo,FTE-09C-09 (cualitativo),didáctico; no sumar con kwh_proceso_dia
electricidad,20000,5,250,alto,nivel=alto,kwh_proceso_aire_comprimido_dia,2610.0,kWh,dia_operativo,energia_electrica,SUPUESTO,[SUPUESTO] reparto ilustrativo,FTE-09C-09 (cualitativo),didáctico; no sumar con kwh_proceso_dia
electricidad,20000,5,250,alto,nivel=alto,kwh_proceso_bombas_agua_y_efluentes_dia,2610.0,kWh,dia_operativo,energia_electrica,SUPUESTO,[SUPUESTO] reparto ilustrativo,FTE-09C-09 (cualitativo),didáctico; no sumar con kwh_proceso_dia
electricidad,20000,5,250,alto,nivel=alto,kwh_proceso_climatizacion_salas_dia,2088.0,kWh,dia_operativo,energia_electrica,SUPUESTO,[SUPUESTO] reparto ilustrativo,FTE-09C-09 (cualitativo),didáctico; no sumar con kwh_proceso_dia
electricidad,20000,5,250,alto,nivel=alto,kwh_proceso_iluminacion_dia,1827.0,kWh,dia_operativo,energia_electrica,SUPUESTO,[SUPUESTO] reparto ilustrativo,FTE-09C-09 (cualitativo),didáctico; no sumar con kwh_proceso_dia
electricidad,20000,5,250,alto,nivel=alto,kwh_proceso_oficinas_vestuarios_servicios_dia,1305.0,kWh,dia_operativo,energia_electrica,SUPUESTO,[SUPUESTO] reparto ilustrativo,FTE-09C-09 (cualitativo),didáctico; no sumar con kwh_proceso_dia
electricidad,20000,5,250,alto,nivel=alto,kwh_proceso_otros_dia,1305.0,kWh,dia_operativo,energia_electrica,SUPUESTO,[SUPUESTO] reparto ilustrativo,FTE-09C-09 (cualitativo),didáctico; no sumar con kwh_proceso_dia
inventario,20000,5,250,alto,,stock_refrigerado_t,129.410114,t,stock,comercial,ESTIMACIÓN,[ESTIMACIÓN],"SUP-055, SUP-056",base=dias_produccion; días=3; perfil=P1
inventario,20000,5,250,alto,,stock_congelado_t,67.101541,t,stock,comercial,ESTIMACIÓN,[ESTIMACIÓN],"SUP-055, SUP-056",base=dias_produccion; días=14; incluye exportación
congelado,20000,5,250,alto,,capacidad_congelacion_t_dia,4.792967,t,dia_operativo,comercial,ESTIMACIÓN,[ESTIMACIÓN],SUP-055,t que hay que congelar cada día de faena (túneles/IQF)
congelado,20000,5,250,alto,,capacidad_almacenamiento_congelado_t,67.101541,t,stock,comercial,ESTIMACIÓN,[ESTIMACIÓN],,t que hay que guardar (cámaras); NO es capacidad de congelación
congelado,20000,5,250,alto,nivel=alto,garras_a_congelar_t_dia_informativo,2.02104,t,dia_operativo,comercial,SUPUESTO,[SUPUESTO],,ya incluidas dentro del comestible: NO sumar al perfil
congelado,20000,5,250,alto,nivel=alto,menudencias_a_congelar_t_dia_informativo,2.18196,t,dia_operativo,comercial,SUPUESTO,[SUPUESTO],,ya incluidas dentro del comestible: NO sumar al perfil
congelado,20000,5,250,alto,nivel=alto,calor_a_extraer_congelacion_kj_kg,444.165,kJ/kg,adimensional,producto,ESTIMACIÓN,[ESTIMACIÓN] con propiedades [PVDP],FTE-09C-14,"de +4 °C a −18 °C, con pérdidas"
frio,20000,5,250,alto,nivel=alto,kw_frigorificos_enfriado_producto_fresco,672.678387,kW frigoríficos,potencia,frio,ESTIMACIÓN,[ESTIMACIÓN] con [SUPUESTO],,chiller + menudencias + salas/docks; durante 8 h netas
frio,20000,5,250,alto,nivel=alto,tr_enfriado_producto_fresco,191.264824,TR,potencia,frio,ESTIMACIÓN,[ESTIMACIÓN],,"1 TR = 3,517 kW frigoríficos"
frio,20000,5,250,alto,nivel=alto,kw_electricos_enfriado_producto_fresco,292.468864,kW eléctricos,potencia,energia_electrica,SUPUESTO,[ESTIMACIÓN] con COP [SUPUESTO],,kW eléctricos = kW frigoríficos / COP
frio,20000,5,250,alto,nivel=alto,kw_frigorificos_congelacion_tuneles,29.567615,kW frigoríficos,potencia,frio,ESTIMACIÓN,[ESTIMACIÓN] con [SUPUESTO],,durante 20 h/día
frio,20000,5,250,alto,nivel=alto,tr_congelacion_tuneles,8.407056,TR,potencia,frio,ESTIMACIÓN,[ESTIMACIÓN],,"1 TR = 3,517 kW frigoríficos"
frio,20000,5,250,alto,nivel=alto,kw_electricos_congelacion_tuneles,26.87965,kW eléctricos,potencia,energia_electrica,SUPUESTO,[ESTIMACIÓN] con COP [SUPUESTO],,kW eléctricos = kW frigoríficos / COP
frio,20000,5,250,alto,nivel=alto,kw_frigorificos_camaras_almacenamiento,40.181042,kW frigoríficos,potencia,frio,ESTIMACIÓN,[ESTIMACIÓN] con [SUPUESTO],,"24 h, 365 días; desde kWh/(t·día)"
frio,20000,5,250,alto,nivel=alto,tr_camaras_almacenamiento,11.424806,TR,potencia,frio,ESTIMACIÓN,[ESTIMACIÓN],,"1 TR = 3,517 kW frigoríficos"
frio,20000,5,250,alto,nivel=alto,kw_electricos_camaras_almacenamiento,24.763664,kW eléctricos,potencia,energia_electrica,SUPUESTO,[ESTIMACIÓN] con COP [SUPUESTO],,kW eléctricos = kW frigoríficos / COP
frio,20000,5,250,alto,nivel=alto,kj_frio_enfriado_por_ave,968.656877,kJ/ave,por_ave,frio,ESTIMACIÓN,[ESTIMACIÓN] con [SUPUESTO],FTE-09C-14,
electricidad,20000,5,250,alto,nivel=alto,kwh_congelacion_dia,1246.171472,kWh,dia_operativo,energia_electrica,FUENTE,[ESTIMACIÓN] con indicador [PVDP],120–260 kWh/t de ave congelada; 133 kWh/t (FTE-09C-10),
electricidad,20000,5,250,alto,nivel=alto,kwh_almacenamiento_frio_dia_calendario,594.327933,kWh,dia_calendario,energia_electrica,SUPUESTO,[ESTIMACIÓN] con [SUPUESTO],,las cámaras funcionan también sin faena
electricidad,20000,5,250,alto,nivel=alto,kwh_tratamiento_aerobio_dia,2394.0,kWh,dia_operativo,energia_electrica,SUPUESTO,[ESTIMACIÓN] con [SUPUESTO],,cota: si todo el biológico fuera aerobio
electricidad,20000,5,250,alto,nivel=alto,kwh_total_dia_operativo,30334.499405,kWh,dia_operativo,energia_electrica,ESTIMACIÓN,[ESTIMACIÓN],,proceso + congelado + aerobio + cámaras
electricidad,20000,5,250,alto,nivel=alto,kwh_total_anio,7651972.563472,kWh,anio,energia_electrica,ESTIMACIÓN,[ESTIMACIÓN],,cámaras × 365 días; resto × días de faena
electricidad,20000,5,250,alto,nivel=alto,kwh_por_ave_promedio_anual,1.530395,kWh/ave,por_ave,energia_electrica,ESTIMACIÓN,[ESTIMACIÓN],,
electricidad,20000,5,250,alto,nivel=alto,kw_potencia_media_operacion,2051.107952,kW,potencia,energia_electrica,ESTIMACIÓN,[ESTIMACIÓN],,proceso sobre 14 h + túneles + cámaras + efluentes
electricidad,20000,5,250,alto,nivel=alto,kw_potencia_pico_estimada,3542.536523,kW,potencia,energia_electrica,SUPUESTO,[ESTIMACIÓN] con factor de pico [SUPUESTO],,orden de magnitud para pedir potencia; no es diseño
termico,20000,5,250,alto,nivel=alto,calor_util_escaldado_mj_dia,22102.08,MJ,dia_operativo,energia_termica,ESTIMACIÓN,[ESTIMACIÓN] con temperaturas [PVDP]/[SUPUESTO],FTE-09C-11,
termico,20000,5,250,alto,nivel=alto,kw_termicos_escaldado,767.433333,kW térmicos,potencia,energia_termica,ESTIMACIÓN,[ESTIMACIÓN],,durante 8 h
termico,20000,5,250,alto,nivel=alto,calor_util_limpieza_mj_dia,18460.26,MJ,dia_operativo,energia_termica,ESTIMACIÓN,[ESTIMACIÓN] con temperaturas [PVDP]/[SUPUESTO],FTE-09C-11,
termico,20000,5,250,alto,nivel=alto,kw_termicos_limpieza,1281.9625,kW térmicos,potencia,energia_termica,ESTIMACIÓN,[ESTIMACIÓN],,durante 4 h
termico,20000,5,250,alto,nivel=alto,calor_util_sanitizacion_mj_dia,5625.984,MJ,dia_operativo,energia_termica,ESTIMACIÓN,[ESTIMACIÓN] con temperaturas [PVDP]/[SUPUESTO],FTE-09C-11,
termico,20000,5,250,alto,nivel=alto,kw_termicos_sanitizacion,130.231111,kW térmicos,potencia,energia_termica,ESTIMACIÓN,[ESTIMACIÓN],,durante 12 h
termico,20000,5,250,alto,nivel=alto,calor_util_mj_ave,2.309416,MJ/ave,por_ave,energia_termica,ESTIMACIÓN,[ESTIMACIÓN],,
termico,20000,5,250,alto,nivel=alto,energia_combustible_mj_dia,71058.96,MJ,dia_operativo,energia_termica,ESTIMACIÓN,[ESTIMACIÓN] con rendimiento [SUPUESTO],,
termico,20000,5,250,alto,nivel=alto,energia_combustible_kwh_dia,19738.6,kWh,dia_operativo,energia_termica,ESTIMACIÓN,[ESTIMACIÓN],,kWh TÉRMICOS (no eléctricos)
termico,20000,5,250,alto,nivel=alto,equivalente_gas_natural_m3_dia,1826.708483,m3,dia_operativo,energia_termica,SUPUESTO,[ESTIMACIÓN] con PCI [SUPUESTO],~9.300 kcal/m³ (a verificar con distribuidora),"equivalencia, no elección"
termico,20000,5,250,alto,nivel=alto,equivalente_glp_kg_dia,1544.76,kg,dia_operativo,energia_termica,SUPUESTO,[ESTIMACIÓN] con PCI [SUPUESTO],~11.000 kcal/kg,"equivalencia, no elección"
termico,20000,5,250,alto,nivel=alto,equivalente_biomasa_chip_kg_dia,5075.64,kg,dia_operativo,energia_termica,SUPUESTO,[ESTIMACIÓN] con PCI [SUPUESTO],chip de madera ~20–25 % humedad; muy variable,"equivalencia, no elección"
termico,20000,5,250,alto,nivel=alto,equivalente_electricidad_resistiva_kwh_dia,13091.928571,kWh,dia_operativo,energia_termica,SUPUESTO,[ESTIMACIÓN],,rendimiento 98 %; bomba de calor dividiría por su COP (limitada a ~60–70 °C)
respaldo,20000,5,250,alto,nivel=alto,kw_critico_camaras_frio,49.527328,kW,potencia,energia_electrica,SUPUESTO,[ESTIMACIÓN] con [SUPUESTO],,
respaldo,20000,5,250,alto,nivel=alto,kw_critico_efluentes_minimo,49.875,kW,potencia,energia_electrica,SUPUESTO,[ESTIMACIÓN] con [SUPUESTO],,
respaldo,20000,5,250,alto,nivel=alto,kw_critico_control_it_seguridad,67.114286,kW,potencia,energia_electrica,SUPUESTO,[ESTIMACIÓN] con [SUPUESTO],,
respaldo,20000,5,250,alto,nivel=alto,kw_critico_iluminacion_emergencia,33.557143,kW,potencia,energia_electrica,SUPUESTO,[ESTIMACIÓN] con [SUPUESTO],,
respaldo,20000,5,250,alto,nivel=alto,kw_critico_bombeo_agua_minimo,100.671429,kW,potencia,energia_electrica,SUPUESTO,[ESTIMACIÓN] con [SUPUESTO],,
respaldo,20000,5,250,alto,nivel=alto,kw_critico_anden_aves_ventilacion,67.114286,kW,potencia,energia_electrica,SUPUESTO,[ESTIMACIÓN] con [SUPUESTO],,
respaldo,20000,5,250,alto,nivel=alto,kw_respaldo_cargas_criticas,367.859471,kW,potencia,energia_electrica,SUPUESTO,[ESTIMACIÓN] con [SUPUESTO],,cámaras + control + emergencia + efluentes + agua + andén
respaldo,20000,5,250,alto,nivel=alto,kva_respaldo_cargas_criticas,459.824338,kVA,potencia,energia_electrica,SUPUESTO,[ESTIMACIÓN],,"fp 0,8"
respaldo,20000,5,250,alto,nivel=alto,kva_respaldo_planta_completa,4428.170654,kVA,potencia,energia_electrica,SUPUESTO,[ESTIMACIÓN],,si se quisiera sostener también la línea
perfil_frio,20000,5,250,alto,perfil=P2,capacidad_congelacion_t_dia,19.171869,t,dia_operativo,comercial,ESTIMACIÓN,[ESTIMACIÓN],SUP-055,t que hay que congelar cada día de faena (túneles/IQF)
perfil_frio,20000,5,250,alto,perfil=P2,capacidad_almacenamiento_congelado_t,268.406163,t,stock,comercial,ESTIMACIÓN,[ESTIMACIÓN],,t que hay que guardar (cámaras); NO es capacidad de congelación
perfil_frio,20000,5,250,alto,perfil=P2,stock_refrigerado_t,86.27341,t,stock,comercial,ESTIMACIÓN,[ESTIMACIÓN],"SUP-055, SUP-056",base=dias_produccion; días=3; perfil=P2
perfil_frio,20000,5,250,alto,perfil=P2,kw_frigorificos_congelacion_tuneles,118.27046,kW frigoríficos,potencia,frio,ESTIMACIÓN,[ESTIMACIÓN] con [SUPUESTO],,durante 20 h/día
perfil_frio,20000,5,250,alto,perfil=P2,kw_electricos_congelacion_tuneles,107.5186,kW eléctricos,potencia,energia_electrica,SUPUESTO,[ESTIMACIÓN] con COP [SUPUESTO],,kW eléctricos = kW frigoríficos / COP
perfil_frio,20000,5,250,alto,perfil=P2,kw_frigorificos_camaras_almacenamiento,78.045483,kW frigoríficos,potencia,frio,ESTIMACIÓN,[ESTIMACIÓN] con [SUPUESTO],,"24 h, 365 días; desde kWh/(t·día)"
perfil_frio,20000,5,250,alto,perfil=P2,kwh_congelacion_dia,4984.685888,kWh,dia_operativo,energia_electrica,FUENTE,[ESTIMACIÓN] con indicador [PVDP],120–260 kWh/t de ave congelada; 133 kWh/t (FTE-09C-10),
perfil_frio,20000,5,250,alto,perfil=P2,kwh_almacenamiento_frio_dia_calendario,1514.577635,kWh,dia_calendario,energia_electrica,SUPUESTO,[ESTIMACIÓN] con [SUPUESTO],,las cámaras funcionan también sin faena
perfil_frio,20000,5,250,alto,perfil=P2,kw_respaldo_cargas_criticas,444.546946,kW,potencia,energia_electrica,SUPUESTO,[ESTIMACIÓN] con [SUPUESTO],,cámaras + control + emergencia + efluentes + agua + andén
perfil_frio,20000,5,250,alto,perfil=P3,capacidad_congelacion_t_dia,23.964836,t,dia_operativo,comercial,ESTIMACIÓN,[ESTIMACIÓN],SUP-055,t que hay que congelar cada día de faena (túneles/IQF)
perfil_frio,20000,5,250,alto,perfil=P3,capacidad_almacenamiento_congelado_t,335.507704,t,stock,comercial,ESTIMACIÓN,[ESTIMACIÓN],,t que hay que guardar (cámaras); NO es capacidad de congelación
perfil_frio,20000,5,250,alto,perfil=P3,stock_refrigerado_t,71.894508,t,stock,comercial,ESTIMACIÓN,[ESTIMACIÓN],"SUP-055, SUP-056",base=dias_produccion; días=3; perfil=P3
perfil_frio,20000,5,250,alto,perfil=P3,kw_frigorificos_congelacion_tuneles,147.838075,kW frigoríficos,potencia,frio,ESTIMACIÓN,[ESTIMACIÓN] con [SUPUESTO],,durante 20 h/día
perfil_frio,20000,5,250,alto,perfil=P3,kw_electricos_congelacion_tuneles,134.39825,kW eléctricos,potencia,energia_electrica,SUPUESTO,[ESTIMACIÓN] con COP [SUPUESTO],,kW eléctricos = kW frigoríficos / COP
perfil_frio,20000,5,250,alto,perfil=P3,kw_frigorificos_camaras_almacenamiento,90.666963,kW frigoríficos,potencia,frio,ESTIMACIÓN,[ESTIMACIÓN] con [SUPUESTO],,"24 h, 365 días; desde kWh/(t·día)"
perfil_frio,20000,5,250,alto,perfil=P3,kwh_congelacion_dia,6230.85736,kWh,dia_operativo,energia_electrica,FUENTE,[ESTIMACIÓN] con indicador [PVDP],120–260 kWh/t de ave congelada; 133 kWh/t (FTE-09C-10),
perfil_frio,20000,5,250,alto,perfil=P3,kwh_almacenamiento_frio_dia_calendario,1821.327536,kWh,dia_calendario,energia_electrica,SUPUESTO,[ESTIMACIÓN] con [SUPUESTO],,las cámaras funcionan también sin faena
perfil_frio,20000,5,250,alto,perfil=P3,kw_respaldo_cargas_criticas,470.109438,kW,potencia,energia_electrica,SUPUESTO,[ESTIMACIÓN] con [SUPUESTO],,cámaras + control + emergencia + efluentes + agua + andén
inventario,20000,5,250,-,base_temporal=dias_produccion; dias=1,comestible_total_t,47.929672,t,stock,comercial,ESTIMACIÓN,[ESTIMACIÓN],"SUP-055, SUP-056; = escenarios_escala.csv",días de producción
inventario,20000,5,250,-,base_temporal=dias_produccion; dias=1; perfil_destino=P1,refrigerado_t,43.136705,t,stock,comercial,ESTIMACIÓN,[ESTIMACIÓN],"SUP-055, SUP-056; = escenarios_escala.csv",días de producción
inventario,20000,5,250,-,base_temporal=dias_produccion; dias=1; perfil_destino=P1,congelado_t,4.792967,t,stock,comercial,ESTIMACIÓN,[ESTIMACIÓN],"SUP-055, SUP-056; = escenarios_escala.csv",días de producción
inventario,20000,5,250,-,base_temporal=dias_produccion; dias=1; perfil_destino=P1,exportacion_t,0.0,t,stock,comercial,ESTIMACIÓN,[ESTIMACIÓN],"SUP-055, SUP-056; = escenarios_escala.csv",días de producción
inventario,20000,5,250,-,base_temporal=dias_produccion; dias=1; perfil_destino=P2,refrigerado_t,28.757803,t,stock,comercial,ESTIMACIÓN,[ESTIMACIÓN],"SUP-055, SUP-056; = escenarios_escala.csv",días de producción
inventario,20000,5,250,-,base_temporal=dias_produccion; dias=1; perfil_destino=P2,congelado_t,19.171869,t,stock,comercial,ESTIMACIÓN,[ESTIMACIÓN],"SUP-055, SUP-056; = escenarios_escala.csv",días de producción
inventario,20000,5,250,-,base_temporal=dias_produccion; dias=1; perfil_destino=P2,exportacion_t,0.0,t,stock,comercial,ESTIMACIÓN,[ESTIMACIÓN],"SUP-055, SUP-056; = escenarios_escala.csv",días de producción
inventario,20000,5,250,-,base_temporal=dias_produccion; dias=1; perfil_destino=P3,refrigerado_t,23.964836,t,stock,comercial,ESTIMACIÓN,[ESTIMACIÓN],"SUP-055, SUP-056; = escenarios_escala.csv",días de producción
inventario,20000,5,250,-,base_temporal=dias_produccion; dias=1; perfil_destino=P3,congelado_t,14.378902,t,stock,comercial,ESTIMACIÓN,[ESTIMACIÓN],"SUP-055, SUP-056; = escenarios_escala.csv",días de producción
inventario,20000,5,250,-,base_temporal=dias_produccion; dias=1; perfil_destino=P3,exportacion_t,9.585934,t,stock,comercial,ESTIMACIÓN,[ESTIMACIÓN],"SUP-055, SUP-056; = escenarios_escala.csv",días de producción
inventario,20000,5,250,-,base_temporal=dias_produccion; dias=3,comestible_total_t,143.789016,t,stock,comercial,ESTIMACIÓN,[ESTIMACIÓN],"SUP-055, SUP-056; = escenarios_escala.csv",días de producción
inventario,20000,5,250,-,base_temporal=dias_produccion; dias=3; perfil_destino=P1,refrigerado_t,129.410114,t,stock,comercial,ESTIMACIÓN,[ESTIMACIÓN],"SUP-055, SUP-056; = escenarios_escala.csv",días de producción
inventario,20000,5,250,-,base_temporal=dias_produccion; dias=3; perfil_destino=P1,congelado_t,14.378902,t,stock,comercial,ESTIMACIÓN,[ESTIMACIÓN],"SUP-055, SUP-056; = escenarios_escala.csv",días de producción
inventario,20000,5,250,-,base_temporal=dias_produccion; dias=3; perfil_destino=P1,exportacion_t,0.0,t,stock,comercial,ESTIMACIÓN,[ESTIMACIÓN],"SUP-055, SUP-056; = escenarios_escala.csv",días de producción
inventario,20000,5,250,-,base_temporal=dias_produccion; dias=3; perfil_destino=P2,refrigerado_t,86.27341,t,stock,comercial,ESTIMACIÓN,[ESTIMACIÓN],"SUP-055, SUP-056; = escenarios_escala.csv",días de producción
inventario,20000,5,250,-,base_temporal=dias_produccion; dias=3; perfil_destino=P2,congelado_t,57.515606,t,stock,comercial,ESTIMACIÓN,[ESTIMACIÓN],"SUP-055, SUP-056; = escenarios_escala.csv",días de producción
inventario,20000,5,250,-,base_temporal=dias_produccion; dias=3; perfil_destino=P2,exportacion_t,0.0,t,stock,comercial,ESTIMACIÓN,[ESTIMACIÓN],"SUP-055, SUP-056; = escenarios_escala.csv",días de producción
inventario,20000,5,250,-,base_temporal=dias_produccion; dias=3; perfil_destino=P3,refrigerado_t,71.894508,t,stock,comercial,ESTIMACIÓN,[ESTIMACIÓN],"SUP-055, SUP-056; = escenarios_escala.csv",días de producción
inventario,20000,5,250,-,base_temporal=dias_produccion; dias=3; perfil_destino=P3,congelado_t,43.136705,t,stock,comercial,ESTIMACIÓN,[ESTIMACIÓN],"SUP-055, SUP-056; = escenarios_escala.csv",días de producción
inventario,20000,5,250,-,base_temporal=dias_produccion; dias=3; perfil_destino=P3,exportacion_t,28.757803,t,stock,comercial,ESTIMACIÓN,[ESTIMACIÓN],"SUP-055, SUP-056; = escenarios_escala.csv",días de producción
inventario,20000,5,250,-,base_temporal=dias_produccion; dias=7,comestible_total_t,335.507704,t,stock,comercial,ESTIMACIÓN,[ESTIMACIÓN],"SUP-055, SUP-056; = escenarios_escala.csv",días de producción
inventario,20000,5,250,-,base_temporal=dias_produccion; dias=7; perfil_destino=P1,refrigerado_t,301.956934,t,stock,comercial,ESTIMACIÓN,[ESTIMACIÓN],"SUP-055, SUP-056; = escenarios_escala.csv",días de producción
inventario,20000,5,250,-,base_temporal=dias_produccion; dias=7; perfil_destino=P1,congelado_t,33.55077,t,stock,comercial,ESTIMACIÓN,[ESTIMACIÓN],"SUP-055, SUP-056; = escenarios_escala.csv",días de producción
inventario,20000,5,250,-,base_temporal=dias_produccion; dias=7; perfil_destino=P1,exportacion_t,0.0,t,stock,comercial,ESTIMACIÓN,[ESTIMACIÓN],"SUP-055, SUP-056; = escenarios_escala.csv",días de producción
inventario,20000,5,250,-,base_temporal=dias_produccion; dias=7; perfil_destino=P2,refrigerado_t,201.304622,t,stock,comercial,ESTIMACIÓN,[ESTIMACIÓN],"SUP-055, SUP-056; = escenarios_escala.csv",días de producción
inventario,20000,5,250,-,base_temporal=dias_produccion; dias=7; perfil_destino=P2,congelado_t,134.203082,t,stock,comercial,ESTIMACIÓN,[ESTIMACIÓN],"SUP-055, SUP-056; = escenarios_escala.csv",días de producción
inventario,20000,5,250,-,base_temporal=dias_produccion; dias=7; perfil_destino=P2,exportacion_t,0.0,t,stock,comercial,ESTIMACIÓN,[ESTIMACIÓN],"SUP-055, SUP-056; = escenarios_escala.csv",días de producción
inventario,20000,5,250,-,base_temporal=dias_produccion; dias=7; perfil_destino=P3,refrigerado_t,167.753852,t,stock,comercial,ESTIMACIÓN,[ESTIMACIÓN],"SUP-055, SUP-056; = escenarios_escala.csv",días de producción
inventario,20000,5,250,-,base_temporal=dias_produccion; dias=7; perfil_destino=P3,congelado_t,100.652311,t,stock,comercial,ESTIMACIÓN,[ESTIMACIÓN],"SUP-055, SUP-056; = escenarios_escala.csv",días de producción
inventario,20000,5,250,-,base_temporal=dias_produccion; dias=7; perfil_destino=P3,exportacion_t,67.101541,t,stock,comercial,ESTIMACIÓN,[ESTIMACIÓN],"SUP-055, SUP-056; = escenarios_escala.csv",días de producción
inventario,20000,5,250,-,base_temporal=dias_produccion; dias=14,comestible_total_t,671.015408,t,stock,comercial,ESTIMACIÓN,[ESTIMACIÓN],"SUP-055, SUP-056; = escenarios_escala.csv",días de producción
inventario,20000,5,250,-,base_temporal=dias_produccion; dias=14; perfil_destino=P1,refrigerado_t,603.913867,t,stock,comercial,ESTIMACIÓN,[ESTIMACIÓN],"SUP-055, SUP-056; = escenarios_escala.csv",días de producción
inventario,20000,5,250,-,base_temporal=dias_produccion; dias=14; perfil_destino=P1,congelado_t,67.101541,t,stock,comercial,ESTIMACIÓN,[ESTIMACIÓN],"SUP-055, SUP-056; = escenarios_escala.csv",días de producción
inventario,20000,5,250,-,base_temporal=dias_produccion; dias=14; perfil_destino=P1,exportacion_t,0.0,t,stock,comercial,ESTIMACIÓN,[ESTIMACIÓN],"SUP-055, SUP-056; = escenarios_escala.csv",días de producción
inventario,20000,5,250,-,base_temporal=dias_produccion; dias=14; perfil_destino=P2,refrigerado_t,402.609245,t,stock,comercial,ESTIMACIÓN,[ESTIMACIÓN],"SUP-055, SUP-056; = escenarios_escala.csv",días de producción
inventario,20000,5,250,-,base_temporal=dias_produccion; dias=14; perfil_destino=P2,congelado_t,268.406163,t,stock,comercial,ESTIMACIÓN,[ESTIMACIÓN],"SUP-055, SUP-056; = escenarios_escala.csv",días de producción
inventario,20000,5,250,-,base_temporal=dias_produccion; dias=14; perfil_destino=P2,exportacion_t,0.0,t,stock,comercial,ESTIMACIÓN,[ESTIMACIÓN],"SUP-055, SUP-056; = escenarios_escala.csv",días de producción
inventario,20000,5,250,-,base_temporal=dias_produccion; dias=14; perfil_destino=P3,refrigerado_t,335.507704,t,stock,comercial,ESTIMACIÓN,[ESTIMACIÓN],"SUP-055, SUP-056; = escenarios_escala.csv",días de producción
inventario,20000,5,250,-,base_temporal=dias_produccion; dias=14; perfil_destino=P3,congelado_t,201.304622,t,stock,comercial,ESTIMACIÓN,[ESTIMACIÓN],"SUP-055, SUP-056; = escenarios_escala.csv",días de producción
inventario,20000,5,250,-,base_temporal=dias_produccion; dias=14; perfil_destino=P3,exportacion_t,134.203082,t,stock,comercial,ESTIMACIÓN,[ESTIMACIÓN],"SUP-055, SUP-056; = escenarios_escala.csv",días de producción
inventario,20000,5,250,-,base_temporal=dias_calendario; dias=1,comestible_total_t,32.828542,t,stock,comercial,ESTIMACIÓN,[ESTIMACIÓN],"SUP-055, SUP-056; = escenarios_escala.csv",días calendario de cobertura (× días op./365)
inventario,20000,5,250,-,base_temporal=dias_calendario; dias=1; perfil_destino=P1,refrigerado_t,29.545688,t,stock,comercial,ESTIMACIÓN,[ESTIMACIÓN],"SUP-055, SUP-056; = escenarios_escala.csv",días calendario de cobertura (× días op./365)
inventario,20000,5,250,-,base_temporal=dias_calendario; dias=1; perfil_destino=P1,congelado_t,3.282854,t,stock,comercial,ESTIMACIÓN,[ESTIMACIÓN],"SUP-055, SUP-056; = escenarios_escala.csv",días calendario de cobertura (× días op./365)
inventario,20000,5,250,-,base_temporal=dias_calendario; dias=1; perfil_destino=P1,exportacion_t,0.0,t,stock,comercial,ESTIMACIÓN,[ESTIMACIÓN],"SUP-055, SUP-056; = escenarios_escala.csv",días calendario de cobertura (× días op./365)
inventario,20000,5,250,-,base_temporal=dias_calendario; dias=1; perfil_destino=P2,refrigerado_t,19.697125,t,stock,comercial,ESTIMACIÓN,[ESTIMACIÓN],"SUP-055, SUP-056; = escenarios_escala.csv",días calendario de cobertura (× días op./365)
inventario,20000,5,250,-,base_temporal=dias_calendario; dias=1; perfil_destino=P2,congelado_t,13.131417,t,stock,comercial,ESTIMACIÓN,[ESTIMACIÓN],"SUP-055, SUP-056; = escenarios_escala.csv",días calendario de cobertura (× días op./365)
inventario,20000,5,250,-,base_temporal=dias_calendario; dias=1; perfil_destino=P2,exportacion_t,0.0,t,stock,comercial,ESTIMACIÓN,[ESTIMACIÓN],"SUP-055, SUP-056; = escenarios_escala.csv",días calendario de cobertura (× días op./365)
inventario,20000,5,250,-,base_temporal=dias_calendario; dias=1; perfil_destino=P3,refrigerado_t,16.414271,t,stock,comercial,ESTIMACIÓN,[ESTIMACIÓN],"SUP-055, SUP-056; = escenarios_escala.csv",días calendario de cobertura (× días op./365)
inventario,20000,5,250,-,base_temporal=dias_calendario; dias=1; perfil_destino=P3,congelado_t,9.848563,t,stock,comercial,ESTIMACIÓN,[ESTIMACIÓN],"SUP-055, SUP-056; = escenarios_escala.csv",días calendario de cobertura (× días op./365)
inventario,20000,5,250,-,base_temporal=dias_calendario; dias=1; perfil_destino=P3,exportacion_t,6.565708,t,stock,comercial,ESTIMACIÓN,[ESTIMACIÓN],"SUP-055, SUP-056; = escenarios_escala.csv",días calendario de cobertura (× días op./365)
inventario,20000,5,250,-,base_temporal=dias_calendario; dias=3,comestible_total_t,98.485627,t,stock,comercial,ESTIMACIÓN,[ESTIMACIÓN],"SUP-055, SUP-056; = escenarios_escala.csv",días calendario de cobertura (× días op./365)
inventario,20000,5,250,-,base_temporal=dias_calendario; dias=3; perfil_destino=P1,refrigerado_t,88.637065,t,stock,comercial,ESTIMACIÓN,[ESTIMACIÓN],"SUP-055, SUP-056; = escenarios_escala.csv",días calendario de cobertura (× días op./365)
inventario,20000,5,250,-,base_temporal=dias_calendario; dias=3; perfil_destino=P1,congelado_t,9.848563,t,stock,comercial,ESTIMACIÓN,[ESTIMACIÓN],"SUP-055, SUP-056; = escenarios_escala.csv",días calendario de cobertura (× días op./365)
inventario,20000,5,250,-,base_temporal=dias_calendario; dias=3; perfil_destino=P1,exportacion_t,0.0,t,stock,comercial,ESTIMACIÓN,[ESTIMACIÓN],"SUP-055, SUP-056; = escenarios_escala.csv",días calendario de cobertura (× días op./365)
inventario,20000,5,250,-,base_temporal=dias_calendario; dias=3; perfil_destino=P2,refrigerado_t,59.091376,t,stock,comercial,ESTIMACIÓN,[ESTIMACIÓN],"SUP-055, SUP-056; = escenarios_escala.csv",días calendario de cobertura (× días op./365)
inventario,20000,5,250,-,base_temporal=dias_calendario; dias=3; perfil_destino=P2,congelado_t,39.394251,t,stock,comercial,ESTIMACIÓN,[ESTIMACIÓN],"SUP-055, SUP-056; = escenarios_escala.csv",días calendario de cobertura (× días op./365)
inventario,20000,5,250,-,base_temporal=dias_calendario; dias=3; perfil_destino=P2,exportacion_t,0.0,t,stock,comercial,ESTIMACIÓN,[ESTIMACIÓN],"SUP-055, SUP-056; = escenarios_escala.csv",días calendario de cobertura (× días op./365)
inventario,20000,5,250,-,base_temporal=dias_calendario; dias=3; perfil_destino=P3,refrigerado_t,49.242814,t,stock,comercial,ESTIMACIÓN,[ESTIMACIÓN],"SUP-055, SUP-056; = escenarios_escala.csv",días calendario de cobertura (× días op./365)
inventario,20000,5,250,-,base_temporal=dias_calendario; dias=3; perfil_destino=P3,congelado_t,29.545688,t,stock,comercial,ESTIMACIÓN,[ESTIMACIÓN],"SUP-055, SUP-056; = escenarios_escala.csv",días calendario de cobertura (× días op./365)
inventario,20000,5,250,-,base_temporal=dias_calendario; dias=3; perfil_destino=P3,exportacion_t,19.697125,t,stock,comercial,ESTIMACIÓN,[ESTIMACIÓN],"SUP-055, SUP-056; = escenarios_escala.csv",días calendario de cobertura (× días op./365)
inventario,20000,5,250,-,base_temporal=dias_calendario; dias=7,comestible_total_t,229.799797,t,stock,comercial,ESTIMACIÓN,[ESTIMACIÓN],"SUP-055, SUP-056; = escenarios_escala.csv",días calendario de cobertura (× días op./365)
inventario,20000,5,250,-,base_temporal=dias_calendario; dias=7; perfil_destino=P1,refrigerado_t,206.819818,t,stock,comercial,ESTIMACIÓN,[ESTIMACIÓN],"SUP-055, SUP-056; = escenarios_escala.csv",días calendario de cobertura (× días op./365)
inventario,20000,5,250,-,base_temporal=dias_calendario; dias=7; perfil_destino=P1,congelado_t,22.97998,t,stock,comercial,ESTIMACIÓN,[ESTIMACIÓN],"SUP-055, SUP-056; = escenarios_escala.csv",días calendario de cobertura (× días op./365)
inventario,20000,5,250,-,base_temporal=dias_calendario; dias=7; perfil_destino=P1,exportacion_t,0.0,t,stock,comercial,ESTIMACIÓN,[ESTIMACIÓN],"SUP-055, SUP-056; = escenarios_escala.csv",días calendario de cobertura (× días op./365)
inventario,20000,5,250,-,base_temporal=dias_calendario; dias=7; perfil_destino=P2,refrigerado_t,137.879878,t,stock,comercial,ESTIMACIÓN,[ESTIMACIÓN],"SUP-055, SUP-056; = escenarios_escala.csv",días calendario de cobertura (× días op./365)
inventario,20000,5,250,-,base_temporal=dias_calendario; dias=7; perfil_destino=P2,congelado_t,91.919919,t,stock,comercial,ESTIMACIÓN,[ESTIMACIÓN],"SUP-055, SUP-056; = escenarios_escala.csv",días calendario de cobertura (× días op./365)
inventario,20000,5,250,-,base_temporal=dias_calendario; dias=7; perfil_destino=P2,exportacion_t,0.0,t,stock,comercial,ESTIMACIÓN,[ESTIMACIÓN],"SUP-055, SUP-056; = escenarios_escala.csv",días calendario de cobertura (× días op./365)
inventario,20000,5,250,-,base_temporal=dias_calendario; dias=7; perfil_destino=P3,refrigerado_t,114.899899,t,stock,comercial,ESTIMACIÓN,[ESTIMACIÓN],"SUP-055, SUP-056; = escenarios_escala.csv",días calendario de cobertura (× días op./365)
inventario,20000,5,250,-,base_temporal=dias_calendario; dias=7; perfil_destino=P3,congelado_t,68.939939,t,stock,comercial,ESTIMACIÓN,[ESTIMACIÓN],"SUP-055, SUP-056; = escenarios_escala.csv",días calendario de cobertura (× días op./365)
inventario,20000,5,250,-,base_temporal=dias_calendario; dias=7; perfil_destino=P3,exportacion_t,45.959959,t,stock,comercial,ESTIMACIÓN,[ESTIMACIÓN],"SUP-055, SUP-056; = escenarios_escala.csv",días calendario de cobertura (× días op./365)
inventario,20000,5,250,-,base_temporal=dias_calendario; dias=14,comestible_total_t,459.599595,t,stock,comercial,ESTIMACIÓN,[ESTIMACIÓN],"SUP-055, SUP-056; = escenarios_escala.csv",días calendario de cobertura (× días op./365)
inventario,20000,5,250,-,base_temporal=dias_calendario; dias=14; perfil_destino=P1,refrigerado_t,413.639635,t,stock,comercial,ESTIMACIÓN,[ESTIMACIÓN],"SUP-055, SUP-056; = escenarios_escala.csv",días calendario de cobertura (× días op./365)
inventario,20000,5,250,-,base_temporal=dias_calendario; dias=14; perfil_destino=P1,congelado_t,45.959959,t,stock,comercial,ESTIMACIÓN,[ESTIMACIÓN],"SUP-055, SUP-056; = escenarios_escala.csv",días calendario de cobertura (× días op./365)
inventario,20000,5,250,-,base_temporal=dias_calendario; dias=14; perfil_destino=P1,exportacion_t,0.0,t,stock,comercial,ESTIMACIÓN,[ESTIMACIÓN],"SUP-055, SUP-056; = escenarios_escala.csv",días calendario de cobertura (× días op./365)
inventario,20000,5,250,-,base_temporal=dias_calendario; dias=14; perfil_destino=P2,refrigerado_t,275.759757,t,stock,comercial,ESTIMACIÓN,[ESTIMACIÓN],"SUP-055, SUP-056; = escenarios_escala.csv",días calendario de cobertura (× días op./365)
inventario,20000,5,250,-,base_temporal=dias_calendario; dias=14; perfil_destino=P2,congelado_t,183.839838,t,stock,comercial,ESTIMACIÓN,[ESTIMACIÓN],"SUP-055, SUP-056; = escenarios_escala.csv",días calendario de cobertura (× días op./365)
inventario,20000,5,250,-,base_temporal=dias_calendario; dias=14; perfil_destino=P2,exportacion_t,0.0,t,stock,comercial,ESTIMACIÓN,[ESTIMACIÓN],"SUP-055, SUP-056; = escenarios_escala.csv",días calendario de cobertura (× días op./365)
inventario,20000,5,250,-,base_temporal=dias_calendario; dias=14; perfil_destino=P3,refrigerado_t,229.799797,t,stock,comercial,ESTIMACIÓN,[ESTIMACIÓN],"SUP-055, SUP-056; = escenarios_escala.csv",días calendario de cobertura (× días op./365)
inventario,20000,5,250,-,base_temporal=dias_calendario; dias=14; perfil_destino=P3,congelado_t,137.879878,t,stock,comercial,ESTIMACIÓN,[ESTIMACIÓN],"SUP-055, SUP-056; = escenarios_escala.csv",días calendario de cobertura (× días op./365)
inventario,20000,5,250,-,base_temporal=dias_calendario; dias=14; perfil_destino=P3,exportacion_t,91.919919,t,stock,comercial,ESTIMACIÓN,[ESTIMACIÓN],"SUP-055, SUP-056; = escenarios_escala.csv",días calendario de cobertura (× días op./365)
entrada,20000,6,300,bajo,,aves_faenadas_dia_operativo,20000.0,aves,dia_operativo,aves,SUPUESTO,[SUPUESTO],SUP-052,escala = capacidad operativa
entrada,20000,6,300,bajo,,t_vivas_dia_operativo,58.0,t,dia_operativo,vivo,ESTIMACIÓN,[ESTIMACIÓN],escenarios_escala.csv,
agua,20000,6,300,bajo,nivel=bajo,agua_recepcion_l_ave,0.5,L/ave,por_ave,agua_utilizada,SUPUESTO,[SUPUESTO],sin fuente por ave; DPV propuesto,"Recepción: lavado de jaulas/módulos, camiones y andén"
agua,20000,6,300,bajo,nivel=bajo,agua_recepcion_m3_dia,10.0,m³,dia_operativo,agua_utilizada,ESTIMACIÓN,[ESTIMACIÓN],,"Recepción: lavado de jaulas/módulos, camiones y andén"
agua,20000,6,300,bajo,nivel=bajo,agua_escaldado_l_ave,0.9,L/ave,por_ave,agua_utilizada,FUENTE,[FUENTE] [PVDP],"mín. ~1 cuarto de galón (0,95 L)/ave (FTE-09C-11, FTE-09C-18)","Escaldado: llenado, reposición y desborde"
agua,20000,6,300,bajo,nivel=bajo,agua_escaldado_m3_dia,18.0,m³,dia_operativo,agua_utilizada,ESTIMACIÓN,[ESTIMACIÓN],,"Escaldado: llenado, reposición y desborde"
agua,20000,6,300,bajo,nivel=bajo,agua_desplumado_l_ave,1.0,L/ave,por_ave,agua_utilizada,SUPUESTO,[SUPUESTO],incluido en totales de FTE-09C-01/02,Desplumado: duchas y transporte de plumas
agua,20000,6,300,bajo,nivel=bajo,agua_desplumado_m3_dia,20.0,m³,dia_operativo,agua_utilizada,ESTIMACIÓN,[ESTIMACIÓN],,Desplumado: duchas y transporte de plumas
agua,20000,6,300,bajo,nivel=bajo,agua_evisceracion_l_ave,4.0,L/ave,por_ave,agua_utilizada,FUENTE,[FUENTE] [PVDP],"7,57 L/ave (FTE-09C-01)",Evisceración: lavados interior/exterior y transporte hidráulico de vísceras
agua,20000,6,300,bajo,nivel=bajo,agua_evisceracion_m3_dia,80.0,m³,dia_operativo,agua_utilizada,ESTIMACIÓN,[ESTIMACIÓN],,Evisceración: lavados interior/exterior y transporte hidráulico de vísceras
agua,20000,6,300,bajo,nivel=bajo,agua_lavado_l_ave,1.5,L/ave,por_ave,agua_utilizada,FUENTE,[FUENTE] [PVDP],"4,25–4,35 L/ave (FTE-09C-01)",Lavado final de carcasas
agua,20000,6,300,bajo,nivel=bajo,agua_lavado_m3_dia,30.0,m³,dia_operativo,agua_utilizada,ESTIMACIÓN,[ESTIMACIÓN],,Lavado final de carcasas
agua,20000,6,300,bajo,nivel=bajo,agua_chiller_l_ave,1.9,L/ave,por_ave,agua_utilizada,FUENTE,[FUENTE] [PVDP],"mín. 0,5 gal = 1,9 L/ave; típico 2,8–5,7 L/ave (FTE-09C-18); 2,12 L/ave (FTE-09C-01)",Chiller: reposición de agua (contracorriente)
agua,20000,6,300,bajo,nivel=bajo,agua_chiller_m3_dia,38.0,m³,dia_operativo,agua_utilizada,ESTIMACIÓN,[ESTIMACIÓN],,Chiller: reposición de agua (contracorriente)
agua,20000,6,300,bajo,nivel=bajo,agua_despiece_l_ave,0.5,L/ave,por_ave,agua_utilizada,FUENTE,[FUENTE] [PVDP],"3,03 L/ave (FTE-09C-01)",Sala de despiece y deshuese
agua,20000,6,300,bajo,nivel=bajo,agua_despiece_m3_dia,10.0,m³,dia_operativo,agua_utilizada,ESTIMACIÓN,[ESTIMACIÓN],,Sala de despiece y deshuese
agua,20000,6,300,bajo,nivel=bajo,agua_limpieza_l_ave,3.0,L/ave,por_ave,agua_utilizada,FUENTE,[FUENTE] [PVDP],"1,5–3 gal = 5,7–11,4 L/ave saneamiento + 0,9–3,8 L equipos (FTE-09C-01)",Limpieza de equipos y salas (fin de turno)
agua,20000,6,300,bajo,nivel=bajo,agua_limpieza_m3_dia,60.0,m³,dia_operativo,agua_utilizada,ESTIMACIÓN,[ESTIMACIÓN],,Limpieza de equipos y salas (fin de turno)
agua,20000,6,300,bajo,nivel=bajo,agua_sanitizacion_l_ave,0.7,L/ave,por_ave,agua_utilizada,SUPUESTO,[SUPUESTO],sin fuente separada,"Sanitización: esterilizadores, lavamanos, pediluvios, enjuagues"
agua,20000,6,300,bajo,nivel=bajo,agua_sanitizacion_m3_dia,14.0,m³,dia_operativo,agua_utilizada,ESTIMACIÓN,[ESTIMACIÓN],,"Sanitización: esterilizadores, lavamanos, pediluvios, enjuagues"
agua,20000,6,300,bajo,nivel=bajo,agua_auxiliares_l_ave,1.0,L/ave,por_ave,agua_utilizada,SUPUESTO,[SUPUESTO],sin fuente separada,"Servicios auxiliares: caldera, condensadores evaporativos, vestuarios, comedor"
agua,20000,6,300,bajo,nivel=bajo,agua_auxiliares_m3_dia,20.0,m³,dia_operativo,agua_utilizada,ESTIMACIÓN,[ESTIMACIÓN],,"Servicios auxiliares: caldera, condensadores evaporativos, vestuarios, comedor"
agua,20000,6,300,bajo,nivel=bajo,agua_utilizada_l_ave,15.0,L/ave,por_ave,agua_utilizada,ESTIMACIÓN,[ESTIMACIÓN] con rangos [PVDP],FTE-09C-01 a 04,consumo industrial; NO incluye agua retenida
agua,20000,6,300,bajo,nivel=bajo,agua_utilizada_m3_dia,300.0,m³,dia_operativo,agua_utilizada,ESTIMACIÓN,[ESTIMACIÓN],,
agua,20000,6,300,bajo,nivel=bajo,agua_utilizada_m3_anio,90000.0,m³,anio,agua_utilizada,ESTIMACIÓN,[ESTIMACIÓN],,
agua,20000,6,300,bajo,nivel=bajo,agua_utilizada_m3_h_medio,25.0,m³/h,hora,agua_utilizada,ESTIMACIÓN,[ESTIMACIÓN],,sobre 12 h (faena + limpieza)
agua,20000,6,300,bajo,nivel=bajo,agua_utilizada_m3_h_pico,37.5,m³/h,hora,agua_utilizada,SUPUESTO,[SUPUESTO] factor de pico,,"dimensiona captación, bombeo y reserva"
agua,20000,6,300,bajo,nivel=bajo,reserva_agua_1_dia_m3,300.0,m³,stock,agua_utilizada,ESTIMACIÓN,[ESTIMACIÓN],,"volumen equivalente a un día de uso (referencia conceptual, no diseño)"
agua,20000,6,300,bajo,nivel=bajo,agua_descargada_m3_dia,240.0,m³,dia_operativo,agua_descargada,SUPUESTO,[ESTIMACIÓN] con fracción [SUPUESTO],,fracción a efluente = 0.80
agua,20000,6,300,bajo,nivel=bajo,agua_descargada_l_ave,12.0,L/ave,por_ave,agua_descargada,ESTIMACIÓN,[ESTIMACIÓN],,
agua,20000,6,300,bajo,nivel=bajo,agua_no_descargada_m3_dia,60.0,m³,dia_operativo,agua_no_descargada,ESTIMACIÓN,[ESTIMACIÓN],,evaporación + retenida + sale con subproductos + pérdidas
agua_retenida,20000,6,300,bajo,,agua_retenida_en_producto_t_dia,1.710528,t,dia_operativo,agua_retenida,ESTIMACIÓN,[ESTIMACIÓN] del balance v1.1,escenarios_escala.csv,sale vendida con el producto; NO es consumo industrial ni efluente
agua_retenida,20000,6,300,bajo,,agua_incorporada_producto_y_subproductos_t_dia,4.253212,t,dia_operativo,agua_retenida,ESTIMACIÓN,[ESTIMACIÓN] del balance v1.1,escenarios_escala.csv,absorbida en chiller + adherida a plumas (incluye goteo posterior)
agua_retenida,20000,6,300,bajo,,agua_retenida_sobre_agua_utilizada_pct,0.570176,%,adimensional,agua,ESTIMACIÓN,[ESTIMACIÓN],,cuánto del agua usada termina dentro del producto
efluente,20000,6,300,bajo,nivel=bajo,carga_DQO_g_ave,50.0,g/ave,por_ave,efluente_crudo,ESTIMACIÓN,[ESTIMACIÓN] con rangos [PVDP],FTE-181; FTE-09C-05,efluente crudo tras retirar sangre y sólidos gruesos
efluente,20000,6,300,bajo,nivel=bajo,carga_DQO_kg_dia,1000.0,kg,dia_operativo,efluente_crudo,ESTIMACIÓN,[ESTIMACIÓN],,
efluente,20000,6,300,bajo,nivel=bajo,concentracion_DQO_mg_l,4166.666667,mg/L,adimensional,efluente_crudo,ESTIMACIÓN,[ESTIMACIÓN],,"resultado (carga / caudal), no parámetro"
efluente,20000,6,300,bajo,nivel=bajo,carga_DBO5_g_ave,25.0,g/ave,por_ave,efluente_crudo,ESTIMACIÓN,[ESTIMACIÓN] con rangos [PVDP],"FTE-181; FTE-09C-05 (DBO/DQO ~0,4–0,6)",efluente crudo tras retirar sangre y sólidos gruesos
efluente,20000,6,300,bajo,nivel=bajo,carga_DBO5_kg_dia,500.0,kg,dia_operativo,efluente_crudo,ESTIMACIÓN,[ESTIMACIÓN],,
efluente,20000,6,300,bajo,nivel=bajo,concentracion_DBO5_mg_l,2083.333333,mg/L,adimensional,efluente_crudo,ESTIMACIÓN,[ESTIMACIÓN],,"resultado (carga / caudal), no parámetro"
efluente,20000,6,300,bajo,nivel=bajo,carga_SST_g_ave,15.0,g/ave,por_ave,efluente_crudo,ESTIMACIÓN,[ESTIMACIÓN] con rangos [PVDP],FTE-181; FTE-09C-05,efluente crudo tras retirar sangre y sólidos gruesos
efluente,20000,6,300,bajo,nivel=bajo,carga_SST_kg_dia,300.0,kg,dia_operativo,efluente_crudo,ESTIMACIÓN,[ESTIMACIÓN],,
efluente,20000,6,300,bajo,nivel=bajo,concentracion_SST_mg_l,1250.0,mg/L,adimensional,efluente_crudo,ESTIMACIÓN,[ESTIMACIÓN],,"resultado (carga / caudal), no parámetro"
efluente,20000,6,300,bajo,nivel=bajo,carga_GyA_g_ave,5.0,g/ave,por_ave,efluente_crudo,ESTIMACIÓN,[ESTIMACIÓN] con rangos [PVDP],FTE-09C-06 (~500 mg/L tamizado),efluente crudo tras retirar sangre y sólidos gruesos
efluente,20000,6,300,bajo,nivel=bajo,carga_GyA_kg_dia,100.0,kg,dia_operativo,efluente_crudo,ESTIMACIÓN,[ESTIMACIÓN],,
efluente,20000,6,300,bajo,nivel=bajo,concentracion_GyA_mg_l,416.666667,mg/L,adimensional,efluente_crudo,ESTIMACIÓN,[ESTIMACIÓN],,"resultado (carga / caudal), no parámetro"
efluente,20000,6,300,bajo,nivel=bajo,carga_NTK_g_ave,3.0,g/ave,por_ave,efluente_crudo,ESTIMACIÓN,[ESTIMACIÓN] con rangos [PVDP],FTE-09C-06 (150–296 mg/L),efluente crudo tras retirar sangre y sólidos gruesos
efluente,20000,6,300,bajo,nivel=bajo,carga_NTK_kg_dia,60.0,kg,dia_operativo,efluente_crudo,ESTIMACIÓN,[ESTIMACIÓN],,
efluente,20000,6,300,bajo,nivel=bajo,concentracion_NTK_mg_l,250.0,mg/L,adimensional,efluente_crudo,ESTIMACIÓN,[ESTIMACIÓN],,"resultado (carga / caudal), no parámetro"
efluente,20000,6,300,bajo,nivel=bajo,carga_PT_g_ave,0.3,g/ave,por_ave,efluente_crudo,ESTIMACIÓN,[ESTIMACIÓN] con rangos [PVDP],"FTE-09C-06 (~18,5 mg/L)",efluente crudo tras retirar sangre y sólidos gruesos
efluente,20000,6,300,bajo,nivel=bajo,carga_PT_kg_dia,6.0,kg,dia_operativo,efluente_crudo,ESTIMACIÓN,[ESTIMACIÓN],,
efluente,20000,6,300,bajo,nivel=bajo,concentracion_PT_mg_l,25.0,mg/L,adimensional,efluente_crudo,ESTIMACIÓN,[ESTIMACIÓN],,"resultado (carga / caudal), no parámetro"
efluente,20000,6,300,bajo,,dqo_extra_por_sangre_no_recuperada_g_ave,0.0,g/ave,por_ave,efluente_crudo,ESTIMACIÓN,[ESTIMACIÓN] con DQO de sangre [PVDP],FTE-181,recuperación 0.85 vs referencia 0.85
efluente,20000,6,300,bajo,,dqo_evitada_por_recuperar_sangre_kg_dia,598.642857,kg,dia_operativo,efluente_crudo,ESTIMACIÓN,[ESTIMACIÓN] con DQO de sangre [PVDP],FTE-181,orden de magnitud; no es una reducción medida
efluente,20000,6,300,bajo,nivel=bajo,caudal_efluente_m3_h_pico,30.0,m³/h,hora,agua_descargada,SUPUESTO,[SUPUESTO] factor de pico,,dimensiona ecualización
efluente,20000,6,300,bajo,nivel=bajo,remocion_dqo_requerida_ilustrativa_pct,94.0,%,adimensional,efluente_crudo,ESTIMACIÓN,[ESTIMACIÓN] con límite [PVDP],FTE-09C-08,"límite ilustrativo 250 mg/L (ADA 336/03, pluvial; a confirmar según sitio y cuerpo receptor)"
masa_evitable,20000,6,300,bajo,,sangre_recuperada_t_dia,1.6762,t,dia_operativo,biologica+agua,ESTIMACIÓN,[ESTIMACIÓN] del balance v1.1,escenarios_escala.csv,"sangre recuperada por separado (85 %, SUP-040)"
masa_evitable,20000,6,300,bajo,,plumas_t_dia,4.8256,t,dia_operativo,biologica+agua,ESTIMACIÓN,[ESTIMACIÓN] del balance v1.1,escenarios_escala.csv,plumas húmedas retiradas
masa_evitable,20000,6,300,bajo,,visceras_t_dia,2.61,t,dia_operativo,biologica+agua,ESTIMACIÓN,[ESTIMACIÓN] del balance v1.1,escenarios_escala.csv,vísceras no comestibles
masa_evitable,20000,6,300,bajo,,cabeza_t_dia,1.45,t,dia_operativo,biologica+agua,ESTIMACIÓN,[ESTIMACIÓN] del balance v1.1,escenarios_escala.csv,cabezas
masa_evitable,20000,6,300,bajo,,solidos_a_retirar_t_dia,12.167052,t,dia_operativo,biologica+agua,ESTIMACIÓN,[ESTIMACIÓN] del balance v1.1,escenarios_escala.csv,total sólidos a retirar en seco (C + decomisos + contenido GI; NO sumar)
masa_evitable,20000,6,300,bajo,,masa_a_efluente_o_perdida_t_dia,2.156486,t,dia_operativo,biologica+agua,ESTIMACIÓN,[ESTIMACIÓN] del balance v1.1,escenarios_escala.csv,"masa que el balance ya envía a efluente o pérdida (sangre no recuperada, cutícula, goteo, pérdidas)"
lodos,20000,6,300,bajo,nivel=bajo,lodo_daf_kg_ms_dia,335.5,kg,dia_operativo,materia_seca,ESTIMACIÓN,[ESTIMACIÓN] con remociones [PVDP],"FTE-09C-05, FTE-09C-13",sólidos + grasas flotados + químicos
lodos,20000,6,300,bajo,nivel=bajo,lodo_daf_t_humedo_dia,2.236667,t,dia_operativo,lodo_humedo,ESTIMACIÓN,[ESTIMACIÓN] con % sólidos [PVDP],FTE-09C-13,
lodos,20000,6,300,bajo,nivel=bajo,dbo_al_tratamiento_biologico_kg_dia,200.0,kg,dia_operativo,efluente_pretratado,ESTIMACIÓN,[ESTIMACIÓN],,después de DAF
lodos,20000,6,300,bajo,nivel=bajo,lodo_biologico_aerobio_kg_ms_dia,57.0,kg,dia_operativo,materia_seca,SUPUESTO,[ESTIMACIÓN] con rendimiento [SUPUESTO],,si el tratamiento fuera aerobio completo; anaerobio genera mucho menos lodo
lodos,20000,6,300,bajo,nivel=bajo,lodos_deshidratados_t_dia,1.9625,t,dia_operativo,lodo_humedo,SUPUESTO,[ESTIMACIÓN] con [SUPUESTO],,DAF + biológico deshidratados; disposición/valorización a definir
electricidad,20000,6,300,bajo,nivel=bajo,kwh_proceso_dia,8700.0,kWh,dia_operativo,energia_electrica,FUENTE,[ESTIMACIÓN] con indicador [PVDP],"UE 152–860 kWh/t faenada; Brasil 165 kWh/t; 1,19 MJ/kg = 330 kWh/t (FTE-09C-09, FTE-09C-03)","faena, proceso, enfriado fresco, aire, agua, servicios"
electricidad,20000,6,300,bajo,nivel=bajo,kwh_proceso_frio_de_proceso_agua_helada_hielo_dia,3045.0,kWh,dia_operativo,energia_electrica,SUPUESTO,[SUPUESTO] reparto ilustrativo,FTE-09C-09 (cualitativo),didáctico; no sumar con kwh_proceso_dia
electricidad,20000,6,300,bajo,nivel=bajo,kwh_proceso_motores_de_linea_y_transportadores_dia,1740.0,kWh,dia_operativo,energia_electrica,SUPUESTO,[SUPUESTO] reparto ilustrativo,FTE-09C-09 (cualitativo),didáctico; no sumar con kwh_proceso_dia
electricidad,20000,6,300,bajo,nivel=bajo,kwh_proceso_aire_comprimido_dia,870.0,kWh,dia_operativo,energia_electrica,SUPUESTO,[SUPUESTO] reparto ilustrativo,FTE-09C-09 (cualitativo),didáctico; no sumar con kwh_proceso_dia
electricidad,20000,6,300,bajo,nivel=bajo,kwh_proceso_bombas_agua_y_efluentes_dia,870.0,kWh,dia_operativo,energia_electrica,SUPUESTO,[SUPUESTO] reparto ilustrativo,FTE-09C-09 (cualitativo),didáctico; no sumar con kwh_proceso_dia
electricidad,20000,6,300,bajo,nivel=bajo,kwh_proceso_climatizacion_salas_dia,696.0,kWh,dia_operativo,energia_electrica,SUPUESTO,[SUPUESTO] reparto ilustrativo,FTE-09C-09 (cualitativo),didáctico; no sumar con kwh_proceso_dia
electricidad,20000,6,300,bajo,nivel=bajo,kwh_proceso_iluminacion_dia,609.0,kWh,dia_operativo,energia_electrica,SUPUESTO,[SUPUESTO] reparto ilustrativo,FTE-09C-09 (cualitativo),didáctico; no sumar con kwh_proceso_dia
electricidad,20000,6,300,bajo,nivel=bajo,kwh_proceso_oficinas_vestuarios_servicios_dia,435.0,kWh,dia_operativo,energia_electrica,SUPUESTO,[SUPUESTO] reparto ilustrativo,FTE-09C-09 (cualitativo),didáctico; no sumar con kwh_proceso_dia
electricidad,20000,6,300,bajo,nivel=bajo,kwh_proceso_otros_dia,435.0,kWh,dia_operativo,energia_electrica,SUPUESTO,[SUPUESTO] reparto ilustrativo,FTE-09C-09 (cualitativo),didáctico; no sumar con kwh_proceso_dia
inventario,20000,6,300,bajo,,stock_refrigerado_t,129.410114,t,stock,comercial,ESTIMACIÓN,[ESTIMACIÓN],"SUP-055, SUP-056",base=dias_produccion; días=3; perfil=P1
inventario,20000,6,300,bajo,,stock_congelado_t,67.101541,t,stock,comercial,ESTIMACIÓN,[ESTIMACIÓN],"SUP-055, SUP-056",base=dias_produccion; días=14; incluye exportación
congelado,20000,6,300,bajo,,capacidad_congelacion_t_dia,4.792967,t,dia_operativo,comercial,ESTIMACIÓN,[ESTIMACIÓN],SUP-055,t que hay que congelar cada día de faena (túneles/IQF)
congelado,20000,6,300,bajo,,capacidad_almacenamiento_congelado_t,67.101541,t,stock,comercial,ESTIMACIÓN,[ESTIMACIÓN],,t que hay que guardar (cámaras); NO es capacidad de congelación
congelado,20000,6,300,bajo,nivel=bajo,garras_a_congelar_t_dia_informativo,0.0,t,dia_operativo,comercial,SUPUESTO,[SUPUESTO],,ya incluidas dentro del comestible: NO sumar al perfil
congelado,20000,6,300,bajo,nivel=bajo,menudencias_a_congelar_t_dia_informativo,0.0,t,dia_operativo,comercial,SUPUESTO,[SUPUESTO],,ya incluidas dentro del comestible: NO sumar al perfil
congelado,20000,6,300,bajo,nivel=bajo,calor_a_extraer_congelacion_kj_kg,355.332,kJ/kg,adimensional,producto,ESTIMACIÓN,[ESTIMACIÓN] con propiedades [PVDP],FTE-09C-14,"de +4 °C a −18 °C, con pérdidas"
frio,20000,6,300,bajo,nivel=bajo,kw_frigorificos_enfriado_producto_fresco,364.921309,kW frigoríficos,potencia,frio,ESTIMACIÓN,[ESTIMACIÓN] con [SUPUESTO],,chiller + menudencias + salas/docks; durante 8 h netas
frio,20000,6,300,bajo,nivel=bajo,tr_enfriado_producto_fresco,103.759258,TR,potencia,frio,ESTIMACIÓN,[ESTIMACIÓN],,"1 TR = 3,517 kW frigoríficos"
frio,20000,6,300,bajo,nivel=bajo,kw_electricos_enfriado_producto_fresco,91.230327,kW eléctricos,potencia,energia_electrica,SUPUESTO,[ESTIMACIÓN] con COP [SUPUESTO],,kW eléctricos = kW frigoríficos / COP
frio,20000,6,300,bajo,nivel=bajo,kw_frigorificos_congelacion_tuneles,23.654092,kW frigoríficos,potencia,frio,ESTIMACIÓN,[ESTIMACIÓN] con [SUPUESTO],,durante 20 h/día
frio,20000,6,300,bajo,nivel=bajo,tr_congelacion_tuneles,6.725645,TR,potencia,frio,ESTIMACIÓN,[ESTIMACIÓN],,"1 TR = 3,517 kW frigoríficos"
frio,20000,6,300,bajo,nivel=bajo,kw_electricos_congelacion_tuneles,13.141162,kW eléctricos,potencia,energia_electrica,SUPUESTO,[ESTIMACIÓN] con COP [SUPUESTO],,kW eléctricos = kW frigoríficos / COP
frio,20000,6,300,bajo,nivel=bajo,kw_frigorificos_camaras_almacenamiento,18.3331,kW frigoríficos,potencia,frio,ESTIMACIÓN,[ESTIMACIÓN] con [SUPUESTO],,"24 h, 365 días; desde kWh/(t·día)"
frio,20000,6,300,bajo,nivel=bajo,tr_camaras_almacenamiento,5.21271,TR,potencia,frio,ESTIMACIÓN,[ESTIMACIÓN],,"1 TR = 3,517 kW frigoríficos"
frio,20000,6,300,bajo,nivel=bajo,kw_electricos_camaras_almacenamiento,6.88989,kW eléctricos,potencia,energia_electrica,SUPUESTO,[ESTIMACIÓN] con COP [SUPUESTO],,kW eléctricos = kW frigoríficos / COP
frio,20000,6,300,bajo,nivel=bajo,kj_frio_enfriado_por_ave,525.486686,kJ/ave,por_ave,frio,ESTIMACIÓN,[ESTIMACIÓN] con [SUPUESTO],FTE-09C-14,
electricidad,20000,6,300,bajo,nivel=bajo,kwh_congelacion_dia,575.156064,kWh,dia_operativo,energia_electrica,FUENTE,[ESTIMACIÓN] con indicador [PVDP],120–260 kWh/t de ave congelada; 133 kWh/t (FTE-09C-10),
electricidad,20000,6,300,bajo,nivel=bajo,kwh_almacenamiento_frio_dia_calendario,165.357368,kWh,dia_calendario,energia_electrica,SUPUESTO,[ESTIMACIÓN] con [SUPUESTO],,las cámaras funcionan también sin faena
electricidad,20000,6,300,bajo,nivel=bajo,kwh_tratamiento_aerobio_dia,133.0,kWh,dia_operativo,energia_electrica,SUPUESTO,[ESTIMACIÓN] con [SUPUESTO],,cota: si todo el biológico fuera aerobio
electricidad,20000,6,300,bajo,nivel=bajo,kwh_total_dia_operativo,9573.513432,kWh,dia_operativo,energia_electrica,ESTIMACIÓN,[ESTIMACIÓN],,proceso + congelado + aerobio + cámaras
electricidad,20000,6,300,bajo,nivel=bajo,kwh_total_anio,2882802.258666,kWh,anio,energia_electrica,ESTIMACIÓN,[ESTIMACIÓN],,cámaras × 365 días; resto × días de faena
electricidad,20000,6,300,bajo,nivel=bajo,kwh_por_ave_promedio_anual,0.480467,kWh/ave,por_ave,energia_electrica,ESTIMACIÓN,[ESTIMACIÓN],,
electricidad,20000,6,300,bajo,nivel=bajo,kw_potencia_media_operacion,662.617932,kW,potencia,energia_electrica,ESTIMACIÓN,[ESTIMACIÓN],,proceso sobre 14 h + túneles + cámaras + efluentes
electricidad,20000,6,300,bajo,nivel=bajo,kw_potencia_pico_estimada,849.046503,kW,potencia,energia_electrica,SUPUESTO,[ESTIMACIÓN] con factor de pico [SUPUESTO],,orden de magnitud para pedir potencia; no es diseño
termico,20000,6,300,bajo,nivel=bajo,calor_util_escaldado_mj_dia,4068.792,MJ,dia_operativo,energia_termica,ESTIMACIÓN,[ESTIMACIÓN] con temperaturas [PVDP]/[SUPUESTO],FTE-09C-11,
termico,20000,6,300,bajo,nivel=bajo,kw_termicos_escaldado,141.2775,kW térmicos,potencia,energia_termica,ESTIMACIÓN,[ESTIMACIÓN],,durante 8 h
termico,20000,6,300,bajo,nivel=bajo,calor_util_limpieza_mj_dia,4018.56,MJ,dia_operativo,energia_termica,ESTIMACIÓN,[ESTIMACIÓN] con temperaturas [PVDP]/[SUPUESTO],FTE-09C-11,
termico,20000,6,300,bajo,nivel=bajo,kw_termicos_limpieza,279.066667,kW térmicos,potencia,energia_termica,ESTIMACIÓN,[ESTIMACIÓN],,durante 4 h
termico,20000,6,300,bajo,nivel=bajo,calor_util_sanitizacion_mj_dia,1125.1968,MJ,dia_operativo,energia_termica,ESTIMACIÓN,[ESTIMACIÓN] con temperaturas [PVDP]/[SUPUESTO],FTE-09C-11,
termico,20000,6,300,bajo,nivel=bajo,kw_termicos_sanitizacion,26.046222,kW térmicos,potencia,energia_termica,ESTIMACIÓN,[ESTIMACIÓN],,durante 12 h
termico,20000,6,300,bajo,nivel=bajo,calor_util_mj_ave,0.460627,MJ/ave,por_ave,energia_termica,ESTIMACIÓN,[ESTIMACIÓN],,
termico,20000,6,300,bajo,nivel=bajo,energia_combustible_mj_dia,10838.292706,MJ,dia_operativo,energia_termica,ESTIMACIÓN,[ESTIMACIÓN] con rendimiento [SUPUESTO],,
termico,20000,6,300,bajo,nivel=bajo,energia_combustible_kwh_dia,3010.636863,kWh,dia_operativo,energia_termica,ESTIMACIÓN,[ESTIMACIÓN],,kWh TÉRMICOS (no eléctricos)
termico,20000,6,300,bajo,nivel=bajo,equivalente_gas_natural_m3_dia,278.61935,m3,dia_operativo,energia_termica,SUPUESTO,[ESTIMACIÓN] con PCI [SUPUESTO],~9.300 kcal/m³ (a verificar con distribuidora),"equivalencia, no elección"
termico,20000,6,300,bajo,nivel=bajo,equivalente_glp_kg_dia,235.615059,kg,dia_operativo,energia_termica,SUPUESTO,[ESTIMACIÓN] con PCI [SUPUESTO],~11.000 kcal/kg,"equivalencia, no elección"
termico,20000,6,300,bajo,nivel=bajo,equivalente_biomasa_chip_kg_dia,774.163765,kg,dia_operativo,energia_termica,SUPUESTO,[ESTIMACIÓN] con PCI [SUPUESTO],chip de madera ~20–25 % humedad; muy variable,"equivalencia, no elección"
termico,20000,6,300,bajo,nivel=bajo,equivalente_electricidad_resistiva_kwh_dia,2611.266667,kWh,dia_operativo,energia_termica,SUPUESTO,[ESTIMACIÓN],,rendimiento 98 %; bomba de calor dividiría por su COP (limitada a ~60–70 °C)
respaldo,20000,6,300,bajo,nivel=bajo,kw_critico_camaras_frio,8.956857,kW,potencia,energia_electrica,SUPUESTO,[ESTIMACIÓN] con [SUPUESTO],,
respaldo,20000,6,300,bajo,nivel=bajo,kw_critico_efluentes_minimo,2.770833,kW,potencia,energia_electrica,SUPUESTO,[ESTIMACIÓN] con [SUPUESTO],,
respaldo,20000,6,300,bajo,nivel=bajo,kw_critico_control_it_seguridad,16.157143,kW,potencia,energia_electrica,SUPUESTO,[ESTIMACIÓN] con [SUPUESTO],,
respaldo,20000,6,300,bajo,nivel=bajo,kw_critico_iluminacion_emergencia,8.078571,kW,potencia,energia_electrica,SUPUESTO,[ESTIMACIÓN] con [SUPUESTO],,
respaldo,20000,6,300,bajo,nivel=bajo,kw_critico_bombeo_agua_minimo,24.235714,kW,potencia,energia_electrica,SUPUESTO,[ESTIMACIÓN] con [SUPUESTO],,
respaldo,20000,6,300,bajo,nivel=bajo,kw_critico_anden_aves_ventilacion,16.157143,kW,potencia,energia_electrica,SUPUESTO,[ESTIMACIÓN] con [SUPUESTO],,
respaldo,20000,6,300,bajo,nivel=bajo,kw_respaldo_cargas_criticas,76.356262,kW,potencia,energia_electrica,SUPUESTO,[ESTIMACIÓN] con [SUPUESTO],,cámaras + control + emergencia + efluentes + agua + andén
respaldo,20000,6,300,bajo,nivel=bajo,kva_respaldo_cargas_criticas,95.445328,kVA,potencia,energia_electrica,SUPUESTO,[ESTIMACIÓN],,"fp 0,8"
respaldo,20000,6,300,bajo,nivel=bajo,kva_respaldo_planta_completa,1061.308129,kVA,potencia,energia_electrica,SUPUESTO,[ESTIMACIÓN],,si se quisiera sostener también la línea
perfil_frio,20000,6,300,bajo,perfil=P2,capacidad_congelacion_t_dia,19.171869,t,dia_operativo,comercial,ESTIMACIÓN,[ESTIMACIÓN],SUP-055,t que hay que congelar cada día de faena (túneles/IQF)
perfil_frio,20000,6,300,bajo,perfil=P2,capacidad_almacenamiento_congelado_t,268.406163,t,stock,comercial,ESTIMACIÓN,[ESTIMACIÓN],,t que hay que guardar (cámaras); NO es capacidad de congelación
perfil_frio,20000,6,300,bajo,perfil=P2,stock_refrigerado_t,86.27341,t,stock,comercial,ESTIMACIÓN,[ESTIMACIÓN],"SUP-055, SUP-056",base=dias_produccion; días=3; perfil=P2
perfil_frio,20000,6,300,bajo,perfil=P2,kw_frigorificos_congelacion_tuneles,94.616368,kW frigoríficos,potencia,frio,ESTIMACIÓN,[ESTIMACIÓN] con [SUPUESTO],,durante 20 h/día
perfil_frio,20000,6,300,bajo,perfil=P2,kw_electricos_congelacion_tuneles,52.564649,kW eléctricos,potencia,energia_electrica,SUPUESTO,[ESTIMACIÓN] con COP [SUPUESTO],,kW eléctricos = kW frigoríficos / COP
perfil_frio,20000,6,300,bajo,perfil=P2,kw_frigorificos_camaras_almacenamiento,37.385144,kW frigoríficos,potencia,frio,ESTIMACIÓN,[ESTIMACIÓN] con [SUPUESTO],,"24 h, 365 días; desde kWh/(t·día)"
perfil_frio,20000,6,300,bajo,perfil=P2,kwh_congelacion_dia,2300.624256,kWh,dia_operativo,energia_electrica,FUENTE,[ESTIMACIÓN] con indicador [PVDP],120–260 kWh/t de ave congelada; 133 kWh/t (FTE-09C-10),
perfil_frio,20000,6,300,bajo,perfil=P2,kwh_almacenamiento_frio_dia_calendario,445.74595,kWh,dia_calendario,energia_electrica,SUPUESTO,[ESTIMACIÓN] con [SUPUESTO],,las cámaras funcionan también sin faena
perfil_frio,20000,6,300,bajo,perfil=P2,kw_respaldo_cargas_criticas,91.543977,kW,potencia,energia_electrica,SUPUESTO,[ESTIMACIÓN] con [SUPUESTO],,cámaras + control + emergencia + efluentes + agua + andén
perfil_frio,20000,6,300,bajo,perfil=P3,capacidad_congelacion_t_dia,23.964836,t,dia_operativo,comercial,ESTIMACIÓN,[ESTIMACIÓN],SUP-055,t que hay que congelar cada día de faena (túneles/IQF)
perfil_frio,20000,6,300,bajo,perfil=P3,capacidad_almacenamiento_congelado_t,335.507704,t,stock,comercial,ESTIMACIÓN,[ESTIMACIÓN],,t que hay que guardar (cámaras); NO es capacidad de congelación
perfil_frio,20000,6,300,bajo,perfil=P3,stock_refrigerado_t,71.894508,t,stock,comercial,ESTIMACIÓN,[ESTIMACIÓN],"SUP-055, SUP-056",base=dias_produccion; días=3; perfil=P3
perfil_frio,20000,6,300,bajo,perfil=P3,kw_frigorificos_congelacion_tuneles,118.27046,kW frigoríficos,potencia,frio,ESTIMACIÓN,[ESTIMACIÓN] con [SUPUESTO],,durante 20 h/día
perfil_frio,20000,6,300,bajo,perfil=P3,kw_electricos_congelacion_tuneles,65.705811,kW eléctricos,potencia,energia_electrica,SUPUESTO,[ESTIMACIÓN] con COP [SUPUESTO],,kW eléctricos = kW frigoríficos / COP
perfil_frio,20000,6,300,bajo,perfil=P3,kw_frigorificos_camaras_almacenamiento,43.735826,kW frigoríficos,potencia,frio,ESTIMACIÓN,[ESTIMACIÓN] con [SUPUESTO],,"24 h, 365 días; desde kWh/(t·día)"
perfil_frio,20000,6,300,bajo,perfil=P3,kwh_congelacion_dia,2875.78032,kWh,dia_operativo,energia_electrica,FUENTE,[ESTIMACIÓN] con indicador [PVDP],120–260 kWh/t de ave congelada; 133 kWh/t (FTE-09C-10),
perfil_frio,20000,6,300,bajo,perfil=P3,kwh_almacenamiento_frio_dia_calendario,539.20881,kWh,dia_calendario,energia_electrica,SUPUESTO,[ESTIMACIÓN] con [SUPUESTO],,las cámaras funcionan también sin faena
perfil_frio,20000,6,300,bajo,perfil=P3,kw_respaldo_cargas_criticas,96.606549,kW,potencia,energia_electrica,SUPUESTO,[ESTIMACIÓN] con [SUPUESTO],,cámaras + control + emergencia + efluentes + agua + andén
entrada,20000,6,300,medio,,aves_faenadas_dia_operativo,20000.0,aves,dia_operativo,aves,SUPUESTO,[SUPUESTO],SUP-052,escala = capacidad operativa
entrada,20000,6,300,medio,,t_vivas_dia_operativo,58.0,t,dia_operativo,vivo,ESTIMACIÓN,[ESTIMACIÓN],escenarios_escala.csv,
agua,20000,6,300,medio,nivel=medio,agua_recepcion_l_ave,1.0,L/ave,por_ave,agua_utilizada,SUPUESTO,[SUPUESTO],sin fuente por ave; DPV propuesto,"Recepción: lavado de jaulas/módulos, camiones y andén"
agua,20000,6,300,medio,nivel=medio,agua_recepcion_m3_dia,20.0,m³,dia_operativo,agua_utilizada,ESTIMACIÓN,[ESTIMACIÓN],,"Recepción: lavado de jaulas/módulos, camiones y andén"
agua,20000,6,300,medio,nivel=medio,agua_escaldado_l_ave,1.2,L/ave,por_ave,agua_utilizada,FUENTE,[FUENTE] [PVDP],"mín. ~1 cuarto de galón (0,95 L)/ave (FTE-09C-11, FTE-09C-18)","Escaldado: llenado, reposición y desborde"
agua,20000,6,300,medio,nivel=medio,agua_escaldado_m3_dia,24.0,m³,dia_operativo,agua_utilizada,ESTIMACIÓN,[ESTIMACIÓN],,"Escaldado: llenado, reposición y desborde"
agua,20000,6,300,medio,nivel=medio,agua_desplumado_l_ave,2.0,L/ave,por_ave,agua_utilizada,SUPUESTO,[SUPUESTO],incluido en totales de FTE-09C-01/02,Desplumado: duchas y transporte de plumas
agua,20000,6,300,medio,nivel=medio,agua_desplumado_m3_dia,40.0,m³,dia_operativo,agua_utilizada,ESTIMACIÓN,[ESTIMACIÓN],,Desplumado: duchas y transporte de plumas
agua,20000,6,300,medio,nivel=medio,agua_evisceracion_l_ave,6.0,L/ave,por_ave,agua_utilizada,FUENTE,[FUENTE] [PVDP],"7,57 L/ave (FTE-09C-01)",Evisceración: lavados interior/exterior y transporte hidráulico de vísceras
agua,20000,6,300,medio,nivel=medio,agua_evisceracion_m3_dia,120.0,m³,dia_operativo,agua_utilizada,ESTIMACIÓN,[ESTIMACIÓN],,Evisceración: lavados interior/exterior y transporte hidráulico de vísceras
agua,20000,6,300,medio,nivel=medio,agua_lavado_l_ave,3.0,L/ave,por_ave,agua_utilizada,FUENTE,[FUENTE] [PVDP],"4,25–4,35 L/ave (FTE-09C-01)",Lavado final de carcasas
agua,20000,6,300,medio,nivel=medio,agua_lavado_m3_dia,60.0,m³,dia_operativo,agua_utilizada,ESTIMACIÓN,[ESTIMACIÓN],,Lavado final de carcasas
agua,20000,6,300,medio,nivel=medio,agua_chiller_l_ave,2.8,L/ave,por_ave,agua_utilizada,FUENTE,[FUENTE] [PVDP],"mín. 0,5 gal = 1,9 L/ave; típico 2,8–5,7 L/ave (FTE-09C-18); 2,12 L/ave (FTE-09C-01)",Chiller: reposición de agua (contracorriente)
agua,20000,6,300,medio,nivel=medio,agua_chiller_m3_dia,56.0,m³,dia_operativo,agua_utilizada,ESTIMACIÓN,[ESTIMACIÓN],,Chiller: reposición de agua (contracorriente)
agua,20000,6,300,medio,nivel=medio,agua_despiece_l_ave,1.0,L/ave,por_ave,agua_utilizada,FUENTE,[FUENTE] [PVDP],"3,03 L/ave (FTE-09C-01)",Sala de despiece y deshuese
agua,20000,6,300,medio,nivel=medio,agua_despiece_m3_dia,20.0,m³,dia_operativo,agua_utilizada,ESTIMACIÓN,[ESTIMACIÓN],,Sala de despiece y deshuese
agua,20000,6,300,medio,nivel=medio,agua_limpieza_l_ave,5.0,L/ave,por_ave,agua_utilizada,FUENTE,[FUENTE] [PVDP],"1,5–3 gal = 5,7–11,4 L/ave saneamiento + 0,9–3,8 L equipos (FTE-09C-01)",Limpieza de equipos y salas (fin de turno)
agua,20000,6,300,medio,nivel=medio,agua_limpieza_m3_dia,100.0,m³,dia_operativo,agua_utilizada,ESTIMACIÓN,[ESTIMACIÓN],,Limpieza de equipos y salas (fin de turno)
agua,20000,6,300,medio,nivel=medio,agua_sanitizacion_l_ave,1.0,L/ave,por_ave,agua_utilizada,SUPUESTO,[SUPUESTO],sin fuente separada,"Sanitización: esterilizadores, lavamanos, pediluvios, enjuagues"
agua,20000,6,300,medio,nivel=medio,agua_sanitizacion_m3_dia,20.0,m³,dia_operativo,agua_utilizada,ESTIMACIÓN,[ESTIMACIÓN],,"Sanitización: esterilizadores, lavamanos, pediluvios, enjuagues"
agua,20000,6,300,medio,nivel=medio,agua_auxiliares_l_ave,2.0,L/ave,por_ave,agua_utilizada,SUPUESTO,[SUPUESTO],sin fuente separada,"Servicios auxiliares: caldera, condensadores evaporativos, vestuarios, comedor"
agua,20000,6,300,medio,nivel=medio,agua_auxiliares_m3_dia,40.0,m³,dia_operativo,agua_utilizada,ESTIMACIÓN,[ESTIMACIÓN],,"Servicios auxiliares: caldera, condensadores evaporativos, vestuarios, comedor"
agua,20000,6,300,medio,nivel=medio,agua_utilizada_l_ave,25.0,L/ave,por_ave,agua_utilizada,ESTIMACIÓN,[ESTIMACIÓN] con rangos [PVDP],FTE-09C-01 a 04,consumo industrial; NO incluye agua retenida
agua,20000,6,300,medio,nivel=medio,agua_utilizada_m3_dia,500.0,m³,dia_operativo,agua_utilizada,ESTIMACIÓN,[ESTIMACIÓN],,
agua,20000,6,300,medio,nivel=medio,agua_utilizada_m3_anio,150000.0,m³,anio,agua_utilizada,ESTIMACIÓN,[ESTIMACIÓN],,
agua,20000,6,300,medio,nivel=medio,agua_utilizada_m3_h_medio,41.666667,m³/h,hora,agua_utilizada,ESTIMACIÓN,[ESTIMACIÓN],,sobre 12 h (faena + limpieza)
agua,20000,6,300,medio,nivel=medio,agua_utilizada_m3_h_pico,75.0,m³/h,hora,agua_utilizada,SUPUESTO,[SUPUESTO] factor de pico,,"dimensiona captación, bombeo y reserva"
agua,20000,6,300,medio,nivel=medio,reserva_agua_1_dia_m3,500.0,m³,stock,agua_utilizada,ESTIMACIÓN,[ESTIMACIÓN],,"volumen equivalente a un día de uso (referencia conceptual, no diseño)"
agua,20000,6,300,medio,nivel=medio,agua_descargada_m3_dia,440.0,m³,dia_operativo,agua_descargada,SUPUESTO,[ESTIMACIÓN] con fracción [SUPUESTO],,fracción a efluente = 0.88
agua,20000,6,300,medio,nivel=medio,agua_descargada_l_ave,22.0,L/ave,por_ave,agua_descargada,ESTIMACIÓN,[ESTIMACIÓN],,
agua,20000,6,300,medio,nivel=medio,agua_no_descargada_m3_dia,60.0,m³,dia_operativo,agua_no_descargada,ESTIMACIÓN,[ESTIMACIÓN],,evaporación + retenida + sale con subproductos + pérdidas
agua_retenida,20000,6,300,medio,,agua_retenida_en_producto_t_dia,1.710528,t,dia_operativo,agua_retenida,ESTIMACIÓN,[ESTIMACIÓN] del balance v1.1,escenarios_escala.csv,sale vendida con el producto; NO es consumo industrial ni efluente
agua_retenida,20000,6,300,medio,,agua_incorporada_producto_y_subproductos_t_dia,4.253212,t,dia_operativo,agua_retenida,ESTIMACIÓN,[ESTIMACIÓN] del balance v1.1,escenarios_escala.csv,absorbida en chiller + adherida a plumas (incluye goteo posterior)
agua_retenida,20000,6,300,medio,,agua_retenida_sobre_agua_utilizada_pct,0.342106,%,adimensional,agua,ESTIMACIÓN,[ESTIMACIÓN],,cuánto del agua usada termina dentro del producto
efluente,20000,6,300,medio,nivel=medio,carga_DQO_g_ave,100.0,g/ave,por_ave,efluente_crudo,ESTIMACIÓN,[ESTIMACIÓN] con rangos [PVDP],FTE-181; FTE-09C-05,efluente crudo tras retirar sangre y sólidos gruesos
efluente,20000,6,300,medio,nivel=medio,carga_DQO_kg_dia,2000.0,kg,dia_operativo,efluente_crudo,ESTIMACIÓN,[ESTIMACIÓN],,
efluente,20000,6,300,medio,nivel=medio,concentracion_DQO_mg_l,4545.454545,mg/L,adimensional,efluente_crudo,ESTIMACIÓN,[ESTIMACIÓN],,"resultado (carga / caudal), no parámetro"
efluente,20000,6,300,medio,nivel=medio,carga_DBO5_g_ave,50.0,g/ave,por_ave,efluente_crudo,ESTIMACIÓN,[ESTIMACIÓN] con rangos [PVDP],"FTE-181; FTE-09C-05 (DBO/DQO ~0,4–0,6)",efluente crudo tras retirar sangre y sólidos gruesos
efluente,20000,6,300,medio,nivel=medio,carga_DBO5_kg_dia,1000.0,kg,dia_operativo,efluente_crudo,ESTIMACIÓN,[ESTIMACIÓN],,
efluente,20000,6,300,medio,nivel=medio,concentracion_DBO5_mg_l,2272.727273,mg/L,adimensional,efluente_crudo,ESTIMACIÓN,[ESTIMACIÓN],,"resultado (carga / caudal), no parámetro"
efluente,20000,6,300,medio,nivel=medio,carga_SST_g_ave,35.0,g/ave,por_ave,efluente_crudo,ESTIMACIÓN,[ESTIMACIÓN] con rangos [PVDP],FTE-181; FTE-09C-05,efluente crudo tras retirar sangre y sólidos gruesos
efluente,20000,6,300,medio,nivel=medio,carga_SST_kg_dia,700.0,kg,dia_operativo,efluente_crudo,ESTIMACIÓN,[ESTIMACIÓN],,
efluente,20000,6,300,medio,nivel=medio,concentracion_SST_mg_l,1590.909091,mg/L,adimensional,efluente_crudo,ESTIMACIÓN,[ESTIMACIÓN],,"resultado (carga / caudal), no parámetro"
efluente,20000,6,300,medio,nivel=medio,carga_GyA_g_ave,11.0,g/ave,por_ave,efluente_crudo,ESTIMACIÓN,[ESTIMACIÓN] con rangos [PVDP],FTE-09C-06 (~500 mg/L tamizado),efluente crudo tras retirar sangre y sólidos gruesos
efluente,20000,6,300,medio,nivel=medio,carga_GyA_kg_dia,220.0,kg,dia_operativo,efluente_crudo,ESTIMACIÓN,[ESTIMACIÓN],,
efluente,20000,6,300,medio,nivel=medio,concentracion_GyA_mg_l,500.0,mg/L,adimensional,efluente_crudo,ESTIMACIÓN,[ESTIMACIÓN],,"resultado (carga / caudal), no parámetro"
efluente,20000,6,300,medio,nivel=medio,carga_NTK_g_ave,5.0,g/ave,por_ave,efluente_crudo,ESTIMACIÓN,[ESTIMACIÓN] con rangos [PVDP],FTE-09C-06 (150–296 mg/L),efluente crudo tras retirar sangre y sólidos gruesos
efluente,20000,6,300,medio,nivel=medio,carga_NTK_kg_dia,100.0,kg,dia_operativo,efluente_crudo,ESTIMACIÓN,[ESTIMACIÓN],,
efluente,20000,6,300,medio,nivel=medio,concentracion_NTK_mg_l,227.272727,mg/L,adimensional,efluente_crudo,ESTIMACIÓN,[ESTIMACIÓN],,"resultado (carga / caudal), no parámetro"
efluente,20000,6,300,medio,nivel=medio,carga_PT_g_ave,0.5,g/ave,por_ave,efluente_crudo,ESTIMACIÓN,[ESTIMACIÓN] con rangos [PVDP],"FTE-09C-06 (~18,5 mg/L)",efluente crudo tras retirar sangre y sólidos gruesos
efluente,20000,6,300,medio,nivel=medio,carga_PT_kg_dia,10.0,kg,dia_operativo,efluente_crudo,ESTIMACIÓN,[ESTIMACIÓN],,
efluente,20000,6,300,medio,nivel=medio,concentracion_PT_mg_l,22.727273,mg/L,adimensional,efluente_crudo,ESTIMACIÓN,[ESTIMACIÓN],,"resultado (carga / caudal), no parámetro"
efluente,20000,6,300,medio,,dqo_extra_por_sangre_no_recuperada_g_ave,0.0,g/ave,por_ave,efluente_crudo,ESTIMACIÓN,[ESTIMACIÓN] con DQO de sangre [PVDP],FTE-181,recuperación 0.85 vs referencia 0.85
efluente,20000,6,300,medio,,dqo_evitada_por_recuperar_sangre_kg_dia,598.642857,kg,dia_operativo,efluente_crudo,ESTIMACIÓN,[ESTIMACIÓN] con DQO de sangre [PVDP],FTE-181,orden de magnitud; no es una reducción medida
efluente,20000,6,300,medio,nivel=medio,caudal_efluente_m3_h_pico,66.0,m³/h,hora,agua_descargada,SUPUESTO,[SUPUESTO] factor de pico,,dimensiona ecualización
efluente,20000,6,300,medio,nivel=medio,remocion_dqo_requerida_ilustrativa_pct,94.5,%,adimensional,efluente_crudo,ESTIMACIÓN,[ESTIMACIÓN] con límite [PVDP],FTE-09C-08,"límite ilustrativo 250 mg/L (ADA 336/03, pluvial; a confirmar según sitio y cuerpo receptor)"
masa_evitable,20000,6,300,medio,,sangre_recuperada_t_dia,1.6762,t,dia_operativo,biologica+agua,ESTIMACIÓN,[ESTIMACIÓN] del balance v1.1,escenarios_escala.csv,"sangre recuperada por separado (85 %, SUP-040)"
masa_evitable,20000,6,300,medio,,plumas_t_dia,4.8256,t,dia_operativo,biologica+agua,ESTIMACIÓN,[ESTIMACIÓN] del balance v1.1,escenarios_escala.csv,plumas húmedas retiradas
masa_evitable,20000,6,300,medio,,visceras_t_dia,2.61,t,dia_operativo,biologica+agua,ESTIMACIÓN,[ESTIMACIÓN] del balance v1.1,escenarios_escala.csv,vísceras no comestibles
masa_evitable,20000,6,300,medio,,cabeza_t_dia,1.45,t,dia_operativo,biologica+agua,ESTIMACIÓN,[ESTIMACIÓN] del balance v1.1,escenarios_escala.csv,cabezas
masa_evitable,20000,6,300,medio,,solidos_a_retirar_t_dia,12.167052,t,dia_operativo,biologica+agua,ESTIMACIÓN,[ESTIMACIÓN] del balance v1.1,escenarios_escala.csv,total sólidos a retirar en seco (C + decomisos + contenido GI; NO sumar)
masa_evitable,20000,6,300,medio,,masa_a_efluente_o_perdida_t_dia,2.156486,t,dia_operativo,biologica+agua,ESTIMACIÓN,[ESTIMACIÓN] del balance v1.1,escenarios_escala.csv,"masa que el balance ya envía a efluente o pérdida (sangre no recuperada, cutícula, goteo, pérdidas)"
lodos,20000,6,300,medio,nivel=medio,lodo_daf_kg_ms_dia,637.1,kg,dia_operativo,materia_seca,ESTIMACIÓN,[ESTIMACIÓN] con remociones [PVDP],"FTE-09C-05, FTE-09C-13",sólidos + grasas flotados + químicos
lodos,20000,6,300,medio,nivel=medio,lodo_daf_t_humedo_dia,5.309167,t,dia_operativo,lodo_humedo,ESTIMACIÓN,[ESTIMACIÓN] con % sólidos [PVDP],FTE-09C-13,
lodos,20000,6,300,medio,nivel=medio,dbo_al_tratamiento_biologico_kg_dia,550.0,kg,dia_operativo,efluente_pretratado,ESTIMACIÓN,[ESTIMACIÓN],,después de DAF
lodos,20000,6,300,medio,nivel=medio,lodo_biologico_aerobio_kg_ms_dia,209.0,kg,dia_operativo,materia_seca,SUPUESTO,[ESTIMACIÓN] con rendimiento [SUPUESTO],,si el tratamiento fuera aerobio completo; anaerobio genera mucho menos lodo
lodos,20000,6,300,medio,nivel=medio,lodos_deshidratados_t_dia,4.700556,t,dia_operativo,lodo_humedo,SUPUESTO,[ESTIMACIÓN] con [SUPUESTO],,DAF + biológico deshidratados; disposición/valorización a definir
electricidad,20000,6,300,medio,nivel=medio,kwh_proceso_dia,14500.0,kWh,dia_operativo,energia_electrica,FUENTE,[ESTIMACIÓN] con indicador [PVDP],"UE 152–860 kWh/t faenada; Brasil 165 kWh/t; 1,19 MJ/kg = 330 kWh/t (FTE-09C-09, FTE-09C-03)","faena, proceso, enfriado fresco, aire, agua, servicios"
electricidad,20000,6,300,medio,nivel=medio,kwh_proceso_frio_de_proceso_agua_helada_hielo_dia,5075.0,kWh,dia_operativo,energia_electrica,SUPUESTO,[SUPUESTO] reparto ilustrativo,FTE-09C-09 (cualitativo),didáctico; no sumar con kwh_proceso_dia
electricidad,20000,6,300,medio,nivel=medio,kwh_proceso_motores_de_linea_y_transportadores_dia,2900.0,kWh,dia_operativo,energia_electrica,SUPUESTO,[SUPUESTO] reparto ilustrativo,FTE-09C-09 (cualitativo),didáctico; no sumar con kwh_proceso_dia
electricidad,20000,6,300,medio,nivel=medio,kwh_proceso_aire_comprimido_dia,1450.0,kWh,dia_operativo,energia_electrica,SUPUESTO,[SUPUESTO] reparto ilustrativo,FTE-09C-09 (cualitativo),didáctico; no sumar con kwh_proceso_dia
electricidad,20000,6,300,medio,nivel=medio,kwh_proceso_bombas_agua_y_efluentes_dia,1450.0,kWh,dia_operativo,energia_electrica,SUPUESTO,[SUPUESTO] reparto ilustrativo,FTE-09C-09 (cualitativo),didáctico; no sumar con kwh_proceso_dia
electricidad,20000,6,300,medio,nivel=medio,kwh_proceso_climatizacion_salas_dia,1160.0,kWh,dia_operativo,energia_electrica,SUPUESTO,[SUPUESTO] reparto ilustrativo,FTE-09C-09 (cualitativo),didáctico; no sumar con kwh_proceso_dia
electricidad,20000,6,300,medio,nivel=medio,kwh_proceso_iluminacion_dia,1015.0,kWh,dia_operativo,energia_electrica,SUPUESTO,[SUPUESTO] reparto ilustrativo,FTE-09C-09 (cualitativo),didáctico; no sumar con kwh_proceso_dia
electricidad,20000,6,300,medio,nivel=medio,kwh_proceso_oficinas_vestuarios_servicios_dia,725.0,kWh,dia_operativo,energia_electrica,SUPUESTO,[SUPUESTO] reparto ilustrativo,FTE-09C-09 (cualitativo),didáctico; no sumar con kwh_proceso_dia
electricidad,20000,6,300,medio,nivel=medio,kwh_proceso_otros_dia,725.0,kWh,dia_operativo,energia_electrica,SUPUESTO,[SUPUESTO] reparto ilustrativo,FTE-09C-09 (cualitativo),didáctico; no sumar con kwh_proceso_dia
inventario,20000,6,300,medio,,stock_refrigerado_t,129.410114,t,stock,comercial,ESTIMACIÓN,[ESTIMACIÓN],"SUP-055, SUP-056",base=dias_produccion; días=3; perfil=P1
inventario,20000,6,300,medio,,stock_congelado_t,67.101541,t,stock,comercial,ESTIMACIÓN,[ESTIMACIÓN],"SUP-055, SUP-056",base=dias_produccion; días=14; incluye exportación
congelado,20000,6,300,medio,,capacidad_congelacion_t_dia,4.792967,t,dia_operativo,comercial,ESTIMACIÓN,[ESTIMACIÓN],SUP-055,t que hay que congelar cada día de faena (túneles/IQF)
congelado,20000,6,300,medio,,capacidad_almacenamiento_congelado_t,67.101541,t,stock,comercial,ESTIMACIÓN,[ESTIMACIÓN],,t que hay que guardar (cámaras); NO es capacidad de congelación
congelado,20000,6,300,medio,nivel=medio,garras_a_congelar_t_dia_informativo,2.02104,t,dia_operativo,comercial,SUPUESTO,[SUPUESTO],,ya incluidas dentro del comestible: NO sumar al perfil
congelado,20000,6,300,medio,nivel=medio,menudencias_a_congelar_t_dia_informativo,1.09098,t,dia_operativo,comercial,SUPUESTO,[SUPUESTO],,ya incluidas dentro del comestible: NO sumar al perfil
congelado,20000,6,300,medio,nivel=medio,calor_a_extraer_congelacion_kj_kg,384.943,kJ/kg,adimensional,producto,ESTIMACIÓN,[ESTIMACIÓN] con propiedades [PVDP],FTE-09C-14,"de +4 °C a −18 °C, con pérdidas"
frio,20000,6,300,medio,nivel=medio,kw_frigorificos_enfriado_producto_fresco,470.978616,kW frigoríficos,potencia,frio,ESTIMACIÓN,[ESTIMACIÓN] con [SUPUESTO],,chiller + menudencias + salas/docks; durante 8 h netas
frio,20000,6,300,medio,nivel=medio,tr_enfriado_producto_fresco,133.914875,TR,potencia,frio,ESTIMACIÓN,[ESTIMACIÓN],,"1 TR = 3,517 kW frigoríficos"
frio,20000,6,300,medio,nivel=medio,kw_electricos_enfriado_producto_fresco,156.992872,kW eléctricos,potencia,energia_electrica,SUPUESTO,[ESTIMACIÓN] con COP [SUPUESTO],,kW eléctricos = kW frigoríficos / COP
frio,20000,6,300,medio,nivel=medio,kw_frigorificos_congelacion_tuneles,25.625266,kW frigoríficos,potencia,frio,ESTIMACIÓN,[ESTIMACIÓN] con [SUPUESTO],,durante 20 h/día
frio,20000,6,300,medio,nivel=medio,tr_congelacion_tuneles,7.286115,TR,potencia,frio,ESTIMACIÓN,[ESTIMACIÓN],,"1 TR = 3,517 kW frigoríficos"
frio,20000,6,300,medio,nivel=medio,kw_electricos_congelacion_tuneles,18.303762,kW eléctricos,potencia,energia_electrica,SUPUESTO,[ESTIMACIÓN] con COP [SUPUESTO],,kW eléctricos = kW frigoríficos / COP
frio,20000,6,300,medio,nivel=medio,kw_frigorificos_camaras_almacenamiento,27.919034,kW frigoríficos,potencia,frio,ESTIMACIÓN,[ESTIMACIÓN] con [SUPUESTO],,"24 h, 365 días; desde kWh/(t·día)"
frio,20000,6,300,medio,nivel=medio,tr_camaras_almacenamiento,7.938309,TR,potencia,frio,ESTIMACIÓN,[ESTIMACIÓN],,"1 TR = 3,517 kW frigoríficos"
frio,20000,6,300,medio,nivel=medio,kw_electricos_camaras_almacenamiento,13.779781,kW eléctricos,potencia,energia_electrica,SUPUESTO,[ESTIMACIÓN] con COP [SUPUESTO],,kW eléctricos = kW frigoríficos / COP
frio,20000,6,300,medio,nivel=medio,kj_frio_enfriado_por_ave,678.209208,kJ/ave,por_ave,frio,ESTIMACIÓN,[ESTIMACIÓN] con [SUPUESTO],FTE-09C-14,
electricidad,20000,6,300,medio,nivel=medio,kwh_congelacion_dia,910.663768,kWh,dia_operativo,energia_electrica,FUENTE,[ESTIMACIÓN] con indicador [PVDP],120–260 kWh/t de ave congelada; 133 kWh/t (FTE-09C-10),
electricidad,20000,6,300,medio,nivel=medio,kwh_almacenamiento_frio_dia_calendario,330.714737,kWh,dia_calendario,energia_electrica,SUPUESTO,[ESTIMACIÓN] con [SUPUESTO],,las cámaras funcionan también sin faena
electricidad,20000,6,300,medio,nivel=medio,kwh_tratamiento_aerobio_dia,627.0,kWh,dia_operativo,energia_electrica,SUPUESTO,[ESTIMACIÓN] con [SUPUESTO],,cota: si todo el biológico fuera aerobio
electricidad,20000,6,300,medio,nivel=medio,kwh_total_dia_operativo,16368.378505,kWh,dia_operativo,energia_electrica,ESTIMACIÓN,[ESTIMACIÓN],,proceso + congelado + aerobio + cámaras
electricidad,20000,6,300,medio,nivel=medio,kwh_total_anio,4932010.009332,kWh,anio,energia_electrica,ESTIMACIÓN,[ESTIMACIÓN],,cámaras × 365 días; resto × días de faena
electricidad,20000,6,300,medio,nivel=medio,kwh_por_ave_promedio_anual,0.822002,kWh/ave,por_ave,energia_electrica,ESTIMACIÓN,[ESTIMACIÓN],,
electricidad,20000,6,300,medio,nivel=medio,kw_potencia_media_operacion,1121.152255,kW,potencia,energia_electrica,ESTIMACIÓN,[ESTIMACIÓN],,proceso sobre 14 h + túneles + cámaras + efluentes
electricidad,20000,6,300,medio,nivel=medio,kw_potencia_pico_estimada,1639.009398,kW,potencia,energia_electrica,SUPUESTO,[ESTIMACIÓN] con factor de pico [SUPUESTO],,orden de magnitud para pedir potencia; no es diseño
termico,20000,6,300,medio,nivel=medio,calor_util_escaldado_mj_dia,8037.12,MJ,dia_operativo,energia_termica,ESTIMACIÓN,[ESTIMACIÓN] con temperaturas [PVDP]/[SUPUESTO],FTE-09C-11,
termico,20000,6,300,medio,nivel=medio,kw_termicos_escaldado,279.066667,kW térmicos,potencia,energia_termica,ESTIMACIÓN,[ESTIMACIÓN],,durante 8 h
termico,20000,6,300,medio,nivel=medio,calor_util_limpieza_mj_dia,9292.92,MJ,dia_operativo,energia_termica,ESTIMACIÓN,[ESTIMACIÓN] con temperaturas [PVDP]/[SUPUESTO],FTE-09C-11,
termico,20000,6,300,medio,nivel=medio,kw_termicos_limpieza,645.341667,kW térmicos,potencia,energia_termica,ESTIMACIÓN,[ESTIMACIÓN],,durante 4 h
termico,20000,6,300,medio,nivel=medio,calor_util_sanitizacion_mj_dia,2679.04,MJ,dia_operativo,energia_termica,ESTIMACIÓN,[ESTIMACIÓN] con temperaturas [PVDP]/[SUPUESTO],FTE-09C-11,
termico,20000,6,300,medio,nivel=medio,kw_termicos_sanitizacion,62.014815,kW térmicos,potencia,energia_termica,ESTIMACIÓN,[ESTIMACIÓN],,durante 12 h
termico,20000,6,300,medio,nivel=medio,calor_util_mj_ave,1.000454,MJ/ave,por_ave,energia_termica,ESTIMACIÓN,[ESTIMACIÓN],,
termico,20000,6,300,medio,nivel=medio,energia_combustible_mj_dia,26678.773333,MJ,dia_operativo,energia_termica,ESTIMACIÓN,[ESTIMACIÓN] con rendimiento [SUPUESTO],,
termico,20000,6,300,medio,nivel=medio,energia_combustible_kwh_dia,7410.77037,kWh,dia_operativo,energia_termica,ESTIMACIÓN,[ESTIMACIÓN],,kWh TÉRMICOS (no eléctricos)
termico,20000,6,300,medio,nivel=medio,equivalente_gas_natural_m3_dia,685.829649,m3,dia_operativo,energia_termica,SUPUESTO,[ESTIMACIÓN] con PCI [SUPUESTO],~9.300 kcal/m³ (a verificar con distribuidora),"equivalencia, no elección"
termico,20000,6,300,medio,nivel=medio,equivalente_glp_kg_dia,579.973333,kg,dia_operativo,energia_termica,SUPUESTO,[ESTIMACIÓN] con PCI [SUPUESTO],~11.000 kcal/kg,"equivalencia, no elección"
termico,20000,6,300,medio,nivel=medio,equivalente_biomasa_chip_kg_dia,1905.626667,kg,dia_operativo,energia_termica,SUPUESTO,[ESTIMACIÓN] con PCI [SUPUESTO],chip de madera ~20–25 % humedad; muy variable,"equivalencia, no elección"
termico,20000,6,300,medio,nivel=medio,equivalente_electricidad_resistiva_kwh_dia,5671.507937,kWh,dia_operativo,energia_termica,SUPUESTO,[ESTIMACIÓN],,rendimiento 98 %; bomba de calor dividiría por su COP (limitada a ~60–70 °C)
respaldo,20000,6,300,medio,nivel=medio,kw_critico_camaras_frio,20.669671,kW,potencia,energia_electrica,SUPUESTO,[ESTIMACIÓN] con [SUPUESTO],,
respaldo,20000,6,300,medio,nivel=medio,kw_critico_efluentes_minimo,13.0625,kW,potencia,energia_electrica,SUPUESTO,[ESTIMACIÓN] con [SUPUESTO],,
respaldo,20000,6,300,medio,nivel=medio,kw_critico_control_it_seguridad,31.071429,kW,potencia,energia_electrica,SUPUESTO,[ESTIMACIÓN] con [SUPUESTO],,
respaldo,20000,6,300,medio,nivel=medio,kw_critico_iluminacion_emergencia,15.535714,kW,potencia,energia_electrica,SUPUESTO,[ESTIMACIÓN] con [SUPUESTO],,
respaldo,20000,6,300,medio,nivel=medio,kw_critico_bombeo_agua_minimo,46.607143,kW,potencia,energia_electrica,SUPUESTO,[ESTIMACIÓN] con [SUPUESTO],,
respaldo,20000,6,300,medio,nivel=medio,kw_critico_anden_aves_ventilacion,31.071429,kW,potencia,energia_electrica,SUPUESTO,[ESTIMACIÓN] con [SUPUESTO],,
respaldo,20000,6,300,medio,nivel=medio,kw_respaldo_cargas_criticas,158.017885,kW,potencia,energia_electrica,SUPUESTO,[ESTIMACIÓN] con [SUPUESTO],,cámaras + control + emergencia + efluentes + agua + andén
respaldo,20000,6,300,medio,nivel=medio,kva_respaldo_cargas_criticas,197.522357,kVA,potencia,energia_electrica,SUPUESTO,[ESTIMACIÓN],,"fp 0,8"
respaldo,20000,6,300,medio,nivel=medio,kva_respaldo_planta_completa,2048.761747,kVA,potencia,energia_electrica,SUPUESTO,[ESTIMACIÓN],,si se quisiera sostener también la línea
perfil_frio,20000,6,300,medio,perfil=P2,capacidad_congelacion_t_dia,19.171869,t,dia_operativo,comercial,ESTIMACIÓN,[ESTIMACIÓN],SUP-055,t que hay que congelar cada día de faena (túneles/IQF)
perfil_frio,20000,6,300,medio,perfil=P2,capacidad_almacenamiento_congelado_t,268.406163,t,stock,comercial,ESTIMACIÓN,[ESTIMACIÓN],,t que hay que guardar (cámaras); NO es capacidad de congelación
perfil_frio,20000,6,300,medio,perfil=P2,stock_refrigerado_t,86.27341,t,stock,comercial,ESTIMACIÓN,[ESTIMACIÓN],"SUP-055, SUP-056",base=dias_produccion; días=3; perfil=P2
perfil_frio,20000,6,300,medio,perfil=P2,kw_frigorificos_congelacion_tuneles,102.501065,kW frigoríficos,potencia,frio,ESTIMACIÓN,[ESTIMACIÓN] con [SUPUESTO],,durante 20 h/día
perfil_frio,20000,6,300,medio,perfil=P2,kw_electricos_congelacion_tuneles,73.215047,kW eléctricos,potencia,energia_electrica,SUPUESTO,[ESTIMACIÓN] con COP [SUPUESTO],,kW eléctricos = kW frigoríficos / COP
perfil_frio,20000,6,300,medio,perfil=P2,kw_frigorificos_camaras_almacenamiento,57.755255,kW frigoríficos,potencia,frio,ESTIMACIÓN,[ESTIMACIÓN] con [SUPUESTO],,"24 h, 365 días; desde kWh/(t·día)"
perfil_frio,20000,6,300,medio,perfil=P2,kwh_congelacion_dia,3642.655072,kWh,dia_operativo,energia_electrica,FUENTE,[ESTIMACIÓN] con indicador [PVDP],120–260 kWh/t de ave congelada; 133 kWh/t (FTE-09C-10),
perfil_frio,20000,6,300,medio,perfil=P2,kwh_almacenamiento_frio_dia_calendario,891.491899,kWh,dia_calendario,energia_electrica,SUPUESTO,[ESTIMACIÓN] con [SUPUESTO],,las cámaras funcionan también sin faena
perfil_frio,20000,6,300,medio,perfil=P2,kw_respaldo_cargas_criticas,193.066458,kW,potencia,energia_electrica,SUPUESTO,[ESTIMACIÓN] con [SUPUESTO],,cámaras + control + emergencia + efluentes + agua + andén
perfil_frio,20000,6,300,medio,perfil=P3,capacidad_congelacion_t_dia,23.964836,t,dia_operativo,comercial,ESTIMACIÓN,[ESTIMACIÓN],SUP-055,t que hay que congelar cada día de faena (túneles/IQF)
perfil_frio,20000,6,300,medio,perfil=P3,capacidad_almacenamiento_congelado_t,335.507704,t,stock,comercial,ESTIMACIÓN,[ESTIMACIÓN],,t que hay que guardar (cámaras); NO es capacidad de congelación
perfil_frio,20000,6,300,medio,perfil=P3,stock_refrigerado_t,71.894508,t,stock,comercial,ESTIMACIÓN,[ESTIMACIÓN],"SUP-055, SUP-056",base=dias_produccion; días=3; perfil=P3
perfil_frio,20000,6,300,medio,perfil=P3,kw_frigorificos_congelacion_tuneles,128.126331,kW frigoríficos,potencia,frio,ESTIMACIÓN,[ESTIMACIÓN] con [SUPUESTO],,durante 20 h/día
perfil_frio,20000,6,300,medio,perfil=P3,kw_electricos_congelacion_tuneles,91.518808,kW eléctricos,potencia,energia_electrica,SUPUESTO,[ESTIMACIÓN] con COP [SUPUESTO],,kW eléctricos = kW frigoríficos / COP
perfil_frio,20000,6,300,medio,perfil=P3,kw_frigorificos_camaras_almacenamiento,67.700662,kW frigoríficos,potencia,frio,ESTIMACIÓN,[ESTIMACIÓN] con [SUPUESTO],,"24 h, 365 días; desde kWh/(t·día)"
perfil_frio,20000,6,300,medio,perfil=P3,kwh_congelacion_dia,4553.31884,kWh,dia_operativo,energia_electrica,FUENTE,[ESTIMACIÓN] con indicador [PVDP],120–260 kWh/t de ave congelada; 133 kWh/t (FTE-09C-10),
perfil_frio,20000,6,300,medio,perfil=P3,kwh_almacenamiento_frio_dia_calendario,1078.41762,kWh,dia_calendario,energia_electrica,SUPUESTO,[ESTIMACIÓN] con [SUPUESTO],,las cámaras funcionan también sin faena
perfil_frio,20000,6,300,medio,perfil=P3,kw_respaldo_cargas_criticas,204.749316,kW,potencia,energia_electrica,SUPUESTO,[ESTIMACIÓN] con [SUPUESTO],,cámaras + control + emergencia + efluentes + agua + andén
entrada,20000,6,300,alto,,aves_faenadas_dia_operativo,20000.0,aves,dia_operativo,aves,SUPUESTO,[SUPUESTO],SUP-052,escala = capacidad operativa
entrada,20000,6,300,alto,,t_vivas_dia_operativo,58.0,t,dia_operativo,vivo,ESTIMACIÓN,[ESTIMACIÓN],escenarios_escala.csv,
agua,20000,6,300,alto,nivel=alto,agua_recepcion_l_ave,2.0,L/ave,por_ave,agua_utilizada,SUPUESTO,[SUPUESTO],sin fuente por ave; DPV propuesto,"Recepción: lavado de jaulas/módulos, camiones y andén"
agua,20000,6,300,alto,nivel=alto,agua_recepcion_m3_dia,40.0,m³,dia_operativo,agua_utilizada,ESTIMACIÓN,[ESTIMACIÓN],,"Recepción: lavado de jaulas/módulos, camiones y andén"
agua,20000,6,300,alto,nivel=alto,agua_escaldado_l_ave,2.0,L/ave,por_ave,agua_utilizada,FUENTE,[FUENTE] [PVDP],"mín. ~1 cuarto de galón (0,95 L)/ave (FTE-09C-11, FTE-09C-18)","Escaldado: llenado, reposición y desborde"
agua,20000,6,300,alto,nivel=alto,agua_escaldado_m3_dia,40.0,m³,dia_operativo,agua_utilizada,ESTIMACIÓN,[ESTIMACIÓN],,"Escaldado: llenado, reposición y desborde"
agua,20000,6,300,alto,nivel=alto,agua_desplumado_l_ave,3.5,L/ave,por_ave,agua_utilizada,SUPUESTO,[SUPUESTO],incluido en totales de FTE-09C-01/02,Desplumado: duchas y transporte de plumas
agua,20000,6,300,alto,nivel=alto,agua_desplumado_m3_dia,70.0,m³,dia_operativo,agua_utilizada,ESTIMACIÓN,[ESTIMACIÓN],,Desplumado: duchas y transporte de plumas
agua,20000,6,300,alto,nivel=alto,agua_evisceracion_l_ave,8.0,L/ave,por_ave,agua_utilizada,FUENTE,[FUENTE] [PVDP],"7,57 L/ave (FTE-09C-01)",Evisceración: lavados interior/exterior y transporte hidráulico de vísceras
agua,20000,6,300,alto,nivel=alto,agua_evisceracion_m3_dia,160.0,m³,dia_operativo,agua_utilizada,ESTIMACIÓN,[ESTIMACIÓN],,Evisceración: lavados interior/exterior y transporte hidráulico de vísceras
agua,20000,6,300,alto,nivel=alto,agua_lavado_l_ave,4.5,L/ave,por_ave,agua_utilizada,FUENTE,[FUENTE] [PVDP],"4,25–4,35 L/ave (FTE-09C-01)",Lavado final de carcasas
agua,20000,6,300,alto,nivel=alto,agua_lavado_m3_dia,90.0,m³,dia_operativo,agua_utilizada,ESTIMACIÓN,[ESTIMACIÓN],,Lavado final de carcasas
agua,20000,6,300,alto,nivel=alto,agua_chiller_l_ave,4.5,L/ave,por_ave,agua_utilizada,FUENTE,[FUENTE] [PVDP],"mín. 0,5 gal = 1,9 L/ave; típico 2,8–5,7 L/ave (FTE-09C-18); 2,12 L/ave (FTE-09C-01)",Chiller: reposición de agua (contracorriente)
agua,20000,6,300,alto,nivel=alto,agua_chiller_m3_dia,90.0,m³,dia_operativo,agua_utilizada,ESTIMACIÓN,[ESTIMACIÓN],,Chiller: reposición de agua (contracorriente)
agua,20000,6,300,alto,nivel=alto,agua_despiece_l_ave,2.0,L/ave,por_ave,agua_utilizada,FUENTE,[FUENTE] [PVDP],"3,03 L/ave (FTE-09C-01)",Sala de despiece y deshuese
agua,20000,6,300,alto,nivel=alto,agua_despiece_m3_dia,40.0,m³,dia_operativo,agua_utilizada,ESTIMACIÓN,[ESTIMACIÓN],,Sala de despiece y deshuese
agua,20000,6,300,alto,nivel=alto,agua_limpieza_l_ave,7.5,L/ave,por_ave,agua_utilizada,FUENTE,[FUENTE] [PVDP],"1,5–3 gal = 5,7–11,4 L/ave saneamiento + 0,9–3,8 L equipos (FTE-09C-01)",Limpieza de equipos y salas (fin de turno)
agua,20000,6,300,alto,nivel=alto,agua_limpieza_m3_dia,150.0,m³,dia_operativo,agua_utilizada,ESTIMACIÓN,[ESTIMACIÓN],,Limpieza de equipos y salas (fin de turno)
agua,20000,6,300,alto,nivel=alto,agua_sanitizacion_l_ave,1.5,L/ave,por_ave,agua_utilizada,SUPUESTO,[SUPUESTO],sin fuente separada,"Sanitización: esterilizadores, lavamanos, pediluvios, enjuagues"
agua,20000,6,300,alto,nivel=alto,agua_sanitizacion_m3_dia,30.0,m³,dia_operativo,agua_utilizada,ESTIMACIÓN,[ESTIMACIÓN],,"Sanitización: esterilizadores, lavamanos, pediluvios, enjuagues"
agua,20000,6,300,alto,nivel=alto,agua_auxiliares_l_ave,2.5,L/ave,por_ave,agua_utilizada,SUPUESTO,[SUPUESTO],sin fuente separada,"Servicios auxiliares: caldera, condensadores evaporativos, vestuarios, comedor"
agua,20000,6,300,alto,nivel=alto,agua_auxiliares_m3_dia,50.0,m³,dia_operativo,agua_utilizada,ESTIMACIÓN,[ESTIMACIÓN],,"Servicios auxiliares: caldera, condensadores evaporativos, vestuarios, comedor"
agua,20000,6,300,alto,nivel=alto,agua_utilizada_l_ave,38.0,L/ave,por_ave,agua_utilizada,ESTIMACIÓN,[ESTIMACIÓN] con rangos [PVDP],FTE-09C-01 a 04,consumo industrial; NO incluye agua retenida
agua,20000,6,300,alto,nivel=alto,agua_utilizada_m3_dia,760.0,m³,dia_operativo,agua_utilizada,ESTIMACIÓN,[ESTIMACIÓN],,
agua,20000,6,300,alto,nivel=alto,agua_utilizada_m3_anio,228000.0,m³,anio,agua_utilizada,ESTIMACIÓN,[ESTIMACIÓN],,
agua,20000,6,300,alto,nivel=alto,agua_utilizada_m3_h_medio,63.333333,m³/h,hora,agua_utilizada,ESTIMACIÓN,[ESTIMACIÓN],,sobre 12 h (faena + limpieza)
agua,20000,6,300,alto,nivel=alto,agua_utilizada_m3_h_pico,139.333333,m³/h,hora,agua_utilizada,SUPUESTO,[SUPUESTO] factor de pico,,"dimensiona captación, bombeo y reserva"
agua,20000,6,300,alto,nivel=alto,reserva_agua_1_dia_m3,760.0,m³,stock,agua_utilizada,ESTIMACIÓN,[ESTIMACIÓN],,"volumen equivalente a un día de uso (referencia conceptual, no diseño)"
agua,20000,6,300,alto,nivel=alto,agua_descargada_m3_dia,722.0,m³,dia_operativo,agua_descargada,SUPUESTO,[ESTIMACIÓN] con fracción [SUPUESTO],,fracción a efluente = 0.95
agua,20000,6,300,alto,nivel=alto,agua_descargada_l_ave,36.1,L/ave,por_ave,agua_descargada,ESTIMACIÓN,[ESTIMACIÓN],,
agua,20000,6,300,alto,nivel=alto,agua_no_descargada_m3_dia,38.0,m³,dia_operativo,agua_no_descargada,ESTIMACIÓN,[ESTIMACIÓN],,evaporación + retenida + sale con subproductos + pérdidas
agua_retenida,20000,6,300,alto,,agua_retenida_en_producto_t_dia,1.710528,t,dia_operativo,agua_retenida,ESTIMACIÓN,[ESTIMACIÓN] del balance v1.1,escenarios_escala.csv,sale vendida con el producto; NO es consumo industrial ni efluente
agua_retenida,20000,6,300,alto,,agua_incorporada_producto_y_subproductos_t_dia,4.253212,t,dia_operativo,agua_retenida,ESTIMACIÓN,[ESTIMACIÓN] del balance v1.1,escenarios_escala.csv,absorbida en chiller + adherida a plumas (incluye goteo posterior)
agua_retenida,20000,6,300,alto,,agua_retenida_sobre_agua_utilizada_pct,0.225069,%,adimensional,agua,ESTIMACIÓN,[ESTIMACIÓN],,cuánto del agua usada termina dentro del producto
efluente,20000,6,300,alto,nivel=alto,carga_DQO_g_ave,180.0,g/ave,por_ave,efluente_crudo,ESTIMACIÓN,[ESTIMACIÓN] con rangos [PVDP],FTE-181; FTE-09C-05,efluente crudo tras retirar sangre y sólidos gruesos
efluente,20000,6,300,alto,nivel=alto,carga_DQO_kg_dia,3600.0,kg,dia_operativo,efluente_crudo,ESTIMACIÓN,[ESTIMACIÓN],,
efluente,20000,6,300,alto,nivel=alto,concentracion_DQO_mg_l,4986.149584,mg/L,adimensional,efluente_crudo,ESTIMACIÓN,[ESTIMACIÓN],,"resultado (carga / caudal), no parámetro"
efluente,20000,6,300,alto,nivel=alto,carga_DBO5_g_ave,90.0,g/ave,por_ave,efluente_crudo,ESTIMACIÓN,[ESTIMACIÓN] con rangos [PVDP],"FTE-181; FTE-09C-05 (DBO/DQO ~0,4–0,6)",efluente crudo tras retirar sangre y sólidos gruesos
efluente,20000,6,300,alto,nivel=alto,carga_DBO5_kg_dia,1800.0,kg,dia_operativo,efluente_crudo,ESTIMACIÓN,[ESTIMACIÓN],,
efluente,20000,6,300,alto,nivel=alto,concentracion_DBO5_mg_l,2493.074792,mg/L,adimensional,efluente_crudo,ESTIMACIÓN,[ESTIMACIÓN],,"resultado (carga / caudal), no parámetro"
efluente,20000,6,300,alto,nivel=alto,carga_SST_g_ave,80.0,g/ave,por_ave,efluente_crudo,ESTIMACIÓN,[ESTIMACIÓN] con rangos [PVDP],FTE-181; FTE-09C-05,efluente crudo tras retirar sangre y sólidos gruesos
efluente,20000,6,300,alto,nivel=alto,carga_SST_kg_dia,1600.0,kg,dia_operativo,efluente_crudo,ESTIMACIÓN,[ESTIMACIÓN],,
efluente,20000,6,300,alto,nivel=alto,concentracion_SST_mg_l,2216.066482,mg/L,adimensional,efluente_crudo,ESTIMACIÓN,[ESTIMACIÓN],,"resultado (carga / caudal), no parámetro"
efluente,20000,6,300,alto,nivel=alto,carga_GyA_g_ave,25.0,g/ave,por_ave,efluente_crudo,ESTIMACIÓN,[ESTIMACIÓN] con rangos [PVDP],FTE-09C-06 (~500 mg/L tamizado),efluente crudo tras retirar sangre y sólidos gruesos
efluente,20000,6,300,alto,nivel=alto,carga_GyA_kg_dia,500.0,kg,dia_operativo,efluente_crudo,ESTIMACIÓN,[ESTIMACIÓN],,
efluente,20000,6,300,alto,nivel=alto,concentracion_GyA_mg_l,692.520776,mg/L,adimensional,efluente_crudo,ESTIMACIÓN,[ESTIMACIÓN],,"resultado (carga / caudal), no parámetro"
efluente,20000,6,300,alto,nivel=alto,carga_NTK_g_ave,8.0,g/ave,por_ave,efluente_crudo,ESTIMACIÓN,[ESTIMACIÓN] con rangos [PVDP],FTE-09C-06 (150–296 mg/L),efluente crudo tras retirar sangre y sólidos gruesos
efluente,20000,6,300,alto,nivel=alto,carga_NTK_kg_dia,160.0,kg,dia_operativo,efluente_crudo,ESTIMACIÓN,[ESTIMACIÓN],,
efluente,20000,6,300,alto,nivel=alto,concentracion_NTK_mg_l,221.606648,mg/L,adimensional,efluente_crudo,ESTIMACIÓN,[ESTIMACIÓN],,"resultado (carga / caudal), no parámetro"
efluente,20000,6,300,alto,nivel=alto,carga_PT_g_ave,1.0,g/ave,por_ave,efluente_crudo,ESTIMACIÓN,[ESTIMACIÓN] con rangos [PVDP],"FTE-09C-06 (~18,5 mg/L)",efluente crudo tras retirar sangre y sólidos gruesos
efluente,20000,6,300,alto,nivel=alto,carga_PT_kg_dia,20.0,kg,dia_operativo,efluente_crudo,ESTIMACIÓN,[ESTIMACIÓN],,
efluente,20000,6,300,alto,nivel=alto,concentracion_PT_mg_l,27.700831,mg/L,adimensional,efluente_crudo,ESTIMACIÓN,[ESTIMACIÓN],,"resultado (carga / caudal), no parámetro"
efluente,20000,6,300,alto,,dqo_extra_por_sangre_no_recuperada_g_ave,0.0,g/ave,por_ave,efluente_crudo,ESTIMACIÓN,[ESTIMACIÓN] con DQO de sangre [PVDP],FTE-181,recuperación 0.85 vs referencia 0.85
efluente,20000,6,300,alto,,dqo_evitada_por_recuperar_sangre_kg_dia,598.642857,kg,dia_operativo,efluente_crudo,ESTIMACIÓN,[ESTIMACIÓN] con DQO de sangre [PVDP],FTE-181,orden de magnitud; no es una reducción medida
efluente,20000,6,300,alto,nivel=alto,caudal_efluente_m3_h_pico,132.366667,m³/h,hora,agua_descargada,SUPUESTO,[SUPUESTO] factor de pico,,dimensiona ecualización
efluente,20000,6,300,alto,nivel=alto,remocion_dqo_requerida_ilustrativa_pct,94.986111,%,adimensional,efluente_crudo,ESTIMACIÓN,[ESTIMACIÓN] con límite [PVDP],FTE-09C-08,"límite ilustrativo 250 mg/L (ADA 336/03, pluvial; a confirmar según sitio y cuerpo receptor)"
masa_evitable,20000,6,300,alto,,sangre_recuperada_t_dia,1.6762,t,dia_operativo,biologica+agua,ESTIMACIÓN,[ESTIMACIÓN] del balance v1.1,escenarios_escala.csv,"sangre recuperada por separado (85 %, SUP-040)"
masa_evitable,20000,6,300,alto,,plumas_t_dia,4.8256,t,dia_operativo,biologica+agua,ESTIMACIÓN,[ESTIMACIÓN] del balance v1.1,escenarios_escala.csv,plumas húmedas retiradas
masa_evitable,20000,6,300,alto,,visceras_t_dia,2.61,t,dia_operativo,biologica+agua,ESTIMACIÓN,[ESTIMACIÓN] del balance v1.1,escenarios_escala.csv,vísceras no comestibles
masa_evitable,20000,6,300,alto,,cabeza_t_dia,1.45,t,dia_operativo,biologica+agua,ESTIMACIÓN,[ESTIMACIÓN] del balance v1.1,escenarios_escala.csv,cabezas
masa_evitable,20000,6,300,alto,,solidos_a_retirar_t_dia,12.167052,t,dia_operativo,biologica+agua,ESTIMACIÓN,[ESTIMACIÓN] del balance v1.1,escenarios_escala.csv,total sólidos a retirar en seco (C + decomisos + contenido GI; NO sumar)
masa_evitable,20000,6,300,alto,,masa_a_efluente_o_perdida_t_dia,2.156486,t,dia_operativo,biologica+agua,ESTIMACIÓN,[ESTIMACIÓN] del balance v1.1,escenarios_escala.csv,"masa que el balance ya envía a efluente o pérdida (sangre no recuperada, cutícula, goteo, pérdidas)"
lodos,20000,6,300,alto,nivel=alto,lodo_daf_kg_ms_dia,1153.75,kg,dia_operativo,materia_seca,ESTIMACIÓN,[ESTIMACIÓN] con remociones [PVDP],"FTE-09C-05, FTE-09C-13",sólidos + grasas flotados + químicos
lodos,20000,6,300,alto,nivel=alto,lodo_daf_t_humedo_dia,11.5375,t,dia_operativo,lodo_humedo,ESTIMACIÓN,[ESTIMACIÓN] con % sólidos [PVDP],FTE-09C-13,
lodos,20000,6,300,alto,nivel=alto,dbo_al_tratamiento_biologico_kg_dia,1260.0,kg,dia_operativo,efluente_pretratado,ESTIMACIÓN,[ESTIMACIÓN],,después de DAF
lodos,20000,6,300,alto,nivel=alto,lodo_biologico_aerobio_kg_ms_dia,598.5,kg,dia_operativo,materia_seca,SUPUESTO,[ESTIMACIÓN] con rendimiento [SUPUESTO],,si el tratamiento fuera aerobio completo; anaerobio genera mucho menos lodo
lodos,20000,6,300,alto,nivel=alto,lodos_deshidratados_t_dia,11.681667,t,dia_operativo,lodo_humedo,SUPUESTO,[ESTIMACIÓN] con [SUPUESTO],,DAF + biológico deshidratados; disposición/valorización a definir
electricidad,20000,6,300,alto,nivel=alto,kwh_proceso_dia,26100.0,kWh,dia_operativo,energia_electrica,FUENTE,[ESTIMACIÓN] con indicador [PVDP],"UE 152–860 kWh/t faenada; Brasil 165 kWh/t; 1,19 MJ/kg = 330 kWh/t (FTE-09C-09, FTE-09C-03)","faena, proceso, enfriado fresco, aire, agua, servicios"
electricidad,20000,6,300,alto,nivel=alto,kwh_proceso_frio_de_proceso_agua_helada_hielo_dia,9135.0,kWh,dia_operativo,energia_electrica,SUPUESTO,[SUPUESTO] reparto ilustrativo,FTE-09C-09 (cualitativo),didáctico; no sumar con kwh_proceso_dia
electricidad,20000,6,300,alto,nivel=alto,kwh_proceso_motores_de_linea_y_transportadores_dia,5220.0,kWh,dia_operativo,energia_electrica,SUPUESTO,[SUPUESTO] reparto ilustrativo,FTE-09C-09 (cualitativo),didáctico; no sumar con kwh_proceso_dia
electricidad,20000,6,300,alto,nivel=alto,kwh_proceso_aire_comprimido_dia,2610.0,kWh,dia_operativo,energia_electrica,SUPUESTO,[SUPUESTO] reparto ilustrativo,FTE-09C-09 (cualitativo),didáctico; no sumar con kwh_proceso_dia
electricidad,20000,6,300,alto,nivel=alto,kwh_proceso_bombas_agua_y_efluentes_dia,2610.0,kWh,dia_operativo,energia_electrica,SUPUESTO,[SUPUESTO] reparto ilustrativo,FTE-09C-09 (cualitativo),didáctico; no sumar con kwh_proceso_dia
electricidad,20000,6,300,alto,nivel=alto,kwh_proceso_climatizacion_salas_dia,2088.0,kWh,dia_operativo,energia_electrica,SUPUESTO,[SUPUESTO] reparto ilustrativo,FTE-09C-09 (cualitativo),didáctico; no sumar con kwh_proceso_dia
electricidad,20000,6,300,alto,nivel=alto,kwh_proceso_iluminacion_dia,1827.0,kWh,dia_operativo,energia_electrica,SUPUESTO,[SUPUESTO] reparto ilustrativo,FTE-09C-09 (cualitativo),didáctico; no sumar con kwh_proceso_dia
electricidad,20000,6,300,alto,nivel=alto,kwh_proceso_oficinas_vestuarios_servicios_dia,1305.0,kWh,dia_operativo,energia_electrica,SUPUESTO,[SUPUESTO] reparto ilustrativo,FTE-09C-09 (cualitativo),didáctico; no sumar con kwh_proceso_dia
electricidad,20000,6,300,alto,nivel=alto,kwh_proceso_otros_dia,1305.0,kWh,dia_operativo,energia_electrica,SUPUESTO,[SUPUESTO] reparto ilustrativo,FTE-09C-09 (cualitativo),didáctico; no sumar con kwh_proceso_dia
inventario,20000,6,300,alto,,stock_refrigerado_t,129.410114,t,stock,comercial,ESTIMACIÓN,[ESTIMACIÓN],"SUP-055, SUP-056",base=dias_produccion; días=3; perfil=P1
inventario,20000,6,300,alto,,stock_congelado_t,67.101541,t,stock,comercial,ESTIMACIÓN,[ESTIMACIÓN],"SUP-055, SUP-056",base=dias_produccion; días=14; incluye exportación
congelado,20000,6,300,alto,,capacidad_congelacion_t_dia,4.792967,t,dia_operativo,comercial,ESTIMACIÓN,[ESTIMACIÓN],SUP-055,t que hay que congelar cada día de faena (túneles/IQF)
congelado,20000,6,300,alto,,capacidad_almacenamiento_congelado_t,67.101541,t,stock,comercial,ESTIMACIÓN,[ESTIMACIÓN],,t que hay que guardar (cámaras); NO es capacidad de congelación
congelado,20000,6,300,alto,nivel=alto,garras_a_congelar_t_dia_informativo,2.02104,t,dia_operativo,comercial,SUPUESTO,[SUPUESTO],,ya incluidas dentro del comestible: NO sumar al perfil
congelado,20000,6,300,alto,nivel=alto,menudencias_a_congelar_t_dia_informativo,2.18196,t,dia_operativo,comercial,SUPUESTO,[SUPUESTO],,ya incluidas dentro del comestible: NO sumar al perfil
congelado,20000,6,300,alto,nivel=alto,calor_a_extraer_congelacion_kj_kg,444.165,kJ/kg,adimensional,producto,ESTIMACIÓN,[ESTIMACIÓN] con propiedades [PVDP],FTE-09C-14,"de +4 °C a −18 °C, con pérdidas"
frio,20000,6,300,alto,nivel=alto,kw_frigorificos_enfriado_producto_fresco,672.678387,kW frigoríficos,potencia,frio,ESTIMACIÓN,[ESTIMACIÓN] con [SUPUESTO],,chiller + menudencias + salas/docks; durante 8 h netas
frio,20000,6,300,alto,nivel=alto,tr_enfriado_producto_fresco,191.264824,TR,potencia,frio,ESTIMACIÓN,[ESTIMACIÓN],,"1 TR = 3,517 kW frigoríficos"
frio,20000,6,300,alto,nivel=alto,kw_electricos_enfriado_producto_fresco,292.468864,kW eléctricos,potencia,energia_electrica,SUPUESTO,[ESTIMACIÓN] con COP [SUPUESTO],,kW eléctricos = kW frigoríficos / COP
frio,20000,6,300,alto,nivel=alto,kw_frigorificos_congelacion_tuneles,29.567615,kW frigoríficos,potencia,frio,ESTIMACIÓN,[ESTIMACIÓN] con [SUPUESTO],,durante 20 h/día
frio,20000,6,300,alto,nivel=alto,tr_congelacion_tuneles,8.407056,TR,potencia,frio,ESTIMACIÓN,[ESTIMACIÓN],,"1 TR = 3,517 kW frigoríficos"
frio,20000,6,300,alto,nivel=alto,kw_electricos_congelacion_tuneles,26.87965,kW eléctricos,potencia,energia_electrica,SUPUESTO,[ESTIMACIÓN] con COP [SUPUESTO],,kW eléctricos = kW frigoríficos / COP
frio,20000,6,300,alto,nivel=alto,kw_frigorificos_camaras_almacenamiento,40.181042,kW frigoríficos,potencia,frio,ESTIMACIÓN,[ESTIMACIÓN] con [SUPUESTO],,"24 h, 365 días; desde kWh/(t·día)"
frio,20000,6,300,alto,nivel=alto,tr_camaras_almacenamiento,11.424806,TR,potencia,frio,ESTIMACIÓN,[ESTIMACIÓN],,"1 TR = 3,517 kW frigoríficos"
frio,20000,6,300,alto,nivel=alto,kw_electricos_camaras_almacenamiento,24.763664,kW eléctricos,potencia,energia_electrica,SUPUESTO,[ESTIMACIÓN] con COP [SUPUESTO],,kW eléctricos = kW frigoríficos / COP
frio,20000,6,300,alto,nivel=alto,kj_frio_enfriado_por_ave,968.656877,kJ/ave,por_ave,frio,ESTIMACIÓN,[ESTIMACIÓN] con [SUPUESTO],FTE-09C-14,
electricidad,20000,6,300,alto,nivel=alto,kwh_congelacion_dia,1246.171472,kWh,dia_operativo,energia_electrica,FUENTE,[ESTIMACIÓN] con indicador [PVDP],120–260 kWh/t de ave congelada; 133 kWh/t (FTE-09C-10),
electricidad,20000,6,300,alto,nivel=alto,kwh_almacenamiento_frio_dia_calendario,594.327933,kWh,dia_calendario,energia_electrica,SUPUESTO,[ESTIMACIÓN] con [SUPUESTO],,las cámaras funcionan también sin faena
electricidad,20000,6,300,alto,nivel=alto,kwh_tratamiento_aerobio_dia,2394.0,kWh,dia_operativo,energia_electrica,SUPUESTO,[ESTIMACIÓN] con [SUPUESTO],,cota: si todo el biológico fuera aerobio
electricidad,20000,6,300,alto,nivel=alto,kwh_total_dia_operativo,30334.499405,kWh,dia_operativo,energia_electrica,ESTIMACIÓN,[ESTIMACIÓN],,proceso + congelado + aerobio + cámaras
electricidad,20000,6,300,alto,nivel=alto,kwh_total_anio,9138981.137072,kWh,anio,energia_electrica,ESTIMACIÓN,[ESTIMACIÓN],,cámaras × 365 días; resto × días de faena
electricidad,20000,6,300,alto,nivel=alto,kwh_por_ave_promedio_anual,1.523164,kWh/ave,por_ave,energia_electrica,ESTIMACIÓN,[ESTIMACIÓN],,
electricidad,20000,6,300,alto,nivel=alto,kw_potencia_media_operacion,2051.107952,kW,potencia,energia_electrica,ESTIMACIÓN,[ESTIMACIÓN],,proceso sobre 14 h + túneles + cámaras + efluentes
electricidad,20000,6,300,alto,nivel=alto,kw_potencia_pico_estimada,3542.536523,kW,potencia,energia_electrica,SUPUESTO,[ESTIMACIÓN] con factor de pico [SUPUESTO],,orden de magnitud para pedir potencia; no es diseño
termico,20000,6,300,alto,nivel=alto,calor_util_escaldado_mj_dia,22102.08,MJ,dia_operativo,energia_termica,ESTIMACIÓN,[ESTIMACIÓN] con temperaturas [PVDP]/[SUPUESTO],FTE-09C-11,
termico,20000,6,300,alto,nivel=alto,kw_termicos_escaldado,767.433333,kW térmicos,potencia,energia_termica,ESTIMACIÓN,[ESTIMACIÓN],,durante 8 h
termico,20000,6,300,alto,nivel=alto,calor_util_limpieza_mj_dia,18460.26,MJ,dia_operativo,energia_termica,ESTIMACIÓN,[ESTIMACIÓN] con temperaturas [PVDP]/[SUPUESTO],FTE-09C-11,
termico,20000,6,300,alto,nivel=alto,kw_termicos_limpieza,1281.9625,kW térmicos,potencia,energia_termica,ESTIMACIÓN,[ESTIMACIÓN],,durante 4 h
termico,20000,6,300,alto,nivel=alto,calor_util_sanitizacion_mj_dia,5625.984,MJ,dia_operativo,energia_termica,ESTIMACIÓN,[ESTIMACIÓN] con temperaturas [PVDP]/[SUPUESTO],FTE-09C-11,
termico,20000,6,300,alto,nivel=alto,kw_termicos_sanitizacion,130.231111,kW térmicos,potencia,energia_termica,ESTIMACIÓN,[ESTIMACIÓN],,durante 12 h
termico,20000,6,300,alto,nivel=alto,calor_util_mj_ave,2.309416,MJ/ave,por_ave,energia_termica,ESTIMACIÓN,[ESTIMACIÓN],,
termico,20000,6,300,alto,nivel=alto,energia_combustible_mj_dia,71058.96,MJ,dia_operativo,energia_termica,ESTIMACIÓN,[ESTIMACIÓN] con rendimiento [SUPUESTO],,
termico,20000,6,300,alto,nivel=alto,energia_combustible_kwh_dia,19738.6,kWh,dia_operativo,energia_termica,ESTIMACIÓN,[ESTIMACIÓN],,kWh TÉRMICOS (no eléctricos)
termico,20000,6,300,alto,nivel=alto,equivalente_gas_natural_m3_dia,1826.708483,m3,dia_operativo,energia_termica,SUPUESTO,[ESTIMACIÓN] con PCI [SUPUESTO],~9.300 kcal/m³ (a verificar con distribuidora),"equivalencia, no elección"
termico,20000,6,300,alto,nivel=alto,equivalente_glp_kg_dia,1544.76,kg,dia_operativo,energia_termica,SUPUESTO,[ESTIMACIÓN] con PCI [SUPUESTO],~11.000 kcal/kg,"equivalencia, no elección"
termico,20000,6,300,alto,nivel=alto,equivalente_biomasa_chip_kg_dia,5075.64,kg,dia_operativo,energia_termica,SUPUESTO,[ESTIMACIÓN] con PCI [SUPUESTO],chip de madera ~20–25 % humedad; muy variable,"equivalencia, no elección"
termico,20000,6,300,alto,nivel=alto,equivalente_electricidad_resistiva_kwh_dia,13091.928571,kWh,dia_operativo,energia_termica,SUPUESTO,[ESTIMACIÓN],,rendimiento 98 %; bomba de calor dividiría por su COP (limitada a ~60–70 °C)
respaldo,20000,6,300,alto,nivel=alto,kw_critico_camaras_frio,49.527328,kW,potencia,energia_electrica,SUPUESTO,[ESTIMACIÓN] con [SUPUESTO],,
respaldo,20000,6,300,alto,nivel=alto,kw_critico_efluentes_minimo,49.875,kW,potencia,energia_electrica,SUPUESTO,[ESTIMACIÓN] con [SUPUESTO],,
respaldo,20000,6,300,alto,nivel=alto,kw_critico_control_it_seguridad,67.114286,kW,potencia,energia_electrica,SUPUESTO,[ESTIMACIÓN] con [SUPUESTO],,
respaldo,20000,6,300,alto,nivel=alto,kw_critico_iluminacion_emergencia,33.557143,kW,potencia,energia_electrica,SUPUESTO,[ESTIMACIÓN] con [SUPUESTO],,
respaldo,20000,6,300,alto,nivel=alto,kw_critico_bombeo_agua_minimo,100.671429,kW,potencia,energia_electrica,SUPUESTO,[ESTIMACIÓN] con [SUPUESTO],,
respaldo,20000,6,300,alto,nivel=alto,kw_critico_anden_aves_ventilacion,67.114286,kW,potencia,energia_electrica,SUPUESTO,[ESTIMACIÓN] con [SUPUESTO],,
respaldo,20000,6,300,alto,nivel=alto,kw_respaldo_cargas_criticas,367.859471,kW,potencia,energia_electrica,SUPUESTO,[ESTIMACIÓN] con [SUPUESTO],,cámaras + control + emergencia + efluentes + agua + andén
respaldo,20000,6,300,alto,nivel=alto,kva_respaldo_cargas_criticas,459.824338,kVA,potencia,energia_electrica,SUPUESTO,[ESTIMACIÓN],,"fp 0,8"
respaldo,20000,6,300,alto,nivel=alto,kva_respaldo_planta_completa,4428.170654,kVA,potencia,energia_electrica,SUPUESTO,[ESTIMACIÓN],,si se quisiera sostener también la línea
perfil_frio,20000,6,300,alto,perfil=P2,capacidad_congelacion_t_dia,19.171869,t,dia_operativo,comercial,ESTIMACIÓN,[ESTIMACIÓN],SUP-055,t que hay que congelar cada día de faena (túneles/IQF)
perfil_frio,20000,6,300,alto,perfil=P2,capacidad_almacenamiento_congelado_t,268.406163,t,stock,comercial,ESTIMACIÓN,[ESTIMACIÓN],,t que hay que guardar (cámaras); NO es capacidad de congelación
perfil_frio,20000,6,300,alto,perfil=P2,stock_refrigerado_t,86.27341,t,stock,comercial,ESTIMACIÓN,[ESTIMACIÓN],"SUP-055, SUP-056",base=dias_produccion; días=3; perfil=P2
perfil_frio,20000,6,300,alto,perfil=P2,kw_frigorificos_congelacion_tuneles,118.27046,kW frigoríficos,potencia,frio,ESTIMACIÓN,[ESTIMACIÓN] con [SUPUESTO],,durante 20 h/día
perfil_frio,20000,6,300,alto,perfil=P2,kw_electricos_congelacion_tuneles,107.5186,kW eléctricos,potencia,energia_electrica,SUPUESTO,[ESTIMACIÓN] con COP [SUPUESTO],,kW eléctricos = kW frigoríficos / COP
perfil_frio,20000,6,300,alto,perfil=P2,kw_frigorificos_camaras_almacenamiento,78.045483,kW frigoríficos,potencia,frio,ESTIMACIÓN,[ESTIMACIÓN] con [SUPUESTO],,"24 h, 365 días; desde kWh/(t·día)"
perfil_frio,20000,6,300,alto,perfil=P2,kwh_congelacion_dia,4984.685888,kWh,dia_operativo,energia_electrica,FUENTE,[ESTIMACIÓN] con indicador [PVDP],120–260 kWh/t de ave congelada; 133 kWh/t (FTE-09C-10),
perfil_frio,20000,6,300,alto,perfil=P2,kwh_almacenamiento_frio_dia_calendario,1514.577635,kWh,dia_calendario,energia_electrica,SUPUESTO,[ESTIMACIÓN] con [SUPUESTO],,las cámaras funcionan también sin faena
perfil_frio,20000,6,300,alto,perfil=P2,kw_respaldo_cargas_criticas,444.546946,kW,potencia,energia_electrica,SUPUESTO,[ESTIMACIÓN] con [SUPUESTO],,cámaras + control + emergencia + efluentes + agua + andén
perfil_frio,20000,6,300,alto,perfil=P3,capacidad_congelacion_t_dia,23.964836,t,dia_operativo,comercial,ESTIMACIÓN,[ESTIMACIÓN],SUP-055,t que hay que congelar cada día de faena (túneles/IQF)
perfil_frio,20000,6,300,alto,perfil=P3,capacidad_almacenamiento_congelado_t,335.507704,t,stock,comercial,ESTIMACIÓN,[ESTIMACIÓN],,t que hay que guardar (cámaras); NO es capacidad de congelación
perfil_frio,20000,6,300,alto,perfil=P3,stock_refrigerado_t,71.894508,t,stock,comercial,ESTIMACIÓN,[ESTIMACIÓN],"SUP-055, SUP-056",base=dias_produccion; días=3; perfil=P3
perfil_frio,20000,6,300,alto,perfil=P3,kw_frigorificos_congelacion_tuneles,147.838075,kW frigoríficos,potencia,frio,ESTIMACIÓN,[ESTIMACIÓN] con [SUPUESTO],,durante 20 h/día
perfil_frio,20000,6,300,alto,perfil=P3,kw_electricos_congelacion_tuneles,134.39825,kW eléctricos,potencia,energia_electrica,SUPUESTO,[ESTIMACIÓN] con COP [SUPUESTO],,kW eléctricos = kW frigoríficos / COP
perfil_frio,20000,6,300,alto,perfil=P3,kw_frigorificos_camaras_almacenamiento,90.666963,kW frigoríficos,potencia,frio,ESTIMACIÓN,[ESTIMACIÓN] con [SUPUESTO],,"24 h, 365 días; desde kWh/(t·día)"
perfil_frio,20000,6,300,alto,perfil=P3,kwh_congelacion_dia,6230.85736,kWh,dia_operativo,energia_electrica,FUENTE,[ESTIMACIÓN] con indicador [PVDP],120–260 kWh/t de ave congelada; 133 kWh/t (FTE-09C-10),
perfil_frio,20000,6,300,alto,perfil=P3,kwh_almacenamiento_frio_dia_calendario,1821.327536,kWh,dia_calendario,energia_electrica,SUPUESTO,[ESTIMACIÓN] con [SUPUESTO],,las cámaras funcionan también sin faena
perfil_frio,20000,6,300,alto,perfil=P3,kw_respaldo_cargas_criticas,470.109438,kW,potencia,energia_electrica,SUPUESTO,[ESTIMACIÓN] con [SUPUESTO],,cámaras + control + emergencia + efluentes + agua + andén
inventario,20000,6,300,-,base_temporal=dias_produccion; dias=1,comestible_total_t,47.929672,t,stock,comercial,ESTIMACIÓN,[ESTIMACIÓN],"SUP-055, SUP-056; = escenarios_escala.csv",días de producción
inventario,20000,6,300,-,base_temporal=dias_produccion; dias=1; perfil_destino=P1,refrigerado_t,43.136705,t,stock,comercial,ESTIMACIÓN,[ESTIMACIÓN],"SUP-055, SUP-056; = escenarios_escala.csv",días de producción
inventario,20000,6,300,-,base_temporal=dias_produccion; dias=1; perfil_destino=P1,congelado_t,4.792967,t,stock,comercial,ESTIMACIÓN,[ESTIMACIÓN],"SUP-055, SUP-056; = escenarios_escala.csv",días de producción
inventario,20000,6,300,-,base_temporal=dias_produccion; dias=1; perfil_destino=P1,exportacion_t,0.0,t,stock,comercial,ESTIMACIÓN,[ESTIMACIÓN],"SUP-055, SUP-056; = escenarios_escala.csv",días de producción
inventario,20000,6,300,-,base_temporal=dias_produccion; dias=1; perfil_destino=P2,refrigerado_t,28.757803,t,stock,comercial,ESTIMACIÓN,[ESTIMACIÓN],"SUP-055, SUP-056; = escenarios_escala.csv",días de producción
inventario,20000,6,300,-,base_temporal=dias_produccion; dias=1; perfil_destino=P2,congelado_t,19.171869,t,stock,comercial,ESTIMACIÓN,[ESTIMACIÓN],"SUP-055, SUP-056; = escenarios_escala.csv",días de producción
inventario,20000,6,300,-,base_temporal=dias_produccion; dias=1; perfil_destino=P2,exportacion_t,0.0,t,stock,comercial,ESTIMACIÓN,[ESTIMACIÓN],"SUP-055, SUP-056; = escenarios_escala.csv",días de producción
inventario,20000,6,300,-,base_temporal=dias_produccion; dias=1; perfil_destino=P3,refrigerado_t,23.964836,t,stock,comercial,ESTIMACIÓN,[ESTIMACIÓN],"SUP-055, SUP-056; = escenarios_escala.csv",días de producción
inventario,20000,6,300,-,base_temporal=dias_produccion; dias=1; perfil_destino=P3,congelado_t,14.378902,t,stock,comercial,ESTIMACIÓN,[ESTIMACIÓN],"SUP-055, SUP-056; = escenarios_escala.csv",días de producción
inventario,20000,6,300,-,base_temporal=dias_produccion; dias=1; perfil_destino=P3,exportacion_t,9.585934,t,stock,comercial,ESTIMACIÓN,[ESTIMACIÓN],"SUP-055, SUP-056; = escenarios_escala.csv",días de producción
inventario,20000,6,300,-,base_temporal=dias_produccion; dias=3,comestible_total_t,143.789016,t,stock,comercial,ESTIMACIÓN,[ESTIMACIÓN],"SUP-055, SUP-056; = escenarios_escala.csv",días de producción
inventario,20000,6,300,-,base_temporal=dias_produccion; dias=3; perfil_destino=P1,refrigerado_t,129.410114,t,stock,comercial,ESTIMACIÓN,[ESTIMACIÓN],"SUP-055, SUP-056; = escenarios_escala.csv",días de producción
inventario,20000,6,300,-,base_temporal=dias_produccion; dias=3; perfil_destino=P1,congelado_t,14.378902,t,stock,comercial,ESTIMACIÓN,[ESTIMACIÓN],"SUP-055, SUP-056; = escenarios_escala.csv",días de producción
inventario,20000,6,300,-,base_temporal=dias_produccion; dias=3; perfil_destino=P1,exportacion_t,0.0,t,stock,comercial,ESTIMACIÓN,[ESTIMACIÓN],"SUP-055, SUP-056; = escenarios_escala.csv",días de producción
inventario,20000,6,300,-,base_temporal=dias_produccion; dias=3; perfil_destino=P2,refrigerado_t,86.27341,t,stock,comercial,ESTIMACIÓN,[ESTIMACIÓN],"SUP-055, SUP-056; = escenarios_escala.csv",días de producción
inventario,20000,6,300,-,base_temporal=dias_produccion; dias=3; perfil_destino=P2,congelado_t,57.515606,t,stock,comercial,ESTIMACIÓN,[ESTIMACIÓN],"SUP-055, SUP-056; = escenarios_escala.csv",días de producción
inventario,20000,6,300,-,base_temporal=dias_produccion; dias=3; perfil_destino=P2,exportacion_t,0.0,t,stock,comercial,ESTIMACIÓN,[ESTIMACIÓN],"SUP-055, SUP-056; = escenarios_escala.csv",días de producción
inventario,20000,6,300,-,base_temporal=dias_produccion; dias=3; perfil_destino=P3,refrigerado_t,71.894508,t,stock,comercial,ESTIMACIÓN,[ESTIMACIÓN],"SUP-055, SUP-056; = escenarios_escala.csv",días de producción
inventario,20000,6,300,-,base_temporal=dias_produccion; dias=3; perfil_destino=P3,congelado_t,43.136705,t,stock,comercial,ESTIMACIÓN,[ESTIMACIÓN],"SUP-055, SUP-056; = escenarios_escala.csv",días de producción
inventario,20000,6,300,-,base_temporal=dias_produccion; dias=3; perfil_destino=P3,exportacion_t,28.757803,t,stock,comercial,ESTIMACIÓN,[ESTIMACIÓN],"SUP-055, SUP-056; = escenarios_escala.csv",días de producción
inventario,20000,6,300,-,base_temporal=dias_produccion; dias=7,comestible_total_t,335.507704,t,stock,comercial,ESTIMACIÓN,[ESTIMACIÓN],"SUP-055, SUP-056; = escenarios_escala.csv",días de producción
inventario,20000,6,300,-,base_temporal=dias_produccion; dias=7; perfil_destino=P1,refrigerado_t,301.956934,t,stock,comercial,ESTIMACIÓN,[ESTIMACIÓN],"SUP-055, SUP-056; = escenarios_escala.csv",días de producción
inventario,20000,6,300,-,base_temporal=dias_produccion; dias=7; perfil_destino=P1,congelado_t,33.55077,t,stock,comercial,ESTIMACIÓN,[ESTIMACIÓN],"SUP-055, SUP-056; = escenarios_escala.csv",días de producción
inventario,20000,6,300,-,base_temporal=dias_produccion; dias=7; perfil_destino=P1,exportacion_t,0.0,t,stock,comercial,ESTIMACIÓN,[ESTIMACIÓN],"SUP-055, SUP-056; = escenarios_escala.csv",días de producción
inventario,20000,6,300,-,base_temporal=dias_produccion; dias=7; perfil_destino=P2,refrigerado_t,201.304622,t,stock,comercial,ESTIMACIÓN,[ESTIMACIÓN],"SUP-055, SUP-056; = escenarios_escala.csv",días de producción
inventario,20000,6,300,-,base_temporal=dias_produccion; dias=7; perfil_destino=P2,congelado_t,134.203082,t,stock,comercial,ESTIMACIÓN,[ESTIMACIÓN],"SUP-055, SUP-056; = escenarios_escala.csv",días de producción
inventario,20000,6,300,-,base_temporal=dias_produccion; dias=7; perfil_destino=P2,exportacion_t,0.0,t,stock,comercial,ESTIMACIÓN,[ESTIMACIÓN],"SUP-055, SUP-056; = escenarios_escala.csv",días de producción
inventario,20000,6,300,-,base_temporal=dias_produccion; dias=7; perfil_destino=P3,refrigerado_t,167.753852,t,stock,comercial,ESTIMACIÓN,[ESTIMACIÓN],"SUP-055, SUP-056; = escenarios_escala.csv",días de producción
inventario,20000,6,300,-,base_temporal=dias_produccion; dias=7; perfil_destino=P3,congelado_t,100.652311,t,stock,comercial,ESTIMACIÓN,[ESTIMACIÓN],"SUP-055, SUP-056; = escenarios_escala.csv",días de producción
inventario,20000,6,300,-,base_temporal=dias_produccion; dias=7; perfil_destino=P3,exportacion_t,67.101541,t,stock,comercial,ESTIMACIÓN,[ESTIMACIÓN],"SUP-055, SUP-056; = escenarios_escala.csv",días de producción
inventario,20000,6,300,-,base_temporal=dias_produccion; dias=14,comestible_total_t,671.015408,t,stock,comercial,ESTIMACIÓN,[ESTIMACIÓN],"SUP-055, SUP-056; = escenarios_escala.csv",días de producción
inventario,20000,6,300,-,base_temporal=dias_produccion; dias=14; perfil_destino=P1,refrigerado_t,603.913867,t,stock,comercial,ESTIMACIÓN,[ESTIMACIÓN],"SUP-055, SUP-056; = escenarios_escala.csv",días de producción
inventario,20000,6,300,-,base_temporal=dias_produccion; dias=14; perfil_destino=P1,congelado_t,67.101541,t,stock,comercial,ESTIMACIÓN,[ESTIMACIÓN],"SUP-055, SUP-056; = escenarios_escala.csv",días de producción
inventario,20000,6,300,-,base_temporal=dias_produccion; dias=14; perfil_destino=P1,exportacion_t,0.0,t,stock,comercial,ESTIMACIÓN,[ESTIMACIÓN],"SUP-055, SUP-056; = escenarios_escala.csv",días de producción
inventario,20000,6,300,-,base_temporal=dias_produccion; dias=14; perfil_destino=P2,refrigerado_t,402.609245,t,stock,comercial,ESTIMACIÓN,[ESTIMACIÓN],"SUP-055, SUP-056; = escenarios_escala.csv",días de producción
inventario,20000,6,300,-,base_temporal=dias_produccion; dias=14; perfil_destino=P2,congelado_t,268.406163,t,stock,comercial,ESTIMACIÓN,[ESTIMACIÓN],"SUP-055, SUP-056; = escenarios_escala.csv",días de producción
inventario,20000,6,300,-,base_temporal=dias_produccion; dias=14; perfil_destino=P2,exportacion_t,0.0,t,stock,comercial,ESTIMACIÓN,[ESTIMACIÓN],"SUP-055, SUP-056; = escenarios_escala.csv",días de producción
inventario,20000,6,300,-,base_temporal=dias_produccion; dias=14; perfil_destino=P3,refrigerado_t,335.507704,t,stock,comercial,ESTIMACIÓN,[ESTIMACIÓN],"SUP-055, SUP-056; = escenarios_escala.csv",días de producción
inventario,20000,6,300,-,base_temporal=dias_produccion; dias=14; perfil_destino=P3,congelado_t,201.304622,t,stock,comercial,ESTIMACIÓN,[ESTIMACIÓN],"SUP-055, SUP-056; = escenarios_escala.csv",días de producción
inventario,20000,6,300,-,base_temporal=dias_produccion; dias=14; perfil_destino=P3,exportacion_t,134.203082,t,stock,comercial,ESTIMACIÓN,[ESTIMACIÓN],"SUP-055, SUP-056; = escenarios_escala.csv",días de producción
inventario,20000,6,300,-,base_temporal=dias_calendario; dias=1,comestible_total_t,39.394251,t,stock,comercial,ESTIMACIÓN,[ESTIMACIÓN],"SUP-055, SUP-056; = escenarios_escala.csv",días calendario de cobertura (× días op./365)
inventario,20000,6,300,-,base_temporal=dias_calendario; dias=1; perfil_destino=P1,refrigerado_t,35.454826,t,stock,comercial,ESTIMACIÓN,[ESTIMACIÓN],"SUP-055, SUP-056; = escenarios_escala.csv",días calendario de cobertura (× días op./365)
inventario,20000,6,300,-,base_temporal=dias_calendario; dias=1; perfil_destino=P1,congelado_t,3.939425,t,stock,comercial,ESTIMACIÓN,[ESTIMACIÓN],"SUP-055, SUP-056; = escenarios_escala.csv",días calendario de cobertura (× días op./365)
inventario,20000,6,300,-,base_temporal=dias_calendario; dias=1; perfil_destino=P1,exportacion_t,0.0,t,stock,comercial,ESTIMACIÓN,[ESTIMACIÓN],"SUP-055, SUP-056; = escenarios_escala.csv",días calendario de cobertura (× días op./365)
inventario,20000,6,300,-,base_temporal=dias_calendario; dias=1; perfil_destino=P2,refrigerado_t,23.636551,t,stock,comercial,ESTIMACIÓN,[ESTIMACIÓN],"SUP-055, SUP-056; = escenarios_escala.csv",días calendario de cobertura (× días op./365)
inventario,20000,6,300,-,base_temporal=dias_calendario; dias=1; perfil_destino=P2,congelado_t,15.7577,t,stock,comercial,ESTIMACIÓN,[ESTIMACIÓN],"SUP-055, SUP-056; = escenarios_escala.csv",días calendario de cobertura (× días op./365)
inventario,20000,6,300,-,base_temporal=dias_calendario; dias=1; perfil_destino=P2,exportacion_t,0.0,t,stock,comercial,ESTIMACIÓN,[ESTIMACIÓN],"SUP-055, SUP-056; = escenarios_escala.csv",días calendario de cobertura (× días op./365)
inventario,20000,6,300,-,base_temporal=dias_calendario; dias=1; perfil_destino=P3,refrigerado_t,19.697125,t,stock,comercial,ESTIMACIÓN,[ESTIMACIÓN],"SUP-055, SUP-056; = escenarios_escala.csv",días calendario de cobertura (× días op./365)
inventario,20000,6,300,-,base_temporal=dias_calendario; dias=1; perfil_destino=P3,congelado_t,11.818275,t,stock,comercial,ESTIMACIÓN,[ESTIMACIÓN],"SUP-055, SUP-056; = escenarios_escala.csv",días calendario de cobertura (× días op./365)
inventario,20000,6,300,-,base_temporal=dias_calendario; dias=1; perfil_destino=P3,exportacion_t,7.87885,t,stock,comercial,ESTIMACIÓN,[ESTIMACIÓN],"SUP-055, SUP-056; = escenarios_escala.csv",días calendario de cobertura (× días op./365)
inventario,20000,6,300,-,base_temporal=dias_calendario; dias=3,comestible_total_t,118.182753,t,stock,comercial,ESTIMACIÓN,[ESTIMACIÓN],"SUP-055, SUP-056; = escenarios_escala.csv",días calendario de cobertura (× días op./365)
inventario,20000,6,300,-,base_temporal=dias_calendario; dias=3; perfil_destino=P1,refrigerado_t,106.364478,t,stock,comercial,ESTIMACIÓN,[ESTIMACIÓN],"SUP-055, SUP-056; = escenarios_escala.csv",días calendario de cobertura (× días op./365)
inventario,20000,6,300,-,base_temporal=dias_calendario; dias=3; perfil_destino=P1,congelado_t,11.818275,t,stock,comercial,ESTIMACIÓN,[ESTIMACIÓN],"SUP-055, SUP-056; = escenarios_escala.csv",días calendario de cobertura (× días op./365)
inventario,20000,6,300,-,base_temporal=dias_calendario; dias=3; perfil_destino=P1,exportacion_t,0.0,t,stock,comercial,ESTIMACIÓN,[ESTIMACIÓN],"SUP-055, SUP-056; = escenarios_escala.csv",días calendario de cobertura (× días op./365)
inventario,20000,6,300,-,base_temporal=dias_calendario; dias=3; perfil_destino=P2,refrigerado_t,70.909652,t,stock,comercial,ESTIMACIÓN,[ESTIMACIÓN],"SUP-055, SUP-056; = escenarios_escala.csv",días calendario de cobertura (× días op./365)
inventario,20000,6,300,-,base_temporal=dias_calendario; dias=3; perfil_destino=P2,congelado_t,47.273101,t,stock,comercial,ESTIMACIÓN,[ESTIMACIÓN],"SUP-055, SUP-056; = escenarios_escala.csv",días calendario de cobertura (× días op./365)
inventario,20000,6,300,-,base_temporal=dias_calendario; dias=3; perfil_destino=P2,exportacion_t,0.0,t,stock,comercial,ESTIMACIÓN,[ESTIMACIÓN],"SUP-055, SUP-056; = escenarios_escala.csv",días calendario de cobertura (× días op./365)
inventario,20000,6,300,-,base_temporal=dias_calendario; dias=3; perfil_destino=P3,refrigerado_t,59.091376,t,stock,comercial,ESTIMACIÓN,[ESTIMACIÓN],"SUP-055, SUP-056; = escenarios_escala.csv",días calendario de cobertura (× días op./365)
inventario,20000,6,300,-,base_temporal=dias_calendario; dias=3; perfil_destino=P3,congelado_t,35.454826,t,stock,comercial,ESTIMACIÓN,[ESTIMACIÓN],"SUP-055, SUP-056; = escenarios_escala.csv",días calendario de cobertura (× días op./365)
inventario,20000,6,300,-,base_temporal=dias_calendario; dias=3; perfil_destino=P3,exportacion_t,23.636551,t,stock,comercial,ESTIMACIÓN,[ESTIMACIÓN],"SUP-055, SUP-056; = escenarios_escala.csv",días calendario de cobertura (× días op./365)
inventario,20000,6,300,-,base_temporal=dias_calendario; dias=7,comestible_total_t,275.759757,t,stock,comercial,ESTIMACIÓN,[ESTIMACIÓN],"SUP-055, SUP-056; = escenarios_escala.csv",días calendario de cobertura (× días op./365)
inventario,20000,6,300,-,base_temporal=dias_calendario; dias=7; perfil_destino=P1,refrigerado_t,248.183781,t,stock,comercial,ESTIMACIÓN,[ESTIMACIÓN],"SUP-055, SUP-056; = escenarios_escala.csv",días calendario de cobertura (× días op./365)
inventario,20000,6,300,-,base_temporal=dias_calendario; dias=7; perfil_destino=P1,congelado_t,27.575976,t,stock,comercial,ESTIMACIÓN,[ESTIMACIÓN],"SUP-055, SUP-056; = escenarios_escala.csv",días calendario de cobertura (× días op./365)
inventario,20000,6,300,-,base_temporal=dias_calendario; dias=7; perfil_destino=P1,exportacion_t,0.0,t,stock,comercial,ESTIMACIÓN,[ESTIMACIÓN],"SUP-055, SUP-056; = escenarios_escala.csv",días calendario de cobertura (× días op./365)
inventario,20000,6,300,-,base_temporal=dias_calendario; dias=7; perfil_destino=P2,refrigerado_t,165.455854,t,stock,comercial,ESTIMACIÓN,[ESTIMACIÓN],"SUP-055, SUP-056; = escenarios_escala.csv",días calendario de cobertura (× días op./365)
inventario,20000,6,300,-,base_temporal=dias_calendario; dias=7; perfil_destino=P2,congelado_t,110.303903,t,stock,comercial,ESTIMACIÓN,[ESTIMACIÓN],"SUP-055, SUP-056; = escenarios_escala.csv",días calendario de cobertura (× días op./365)
inventario,20000,6,300,-,base_temporal=dias_calendario; dias=7; perfil_destino=P2,exportacion_t,0.0,t,stock,comercial,ESTIMACIÓN,[ESTIMACIÓN],"SUP-055, SUP-056; = escenarios_escala.csv",días calendario de cobertura (× días op./365)
inventario,20000,6,300,-,base_temporal=dias_calendario; dias=7; perfil_destino=P3,refrigerado_t,137.879878,t,stock,comercial,ESTIMACIÓN,[ESTIMACIÓN],"SUP-055, SUP-056; = escenarios_escala.csv",días calendario de cobertura (× días op./365)
inventario,20000,6,300,-,base_temporal=dias_calendario; dias=7; perfil_destino=P3,congelado_t,82.727927,t,stock,comercial,ESTIMACIÓN,[ESTIMACIÓN],"SUP-055, SUP-056; = escenarios_escala.csv",días calendario de cobertura (× días op./365)
inventario,20000,6,300,-,base_temporal=dias_calendario; dias=7; perfil_destino=P3,exportacion_t,55.151951,t,stock,comercial,ESTIMACIÓN,[ESTIMACIÓN],"SUP-055, SUP-056; = escenarios_escala.csv",días calendario de cobertura (× días op./365)
inventario,20000,6,300,-,base_temporal=dias_calendario; dias=14,comestible_total_t,551.519513,t,stock,comercial,ESTIMACIÓN,[ESTIMACIÓN],"SUP-055, SUP-056; = escenarios_escala.csv",días calendario de cobertura (× días op./365)
inventario,20000,6,300,-,base_temporal=dias_calendario; dias=14; perfil_destino=P1,refrigerado_t,496.367562,t,stock,comercial,ESTIMACIÓN,[ESTIMACIÓN],"SUP-055, SUP-056; = escenarios_escala.csv",días calendario de cobertura (× días op./365)
inventario,20000,6,300,-,base_temporal=dias_calendario; dias=14; perfil_destino=P1,congelado_t,55.151951,t,stock,comercial,ESTIMACIÓN,[ESTIMACIÓN],"SUP-055, SUP-056; = escenarios_escala.csv",días calendario de cobertura (× días op./365)
inventario,20000,6,300,-,base_temporal=dias_calendario; dias=14; perfil_destino=P1,exportacion_t,0.0,t,stock,comercial,ESTIMACIÓN,[ESTIMACIÓN],"SUP-055, SUP-056; = escenarios_escala.csv",días calendario de cobertura (× días op./365)
inventario,20000,6,300,-,base_temporal=dias_calendario; dias=14; perfil_destino=P2,refrigerado_t,330.911708,t,stock,comercial,ESTIMACIÓN,[ESTIMACIÓN],"SUP-055, SUP-056; = escenarios_escala.csv",días calendario de cobertura (× días op./365)
inventario,20000,6,300,-,base_temporal=dias_calendario; dias=14; perfil_destino=P2,congelado_t,220.607805,t,stock,comercial,ESTIMACIÓN,[ESTIMACIÓN],"SUP-055, SUP-056; = escenarios_escala.csv",días calendario de cobertura (× días op./365)
inventario,20000,6,300,-,base_temporal=dias_calendario; dias=14; perfil_destino=P2,exportacion_t,0.0,t,stock,comercial,ESTIMACIÓN,[ESTIMACIÓN],"SUP-055, SUP-056; = escenarios_escala.csv",días calendario de cobertura (× días op./365)
inventario,20000,6,300,-,base_temporal=dias_calendario; dias=14; perfil_destino=P3,refrigerado_t,275.759757,t,stock,comercial,ESTIMACIÓN,[ESTIMACIÓN],"SUP-055, SUP-056; = escenarios_escala.csv",días calendario de cobertura (× días op./365)
inventario,20000,6,300,-,base_temporal=dias_calendario; dias=14; perfil_destino=P3,congelado_t,165.455854,t,stock,comercial,ESTIMACIÓN,[ESTIMACIÓN],"SUP-055, SUP-056; = escenarios_escala.csv",días calendario de cobertura (× días op./365)
inventario,20000,6,300,-,base_temporal=dias_calendario; dias=14; perfil_destino=P3,exportacion_t,110.303903,t,stock,comercial,ESTIMACIÓN,[ESTIMACIÓN],"SUP-055, SUP-056; = escenarios_escala.csv",días calendario de cobertura (× días op./365)
parametros,0,0,0,bajo,,param_agua_recepcion_l_ave,0.5,L/ave,por_ave,agua_utilizada,SUPUESTO,[SUPUESTO],sin fuente por ave; DPV propuesto,"Recepción: lavado de jaulas/módulos, camiones y andén"
parametros,0,0,0,medio,,param_agua_recepcion_l_ave,1.0,L/ave,por_ave,agua_utilizada,SUPUESTO,[SUPUESTO],sin fuente por ave; DPV propuesto,"Recepción: lavado de jaulas/módulos, camiones y andén"
parametros,0,0,0,alto,,param_agua_recepcion_l_ave,2.0,L/ave,por_ave,agua_utilizada,SUPUESTO,[SUPUESTO],sin fuente por ave; DPV propuesto,"Recepción: lavado de jaulas/módulos, camiones y andén"
parametros,0,0,0,bajo,,param_agua_escaldado_l_ave,0.9,L/ave,por_ave,agua_utilizada,FUENTE,[FUENTE] [PVDP],"mín. ~1 cuarto de galón (0,95 L)/ave (FTE-09C-11, FTE-09C-18)","Escaldado: llenado, reposición y desborde"
parametros,0,0,0,medio,,param_agua_escaldado_l_ave,1.2,L/ave,por_ave,agua_utilizada,FUENTE,[FUENTE] [PVDP],"mín. ~1 cuarto de galón (0,95 L)/ave (FTE-09C-11, FTE-09C-18)","Escaldado: llenado, reposición y desborde"
parametros,0,0,0,alto,,param_agua_escaldado_l_ave,2.0,L/ave,por_ave,agua_utilizada,FUENTE,[FUENTE] [PVDP],"mín. ~1 cuarto de galón (0,95 L)/ave (FTE-09C-11, FTE-09C-18)","Escaldado: llenado, reposición y desborde"
parametros,0,0,0,bajo,,param_agua_desplumado_l_ave,1.0,L/ave,por_ave,agua_utilizada,SUPUESTO,[SUPUESTO],incluido en totales de FTE-09C-01/02,Desplumado: duchas y transporte de plumas
parametros,0,0,0,medio,,param_agua_desplumado_l_ave,2.0,L/ave,por_ave,agua_utilizada,SUPUESTO,[SUPUESTO],incluido en totales de FTE-09C-01/02,Desplumado: duchas y transporte de plumas
parametros,0,0,0,alto,,param_agua_desplumado_l_ave,3.5,L/ave,por_ave,agua_utilizada,SUPUESTO,[SUPUESTO],incluido en totales de FTE-09C-01/02,Desplumado: duchas y transporte de plumas
parametros,0,0,0,bajo,,param_agua_evisceracion_l_ave,4.0,L/ave,por_ave,agua_utilizada,FUENTE,[FUENTE] [PVDP],"7,57 L/ave (FTE-09C-01)",Evisceración: lavados interior/exterior y transporte hidráulico de vísceras
parametros,0,0,0,medio,,param_agua_evisceracion_l_ave,6.0,L/ave,por_ave,agua_utilizada,FUENTE,[FUENTE] [PVDP],"7,57 L/ave (FTE-09C-01)",Evisceración: lavados interior/exterior y transporte hidráulico de vísceras
parametros,0,0,0,alto,,param_agua_evisceracion_l_ave,8.0,L/ave,por_ave,agua_utilizada,FUENTE,[FUENTE] [PVDP],"7,57 L/ave (FTE-09C-01)",Evisceración: lavados interior/exterior y transporte hidráulico de vísceras
parametros,0,0,0,bajo,,param_agua_lavado_l_ave,1.5,L/ave,por_ave,agua_utilizada,FUENTE,[FUENTE] [PVDP],"4,25–4,35 L/ave (FTE-09C-01)",Lavado final de carcasas
parametros,0,0,0,medio,,param_agua_lavado_l_ave,3.0,L/ave,por_ave,agua_utilizada,FUENTE,[FUENTE] [PVDP],"4,25–4,35 L/ave (FTE-09C-01)",Lavado final de carcasas
parametros,0,0,0,alto,,param_agua_lavado_l_ave,4.5,L/ave,por_ave,agua_utilizada,FUENTE,[FUENTE] [PVDP],"4,25–4,35 L/ave (FTE-09C-01)",Lavado final de carcasas
parametros,0,0,0,bajo,,param_agua_chiller_l_ave,1.9,L/ave,por_ave,agua_utilizada,FUENTE,[FUENTE] [PVDP],"mín. 0,5 gal = 1,9 L/ave; típico 2,8–5,7 L/ave (FTE-09C-18); 2,12 L/ave (FTE-09C-01)",Chiller: reposición de agua (contracorriente)
parametros,0,0,0,medio,,param_agua_chiller_l_ave,2.8,L/ave,por_ave,agua_utilizada,FUENTE,[FUENTE] [PVDP],"mín. 0,5 gal = 1,9 L/ave; típico 2,8–5,7 L/ave (FTE-09C-18); 2,12 L/ave (FTE-09C-01)",Chiller: reposición de agua (contracorriente)
parametros,0,0,0,alto,,param_agua_chiller_l_ave,4.5,L/ave,por_ave,agua_utilizada,FUENTE,[FUENTE] [PVDP],"mín. 0,5 gal = 1,9 L/ave; típico 2,8–5,7 L/ave (FTE-09C-18); 2,12 L/ave (FTE-09C-01)",Chiller: reposición de agua (contracorriente)
parametros,0,0,0,bajo,,param_agua_despiece_l_ave,0.5,L/ave,por_ave,agua_utilizada,FUENTE,[FUENTE] [PVDP],"3,03 L/ave (FTE-09C-01)",Sala de despiece y deshuese
parametros,0,0,0,medio,,param_agua_despiece_l_ave,1.0,L/ave,por_ave,agua_utilizada,FUENTE,[FUENTE] [PVDP],"3,03 L/ave (FTE-09C-01)",Sala de despiece y deshuese
parametros,0,0,0,alto,,param_agua_despiece_l_ave,2.0,L/ave,por_ave,agua_utilizada,FUENTE,[FUENTE] [PVDP],"3,03 L/ave (FTE-09C-01)",Sala de despiece y deshuese
parametros,0,0,0,bajo,,param_agua_limpieza_l_ave,3.0,L/ave,por_ave,agua_utilizada,FUENTE,[FUENTE] [PVDP],"1,5–3 gal = 5,7–11,4 L/ave saneamiento + 0,9–3,8 L equipos (FTE-09C-01)",Limpieza de equipos y salas (fin de turno)
parametros,0,0,0,medio,,param_agua_limpieza_l_ave,5.0,L/ave,por_ave,agua_utilizada,FUENTE,[FUENTE] [PVDP],"1,5–3 gal = 5,7–11,4 L/ave saneamiento + 0,9–3,8 L equipos (FTE-09C-01)",Limpieza de equipos y salas (fin de turno)
parametros,0,0,0,alto,,param_agua_limpieza_l_ave,7.5,L/ave,por_ave,agua_utilizada,FUENTE,[FUENTE] [PVDP],"1,5–3 gal = 5,7–11,4 L/ave saneamiento + 0,9–3,8 L equipos (FTE-09C-01)",Limpieza de equipos y salas (fin de turno)
parametros,0,0,0,bajo,,param_agua_sanitizacion_l_ave,0.7,L/ave,por_ave,agua_utilizada,SUPUESTO,[SUPUESTO],sin fuente separada,"Sanitización: esterilizadores, lavamanos, pediluvios, enjuagues"
parametros,0,0,0,medio,,param_agua_sanitizacion_l_ave,1.0,L/ave,por_ave,agua_utilizada,SUPUESTO,[SUPUESTO],sin fuente separada,"Sanitización: esterilizadores, lavamanos, pediluvios, enjuagues"
parametros,0,0,0,alto,,param_agua_sanitizacion_l_ave,1.5,L/ave,por_ave,agua_utilizada,SUPUESTO,[SUPUESTO],sin fuente separada,"Sanitización: esterilizadores, lavamanos, pediluvios, enjuagues"
parametros,0,0,0,bajo,,param_agua_auxiliares_l_ave,1.0,L/ave,por_ave,agua_utilizada,SUPUESTO,[SUPUESTO],sin fuente separada,"Servicios auxiliares: caldera, condensadores evaporativos, vestuarios, comedor"
parametros,0,0,0,medio,,param_agua_auxiliares_l_ave,2.0,L/ave,por_ave,agua_utilizada,SUPUESTO,[SUPUESTO],sin fuente separada,"Servicios auxiliares: caldera, condensadores evaporativos, vestuarios, comedor"
parametros,0,0,0,alto,,param_agua_auxiliares_l_ave,2.5,L/ave,por_ave,agua_utilizada,SUPUESTO,[SUPUESTO],sin fuente separada,"Servicios auxiliares: caldera, condensadores evaporativos, vestuarios, comedor"
parametros,0,0,0,bajo,,param_carga_DQO_g_ave,50.0,g/ave,por_ave,efluente_crudo,ESTIMACIÓN,[ESTIMACIÓN] con rangos [PVDP],FTE-181; FTE-09C-05,
parametros,0,0,0,medio,,param_carga_DQO_g_ave,100.0,g/ave,por_ave,efluente_crudo,ESTIMACIÓN,[ESTIMACIÓN] con rangos [PVDP],FTE-181; FTE-09C-05,
parametros,0,0,0,alto,,param_carga_DQO_g_ave,180.0,g/ave,por_ave,efluente_crudo,ESTIMACIÓN,[ESTIMACIÓN] con rangos [PVDP],FTE-181; FTE-09C-05,
parametros,0,0,0,bajo,,param_carga_DBO5_g_ave,25.0,g/ave,por_ave,efluente_crudo,ESTIMACIÓN,[ESTIMACIÓN] con rangos [PVDP],"FTE-181; FTE-09C-05 (DBO/DQO ~0,4–0,6)",
parametros,0,0,0,medio,,param_carga_DBO5_g_ave,50.0,g/ave,por_ave,efluente_crudo,ESTIMACIÓN,[ESTIMACIÓN] con rangos [PVDP],"FTE-181; FTE-09C-05 (DBO/DQO ~0,4–0,6)",
parametros,0,0,0,alto,,param_carga_DBO5_g_ave,90.0,g/ave,por_ave,efluente_crudo,ESTIMACIÓN,[ESTIMACIÓN] con rangos [PVDP],"FTE-181; FTE-09C-05 (DBO/DQO ~0,4–0,6)",
parametros,0,0,0,bajo,,param_carga_SST_g_ave,15.0,g/ave,por_ave,efluente_crudo,ESTIMACIÓN,[ESTIMACIÓN] con rangos [PVDP],FTE-181; FTE-09C-05,
parametros,0,0,0,medio,,param_carga_SST_g_ave,35.0,g/ave,por_ave,efluente_crudo,ESTIMACIÓN,[ESTIMACIÓN] con rangos [PVDP],FTE-181; FTE-09C-05,
parametros,0,0,0,alto,,param_carga_SST_g_ave,80.0,g/ave,por_ave,efluente_crudo,ESTIMACIÓN,[ESTIMACIÓN] con rangos [PVDP],FTE-181; FTE-09C-05,
parametros,0,0,0,bajo,,param_carga_GyA_g_ave,5.0,g/ave,por_ave,efluente_crudo,ESTIMACIÓN,[ESTIMACIÓN] con rangos [PVDP],FTE-09C-06 (~500 mg/L tamizado),
parametros,0,0,0,medio,,param_carga_GyA_g_ave,11.0,g/ave,por_ave,efluente_crudo,ESTIMACIÓN,[ESTIMACIÓN] con rangos [PVDP],FTE-09C-06 (~500 mg/L tamizado),
parametros,0,0,0,alto,,param_carga_GyA_g_ave,25.0,g/ave,por_ave,efluente_crudo,ESTIMACIÓN,[ESTIMACIÓN] con rangos [PVDP],FTE-09C-06 (~500 mg/L tamizado),
parametros,0,0,0,bajo,,param_carga_NTK_g_ave,3.0,g/ave,por_ave,efluente_crudo,ESTIMACIÓN,[ESTIMACIÓN] con rangos [PVDP],FTE-09C-06 (150–296 mg/L),
parametros,0,0,0,medio,,param_carga_NTK_g_ave,5.0,g/ave,por_ave,efluente_crudo,ESTIMACIÓN,[ESTIMACIÓN] con rangos [PVDP],FTE-09C-06 (150–296 mg/L),
parametros,0,0,0,alto,,param_carga_NTK_g_ave,8.0,g/ave,por_ave,efluente_crudo,ESTIMACIÓN,[ESTIMACIÓN] con rangos [PVDP],FTE-09C-06 (150–296 mg/L),
parametros,0,0,0,bajo,,param_carga_PT_g_ave,0.3,g/ave,por_ave,efluente_crudo,ESTIMACIÓN,[ESTIMACIÓN] con rangos [PVDP],"FTE-09C-06 (~18,5 mg/L)",
parametros,0,0,0,medio,,param_carga_PT_g_ave,0.5,g/ave,por_ave,efluente_crudo,ESTIMACIÓN,[ESTIMACIÓN] con rangos [PVDP],"FTE-09C-06 (~18,5 mg/L)",
parametros,0,0,0,alto,,param_carga_PT_g_ave,1.0,g/ave,por_ave,efluente_crudo,ESTIMACIÓN,[ESTIMACIÓN] con rangos [PVDP],"FTE-09C-06 (~18,5 mg/L)",
