ESCENARIO,CONFIGURACION,ESCALA_AVES_DIA,DIAS_ANIO,ARQUITECTURA,ETAPA,UTILIZACION,FECHA_BASE_OPEX,MONEDA,MODULO,ESTADO_MODULO,CONCEPTOS_COSTEABLES,CONCEPTOS_CON_PRECIO,CONCEPTOS_SIN_PRECIO,CONCEPTOS_SIN_CANTIDAD,CONCEPTOS_APORTANTE_PENDIENTE,OPEX_E1_E2_USD_ANIO,OPEX_E3_USD_ANIO,OPEX_E4_USD_ANIO,OPEX_E5_USD_ANIO,N_CONCEPTOS_E1_E2,N_CONCEPTOS_E3,N_CONCEPTOS_E4,N_CONCEPTOS_E5,N_CONCEPTOS_PENDIENTES,CALIDAD_MONTO,MONTO_CON_PRECIO_USD_ANIO,MONTO_VARIABLE_USD_ANIO,MONTO_FIJO_USD_ANIO,MONTO_SIN_CLASIFICAR_USD_ANIO,COBERTURA_CONCEPTOS_PCT,COBERTURA_VALOR,TOTAL_PRELIMINAR,COSTO_USD_AVE,COSTO_USD_KG_VIVO,COSTO_USD_KG_PRODUCTO,COSTO_USD_DIA,COSTO_USD_MES,CONCEPTOS_INFORMATIVOS_TERCEROS,CONCEPTOS_INCLUIDOS_EN_OTRO,CONCEPTOS_FUTUROS_U_OPCIONALES,CAPITAL_TRABAJO,ALERTAS
C0-2500,C0,2500,250,faena=facon|granjas=integradas:0|pollito=compra|alimento=facon|flota=tercero|frio=C_congelado_tercero|subprod=A_externo|terreno=compra_fase|autom=semi|linea=lotes,madura,1,2026-10-01,USD,ADMINISTRACION,INCOMPLETO,8,0,8,0,0,,,,,0,0,0,0,8,SIN_MONTO,,,,,0,NO CALCULABLE: 8 conceptos sin magnitud,NO DISPONIBLE: 8 conceptos sin costo,NO DISPONIBLE (cobertura 0.0 %),NO DISPONIBLE (cobertura 0.0 %),NO DISPONIBLE (cobertura 0.0 %),NO DISPONIBLE (cobertura 0.0 %),NO DISPONIBLE (cobertura 0.0 %),0,0,0,,
C0-2500,C0,2500,250,faena=facon|granjas=integradas:0|pollito=compra|alimento=facon|flota=tercero|frio=C_congelado_tercero|subprod=A_externo|terreno=compra_fase|autom=semi|linea=lotes,madura,1,2026-10-01,USD,ALIMENTO,INCOMPLETO,1,0,0,1,0,,,,,0,0,0,0,1,SIN_MONTO,,,,,0,NO CALCULABLE: 1 conceptos sin magnitud,NO DISPONIBLE: 1 conceptos sin costo,NO DISPONIBLE (cobertura 0.0 %),NO DISPONIBLE (cobertura 0.0 %),NO DISPONIBLE (cobertura 0.0 %),NO DISPONIBLE (cobertura 0.0 %),NO DISPONIBLE (cobertura 0.0 %),0,0,0,,
C0-2500,C0,2500,250,faena=facon|granjas=integradas:0|pollito=compra|alimento=facon|flota=tercero|frio=C_congelado_tercero|subprod=A_externo|terreno=compra_fase|autom=semi|linea=lotes,madura,1,2026-10-01,USD,CALIDAD,INCOMPLETO,5,0,4,1,0,,,,,0,0,0,0,5,SIN_MONTO,,,,,0,NO CALCULABLE: 5 conceptos sin magnitud,NO DISPONIBLE: 5 conceptos sin costo,NO DISPONIBLE (cobertura 0.0 %),NO DISPONIBLE (cobertura 0.0 %),NO DISPONIBLE (cobertura 0.0 %),NO DISPONIBLE (cobertura 0.0 %),NO DISPONIBLE (cobertura 0.0 %),0,0,0,,
C0-2500,C0,2500,250,faena=facon|granjas=integradas:0|pollito=compra|alimento=facon|flota=tercero|frio=C_congelado_tercero|subprod=A_externo|terreno=compra_fase|autom=semi|linea=lotes,madura,1,2026-10-01,USD,COMERCIAL,INCOMPLETO,2,0,2,0,0,,,,,0,0,0,0,2,SIN_MONTO,,,,,0,NO CALCULABLE: 2 conceptos sin magnitud,NO DISPONIBLE: 2 conceptos sin costo,NO DISPONIBLE (cobertura 0.0 %),NO DISPONIBLE (cobertura 0.0 %),NO DISPONIBLE (cobertura 0.0 %),NO DISPONIBLE (cobertura 0.0 %),NO DISPONIBLE (cobertura 0.0 %),0,0,0,,
C0-2500,C0,2500,250,faena=facon|granjas=integradas:0|pollito=compra|alimento=facon|flota=tercero|frio=C_congelado_tercero|subprod=A_externo|terreno=compra_fase|autom=semi|linea=lotes,madura,1,2026-10-01,USD,COSTO_LABORAL,INCOMPLETO,14,0,14,0,0,,,,,0,0,0,0,14,SIN_MONTO,,,,,0,NO CALCULABLE: 14 conceptos sin magnitud,NO DISPONIBLE: 14 conceptos sin costo,NO DISPONIBLE (cobertura 0.0 %),NO DISPONIBLE (cobertura 0.0 %),NO DISPONIBLE (cobertura 0.0 %),NO DISPONIBLE (cobertura 0.0 %),NO DISPONIBLE (cobertura 0.0 %),1,15,0,,
C0-2500,C0,2500,250,faena=facon|granjas=integradas:0|pollito=compra|alimento=facon|flota=tercero|frio=C_congelado_tercero|subprod=A_externo|terreno=compra_fase|autom=semi|linea=lotes,madura,1,2026-10-01,USD,EMPAQUE,INCOMPLETO,9,0,0,0,9,,,,,0,0,0,0,9,SIN_MONTO,,,,,0,NO CALCULABLE: 9 conceptos sin magnitud,NO DISPONIBLE: 9 conceptos sin costo,NO DISPONIBLE (cobertura 0.0 %),NO DISPONIBLE (cobertura 0.0 %),NO DISPONIBLE (cobertura 0.0 %),NO DISPONIBLE (cobertura 0.0 %),NO DISPONIBLE (cobertura 0.0 %),0,0,0,,
C0-2500,C0,2500,250,faena=facon|granjas=integradas:0|pollito=compra|alimento=facon|flota=tercero|frio=C_congelado_tercero|subprod=A_externo|terreno=compra_fase|autom=semi|linea=lotes,madura,1,2026-10-01,USD,FAENA,INCOMPLETO,3,0,1,2,0,,,,,0,0,0,0,3,SIN_MONTO,,,,,0,NO CALCULABLE: 3 conceptos sin magnitud,NO DISPONIBLE: 3 conceptos sin costo,NO DISPONIBLE (cobertura 0.0 %),NO DISPONIBLE (cobertura 0.0 %),NO DISPONIBLE (cobertura 0.0 %),NO DISPONIBLE (cobertura 0.0 %),NO DISPONIBLE (cobertura 0.0 %),0,0,0,,
C0-2500,C0,2500,250,faena=facon|granjas=integradas:0|pollito=compra|alimento=facon|flota=tercero|frio=C_congelado_tercero|subprod=A_externo|terreno=compra_fase|autom=semi|linea=lotes,madura,1,2026-10-01,USD,LOGISTICA,INCOMPLETO,5,0,0,5,0,,,,,0,0,0,0,5,SIN_MONTO,,,,,0,NO CALCULABLE: 5 conceptos sin magnitud,NO DISPONIBLE: 5 conceptos sin costo,NO DISPONIBLE (cobertura 0.0 %),NO DISPONIBLE (cobertura 0.0 %),NO DISPONIBLE (cobertura 0.0 %),NO DISPONIBLE (cobertura 0.0 %),NO DISPONIBLE (cobertura 0.0 %),0,0,0,,
C0-2500,C0,2500,250,faena=facon|granjas=integradas:0|pollito=compra|alimento=facon|flota=tercero|frio=C_congelado_tercero|subprod=A_externo|terreno=compra_fase|autom=semi|linea=lotes,madura,1,2026-10-01,USD,MANTENIMIENTO,INCOMPLETO,1,0,0,1,0,,,,,0,0,0,0,1,SIN_MONTO,,,,,0,NO CALCULABLE: 1 conceptos sin magnitud,NO DISPONIBLE: 1 conceptos sin costo,NO DISPONIBLE (cobertura 0.0 %),NO DISPONIBLE (cobertura 0.0 %),NO DISPONIBLE (cobertura 0.0 %),NO DISPONIBLE (cobertura 0.0 %),NO DISPONIBLE (cobertura 0.0 %),0,1,0,,
C0-2500,C0,2500,250,faena=facon|granjas=integradas:0|pollito=compra|alimento=facon|flota=tercero|frio=C_congelado_tercero|subprod=A_externo|terreno=compra_fase|autom=semi|linea=lotes,madura,1,2026-10-01,USD,POLLITOS,COMPLETO,1,1,0,0,0,0,0,582509,0,0,0,1,0,0,MONTO_CON_REFERENCIAS_DEBILES_E4,582509,582509,0,0,100,100,582509,NO DISPONIBLE (cobertura 100.0 %),NO DISPONIBLE (cobertura 100.0 %),NO DISPONIBLE (cobertura 100.0 %),NO DISPONIBLE (cobertura 100.0 %),NO DISPONIBLE (cobertura 100.0 %),0,0,0,,
C0-2500,C0,2500,250,faena=facon|granjas=integradas:0|pollito=compra|alimento=facon|flota=tercero|frio=C_congelado_tercero|subprod=A_externo|terreno=compra_fase|autom=semi|linea=lotes,madura,1,2026-10-01,USD,PRODUCCION_PRIMARIA,INCOMPLETO,9,0,1,2,6,,,,,0,0,0,0,9,SIN_MONTO,,,,,0,NO CALCULABLE: 9 conceptos sin magnitud,NO DISPONIBLE: 9 conceptos sin costo,NO DISPONIBLE (cobertura 0.0 %),NO DISPONIBLE (cobertura 0.0 %),NO DISPONIBLE (cobertura 0.0 %),NO DISPONIBLE (cobertura 0.0 %),NO DISPONIBLE (cobertura 0.0 %),2,0,0,,
C0-2500,C0,2500,250,faena=facon|granjas=integradas:0|pollito=compra|alimento=facon|flota=tercero|frio=C_congelado_tercero|subprod=A_externo|terreno=compra_fase|autom=semi|linea=lotes,madura,1,2026-10-01,USD,SEGUROS,INCOMPLETO,2,0,2,0,0,,,,,0,0,0,0,2,SIN_MONTO,,,,,0,NO CALCULABLE: 2 conceptos sin magnitud,NO DISPONIBLE: 2 conceptos sin costo,NO DISPONIBLE (cobertura 0.0 %),NO DISPONIBLE (cobertura 0.0 %),NO DISPONIBLE (cobertura 0.0 %),NO DISPONIBLE (cobertura 0.0 %),NO DISPONIBLE (cobertura 0.0 %),0,0,0,,
C0-2500,C0,2500,250,faena=facon|granjas=integradas:0|pollito=compra|alimento=facon|flota=tercero|frio=C_congelado_tercero|subprod=A_externo|terreno=compra_fase|autom=semi|linea=lotes,madura,1,2026-10-01,USD,UTILITIES,INCOMPLETO,1,0,1,0,0,,,,,0,0,0,0,1,SIN_MONTO,,,,,0,NO CALCULABLE: 1 conceptos sin magnitud,NO DISPONIBLE: 1 conceptos sin costo,NO DISPONIBLE (cobertura 0.0 %),NO DISPONIBLE (cobertura 0.0 %),NO DISPONIBLE (cobertura 0.0 %),NO DISPONIBLE (cobertura 0.0 %),NO DISPONIBLE (cobertura 0.0 %),0,0,0,,
C0-2500,C0,2500,250,faena=facon|granjas=integradas:0|pollito=compra|alimento=facon|flota=tercero|frio=C_congelado_tercero|subprod=A_externo|terreno=compra_fase|autom=semi|linea=lotes,madura,1,2026-10-01,USD,TOTAL,INCOMPLETO,61,1,33,12,15,0,0,582509,0,0,0,1,0,60,MONTO_CON_REFERENCIAS_DEBILES_E4,582509,582509,0,0,1.63934,NO CALCULABLE: 60 conceptos sin magnitud,NO DISPONIBLE: 60 conceptos sin costo,NO DISPONIBLE (cobertura 1.6 %),NO DISPONIBLE (cobertura 1.6 %),NO DISPONIBLE (cobertura 1.6 %),NO DISPONIBLE (cobertura 1.6 %),NO DISPONIBLE (cobertura 1.6 %),3,16,0,PENDIENTE,
C0-5000,C0,5000,250,faena=facon|granjas=integradas:0|pollito=compra|alimento=facon|flota=tercero|frio=C_congelado_tercero|subprod=A_externo|terreno=compra_fase|autom=semi|linea=lotes,madura,1,2026-10-01,USD,ADMINISTRACION,INCOMPLETO,8,0,8,0,0,,,,,0,0,0,0,8,SIN_MONTO,,,,,0,NO CALCULABLE: 8 conceptos sin magnitud,NO DISPONIBLE: 8 conceptos sin costo,NO DISPONIBLE (cobertura 0.0 %),NO DISPONIBLE (cobertura 0.0 %),NO DISPONIBLE (cobertura 0.0 %),NO DISPONIBLE (cobertura 0.0 %),NO DISPONIBLE (cobertura 0.0 %),0,0,0,,
C0-5000,C0,5000,250,faena=facon|granjas=integradas:0|pollito=compra|alimento=facon|flota=tercero|frio=C_congelado_tercero|subprod=A_externo|terreno=compra_fase|autom=semi|linea=lotes,madura,1,2026-10-01,USD,ALIMENTO,INCOMPLETO,1,0,0,1,0,,,,,0,0,0,0,1,SIN_MONTO,,,,,0,NO CALCULABLE: 1 conceptos sin magnitud,NO DISPONIBLE: 1 conceptos sin costo,NO DISPONIBLE (cobertura 0.0 %),NO DISPONIBLE (cobertura 0.0 %),NO DISPONIBLE (cobertura 0.0 %),NO DISPONIBLE (cobertura 0.0 %),NO DISPONIBLE (cobertura 0.0 %),0,0,0,,
C0-5000,C0,5000,250,faena=facon|granjas=integradas:0|pollito=compra|alimento=facon|flota=tercero|frio=C_congelado_tercero|subprod=A_externo|terreno=compra_fase|autom=semi|linea=lotes,madura,1,2026-10-01,USD,CALIDAD,INCOMPLETO,5,0,4,1,0,,,,,0,0,0,0,5,SIN_MONTO,,,,,0,NO CALCULABLE: 5 conceptos sin magnitud,NO DISPONIBLE: 5 conceptos sin costo,NO DISPONIBLE (cobertura 0.0 %),NO DISPONIBLE (cobertura 0.0 %),NO DISPONIBLE (cobertura 0.0 %),NO DISPONIBLE (cobertura 0.0 %),NO DISPONIBLE (cobertura 0.0 %),0,0,0,,
C0-5000,C0,5000,250,faena=facon|granjas=integradas:0|pollito=compra|alimento=facon|flota=tercero|frio=C_congelado_tercero|subprod=A_externo|terreno=compra_fase|autom=semi|linea=lotes,madura,1,2026-10-01,USD,COMERCIAL,INCOMPLETO,2,0,2,0,0,,,,,0,0,0,0,2,SIN_MONTO,,,,,0,NO CALCULABLE: 2 conceptos sin magnitud,NO DISPONIBLE: 2 conceptos sin costo,NO DISPONIBLE (cobertura 0.0 %),NO DISPONIBLE (cobertura 0.0 %),NO DISPONIBLE (cobertura 0.0 %),NO DISPONIBLE (cobertura 0.0 %),NO DISPONIBLE (cobertura 0.0 %),0,0,0,,
C0-5000,C0,5000,250,faena=facon|granjas=integradas:0|pollito=compra|alimento=facon|flota=tercero|frio=C_congelado_tercero|subprod=A_externo|terreno=compra_fase|autom=semi|linea=lotes,madura,1,2026-10-01,USD,COSTO_LABORAL,INCOMPLETO,19,0,19,0,0,,,,,0,0,0,0,19,SIN_MONTO,,,,,0,NO CALCULABLE: 19 conceptos sin magnitud,NO DISPONIBLE: 19 conceptos sin costo,NO DISPONIBLE (cobertura 0.0 %),NO DISPONIBLE (cobertura 0.0 %),NO DISPONIBLE (cobertura 0.0 %),NO DISPONIBLE (cobertura 0.0 %),NO DISPONIBLE (cobertura 0.0 %),1,15,0,,
C0-5000,C0,5000,250,faena=facon|granjas=integradas:0|pollito=compra|alimento=facon|flota=tercero|frio=C_congelado_tercero|subprod=A_externo|terreno=compra_fase|autom=semi|linea=lotes,madura,1,2026-10-01,USD,EMPAQUE,INCOMPLETO,9,0,0,0,9,,,,,0,0,0,0,9,SIN_MONTO,,,,,0,NO CALCULABLE: 9 conceptos sin magnitud,NO DISPONIBLE: 9 conceptos sin costo,NO DISPONIBLE (cobertura 0.0 %),NO DISPONIBLE (cobertura 0.0 %),NO DISPONIBLE (cobertura 0.0 %),NO DISPONIBLE (cobertura 0.0 %),NO DISPONIBLE (cobertura 0.0 %),0,0,0,,
C0-5000,C0,5000,250,faena=facon|granjas=integradas:0|pollito=compra|alimento=facon|flota=tercero|frio=C_congelado_tercero|subprod=A_externo|terreno=compra_fase|autom=semi|linea=lotes,madura,1,2026-10-01,USD,FAENA,INCOMPLETO,3,0,1,2,0,,,,,0,0,0,0,3,SIN_MONTO,,,,,0,NO CALCULABLE: 3 conceptos sin magnitud,NO DISPONIBLE: 3 conceptos sin costo,NO DISPONIBLE (cobertura 0.0 %),NO DISPONIBLE (cobertura 0.0 %),NO DISPONIBLE (cobertura 0.0 %),NO DISPONIBLE (cobertura 0.0 %),NO DISPONIBLE (cobertura 0.0 %),0,0,0,,
C0-5000,C0,5000,250,faena=facon|granjas=integradas:0|pollito=compra|alimento=facon|flota=tercero|frio=C_congelado_tercero|subprod=A_externo|terreno=compra_fase|autom=semi|linea=lotes,madura,1,2026-10-01,USD,LOGISTICA,INCOMPLETO,5,0,0,5,0,,,,,0,0,0,0,5,SIN_MONTO,,,,,0,NO CALCULABLE: 5 conceptos sin magnitud,NO DISPONIBLE: 5 conceptos sin costo,NO DISPONIBLE (cobertura 0.0 %),NO DISPONIBLE (cobertura 0.0 %),NO DISPONIBLE (cobertura 0.0 %),NO DISPONIBLE (cobertura 0.0 %),NO DISPONIBLE (cobertura 0.0 %),0,0,0,,
C0-5000,C0,5000,250,faena=facon|granjas=integradas:0|pollito=compra|alimento=facon|flota=tercero|frio=C_congelado_tercero|subprod=A_externo|terreno=compra_fase|autom=semi|linea=lotes,madura,1,2026-10-01,USD,MANTENIMIENTO,INCOMPLETO,1,0,0,1,0,,,,,0,0,0,0,1,SIN_MONTO,,,,,0,NO CALCULABLE: 1 conceptos sin magnitud,NO DISPONIBLE: 1 conceptos sin costo,NO DISPONIBLE (cobertura 0.0 %),NO DISPONIBLE (cobertura 0.0 %),NO DISPONIBLE (cobertura 0.0 %),NO DISPONIBLE (cobertura 0.0 %),NO DISPONIBLE (cobertura 0.0 %),0,1,0,,
C0-5000,C0,5000,250,faena=facon|granjas=integradas:0|pollito=compra|alimento=facon|flota=tercero|frio=C_congelado_tercero|subprod=A_externo|terreno=compra_fase|autom=semi|linea=lotes,madura,1,2026-10-01,USD,POLLITOS,COMPLETO,1,1,0,0,0,0,0,1.16502e+06,0,0,0,1,0,0,MONTO_CON_REFERENCIAS_DEBILES_E4,1.16502e+06,1.16502e+06,0,0,100,100,1165019,NO DISPONIBLE (cobertura 100.0 %),NO DISPONIBLE (cobertura 100.0 %),NO DISPONIBLE (cobertura 100.0 %),NO DISPONIBLE (cobertura 100.0 %),NO DISPONIBLE (cobertura 100.0 %),0,0,0,,
C0-5000,C0,5000,250,faena=facon|granjas=integradas:0|pollito=compra|alimento=facon|flota=tercero|frio=C_congelado_tercero|subprod=A_externo|terreno=compra_fase|autom=semi|linea=lotes,madura,1,2026-10-01,USD,PRODUCCION_PRIMARIA,INCOMPLETO,9,0,1,2,6,,,,,0,0,0,0,9,SIN_MONTO,,,,,0,NO CALCULABLE: 9 conceptos sin magnitud,NO DISPONIBLE: 9 conceptos sin costo,NO DISPONIBLE (cobertura 0.0 %),NO DISPONIBLE (cobertura 0.0 %),NO DISPONIBLE (cobertura 0.0 %),NO DISPONIBLE (cobertura 0.0 %),NO DISPONIBLE (cobertura 0.0 %),2,0,0,,
C0-5000,C0,5000,250,faena=facon|granjas=integradas:0|pollito=compra|alimento=facon|flota=tercero|frio=C_congelado_tercero|subprod=A_externo|terreno=compra_fase|autom=semi|linea=lotes,madura,1,2026-10-01,USD,SEGUROS,INCOMPLETO,2,0,2,0,0,,,,,0,0,0,0,2,SIN_MONTO,,,,,0,NO CALCULABLE: 2 conceptos sin magnitud,NO DISPONIBLE: 2 conceptos sin costo,NO DISPONIBLE (cobertura 0.0 %),NO DISPONIBLE (cobertura 0.0 %),NO DISPONIBLE (cobertura 0.0 %),NO DISPONIBLE (cobertura 0.0 %),NO DISPONIBLE (cobertura 0.0 %),0,0,0,,
C0-5000,C0,5000,250,faena=facon|granjas=integradas:0|pollito=compra|alimento=facon|flota=tercero|frio=C_congelado_tercero|subprod=A_externo|terreno=compra_fase|autom=semi|linea=lotes,madura,1,2026-10-01,USD,UTILITIES,INCOMPLETO,1,0,1,0,0,,,,,0,0,0,0,1,SIN_MONTO,,,,,0,NO CALCULABLE: 1 conceptos sin magnitud,NO DISPONIBLE: 1 conceptos sin costo,NO DISPONIBLE (cobertura 0.0 %),NO DISPONIBLE (cobertura 0.0 %),NO DISPONIBLE (cobertura 0.0 %),NO DISPONIBLE (cobertura 0.0 %),NO DISPONIBLE (cobertura 0.0 %),0,0,0,,
C0-5000,C0,5000,250,faena=facon|granjas=integradas:0|pollito=compra|alimento=facon|flota=tercero|frio=C_congelado_tercero|subprod=A_externo|terreno=compra_fase|autom=semi|linea=lotes,madura,1,2026-10-01,USD,TOTAL,INCOMPLETO,66,1,38,12,15,0,0,1.16502e+06,0,0,0,1,0,65,MONTO_CON_REFERENCIAS_DEBILES_E4,1.16502e+06,1.16502e+06,0,0,1.51515,NO CALCULABLE: 65 conceptos sin magnitud,NO DISPONIBLE: 65 conceptos sin costo,NO DISPONIBLE (cobertura 1.5 %),NO DISPONIBLE (cobertura 1.5 %),NO DISPONIBLE (cobertura 1.5 %),NO DISPONIBLE (cobertura 1.5 %),NO DISPONIBLE (cobertura 1.5 %),3,16,0,PENDIENTE,
C0-10000,C0,10000,250,faena=facon|granjas=integradas:0|pollito=compra|alimento=facon|flota=tercero|frio=C_congelado_tercero|subprod=A_externo|terreno=compra_fase|autom=semi|linea=lotes,madura,1,2026-10-01,USD,ADMINISTRACION,INCOMPLETO,8,0,8,0,0,,,,,0,0,0,0,8,SIN_MONTO,,,,,0,NO CALCULABLE: 8 conceptos sin magnitud,NO DISPONIBLE: 8 conceptos sin costo,NO DISPONIBLE (cobertura 0.0 %),NO DISPONIBLE (cobertura 0.0 %),NO DISPONIBLE (cobertura 0.0 %),NO DISPONIBLE (cobertura 0.0 %),NO DISPONIBLE (cobertura 0.0 %),0,0,0,,
C0-10000,C0,10000,250,faena=facon|granjas=integradas:0|pollito=compra|alimento=facon|flota=tercero|frio=C_congelado_tercero|subprod=A_externo|terreno=compra_fase|autom=semi|linea=lotes,madura,1,2026-10-01,USD,ALIMENTO,INCOMPLETO,1,0,0,1,0,,,,,0,0,0,0,1,SIN_MONTO,,,,,0,NO CALCULABLE: 1 conceptos sin magnitud,NO DISPONIBLE: 1 conceptos sin costo,NO DISPONIBLE (cobertura 0.0 %),NO DISPONIBLE (cobertura 0.0 %),NO DISPONIBLE (cobertura 0.0 %),NO DISPONIBLE (cobertura 0.0 %),NO DISPONIBLE (cobertura 0.0 %),0,0,0,,
C0-10000,C0,10000,250,faena=facon|granjas=integradas:0|pollito=compra|alimento=facon|flota=tercero|frio=C_congelado_tercero|subprod=A_externo|terreno=compra_fase|autom=semi|linea=lotes,madura,1,2026-10-01,USD,CALIDAD,INCOMPLETO,5,0,4,1,0,,,,,0,0,0,0,5,SIN_MONTO,,,,,0,NO CALCULABLE: 5 conceptos sin magnitud,NO DISPONIBLE: 5 conceptos sin costo,NO DISPONIBLE (cobertura 0.0 %),NO DISPONIBLE (cobertura 0.0 %),NO DISPONIBLE (cobertura 0.0 %),NO DISPONIBLE (cobertura 0.0 %),NO DISPONIBLE (cobertura 0.0 %),0,0,0,,
C0-10000,C0,10000,250,faena=facon|granjas=integradas:0|pollito=compra|alimento=facon|flota=tercero|frio=C_congelado_tercero|subprod=A_externo|terreno=compra_fase|autom=semi|linea=lotes,madura,1,2026-10-01,USD,COMERCIAL,INCOMPLETO,2,0,2,0,0,,,,,0,0,0,0,2,SIN_MONTO,,,,,0,NO CALCULABLE: 2 conceptos sin magnitud,NO DISPONIBLE: 2 conceptos sin costo,NO DISPONIBLE (cobertura 0.0 %),NO DISPONIBLE (cobertura 0.0 %),NO DISPONIBLE (cobertura 0.0 %),NO DISPONIBLE (cobertura 0.0 %),NO DISPONIBLE (cobertura 0.0 %),0,0,0,,
C0-10000,C0,10000,250,faena=facon|granjas=integradas:0|pollito=compra|alimento=facon|flota=tercero|frio=C_congelado_tercero|subprod=A_externo|terreno=compra_fase|autom=semi|linea=lotes,madura,1,2026-10-01,USD,COSTO_LABORAL,INCOMPLETO,20,0,20,0,0,,,,,0,0,0,0,20,SIN_MONTO,,,,,0,NO CALCULABLE: 20 conceptos sin magnitud,NO DISPONIBLE: 20 conceptos sin costo,NO DISPONIBLE (cobertura 0.0 %),NO DISPONIBLE (cobertura 0.0 %),NO DISPONIBLE (cobertura 0.0 %),NO DISPONIBLE (cobertura 0.0 %),NO DISPONIBLE (cobertura 0.0 %),1,15,0,,
C0-10000,C0,10000,250,faena=facon|granjas=integradas:0|pollito=compra|alimento=facon|flota=tercero|frio=C_congelado_tercero|subprod=A_externo|terreno=compra_fase|autom=semi|linea=lotes,madura,1,2026-10-01,USD,EMPAQUE,INCOMPLETO,9,0,0,0,9,,,,,0,0,0,0,9,SIN_MONTO,,,,,0,NO CALCULABLE: 9 conceptos sin magnitud,NO DISPONIBLE: 9 conceptos sin costo,NO DISPONIBLE (cobertura 0.0 %),NO DISPONIBLE (cobertura 0.0 %),NO DISPONIBLE (cobertura 0.0 %),NO DISPONIBLE (cobertura 0.0 %),NO DISPONIBLE (cobertura 0.0 %),0,0,0,,
C0-10000,C0,10000,250,faena=facon|granjas=integradas:0|pollito=compra|alimento=facon|flota=tercero|frio=C_congelado_tercero|subprod=A_externo|terreno=compra_fase|autom=semi|linea=lotes,madura,1,2026-10-01,USD,FAENA,INCOMPLETO,3,0,1,2,0,,,,,0,0,0,0,3,SIN_MONTO,,,,,0,NO CALCULABLE: 3 conceptos sin magnitud,NO DISPONIBLE: 3 conceptos sin costo,NO DISPONIBLE (cobertura 0.0 %),NO DISPONIBLE (cobertura 0.0 %),NO DISPONIBLE (cobertura 0.0 %),NO DISPONIBLE (cobertura 0.0 %),NO DISPONIBLE (cobertura 0.0 %),0,0,0,,
C0-10000,C0,10000,250,faena=facon|granjas=integradas:0|pollito=compra|alimento=facon|flota=tercero|frio=C_congelado_tercero|subprod=A_externo|terreno=compra_fase|autom=semi|linea=lotes,madura,1,2026-10-01,USD,LOGISTICA,INCOMPLETO,5,0,0,5,0,,,,,0,0,0,0,5,SIN_MONTO,,,,,0,NO CALCULABLE: 5 conceptos sin magnitud,NO DISPONIBLE: 5 conceptos sin costo,NO DISPONIBLE (cobertura 0.0 %),NO DISPONIBLE (cobertura 0.0 %),NO DISPONIBLE (cobertura 0.0 %),NO DISPONIBLE (cobertura 0.0 %),NO DISPONIBLE (cobertura 0.0 %),0,0,0,,
C0-10000,C0,10000,250,faena=facon|granjas=integradas:0|pollito=compra|alimento=facon|flota=tercero|frio=C_congelado_tercero|subprod=A_externo|terreno=compra_fase|autom=semi|linea=lotes,madura,1,2026-10-01,USD,MANTENIMIENTO,INCOMPLETO,1,0,0,1,0,,,,,0,0,0,0,1,SIN_MONTO,,,,,0,NO CALCULABLE: 1 conceptos sin magnitud,NO DISPONIBLE: 1 conceptos sin costo,NO DISPONIBLE (cobertura 0.0 %),NO DISPONIBLE (cobertura 0.0 %),NO DISPONIBLE (cobertura 0.0 %),NO DISPONIBLE (cobertura 0.0 %),NO DISPONIBLE (cobertura 0.0 %),0,1,0,,
C0-10000,C0,10000,250,faena=facon|granjas=integradas:0|pollito=compra|alimento=facon|flota=tercero|frio=C_congelado_tercero|subprod=A_externo|terreno=compra_fase|autom=semi|linea=lotes,madura,1,2026-10-01,USD,POLLITOS,COMPLETO,1,1,0,0,0,0,0,2.33004e+06,0,0,0,1,0,0,MONTO_CON_REFERENCIAS_DEBILES_E4,2.33004e+06,2.33004e+06,0,0,100,100,2330038,NO DISPONIBLE (cobertura 100.0 %),NO DISPONIBLE (cobertura 100.0 %),NO DISPONIBLE (cobertura 100.0 %),NO DISPONIBLE (cobertura 100.0 %),NO DISPONIBLE (cobertura 100.0 %),0,0,0,,
C0-10000,C0,10000,250,faena=facon|granjas=integradas:0|pollito=compra|alimento=facon|flota=tercero|frio=C_congelado_tercero|subprod=A_externo|terreno=compra_fase|autom=semi|linea=lotes,madura,1,2026-10-01,USD,PRODUCCION_PRIMARIA,INCOMPLETO,9,0,1,2,6,,,,,0,0,0,0,9,SIN_MONTO,,,,,0,NO CALCULABLE: 9 conceptos sin magnitud,NO DISPONIBLE: 9 conceptos sin costo,NO DISPONIBLE (cobertura 0.0 %),NO DISPONIBLE (cobertura 0.0 %),NO DISPONIBLE (cobertura 0.0 %),NO DISPONIBLE (cobertura 0.0 %),NO DISPONIBLE (cobertura 0.0 %),2,0,0,,
C0-10000,C0,10000,250,faena=facon|granjas=integradas:0|pollito=compra|alimento=facon|flota=tercero|frio=C_congelado_tercero|subprod=A_externo|terreno=compra_fase|autom=semi|linea=lotes,madura,1,2026-10-01,USD,SEGUROS,INCOMPLETO,2,0,2,0,0,,,,,0,0,0,0,2,SIN_MONTO,,,,,0,NO CALCULABLE: 2 conceptos sin magnitud,NO DISPONIBLE: 2 conceptos sin costo,NO DISPONIBLE (cobertura 0.0 %),NO DISPONIBLE (cobertura 0.0 %),NO DISPONIBLE (cobertura 0.0 %),NO DISPONIBLE (cobertura 0.0 %),NO DISPONIBLE (cobertura 0.0 %),0,0,0,,
C0-10000,C0,10000,250,faena=facon|granjas=integradas:0|pollito=compra|alimento=facon|flota=tercero|frio=C_congelado_tercero|subprod=A_externo|terreno=compra_fase|autom=semi|linea=lotes,madura,1,2026-10-01,USD,UTILITIES,INCOMPLETO,1,0,1,0,0,,,,,0,0,0,0,1,SIN_MONTO,,,,,0,NO CALCULABLE: 1 conceptos sin magnitud,NO DISPONIBLE: 1 conceptos sin costo,NO DISPONIBLE (cobertura 0.0 %),NO DISPONIBLE (cobertura 0.0 %),NO DISPONIBLE (cobertura 0.0 %),NO DISPONIBLE (cobertura 0.0 %),NO DISPONIBLE (cobertura 0.0 %),0,0,0,,
C0-10000,C0,10000,250,faena=facon|granjas=integradas:0|pollito=compra|alimento=facon|flota=tercero|frio=C_congelado_tercero|subprod=A_externo|terreno=compra_fase|autom=semi|linea=lotes,madura,1,2026-10-01,USD,TOTAL,INCOMPLETO,67,1,39,12,15,0,0,2.33004e+06,0,0,0,1,0,66,MONTO_CON_REFERENCIAS_DEBILES_E4,2.33004e+06,2.33004e+06,0,0,1.49254,NO CALCULABLE: 66 conceptos sin magnitud,NO DISPONIBLE: 66 conceptos sin costo,NO DISPONIBLE (cobertura 1.5 %),NO DISPONIBLE (cobertura 1.5 %),NO DISPONIBLE (cobertura 1.5 %),NO DISPONIBLE (cobertura 1.5 %),NO DISPONIBLE (cobertura 1.5 %),3,16,0,PENDIENTE,
C0-20000,C0,20000,250,faena=facon|granjas=integradas:0|pollito=compra|alimento=facon|flota=tercero|frio=C_congelado_tercero|subprod=A_externo|terreno=compra_fase|autom=semi|linea=lotes,madura,1,2026-10-01,USD,ADMINISTRACION,INCOMPLETO,8,0,8,0,0,,,,,0,0,0,0,8,SIN_MONTO,,,,,0,NO CALCULABLE: 8 conceptos sin magnitud,NO DISPONIBLE: 8 conceptos sin costo,NO DISPONIBLE (cobertura 0.0 %),NO DISPONIBLE (cobertura 0.0 %),NO DISPONIBLE (cobertura 0.0 %),NO DISPONIBLE (cobertura 0.0 %),NO DISPONIBLE (cobertura 0.0 %),0,0,0,,
C0-20000,C0,20000,250,faena=facon|granjas=integradas:0|pollito=compra|alimento=facon|flota=tercero|frio=C_congelado_tercero|subprod=A_externo|terreno=compra_fase|autom=semi|linea=lotes,madura,1,2026-10-01,USD,ALIMENTO,INCOMPLETO,1,0,0,1,0,,,,,0,0,0,0,1,SIN_MONTO,,,,,0,NO CALCULABLE: 1 conceptos sin magnitud,NO DISPONIBLE: 1 conceptos sin costo,NO DISPONIBLE (cobertura 0.0 %),NO DISPONIBLE (cobertura 0.0 %),NO DISPONIBLE (cobertura 0.0 %),NO DISPONIBLE (cobertura 0.0 %),NO DISPONIBLE (cobertura 0.0 %),0,0,0,,
C0-20000,C0,20000,250,faena=facon|granjas=integradas:0|pollito=compra|alimento=facon|flota=tercero|frio=C_congelado_tercero|subprod=A_externo|terreno=compra_fase|autom=semi|linea=lotes,madura,1,2026-10-01,USD,CALIDAD,INCOMPLETO,5,0,4,1,0,,,,,0,0,0,0,5,SIN_MONTO,,,,,0,NO CALCULABLE: 5 conceptos sin magnitud,NO DISPONIBLE: 5 conceptos sin costo,NO DISPONIBLE (cobertura 0.0 %),NO DISPONIBLE (cobertura 0.0 %),NO DISPONIBLE (cobertura 0.0 %),NO DISPONIBLE (cobertura 0.0 %),NO DISPONIBLE (cobertura 0.0 %),0,0,0,,
C0-20000,C0,20000,250,faena=facon|granjas=integradas:0|pollito=compra|alimento=facon|flota=tercero|frio=C_congelado_tercero|subprod=A_externo|terreno=compra_fase|autom=semi|linea=lotes,madura,1,2026-10-01,USD,COMERCIAL,INCOMPLETO,2,0,2,0,0,,,,,0,0,0,0,2,SIN_MONTO,,,,,0,NO CALCULABLE: 2 conceptos sin magnitud,NO DISPONIBLE: 2 conceptos sin costo,NO DISPONIBLE (cobertura 0.0 %),NO DISPONIBLE (cobertura 0.0 %),NO DISPONIBLE (cobertura 0.0 %),NO DISPONIBLE (cobertura 0.0 %),NO DISPONIBLE (cobertura 0.0 %),0,0,0,,
C0-20000,C0,20000,250,faena=facon|granjas=integradas:0|pollito=compra|alimento=facon|flota=tercero|frio=C_congelado_tercero|subprod=A_externo|terreno=compra_fase|autom=semi|linea=lotes,madura,1,2026-10-01,USD,COSTO_LABORAL,INCOMPLETO,20,0,20,0,0,,,,,0,0,0,0,20,SIN_MONTO,,,,,0,NO CALCULABLE: 20 conceptos sin magnitud,NO DISPONIBLE: 20 conceptos sin costo,NO DISPONIBLE (cobertura 0.0 %),NO DISPONIBLE (cobertura 0.0 %),NO DISPONIBLE (cobertura 0.0 %),NO DISPONIBLE (cobertura 0.0 %),NO DISPONIBLE (cobertura 0.0 %),1,15,0,,
C0-20000,C0,20000,250,faena=facon|granjas=integradas:0|pollito=compra|alimento=facon|flota=tercero|frio=C_congelado_tercero|subprod=A_externo|terreno=compra_fase|autom=semi|linea=lotes,madura,1,2026-10-01,USD,EMPAQUE,INCOMPLETO,9,0,0,0,9,,,,,0,0,0,0,9,SIN_MONTO,,,,,0,NO CALCULABLE: 9 conceptos sin magnitud,NO DISPONIBLE: 9 conceptos sin costo,NO DISPONIBLE (cobertura 0.0 %),NO DISPONIBLE (cobertura 0.0 %),NO DISPONIBLE (cobertura 0.0 %),NO DISPONIBLE (cobertura 0.0 %),NO DISPONIBLE (cobertura 0.0 %),0,0,0,,
C0-20000,C0,20000,250,faena=facon|granjas=integradas:0|pollito=compra|alimento=facon|flota=tercero|frio=C_congelado_tercero|subprod=A_externo|terreno=compra_fase|autom=semi|linea=lotes,madura,1,2026-10-01,USD,FAENA,INCOMPLETO,3,0,1,2,0,,,,,0,0,0,0,3,SIN_MONTO,,,,,0,NO CALCULABLE: 3 conceptos sin magnitud,NO DISPONIBLE: 3 conceptos sin costo,NO DISPONIBLE (cobertura 0.0 %),NO DISPONIBLE (cobertura 0.0 %),NO DISPONIBLE (cobertura 0.0 %),NO DISPONIBLE (cobertura 0.0 %),NO DISPONIBLE (cobertura 0.0 %),0,0,0,,
C0-20000,C0,20000,250,faena=facon|granjas=integradas:0|pollito=compra|alimento=facon|flota=tercero|frio=C_congelado_tercero|subprod=A_externo|terreno=compra_fase|autom=semi|linea=lotes,madura,1,2026-10-01,USD,LOGISTICA,INCOMPLETO,5,0,0,5,0,,,,,0,0,0,0,5,SIN_MONTO,,,,,0,NO CALCULABLE: 5 conceptos sin magnitud,NO DISPONIBLE: 5 conceptos sin costo,NO DISPONIBLE (cobertura 0.0 %),NO DISPONIBLE (cobertura 0.0 %),NO DISPONIBLE (cobertura 0.0 %),NO DISPONIBLE (cobertura 0.0 %),NO DISPONIBLE (cobertura 0.0 %),0,0,0,,
C0-20000,C0,20000,250,faena=facon|granjas=integradas:0|pollito=compra|alimento=facon|flota=tercero|frio=C_congelado_tercero|subprod=A_externo|terreno=compra_fase|autom=semi|linea=lotes,madura,1,2026-10-01,USD,MANTENIMIENTO,INCOMPLETO,1,0,0,1,0,,,,,0,0,0,0,1,SIN_MONTO,,,,,0,NO CALCULABLE: 1 conceptos sin magnitud,NO DISPONIBLE: 1 conceptos sin costo,NO DISPONIBLE (cobertura 0.0 %),NO DISPONIBLE (cobertura 0.0 %),NO DISPONIBLE (cobertura 0.0 %),NO DISPONIBLE (cobertura 0.0 %),NO DISPONIBLE (cobertura 0.0 %),0,1,0,,
C0-20000,C0,20000,250,faena=facon|granjas=integradas:0|pollito=compra|alimento=facon|flota=tercero|frio=C_congelado_tercero|subprod=A_externo|terreno=compra_fase|autom=semi|linea=lotes,madura,1,2026-10-01,USD,POLLITOS,COMPLETO,1,1,0,0,0,0,0,4.66008e+06,0,0,0,1,0,0,MONTO_CON_REFERENCIAS_DEBILES_E4,4.66008e+06,4.66008e+06,0,0,100,100,4660076,NO DISPONIBLE (cobertura 100.0 %),NO DISPONIBLE (cobertura 100.0 %),NO DISPONIBLE (cobertura 100.0 %),NO DISPONIBLE (cobertura 100.0 %),NO DISPONIBLE (cobertura 100.0 %),0,0,0,,
C0-20000,C0,20000,250,faena=facon|granjas=integradas:0|pollito=compra|alimento=facon|flota=tercero|frio=C_congelado_tercero|subprod=A_externo|terreno=compra_fase|autom=semi|linea=lotes,madura,1,2026-10-01,USD,PRODUCCION_PRIMARIA,INCOMPLETO,9,0,1,2,6,,,,,0,0,0,0,9,SIN_MONTO,,,,,0,NO CALCULABLE: 9 conceptos sin magnitud,NO DISPONIBLE: 9 conceptos sin costo,NO DISPONIBLE (cobertura 0.0 %),NO DISPONIBLE (cobertura 0.0 %),NO DISPONIBLE (cobertura 0.0 %),NO DISPONIBLE (cobertura 0.0 %),NO DISPONIBLE (cobertura 0.0 %),2,0,0,,
C0-20000,C0,20000,250,faena=facon|granjas=integradas:0|pollito=compra|alimento=facon|flota=tercero|frio=C_congelado_tercero|subprod=A_externo|terreno=compra_fase|autom=semi|linea=lotes,madura,1,2026-10-01,USD,SEGUROS,INCOMPLETO,2,0,2,0,0,,,,,0,0,0,0,2,SIN_MONTO,,,,,0,NO CALCULABLE: 2 conceptos sin magnitud,NO DISPONIBLE: 2 conceptos sin costo,NO DISPONIBLE (cobertura 0.0 %),NO DISPONIBLE (cobertura 0.0 %),NO DISPONIBLE (cobertura 0.0 %),NO DISPONIBLE (cobertura 0.0 %),NO DISPONIBLE (cobertura 0.0 %),0,0,0,,
C0-20000,C0,20000,250,faena=facon|granjas=integradas:0|pollito=compra|alimento=facon|flota=tercero|frio=C_congelado_tercero|subprod=A_externo|terreno=compra_fase|autom=semi|linea=lotes,madura,1,2026-10-01,USD,UTILITIES,INCOMPLETO,1,0,1,0,0,,,,,0,0,0,0,1,SIN_MONTO,,,,,0,NO CALCULABLE: 1 conceptos sin magnitud,NO DISPONIBLE: 1 conceptos sin costo,NO DISPONIBLE (cobertura 0.0 %),NO DISPONIBLE (cobertura 0.0 %),NO DISPONIBLE (cobertura 0.0 %),NO DISPONIBLE (cobertura 0.0 %),NO DISPONIBLE (cobertura 0.0 %),0,0,0,,
C0-20000,C0,20000,250,faena=facon|granjas=integradas:0|pollito=compra|alimento=facon|flota=tercero|frio=C_congelado_tercero|subprod=A_externo|terreno=compra_fase|autom=semi|linea=lotes,madura,1,2026-10-01,USD,TOTAL,INCOMPLETO,67,1,39,12,15,0,0,4.66008e+06,0,0,0,1,0,66,MONTO_CON_REFERENCIAS_DEBILES_E4,4.66008e+06,4.66008e+06,0,0,1.49254,NO CALCULABLE: 66 conceptos sin magnitud,NO DISPONIBLE: 66 conceptos sin costo,NO DISPONIBLE (cobertura 1.5 %),NO DISPONIBLE (cobertura 1.5 %),NO DISPONIBLE (cobertura 1.5 %),NO DISPONIBLE (cobertura 1.5 %),NO DISPONIBLE (cobertura 1.5 %),3,16,0,PENDIENTE,
C1-2500,C1,2500,250,faena=propia|granjas=integradas:0|pollito=compra|alimento=compra|flota=tercero|frio=A_refrigerado|subprod=A_externo|terreno=compra_fase|autom=semi|linea=lotes,madura,1,2026-10-01,USD,ADMINISTRACION,INCOMPLETO,8,0,8,0,0,,,,,0,0,0,0,8,SIN_MONTO,,,,,0,NO CALCULABLE: 8 conceptos sin magnitud,NO DISPONIBLE: 8 conceptos sin costo,NO DISPONIBLE (cobertura 0.0 %),NO DISPONIBLE (cobertura 0.0 %),NO DISPONIBLE (cobertura 0.0 %),NO DISPONIBLE (cobertura 0.0 %),NO DISPONIBLE (cobertura 0.0 %),0,0,0,,
C1-2500,C1,2500,250,faena=propia|granjas=integradas:0|pollito=compra|alimento=compra|flota=tercero|frio=A_refrigerado|subprod=A_externo|terreno=compra_fase|autom=semi|linea=lotes,madura,1,2026-10-01,USD,ALIMENTO,INCOMPLETO,2,0,2,0,0,,,,,0,0,0,0,2,SIN_MONTO,,,,,0,NO CALCULABLE: 2 conceptos sin magnitud,NO DISPONIBLE: 2 conceptos sin costo,NO DISPONIBLE (cobertura 0.0 %),NO DISPONIBLE (cobertura 0.0 %),NO DISPONIBLE (cobertura 0.0 %),NO DISPONIBLE (cobertura 0.0 %),NO DISPONIBLE (cobertura 0.0 %),0,0,0,,
C1-2500,C1,2500,250,faena=propia|granjas=integradas:0|pollito=compra|alimento=compra|flota=tercero|frio=A_refrigerado|subprod=A_externo|terreno=compra_fase|autom=semi|linea=lotes,madura,1,2026-10-01,USD,CALIDAD,INCOMPLETO,8,0,5,3,0,,,,,0,0,0,0,8,SIN_MONTO,,,,,0,NO CALCULABLE: 8 conceptos sin magnitud,NO DISPONIBLE: 8 conceptos sin costo,NO DISPONIBLE (cobertura 0.0 %),NO DISPONIBLE (cobertura 0.0 %),NO DISPONIBLE (cobertura 0.0 %),NO DISPONIBLE (cobertura 0.0 %),NO DISPONIBLE (cobertura 0.0 %),0,0,0,,
C1-2500,C1,2500,250,faena=propia|granjas=integradas:0|pollito=compra|alimento=compra|flota=tercero|frio=A_refrigerado|subprod=A_externo|terreno=compra_fase|autom=semi|linea=lotes,madura,1,2026-10-01,USD,COMERCIAL,INCOMPLETO,2,0,2,0,0,,,,,0,0,0,0,2,SIN_MONTO,,,,,0,NO CALCULABLE: 2 conceptos sin magnitud,NO DISPONIBLE: 2 conceptos sin costo,NO DISPONIBLE (cobertura 0.0 %),NO DISPONIBLE (cobertura 0.0 %),NO DISPONIBLE (cobertura 0.0 %),NO DISPONIBLE (cobertura 0.0 %),NO DISPONIBLE (cobertura 0.0 %),0,0,0,,
C1-2500,C1,2500,250,faena=propia|granjas=integradas:0|pollito=compra|alimento=compra|flota=tercero|frio=A_refrigerado|subprod=A_externo|terreno=compra_fase|autom=semi|linea=lotes,madura,1,2026-10-01,USD,COSTO_LABORAL,INCOMPLETO,33,0,32,1,0,,,,,0,0,0,0,33,SIN_MONTO,,,,,0,NO CALCULABLE: 33 conceptos sin magnitud,NO DISPONIBLE: 33 conceptos sin costo,NO DISPONIBLE (cobertura 0.0 %),NO DISPONIBLE (cobertura 0.0 %),NO DISPONIBLE (cobertura 0.0 %),NO DISPONIBLE (cobertura 0.0 %),NO DISPONIBLE (cobertura 0.0 %),1,4,0,,
C1-2500,C1,2500,250,faena=propia|granjas=integradas:0|pollito=compra|alimento=compra|flota=tercero|frio=A_refrigerado|subprod=A_externo|terreno=compra_fase|autom=semi|linea=lotes,madura,1,2026-10-01,USD,EFLUENTES,INCOMPLETO,4,0,2,2,0,,,,,0,0,0,0,4,SIN_MONTO,,,,,0,NO CALCULABLE: 4 conceptos sin magnitud,NO DISPONIBLE: 4 conceptos sin costo,NO DISPONIBLE (cobertura 0.0 %),NO DISPONIBLE (cobertura 0.0 %),NO DISPONIBLE (cobertura 0.0 %),NO DISPONIBLE (cobertura 0.0 %),NO DISPONIBLE (cobertura 0.0 %),0,0,0,,
C1-2500,C1,2500,250,faena=propia|granjas=integradas:0|pollito=compra|alimento=compra|flota=tercero|frio=A_refrigerado|subprod=A_externo|terreno=compra_fase|autom=semi|linea=lotes,madura,1,2026-10-01,USD,EMPAQUE,INCOMPLETO,9,0,9,0,0,,,,,0,0,0,0,9,SIN_MONTO,,,,,0,NO CALCULABLE: 9 conceptos sin magnitud,NO DISPONIBLE: 9 conceptos sin costo,NO DISPONIBLE (cobertura 0.0 %),NO DISPONIBLE (cobertura 0.0 %),NO DISPONIBLE (cobertura 0.0 %),NO DISPONIBLE (cobertura 0.0 %),NO DISPONIBLE (cobertura 0.0 %),0,0,0,,
C1-2500,C1,2500,250,faena=propia|granjas=integradas:0|pollito=compra|alimento=compra|flota=tercero|frio=A_refrigerado|subprod=A_externo|terreno=compra_fase|autom=semi|linea=lotes,madura,1,2026-10-01,USD,FAENA,INCOMPLETO,4,0,4,0,0,,,,,0,0,0,0,4,SIN_MONTO,,,,,0,NO CALCULABLE: 4 conceptos sin magnitud,NO DISPONIBLE: 4 conceptos sin costo,NO DISPONIBLE (cobertura 0.0 %),NO DISPONIBLE (cobertura 0.0 %),NO DISPONIBLE (cobertura 0.0 %),NO DISPONIBLE (cobertura 0.0 %),NO DISPONIBLE (cobertura 0.0 %),0,1,0,,
C1-2500,C1,2500,250,faena=propia|granjas=integradas:0|pollito=compra|alimento=compra|flota=tercero|frio=A_refrigerado|subprod=A_externo|terreno=compra_fase|autom=semi|linea=lotes,madura,1,2026-10-01,USD,LOGISTICA,INCOMPLETO,6,0,0,6,0,,,,,0,0,0,0,6,SIN_MONTO,,,,,0,NO CALCULABLE: 6 conceptos sin magnitud,NO DISPONIBLE: 6 conceptos sin costo,NO DISPONIBLE (cobertura 0.0 %),NO DISPONIBLE (cobertura 0.0 %),NO DISPONIBLE (cobertura 0.0 %),NO DISPONIBLE (cobertura 0.0 %),NO DISPONIBLE (cobertura 0.0 %),0,0,0,,
C1-2500,C1,2500,250,faena=propia|granjas=integradas:0|pollito=compra|alimento=compra|flota=tercero|frio=A_refrigerado|subprod=A_externo|terreno=compra_fase|autom=semi|linea=lotes,madura,1,2026-10-01,USD,MANTENIMIENTO,INCOMPLETO,5,0,0,5,0,,,,,0,0,0,0,5,SIN_MONTO,,,,,0,NO CALCULABLE: 5 conceptos sin magnitud,NO DISPONIBLE: 5 conceptos sin costo,NO DISPONIBLE (cobertura 0.0 %),NO DISPONIBLE (cobertura 0.0 %),NO DISPONIBLE (cobertura 0.0 %),NO DISPONIBLE (cobertura 0.0 %),NO DISPONIBLE (cobertura 0.0 %),0,1,0,,
C1-2500,C1,2500,250,faena=propia|granjas=integradas:0|pollito=compra|alimento=compra|flota=tercero|frio=A_refrigerado|subprod=A_externo|terreno=compra_fase|autom=semi|linea=lotes,madura,1,2026-10-01,USD,POLLITOS,COMPLETO,1,1,0,0,0,0,0,582509,0,0,0,1,0,0,MONTO_CON_REFERENCIAS_DEBILES_E4,582509,582509,0,0,100,100,582509,NO DISPONIBLE (cobertura 100.0 %),NO DISPONIBLE (cobertura 100.0 %),NO DISPONIBLE (cobertura 100.0 %),NO DISPONIBLE (cobertura 100.0 %),NO DISPONIBLE (cobertura 100.0 %),0,0,0,,
C1-2500,C1,2500,250,faena=propia|granjas=integradas:0|pollito=compra|alimento=compra|flota=tercero|frio=A_refrigerado|subprod=A_externo|terreno=compra_fase|autom=semi|linea=lotes,madura,1,2026-10-01,USD,PRODUCCION_PRIMARIA,INCOMPLETO,9,0,1,2,6,,,,,0,0,0,0,9,SIN_MONTO,,,,,0,NO CALCULABLE: 9 conceptos sin magnitud,NO DISPONIBLE: 9 conceptos sin costo,NO DISPONIBLE (cobertura 0.0 %),NO DISPONIBLE (cobertura 0.0 %),NO DISPONIBLE (cobertura 0.0 %),NO DISPONIBLE (cobertura 0.0 %),NO DISPONIBLE (cobertura 0.0 %),2,0,0,,
C1-2500,C1,2500,250,faena=propia|granjas=integradas:0|pollito=compra|alimento=compra|flota=tercero|frio=A_refrigerado|subprod=A_externo|terreno=compra_fase|autom=semi|linea=lotes,madura,1,2026-10-01,USD,SEGUROS,INCOMPLETO,5,0,5,0,0,,,,,0,0,0,0,5,SIN_MONTO,,,,,0,NO CALCULABLE: 5 conceptos sin magnitud,NO DISPONIBLE: 5 conceptos sin costo,NO DISPONIBLE (cobertura 0.0 %),NO DISPONIBLE (cobertura 0.0 %),NO DISPONIBLE (cobertura 0.0 %),NO DISPONIBLE (cobertura 0.0 %),NO DISPONIBLE (cobertura 0.0 %),0,0,0,,
C1-2500,C1,2500,250,faena=propia|granjas=integradas:0|pollito=compra|alimento=compra|flota=tercero|frio=A_refrigerado|subprod=A_externo|terreno=compra_fase|autom=semi|linea=lotes,madura,1,2026-10-01,USD,SUBPRODUCTOS,INCOMPLETO,6,0,6,0,0,,,,,0,0,0,0,6,SIN_MONTO,,,,,0,NO CALCULABLE: 6 conceptos sin magnitud,NO DISPONIBLE: 6 conceptos sin costo,NO DISPONIBLE (cobertura 0.0 %),NO DISPONIBLE (cobertura 0.0 %),NO DISPONIBLE (cobertura 0.0 %),NO DISPONIBLE (cobertura 0.0 %),NO DISPONIBLE (cobertura 0.0 %),0,0,0,,
C1-2500,C1,2500,250,faena=propia|granjas=integradas:0|pollito=compra|alimento=compra|flota=tercero|frio=A_refrigerado|subprod=A_externo|terreno=compra_fase|autom=semi|linea=lotes,madura,1,2026-10-01,USD,UTILITIES,INCOMPLETO,6,0,5,1,0,,,,,0,0,0,0,6,SIN_MONTO,,,,,0,NO CALCULABLE: 6 conceptos sin magnitud,NO DISPONIBLE: 6 conceptos sin costo,NO DISPONIBLE (cobertura 0.0 %),NO DISPONIBLE (cobertura 0.0 %),NO DISPONIBLE (cobertura 0.0 %),NO DISPONIBLE (cobertura 0.0 %),NO DISPONIBLE (cobertura 0.0 %),0,5,0,,
C1-2500,C1,2500,250,faena=propia|granjas=integradas:0|pollito=compra|alimento=compra|flota=tercero|frio=A_refrigerado|subprod=A_externo|terreno=compra_fase|autom=semi|linea=lotes,madura,1,2026-10-01,USD,TOTAL,INCOMPLETO,108,1,81,20,6,0,0,582509,0,0,0,1,0,107,MONTO_CON_REFERENCIAS_DEBILES_E4,582509,582509,0,0,0.925926,NO CALCULABLE: 107 conceptos sin magnitud,NO DISPONIBLE: 107 conceptos sin costo,NO DISPONIBLE (cobertura 0.9 %),NO DISPONIBLE (cobertura 0.9 %),NO DISPONIBLE (cobertura 0.9 %),NO DISPONIBLE (cobertura 0.9 %),NO DISPONIBLE (cobertura 0.9 %),3,11,0,PENDIENTE,
C1-5000,C1,5000,250,faena=propia|granjas=integradas:0|pollito=compra|alimento=compra|flota=tercero|frio=A_refrigerado|subprod=A_externo|terreno=compra_fase|autom=semi|linea=lotes,madura,1,2026-10-01,USD,ADMINISTRACION,INCOMPLETO,8,0,8,0,0,,,,,0,0,0,0,8,SIN_MONTO,,,,,0,NO CALCULABLE: 8 conceptos sin magnitud,NO DISPONIBLE: 8 conceptos sin costo,NO DISPONIBLE (cobertura 0.0 %),NO DISPONIBLE (cobertura 0.0 %),NO DISPONIBLE (cobertura 0.0 %),NO DISPONIBLE (cobertura 0.0 %),NO DISPONIBLE (cobertura 0.0 %),0,0,0,,
C1-5000,C1,5000,250,faena=propia|granjas=integradas:0|pollito=compra|alimento=compra|flota=tercero|frio=A_refrigerado|subprod=A_externo|terreno=compra_fase|autom=semi|linea=lotes,madura,1,2026-10-01,USD,ALIMENTO,INCOMPLETO,2,0,2,0,0,,,,,0,0,0,0,2,SIN_MONTO,,,,,0,NO CALCULABLE: 2 conceptos sin magnitud,NO DISPONIBLE: 2 conceptos sin costo,NO DISPONIBLE (cobertura 0.0 %),NO DISPONIBLE (cobertura 0.0 %),NO DISPONIBLE (cobertura 0.0 %),NO DISPONIBLE (cobertura 0.0 %),NO DISPONIBLE (cobertura 0.0 %),0,0,0,,
C1-5000,C1,5000,250,faena=propia|granjas=integradas:0|pollito=compra|alimento=compra|flota=tercero|frio=A_refrigerado|subprod=A_externo|terreno=compra_fase|autom=semi|linea=lotes,madura,1,2026-10-01,USD,CALIDAD,INCOMPLETO,8,0,5,3,0,,,,,0,0,0,0,8,SIN_MONTO,,,,,0,NO CALCULABLE: 8 conceptos sin magnitud,NO DISPONIBLE: 8 conceptos sin costo,NO DISPONIBLE (cobertura 0.0 %),NO DISPONIBLE (cobertura 0.0 %),NO DISPONIBLE (cobertura 0.0 %),NO DISPONIBLE (cobertura 0.0 %),NO DISPONIBLE (cobertura 0.0 %),0,0,0,,
C1-5000,C1,5000,250,faena=propia|granjas=integradas:0|pollito=compra|alimento=compra|flota=tercero|frio=A_refrigerado|subprod=A_externo|terreno=compra_fase|autom=semi|linea=lotes,madura,1,2026-10-01,USD,COMERCIAL,INCOMPLETO,2,0,2,0,0,,,,,0,0,0,0,2,SIN_MONTO,,,,,0,NO CALCULABLE: 2 conceptos sin magnitud,NO DISPONIBLE: 2 conceptos sin costo,NO DISPONIBLE (cobertura 0.0 %),NO DISPONIBLE (cobertura 0.0 %),NO DISPONIBLE (cobertura 0.0 %),NO DISPONIBLE (cobertura 0.0 %),NO DISPONIBLE (cobertura 0.0 %),0,0,0,,
C1-5000,C1,5000,250,faena=propia|granjas=integradas:0|pollito=compra|alimento=compra|flota=tercero|frio=A_refrigerado|subprod=A_externo|terreno=compra_fase|autom=semi|linea=lotes,madura,1,2026-10-01,USD,COSTO_LABORAL,INCOMPLETO,39,0,38,1,0,,,,,0,0,0,0,39,SIN_MONTO,,,,,0,NO CALCULABLE: 39 conceptos sin magnitud,NO DISPONIBLE: 39 conceptos sin costo,NO DISPONIBLE (cobertura 0.0 %),NO DISPONIBLE (cobertura 0.0 %),NO DISPONIBLE (cobertura 0.0 %),NO DISPONIBLE (cobertura 0.0 %),NO DISPONIBLE (cobertura 0.0 %),1,4,0,,
C1-5000,C1,5000,250,faena=propia|granjas=integradas:0|pollito=compra|alimento=compra|flota=tercero|frio=A_refrigerado|subprod=A_externo|terreno=compra_fase|autom=semi|linea=lotes,madura,1,2026-10-01,USD,EFLUENTES,INCOMPLETO,4,0,2,2,0,,,,,0,0,0,0,4,SIN_MONTO,,,,,0,NO CALCULABLE: 4 conceptos sin magnitud,NO DISPONIBLE: 4 conceptos sin costo,NO DISPONIBLE (cobertura 0.0 %),NO DISPONIBLE (cobertura 0.0 %),NO DISPONIBLE (cobertura 0.0 %),NO DISPONIBLE (cobertura 0.0 %),NO DISPONIBLE (cobertura 0.0 %),0,0,0,,
C1-5000,C1,5000,250,faena=propia|granjas=integradas:0|pollito=compra|alimento=compra|flota=tercero|frio=A_refrigerado|subprod=A_externo|terreno=compra_fase|autom=semi|linea=lotes,madura,1,2026-10-01,USD,EMPAQUE,INCOMPLETO,9,0,9,0,0,,,,,0,0,0,0,9,SIN_MONTO,,,,,0,NO CALCULABLE: 9 conceptos sin magnitud,NO DISPONIBLE: 9 conceptos sin costo,NO DISPONIBLE (cobertura 0.0 %),NO DISPONIBLE (cobertura 0.0 %),NO DISPONIBLE (cobertura 0.0 %),NO DISPONIBLE (cobertura 0.0 %),NO DISPONIBLE (cobertura 0.0 %),0,0,0,,
C1-5000,C1,5000,250,faena=propia|granjas=integradas:0|pollito=compra|alimento=compra|flota=tercero|frio=A_refrigerado|subprod=A_externo|terreno=compra_fase|autom=semi|linea=lotes,madura,1,2026-10-01,USD,FAENA,INCOMPLETO,4,0,4,0,0,,,,,0,0,0,0,4,SIN_MONTO,,,,,0,NO CALCULABLE: 4 conceptos sin magnitud,NO DISPONIBLE: 4 conceptos sin costo,NO DISPONIBLE (cobertura 0.0 %),NO DISPONIBLE (cobertura 0.0 %),NO DISPONIBLE (cobertura 0.0 %),NO DISPONIBLE (cobertura 0.0 %),NO DISPONIBLE (cobertura 0.0 %),0,1,0,,
C1-5000,C1,5000,250,faena=propia|granjas=integradas:0|pollito=compra|alimento=compra|flota=tercero|frio=A_refrigerado|subprod=A_externo|terreno=compra_fase|autom=semi|linea=lotes,madura,1,2026-10-01,USD,LOGISTICA,INCOMPLETO,6,0,0,6,0,,,,,0,0,0,0,6,SIN_MONTO,,,,,0,NO CALCULABLE: 6 conceptos sin magnitud,NO DISPONIBLE: 6 conceptos sin costo,NO DISPONIBLE (cobertura 0.0 %),NO DISPONIBLE (cobertura 0.0 %),NO DISPONIBLE (cobertura 0.0 %),NO DISPONIBLE (cobertura 0.0 %),NO DISPONIBLE (cobertura 0.0 %),0,0,0,,
C1-5000,C1,5000,250,faena=propia|granjas=integradas:0|pollito=compra|alimento=compra|flota=tercero|frio=A_refrigerado|subprod=A_externo|terreno=compra_fase|autom=semi|linea=lotes,madura,1,2026-10-01,USD,MANTENIMIENTO,INCOMPLETO,5,0,0,5,0,,,,,0,0,0,0,5,SIN_MONTO,,,,,0,NO CALCULABLE: 5 conceptos sin magnitud,NO DISPONIBLE: 5 conceptos sin costo,NO DISPONIBLE (cobertura 0.0 %),NO DISPONIBLE (cobertura 0.0 %),NO DISPONIBLE (cobertura 0.0 %),NO DISPONIBLE (cobertura 0.0 %),NO DISPONIBLE (cobertura 0.0 %),0,1,0,,
C1-5000,C1,5000,250,faena=propia|granjas=integradas:0|pollito=compra|alimento=compra|flota=tercero|frio=A_refrigerado|subprod=A_externo|terreno=compra_fase|autom=semi|linea=lotes,madura,1,2026-10-01,USD,POLLITOS,COMPLETO,1,1,0,0,0,0,0,1.16502e+06,0,0,0,1,0,0,MONTO_CON_REFERENCIAS_DEBILES_E4,1.16502e+06,1.16502e+06,0,0,100,100,1165019,NO DISPONIBLE (cobertura 100.0 %),NO DISPONIBLE (cobertura 100.0 %),NO DISPONIBLE (cobertura 100.0 %),NO DISPONIBLE (cobertura 100.0 %),NO DISPONIBLE (cobertura 100.0 %),0,0,0,,
C1-5000,C1,5000,250,faena=propia|granjas=integradas:0|pollito=compra|alimento=compra|flota=tercero|frio=A_refrigerado|subprod=A_externo|terreno=compra_fase|autom=semi|linea=lotes,madura,1,2026-10-01,USD,PRODUCCION_PRIMARIA,INCOMPLETO,9,0,1,2,6,,,,,0,0,0,0,9,SIN_MONTO,,,,,0,NO CALCULABLE: 9 conceptos sin magnitud,NO DISPONIBLE: 9 conceptos sin costo,NO DISPONIBLE (cobertura 0.0 %),NO DISPONIBLE (cobertura 0.0 %),NO DISPONIBLE (cobertura 0.0 %),NO DISPONIBLE (cobertura 0.0 %),NO DISPONIBLE (cobertura 0.0 %),2,0,0,,
C1-5000,C1,5000,250,faena=propia|granjas=integradas:0|pollito=compra|alimento=compra|flota=tercero|frio=A_refrigerado|subprod=A_externo|terreno=compra_fase|autom=semi|linea=lotes,madura,1,2026-10-01,USD,SEGUROS,INCOMPLETO,5,0,5,0,0,,,,,0,0,0,0,5,SIN_MONTO,,,,,0,NO CALCULABLE: 5 conceptos sin magnitud,NO DISPONIBLE: 5 conceptos sin costo,NO DISPONIBLE (cobertura 0.0 %),NO DISPONIBLE (cobertura 0.0 %),NO DISPONIBLE (cobertura 0.0 %),NO DISPONIBLE (cobertura 0.0 %),NO DISPONIBLE (cobertura 0.0 %),0,0,0,,
C1-5000,C1,5000,250,faena=propia|granjas=integradas:0|pollito=compra|alimento=compra|flota=tercero|frio=A_refrigerado|subprod=A_externo|terreno=compra_fase|autom=semi|linea=lotes,madura,1,2026-10-01,USD,SUBPRODUCTOS,INCOMPLETO,6,0,6,0,0,,,,,0,0,0,0,6,SIN_MONTO,,,,,0,NO CALCULABLE: 6 conceptos sin magnitud,NO DISPONIBLE: 6 conceptos sin costo,NO DISPONIBLE (cobertura 0.0 %),NO DISPONIBLE (cobertura 0.0 %),NO DISPONIBLE (cobertura 0.0 %),NO DISPONIBLE (cobertura 0.0 %),NO DISPONIBLE (cobertura 0.0 %),0,0,0,,
C1-5000,C1,5000,250,faena=propia|granjas=integradas:0|pollito=compra|alimento=compra|flota=tercero|frio=A_refrigerado|subprod=A_externo|terreno=compra_fase|autom=semi|linea=lotes,madura,1,2026-10-01,USD,UTILITIES,INCOMPLETO,6,0,5,1,0,,,,,0,0,0,0,6,SIN_MONTO,,,,,0,NO CALCULABLE: 6 conceptos sin magnitud,NO DISPONIBLE: 6 conceptos sin costo,NO DISPONIBLE (cobertura 0.0 %),NO DISPONIBLE (cobertura 0.0 %),NO DISPONIBLE (cobertura 0.0 %),NO DISPONIBLE (cobertura 0.0 %),NO DISPONIBLE (cobertura 0.0 %),0,5,0,,
C1-5000,C1,5000,250,faena=propia|granjas=integradas:0|pollito=compra|alimento=compra|flota=tercero|frio=A_refrigerado|subprod=A_externo|terreno=compra_fase|autom=semi|linea=lotes,madura,1,2026-10-01,USD,TOTAL,INCOMPLETO,114,1,87,20,6,0,0,1.16502e+06,0,0,0,1,0,113,MONTO_CON_REFERENCIAS_DEBILES_E4,1.16502e+06,1.16502e+06,0,0,0.877193,NO CALCULABLE: 113 conceptos sin magnitud,NO DISPONIBLE: 113 conceptos sin costo,NO DISPONIBLE (cobertura 0.9 %),NO DISPONIBLE (cobertura 0.9 %),NO DISPONIBLE (cobertura 0.9 %),NO DISPONIBLE (cobertura 0.9 %),NO DISPONIBLE (cobertura 0.9 %),3,11,0,PENDIENTE,
C1-10000,C1,10000,250,faena=propia|granjas=integradas:0|pollito=compra|alimento=compra|flota=tercero|frio=A_refrigerado|subprod=A_externo|terreno=compra_fase|autom=semi|linea=lotes,madura,1,2026-10-01,USD,ADMINISTRACION,INCOMPLETO,8,0,8,0,0,,,,,0,0,0,0,8,SIN_MONTO,,,,,0,NO CALCULABLE: 8 conceptos sin magnitud,NO DISPONIBLE: 8 conceptos sin costo,NO DISPONIBLE (cobertura 0.0 %),NO DISPONIBLE (cobertura 0.0 %),NO DISPONIBLE (cobertura 0.0 %),NO DISPONIBLE (cobertura 0.0 %),NO DISPONIBLE (cobertura 0.0 %),0,0,0,,
C1-10000,C1,10000,250,faena=propia|granjas=integradas:0|pollito=compra|alimento=compra|flota=tercero|frio=A_refrigerado|subprod=A_externo|terreno=compra_fase|autom=semi|linea=lotes,madura,1,2026-10-01,USD,ALIMENTO,INCOMPLETO,2,0,2,0,0,,,,,0,0,0,0,2,SIN_MONTO,,,,,0,NO CALCULABLE: 2 conceptos sin magnitud,NO DISPONIBLE: 2 conceptos sin costo,NO DISPONIBLE (cobertura 0.0 %),NO DISPONIBLE (cobertura 0.0 %),NO DISPONIBLE (cobertura 0.0 %),NO DISPONIBLE (cobertura 0.0 %),NO DISPONIBLE (cobertura 0.0 %),0,0,0,,
C1-10000,C1,10000,250,faena=propia|granjas=integradas:0|pollito=compra|alimento=compra|flota=tercero|frio=A_refrigerado|subprod=A_externo|terreno=compra_fase|autom=semi|linea=lotes,madura,1,2026-10-01,USD,CALIDAD,INCOMPLETO,8,0,5,3,0,,,,,0,0,0,0,8,SIN_MONTO,,,,,0,NO CALCULABLE: 8 conceptos sin magnitud,NO DISPONIBLE: 8 conceptos sin costo,NO DISPONIBLE (cobertura 0.0 %),NO DISPONIBLE (cobertura 0.0 %),NO DISPONIBLE (cobertura 0.0 %),NO DISPONIBLE (cobertura 0.0 %),NO DISPONIBLE (cobertura 0.0 %),0,0,0,,
C1-10000,C1,10000,250,faena=propia|granjas=integradas:0|pollito=compra|alimento=compra|flota=tercero|frio=A_refrigerado|subprod=A_externo|terreno=compra_fase|autom=semi|linea=lotes,madura,1,2026-10-01,USD,COMERCIAL,INCOMPLETO,2,0,2,0,0,,,,,0,0,0,0,2,SIN_MONTO,,,,,0,NO CALCULABLE: 2 conceptos sin magnitud,NO DISPONIBLE: 2 conceptos sin costo,NO DISPONIBLE (cobertura 0.0 %),NO DISPONIBLE (cobertura 0.0 %),NO DISPONIBLE (cobertura 0.0 %),NO DISPONIBLE (cobertura 0.0 %),NO DISPONIBLE (cobertura 0.0 %),0,0,0,,
C1-10000,C1,10000,250,faena=propia|granjas=integradas:0|pollito=compra|alimento=compra|flota=tercero|frio=A_refrigerado|subprod=A_externo|terreno=compra_fase|autom=semi|linea=lotes,madura,1,2026-10-01,USD,COSTO_LABORAL,INCOMPLETO,43,0,42,1,0,,,,,0,0,0,0,43,SIN_MONTO,,,,,0,NO CALCULABLE: 43 conceptos sin magnitud,NO DISPONIBLE: 43 conceptos sin costo,NO DISPONIBLE (cobertura 0.0 %),NO DISPONIBLE (cobertura 0.0 %),NO DISPONIBLE (cobertura 0.0 %),NO DISPONIBLE (cobertura 0.0 %),NO DISPONIBLE (cobertura 0.0 %),1,4,0,,
C1-10000,C1,10000,250,faena=propia|granjas=integradas:0|pollito=compra|alimento=compra|flota=tercero|frio=A_refrigerado|subprod=A_externo|terreno=compra_fase|autom=semi|linea=lotes,madura,1,2026-10-01,USD,EFLUENTES,INCOMPLETO,4,0,2,2,0,,,,,0,0,0,0,4,SIN_MONTO,,,,,0,NO CALCULABLE: 4 conceptos sin magnitud,NO DISPONIBLE: 4 conceptos sin costo,NO DISPONIBLE (cobertura 0.0 %),NO DISPONIBLE (cobertura 0.0 %),NO DISPONIBLE (cobertura 0.0 %),NO DISPONIBLE (cobertura 0.0 %),NO DISPONIBLE (cobertura 0.0 %),0,0,0,,
C1-10000,C1,10000,250,faena=propia|granjas=integradas:0|pollito=compra|alimento=compra|flota=tercero|frio=A_refrigerado|subprod=A_externo|terreno=compra_fase|autom=semi|linea=lotes,madura,1,2026-10-01,USD,EMPAQUE,INCOMPLETO,9,0,9,0,0,,,,,0,0,0,0,9,SIN_MONTO,,,,,0,NO CALCULABLE: 9 conceptos sin magnitud,NO DISPONIBLE: 9 conceptos sin costo,NO DISPONIBLE (cobertura 0.0 %),NO DISPONIBLE (cobertura 0.0 %),NO DISPONIBLE (cobertura 0.0 %),NO DISPONIBLE (cobertura 0.0 %),NO DISPONIBLE (cobertura 0.0 %),0,0,0,,
C1-10000,C1,10000,250,faena=propia|granjas=integradas:0|pollito=compra|alimento=compra|flota=tercero|frio=A_refrigerado|subprod=A_externo|terreno=compra_fase|autom=semi|linea=lotes,madura,1,2026-10-01,USD,FAENA,INCOMPLETO,4,0,4,0,0,,,,,0,0,0,0,4,SIN_MONTO,,,,,0,NO CALCULABLE: 4 conceptos sin magnitud,NO DISPONIBLE: 4 conceptos sin costo,NO DISPONIBLE (cobertura 0.0 %),NO DISPONIBLE (cobertura 0.0 %),NO DISPONIBLE (cobertura 0.0 %),NO DISPONIBLE (cobertura 0.0 %),NO DISPONIBLE (cobertura 0.0 %),0,1,0,,
C1-10000,C1,10000,250,faena=propia|granjas=integradas:0|pollito=compra|alimento=compra|flota=tercero|frio=A_refrigerado|subprod=A_externo|terreno=compra_fase|autom=semi|linea=lotes,madura,1,2026-10-01,USD,LOGISTICA,INCOMPLETO,6,0,0,6,0,,,,,0,0,0,0,6,SIN_MONTO,,,,,0,NO CALCULABLE: 6 conceptos sin magnitud,NO DISPONIBLE: 6 conceptos sin costo,NO DISPONIBLE (cobertura 0.0 %),NO DISPONIBLE (cobertura 0.0 %),NO DISPONIBLE (cobertura 0.0 %),NO DISPONIBLE (cobertura 0.0 %),NO DISPONIBLE (cobertura 0.0 %),0,0,0,,
C1-10000,C1,10000,250,faena=propia|granjas=integradas:0|pollito=compra|alimento=compra|flota=tercero|frio=A_refrigerado|subprod=A_externo|terreno=compra_fase|autom=semi|linea=lotes,madura,1,2026-10-01,USD,MANTENIMIENTO,INCOMPLETO,5,0,0,5,0,,,,,0,0,0,0,5,SIN_MONTO,,,,,0,NO CALCULABLE: 5 conceptos sin magnitud,NO DISPONIBLE: 5 conceptos sin costo,NO DISPONIBLE (cobertura 0.0 %),NO DISPONIBLE (cobertura 0.0 %),NO DISPONIBLE (cobertura 0.0 %),NO DISPONIBLE (cobertura 0.0 %),NO DISPONIBLE (cobertura 0.0 %),0,1,0,,
C1-10000,C1,10000,250,faena=propia|granjas=integradas:0|pollito=compra|alimento=compra|flota=tercero|frio=A_refrigerado|subprod=A_externo|terreno=compra_fase|autom=semi|linea=lotes,madura,1,2026-10-01,USD,POLLITOS,COMPLETO,1,1,0,0,0,0,0,2.33004e+06,0,0,0,1,0,0,MONTO_CON_REFERENCIAS_DEBILES_E4,2.33004e+06,2.33004e+06,0,0,100,100,2330038,NO DISPONIBLE (cobertura 100.0 %),NO DISPONIBLE (cobertura 100.0 %),NO DISPONIBLE (cobertura 100.0 %),NO DISPONIBLE (cobertura 100.0 %),NO DISPONIBLE (cobertura 100.0 %),0,0,0,,
C1-10000,C1,10000,250,faena=propia|granjas=integradas:0|pollito=compra|alimento=compra|flota=tercero|frio=A_refrigerado|subprod=A_externo|terreno=compra_fase|autom=semi|linea=lotes,madura,1,2026-10-01,USD,PRODUCCION_PRIMARIA,INCOMPLETO,9,0,1,2,6,,,,,0,0,0,0,9,SIN_MONTO,,,,,0,NO CALCULABLE: 9 conceptos sin magnitud,NO DISPONIBLE: 9 conceptos sin costo,NO DISPONIBLE (cobertura 0.0 %),NO DISPONIBLE (cobertura 0.0 %),NO DISPONIBLE (cobertura 0.0 %),NO DISPONIBLE (cobertura 0.0 %),NO DISPONIBLE (cobertura 0.0 %),2,0,0,,
C1-10000,C1,10000,250,faena=propia|granjas=integradas:0|pollito=compra|alimento=compra|flota=tercero|frio=A_refrigerado|subprod=A_externo|terreno=compra_fase|autom=semi|linea=lotes,madura,1,2026-10-01,USD,SEGUROS,INCOMPLETO,5,0,5,0,0,,,,,0,0,0,0,5,SIN_MONTO,,,,,0,NO CALCULABLE: 5 conceptos sin magnitud,NO DISPONIBLE: 5 conceptos sin costo,NO DISPONIBLE (cobertura 0.0 %),NO DISPONIBLE (cobertura 0.0 %),NO DISPONIBLE (cobertura 0.0 %),NO DISPONIBLE (cobertura 0.0 %),NO DISPONIBLE (cobertura 0.0 %),0,0,0,,
C1-10000,C1,10000,250,faena=propia|granjas=integradas:0|pollito=compra|alimento=compra|flota=tercero|frio=A_refrigerado|subprod=A_externo|terreno=compra_fase|autom=semi|linea=lotes,madura,1,2026-10-01,USD,SUBPRODUCTOS,INCOMPLETO,6,0,6,0,0,,,,,0,0,0,0,6,SIN_MONTO,,,,,0,NO CALCULABLE: 6 conceptos sin magnitud,NO DISPONIBLE: 6 conceptos sin costo,NO DISPONIBLE (cobertura 0.0 %),NO DISPONIBLE (cobertura 0.0 %),NO DISPONIBLE (cobertura 0.0 %),NO DISPONIBLE (cobertura 0.0 %),NO DISPONIBLE (cobertura 0.0 %),0,0,0,,
C1-10000,C1,10000,250,faena=propia|granjas=integradas:0|pollito=compra|alimento=compra|flota=tercero|frio=A_refrigerado|subprod=A_externo|terreno=compra_fase|autom=semi|linea=lotes,madura,1,2026-10-01,USD,UTILITIES,INCOMPLETO,6,0,5,1,0,,,,,0,0,0,0,6,SIN_MONTO,,,,,0,NO CALCULABLE: 6 conceptos sin magnitud,NO DISPONIBLE: 6 conceptos sin costo,NO DISPONIBLE (cobertura 0.0 %),NO DISPONIBLE (cobertura 0.0 %),NO DISPONIBLE (cobertura 0.0 %),NO DISPONIBLE (cobertura 0.0 %),NO DISPONIBLE (cobertura 0.0 %),0,5,0,,
C1-10000,C1,10000,250,faena=propia|granjas=integradas:0|pollito=compra|alimento=compra|flota=tercero|frio=A_refrigerado|subprod=A_externo|terreno=compra_fase|autom=semi|linea=lotes,madura,1,2026-10-01,USD,TOTAL,INCOMPLETO,118,1,91,20,6,0,0,2.33004e+06,0,0,0,1,0,117,MONTO_CON_REFERENCIAS_DEBILES_E4,2.33004e+06,2.33004e+06,0,0,0.847458,NO CALCULABLE: 117 conceptos sin magnitud,NO DISPONIBLE: 117 conceptos sin costo,NO DISPONIBLE (cobertura 0.8 %),NO DISPONIBLE (cobertura 0.8 %),NO DISPONIBLE (cobertura 0.8 %),NO DISPONIBLE (cobertura 0.8 %),NO DISPONIBLE (cobertura 0.8 %),3,11,0,PENDIENTE,
C1-20000,C1,20000,250,faena=propia|granjas=integradas:0|pollito=compra|alimento=compra|flota=tercero|frio=A_refrigerado|subprod=A_externo|terreno=compra_fase|autom=semi|linea=lotes,madura,1,2026-10-01,USD,ADMINISTRACION,INCOMPLETO,8,0,8,0,0,,,,,0,0,0,0,8,SIN_MONTO,,,,,0,NO CALCULABLE: 8 conceptos sin magnitud,NO DISPONIBLE: 8 conceptos sin costo,NO DISPONIBLE (cobertura 0.0 %),NO DISPONIBLE (cobertura 0.0 %),NO DISPONIBLE (cobertura 0.0 %),NO DISPONIBLE (cobertura 0.0 %),NO DISPONIBLE (cobertura 0.0 %),0,0,0,,
C1-20000,C1,20000,250,faena=propia|granjas=integradas:0|pollito=compra|alimento=compra|flota=tercero|frio=A_refrigerado|subprod=A_externo|terreno=compra_fase|autom=semi|linea=lotes,madura,1,2026-10-01,USD,ALIMENTO,INCOMPLETO,2,0,2,0,0,,,,,0,0,0,0,2,SIN_MONTO,,,,,0,NO CALCULABLE: 2 conceptos sin magnitud,NO DISPONIBLE: 2 conceptos sin costo,NO DISPONIBLE (cobertura 0.0 %),NO DISPONIBLE (cobertura 0.0 %),NO DISPONIBLE (cobertura 0.0 %),NO DISPONIBLE (cobertura 0.0 %),NO DISPONIBLE (cobertura 0.0 %),0,0,0,,
C1-20000,C1,20000,250,faena=propia|granjas=integradas:0|pollito=compra|alimento=compra|flota=tercero|frio=A_refrigerado|subprod=A_externo|terreno=compra_fase|autom=semi|linea=lotes,madura,1,2026-10-01,USD,CALIDAD,INCOMPLETO,8,0,5,3,0,,,,,0,0,0,0,8,SIN_MONTO,,,,,0,NO CALCULABLE: 8 conceptos sin magnitud,NO DISPONIBLE: 8 conceptos sin costo,NO DISPONIBLE (cobertura 0.0 %),NO DISPONIBLE (cobertura 0.0 %),NO DISPONIBLE (cobertura 0.0 %),NO DISPONIBLE (cobertura 0.0 %),NO DISPONIBLE (cobertura 0.0 %),0,0,0,,
C1-20000,C1,20000,250,faena=propia|granjas=integradas:0|pollito=compra|alimento=compra|flota=tercero|frio=A_refrigerado|subprod=A_externo|terreno=compra_fase|autom=semi|linea=lotes,madura,1,2026-10-01,USD,COMERCIAL,INCOMPLETO,2,0,2,0,0,,,,,0,0,0,0,2,SIN_MONTO,,,,,0,NO CALCULABLE: 2 conceptos sin magnitud,NO DISPONIBLE: 2 conceptos sin costo,NO DISPONIBLE (cobertura 0.0 %),NO DISPONIBLE (cobertura 0.0 %),NO DISPONIBLE (cobertura 0.0 %),NO DISPONIBLE (cobertura 0.0 %),NO DISPONIBLE (cobertura 0.0 %),0,0,0,,
C1-20000,C1,20000,250,faena=propia|granjas=integradas:0|pollito=compra|alimento=compra|flota=tercero|frio=A_refrigerado|subprod=A_externo|terreno=compra_fase|autom=semi|linea=lotes,madura,1,2026-10-01,USD,COSTO_LABORAL,INCOMPLETO,44,0,43,1,0,,,,,0,0,0,0,44,SIN_MONTO,,,,,0,NO CALCULABLE: 44 conceptos sin magnitud,NO DISPONIBLE: 44 conceptos sin costo,NO DISPONIBLE (cobertura 0.0 %),NO DISPONIBLE (cobertura 0.0 %),NO DISPONIBLE (cobertura 0.0 %),NO DISPONIBLE (cobertura 0.0 %),NO DISPONIBLE (cobertura 0.0 %),1,4,0,,
C1-20000,C1,20000,250,faena=propia|granjas=integradas:0|pollito=compra|alimento=compra|flota=tercero|frio=A_refrigerado|subprod=A_externo|terreno=compra_fase|autom=semi|linea=lotes,madura,1,2026-10-01,USD,EFLUENTES,INCOMPLETO,4,0,2,2,0,,,,,0,0,0,0,4,SIN_MONTO,,,,,0,NO CALCULABLE: 4 conceptos sin magnitud,NO DISPONIBLE: 4 conceptos sin costo,NO DISPONIBLE (cobertura 0.0 %),NO DISPONIBLE (cobertura 0.0 %),NO DISPONIBLE (cobertura 0.0 %),NO DISPONIBLE (cobertura 0.0 %),NO DISPONIBLE (cobertura 0.0 %),0,0,0,,
C1-20000,C1,20000,250,faena=propia|granjas=integradas:0|pollito=compra|alimento=compra|flota=tercero|frio=A_refrigerado|subprod=A_externo|terreno=compra_fase|autom=semi|linea=lotes,madura,1,2026-10-01,USD,EMPAQUE,INCOMPLETO,9,0,9,0,0,,,,,0,0,0,0,9,SIN_MONTO,,,,,0,NO CALCULABLE: 9 conceptos sin magnitud,NO DISPONIBLE: 9 conceptos sin costo,NO DISPONIBLE (cobertura 0.0 %),NO DISPONIBLE (cobertura 0.0 %),NO DISPONIBLE (cobertura 0.0 %),NO DISPONIBLE (cobertura 0.0 %),NO DISPONIBLE (cobertura 0.0 %),0,0,0,,
C1-20000,C1,20000,250,faena=propia|granjas=integradas:0|pollito=compra|alimento=compra|flota=tercero|frio=A_refrigerado|subprod=A_externo|terreno=compra_fase|autom=semi|linea=lotes,madura,1,2026-10-01,USD,FAENA,INCOMPLETO,4,0,4,0,0,,,,,0,0,0,0,4,SIN_MONTO,,,,,0,NO CALCULABLE: 4 conceptos sin magnitud,NO DISPONIBLE: 4 conceptos sin costo,NO DISPONIBLE (cobertura 0.0 %),NO DISPONIBLE (cobertura 0.0 %),NO DISPONIBLE (cobertura 0.0 %),NO DISPONIBLE (cobertura 0.0 %),NO DISPONIBLE (cobertura 0.0 %),0,1,0,,
C1-20000,C1,20000,250,faena=propia|granjas=integradas:0|pollito=compra|alimento=compra|flota=tercero|frio=A_refrigerado|subprod=A_externo|terreno=compra_fase|autom=semi|linea=lotes,madura,1,2026-10-01,USD,LOGISTICA,INCOMPLETO,6,0,0,6,0,,,,,0,0,0,0,6,SIN_MONTO,,,,,0,NO CALCULABLE: 6 conceptos sin magnitud,NO DISPONIBLE: 6 conceptos sin costo,NO DISPONIBLE (cobertura 0.0 %),NO DISPONIBLE (cobertura 0.0 %),NO DISPONIBLE (cobertura 0.0 %),NO DISPONIBLE (cobertura 0.0 %),NO DISPONIBLE (cobertura 0.0 %),0,0,0,,
C1-20000,C1,20000,250,faena=propia|granjas=integradas:0|pollito=compra|alimento=compra|flota=tercero|frio=A_refrigerado|subprod=A_externo|terreno=compra_fase|autom=semi|linea=lotes,madura,1,2026-10-01,USD,MANTENIMIENTO,INCOMPLETO,5,0,0,5,0,,,,,0,0,0,0,5,SIN_MONTO,,,,,0,NO CALCULABLE: 5 conceptos sin magnitud,NO DISPONIBLE: 5 conceptos sin costo,NO DISPONIBLE (cobertura 0.0 %),NO DISPONIBLE (cobertura 0.0 %),NO DISPONIBLE (cobertura 0.0 %),NO DISPONIBLE (cobertura 0.0 %),NO DISPONIBLE (cobertura 0.0 %),0,1,0,,
C1-20000,C1,20000,250,faena=propia|granjas=integradas:0|pollito=compra|alimento=compra|flota=tercero|frio=A_refrigerado|subprod=A_externo|terreno=compra_fase|autom=semi|linea=lotes,madura,1,2026-10-01,USD,POLLITOS,COMPLETO,1,1,0,0,0,0,0,4.66008e+06,0,0,0,1,0,0,MONTO_CON_REFERENCIAS_DEBILES_E4,4.66008e+06,4.66008e+06,0,0,100,100,4660076,NO DISPONIBLE (cobertura 100.0 %),NO DISPONIBLE (cobertura 100.0 %),NO DISPONIBLE (cobertura 100.0 %),NO DISPONIBLE (cobertura 100.0 %),NO DISPONIBLE (cobertura 100.0 %),0,0,0,,
C1-20000,C1,20000,250,faena=propia|granjas=integradas:0|pollito=compra|alimento=compra|flota=tercero|frio=A_refrigerado|subprod=A_externo|terreno=compra_fase|autom=semi|linea=lotes,madura,1,2026-10-01,USD,PRODUCCION_PRIMARIA,INCOMPLETO,9,0,1,2,6,,,,,0,0,0,0,9,SIN_MONTO,,,,,0,NO CALCULABLE: 9 conceptos sin magnitud,NO DISPONIBLE: 9 conceptos sin costo,NO DISPONIBLE (cobertura 0.0 %),NO DISPONIBLE (cobertura 0.0 %),NO DISPONIBLE (cobertura 0.0 %),NO DISPONIBLE (cobertura 0.0 %),NO DISPONIBLE (cobertura 0.0 %),2,0,0,,
C1-20000,C1,20000,250,faena=propia|granjas=integradas:0|pollito=compra|alimento=compra|flota=tercero|frio=A_refrigerado|subprod=A_externo|terreno=compra_fase|autom=semi|linea=lotes,madura,1,2026-10-01,USD,SEGUROS,INCOMPLETO,5,0,5,0,0,,,,,0,0,0,0,5,SIN_MONTO,,,,,0,NO CALCULABLE: 5 conceptos sin magnitud,NO DISPONIBLE: 5 conceptos sin costo,NO DISPONIBLE (cobertura 0.0 %),NO DISPONIBLE (cobertura 0.0 %),NO DISPONIBLE (cobertura 0.0 %),NO DISPONIBLE (cobertura 0.0 %),NO DISPONIBLE (cobertura 0.0 %),0,0,0,,
C1-20000,C1,20000,250,faena=propia|granjas=integradas:0|pollito=compra|alimento=compra|flota=tercero|frio=A_refrigerado|subprod=A_externo|terreno=compra_fase|autom=semi|linea=lotes,madura,1,2026-10-01,USD,SUBPRODUCTOS,INCOMPLETO,6,0,6,0,0,,,,,0,0,0,0,6,SIN_MONTO,,,,,0,NO CALCULABLE: 6 conceptos sin magnitud,NO DISPONIBLE: 6 conceptos sin costo,NO DISPONIBLE (cobertura 0.0 %),NO DISPONIBLE (cobertura 0.0 %),NO DISPONIBLE (cobertura 0.0 %),NO DISPONIBLE (cobertura 0.0 %),NO DISPONIBLE (cobertura 0.0 %),0,0,0,,
C1-20000,C1,20000,250,faena=propia|granjas=integradas:0|pollito=compra|alimento=compra|flota=tercero|frio=A_refrigerado|subprod=A_externo|terreno=compra_fase|autom=semi|linea=lotes,madura,1,2026-10-01,USD,UTILITIES,INCOMPLETO,6,0,5,1,0,,,,,0,0,0,0,6,SIN_MONTO,,,,,0,NO CALCULABLE: 6 conceptos sin magnitud,NO DISPONIBLE: 6 conceptos sin costo,NO DISPONIBLE (cobertura 0.0 %),NO DISPONIBLE (cobertura 0.0 %),NO DISPONIBLE (cobertura 0.0 %),NO DISPONIBLE (cobertura 0.0 %),NO DISPONIBLE (cobertura 0.0 %),0,5,0,,
C1-20000,C1,20000,250,faena=propia|granjas=integradas:0|pollito=compra|alimento=compra|flota=tercero|frio=A_refrigerado|subprod=A_externo|terreno=compra_fase|autom=semi|linea=lotes,madura,1,2026-10-01,USD,TOTAL,INCOMPLETO,119,1,92,20,6,0,0,4.66008e+06,0,0,0,1,0,118,MONTO_CON_REFERENCIAS_DEBILES_E4,4.66008e+06,4.66008e+06,0,0,0.840336,NO CALCULABLE: 118 conceptos sin magnitud,NO DISPONIBLE: 118 conceptos sin costo,NO DISPONIBLE (cobertura 0.8 %),NO DISPONIBLE (cobertura 0.8 %),NO DISPONIBLE (cobertura 0.8 %),NO DISPONIBLE (cobertura 0.8 %),NO DISPONIBLE (cobertura 0.8 %),3,11,0,PENDIENTE,
C2-2500,C2,2500,250,"faena=propia|granjas=mixto:0.25|pollito=compra|alimento=facon|flota=mixto(vivo,refrigerado,servicio)|frio=B_refrigerado_congelado|subprod=A_externo|terreno=compra_fase|autom=semi|linea=lotes",madura,1,2026-10-01,USD,ADMINISTRACION,INCOMPLETO,8,0,8,0,0,,,,,0,0,0,0,8,SIN_MONTO,,,,,0,NO CALCULABLE: 8 conceptos sin magnitud,NO DISPONIBLE: 8 conceptos sin costo,NO DISPONIBLE (cobertura 0.0 %),NO DISPONIBLE (cobertura 0.0 %),NO DISPONIBLE (cobertura 0.0 %),NO DISPONIBLE (cobertura 0.0 %),NO DISPONIBLE (cobertura 0.0 %),0,0,0,,
C2-2500,C2,2500,250,"faena=propia|granjas=mixto:0.25|pollito=compra|alimento=facon|flota=mixto(vivo,refrigerado,servicio)|frio=B_refrigerado_congelado|subprod=A_externo|terreno=compra_fase|autom=semi|linea=lotes",madura,1,2026-10-01,USD,ALIMENTO,INCOMPLETO,1,0,0,1,0,,,,,0,0,0,0,1,SIN_MONTO,,,,,0,NO CALCULABLE: 1 conceptos sin magnitud,NO DISPONIBLE: 1 conceptos sin costo,NO DISPONIBLE (cobertura 0.0 %),NO DISPONIBLE (cobertura 0.0 %),NO DISPONIBLE (cobertura 0.0 %),NO DISPONIBLE (cobertura 0.0 %),NO DISPONIBLE (cobertura 0.0 %),0,0,0,,
C2-2500,C2,2500,250,"faena=propia|granjas=mixto:0.25|pollito=compra|alimento=facon|flota=mixto(vivo,refrigerado,servicio)|frio=B_refrigerado_congelado|subprod=A_externo|terreno=compra_fase|autom=semi|linea=lotes",madura,1,2026-10-01,USD,CALIDAD,INCOMPLETO,8,0,5,3,0,,,,,0,0,0,0,8,SIN_MONTO,,,,,0,NO CALCULABLE: 8 conceptos sin magnitud,NO DISPONIBLE: 8 conceptos sin costo,NO DISPONIBLE (cobertura 0.0 %),NO DISPONIBLE (cobertura 0.0 %),NO DISPONIBLE (cobertura 0.0 %),NO DISPONIBLE (cobertura 0.0 %),NO DISPONIBLE (cobertura 0.0 %),0,0,0,,
C2-2500,C2,2500,250,"faena=propia|granjas=mixto:0.25|pollito=compra|alimento=facon|flota=mixto(vivo,refrigerado,servicio)|frio=B_refrigerado_congelado|subprod=A_externo|terreno=compra_fase|autom=semi|linea=lotes",madura,1,2026-10-01,USD,COMERCIAL,INCOMPLETO,2,0,2,0,0,,,,,0,0,0,0,2,SIN_MONTO,,,,,0,NO CALCULABLE: 2 conceptos sin magnitud,NO DISPONIBLE: 2 conceptos sin costo,NO DISPONIBLE (cobertura 0.0 %),NO DISPONIBLE (cobertura 0.0 %),NO DISPONIBLE (cobertura 0.0 %),NO DISPONIBLE (cobertura 0.0 %),NO DISPONIBLE (cobertura 0.0 %),0,0,0,,
C2-2500,C2,2500,250,"faena=propia|granjas=mixto:0.25|pollito=compra|alimento=facon|flota=mixto(vivo,refrigerado,servicio)|frio=B_refrigerado_congelado|subprod=A_externo|terreno=compra_fase|autom=semi|linea=lotes",madura,1,2026-10-01,USD,COSTO_LABORAL,INCOMPLETO,36,0,34,2,0,,,,,0,0,0,0,36,SIN_MONTO,,,,,0,NO CALCULABLE: 36 conceptos sin magnitud,NO DISPONIBLE: 36 conceptos sin costo,NO DISPONIBLE (cobertura 0.0 %),NO DISPONIBLE (cobertura 0.0 %),NO DISPONIBLE (cobertura 0.0 %),NO DISPONIBLE (cobertura 0.0 %),NO DISPONIBLE (cobertura 0.0 %),1,2,0,,
C2-2500,C2,2500,250,"faena=propia|granjas=mixto:0.25|pollito=compra|alimento=facon|flota=mixto(vivo,refrigerado,servicio)|frio=B_refrigerado_congelado|subprod=A_externo|terreno=compra_fase|autom=semi|linea=lotes",madura,1,2026-10-01,USD,EFLUENTES,INCOMPLETO,4,0,2,2,0,,,,,0,0,0,0,4,SIN_MONTO,,,,,0,NO CALCULABLE: 4 conceptos sin magnitud,NO DISPONIBLE: 4 conceptos sin costo,NO DISPONIBLE (cobertura 0.0 %),NO DISPONIBLE (cobertura 0.0 %),NO DISPONIBLE (cobertura 0.0 %),NO DISPONIBLE (cobertura 0.0 %),NO DISPONIBLE (cobertura 0.0 %),0,0,0,,
C2-2500,C2,2500,250,"faena=propia|granjas=mixto:0.25|pollito=compra|alimento=facon|flota=mixto(vivo,refrigerado,servicio)|frio=B_refrigerado_congelado|subprod=A_externo|terreno=compra_fase|autom=semi|linea=lotes",madura,1,2026-10-01,USD,EMPAQUE,INCOMPLETO,9,0,9,0,0,,,,,0,0,0,0,9,SIN_MONTO,,,,,0,NO CALCULABLE: 9 conceptos sin magnitud,NO DISPONIBLE: 9 conceptos sin costo,NO DISPONIBLE (cobertura 0.0 %),NO DISPONIBLE (cobertura 0.0 %),NO DISPONIBLE (cobertura 0.0 %),NO DISPONIBLE (cobertura 0.0 %),NO DISPONIBLE (cobertura 0.0 %),0,0,0,,
C2-2500,C2,2500,250,"faena=propia|granjas=mixto:0.25|pollito=compra|alimento=facon|flota=mixto(vivo,refrigerado,servicio)|frio=B_refrigerado_congelado|subprod=A_externo|terreno=compra_fase|autom=semi|linea=lotes",madura,1,2026-10-01,USD,FAENA,INCOMPLETO,4,0,4,0,0,,,,,0,0,0,0,4,SIN_MONTO,,,,,0,NO CALCULABLE: 4 conceptos sin magnitud,NO DISPONIBLE: 4 conceptos sin costo,NO DISPONIBLE (cobertura 0.0 %),NO DISPONIBLE (cobertura 0.0 %),NO DISPONIBLE (cobertura 0.0 %),NO DISPONIBLE (cobertura 0.0 %),NO DISPONIBLE (cobertura 0.0 %),0,1,0,,
C2-2500,C2,2500,250,"faena=propia|granjas=mixto:0.25|pollito=compra|alimento=facon|flota=mixto(vivo,refrigerado,servicio)|frio=B_refrigerado_congelado|subprod=A_externo|terreno=compra_fase|autom=semi|linea=lotes",madura,1,2026-10-01,USD,LOGISTICA,INCOMPLETO,19,0,10,9,0,,,,,0,0,0,0,19,SIN_MONTO,,,,,0,NO CALCULABLE: 19 conceptos sin magnitud,NO DISPONIBLE: 19 conceptos sin costo,NO DISPONIBLE (cobertura 0.0 %),NO DISPONIBLE (cobertura 0.0 %),NO DISPONIBLE (cobertura 0.0 %),NO DISPONIBLE (cobertura 0.0 %),NO DISPONIBLE (cobertura 0.0 %),0,0,0,,
C2-2500,C2,2500,250,"faena=propia|granjas=mixto:0.25|pollito=compra|alimento=facon|flota=mixto(vivo,refrigerado,servicio)|frio=B_refrigerado_congelado|subprod=A_externo|terreno=compra_fase|autom=semi|linea=lotes",madura,1,2026-10-01,USD,MANTENIMIENTO,INCOMPLETO,6,0,0,6,0,,,,,0,0,0,0,6,SIN_MONTO,,,,,0,NO CALCULABLE: 6 conceptos sin magnitud,NO DISPONIBLE: 6 conceptos sin costo,NO DISPONIBLE (cobertura 0.0 %),NO DISPONIBLE (cobertura 0.0 %),NO DISPONIBLE (cobertura 0.0 %),NO DISPONIBLE (cobertura 0.0 %),NO DISPONIBLE (cobertura 0.0 %),0,1,0,,
C2-2500,C2,2500,250,"faena=propia|granjas=mixto:0.25|pollito=compra|alimento=facon|flota=mixto(vivo,refrigerado,servicio)|frio=B_refrigerado_congelado|subprod=A_externo|terreno=compra_fase|autom=semi|linea=lotes",madura,1,2026-10-01,USD,POLLITOS,COMPLETO,1,1,0,0,0,0,0,582509,0,0,0,1,0,0,MONTO_CON_REFERENCIAS_DEBILES_E4,582509,582509,0,0,100,100,582509,NO DISPONIBLE (cobertura 100.0 %),NO DISPONIBLE (cobertura 100.0 %),NO DISPONIBLE (cobertura 100.0 %),NO DISPONIBLE (cobertura 100.0 %),NO DISPONIBLE (cobertura 100.0 %),0,0,0,,
C2-2500,C2,2500,250,"faena=propia|granjas=mixto:0.25|pollito=compra|alimento=facon|flota=mixto(vivo,refrigerado,servicio)|frio=B_refrigerado_congelado|subprod=A_externo|terreno=compra_fase|autom=semi|linea=lotes",madura,1,2026-10-01,USD,PRODUCCION_PRIMARIA,INCOMPLETO,18,0,6,6,6,,,,,0,0,0,0,18,SIN_MONTO,,,,,0,NO CALCULABLE: 18 conceptos sin magnitud,NO DISPONIBLE: 18 conceptos sin costo,NO DISPONIBLE (cobertura 0.0 %),NO DISPONIBLE (cobertura 0.0 %),NO DISPONIBLE (cobertura 0.0 %),NO DISPONIBLE (cobertura 0.0 %),NO DISPONIBLE (cobertura 0.0 %),2,0,0,,
C2-2500,C2,2500,250,"faena=propia|granjas=mixto:0.25|pollito=compra|alimento=facon|flota=mixto(vivo,refrigerado,servicio)|frio=B_refrigerado_congelado|subprod=A_externo|terreno=compra_fase|autom=semi|linea=lotes",madura,1,2026-10-01,USD,SEGUROS,INCOMPLETO,8,0,8,0,0,,,,,0,0,0,0,8,SIN_MONTO,,,,,0,NO CALCULABLE: 8 conceptos sin magnitud,NO DISPONIBLE: 8 conceptos sin costo,NO DISPONIBLE (cobertura 0.0 %),NO DISPONIBLE (cobertura 0.0 %),NO DISPONIBLE (cobertura 0.0 %),NO DISPONIBLE (cobertura 0.0 %),NO DISPONIBLE (cobertura 0.0 %),0,0,0,,
C2-2500,C2,2500,250,"faena=propia|granjas=mixto:0.25|pollito=compra|alimento=facon|flota=mixto(vivo,refrigerado,servicio)|frio=B_refrigerado_congelado|subprod=A_externo|terreno=compra_fase|autom=semi|linea=lotes",madura,1,2026-10-01,USD,SUBPRODUCTOS,INCOMPLETO,6,0,6,0,0,,,,,0,0,0,0,6,SIN_MONTO,,,,,0,NO CALCULABLE: 6 conceptos sin magnitud,NO DISPONIBLE: 6 conceptos sin costo,NO DISPONIBLE (cobertura 0.0 %),NO DISPONIBLE (cobertura 0.0 %),NO DISPONIBLE (cobertura 0.0 %),NO DISPONIBLE (cobertura 0.0 %),NO DISPONIBLE (cobertura 0.0 %),0,0,0,,
C2-2500,C2,2500,250,"faena=propia|granjas=mixto:0.25|pollito=compra|alimento=facon|flota=mixto(vivo,refrigerado,servicio)|frio=B_refrigerado_congelado|subprod=A_externo|terreno=compra_fase|autom=semi|linea=lotes",madura,1,2026-10-01,USD,UTILITIES,INCOMPLETO,6,0,5,1,0,,,,,0,0,0,0,6,SIN_MONTO,,,,,0,NO CALCULABLE: 6 conceptos sin magnitud,NO DISPONIBLE: 6 conceptos sin costo,NO DISPONIBLE (cobertura 0.0 %),NO DISPONIBLE (cobertura 0.0 %),NO DISPONIBLE (cobertura 0.0 %),NO DISPONIBLE (cobertura 0.0 %),NO DISPONIBLE (cobertura 0.0 %),0,5,0,,
C2-2500,C2,2500,250,"faena=propia|granjas=mixto:0.25|pollito=compra|alimento=facon|flota=mixto(vivo,refrigerado,servicio)|frio=B_refrigerado_congelado|subprod=A_externo|terreno=compra_fase|autom=semi|linea=lotes",madura,1,2026-10-01,USD,TOTAL,INCOMPLETO,136,1,99,30,6,0,0,582509,0,0,0,1,0,135,MONTO_CON_REFERENCIAS_DEBILES_E4,582509,582509,0,0,0.735294,NO CALCULABLE: 135 conceptos sin magnitud,NO DISPONIBLE: 135 conceptos sin costo,NO DISPONIBLE (cobertura 0.7 %),NO DISPONIBLE (cobertura 0.7 %),NO DISPONIBLE (cobertura 0.7 %),NO DISPONIBLE (cobertura 0.7 %),NO DISPONIBLE (cobertura 0.7 %),3,9,0,PENDIENTE,
C2-5000,C2,5000,250,"faena=propia|granjas=mixto:0.25|pollito=compra|alimento=facon|flota=mixto(vivo,refrigerado,servicio)|frio=B_refrigerado_congelado|subprod=A_externo|terreno=compra_fase|autom=semi|linea=lotes",madura,1,2026-10-01,USD,ADMINISTRACION,INCOMPLETO,8,0,8,0,0,,,,,0,0,0,0,8,SIN_MONTO,,,,,0,NO CALCULABLE: 8 conceptos sin magnitud,NO DISPONIBLE: 8 conceptos sin costo,NO DISPONIBLE (cobertura 0.0 %),NO DISPONIBLE (cobertura 0.0 %),NO DISPONIBLE (cobertura 0.0 %),NO DISPONIBLE (cobertura 0.0 %),NO DISPONIBLE (cobertura 0.0 %),0,0,0,,
C2-5000,C2,5000,250,"faena=propia|granjas=mixto:0.25|pollito=compra|alimento=facon|flota=mixto(vivo,refrigerado,servicio)|frio=B_refrigerado_congelado|subprod=A_externo|terreno=compra_fase|autom=semi|linea=lotes",madura,1,2026-10-01,USD,ALIMENTO,INCOMPLETO,1,0,0,1,0,,,,,0,0,0,0,1,SIN_MONTO,,,,,0,NO CALCULABLE: 1 conceptos sin magnitud,NO DISPONIBLE: 1 conceptos sin costo,NO DISPONIBLE (cobertura 0.0 %),NO DISPONIBLE (cobertura 0.0 %),NO DISPONIBLE (cobertura 0.0 %),NO DISPONIBLE (cobertura 0.0 %),NO DISPONIBLE (cobertura 0.0 %),0,0,0,,
C2-5000,C2,5000,250,"faena=propia|granjas=mixto:0.25|pollito=compra|alimento=facon|flota=mixto(vivo,refrigerado,servicio)|frio=B_refrigerado_congelado|subprod=A_externo|terreno=compra_fase|autom=semi|linea=lotes",madura,1,2026-10-01,USD,CALIDAD,INCOMPLETO,8,0,5,3,0,,,,,0,0,0,0,8,SIN_MONTO,,,,,0,NO CALCULABLE: 8 conceptos sin magnitud,NO DISPONIBLE: 8 conceptos sin costo,NO DISPONIBLE (cobertura 0.0 %),NO DISPONIBLE (cobertura 0.0 %),NO DISPONIBLE (cobertura 0.0 %),NO DISPONIBLE (cobertura 0.0 %),NO DISPONIBLE (cobertura 0.0 %),0,0,0,,
C2-5000,C2,5000,250,"faena=propia|granjas=mixto:0.25|pollito=compra|alimento=facon|flota=mixto(vivo,refrigerado,servicio)|frio=B_refrigerado_congelado|subprod=A_externo|terreno=compra_fase|autom=semi|linea=lotes",madura,1,2026-10-01,USD,COMERCIAL,INCOMPLETO,2,0,2,0,0,,,,,0,0,0,0,2,SIN_MONTO,,,,,0,NO CALCULABLE: 2 conceptos sin magnitud,NO DISPONIBLE: 2 conceptos sin costo,NO DISPONIBLE (cobertura 0.0 %),NO DISPONIBLE (cobertura 0.0 %),NO DISPONIBLE (cobertura 0.0 %),NO DISPONIBLE (cobertura 0.0 %),NO DISPONIBLE (cobertura 0.0 %),0,0,0,,
C2-5000,C2,5000,250,"faena=propia|granjas=mixto:0.25|pollito=compra|alimento=facon|flota=mixto(vivo,refrigerado,servicio)|frio=B_refrigerado_congelado|subprod=A_externo|terreno=compra_fase|autom=semi|linea=lotes",madura,1,2026-10-01,USD,COSTO_LABORAL,INCOMPLETO,42,0,40,2,0,,,,,0,0,0,0,42,SIN_MONTO,,,,,0,NO CALCULABLE: 42 conceptos sin magnitud,NO DISPONIBLE: 42 conceptos sin costo,NO DISPONIBLE (cobertura 0.0 %),NO DISPONIBLE (cobertura 0.0 %),NO DISPONIBLE (cobertura 0.0 %),NO DISPONIBLE (cobertura 0.0 %),NO DISPONIBLE (cobertura 0.0 %),1,2,0,,
C2-5000,C2,5000,250,"faena=propia|granjas=mixto:0.25|pollito=compra|alimento=facon|flota=mixto(vivo,refrigerado,servicio)|frio=B_refrigerado_congelado|subprod=A_externo|terreno=compra_fase|autom=semi|linea=lotes",madura,1,2026-10-01,USD,EFLUENTES,INCOMPLETO,4,0,2,2,0,,,,,0,0,0,0,4,SIN_MONTO,,,,,0,NO CALCULABLE: 4 conceptos sin magnitud,NO DISPONIBLE: 4 conceptos sin costo,NO DISPONIBLE (cobertura 0.0 %),NO DISPONIBLE (cobertura 0.0 %),NO DISPONIBLE (cobertura 0.0 %),NO DISPONIBLE (cobertura 0.0 %),NO DISPONIBLE (cobertura 0.0 %),0,0,0,,
C2-5000,C2,5000,250,"faena=propia|granjas=mixto:0.25|pollito=compra|alimento=facon|flota=mixto(vivo,refrigerado,servicio)|frio=B_refrigerado_congelado|subprod=A_externo|terreno=compra_fase|autom=semi|linea=lotes",madura,1,2026-10-01,USD,EMPAQUE,INCOMPLETO,9,0,9,0,0,,,,,0,0,0,0,9,SIN_MONTO,,,,,0,NO CALCULABLE: 9 conceptos sin magnitud,NO DISPONIBLE: 9 conceptos sin costo,NO DISPONIBLE (cobertura 0.0 %),NO DISPONIBLE (cobertura 0.0 %),NO DISPONIBLE (cobertura 0.0 %),NO DISPONIBLE (cobertura 0.0 %),NO DISPONIBLE (cobertura 0.0 %),0,0,0,,
C2-5000,C2,5000,250,"faena=propia|granjas=mixto:0.25|pollito=compra|alimento=facon|flota=mixto(vivo,refrigerado,servicio)|frio=B_refrigerado_congelado|subprod=A_externo|terreno=compra_fase|autom=semi|linea=lotes",madura,1,2026-10-01,USD,FAENA,INCOMPLETO,4,0,4,0,0,,,,,0,0,0,0,4,SIN_MONTO,,,,,0,NO CALCULABLE: 4 conceptos sin magnitud,NO DISPONIBLE: 4 conceptos sin costo,NO DISPONIBLE (cobertura 0.0 %),NO DISPONIBLE (cobertura 0.0 %),NO DISPONIBLE (cobertura 0.0 %),NO DISPONIBLE (cobertura 0.0 %),NO DISPONIBLE (cobertura 0.0 %),0,1,0,,
C2-5000,C2,5000,250,"faena=propia|granjas=mixto:0.25|pollito=compra|alimento=facon|flota=mixto(vivo,refrigerado,servicio)|frio=B_refrigerado_congelado|subprod=A_externo|terreno=compra_fase|autom=semi|linea=lotes",madura,1,2026-10-01,USD,LOGISTICA,INCOMPLETO,19,0,10,9,0,,,,,0,0,0,0,19,SIN_MONTO,,,,,0,NO CALCULABLE: 19 conceptos sin magnitud,NO DISPONIBLE: 19 conceptos sin costo,NO DISPONIBLE (cobertura 0.0 %),NO DISPONIBLE (cobertura 0.0 %),NO DISPONIBLE (cobertura 0.0 %),NO DISPONIBLE (cobertura 0.0 %),NO DISPONIBLE (cobertura 0.0 %),0,0,0,,
C2-5000,C2,5000,250,"faena=propia|granjas=mixto:0.25|pollito=compra|alimento=facon|flota=mixto(vivo,refrigerado,servicio)|frio=B_refrigerado_congelado|subprod=A_externo|terreno=compra_fase|autom=semi|linea=lotes",madura,1,2026-10-01,USD,MANTENIMIENTO,INCOMPLETO,6,0,0,6,0,,,,,0,0,0,0,6,SIN_MONTO,,,,,0,NO CALCULABLE: 6 conceptos sin magnitud,NO DISPONIBLE: 6 conceptos sin costo,NO DISPONIBLE (cobertura 0.0 %),NO DISPONIBLE (cobertura 0.0 %),NO DISPONIBLE (cobertura 0.0 %),NO DISPONIBLE (cobertura 0.0 %),NO DISPONIBLE (cobertura 0.0 %),0,1,0,,
C2-5000,C2,5000,250,"faena=propia|granjas=mixto:0.25|pollito=compra|alimento=facon|flota=mixto(vivo,refrigerado,servicio)|frio=B_refrigerado_congelado|subprod=A_externo|terreno=compra_fase|autom=semi|linea=lotes",madura,1,2026-10-01,USD,POLLITOS,COMPLETO,1,1,0,0,0,0,0,1.16502e+06,0,0,0,1,0,0,MONTO_CON_REFERENCIAS_DEBILES_E4,1.16502e+06,1.16502e+06,0,0,100,100,1165019,NO DISPONIBLE (cobertura 100.0 %),NO DISPONIBLE (cobertura 100.0 %),NO DISPONIBLE (cobertura 100.0 %),NO DISPONIBLE (cobertura 100.0 %),NO DISPONIBLE (cobertura 100.0 %),0,0,0,,
C2-5000,C2,5000,250,"faena=propia|granjas=mixto:0.25|pollito=compra|alimento=facon|flota=mixto(vivo,refrigerado,servicio)|frio=B_refrigerado_congelado|subprod=A_externo|terreno=compra_fase|autom=semi|linea=lotes",madura,1,2026-10-01,USD,PRODUCCION_PRIMARIA,INCOMPLETO,18,0,6,6,6,,,,,0,0,0,0,18,SIN_MONTO,,,,,0,NO CALCULABLE: 18 conceptos sin magnitud,NO DISPONIBLE: 18 conceptos sin costo,NO DISPONIBLE (cobertura 0.0 %),NO DISPONIBLE (cobertura 0.0 %),NO DISPONIBLE (cobertura 0.0 %),NO DISPONIBLE (cobertura 0.0 %),NO DISPONIBLE (cobertura 0.0 %),2,0,0,,
C2-5000,C2,5000,250,"faena=propia|granjas=mixto:0.25|pollito=compra|alimento=facon|flota=mixto(vivo,refrigerado,servicio)|frio=B_refrigerado_congelado|subprod=A_externo|terreno=compra_fase|autom=semi|linea=lotes",madura,1,2026-10-01,USD,SEGUROS,INCOMPLETO,8,0,8,0,0,,,,,0,0,0,0,8,SIN_MONTO,,,,,0,NO CALCULABLE: 8 conceptos sin magnitud,NO DISPONIBLE: 8 conceptos sin costo,NO DISPONIBLE (cobertura 0.0 %),NO DISPONIBLE (cobertura 0.0 %),NO DISPONIBLE (cobertura 0.0 %),NO DISPONIBLE (cobertura 0.0 %),NO DISPONIBLE (cobertura 0.0 %),0,0,0,,
C2-5000,C2,5000,250,"faena=propia|granjas=mixto:0.25|pollito=compra|alimento=facon|flota=mixto(vivo,refrigerado,servicio)|frio=B_refrigerado_congelado|subprod=A_externo|terreno=compra_fase|autom=semi|linea=lotes",madura,1,2026-10-01,USD,SUBPRODUCTOS,INCOMPLETO,6,0,6,0,0,,,,,0,0,0,0,6,SIN_MONTO,,,,,0,NO CALCULABLE: 6 conceptos sin magnitud,NO DISPONIBLE: 6 conceptos sin costo,NO DISPONIBLE (cobertura 0.0 %),NO DISPONIBLE (cobertura 0.0 %),NO DISPONIBLE (cobertura 0.0 %),NO DISPONIBLE (cobertura 0.0 %),NO DISPONIBLE (cobertura 0.0 %),0,0,0,,
C2-5000,C2,5000,250,"faena=propia|granjas=mixto:0.25|pollito=compra|alimento=facon|flota=mixto(vivo,refrigerado,servicio)|frio=B_refrigerado_congelado|subprod=A_externo|terreno=compra_fase|autom=semi|linea=lotes",madura,1,2026-10-01,USD,UTILITIES,INCOMPLETO,6,0,5,1,0,,,,,0,0,0,0,6,SIN_MONTO,,,,,0,NO CALCULABLE: 6 conceptos sin magnitud,NO DISPONIBLE: 6 conceptos sin costo,NO DISPONIBLE (cobertura 0.0 %),NO DISPONIBLE (cobertura 0.0 %),NO DISPONIBLE (cobertura 0.0 %),NO DISPONIBLE (cobertura 0.0 %),NO DISPONIBLE (cobertura 0.0 %),0,5,0,,
C2-5000,C2,5000,250,"faena=propia|granjas=mixto:0.25|pollito=compra|alimento=facon|flota=mixto(vivo,refrigerado,servicio)|frio=B_refrigerado_congelado|subprod=A_externo|terreno=compra_fase|autom=semi|linea=lotes",madura,1,2026-10-01,USD,TOTAL,INCOMPLETO,142,1,105,30,6,0,0,1.16502e+06,0,0,0,1,0,141,MONTO_CON_REFERENCIAS_DEBILES_E4,1.16502e+06,1.16502e+06,0,0,0.704225,NO CALCULABLE: 141 conceptos sin magnitud,NO DISPONIBLE: 141 conceptos sin costo,NO DISPONIBLE (cobertura 0.7 %),NO DISPONIBLE (cobertura 0.7 %),NO DISPONIBLE (cobertura 0.7 %),NO DISPONIBLE (cobertura 0.7 %),NO DISPONIBLE (cobertura 0.7 %),3,9,0,PENDIENTE,
C2-10000,C2,10000,250,"faena=propia|granjas=mixto:0.25|pollito=compra|alimento=facon|flota=mixto(vivo,refrigerado,servicio)|frio=B_refrigerado_congelado|subprod=A_externo|terreno=compra_fase|autom=semi|linea=lotes",madura,1,2026-10-01,USD,ADMINISTRACION,INCOMPLETO,8,0,8,0,0,,,,,0,0,0,0,8,SIN_MONTO,,,,,0,NO CALCULABLE: 8 conceptos sin magnitud,NO DISPONIBLE: 8 conceptos sin costo,NO DISPONIBLE (cobertura 0.0 %),NO DISPONIBLE (cobertura 0.0 %),NO DISPONIBLE (cobertura 0.0 %),NO DISPONIBLE (cobertura 0.0 %),NO DISPONIBLE (cobertura 0.0 %),0,0,0,,
C2-10000,C2,10000,250,"faena=propia|granjas=mixto:0.25|pollito=compra|alimento=facon|flota=mixto(vivo,refrigerado,servicio)|frio=B_refrigerado_congelado|subprod=A_externo|terreno=compra_fase|autom=semi|linea=lotes",madura,1,2026-10-01,USD,ALIMENTO,INCOMPLETO,1,0,0,1,0,,,,,0,0,0,0,1,SIN_MONTO,,,,,0,NO CALCULABLE: 1 conceptos sin magnitud,NO DISPONIBLE: 1 conceptos sin costo,NO DISPONIBLE (cobertura 0.0 %),NO DISPONIBLE (cobertura 0.0 %),NO DISPONIBLE (cobertura 0.0 %),NO DISPONIBLE (cobertura 0.0 %),NO DISPONIBLE (cobertura 0.0 %),0,0,0,,
C2-10000,C2,10000,250,"faena=propia|granjas=mixto:0.25|pollito=compra|alimento=facon|flota=mixto(vivo,refrigerado,servicio)|frio=B_refrigerado_congelado|subprod=A_externo|terreno=compra_fase|autom=semi|linea=lotes",madura,1,2026-10-01,USD,CALIDAD,INCOMPLETO,8,0,5,3,0,,,,,0,0,0,0,8,SIN_MONTO,,,,,0,NO CALCULABLE: 8 conceptos sin magnitud,NO DISPONIBLE: 8 conceptos sin costo,NO DISPONIBLE (cobertura 0.0 %),NO DISPONIBLE (cobertura 0.0 %),NO DISPONIBLE (cobertura 0.0 %),NO DISPONIBLE (cobertura 0.0 %),NO DISPONIBLE (cobertura 0.0 %),0,0,0,,
C2-10000,C2,10000,250,"faena=propia|granjas=mixto:0.25|pollito=compra|alimento=facon|flota=mixto(vivo,refrigerado,servicio)|frio=B_refrigerado_congelado|subprod=A_externo|terreno=compra_fase|autom=semi|linea=lotes",madura,1,2026-10-01,USD,COMERCIAL,INCOMPLETO,2,0,2,0,0,,,,,0,0,0,0,2,SIN_MONTO,,,,,0,NO CALCULABLE: 2 conceptos sin magnitud,NO DISPONIBLE: 2 conceptos sin costo,NO DISPONIBLE (cobertura 0.0 %),NO DISPONIBLE (cobertura 0.0 %),NO DISPONIBLE (cobertura 0.0 %),NO DISPONIBLE (cobertura 0.0 %),NO DISPONIBLE (cobertura 0.0 %),0,0,0,,
C2-10000,C2,10000,250,"faena=propia|granjas=mixto:0.25|pollito=compra|alimento=facon|flota=mixto(vivo,refrigerado,servicio)|frio=B_refrigerado_congelado|subprod=A_externo|terreno=compra_fase|autom=semi|linea=lotes",madura,1,2026-10-01,USD,COSTO_LABORAL,INCOMPLETO,46,0,44,2,0,,,,,0,0,0,0,46,SIN_MONTO,,,,,0,NO CALCULABLE: 46 conceptos sin magnitud,NO DISPONIBLE: 46 conceptos sin costo,NO DISPONIBLE (cobertura 0.0 %),NO DISPONIBLE (cobertura 0.0 %),NO DISPONIBLE (cobertura 0.0 %),NO DISPONIBLE (cobertura 0.0 %),NO DISPONIBLE (cobertura 0.0 %),1,2,0,,
C2-10000,C2,10000,250,"faena=propia|granjas=mixto:0.25|pollito=compra|alimento=facon|flota=mixto(vivo,refrigerado,servicio)|frio=B_refrigerado_congelado|subprod=A_externo|terreno=compra_fase|autom=semi|linea=lotes",madura,1,2026-10-01,USD,EFLUENTES,INCOMPLETO,4,0,2,2,0,,,,,0,0,0,0,4,SIN_MONTO,,,,,0,NO CALCULABLE: 4 conceptos sin magnitud,NO DISPONIBLE: 4 conceptos sin costo,NO DISPONIBLE (cobertura 0.0 %),NO DISPONIBLE (cobertura 0.0 %),NO DISPONIBLE (cobertura 0.0 %),NO DISPONIBLE (cobertura 0.0 %),NO DISPONIBLE (cobertura 0.0 %),0,0,0,,
C2-10000,C2,10000,250,"faena=propia|granjas=mixto:0.25|pollito=compra|alimento=facon|flota=mixto(vivo,refrigerado,servicio)|frio=B_refrigerado_congelado|subprod=A_externo|terreno=compra_fase|autom=semi|linea=lotes",madura,1,2026-10-01,USD,EMPAQUE,INCOMPLETO,9,0,9,0,0,,,,,0,0,0,0,9,SIN_MONTO,,,,,0,NO CALCULABLE: 9 conceptos sin magnitud,NO DISPONIBLE: 9 conceptos sin costo,NO DISPONIBLE (cobertura 0.0 %),NO DISPONIBLE (cobertura 0.0 %),NO DISPONIBLE (cobertura 0.0 %),NO DISPONIBLE (cobertura 0.0 %),NO DISPONIBLE (cobertura 0.0 %),0,0,0,,
C2-10000,C2,10000,250,"faena=propia|granjas=mixto:0.25|pollito=compra|alimento=facon|flota=mixto(vivo,refrigerado,servicio)|frio=B_refrigerado_congelado|subprod=A_externo|terreno=compra_fase|autom=semi|linea=lotes",madura,1,2026-10-01,USD,FAENA,INCOMPLETO,4,0,4,0,0,,,,,0,0,0,0,4,SIN_MONTO,,,,,0,NO CALCULABLE: 4 conceptos sin magnitud,NO DISPONIBLE: 4 conceptos sin costo,NO DISPONIBLE (cobertura 0.0 %),NO DISPONIBLE (cobertura 0.0 %),NO DISPONIBLE (cobertura 0.0 %),NO DISPONIBLE (cobertura 0.0 %),NO DISPONIBLE (cobertura 0.0 %),0,1,0,,
C2-10000,C2,10000,250,"faena=propia|granjas=mixto:0.25|pollito=compra|alimento=facon|flota=mixto(vivo,refrigerado,servicio)|frio=B_refrigerado_congelado|subprod=A_externo|terreno=compra_fase|autom=semi|linea=lotes",madura,1,2026-10-01,USD,LOGISTICA,INCOMPLETO,19,0,10,9,0,,,,,0,0,0,0,19,SIN_MONTO,,,,,0,NO CALCULABLE: 19 conceptos sin magnitud,NO DISPONIBLE: 19 conceptos sin costo,NO DISPONIBLE (cobertura 0.0 %),NO DISPONIBLE (cobertura 0.0 %),NO DISPONIBLE (cobertura 0.0 %),NO DISPONIBLE (cobertura 0.0 %),NO DISPONIBLE (cobertura 0.0 %),0,0,0,,
C2-10000,C2,10000,250,"faena=propia|granjas=mixto:0.25|pollito=compra|alimento=facon|flota=mixto(vivo,refrigerado,servicio)|frio=B_refrigerado_congelado|subprod=A_externo|terreno=compra_fase|autom=semi|linea=lotes",madura,1,2026-10-01,USD,MANTENIMIENTO,INCOMPLETO,6,0,0,6,0,,,,,0,0,0,0,6,SIN_MONTO,,,,,0,NO CALCULABLE: 6 conceptos sin magnitud,NO DISPONIBLE: 6 conceptos sin costo,NO DISPONIBLE (cobertura 0.0 %),NO DISPONIBLE (cobertura 0.0 %),NO DISPONIBLE (cobertura 0.0 %),NO DISPONIBLE (cobertura 0.0 %),NO DISPONIBLE (cobertura 0.0 %),0,1,0,,
C2-10000,C2,10000,250,"faena=propia|granjas=mixto:0.25|pollito=compra|alimento=facon|flota=mixto(vivo,refrigerado,servicio)|frio=B_refrigerado_congelado|subprod=A_externo|terreno=compra_fase|autom=semi|linea=lotes",madura,1,2026-10-01,USD,POLLITOS,COMPLETO,1,1,0,0,0,0,0,2.33004e+06,0,0,0,1,0,0,MONTO_CON_REFERENCIAS_DEBILES_E4,2.33004e+06,2.33004e+06,0,0,100,100,2330038,NO DISPONIBLE (cobertura 100.0 %),NO DISPONIBLE (cobertura 100.0 %),NO DISPONIBLE (cobertura 100.0 %),NO DISPONIBLE (cobertura 100.0 %),NO DISPONIBLE (cobertura 100.0 %),0,0,0,,
C2-10000,C2,10000,250,"faena=propia|granjas=mixto:0.25|pollito=compra|alimento=facon|flota=mixto(vivo,refrigerado,servicio)|frio=B_refrigerado_congelado|subprod=A_externo|terreno=compra_fase|autom=semi|linea=lotes",madura,1,2026-10-01,USD,PRODUCCION_PRIMARIA,INCOMPLETO,18,0,6,6,6,,,,,0,0,0,0,18,SIN_MONTO,,,,,0,NO CALCULABLE: 18 conceptos sin magnitud,NO DISPONIBLE: 18 conceptos sin costo,NO DISPONIBLE (cobertura 0.0 %),NO DISPONIBLE (cobertura 0.0 %),NO DISPONIBLE (cobertura 0.0 %),NO DISPONIBLE (cobertura 0.0 %),NO DISPONIBLE (cobertura 0.0 %),2,0,0,,
C2-10000,C2,10000,250,"faena=propia|granjas=mixto:0.25|pollito=compra|alimento=facon|flota=mixto(vivo,refrigerado,servicio)|frio=B_refrigerado_congelado|subprod=A_externo|terreno=compra_fase|autom=semi|linea=lotes",madura,1,2026-10-01,USD,SEGUROS,INCOMPLETO,8,0,8,0,0,,,,,0,0,0,0,8,SIN_MONTO,,,,,0,NO CALCULABLE: 8 conceptos sin magnitud,NO DISPONIBLE: 8 conceptos sin costo,NO DISPONIBLE (cobertura 0.0 %),NO DISPONIBLE (cobertura 0.0 %),NO DISPONIBLE (cobertura 0.0 %),NO DISPONIBLE (cobertura 0.0 %),NO DISPONIBLE (cobertura 0.0 %),0,0,0,,
C2-10000,C2,10000,250,"faena=propia|granjas=mixto:0.25|pollito=compra|alimento=facon|flota=mixto(vivo,refrigerado,servicio)|frio=B_refrigerado_congelado|subprod=A_externo|terreno=compra_fase|autom=semi|linea=lotes",madura,1,2026-10-01,USD,SUBPRODUCTOS,INCOMPLETO,6,0,6,0,0,,,,,0,0,0,0,6,SIN_MONTO,,,,,0,NO CALCULABLE: 6 conceptos sin magnitud,NO DISPONIBLE: 6 conceptos sin costo,NO DISPONIBLE (cobertura 0.0 %),NO DISPONIBLE (cobertura 0.0 %),NO DISPONIBLE (cobertura 0.0 %),NO DISPONIBLE (cobertura 0.0 %),NO DISPONIBLE (cobertura 0.0 %),0,0,0,,
C2-10000,C2,10000,250,"faena=propia|granjas=mixto:0.25|pollito=compra|alimento=facon|flota=mixto(vivo,refrigerado,servicio)|frio=B_refrigerado_congelado|subprod=A_externo|terreno=compra_fase|autom=semi|linea=lotes",madura,1,2026-10-01,USD,UTILITIES,INCOMPLETO,6,0,5,1,0,,,,,0,0,0,0,6,SIN_MONTO,,,,,0,NO CALCULABLE: 6 conceptos sin magnitud,NO DISPONIBLE: 6 conceptos sin costo,NO DISPONIBLE (cobertura 0.0 %),NO DISPONIBLE (cobertura 0.0 %),NO DISPONIBLE (cobertura 0.0 %),NO DISPONIBLE (cobertura 0.0 %),NO DISPONIBLE (cobertura 0.0 %),0,5,0,,
C2-10000,C2,10000,250,"faena=propia|granjas=mixto:0.25|pollito=compra|alimento=facon|flota=mixto(vivo,refrigerado,servicio)|frio=B_refrigerado_congelado|subprod=A_externo|terreno=compra_fase|autom=semi|linea=lotes",madura,1,2026-10-01,USD,TOTAL,INCOMPLETO,146,1,109,30,6,0,0,2.33004e+06,0,0,0,1,0,145,MONTO_CON_REFERENCIAS_DEBILES_E4,2.33004e+06,2.33004e+06,0,0,0.684932,NO CALCULABLE: 145 conceptos sin magnitud,NO DISPONIBLE: 145 conceptos sin costo,NO DISPONIBLE (cobertura 0.7 %),NO DISPONIBLE (cobertura 0.7 %),NO DISPONIBLE (cobertura 0.7 %),NO DISPONIBLE (cobertura 0.7 %),NO DISPONIBLE (cobertura 0.7 %),3,9,0,PENDIENTE,
C2-20000,C2,20000,250,"faena=propia|granjas=mixto:0.25|pollito=compra|alimento=facon|flota=mixto(vivo,refrigerado,servicio)|frio=B_refrigerado_congelado|subprod=A_externo|terreno=compra_fase|autom=semi|linea=lotes",madura,1,2026-10-01,USD,ADMINISTRACION,INCOMPLETO,8,0,8,0,0,,,,,0,0,0,0,8,SIN_MONTO,,,,,0,NO CALCULABLE: 8 conceptos sin magnitud,NO DISPONIBLE: 8 conceptos sin costo,NO DISPONIBLE (cobertura 0.0 %),NO DISPONIBLE (cobertura 0.0 %),NO DISPONIBLE (cobertura 0.0 %),NO DISPONIBLE (cobertura 0.0 %),NO DISPONIBLE (cobertura 0.0 %),0,0,0,,
C2-20000,C2,20000,250,"faena=propia|granjas=mixto:0.25|pollito=compra|alimento=facon|flota=mixto(vivo,refrigerado,servicio)|frio=B_refrigerado_congelado|subprod=A_externo|terreno=compra_fase|autom=semi|linea=lotes",madura,1,2026-10-01,USD,ALIMENTO,INCOMPLETO,1,0,0,1,0,,,,,0,0,0,0,1,SIN_MONTO,,,,,0,NO CALCULABLE: 1 conceptos sin magnitud,NO DISPONIBLE: 1 conceptos sin costo,NO DISPONIBLE (cobertura 0.0 %),NO DISPONIBLE (cobertura 0.0 %),NO DISPONIBLE (cobertura 0.0 %),NO DISPONIBLE (cobertura 0.0 %),NO DISPONIBLE (cobertura 0.0 %),0,0,0,,
C2-20000,C2,20000,250,"faena=propia|granjas=mixto:0.25|pollito=compra|alimento=facon|flota=mixto(vivo,refrigerado,servicio)|frio=B_refrigerado_congelado|subprod=A_externo|terreno=compra_fase|autom=semi|linea=lotes",madura,1,2026-10-01,USD,CALIDAD,INCOMPLETO,8,0,5,3,0,,,,,0,0,0,0,8,SIN_MONTO,,,,,0,NO CALCULABLE: 8 conceptos sin magnitud,NO DISPONIBLE: 8 conceptos sin costo,NO DISPONIBLE (cobertura 0.0 %),NO DISPONIBLE (cobertura 0.0 %),NO DISPONIBLE (cobertura 0.0 %),NO DISPONIBLE (cobertura 0.0 %),NO DISPONIBLE (cobertura 0.0 %),0,0,0,,
C2-20000,C2,20000,250,"faena=propia|granjas=mixto:0.25|pollito=compra|alimento=facon|flota=mixto(vivo,refrigerado,servicio)|frio=B_refrigerado_congelado|subprod=A_externo|terreno=compra_fase|autom=semi|linea=lotes",madura,1,2026-10-01,USD,COMERCIAL,INCOMPLETO,2,0,2,0,0,,,,,0,0,0,0,2,SIN_MONTO,,,,,0,NO CALCULABLE: 2 conceptos sin magnitud,NO DISPONIBLE: 2 conceptos sin costo,NO DISPONIBLE (cobertura 0.0 %),NO DISPONIBLE (cobertura 0.0 %),NO DISPONIBLE (cobertura 0.0 %),NO DISPONIBLE (cobertura 0.0 %),NO DISPONIBLE (cobertura 0.0 %),0,0,0,,
C2-20000,C2,20000,250,"faena=propia|granjas=mixto:0.25|pollito=compra|alimento=facon|flota=mixto(vivo,refrigerado,servicio)|frio=B_refrigerado_congelado|subprod=A_externo|terreno=compra_fase|autom=semi|linea=lotes",madura,1,2026-10-01,USD,COSTO_LABORAL,INCOMPLETO,47,0,45,2,0,,,,,0,0,0,0,47,SIN_MONTO,,,,,0,NO CALCULABLE: 47 conceptos sin magnitud,NO DISPONIBLE: 47 conceptos sin costo,NO DISPONIBLE (cobertura 0.0 %),NO DISPONIBLE (cobertura 0.0 %),NO DISPONIBLE (cobertura 0.0 %),NO DISPONIBLE (cobertura 0.0 %),NO DISPONIBLE (cobertura 0.0 %),1,2,0,,
C2-20000,C2,20000,250,"faena=propia|granjas=mixto:0.25|pollito=compra|alimento=facon|flota=mixto(vivo,refrigerado,servicio)|frio=B_refrigerado_congelado|subprod=A_externo|terreno=compra_fase|autom=semi|linea=lotes",madura,1,2026-10-01,USD,EFLUENTES,INCOMPLETO,4,0,2,2,0,,,,,0,0,0,0,4,SIN_MONTO,,,,,0,NO CALCULABLE: 4 conceptos sin magnitud,NO DISPONIBLE: 4 conceptos sin costo,NO DISPONIBLE (cobertura 0.0 %),NO DISPONIBLE (cobertura 0.0 %),NO DISPONIBLE (cobertura 0.0 %),NO DISPONIBLE (cobertura 0.0 %),NO DISPONIBLE (cobertura 0.0 %),0,0,0,,
C2-20000,C2,20000,250,"faena=propia|granjas=mixto:0.25|pollito=compra|alimento=facon|flota=mixto(vivo,refrigerado,servicio)|frio=B_refrigerado_congelado|subprod=A_externo|terreno=compra_fase|autom=semi|linea=lotes",madura,1,2026-10-01,USD,EMPAQUE,INCOMPLETO,9,0,9,0,0,,,,,0,0,0,0,9,SIN_MONTO,,,,,0,NO CALCULABLE: 9 conceptos sin magnitud,NO DISPONIBLE: 9 conceptos sin costo,NO DISPONIBLE (cobertura 0.0 %),NO DISPONIBLE (cobertura 0.0 %),NO DISPONIBLE (cobertura 0.0 %),NO DISPONIBLE (cobertura 0.0 %),NO DISPONIBLE (cobertura 0.0 %),0,0,0,,
C2-20000,C2,20000,250,"faena=propia|granjas=mixto:0.25|pollito=compra|alimento=facon|flota=mixto(vivo,refrigerado,servicio)|frio=B_refrigerado_congelado|subprod=A_externo|terreno=compra_fase|autom=semi|linea=lotes",madura,1,2026-10-01,USD,FAENA,INCOMPLETO,4,0,4,0,0,,,,,0,0,0,0,4,SIN_MONTO,,,,,0,NO CALCULABLE: 4 conceptos sin magnitud,NO DISPONIBLE: 4 conceptos sin costo,NO DISPONIBLE (cobertura 0.0 %),NO DISPONIBLE (cobertura 0.0 %),NO DISPONIBLE (cobertura 0.0 %),NO DISPONIBLE (cobertura 0.0 %),NO DISPONIBLE (cobertura 0.0 %),0,1,0,,
C2-20000,C2,20000,250,"faena=propia|granjas=mixto:0.25|pollito=compra|alimento=facon|flota=mixto(vivo,refrigerado,servicio)|frio=B_refrigerado_congelado|subprod=A_externo|terreno=compra_fase|autom=semi|linea=lotes",madura,1,2026-10-01,USD,LOGISTICA,INCOMPLETO,19,0,10,9,0,,,,,0,0,0,0,19,SIN_MONTO,,,,,0,NO CALCULABLE: 19 conceptos sin magnitud,NO DISPONIBLE: 19 conceptos sin costo,NO DISPONIBLE (cobertura 0.0 %),NO DISPONIBLE (cobertura 0.0 %),NO DISPONIBLE (cobertura 0.0 %),NO DISPONIBLE (cobertura 0.0 %),NO DISPONIBLE (cobertura 0.0 %),0,0,0,,
C2-20000,C2,20000,250,"faena=propia|granjas=mixto:0.25|pollito=compra|alimento=facon|flota=mixto(vivo,refrigerado,servicio)|frio=B_refrigerado_congelado|subprod=A_externo|terreno=compra_fase|autom=semi|linea=lotes",madura,1,2026-10-01,USD,MANTENIMIENTO,INCOMPLETO,6,0,0,6,0,,,,,0,0,0,0,6,SIN_MONTO,,,,,0,NO CALCULABLE: 6 conceptos sin magnitud,NO DISPONIBLE: 6 conceptos sin costo,NO DISPONIBLE (cobertura 0.0 %),NO DISPONIBLE (cobertura 0.0 %),NO DISPONIBLE (cobertura 0.0 %),NO DISPONIBLE (cobertura 0.0 %),NO DISPONIBLE (cobertura 0.0 %),0,1,0,,
C2-20000,C2,20000,250,"faena=propia|granjas=mixto:0.25|pollito=compra|alimento=facon|flota=mixto(vivo,refrigerado,servicio)|frio=B_refrigerado_congelado|subprod=A_externo|terreno=compra_fase|autom=semi|linea=lotes",madura,1,2026-10-01,USD,POLLITOS,COMPLETO,1,1,0,0,0,0,0,4.66008e+06,0,0,0,1,0,0,MONTO_CON_REFERENCIAS_DEBILES_E4,4.66008e+06,4.66008e+06,0,0,100,100,4660076,NO DISPONIBLE (cobertura 100.0 %),NO DISPONIBLE (cobertura 100.0 %),NO DISPONIBLE (cobertura 100.0 %),NO DISPONIBLE (cobertura 100.0 %),NO DISPONIBLE (cobertura 100.0 %),0,0,0,,
C2-20000,C2,20000,250,"faena=propia|granjas=mixto:0.25|pollito=compra|alimento=facon|flota=mixto(vivo,refrigerado,servicio)|frio=B_refrigerado_congelado|subprod=A_externo|terreno=compra_fase|autom=semi|linea=lotes",madura,1,2026-10-01,USD,PRODUCCION_PRIMARIA,INCOMPLETO,18,0,6,6,6,,,,,0,0,0,0,18,SIN_MONTO,,,,,0,NO CALCULABLE: 18 conceptos sin magnitud,NO DISPONIBLE: 18 conceptos sin costo,NO DISPONIBLE (cobertura 0.0 %),NO DISPONIBLE (cobertura 0.0 %),NO DISPONIBLE (cobertura 0.0 %),NO DISPONIBLE (cobertura 0.0 %),NO DISPONIBLE (cobertura 0.0 %),2,0,0,,
C2-20000,C2,20000,250,"faena=propia|granjas=mixto:0.25|pollito=compra|alimento=facon|flota=mixto(vivo,refrigerado,servicio)|frio=B_refrigerado_congelado|subprod=A_externo|terreno=compra_fase|autom=semi|linea=lotes",madura,1,2026-10-01,USD,SEGUROS,INCOMPLETO,8,0,8,0,0,,,,,0,0,0,0,8,SIN_MONTO,,,,,0,NO CALCULABLE: 8 conceptos sin magnitud,NO DISPONIBLE: 8 conceptos sin costo,NO DISPONIBLE (cobertura 0.0 %),NO DISPONIBLE (cobertura 0.0 %),NO DISPONIBLE (cobertura 0.0 %),NO DISPONIBLE (cobertura 0.0 %),NO DISPONIBLE (cobertura 0.0 %),0,0,0,,
C2-20000,C2,20000,250,"faena=propia|granjas=mixto:0.25|pollito=compra|alimento=facon|flota=mixto(vivo,refrigerado,servicio)|frio=B_refrigerado_congelado|subprod=A_externo|terreno=compra_fase|autom=semi|linea=lotes",madura,1,2026-10-01,USD,SUBPRODUCTOS,INCOMPLETO,6,0,6,0,0,,,,,0,0,0,0,6,SIN_MONTO,,,,,0,NO CALCULABLE: 6 conceptos sin magnitud,NO DISPONIBLE: 6 conceptos sin costo,NO DISPONIBLE (cobertura 0.0 %),NO DISPONIBLE (cobertura 0.0 %),NO DISPONIBLE (cobertura 0.0 %),NO DISPONIBLE (cobertura 0.0 %),NO DISPONIBLE (cobertura 0.0 %),0,0,0,,
C2-20000,C2,20000,250,"faena=propia|granjas=mixto:0.25|pollito=compra|alimento=facon|flota=mixto(vivo,refrigerado,servicio)|frio=B_refrigerado_congelado|subprod=A_externo|terreno=compra_fase|autom=semi|linea=lotes",madura,1,2026-10-01,USD,UTILITIES,INCOMPLETO,6,0,5,1,0,,,,,0,0,0,0,6,SIN_MONTO,,,,,0,NO CALCULABLE: 6 conceptos sin magnitud,NO DISPONIBLE: 6 conceptos sin costo,NO DISPONIBLE (cobertura 0.0 %),NO DISPONIBLE (cobertura 0.0 %),NO DISPONIBLE (cobertura 0.0 %),NO DISPONIBLE (cobertura 0.0 %),NO DISPONIBLE (cobertura 0.0 %),0,5,0,,
C2-20000,C2,20000,250,"faena=propia|granjas=mixto:0.25|pollito=compra|alimento=facon|flota=mixto(vivo,refrigerado,servicio)|frio=B_refrigerado_congelado|subprod=A_externo|terreno=compra_fase|autom=semi|linea=lotes",madura,1,2026-10-01,USD,TOTAL,INCOMPLETO,147,1,110,30,6,0,0,4.66008e+06,0,0,0,1,0,146,MONTO_CON_REFERENCIAS_DEBILES_E4,4.66008e+06,4.66008e+06,0,0,0.680272,NO CALCULABLE: 146 conceptos sin magnitud,NO DISPONIBLE: 146 conceptos sin costo,NO DISPONIBLE (cobertura 0.7 %),NO DISPONIBLE (cobertura 0.7 %),NO DISPONIBLE (cobertura 0.7 %),NO DISPONIBLE (cobertura 0.7 %),NO DISPONIBLE (cobertura 0.7 %),3,9,0,PENDIENTE,
C3-2500,C3,2500,250,faena=propia|granjas=propias:1|pollito=incubacion|alimento=propia|flota=propia|frio=B_refrigerado_congelado|subprod=B_basico_propio|terreno=compra_fase|autom=semi|linea=lotes,madura,1,2026-10-01,USD,ADMINISTRACION,INCOMPLETO,8,0,8,0,0,,,,,0,0,0,0,8,SIN_MONTO,,,,,0,NO CALCULABLE: 8 conceptos sin magnitud,NO DISPONIBLE: 8 conceptos sin costo,NO DISPONIBLE (cobertura 0.0 %),NO DISPONIBLE (cobertura 0.0 %),NO DISPONIBLE (cobertura 0.0 %),NO DISPONIBLE (cobertura 0.0 %),NO DISPONIBLE (cobertura 0.0 %),0,0,0,,
C3-2500,C3,2500,250,faena=propia|granjas=propias:1|pollito=incubacion|alimento=propia|flota=propia|frio=B_refrigerado_congelado|subprod=B_basico_propio|terreno=compra_fase|autom=semi|linea=lotes,madura,1,2026-10-01,USD,ALIMENTO,INCOMPLETO,8,1,2,5,0,0,0,360385,0,0,0,1,0,7,MONTO_CON_REFERENCIAS_DEBILES_E4,360385,360385,0,0,12.5,NO CALCULABLE: 7 conceptos sin magnitud,NO DISPONIBLE: 7 conceptos sin costo,NO DISPONIBLE (cobertura 12.5 %),NO DISPONIBLE (cobertura 12.5 %),NO DISPONIBLE (cobertura 12.5 %),NO DISPONIBLE (cobertura 12.5 %),NO DISPONIBLE (cobertura 12.5 %),0,3,0,,
C3-2500,C3,2500,250,faena=propia|granjas=propias:1|pollito=incubacion|alimento=propia|flota=propia|frio=B_refrigerado_congelado|subprod=B_basico_propio|terreno=compra_fase|autom=semi|linea=lotes,madura,1,2026-10-01,USD,CALIDAD,INCOMPLETO,8,0,5,3,0,,,,,0,0,0,0,8,SIN_MONTO,,,,,0,NO CALCULABLE: 8 conceptos sin magnitud,NO DISPONIBLE: 8 conceptos sin costo,NO DISPONIBLE (cobertura 0.0 %),NO DISPONIBLE (cobertura 0.0 %),NO DISPONIBLE (cobertura 0.0 %),NO DISPONIBLE (cobertura 0.0 %),NO DISPONIBLE (cobertura 0.0 %),0,0,0,,
C3-2500,C3,2500,250,faena=propia|granjas=propias:1|pollito=incubacion|alimento=propia|flota=propia|frio=B_refrigerado_congelado|subprod=B_basico_propio|terreno=compra_fase|autom=semi|linea=lotes,madura,1,2026-10-01,USD,COMERCIAL,INCOMPLETO,2,0,2,0,0,,,,,0,0,0,0,2,SIN_MONTO,,,,,0,NO CALCULABLE: 2 conceptos sin magnitud,NO DISPONIBLE: 2 conceptos sin costo,NO DISPONIBLE (cobertura 0.0 %),NO DISPONIBLE (cobertura 0.0 %),NO DISPONIBLE (cobertura 0.0 %),NO DISPONIBLE (cobertura 0.0 %),NO DISPONIBLE (cobertura 0.0 %),0,0,0,,
C3-2500,C3,2500,250,faena=propia|granjas=propias:1|pollito=incubacion|alimento=propia|flota=propia|frio=B_refrigerado_congelado|subprod=B_basico_propio|terreno=compra_fase|autom=semi|linea=lotes,madura,1,2026-10-01,USD,COSTO_LABORAL,INCOMPLETO,44,0,34,10,0,,,,,0,0,0,0,44,SIN_MONTO,,,,,0,NO CALCULABLE: 44 conceptos sin magnitud,NO DISPONIBLE: 44 conceptos sin costo,NO DISPONIBLE (cobertura 0.0 %),NO DISPONIBLE (cobertura 0.0 %),NO DISPONIBLE (cobertura 0.0 %),NO DISPONIBLE (cobertura 0.0 %),NO DISPONIBLE (cobertura 0.0 %),1,2,0,,
C3-2500,C3,2500,250,faena=propia|granjas=propias:1|pollito=incubacion|alimento=propia|flota=propia|frio=B_refrigerado_congelado|subprod=B_basico_propio|terreno=compra_fase|autom=semi|linea=lotes,madura,1,2026-10-01,USD,EFLUENTES,INCOMPLETO,4,0,2,2,0,,,,,0,0,0,0,4,SIN_MONTO,,,,,0,NO CALCULABLE: 4 conceptos sin magnitud,NO DISPONIBLE: 4 conceptos sin costo,NO DISPONIBLE (cobertura 0.0 %),NO DISPONIBLE (cobertura 0.0 %),NO DISPONIBLE (cobertura 0.0 %),NO DISPONIBLE (cobertura 0.0 %),NO DISPONIBLE (cobertura 0.0 %),0,0,0,,
C3-2500,C3,2500,250,faena=propia|granjas=propias:1|pollito=incubacion|alimento=propia|flota=propia|frio=B_refrigerado_congelado|subprod=B_basico_propio|terreno=compra_fase|autom=semi|linea=lotes,madura,1,2026-10-01,USD,EMPAQUE,INCOMPLETO,9,0,9,0,0,,,,,0,0,0,0,9,SIN_MONTO,,,,,0,NO CALCULABLE: 9 conceptos sin magnitud,NO DISPONIBLE: 9 conceptos sin costo,NO DISPONIBLE (cobertura 0.0 %),NO DISPONIBLE (cobertura 0.0 %),NO DISPONIBLE (cobertura 0.0 %),NO DISPONIBLE (cobertura 0.0 %),NO DISPONIBLE (cobertura 0.0 %),0,0,0,,
C3-2500,C3,2500,250,faena=propia|granjas=propias:1|pollito=incubacion|alimento=propia|flota=propia|frio=B_refrigerado_congelado|subprod=B_basico_propio|terreno=compra_fase|autom=semi|linea=lotes,madura,1,2026-10-01,USD,FAENA,INCOMPLETO,4,0,4,0,0,,,,,0,0,0,0,4,SIN_MONTO,,,,,0,NO CALCULABLE: 4 conceptos sin magnitud,NO DISPONIBLE: 4 conceptos sin costo,NO DISPONIBLE (cobertura 0.0 %),NO DISPONIBLE (cobertura 0.0 %),NO DISPONIBLE (cobertura 0.0 %),NO DISPONIBLE (cobertura 0.0 %),NO DISPONIBLE (cobertura 0.0 %),0,1,0,,
C3-2500,C3,2500,250,faena=propia|granjas=propias:1|pollito=incubacion|alimento=propia|flota=propia|frio=B_refrigerado_congelado|subprod=B_basico_propio|terreno=compra_fase|autom=semi|linea=lotes,madura,1,2026-10-01,USD,INCUBACION,INCOMPLETO,7,0,5,2,0,,,,,0,0,0,0,7,SIN_MONTO,,,,,0,NO CALCULABLE: 7 conceptos sin magnitud,NO DISPONIBLE: 7 conceptos sin costo,NO DISPONIBLE (cobertura 0.0 %),NO DISPONIBLE (cobertura 0.0 %),NO DISPONIBLE (cobertura 0.0 %),NO DISPONIBLE (cobertura 0.0 %),NO DISPONIBLE (cobertura 0.0 %),0,0,0,,
C3-2500,C3,2500,250,faena=propia|granjas=propias:1|pollito=incubacion|alimento=propia|flota=propia|frio=B_refrigerado_congelado|subprod=B_basico_propio|terreno=compra_fase|autom=semi|linea=lotes,madura,1,2026-10-01,USD,LOGISTICA,INCOMPLETO,60,0,25,35,0,,,,,0,0,0,0,60,SIN_MONTO,,,,,0,NO CALCULABLE: 60 conceptos sin magnitud,NO DISPONIBLE: 60 conceptos sin costo,NO DISPONIBLE (cobertura 0.0 %),NO DISPONIBLE (cobertura 0.0 %),NO DISPONIBLE (cobertura 0.0 %),NO DISPONIBLE (cobertura 0.0 %),NO DISPONIBLE (cobertura 0.0 %),0,0,0,,
C3-2500,C3,2500,250,faena=propia|granjas=propias:1|pollito=incubacion|alimento=propia|flota=propia|frio=B_refrigerado_congelado|subprod=B_basico_propio|terreno=compra_fase|autom=semi|linea=lotes,madura,1,2026-10-01,USD,MANTENIMIENTO,INCOMPLETO,8,0,0,8,0,,,,,0,0,0,0,8,SIN_MONTO,,,,,0,NO CALCULABLE: 8 conceptos sin magnitud,NO DISPONIBLE: 8 conceptos sin costo,NO DISPONIBLE (cobertura 0.0 %),NO DISPONIBLE (cobertura 0.0 %),NO DISPONIBLE (cobertura 0.0 %),NO DISPONIBLE (cobertura 0.0 %),NO DISPONIBLE (cobertura 0.0 %),0,1,0,,
C3-2500,C3,2500,250,faena=propia|granjas=propias:1|pollito=incubacion|alimento=propia|flota=propia|frio=B_refrigerado_congelado|subprod=B_basico_propio|terreno=compra_fase|autom=semi|linea=lotes,madura,1,2026-10-01,USD,PRODUCCION_PRIMARIA,INCOMPLETO,10,0,6,4,0,,,,,0,0,0,0,10,SIN_MONTO,,,,,0,NO CALCULABLE: 10 conceptos sin magnitud,NO DISPONIBLE: 10 conceptos sin costo,NO DISPONIBLE (cobertura 0.0 %),NO DISPONIBLE (cobertura 0.0 %),NO DISPONIBLE (cobertura 0.0 %),NO DISPONIBLE (cobertura 0.0 %),NO DISPONIBLE (cobertura 0.0 %),0,0,0,,
C3-2500,C3,2500,250,faena=propia|granjas=propias:1|pollito=incubacion|alimento=propia|flota=propia|frio=B_refrigerado_congelado|subprod=B_basico_propio|terreno=compra_fase|autom=semi|linea=lotes,madura,1,2026-10-01,USD,SEGUROS,INCOMPLETO,14,0,11,3,0,,,,,0,0,0,0,14,SIN_MONTO,,,,,0,NO CALCULABLE: 14 conceptos sin magnitud,NO DISPONIBLE: 14 conceptos sin costo,NO DISPONIBLE (cobertura 0.0 %),NO DISPONIBLE (cobertura 0.0 %),NO DISPONIBLE (cobertura 0.0 %),NO DISPONIBLE (cobertura 0.0 %),NO DISPONIBLE (cobertura 0.0 %),0,0,0,,
C3-2500,C3,2500,250,faena=propia|granjas=propias:1|pollito=incubacion|alimento=propia|flota=propia|frio=B_refrigerado_congelado|subprod=B_basico_propio|terreno=compra_fase|autom=semi|linea=lotes,madura,1,2026-10-01,USD,SUBPRODUCTOS,INCOMPLETO,7,0,6,1,0,,,,,0,0,0,0,7,SIN_MONTO,,,,,0,NO CALCULABLE: 7 conceptos sin magnitud,NO DISPONIBLE: 7 conceptos sin costo,NO DISPONIBLE (cobertura 0.0 %),NO DISPONIBLE (cobertura 0.0 %),NO DISPONIBLE (cobertura 0.0 %),NO DISPONIBLE (cobertura 0.0 %),NO DISPONIBLE (cobertura 0.0 %),0,0,0,,
C3-2500,C3,2500,250,faena=propia|granjas=propias:1|pollito=incubacion|alimento=propia|flota=propia|frio=B_refrigerado_congelado|subprod=B_basico_propio|terreno=compra_fase|autom=semi|linea=lotes,madura,1,2026-10-01,USD,UTILITIES,INCOMPLETO,6,0,5,1,0,,,,,0,0,0,0,6,SIN_MONTO,,,,,0,NO CALCULABLE: 6 conceptos sin magnitud,NO DISPONIBLE: 6 conceptos sin costo,NO DISPONIBLE (cobertura 0.0 %),NO DISPONIBLE (cobertura 0.0 %),NO DISPONIBLE (cobertura 0.0 %),NO DISPONIBLE (cobertura 0.0 %),NO DISPONIBLE (cobertura 0.0 %),0,5,0,,
C3-2500,C3,2500,250,faena=propia|granjas=propias:1|pollito=incubacion|alimento=propia|flota=propia|frio=B_refrigerado_congelado|subprod=B_basico_propio|terreno=compra_fase|autom=semi|linea=lotes,madura,1,2026-10-01,USD,TOTAL,INCOMPLETO,199,1,124,74,0,0,0,360385,0,0,0,1,0,198,MONTO_CON_REFERENCIAS_DEBILES_E4,360385,360385,0,0,0.502513,NO CALCULABLE: 198 conceptos sin magnitud,NO DISPONIBLE: 198 conceptos sin costo,NO DISPONIBLE (cobertura 0.5 %),NO DISPONIBLE (cobertura 0.5 %),NO DISPONIBLE (cobertura 0.5 %),NO DISPONIBLE (cobertura 0.5 %),NO DISPONIBLE (cobertura 0.5 %),1,12,0,PENDIENTE,
C3-5000,C3,5000,250,faena=propia|granjas=propias:1|pollito=incubacion|alimento=propia|flota=propia|frio=B_refrigerado_congelado|subprod=B_basico_propio|terreno=compra_fase|autom=semi|linea=lotes,madura,1,2026-10-01,USD,ADMINISTRACION,INCOMPLETO,8,0,8,0,0,,,,,0,0,0,0,8,SIN_MONTO,,,,,0,NO CALCULABLE: 8 conceptos sin magnitud,NO DISPONIBLE: 8 conceptos sin costo,NO DISPONIBLE (cobertura 0.0 %),NO DISPONIBLE (cobertura 0.0 %),NO DISPONIBLE (cobertura 0.0 %),NO DISPONIBLE (cobertura 0.0 %),NO DISPONIBLE (cobertura 0.0 %),0,0,0,,
C3-5000,C3,5000,250,faena=propia|granjas=propias:1|pollito=incubacion|alimento=propia|flota=propia|frio=B_refrigerado_congelado|subprod=B_basico_propio|terreno=compra_fase|autom=semi|linea=lotes,madura,1,2026-10-01,USD,ALIMENTO,INCOMPLETO,8,1,2,5,0,0,0,720770,0,0,0,1,0,7,MONTO_CON_REFERENCIAS_DEBILES_E4,720770,720770,0,0,12.5,NO CALCULABLE: 7 conceptos sin magnitud,NO DISPONIBLE: 7 conceptos sin costo,NO DISPONIBLE (cobertura 12.5 %),NO DISPONIBLE (cobertura 12.5 %),NO DISPONIBLE (cobertura 12.5 %),NO DISPONIBLE (cobertura 12.5 %),NO DISPONIBLE (cobertura 12.5 %),0,3,0,,
C3-5000,C3,5000,250,faena=propia|granjas=propias:1|pollito=incubacion|alimento=propia|flota=propia|frio=B_refrigerado_congelado|subprod=B_basico_propio|terreno=compra_fase|autom=semi|linea=lotes,madura,1,2026-10-01,USD,CALIDAD,INCOMPLETO,8,0,5,3,0,,,,,0,0,0,0,8,SIN_MONTO,,,,,0,NO CALCULABLE: 8 conceptos sin magnitud,NO DISPONIBLE: 8 conceptos sin costo,NO DISPONIBLE (cobertura 0.0 %),NO DISPONIBLE (cobertura 0.0 %),NO DISPONIBLE (cobertura 0.0 %),NO DISPONIBLE (cobertura 0.0 %),NO DISPONIBLE (cobertura 0.0 %),0,0,0,,
C3-5000,C3,5000,250,faena=propia|granjas=propias:1|pollito=incubacion|alimento=propia|flota=propia|frio=B_refrigerado_congelado|subprod=B_basico_propio|terreno=compra_fase|autom=semi|linea=lotes,madura,1,2026-10-01,USD,COMERCIAL,INCOMPLETO,2,0,2,0,0,,,,,0,0,0,0,2,SIN_MONTO,,,,,0,NO CALCULABLE: 2 conceptos sin magnitud,NO DISPONIBLE: 2 conceptos sin costo,NO DISPONIBLE (cobertura 0.0 %),NO DISPONIBLE (cobertura 0.0 %),NO DISPONIBLE (cobertura 0.0 %),NO DISPONIBLE (cobertura 0.0 %),NO DISPONIBLE (cobertura 0.0 %),0,0,0,,
C3-5000,C3,5000,250,faena=propia|granjas=propias:1|pollito=incubacion|alimento=propia|flota=propia|frio=B_refrigerado_congelado|subprod=B_basico_propio|terreno=compra_fase|autom=semi|linea=lotes,madura,1,2026-10-01,USD,COSTO_LABORAL,INCOMPLETO,50,0,40,10,0,,,,,0,0,0,0,50,SIN_MONTO,,,,,0,NO CALCULABLE: 50 conceptos sin magnitud,NO DISPONIBLE: 50 conceptos sin costo,NO DISPONIBLE (cobertura 0.0 %),NO DISPONIBLE (cobertura 0.0 %),NO DISPONIBLE (cobertura 0.0 %),NO DISPONIBLE (cobertura 0.0 %),NO DISPONIBLE (cobertura 0.0 %),1,2,0,,
C3-5000,C3,5000,250,faena=propia|granjas=propias:1|pollito=incubacion|alimento=propia|flota=propia|frio=B_refrigerado_congelado|subprod=B_basico_propio|terreno=compra_fase|autom=semi|linea=lotes,madura,1,2026-10-01,USD,EFLUENTES,INCOMPLETO,4,0,2,2,0,,,,,0,0,0,0,4,SIN_MONTO,,,,,0,NO CALCULABLE: 4 conceptos sin magnitud,NO DISPONIBLE: 4 conceptos sin costo,NO DISPONIBLE (cobertura 0.0 %),NO DISPONIBLE (cobertura 0.0 %),NO DISPONIBLE (cobertura 0.0 %),NO DISPONIBLE (cobertura 0.0 %),NO DISPONIBLE (cobertura 0.0 %),0,0,0,,
C3-5000,C3,5000,250,faena=propia|granjas=propias:1|pollito=incubacion|alimento=propia|flota=propia|frio=B_refrigerado_congelado|subprod=B_basico_propio|terreno=compra_fase|autom=semi|linea=lotes,madura,1,2026-10-01,USD,EMPAQUE,INCOMPLETO,9,0,9,0,0,,,,,0,0,0,0,9,SIN_MONTO,,,,,0,NO CALCULABLE: 9 conceptos sin magnitud,NO DISPONIBLE: 9 conceptos sin costo,NO DISPONIBLE (cobertura 0.0 %),NO DISPONIBLE (cobertura 0.0 %),NO DISPONIBLE (cobertura 0.0 %),NO DISPONIBLE (cobertura 0.0 %),NO DISPONIBLE (cobertura 0.0 %),0,0,0,,
C3-5000,C3,5000,250,faena=propia|granjas=propias:1|pollito=incubacion|alimento=propia|flota=propia|frio=B_refrigerado_congelado|subprod=B_basico_propio|terreno=compra_fase|autom=semi|linea=lotes,madura,1,2026-10-01,USD,FAENA,INCOMPLETO,4,0,4,0,0,,,,,0,0,0,0,4,SIN_MONTO,,,,,0,NO CALCULABLE: 4 conceptos sin magnitud,NO DISPONIBLE: 4 conceptos sin costo,NO DISPONIBLE (cobertura 0.0 %),NO DISPONIBLE (cobertura 0.0 %),NO DISPONIBLE (cobertura 0.0 %),NO DISPONIBLE (cobertura 0.0 %),NO DISPONIBLE (cobertura 0.0 %),0,1,0,,
C3-5000,C3,5000,250,faena=propia|granjas=propias:1|pollito=incubacion|alimento=propia|flota=propia|frio=B_refrigerado_congelado|subprod=B_basico_propio|terreno=compra_fase|autom=semi|linea=lotes,madura,1,2026-10-01,USD,INCUBACION,INCOMPLETO,7,0,5,2,0,,,,,0,0,0,0,7,SIN_MONTO,,,,,0,NO CALCULABLE: 7 conceptos sin magnitud,NO DISPONIBLE: 7 conceptos sin costo,NO DISPONIBLE (cobertura 0.0 %),NO DISPONIBLE (cobertura 0.0 %),NO DISPONIBLE (cobertura 0.0 %),NO DISPONIBLE (cobertura 0.0 %),NO DISPONIBLE (cobertura 0.0 %),0,0,0,,
C3-5000,C3,5000,250,faena=propia|granjas=propias:1|pollito=incubacion|alimento=propia|flota=propia|frio=B_refrigerado_congelado|subprod=B_basico_propio|terreno=compra_fase|autom=semi|linea=lotes,madura,1,2026-10-01,USD,LOGISTICA,INCOMPLETO,60,0,25,35,0,,,,,0,0,0,0,60,SIN_MONTO,,,,,0,NO CALCULABLE: 60 conceptos sin magnitud,NO DISPONIBLE: 60 conceptos sin costo,NO DISPONIBLE (cobertura 0.0 %),NO DISPONIBLE (cobertura 0.0 %),NO DISPONIBLE (cobertura 0.0 %),NO DISPONIBLE (cobertura 0.0 %),NO DISPONIBLE (cobertura 0.0 %),0,0,0,,
C3-5000,C3,5000,250,faena=propia|granjas=propias:1|pollito=incubacion|alimento=propia|flota=propia|frio=B_refrigerado_congelado|subprod=B_basico_propio|terreno=compra_fase|autom=semi|linea=lotes,madura,1,2026-10-01,USD,MANTENIMIENTO,INCOMPLETO,8,0,0,8,0,,,,,0,0,0,0,8,SIN_MONTO,,,,,0,NO CALCULABLE: 8 conceptos sin magnitud,NO DISPONIBLE: 8 conceptos sin costo,NO DISPONIBLE (cobertura 0.0 %),NO DISPONIBLE (cobertura 0.0 %),NO DISPONIBLE (cobertura 0.0 %),NO DISPONIBLE (cobertura 0.0 %),NO DISPONIBLE (cobertura 0.0 %),0,1,0,,
C3-5000,C3,5000,250,faena=propia|granjas=propias:1|pollito=incubacion|alimento=propia|flota=propia|frio=B_refrigerado_congelado|subprod=B_basico_propio|terreno=compra_fase|autom=semi|linea=lotes,madura,1,2026-10-01,USD,PRODUCCION_PRIMARIA,INCOMPLETO,10,0,6,4,0,,,,,0,0,0,0,10,SIN_MONTO,,,,,0,NO CALCULABLE: 10 conceptos sin magnitud,NO DISPONIBLE: 10 conceptos sin costo,NO DISPONIBLE (cobertura 0.0 %),NO DISPONIBLE (cobertura 0.0 %),NO DISPONIBLE (cobertura 0.0 %),NO DISPONIBLE (cobertura 0.0 %),NO DISPONIBLE (cobertura 0.0 %),0,0,0,,
C3-5000,C3,5000,250,faena=propia|granjas=propias:1|pollito=incubacion|alimento=propia|flota=propia|frio=B_refrigerado_congelado|subprod=B_basico_propio|terreno=compra_fase|autom=semi|linea=lotes,madura,1,2026-10-01,USD,SEGUROS,INCOMPLETO,14,0,11,3,0,,,,,0,0,0,0,14,SIN_MONTO,,,,,0,NO CALCULABLE: 14 conceptos sin magnitud,NO DISPONIBLE: 14 conceptos sin costo,NO DISPONIBLE (cobertura 0.0 %),NO DISPONIBLE (cobertura 0.0 %),NO DISPONIBLE (cobertura 0.0 %),NO DISPONIBLE (cobertura 0.0 %),NO DISPONIBLE (cobertura 0.0 %),0,0,0,,
C3-5000,C3,5000,250,faena=propia|granjas=propias:1|pollito=incubacion|alimento=propia|flota=propia|frio=B_refrigerado_congelado|subprod=B_basico_propio|terreno=compra_fase|autom=semi|linea=lotes,madura,1,2026-10-01,USD,SUBPRODUCTOS,INCOMPLETO,7,0,6,1,0,,,,,0,0,0,0,7,SIN_MONTO,,,,,0,NO CALCULABLE: 7 conceptos sin magnitud,NO DISPONIBLE: 7 conceptos sin costo,NO DISPONIBLE (cobertura 0.0 %),NO DISPONIBLE (cobertura 0.0 %),NO DISPONIBLE (cobertura 0.0 %),NO DISPONIBLE (cobertura 0.0 %),NO DISPONIBLE (cobertura 0.0 %),0,0,0,,
C3-5000,C3,5000,250,faena=propia|granjas=propias:1|pollito=incubacion|alimento=propia|flota=propia|frio=B_refrigerado_congelado|subprod=B_basico_propio|terreno=compra_fase|autom=semi|linea=lotes,madura,1,2026-10-01,USD,UTILITIES,INCOMPLETO,6,0,5,1,0,,,,,0,0,0,0,6,SIN_MONTO,,,,,0,NO CALCULABLE: 6 conceptos sin magnitud,NO DISPONIBLE: 6 conceptos sin costo,NO DISPONIBLE (cobertura 0.0 %),NO DISPONIBLE (cobertura 0.0 %),NO DISPONIBLE (cobertura 0.0 %),NO DISPONIBLE (cobertura 0.0 %),NO DISPONIBLE (cobertura 0.0 %),0,5,0,,
C3-5000,C3,5000,250,faena=propia|granjas=propias:1|pollito=incubacion|alimento=propia|flota=propia|frio=B_refrigerado_congelado|subprod=B_basico_propio|terreno=compra_fase|autom=semi|linea=lotes,madura,1,2026-10-01,USD,TOTAL,INCOMPLETO,205,1,130,74,0,0,0,720770,0,0,0,1,0,204,MONTO_CON_REFERENCIAS_DEBILES_E4,720770,720770,0,0,0.487805,NO CALCULABLE: 204 conceptos sin magnitud,NO DISPONIBLE: 204 conceptos sin costo,NO DISPONIBLE (cobertura 0.5 %),NO DISPONIBLE (cobertura 0.5 %),NO DISPONIBLE (cobertura 0.5 %),NO DISPONIBLE (cobertura 0.5 %),NO DISPONIBLE (cobertura 0.5 %),1,12,0,PENDIENTE,
C3-10000,C3,10000,250,faena=propia|granjas=propias:1|pollito=incubacion|alimento=propia|flota=propia|frio=B_refrigerado_congelado|subprod=B_basico_propio|terreno=compra_fase|autom=semi|linea=lotes,madura,1,2026-10-01,USD,ADMINISTRACION,INCOMPLETO,8,0,8,0,0,,,,,0,0,0,0,8,SIN_MONTO,,,,,0,NO CALCULABLE: 8 conceptos sin magnitud,NO DISPONIBLE: 8 conceptos sin costo,NO DISPONIBLE (cobertura 0.0 %),NO DISPONIBLE (cobertura 0.0 %),NO DISPONIBLE (cobertura 0.0 %),NO DISPONIBLE (cobertura 0.0 %),NO DISPONIBLE (cobertura 0.0 %),0,0,0,,
C3-10000,C3,10000,250,faena=propia|granjas=propias:1|pollito=incubacion|alimento=propia|flota=propia|frio=B_refrigerado_congelado|subprod=B_basico_propio|terreno=compra_fase|autom=semi|linea=lotes,madura,1,2026-10-01,USD,ALIMENTO,INCOMPLETO,8,1,2,5,0,0,0,1.44154e+06,0,0,0,1,0,7,MONTO_CON_REFERENCIAS_DEBILES_E4,1.44154e+06,1.44154e+06,0,0,12.5,NO CALCULABLE: 7 conceptos sin magnitud,NO DISPONIBLE: 7 conceptos sin costo,NO DISPONIBLE (cobertura 12.5 %),NO DISPONIBLE (cobertura 12.5 %),NO DISPONIBLE (cobertura 12.5 %),NO DISPONIBLE (cobertura 12.5 %),NO DISPONIBLE (cobertura 12.5 %),0,3,0,,
C3-10000,C3,10000,250,faena=propia|granjas=propias:1|pollito=incubacion|alimento=propia|flota=propia|frio=B_refrigerado_congelado|subprod=B_basico_propio|terreno=compra_fase|autom=semi|linea=lotes,madura,1,2026-10-01,USD,CALIDAD,INCOMPLETO,8,0,5,3,0,,,,,0,0,0,0,8,SIN_MONTO,,,,,0,NO CALCULABLE: 8 conceptos sin magnitud,NO DISPONIBLE: 8 conceptos sin costo,NO DISPONIBLE (cobertura 0.0 %),NO DISPONIBLE (cobertura 0.0 %),NO DISPONIBLE (cobertura 0.0 %),NO DISPONIBLE (cobertura 0.0 %),NO DISPONIBLE (cobertura 0.0 %),0,0,0,,
C3-10000,C3,10000,250,faena=propia|granjas=propias:1|pollito=incubacion|alimento=propia|flota=propia|frio=B_refrigerado_congelado|subprod=B_basico_propio|terreno=compra_fase|autom=semi|linea=lotes,madura,1,2026-10-01,USD,COMERCIAL,INCOMPLETO,2,0,2,0,0,,,,,0,0,0,0,2,SIN_MONTO,,,,,0,NO CALCULABLE: 2 conceptos sin magnitud,NO DISPONIBLE: 2 conceptos sin costo,NO DISPONIBLE (cobertura 0.0 %),NO DISPONIBLE (cobertura 0.0 %),NO DISPONIBLE (cobertura 0.0 %),NO DISPONIBLE (cobertura 0.0 %),NO DISPONIBLE (cobertura 0.0 %),0,0,0,,
C3-10000,C3,10000,250,faena=propia|granjas=propias:1|pollito=incubacion|alimento=propia|flota=propia|frio=B_refrigerado_congelado|subprod=B_basico_propio|terreno=compra_fase|autom=semi|linea=lotes,madura,1,2026-10-01,USD,COSTO_LABORAL,INCOMPLETO,54,0,44,10,0,,,,,0,0,0,0,54,SIN_MONTO,,,,,0,NO CALCULABLE: 54 conceptos sin magnitud,NO DISPONIBLE: 54 conceptos sin costo,NO DISPONIBLE (cobertura 0.0 %),NO DISPONIBLE (cobertura 0.0 %),NO DISPONIBLE (cobertura 0.0 %),NO DISPONIBLE (cobertura 0.0 %),NO DISPONIBLE (cobertura 0.0 %),1,2,0,,
C3-10000,C3,10000,250,faena=propia|granjas=propias:1|pollito=incubacion|alimento=propia|flota=propia|frio=B_refrigerado_congelado|subprod=B_basico_propio|terreno=compra_fase|autom=semi|linea=lotes,madura,1,2026-10-01,USD,EFLUENTES,INCOMPLETO,4,0,2,2,0,,,,,0,0,0,0,4,SIN_MONTO,,,,,0,NO CALCULABLE: 4 conceptos sin magnitud,NO DISPONIBLE: 4 conceptos sin costo,NO DISPONIBLE (cobertura 0.0 %),NO DISPONIBLE (cobertura 0.0 %),NO DISPONIBLE (cobertura 0.0 %),NO DISPONIBLE (cobertura 0.0 %),NO DISPONIBLE (cobertura 0.0 %),0,0,0,,
C3-10000,C3,10000,250,faena=propia|granjas=propias:1|pollito=incubacion|alimento=propia|flota=propia|frio=B_refrigerado_congelado|subprod=B_basico_propio|terreno=compra_fase|autom=semi|linea=lotes,madura,1,2026-10-01,USD,EMPAQUE,INCOMPLETO,9,0,9,0,0,,,,,0,0,0,0,9,SIN_MONTO,,,,,0,NO CALCULABLE: 9 conceptos sin magnitud,NO DISPONIBLE: 9 conceptos sin costo,NO DISPONIBLE (cobertura 0.0 %),NO DISPONIBLE (cobertura 0.0 %),NO DISPONIBLE (cobertura 0.0 %),NO DISPONIBLE (cobertura 0.0 %),NO DISPONIBLE (cobertura 0.0 %),0,0,0,,
C3-10000,C3,10000,250,faena=propia|granjas=propias:1|pollito=incubacion|alimento=propia|flota=propia|frio=B_refrigerado_congelado|subprod=B_basico_propio|terreno=compra_fase|autom=semi|linea=lotes,madura,1,2026-10-01,USD,FAENA,INCOMPLETO,4,0,4,0,0,,,,,0,0,0,0,4,SIN_MONTO,,,,,0,NO CALCULABLE: 4 conceptos sin magnitud,NO DISPONIBLE: 4 conceptos sin costo,NO DISPONIBLE (cobertura 0.0 %),NO DISPONIBLE (cobertura 0.0 %),NO DISPONIBLE (cobertura 0.0 %),NO DISPONIBLE (cobertura 0.0 %),NO DISPONIBLE (cobertura 0.0 %),0,1,0,,
C3-10000,C3,10000,250,faena=propia|granjas=propias:1|pollito=incubacion|alimento=propia|flota=propia|frio=B_refrigerado_congelado|subprod=B_basico_propio|terreno=compra_fase|autom=semi|linea=lotes,madura,1,2026-10-01,USD,INCUBACION,INCOMPLETO,7,0,5,2,0,,,,,0,0,0,0,7,SIN_MONTO,,,,,0,NO CALCULABLE: 7 conceptos sin magnitud,NO DISPONIBLE: 7 conceptos sin costo,NO DISPONIBLE (cobertura 0.0 %),NO DISPONIBLE (cobertura 0.0 %),NO DISPONIBLE (cobertura 0.0 %),NO DISPONIBLE (cobertura 0.0 %),NO DISPONIBLE (cobertura 0.0 %),0,0,0,,
C3-10000,C3,10000,250,faena=propia|granjas=propias:1|pollito=incubacion|alimento=propia|flota=propia|frio=B_refrigerado_congelado|subprod=B_basico_propio|terreno=compra_fase|autom=semi|linea=lotes,madura,1,2026-10-01,USD,LOGISTICA,INCOMPLETO,60,0,25,35,0,,,,,0,0,0,0,60,SIN_MONTO,,,,,0,NO CALCULABLE: 60 conceptos sin magnitud,NO DISPONIBLE: 60 conceptos sin costo,NO DISPONIBLE (cobertura 0.0 %),NO DISPONIBLE (cobertura 0.0 %),NO DISPONIBLE (cobertura 0.0 %),NO DISPONIBLE (cobertura 0.0 %),NO DISPONIBLE (cobertura 0.0 %),0,0,0,,
C3-10000,C3,10000,250,faena=propia|granjas=propias:1|pollito=incubacion|alimento=propia|flota=propia|frio=B_refrigerado_congelado|subprod=B_basico_propio|terreno=compra_fase|autom=semi|linea=lotes,madura,1,2026-10-01,USD,MANTENIMIENTO,INCOMPLETO,8,0,0,8,0,,,,,0,0,0,0,8,SIN_MONTO,,,,,0,NO CALCULABLE: 8 conceptos sin magnitud,NO DISPONIBLE: 8 conceptos sin costo,NO DISPONIBLE (cobertura 0.0 %),NO DISPONIBLE (cobertura 0.0 %),NO DISPONIBLE (cobertura 0.0 %),NO DISPONIBLE (cobertura 0.0 %),NO DISPONIBLE (cobertura 0.0 %),0,1,0,,
C3-10000,C3,10000,250,faena=propia|granjas=propias:1|pollito=incubacion|alimento=propia|flota=propia|frio=B_refrigerado_congelado|subprod=B_basico_propio|terreno=compra_fase|autom=semi|linea=lotes,madura,1,2026-10-01,USD,PRODUCCION_PRIMARIA,INCOMPLETO,10,0,6,4,0,,,,,0,0,0,0,10,SIN_MONTO,,,,,0,NO CALCULABLE: 10 conceptos sin magnitud,NO DISPONIBLE: 10 conceptos sin costo,NO DISPONIBLE (cobertura 0.0 %),NO DISPONIBLE (cobertura 0.0 %),NO DISPONIBLE (cobertura 0.0 %),NO DISPONIBLE (cobertura 0.0 %),NO DISPONIBLE (cobertura 0.0 %),0,0,0,,
C3-10000,C3,10000,250,faena=propia|granjas=propias:1|pollito=incubacion|alimento=propia|flota=propia|frio=B_refrigerado_congelado|subprod=B_basico_propio|terreno=compra_fase|autom=semi|linea=lotes,madura,1,2026-10-01,USD,SEGUROS,INCOMPLETO,14,0,11,3,0,,,,,0,0,0,0,14,SIN_MONTO,,,,,0,NO CALCULABLE: 14 conceptos sin magnitud,NO DISPONIBLE: 14 conceptos sin costo,NO DISPONIBLE (cobertura 0.0 %),NO DISPONIBLE (cobertura 0.0 %),NO DISPONIBLE (cobertura 0.0 %),NO DISPONIBLE (cobertura 0.0 %),NO DISPONIBLE (cobertura 0.0 %),0,0,0,,
C3-10000,C3,10000,250,faena=propia|granjas=propias:1|pollito=incubacion|alimento=propia|flota=propia|frio=B_refrigerado_congelado|subprod=B_basico_propio|terreno=compra_fase|autom=semi|linea=lotes,madura,1,2026-10-01,USD,SUBPRODUCTOS,INCOMPLETO,7,0,6,1,0,,,,,0,0,0,0,7,SIN_MONTO,,,,,0,NO CALCULABLE: 7 conceptos sin magnitud,NO DISPONIBLE: 7 conceptos sin costo,NO DISPONIBLE (cobertura 0.0 %),NO DISPONIBLE (cobertura 0.0 %),NO DISPONIBLE (cobertura 0.0 %),NO DISPONIBLE (cobertura 0.0 %),NO DISPONIBLE (cobertura 0.0 %),0,0,0,,
C3-10000,C3,10000,250,faena=propia|granjas=propias:1|pollito=incubacion|alimento=propia|flota=propia|frio=B_refrigerado_congelado|subprod=B_basico_propio|terreno=compra_fase|autom=semi|linea=lotes,madura,1,2026-10-01,USD,UTILITIES,INCOMPLETO,6,0,5,1,0,,,,,0,0,0,0,6,SIN_MONTO,,,,,0,NO CALCULABLE: 6 conceptos sin magnitud,NO DISPONIBLE: 6 conceptos sin costo,NO DISPONIBLE (cobertura 0.0 %),NO DISPONIBLE (cobertura 0.0 %),NO DISPONIBLE (cobertura 0.0 %),NO DISPONIBLE (cobertura 0.0 %),NO DISPONIBLE (cobertura 0.0 %),0,5,0,,
C3-10000,C3,10000,250,faena=propia|granjas=propias:1|pollito=incubacion|alimento=propia|flota=propia|frio=B_refrigerado_congelado|subprod=B_basico_propio|terreno=compra_fase|autom=semi|linea=lotes,madura,1,2026-10-01,USD,TOTAL,INCOMPLETO,209,1,134,74,0,0,0,1.44154e+06,0,0,0,1,0,208,MONTO_CON_REFERENCIAS_DEBILES_E4,1.44154e+06,1.44154e+06,0,0,0.478469,NO CALCULABLE: 208 conceptos sin magnitud,NO DISPONIBLE: 208 conceptos sin costo,NO DISPONIBLE (cobertura 0.5 %),NO DISPONIBLE (cobertura 0.5 %),NO DISPONIBLE (cobertura 0.5 %),NO DISPONIBLE (cobertura 0.5 %),NO DISPONIBLE (cobertura 0.5 %),1,12,0,PENDIENTE,
C3-20000,C3,20000,250,faena=propia|granjas=propias:1|pollito=incubacion|alimento=propia|flota=propia|frio=B_refrigerado_congelado|subprod=B_basico_propio|terreno=compra_fase|autom=semi|linea=lotes,madura,1,2026-10-01,USD,ADMINISTRACION,INCOMPLETO,8,0,8,0,0,,,,,0,0,0,0,8,SIN_MONTO,,,,,0,NO CALCULABLE: 8 conceptos sin magnitud,NO DISPONIBLE: 8 conceptos sin costo,NO DISPONIBLE (cobertura 0.0 %),NO DISPONIBLE (cobertura 0.0 %),NO DISPONIBLE (cobertura 0.0 %),NO DISPONIBLE (cobertura 0.0 %),NO DISPONIBLE (cobertura 0.0 %),0,0,0,,
C3-20000,C3,20000,250,faena=propia|granjas=propias:1|pollito=incubacion|alimento=propia|flota=propia|frio=B_refrigerado_congelado|subprod=B_basico_propio|terreno=compra_fase|autom=semi|linea=lotes,madura,1,2026-10-01,USD,ALIMENTO,INCOMPLETO,8,1,2,5,0,0,0,2.88308e+06,0,0,0,1,0,7,MONTO_CON_REFERENCIAS_DEBILES_E4,2.88308e+06,2.88308e+06,0,0,12.5,NO CALCULABLE: 7 conceptos sin magnitud,NO DISPONIBLE: 7 conceptos sin costo,NO DISPONIBLE (cobertura 12.5 %),NO DISPONIBLE (cobertura 12.5 %),NO DISPONIBLE (cobertura 12.5 %),NO DISPONIBLE (cobertura 12.5 %),NO DISPONIBLE (cobertura 12.5 %),0,3,0,,
C3-20000,C3,20000,250,faena=propia|granjas=propias:1|pollito=incubacion|alimento=propia|flota=propia|frio=B_refrigerado_congelado|subprod=B_basico_propio|terreno=compra_fase|autom=semi|linea=lotes,madura,1,2026-10-01,USD,CALIDAD,INCOMPLETO,8,0,5,3,0,,,,,0,0,0,0,8,SIN_MONTO,,,,,0,NO CALCULABLE: 8 conceptos sin magnitud,NO DISPONIBLE: 8 conceptos sin costo,NO DISPONIBLE (cobertura 0.0 %),NO DISPONIBLE (cobertura 0.0 %),NO DISPONIBLE (cobertura 0.0 %),NO DISPONIBLE (cobertura 0.0 %),NO DISPONIBLE (cobertura 0.0 %),0,0,0,,
C3-20000,C3,20000,250,faena=propia|granjas=propias:1|pollito=incubacion|alimento=propia|flota=propia|frio=B_refrigerado_congelado|subprod=B_basico_propio|terreno=compra_fase|autom=semi|linea=lotes,madura,1,2026-10-01,USD,COMERCIAL,INCOMPLETO,2,0,2,0,0,,,,,0,0,0,0,2,SIN_MONTO,,,,,0,NO CALCULABLE: 2 conceptos sin magnitud,NO DISPONIBLE: 2 conceptos sin costo,NO DISPONIBLE (cobertura 0.0 %),NO DISPONIBLE (cobertura 0.0 %),NO DISPONIBLE (cobertura 0.0 %),NO DISPONIBLE (cobertura 0.0 %),NO DISPONIBLE (cobertura 0.0 %),0,0,0,,
C3-20000,C3,20000,250,faena=propia|granjas=propias:1|pollito=incubacion|alimento=propia|flota=propia|frio=B_refrigerado_congelado|subprod=B_basico_propio|terreno=compra_fase|autom=semi|linea=lotes,madura,1,2026-10-01,USD,COSTO_LABORAL,INCOMPLETO,55,0,45,10,0,,,,,0,0,0,0,55,SIN_MONTO,,,,,0,NO CALCULABLE: 55 conceptos sin magnitud,NO DISPONIBLE: 55 conceptos sin costo,NO DISPONIBLE (cobertura 0.0 %),NO DISPONIBLE (cobertura 0.0 %),NO DISPONIBLE (cobertura 0.0 %),NO DISPONIBLE (cobertura 0.0 %),NO DISPONIBLE (cobertura 0.0 %),1,2,0,,
C3-20000,C3,20000,250,faena=propia|granjas=propias:1|pollito=incubacion|alimento=propia|flota=propia|frio=B_refrigerado_congelado|subprod=B_basico_propio|terreno=compra_fase|autom=semi|linea=lotes,madura,1,2026-10-01,USD,EFLUENTES,INCOMPLETO,4,0,2,2,0,,,,,0,0,0,0,4,SIN_MONTO,,,,,0,NO CALCULABLE: 4 conceptos sin magnitud,NO DISPONIBLE: 4 conceptos sin costo,NO DISPONIBLE (cobertura 0.0 %),NO DISPONIBLE (cobertura 0.0 %),NO DISPONIBLE (cobertura 0.0 %),NO DISPONIBLE (cobertura 0.0 %),NO DISPONIBLE (cobertura 0.0 %),0,0,0,,
C3-20000,C3,20000,250,faena=propia|granjas=propias:1|pollito=incubacion|alimento=propia|flota=propia|frio=B_refrigerado_congelado|subprod=B_basico_propio|terreno=compra_fase|autom=semi|linea=lotes,madura,1,2026-10-01,USD,EMPAQUE,INCOMPLETO,9,0,9,0,0,,,,,0,0,0,0,9,SIN_MONTO,,,,,0,NO CALCULABLE: 9 conceptos sin magnitud,NO DISPONIBLE: 9 conceptos sin costo,NO DISPONIBLE (cobertura 0.0 %),NO DISPONIBLE (cobertura 0.0 %),NO DISPONIBLE (cobertura 0.0 %),NO DISPONIBLE (cobertura 0.0 %),NO DISPONIBLE (cobertura 0.0 %),0,0,0,,
C3-20000,C3,20000,250,faena=propia|granjas=propias:1|pollito=incubacion|alimento=propia|flota=propia|frio=B_refrigerado_congelado|subprod=B_basico_propio|terreno=compra_fase|autom=semi|linea=lotes,madura,1,2026-10-01,USD,FAENA,INCOMPLETO,4,0,4,0,0,,,,,0,0,0,0,4,SIN_MONTO,,,,,0,NO CALCULABLE: 4 conceptos sin magnitud,NO DISPONIBLE: 4 conceptos sin costo,NO DISPONIBLE (cobertura 0.0 %),NO DISPONIBLE (cobertura 0.0 %),NO DISPONIBLE (cobertura 0.0 %),NO DISPONIBLE (cobertura 0.0 %),NO DISPONIBLE (cobertura 0.0 %),0,1,0,,
C3-20000,C3,20000,250,faena=propia|granjas=propias:1|pollito=incubacion|alimento=propia|flota=propia|frio=B_refrigerado_congelado|subprod=B_basico_propio|terreno=compra_fase|autom=semi|linea=lotes,madura,1,2026-10-01,USD,INCUBACION,INCOMPLETO,7,0,5,2,0,,,,,0,0,0,0,7,SIN_MONTO,,,,,0,NO CALCULABLE: 7 conceptos sin magnitud,NO DISPONIBLE: 7 conceptos sin costo,NO DISPONIBLE (cobertura 0.0 %),NO DISPONIBLE (cobertura 0.0 %),NO DISPONIBLE (cobertura 0.0 %),NO DISPONIBLE (cobertura 0.0 %),NO DISPONIBLE (cobertura 0.0 %),0,0,0,,
C3-20000,C3,20000,250,faena=propia|granjas=propias:1|pollito=incubacion|alimento=propia|flota=propia|frio=B_refrigerado_congelado|subprod=B_basico_propio|terreno=compra_fase|autom=semi|linea=lotes,madura,1,2026-10-01,USD,LOGISTICA,INCOMPLETO,60,0,25,35,0,,,,,0,0,0,0,60,SIN_MONTO,,,,,0,NO CALCULABLE: 60 conceptos sin magnitud,NO DISPONIBLE: 60 conceptos sin costo,NO DISPONIBLE (cobertura 0.0 %),NO DISPONIBLE (cobertura 0.0 %),NO DISPONIBLE (cobertura 0.0 %),NO DISPONIBLE (cobertura 0.0 %),NO DISPONIBLE (cobertura 0.0 %),0,0,0,,
C3-20000,C3,20000,250,faena=propia|granjas=propias:1|pollito=incubacion|alimento=propia|flota=propia|frio=B_refrigerado_congelado|subprod=B_basico_propio|terreno=compra_fase|autom=semi|linea=lotes,madura,1,2026-10-01,USD,MANTENIMIENTO,INCOMPLETO,8,0,0,8,0,,,,,0,0,0,0,8,SIN_MONTO,,,,,0,NO CALCULABLE: 8 conceptos sin magnitud,NO DISPONIBLE: 8 conceptos sin costo,NO DISPONIBLE (cobertura 0.0 %),NO DISPONIBLE (cobertura 0.0 %),NO DISPONIBLE (cobertura 0.0 %),NO DISPONIBLE (cobertura 0.0 %),NO DISPONIBLE (cobertura 0.0 %),0,1,0,,
C3-20000,C3,20000,250,faena=propia|granjas=propias:1|pollito=incubacion|alimento=propia|flota=propia|frio=B_refrigerado_congelado|subprod=B_basico_propio|terreno=compra_fase|autom=semi|linea=lotes,madura,1,2026-10-01,USD,PRODUCCION_PRIMARIA,INCOMPLETO,10,0,6,4,0,,,,,0,0,0,0,10,SIN_MONTO,,,,,0,NO CALCULABLE: 10 conceptos sin magnitud,NO DISPONIBLE: 10 conceptos sin costo,NO DISPONIBLE (cobertura 0.0 %),NO DISPONIBLE (cobertura 0.0 %),NO DISPONIBLE (cobertura 0.0 %),NO DISPONIBLE (cobertura 0.0 %),NO DISPONIBLE (cobertura 0.0 %),0,0,0,,
C3-20000,C3,20000,250,faena=propia|granjas=propias:1|pollito=incubacion|alimento=propia|flota=propia|frio=B_refrigerado_congelado|subprod=B_basico_propio|terreno=compra_fase|autom=semi|linea=lotes,madura,1,2026-10-01,USD,SEGUROS,INCOMPLETO,14,0,11,3,0,,,,,0,0,0,0,14,SIN_MONTO,,,,,0,NO CALCULABLE: 14 conceptos sin magnitud,NO DISPONIBLE: 14 conceptos sin costo,NO DISPONIBLE (cobertura 0.0 %),NO DISPONIBLE (cobertura 0.0 %),NO DISPONIBLE (cobertura 0.0 %),NO DISPONIBLE (cobertura 0.0 %),NO DISPONIBLE (cobertura 0.0 %),0,0,0,,
C3-20000,C3,20000,250,faena=propia|granjas=propias:1|pollito=incubacion|alimento=propia|flota=propia|frio=B_refrigerado_congelado|subprod=B_basico_propio|terreno=compra_fase|autom=semi|linea=lotes,madura,1,2026-10-01,USD,SUBPRODUCTOS,INCOMPLETO,7,0,6,1,0,,,,,0,0,0,0,7,SIN_MONTO,,,,,0,NO CALCULABLE: 7 conceptos sin magnitud,NO DISPONIBLE: 7 conceptos sin costo,NO DISPONIBLE (cobertura 0.0 %),NO DISPONIBLE (cobertura 0.0 %),NO DISPONIBLE (cobertura 0.0 %),NO DISPONIBLE (cobertura 0.0 %),NO DISPONIBLE (cobertura 0.0 %),0,0,0,,
C3-20000,C3,20000,250,faena=propia|granjas=propias:1|pollito=incubacion|alimento=propia|flota=propia|frio=B_refrigerado_congelado|subprod=B_basico_propio|terreno=compra_fase|autom=semi|linea=lotes,madura,1,2026-10-01,USD,UTILITIES,INCOMPLETO,6,0,5,1,0,,,,,0,0,0,0,6,SIN_MONTO,,,,,0,NO CALCULABLE: 6 conceptos sin magnitud,NO DISPONIBLE: 6 conceptos sin costo,NO DISPONIBLE (cobertura 0.0 %),NO DISPONIBLE (cobertura 0.0 %),NO DISPONIBLE (cobertura 0.0 %),NO DISPONIBLE (cobertura 0.0 %),NO DISPONIBLE (cobertura 0.0 %),0,5,0,,
C3-20000,C3,20000,250,faena=propia|granjas=propias:1|pollito=incubacion|alimento=propia|flota=propia|frio=B_refrigerado_congelado|subprod=B_basico_propio|terreno=compra_fase|autom=semi|linea=lotes,madura,1,2026-10-01,USD,TOTAL,INCOMPLETO,210,1,135,74,0,0,0,2.88308e+06,0,0,0,1,0,209,MONTO_CON_REFERENCIAS_DEBILES_E4,2.88308e+06,2.88308e+06,0,0,0.47619,NO CALCULABLE: 209 conceptos sin magnitud,NO DISPONIBLE: 209 conceptos sin costo,NO DISPONIBLE (cobertura 0.5 %),NO DISPONIBLE (cobertura 0.5 %),NO DISPONIBLE (cobertura 0.5 %),NO DISPONIBLE (cobertura 0.5 %),NO DISPONIBLE (cobertura 0.5 %),1,12,0,PENDIENTE,
CF-2500,CF,2500,250,faena=propia|granjas=propias:1|pollito=incubacion+reprod|alimento=propia|flota=propia|frio=B_refrigerado_congelado|subprod=B_basico_propio+rendering|terreno=compra_fase|autom=semi|linea=lotes,madura,1,2026-10-01,USD,ADMINISTRACION,INCOMPLETO,8,0,8,0,0,,,,,0,0,0,0,8,SIN_MONTO,,,,,0,NO CALCULABLE: 8 conceptos sin magnitud,NO DISPONIBLE: 8 conceptos sin costo,NO DISPONIBLE (cobertura 0.0 %),NO DISPONIBLE (cobertura 0.0 %),NO DISPONIBLE (cobertura 0.0 %),NO DISPONIBLE (cobertura 0.0 %),NO DISPONIBLE (cobertura 0.0 %),0,0,0,,
CF-2500,CF,2500,250,faena=propia|granjas=propias:1|pollito=incubacion+reprod|alimento=propia|flota=propia|frio=B_refrigerado_congelado|subprod=B_basico_propio+rendering|terreno=compra_fase|autom=semi|linea=lotes,madura,1,2026-10-01,USD,ALIMENTO,INCOMPLETO,8,1,2,5,0,0,0,360385,0,0,0,1,0,7,MONTO_CON_REFERENCIAS_DEBILES_E4,360385,360385,0,0,12.5,NO CALCULABLE: 7 conceptos sin magnitud,NO DISPONIBLE: 7 conceptos sin costo,NO DISPONIBLE (cobertura 12.5 %),NO DISPONIBLE (cobertura 12.5 %),NO DISPONIBLE (cobertura 12.5 %),NO DISPONIBLE (cobertura 12.5 %),NO DISPONIBLE (cobertura 12.5 %),0,3,0,,
CF-2500,CF,2500,250,faena=propia|granjas=propias:1|pollito=incubacion+reprod|alimento=propia|flota=propia|frio=B_refrigerado_congelado|subprod=B_basico_propio+rendering|terreno=compra_fase|autom=semi|linea=lotes,madura,1,2026-10-01,USD,CALIDAD,INCOMPLETO,8,0,5,3,0,,,,,0,0,0,0,8,SIN_MONTO,,,,,0,NO CALCULABLE: 8 conceptos sin magnitud,NO DISPONIBLE: 8 conceptos sin costo,NO DISPONIBLE (cobertura 0.0 %),NO DISPONIBLE (cobertura 0.0 %),NO DISPONIBLE (cobertura 0.0 %),NO DISPONIBLE (cobertura 0.0 %),NO DISPONIBLE (cobertura 0.0 %),0,0,0,,
CF-2500,CF,2500,250,faena=propia|granjas=propias:1|pollito=incubacion+reprod|alimento=propia|flota=propia|frio=B_refrigerado_congelado|subprod=B_basico_propio+rendering|terreno=compra_fase|autom=semi|linea=lotes,madura,1,2026-10-01,USD,COMERCIAL,INCOMPLETO,2,0,2,0,0,,,,,0,0,0,0,2,SIN_MONTO,,,,,0,NO CALCULABLE: 2 conceptos sin magnitud,NO DISPONIBLE: 2 conceptos sin costo,NO DISPONIBLE (cobertura 0.0 %),NO DISPONIBLE (cobertura 0.0 %),NO DISPONIBLE (cobertura 0.0 %),NO DISPONIBLE (cobertura 0.0 %),NO DISPONIBLE (cobertura 0.0 %),0,0,0,,
CF-2500,CF,2500,250,faena=propia|granjas=propias:1|pollito=incubacion+reprod|alimento=propia|flota=propia|frio=B_refrigerado_congelado|subprod=B_basico_propio+rendering|terreno=compra_fase|autom=semi|linea=lotes,madura,1,2026-10-01,USD,COSTO_LABORAL,INCOMPLETO,44,0,34,10,0,,,,,0,0,0,0,44,SIN_MONTO,,,,,0,NO CALCULABLE: 44 conceptos sin magnitud,NO DISPONIBLE: 44 conceptos sin costo,NO DISPONIBLE (cobertura 0.0 %),NO DISPONIBLE (cobertura 0.0 %),NO DISPONIBLE (cobertura 0.0 %),NO DISPONIBLE (cobertura 0.0 %),NO DISPONIBLE (cobertura 0.0 %),1,2,0,,
CF-2500,CF,2500,250,faena=propia|granjas=propias:1|pollito=incubacion+reprod|alimento=propia|flota=propia|frio=B_refrigerado_congelado|subprod=B_basico_propio+rendering|terreno=compra_fase|autom=semi|linea=lotes,madura,1,2026-10-01,USD,EFLUENTES,INCOMPLETO,4,0,2,2,0,,,,,0,0,0,0,4,SIN_MONTO,,,,,0,NO CALCULABLE: 4 conceptos sin magnitud,NO DISPONIBLE: 4 conceptos sin costo,NO DISPONIBLE (cobertura 0.0 %),NO DISPONIBLE (cobertura 0.0 %),NO DISPONIBLE (cobertura 0.0 %),NO DISPONIBLE (cobertura 0.0 %),NO DISPONIBLE (cobertura 0.0 %),0,0,0,,
CF-2500,CF,2500,250,faena=propia|granjas=propias:1|pollito=incubacion+reprod|alimento=propia|flota=propia|frio=B_refrigerado_congelado|subprod=B_basico_propio+rendering|terreno=compra_fase|autom=semi|linea=lotes,madura,1,2026-10-01,USD,EMPAQUE,INCOMPLETO,9,0,9,0,0,,,,,0,0,0,0,9,SIN_MONTO,,,,,0,NO CALCULABLE: 9 conceptos sin magnitud,NO DISPONIBLE: 9 conceptos sin costo,NO DISPONIBLE (cobertura 0.0 %),NO DISPONIBLE (cobertura 0.0 %),NO DISPONIBLE (cobertura 0.0 %),NO DISPONIBLE (cobertura 0.0 %),NO DISPONIBLE (cobertura 0.0 %),0,0,0,,
CF-2500,CF,2500,250,faena=propia|granjas=propias:1|pollito=incubacion+reprod|alimento=propia|flota=propia|frio=B_refrigerado_congelado|subprod=B_basico_propio+rendering|terreno=compra_fase|autom=semi|linea=lotes,madura,1,2026-10-01,USD,FAENA,INCOMPLETO,4,0,4,0,0,,,,,0,0,0,0,4,SIN_MONTO,,,,,0,NO CALCULABLE: 4 conceptos sin magnitud,NO DISPONIBLE: 4 conceptos sin costo,NO DISPONIBLE (cobertura 0.0 %),NO DISPONIBLE (cobertura 0.0 %),NO DISPONIBLE (cobertura 0.0 %),NO DISPONIBLE (cobertura 0.0 %),NO DISPONIBLE (cobertura 0.0 %),0,1,0,,
CF-2500,CF,2500,250,faena=propia|granjas=propias:1|pollito=incubacion+reprod|alimento=propia|flota=propia|frio=B_refrigerado_congelado|subprod=B_basico_propio+rendering|terreno=compra_fase|autom=semi|linea=lotes,madura,1,2026-10-01,USD,INCUBACION,INCOMPLETO,7,0,5,2,0,,,,,0,0,0,0,7,SIN_MONTO,,,,,0,NO CALCULABLE: 7 conceptos sin magnitud,NO DISPONIBLE: 7 conceptos sin costo,NO DISPONIBLE (cobertura 0.0 %),NO DISPONIBLE (cobertura 0.0 %),NO DISPONIBLE (cobertura 0.0 %),NO DISPONIBLE (cobertura 0.0 %),NO DISPONIBLE (cobertura 0.0 %),0,0,0,,
CF-2500,CF,2500,250,faena=propia|granjas=propias:1|pollito=incubacion+reprod|alimento=propia|flota=propia|frio=B_refrigerado_congelado|subprod=B_basico_propio+rendering|terreno=compra_fase|autom=semi|linea=lotes,madura,1,2026-10-01,USD,LOGISTICA,INCOMPLETO,60,0,25,35,0,,,,,0,0,0,0,60,SIN_MONTO,,,,,0,NO CALCULABLE: 60 conceptos sin magnitud,NO DISPONIBLE: 60 conceptos sin costo,NO DISPONIBLE (cobertura 0.0 %),NO DISPONIBLE (cobertura 0.0 %),NO DISPONIBLE (cobertura 0.0 %),NO DISPONIBLE (cobertura 0.0 %),NO DISPONIBLE (cobertura 0.0 %),0,0,0,,
CF-2500,CF,2500,250,faena=propia|granjas=propias:1|pollito=incubacion+reprod|alimento=propia|flota=propia|frio=B_refrigerado_congelado|subprod=B_basico_propio+rendering|terreno=compra_fase|autom=semi|linea=lotes,madura,1,2026-10-01,USD,MANTENIMIENTO,INCOMPLETO,8,0,0,8,0,,,,,0,0,0,0,8,SIN_MONTO,,,,,0,NO CALCULABLE: 8 conceptos sin magnitud,NO DISPONIBLE: 8 conceptos sin costo,NO DISPONIBLE (cobertura 0.0 %),NO DISPONIBLE (cobertura 0.0 %),NO DISPONIBLE (cobertura 0.0 %),NO DISPONIBLE (cobertura 0.0 %),NO DISPONIBLE (cobertura 0.0 %),0,1,0,,
CF-2500,CF,2500,250,faena=propia|granjas=propias:1|pollito=incubacion+reprod|alimento=propia|flota=propia|frio=B_refrigerado_congelado|subprod=B_basico_propio+rendering|terreno=compra_fase|autom=semi|linea=lotes,madura,1,2026-10-01,USD,PRODUCCION_PRIMARIA,INCOMPLETO,10,0,6,4,0,,,,,0,0,0,0,10,SIN_MONTO,,,,,0,NO CALCULABLE: 10 conceptos sin magnitud,NO DISPONIBLE: 10 conceptos sin costo,NO DISPONIBLE (cobertura 0.0 %),NO DISPONIBLE (cobertura 0.0 %),NO DISPONIBLE (cobertura 0.0 %),NO DISPONIBLE (cobertura 0.0 %),NO DISPONIBLE (cobertura 0.0 %),0,0,0,,
CF-2500,CF,2500,250,faena=propia|granjas=propias:1|pollito=incubacion+reprod|alimento=propia|flota=propia|frio=B_refrigerado_congelado|subprod=B_basico_propio+rendering|terreno=compra_fase|autom=semi|linea=lotes,madura,1,2026-10-01,USD,REPRODUCTORAS,SIN_CONCEPTOS,0,0,0,0,0,,,,,0,0,0,0,0,SIN_MONTO,,,,,,NO APLICA,NO APLICA,NO APLICA,NO APLICA,NO APLICA,NO APLICA,NO APLICA,0,0,5,,
CF-2500,CF,2500,250,faena=propia|granjas=propias:1|pollito=incubacion+reprod|alimento=propia|flota=propia|frio=B_refrigerado_congelado|subprod=B_basico_propio+rendering|terreno=compra_fase|autom=semi|linea=lotes,madura,1,2026-10-01,USD,SEGUROS,INCOMPLETO,14,0,11,3,0,,,,,0,0,0,0,14,SIN_MONTO,,,,,0,NO CALCULABLE: 14 conceptos sin magnitud,NO DISPONIBLE: 14 conceptos sin costo,NO DISPONIBLE (cobertura 0.0 %),NO DISPONIBLE (cobertura 0.0 %),NO DISPONIBLE (cobertura 0.0 %),NO DISPONIBLE (cobertura 0.0 %),NO DISPONIBLE (cobertura 0.0 %),0,0,0,,
CF-2500,CF,2500,250,faena=propia|granjas=propias:1|pollito=incubacion+reprod|alimento=propia|flota=propia|frio=B_refrigerado_congelado|subprod=B_basico_propio+rendering|terreno=compra_fase|autom=semi|linea=lotes,madura,1,2026-10-01,USD,SUBPRODUCTOS,INCOMPLETO,7,0,6,1,0,,,,,0,0,0,0,7,SIN_MONTO,,,,,0,NO CALCULABLE: 7 conceptos sin magnitud,NO DISPONIBLE: 7 conceptos sin costo,NO DISPONIBLE (cobertura 0.0 %),NO DISPONIBLE (cobertura 0.0 %),NO DISPONIBLE (cobertura 0.0 %),NO DISPONIBLE (cobertura 0.0 %),NO DISPONIBLE (cobertura 0.0 %),0,0,3,,
CF-2500,CF,2500,250,faena=propia|granjas=propias:1|pollito=incubacion+reprod|alimento=propia|flota=propia|frio=B_refrigerado_congelado|subprod=B_basico_propio+rendering|terreno=compra_fase|autom=semi|linea=lotes,madura,1,2026-10-01,USD,UTILITIES,INCOMPLETO,6,0,5,1,0,,,,,0,0,0,0,6,SIN_MONTO,,,,,0,NO CALCULABLE: 6 conceptos sin magnitud,NO DISPONIBLE: 6 conceptos sin costo,NO DISPONIBLE (cobertura 0.0 %),NO DISPONIBLE (cobertura 0.0 %),NO DISPONIBLE (cobertura 0.0 %),NO DISPONIBLE (cobertura 0.0 %),NO DISPONIBLE (cobertura 0.0 %),0,5,0,,
CF-2500,CF,2500,250,faena=propia|granjas=propias:1|pollito=incubacion+reprod|alimento=propia|flota=propia|frio=B_refrigerado_congelado|subprod=B_basico_propio+rendering|terreno=compra_fase|autom=semi|linea=lotes,madura,1,2026-10-01,USD,TOTAL,INCOMPLETO,199,1,124,74,0,0,0,360385,0,0,0,1,0,198,MONTO_CON_REFERENCIAS_DEBILES_E4,360385,360385,0,0,0.502513,NO CALCULABLE: 198 conceptos sin magnitud,NO DISPONIBLE: 198 conceptos sin costo,NO DISPONIBLE (cobertura 0.5 %),NO DISPONIBLE (cobertura 0.5 %),NO DISPONIBLE (cobertura 0.5 %),NO DISPONIBLE (cobertura 0.5 %),NO DISPONIBLE (cobertura 0.5 %),1,12,8,PENDIENTE,
CF-5000,CF,5000,250,faena=propia|granjas=propias:1|pollito=incubacion+reprod|alimento=propia|flota=propia|frio=B_refrigerado_congelado|subprod=B_basico_propio+rendering|terreno=compra_fase|autom=semi|linea=lotes,madura,1,2026-10-01,USD,ADMINISTRACION,INCOMPLETO,8,0,8,0,0,,,,,0,0,0,0,8,SIN_MONTO,,,,,0,NO CALCULABLE: 8 conceptos sin magnitud,NO DISPONIBLE: 8 conceptos sin costo,NO DISPONIBLE (cobertura 0.0 %),NO DISPONIBLE (cobertura 0.0 %),NO DISPONIBLE (cobertura 0.0 %),NO DISPONIBLE (cobertura 0.0 %),NO DISPONIBLE (cobertura 0.0 %),0,0,0,,
CF-5000,CF,5000,250,faena=propia|granjas=propias:1|pollito=incubacion+reprod|alimento=propia|flota=propia|frio=B_refrigerado_congelado|subprod=B_basico_propio+rendering|terreno=compra_fase|autom=semi|linea=lotes,madura,1,2026-10-01,USD,ALIMENTO,INCOMPLETO,8,1,2,5,0,0,0,720770,0,0,0,1,0,7,MONTO_CON_REFERENCIAS_DEBILES_E4,720770,720770,0,0,12.5,NO CALCULABLE: 7 conceptos sin magnitud,NO DISPONIBLE: 7 conceptos sin costo,NO DISPONIBLE (cobertura 12.5 %),NO DISPONIBLE (cobertura 12.5 %),NO DISPONIBLE (cobertura 12.5 %),NO DISPONIBLE (cobertura 12.5 %),NO DISPONIBLE (cobertura 12.5 %),0,3,0,,
CF-5000,CF,5000,250,faena=propia|granjas=propias:1|pollito=incubacion+reprod|alimento=propia|flota=propia|frio=B_refrigerado_congelado|subprod=B_basico_propio+rendering|terreno=compra_fase|autom=semi|linea=lotes,madura,1,2026-10-01,USD,CALIDAD,INCOMPLETO,8,0,5,3,0,,,,,0,0,0,0,8,SIN_MONTO,,,,,0,NO CALCULABLE: 8 conceptos sin magnitud,NO DISPONIBLE: 8 conceptos sin costo,NO DISPONIBLE (cobertura 0.0 %),NO DISPONIBLE (cobertura 0.0 %),NO DISPONIBLE (cobertura 0.0 %),NO DISPONIBLE (cobertura 0.0 %),NO DISPONIBLE (cobertura 0.0 %),0,0,0,,
CF-5000,CF,5000,250,faena=propia|granjas=propias:1|pollito=incubacion+reprod|alimento=propia|flota=propia|frio=B_refrigerado_congelado|subprod=B_basico_propio+rendering|terreno=compra_fase|autom=semi|linea=lotes,madura,1,2026-10-01,USD,COMERCIAL,INCOMPLETO,2,0,2,0,0,,,,,0,0,0,0,2,SIN_MONTO,,,,,0,NO CALCULABLE: 2 conceptos sin magnitud,NO DISPONIBLE: 2 conceptos sin costo,NO DISPONIBLE (cobertura 0.0 %),NO DISPONIBLE (cobertura 0.0 %),NO DISPONIBLE (cobertura 0.0 %),NO DISPONIBLE (cobertura 0.0 %),NO DISPONIBLE (cobertura 0.0 %),0,0,0,,
CF-5000,CF,5000,250,faena=propia|granjas=propias:1|pollito=incubacion+reprod|alimento=propia|flota=propia|frio=B_refrigerado_congelado|subprod=B_basico_propio+rendering|terreno=compra_fase|autom=semi|linea=lotes,madura,1,2026-10-01,USD,COSTO_LABORAL,INCOMPLETO,50,0,40,10,0,,,,,0,0,0,0,50,SIN_MONTO,,,,,0,NO CALCULABLE: 50 conceptos sin magnitud,NO DISPONIBLE: 50 conceptos sin costo,NO DISPONIBLE (cobertura 0.0 %),NO DISPONIBLE (cobertura 0.0 %),NO DISPONIBLE (cobertura 0.0 %),NO DISPONIBLE (cobertura 0.0 %),NO DISPONIBLE (cobertura 0.0 %),1,2,0,,
CF-5000,CF,5000,250,faena=propia|granjas=propias:1|pollito=incubacion+reprod|alimento=propia|flota=propia|frio=B_refrigerado_congelado|subprod=B_basico_propio+rendering|terreno=compra_fase|autom=semi|linea=lotes,madura,1,2026-10-01,USD,EFLUENTES,INCOMPLETO,4,0,2,2,0,,,,,0,0,0,0,4,SIN_MONTO,,,,,0,NO CALCULABLE: 4 conceptos sin magnitud,NO DISPONIBLE: 4 conceptos sin costo,NO DISPONIBLE (cobertura 0.0 %),NO DISPONIBLE (cobertura 0.0 %),NO DISPONIBLE (cobertura 0.0 %),NO DISPONIBLE (cobertura 0.0 %),NO DISPONIBLE (cobertura 0.0 %),0,0,0,,
CF-5000,CF,5000,250,faena=propia|granjas=propias:1|pollito=incubacion+reprod|alimento=propia|flota=propia|frio=B_refrigerado_congelado|subprod=B_basico_propio+rendering|terreno=compra_fase|autom=semi|linea=lotes,madura,1,2026-10-01,USD,EMPAQUE,INCOMPLETO,9,0,9,0,0,,,,,0,0,0,0,9,SIN_MONTO,,,,,0,NO CALCULABLE: 9 conceptos sin magnitud,NO DISPONIBLE: 9 conceptos sin costo,NO DISPONIBLE (cobertura 0.0 %),NO DISPONIBLE (cobertura 0.0 %),NO DISPONIBLE (cobertura 0.0 %),NO DISPONIBLE (cobertura 0.0 %),NO DISPONIBLE (cobertura 0.0 %),0,0,0,,
CF-5000,CF,5000,250,faena=propia|granjas=propias:1|pollito=incubacion+reprod|alimento=propia|flota=propia|frio=B_refrigerado_congelado|subprod=B_basico_propio+rendering|terreno=compra_fase|autom=semi|linea=lotes,madura,1,2026-10-01,USD,FAENA,INCOMPLETO,4,0,4,0,0,,,,,0,0,0,0,4,SIN_MONTO,,,,,0,NO CALCULABLE: 4 conceptos sin magnitud,NO DISPONIBLE: 4 conceptos sin costo,NO DISPONIBLE (cobertura 0.0 %),NO DISPONIBLE (cobertura 0.0 %),NO DISPONIBLE (cobertura 0.0 %),NO DISPONIBLE (cobertura 0.0 %),NO DISPONIBLE (cobertura 0.0 %),0,1,0,,
CF-5000,CF,5000,250,faena=propia|granjas=propias:1|pollito=incubacion+reprod|alimento=propia|flota=propia|frio=B_refrigerado_congelado|subprod=B_basico_propio+rendering|terreno=compra_fase|autom=semi|linea=lotes,madura,1,2026-10-01,USD,INCUBACION,INCOMPLETO,7,0,5,2,0,,,,,0,0,0,0,7,SIN_MONTO,,,,,0,NO CALCULABLE: 7 conceptos sin magnitud,NO DISPONIBLE: 7 conceptos sin costo,NO DISPONIBLE (cobertura 0.0 %),NO DISPONIBLE (cobertura 0.0 %),NO DISPONIBLE (cobertura 0.0 %),NO DISPONIBLE (cobertura 0.0 %),NO DISPONIBLE (cobertura 0.0 %),0,0,0,,
CF-5000,CF,5000,250,faena=propia|granjas=propias:1|pollito=incubacion+reprod|alimento=propia|flota=propia|frio=B_refrigerado_congelado|subprod=B_basico_propio+rendering|terreno=compra_fase|autom=semi|linea=lotes,madura,1,2026-10-01,USD,LOGISTICA,INCOMPLETO,60,0,25,35,0,,,,,0,0,0,0,60,SIN_MONTO,,,,,0,NO CALCULABLE: 60 conceptos sin magnitud,NO DISPONIBLE: 60 conceptos sin costo,NO DISPONIBLE (cobertura 0.0 %),NO DISPONIBLE (cobertura 0.0 %),NO DISPONIBLE (cobertura 0.0 %),NO DISPONIBLE (cobertura 0.0 %),NO DISPONIBLE (cobertura 0.0 %),0,0,0,,
CF-5000,CF,5000,250,faena=propia|granjas=propias:1|pollito=incubacion+reprod|alimento=propia|flota=propia|frio=B_refrigerado_congelado|subprod=B_basico_propio+rendering|terreno=compra_fase|autom=semi|linea=lotes,madura,1,2026-10-01,USD,MANTENIMIENTO,INCOMPLETO,8,0,0,8,0,,,,,0,0,0,0,8,SIN_MONTO,,,,,0,NO CALCULABLE: 8 conceptos sin magnitud,NO DISPONIBLE: 8 conceptos sin costo,NO DISPONIBLE (cobertura 0.0 %),NO DISPONIBLE (cobertura 0.0 %),NO DISPONIBLE (cobertura 0.0 %),NO DISPONIBLE (cobertura 0.0 %),NO DISPONIBLE (cobertura 0.0 %),0,1,0,,
CF-5000,CF,5000,250,faena=propia|granjas=propias:1|pollito=incubacion+reprod|alimento=propia|flota=propia|frio=B_refrigerado_congelado|subprod=B_basico_propio+rendering|terreno=compra_fase|autom=semi|linea=lotes,madura,1,2026-10-01,USD,PRODUCCION_PRIMARIA,INCOMPLETO,10,0,6,4,0,,,,,0,0,0,0,10,SIN_MONTO,,,,,0,NO CALCULABLE: 10 conceptos sin magnitud,NO DISPONIBLE: 10 conceptos sin costo,NO DISPONIBLE (cobertura 0.0 %),NO DISPONIBLE (cobertura 0.0 %),NO DISPONIBLE (cobertura 0.0 %),NO DISPONIBLE (cobertura 0.0 %),NO DISPONIBLE (cobertura 0.0 %),0,0,0,,
CF-5000,CF,5000,250,faena=propia|granjas=propias:1|pollito=incubacion+reprod|alimento=propia|flota=propia|frio=B_refrigerado_congelado|subprod=B_basico_propio+rendering|terreno=compra_fase|autom=semi|linea=lotes,madura,1,2026-10-01,USD,REPRODUCTORAS,SIN_CONCEPTOS,0,0,0,0,0,,,,,0,0,0,0,0,SIN_MONTO,,,,,,NO APLICA,NO APLICA,NO APLICA,NO APLICA,NO APLICA,NO APLICA,NO APLICA,0,0,5,,
CF-5000,CF,5000,250,faena=propia|granjas=propias:1|pollito=incubacion+reprod|alimento=propia|flota=propia|frio=B_refrigerado_congelado|subprod=B_basico_propio+rendering|terreno=compra_fase|autom=semi|linea=lotes,madura,1,2026-10-01,USD,SEGUROS,INCOMPLETO,14,0,11,3,0,,,,,0,0,0,0,14,SIN_MONTO,,,,,0,NO CALCULABLE: 14 conceptos sin magnitud,NO DISPONIBLE: 14 conceptos sin costo,NO DISPONIBLE (cobertura 0.0 %),NO DISPONIBLE (cobertura 0.0 %),NO DISPONIBLE (cobertura 0.0 %),NO DISPONIBLE (cobertura 0.0 %),NO DISPONIBLE (cobertura 0.0 %),0,0,0,,
CF-5000,CF,5000,250,faena=propia|granjas=propias:1|pollito=incubacion+reprod|alimento=propia|flota=propia|frio=B_refrigerado_congelado|subprod=B_basico_propio+rendering|terreno=compra_fase|autom=semi|linea=lotes,madura,1,2026-10-01,USD,SUBPRODUCTOS,INCOMPLETO,7,0,6,1,0,,,,,0,0,0,0,7,SIN_MONTO,,,,,0,NO CALCULABLE: 7 conceptos sin magnitud,NO DISPONIBLE: 7 conceptos sin costo,NO DISPONIBLE (cobertura 0.0 %),NO DISPONIBLE (cobertura 0.0 %),NO DISPONIBLE (cobertura 0.0 %),NO DISPONIBLE (cobertura 0.0 %),NO DISPONIBLE (cobertura 0.0 %),0,0,3,,
CF-5000,CF,5000,250,faena=propia|granjas=propias:1|pollito=incubacion+reprod|alimento=propia|flota=propia|frio=B_refrigerado_congelado|subprod=B_basico_propio+rendering|terreno=compra_fase|autom=semi|linea=lotes,madura,1,2026-10-01,USD,UTILITIES,INCOMPLETO,6,0,5,1,0,,,,,0,0,0,0,6,SIN_MONTO,,,,,0,NO CALCULABLE: 6 conceptos sin magnitud,NO DISPONIBLE: 6 conceptos sin costo,NO DISPONIBLE (cobertura 0.0 %),NO DISPONIBLE (cobertura 0.0 %),NO DISPONIBLE (cobertura 0.0 %),NO DISPONIBLE (cobertura 0.0 %),NO DISPONIBLE (cobertura 0.0 %),0,5,0,,
CF-5000,CF,5000,250,faena=propia|granjas=propias:1|pollito=incubacion+reprod|alimento=propia|flota=propia|frio=B_refrigerado_congelado|subprod=B_basico_propio+rendering|terreno=compra_fase|autom=semi|linea=lotes,madura,1,2026-10-01,USD,TOTAL,INCOMPLETO,205,1,130,74,0,0,0,720770,0,0,0,1,0,204,MONTO_CON_REFERENCIAS_DEBILES_E4,720770,720770,0,0,0.487805,NO CALCULABLE: 204 conceptos sin magnitud,NO DISPONIBLE: 204 conceptos sin costo,NO DISPONIBLE (cobertura 0.5 %),NO DISPONIBLE (cobertura 0.5 %),NO DISPONIBLE (cobertura 0.5 %),NO DISPONIBLE (cobertura 0.5 %),NO DISPONIBLE (cobertura 0.5 %),1,12,8,PENDIENTE,
CF-10000,CF,10000,250,faena=propia|granjas=propias:1|pollito=incubacion+reprod|alimento=propia|flota=propia|frio=B_refrigerado_congelado|subprod=B_basico_propio+rendering|terreno=compra_fase|autom=semi|linea=lotes,madura,1,2026-10-01,USD,ADMINISTRACION,INCOMPLETO,8,0,8,0,0,,,,,0,0,0,0,8,SIN_MONTO,,,,,0,NO CALCULABLE: 8 conceptos sin magnitud,NO DISPONIBLE: 8 conceptos sin costo,NO DISPONIBLE (cobertura 0.0 %),NO DISPONIBLE (cobertura 0.0 %),NO DISPONIBLE (cobertura 0.0 %),NO DISPONIBLE (cobertura 0.0 %),NO DISPONIBLE (cobertura 0.0 %),0,0,0,,
CF-10000,CF,10000,250,faena=propia|granjas=propias:1|pollito=incubacion+reprod|alimento=propia|flota=propia|frio=B_refrigerado_congelado|subprod=B_basico_propio+rendering|terreno=compra_fase|autom=semi|linea=lotes,madura,1,2026-10-01,USD,ALIMENTO,INCOMPLETO,8,1,2,5,0,0,0,1.44154e+06,0,0,0,1,0,7,MONTO_CON_REFERENCIAS_DEBILES_E4,1.44154e+06,1.44154e+06,0,0,12.5,NO CALCULABLE: 7 conceptos sin magnitud,NO DISPONIBLE: 7 conceptos sin costo,NO DISPONIBLE (cobertura 12.5 %),NO DISPONIBLE (cobertura 12.5 %),NO DISPONIBLE (cobertura 12.5 %),NO DISPONIBLE (cobertura 12.5 %),NO DISPONIBLE (cobertura 12.5 %),0,3,0,,
CF-10000,CF,10000,250,faena=propia|granjas=propias:1|pollito=incubacion+reprod|alimento=propia|flota=propia|frio=B_refrigerado_congelado|subprod=B_basico_propio+rendering|terreno=compra_fase|autom=semi|linea=lotes,madura,1,2026-10-01,USD,CALIDAD,INCOMPLETO,8,0,5,3,0,,,,,0,0,0,0,8,SIN_MONTO,,,,,0,NO CALCULABLE: 8 conceptos sin magnitud,NO DISPONIBLE: 8 conceptos sin costo,NO DISPONIBLE (cobertura 0.0 %),NO DISPONIBLE (cobertura 0.0 %),NO DISPONIBLE (cobertura 0.0 %),NO DISPONIBLE (cobertura 0.0 %),NO DISPONIBLE (cobertura 0.0 %),0,0,0,,
CF-10000,CF,10000,250,faena=propia|granjas=propias:1|pollito=incubacion+reprod|alimento=propia|flota=propia|frio=B_refrigerado_congelado|subprod=B_basico_propio+rendering|terreno=compra_fase|autom=semi|linea=lotes,madura,1,2026-10-01,USD,COMERCIAL,INCOMPLETO,2,0,2,0,0,,,,,0,0,0,0,2,SIN_MONTO,,,,,0,NO CALCULABLE: 2 conceptos sin magnitud,NO DISPONIBLE: 2 conceptos sin costo,NO DISPONIBLE (cobertura 0.0 %),NO DISPONIBLE (cobertura 0.0 %),NO DISPONIBLE (cobertura 0.0 %),NO DISPONIBLE (cobertura 0.0 %),NO DISPONIBLE (cobertura 0.0 %),0,0,0,,
CF-10000,CF,10000,250,faena=propia|granjas=propias:1|pollito=incubacion+reprod|alimento=propia|flota=propia|frio=B_refrigerado_congelado|subprod=B_basico_propio+rendering|terreno=compra_fase|autom=semi|linea=lotes,madura,1,2026-10-01,USD,COSTO_LABORAL,INCOMPLETO,54,0,44,10,0,,,,,0,0,0,0,54,SIN_MONTO,,,,,0,NO CALCULABLE: 54 conceptos sin magnitud,NO DISPONIBLE: 54 conceptos sin costo,NO DISPONIBLE (cobertura 0.0 %),NO DISPONIBLE (cobertura 0.0 %),NO DISPONIBLE (cobertura 0.0 %),NO DISPONIBLE (cobertura 0.0 %),NO DISPONIBLE (cobertura 0.0 %),1,2,0,,
CF-10000,CF,10000,250,faena=propia|granjas=propias:1|pollito=incubacion+reprod|alimento=propia|flota=propia|frio=B_refrigerado_congelado|subprod=B_basico_propio+rendering|terreno=compra_fase|autom=semi|linea=lotes,madura,1,2026-10-01,USD,EFLUENTES,INCOMPLETO,4,0,2,2,0,,,,,0,0,0,0,4,SIN_MONTO,,,,,0,NO CALCULABLE: 4 conceptos sin magnitud,NO DISPONIBLE: 4 conceptos sin costo,NO DISPONIBLE (cobertura 0.0 %),NO DISPONIBLE (cobertura 0.0 %),NO DISPONIBLE (cobertura 0.0 %),NO DISPONIBLE (cobertura 0.0 %),NO DISPONIBLE (cobertura 0.0 %),0,0,0,,
CF-10000,CF,10000,250,faena=propia|granjas=propias:1|pollito=incubacion+reprod|alimento=propia|flota=propia|frio=B_refrigerado_congelado|subprod=B_basico_propio+rendering|terreno=compra_fase|autom=semi|linea=lotes,madura,1,2026-10-01,USD,EMPAQUE,INCOMPLETO,9,0,9,0,0,,,,,0,0,0,0,9,SIN_MONTO,,,,,0,NO CALCULABLE: 9 conceptos sin magnitud,NO DISPONIBLE: 9 conceptos sin costo,NO DISPONIBLE (cobertura 0.0 %),NO DISPONIBLE (cobertura 0.0 %),NO DISPONIBLE (cobertura 0.0 %),NO DISPONIBLE (cobertura 0.0 %),NO DISPONIBLE (cobertura 0.0 %),0,0,0,,
CF-10000,CF,10000,250,faena=propia|granjas=propias:1|pollito=incubacion+reprod|alimento=propia|flota=propia|frio=B_refrigerado_congelado|subprod=B_basico_propio+rendering|terreno=compra_fase|autom=semi|linea=lotes,madura,1,2026-10-01,USD,FAENA,INCOMPLETO,4,0,4,0,0,,,,,0,0,0,0,4,SIN_MONTO,,,,,0,NO CALCULABLE: 4 conceptos sin magnitud,NO DISPONIBLE: 4 conceptos sin costo,NO DISPONIBLE (cobertura 0.0 %),NO DISPONIBLE (cobertura 0.0 %),NO DISPONIBLE (cobertura 0.0 %),NO DISPONIBLE (cobertura 0.0 %),NO DISPONIBLE (cobertura 0.0 %),0,1,0,,
CF-10000,CF,10000,250,faena=propia|granjas=propias:1|pollito=incubacion+reprod|alimento=propia|flota=propia|frio=B_refrigerado_congelado|subprod=B_basico_propio+rendering|terreno=compra_fase|autom=semi|linea=lotes,madura,1,2026-10-01,USD,INCUBACION,INCOMPLETO,7,0,5,2,0,,,,,0,0,0,0,7,SIN_MONTO,,,,,0,NO CALCULABLE: 7 conceptos sin magnitud,NO DISPONIBLE: 7 conceptos sin costo,NO DISPONIBLE (cobertura 0.0 %),NO DISPONIBLE (cobertura 0.0 %),NO DISPONIBLE (cobertura 0.0 %),NO DISPONIBLE (cobertura 0.0 %),NO DISPONIBLE (cobertura 0.0 %),0,0,0,,
CF-10000,CF,10000,250,faena=propia|granjas=propias:1|pollito=incubacion+reprod|alimento=propia|flota=propia|frio=B_refrigerado_congelado|subprod=B_basico_propio+rendering|terreno=compra_fase|autom=semi|linea=lotes,madura,1,2026-10-01,USD,LOGISTICA,INCOMPLETO,60,0,25,35,0,,,,,0,0,0,0,60,SIN_MONTO,,,,,0,NO CALCULABLE: 60 conceptos sin magnitud,NO DISPONIBLE: 60 conceptos sin costo,NO DISPONIBLE (cobertura 0.0 %),NO DISPONIBLE (cobertura 0.0 %),NO DISPONIBLE (cobertura 0.0 %),NO DISPONIBLE (cobertura 0.0 %),NO DISPONIBLE (cobertura 0.0 %),0,0,0,,
CF-10000,CF,10000,250,faena=propia|granjas=propias:1|pollito=incubacion+reprod|alimento=propia|flota=propia|frio=B_refrigerado_congelado|subprod=B_basico_propio+rendering|terreno=compra_fase|autom=semi|linea=lotes,madura,1,2026-10-01,USD,MANTENIMIENTO,INCOMPLETO,8,0,0,8,0,,,,,0,0,0,0,8,SIN_MONTO,,,,,0,NO CALCULABLE: 8 conceptos sin magnitud,NO DISPONIBLE: 8 conceptos sin costo,NO DISPONIBLE (cobertura 0.0 %),NO DISPONIBLE (cobertura 0.0 %),NO DISPONIBLE (cobertura 0.0 %),NO DISPONIBLE (cobertura 0.0 %),NO DISPONIBLE (cobertura 0.0 %),0,1,0,,
CF-10000,CF,10000,250,faena=propia|granjas=propias:1|pollito=incubacion+reprod|alimento=propia|flota=propia|frio=B_refrigerado_congelado|subprod=B_basico_propio+rendering|terreno=compra_fase|autom=semi|linea=lotes,madura,1,2026-10-01,USD,PRODUCCION_PRIMARIA,INCOMPLETO,10,0,6,4,0,,,,,0,0,0,0,10,SIN_MONTO,,,,,0,NO CALCULABLE: 10 conceptos sin magnitud,NO DISPONIBLE: 10 conceptos sin costo,NO DISPONIBLE (cobertura 0.0 %),NO DISPONIBLE (cobertura 0.0 %),NO DISPONIBLE (cobertura 0.0 %),NO DISPONIBLE (cobertura 0.0 %),NO DISPONIBLE (cobertura 0.0 %),0,0,0,,
CF-10000,CF,10000,250,faena=propia|granjas=propias:1|pollito=incubacion+reprod|alimento=propia|flota=propia|frio=B_refrigerado_congelado|subprod=B_basico_propio+rendering|terreno=compra_fase|autom=semi|linea=lotes,madura,1,2026-10-01,USD,REPRODUCTORAS,SIN_CONCEPTOS,0,0,0,0,0,,,,,0,0,0,0,0,SIN_MONTO,,,,,,NO APLICA,NO APLICA,NO APLICA,NO APLICA,NO APLICA,NO APLICA,NO APLICA,0,0,5,,
CF-10000,CF,10000,250,faena=propia|granjas=propias:1|pollito=incubacion+reprod|alimento=propia|flota=propia|frio=B_refrigerado_congelado|subprod=B_basico_propio+rendering|terreno=compra_fase|autom=semi|linea=lotes,madura,1,2026-10-01,USD,SEGUROS,INCOMPLETO,14,0,11,3,0,,,,,0,0,0,0,14,SIN_MONTO,,,,,0,NO CALCULABLE: 14 conceptos sin magnitud,NO DISPONIBLE: 14 conceptos sin costo,NO DISPONIBLE (cobertura 0.0 %),NO DISPONIBLE (cobertura 0.0 %),NO DISPONIBLE (cobertura 0.0 %),NO DISPONIBLE (cobertura 0.0 %),NO DISPONIBLE (cobertura 0.0 %),0,0,0,,
CF-10000,CF,10000,250,faena=propia|granjas=propias:1|pollito=incubacion+reprod|alimento=propia|flota=propia|frio=B_refrigerado_congelado|subprod=B_basico_propio+rendering|terreno=compra_fase|autom=semi|linea=lotes,madura,1,2026-10-01,USD,SUBPRODUCTOS,INCOMPLETO,7,0,6,1,0,,,,,0,0,0,0,7,SIN_MONTO,,,,,0,NO CALCULABLE: 7 conceptos sin magnitud,NO DISPONIBLE: 7 conceptos sin costo,NO DISPONIBLE (cobertura 0.0 %),NO DISPONIBLE (cobertura 0.0 %),NO DISPONIBLE (cobertura 0.0 %),NO DISPONIBLE (cobertura 0.0 %),NO DISPONIBLE (cobertura 0.0 %),0,0,3,,
CF-10000,CF,10000,250,faena=propia|granjas=propias:1|pollito=incubacion+reprod|alimento=propia|flota=propia|frio=B_refrigerado_congelado|subprod=B_basico_propio+rendering|terreno=compra_fase|autom=semi|linea=lotes,madura,1,2026-10-01,USD,UTILITIES,INCOMPLETO,6,0,5,1,0,,,,,0,0,0,0,6,SIN_MONTO,,,,,0,NO CALCULABLE: 6 conceptos sin magnitud,NO DISPONIBLE: 6 conceptos sin costo,NO DISPONIBLE (cobertura 0.0 %),NO DISPONIBLE (cobertura 0.0 %),NO DISPONIBLE (cobertura 0.0 %),NO DISPONIBLE (cobertura 0.0 %),NO DISPONIBLE (cobertura 0.0 %),0,5,0,,
CF-10000,CF,10000,250,faena=propia|granjas=propias:1|pollito=incubacion+reprod|alimento=propia|flota=propia|frio=B_refrigerado_congelado|subprod=B_basico_propio+rendering|terreno=compra_fase|autom=semi|linea=lotes,madura,1,2026-10-01,USD,TOTAL,INCOMPLETO,209,1,134,74,0,0,0,1.44154e+06,0,0,0,1,0,208,MONTO_CON_REFERENCIAS_DEBILES_E4,1.44154e+06,1.44154e+06,0,0,0.478469,NO CALCULABLE: 208 conceptos sin magnitud,NO DISPONIBLE: 208 conceptos sin costo,NO DISPONIBLE (cobertura 0.5 %),NO DISPONIBLE (cobertura 0.5 %),NO DISPONIBLE (cobertura 0.5 %),NO DISPONIBLE (cobertura 0.5 %),NO DISPONIBLE (cobertura 0.5 %),1,12,8,PENDIENTE,
CF-20000,CF,20000,250,faena=propia|granjas=propias:1|pollito=incubacion+reprod|alimento=propia|flota=propia|frio=B_refrigerado_congelado|subprod=B_basico_propio+rendering|terreno=compra_fase|autom=semi|linea=lotes,madura,1,2026-10-01,USD,ADMINISTRACION,INCOMPLETO,8,0,8,0,0,,,,,0,0,0,0,8,SIN_MONTO,,,,,0,NO CALCULABLE: 8 conceptos sin magnitud,NO DISPONIBLE: 8 conceptos sin costo,NO DISPONIBLE (cobertura 0.0 %),NO DISPONIBLE (cobertura 0.0 %),NO DISPONIBLE (cobertura 0.0 %),NO DISPONIBLE (cobertura 0.0 %),NO DISPONIBLE (cobertura 0.0 %),0,0,0,,
CF-20000,CF,20000,250,faena=propia|granjas=propias:1|pollito=incubacion+reprod|alimento=propia|flota=propia|frio=B_refrigerado_congelado|subprod=B_basico_propio+rendering|terreno=compra_fase|autom=semi|linea=lotes,madura,1,2026-10-01,USD,ALIMENTO,INCOMPLETO,8,1,2,5,0,0,0,2.88308e+06,0,0,0,1,0,7,MONTO_CON_REFERENCIAS_DEBILES_E4,2.88308e+06,2.88308e+06,0,0,12.5,NO CALCULABLE: 7 conceptos sin magnitud,NO DISPONIBLE: 7 conceptos sin costo,NO DISPONIBLE (cobertura 12.5 %),NO DISPONIBLE (cobertura 12.5 %),NO DISPONIBLE (cobertura 12.5 %),NO DISPONIBLE (cobertura 12.5 %),NO DISPONIBLE (cobertura 12.5 %),0,3,0,,
CF-20000,CF,20000,250,faena=propia|granjas=propias:1|pollito=incubacion+reprod|alimento=propia|flota=propia|frio=B_refrigerado_congelado|subprod=B_basico_propio+rendering|terreno=compra_fase|autom=semi|linea=lotes,madura,1,2026-10-01,USD,CALIDAD,INCOMPLETO,8,0,5,3,0,,,,,0,0,0,0,8,SIN_MONTO,,,,,0,NO CALCULABLE: 8 conceptos sin magnitud,NO DISPONIBLE: 8 conceptos sin costo,NO DISPONIBLE (cobertura 0.0 %),NO DISPONIBLE (cobertura 0.0 %),NO DISPONIBLE (cobertura 0.0 %),NO DISPONIBLE (cobertura 0.0 %),NO DISPONIBLE (cobertura 0.0 %),0,0,0,,
CF-20000,CF,20000,250,faena=propia|granjas=propias:1|pollito=incubacion+reprod|alimento=propia|flota=propia|frio=B_refrigerado_congelado|subprod=B_basico_propio+rendering|terreno=compra_fase|autom=semi|linea=lotes,madura,1,2026-10-01,USD,COMERCIAL,INCOMPLETO,2,0,2,0,0,,,,,0,0,0,0,2,SIN_MONTO,,,,,0,NO CALCULABLE: 2 conceptos sin magnitud,NO DISPONIBLE: 2 conceptos sin costo,NO DISPONIBLE (cobertura 0.0 %),NO DISPONIBLE (cobertura 0.0 %),NO DISPONIBLE (cobertura 0.0 %),NO DISPONIBLE (cobertura 0.0 %),NO DISPONIBLE (cobertura 0.0 %),0,0,0,,
CF-20000,CF,20000,250,faena=propia|granjas=propias:1|pollito=incubacion+reprod|alimento=propia|flota=propia|frio=B_refrigerado_congelado|subprod=B_basico_propio+rendering|terreno=compra_fase|autom=semi|linea=lotes,madura,1,2026-10-01,USD,COSTO_LABORAL,INCOMPLETO,55,0,45,10,0,,,,,0,0,0,0,55,SIN_MONTO,,,,,0,NO CALCULABLE: 55 conceptos sin magnitud,NO DISPONIBLE: 55 conceptos sin costo,NO DISPONIBLE (cobertura 0.0 %),NO DISPONIBLE (cobertura 0.0 %),NO DISPONIBLE (cobertura 0.0 %),NO DISPONIBLE (cobertura 0.0 %),NO DISPONIBLE (cobertura 0.0 %),1,2,0,,
CF-20000,CF,20000,250,faena=propia|granjas=propias:1|pollito=incubacion+reprod|alimento=propia|flota=propia|frio=B_refrigerado_congelado|subprod=B_basico_propio+rendering|terreno=compra_fase|autom=semi|linea=lotes,madura,1,2026-10-01,USD,EFLUENTES,INCOMPLETO,4,0,2,2,0,,,,,0,0,0,0,4,SIN_MONTO,,,,,0,NO CALCULABLE: 4 conceptos sin magnitud,NO DISPONIBLE: 4 conceptos sin costo,NO DISPONIBLE (cobertura 0.0 %),NO DISPONIBLE (cobertura 0.0 %),NO DISPONIBLE (cobertura 0.0 %),NO DISPONIBLE (cobertura 0.0 %),NO DISPONIBLE (cobertura 0.0 %),0,0,0,,
CF-20000,CF,20000,250,faena=propia|granjas=propias:1|pollito=incubacion+reprod|alimento=propia|flota=propia|frio=B_refrigerado_congelado|subprod=B_basico_propio+rendering|terreno=compra_fase|autom=semi|linea=lotes,madura,1,2026-10-01,USD,EMPAQUE,INCOMPLETO,9,0,9,0,0,,,,,0,0,0,0,9,SIN_MONTO,,,,,0,NO CALCULABLE: 9 conceptos sin magnitud,NO DISPONIBLE: 9 conceptos sin costo,NO DISPONIBLE (cobertura 0.0 %),NO DISPONIBLE (cobertura 0.0 %),NO DISPONIBLE (cobertura 0.0 %),NO DISPONIBLE (cobertura 0.0 %),NO DISPONIBLE (cobertura 0.0 %),0,0,0,,
CF-20000,CF,20000,250,faena=propia|granjas=propias:1|pollito=incubacion+reprod|alimento=propia|flota=propia|frio=B_refrigerado_congelado|subprod=B_basico_propio+rendering|terreno=compra_fase|autom=semi|linea=lotes,madura,1,2026-10-01,USD,FAENA,INCOMPLETO,4,0,4,0,0,,,,,0,0,0,0,4,SIN_MONTO,,,,,0,NO CALCULABLE: 4 conceptos sin magnitud,NO DISPONIBLE: 4 conceptos sin costo,NO DISPONIBLE (cobertura 0.0 %),NO DISPONIBLE (cobertura 0.0 %),NO DISPONIBLE (cobertura 0.0 %),NO DISPONIBLE (cobertura 0.0 %),NO DISPONIBLE (cobertura 0.0 %),0,1,0,,
CF-20000,CF,20000,250,faena=propia|granjas=propias:1|pollito=incubacion+reprod|alimento=propia|flota=propia|frio=B_refrigerado_congelado|subprod=B_basico_propio+rendering|terreno=compra_fase|autom=semi|linea=lotes,madura,1,2026-10-01,USD,INCUBACION,INCOMPLETO,7,0,5,2,0,,,,,0,0,0,0,7,SIN_MONTO,,,,,0,NO CALCULABLE: 7 conceptos sin magnitud,NO DISPONIBLE: 7 conceptos sin costo,NO DISPONIBLE (cobertura 0.0 %),NO DISPONIBLE (cobertura 0.0 %),NO DISPONIBLE (cobertura 0.0 %),NO DISPONIBLE (cobertura 0.0 %),NO DISPONIBLE (cobertura 0.0 %),0,0,0,,
CF-20000,CF,20000,250,faena=propia|granjas=propias:1|pollito=incubacion+reprod|alimento=propia|flota=propia|frio=B_refrigerado_congelado|subprod=B_basico_propio+rendering|terreno=compra_fase|autom=semi|linea=lotes,madura,1,2026-10-01,USD,LOGISTICA,INCOMPLETO,60,0,25,35,0,,,,,0,0,0,0,60,SIN_MONTO,,,,,0,NO CALCULABLE: 60 conceptos sin magnitud,NO DISPONIBLE: 60 conceptos sin costo,NO DISPONIBLE (cobertura 0.0 %),NO DISPONIBLE (cobertura 0.0 %),NO DISPONIBLE (cobertura 0.0 %),NO DISPONIBLE (cobertura 0.0 %),NO DISPONIBLE (cobertura 0.0 %),0,0,0,,
CF-20000,CF,20000,250,faena=propia|granjas=propias:1|pollito=incubacion+reprod|alimento=propia|flota=propia|frio=B_refrigerado_congelado|subprod=B_basico_propio+rendering|terreno=compra_fase|autom=semi|linea=lotes,madura,1,2026-10-01,USD,MANTENIMIENTO,INCOMPLETO,8,0,0,8,0,,,,,0,0,0,0,8,SIN_MONTO,,,,,0,NO CALCULABLE: 8 conceptos sin magnitud,NO DISPONIBLE: 8 conceptos sin costo,NO DISPONIBLE (cobertura 0.0 %),NO DISPONIBLE (cobertura 0.0 %),NO DISPONIBLE (cobertura 0.0 %),NO DISPONIBLE (cobertura 0.0 %),NO DISPONIBLE (cobertura 0.0 %),0,1,0,,
CF-20000,CF,20000,250,faena=propia|granjas=propias:1|pollito=incubacion+reprod|alimento=propia|flota=propia|frio=B_refrigerado_congelado|subprod=B_basico_propio+rendering|terreno=compra_fase|autom=semi|linea=lotes,madura,1,2026-10-01,USD,PRODUCCION_PRIMARIA,INCOMPLETO,10,0,6,4,0,,,,,0,0,0,0,10,SIN_MONTO,,,,,0,NO CALCULABLE: 10 conceptos sin magnitud,NO DISPONIBLE: 10 conceptos sin costo,NO DISPONIBLE (cobertura 0.0 %),NO DISPONIBLE (cobertura 0.0 %),NO DISPONIBLE (cobertura 0.0 %),NO DISPONIBLE (cobertura 0.0 %),NO DISPONIBLE (cobertura 0.0 %),0,0,0,,
CF-20000,CF,20000,250,faena=propia|granjas=propias:1|pollito=incubacion+reprod|alimento=propia|flota=propia|frio=B_refrigerado_congelado|subprod=B_basico_propio+rendering|terreno=compra_fase|autom=semi|linea=lotes,madura,1,2026-10-01,USD,REPRODUCTORAS,SIN_CONCEPTOS,0,0,0,0,0,,,,,0,0,0,0,0,SIN_MONTO,,,,,,NO APLICA,NO APLICA,NO APLICA,NO APLICA,NO APLICA,NO APLICA,NO APLICA,0,0,5,,
CF-20000,CF,20000,250,faena=propia|granjas=propias:1|pollito=incubacion+reprod|alimento=propia|flota=propia|frio=B_refrigerado_congelado|subprod=B_basico_propio+rendering|terreno=compra_fase|autom=semi|linea=lotes,madura,1,2026-10-01,USD,SEGUROS,INCOMPLETO,14,0,11,3,0,,,,,0,0,0,0,14,SIN_MONTO,,,,,0,NO CALCULABLE: 14 conceptos sin magnitud,NO DISPONIBLE: 14 conceptos sin costo,NO DISPONIBLE (cobertura 0.0 %),NO DISPONIBLE (cobertura 0.0 %),NO DISPONIBLE (cobertura 0.0 %),NO DISPONIBLE (cobertura 0.0 %),NO DISPONIBLE (cobertura 0.0 %),0,0,0,,
CF-20000,CF,20000,250,faena=propia|granjas=propias:1|pollito=incubacion+reprod|alimento=propia|flota=propia|frio=B_refrigerado_congelado|subprod=B_basico_propio+rendering|terreno=compra_fase|autom=semi|linea=lotes,madura,1,2026-10-01,USD,SUBPRODUCTOS,INCOMPLETO,7,0,6,1,0,,,,,0,0,0,0,7,SIN_MONTO,,,,,0,NO CALCULABLE: 7 conceptos sin magnitud,NO DISPONIBLE: 7 conceptos sin costo,NO DISPONIBLE (cobertura 0.0 %),NO DISPONIBLE (cobertura 0.0 %),NO DISPONIBLE (cobertura 0.0 %),NO DISPONIBLE (cobertura 0.0 %),NO DISPONIBLE (cobertura 0.0 %),0,0,3,,
CF-20000,CF,20000,250,faena=propia|granjas=propias:1|pollito=incubacion+reprod|alimento=propia|flota=propia|frio=B_refrigerado_congelado|subprod=B_basico_propio+rendering|terreno=compra_fase|autom=semi|linea=lotes,madura,1,2026-10-01,USD,UTILITIES,INCOMPLETO,6,0,5,1,0,,,,,0,0,0,0,6,SIN_MONTO,,,,,0,NO CALCULABLE: 6 conceptos sin magnitud,NO DISPONIBLE: 6 conceptos sin costo,NO DISPONIBLE (cobertura 0.0 %),NO DISPONIBLE (cobertura 0.0 %),NO DISPONIBLE (cobertura 0.0 %),NO DISPONIBLE (cobertura 0.0 %),NO DISPONIBLE (cobertura 0.0 %),0,5,0,,
CF-20000,CF,20000,250,faena=propia|granjas=propias:1|pollito=incubacion+reprod|alimento=propia|flota=propia|frio=B_refrigerado_congelado|subprod=B_basico_propio+rendering|terreno=compra_fase|autom=semi|linea=lotes,madura,1,2026-10-01,USD,TOTAL,INCOMPLETO,210,1,135,74,0,0,0,2.88308e+06,0,0,0,1,0,209,MONTO_CON_REFERENCIAS_DEBILES_E4,2.88308e+06,2.88308e+06,0,0,0.47619,NO CALCULABLE: 209 conceptos sin magnitud,NO DISPONIBLE: 209 conceptos sin costo,NO DISPONIBLE (cobertura 0.5 %),NO DISPONIBLE (cobertura 0.5 %),NO DISPONIBLE (cobertura 0.5 %),NO DISPONIBLE (cobertura 0.5 %),NO DISPONIBLE (cobertura 0.5 %),1,12,8,PENDIENTE,
C0-10000-FACON-MP-EMPRESA,C0,10000,250,faena=facon|granjas=integradas:0|pollito=compra|alimento=facon|flota=tercero|frio=C_congelado_tercero|subprod=A_externo|terreno=compra_fase|autom=semi|linea=lotes|facon_mp=empresa,madura,1,2026-10-01,USD,ADMINISTRACION,INCOMPLETO,8,0,8,0,0,,,,,0,0,0,0,8,SIN_MONTO,,,,,0,NO CALCULABLE: 8 conceptos sin magnitud,NO DISPONIBLE: 8 conceptos sin costo,NO DISPONIBLE (cobertura 0.0 %),NO DISPONIBLE (cobertura 0.0 %),NO DISPONIBLE (cobertura 0.0 %),NO DISPONIBLE (cobertura 0.0 %),NO DISPONIBLE (cobertura 0.0 %),0,0,0,,
C0-10000-FACON-MP-EMPRESA,C0,10000,250,faena=facon|granjas=integradas:0|pollito=compra|alimento=facon|flota=tercero|frio=C_congelado_tercero|subprod=A_externo|terreno=compra_fase|autom=semi|linea=lotes|facon_mp=empresa,madura,1,2026-10-01,USD,ALIMENTO,INCOMPLETO,6,1,4,1,0,0,0,1.44154e+06,0,0,0,1,0,5,MONTO_CON_REFERENCIAS_DEBILES_E4,1.44154e+06,1.44154e+06,0,0,16.6667,NO CALCULABLE: 5 conceptos sin magnitud,NO DISPONIBLE: 5 conceptos sin costo,NO DISPONIBLE (cobertura 16.7 %),NO DISPONIBLE (cobertura 16.7 %),NO DISPONIBLE (cobertura 16.7 %),NO DISPONIBLE (cobertura 16.7 %),NO DISPONIBLE (cobertura 16.7 %),0,3,0,,
C0-10000-FACON-MP-EMPRESA,C0,10000,250,faena=facon|granjas=integradas:0|pollito=compra|alimento=facon|flota=tercero|frio=C_congelado_tercero|subprod=A_externo|terreno=compra_fase|autom=semi|linea=lotes|facon_mp=empresa,madura,1,2026-10-01,USD,CALIDAD,INCOMPLETO,5,0,4,1,0,,,,,0,0,0,0,5,SIN_MONTO,,,,,0,NO CALCULABLE: 5 conceptos sin magnitud,NO DISPONIBLE: 5 conceptos sin costo,NO DISPONIBLE (cobertura 0.0 %),NO DISPONIBLE (cobertura 0.0 %),NO DISPONIBLE (cobertura 0.0 %),NO DISPONIBLE (cobertura 0.0 %),NO DISPONIBLE (cobertura 0.0 %),0,0,0,,
C0-10000-FACON-MP-EMPRESA,C0,10000,250,faena=facon|granjas=integradas:0|pollito=compra|alimento=facon|flota=tercero|frio=C_congelado_tercero|subprod=A_externo|terreno=compra_fase|autom=semi|linea=lotes|facon_mp=empresa,madura,1,2026-10-01,USD,COMERCIAL,INCOMPLETO,2,0,2,0,0,,,,,0,0,0,0,2,SIN_MONTO,,,,,0,NO CALCULABLE: 2 conceptos sin magnitud,NO DISPONIBLE: 2 conceptos sin costo,NO DISPONIBLE (cobertura 0.0 %),NO DISPONIBLE (cobertura 0.0 %),NO DISPONIBLE (cobertura 0.0 %),NO DISPONIBLE (cobertura 0.0 %),NO DISPONIBLE (cobertura 0.0 %),0,0,0,,
C0-10000-FACON-MP-EMPRESA,C0,10000,250,faena=facon|granjas=integradas:0|pollito=compra|alimento=facon|flota=tercero|frio=C_congelado_tercero|subprod=A_externo|terreno=compra_fase|autom=semi|linea=lotes|facon_mp=empresa,madura,1,2026-10-01,USD,COSTO_LABORAL,INCOMPLETO,20,0,20,0,0,,,,,0,0,0,0,20,SIN_MONTO,,,,,0,NO CALCULABLE: 20 conceptos sin magnitud,NO DISPONIBLE: 20 conceptos sin costo,NO DISPONIBLE (cobertura 0.0 %),NO DISPONIBLE (cobertura 0.0 %),NO DISPONIBLE (cobertura 0.0 %),NO DISPONIBLE (cobertura 0.0 %),NO DISPONIBLE (cobertura 0.0 %),1,15,0,,
C0-10000-FACON-MP-EMPRESA,C0,10000,250,faena=facon|granjas=integradas:0|pollito=compra|alimento=facon|flota=tercero|frio=C_congelado_tercero|subprod=A_externo|terreno=compra_fase|autom=semi|linea=lotes|facon_mp=empresa,madura,1,2026-10-01,USD,EMPAQUE,INCOMPLETO,9,0,0,0,9,,,,,0,0,0,0,9,SIN_MONTO,,,,,0,NO CALCULABLE: 9 conceptos sin magnitud,NO DISPONIBLE: 9 conceptos sin costo,NO DISPONIBLE (cobertura 0.0 %),NO DISPONIBLE (cobertura 0.0 %),NO DISPONIBLE (cobertura 0.0 %),NO DISPONIBLE (cobertura 0.0 %),NO DISPONIBLE (cobertura 0.0 %),0,0,0,,
C0-10000-FACON-MP-EMPRESA,C0,10000,250,faena=facon|granjas=integradas:0|pollito=compra|alimento=facon|flota=tercero|frio=C_congelado_tercero|subprod=A_externo|terreno=compra_fase|autom=semi|linea=lotes|facon_mp=empresa,madura,1,2026-10-01,USD,FAENA,INCOMPLETO,3,0,1,2,0,,,,,0,0,0,0,3,SIN_MONTO,,,,,0,NO CALCULABLE: 3 conceptos sin magnitud,NO DISPONIBLE: 3 conceptos sin costo,NO DISPONIBLE (cobertura 0.0 %),NO DISPONIBLE (cobertura 0.0 %),NO DISPONIBLE (cobertura 0.0 %),NO DISPONIBLE (cobertura 0.0 %),NO DISPONIBLE (cobertura 0.0 %),0,0,0,,
C0-10000-FACON-MP-EMPRESA,C0,10000,250,faena=facon|granjas=integradas:0|pollito=compra|alimento=facon|flota=tercero|frio=C_congelado_tercero|subprod=A_externo|terreno=compra_fase|autom=semi|linea=lotes|facon_mp=empresa,madura,1,2026-10-01,USD,LOGISTICA,INCOMPLETO,6,0,0,6,0,,,,,0,0,0,0,6,SIN_MONTO,,,,,0,NO CALCULABLE: 6 conceptos sin magnitud,NO DISPONIBLE: 6 conceptos sin costo,NO DISPONIBLE (cobertura 0.0 %),NO DISPONIBLE (cobertura 0.0 %),NO DISPONIBLE (cobertura 0.0 %),NO DISPONIBLE (cobertura 0.0 %),NO DISPONIBLE (cobertura 0.0 %),0,0,0,,
C0-10000-FACON-MP-EMPRESA,C0,10000,250,faena=facon|granjas=integradas:0|pollito=compra|alimento=facon|flota=tercero|frio=C_congelado_tercero|subprod=A_externo|terreno=compra_fase|autom=semi|linea=lotes|facon_mp=empresa,madura,1,2026-10-01,USD,MANTENIMIENTO,INCOMPLETO,1,0,0,1,0,,,,,0,0,0,0,1,SIN_MONTO,,,,,0,NO CALCULABLE: 1 conceptos sin magnitud,NO DISPONIBLE: 1 conceptos sin costo,NO DISPONIBLE (cobertura 0.0 %),NO DISPONIBLE (cobertura 0.0 %),NO DISPONIBLE (cobertura 0.0 %),NO DISPONIBLE (cobertura 0.0 %),NO DISPONIBLE (cobertura 0.0 %),0,1,0,,
C0-10000-FACON-MP-EMPRESA,C0,10000,250,faena=facon|granjas=integradas:0|pollito=compra|alimento=facon|flota=tercero|frio=C_congelado_tercero|subprod=A_externo|terreno=compra_fase|autom=semi|linea=lotes|facon_mp=empresa,madura,1,2026-10-01,USD,POLLITOS,COMPLETO,1,1,0,0,0,0,0,2.33004e+06,0,0,0,1,0,0,MONTO_CON_REFERENCIAS_DEBILES_E4,2.33004e+06,2.33004e+06,0,0,100,100,2330038,NO DISPONIBLE (cobertura 100.0 %),NO DISPONIBLE (cobertura 100.0 %),NO DISPONIBLE (cobertura 100.0 %),NO DISPONIBLE (cobertura 100.0 %),NO DISPONIBLE (cobertura 100.0 %),0,0,0,,
C0-10000-FACON-MP-EMPRESA,C0,10000,250,faena=facon|granjas=integradas:0|pollito=compra|alimento=facon|flota=tercero|frio=C_congelado_tercero|subprod=A_externo|terreno=compra_fase|autom=semi|linea=lotes|facon_mp=empresa,madura,1,2026-10-01,USD,PRODUCCION_PRIMARIA,INCOMPLETO,9,0,1,2,6,,,,,0,0,0,0,9,SIN_MONTO,,,,,0,NO CALCULABLE: 9 conceptos sin magnitud,NO DISPONIBLE: 9 conceptos sin costo,NO DISPONIBLE (cobertura 0.0 %),NO DISPONIBLE (cobertura 0.0 %),NO DISPONIBLE (cobertura 0.0 %),NO DISPONIBLE (cobertura 0.0 %),NO DISPONIBLE (cobertura 0.0 %),2,0,0,,
C0-10000-FACON-MP-EMPRESA,C0,10000,250,faena=facon|granjas=integradas:0|pollito=compra|alimento=facon|flota=tercero|frio=C_congelado_tercero|subprod=A_externo|terreno=compra_fase|autom=semi|linea=lotes|facon_mp=empresa,madura,1,2026-10-01,USD,SEGUROS,INCOMPLETO,2,0,2,0,0,,,,,0,0,0,0,2,SIN_MONTO,,,,,0,NO CALCULABLE: 2 conceptos sin magnitud,NO DISPONIBLE: 2 conceptos sin costo,NO DISPONIBLE (cobertura 0.0 %),NO DISPONIBLE (cobertura 0.0 %),NO DISPONIBLE (cobertura 0.0 %),NO DISPONIBLE (cobertura 0.0 %),NO DISPONIBLE (cobertura 0.0 %),0,0,0,,
C0-10000-FACON-MP-EMPRESA,C0,10000,250,faena=facon|granjas=integradas:0|pollito=compra|alimento=facon|flota=tercero|frio=C_congelado_tercero|subprod=A_externo|terreno=compra_fase|autom=semi|linea=lotes|facon_mp=empresa,madura,1,2026-10-01,USD,UTILITIES,INCOMPLETO,1,0,1,0,0,,,,,0,0,0,0,1,SIN_MONTO,,,,,0,NO CALCULABLE: 1 conceptos sin magnitud,NO DISPONIBLE: 1 conceptos sin costo,NO DISPONIBLE (cobertura 0.0 %),NO DISPONIBLE (cobertura 0.0 %),NO DISPONIBLE (cobertura 0.0 %),NO DISPONIBLE (cobertura 0.0 %),NO DISPONIBLE (cobertura 0.0 %),0,0,0,,
C0-10000-FACON-MP-EMPRESA,C0,10000,250,faena=facon|granjas=integradas:0|pollito=compra|alimento=facon|flota=tercero|frio=C_congelado_tercero|subprod=A_externo|terreno=compra_fase|autom=semi|linea=lotes|facon_mp=empresa,madura,1,2026-10-01,USD,TOTAL,INCOMPLETO,73,2,43,13,15,0,0,3.77158e+06,0,0,0,2,0,71,MONTO_CON_REFERENCIAS_DEBILES_E4,3.77158e+06,3.77158e+06,0,0,2.73973,NO CALCULABLE: 71 conceptos sin magnitud,NO DISPONIBLE: 71 conceptos sin costo,NO DISPONIBLE (cobertura 2.7 %),NO DISPONIBLE (cobertura 2.7 %),NO DISPONIBLE (cobertura 2.7 %),NO DISPONIBLE (cobertura 2.7 %),NO DISPONIBLE (cobertura 2.7 %),3,19,0,PENDIENTE,
C0-10000-FACON-MP-ELABORADOR,C0,10000,250,faena=facon|granjas=integradas:0|pollito=compra|alimento=facon|flota=tercero|frio=C_congelado_tercero|subprod=A_externo|terreno=compra_fase|autom=semi|linea=lotes|facon_mp=elaborador,madura,1,2026-10-01,USD,ADMINISTRACION,INCOMPLETO,8,0,8,0,0,,,,,0,0,0,0,8,SIN_MONTO,,,,,0,NO CALCULABLE: 8 conceptos sin magnitud,NO DISPONIBLE: 8 conceptos sin costo,NO DISPONIBLE (cobertura 0.0 %),NO DISPONIBLE (cobertura 0.0 %),NO DISPONIBLE (cobertura 0.0 %),NO DISPONIBLE (cobertura 0.0 %),NO DISPONIBLE (cobertura 0.0 %),0,0,0,,
C0-10000-FACON-MP-ELABORADOR,C0,10000,250,faena=facon|granjas=integradas:0|pollito=compra|alimento=facon|flota=tercero|frio=C_congelado_tercero|subprod=A_externo|terreno=compra_fase|autom=semi|linea=lotes|facon_mp=elaborador,madura,1,2026-10-01,USD,ALIMENTO,INCOMPLETO,1,0,1,0,0,,,,,0,0,0,0,1,SIN_MONTO,,,,,0,NO CALCULABLE: 1 conceptos sin magnitud,NO DISPONIBLE: 1 conceptos sin costo,NO DISPONIBLE (cobertura 0.0 %),NO DISPONIBLE (cobertura 0.0 %),NO DISPONIBLE (cobertura 0.0 %),NO DISPONIBLE (cobertura 0.0 %),NO DISPONIBLE (cobertura 0.0 %),0,0,0,,
C0-10000-FACON-MP-ELABORADOR,C0,10000,250,faena=facon|granjas=integradas:0|pollito=compra|alimento=facon|flota=tercero|frio=C_congelado_tercero|subprod=A_externo|terreno=compra_fase|autom=semi|linea=lotes|facon_mp=elaborador,madura,1,2026-10-01,USD,CALIDAD,INCOMPLETO,5,0,4,1,0,,,,,0,0,0,0,5,SIN_MONTO,,,,,0,NO CALCULABLE: 5 conceptos sin magnitud,NO DISPONIBLE: 5 conceptos sin costo,NO DISPONIBLE (cobertura 0.0 %),NO DISPONIBLE (cobertura 0.0 %),NO DISPONIBLE (cobertura 0.0 %),NO DISPONIBLE (cobertura 0.0 %),NO DISPONIBLE (cobertura 0.0 %),0,0,0,,
C0-10000-FACON-MP-ELABORADOR,C0,10000,250,faena=facon|granjas=integradas:0|pollito=compra|alimento=facon|flota=tercero|frio=C_congelado_tercero|subprod=A_externo|terreno=compra_fase|autom=semi|linea=lotes|facon_mp=elaborador,madura,1,2026-10-01,USD,COMERCIAL,INCOMPLETO,2,0,2,0,0,,,,,0,0,0,0,2,SIN_MONTO,,,,,0,NO CALCULABLE: 2 conceptos sin magnitud,NO DISPONIBLE: 2 conceptos sin costo,NO DISPONIBLE (cobertura 0.0 %),NO DISPONIBLE (cobertura 0.0 %),NO DISPONIBLE (cobertura 0.0 %),NO DISPONIBLE (cobertura 0.0 %),NO DISPONIBLE (cobertura 0.0 %),0,0,0,,
C0-10000-FACON-MP-ELABORADOR,C0,10000,250,faena=facon|granjas=integradas:0|pollito=compra|alimento=facon|flota=tercero|frio=C_congelado_tercero|subprod=A_externo|terreno=compra_fase|autom=semi|linea=lotes|facon_mp=elaborador,madura,1,2026-10-01,USD,COSTO_LABORAL,INCOMPLETO,20,0,20,0,0,,,,,0,0,0,0,20,SIN_MONTO,,,,,0,NO CALCULABLE: 20 conceptos sin magnitud,NO DISPONIBLE: 20 conceptos sin costo,NO DISPONIBLE (cobertura 0.0 %),NO DISPONIBLE (cobertura 0.0 %),NO DISPONIBLE (cobertura 0.0 %),NO DISPONIBLE (cobertura 0.0 %),NO DISPONIBLE (cobertura 0.0 %),1,15,0,,
C0-10000-FACON-MP-ELABORADOR,C0,10000,250,faena=facon|granjas=integradas:0|pollito=compra|alimento=facon|flota=tercero|frio=C_congelado_tercero|subprod=A_externo|terreno=compra_fase|autom=semi|linea=lotes|facon_mp=elaborador,madura,1,2026-10-01,USD,EMPAQUE,INCOMPLETO,9,0,0,0,9,,,,,0,0,0,0,9,SIN_MONTO,,,,,0,NO CALCULABLE: 9 conceptos sin magnitud,NO DISPONIBLE: 9 conceptos sin costo,NO DISPONIBLE (cobertura 0.0 %),NO DISPONIBLE (cobertura 0.0 %),NO DISPONIBLE (cobertura 0.0 %),NO DISPONIBLE (cobertura 0.0 %),NO DISPONIBLE (cobertura 0.0 %),0,0,0,,
C0-10000-FACON-MP-ELABORADOR,C0,10000,250,faena=facon|granjas=integradas:0|pollito=compra|alimento=facon|flota=tercero|frio=C_congelado_tercero|subprod=A_externo|terreno=compra_fase|autom=semi|linea=lotes|facon_mp=elaborador,madura,1,2026-10-01,USD,FAENA,INCOMPLETO,3,0,1,2,0,,,,,0,0,0,0,3,SIN_MONTO,,,,,0,NO CALCULABLE: 3 conceptos sin magnitud,NO DISPONIBLE: 3 conceptos sin costo,NO DISPONIBLE (cobertura 0.0 %),NO DISPONIBLE (cobertura 0.0 %),NO DISPONIBLE (cobertura 0.0 %),NO DISPONIBLE (cobertura 0.0 %),NO DISPONIBLE (cobertura 0.0 %),0,0,0,,
C0-10000-FACON-MP-ELABORADOR,C0,10000,250,faena=facon|granjas=integradas:0|pollito=compra|alimento=facon|flota=tercero|frio=C_congelado_tercero|subprod=A_externo|terreno=compra_fase|autom=semi|linea=lotes|facon_mp=elaborador,madura,1,2026-10-01,USD,LOGISTICA,INCOMPLETO,5,0,0,5,0,,,,,0,0,0,0,5,SIN_MONTO,,,,,0,NO CALCULABLE: 5 conceptos sin magnitud,NO DISPONIBLE: 5 conceptos sin costo,NO DISPONIBLE (cobertura 0.0 %),NO DISPONIBLE (cobertura 0.0 %),NO DISPONIBLE (cobertura 0.0 %),NO DISPONIBLE (cobertura 0.0 %),NO DISPONIBLE (cobertura 0.0 %),0,0,0,,
C0-10000-FACON-MP-ELABORADOR,C0,10000,250,faena=facon|granjas=integradas:0|pollito=compra|alimento=facon|flota=tercero|frio=C_congelado_tercero|subprod=A_externo|terreno=compra_fase|autom=semi|linea=lotes|facon_mp=elaborador,madura,1,2026-10-01,USD,MANTENIMIENTO,INCOMPLETO,1,0,0,1,0,,,,,0,0,0,0,1,SIN_MONTO,,,,,0,NO CALCULABLE: 1 conceptos sin magnitud,NO DISPONIBLE: 1 conceptos sin costo,NO DISPONIBLE (cobertura 0.0 %),NO DISPONIBLE (cobertura 0.0 %),NO DISPONIBLE (cobertura 0.0 %),NO DISPONIBLE (cobertura 0.0 %),NO DISPONIBLE (cobertura 0.0 %),0,1,0,,
C0-10000-FACON-MP-ELABORADOR,C0,10000,250,faena=facon|granjas=integradas:0|pollito=compra|alimento=facon|flota=tercero|frio=C_congelado_tercero|subprod=A_externo|terreno=compra_fase|autom=semi|linea=lotes|facon_mp=elaborador,madura,1,2026-10-01,USD,POLLITOS,COMPLETO,1,1,0,0,0,0,0,2.33004e+06,0,0,0,1,0,0,MONTO_CON_REFERENCIAS_DEBILES_E4,2.33004e+06,2.33004e+06,0,0,100,100,2330038,NO DISPONIBLE (cobertura 100.0 %),NO DISPONIBLE (cobertura 100.0 %),NO DISPONIBLE (cobertura 100.0 %),NO DISPONIBLE (cobertura 100.0 %),NO DISPONIBLE (cobertura 100.0 %),0,0,0,,
C0-10000-FACON-MP-ELABORADOR,C0,10000,250,faena=facon|granjas=integradas:0|pollito=compra|alimento=facon|flota=tercero|frio=C_congelado_tercero|subprod=A_externo|terreno=compra_fase|autom=semi|linea=lotes|facon_mp=elaborador,madura,1,2026-10-01,USD,PRODUCCION_PRIMARIA,INCOMPLETO,9,0,1,2,6,,,,,0,0,0,0,9,SIN_MONTO,,,,,0,NO CALCULABLE: 9 conceptos sin magnitud,NO DISPONIBLE: 9 conceptos sin costo,NO DISPONIBLE (cobertura 0.0 %),NO DISPONIBLE (cobertura 0.0 %),NO DISPONIBLE (cobertura 0.0 %),NO DISPONIBLE (cobertura 0.0 %),NO DISPONIBLE (cobertura 0.0 %),2,0,0,,
C0-10000-FACON-MP-ELABORADOR,C0,10000,250,faena=facon|granjas=integradas:0|pollito=compra|alimento=facon|flota=tercero|frio=C_congelado_tercero|subprod=A_externo|terreno=compra_fase|autom=semi|linea=lotes|facon_mp=elaborador,madura,1,2026-10-01,USD,SEGUROS,INCOMPLETO,2,0,2,0,0,,,,,0,0,0,0,2,SIN_MONTO,,,,,0,NO CALCULABLE: 2 conceptos sin magnitud,NO DISPONIBLE: 2 conceptos sin costo,NO DISPONIBLE (cobertura 0.0 %),NO DISPONIBLE (cobertura 0.0 %),NO DISPONIBLE (cobertura 0.0 %),NO DISPONIBLE (cobertura 0.0 %),NO DISPONIBLE (cobertura 0.0 %),0,0,0,,
C0-10000-FACON-MP-ELABORADOR,C0,10000,250,faena=facon|granjas=integradas:0|pollito=compra|alimento=facon|flota=tercero|frio=C_congelado_tercero|subprod=A_externo|terreno=compra_fase|autom=semi|linea=lotes|facon_mp=elaborador,madura,1,2026-10-01,USD,UTILITIES,INCOMPLETO,1,0,1,0,0,,,,,0,0,0,0,1,SIN_MONTO,,,,,0,NO CALCULABLE: 1 conceptos sin magnitud,NO DISPONIBLE: 1 conceptos sin costo,NO DISPONIBLE (cobertura 0.0 %),NO DISPONIBLE (cobertura 0.0 %),NO DISPONIBLE (cobertura 0.0 %),NO DISPONIBLE (cobertura 0.0 %),NO DISPONIBLE (cobertura 0.0 %),0,0,0,,
C0-10000-FACON-MP-ELABORADOR,C0,10000,250,faena=facon|granjas=integradas:0|pollito=compra|alimento=facon|flota=tercero|frio=C_congelado_tercero|subprod=A_externo|terreno=compra_fase|autom=semi|linea=lotes|facon_mp=elaborador,madura,1,2026-10-01,USD,TOTAL,INCOMPLETO,67,1,40,11,15,0,0,2.33004e+06,0,0,0,1,0,66,MONTO_CON_REFERENCIAS_DEBILES_E4,2.33004e+06,2.33004e+06,0,0,1.49254,NO CALCULABLE: 66 conceptos sin magnitud,NO DISPONIBLE: 66 conceptos sin costo,NO DISPONIBLE (cobertura 1.5 %),NO DISPONIBLE (cobertura 1.5 %),NO DISPONIBLE (cobertura 1.5 %),NO DISPONIBLE (cobertura 1.5 %),NO DISPONIBLE (cobertura 1.5 %),3,16,0,PENDIENTE,
C2-10000-FACON-MP-EMPRESA,C2,10000,250,"faena=propia|granjas=mixto:0.25|pollito=compra|alimento=facon|flota=mixto(vivo,refrigerado,servicio)|frio=B_refrigerado_congelado|subprod=A_externo|terreno=compra_fase|autom=semi|linea=lotes|facon_mp=empresa",madura,1,2026-10-01,USD,ADMINISTRACION,INCOMPLETO,8,0,8,0,0,,,,,0,0,0,0,8,SIN_MONTO,,,,,0,NO CALCULABLE: 8 conceptos sin magnitud,NO DISPONIBLE: 8 conceptos sin costo,NO DISPONIBLE (cobertura 0.0 %),NO DISPONIBLE (cobertura 0.0 %),NO DISPONIBLE (cobertura 0.0 %),NO DISPONIBLE (cobertura 0.0 %),NO DISPONIBLE (cobertura 0.0 %),0,0,0,,
C2-10000-FACON-MP-EMPRESA,C2,10000,250,"faena=propia|granjas=mixto:0.25|pollito=compra|alimento=facon|flota=mixto(vivo,refrigerado,servicio)|frio=B_refrigerado_congelado|subprod=A_externo|terreno=compra_fase|autom=semi|linea=lotes|facon_mp=empresa",madura,1,2026-10-01,USD,ALIMENTO,INCOMPLETO,6,1,4,1,0,0,0,1.44154e+06,0,0,0,1,0,5,MONTO_CON_REFERENCIAS_DEBILES_E4,1.44154e+06,1.44154e+06,0,0,16.6667,NO CALCULABLE: 5 conceptos sin magnitud,NO DISPONIBLE: 5 conceptos sin costo,NO DISPONIBLE (cobertura 16.7 %),NO DISPONIBLE (cobertura 16.7 %),NO DISPONIBLE (cobertura 16.7 %),NO DISPONIBLE (cobertura 16.7 %),NO DISPONIBLE (cobertura 16.7 %),0,3,0,,
C2-10000-FACON-MP-EMPRESA,C2,10000,250,"faena=propia|granjas=mixto:0.25|pollito=compra|alimento=facon|flota=mixto(vivo,refrigerado,servicio)|frio=B_refrigerado_congelado|subprod=A_externo|terreno=compra_fase|autom=semi|linea=lotes|facon_mp=empresa",madura,1,2026-10-01,USD,CALIDAD,INCOMPLETO,8,0,5,3,0,,,,,0,0,0,0,8,SIN_MONTO,,,,,0,NO CALCULABLE: 8 conceptos sin magnitud,NO DISPONIBLE: 8 conceptos sin costo,NO DISPONIBLE (cobertura 0.0 %),NO DISPONIBLE (cobertura 0.0 %),NO DISPONIBLE (cobertura 0.0 %),NO DISPONIBLE (cobertura 0.0 %),NO DISPONIBLE (cobertura 0.0 %),0,0,0,,
C2-10000-FACON-MP-EMPRESA,C2,10000,250,"faena=propia|granjas=mixto:0.25|pollito=compra|alimento=facon|flota=mixto(vivo,refrigerado,servicio)|frio=B_refrigerado_congelado|subprod=A_externo|terreno=compra_fase|autom=semi|linea=lotes|facon_mp=empresa",madura,1,2026-10-01,USD,COMERCIAL,INCOMPLETO,2,0,2,0,0,,,,,0,0,0,0,2,SIN_MONTO,,,,,0,NO CALCULABLE: 2 conceptos sin magnitud,NO DISPONIBLE: 2 conceptos sin costo,NO DISPONIBLE (cobertura 0.0 %),NO DISPONIBLE (cobertura 0.0 %),NO DISPONIBLE (cobertura 0.0 %),NO DISPONIBLE (cobertura 0.0 %),NO DISPONIBLE (cobertura 0.0 %),0,0,0,,
C2-10000-FACON-MP-EMPRESA,C2,10000,250,"faena=propia|granjas=mixto:0.25|pollito=compra|alimento=facon|flota=mixto(vivo,refrigerado,servicio)|frio=B_refrigerado_congelado|subprod=A_externo|terreno=compra_fase|autom=semi|linea=lotes|facon_mp=empresa",madura,1,2026-10-01,USD,COSTO_LABORAL,INCOMPLETO,46,0,44,2,0,,,,,0,0,0,0,46,SIN_MONTO,,,,,0,NO CALCULABLE: 46 conceptos sin magnitud,NO DISPONIBLE: 46 conceptos sin costo,NO DISPONIBLE (cobertura 0.0 %),NO DISPONIBLE (cobertura 0.0 %),NO DISPONIBLE (cobertura 0.0 %),NO DISPONIBLE (cobertura 0.0 %),NO DISPONIBLE (cobertura 0.0 %),1,2,0,,
C2-10000-FACON-MP-EMPRESA,C2,10000,250,"faena=propia|granjas=mixto:0.25|pollito=compra|alimento=facon|flota=mixto(vivo,refrigerado,servicio)|frio=B_refrigerado_congelado|subprod=A_externo|terreno=compra_fase|autom=semi|linea=lotes|facon_mp=empresa",madura,1,2026-10-01,USD,EFLUENTES,INCOMPLETO,4,0,2,2,0,,,,,0,0,0,0,4,SIN_MONTO,,,,,0,NO CALCULABLE: 4 conceptos sin magnitud,NO DISPONIBLE: 4 conceptos sin costo,NO DISPONIBLE (cobertura 0.0 %),NO DISPONIBLE (cobertura 0.0 %),NO DISPONIBLE (cobertura 0.0 %),NO DISPONIBLE (cobertura 0.0 %),NO DISPONIBLE (cobertura 0.0 %),0,0,0,,
C2-10000-FACON-MP-EMPRESA,C2,10000,250,"faena=propia|granjas=mixto:0.25|pollito=compra|alimento=facon|flota=mixto(vivo,refrigerado,servicio)|frio=B_refrigerado_congelado|subprod=A_externo|terreno=compra_fase|autom=semi|linea=lotes|facon_mp=empresa",madura,1,2026-10-01,USD,EMPAQUE,INCOMPLETO,9,0,9,0,0,,,,,0,0,0,0,9,SIN_MONTO,,,,,0,NO CALCULABLE: 9 conceptos sin magnitud,NO DISPONIBLE: 9 conceptos sin costo,NO DISPONIBLE (cobertura 0.0 %),NO DISPONIBLE (cobertura 0.0 %),NO DISPONIBLE (cobertura 0.0 %),NO DISPONIBLE (cobertura 0.0 %),NO DISPONIBLE (cobertura 0.0 %),0,0,0,,
C2-10000-FACON-MP-EMPRESA,C2,10000,250,"faena=propia|granjas=mixto:0.25|pollito=compra|alimento=facon|flota=mixto(vivo,refrigerado,servicio)|frio=B_refrigerado_congelado|subprod=A_externo|terreno=compra_fase|autom=semi|linea=lotes|facon_mp=empresa",madura,1,2026-10-01,USD,FAENA,INCOMPLETO,4,0,4,0,0,,,,,0,0,0,0,4,SIN_MONTO,,,,,0,NO CALCULABLE: 4 conceptos sin magnitud,NO DISPONIBLE: 4 conceptos sin costo,NO DISPONIBLE (cobertura 0.0 %),NO DISPONIBLE (cobertura 0.0 %),NO DISPONIBLE (cobertura 0.0 %),NO DISPONIBLE (cobertura 0.0 %),NO DISPONIBLE (cobertura 0.0 %),0,1,0,,
C2-10000-FACON-MP-EMPRESA,C2,10000,250,"faena=propia|granjas=mixto:0.25|pollito=compra|alimento=facon|flota=mixto(vivo,refrigerado,servicio)|frio=B_refrigerado_congelado|subprod=A_externo|terreno=compra_fase|autom=semi|linea=lotes|facon_mp=empresa",madura,1,2026-10-01,USD,LOGISTICA,INCOMPLETO,20,0,10,10,0,,,,,0,0,0,0,20,SIN_MONTO,,,,,0,NO CALCULABLE: 20 conceptos sin magnitud,NO DISPONIBLE: 20 conceptos sin costo,NO DISPONIBLE (cobertura 0.0 %),NO DISPONIBLE (cobertura 0.0 %),NO DISPONIBLE (cobertura 0.0 %),NO DISPONIBLE (cobertura 0.0 %),NO DISPONIBLE (cobertura 0.0 %),0,0,0,,
C2-10000-FACON-MP-EMPRESA,C2,10000,250,"faena=propia|granjas=mixto:0.25|pollito=compra|alimento=facon|flota=mixto(vivo,refrigerado,servicio)|frio=B_refrigerado_congelado|subprod=A_externo|terreno=compra_fase|autom=semi|linea=lotes|facon_mp=empresa",madura,1,2026-10-01,USD,MANTENIMIENTO,INCOMPLETO,6,0,0,6,0,,,,,0,0,0,0,6,SIN_MONTO,,,,,0,NO CALCULABLE: 6 conceptos sin magnitud,NO DISPONIBLE: 6 conceptos sin costo,NO DISPONIBLE (cobertura 0.0 %),NO DISPONIBLE (cobertura 0.0 %),NO DISPONIBLE (cobertura 0.0 %),NO DISPONIBLE (cobertura 0.0 %),NO DISPONIBLE (cobertura 0.0 %),0,1,0,,
C2-10000-FACON-MP-EMPRESA,C2,10000,250,"faena=propia|granjas=mixto:0.25|pollito=compra|alimento=facon|flota=mixto(vivo,refrigerado,servicio)|frio=B_refrigerado_congelado|subprod=A_externo|terreno=compra_fase|autom=semi|linea=lotes|facon_mp=empresa",madura,1,2026-10-01,USD,POLLITOS,COMPLETO,1,1,0,0,0,0,0,2.33004e+06,0,0,0,1,0,0,MONTO_CON_REFERENCIAS_DEBILES_E4,2.33004e+06,2.33004e+06,0,0,100,100,2330038,NO DISPONIBLE (cobertura 100.0 %),NO DISPONIBLE (cobertura 100.0 %),NO DISPONIBLE (cobertura 100.0 %),NO DISPONIBLE (cobertura 100.0 %),NO DISPONIBLE (cobertura 100.0 %),0,0,0,,
C2-10000-FACON-MP-EMPRESA,C2,10000,250,"faena=propia|granjas=mixto:0.25|pollito=compra|alimento=facon|flota=mixto(vivo,refrigerado,servicio)|frio=B_refrigerado_congelado|subprod=A_externo|terreno=compra_fase|autom=semi|linea=lotes|facon_mp=empresa",madura,1,2026-10-01,USD,PRODUCCION_PRIMARIA,INCOMPLETO,18,0,6,6,6,,,,,0,0,0,0,18,SIN_MONTO,,,,,0,NO CALCULABLE: 18 conceptos sin magnitud,NO DISPONIBLE: 18 conceptos sin costo,NO DISPONIBLE (cobertura 0.0 %),NO DISPONIBLE (cobertura 0.0 %),NO DISPONIBLE (cobertura 0.0 %),NO DISPONIBLE (cobertura 0.0 %),NO DISPONIBLE (cobertura 0.0 %),2,0,0,,
C2-10000-FACON-MP-EMPRESA,C2,10000,250,"faena=propia|granjas=mixto:0.25|pollito=compra|alimento=facon|flota=mixto(vivo,refrigerado,servicio)|frio=B_refrigerado_congelado|subprod=A_externo|terreno=compra_fase|autom=semi|linea=lotes|facon_mp=empresa",madura,1,2026-10-01,USD,SEGUROS,INCOMPLETO,8,0,8,0,0,,,,,0,0,0,0,8,SIN_MONTO,,,,,0,NO CALCULABLE: 8 conceptos sin magnitud,NO DISPONIBLE: 8 conceptos sin costo,NO DISPONIBLE (cobertura 0.0 %),NO DISPONIBLE (cobertura 0.0 %),NO DISPONIBLE (cobertura 0.0 %),NO DISPONIBLE (cobertura 0.0 %),NO DISPONIBLE (cobertura 0.0 %),0,0,0,,
C2-10000-FACON-MP-EMPRESA,C2,10000,250,"faena=propia|granjas=mixto:0.25|pollito=compra|alimento=facon|flota=mixto(vivo,refrigerado,servicio)|frio=B_refrigerado_congelado|subprod=A_externo|terreno=compra_fase|autom=semi|linea=lotes|facon_mp=empresa",madura,1,2026-10-01,USD,SUBPRODUCTOS,INCOMPLETO,6,0,6,0,0,,,,,0,0,0,0,6,SIN_MONTO,,,,,0,NO CALCULABLE: 6 conceptos sin magnitud,NO DISPONIBLE: 6 conceptos sin costo,NO DISPONIBLE (cobertura 0.0 %),NO DISPONIBLE (cobertura 0.0 %),NO DISPONIBLE (cobertura 0.0 %),NO DISPONIBLE (cobertura 0.0 %),NO DISPONIBLE (cobertura 0.0 %),0,0,0,,
C2-10000-FACON-MP-EMPRESA,C2,10000,250,"faena=propia|granjas=mixto:0.25|pollito=compra|alimento=facon|flota=mixto(vivo,refrigerado,servicio)|frio=B_refrigerado_congelado|subprod=A_externo|terreno=compra_fase|autom=semi|linea=lotes|facon_mp=empresa",madura,1,2026-10-01,USD,UTILITIES,INCOMPLETO,6,0,5,1,0,,,,,0,0,0,0,6,SIN_MONTO,,,,,0,NO CALCULABLE: 6 conceptos sin magnitud,NO DISPONIBLE: 6 conceptos sin costo,NO DISPONIBLE (cobertura 0.0 %),NO DISPONIBLE (cobertura 0.0 %),NO DISPONIBLE (cobertura 0.0 %),NO DISPONIBLE (cobertura 0.0 %),NO DISPONIBLE (cobertura 0.0 %),0,5,0,,
C2-10000-FACON-MP-EMPRESA,C2,10000,250,"faena=propia|granjas=mixto:0.25|pollito=compra|alimento=facon|flota=mixto(vivo,refrigerado,servicio)|frio=B_refrigerado_congelado|subprod=A_externo|terreno=compra_fase|autom=semi|linea=lotes|facon_mp=empresa",madura,1,2026-10-01,USD,TOTAL,INCOMPLETO,152,2,113,31,6,0,0,3.77158e+06,0,0,0,2,0,150,MONTO_CON_REFERENCIAS_DEBILES_E4,3.77158e+06,3.77158e+06,0,0,1.31579,NO CALCULABLE: 150 conceptos sin magnitud,NO DISPONIBLE: 150 conceptos sin costo,NO DISPONIBLE (cobertura 1.3 %),NO DISPONIBLE (cobertura 1.3 %),NO DISPONIBLE (cobertura 1.3 %),NO DISPONIBLE (cobertura 1.3 %),NO DISPONIBLE (cobertura 1.3 %),3,12,0,PENDIENTE,
C1-10000-GN-RED,C1,10000,250,faena=propia|granjas=integradas:0|pollito=compra|alimento=compra|flota=tercero|frio=A_refrigerado|subprod=A_externo|terreno=compra_fase|autom=semi|linea=lotes,madura,1,2026-10-01,USD,ADMINISTRACION,INCOMPLETO,8,0,8,0,0,,,,,0,0,0,0,8,SIN_MONTO,,,,,0,NO CALCULABLE: 8 conceptos sin magnitud,NO DISPONIBLE: 8 conceptos sin costo,NO DISPONIBLE (cobertura 0.0 %),NO DISPONIBLE (cobertura 0.0 %),NO DISPONIBLE (cobertura 0.0 %),NO DISPONIBLE (cobertura 0.0 %),NO DISPONIBLE (cobertura 0.0 %),0,0,0,,
C1-10000-GN-RED,C1,10000,250,faena=propia|granjas=integradas:0|pollito=compra|alimento=compra|flota=tercero|frio=A_refrigerado|subprod=A_externo|terreno=compra_fase|autom=semi|linea=lotes,madura,1,2026-10-01,USD,ALIMENTO,INCOMPLETO,2,0,2,0,0,,,,,0,0,0,0,2,SIN_MONTO,,,,,0,NO CALCULABLE: 2 conceptos sin magnitud,NO DISPONIBLE: 2 conceptos sin costo,NO DISPONIBLE (cobertura 0.0 %),NO DISPONIBLE (cobertura 0.0 %),NO DISPONIBLE (cobertura 0.0 %),NO DISPONIBLE (cobertura 0.0 %),NO DISPONIBLE (cobertura 0.0 %),0,0,0,,
C1-10000-GN-RED,C1,10000,250,faena=propia|granjas=integradas:0|pollito=compra|alimento=compra|flota=tercero|frio=A_refrigerado|subprod=A_externo|terreno=compra_fase|autom=semi|linea=lotes,madura,1,2026-10-01,USD,CALIDAD,INCOMPLETO,8,0,5,3,0,,,,,0,0,0,0,8,SIN_MONTO,,,,,0,NO CALCULABLE: 8 conceptos sin magnitud,NO DISPONIBLE: 8 conceptos sin costo,NO DISPONIBLE (cobertura 0.0 %),NO DISPONIBLE (cobertura 0.0 %),NO DISPONIBLE (cobertura 0.0 %),NO DISPONIBLE (cobertura 0.0 %),NO DISPONIBLE (cobertura 0.0 %),0,0,0,,
C1-10000-GN-RED,C1,10000,250,faena=propia|granjas=integradas:0|pollito=compra|alimento=compra|flota=tercero|frio=A_refrigerado|subprod=A_externo|terreno=compra_fase|autom=semi|linea=lotes,madura,1,2026-10-01,USD,COMERCIAL,INCOMPLETO,2,0,2,0,0,,,,,0,0,0,0,2,SIN_MONTO,,,,,0,NO CALCULABLE: 2 conceptos sin magnitud,NO DISPONIBLE: 2 conceptos sin costo,NO DISPONIBLE (cobertura 0.0 %),NO DISPONIBLE (cobertura 0.0 %),NO DISPONIBLE (cobertura 0.0 %),NO DISPONIBLE (cobertura 0.0 %),NO DISPONIBLE (cobertura 0.0 %),0,0,0,,
C1-10000-GN-RED,C1,10000,250,faena=propia|granjas=integradas:0|pollito=compra|alimento=compra|flota=tercero|frio=A_refrigerado|subprod=A_externo|terreno=compra_fase|autom=semi|linea=lotes,madura,1,2026-10-01,USD,COSTO_LABORAL,INCOMPLETO,43,0,42,1,0,,,,,0,0,0,0,43,SIN_MONTO,,,,,0,NO CALCULABLE: 43 conceptos sin magnitud,NO DISPONIBLE: 43 conceptos sin costo,NO DISPONIBLE (cobertura 0.0 %),NO DISPONIBLE (cobertura 0.0 %),NO DISPONIBLE (cobertura 0.0 %),NO DISPONIBLE (cobertura 0.0 %),NO DISPONIBLE (cobertura 0.0 %),1,4,0,,
C1-10000-GN-RED,C1,10000,250,faena=propia|granjas=integradas:0|pollito=compra|alimento=compra|flota=tercero|frio=A_refrigerado|subprod=A_externo|terreno=compra_fase|autom=semi|linea=lotes,madura,1,2026-10-01,USD,EFLUENTES,INCOMPLETO,4,0,2,2,0,,,,,0,0,0,0,4,SIN_MONTO,,,,,0,NO CALCULABLE: 4 conceptos sin magnitud,NO DISPONIBLE: 4 conceptos sin costo,NO DISPONIBLE (cobertura 0.0 %),NO DISPONIBLE (cobertura 0.0 %),NO DISPONIBLE (cobertura 0.0 %),NO DISPONIBLE (cobertura 0.0 %),NO DISPONIBLE (cobertura 0.0 %),0,0,0,,
C1-10000-GN-RED,C1,10000,250,faena=propia|granjas=integradas:0|pollito=compra|alimento=compra|flota=tercero|frio=A_refrigerado|subprod=A_externo|terreno=compra_fase|autom=semi|linea=lotes,madura,1,2026-10-01,USD,EMPAQUE,INCOMPLETO,9,0,9,0,0,,,,,0,0,0,0,9,SIN_MONTO,,,,,0,NO CALCULABLE: 9 conceptos sin magnitud,NO DISPONIBLE: 9 conceptos sin costo,NO DISPONIBLE (cobertura 0.0 %),NO DISPONIBLE (cobertura 0.0 %),NO DISPONIBLE (cobertura 0.0 %),NO DISPONIBLE (cobertura 0.0 %),NO DISPONIBLE (cobertura 0.0 %),0,0,0,,
C1-10000-GN-RED,C1,10000,250,faena=propia|granjas=integradas:0|pollito=compra|alimento=compra|flota=tercero|frio=A_refrigerado|subprod=A_externo|terreno=compra_fase|autom=semi|linea=lotes,madura,1,2026-10-01,USD,FAENA,INCOMPLETO,4,0,4,0,0,,,,,0,0,0,0,4,SIN_MONTO,,,,,0,NO CALCULABLE: 4 conceptos sin magnitud,NO DISPONIBLE: 4 conceptos sin costo,NO DISPONIBLE (cobertura 0.0 %),NO DISPONIBLE (cobertura 0.0 %),NO DISPONIBLE (cobertura 0.0 %),NO DISPONIBLE (cobertura 0.0 %),NO DISPONIBLE (cobertura 0.0 %),0,1,0,,
C1-10000-GN-RED,C1,10000,250,faena=propia|granjas=integradas:0|pollito=compra|alimento=compra|flota=tercero|frio=A_refrigerado|subprod=A_externo|terreno=compra_fase|autom=semi|linea=lotes,madura,1,2026-10-01,USD,LOGISTICA,INCOMPLETO,6,0,0,6,0,,,,,0,0,0,0,6,SIN_MONTO,,,,,0,NO CALCULABLE: 6 conceptos sin magnitud,NO DISPONIBLE: 6 conceptos sin costo,NO DISPONIBLE (cobertura 0.0 %),NO DISPONIBLE (cobertura 0.0 %),NO DISPONIBLE (cobertura 0.0 %),NO DISPONIBLE (cobertura 0.0 %),NO DISPONIBLE (cobertura 0.0 %),0,0,0,,
C1-10000-GN-RED,C1,10000,250,faena=propia|granjas=integradas:0|pollito=compra|alimento=compra|flota=tercero|frio=A_refrigerado|subprod=A_externo|terreno=compra_fase|autom=semi|linea=lotes,madura,1,2026-10-01,USD,MANTENIMIENTO,INCOMPLETO,5,0,0,5,0,,,,,0,0,0,0,5,SIN_MONTO,,,,,0,NO CALCULABLE: 5 conceptos sin magnitud,NO DISPONIBLE: 5 conceptos sin costo,NO DISPONIBLE (cobertura 0.0 %),NO DISPONIBLE (cobertura 0.0 %),NO DISPONIBLE (cobertura 0.0 %),NO DISPONIBLE (cobertura 0.0 %),NO DISPONIBLE (cobertura 0.0 %),0,1,0,,
C1-10000-GN-RED,C1,10000,250,faena=propia|granjas=integradas:0|pollito=compra|alimento=compra|flota=tercero|frio=A_refrigerado|subprod=A_externo|terreno=compra_fase|autom=semi|linea=lotes,madura,1,2026-10-01,USD,POLLITOS,COMPLETO,1,1,0,0,0,0,0,2.33004e+06,0,0,0,1,0,0,MONTO_CON_REFERENCIAS_DEBILES_E4,2.33004e+06,2.33004e+06,0,0,100,100,2330038,NO DISPONIBLE (cobertura 100.0 %),NO DISPONIBLE (cobertura 100.0 %),NO DISPONIBLE (cobertura 100.0 %),NO DISPONIBLE (cobertura 100.0 %),NO DISPONIBLE (cobertura 100.0 %),0,0,0,,
C1-10000-GN-RED,C1,10000,250,faena=propia|granjas=integradas:0|pollito=compra|alimento=compra|flota=tercero|frio=A_refrigerado|subprod=A_externo|terreno=compra_fase|autom=semi|linea=lotes,madura,1,2026-10-01,USD,PRODUCCION_PRIMARIA,INCOMPLETO,9,0,1,2,6,,,,,0,0,0,0,9,SIN_MONTO,,,,,0,NO CALCULABLE: 9 conceptos sin magnitud,NO DISPONIBLE: 9 conceptos sin costo,NO DISPONIBLE (cobertura 0.0 %),NO DISPONIBLE (cobertura 0.0 %),NO DISPONIBLE (cobertura 0.0 %),NO DISPONIBLE (cobertura 0.0 %),NO DISPONIBLE (cobertura 0.0 %),2,0,0,,
C1-10000-GN-RED,C1,10000,250,faena=propia|granjas=integradas:0|pollito=compra|alimento=compra|flota=tercero|frio=A_refrigerado|subprod=A_externo|terreno=compra_fase|autom=semi|linea=lotes,madura,1,2026-10-01,USD,SEGUROS,INCOMPLETO,5,0,5,0,0,,,,,0,0,0,0,5,SIN_MONTO,,,,,0,NO CALCULABLE: 5 conceptos sin magnitud,NO DISPONIBLE: 5 conceptos sin costo,NO DISPONIBLE (cobertura 0.0 %),NO DISPONIBLE (cobertura 0.0 %),NO DISPONIBLE (cobertura 0.0 %),NO DISPONIBLE (cobertura 0.0 %),NO DISPONIBLE (cobertura 0.0 %),0,0,0,,
C1-10000-GN-RED,C1,10000,250,faena=propia|granjas=integradas:0|pollito=compra|alimento=compra|flota=tercero|frio=A_refrigerado|subprod=A_externo|terreno=compra_fase|autom=semi|linea=lotes,madura,1,2026-10-01,USD,SUBPRODUCTOS,INCOMPLETO,6,0,6,0,0,,,,,0,0,0,0,6,SIN_MONTO,,,,,0,NO CALCULABLE: 6 conceptos sin magnitud,NO DISPONIBLE: 6 conceptos sin costo,NO DISPONIBLE (cobertura 0.0 %),NO DISPONIBLE (cobertura 0.0 %),NO DISPONIBLE (cobertura 0.0 %),NO DISPONIBLE (cobertura 0.0 %),NO DISPONIBLE (cobertura 0.0 %),0,0,0,,
C1-10000-GN-RED,C1,10000,250,faena=propia|granjas=integradas:0|pollito=compra|alimento=compra|flota=tercero|frio=A_refrigerado|subprod=A_externo|terreno=compra_fase|autom=semi|linea=lotes,madura,1,2026-10-01,USD,UTILITIES,INCOMPLETO,6,0,5,1,0,,,,,0,0,0,0,6,SIN_MONTO,,,,,0,NO CALCULABLE: 6 conceptos sin magnitud,NO DISPONIBLE: 6 conceptos sin costo,NO DISPONIBLE (cobertura 0.0 %),NO DISPONIBLE (cobertura 0.0 %),NO DISPONIBLE (cobertura 0.0 %),NO DISPONIBLE (cobertura 0.0 %),NO DISPONIBLE (cobertura 0.0 %),0,5,0,,
C1-10000-GN-RED,C1,10000,250,faena=propia|granjas=integradas:0|pollito=compra|alimento=compra|flota=tercero|frio=A_refrigerado|subprod=A_externo|terreno=compra_fase|autom=semi|linea=lotes,madura,1,2026-10-01,USD,TOTAL,INCOMPLETO,118,1,91,20,6,0,0,2.33004e+06,0,0,0,1,0,117,MONTO_CON_REFERENCIAS_DEBILES_E4,2.33004e+06,2.33004e+06,0,0,0.847458,NO CALCULABLE: 117 conceptos sin magnitud,NO DISPONIBLE: 117 conceptos sin costo,NO DISPONIBLE (cobertura 0.8 %),NO DISPONIBLE (cobertura 0.8 %),NO DISPONIBLE (cobertura 0.8 %),NO DISPONIBLE (cobertura 0.8 %),NO DISPONIBLE (cobertura 0.8 %),3,11,0,PENDIENTE,
C1-10000-LIMPIEZA-TERC,C1,10000,250,faena=propia|granjas=integradas:0|pollito=compra|alimento=compra|flota=tercero|frio=A_refrigerado|subprod=A_externo|terreno=compra_fase|autom=semi|linea=lotes,madura,1,2026-10-01,USD,ADMINISTRACION,INCOMPLETO,8,0,8,0,0,,,,,0,0,0,0,8,SIN_MONTO,,,,,0,NO CALCULABLE: 8 conceptos sin magnitud,NO DISPONIBLE: 8 conceptos sin costo,NO DISPONIBLE (cobertura 0.0 %),NO DISPONIBLE (cobertura 0.0 %),NO DISPONIBLE (cobertura 0.0 %),NO DISPONIBLE (cobertura 0.0 %),NO DISPONIBLE (cobertura 0.0 %),0,0,0,,
C1-10000-LIMPIEZA-TERC,C1,10000,250,faena=propia|granjas=integradas:0|pollito=compra|alimento=compra|flota=tercero|frio=A_refrigerado|subprod=A_externo|terreno=compra_fase|autom=semi|linea=lotes,madura,1,2026-10-01,USD,ALIMENTO,INCOMPLETO,2,0,2,0,0,,,,,0,0,0,0,2,SIN_MONTO,,,,,0,NO CALCULABLE: 2 conceptos sin magnitud,NO DISPONIBLE: 2 conceptos sin costo,NO DISPONIBLE (cobertura 0.0 %),NO DISPONIBLE (cobertura 0.0 %),NO DISPONIBLE (cobertura 0.0 %),NO DISPONIBLE (cobertura 0.0 %),NO DISPONIBLE (cobertura 0.0 %),0,0,0,,
C1-10000-LIMPIEZA-TERC,C1,10000,250,faena=propia|granjas=integradas:0|pollito=compra|alimento=compra|flota=tercero|frio=A_refrigerado|subprod=A_externo|terreno=compra_fase|autom=semi|linea=lotes,madura,1,2026-10-01,USD,CALIDAD,INCOMPLETO,8,0,5,3,0,,,,,0,0,0,0,8,SIN_MONTO,,,,,0,NO CALCULABLE: 8 conceptos sin magnitud,NO DISPONIBLE: 8 conceptos sin costo,NO DISPONIBLE (cobertura 0.0 %),NO DISPONIBLE (cobertura 0.0 %),NO DISPONIBLE (cobertura 0.0 %),NO DISPONIBLE (cobertura 0.0 %),NO DISPONIBLE (cobertura 0.0 %),0,0,0,,
C1-10000-LIMPIEZA-TERC,C1,10000,250,faena=propia|granjas=integradas:0|pollito=compra|alimento=compra|flota=tercero|frio=A_refrigerado|subprod=A_externo|terreno=compra_fase|autom=semi|linea=lotes,madura,1,2026-10-01,USD,COMERCIAL,INCOMPLETO,2,0,2,0,0,,,,,0,0,0,0,2,SIN_MONTO,,,,,0,NO CALCULABLE: 2 conceptos sin magnitud,NO DISPONIBLE: 2 conceptos sin costo,NO DISPONIBLE (cobertura 0.0 %),NO DISPONIBLE (cobertura 0.0 %),NO DISPONIBLE (cobertura 0.0 %),NO DISPONIBLE (cobertura 0.0 %),NO DISPONIBLE (cobertura 0.0 %),0,0,0,,
C1-10000-LIMPIEZA-TERC,C1,10000,250,faena=propia|granjas=integradas:0|pollito=compra|alimento=compra|flota=tercero|frio=A_refrigerado|subprod=A_externo|terreno=compra_fase|autom=semi|linea=lotes,madura,1,2026-10-01,USD,COSTO_LABORAL,INCOMPLETO,43,0,42,1,0,,,,,0,0,0,0,43,SIN_MONTO,,,,,0,NO CALCULABLE: 43 conceptos sin magnitud,NO DISPONIBLE: 43 conceptos sin costo,NO DISPONIBLE (cobertura 0.0 %),NO DISPONIBLE (cobertura 0.0 %),NO DISPONIBLE (cobertura 0.0 %),NO DISPONIBLE (cobertura 0.0 %),NO DISPONIBLE (cobertura 0.0 %),1,4,0,,
C1-10000-LIMPIEZA-TERC,C1,10000,250,faena=propia|granjas=integradas:0|pollito=compra|alimento=compra|flota=tercero|frio=A_refrigerado|subprod=A_externo|terreno=compra_fase|autom=semi|linea=lotes,madura,1,2026-10-01,USD,EFLUENTES,INCOMPLETO,4,0,2,2,0,,,,,0,0,0,0,4,SIN_MONTO,,,,,0,NO CALCULABLE: 4 conceptos sin magnitud,NO DISPONIBLE: 4 conceptos sin costo,NO DISPONIBLE (cobertura 0.0 %),NO DISPONIBLE (cobertura 0.0 %),NO DISPONIBLE (cobertura 0.0 %),NO DISPONIBLE (cobertura 0.0 %),NO DISPONIBLE (cobertura 0.0 %),0,0,0,,
C1-10000-LIMPIEZA-TERC,C1,10000,250,faena=propia|granjas=integradas:0|pollito=compra|alimento=compra|flota=tercero|frio=A_refrigerado|subprod=A_externo|terreno=compra_fase|autom=semi|linea=lotes,madura,1,2026-10-01,USD,EMPAQUE,INCOMPLETO,9,0,9,0,0,,,,,0,0,0,0,9,SIN_MONTO,,,,,0,NO CALCULABLE: 9 conceptos sin magnitud,NO DISPONIBLE: 9 conceptos sin costo,NO DISPONIBLE (cobertura 0.0 %),NO DISPONIBLE (cobertura 0.0 %),NO DISPONIBLE (cobertura 0.0 %),NO DISPONIBLE (cobertura 0.0 %),NO DISPONIBLE (cobertura 0.0 %),0,0,0,,
C1-10000-LIMPIEZA-TERC,C1,10000,250,faena=propia|granjas=integradas:0|pollito=compra|alimento=compra|flota=tercero|frio=A_refrigerado|subprod=A_externo|terreno=compra_fase|autom=semi|linea=lotes,madura,1,2026-10-01,USD,FAENA,INCOMPLETO,4,0,4,0,0,,,,,0,0,0,0,4,SIN_MONTO,,,,,0,NO CALCULABLE: 4 conceptos sin magnitud,NO DISPONIBLE: 4 conceptos sin costo,NO DISPONIBLE (cobertura 0.0 %),NO DISPONIBLE (cobertura 0.0 %),NO DISPONIBLE (cobertura 0.0 %),NO DISPONIBLE (cobertura 0.0 %),NO DISPONIBLE (cobertura 0.0 %),0,1,0,,
C1-10000-LIMPIEZA-TERC,C1,10000,250,faena=propia|granjas=integradas:0|pollito=compra|alimento=compra|flota=tercero|frio=A_refrigerado|subprod=A_externo|terreno=compra_fase|autom=semi|linea=lotes,madura,1,2026-10-01,USD,LOGISTICA,INCOMPLETO,6,0,0,6,0,,,,,0,0,0,0,6,SIN_MONTO,,,,,0,NO CALCULABLE: 6 conceptos sin magnitud,NO DISPONIBLE: 6 conceptos sin costo,NO DISPONIBLE (cobertura 0.0 %),NO DISPONIBLE (cobertura 0.0 %),NO DISPONIBLE (cobertura 0.0 %),NO DISPONIBLE (cobertura 0.0 %),NO DISPONIBLE (cobertura 0.0 %),0,0,0,,
C1-10000-LIMPIEZA-TERC,C1,10000,250,faena=propia|granjas=integradas:0|pollito=compra|alimento=compra|flota=tercero|frio=A_refrigerado|subprod=A_externo|terreno=compra_fase|autom=semi|linea=lotes,madura,1,2026-10-01,USD,MANTENIMIENTO,INCOMPLETO,5,0,0,5,0,,,,,0,0,0,0,5,SIN_MONTO,,,,,0,NO CALCULABLE: 5 conceptos sin magnitud,NO DISPONIBLE: 5 conceptos sin costo,NO DISPONIBLE (cobertura 0.0 %),NO DISPONIBLE (cobertura 0.0 %),NO DISPONIBLE (cobertura 0.0 %),NO DISPONIBLE (cobertura 0.0 %),NO DISPONIBLE (cobertura 0.0 %),0,1,0,,
C1-10000-LIMPIEZA-TERC,C1,10000,250,faena=propia|granjas=integradas:0|pollito=compra|alimento=compra|flota=tercero|frio=A_refrigerado|subprod=A_externo|terreno=compra_fase|autom=semi|linea=lotes,madura,1,2026-10-01,USD,POLLITOS,COMPLETO,1,1,0,0,0,0,0,2.33004e+06,0,0,0,1,0,0,MONTO_CON_REFERENCIAS_DEBILES_E4,2.33004e+06,2.33004e+06,0,0,100,100,2330038,NO DISPONIBLE (cobertura 100.0 %),NO DISPONIBLE (cobertura 100.0 %),NO DISPONIBLE (cobertura 100.0 %),NO DISPONIBLE (cobertura 100.0 %),NO DISPONIBLE (cobertura 100.0 %),0,0,0,,
C1-10000-LIMPIEZA-TERC,C1,10000,250,faena=propia|granjas=integradas:0|pollito=compra|alimento=compra|flota=tercero|frio=A_refrigerado|subprod=A_externo|terreno=compra_fase|autom=semi|linea=lotes,madura,1,2026-10-01,USD,PRODUCCION_PRIMARIA,INCOMPLETO,9,0,1,2,6,,,,,0,0,0,0,9,SIN_MONTO,,,,,0,NO CALCULABLE: 9 conceptos sin magnitud,NO DISPONIBLE: 9 conceptos sin costo,NO DISPONIBLE (cobertura 0.0 %),NO DISPONIBLE (cobertura 0.0 %),NO DISPONIBLE (cobertura 0.0 %),NO DISPONIBLE (cobertura 0.0 %),NO DISPONIBLE (cobertura 0.0 %),2,0,0,,
C1-10000-LIMPIEZA-TERC,C1,10000,250,faena=propia|granjas=integradas:0|pollito=compra|alimento=compra|flota=tercero|frio=A_refrigerado|subprod=A_externo|terreno=compra_fase|autom=semi|linea=lotes,madura,1,2026-10-01,USD,SEGUROS,INCOMPLETO,5,0,5,0,0,,,,,0,0,0,0,5,SIN_MONTO,,,,,0,NO CALCULABLE: 5 conceptos sin magnitud,NO DISPONIBLE: 5 conceptos sin costo,NO DISPONIBLE (cobertura 0.0 %),NO DISPONIBLE (cobertura 0.0 %),NO DISPONIBLE (cobertura 0.0 %),NO DISPONIBLE (cobertura 0.0 %),NO DISPONIBLE (cobertura 0.0 %),0,0,0,,
C1-10000-LIMPIEZA-TERC,C1,10000,250,faena=propia|granjas=integradas:0|pollito=compra|alimento=compra|flota=tercero|frio=A_refrigerado|subprod=A_externo|terreno=compra_fase|autom=semi|linea=lotes,madura,1,2026-10-01,USD,SUBPRODUCTOS,INCOMPLETO,6,0,6,0,0,,,,,0,0,0,0,6,SIN_MONTO,,,,,0,NO CALCULABLE: 6 conceptos sin magnitud,NO DISPONIBLE: 6 conceptos sin costo,NO DISPONIBLE (cobertura 0.0 %),NO DISPONIBLE (cobertura 0.0 %),NO DISPONIBLE (cobertura 0.0 %),NO DISPONIBLE (cobertura 0.0 %),NO DISPONIBLE (cobertura 0.0 %),0,0,0,,
C1-10000-LIMPIEZA-TERC,C1,10000,250,faena=propia|granjas=integradas:0|pollito=compra|alimento=compra|flota=tercero|frio=A_refrigerado|subprod=A_externo|terreno=compra_fase|autom=semi|linea=lotes,madura,1,2026-10-01,USD,UTILITIES,INCOMPLETO,6,0,5,1,0,,,,,0,0,0,0,6,SIN_MONTO,,,,,0,NO CALCULABLE: 6 conceptos sin magnitud,NO DISPONIBLE: 6 conceptos sin costo,NO DISPONIBLE (cobertura 0.0 %),NO DISPONIBLE (cobertura 0.0 %),NO DISPONIBLE (cobertura 0.0 %),NO DISPONIBLE (cobertura 0.0 %),NO DISPONIBLE (cobertura 0.0 %),0,5,0,,
C1-10000-LIMPIEZA-TERC,C1,10000,250,faena=propia|granjas=integradas:0|pollito=compra|alimento=compra|flota=tercero|frio=A_refrigerado|subprod=A_externo|terreno=compra_fase|autom=semi|linea=lotes,madura,1,2026-10-01,USD,TOTAL,INCOMPLETO,118,1,91,20,6,0,0,2.33004e+06,0,0,0,1,0,117,MONTO_CON_REFERENCIAS_DEBILES_E4,2.33004e+06,2.33004e+06,0,0,0.847458,NO CALCULABLE: 117 conceptos sin magnitud,NO DISPONIBLE: 117 conceptos sin costo,NO DISPONIBLE (cobertura 0.8 %),NO DISPONIBLE (cobertura 0.8 %),NO DISPONIBLE (cobertura 0.8 %),NO DISPONIBLE (cobertura 0.8 %),NO DISPONIBLE (cobertura 0.8 %),3,11,0,PENDIENTE,
C1-10000-MANT-CONTRATO,C1,10000,250,faena=propia|granjas=integradas:0|pollito=compra|alimento=compra|flota=tercero|frio=A_refrigerado|subprod=A_externo|terreno=compra_fase|autom=semi|linea=lotes,madura,1,2026-10-01,USD,ADMINISTRACION,INCOMPLETO,8,0,8,0,0,,,,,0,0,0,0,8,SIN_MONTO,,,,,0,NO CALCULABLE: 8 conceptos sin magnitud,NO DISPONIBLE: 8 conceptos sin costo,NO DISPONIBLE (cobertura 0.0 %),NO DISPONIBLE (cobertura 0.0 %),NO DISPONIBLE (cobertura 0.0 %),NO DISPONIBLE (cobertura 0.0 %),NO DISPONIBLE (cobertura 0.0 %),0,0,0,,
C1-10000-MANT-CONTRATO,C1,10000,250,faena=propia|granjas=integradas:0|pollito=compra|alimento=compra|flota=tercero|frio=A_refrigerado|subprod=A_externo|terreno=compra_fase|autom=semi|linea=lotes,madura,1,2026-10-01,USD,ALIMENTO,INCOMPLETO,2,0,2,0,0,,,,,0,0,0,0,2,SIN_MONTO,,,,,0,NO CALCULABLE: 2 conceptos sin magnitud,NO DISPONIBLE: 2 conceptos sin costo,NO DISPONIBLE (cobertura 0.0 %),NO DISPONIBLE (cobertura 0.0 %),NO DISPONIBLE (cobertura 0.0 %),NO DISPONIBLE (cobertura 0.0 %),NO DISPONIBLE (cobertura 0.0 %),0,0,0,,
C1-10000-MANT-CONTRATO,C1,10000,250,faena=propia|granjas=integradas:0|pollito=compra|alimento=compra|flota=tercero|frio=A_refrigerado|subprod=A_externo|terreno=compra_fase|autom=semi|linea=lotes,madura,1,2026-10-01,USD,CALIDAD,INCOMPLETO,8,0,5,3,0,,,,,0,0,0,0,8,SIN_MONTO,,,,,0,NO CALCULABLE: 8 conceptos sin magnitud,NO DISPONIBLE: 8 conceptos sin costo,NO DISPONIBLE (cobertura 0.0 %),NO DISPONIBLE (cobertura 0.0 %),NO DISPONIBLE (cobertura 0.0 %),NO DISPONIBLE (cobertura 0.0 %),NO DISPONIBLE (cobertura 0.0 %),0,0,0,,
C1-10000-MANT-CONTRATO,C1,10000,250,faena=propia|granjas=integradas:0|pollito=compra|alimento=compra|flota=tercero|frio=A_refrigerado|subprod=A_externo|terreno=compra_fase|autom=semi|linea=lotes,madura,1,2026-10-01,USD,COMERCIAL,INCOMPLETO,2,0,2,0,0,,,,,0,0,0,0,2,SIN_MONTO,,,,,0,NO CALCULABLE: 2 conceptos sin magnitud,NO DISPONIBLE: 2 conceptos sin costo,NO DISPONIBLE (cobertura 0.0 %),NO DISPONIBLE (cobertura 0.0 %),NO DISPONIBLE (cobertura 0.0 %),NO DISPONIBLE (cobertura 0.0 %),NO DISPONIBLE (cobertura 0.0 %),0,0,0,,
C1-10000-MANT-CONTRATO,C1,10000,250,faena=propia|granjas=integradas:0|pollito=compra|alimento=compra|flota=tercero|frio=A_refrigerado|subprod=A_externo|terreno=compra_fase|autom=semi|linea=lotes,madura,1,2026-10-01,USD,COSTO_LABORAL,INCOMPLETO,43,0,42,1,0,,,,,0,0,0,0,43,SIN_MONTO,,,,,0,NO CALCULABLE: 43 conceptos sin magnitud,NO DISPONIBLE: 43 conceptos sin costo,NO DISPONIBLE (cobertura 0.0 %),NO DISPONIBLE (cobertura 0.0 %),NO DISPONIBLE (cobertura 0.0 %),NO DISPONIBLE (cobertura 0.0 %),NO DISPONIBLE (cobertura 0.0 %),1,4,0,,
C1-10000-MANT-CONTRATO,C1,10000,250,faena=propia|granjas=integradas:0|pollito=compra|alimento=compra|flota=tercero|frio=A_refrigerado|subprod=A_externo|terreno=compra_fase|autom=semi|linea=lotes,madura,1,2026-10-01,USD,EFLUENTES,INCOMPLETO,4,0,2,2,0,,,,,0,0,0,0,4,SIN_MONTO,,,,,0,NO CALCULABLE: 4 conceptos sin magnitud,NO DISPONIBLE: 4 conceptos sin costo,NO DISPONIBLE (cobertura 0.0 %),NO DISPONIBLE (cobertura 0.0 %),NO DISPONIBLE (cobertura 0.0 %),NO DISPONIBLE (cobertura 0.0 %),NO DISPONIBLE (cobertura 0.0 %),0,0,0,,
C1-10000-MANT-CONTRATO,C1,10000,250,faena=propia|granjas=integradas:0|pollito=compra|alimento=compra|flota=tercero|frio=A_refrigerado|subprod=A_externo|terreno=compra_fase|autom=semi|linea=lotes,madura,1,2026-10-01,USD,EMPAQUE,INCOMPLETO,9,0,9,0,0,,,,,0,0,0,0,9,SIN_MONTO,,,,,0,NO CALCULABLE: 9 conceptos sin magnitud,NO DISPONIBLE: 9 conceptos sin costo,NO DISPONIBLE (cobertura 0.0 %),NO DISPONIBLE (cobertura 0.0 %),NO DISPONIBLE (cobertura 0.0 %),NO DISPONIBLE (cobertura 0.0 %),NO DISPONIBLE (cobertura 0.0 %),0,0,0,,
C1-10000-MANT-CONTRATO,C1,10000,250,faena=propia|granjas=integradas:0|pollito=compra|alimento=compra|flota=tercero|frio=A_refrigerado|subprod=A_externo|terreno=compra_fase|autom=semi|linea=lotes,madura,1,2026-10-01,USD,FAENA,INCOMPLETO,4,0,4,0,0,,,,,0,0,0,0,4,SIN_MONTO,,,,,0,NO CALCULABLE: 4 conceptos sin magnitud,NO DISPONIBLE: 4 conceptos sin costo,NO DISPONIBLE (cobertura 0.0 %),NO DISPONIBLE (cobertura 0.0 %),NO DISPONIBLE (cobertura 0.0 %),NO DISPONIBLE (cobertura 0.0 %),NO DISPONIBLE (cobertura 0.0 %),0,1,0,,
C1-10000-MANT-CONTRATO,C1,10000,250,faena=propia|granjas=integradas:0|pollito=compra|alimento=compra|flota=tercero|frio=A_refrigerado|subprod=A_externo|terreno=compra_fase|autom=semi|linea=lotes,madura,1,2026-10-01,USD,LOGISTICA,INCOMPLETO,6,0,0,6,0,,,,,0,0,0,0,6,SIN_MONTO,,,,,0,NO CALCULABLE: 6 conceptos sin magnitud,NO DISPONIBLE: 6 conceptos sin costo,NO DISPONIBLE (cobertura 0.0 %),NO DISPONIBLE (cobertura 0.0 %),NO DISPONIBLE (cobertura 0.0 %),NO DISPONIBLE (cobertura 0.0 %),NO DISPONIBLE (cobertura 0.0 %),0,0,0,,
C1-10000-MANT-CONTRATO,C1,10000,250,faena=propia|granjas=integradas:0|pollito=compra|alimento=compra|flota=tercero|frio=A_refrigerado|subprod=A_externo|terreno=compra_fase|autom=semi|linea=lotes,madura,1,2026-10-01,USD,MANTENIMIENTO,INCOMPLETO,5,0,5,0,0,,,,,0,0,0,0,5,SIN_MONTO,,,,,0,NO CALCULABLE: 5 conceptos sin magnitud,NO DISPONIBLE: 5 conceptos sin costo,NO DISPONIBLE (cobertura 0.0 %),NO DISPONIBLE (cobertura 0.0 %),NO DISPONIBLE (cobertura 0.0 %),NO DISPONIBLE (cobertura 0.0 %),NO DISPONIBLE (cobertura 0.0 %),0,1,0,,
C1-10000-MANT-CONTRATO,C1,10000,250,faena=propia|granjas=integradas:0|pollito=compra|alimento=compra|flota=tercero|frio=A_refrigerado|subprod=A_externo|terreno=compra_fase|autom=semi|linea=lotes,madura,1,2026-10-01,USD,POLLITOS,COMPLETO,1,1,0,0,0,0,0,2.33004e+06,0,0,0,1,0,0,MONTO_CON_REFERENCIAS_DEBILES_E4,2.33004e+06,2.33004e+06,0,0,100,100,2330038,NO DISPONIBLE (cobertura 100.0 %),NO DISPONIBLE (cobertura 100.0 %),NO DISPONIBLE (cobertura 100.0 %),NO DISPONIBLE (cobertura 100.0 %),NO DISPONIBLE (cobertura 100.0 %),0,0,0,,
C1-10000-MANT-CONTRATO,C1,10000,250,faena=propia|granjas=integradas:0|pollito=compra|alimento=compra|flota=tercero|frio=A_refrigerado|subprod=A_externo|terreno=compra_fase|autom=semi|linea=lotes,madura,1,2026-10-01,USD,PRODUCCION_PRIMARIA,INCOMPLETO,9,0,1,2,6,,,,,0,0,0,0,9,SIN_MONTO,,,,,0,NO CALCULABLE: 9 conceptos sin magnitud,NO DISPONIBLE: 9 conceptos sin costo,NO DISPONIBLE (cobertura 0.0 %),NO DISPONIBLE (cobertura 0.0 %),NO DISPONIBLE (cobertura 0.0 %),NO DISPONIBLE (cobertura 0.0 %),NO DISPONIBLE (cobertura 0.0 %),2,0,0,,
C1-10000-MANT-CONTRATO,C1,10000,250,faena=propia|granjas=integradas:0|pollito=compra|alimento=compra|flota=tercero|frio=A_refrigerado|subprod=A_externo|terreno=compra_fase|autom=semi|linea=lotes,madura,1,2026-10-01,USD,SEGUROS,INCOMPLETO,5,0,5,0,0,,,,,0,0,0,0,5,SIN_MONTO,,,,,0,NO CALCULABLE: 5 conceptos sin magnitud,NO DISPONIBLE: 5 conceptos sin costo,NO DISPONIBLE (cobertura 0.0 %),NO DISPONIBLE (cobertura 0.0 %),NO DISPONIBLE (cobertura 0.0 %),NO DISPONIBLE (cobertura 0.0 %),NO DISPONIBLE (cobertura 0.0 %),0,0,0,,
C1-10000-MANT-CONTRATO,C1,10000,250,faena=propia|granjas=integradas:0|pollito=compra|alimento=compra|flota=tercero|frio=A_refrigerado|subprod=A_externo|terreno=compra_fase|autom=semi|linea=lotes,madura,1,2026-10-01,USD,SUBPRODUCTOS,INCOMPLETO,6,0,6,0,0,,,,,0,0,0,0,6,SIN_MONTO,,,,,0,NO CALCULABLE: 6 conceptos sin magnitud,NO DISPONIBLE: 6 conceptos sin costo,NO DISPONIBLE (cobertura 0.0 %),NO DISPONIBLE (cobertura 0.0 %),NO DISPONIBLE (cobertura 0.0 %),NO DISPONIBLE (cobertura 0.0 %),NO DISPONIBLE (cobertura 0.0 %),0,0,0,,
C1-10000-MANT-CONTRATO,C1,10000,250,faena=propia|granjas=integradas:0|pollito=compra|alimento=compra|flota=tercero|frio=A_refrigerado|subprod=A_externo|terreno=compra_fase|autom=semi|linea=lotes,madura,1,2026-10-01,USD,UTILITIES,INCOMPLETO,6,0,5,1,0,,,,,0,0,0,0,6,SIN_MONTO,,,,,0,NO CALCULABLE: 6 conceptos sin magnitud,NO DISPONIBLE: 6 conceptos sin costo,NO DISPONIBLE (cobertura 0.0 %),NO DISPONIBLE (cobertura 0.0 %),NO DISPONIBLE (cobertura 0.0 %),NO DISPONIBLE (cobertura 0.0 %),NO DISPONIBLE (cobertura 0.0 %),0,5,0,,
C1-10000-MANT-CONTRATO,C1,10000,250,faena=propia|granjas=integradas:0|pollito=compra|alimento=compra|flota=tercero|frio=A_refrigerado|subprod=A_externo|terreno=compra_fase|autom=semi|linea=lotes,madura,1,2026-10-01,USD,TOTAL,INCOMPLETO,118,1,96,15,6,0,0,2.33004e+06,0,0,0,1,0,117,MONTO_CON_REFERENCIAS_DEBILES_E4,2.33004e+06,2.33004e+06,0,0,0.847458,NO CALCULABLE: 117 conceptos sin magnitud,NO DISPONIBLE: 117 conceptos sin costo,NO DISPONIBLE (cobertura 0.8 %),NO DISPONIBLE (cobertura 0.8 %),NO DISPONIBLE (cobertura 0.8 %),NO DISPONIBLE (cobertura 0.8 %),NO DISPONIBLE (cobertura 0.8 %),3,11,0,PENDIENTE,
C1-10000-FLETE-POR-UNIDAD,C1,10000,250,faena=propia|granjas=integradas:0|pollito=compra|alimento=compra|flota=tercero|frio=A_refrigerado|subprod=A_externo|terreno=compra_fase|autom=semi|linea=lotes,madura,1,2026-10-01,USD,ADMINISTRACION,INCOMPLETO,8,0,8,0,0,,,,,0,0,0,0,8,SIN_MONTO,,,,,0,NO CALCULABLE: 8 conceptos sin magnitud,NO DISPONIBLE: 8 conceptos sin costo,NO DISPONIBLE (cobertura 0.0 %),NO DISPONIBLE (cobertura 0.0 %),NO DISPONIBLE (cobertura 0.0 %),NO DISPONIBLE (cobertura 0.0 %),NO DISPONIBLE (cobertura 0.0 %),0,0,0,,
C1-10000-FLETE-POR-UNIDAD,C1,10000,250,faena=propia|granjas=integradas:0|pollito=compra|alimento=compra|flota=tercero|frio=A_refrigerado|subprod=A_externo|terreno=compra_fase|autom=semi|linea=lotes,madura,1,2026-10-01,USD,ALIMENTO,INCOMPLETO,2,0,2,0,0,,,,,0,0,0,0,2,SIN_MONTO,,,,,0,NO CALCULABLE: 2 conceptos sin magnitud,NO DISPONIBLE: 2 conceptos sin costo,NO DISPONIBLE (cobertura 0.0 %),NO DISPONIBLE (cobertura 0.0 %),NO DISPONIBLE (cobertura 0.0 %),NO DISPONIBLE (cobertura 0.0 %),NO DISPONIBLE (cobertura 0.0 %),0,0,0,,
C1-10000-FLETE-POR-UNIDAD,C1,10000,250,faena=propia|granjas=integradas:0|pollito=compra|alimento=compra|flota=tercero|frio=A_refrigerado|subprod=A_externo|terreno=compra_fase|autom=semi|linea=lotes,madura,1,2026-10-01,USD,CALIDAD,INCOMPLETO,8,0,5,3,0,,,,,0,0,0,0,8,SIN_MONTO,,,,,0,NO CALCULABLE: 8 conceptos sin magnitud,NO DISPONIBLE: 8 conceptos sin costo,NO DISPONIBLE (cobertura 0.0 %),NO DISPONIBLE (cobertura 0.0 %),NO DISPONIBLE (cobertura 0.0 %),NO DISPONIBLE (cobertura 0.0 %),NO DISPONIBLE (cobertura 0.0 %),0,0,0,,
C1-10000-FLETE-POR-UNIDAD,C1,10000,250,faena=propia|granjas=integradas:0|pollito=compra|alimento=compra|flota=tercero|frio=A_refrigerado|subprod=A_externo|terreno=compra_fase|autom=semi|linea=lotes,madura,1,2026-10-01,USD,COMERCIAL,INCOMPLETO,2,0,2,0,0,,,,,0,0,0,0,2,SIN_MONTO,,,,,0,NO CALCULABLE: 2 conceptos sin magnitud,NO DISPONIBLE: 2 conceptos sin costo,NO DISPONIBLE (cobertura 0.0 %),NO DISPONIBLE (cobertura 0.0 %),NO DISPONIBLE (cobertura 0.0 %),NO DISPONIBLE (cobertura 0.0 %),NO DISPONIBLE (cobertura 0.0 %),0,0,0,,
C1-10000-FLETE-POR-UNIDAD,C1,10000,250,faena=propia|granjas=integradas:0|pollito=compra|alimento=compra|flota=tercero|frio=A_refrigerado|subprod=A_externo|terreno=compra_fase|autom=semi|linea=lotes,madura,1,2026-10-01,USD,COSTO_LABORAL,INCOMPLETO,43,0,42,1,0,,,,,0,0,0,0,43,SIN_MONTO,,,,,0,NO CALCULABLE: 43 conceptos sin magnitud,NO DISPONIBLE: 43 conceptos sin costo,NO DISPONIBLE (cobertura 0.0 %),NO DISPONIBLE (cobertura 0.0 %),NO DISPONIBLE (cobertura 0.0 %),NO DISPONIBLE (cobertura 0.0 %),NO DISPONIBLE (cobertura 0.0 %),1,4,0,,
C1-10000-FLETE-POR-UNIDAD,C1,10000,250,faena=propia|granjas=integradas:0|pollito=compra|alimento=compra|flota=tercero|frio=A_refrigerado|subprod=A_externo|terreno=compra_fase|autom=semi|linea=lotes,madura,1,2026-10-01,USD,EFLUENTES,INCOMPLETO,4,0,2,2,0,,,,,0,0,0,0,4,SIN_MONTO,,,,,0,NO CALCULABLE: 4 conceptos sin magnitud,NO DISPONIBLE: 4 conceptos sin costo,NO DISPONIBLE (cobertura 0.0 %),NO DISPONIBLE (cobertura 0.0 %),NO DISPONIBLE (cobertura 0.0 %),NO DISPONIBLE (cobertura 0.0 %),NO DISPONIBLE (cobertura 0.0 %),0,0,0,,
C1-10000-FLETE-POR-UNIDAD,C1,10000,250,faena=propia|granjas=integradas:0|pollito=compra|alimento=compra|flota=tercero|frio=A_refrigerado|subprod=A_externo|terreno=compra_fase|autom=semi|linea=lotes,madura,1,2026-10-01,USD,EMPAQUE,INCOMPLETO,9,0,9,0,0,,,,,0,0,0,0,9,SIN_MONTO,,,,,0,NO CALCULABLE: 9 conceptos sin magnitud,NO DISPONIBLE: 9 conceptos sin costo,NO DISPONIBLE (cobertura 0.0 %),NO DISPONIBLE (cobertura 0.0 %),NO DISPONIBLE (cobertura 0.0 %),NO DISPONIBLE (cobertura 0.0 %),NO DISPONIBLE (cobertura 0.0 %),0,0,0,,
C1-10000-FLETE-POR-UNIDAD,C1,10000,250,faena=propia|granjas=integradas:0|pollito=compra|alimento=compra|flota=tercero|frio=A_refrigerado|subprod=A_externo|terreno=compra_fase|autom=semi|linea=lotes,madura,1,2026-10-01,USD,FAENA,INCOMPLETO,4,0,4,0,0,,,,,0,0,0,0,4,SIN_MONTO,,,,,0,NO CALCULABLE: 4 conceptos sin magnitud,NO DISPONIBLE: 4 conceptos sin costo,NO DISPONIBLE (cobertura 0.0 %),NO DISPONIBLE (cobertura 0.0 %),NO DISPONIBLE (cobertura 0.0 %),NO DISPONIBLE (cobertura 0.0 %),NO DISPONIBLE (cobertura 0.0 %),0,1,0,,
C1-10000-FLETE-POR-UNIDAD,C1,10000,250,faena=propia|granjas=integradas:0|pollito=compra|alimento=compra|flota=tercero|frio=A_refrigerado|subprod=A_externo|terreno=compra_fase|autom=semi|linea=lotes,madura,1,2026-10-01,USD,LOGISTICA,INCOMPLETO,6,0,6,0,0,,,,,0,0,0,0,6,SIN_MONTO,,,,,0,NO CALCULABLE: 6 conceptos sin magnitud,NO DISPONIBLE: 6 conceptos sin costo,NO DISPONIBLE (cobertura 0.0 %),NO DISPONIBLE (cobertura 0.0 %),NO DISPONIBLE (cobertura 0.0 %),NO DISPONIBLE (cobertura 0.0 %),NO DISPONIBLE (cobertura 0.0 %),0,0,0,,
C1-10000-FLETE-POR-UNIDAD,C1,10000,250,faena=propia|granjas=integradas:0|pollito=compra|alimento=compra|flota=tercero|frio=A_refrigerado|subprod=A_externo|terreno=compra_fase|autom=semi|linea=lotes,madura,1,2026-10-01,USD,MANTENIMIENTO,INCOMPLETO,5,0,0,5,0,,,,,0,0,0,0,5,SIN_MONTO,,,,,0,NO CALCULABLE: 5 conceptos sin magnitud,NO DISPONIBLE: 5 conceptos sin costo,NO DISPONIBLE (cobertura 0.0 %),NO DISPONIBLE (cobertura 0.0 %),NO DISPONIBLE (cobertura 0.0 %),NO DISPONIBLE (cobertura 0.0 %),NO DISPONIBLE (cobertura 0.0 %),0,1,0,,
C1-10000-FLETE-POR-UNIDAD,C1,10000,250,faena=propia|granjas=integradas:0|pollito=compra|alimento=compra|flota=tercero|frio=A_refrigerado|subprod=A_externo|terreno=compra_fase|autom=semi|linea=lotes,madura,1,2026-10-01,USD,POLLITOS,COMPLETO,1,1,0,0,0,0,0,2.33004e+06,0,0,0,1,0,0,MONTO_CON_REFERENCIAS_DEBILES_E4,2.33004e+06,2.33004e+06,0,0,100,100,2330038,NO DISPONIBLE (cobertura 100.0 %),NO DISPONIBLE (cobertura 100.0 %),NO DISPONIBLE (cobertura 100.0 %),NO DISPONIBLE (cobertura 100.0 %),NO DISPONIBLE (cobertura 100.0 %),0,0,0,,
C1-10000-FLETE-POR-UNIDAD,C1,10000,250,faena=propia|granjas=integradas:0|pollito=compra|alimento=compra|flota=tercero|frio=A_refrigerado|subprod=A_externo|terreno=compra_fase|autom=semi|linea=lotes,madura,1,2026-10-01,USD,PRODUCCION_PRIMARIA,INCOMPLETO,9,0,1,2,6,,,,,0,0,0,0,9,SIN_MONTO,,,,,0,NO CALCULABLE: 9 conceptos sin magnitud,NO DISPONIBLE: 9 conceptos sin costo,NO DISPONIBLE (cobertura 0.0 %),NO DISPONIBLE (cobertura 0.0 %),NO DISPONIBLE (cobertura 0.0 %),NO DISPONIBLE (cobertura 0.0 %),NO DISPONIBLE (cobertura 0.0 %),2,0,0,,
C1-10000-FLETE-POR-UNIDAD,C1,10000,250,faena=propia|granjas=integradas:0|pollito=compra|alimento=compra|flota=tercero|frio=A_refrigerado|subprod=A_externo|terreno=compra_fase|autom=semi|linea=lotes,madura,1,2026-10-01,USD,SEGUROS,INCOMPLETO,5,0,5,0,0,,,,,0,0,0,0,5,SIN_MONTO,,,,,0,NO CALCULABLE: 5 conceptos sin magnitud,NO DISPONIBLE: 5 conceptos sin costo,NO DISPONIBLE (cobertura 0.0 %),NO DISPONIBLE (cobertura 0.0 %),NO DISPONIBLE (cobertura 0.0 %),NO DISPONIBLE (cobertura 0.0 %),NO DISPONIBLE (cobertura 0.0 %),0,0,0,,
C1-10000-FLETE-POR-UNIDAD,C1,10000,250,faena=propia|granjas=integradas:0|pollito=compra|alimento=compra|flota=tercero|frio=A_refrigerado|subprod=A_externo|terreno=compra_fase|autom=semi|linea=lotes,madura,1,2026-10-01,USD,SUBPRODUCTOS,INCOMPLETO,6,0,6,0,0,,,,,0,0,0,0,6,SIN_MONTO,,,,,0,NO CALCULABLE: 6 conceptos sin magnitud,NO DISPONIBLE: 6 conceptos sin costo,NO DISPONIBLE (cobertura 0.0 %),NO DISPONIBLE (cobertura 0.0 %),NO DISPONIBLE (cobertura 0.0 %),NO DISPONIBLE (cobertura 0.0 %),NO DISPONIBLE (cobertura 0.0 %),0,0,0,,
C1-10000-FLETE-POR-UNIDAD,C1,10000,250,faena=propia|granjas=integradas:0|pollito=compra|alimento=compra|flota=tercero|frio=A_refrigerado|subprod=A_externo|terreno=compra_fase|autom=semi|linea=lotes,madura,1,2026-10-01,USD,UTILITIES,INCOMPLETO,6,0,5,1,0,,,,,0,0,0,0,6,SIN_MONTO,,,,,0,NO CALCULABLE: 6 conceptos sin magnitud,NO DISPONIBLE: 6 conceptos sin costo,NO DISPONIBLE (cobertura 0.0 %),NO DISPONIBLE (cobertura 0.0 %),NO DISPONIBLE (cobertura 0.0 %),NO DISPONIBLE (cobertura 0.0 %),NO DISPONIBLE (cobertura 0.0 %),0,5,0,,
C1-10000-FLETE-POR-UNIDAD,C1,10000,250,faena=propia|granjas=integradas:0|pollito=compra|alimento=compra|flota=tercero|frio=A_refrigerado|subprod=A_externo|terreno=compra_fase|autom=semi|linea=lotes,madura,1,2026-10-01,USD,TOTAL,INCOMPLETO,118,1,97,14,6,0,0,2.33004e+06,0,0,0,1,0,117,MONTO_CON_REFERENCIAS_DEBILES_E4,2.33004e+06,2.33004e+06,0,0,0.847458,NO CALCULABLE: 117 conceptos sin magnitud,NO DISPONIBLE: 117 conceptos sin costo,NO DISPONIBLE (cobertura 0.8 %),NO DISPONIBLE (cobertura 0.8 %),NO DISPONIBLE (cobertura 0.8 %),NO DISPONIBLE (cobertura 0.8 %),NO DISPONIBLE (cobertura 0.8 %),3,11,0,PENDIENTE,
C1-10000-PAGO-KG-VIVO,C1,10000,250,faena=propia|granjas=integradas:0|pollito=compra|alimento=compra|flota=tercero|frio=A_refrigerado|subprod=A_externo|terreno=compra_fase|autom=semi|linea=lotes,madura,1,2026-10-01,USD,ADMINISTRACION,INCOMPLETO,8,0,8,0,0,,,,,0,0,0,0,8,SIN_MONTO,,,,,0,NO CALCULABLE: 8 conceptos sin magnitud,NO DISPONIBLE: 8 conceptos sin costo,NO DISPONIBLE (cobertura 0.0 %),NO DISPONIBLE (cobertura 0.0 %),NO DISPONIBLE (cobertura 0.0 %),NO DISPONIBLE (cobertura 0.0 %),NO DISPONIBLE (cobertura 0.0 %),0,0,0,,
C1-10000-PAGO-KG-VIVO,C1,10000,250,faena=propia|granjas=integradas:0|pollito=compra|alimento=compra|flota=tercero|frio=A_refrigerado|subprod=A_externo|terreno=compra_fase|autom=semi|linea=lotes,madura,1,2026-10-01,USD,ALIMENTO,INCOMPLETO,2,0,2,0,0,,,,,0,0,0,0,2,SIN_MONTO,,,,,0,NO CALCULABLE: 2 conceptos sin magnitud,NO DISPONIBLE: 2 conceptos sin costo,NO DISPONIBLE (cobertura 0.0 %),NO DISPONIBLE (cobertura 0.0 %),NO DISPONIBLE (cobertura 0.0 %),NO DISPONIBLE (cobertura 0.0 %),NO DISPONIBLE (cobertura 0.0 %),0,0,0,,
C1-10000-PAGO-KG-VIVO,C1,10000,250,faena=propia|granjas=integradas:0|pollito=compra|alimento=compra|flota=tercero|frio=A_refrigerado|subprod=A_externo|terreno=compra_fase|autom=semi|linea=lotes,madura,1,2026-10-01,USD,CALIDAD,INCOMPLETO,8,0,5,3,0,,,,,0,0,0,0,8,SIN_MONTO,,,,,0,NO CALCULABLE: 8 conceptos sin magnitud,NO DISPONIBLE: 8 conceptos sin costo,NO DISPONIBLE (cobertura 0.0 %),NO DISPONIBLE (cobertura 0.0 %),NO DISPONIBLE (cobertura 0.0 %),NO DISPONIBLE (cobertura 0.0 %),NO DISPONIBLE (cobertura 0.0 %),0,0,0,,
C1-10000-PAGO-KG-VIVO,C1,10000,250,faena=propia|granjas=integradas:0|pollito=compra|alimento=compra|flota=tercero|frio=A_refrigerado|subprod=A_externo|terreno=compra_fase|autom=semi|linea=lotes,madura,1,2026-10-01,USD,COMERCIAL,INCOMPLETO,2,0,2,0,0,,,,,0,0,0,0,2,SIN_MONTO,,,,,0,NO CALCULABLE: 2 conceptos sin magnitud,NO DISPONIBLE: 2 conceptos sin costo,NO DISPONIBLE (cobertura 0.0 %),NO DISPONIBLE (cobertura 0.0 %),NO DISPONIBLE (cobertura 0.0 %),NO DISPONIBLE (cobertura 0.0 %),NO DISPONIBLE (cobertura 0.0 %),0,0,0,,
C1-10000-PAGO-KG-VIVO,C1,10000,250,faena=propia|granjas=integradas:0|pollito=compra|alimento=compra|flota=tercero|frio=A_refrigerado|subprod=A_externo|terreno=compra_fase|autom=semi|linea=lotes,madura,1,2026-10-01,USD,COSTO_LABORAL,INCOMPLETO,43,0,42,1,0,,,,,0,0,0,0,43,SIN_MONTO,,,,,0,NO CALCULABLE: 43 conceptos sin magnitud,NO DISPONIBLE: 43 conceptos sin costo,NO DISPONIBLE (cobertura 0.0 %),NO DISPONIBLE (cobertura 0.0 %),NO DISPONIBLE (cobertura 0.0 %),NO DISPONIBLE (cobertura 0.0 %),NO DISPONIBLE (cobertura 0.0 %),1,4,0,,
C1-10000-PAGO-KG-VIVO,C1,10000,250,faena=propia|granjas=integradas:0|pollito=compra|alimento=compra|flota=tercero|frio=A_refrigerado|subprod=A_externo|terreno=compra_fase|autom=semi|linea=lotes,madura,1,2026-10-01,USD,EFLUENTES,INCOMPLETO,4,0,2,2,0,,,,,0,0,0,0,4,SIN_MONTO,,,,,0,NO CALCULABLE: 4 conceptos sin magnitud,NO DISPONIBLE: 4 conceptos sin costo,NO DISPONIBLE (cobertura 0.0 %),NO DISPONIBLE (cobertura 0.0 %),NO DISPONIBLE (cobertura 0.0 %),NO DISPONIBLE (cobertura 0.0 %),NO DISPONIBLE (cobertura 0.0 %),0,0,0,,
C1-10000-PAGO-KG-VIVO,C1,10000,250,faena=propia|granjas=integradas:0|pollito=compra|alimento=compra|flota=tercero|frio=A_refrigerado|subprod=A_externo|terreno=compra_fase|autom=semi|linea=lotes,madura,1,2026-10-01,USD,EMPAQUE,INCOMPLETO,9,0,9,0,0,,,,,0,0,0,0,9,SIN_MONTO,,,,,0,NO CALCULABLE: 9 conceptos sin magnitud,NO DISPONIBLE: 9 conceptos sin costo,NO DISPONIBLE (cobertura 0.0 %),NO DISPONIBLE (cobertura 0.0 %),NO DISPONIBLE (cobertura 0.0 %),NO DISPONIBLE (cobertura 0.0 %),NO DISPONIBLE (cobertura 0.0 %),0,0,0,,
C1-10000-PAGO-KG-VIVO,C1,10000,250,faena=propia|granjas=integradas:0|pollito=compra|alimento=compra|flota=tercero|frio=A_refrigerado|subprod=A_externo|terreno=compra_fase|autom=semi|linea=lotes,madura,1,2026-10-01,USD,FAENA,INCOMPLETO,4,0,4,0,0,,,,,0,0,0,0,4,SIN_MONTO,,,,,0,NO CALCULABLE: 4 conceptos sin magnitud,NO DISPONIBLE: 4 conceptos sin costo,NO DISPONIBLE (cobertura 0.0 %),NO DISPONIBLE (cobertura 0.0 %),NO DISPONIBLE (cobertura 0.0 %),NO DISPONIBLE (cobertura 0.0 %),NO DISPONIBLE (cobertura 0.0 %),0,1,0,,
C1-10000-PAGO-KG-VIVO,C1,10000,250,faena=propia|granjas=integradas:0|pollito=compra|alimento=compra|flota=tercero|frio=A_refrigerado|subprod=A_externo|terreno=compra_fase|autom=semi|linea=lotes,madura,1,2026-10-01,USD,LOGISTICA,INCOMPLETO,6,0,0,6,0,,,,,0,0,0,0,6,SIN_MONTO,,,,,0,NO CALCULABLE: 6 conceptos sin magnitud,NO DISPONIBLE: 6 conceptos sin costo,NO DISPONIBLE (cobertura 0.0 %),NO DISPONIBLE (cobertura 0.0 %),NO DISPONIBLE (cobertura 0.0 %),NO DISPONIBLE (cobertura 0.0 %),NO DISPONIBLE (cobertura 0.0 %),0,0,0,,
C1-10000-PAGO-KG-VIVO,C1,10000,250,faena=propia|granjas=integradas:0|pollito=compra|alimento=compra|flota=tercero|frio=A_refrigerado|subprod=A_externo|terreno=compra_fase|autom=semi|linea=lotes,madura,1,2026-10-01,USD,MANTENIMIENTO,INCOMPLETO,5,0,0,5,0,,,,,0,0,0,0,5,SIN_MONTO,,,,,0,NO CALCULABLE: 5 conceptos sin magnitud,NO DISPONIBLE: 5 conceptos sin costo,NO DISPONIBLE (cobertura 0.0 %),NO DISPONIBLE (cobertura 0.0 %),NO DISPONIBLE (cobertura 0.0 %),NO DISPONIBLE (cobertura 0.0 %),NO DISPONIBLE (cobertura 0.0 %),0,1,0,,
C1-10000-PAGO-KG-VIVO,C1,10000,250,faena=propia|granjas=integradas:0|pollito=compra|alimento=compra|flota=tercero|frio=A_refrigerado|subprod=A_externo|terreno=compra_fase|autom=semi|linea=lotes,madura,1,2026-10-01,USD,POLLITOS,COMPLETO,1,1,0,0,0,0,0,2.33004e+06,0,0,0,1,0,0,MONTO_CON_REFERENCIAS_DEBILES_E4,2.33004e+06,2.33004e+06,0,0,100,100,2330038,NO DISPONIBLE (cobertura 100.0 %),NO DISPONIBLE (cobertura 100.0 %),NO DISPONIBLE (cobertura 100.0 %),NO DISPONIBLE (cobertura 100.0 %),NO DISPONIBLE (cobertura 100.0 %),0,0,0,,
C1-10000-PAGO-KG-VIVO,C1,10000,250,faena=propia|granjas=integradas:0|pollito=compra|alimento=compra|flota=tercero|frio=A_refrigerado|subprod=A_externo|terreno=compra_fase|autom=semi|linea=lotes,madura,1,2026-10-01,USD,PRODUCCION_PRIMARIA,INCOMPLETO,9,0,2,1,6,,,,,0,0,0,0,9,SIN_MONTO,,,,,0,NO CALCULABLE: 9 conceptos sin magnitud,NO DISPONIBLE: 9 conceptos sin costo,NO DISPONIBLE (cobertura 0.0 %),NO DISPONIBLE (cobertura 0.0 %),NO DISPONIBLE (cobertura 0.0 %),NO DISPONIBLE (cobertura 0.0 %),NO DISPONIBLE (cobertura 0.0 %),2,0,0,,
C1-10000-PAGO-KG-VIVO,C1,10000,250,faena=propia|granjas=integradas:0|pollito=compra|alimento=compra|flota=tercero|frio=A_refrigerado|subprod=A_externo|terreno=compra_fase|autom=semi|linea=lotes,madura,1,2026-10-01,USD,SEGUROS,INCOMPLETO,5,0,5,0,0,,,,,0,0,0,0,5,SIN_MONTO,,,,,0,NO CALCULABLE: 5 conceptos sin magnitud,NO DISPONIBLE: 5 conceptos sin costo,NO DISPONIBLE (cobertura 0.0 %),NO DISPONIBLE (cobertura 0.0 %),NO DISPONIBLE (cobertura 0.0 %),NO DISPONIBLE (cobertura 0.0 %),NO DISPONIBLE (cobertura 0.0 %),0,0,0,,
C1-10000-PAGO-KG-VIVO,C1,10000,250,faena=propia|granjas=integradas:0|pollito=compra|alimento=compra|flota=tercero|frio=A_refrigerado|subprod=A_externo|terreno=compra_fase|autom=semi|linea=lotes,madura,1,2026-10-01,USD,SUBPRODUCTOS,INCOMPLETO,6,0,6,0,0,,,,,0,0,0,0,6,SIN_MONTO,,,,,0,NO CALCULABLE: 6 conceptos sin magnitud,NO DISPONIBLE: 6 conceptos sin costo,NO DISPONIBLE (cobertura 0.0 %),NO DISPONIBLE (cobertura 0.0 %),NO DISPONIBLE (cobertura 0.0 %),NO DISPONIBLE (cobertura 0.0 %),NO DISPONIBLE (cobertura 0.0 %),0,0,0,,
C1-10000-PAGO-KG-VIVO,C1,10000,250,faena=propia|granjas=integradas:0|pollito=compra|alimento=compra|flota=tercero|frio=A_refrigerado|subprod=A_externo|terreno=compra_fase|autom=semi|linea=lotes,madura,1,2026-10-01,USD,UTILITIES,INCOMPLETO,6,0,5,1,0,,,,,0,0,0,0,6,SIN_MONTO,,,,,0,NO CALCULABLE: 6 conceptos sin magnitud,NO DISPONIBLE: 6 conceptos sin costo,NO DISPONIBLE (cobertura 0.0 %),NO DISPONIBLE (cobertura 0.0 %),NO DISPONIBLE (cobertura 0.0 %),NO DISPONIBLE (cobertura 0.0 %),NO DISPONIBLE (cobertura 0.0 %),0,5,0,,
C1-10000-PAGO-KG-VIVO,C1,10000,250,faena=propia|granjas=integradas:0|pollito=compra|alimento=compra|flota=tercero|frio=A_refrigerado|subprod=A_externo|terreno=compra_fase|autom=semi|linea=lotes,madura,1,2026-10-01,USD,TOTAL,INCOMPLETO,118,1,92,19,6,0,0,2.33004e+06,0,0,0,1,0,117,MONTO_CON_REFERENCIAS_DEBILES_E4,2.33004e+06,2.33004e+06,0,0,0.847458,NO CALCULABLE: 117 conceptos sin magnitud,NO DISPONIBLE: 117 conceptos sin costo,NO DISPONIBLE (cobertura 0.8 %),NO DISPONIBLE (cobertura 0.8 %),NO DISPONIBLE (cobertura 0.8 %),NO DISPONIBLE (cobertura 0.8 %),NO DISPONIBLE (cobertura 0.8 %),3,11,0,PENDIENTE,
C1-10000-HALAL,C1,10000,250,faena=propia|granjas=integradas:0|pollito=compra|alimento=compra|flota=tercero|frio=A_refrigerado|subprod=A_externo|terreno=compra_fase|autom=semi|linea=lotes,madura,1,2026-10-01,USD,ADMINISTRACION,INCOMPLETO,8,0,8,0,0,,,,,0,0,0,0,8,SIN_MONTO,,,,,0,NO CALCULABLE: 8 conceptos sin magnitud,NO DISPONIBLE: 8 conceptos sin costo,NO DISPONIBLE (cobertura 0.0 %),NO DISPONIBLE (cobertura 0.0 %),NO DISPONIBLE (cobertura 0.0 %),NO DISPONIBLE (cobertura 0.0 %),NO DISPONIBLE (cobertura 0.0 %),0,0,0,,
C1-10000-HALAL,C1,10000,250,faena=propia|granjas=integradas:0|pollito=compra|alimento=compra|flota=tercero|frio=A_refrigerado|subprod=A_externo|terreno=compra_fase|autom=semi|linea=lotes,madura,1,2026-10-01,USD,ALIMENTO,INCOMPLETO,2,0,2,0,0,,,,,0,0,0,0,2,SIN_MONTO,,,,,0,NO CALCULABLE: 2 conceptos sin magnitud,NO DISPONIBLE: 2 conceptos sin costo,NO DISPONIBLE (cobertura 0.0 %),NO DISPONIBLE (cobertura 0.0 %),NO DISPONIBLE (cobertura 0.0 %),NO DISPONIBLE (cobertura 0.0 %),NO DISPONIBLE (cobertura 0.0 %),0,0,0,,
C1-10000-HALAL,C1,10000,250,faena=propia|granjas=integradas:0|pollito=compra|alimento=compra|flota=tercero|frio=A_refrigerado|subprod=A_externo|terreno=compra_fase|autom=semi|linea=lotes,madura,1,2026-10-01,USD,CALIDAD,INCOMPLETO,8,0,5,3,0,,,,,0,0,0,0,8,SIN_MONTO,,,,,0,NO CALCULABLE: 8 conceptos sin magnitud,NO DISPONIBLE: 8 conceptos sin costo,NO DISPONIBLE (cobertura 0.0 %),NO DISPONIBLE (cobertura 0.0 %),NO DISPONIBLE (cobertura 0.0 %),NO DISPONIBLE (cobertura 0.0 %),NO DISPONIBLE (cobertura 0.0 %),0,0,0,,
C1-10000-HALAL,C1,10000,250,faena=propia|granjas=integradas:0|pollito=compra|alimento=compra|flota=tercero|frio=A_refrigerado|subprod=A_externo|terreno=compra_fase|autom=semi|linea=lotes,madura,1,2026-10-01,USD,COMERCIAL,INCOMPLETO,2,0,2,0,0,,,,,0,0,0,0,2,SIN_MONTO,,,,,0,NO CALCULABLE: 2 conceptos sin magnitud,NO DISPONIBLE: 2 conceptos sin costo,NO DISPONIBLE (cobertura 0.0 %),NO DISPONIBLE (cobertura 0.0 %),NO DISPONIBLE (cobertura 0.0 %),NO DISPONIBLE (cobertura 0.0 %),NO DISPONIBLE (cobertura 0.0 %),0,0,0,,
C1-10000-HALAL,C1,10000,250,faena=propia|granjas=integradas:0|pollito=compra|alimento=compra|flota=tercero|frio=A_refrigerado|subprod=A_externo|terreno=compra_fase|autom=semi|linea=lotes,madura,1,2026-10-01,USD,COSTO_LABORAL,INCOMPLETO,43,0,42,1,0,,,,,0,0,0,0,43,SIN_MONTO,,,,,0,NO CALCULABLE: 43 conceptos sin magnitud,NO DISPONIBLE: 43 conceptos sin costo,NO DISPONIBLE (cobertura 0.0 %),NO DISPONIBLE (cobertura 0.0 %),NO DISPONIBLE (cobertura 0.0 %),NO DISPONIBLE (cobertura 0.0 %),NO DISPONIBLE (cobertura 0.0 %),1,4,0,,
C1-10000-HALAL,C1,10000,250,faena=propia|granjas=integradas:0|pollito=compra|alimento=compra|flota=tercero|frio=A_refrigerado|subprod=A_externo|terreno=compra_fase|autom=semi|linea=lotes,madura,1,2026-10-01,USD,EFLUENTES,INCOMPLETO,4,0,2,2,0,,,,,0,0,0,0,4,SIN_MONTO,,,,,0,NO CALCULABLE: 4 conceptos sin magnitud,NO DISPONIBLE: 4 conceptos sin costo,NO DISPONIBLE (cobertura 0.0 %),NO DISPONIBLE (cobertura 0.0 %),NO DISPONIBLE (cobertura 0.0 %),NO DISPONIBLE (cobertura 0.0 %),NO DISPONIBLE (cobertura 0.0 %),0,0,0,,
C1-10000-HALAL,C1,10000,250,faena=propia|granjas=integradas:0|pollito=compra|alimento=compra|flota=tercero|frio=A_refrigerado|subprod=A_externo|terreno=compra_fase|autom=semi|linea=lotes,madura,1,2026-10-01,USD,EMPAQUE,INCOMPLETO,9,0,9,0,0,,,,,0,0,0,0,9,SIN_MONTO,,,,,0,NO CALCULABLE: 9 conceptos sin magnitud,NO DISPONIBLE: 9 conceptos sin costo,NO DISPONIBLE (cobertura 0.0 %),NO DISPONIBLE (cobertura 0.0 %),NO DISPONIBLE (cobertura 0.0 %),NO DISPONIBLE (cobertura 0.0 %),NO DISPONIBLE (cobertura 0.0 %),0,0,0,,
C1-10000-HALAL,C1,10000,250,faena=propia|granjas=integradas:0|pollito=compra|alimento=compra|flota=tercero|frio=A_refrigerado|subprod=A_externo|terreno=compra_fase|autom=semi|linea=lotes,madura,1,2026-10-01,USD,FAENA,INCOMPLETO,4,0,4,0,0,,,,,0,0,0,0,4,SIN_MONTO,,,,,0,NO CALCULABLE: 4 conceptos sin magnitud,NO DISPONIBLE: 4 conceptos sin costo,NO DISPONIBLE (cobertura 0.0 %),NO DISPONIBLE (cobertura 0.0 %),NO DISPONIBLE (cobertura 0.0 %),NO DISPONIBLE (cobertura 0.0 %),NO DISPONIBLE (cobertura 0.0 %),0,1,0,,
C1-10000-HALAL,C1,10000,250,faena=propia|granjas=integradas:0|pollito=compra|alimento=compra|flota=tercero|frio=A_refrigerado|subprod=A_externo|terreno=compra_fase|autom=semi|linea=lotes,madura,1,2026-10-01,USD,HALAL,INCOMPLETO,8,0,0,8,0,,,,,0,0,0,0,8,SIN_MONTO,,,,,0,NO CALCULABLE: 8 conceptos sin magnitud,NO DISPONIBLE: 8 conceptos sin costo,NO DISPONIBLE (cobertura 0.0 %),NO DISPONIBLE (cobertura 0.0 %),NO DISPONIBLE (cobertura 0.0 %),NO DISPONIBLE (cobertura 0.0 %),NO DISPONIBLE (cobertura 0.0 %),0,0,8,,
C1-10000-HALAL,C1,10000,250,faena=propia|granjas=integradas:0|pollito=compra|alimento=compra|flota=tercero|frio=A_refrigerado|subprod=A_externo|terreno=compra_fase|autom=semi|linea=lotes,madura,1,2026-10-01,USD,LOGISTICA,INCOMPLETO,6,0,0,6,0,,,,,0,0,0,0,6,SIN_MONTO,,,,,0,NO CALCULABLE: 6 conceptos sin magnitud,NO DISPONIBLE: 6 conceptos sin costo,NO DISPONIBLE (cobertura 0.0 %),NO DISPONIBLE (cobertura 0.0 %),NO DISPONIBLE (cobertura 0.0 %),NO DISPONIBLE (cobertura 0.0 %),NO DISPONIBLE (cobertura 0.0 %),0,0,0,,
C1-10000-HALAL,C1,10000,250,faena=propia|granjas=integradas:0|pollito=compra|alimento=compra|flota=tercero|frio=A_refrigerado|subprod=A_externo|terreno=compra_fase|autom=semi|linea=lotes,madura,1,2026-10-01,USD,MANTENIMIENTO,INCOMPLETO,5,0,0,5,0,,,,,0,0,0,0,5,SIN_MONTO,,,,,0,NO CALCULABLE: 5 conceptos sin magnitud,NO DISPONIBLE: 5 conceptos sin costo,NO DISPONIBLE (cobertura 0.0 %),NO DISPONIBLE (cobertura 0.0 %),NO DISPONIBLE (cobertura 0.0 %),NO DISPONIBLE (cobertura 0.0 %),NO DISPONIBLE (cobertura 0.0 %),0,1,0,,
C1-10000-HALAL,C1,10000,250,faena=propia|granjas=integradas:0|pollito=compra|alimento=compra|flota=tercero|frio=A_refrigerado|subprod=A_externo|terreno=compra_fase|autom=semi|linea=lotes,madura,1,2026-10-01,USD,POLLITOS,COMPLETO,1,1,0,0,0,0,0,2.33004e+06,0,0,0,1,0,0,MONTO_CON_REFERENCIAS_DEBILES_E4,2.33004e+06,2.33004e+06,0,0,100,100,2330038,NO DISPONIBLE (cobertura 100.0 %),NO DISPONIBLE (cobertura 100.0 %),NO DISPONIBLE (cobertura 100.0 %),NO DISPONIBLE (cobertura 100.0 %),NO DISPONIBLE (cobertura 100.0 %),0,0,0,,
C1-10000-HALAL,C1,10000,250,faena=propia|granjas=integradas:0|pollito=compra|alimento=compra|flota=tercero|frio=A_refrigerado|subprod=A_externo|terreno=compra_fase|autom=semi|linea=lotes,madura,1,2026-10-01,USD,PRODUCCION_PRIMARIA,INCOMPLETO,9,0,1,2,6,,,,,0,0,0,0,9,SIN_MONTO,,,,,0,NO CALCULABLE: 9 conceptos sin magnitud,NO DISPONIBLE: 9 conceptos sin costo,NO DISPONIBLE (cobertura 0.0 %),NO DISPONIBLE (cobertura 0.0 %),NO DISPONIBLE (cobertura 0.0 %),NO DISPONIBLE (cobertura 0.0 %),NO DISPONIBLE (cobertura 0.0 %),2,0,0,,
C1-10000-HALAL,C1,10000,250,faena=propia|granjas=integradas:0|pollito=compra|alimento=compra|flota=tercero|frio=A_refrigerado|subprod=A_externo|terreno=compra_fase|autom=semi|linea=lotes,madura,1,2026-10-01,USD,SEGUROS,INCOMPLETO,5,0,5,0,0,,,,,0,0,0,0,5,SIN_MONTO,,,,,0,NO CALCULABLE: 5 conceptos sin magnitud,NO DISPONIBLE: 5 conceptos sin costo,NO DISPONIBLE (cobertura 0.0 %),NO DISPONIBLE (cobertura 0.0 %),NO DISPONIBLE (cobertura 0.0 %),NO DISPONIBLE (cobertura 0.0 %),NO DISPONIBLE (cobertura 0.0 %),0,0,0,,
C1-10000-HALAL,C1,10000,250,faena=propia|granjas=integradas:0|pollito=compra|alimento=compra|flota=tercero|frio=A_refrigerado|subprod=A_externo|terreno=compra_fase|autom=semi|linea=lotes,madura,1,2026-10-01,USD,SUBPRODUCTOS,INCOMPLETO,6,0,6,0,0,,,,,0,0,0,0,6,SIN_MONTO,,,,,0,NO CALCULABLE: 6 conceptos sin magnitud,NO DISPONIBLE: 6 conceptos sin costo,NO DISPONIBLE (cobertura 0.0 %),NO DISPONIBLE (cobertura 0.0 %),NO DISPONIBLE (cobertura 0.0 %),NO DISPONIBLE (cobertura 0.0 %),NO DISPONIBLE (cobertura 0.0 %),0,0,0,,
C1-10000-HALAL,C1,10000,250,faena=propia|granjas=integradas:0|pollito=compra|alimento=compra|flota=tercero|frio=A_refrigerado|subprod=A_externo|terreno=compra_fase|autom=semi|linea=lotes,madura,1,2026-10-01,USD,UTILITIES,INCOMPLETO,6,0,5,1,0,,,,,0,0,0,0,6,SIN_MONTO,,,,,0,NO CALCULABLE: 6 conceptos sin magnitud,NO DISPONIBLE: 6 conceptos sin costo,NO DISPONIBLE (cobertura 0.0 %),NO DISPONIBLE (cobertura 0.0 %),NO DISPONIBLE (cobertura 0.0 %),NO DISPONIBLE (cobertura 0.0 %),NO DISPONIBLE (cobertura 0.0 %),0,5,0,,
C1-10000-HALAL,C1,10000,250,faena=propia|granjas=integradas:0|pollito=compra|alimento=compra|flota=tercero|frio=A_refrigerado|subprod=A_externo|terreno=compra_fase|autom=semi|linea=lotes,madura,1,2026-10-01,USD,TOTAL,INCOMPLETO,126,1,91,28,6,0,0,2.33004e+06,0,0,0,1,0,125,MONTO_CON_REFERENCIAS_DEBILES_E4,2.33004e+06,2.33004e+06,0,0,0.793651,NO CALCULABLE: 125 conceptos sin magnitud,NO DISPONIBLE: 125 conceptos sin costo,NO DISPONIBLE (cobertura 0.8 %),NO DISPONIBLE (cobertura 0.8 %),NO DISPONIBLE (cobertura 0.8 %),NO DISPONIBLE (cobertura 0.8 %),NO DISPONIBLE (cobertura 0.8 %),3,11,8,PENDIENTE,
