ESCENARIO,CONFIGURACION,ESCALA_AVES_DIA,DRIVER,VALOR_BAJO,VALOR,VALOR_ALTO,UNIDAD,FUENTE,VARIABLE_ORIGEN,ESCENARIO_FUENTE,TIPO,EVIDENCIA,USO_EN_OPEX,OBSERVACIONES
C0-2500,C0,2500,dias_operativos_anio,,250,,d/año,19_capex/modelo_capex.py,dias_anio(),,CONSUMIDO_CAPEX,[SUPUESTO] SUP-025,anualización de drivers por día operativo,
C0-2500,C0,2500,semanas_operativas_anio,,50,,semanas/año,20_opex/modelo_opex.py,días operativos ÷ días/semana,,DERIVADO_OPEX,[ESTIMACIÓN],"anualización de drivers semanales de 12B (producto, subproductos)",
C0-2500,C0,2500,aves_faenadas_anio,,625000,,aves/año,"03_produccion_primaria/escenarios_produccion.csv (modelo_escenarios_produccion.py, vía 14B)",aves_faenadas_anio,"perfil medio, desempeño medio",DIRECTO,[ESTIMACIÓN],"FAE-FACON, FAE-QUIM, empaque",
C0-2500,C0,2500,aves_cargadas_anio,,626881,,aves/año,"03_produccion_primaria/escenarios_produccion.csv (modelo_escenarios_produccion.py, vía 14B)",aves_cargadas_anio,"perfil medio, desempeño medio",DIRECTO,[ESTIMACIÓN],"captura, pago por ave",
C0-2500,C0,2500,pollitos_alojados_anio,,659874,,pollitos/año,"03_produccion_primaria/escenarios_produccion.csv (modelo_escenarios_produccion.py, vía 14B)",pollitos_alojados_anio,"perfil medio, desempeño medio",DIRECTO,[ESTIMACIÓN],sanidad de crianza,
C0-2500,C0,2500,kg_vivo_cargado_anio,,1.81795e+06,,kg vivo/año,"03_produccion_primaria/escenarios_produccion.csv (modelo_escenarios_produccion.py, vía 14B)",kg_vivo_cargado_anio,"perfil medio, desempeño medio",DIRECTO,[ESTIMACIÓN],pago por kg vivo,
C0-2500,C0,2500,mortalidad_granja_aves_anio,,32993.7,,aves/año,"03_produccion_primaria/escenarios_produccion.csv (modelo_escenarios_produccion.py, vía 14B)",mortalidad_granja_aves_anio,"perfil medio, desempeño medio",DIRECTO,[ESTIMACIÓN],retiro de mortalidad,
C0-2500,C0,2500,agua_bebida_m3_anio,,5562.94,,m³/año,"03_produccion_primaria/escenarios_produccion.csv (modelo_escenarios_produccion.py, vía 14B)",agua_bebida_m3_anio,"perfil medio, desempeño medio",DIRECTO,[ESTIMACIÓN],agua de granja propia,
C0-2500,C0,2500,ciclos_anio,,5.71048,,ciclos/año,"03_produccion_primaria/escenarios_produccion.csv (modelo_escenarios_produccion.py, vía 14B)",ciclos_anio,"perfil medio, desempeño medio",DIRECTO,[ESTIMACIÓN],limpieza de galpones,
C0-2500,C0,2500,m2_galpon,,9485.64,,m²,"03_produccion_primaria/escenarios_produccion.csv (modelo_escenarios_produccion.py, vía 14B)",m2_galpon,"perfil medio, desempeño medio",DIRECTO,[ESTIMACIÓN],limpieza y bioseguridad de galpones,
C0-2500,C0,2500,inventario_aves_promedio_anual,,82845.9,,aves,"03_produccion_primaria/escenarios_produccion.csv (modelo_escenarios_produccion.py, vía 14B)",inventario_aves_promedio_anual,"perfil medio, desempeño medio",DIRECTO,[ESTIMACIÓN],activo biológico (capital de trabajo),
C0-2500,C0,2500,pollitos_a_recibir_anio,,659874,,pollitos/año,14_alimento_balanceado/escenarios_upstream.csv (modelo_upstream.py),pollitos_a_recibir_anio,margen_pedido = 0 (SUP-142),DIRECTO,[ESTIMACIÓN],POL-COMPRA / base de incubación,
C0-2500,C0,2500,pollitos_a_recibir_semana_plena,,13197.5,,pollitos/semana,14_alimento_balanceado/escenarios_upstream.csv (modelo_upstream.py),pollitos_a_recibir_semana_plena,,DIRECTO,[ESTIMACIÓN],incubación (14B),
C0-2500,C0,2500,alimento_t_anio,,3090.52,,t/año,14_alimento_balanceado/escenarios_upstream.csv (modelo_upstream.py),alimento_t_anio,,DIRECTO,[ESTIMACIÓN] (03: peso × FCR),alimento comprado / elaborado / materias primas,
C0-2500,C0,2500,alimento_t_semana_plena,,61.8104,,t/semana,14_alimento_balanceado/escenarios_upstream.csv (modelo_upstream.py),alimento_t_semana_plena,,DIRECTO,[ESTIMACIÓN],anualización de viajes de alimento,
C0-2500,C0,2500,mp_maiz_t_anio,,1854.31,,t/año,14_alimento_balanceado/escenarios_upstream.csv (modelo_upstream.py),alimento_t_anio × maiz (0.6),,DIRECTO,[SUPUESTO] composición ilustrativa 14B,ALI-MP-*,NO es una fórmula de dieta; mermas aparte (ALI-MERMA)
C0-2500,C0,2500,mp_harina_soja_t_anio,,927.156,,t/año,14_alimento_balanceado/escenarios_upstream.csv (modelo_upstream.py),alimento_t_anio × harina_soja (0.3),,DIRECTO,[SUPUESTO] composición ilustrativa 14B,ALI-MP-*,NO es una fórmula de dieta; mermas aparte (ALI-MERMA)
C0-2500,C0,2500,mp_resto_t_anio,,309.052,,t/año,14_alimento_balanceado/escenarios_upstream.csv (modelo_upstream.py),alimento_t_anio × resto (0.1),,DIRECTO,[SUPUESTO] composición ilustrativa 14B,ALI-MP-*,NO es una fórmula de dieta; mermas aparte (ALI-MERMA)
C0-2500,C0,2500,kg_producto_anio,,1.4978e+06,,kg producto/año,05_proceso_industrial/capacidad_proceso.csv (modelo_capacidad_proceso.py),kg_ave_config()['comestible_a_empaque'] × aves/año,,CALCULO_MODELO_FUENTE,[ESTIMACIÓN] balance v1.1,"EMP-* (base comercial; incluye garras y menudencias, 12B)",
C0-2500,C0,2500,refrigerado_t_anio,,1348.02,,t/año,13_logistica/escenarios_logistica.csv (modelo_logistica.py),refrigerado_t_semana × semanas operativas,"perfil P1; 6 despachos refrigerado y 2 congelado/sem; 12 t; 300 km (ESCENARIO, SUP-16-20)",DIRECTO,[ESTIMACIÓN],flujo refrigerado,
C0-2500,C0,2500,refrigerado_viajes_anio,,300,,viajes/año,13_logistica/escenarios_logistica.csv (modelo_logistica.py),refrigerado_viajes_semana × semanas,"perfil P1; 6 despachos refrigerado y 2 congelado/sem; 12 t; 300 km (ESCENARIO, SUP-16-20)",DIRECTO,[ESTIMACIÓN] capacidad de ESCENARIO,LOG-REF-*,
C0-2500,C0,2500,refrigerado_km_anio,,180000,,km/año,13_logistica/escenarios_logistica.csv (modelo_logistica.py),refrigerado_km_dia_despacho × despachos/semana × semanas,"perfil P1; 6 despachos refrigerado y 2 congelado/sem; 12 t; 300 km (ESCENARIO, SUP-16-20)",DIRECTO,[ESTIMACIÓN] troncal; reparto capilar PENDIENTE (DEC-053),LOG-REF-*,
C0-2500,C0,2500,stock_refrigerado_medio_t,,6.41915,,t,13_logistica/escenarios_logistica.csv (modelo_logistica.py),"inventario(t_dia_op, despachos=6): stock_ciclo_medio + seguridad (0)",,CALCULO_MODELO_FUENTE,[ESTIMACIÓN]; stock comercial adicional PENDIENTE,capital de trabajo,
C0-2500,C0,2500,congelado_t_anio,,149.78,,t/año,13_logistica/escenarios_logistica.csv (modelo_logistica.py),congelado_t_semana × semanas operativas,"perfil P1; 6 despachos refrigerado y 2 congelado/sem; 12 t; 300 km (ESCENARIO, SUP-16-20)",DIRECTO,[ESTIMACIÓN],flujo congelado,
C0-2500,C0,2500,congelado_viajes_anio,,100,,viajes/año,13_logistica/escenarios_logistica.csv (modelo_logistica.py),congelado_viajes_semana × semanas,"perfil P1; 6 despachos refrigerado y 2 congelado/sem; 12 t; 300 km (ESCENARIO, SUP-16-20)",DIRECTO,[ESTIMACIÓN] capacidad de ESCENARIO,LOG-CON-*,
C0-2500,C0,2500,congelado_km_anio,,60000,,km/año,13_logistica/escenarios_logistica.csv (modelo_logistica.py),congelado_km_dia_despacho × despachos/semana × semanas,"perfil P1; 6 despachos refrigerado y 2 congelado/sem; 12 t; 300 km (ESCENARIO, SUP-16-20)",DIRECTO,[ESTIMACIÓN] troncal; reparto capilar PENDIENTE (DEC-053),LOG-CON-*,
C0-2500,C0,2500,stock_congelado_medio_t,,1.75457,,t,13_logistica/escenarios_logistica.csv (modelo_logistica.py),"inventario(t_dia_op, despachos=2): stock_ciclo_medio + seguridad (0)",,CALCULO_MODELO_FUENTE,[ESTIMACIÓN]; stock comercial adicional PENDIENTE,capital de trabajo,
C0-2500,C0,2500,vivo_viajes_anio,,250,,viajes/año,13_logistica/escenarios_logistica.csv (modelo_logistica.py),viajes_dia × días,radio 100 km; 5500 aves/camión (ESCENARIO),DIRECTO,[ESTIMACIÓN],LOG-VIV-*,
C0-2500,C0,2500,vivo_km_anio,,43333.3,,km/año,13_logistica/escenarios_logistica.csv (modelo_logistica.py),km_total_dia × días,radio 100 km; 5500 aves/camión (ESCENARIO),DIRECTO,[ESTIMACIÓN],LOG-VIV-*,
C0-2500,C0,2500,vivo_t_anio,,1817.95,,t/año,13_logistica/escenarios_logistica.csv (modelo_logistica.py),t_vivo_cargado_dia × días,radio 100 km; 5500 aves/camión (ESCENARIO),DIRECTO,[ESTIMACIÓN],LOG-VIV-TER-UNI,
C0-2500,C0,2500,alimento_viajes_anio,,150,,viajes/año,13_logistica/escenarios_logistica.csv (modelo_logistica.py),alimento_viajes_semana × (t_año ÷ t_semana_plena),granelero 28 t; 75 km fábrica–granja (ESCENARIO),DIRECTO,[ESTIMACIÓN],LOG-ALI-*,
C0-2500,C0,2500,alimento_km_anio,,22500,,km/año,13_logistica/escenarios_logistica.csv (modelo_logistica.py),alimento_km_semana × (t_año ÷ t_semana_plena),granelero 28 t; 75 km fábrica–granja (ESCENARIO),DIRECTO,[ESTIMACIÓN],LOG-ALI-*,
C0-2500,C0,2500,pollitos_viajes_anio,,,,viajes/año,13_logistica/escenarios_logistica.csv (modelo_logistica.py),pollitos_viajes_semana (cap_pollitos = None),,PENDIENTE,"PENDIENTE (DPV-047, DPV-084)",LOG-POL-*,
C0-2500,C0,2500,vehiculos_POL,,,,vehículos,19_capex/boq_capex.csv (modelo_capex.py),flota[pollitos].unidades,,PENDIENTE,PENDIENTE,"LOG-POL-PAT, SEG-FLOTA-POL",
C0-2500,C0,2500,vehiculos_HUE,,,,vehículos,19_capex/boq_capex.csv (modelo_capex.py),—,,PENDIENTE,PENDIENTE,"LOG-HUE-PAT, SEG-FLOTA-HUE",
C0-2500,C0,2500,vehiculos_ALI,,,,vehículos,19_capex/boq_capex.csv (modelo_capex.py),flota[alimento].unidades,,PENDIENTE,PENDIENTE,"LOG-ALI-PAT, SEG-FLOTA-ALI",
C0-2500,C0,2500,vehiculos_GRA,,,,vehículos,19_capex/boq_capex.csv (modelo_capex.py),—,,PENDIENTE,PENDIENTE,"LOG-GRA-PAT, SEG-FLOTA-GRA",
C0-2500,C0,2500,vehiculos_VIV,,,,vehículos,19_capex/boq_capex.csv (modelo_capex.py),flota[vivo].unidades,,PENDIENTE,PENDIENTE,"LOG-VIV-PAT, SEG-FLOTA-VIV",
C0-2500,C0,2500,vehiculos_REF,,,,vehículos,19_capex/boq_capex.csv (modelo_capex.py),flota[refrigerado].unidades,,PENDIENTE,PENDIENTE,"LOG-REF-PAT, SEG-FLOTA-REF",
C0-2500,C0,2500,vehiculos_CON,,,,vehículos,19_capex/boq_capex.csv (modelo_capex.py),flota[congelado].unidades,,PENDIENTE,PENDIENTE,"LOG-CON-PAT, SEG-FLOTA-CON",
C0-2500,C0,2500,vehiculos_SUB,,,,vehículos,19_capex/boq_capex.csv (modelo_capex.py),flota[subproductos].unidades,,PENDIENTE,PENDIENTE,"LOG-SUB-PAT, SEG-FLOTA-SUB",
C0-2500,C0,2500,fte_industrial_14a,,35.8402,,FTE,18_recursos_humanos/escenarios_rrhh.csv (modelo_rrhh.py),fte_total,turnos=extendido; autom=semiautomatico; limpieza=propia; mant=propio; lab=propio,CALCULO_MODELO_FUENTE,[SUPUESTO] productividad,"RRHH INDUSTRIAL + estructura + coordinación primaria (14A). NO es el FTE total de una empresa verticalmente integrada: granjas propias, incubación, planta de alimento, reproductoras y rendering no están dimensionados","headcount de nómina PENDIENTE (factor de cobertura no validado); incluye horas de terceros que luego pueden quedar INCLUIDAS en tarifas (faenador, choferes)"
C0-2500,C0,2500,fte_directos_14a,,22.43,,FTE,18_recursos_humanos/escenarios_rrhh.csv (modelo_rrhh.py),fte_interno + fte_tercerizado (directo),,CALCULO_MODELO_FUENTE,[SUPUESTO],FAE-CUCH,
C0-2500,C0,2500,horas_brecha_jornada_anio,,0,,h-persona/año,18_recursos_humanos/escenarios_rrhh.csv (modelo_rrhh.py),horas_persona_brecha_jornada_dia × días,,CALCULO_MODELO_FUENTE,[ESTIMACIÓN],INFORMATIVO: no son horas extra automáticas (DPV-146),
C0-2500,C0,2500,headcount_nomina,,,,personas,18_recursos_humanos/escenarios_rrhh.csv (modelo_rrhh.py),headcount_nomina,,PENDIENTE,PENDIENTE (factor de cobertura),NO se usa: costeo provisional por FTE,
C0-2500,C0,2500,fraccion_granjas_propias,,0,,fracción,19_capex/boq_capex.csv (modelo_capex.py),fraccion_granjas_propias,,CONSUMIDO_CAPEX,ESCENARIO (SUP-16-09),reparto propia / integrada,
C0-2500,C0,2500,kwh_granja,,,,—,20_opex/modelo_opex.py,—,,PENDIENTE,PENDIENTE: el módulo fuente no lo dimensiona,concepto PENDIENTE_CANTIDAD (no se inventa),
C0-2500,C0,2500,gas_granja,,,,—,20_opex/modelo_opex.py,—,,PENDIENTE,PENDIENTE: el módulo fuente no lo dimensiona,concepto PENDIENTE_CANTIDAD (no se inventa),
C0-2500,C0,2500,cama_t,,,,—,20_opex/modelo_opex.py,—,,PENDIENTE,PENDIENTE: el módulo fuente no lo dimensiona,concepto PENDIENTE_CANTIDAD (no se inventa),
C0-2500,C0,2500,personal_granja,,,,—,20_opex/modelo_opex.py,—,,PENDIENTE,PENDIENTE: el módulo fuente no lo dimensiona,concepto PENDIENTE_CANTIDAD (no se inventa),
C0-2500,C0,2500,personal_incubadora,,,,—,20_opex/modelo_opex.py,—,,PENDIENTE,PENDIENTE: el módulo fuente no lo dimensiona,concepto PENDIENTE_CANTIDAD (no se inventa),
C0-2500,C0,2500,personal_planta_alimento,,,,—,20_opex/modelo_opex.py,—,,PENDIENTE,PENDIENTE: el módulo fuente no lo dimensiona,concepto PENDIENTE_CANTIDAD (no se inventa),
C0-2500,C0,2500,personal_reproductoras,,,,—,20_opex/modelo_opex.py,—,,PENDIENTE,PENDIENTE: el módulo fuente no lo dimensiona,concepto PENDIENTE_CANTIDAD (no se inventa),
C0-2500,C0,2500,personal_rendering,,,,—,20_opex/modelo_opex.py,—,,PENDIENTE,PENDIENTE: el módulo fuente no lo dimensiona,concepto PENDIENTE_CANTIDAD (no se inventa),
C0-2500,C0,2500,kwh_incubadora,,,,—,20_opex/modelo_opex.py,—,,PENDIENTE,PENDIENTE: el módulo fuente no lo dimensiona,concepto PENDIENTE_CANTIDAD (no se inventa),
C0-2500,C0,2500,agua_incubadora,,,,—,20_opex/modelo_opex.py,—,,PENDIENTE,PENDIENTE: el módulo fuente no lo dimensiona,concepto PENDIENTE_CANTIDAD (no se inventa),
C0-2500,C0,2500,kwh_planta_alimento,,,,—,20_opex/modelo_opex.py,—,,PENDIENTE,PENDIENTE: el módulo fuente no lo dimensiona,concepto PENDIENTE_CANTIDAD (no se inventa),
C0-2500,C0,2500,vapor_planta_alimento,,,,—,20_opex/modelo_opex.py,—,,PENDIENTE,PENDIENTE: el módulo fuente no lo dimensiona,concepto PENDIENTE_CANTIDAD (no se inventa),
C0-2500,C0,2500,agua_planta_alimento,,,,—,20_opex/modelo_opex.py,—,,PENDIENTE,PENDIENTE: el módulo fuente no lo dimensiona,concepto PENDIENTE_CANTIDAD (no se inventa),
C0-2500,C0,2500,kwh_rendering,,,,—,20_opex/modelo_opex.py,—,,PENDIENTE,PENDIENTE: el módulo fuente no lo dimensiona,concepto PENDIENTE_CANTIDAD (no se inventa),
C0-2500,C0,2500,lodos_t,,,,—,20_opex/modelo_opex.py,—,,PENDIENTE,PENDIENTE: el módulo fuente no lo dimensiona,concepto PENDIENTE_CANTIDAD (no se inventa),
C0-2500,C0,2500,potencia_contratada_kw,,,,—,20_opex/modelo_opex.py,—,,PENDIENTE,PENDIENTE: el módulo fuente no lo dimensiona,concepto PENDIENTE_CANTIDAD (no se inventa),
C0-5000,C0,5000,dias_operativos_anio,,250,,d/año,19_capex/modelo_capex.py,dias_anio(),,CONSUMIDO_CAPEX,[SUPUESTO] SUP-025,anualización de drivers por día operativo,
C0-5000,C0,5000,semanas_operativas_anio,,50,,semanas/año,20_opex/modelo_opex.py,días operativos ÷ días/semana,,DERIVADO_OPEX,[ESTIMACIÓN],"anualización de drivers semanales de 12B (producto, subproductos)",
C0-5000,C0,5000,aves_faenadas_anio,,1250000,,aves/año,"03_produccion_primaria/escenarios_produccion.csv (modelo_escenarios_produccion.py, vía 14B)",aves_faenadas_anio,"perfil medio, desempeño medio",DIRECTO,[ESTIMACIÓN],"FAE-FACON, FAE-QUIM, empaque",
C0-5000,C0,5000,aves_cargadas_anio,,1.25376e+06,,aves/año,"03_produccion_primaria/escenarios_produccion.csv (modelo_escenarios_produccion.py, vía 14B)",aves_cargadas_anio,"perfil medio, desempeño medio",DIRECTO,[ESTIMACIÓN],"captura, pago por ave",
C0-5000,C0,5000,pollitos_alojados_anio,,1.31975e+06,,pollitos/año,"03_produccion_primaria/escenarios_produccion.csv (modelo_escenarios_produccion.py, vía 14B)",pollitos_alojados_anio,"perfil medio, desempeño medio",DIRECTO,[ESTIMACIÓN],sanidad de crianza,
C0-5000,C0,5000,kg_vivo_cargado_anio,,3.63591e+06,,kg vivo/año,"03_produccion_primaria/escenarios_produccion.csv (modelo_escenarios_produccion.py, vía 14B)",kg_vivo_cargado_anio,"perfil medio, desempeño medio",DIRECTO,[ESTIMACIÓN],pago por kg vivo,
C0-5000,C0,5000,mortalidad_granja_aves_anio,,65987.4,,aves/año,"03_produccion_primaria/escenarios_produccion.csv (modelo_escenarios_produccion.py, vía 14B)",mortalidad_granja_aves_anio,"perfil medio, desempeño medio",DIRECTO,[ESTIMACIÓN],retiro de mortalidad,
C0-5000,C0,5000,agua_bebida_m3_anio,,11125.9,,m³/año,"03_produccion_primaria/escenarios_produccion.csv (modelo_escenarios_produccion.py, vía 14B)",agua_bebida_m3_anio,"perfil medio, desempeño medio",DIRECTO,[ESTIMACIÓN],agua de granja propia,
C0-5000,C0,5000,ciclos_anio,,5.71048,,ciclos/año,"03_produccion_primaria/escenarios_produccion.csv (modelo_escenarios_produccion.py, vía 14B)",ciclos_anio,"perfil medio, desempeño medio",DIRECTO,[ESTIMACIÓN],limpieza de galpones,
C0-5000,C0,5000,m2_galpon,,18971.3,,m²,"03_produccion_primaria/escenarios_produccion.csv (modelo_escenarios_produccion.py, vía 14B)",m2_galpon,"perfil medio, desempeño medio",DIRECTO,[ESTIMACIÓN],limpieza y bioseguridad de galpones,
C0-5000,C0,5000,inventario_aves_promedio_anual,,165692,,aves,"03_produccion_primaria/escenarios_produccion.csv (modelo_escenarios_produccion.py, vía 14B)",inventario_aves_promedio_anual,"perfil medio, desempeño medio",DIRECTO,[ESTIMACIÓN],activo biológico (capital de trabajo),
C0-5000,C0,5000,pollitos_a_recibir_anio,,1.31975e+06,,pollitos/año,14_alimento_balanceado/escenarios_upstream.csv (modelo_upstream.py),pollitos_a_recibir_anio,margen_pedido = 0 (SUP-142),DIRECTO,[ESTIMACIÓN],POL-COMPRA / base de incubación,
C0-5000,C0,5000,pollitos_a_recibir_semana_plena,,26395,,pollitos/semana,14_alimento_balanceado/escenarios_upstream.csv (modelo_upstream.py),pollitos_a_recibir_semana_plena,,DIRECTO,[ESTIMACIÓN],incubación (14B),
C0-5000,C0,5000,alimento_t_anio,,6181.04,,t/año,14_alimento_balanceado/escenarios_upstream.csv (modelo_upstream.py),alimento_t_anio,,DIRECTO,[ESTIMACIÓN] (03: peso × FCR),alimento comprado / elaborado / materias primas,
C0-5000,C0,5000,alimento_t_semana_plena,,123.621,,t/semana,14_alimento_balanceado/escenarios_upstream.csv (modelo_upstream.py),alimento_t_semana_plena,,DIRECTO,[ESTIMACIÓN],anualización de viajes de alimento,
C0-5000,C0,5000,mp_maiz_t_anio,,3708.63,,t/año,14_alimento_balanceado/escenarios_upstream.csv (modelo_upstream.py),alimento_t_anio × maiz (0.6),,DIRECTO,[SUPUESTO] composición ilustrativa 14B,ALI-MP-*,NO es una fórmula de dieta; mermas aparte (ALI-MERMA)
C0-5000,C0,5000,mp_harina_soja_t_anio,,1854.31,,t/año,14_alimento_balanceado/escenarios_upstream.csv (modelo_upstream.py),alimento_t_anio × harina_soja (0.3),,DIRECTO,[SUPUESTO] composición ilustrativa 14B,ALI-MP-*,NO es una fórmula de dieta; mermas aparte (ALI-MERMA)
C0-5000,C0,5000,mp_resto_t_anio,,618.104,,t/año,14_alimento_balanceado/escenarios_upstream.csv (modelo_upstream.py),alimento_t_anio × resto (0.1),,DIRECTO,[SUPUESTO] composición ilustrativa 14B,ALI-MP-*,NO es una fórmula de dieta; mermas aparte (ALI-MERMA)
C0-5000,C0,5000,kg_producto_anio,,2.9956e+06,,kg producto/año,05_proceso_industrial/capacidad_proceso.csv (modelo_capacidad_proceso.py),kg_ave_config()['comestible_a_empaque'] × aves/año,,CALCULO_MODELO_FUENTE,[ESTIMACIÓN] balance v1.1,"EMP-* (base comercial; incluye garras y menudencias, 12B)",
C0-5000,C0,5000,refrigerado_t_anio,,2696.04,,t/año,13_logistica/escenarios_logistica.csv (modelo_logistica.py),refrigerado_t_semana × semanas operativas,"perfil P1; 6 despachos refrigerado y 2 congelado/sem; 12 t; 300 km (ESCENARIO, SUP-16-20)",DIRECTO,[ESTIMACIÓN],flujo refrigerado,
C0-5000,C0,5000,refrigerado_viajes_anio,,300,,viajes/año,13_logistica/escenarios_logistica.csv (modelo_logistica.py),refrigerado_viajes_semana × semanas,"perfil P1; 6 despachos refrigerado y 2 congelado/sem; 12 t; 300 km (ESCENARIO, SUP-16-20)",DIRECTO,[ESTIMACIÓN] capacidad de ESCENARIO,LOG-REF-*,
C0-5000,C0,5000,refrigerado_km_anio,,180000,,km/año,13_logistica/escenarios_logistica.csv (modelo_logistica.py),refrigerado_km_dia_despacho × despachos/semana × semanas,"perfil P1; 6 despachos refrigerado y 2 congelado/sem; 12 t; 300 km (ESCENARIO, SUP-16-20)",DIRECTO,[ESTIMACIÓN] troncal; reparto capilar PENDIENTE (DEC-053),LOG-REF-*,
C0-5000,C0,5000,stock_refrigerado_medio_t,,12.8383,,t,13_logistica/escenarios_logistica.csv (modelo_logistica.py),"inventario(t_dia_op, despachos=6): stock_ciclo_medio + seguridad (0)",,CALCULO_MODELO_FUENTE,[ESTIMACIÓN]; stock comercial adicional PENDIENTE,capital de trabajo,
C0-5000,C0,5000,congelado_t_anio,,299.56,,t/año,13_logistica/escenarios_logistica.csv (modelo_logistica.py),congelado_t_semana × semanas operativas,"perfil P1; 6 despachos refrigerado y 2 congelado/sem; 12 t; 300 km (ESCENARIO, SUP-16-20)",DIRECTO,[ESTIMACIÓN],flujo congelado,
C0-5000,C0,5000,congelado_viajes_anio,,100,,viajes/año,13_logistica/escenarios_logistica.csv (modelo_logistica.py),congelado_viajes_semana × semanas,"perfil P1; 6 despachos refrigerado y 2 congelado/sem; 12 t; 300 km (ESCENARIO, SUP-16-20)",DIRECTO,[ESTIMACIÓN] capacidad de ESCENARIO,LOG-CON-*,
C0-5000,C0,5000,congelado_km_anio,,60000,,km/año,13_logistica/escenarios_logistica.csv (modelo_logistica.py),congelado_km_dia_despacho × despachos/semana × semanas,"perfil P1; 6 despachos refrigerado y 2 congelado/sem; 12 t; 300 km (ESCENARIO, SUP-16-20)",DIRECTO,[ESTIMACIÓN] troncal; reparto capilar PENDIENTE (DEC-053),LOG-CON-*,
C0-5000,C0,5000,stock_congelado_medio_t,,3.50914,,t,13_logistica/escenarios_logistica.csv (modelo_logistica.py),"inventario(t_dia_op, despachos=2): stock_ciclo_medio + seguridad (0)",,CALCULO_MODELO_FUENTE,[ESTIMACIÓN]; stock comercial adicional PENDIENTE,capital de trabajo,
C0-5000,C0,5000,vivo_viajes_anio,,250,,viajes/año,13_logistica/escenarios_logistica.csv (modelo_logistica.py),viajes_dia × días,radio 100 km; 5500 aves/camión (ESCENARIO),DIRECTO,[ESTIMACIÓN],LOG-VIV-*,
C0-5000,C0,5000,vivo_km_anio,,43333.3,,km/año,13_logistica/escenarios_logistica.csv (modelo_logistica.py),km_total_dia × días,radio 100 km; 5500 aves/camión (ESCENARIO),DIRECTO,[ESTIMACIÓN],LOG-VIV-*,
C0-5000,C0,5000,vivo_t_anio,,3635.91,,t/año,13_logistica/escenarios_logistica.csv (modelo_logistica.py),t_vivo_cargado_dia × días,radio 100 km; 5500 aves/camión (ESCENARIO),DIRECTO,[ESTIMACIÓN],LOG-VIV-TER-UNI,
C0-5000,C0,5000,alimento_viajes_anio,,250,,viajes/año,13_logistica/escenarios_logistica.csv (modelo_logistica.py),alimento_viajes_semana × (t_año ÷ t_semana_plena),granelero 28 t; 75 km fábrica–granja (ESCENARIO),DIRECTO,[ESTIMACIÓN],LOG-ALI-*,
C0-5000,C0,5000,alimento_km_anio,,37500,,km/año,13_logistica/escenarios_logistica.csv (modelo_logistica.py),alimento_km_semana × (t_año ÷ t_semana_plena),granelero 28 t; 75 km fábrica–granja (ESCENARIO),DIRECTO,[ESTIMACIÓN],LOG-ALI-*,
C0-5000,C0,5000,pollitos_viajes_anio,,,,viajes/año,13_logistica/escenarios_logistica.csv (modelo_logistica.py),pollitos_viajes_semana (cap_pollitos = None),,PENDIENTE,"PENDIENTE (DPV-047, DPV-084)",LOG-POL-*,
C0-5000,C0,5000,vehiculos_POL,,,,vehículos,19_capex/boq_capex.csv (modelo_capex.py),flota[pollitos].unidades,,PENDIENTE,PENDIENTE,"LOG-POL-PAT, SEG-FLOTA-POL",
C0-5000,C0,5000,vehiculos_HUE,,,,vehículos,19_capex/boq_capex.csv (modelo_capex.py),—,,PENDIENTE,PENDIENTE,"LOG-HUE-PAT, SEG-FLOTA-HUE",
C0-5000,C0,5000,vehiculos_ALI,,,,vehículos,19_capex/boq_capex.csv (modelo_capex.py),flota[alimento].unidades,,PENDIENTE,PENDIENTE,"LOG-ALI-PAT, SEG-FLOTA-ALI",
C0-5000,C0,5000,vehiculos_GRA,,,,vehículos,19_capex/boq_capex.csv (modelo_capex.py),—,,PENDIENTE,PENDIENTE,"LOG-GRA-PAT, SEG-FLOTA-GRA",
C0-5000,C0,5000,vehiculos_VIV,,,,vehículos,19_capex/boq_capex.csv (modelo_capex.py),flota[vivo].unidades,,PENDIENTE,PENDIENTE,"LOG-VIV-PAT, SEG-FLOTA-VIV",
C0-5000,C0,5000,vehiculos_REF,,,,vehículos,19_capex/boq_capex.csv (modelo_capex.py),flota[refrigerado].unidades,,PENDIENTE,PENDIENTE,"LOG-REF-PAT, SEG-FLOTA-REF",
C0-5000,C0,5000,vehiculos_CON,,,,vehículos,19_capex/boq_capex.csv (modelo_capex.py),flota[congelado].unidades,,PENDIENTE,PENDIENTE,"LOG-CON-PAT, SEG-FLOTA-CON",
C0-5000,C0,5000,vehiculos_SUB,,,,vehículos,19_capex/boq_capex.csv (modelo_capex.py),flota[subproductos].unidades,,PENDIENTE,PENDIENTE,"LOG-SUB-PAT, SEG-FLOTA-SUB",
C0-5000,C0,5000,fte_industrial_14a,,49.5708,,FTE,18_recursos_humanos/escenarios_rrhh.csv (modelo_rrhh.py),fte_total,turnos=extendido; autom=semiautomatico; limpieza=propia; mant=propio; lab=propio,CALCULO_MODELO_FUENTE,[SUPUESTO] productividad,"RRHH INDUSTRIAL + estructura + coordinación primaria (14A). NO es el FTE total de una empresa verticalmente integrada: granjas propias, incubación, planta de alimento, reproductoras y rendering no están dimensionados","headcount de nómina PENDIENTE (factor de cobertura no validado); incluye horas de terceros que luego pueden quedar INCLUIDAS en tarifas (faenador, choferes)"
C0-5000,C0,5000,fte_directos_14a,,28.6606,,FTE,18_recursos_humanos/escenarios_rrhh.csv (modelo_rrhh.py),fte_interno + fte_tercerizado (directo),,CALCULO_MODELO_FUENTE,[SUPUESTO],FAE-CUCH,
C0-5000,C0,5000,horas_brecha_jornada_anio,,0,,h-persona/año,18_recursos_humanos/escenarios_rrhh.csv (modelo_rrhh.py),horas_persona_brecha_jornada_dia × días,,CALCULO_MODELO_FUENTE,[ESTIMACIÓN],INFORMATIVO: no son horas extra automáticas (DPV-146),
C0-5000,C0,5000,headcount_nomina,,,,personas,18_recursos_humanos/escenarios_rrhh.csv (modelo_rrhh.py),headcount_nomina,,PENDIENTE,PENDIENTE (factor de cobertura),NO se usa: costeo provisional por FTE,
C0-5000,C0,5000,fraccion_granjas_propias,,0,,fracción,19_capex/boq_capex.csv (modelo_capex.py),fraccion_granjas_propias,,CONSUMIDO_CAPEX,ESCENARIO (SUP-16-09),reparto propia / integrada,
C0-5000,C0,5000,kwh_granja,,,,—,20_opex/modelo_opex.py,—,,PENDIENTE,PENDIENTE: el módulo fuente no lo dimensiona,concepto PENDIENTE_CANTIDAD (no se inventa),
C0-5000,C0,5000,gas_granja,,,,—,20_opex/modelo_opex.py,—,,PENDIENTE,PENDIENTE: el módulo fuente no lo dimensiona,concepto PENDIENTE_CANTIDAD (no se inventa),
C0-5000,C0,5000,cama_t,,,,—,20_opex/modelo_opex.py,—,,PENDIENTE,PENDIENTE: el módulo fuente no lo dimensiona,concepto PENDIENTE_CANTIDAD (no se inventa),
C0-5000,C0,5000,personal_granja,,,,—,20_opex/modelo_opex.py,—,,PENDIENTE,PENDIENTE: el módulo fuente no lo dimensiona,concepto PENDIENTE_CANTIDAD (no se inventa),
C0-5000,C0,5000,personal_incubadora,,,,—,20_opex/modelo_opex.py,—,,PENDIENTE,PENDIENTE: el módulo fuente no lo dimensiona,concepto PENDIENTE_CANTIDAD (no se inventa),
C0-5000,C0,5000,personal_planta_alimento,,,,—,20_opex/modelo_opex.py,—,,PENDIENTE,PENDIENTE: el módulo fuente no lo dimensiona,concepto PENDIENTE_CANTIDAD (no se inventa),
C0-5000,C0,5000,personal_reproductoras,,,,—,20_opex/modelo_opex.py,—,,PENDIENTE,PENDIENTE: el módulo fuente no lo dimensiona,concepto PENDIENTE_CANTIDAD (no se inventa),
C0-5000,C0,5000,personal_rendering,,,,—,20_opex/modelo_opex.py,—,,PENDIENTE,PENDIENTE: el módulo fuente no lo dimensiona,concepto PENDIENTE_CANTIDAD (no se inventa),
C0-5000,C0,5000,kwh_incubadora,,,,—,20_opex/modelo_opex.py,—,,PENDIENTE,PENDIENTE: el módulo fuente no lo dimensiona,concepto PENDIENTE_CANTIDAD (no se inventa),
C0-5000,C0,5000,agua_incubadora,,,,—,20_opex/modelo_opex.py,—,,PENDIENTE,PENDIENTE: el módulo fuente no lo dimensiona,concepto PENDIENTE_CANTIDAD (no se inventa),
C0-5000,C0,5000,kwh_planta_alimento,,,,—,20_opex/modelo_opex.py,—,,PENDIENTE,PENDIENTE: el módulo fuente no lo dimensiona,concepto PENDIENTE_CANTIDAD (no se inventa),
C0-5000,C0,5000,vapor_planta_alimento,,,,—,20_opex/modelo_opex.py,—,,PENDIENTE,PENDIENTE: el módulo fuente no lo dimensiona,concepto PENDIENTE_CANTIDAD (no se inventa),
C0-5000,C0,5000,agua_planta_alimento,,,,—,20_opex/modelo_opex.py,—,,PENDIENTE,PENDIENTE: el módulo fuente no lo dimensiona,concepto PENDIENTE_CANTIDAD (no se inventa),
C0-5000,C0,5000,kwh_rendering,,,,—,20_opex/modelo_opex.py,—,,PENDIENTE,PENDIENTE: el módulo fuente no lo dimensiona,concepto PENDIENTE_CANTIDAD (no se inventa),
C0-5000,C0,5000,lodos_t,,,,—,20_opex/modelo_opex.py,—,,PENDIENTE,PENDIENTE: el módulo fuente no lo dimensiona,concepto PENDIENTE_CANTIDAD (no se inventa),
C0-5000,C0,5000,potencia_contratada_kw,,,,—,20_opex/modelo_opex.py,—,,PENDIENTE,PENDIENTE: el módulo fuente no lo dimensiona,concepto PENDIENTE_CANTIDAD (no se inventa),
C0-10000,C0,10000,dias_operativos_anio,,250,,d/año,19_capex/modelo_capex.py,dias_anio(),,CONSUMIDO_CAPEX,[SUPUESTO] SUP-025,anualización de drivers por día operativo,
C0-10000,C0,10000,semanas_operativas_anio,,50,,semanas/año,20_opex/modelo_opex.py,días operativos ÷ días/semana,,DERIVADO_OPEX,[ESTIMACIÓN],"anualización de drivers semanales de 12B (producto, subproductos)",
C0-10000,C0,10000,aves_faenadas_anio,,2500000,,aves/año,"03_produccion_primaria/escenarios_produccion.csv (modelo_escenarios_produccion.py, vía 14B)",aves_faenadas_anio,"perfil medio, desempeño medio",DIRECTO,[ESTIMACIÓN],"FAE-FACON, FAE-QUIM, empaque",
C0-10000,C0,10000,aves_cargadas_anio,,2.50752e+06,,aves/año,"03_produccion_primaria/escenarios_produccion.csv (modelo_escenarios_produccion.py, vía 14B)",aves_cargadas_anio,"perfil medio, desempeño medio",DIRECTO,[ESTIMACIÓN],"captura, pago por ave",
C0-10000,C0,10000,pollitos_alojados_anio,,2.6395e+06,,pollitos/año,"03_produccion_primaria/escenarios_produccion.csv (modelo_escenarios_produccion.py, vía 14B)",pollitos_alojados_anio,"perfil medio, desempeño medio",DIRECTO,[ESTIMACIÓN],sanidad de crianza,
C0-10000,C0,10000,kg_vivo_cargado_anio,,7.27182e+06,,kg vivo/año,"03_produccion_primaria/escenarios_produccion.csv (modelo_escenarios_produccion.py, vía 14B)",kg_vivo_cargado_anio,"perfil medio, desempeño medio",DIRECTO,[ESTIMACIÓN],pago por kg vivo,
C0-10000,C0,10000,mortalidad_granja_aves_anio,,131975,,aves/año,"03_produccion_primaria/escenarios_produccion.csv (modelo_escenarios_produccion.py, vía 14B)",mortalidad_granja_aves_anio,"perfil medio, desempeño medio",DIRECTO,[ESTIMACIÓN],retiro de mortalidad,
C0-10000,C0,10000,agua_bebida_m3_anio,,22251.8,,m³/año,"03_produccion_primaria/escenarios_produccion.csv (modelo_escenarios_produccion.py, vía 14B)",agua_bebida_m3_anio,"perfil medio, desempeño medio",DIRECTO,[ESTIMACIÓN],agua de granja propia,
C0-10000,C0,10000,ciclos_anio,,5.71048,,ciclos/año,"03_produccion_primaria/escenarios_produccion.csv (modelo_escenarios_produccion.py, vía 14B)",ciclos_anio,"perfil medio, desempeño medio",DIRECTO,[ESTIMACIÓN],limpieza de galpones,
C0-10000,C0,10000,m2_galpon,,37942.6,,m²,"03_produccion_primaria/escenarios_produccion.csv (modelo_escenarios_produccion.py, vía 14B)",m2_galpon,"perfil medio, desempeño medio",DIRECTO,[ESTIMACIÓN],limpieza y bioseguridad de galpones,
C0-10000,C0,10000,inventario_aves_promedio_anual,,331383,,aves,"03_produccion_primaria/escenarios_produccion.csv (modelo_escenarios_produccion.py, vía 14B)",inventario_aves_promedio_anual,"perfil medio, desempeño medio",DIRECTO,[ESTIMACIÓN],activo biológico (capital de trabajo),
C0-10000,C0,10000,pollitos_a_recibir_anio,,2.6395e+06,,pollitos/año,14_alimento_balanceado/escenarios_upstream.csv (modelo_upstream.py),pollitos_a_recibir_anio,margen_pedido = 0 (SUP-142),DIRECTO,[ESTIMACIÓN],POL-COMPRA / base de incubación,
C0-10000,C0,10000,pollitos_a_recibir_semana_plena,,52789.9,,pollitos/semana,14_alimento_balanceado/escenarios_upstream.csv (modelo_upstream.py),pollitos_a_recibir_semana_plena,,DIRECTO,[ESTIMACIÓN],incubación (14B),
C0-10000,C0,10000,alimento_t_anio,,12362.1,,t/año,14_alimento_balanceado/escenarios_upstream.csv (modelo_upstream.py),alimento_t_anio,,DIRECTO,[ESTIMACIÓN] (03: peso × FCR),alimento comprado / elaborado / materias primas,
C0-10000,C0,10000,alimento_t_semana_plena,,247.242,,t/semana,14_alimento_balanceado/escenarios_upstream.csv (modelo_upstream.py),alimento_t_semana_plena,,DIRECTO,[ESTIMACIÓN],anualización de viajes de alimento,
C0-10000,C0,10000,mp_maiz_t_anio,,7417.25,,t/año,14_alimento_balanceado/escenarios_upstream.csv (modelo_upstream.py),alimento_t_anio × maiz (0.6),,DIRECTO,[SUPUESTO] composición ilustrativa 14B,ALI-MP-*,NO es una fórmula de dieta; mermas aparte (ALI-MERMA)
C0-10000,C0,10000,mp_harina_soja_t_anio,,3708.63,,t/año,14_alimento_balanceado/escenarios_upstream.csv (modelo_upstream.py),alimento_t_anio × harina_soja (0.3),,DIRECTO,[SUPUESTO] composición ilustrativa 14B,ALI-MP-*,NO es una fórmula de dieta; mermas aparte (ALI-MERMA)
C0-10000,C0,10000,mp_resto_t_anio,,1236.21,,t/año,14_alimento_balanceado/escenarios_upstream.csv (modelo_upstream.py),alimento_t_anio × resto (0.1),,DIRECTO,[SUPUESTO] composición ilustrativa 14B,ALI-MP-*,NO es una fórmula de dieta; mermas aparte (ALI-MERMA)
C0-10000,C0,10000,kg_producto_anio,,5.99121e+06,,kg producto/año,05_proceso_industrial/capacidad_proceso.csv (modelo_capacidad_proceso.py),kg_ave_config()['comestible_a_empaque'] × aves/año,,CALCULO_MODELO_FUENTE,[ESTIMACIÓN] balance v1.1,"EMP-* (base comercial; incluye garras y menudencias, 12B)",
C0-10000,C0,10000,refrigerado_t_anio,,5392.09,,t/año,13_logistica/escenarios_logistica.csv (modelo_logistica.py),refrigerado_t_semana × semanas operativas,"perfil P1; 6 despachos refrigerado y 2 congelado/sem; 12 t; 300 km (ESCENARIO, SUP-16-20)",DIRECTO,[ESTIMACIÓN],flujo refrigerado,
C0-10000,C0,10000,refrigerado_viajes_anio,,600,,viajes/año,13_logistica/escenarios_logistica.csv (modelo_logistica.py),refrigerado_viajes_semana × semanas,"perfil P1; 6 despachos refrigerado y 2 congelado/sem; 12 t; 300 km (ESCENARIO, SUP-16-20)",DIRECTO,[ESTIMACIÓN] capacidad de ESCENARIO,LOG-REF-*,
C0-10000,C0,10000,refrigerado_km_anio,,360000,,km/año,13_logistica/escenarios_logistica.csv (modelo_logistica.py),refrigerado_km_dia_despacho × despachos/semana × semanas,"perfil P1; 6 despachos refrigerado y 2 congelado/sem; 12 t; 300 km (ESCENARIO, SUP-16-20)",DIRECTO,[ESTIMACIÓN] troncal; reparto capilar PENDIENTE (DEC-053),LOG-REF-*,
C0-10000,C0,10000,stock_refrigerado_medio_t,,25.6766,,t,13_logistica/escenarios_logistica.csv (modelo_logistica.py),"inventario(t_dia_op, despachos=6): stock_ciclo_medio + seguridad (0)",,CALCULO_MODELO_FUENTE,[ESTIMACIÓN]; stock comercial adicional PENDIENTE,capital de trabajo,
C0-10000,C0,10000,congelado_t_anio,,599.121,,t/año,13_logistica/escenarios_logistica.csv (modelo_logistica.py),congelado_t_semana × semanas operativas,"perfil P1; 6 despachos refrigerado y 2 congelado/sem; 12 t; 300 km (ESCENARIO, SUP-16-20)",DIRECTO,[ESTIMACIÓN],flujo congelado,
C0-10000,C0,10000,congelado_viajes_anio,,100,,viajes/año,13_logistica/escenarios_logistica.csv (modelo_logistica.py),congelado_viajes_semana × semanas,"perfil P1; 6 despachos refrigerado y 2 congelado/sem; 12 t; 300 km (ESCENARIO, SUP-16-20)",DIRECTO,[ESTIMACIÓN] capacidad de ESCENARIO,LOG-CON-*,
C0-10000,C0,10000,congelado_km_anio,,60000,,km/año,13_logistica/escenarios_logistica.csv (modelo_logistica.py),congelado_km_dia_despacho × despachos/semana × semanas,"perfil P1; 6 despachos refrigerado y 2 congelado/sem; 12 t; 300 km (ESCENARIO, SUP-16-20)",DIRECTO,[ESTIMACIÓN] troncal; reparto capilar PENDIENTE (DEC-053),LOG-CON-*,
C0-10000,C0,10000,stock_congelado_medio_t,,7.01827,,t,13_logistica/escenarios_logistica.csv (modelo_logistica.py),"inventario(t_dia_op, despachos=2): stock_ciclo_medio + seguridad (0)",,CALCULO_MODELO_FUENTE,[ESTIMACIÓN]; stock comercial adicional PENDIENTE,capital de trabajo,
C0-10000,C0,10000,vivo_viajes_anio,,500,,viajes/año,13_logistica/escenarios_logistica.csv (modelo_logistica.py),viajes_dia × días,radio 100 km; 5500 aves/camión (ESCENARIO),DIRECTO,[ESTIMACIÓN],LOG-VIV-*,
C0-10000,C0,10000,vivo_km_anio,,86666.7,,km/año,13_logistica/escenarios_logistica.csv (modelo_logistica.py),km_total_dia × días,radio 100 km; 5500 aves/camión (ESCENARIO),DIRECTO,[ESTIMACIÓN],LOG-VIV-*,
C0-10000,C0,10000,vivo_t_anio,,7271.82,,t/año,13_logistica/escenarios_logistica.csv (modelo_logistica.py),t_vivo_cargado_dia × días,radio 100 km; 5500 aves/camión (ESCENARIO),DIRECTO,[ESTIMACIÓN],LOG-VIV-TER-UNI,
C0-10000,C0,10000,alimento_viajes_anio,,450,,viajes/año,13_logistica/escenarios_logistica.csv (modelo_logistica.py),alimento_viajes_semana × (t_año ÷ t_semana_plena),granelero 28 t; 75 km fábrica–granja (ESCENARIO),DIRECTO,[ESTIMACIÓN],LOG-ALI-*,
C0-10000,C0,10000,alimento_km_anio,,67500,,km/año,13_logistica/escenarios_logistica.csv (modelo_logistica.py),alimento_km_semana × (t_año ÷ t_semana_plena),granelero 28 t; 75 km fábrica–granja (ESCENARIO),DIRECTO,[ESTIMACIÓN],LOG-ALI-*,
C0-10000,C0,10000,pollitos_viajes_anio,,,,viajes/año,13_logistica/escenarios_logistica.csv (modelo_logistica.py),pollitos_viajes_semana (cap_pollitos = None),,PENDIENTE,"PENDIENTE (DPV-047, DPV-084)",LOG-POL-*,
C0-10000,C0,10000,vehiculos_POL,,,,vehículos,19_capex/boq_capex.csv (modelo_capex.py),flota[pollitos].unidades,,PENDIENTE,PENDIENTE,"LOG-POL-PAT, SEG-FLOTA-POL",
C0-10000,C0,10000,vehiculos_HUE,,,,vehículos,19_capex/boq_capex.csv (modelo_capex.py),—,,PENDIENTE,PENDIENTE,"LOG-HUE-PAT, SEG-FLOTA-HUE",
C0-10000,C0,10000,vehiculos_ALI,,,,vehículos,19_capex/boq_capex.csv (modelo_capex.py),flota[alimento].unidades,,PENDIENTE,PENDIENTE,"LOG-ALI-PAT, SEG-FLOTA-ALI",
C0-10000,C0,10000,vehiculos_GRA,,,,vehículos,19_capex/boq_capex.csv (modelo_capex.py),—,,PENDIENTE,PENDIENTE,"LOG-GRA-PAT, SEG-FLOTA-GRA",
C0-10000,C0,10000,vehiculos_VIV,,,,vehículos,19_capex/boq_capex.csv (modelo_capex.py),flota[vivo].unidades,,PENDIENTE,PENDIENTE,"LOG-VIV-PAT, SEG-FLOTA-VIV",
C0-10000,C0,10000,vehiculos_REF,,,,vehículos,19_capex/boq_capex.csv (modelo_capex.py),flota[refrigerado].unidades,,PENDIENTE,PENDIENTE,"LOG-REF-PAT, SEG-FLOTA-REF",
C0-10000,C0,10000,vehiculos_CON,,,,vehículos,19_capex/boq_capex.csv (modelo_capex.py),flota[congelado].unidades,,PENDIENTE,PENDIENTE,"LOG-CON-PAT, SEG-FLOTA-CON",
C0-10000,C0,10000,vehiculos_SUB,,,,vehículos,19_capex/boq_capex.csv (modelo_capex.py),flota[subproductos].unidades,,PENDIENTE,PENDIENTE,"LOG-SUB-PAT, SEG-FLOTA-SUB",
C0-10000,C0,10000,fte_industrial_14a,,77.3512,,FTE,18_recursos_humanos/escenarios_rrhh.csv (modelo_rrhh.py),fte_total,turnos=extendido; autom=semiautomatico; limpieza=propia; mant=propio; lab=propio,CALCULO_MODELO_FUENTE,[SUPUESTO] productividad,"RRHH INDUSTRIAL + estructura + coordinación primaria (14A). NO es el FTE total de una empresa verticalmente integrada: granjas propias, incubación, planta de alimento, reproductoras y rendering no están dimensionados","headcount de nómina PENDIENTE (factor de cobertura no validado); incluye horas de terceros que luego pueden quedar INCLUIDAS en tarifas (faenador, choferes)"
C0-10000,C0,10000,fte_directos_14a,,47.3522,,FTE,18_recursos_humanos/escenarios_rrhh.csv (modelo_rrhh.py),fte_interno + fte_tercerizado (directo),,CALCULO_MODELO_FUENTE,[SUPUESTO],FAE-CUCH,
C0-10000,C0,10000,horas_brecha_jornada_anio,,0,,h-persona/año,18_recursos_humanos/escenarios_rrhh.csv (modelo_rrhh.py),horas_persona_brecha_jornada_dia × días,,CALCULO_MODELO_FUENTE,[ESTIMACIÓN],INFORMATIVO: no son horas extra automáticas (DPV-146),
C0-10000,C0,10000,headcount_nomina,,,,personas,18_recursos_humanos/escenarios_rrhh.csv (modelo_rrhh.py),headcount_nomina,,PENDIENTE,PENDIENTE (factor de cobertura),NO se usa: costeo provisional por FTE,
C0-10000,C0,10000,fraccion_granjas_propias,,0,,fracción,19_capex/boq_capex.csv (modelo_capex.py),fraccion_granjas_propias,,CONSUMIDO_CAPEX,ESCENARIO (SUP-16-09),reparto propia / integrada,
C0-10000,C0,10000,kwh_granja,,,,—,20_opex/modelo_opex.py,—,,PENDIENTE,PENDIENTE: el módulo fuente no lo dimensiona,concepto PENDIENTE_CANTIDAD (no se inventa),
C0-10000,C0,10000,gas_granja,,,,—,20_opex/modelo_opex.py,—,,PENDIENTE,PENDIENTE: el módulo fuente no lo dimensiona,concepto PENDIENTE_CANTIDAD (no se inventa),
C0-10000,C0,10000,cama_t,,,,—,20_opex/modelo_opex.py,—,,PENDIENTE,PENDIENTE: el módulo fuente no lo dimensiona,concepto PENDIENTE_CANTIDAD (no se inventa),
C0-10000,C0,10000,personal_granja,,,,—,20_opex/modelo_opex.py,—,,PENDIENTE,PENDIENTE: el módulo fuente no lo dimensiona,concepto PENDIENTE_CANTIDAD (no se inventa),
C0-10000,C0,10000,personal_incubadora,,,,—,20_opex/modelo_opex.py,—,,PENDIENTE,PENDIENTE: el módulo fuente no lo dimensiona,concepto PENDIENTE_CANTIDAD (no se inventa),
C0-10000,C0,10000,personal_planta_alimento,,,,—,20_opex/modelo_opex.py,—,,PENDIENTE,PENDIENTE: el módulo fuente no lo dimensiona,concepto PENDIENTE_CANTIDAD (no se inventa),
C0-10000,C0,10000,personal_reproductoras,,,,—,20_opex/modelo_opex.py,—,,PENDIENTE,PENDIENTE: el módulo fuente no lo dimensiona,concepto PENDIENTE_CANTIDAD (no se inventa),
C0-10000,C0,10000,personal_rendering,,,,—,20_opex/modelo_opex.py,—,,PENDIENTE,PENDIENTE: el módulo fuente no lo dimensiona,concepto PENDIENTE_CANTIDAD (no se inventa),
C0-10000,C0,10000,kwh_incubadora,,,,—,20_opex/modelo_opex.py,—,,PENDIENTE,PENDIENTE: el módulo fuente no lo dimensiona,concepto PENDIENTE_CANTIDAD (no se inventa),
C0-10000,C0,10000,agua_incubadora,,,,—,20_opex/modelo_opex.py,—,,PENDIENTE,PENDIENTE: el módulo fuente no lo dimensiona,concepto PENDIENTE_CANTIDAD (no se inventa),
C0-10000,C0,10000,kwh_planta_alimento,,,,—,20_opex/modelo_opex.py,—,,PENDIENTE,PENDIENTE: el módulo fuente no lo dimensiona,concepto PENDIENTE_CANTIDAD (no se inventa),
C0-10000,C0,10000,vapor_planta_alimento,,,,—,20_opex/modelo_opex.py,—,,PENDIENTE,PENDIENTE: el módulo fuente no lo dimensiona,concepto PENDIENTE_CANTIDAD (no se inventa),
C0-10000,C0,10000,agua_planta_alimento,,,,—,20_opex/modelo_opex.py,—,,PENDIENTE,PENDIENTE: el módulo fuente no lo dimensiona,concepto PENDIENTE_CANTIDAD (no se inventa),
C0-10000,C0,10000,kwh_rendering,,,,—,20_opex/modelo_opex.py,—,,PENDIENTE,PENDIENTE: el módulo fuente no lo dimensiona,concepto PENDIENTE_CANTIDAD (no se inventa),
C0-10000,C0,10000,lodos_t,,,,—,20_opex/modelo_opex.py,—,,PENDIENTE,PENDIENTE: el módulo fuente no lo dimensiona,concepto PENDIENTE_CANTIDAD (no se inventa),
C0-10000,C0,10000,potencia_contratada_kw,,,,—,20_opex/modelo_opex.py,—,,PENDIENTE,PENDIENTE: el módulo fuente no lo dimensiona,concepto PENDIENTE_CANTIDAD (no se inventa),
C0-20000,C0,20000,dias_operativos_anio,,250,,d/año,19_capex/modelo_capex.py,dias_anio(),,CONSUMIDO_CAPEX,[SUPUESTO] SUP-025,anualización de drivers por día operativo,
C0-20000,C0,20000,semanas_operativas_anio,,50,,semanas/año,20_opex/modelo_opex.py,días operativos ÷ días/semana,,DERIVADO_OPEX,[ESTIMACIÓN],"anualización de drivers semanales de 12B (producto, subproductos)",
C0-20000,C0,20000,aves_faenadas_anio,,5000000,,aves/año,"03_produccion_primaria/escenarios_produccion.csv (modelo_escenarios_produccion.py, vía 14B)",aves_faenadas_anio,"perfil medio, desempeño medio",DIRECTO,[ESTIMACIÓN],"FAE-FACON, FAE-QUIM, empaque",
C0-20000,C0,20000,aves_cargadas_anio,,5.01505e+06,,aves/año,"03_produccion_primaria/escenarios_produccion.csv (modelo_escenarios_produccion.py, vía 14B)",aves_cargadas_anio,"perfil medio, desempeño medio",DIRECTO,[ESTIMACIÓN],"captura, pago por ave",
C0-20000,C0,20000,pollitos_alojados_anio,,5.27899e+06,,pollitos/año,"03_produccion_primaria/escenarios_produccion.csv (modelo_escenarios_produccion.py, vía 14B)",pollitos_alojados_anio,"perfil medio, desempeño medio",DIRECTO,[ESTIMACIÓN],sanidad de crianza,
C0-20000,C0,20000,kg_vivo_cargado_anio,,1.45436e+07,,kg vivo/año,"03_produccion_primaria/escenarios_produccion.csv (modelo_escenarios_produccion.py, vía 14B)",kg_vivo_cargado_anio,"perfil medio, desempeño medio",DIRECTO,[ESTIMACIÓN],pago por kg vivo,
C0-20000,C0,20000,mortalidad_granja_aves_anio,,263950,,aves/año,"03_produccion_primaria/escenarios_produccion.csv (modelo_escenarios_produccion.py, vía 14B)",mortalidad_granja_aves_anio,"perfil medio, desempeño medio",DIRECTO,[ESTIMACIÓN],retiro de mortalidad,
C0-20000,C0,20000,agua_bebida_m3_anio,,44503.5,,m³/año,"03_produccion_primaria/escenarios_produccion.csv (modelo_escenarios_produccion.py, vía 14B)",agua_bebida_m3_anio,"perfil medio, desempeño medio",DIRECTO,[ESTIMACIÓN],agua de granja propia,
C0-20000,C0,20000,ciclos_anio,,5.71048,,ciclos/año,"03_produccion_primaria/escenarios_produccion.csv (modelo_escenarios_produccion.py, vía 14B)",ciclos_anio,"perfil medio, desempeño medio",DIRECTO,[ESTIMACIÓN],limpieza de galpones,
C0-20000,C0,20000,m2_galpon,,75885.1,,m²,"03_produccion_primaria/escenarios_produccion.csv (modelo_escenarios_produccion.py, vía 14B)",m2_galpon,"perfil medio, desempeño medio",DIRECTO,[ESTIMACIÓN],limpieza y bioseguridad de galpones,
C0-20000,C0,20000,inventario_aves_promedio_anual,,662767,,aves,"03_produccion_primaria/escenarios_produccion.csv (modelo_escenarios_produccion.py, vía 14B)",inventario_aves_promedio_anual,"perfil medio, desempeño medio",DIRECTO,[ESTIMACIÓN],activo biológico (capital de trabajo),
C0-20000,C0,20000,pollitos_a_recibir_anio,,5.27899e+06,,pollitos/año,14_alimento_balanceado/escenarios_upstream.csv (modelo_upstream.py),pollitos_a_recibir_anio,margen_pedido = 0 (SUP-142),DIRECTO,[ESTIMACIÓN],POL-COMPRA / base de incubación,
C0-20000,C0,20000,pollitos_a_recibir_semana_plena,,105580,,pollitos/semana,14_alimento_balanceado/escenarios_upstream.csv (modelo_upstream.py),pollitos_a_recibir_semana_plena,,DIRECTO,[ESTIMACIÓN],incubación (14B),
C0-20000,C0,20000,alimento_t_anio,,24724.2,,t/año,14_alimento_balanceado/escenarios_upstream.csv (modelo_upstream.py),alimento_t_anio,,DIRECTO,[ESTIMACIÓN] (03: peso × FCR),alimento comprado / elaborado / materias primas,
C0-20000,C0,20000,alimento_t_semana_plena,,494.483,,t/semana,14_alimento_balanceado/escenarios_upstream.csv (modelo_upstream.py),alimento_t_semana_plena,,DIRECTO,[ESTIMACIÓN],anualización de viajes de alimento,
C0-20000,C0,20000,mp_maiz_t_anio,,14834.5,,t/año,14_alimento_balanceado/escenarios_upstream.csv (modelo_upstream.py),alimento_t_anio × maiz (0.6),,DIRECTO,[SUPUESTO] composición ilustrativa 14B,ALI-MP-*,NO es una fórmula de dieta; mermas aparte (ALI-MERMA)
C0-20000,C0,20000,mp_harina_soja_t_anio,,7417.25,,t/año,14_alimento_balanceado/escenarios_upstream.csv (modelo_upstream.py),alimento_t_anio × harina_soja (0.3),,DIRECTO,[SUPUESTO] composición ilustrativa 14B,ALI-MP-*,NO es una fórmula de dieta; mermas aparte (ALI-MERMA)
C0-20000,C0,20000,mp_resto_t_anio,,2472.42,,t/año,14_alimento_balanceado/escenarios_upstream.csv (modelo_upstream.py),alimento_t_anio × resto (0.1),,DIRECTO,[SUPUESTO] composición ilustrativa 14B,ALI-MP-*,NO es una fórmula de dieta; mermas aparte (ALI-MERMA)
C0-20000,C0,20000,kg_producto_anio,,1.19824e+07,,kg producto/año,05_proceso_industrial/capacidad_proceso.csv (modelo_capacidad_proceso.py),kg_ave_config()['comestible_a_empaque'] × aves/año,,CALCULO_MODELO_FUENTE,[ESTIMACIÓN] balance v1.1,"EMP-* (base comercial; incluye garras y menudencias, 12B)",
C0-20000,C0,20000,refrigerado_t_anio,,10784.2,,t/año,13_logistica/escenarios_logistica.csv (modelo_logistica.py),refrigerado_t_semana × semanas operativas,"perfil P1; 6 despachos refrigerado y 2 congelado/sem; 12 t; 300 km (ESCENARIO, SUP-16-20)",DIRECTO,[ESTIMACIÓN],flujo refrigerado,
C0-20000,C0,20000,refrigerado_viajes_anio,,900,,viajes/año,13_logistica/escenarios_logistica.csv (modelo_logistica.py),refrigerado_viajes_semana × semanas,"perfil P1; 6 despachos refrigerado y 2 congelado/sem; 12 t; 300 km (ESCENARIO, SUP-16-20)",DIRECTO,[ESTIMACIÓN] capacidad de ESCENARIO,LOG-REF-*,
C0-20000,C0,20000,refrigerado_km_anio,,540000,,km/año,13_logistica/escenarios_logistica.csv (modelo_logistica.py),refrigerado_km_dia_despacho × despachos/semana × semanas,"perfil P1; 6 despachos refrigerado y 2 congelado/sem; 12 t; 300 km (ESCENARIO, SUP-16-20)",DIRECTO,[ESTIMACIÓN] troncal; reparto capilar PENDIENTE (DEC-053),LOG-REF-*,
C0-20000,C0,20000,stock_refrigerado_medio_t,,51.3532,,t,13_logistica/escenarios_logistica.csv (modelo_logistica.py),"inventario(t_dia_op, despachos=6): stock_ciclo_medio + seguridad (0)",,CALCULO_MODELO_FUENTE,[ESTIMACIÓN]; stock comercial adicional PENDIENTE,capital de trabajo,
C0-20000,C0,20000,congelado_t_anio,,1198.24,,t/año,13_logistica/escenarios_logistica.csv (modelo_logistica.py),congelado_t_semana × semanas operativas,"perfil P1; 6 despachos refrigerado y 2 congelado/sem; 12 t; 300 km (ESCENARIO, SUP-16-20)",DIRECTO,[ESTIMACIÓN],flujo congelado,
C0-20000,C0,20000,congelado_viajes_anio,,100,,viajes/año,13_logistica/escenarios_logistica.csv (modelo_logistica.py),congelado_viajes_semana × semanas,"perfil P1; 6 despachos refrigerado y 2 congelado/sem; 12 t; 300 km (ESCENARIO, SUP-16-20)",DIRECTO,[ESTIMACIÓN] capacidad de ESCENARIO,LOG-CON-*,
C0-20000,C0,20000,congelado_km_anio,,60000,,km/año,13_logistica/escenarios_logistica.csv (modelo_logistica.py),congelado_km_dia_despacho × despachos/semana × semanas,"perfil P1; 6 despachos refrigerado y 2 congelado/sem; 12 t; 300 km (ESCENARIO, SUP-16-20)",DIRECTO,[ESTIMACIÓN] troncal; reparto capilar PENDIENTE (DEC-053),LOG-CON-*,
C0-20000,C0,20000,stock_congelado_medio_t,,14.0365,,t,13_logistica/escenarios_logistica.csv (modelo_logistica.py),"inventario(t_dia_op, despachos=2): stock_ciclo_medio + seguridad (0)",,CALCULO_MODELO_FUENTE,[ESTIMACIÓN]; stock comercial adicional PENDIENTE,capital de trabajo,
C0-20000,C0,20000,vivo_viajes_anio,,1000,,viajes/año,13_logistica/escenarios_logistica.csv (modelo_logistica.py),viajes_dia × días,radio 100 km; 5500 aves/camión (ESCENARIO),DIRECTO,[ESTIMACIÓN],LOG-VIV-*,
C0-20000,C0,20000,vivo_km_anio,,173333,,km/año,13_logistica/escenarios_logistica.csv (modelo_logistica.py),km_total_dia × días,radio 100 km; 5500 aves/camión (ESCENARIO),DIRECTO,[ESTIMACIÓN],LOG-VIV-*,
C0-20000,C0,20000,vivo_t_anio,,14543.6,,t/año,13_logistica/escenarios_logistica.csv (modelo_logistica.py),t_vivo_cargado_dia × días,radio 100 km; 5500 aves/camión (ESCENARIO),DIRECTO,[ESTIMACIÓN],LOG-VIV-TER-UNI,
C0-20000,C0,20000,alimento_viajes_anio,,900,,viajes/año,13_logistica/escenarios_logistica.csv (modelo_logistica.py),alimento_viajes_semana × (t_año ÷ t_semana_plena),granelero 28 t; 75 km fábrica–granja (ESCENARIO),DIRECTO,[ESTIMACIÓN],LOG-ALI-*,
C0-20000,C0,20000,alimento_km_anio,,135000,,km/año,13_logistica/escenarios_logistica.csv (modelo_logistica.py),alimento_km_semana × (t_año ÷ t_semana_plena),granelero 28 t; 75 km fábrica–granja (ESCENARIO),DIRECTO,[ESTIMACIÓN],LOG-ALI-*,
C0-20000,C0,20000,pollitos_viajes_anio,,,,viajes/año,13_logistica/escenarios_logistica.csv (modelo_logistica.py),pollitos_viajes_semana (cap_pollitos = None),,PENDIENTE,"PENDIENTE (DPV-047, DPV-084)",LOG-POL-*,
C0-20000,C0,20000,vehiculos_POL,,,,vehículos,19_capex/boq_capex.csv (modelo_capex.py),flota[pollitos].unidades,,PENDIENTE,PENDIENTE,"LOG-POL-PAT, SEG-FLOTA-POL",
C0-20000,C0,20000,vehiculos_HUE,,,,vehículos,19_capex/boq_capex.csv (modelo_capex.py),—,,PENDIENTE,PENDIENTE,"LOG-HUE-PAT, SEG-FLOTA-HUE",
C0-20000,C0,20000,vehiculos_ALI,,,,vehículos,19_capex/boq_capex.csv (modelo_capex.py),flota[alimento].unidades,,PENDIENTE,PENDIENTE,"LOG-ALI-PAT, SEG-FLOTA-ALI",
C0-20000,C0,20000,vehiculos_GRA,,,,vehículos,19_capex/boq_capex.csv (modelo_capex.py),—,,PENDIENTE,PENDIENTE,"LOG-GRA-PAT, SEG-FLOTA-GRA",
C0-20000,C0,20000,vehiculos_VIV,,,,vehículos,19_capex/boq_capex.csv (modelo_capex.py),flota[vivo].unidades,,PENDIENTE,PENDIENTE,"LOG-VIV-PAT, SEG-FLOTA-VIV",
C0-20000,C0,20000,vehiculos_REF,,,,vehículos,19_capex/boq_capex.csv (modelo_capex.py),flota[refrigerado].unidades,,PENDIENTE,PENDIENTE,"LOG-REF-PAT, SEG-FLOTA-REF",
C0-20000,C0,20000,vehiculos_CON,,,,vehículos,19_capex/boq_capex.csv (modelo_capex.py),flota[congelado].unidades,,PENDIENTE,PENDIENTE,"LOG-CON-PAT, SEG-FLOTA-CON",
C0-20000,C0,20000,vehiculos_SUB,,,,vehículos,19_capex/boq_capex.csv (modelo_capex.py),flota[subproductos].unidades,,PENDIENTE,PENDIENTE,"LOG-SUB-PAT, SEG-FLOTA-SUB",
C0-20000,C0,20000,fte_industrial_14a,,124.852,,FTE,18_recursos_humanos/escenarios_rrhh.csv (modelo_rrhh.py),fte_total,turnos=extendido; autom=semiautomatico; limpieza=propia; mant=propio; lab=propio,CALCULO_MODELO_FUENTE,[SUPUESTO] productividad,"RRHH INDUSTRIAL + estructura + coordinación primaria (14A). NO es el FTE total de una empresa verticalmente integrada: granjas propias, incubación, planta de alimento, reproductoras y rendering no están dimensionados","headcount de nómina PENDIENTE (factor de cobertura no validado); incluye horas de terceros que luego pueden quedar INCLUIDAS en tarifas (faenador, choferes)"
C0-20000,C0,20000,fte_directos_14a,,80.9972,,FTE,18_recursos_humanos/escenarios_rrhh.csv (modelo_rrhh.py),fte_interno + fte_tercerizado (directo),,CALCULO_MODELO_FUENTE,[SUPUESTO],FAE-CUCH,
C0-20000,C0,20000,horas_brecha_jornada_anio,,0,,h-persona/año,18_recursos_humanos/escenarios_rrhh.csv (modelo_rrhh.py),horas_persona_brecha_jornada_dia × días,,CALCULO_MODELO_FUENTE,[ESTIMACIÓN],INFORMATIVO: no son horas extra automáticas (DPV-146),
C0-20000,C0,20000,headcount_nomina,,,,personas,18_recursos_humanos/escenarios_rrhh.csv (modelo_rrhh.py),headcount_nomina,,PENDIENTE,PENDIENTE (factor de cobertura),NO se usa: costeo provisional por FTE,
C0-20000,C0,20000,fraccion_granjas_propias,,0,,fracción,19_capex/boq_capex.csv (modelo_capex.py),fraccion_granjas_propias,,CONSUMIDO_CAPEX,ESCENARIO (SUP-16-09),reparto propia / integrada,
C0-20000,C0,20000,kwh_granja,,,,—,20_opex/modelo_opex.py,—,,PENDIENTE,PENDIENTE: el módulo fuente no lo dimensiona,concepto PENDIENTE_CANTIDAD (no se inventa),
C0-20000,C0,20000,gas_granja,,,,—,20_opex/modelo_opex.py,—,,PENDIENTE,PENDIENTE: el módulo fuente no lo dimensiona,concepto PENDIENTE_CANTIDAD (no se inventa),
C0-20000,C0,20000,cama_t,,,,—,20_opex/modelo_opex.py,—,,PENDIENTE,PENDIENTE: el módulo fuente no lo dimensiona,concepto PENDIENTE_CANTIDAD (no se inventa),
C0-20000,C0,20000,personal_granja,,,,—,20_opex/modelo_opex.py,—,,PENDIENTE,PENDIENTE: el módulo fuente no lo dimensiona,concepto PENDIENTE_CANTIDAD (no se inventa),
C0-20000,C0,20000,personal_incubadora,,,,—,20_opex/modelo_opex.py,—,,PENDIENTE,PENDIENTE: el módulo fuente no lo dimensiona,concepto PENDIENTE_CANTIDAD (no se inventa),
C0-20000,C0,20000,personal_planta_alimento,,,,—,20_opex/modelo_opex.py,—,,PENDIENTE,PENDIENTE: el módulo fuente no lo dimensiona,concepto PENDIENTE_CANTIDAD (no se inventa),
C0-20000,C0,20000,personal_reproductoras,,,,—,20_opex/modelo_opex.py,—,,PENDIENTE,PENDIENTE: el módulo fuente no lo dimensiona,concepto PENDIENTE_CANTIDAD (no se inventa),
C0-20000,C0,20000,personal_rendering,,,,—,20_opex/modelo_opex.py,—,,PENDIENTE,PENDIENTE: el módulo fuente no lo dimensiona,concepto PENDIENTE_CANTIDAD (no se inventa),
C0-20000,C0,20000,kwh_incubadora,,,,—,20_opex/modelo_opex.py,—,,PENDIENTE,PENDIENTE: el módulo fuente no lo dimensiona,concepto PENDIENTE_CANTIDAD (no se inventa),
C0-20000,C0,20000,agua_incubadora,,,,—,20_opex/modelo_opex.py,—,,PENDIENTE,PENDIENTE: el módulo fuente no lo dimensiona,concepto PENDIENTE_CANTIDAD (no se inventa),
C0-20000,C0,20000,kwh_planta_alimento,,,,—,20_opex/modelo_opex.py,—,,PENDIENTE,PENDIENTE: el módulo fuente no lo dimensiona,concepto PENDIENTE_CANTIDAD (no se inventa),
C0-20000,C0,20000,vapor_planta_alimento,,,,—,20_opex/modelo_opex.py,—,,PENDIENTE,PENDIENTE: el módulo fuente no lo dimensiona,concepto PENDIENTE_CANTIDAD (no se inventa),
C0-20000,C0,20000,agua_planta_alimento,,,,—,20_opex/modelo_opex.py,—,,PENDIENTE,PENDIENTE: el módulo fuente no lo dimensiona,concepto PENDIENTE_CANTIDAD (no se inventa),
C0-20000,C0,20000,kwh_rendering,,,,—,20_opex/modelo_opex.py,—,,PENDIENTE,PENDIENTE: el módulo fuente no lo dimensiona,concepto PENDIENTE_CANTIDAD (no se inventa),
C0-20000,C0,20000,lodos_t,,,,—,20_opex/modelo_opex.py,—,,PENDIENTE,PENDIENTE: el módulo fuente no lo dimensiona,concepto PENDIENTE_CANTIDAD (no se inventa),
C0-20000,C0,20000,potencia_contratada_kw,,,,—,20_opex/modelo_opex.py,—,,PENDIENTE,PENDIENTE: el módulo fuente no lo dimensiona,concepto PENDIENTE_CANTIDAD (no se inventa),
C1-2500,C1,2500,dias_operativos_anio,,250,,d/año,19_capex/modelo_capex.py,dias_anio(),,CONSUMIDO_CAPEX,[SUPUESTO] SUP-025,anualización de drivers por día operativo,
C1-2500,C1,2500,semanas_operativas_anio,,50,,semanas/año,20_opex/modelo_opex.py,días operativos ÷ días/semana,,DERIVADO_OPEX,[ESTIMACIÓN],"anualización de drivers semanales de 12B (producto, subproductos)",
C1-2500,C1,2500,aves_faenadas_anio,,625000,,aves/año,"03_produccion_primaria/escenarios_produccion.csv (modelo_escenarios_produccion.py, vía 14B)",aves_faenadas_anio,"perfil medio, desempeño medio",DIRECTO,[ESTIMACIÓN],"FAE-FACON, FAE-QUIM, empaque",
C1-2500,C1,2500,aves_cargadas_anio,,626881,,aves/año,"03_produccion_primaria/escenarios_produccion.csv (modelo_escenarios_produccion.py, vía 14B)",aves_cargadas_anio,"perfil medio, desempeño medio",DIRECTO,[ESTIMACIÓN],"captura, pago por ave",
C1-2500,C1,2500,pollitos_alojados_anio,,659874,,pollitos/año,"03_produccion_primaria/escenarios_produccion.csv (modelo_escenarios_produccion.py, vía 14B)",pollitos_alojados_anio,"perfil medio, desempeño medio",DIRECTO,[ESTIMACIÓN],sanidad de crianza,
C1-2500,C1,2500,kg_vivo_cargado_anio,,1.81795e+06,,kg vivo/año,"03_produccion_primaria/escenarios_produccion.csv (modelo_escenarios_produccion.py, vía 14B)",kg_vivo_cargado_anio,"perfil medio, desempeño medio",DIRECTO,[ESTIMACIÓN],pago por kg vivo,
C1-2500,C1,2500,mortalidad_granja_aves_anio,,32993.7,,aves/año,"03_produccion_primaria/escenarios_produccion.csv (modelo_escenarios_produccion.py, vía 14B)",mortalidad_granja_aves_anio,"perfil medio, desempeño medio",DIRECTO,[ESTIMACIÓN],retiro de mortalidad,
C1-2500,C1,2500,agua_bebida_m3_anio,,5562.94,,m³/año,"03_produccion_primaria/escenarios_produccion.csv (modelo_escenarios_produccion.py, vía 14B)",agua_bebida_m3_anio,"perfil medio, desempeño medio",DIRECTO,[ESTIMACIÓN],agua de granja propia,
C1-2500,C1,2500,ciclos_anio,,5.71048,,ciclos/año,"03_produccion_primaria/escenarios_produccion.csv (modelo_escenarios_produccion.py, vía 14B)",ciclos_anio,"perfil medio, desempeño medio",DIRECTO,[ESTIMACIÓN],limpieza de galpones,
C1-2500,C1,2500,m2_galpon,,9485.64,,m²,"03_produccion_primaria/escenarios_produccion.csv (modelo_escenarios_produccion.py, vía 14B)",m2_galpon,"perfil medio, desempeño medio",DIRECTO,[ESTIMACIÓN],limpieza y bioseguridad de galpones,
C1-2500,C1,2500,inventario_aves_promedio_anual,,82845.9,,aves,"03_produccion_primaria/escenarios_produccion.csv (modelo_escenarios_produccion.py, vía 14B)",inventario_aves_promedio_anual,"perfil medio, desempeño medio",DIRECTO,[ESTIMACIÓN],activo biológico (capital de trabajo),
C1-2500,C1,2500,pollitos_a_recibir_anio,,659874,,pollitos/año,14_alimento_balanceado/escenarios_upstream.csv (modelo_upstream.py),pollitos_a_recibir_anio,margen_pedido = 0 (SUP-142),DIRECTO,[ESTIMACIÓN],POL-COMPRA / base de incubación,
C1-2500,C1,2500,pollitos_a_recibir_semana_plena,,13197.5,,pollitos/semana,14_alimento_balanceado/escenarios_upstream.csv (modelo_upstream.py),pollitos_a_recibir_semana_plena,,DIRECTO,[ESTIMACIÓN],incubación (14B),
C1-2500,C1,2500,alimento_t_anio,,3090.52,,t/año,14_alimento_balanceado/escenarios_upstream.csv (modelo_upstream.py),alimento_t_anio,,DIRECTO,[ESTIMACIÓN] (03: peso × FCR),alimento comprado / elaborado / materias primas,
C1-2500,C1,2500,alimento_t_semana_plena,,61.8104,,t/semana,14_alimento_balanceado/escenarios_upstream.csv (modelo_upstream.py),alimento_t_semana_plena,,DIRECTO,[ESTIMACIÓN],anualización de viajes de alimento,
C1-2500,C1,2500,mp_maiz_t_anio,,1854.31,,t/año,14_alimento_balanceado/escenarios_upstream.csv (modelo_upstream.py),alimento_t_anio × maiz (0.6),,DIRECTO,[SUPUESTO] composición ilustrativa 14B,ALI-MP-*,NO es una fórmula de dieta; mermas aparte (ALI-MERMA)
C1-2500,C1,2500,mp_harina_soja_t_anio,,927.156,,t/año,14_alimento_balanceado/escenarios_upstream.csv (modelo_upstream.py),alimento_t_anio × harina_soja (0.3),,DIRECTO,[SUPUESTO] composición ilustrativa 14B,ALI-MP-*,NO es una fórmula de dieta; mermas aparte (ALI-MERMA)
C1-2500,C1,2500,mp_resto_t_anio,,309.052,,t/año,14_alimento_balanceado/escenarios_upstream.csv (modelo_upstream.py),alimento_t_anio × resto (0.1),,DIRECTO,[SUPUESTO] composición ilustrativa 14B,ALI-MP-*,NO es una fórmula de dieta; mermas aparte (ALI-MERMA)
C1-2500,C1,2500,kwh_anio,301549,516266,956497,kWh/año,"11_agua_efluentes/escenarios_utilities.csv (modelo_utilities.py, vía 12C)",kwh_total_anio,"perfil P1, 8 h, config. B; nivel bajo/medio/alto de 09C",DIRECTO,[ESTIMACIÓN],"UT-ELE-KWH (incluye frío, aire, bombeo, efluentes aerobios)","UNIVERSO 09C = planta de FAENA; no se extiende a incubación, alimento, granjas ni rendering"
C1-2500,C1,2500,kwh_frio_proceso_anio,95156.2,158594,285469,kWh/año,"11_agua_efluentes/escenarios_utilities.csv (modelo_utilities.py, vía 12C)",kwh_proceso_frio_de_proceso_agua_helada_hielo_dia × 250,"perfil P1, 8 h, config. B; nivel bajo/medio/alto de 09C",DIRECTO,[SUPUESTO] reparto ilustrativo,INFORMATIVO: ya incluido en kwh_anio (no se duplica),"UNIVERSO 09C = planta de FAENA; no se extiende a incubación, alimento, granjas ni rendering"
C1-2500,C1,2500,kwh_congelacion_anio,17973.6,28458.2,38942.9,kWh/año,"11_agua_efluentes/escenarios_utilities.csv (modelo_utilities.py, vía 12C)",kwh_congelacion_dia × 250,"perfil P1, 8 h, config. B; nivel bajo/medio/alto de 09C",DIRECTO,[ESTIMACIÓN],INFORMATIVO: ya incluido en kwh_anio,"UNIVERSO 09C = planta de FAENA; no se extiende a incubación, alimento, granjas ni rendering"
C1-2500,C1,2500,kwh_almacen_frio_anio,7544.43,15088.9,27116.2,kWh/año,"11_agua_efluentes/escenarios_utilities.csv (modelo_utilities.py, vía 12C)",kwh_almacenamiento_frio_dia_calendario × 365,"perfil P1, 8 h, config. B; nivel bajo/medio/alto de 09C",DIRECTO,[ESTIMACIÓN],INFORMATIVO: ya incluido en kwh_anio,"UNIVERSO 09C = planta de FAENA; no se extiende a incubación, alimento, granjas ni rendering"
C1-2500,C1,2500,kwh_efluentes_anio,4156.25,19593.8,74812.5,kWh/año,"11_agua_efluentes/escenarios_utilities.csv (modelo_utilities.py, vía 12C)",kwh_tratamiento_aerobio_dia × 250,"perfil P1, 8 h, config. B; nivel bajo/medio/alto de 09C",DIRECTO,[ESTIMACIÓN],INFORMATIVO: ya incluido en kwh_anio,"UNIVERSO 09C = planta de FAENA; no se extiende a incubación, alimento, granjas ni rendering"
C1-2500,C1,2500,kwh_bombeo_anio,27187.5,45312.5,81562.5,kWh/año,"11_agua_efluentes/escenarios_utilities.csv (modelo_utilities.py, vía 12C)",kwh_proceso_bombas_agua_y_efluentes_dia × 250,"perfil P1, 8 h, config. B; nivel bajo/medio/alto de 09C",DIRECTO,[ESTIMACIÓN],INFORMATIVO: ya incluido en kwh_anio,"UNIVERSO 09C = planta de FAENA; no se extiende a incubación, alimento, granjas ni rendering"
C1-2500,C1,2500,agua_m3_anio,9375,15625,23750,m³/año,"11_agua_efluentes/escenarios_utilities.csv (modelo_utilities.py, vía 12C)",agua_captada_m3_dia × 250,"perfil P1, 8 h, config. B; nivel bajo/medio/alto de 09C",DIRECTO,[ESTIMACIÓN],UT-AGUA-*,"UNIVERSO 09C = planta de FAENA; no se extiende a incubación, alimento, granjas ni rendering"
C1-2500,C1,2500,agua_limpieza_m3_anio,1875,3125,4687.5,m³/año,"11_agua_efluentes/escenarios_utilities.csv (modelo_utilities.py, vía 12C)",agua_limpieza_m3_dia × 250,"perfil P1, 8 h, config. B; nivel bajo/medio/alto de 09C",DIRECTO,[ESTIMACIÓN],INFORMATIVO: ya incluida en agua_m3_anio,"UNIVERSO 09C = planta de FAENA; no se extiende a incubación, alimento, granjas ni rendering"
C1-2500,C1,2500,efluente_m3_anio,7500,13750,22562.5,m³/año,"11_agua_efluentes/escenarios_utilities.csv (modelo_utilities.py, vía 12C)",agua_descargada_m3_dia × 250,"perfil P1, 8 h, config. B; nivel bajo/medio/alto de 09C",DIRECTO,[ESTIMACIÓN],"EF-QUIM, EF-CANON","UNIVERSO 09C = planta de FAENA; no se extiende a incubación, alimento, granjas ni rendering"
C1-2500,C1,2500,energia_termica_kwh_t_anio,94082.4,231587,616831,kWh_t/año,"11_agua_efluentes/escenarios_utilities.csv (modelo_utilities.py, vía 12C)",energia_combustible_kwh_termicos_dia × 250,"perfil P1, 8 h, config. B; nivel bajo/medio/alto de 09C",DIRECTO,[ESTIMACIÓN],UT-TER-* (combustible),"UNIVERSO 09C = planta de FAENA; no se extiende a incubación, alimento, granjas ni rendering"
C1-2500,C1,2500,combustible_gas_natural_anio,8706.85,21432.2,57084.6,m³/año,"11_agua_efluentes/escenarios_utilities.csv (modelo_utilities.py, vía 12C)",equivalente_gas_natural_m3_dia × 250,"perfil P1, 8 h, config. B; nivel bajo/medio/alto de 09C",DIRECTO,[SUPUESTO] PCI,UT-TER (gas_natural) si se elige,"UNIVERSO 09C = planta de FAENA; no se extiende a incubación, alimento, granjas ni rendering"
C1-2500,C1,2500,combustible_glp_anio,7362.97,18124.2,48273.8,kg/año,"11_agua_efluentes/escenarios_utilities.csv (modelo_utilities.py, vía 12C)",equivalente_glp_kg_dia × 250,"perfil P1, 8 h, config. B; nivel bajo/medio/alto de 09C",DIRECTO,[SUPUESTO] PCI,UT-TER (glp) si se elige,"UNIVERSO 09C = planta de FAENA; no se extiende a incubación, alimento, granjas ni rendering"
C1-2500,C1,2500,combustible_biomasa_anio,24192.6,59550.8,158614,kg/año,"11_agua_efluentes/escenarios_utilities.csv (modelo_utilities.py, vía 12C)",equivalente_biomasa_chip_kg_dia × 250,"perfil P1, 8 h, config. B; nivel bajo/medio/alto de 09C",DIRECTO,[SUPUESTO] PCI,UT-TER (biomasa) si se elige,"UNIVERSO 09C = planta de FAENA; no se extiende a incubación, alimento, granjas ni rendering"
C1-2500,C1,2500,subproducto_sangre_t_anio,52.3813,52.3813,52.3813,t/año,"11_agua_efluentes/escenarios_utilities.csv (modelo_utilities.py, vía 12C)",segregable_sangre_recuperada_t_dia × 250,"perfil P1, 8 h, config. B; nivel bajo/medio/alto de 09C",DIRECTO,[ESTIMACIÓN],SUB-RET-SANGRE,"UNIVERSO 09C = planta de FAENA; no se extiende a incubación, alimento, granjas ni rendering"
C1-2500,C1,2500,subproducto_plumas_t_anio,150.8,150.8,150.8,t/año,"11_agua_efluentes/escenarios_utilities.csv (modelo_utilities.py, vía 12C)",segregable_plumas_t_dia × 250,"perfil P1, 8 h, config. B; nivel bajo/medio/alto de 09C",DIRECTO,[ESTIMACIÓN],SUB-RET-PLUMAS,"UNIVERSO 09C = planta de FAENA; no se extiende a incubación, alimento, granjas ni rendering"
C1-2500,C1,2500,subproducto_visceras_t_anio,81.5625,81.5625,81.5625,t/año,"11_agua_efluentes/escenarios_utilities.csv (modelo_utilities.py, vía 12C)",segregable_visceras_t_dia × 250,"perfil P1, 8 h, config. B; nivel bajo/medio/alto de 09C",DIRECTO,[ESTIMACIÓN],SUB-RET-VISCERAS,"UNIVERSO 09C = planta de FAENA; no se extiende a incubación, alimento, granjas ni rendering"
C1-2500,C1,2500,subproducto_cabezas_t_anio,45.3125,45.3125,45.3125,t/año,"11_agua_efluentes/escenarios_utilities.csv (modelo_utilities.py, vía 12C)",segregable_cabeza_t_dia × 250,"perfil P1, 8 h, config. B; nivel bajo/medio/alto de 09C",DIRECTO,[ESTIMACIÓN],SUB-RET-CABEZAS,"UNIVERSO 09C = planta de FAENA; no se extiende a incubación, alimento, granjas ni rendering"
C1-2500,C1,2500,decomisos_t_anio,,25.0901,,t/año,04_balance_masa/escenarios_balance.csv (modelo_balance_masa.py),Σ filas 'decomiso*' de balance() × aves/año,,CALCULO_MODELO_FUENTE,[ESTIMACIÓN] condenas medias,SUB-RET-DECOMISOS,
C1-2500,C1,2500,kg_producto_anio,,1.4978e+06,,kg producto/año,05_proceso_industrial/capacidad_proceso.csv (modelo_capacidad_proceso.py),kg_ave_config()['comestible_a_empaque'] × aves/año,,CALCULO_MODELO_FUENTE,[ESTIMACIÓN] balance v1.1,"EMP-* (base comercial; incluye garras y menudencias, 12B)",
C1-2500,C1,2500,refrigerado_t_anio,,1348.02,,t/año,13_logistica/escenarios_logistica.csv (modelo_logistica.py),refrigerado_t_semana × semanas operativas,"perfil P1; 6 despachos refrigerado y 2 congelado/sem; 12 t; 300 km (ESCENARIO, SUP-16-20)",DIRECTO,[ESTIMACIÓN],flujo refrigerado,
C1-2500,C1,2500,refrigerado_viajes_anio,,300,,viajes/año,13_logistica/escenarios_logistica.csv (modelo_logistica.py),refrigerado_viajes_semana × semanas,"perfil P1; 6 despachos refrigerado y 2 congelado/sem; 12 t; 300 km (ESCENARIO, SUP-16-20)",DIRECTO,[ESTIMACIÓN] capacidad de ESCENARIO,LOG-REF-*,
C1-2500,C1,2500,refrigerado_km_anio,,180000,,km/año,13_logistica/escenarios_logistica.csv (modelo_logistica.py),refrigerado_km_dia_despacho × despachos/semana × semanas,"perfil P1; 6 despachos refrigerado y 2 congelado/sem; 12 t; 300 km (ESCENARIO, SUP-16-20)",DIRECTO,[ESTIMACIÓN] troncal; reparto capilar PENDIENTE (DEC-053),LOG-REF-*,
C1-2500,C1,2500,stock_refrigerado_medio_t,,6.41915,,t,13_logistica/escenarios_logistica.csv (modelo_logistica.py),"inventario(t_dia_op, despachos=6): stock_ciclo_medio + seguridad (0)",,CALCULO_MODELO_FUENTE,[ESTIMACIÓN]; stock comercial adicional PENDIENTE,capital de trabajo,
C1-2500,C1,2500,congelado_t_anio,,149.78,,t/año,13_logistica/escenarios_logistica.csv (modelo_logistica.py),congelado_t_semana × semanas operativas,"perfil P1; 6 despachos refrigerado y 2 congelado/sem; 12 t; 300 km (ESCENARIO, SUP-16-20)",DIRECTO,[ESTIMACIÓN],flujo congelado,
C1-2500,C1,2500,congelado_viajes_anio,,100,,viajes/año,13_logistica/escenarios_logistica.csv (modelo_logistica.py),congelado_viajes_semana × semanas,"perfil P1; 6 despachos refrigerado y 2 congelado/sem; 12 t; 300 km (ESCENARIO, SUP-16-20)",DIRECTO,[ESTIMACIÓN] capacidad de ESCENARIO,LOG-CON-*,
C1-2500,C1,2500,congelado_km_anio,,60000,,km/año,13_logistica/escenarios_logistica.csv (modelo_logistica.py),congelado_km_dia_despacho × despachos/semana × semanas,"perfil P1; 6 despachos refrigerado y 2 congelado/sem; 12 t; 300 km (ESCENARIO, SUP-16-20)",DIRECTO,[ESTIMACIÓN] troncal; reparto capilar PENDIENTE (DEC-053),LOG-CON-*,
C1-2500,C1,2500,stock_congelado_medio_t,,1.75457,,t,13_logistica/escenarios_logistica.csv (modelo_logistica.py),"inventario(t_dia_op, despachos=2): stock_ciclo_medio + seguridad (0)",,CALCULO_MODELO_FUENTE,[ESTIMACIÓN]; stock comercial adicional PENDIENTE,capital de trabajo,
C1-2500,C1,2500,vivo_viajes_anio,,250,,viajes/año,13_logistica/escenarios_logistica.csv (modelo_logistica.py),viajes_dia × días,radio 100 km; 5500 aves/camión (ESCENARIO),DIRECTO,[ESTIMACIÓN],LOG-VIV-*,
C1-2500,C1,2500,vivo_km_anio,,43333.3,,km/año,13_logistica/escenarios_logistica.csv (modelo_logistica.py),km_total_dia × días,radio 100 km; 5500 aves/camión (ESCENARIO),DIRECTO,[ESTIMACIÓN],LOG-VIV-*,
C1-2500,C1,2500,vivo_t_anio,,1817.95,,t/año,13_logistica/escenarios_logistica.csv (modelo_logistica.py),t_vivo_cargado_dia × días,radio 100 km; 5500 aves/camión (ESCENARIO),DIRECTO,[ESTIMACIÓN],LOG-VIV-TER-UNI,
C1-2500,C1,2500,alimento_viajes_anio,,150,,viajes/año,13_logistica/escenarios_logistica.csv (modelo_logistica.py),alimento_viajes_semana × (t_año ÷ t_semana_plena),granelero 28 t; 75 km fábrica–granja (ESCENARIO),DIRECTO,[ESTIMACIÓN],LOG-ALI-*,
C1-2500,C1,2500,alimento_km_anio,,22500,,km/año,13_logistica/escenarios_logistica.csv (modelo_logistica.py),alimento_km_semana × (t_año ÷ t_semana_plena),granelero 28 t; 75 km fábrica–granja (ESCENARIO),DIRECTO,[ESTIMACIÓN],LOG-ALI-*,
C1-2500,C1,2500,pollitos_viajes_anio,,,,viajes/año,13_logistica/escenarios_logistica.csv (modelo_logistica.py),pollitos_viajes_semana (cap_pollitos = None),,PENDIENTE,"PENDIENTE (DPV-047, DPV-084)",LOG-POL-*,
C1-2500,C1,2500,subproductos_viajes_anio,,1000,,viajes/año,13_logistica/escenarios_logistica.csv (modelo_logistica.py),Σ viajes_semana_criterio_masa × semanas,,CALCULO_MODELO_FUENTE,"COTA INFERIOR (volumétrico PENDIENTE, DPV-135)",LOG-SUB-*,
C1-2500,C1,2500,subproductos_km_anio,,100000,,km/año,13_logistica/escenarios_logistica.csv (modelo_logistica.py),Σ km_semana_criterio_masa × semanas,,CALCULO_MODELO_FUENTE,COTA INFERIOR,LOG-SUB-*,
C1-2500,C1,2500,subproductos_t_anio,,380.22,,t/año,13_logistica/escenarios_logistica.csv (modelo_logistica.py),Σ t_semana × semanas,,CALCULO_MODELO_FUENTE,[ESTIMACIÓN],LOG-SUB-TER-UNI,
C1-2500,C1,2500,vehiculos_POL,,,,vehículos,19_capex/boq_capex.csv (modelo_capex.py),flota[pollitos].unidades,,PENDIENTE,PENDIENTE,"LOG-POL-PAT, SEG-FLOTA-POL",
C1-2500,C1,2500,vehiculos_HUE,,,,vehículos,19_capex/boq_capex.csv (modelo_capex.py),—,,PENDIENTE,PENDIENTE,"LOG-HUE-PAT, SEG-FLOTA-HUE",
C1-2500,C1,2500,vehiculos_ALI,,,,vehículos,19_capex/boq_capex.csv (modelo_capex.py),flota[alimento].unidades,,PENDIENTE,PENDIENTE,"LOG-ALI-PAT, SEG-FLOTA-ALI",
C1-2500,C1,2500,vehiculos_GRA,,,,vehículos,19_capex/boq_capex.csv (modelo_capex.py),—,,PENDIENTE,PENDIENTE,"LOG-GRA-PAT, SEG-FLOTA-GRA",
C1-2500,C1,2500,vehiculos_VIV,,,,vehículos,19_capex/boq_capex.csv (modelo_capex.py),flota[vivo].unidades,,PENDIENTE,PENDIENTE,"LOG-VIV-PAT, SEG-FLOTA-VIV",
C1-2500,C1,2500,vehiculos_REF,,,,vehículos,19_capex/boq_capex.csv (modelo_capex.py),flota[refrigerado].unidades,,PENDIENTE,PENDIENTE,"LOG-REF-PAT, SEG-FLOTA-REF",
C1-2500,C1,2500,vehiculos_CON,,,,vehículos,19_capex/boq_capex.csv (modelo_capex.py),flota[congelado].unidades,,PENDIENTE,PENDIENTE,"LOG-CON-PAT, SEG-FLOTA-CON",
C1-2500,C1,2500,vehiculos_SUB,,,,vehículos,19_capex/boq_capex.csv (modelo_capex.py),flota[subproductos].unidades,,PENDIENTE,PENDIENTE,"LOG-SUB-PAT, SEG-FLOTA-SUB",
C1-2500,C1,2500,fte_industrial_14a,,51.4575,,FTE,18_recursos_humanos/escenarios_rrhh.csv (modelo_rrhh.py),fte_total,turnos=extendido; autom=semiautomatico; limpieza=propia; mant=propio; lab=propio,CALCULO_MODELO_FUENTE,[SUPUESTO] productividad,"RRHH INDUSTRIAL + estructura + coordinación primaria (14A). NO es el FTE total de una empresa verticalmente integrada: granjas propias, incubación, planta de alimento, reproductoras y rendering no están dimensionados","headcount de nómina PENDIENTE (factor de cobertura no validado); incluye horas de terceros que luego pueden quedar INCLUIDAS en tarifas (faenador, choferes)"
C1-2500,C1,2500,fte_directos_14a,,22.43,,FTE,18_recursos_humanos/escenarios_rrhh.csv (modelo_rrhh.py),fte_interno + fte_tercerizado (directo),,CALCULO_MODELO_FUENTE,[SUPUESTO],FAE-CUCH,
C1-2500,C1,2500,horas_brecha_jornada_anio,,11321.1,,h-persona/año,18_recursos_humanos/escenarios_rrhh.csv (modelo_rrhh.py),horas_persona_brecha_jornada_dia × días,,CALCULO_MODELO_FUENTE,[ESTIMACIÓN],INFORMATIVO: no son horas extra automáticas (DPV-146),
C1-2500,C1,2500,headcount_nomina,,,,personas,18_recursos_humanos/escenarios_rrhh.csv (modelo_rrhh.py),headcount_nomina,,PENDIENTE,PENDIENTE (factor de cobertura),NO se usa: costeo provisional por FTE,
C1-2500,C1,2500,fraccion_granjas_propias,,0,,fracción,19_capex/boq_capex.csv (modelo_capex.py),fraccion_granjas_propias,,CONSUMIDO_CAPEX,ESCENARIO (SUP-16-09),reparto propia / integrada,
C1-2500,C1,2500,kwh_granja,,,,—,20_opex/modelo_opex.py,—,,PENDIENTE,PENDIENTE: el módulo fuente no lo dimensiona,concepto PENDIENTE_CANTIDAD (no se inventa),
C1-2500,C1,2500,gas_granja,,,,—,20_opex/modelo_opex.py,—,,PENDIENTE,PENDIENTE: el módulo fuente no lo dimensiona,concepto PENDIENTE_CANTIDAD (no se inventa),
C1-2500,C1,2500,cama_t,,,,—,20_opex/modelo_opex.py,—,,PENDIENTE,PENDIENTE: el módulo fuente no lo dimensiona,concepto PENDIENTE_CANTIDAD (no se inventa),
C1-2500,C1,2500,personal_granja,,,,—,20_opex/modelo_opex.py,—,,PENDIENTE,PENDIENTE: el módulo fuente no lo dimensiona,concepto PENDIENTE_CANTIDAD (no se inventa),
C1-2500,C1,2500,personal_incubadora,,,,—,20_opex/modelo_opex.py,—,,PENDIENTE,PENDIENTE: el módulo fuente no lo dimensiona,concepto PENDIENTE_CANTIDAD (no se inventa),
C1-2500,C1,2500,personal_planta_alimento,,,,—,20_opex/modelo_opex.py,—,,PENDIENTE,PENDIENTE: el módulo fuente no lo dimensiona,concepto PENDIENTE_CANTIDAD (no se inventa),
C1-2500,C1,2500,personal_reproductoras,,,,—,20_opex/modelo_opex.py,—,,PENDIENTE,PENDIENTE: el módulo fuente no lo dimensiona,concepto PENDIENTE_CANTIDAD (no se inventa),
C1-2500,C1,2500,personal_rendering,,,,—,20_opex/modelo_opex.py,—,,PENDIENTE,PENDIENTE: el módulo fuente no lo dimensiona,concepto PENDIENTE_CANTIDAD (no se inventa),
C1-2500,C1,2500,kwh_incubadora,,,,—,20_opex/modelo_opex.py,—,,PENDIENTE,PENDIENTE: el módulo fuente no lo dimensiona,concepto PENDIENTE_CANTIDAD (no se inventa),
C1-2500,C1,2500,agua_incubadora,,,,—,20_opex/modelo_opex.py,—,,PENDIENTE,PENDIENTE: el módulo fuente no lo dimensiona,concepto PENDIENTE_CANTIDAD (no se inventa),
C1-2500,C1,2500,kwh_planta_alimento,,,,—,20_opex/modelo_opex.py,—,,PENDIENTE,PENDIENTE: el módulo fuente no lo dimensiona,concepto PENDIENTE_CANTIDAD (no se inventa),
C1-2500,C1,2500,vapor_planta_alimento,,,,—,20_opex/modelo_opex.py,—,,PENDIENTE,PENDIENTE: el módulo fuente no lo dimensiona,concepto PENDIENTE_CANTIDAD (no se inventa),
C1-2500,C1,2500,agua_planta_alimento,,,,—,20_opex/modelo_opex.py,—,,PENDIENTE,PENDIENTE: el módulo fuente no lo dimensiona,concepto PENDIENTE_CANTIDAD (no se inventa),
C1-2500,C1,2500,kwh_rendering,,,,—,20_opex/modelo_opex.py,—,,PENDIENTE,PENDIENTE: el módulo fuente no lo dimensiona,concepto PENDIENTE_CANTIDAD (no se inventa),
C1-2500,C1,2500,lodos_t,,,,—,20_opex/modelo_opex.py,—,,PENDIENTE,PENDIENTE: el módulo fuente no lo dimensiona,concepto PENDIENTE_CANTIDAD (no se inventa),
C1-2500,C1,2500,potencia_contratada_kw,,,,—,20_opex/modelo_opex.py,—,,PENDIENTE,PENDIENTE: el módulo fuente no lo dimensiona,concepto PENDIENTE_CANTIDAD (no se inventa),
C1-5000,C1,5000,dias_operativos_anio,,250,,d/año,19_capex/modelo_capex.py,dias_anio(),,CONSUMIDO_CAPEX,[SUPUESTO] SUP-025,anualización de drivers por día operativo,
C1-5000,C1,5000,semanas_operativas_anio,,50,,semanas/año,20_opex/modelo_opex.py,días operativos ÷ días/semana,,DERIVADO_OPEX,[ESTIMACIÓN],"anualización de drivers semanales de 12B (producto, subproductos)",
C1-5000,C1,5000,aves_faenadas_anio,,1250000,,aves/año,"03_produccion_primaria/escenarios_produccion.csv (modelo_escenarios_produccion.py, vía 14B)",aves_faenadas_anio,"perfil medio, desempeño medio",DIRECTO,[ESTIMACIÓN],"FAE-FACON, FAE-QUIM, empaque",
C1-5000,C1,5000,aves_cargadas_anio,,1.25376e+06,,aves/año,"03_produccion_primaria/escenarios_produccion.csv (modelo_escenarios_produccion.py, vía 14B)",aves_cargadas_anio,"perfil medio, desempeño medio",DIRECTO,[ESTIMACIÓN],"captura, pago por ave",
C1-5000,C1,5000,pollitos_alojados_anio,,1.31975e+06,,pollitos/año,"03_produccion_primaria/escenarios_produccion.csv (modelo_escenarios_produccion.py, vía 14B)",pollitos_alojados_anio,"perfil medio, desempeño medio",DIRECTO,[ESTIMACIÓN],sanidad de crianza,
C1-5000,C1,5000,kg_vivo_cargado_anio,,3.63591e+06,,kg vivo/año,"03_produccion_primaria/escenarios_produccion.csv (modelo_escenarios_produccion.py, vía 14B)",kg_vivo_cargado_anio,"perfil medio, desempeño medio",DIRECTO,[ESTIMACIÓN],pago por kg vivo,
C1-5000,C1,5000,mortalidad_granja_aves_anio,,65987.4,,aves/año,"03_produccion_primaria/escenarios_produccion.csv (modelo_escenarios_produccion.py, vía 14B)",mortalidad_granja_aves_anio,"perfil medio, desempeño medio",DIRECTO,[ESTIMACIÓN],retiro de mortalidad,
C1-5000,C1,5000,agua_bebida_m3_anio,,11125.9,,m³/año,"03_produccion_primaria/escenarios_produccion.csv (modelo_escenarios_produccion.py, vía 14B)",agua_bebida_m3_anio,"perfil medio, desempeño medio",DIRECTO,[ESTIMACIÓN],agua de granja propia,
C1-5000,C1,5000,ciclos_anio,,5.71048,,ciclos/año,"03_produccion_primaria/escenarios_produccion.csv (modelo_escenarios_produccion.py, vía 14B)",ciclos_anio,"perfil medio, desempeño medio",DIRECTO,[ESTIMACIÓN],limpieza de galpones,
C1-5000,C1,5000,m2_galpon,,18971.3,,m²,"03_produccion_primaria/escenarios_produccion.csv (modelo_escenarios_produccion.py, vía 14B)",m2_galpon,"perfil medio, desempeño medio",DIRECTO,[ESTIMACIÓN],limpieza y bioseguridad de galpones,
C1-5000,C1,5000,inventario_aves_promedio_anual,,165692,,aves,"03_produccion_primaria/escenarios_produccion.csv (modelo_escenarios_produccion.py, vía 14B)",inventario_aves_promedio_anual,"perfil medio, desempeño medio",DIRECTO,[ESTIMACIÓN],activo biológico (capital de trabajo),
C1-5000,C1,5000,pollitos_a_recibir_anio,,1.31975e+06,,pollitos/año,14_alimento_balanceado/escenarios_upstream.csv (modelo_upstream.py),pollitos_a_recibir_anio,margen_pedido = 0 (SUP-142),DIRECTO,[ESTIMACIÓN],POL-COMPRA / base de incubación,
C1-5000,C1,5000,pollitos_a_recibir_semana_plena,,26395,,pollitos/semana,14_alimento_balanceado/escenarios_upstream.csv (modelo_upstream.py),pollitos_a_recibir_semana_plena,,DIRECTO,[ESTIMACIÓN],incubación (14B),
C1-5000,C1,5000,alimento_t_anio,,6181.04,,t/año,14_alimento_balanceado/escenarios_upstream.csv (modelo_upstream.py),alimento_t_anio,,DIRECTO,[ESTIMACIÓN] (03: peso × FCR),alimento comprado / elaborado / materias primas,
C1-5000,C1,5000,alimento_t_semana_plena,,123.621,,t/semana,14_alimento_balanceado/escenarios_upstream.csv (modelo_upstream.py),alimento_t_semana_plena,,DIRECTO,[ESTIMACIÓN],anualización de viajes de alimento,
C1-5000,C1,5000,mp_maiz_t_anio,,3708.63,,t/año,14_alimento_balanceado/escenarios_upstream.csv (modelo_upstream.py),alimento_t_anio × maiz (0.6),,DIRECTO,[SUPUESTO] composición ilustrativa 14B,ALI-MP-*,NO es una fórmula de dieta; mermas aparte (ALI-MERMA)
C1-5000,C1,5000,mp_harina_soja_t_anio,,1854.31,,t/año,14_alimento_balanceado/escenarios_upstream.csv (modelo_upstream.py),alimento_t_anio × harina_soja (0.3),,DIRECTO,[SUPUESTO] composición ilustrativa 14B,ALI-MP-*,NO es una fórmula de dieta; mermas aparte (ALI-MERMA)
C1-5000,C1,5000,mp_resto_t_anio,,618.104,,t/año,14_alimento_balanceado/escenarios_upstream.csv (modelo_upstream.py),alimento_t_anio × resto (0.1),,DIRECTO,[SUPUESTO] composición ilustrativa 14B,ALI-MP-*,NO es una fórmula de dieta; mermas aparte (ALI-MERMA)
C1-5000,C1,5000,kwh_anio,603099,1.03253e+06,1.91299e+06,kWh/año,"11_agua_efluentes/escenarios_utilities.csv (modelo_utilities.py, vía 12C)",kwh_total_anio,"perfil P1, 8 h, config. B; nivel bajo/medio/alto de 09C",DIRECTO,[ESTIMACIÓN],"UT-ELE-KWH (incluye frío, aire, bombeo, efluentes aerobios)","UNIVERSO 09C = planta de FAENA; no se extiende a incubación, alimento, granjas ni rendering"
C1-5000,C1,5000,kwh_frio_proceso_anio,190312,317188,570938,kWh/año,"11_agua_efluentes/escenarios_utilities.csv (modelo_utilities.py, vía 12C)",kwh_proceso_frio_de_proceso_agua_helada_hielo_dia × 250,"perfil P1, 8 h, config. B; nivel bajo/medio/alto de 09C",DIRECTO,[SUPUESTO] reparto ilustrativo,INFORMATIVO: ya incluido en kwh_anio (no se duplica),"UNIVERSO 09C = planta de FAENA; no se extiende a incubación, alimento, granjas ni rendering"
C1-5000,C1,5000,kwh_congelacion_anio,35947.3,56916.5,77885.7,kWh/año,"11_agua_efluentes/escenarios_utilities.csv (modelo_utilities.py, vía 12C)",kwh_congelacion_dia × 250,"perfil P1, 8 h, config. B; nivel bajo/medio/alto de 09C",DIRECTO,[ESTIMACIÓN],INFORMATIVO: ya incluido en kwh_anio,"UNIVERSO 09C = planta de FAENA; no se extiende a incubación, alimento, granjas ni rendering"
C1-5000,C1,5000,kwh_almacen_frio_anio,15088.9,30177.7,54232.4,kWh/año,"11_agua_efluentes/escenarios_utilities.csv (modelo_utilities.py, vía 12C)",kwh_almacenamiento_frio_dia_calendario × 365,"perfil P1, 8 h, config. B; nivel bajo/medio/alto de 09C",DIRECTO,[ESTIMACIÓN],INFORMATIVO: ya incluido en kwh_anio,"UNIVERSO 09C = planta de FAENA; no se extiende a incubación, alimento, granjas ni rendering"
C1-5000,C1,5000,kwh_efluentes_anio,8312.5,39187.5,149625,kWh/año,"11_agua_efluentes/escenarios_utilities.csv (modelo_utilities.py, vía 12C)",kwh_tratamiento_aerobio_dia × 250,"perfil P1, 8 h, config. B; nivel bajo/medio/alto de 09C",DIRECTO,[ESTIMACIÓN],INFORMATIVO: ya incluido en kwh_anio,"UNIVERSO 09C = planta de FAENA; no se extiende a incubación, alimento, granjas ni rendering"
C1-5000,C1,5000,kwh_bombeo_anio,54375,90625,163125,kWh/año,"11_agua_efluentes/escenarios_utilities.csv (modelo_utilities.py, vía 12C)",kwh_proceso_bombas_agua_y_efluentes_dia × 250,"perfil P1, 8 h, config. B; nivel bajo/medio/alto de 09C",DIRECTO,[ESTIMACIÓN],INFORMATIVO: ya incluido en kwh_anio,"UNIVERSO 09C = planta de FAENA; no se extiende a incubación, alimento, granjas ni rendering"
C1-5000,C1,5000,agua_m3_anio,18750,31250,47500,m³/año,"11_agua_efluentes/escenarios_utilities.csv (modelo_utilities.py, vía 12C)",agua_captada_m3_dia × 250,"perfil P1, 8 h, config. B; nivel bajo/medio/alto de 09C",DIRECTO,[ESTIMACIÓN],UT-AGUA-*,"UNIVERSO 09C = planta de FAENA; no se extiende a incubación, alimento, granjas ni rendering"
C1-5000,C1,5000,agua_limpieza_m3_anio,3750,6250,9375,m³/año,"11_agua_efluentes/escenarios_utilities.csv (modelo_utilities.py, vía 12C)",agua_limpieza_m3_dia × 250,"perfil P1, 8 h, config. B; nivel bajo/medio/alto de 09C",DIRECTO,[ESTIMACIÓN],INFORMATIVO: ya incluida en agua_m3_anio,"UNIVERSO 09C = planta de FAENA; no se extiende a incubación, alimento, granjas ni rendering"
C1-5000,C1,5000,efluente_m3_anio,15000,27500,45125,m³/año,"11_agua_efluentes/escenarios_utilities.csv (modelo_utilities.py, vía 12C)",agua_descargada_m3_dia × 250,"perfil P1, 8 h, config. B; nivel bajo/medio/alto de 09C",DIRECTO,[ESTIMACIÓN],"EF-QUIM, EF-CANON","UNIVERSO 09C = planta de FAENA; no se extiende a incubación, alimento, granjas ni rendering"
C1-5000,C1,5000,energia_termica_kwh_t_anio,188165,463173,1.23366e+06,kWh_t/año,"11_agua_efluentes/escenarios_utilities.csv (modelo_utilities.py, vía 12C)",energia_combustible_kwh_termicos_dia × 250,"perfil P1, 8 h, config. B; nivel bajo/medio/alto de 09C",DIRECTO,[ESTIMACIÓN],UT-TER-* (combustible),"UNIVERSO 09C = planta de FAENA; no se extiende a incubación, alimento, granjas ni rendering"
C1-5000,C1,5000,combustible_gas_natural_anio,17413.7,42864.4,114169,m³/año,"11_agua_efluentes/escenarios_utilities.csv (modelo_utilities.py, vía 12C)",equivalente_gas_natural_m3_dia × 250,"perfil P1, 8 h, config. B; nivel bajo/medio/alto de 09C",DIRECTO,[SUPUESTO] PCI,UT-TER (gas_natural) si se elige,"UNIVERSO 09C = planta de FAENA; no se extiende a incubación, alimento, granjas ni rendering"
C1-5000,C1,5000,combustible_glp_anio,14725.9,36248.3,96547.5,kg/año,"11_agua_efluentes/escenarios_utilities.csv (modelo_utilities.py, vía 12C)",equivalente_glp_kg_dia × 250,"perfil P1, 8 h, config. B; nivel bajo/medio/alto de 09C",DIRECTO,[SUPUESTO] PCI,UT-TER (glp) si se elige,"UNIVERSO 09C = planta de FAENA; no se extiende a incubación, alimento, granjas ni rendering"
C1-5000,C1,5000,combustible_biomasa_anio,48385.2,119102,317228,kg/año,"11_agua_efluentes/escenarios_utilities.csv (modelo_utilities.py, vía 12C)",equivalente_biomasa_chip_kg_dia × 250,"perfil P1, 8 h, config. B; nivel bajo/medio/alto de 09C",DIRECTO,[SUPUESTO] PCI,UT-TER (biomasa) si se elige,"UNIVERSO 09C = planta de FAENA; no se extiende a incubación, alimento, granjas ni rendering"
C1-5000,C1,5000,subproducto_sangre_t_anio,104.763,104.763,104.763,t/año,"11_agua_efluentes/escenarios_utilities.csv (modelo_utilities.py, vía 12C)",segregable_sangre_recuperada_t_dia × 250,"perfil P1, 8 h, config. B; nivel bajo/medio/alto de 09C",DIRECTO,[ESTIMACIÓN],SUB-RET-SANGRE,"UNIVERSO 09C = planta de FAENA; no se extiende a incubación, alimento, granjas ni rendering"
C1-5000,C1,5000,subproducto_plumas_t_anio,301.6,301.6,301.6,t/año,"11_agua_efluentes/escenarios_utilities.csv (modelo_utilities.py, vía 12C)",segregable_plumas_t_dia × 250,"perfil P1, 8 h, config. B; nivel bajo/medio/alto de 09C",DIRECTO,[ESTIMACIÓN],SUB-RET-PLUMAS,"UNIVERSO 09C = planta de FAENA; no se extiende a incubación, alimento, granjas ni rendering"
C1-5000,C1,5000,subproducto_visceras_t_anio,163.125,163.125,163.125,t/año,"11_agua_efluentes/escenarios_utilities.csv (modelo_utilities.py, vía 12C)",segregable_visceras_t_dia × 250,"perfil P1, 8 h, config. B; nivel bajo/medio/alto de 09C",DIRECTO,[ESTIMACIÓN],SUB-RET-VISCERAS,"UNIVERSO 09C = planta de FAENA; no se extiende a incubación, alimento, granjas ni rendering"
C1-5000,C1,5000,subproducto_cabezas_t_anio,90.625,90.625,90.625,t/año,"11_agua_efluentes/escenarios_utilities.csv (modelo_utilities.py, vía 12C)",segregable_cabeza_t_dia × 250,"perfil P1, 8 h, config. B; nivel bajo/medio/alto de 09C",DIRECTO,[ESTIMACIÓN],SUB-RET-CABEZAS,"UNIVERSO 09C = planta de FAENA; no se extiende a incubación, alimento, granjas ni rendering"
C1-5000,C1,5000,decomisos_t_anio,,50.1801,,t/año,04_balance_masa/escenarios_balance.csv (modelo_balance_masa.py),Σ filas 'decomiso*' de balance() × aves/año,,CALCULO_MODELO_FUENTE,[ESTIMACIÓN] condenas medias,SUB-RET-DECOMISOS,
C1-5000,C1,5000,kg_producto_anio,,2.9956e+06,,kg producto/año,05_proceso_industrial/capacidad_proceso.csv (modelo_capacidad_proceso.py),kg_ave_config()['comestible_a_empaque'] × aves/año,,CALCULO_MODELO_FUENTE,[ESTIMACIÓN] balance v1.1,"EMP-* (base comercial; incluye garras y menudencias, 12B)",
C1-5000,C1,5000,refrigerado_t_anio,,2696.04,,t/año,13_logistica/escenarios_logistica.csv (modelo_logistica.py),refrigerado_t_semana × semanas operativas,"perfil P1; 6 despachos refrigerado y 2 congelado/sem; 12 t; 300 km (ESCENARIO, SUP-16-20)",DIRECTO,[ESTIMACIÓN],flujo refrigerado,
C1-5000,C1,5000,refrigerado_viajes_anio,,300,,viajes/año,13_logistica/escenarios_logistica.csv (modelo_logistica.py),refrigerado_viajes_semana × semanas,"perfil P1; 6 despachos refrigerado y 2 congelado/sem; 12 t; 300 km (ESCENARIO, SUP-16-20)",DIRECTO,[ESTIMACIÓN] capacidad de ESCENARIO,LOG-REF-*,
C1-5000,C1,5000,refrigerado_km_anio,,180000,,km/año,13_logistica/escenarios_logistica.csv (modelo_logistica.py),refrigerado_km_dia_despacho × despachos/semana × semanas,"perfil P1; 6 despachos refrigerado y 2 congelado/sem; 12 t; 300 km (ESCENARIO, SUP-16-20)",DIRECTO,[ESTIMACIÓN] troncal; reparto capilar PENDIENTE (DEC-053),LOG-REF-*,
C1-5000,C1,5000,stock_refrigerado_medio_t,,12.8383,,t,13_logistica/escenarios_logistica.csv (modelo_logistica.py),"inventario(t_dia_op, despachos=6): stock_ciclo_medio + seguridad (0)",,CALCULO_MODELO_FUENTE,[ESTIMACIÓN]; stock comercial adicional PENDIENTE,capital de trabajo,
C1-5000,C1,5000,congelado_t_anio,,299.56,,t/año,13_logistica/escenarios_logistica.csv (modelo_logistica.py),congelado_t_semana × semanas operativas,"perfil P1; 6 despachos refrigerado y 2 congelado/sem; 12 t; 300 km (ESCENARIO, SUP-16-20)",DIRECTO,[ESTIMACIÓN],flujo congelado,
C1-5000,C1,5000,congelado_viajes_anio,,100,,viajes/año,13_logistica/escenarios_logistica.csv (modelo_logistica.py),congelado_viajes_semana × semanas,"perfil P1; 6 despachos refrigerado y 2 congelado/sem; 12 t; 300 km (ESCENARIO, SUP-16-20)",DIRECTO,[ESTIMACIÓN] capacidad de ESCENARIO,LOG-CON-*,
C1-5000,C1,5000,congelado_km_anio,,60000,,km/año,13_logistica/escenarios_logistica.csv (modelo_logistica.py),congelado_km_dia_despacho × despachos/semana × semanas,"perfil P1; 6 despachos refrigerado y 2 congelado/sem; 12 t; 300 km (ESCENARIO, SUP-16-20)",DIRECTO,[ESTIMACIÓN] troncal; reparto capilar PENDIENTE (DEC-053),LOG-CON-*,
C1-5000,C1,5000,stock_congelado_medio_t,,3.50914,,t,13_logistica/escenarios_logistica.csv (modelo_logistica.py),"inventario(t_dia_op, despachos=2): stock_ciclo_medio + seguridad (0)",,CALCULO_MODELO_FUENTE,[ESTIMACIÓN]; stock comercial adicional PENDIENTE,capital de trabajo,
C1-5000,C1,5000,vivo_viajes_anio,,250,,viajes/año,13_logistica/escenarios_logistica.csv (modelo_logistica.py),viajes_dia × días,radio 100 km; 5500 aves/camión (ESCENARIO),DIRECTO,[ESTIMACIÓN],LOG-VIV-*,
C1-5000,C1,5000,vivo_km_anio,,43333.3,,km/año,13_logistica/escenarios_logistica.csv (modelo_logistica.py),km_total_dia × días,radio 100 km; 5500 aves/camión (ESCENARIO),DIRECTO,[ESTIMACIÓN],LOG-VIV-*,
C1-5000,C1,5000,vivo_t_anio,,3635.91,,t/año,13_logistica/escenarios_logistica.csv (modelo_logistica.py),t_vivo_cargado_dia × días,radio 100 km; 5500 aves/camión (ESCENARIO),DIRECTO,[ESTIMACIÓN],LOG-VIV-TER-UNI,
C1-5000,C1,5000,alimento_viajes_anio,,250,,viajes/año,13_logistica/escenarios_logistica.csv (modelo_logistica.py),alimento_viajes_semana × (t_año ÷ t_semana_plena),granelero 28 t; 75 km fábrica–granja (ESCENARIO),DIRECTO,[ESTIMACIÓN],LOG-ALI-*,
C1-5000,C1,5000,alimento_km_anio,,37500,,km/año,13_logistica/escenarios_logistica.csv (modelo_logistica.py),alimento_km_semana × (t_año ÷ t_semana_plena),granelero 28 t; 75 km fábrica–granja (ESCENARIO),DIRECTO,[ESTIMACIÓN],LOG-ALI-*,
C1-5000,C1,5000,pollitos_viajes_anio,,,,viajes/año,13_logistica/escenarios_logistica.csv (modelo_logistica.py),pollitos_viajes_semana (cap_pollitos = None),,PENDIENTE,"PENDIENTE (DPV-047, DPV-084)",LOG-POL-*,
C1-5000,C1,5000,subproductos_viajes_anio,,1000,,viajes/año,13_logistica/escenarios_logistica.csv (modelo_logistica.py),Σ viajes_semana_criterio_masa × semanas,,CALCULO_MODELO_FUENTE,"COTA INFERIOR (volumétrico PENDIENTE, DPV-135)",LOG-SUB-*,
C1-5000,C1,5000,subproductos_km_anio,,100000,,km/año,13_logistica/escenarios_logistica.csv (modelo_logistica.py),Σ km_semana_criterio_masa × semanas,,CALCULO_MODELO_FUENTE,COTA INFERIOR,LOG-SUB-*,
C1-5000,C1,5000,subproductos_t_anio,,760.441,,t/año,13_logistica/escenarios_logistica.csv (modelo_logistica.py),Σ t_semana × semanas,,CALCULO_MODELO_FUENTE,[ESTIMACIÓN],LOG-SUB-TER-UNI,
C1-5000,C1,5000,vehiculos_POL,,,,vehículos,19_capex/boq_capex.csv (modelo_capex.py),flota[pollitos].unidades,,PENDIENTE,PENDIENTE,"LOG-POL-PAT, SEG-FLOTA-POL",
C1-5000,C1,5000,vehiculos_HUE,,,,vehículos,19_capex/boq_capex.csv (modelo_capex.py),—,,PENDIENTE,PENDIENTE,"LOG-HUE-PAT, SEG-FLOTA-HUE",
C1-5000,C1,5000,vehiculos_ALI,,,,vehículos,19_capex/boq_capex.csv (modelo_capex.py),flota[alimento].unidades,,PENDIENTE,PENDIENTE,"LOG-ALI-PAT, SEG-FLOTA-ALI",
C1-5000,C1,5000,vehiculos_GRA,,,,vehículos,19_capex/boq_capex.csv (modelo_capex.py),—,,PENDIENTE,PENDIENTE,"LOG-GRA-PAT, SEG-FLOTA-GRA",
C1-5000,C1,5000,vehiculos_VIV,,,,vehículos,19_capex/boq_capex.csv (modelo_capex.py),flota[vivo].unidades,,PENDIENTE,PENDIENTE,"LOG-VIV-PAT, SEG-FLOTA-VIV",
C1-5000,C1,5000,vehiculos_REF,,,,vehículos,19_capex/boq_capex.csv (modelo_capex.py),flota[refrigerado].unidades,,PENDIENTE,PENDIENTE,"LOG-REF-PAT, SEG-FLOTA-REF",
C1-5000,C1,5000,vehiculos_CON,,,,vehículos,19_capex/boq_capex.csv (modelo_capex.py),flota[congelado].unidades,,PENDIENTE,PENDIENTE,"LOG-CON-PAT, SEG-FLOTA-CON",
C1-5000,C1,5000,vehiculos_SUB,,,,vehículos,19_capex/boq_capex.csv (modelo_capex.py),flota[subproductos].unidades,,PENDIENTE,PENDIENTE,"LOG-SUB-PAT, SEG-FLOTA-SUB",
C1-5000,C1,5000,fte_industrial_14a,,71.0397,,FTE,18_recursos_humanos/escenarios_rrhh.csv (modelo_rrhh.py),fte_total,turnos=extendido; autom=semiautomatico; limpieza=propia; mant=propio; lab=propio,CALCULO_MODELO_FUENTE,[SUPUESTO] productividad,"RRHH INDUSTRIAL + estructura + coordinación primaria (14A). NO es el FTE total de una empresa verticalmente integrada: granjas propias, incubación, planta de alimento, reproductoras y rendering no están dimensionados","headcount de nómina PENDIENTE (factor de cobertura no validado); incluye horas de terceros que luego pueden quedar INCLUIDAS en tarifas (faenador, choferes)"
C1-5000,C1,5000,fte_directos_14a,,28.6606,,FTE,18_recursos_humanos/escenarios_rrhh.csv (modelo_rrhh.py),fte_interno + fte_tercerizado (directo),,CALCULO_MODELO_FUENTE,[SUPUESTO],FAE-CUCH,
C1-5000,C1,5000,horas_brecha_jornada_anio,,14274.4,,h-persona/año,18_recursos_humanos/escenarios_rrhh.csv (modelo_rrhh.py),horas_persona_brecha_jornada_dia × días,,CALCULO_MODELO_FUENTE,[ESTIMACIÓN],INFORMATIVO: no son horas extra automáticas (DPV-146),
C1-5000,C1,5000,headcount_nomina,,,,personas,18_recursos_humanos/escenarios_rrhh.csv (modelo_rrhh.py),headcount_nomina,,PENDIENTE,PENDIENTE (factor de cobertura),NO se usa: costeo provisional por FTE,
C1-5000,C1,5000,fraccion_granjas_propias,,0,,fracción,19_capex/boq_capex.csv (modelo_capex.py),fraccion_granjas_propias,,CONSUMIDO_CAPEX,ESCENARIO (SUP-16-09),reparto propia / integrada,
C1-5000,C1,5000,kwh_granja,,,,—,20_opex/modelo_opex.py,—,,PENDIENTE,PENDIENTE: el módulo fuente no lo dimensiona,concepto PENDIENTE_CANTIDAD (no se inventa),
C1-5000,C1,5000,gas_granja,,,,—,20_opex/modelo_opex.py,—,,PENDIENTE,PENDIENTE: el módulo fuente no lo dimensiona,concepto PENDIENTE_CANTIDAD (no se inventa),
C1-5000,C1,5000,cama_t,,,,—,20_opex/modelo_opex.py,—,,PENDIENTE,PENDIENTE: el módulo fuente no lo dimensiona,concepto PENDIENTE_CANTIDAD (no se inventa),
C1-5000,C1,5000,personal_granja,,,,—,20_opex/modelo_opex.py,—,,PENDIENTE,PENDIENTE: el módulo fuente no lo dimensiona,concepto PENDIENTE_CANTIDAD (no se inventa),
C1-5000,C1,5000,personal_incubadora,,,,—,20_opex/modelo_opex.py,—,,PENDIENTE,PENDIENTE: el módulo fuente no lo dimensiona,concepto PENDIENTE_CANTIDAD (no se inventa),
C1-5000,C1,5000,personal_planta_alimento,,,,—,20_opex/modelo_opex.py,—,,PENDIENTE,PENDIENTE: el módulo fuente no lo dimensiona,concepto PENDIENTE_CANTIDAD (no se inventa),
C1-5000,C1,5000,personal_reproductoras,,,,—,20_opex/modelo_opex.py,—,,PENDIENTE,PENDIENTE: el módulo fuente no lo dimensiona,concepto PENDIENTE_CANTIDAD (no se inventa),
C1-5000,C1,5000,personal_rendering,,,,—,20_opex/modelo_opex.py,—,,PENDIENTE,PENDIENTE: el módulo fuente no lo dimensiona,concepto PENDIENTE_CANTIDAD (no se inventa),
C1-5000,C1,5000,kwh_incubadora,,,,—,20_opex/modelo_opex.py,—,,PENDIENTE,PENDIENTE: el módulo fuente no lo dimensiona,concepto PENDIENTE_CANTIDAD (no se inventa),
C1-5000,C1,5000,agua_incubadora,,,,—,20_opex/modelo_opex.py,—,,PENDIENTE,PENDIENTE: el módulo fuente no lo dimensiona,concepto PENDIENTE_CANTIDAD (no se inventa),
C1-5000,C1,5000,kwh_planta_alimento,,,,—,20_opex/modelo_opex.py,—,,PENDIENTE,PENDIENTE: el módulo fuente no lo dimensiona,concepto PENDIENTE_CANTIDAD (no se inventa),
C1-5000,C1,5000,vapor_planta_alimento,,,,—,20_opex/modelo_opex.py,—,,PENDIENTE,PENDIENTE: el módulo fuente no lo dimensiona,concepto PENDIENTE_CANTIDAD (no se inventa),
C1-5000,C1,5000,agua_planta_alimento,,,,—,20_opex/modelo_opex.py,—,,PENDIENTE,PENDIENTE: el módulo fuente no lo dimensiona,concepto PENDIENTE_CANTIDAD (no se inventa),
C1-5000,C1,5000,kwh_rendering,,,,—,20_opex/modelo_opex.py,—,,PENDIENTE,PENDIENTE: el módulo fuente no lo dimensiona,concepto PENDIENTE_CANTIDAD (no se inventa),
C1-5000,C1,5000,lodos_t,,,,—,20_opex/modelo_opex.py,—,,PENDIENTE,PENDIENTE: el módulo fuente no lo dimensiona,concepto PENDIENTE_CANTIDAD (no se inventa),
C1-5000,C1,5000,potencia_contratada_kw,,,,—,20_opex/modelo_opex.py,—,,PENDIENTE,PENDIENTE: el módulo fuente no lo dimensiona,concepto PENDIENTE_CANTIDAD (no se inventa),
C1-10000,C1,10000,dias_operativos_anio,,250,,d/año,19_capex/modelo_capex.py,dias_anio(),,CONSUMIDO_CAPEX,[SUPUESTO] SUP-025,anualización de drivers por día operativo,
C1-10000,C1,10000,semanas_operativas_anio,,50,,semanas/año,20_opex/modelo_opex.py,días operativos ÷ días/semana,,DERIVADO_OPEX,[ESTIMACIÓN],"anualización de drivers semanales de 12B (producto, subproductos)",
C1-10000,C1,10000,aves_faenadas_anio,,2500000,,aves/año,"03_produccion_primaria/escenarios_produccion.csv (modelo_escenarios_produccion.py, vía 14B)",aves_faenadas_anio,"perfil medio, desempeño medio",DIRECTO,[ESTIMACIÓN],"FAE-FACON, FAE-QUIM, empaque",
C1-10000,C1,10000,aves_cargadas_anio,,2.50752e+06,,aves/año,"03_produccion_primaria/escenarios_produccion.csv (modelo_escenarios_produccion.py, vía 14B)",aves_cargadas_anio,"perfil medio, desempeño medio",DIRECTO,[ESTIMACIÓN],"captura, pago por ave",
C1-10000,C1,10000,pollitos_alojados_anio,,2.6395e+06,,pollitos/año,"03_produccion_primaria/escenarios_produccion.csv (modelo_escenarios_produccion.py, vía 14B)",pollitos_alojados_anio,"perfil medio, desempeño medio",DIRECTO,[ESTIMACIÓN],sanidad de crianza,
C1-10000,C1,10000,kg_vivo_cargado_anio,,7.27182e+06,,kg vivo/año,"03_produccion_primaria/escenarios_produccion.csv (modelo_escenarios_produccion.py, vía 14B)",kg_vivo_cargado_anio,"perfil medio, desempeño medio",DIRECTO,[ESTIMACIÓN],pago por kg vivo,
C1-10000,C1,10000,mortalidad_granja_aves_anio,,131975,,aves/año,"03_produccion_primaria/escenarios_produccion.csv (modelo_escenarios_produccion.py, vía 14B)",mortalidad_granja_aves_anio,"perfil medio, desempeño medio",DIRECTO,[ESTIMACIÓN],retiro de mortalidad,
C1-10000,C1,10000,agua_bebida_m3_anio,,22251.8,,m³/año,"03_produccion_primaria/escenarios_produccion.csv (modelo_escenarios_produccion.py, vía 14B)",agua_bebida_m3_anio,"perfil medio, desempeño medio",DIRECTO,[ESTIMACIÓN],agua de granja propia,
C1-10000,C1,10000,ciclos_anio,,5.71048,,ciclos/año,"03_produccion_primaria/escenarios_produccion.csv (modelo_escenarios_produccion.py, vía 14B)",ciclos_anio,"perfil medio, desempeño medio",DIRECTO,[ESTIMACIÓN],limpieza de galpones,
C1-10000,C1,10000,m2_galpon,,37942.6,,m²,"03_produccion_primaria/escenarios_produccion.csv (modelo_escenarios_produccion.py, vía 14B)",m2_galpon,"perfil medio, desempeño medio",DIRECTO,[ESTIMACIÓN],limpieza y bioseguridad de galpones,
C1-10000,C1,10000,inventario_aves_promedio_anual,,331383,,aves,"03_produccion_primaria/escenarios_produccion.csv (modelo_escenarios_produccion.py, vía 14B)",inventario_aves_promedio_anual,"perfil medio, desempeño medio",DIRECTO,[ESTIMACIÓN],activo biológico (capital de trabajo),
C1-10000,C1,10000,pollitos_a_recibir_anio,,2.6395e+06,,pollitos/año,14_alimento_balanceado/escenarios_upstream.csv (modelo_upstream.py),pollitos_a_recibir_anio,margen_pedido = 0 (SUP-142),DIRECTO,[ESTIMACIÓN],POL-COMPRA / base de incubación,
C1-10000,C1,10000,pollitos_a_recibir_semana_plena,,52789.9,,pollitos/semana,14_alimento_balanceado/escenarios_upstream.csv (modelo_upstream.py),pollitos_a_recibir_semana_plena,,DIRECTO,[ESTIMACIÓN],incubación (14B),
C1-10000,C1,10000,alimento_t_anio,,12362.1,,t/año,14_alimento_balanceado/escenarios_upstream.csv (modelo_upstream.py),alimento_t_anio,,DIRECTO,[ESTIMACIÓN] (03: peso × FCR),alimento comprado / elaborado / materias primas,
C1-10000,C1,10000,alimento_t_semana_plena,,247.242,,t/semana,14_alimento_balanceado/escenarios_upstream.csv (modelo_upstream.py),alimento_t_semana_plena,,DIRECTO,[ESTIMACIÓN],anualización de viajes de alimento,
C1-10000,C1,10000,mp_maiz_t_anio,,7417.25,,t/año,14_alimento_balanceado/escenarios_upstream.csv (modelo_upstream.py),alimento_t_anio × maiz (0.6),,DIRECTO,[SUPUESTO] composición ilustrativa 14B,ALI-MP-*,NO es una fórmula de dieta; mermas aparte (ALI-MERMA)
C1-10000,C1,10000,mp_harina_soja_t_anio,,3708.63,,t/año,14_alimento_balanceado/escenarios_upstream.csv (modelo_upstream.py),alimento_t_anio × harina_soja (0.3),,DIRECTO,[SUPUESTO] composición ilustrativa 14B,ALI-MP-*,NO es una fórmula de dieta; mermas aparte (ALI-MERMA)
C1-10000,C1,10000,mp_resto_t_anio,,1236.21,,t/año,14_alimento_balanceado/escenarios_upstream.csv (modelo_upstream.py),alimento_t_anio × resto (0.1),,DIRECTO,[SUPUESTO] composición ilustrativa 14B,ALI-MP-*,NO es una fórmula de dieta; mermas aparte (ALI-MERMA)
C1-10000,C1,10000,kwh_anio,1.2062e+06,2.06506e+06,3.82599e+06,kWh/año,"11_agua_efluentes/escenarios_utilities.csv (modelo_utilities.py, vía 12C)",kwh_total_anio,"perfil P1, 8 h, config. B; nivel bajo/medio/alto de 09C",DIRECTO,[ESTIMACIÓN],"UT-ELE-KWH (incluye frío, aire, bombeo, efluentes aerobios)","UNIVERSO 09C = planta de FAENA; no se extiende a incubación, alimento, granjas ni rendering"
C1-10000,C1,10000,kwh_frio_proceso_anio,380625,634375,1.14188e+06,kWh/año,"11_agua_efluentes/escenarios_utilities.csv (modelo_utilities.py, vía 12C)",kwh_proceso_frio_de_proceso_agua_helada_hielo_dia × 250,"perfil P1, 8 h, config. B; nivel bajo/medio/alto de 09C",DIRECTO,[SUPUESTO] reparto ilustrativo,INFORMATIVO: ya incluido en kwh_anio (no se duplica),"UNIVERSO 09C = planta de FAENA; no se extiende a incubación, alimento, granjas ni rendering"
C1-10000,C1,10000,kwh_congelacion_anio,71894.5,113833,155771,kWh/año,"11_agua_efluentes/escenarios_utilities.csv (modelo_utilities.py, vía 12C)",kwh_congelacion_dia × 250,"perfil P1, 8 h, config. B; nivel bajo/medio/alto de 09C",DIRECTO,[ESTIMACIÓN],INFORMATIVO: ya incluido en kwh_anio,"UNIVERSO 09C = planta de FAENA; no se extiende a incubación, alimento, granjas ni rendering"
C1-10000,C1,10000,kwh_almacen_frio_anio,30177.7,60355.4,108465,kWh/año,"11_agua_efluentes/escenarios_utilities.csv (modelo_utilities.py, vía 12C)",kwh_almacenamiento_frio_dia_calendario × 365,"perfil P1, 8 h, config. B; nivel bajo/medio/alto de 09C",DIRECTO,[ESTIMACIÓN],INFORMATIVO: ya incluido en kwh_anio,"UNIVERSO 09C = planta de FAENA; no se extiende a incubación, alimento, granjas ni rendering"
C1-10000,C1,10000,kwh_efluentes_anio,16625,78375,299250,kWh/año,"11_agua_efluentes/escenarios_utilities.csv (modelo_utilities.py, vía 12C)",kwh_tratamiento_aerobio_dia × 250,"perfil P1, 8 h, config. B; nivel bajo/medio/alto de 09C",DIRECTO,[ESTIMACIÓN],INFORMATIVO: ya incluido en kwh_anio,"UNIVERSO 09C = planta de FAENA; no se extiende a incubación, alimento, granjas ni rendering"
C1-10000,C1,10000,kwh_bombeo_anio,108750,181250,326250,kWh/año,"11_agua_efluentes/escenarios_utilities.csv (modelo_utilities.py, vía 12C)",kwh_proceso_bombas_agua_y_efluentes_dia × 250,"perfil P1, 8 h, config. B; nivel bajo/medio/alto de 09C",DIRECTO,[ESTIMACIÓN],INFORMATIVO: ya incluido en kwh_anio,"UNIVERSO 09C = planta de FAENA; no se extiende a incubación, alimento, granjas ni rendering"
C1-10000,C1,10000,agua_m3_anio,37500,62500,95000,m³/año,"11_agua_efluentes/escenarios_utilities.csv (modelo_utilities.py, vía 12C)",agua_captada_m3_dia × 250,"perfil P1, 8 h, config. B; nivel bajo/medio/alto de 09C",DIRECTO,[ESTIMACIÓN],UT-AGUA-*,"UNIVERSO 09C = planta de FAENA; no se extiende a incubación, alimento, granjas ni rendering"
C1-10000,C1,10000,agua_limpieza_m3_anio,7500,12500,18750,m³/año,"11_agua_efluentes/escenarios_utilities.csv (modelo_utilities.py, vía 12C)",agua_limpieza_m3_dia × 250,"perfil P1, 8 h, config. B; nivel bajo/medio/alto de 09C",DIRECTO,[ESTIMACIÓN],INFORMATIVO: ya incluida en agua_m3_anio,"UNIVERSO 09C = planta de FAENA; no se extiende a incubación, alimento, granjas ni rendering"
C1-10000,C1,10000,efluente_m3_anio,30000,55000,90250,m³/año,"11_agua_efluentes/escenarios_utilities.csv (modelo_utilities.py, vía 12C)",agua_descargada_m3_dia × 250,"perfil P1, 8 h, config. B; nivel bajo/medio/alto de 09C",DIRECTO,[ESTIMACIÓN],"EF-QUIM, EF-CANON","UNIVERSO 09C = planta de FAENA; no se extiende a incubación, alimento, granjas ni rendering"
C1-10000,C1,10000,energia_termica_kwh_t_anio,376330,926346,2.46733e+06,kWh_t/año,"11_agua_efluentes/escenarios_utilities.csv (modelo_utilities.py, vía 12C)",energia_combustible_kwh_termicos_dia × 250,"perfil P1, 8 h, config. B; nivel bajo/medio/alto de 09C",DIRECTO,[ESTIMACIÓN],UT-TER-* (combustible),"UNIVERSO 09C = planta de FAENA; no se extiende a incubación, alimento, granjas ni rendering"
C1-10000,C1,10000,combustible_gas_natural_anio,34827.4,85728.7,228339,m³/año,"11_agua_efluentes/escenarios_utilities.csv (modelo_utilities.py, vía 12C)",equivalente_gas_natural_m3_dia × 250,"perfil P1, 8 h, config. B; nivel bajo/medio/alto de 09C",DIRECTO,[SUPUESTO] PCI,UT-TER (gas_natural) si se elige,"UNIVERSO 09C = planta de FAENA; no se extiende a incubación, alimento, granjas ni rendering"
C1-10000,C1,10000,combustible_glp_anio,29451.9,72496.7,193095,kg/año,"11_agua_efluentes/escenarios_utilities.csv (modelo_utilities.py, vía 12C)",equivalente_glp_kg_dia × 250,"perfil P1, 8 h, config. B; nivel bajo/medio/alto de 09C",DIRECTO,[SUPUESTO] PCI,UT-TER (glp) si se elige,"UNIVERSO 09C = planta de FAENA; no se extiende a incubación, alimento, granjas ni rendering"
C1-10000,C1,10000,combustible_biomasa_anio,96770.5,238203,634455,kg/año,"11_agua_efluentes/escenarios_utilities.csv (modelo_utilities.py, vía 12C)",equivalente_biomasa_chip_kg_dia × 250,"perfil P1, 8 h, config. B; nivel bajo/medio/alto de 09C",DIRECTO,[SUPUESTO] PCI,UT-TER (biomasa) si se elige,"UNIVERSO 09C = planta de FAENA; no se extiende a incubación, alimento, granjas ni rendering"
C1-10000,C1,10000,subproducto_sangre_t_anio,209.525,209.525,209.525,t/año,"11_agua_efluentes/escenarios_utilities.csv (modelo_utilities.py, vía 12C)",segregable_sangre_recuperada_t_dia × 250,"perfil P1, 8 h, config. B; nivel bajo/medio/alto de 09C",DIRECTO,[ESTIMACIÓN],SUB-RET-SANGRE,"UNIVERSO 09C = planta de FAENA; no se extiende a incubación, alimento, granjas ni rendering"
C1-10000,C1,10000,subproducto_plumas_t_anio,603.2,603.2,603.2,t/año,"11_agua_efluentes/escenarios_utilities.csv (modelo_utilities.py, vía 12C)",segregable_plumas_t_dia × 250,"perfil P1, 8 h, config. B; nivel bajo/medio/alto de 09C",DIRECTO,[ESTIMACIÓN],SUB-RET-PLUMAS,"UNIVERSO 09C = planta de FAENA; no se extiende a incubación, alimento, granjas ni rendering"
C1-10000,C1,10000,subproducto_visceras_t_anio,326.25,326.25,326.25,t/año,"11_agua_efluentes/escenarios_utilities.csv (modelo_utilities.py, vía 12C)",segregable_visceras_t_dia × 250,"perfil P1, 8 h, config. B; nivel bajo/medio/alto de 09C",DIRECTO,[ESTIMACIÓN],SUB-RET-VISCERAS,"UNIVERSO 09C = planta de FAENA; no se extiende a incubación, alimento, granjas ni rendering"
C1-10000,C1,10000,subproducto_cabezas_t_anio,181.25,181.25,181.25,t/año,"11_agua_efluentes/escenarios_utilities.csv (modelo_utilities.py, vía 12C)",segregable_cabeza_t_dia × 250,"perfil P1, 8 h, config. B; nivel bajo/medio/alto de 09C",DIRECTO,[ESTIMACIÓN],SUB-RET-CABEZAS,"UNIVERSO 09C = planta de FAENA; no se extiende a incubación, alimento, granjas ni rendering"
C1-10000,C1,10000,decomisos_t_anio,,100.36,,t/año,04_balance_masa/escenarios_balance.csv (modelo_balance_masa.py),Σ filas 'decomiso*' de balance() × aves/año,,CALCULO_MODELO_FUENTE,[ESTIMACIÓN] condenas medias,SUB-RET-DECOMISOS,
C1-10000,C1,10000,kg_producto_anio,,5.99121e+06,,kg producto/año,05_proceso_industrial/capacidad_proceso.csv (modelo_capacidad_proceso.py),kg_ave_config()['comestible_a_empaque'] × aves/año,,CALCULO_MODELO_FUENTE,[ESTIMACIÓN] balance v1.1,"EMP-* (base comercial; incluye garras y menudencias, 12B)",
C1-10000,C1,10000,refrigerado_t_anio,,5392.09,,t/año,13_logistica/escenarios_logistica.csv (modelo_logistica.py),refrigerado_t_semana × semanas operativas,"perfil P1; 6 despachos refrigerado y 2 congelado/sem; 12 t; 300 km (ESCENARIO, SUP-16-20)",DIRECTO,[ESTIMACIÓN],flujo refrigerado,
C1-10000,C1,10000,refrigerado_viajes_anio,,600,,viajes/año,13_logistica/escenarios_logistica.csv (modelo_logistica.py),refrigerado_viajes_semana × semanas,"perfil P1; 6 despachos refrigerado y 2 congelado/sem; 12 t; 300 km (ESCENARIO, SUP-16-20)",DIRECTO,[ESTIMACIÓN] capacidad de ESCENARIO,LOG-REF-*,
C1-10000,C1,10000,refrigerado_km_anio,,360000,,km/año,13_logistica/escenarios_logistica.csv (modelo_logistica.py),refrigerado_km_dia_despacho × despachos/semana × semanas,"perfil P1; 6 despachos refrigerado y 2 congelado/sem; 12 t; 300 km (ESCENARIO, SUP-16-20)",DIRECTO,[ESTIMACIÓN] troncal; reparto capilar PENDIENTE (DEC-053),LOG-REF-*,
C1-10000,C1,10000,stock_refrigerado_medio_t,,25.6766,,t,13_logistica/escenarios_logistica.csv (modelo_logistica.py),"inventario(t_dia_op, despachos=6): stock_ciclo_medio + seguridad (0)",,CALCULO_MODELO_FUENTE,[ESTIMACIÓN]; stock comercial adicional PENDIENTE,capital de trabajo,
C1-10000,C1,10000,congelado_t_anio,,599.121,,t/año,13_logistica/escenarios_logistica.csv (modelo_logistica.py),congelado_t_semana × semanas operativas,"perfil P1; 6 despachos refrigerado y 2 congelado/sem; 12 t; 300 km (ESCENARIO, SUP-16-20)",DIRECTO,[ESTIMACIÓN],flujo congelado,
C1-10000,C1,10000,congelado_viajes_anio,,100,,viajes/año,13_logistica/escenarios_logistica.csv (modelo_logistica.py),congelado_viajes_semana × semanas,"perfil P1; 6 despachos refrigerado y 2 congelado/sem; 12 t; 300 km (ESCENARIO, SUP-16-20)",DIRECTO,[ESTIMACIÓN] capacidad de ESCENARIO,LOG-CON-*,
C1-10000,C1,10000,congelado_km_anio,,60000,,km/año,13_logistica/escenarios_logistica.csv (modelo_logistica.py),congelado_km_dia_despacho × despachos/semana × semanas,"perfil P1; 6 despachos refrigerado y 2 congelado/sem; 12 t; 300 km (ESCENARIO, SUP-16-20)",DIRECTO,[ESTIMACIÓN] troncal; reparto capilar PENDIENTE (DEC-053),LOG-CON-*,
C1-10000,C1,10000,stock_congelado_medio_t,,7.01827,,t,13_logistica/escenarios_logistica.csv (modelo_logistica.py),"inventario(t_dia_op, despachos=2): stock_ciclo_medio + seguridad (0)",,CALCULO_MODELO_FUENTE,[ESTIMACIÓN]; stock comercial adicional PENDIENTE,capital de trabajo,
C1-10000,C1,10000,vivo_viajes_anio,,500,,viajes/año,13_logistica/escenarios_logistica.csv (modelo_logistica.py),viajes_dia × días,radio 100 km; 5500 aves/camión (ESCENARIO),DIRECTO,[ESTIMACIÓN],LOG-VIV-*,
C1-10000,C1,10000,vivo_km_anio,,86666.7,,km/año,13_logistica/escenarios_logistica.csv (modelo_logistica.py),km_total_dia × días,radio 100 km; 5500 aves/camión (ESCENARIO),DIRECTO,[ESTIMACIÓN],LOG-VIV-*,
C1-10000,C1,10000,vivo_t_anio,,7271.82,,t/año,13_logistica/escenarios_logistica.csv (modelo_logistica.py),t_vivo_cargado_dia × días,radio 100 km; 5500 aves/camión (ESCENARIO),DIRECTO,[ESTIMACIÓN],LOG-VIV-TER-UNI,
C1-10000,C1,10000,alimento_viajes_anio,,450,,viajes/año,13_logistica/escenarios_logistica.csv (modelo_logistica.py),alimento_viajes_semana × (t_año ÷ t_semana_plena),granelero 28 t; 75 km fábrica–granja (ESCENARIO),DIRECTO,[ESTIMACIÓN],LOG-ALI-*,
C1-10000,C1,10000,alimento_km_anio,,67500,,km/año,13_logistica/escenarios_logistica.csv (modelo_logistica.py),alimento_km_semana × (t_año ÷ t_semana_plena),granelero 28 t; 75 km fábrica–granja (ESCENARIO),DIRECTO,[ESTIMACIÓN],LOG-ALI-*,
C1-10000,C1,10000,pollitos_viajes_anio,,,,viajes/año,13_logistica/escenarios_logistica.csv (modelo_logistica.py),pollitos_viajes_semana (cap_pollitos = None),,PENDIENTE,"PENDIENTE (DPV-047, DPV-084)",LOG-POL-*,
C1-10000,C1,10000,subproductos_viajes_anio,,1000,,viajes/año,13_logistica/escenarios_logistica.csv (modelo_logistica.py),Σ viajes_semana_criterio_masa × semanas,,CALCULO_MODELO_FUENTE,"COTA INFERIOR (volumétrico PENDIENTE, DPV-135)",LOG-SUB-*,
C1-10000,C1,10000,subproductos_km_anio,,100000,,km/año,13_logistica/escenarios_logistica.csv (modelo_logistica.py),Σ km_semana_criterio_masa × semanas,,CALCULO_MODELO_FUENTE,COTA INFERIOR,LOG-SUB-*,
C1-10000,C1,10000,subproductos_t_anio,,1520.88,,t/año,13_logistica/escenarios_logistica.csv (modelo_logistica.py),Σ t_semana × semanas,,CALCULO_MODELO_FUENTE,[ESTIMACIÓN],LOG-SUB-TER-UNI,
C1-10000,C1,10000,vehiculos_POL,,,,vehículos,19_capex/boq_capex.csv (modelo_capex.py),flota[pollitos].unidades,,PENDIENTE,PENDIENTE,"LOG-POL-PAT, SEG-FLOTA-POL",
C1-10000,C1,10000,vehiculos_HUE,,,,vehículos,19_capex/boq_capex.csv (modelo_capex.py),—,,PENDIENTE,PENDIENTE,"LOG-HUE-PAT, SEG-FLOTA-HUE",
C1-10000,C1,10000,vehiculos_ALI,,,,vehículos,19_capex/boq_capex.csv (modelo_capex.py),flota[alimento].unidades,,PENDIENTE,PENDIENTE,"LOG-ALI-PAT, SEG-FLOTA-ALI",
C1-10000,C1,10000,vehiculos_GRA,,,,vehículos,19_capex/boq_capex.csv (modelo_capex.py),—,,PENDIENTE,PENDIENTE,"LOG-GRA-PAT, SEG-FLOTA-GRA",
C1-10000,C1,10000,vehiculos_VIV,,,,vehículos,19_capex/boq_capex.csv (modelo_capex.py),flota[vivo].unidades,,PENDIENTE,PENDIENTE,"LOG-VIV-PAT, SEG-FLOTA-VIV",
C1-10000,C1,10000,vehiculos_REF,,,,vehículos,19_capex/boq_capex.csv (modelo_capex.py),flota[refrigerado].unidades,,PENDIENTE,PENDIENTE,"LOG-REF-PAT, SEG-FLOTA-REF",
C1-10000,C1,10000,vehiculos_CON,,,,vehículos,19_capex/boq_capex.csv (modelo_capex.py),flota[congelado].unidades,,PENDIENTE,PENDIENTE,"LOG-CON-PAT, SEG-FLOTA-CON",
C1-10000,C1,10000,vehiculos_SUB,,,,vehículos,19_capex/boq_capex.csv (modelo_capex.py),flota[subproductos].unidades,,PENDIENTE,PENDIENTE,"LOG-SUB-PAT, SEG-FLOTA-SUB",
C1-10000,C1,10000,fte_industrial_14a,,106.754,,FTE,18_recursos_humanos/escenarios_rrhh.csv (modelo_rrhh.py),fte_total,turnos=extendido; autom=semiautomatico; limpieza=propia; mant=propio; lab=propio,CALCULO_MODELO_FUENTE,[SUPUESTO] productividad,"RRHH INDUSTRIAL + estructura + coordinación primaria (14A). NO es el FTE total de una empresa verticalmente integrada: granjas propias, incubación, planta de alimento, reproductoras y rendering no están dimensionados","headcount de nómina PENDIENTE (factor de cobertura no validado); incluye horas de terceros que luego pueden quedar INCLUIDAS en tarifas (faenador, choferes)"
C1-10000,C1,10000,fte_directos_14a,,47.3522,,FTE,18_recursos_humanos/escenarios_rrhh.csv (modelo_rrhh.py),fte_interno + fte_tercerizado (directo),,CALCULO_MODELO_FUENTE,[SUPUESTO],FAE-CUCH,
C1-10000,C1,10000,horas_brecha_jornada_anio,,21657.8,,h-persona/año,18_recursos_humanos/escenarios_rrhh.csv (modelo_rrhh.py),horas_persona_brecha_jornada_dia × días,,CALCULO_MODELO_FUENTE,[ESTIMACIÓN],INFORMATIVO: no son horas extra automáticas (DPV-146),
C1-10000,C1,10000,headcount_nomina,,,,personas,18_recursos_humanos/escenarios_rrhh.csv (modelo_rrhh.py),headcount_nomina,,PENDIENTE,PENDIENTE (factor de cobertura),NO se usa: costeo provisional por FTE,
C1-10000,C1,10000,fraccion_granjas_propias,,0,,fracción,19_capex/boq_capex.csv (modelo_capex.py),fraccion_granjas_propias,,CONSUMIDO_CAPEX,ESCENARIO (SUP-16-09),reparto propia / integrada,
C1-10000,C1,10000,kwh_granja,,,,—,20_opex/modelo_opex.py,—,,PENDIENTE,PENDIENTE: el módulo fuente no lo dimensiona,concepto PENDIENTE_CANTIDAD (no se inventa),
C1-10000,C1,10000,gas_granja,,,,—,20_opex/modelo_opex.py,—,,PENDIENTE,PENDIENTE: el módulo fuente no lo dimensiona,concepto PENDIENTE_CANTIDAD (no se inventa),
C1-10000,C1,10000,cama_t,,,,—,20_opex/modelo_opex.py,—,,PENDIENTE,PENDIENTE: el módulo fuente no lo dimensiona,concepto PENDIENTE_CANTIDAD (no se inventa),
C1-10000,C1,10000,personal_granja,,,,—,20_opex/modelo_opex.py,—,,PENDIENTE,PENDIENTE: el módulo fuente no lo dimensiona,concepto PENDIENTE_CANTIDAD (no se inventa),
C1-10000,C1,10000,personal_incubadora,,,,—,20_opex/modelo_opex.py,—,,PENDIENTE,PENDIENTE: el módulo fuente no lo dimensiona,concepto PENDIENTE_CANTIDAD (no se inventa),
C1-10000,C1,10000,personal_planta_alimento,,,,—,20_opex/modelo_opex.py,—,,PENDIENTE,PENDIENTE: el módulo fuente no lo dimensiona,concepto PENDIENTE_CANTIDAD (no se inventa),
C1-10000,C1,10000,personal_reproductoras,,,,—,20_opex/modelo_opex.py,—,,PENDIENTE,PENDIENTE: el módulo fuente no lo dimensiona,concepto PENDIENTE_CANTIDAD (no se inventa),
C1-10000,C1,10000,personal_rendering,,,,—,20_opex/modelo_opex.py,—,,PENDIENTE,PENDIENTE: el módulo fuente no lo dimensiona,concepto PENDIENTE_CANTIDAD (no se inventa),
C1-10000,C1,10000,kwh_incubadora,,,,—,20_opex/modelo_opex.py,—,,PENDIENTE,PENDIENTE: el módulo fuente no lo dimensiona,concepto PENDIENTE_CANTIDAD (no se inventa),
C1-10000,C1,10000,agua_incubadora,,,,—,20_opex/modelo_opex.py,—,,PENDIENTE,PENDIENTE: el módulo fuente no lo dimensiona,concepto PENDIENTE_CANTIDAD (no se inventa),
C1-10000,C1,10000,kwh_planta_alimento,,,,—,20_opex/modelo_opex.py,—,,PENDIENTE,PENDIENTE: el módulo fuente no lo dimensiona,concepto PENDIENTE_CANTIDAD (no se inventa),
C1-10000,C1,10000,vapor_planta_alimento,,,,—,20_opex/modelo_opex.py,—,,PENDIENTE,PENDIENTE: el módulo fuente no lo dimensiona,concepto PENDIENTE_CANTIDAD (no se inventa),
C1-10000,C1,10000,agua_planta_alimento,,,,—,20_opex/modelo_opex.py,—,,PENDIENTE,PENDIENTE: el módulo fuente no lo dimensiona,concepto PENDIENTE_CANTIDAD (no se inventa),
C1-10000,C1,10000,kwh_rendering,,,,—,20_opex/modelo_opex.py,—,,PENDIENTE,PENDIENTE: el módulo fuente no lo dimensiona,concepto PENDIENTE_CANTIDAD (no se inventa),
C1-10000,C1,10000,lodos_t,,,,—,20_opex/modelo_opex.py,—,,PENDIENTE,PENDIENTE: el módulo fuente no lo dimensiona,concepto PENDIENTE_CANTIDAD (no se inventa),
C1-10000,C1,10000,potencia_contratada_kw,,,,—,20_opex/modelo_opex.py,—,,PENDIENTE,PENDIENTE: el módulo fuente no lo dimensiona,concepto PENDIENTE_CANTIDAD (no se inventa),
C1-20000,C1,20000,dias_operativos_anio,,250,,d/año,19_capex/modelo_capex.py,dias_anio(),,CONSUMIDO_CAPEX,[SUPUESTO] SUP-025,anualización de drivers por día operativo,
C1-20000,C1,20000,semanas_operativas_anio,,50,,semanas/año,20_opex/modelo_opex.py,días operativos ÷ días/semana,,DERIVADO_OPEX,[ESTIMACIÓN],"anualización de drivers semanales de 12B (producto, subproductos)",
C1-20000,C1,20000,aves_faenadas_anio,,5000000,,aves/año,"03_produccion_primaria/escenarios_produccion.csv (modelo_escenarios_produccion.py, vía 14B)",aves_faenadas_anio,"perfil medio, desempeño medio",DIRECTO,[ESTIMACIÓN],"FAE-FACON, FAE-QUIM, empaque",
C1-20000,C1,20000,aves_cargadas_anio,,5.01505e+06,,aves/año,"03_produccion_primaria/escenarios_produccion.csv (modelo_escenarios_produccion.py, vía 14B)",aves_cargadas_anio,"perfil medio, desempeño medio",DIRECTO,[ESTIMACIÓN],"captura, pago por ave",
C1-20000,C1,20000,pollitos_alojados_anio,,5.27899e+06,,pollitos/año,"03_produccion_primaria/escenarios_produccion.csv (modelo_escenarios_produccion.py, vía 14B)",pollitos_alojados_anio,"perfil medio, desempeño medio",DIRECTO,[ESTIMACIÓN],sanidad de crianza,
C1-20000,C1,20000,kg_vivo_cargado_anio,,1.45436e+07,,kg vivo/año,"03_produccion_primaria/escenarios_produccion.csv (modelo_escenarios_produccion.py, vía 14B)",kg_vivo_cargado_anio,"perfil medio, desempeño medio",DIRECTO,[ESTIMACIÓN],pago por kg vivo,
C1-20000,C1,20000,mortalidad_granja_aves_anio,,263950,,aves/año,"03_produccion_primaria/escenarios_produccion.csv (modelo_escenarios_produccion.py, vía 14B)",mortalidad_granja_aves_anio,"perfil medio, desempeño medio",DIRECTO,[ESTIMACIÓN],retiro de mortalidad,
C1-20000,C1,20000,agua_bebida_m3_anio,,44503.5,,m³/año,"03_produccion_primaria/escenarios_produccion.csv (modelo_escenarios_produccion.py, vía 14B)",agua_bebida_m3_anio,"perfil medio, desempeño medio",DIRECTO,[ESTIMACIÓN],agua de granja propia,
C1-20000,C1,20000,ciclos_anio,,5.71048,,ciclos/año,"03_produccion_primaria/escenarios_produccion.csv (modelo_escenarios_produccion.py, vía 14B)",ciclos_anio,"perfil medio, desempeño medio",DIRECTO,[ESTIMACIÓN],limpieza de galpones,
C1-20000,C1,20000,m2_galpon,,75885.1,,m²,"03_produccion_primaria/escenarios_produccion.csv (modelo_escenarios_produccion.py, vía 14B)",m2_galpon,"perfil medio, desempeño medio",DIRECTO,[ESTIMACIÓN],limpieza y bioseguridad de galpones,
C1-20000,C1,20000,inventario_aves_promedio_anual,,662767,,aves,"03_produccion_primaria/escenarios_produccion.csv (modelo_escenarios_produccion.py, vía 14B)",inventario_aves_promedio_anual,"perfil medio, desempeño medio",DIRECTO,[ESTIMACIÓN],activo biológico (capital de trabajo),
C1-20000,C1,20000,pollitos_a_recibir_anio,,5.27899e+06,,pollitos/año,14_alimento_balanceado/escenarios_upstream.csv (modelo_upstream.py),pollitos_a_recibir_anio,margen_pedido = 0 (SUP-142),DIRECTO,[ESTIMACIÓN],POL-COMPRA / base de incubación,
C1-20000,C1,20000,pollitos_a_recibir_semana_plena,,105580,,pollitos/semana,14_alimento_balanceado/escenarios_upstream.csv (modelo_upstream.py),pollitos_a_recibir_semana_plena,,DIRECTO,[ESTIMACIÓN],incubación (14B),
C1-20000,C1,20000,alimento_t_anio,,24724.2,,t/año,14_alimento_balanceado/escenarios_upstream.csv (modelo_upstream.py),alimento_t_anio,,DIRECTO,[ESTIMACIÓN] (03: peso × FCR),alimento comprado / elaborado / materias primas,
C1-20000,C1,20000,alimento_t_semana_plena,,494.483,,t/semana,14_alimento_balanceado/escenarios_upstream.csv (modelo_upstream.py),alimento_t_semana_plena,,DIRECTO,[ESTIMACIÓN],anualización de viajes de alimento,
C1-20000,C1,20000,mp_maiz_t_anio,,14834.5,,t/año,14_alimento_balanceado/escenarios_upstream.csv (modelo_upstream.py),alimento_t_anio × maiz (0.6),,DIRECTO,[SUPUESTO] composición ilustrativa 14B,ALI-MP-*,NO es una fórmula de dieta; mermas aparte (ALI-MERMA)
C1-20000,C1,20000,mp_harina_soja_t_anio,,7417.25,,t/año,14_alimento_balanceado/escenarios_upstream.csv (modelo_upstream.py),alimento_t_anio × harina_soja (0.3),,DIRECTO,[SUPUESTO] composición ilustrativa 14B,ALI-MP-*,NO es una fórmula de dieta; mermas aparte (ALI-MERMA)
C1-20000,C1,20000,mp_resto_t_anio,,2472.42,,t/año,14_alimento_balanceado/escenarios_upstream.csv (modelo_upstream.py),alimento_t_anio × resto (0.1),,DIRECTO,[SUPUESTO] composición ilustrativa 14B,ALI-MP-*,NO es una fórmula de dieta; mermas aparte (ALI-MERMA)
C1-20000,C1,20000,kwh_anio,2.41239e+06,4.13013e+06,7.65197e+06,kWh/año,"11_agua_efluentes/escenarios_utilities.csv (modelo_utilities.py, vía 12C)",kwh_total_anio,"perfil P1, 8 h, config. B; nivel bajo/medio/alto de 09C",DIRECTO,[ESTIMACIÓN],"UT-ELE-KWH (incluye frío, aire, bombeo, efluentes aerobios)","UNIVERSO 09C = planta de FAENA; no se extiende a incubación, alimento, granjas ni rendering"
C1-20000,C1,20000,kwh_frio_proceso_anio,761250,1.26875e+06,2.28375e+06,kWh/año,"11_agua_efluentes/escenarios_utilities.csv (modelo_utilities.py, vía 12C)",kwh_proceso_frio_de_proceso_agua_helada_hielo_dia × 250,"perfil P1, 8 h, config. B; nivel bajo/medio/alto de 09C",DIRECTO,[SUPUESTO] reparto ilustrativo,INFORMATIVO: ya incluido en kwh_anio (no se duplica),"UNIVERSO 09C = planta de FAENA; no se extiende a incubación, alimento, granjas ni rendering"
C1-20000,C1,20000,kwh_congelacion_anio,143789,227666,311543,kWh/año,"11_agua_efluentes/escenarios_utilities.csv (modelo_utilities.py, vía 12C)",kwh_congelacion_dia × 250,"perfil P1, 8 h, config. B; nivel bajo/medio/alto de 09C",DIRECTO,[ESTIMACIÓN],INFORMATIVO: ya incluido en kwh_anio,"UNIVERSO 09C = planta de FAENA; no se extiende a incubación, alimento, granjas ni rendering"
C1-20000,C1,20000,kwh_almacen_frio_anio,60355.4,120711,216930,kWh/año,"11_agua_efluentes/escenarios_utilities.csv (modelo_utilities.py, vía 12C)",kwh_almacenamiento_frio_dia_calendario × 365,"perfil P1, 8 h, config. B; nivel bajo/medio/alto de 09C",DIRECTO,[ESTIMACIÓN],INFORMATIVO: ya incluido en kwh_anio,"UNIVERSO 09C = planta de FAENA; no se extiende a incubación, alimento, granjas ni rendering"
C1-20000,C1,20000,kwh_efluentes_anio,33250,156750,598500,kWh/año,"11_agua_efluentes/escenarios_utilities.csv (modelo_utilities.py, vía 12C)",kwh_tratamiento_aerobio_dia × 250,"perfil P1, 8 h, config. B; nivel bajo/medio/alto de 09C",DIRECTO,[ESTIMACIÓN],INFORMATIVO: ya incluido en kwh_anio,"UNIVERSO 09C = planta de FAENA; no se extiende a incubación, alimento, granjas ni rendering"
C1-20000,C1,20000,kwh_bombeo_anio,217500,362500,652500,kWh/año,"11_agua_efluentes/escenarios_utilities.csv (modelo_utilities.py, vía 12C)",kwh_proceso_bombas_agua_y_efluentes_dia × 250,"perfil P1, 8 h, config. B; nivel bajo/medio/alto de 09C",DIRECTO,[ESTIMACIÓN],INFORMATIVO: ya incluido en kwh_anio,"UNIVERSO 09C = planta de FAENA; no se extiende a incubación, alimento, granjas ni rendering"
C1-20000,C1,20000,agua_m3_anio,75000,125000,190000,m³/año,"11_agua_efluentes/escenarios_utilities.csv (modelo_utilities.py, vía 12C)",agua_captada_m3_dia × 250,"perfil P1, 8 h, config. B; nivel bajo/medio/alto de 09C",DIRECTO,[ESTIMACIÓN],UT-AGUA-*,"UNIVERSO 09C = planta de FAENA; no se extiende a incubación, alimento, granjas ni rendering"
C1-20000,C1,20000,agua_limpieza_m3_anio,15000,25000,37500,m³/año,"11_agua_efluentes/escenarios_utilities.csv (modelo_utilities.py, vía 12C)",agua_limpieza_m3_dia × 250,"perfil P1, 8 h, config. B; nivel bajo/medio/alto de 09C",DIRECTO,[ESTIMACIÓN],INFORMATIVO: ya incluida en agua_m3_anio,"UNIVERSO 09C = planta de FAENA; no se extiende a incubación, alimento, granjas ni rendering"
C1-20000,C1,20000,efluente_m3_anio,60000,110000,180500,m³/año,"11_agua_efluentes/escenarios_utilities.csv (modelo_utilities.py, vía 12C)",agua_descargada_m3_dia × 250,"perfil P1, 8 h, config. B; nivel bajo/medio/alto de 09C",DIRECTO,[ESTIMACIÓN],"EF-QUIM, EF-CANON","UNIVERSO 09C = planta de FAENA; no se extiende a incubación, alimento, granjas ni rendering"
C1-20000,C1,20000,energia_termica_kwh_t_anio,752659,1.85269e+06,4.93465e+06,kWh_t/año,"11_agua_efluentes/escenarios_utilities.csv (modelo_utilities.py, vía 12C)",energia_combustible_kwh_termicos_dia × 250,"perfil P1, 8 h, config. B; nivel bajo/medio/alto de 09C",DIRECTO,[ESTIMACIÓN],UT-TER-* (combustible),"UNIVERSO 09C = planta de FAENA; no se extiende a incubación, alimento, granjas ni rendering"
C1-20000,C1,20000,combustible_gas_natural_anio,69654.8,171457,456677,m³/año,"11_agua_efluentes/escenarios_utilities.csv (modelo_utilities.py, vía 12C)",equivalente_gas_natural_m3_dia × 250,"perfil P1, 8 h, config. B; nivel bajo/medio/alto de 09C",DIRECTO,[SUPUESTO] PCI,UT-TER (gas_natural) si se elige,"UNIVERSO 09C = planta de FAENA; no se extiende a incubación, alimento, granjas ni rendering"
C1-20000,C1,20000,combustible_glp_anio,58903.8,144993,386190,kg/año,"11_agua_efluentes/escenarios_utilities.csv (modelo_utilities.py, vía 12C)",equivalente_glp_kg_dia × 250,"perfil P1, 8 h, config. B; nivel bajo/medio/alto de 09C",DIRECTO,[SUPUESTO] PCI,UT-TER (glp) si se elige,"UNIVERSO 09C = planta de FAENA; no se extiende a incubación, alimento, granjas ni rendering"
C1-20000,C1,20000,combustible_biomasa_anio,193541,476407,1.26891e+06,kg/año,"11_agua_efluentes/escenarios_utilities.csv (modelo_utilities.py, vía 12C)",equivalente_biomasa_chip_kg_dia × 250,"perfil P1, 8 h, config. B; nivel bajo/medio/alto de 09C",DIRECTO,[SUPUESTO] PCI,UT-TER (biomasa) si se elige,"UNIVERSO 09C = planta de FAENA; no se extiende a incubación, alimento, granjas ni rendering"
C1-20000,C1,20000,subproducto_sangre_t_anio,419.05,419.05,419.05,t/año,"11_agua_efluentes/escenarios_utilities.csv (modelo_utilities.py, vía 12C)",segregable_sangre_recuperada_t_dia × 250,"perfil P1, 8 h, config. B; nivel bajo/medio/alto de 09C",DIRECTO,[ESTIMACIÓN],SUB-RET-SANGRE,"UNIVERSO 09C = planta de FAENA; no se extiende a incubación, alimento, granjas ni rendering"
C1-20000,C1,20000,subproducto_plumas_t_anio,1206.4,1206.4,1206.4,t/año,"11_agua_efluentes/escenarios_utilities.csv (modelo_utilities.py, vía 12C)",segregable_plumas_t_dia × 250,"perfil P1, 8 h, config. B; nivel bajo/medio/alto de 09C",DIRECTO,[ESTIMACIÓN],SUB-RET-PLUMAS,"UNIVERSO 09C = planta de FAENA; no se extiende a incubación, alimento, granjas ni rendering"
C1-20000,C1,20000,subproducto_visceras_t_anio,652.5,652.5,652.5,t/año,"11_agua_efluentes/escenarios_utilities.csv (modelo_utilities.py, vía 12C)",segregable_visceras_t_dia × 250,"perfil P1, 8 h, config. B; nivel bajo/medio/alto de 09C",DIRECTO,[ESTIMACIÓN],SUB-RET-VISCERAS,"UNIVERSO 09C = planta de FAENA; no se extiende a incubación, alimento, granjas ni rendering"
C1-20000,C1,20000,subproducto_cabezas_t_anio,362.5,362.5,362.5,t/año,"11_agua_efluentes/escenarios_utilities.csv (modelo_utilities.py, vía 12C)",segregable_cabeza_t_dia × 250,"perfil P1, 8 h, config. B; nivel bajo/medio/alto de 09C",DIRECTO,[ESTIMACIÓN],SUB-RET-CABEZAS,"UNIVERSO 09C = planta de FAENA; no se extiende a incubación, alimento, granjas ni rendering"
C1-20000,C1,20000,decomisos_t_anio,,200.721,,t/año,04_balance_masa/escenarios_balance.csv (modelo_balance_masa.py),Σ filas 'decomiso*' de balance() × aves/año,,CALCULO_MODELO_FUENTE,[ESTIMACIÓN] condenas medias,SUB-RET-DECOMISOS,
C1-20000,C1,20000,kg_producto_anio,,1.19824e+07,,kg producto/año,05_proceso_industrial/capacidad_proceso.csv (modelo_capacidad_proceso.py),kg_ave_config()['comestible_a_empaque'] × aves/año,,CALCULO_MODELO_FUENTE,[ESTIMACIÓN] balance v1.1,"EMP-* (base comercial; incluye garras y menudencias, 12B)",
C1-20000,C1,20000,refrigerado_t_anio,,10784.2,,t/año,13_logistica/escenarios_logistica.csv (modelo_logistica.py),refrigerado_t_semana × semanas operativas,"perfil P1; 6 despachos refrigerado y 2 congelado/sem; 12 t; 300 km (ESCENARIO, SUP-16-20)",DIRECTO,[ESTIMACIÓN],flujo refrigerado,
C1-20000,C1,20000,refrigerado_viajes_anio,,900,,viajes/año,13_logistica/escenarios_logistica.csv (modelo_logistica.py),refrigerado_viajes_semana × semanas,"perfil P1; 6 despachos refrigerado y 2 congelado/sem; 12 t; 300 km (ESCENARIO, SUP-16-20)",DIRECTO,[ESTIMACIÓN] capacidad de ESCENARIO,LOG-REF-*,
C1-20000,C1,20000,refrigerado_km_anio,,540000,,km/año,13_logistica/escenarios_logistica.csv (modelo_logistica.py),refrigerado_km_dia_despacho × despachos/semana × semanas,"perfil P1; 6 despachos refrigerado y 2 congelado/sem; 12 t; 300 km (ESCENARIO, SUP-16-20)",DIRECTO,[ESTIMACIÓN] troncal; reparto capilar PENDIENTE (DEC-053),LOG-REF-*,
C1-20000,C1,20000,stock_refrigerado_medio_t,,51.3532,,t,13_logistica/escenarios_logistica.csv (modelo_logistica.py),"inventario(t_dia_op, despachos=6): stock_ciclo_medio + seguridad (0)",,CALCULO_MODELO_FUENTE,[ESTIMACIÓN]; stock comercial adicional PENDIENTE,capital de trabajo,
C1-20000,C1,20000,congelado_t_anio,,1198.24,,t/año,13_logistica/escenarios_logistica.csv (modelo_logistica.py),congelado_t_semana × semanas operativas,"perfil P1; 6 despachos refrigerado y 2 congelado/sem; 12 t; 300 km (ESCENARIO, SUP-16-20)",DIRECTO,[ESTIMACIÓN],flujo congelado,
C1-20000,C1,20000,congelado_viajes_anio,,100,,viajes/año,13_logistica/escenarios_logistica.csv (modelo_logistica.py),congelado_viajes_semana × semanas,"perfil P1; 6 despachos refrigerado y 2 congelado/sem; 12 t; 300 km (ESCENARIO, SUP-16-20)",DIRECTO,[ESTIMACIÓN] capacidad de ESCENARIO,LOG-CON-*,
C1-20000,C1,20000,congelado_km_anio,,60000,,km/año,13_logistica/escenarios_logistica.csv (modelo_logistica.py),congelado_km_dia_despacho × despachos/semana × semanas,"perfil P1; 6 despachos refrigerado y 2 congelado/sem; 12 t; 300 km (ESCENARIO, SUP-16-20)",DIRECTO,[ESTIMACIÓN] troncal; reparto capilar PENDIENTE (DEC-053),LOG-CON-*,
C1-20000,C1,20000,stock_congelado_medio_t,,14.0365,,t,13_logistica/escenarios_logistica.csv (modelo_logistica.py),"inventario(t_dia_op, despachos=2): stock_ciclo_medio + seguridad (0)",,CALCULO_MODELO_FUENTE,[ESTIMACIÓN]; stock comercial adicional PENDIENTE,capital de trabajo,
C1-20000,C1,20000,vivo_viajes_anio,,1000,,viajes/año,13_logistica/escenarios_logistica.csv (modelo_logistica.py),viajes_dia × días,radio 100 km; 5500 aves/camión (ESCENARIO),DIRECTO,[ESTIMACIÓN],LOG-VIV-*,
C1-20000,C1,20000,vivo_km_anio,,173333,,km/año,13_logistica/escenarios_logistica.csv (modelo_logistica.py),km_total_dia × días,radio 100 km; 5500 aves/camión (ESCENARIO),DIRECTO,[ESTIMACIÓN],LOG-VIV-*,
C1-20000,C1,20000,vivo_t_anio,,14543.6,,t/año,13_logistica/escenarios_logistica.csv (modelo_logistica.py),t_vivo_cargado_dia × días,radio 100 km; 5500 aves/camión (ESCENARIO),DIRECTO,[ESTIMACIÓN],LOG-VIV-TER-UNI,
C1-20000,C1,20000,alimento_viajes_anio,,900,,viajes/año,13_logistica/escenarios_logistica.csv (modelo_logistica.py),alimento_viajes_semana × (t_año ÷ t_semana_plena),granelero 28 t; 75 km fábrica–granja (ESCENARIO),DIRECTO,[ESTIMACIÓN],LOG-ALI-*,
C1-20000,C1,20000,alimento_km_anio,,135000,,km/año,13_logistica/escenarios_logistica.csv (modelo_logistica.py),alimento_km_semana × (t_año ÷ t_semana_plena),granelero 28 t; 75 km fábrica–granja (ESCENARIO),DIRECTO,[ESTIMACIÓN],LOG-ALI-*,
C1-20000,C1,20000,pollitos_viajes_anio,,,,viajes/año,13_logistica/escenarios_logistica.csv (modelo_logistica.py),pollitos_viajes_semana (cap_pollitos = None),,PENDIENTE,"PENDIENTE (DPV-047, DPV-084)",LOG-POL-*,
C1-20000,C1,20000,subproductos_viajes_anio,,1000,,viajes/año,13_logistica/escenarios_logistica.csv (modelo_logistica.py),Σ viajes_semana_criterio_masa × semanas,,CALCULO_MODELO_FUENTE,"COTA INFERIOR (volumétrico PENDIENTE, DPV-135)",LOG-SUB-*,
C1-20000,C1,20000,subproductos_km_anio,,100000,,km/año,13_logistica/escenarios_logistica.csv (modelo_logistica.py),Σ km_semana_criterio_masa × semanas,,CALCULO_MODELO_FUENTE,COTA INFERIOR,LOG-SUB-*,
C1-20000,C1,20000,subproductos_t_anio,,3041.76,,t/año,13_logistica/escenarios_logistica.csv (modelo_logistica.py),Σ t_semana × semanas,,CALCULO_MODELO_FUENTE,[ESTIMACIÓN],LOG-SUB-TER-UNI,
C1-20000,C1,20000,vehiculos_POL,,,,vehículos,19_capex/boq_capex.csv (modelo_capex.py),flota[pollitos].unidades,,PENDIENTE,PENDIENTE,"LOG-POL-PAT, SEG-FLOTA-POL",
C1-20000,C1,20000,vehiculos_HUE,,,,vehículos,19_capex/boq_capex.csv (modelo_capex.py),—,,PENDIENTE,PENDIENTE,"LOG-HUE-PAT, SEG-FLOTA-HUE",
C1-20000,C1,20000,vehiculos_ALI,,,,vehículos,19_capex/boq_capex.csv (modelo_capex.py),flota[alimento].unidades,,PENDIENTE,PENDIENTE,"LOG-ALI-PAT, SEG-FLOTA-ALI",
C1-20000,C1,20000,vehiculos_GRA,,,,vehículos,19_capex/boq_capex.csv (modelo_capex.py),—,,PENDIENTE,PENDIENTE,"LOG-GRA-PAT, SEG-FLOTA-GRA",
C1-20000,C1,20000,vehiculos_VIV,,,,vehículos,19_capex/boq_capex.csv (modelo_capex.py),flota[vivo].unidades,,PENDIENTE,PENDIENTE,"LOG-VIV-PAT, SEG-FLOTA-VIV",
C1-20000,C1,20000,vehiculos_REF,,,,vehículos,19_capex/boq_capex.csv (modelo_capex.py),flota[refrigerado].unidades,,PENDIENTE,PENDIENTE,"LOG-REF-PAT, SEG-FLOTA-REF",
C1-20000,C1,20000,vehiculos_CON,,,,vehículos,19_capex/boq_capex.csv (modelo_capex.py),flota[congelado].unidades,,PENDIENTE,PENDIENTE,"LOG-CON-PAT, SEG-FLOTA-CON",
C1-20000,C1,20000,vehiculos_SUB,,,,vehículos,19_capex/boq_capex.csv (modelo_capex.py),flota[subproductos].unidades,,PENDIENTE,PENDIENTE,"LOG-SUB-PAT, SEG-FLOTA-SUB",
C1-20000,C1,20000,fte_industrial_14a,,167.993,,FTE,18_recursos_humanos/escenarios_rrhh.csv (modelo_rrhh.py),fte_total,turnos=extendido; autom=semiautomatico; limpieza=propia; mant=propio; lab=propio,CALCULO_MODELO_FUENTE,[SUPUESTO] productividad,"RRHH INDUSTRIAL + estructura + coordinación primaria (14A). NO es el FTE total de una empresa verticalmente integrada: granjas propias, incubación, planta de alimento, reproductoras y rendering no están dimensionados","headcount de nómina PENDIENTE (factor de cobertura no validado); incluye horas de terceros que luego pueden quedar INCLUIDAS en tarifas (faenador, choferes)"
C1-20000,C1,20000,fte_directos_14a,,80.9972,,FTE,18_recursos_humanos/escenarios_rrhh.csv (modelo_rrhh.py),fte_interno + fte_tercerizado (directo),,CALCULO_MODELO_FUENTE,[SUPUESTO],FAE-CUCH,
C1-20000,C1,20000,horas_brecha_jornada_anio,,36424.4,,h-persona/año,18_recursos_humanos/escenarios_rrhh.csv (modelo_rrhh.py),horas_persona_brecha_jornada_dia × días,,CALCULO_MODELO_FUENTE,[ESTIMACIÓN],INFORMATIVO: no son horas extra automáticas (DPV-146),
C1-20000,C1,20000,headcount_nomina,,,,personas,18_recursos_humanos/escenarios_rrhh.csv (modelo_rrhh.py),headcount_nomina,,PENDIENTE,PENDIENTE (factor de cobertura),NO se usa: costeo provisional por FTE,
C1-20000,C1,20000,fraccion_granjas_propias,,0,,fracción,19_capex/boq_capex.csv (modelo_capex.py),fraccion_granjas_propias,,CONSUMIDO_CAPEX,ESCENARIO (SUP-16-09),reparto propia / integrada,
C1-20000,C1,20000,kwh_granja,,,,—,20_opex/modelo_opex.py,—,,PENDIENTE,PENDIENTE: el módulo fuente no lo dimensiona,concepto PENDIENTE_CANTIDAD (no se inventa),
C1-20000,C1,20000,gas_granja,,,,—,20_opex/modelo_opex.py,—,,PENDIENTE,PENDIENTE: el módulo fuente no lo dimensiona,concepto PENDIENTE_CANTIDAD (no se inventa),
C1-20000,C1,20000,cama_t,,,,—,20_opex/modelo_opex.py,—,,PENDIENTE,PENDIENTE: el módulo fuente no lo dimensiona,concepto PENDIENTE_CANTIDAD (no se inventa),
C1-20000,C1,20000,personal_granja,,,,—,20_opex/modelo_opex.py,—,,PENDIENTE,PENDIENTE: el módulo fuente no lo dimensiona,concepto PENDIENTE_CANTIDAD (no se inventa),
C1-20000,C1,20000,personal_incubadora,,,,—,20_opex/modelo_opex.py,—,,PENDIENTE,PENDIENTE: el módulo fuente no lo dimensiona,concepto PENDIENTE_CANTIDAD (no se inventa),
C1-20000,C1,20000,personal_planta_alimento,,,,—,20_opex/modelo_opex.py,—,,PENDIENTE,PENDIENTE: el módulo fuente no lo dimensiona,concepto PENDIENTE_CANTIDAD (no se inventa),
C1-20000,C1,20000,personal_reproductoras,,,,—,20_opex/modelo_opex.py,—,,PENDIENTE,PENDIENTE: el módulo fuente no lo dimensiona,concepto PENDIENTE_CANTIDAD (no se inventa),
C1-20000,C1,20000,personal_rendering,,,,—,20_opex/modelo_opex.py,—,,PENDIENTE,PENDIENTE: el módulo fuente no lo dimensiona,concepto PENDIENTE_CANTIDAD (no se inventa),
C1-20000,C1,20000,kwh_incubadora,,,,—,20_opex/modelo_opex.py,—,,PENDIENTE,PENDIENTE: el módulo fuente no lo dimensiona,concepto PENDIENTE_CANTIDAD (no se inventa),
C1-20000,C1,20000,agua_incubadora,,,,—,20_opex/modelo_opex.py,—,,PENDIENTE,PENDIENTE: el módulo fuente no lo dimensiona,concepto PENDIENTE_CANTIDAD (no se inventa),
C1-20000,C1,20000,kwh_planta_alimento,,,,—,20_opex/modelo_opex.py,—,,PENDIENTE,PENDIENTE: el módulo fuente no lo dimensiona,concepto PENDIENTE_CANTIDAD (no se inventa),
C1-20000,C1,20000,vapor_planta_alimento,,,,—,20_opex/modelo_opex.py,—,,PENDIENTE,PENDIENTE: el módulo fuente no lo dimensiona,concepto PENDIENTE_CANTIDAD (no se inventa),
C1-20000,C1,20000,agua_planta_alimento,,,,—,20_opex/modelo_opex.py,—,,PENDIENTE,PENDIENTE: el módulo fuente no lo dimensiona,concepto PENDIENTE_CANTIDAD (no se inventa),
C1-20000,C1,20000,kwh_rendering,,,,—,20_opex/modelo_opex.py,—,,PENDIENTE,PENDIENTE: el módulo fuente no lo dimensiona,concepto PENDIENTE_CANTIDAD (no se inventa),
C1-20000,C1,20000,lodos_t,,,,—,20_opex/modelo_opex.py,—,,PENDIENTE,PENDIENTE: el módulo fuente no lo dimensiona,concepto PENDIENTE_CANTIDAD (no se inventa),
C1-20000,C1,20000,potencia_contratada_kw,,,,—,20_opex/modelo_opex.py,—,,PENDIENTE,PENDIENTE: el módulo fuente no lo dimensiona,concepto PENDIENTE_CANTIDAD (no se inventa),
C2-2500,C2,2500,dias_operativos_anio,,250,,d/año,19_capex/modelo_capex.py,dias_anio(),,CONSUMIDO_CAPEX,[SUPUESTO] SUP-025,anualización de drivers por día operativo,
C2-2500,C2,2500,semanas_operativas_anio,,50,,semanas/año,20_opex/modelo_opex.py,días operativos ÷ días/semana,,DERIVADO_OPEX,[ESTIMACIÓN],"anualización de drivers semanales de 12B (producto, subproductos)",
C2-2500,C2,2500,aves_faenadas_anio,,625000,,aves/año,"03_produccion_primaria/escenarios_produccion.csv (modelo_escenarios_produccion.py, vía 14B)",aves_faenadas_anio,"perfil medio, desempeño medio",DIRECTO,[ESTIMACIÓN],"FAE-FACON, FAE-QUIM, empaque",
C2-2500,C2,2500,aves_cargadas_anio,,626881,,aves/año,"03_produccion_primaria/escenarios_produccion.csv (modelo_escenarios_produccion.py, vía 14B)",aves_cargadas_anio,"perfil medio, desempeño medio",DIRECTO,[ESTIMACIÓN],"captura, pago por ave",
C2-2500,C2,2500,pollitos_alojados_anio,,659874,,pollitos/año,"03_produccion_primaria/escenarios_produccion.csv (modelo_escenarios_produccion.py, vía 14B)",pollitos_alojados_anio,"perfil medio, desempeño medio",DIRECTO,[ESTIMACIÓN],sanidad de crianza,
C2-2500,C2,2500,kg_vivo_cargado_anio,,1.81795e+06,,kg vivo/año,"03_produccion_primaria/escenarios_produccion.csv (modelo_escenarios_produccion.py, vía 14B)",kg_vivo_cargado_anio,"perfil medio, desempeño medio",DIRECTO,[ESTIMACIÓN],pago por kg vivo,
C2-2500,C2,2500,mortalidad_granja_aves_anio,,32993.7,,aves/año,"03_produccion_primaria/escenarios_produccion.csv (modelo_escenarios_produccion.py, vía 14B)",mortalidad_granja_aves_anio,"perfil medio, desempeño medio",DIRECTO,[ESTIMACIÓN],retiro de mortalidad,
C2-2500,C2,2500,agua_bebida_m3_anio,,5562.94,,m³/año,"03_produccion_primaria/escenarios_produccion.csv (modelo_escenarios_produccion.py, vía 14B)",agua_bebida_m3_anio,"perfil medio, desempeño medio",DIRECTO,[ESTIMACIÓN],agua de granja propia,
C2-2500,C2,2500,ciclos_anio,,5.71048,,ciclos/año,"03_produccion_primaria/escenarios_produccion.csv (modelo_escenarios_produccion.py, vía 14B)",ciclos_anio,"perfil medio, desempeño medio",DIRECTO,[ESTIMACIÓN],limpieza de galpones,
C2-2500,C2,2500,m2_galpon,,9485.64,,m²,"03_produccion_primaria/escenarios_produccion.csv (modelo_escenarios_produccion.py, vía 14B)",m2_galpon,"perfil medio, desempeño medio",DIRECTO,[ESTIMACIÓN],limpieza y bioseguridad de galpones,
C2-2500,C2,2500,inventario_aves_promedio_anual,,82845.9,,aves,"03_produccion_primaria/escenarios_produccion.csv (modelo_escenarios_produccion.py, vía 14B)",inventario_aves_promedio_anual,"perfil medio, desempeño medio",DIRECTO,[ESTIMACIÓN],activo biológico (capital de trabajo),
C2-2500,C2,2500,pollitos_a_recibir_anio,,659874,,pollitos/año,14_alimento_balanceado/escenarios_upstream.csv (modelo_upstream.py),pollitos_a_recibir_anio,margen_pedido = 0 (SUP-142),DIRECTO,[ESTIMACIÓN],POL-COMPRA / base de incubación,
C2-2500,C2,2500,pollitos_a_recibir_semana_plena,,13197.5,,pollitos/semana,14_alimento_balanceado/escenarios_upstream.csv (modelo_upstream.py),pollitos_a_recibir_semana_plena,,DIRECTO,[ESTIMACIÓN],incubación (14B),
C2-2500,C2,2500,alimento_t_anio,,3090.52,,t/año,14_alimento_balanceado/escenarios_upstream.csv (modelo_upstream.py),alimento_t_anio,,DIRECTO,[ESTIMACIÓN] (03: peso × FCR),alimento comprado / elaborado / materias primas,
C2-2500,C2,2500,alimento_t_semana_plena,,61.8104,,t/semana,14_alimento_balanceado/escenarios_upstream.csv (modelo_upstream.py),alimento_t_semana_plena,,DIRECTO,[ESTIMACIÓN],anualización de viajes de alimento,
C2-2500,C2,2500,mp_maiz_t_anio,,1854.31,,t/año,14_alimento_balanceado/escenarios_upstream.csv (modelo_upstream.py),alimento_t_anio × maiz (0.6),,DIRECTO,[SUPUESTO] composición ilustrativa 14B,ALI-MP-*,NO es una fórmula de dieta; mermas aparte (ALI-MERMA)
C2-2500,C2,2500,mp_harina_soja_t_anio,,927.156,,t/año,14_alimento_balanceado/escenarios_upstream.csv (modelo_upstream.py),alimento_t_anio × harina_soja (0.3),,DIRECTO,[SUPUESTO] composición ilustrativa 14B,ALI-MP-*,NO es una fórmula de dieta; mermas aparte (ALI-MERMA)
C2-2500,C2,2500,mp_resto_t_anio,,309.052,,t/año,14_alimento_balanceado/escenarios_upstream.csv (modelo_upstream.py),alimento_t_anio × resto (0.1),,DIRECTO,[SUPUESTO] composición ilustrativa 14B,ALI-MP-*,NO es una fórmula de dieta; mermas aparte (ALI-MERMA)
C2-2500,C2,2500,kwh_anio,368263,627226,1.11531e+06,kWh/año,"11_agua_efluentes/escenarios_utilities.csv (modelo_utilities.py, vía 12C)",kwh_total_anio,"perfil P2, 8 h, config. B; nivel bajo/medio/alto de 09C",CALCULO_MODELO_FUENTE,[ESTIMACIÓN],"UT-ELE-KWH (incluye frío, aire, bombeo, efluentes aerobios)","UNIVERSO 09C = planta de FAENA; no se extiende a incubación, alimento, granjas ni rendering"
C2-2500,C2,2500,kwh_frio_proceso_anio,95156.2,158594,285469,kWh/año,"11_agua_efluentes/escenarios_utilities.csv (modelo_utilities.py, vía 12C)",kwh_proceso_frio_de_proceso_agua_helada_hielo_dia × 250,"perfil P2, 8 h, config. B; nivel bajo/medio/alto de 09C",CALCULO_MODELO_FUENTE,[SUPUESTO] reparto ilustrativo,INFORMATIVO: ya incluido en kwh_anio (no se duplica),"UNIVERSO 09C = planta de FAENA; no se extiende a incubación, alimento, granjas ni rendering"
C2-2500,C2,2500,kwh_congelacion_anio,71894.5,113833,155771,kWh/año,"11_agua_efluentes/escenarios_utilities.csv (modelo_utilities.py, vía 12C)",kwh_congelacion_dia × 250,"perfil P2, 8 h, config. B; nivel bajo/medio/alto de 09C",CALCULO_MODELO_FUENTE,[ESTIMACIÓN],INFORMATIVO: ya incluido en kwh_anio,"UNIVERSO 09C = planta de FAENA; no se extiende a incubación, alimento, granjas ni rendering"
C2-2500,C2,2500,kwh_almacen_frio_anio,20337.2,40674.3,69102.6,kWh/año,"11_agua_efluentes/escenarios_utilities.csv (modelo_utilities.py, vía 12C)",kwh_almacenamiento_frio_dia_calendario × 365,"perfil P2, 8 h, config. B; nivel bajo/medio/alto de 09C",CALCULO_MODELO_FUENTE,[ESTIMACIÓN],INFORMATIVO: ya incluido en kwh_anio,"UNIVERSO 09C = planta de FAENA; no se extiende a incubación, alimento, granjas ni rendering"
C2-2500,C2,2500,kwh_efluentes_anio,4156.25,19593.8,74812.5,kWh/año,"11_agua_efluentes/escenarios_utilities.csv (modelo_utilities.py, vía 12C)",kwh_tratamiento_aerobio_dia × 250,"perfil P2, 8 h, config. B; nivel bajo/medio/alto de 09C",CALCULO_MODELO_FUENTE,[ESTIMACIÓN],INFORMATIVO: ya incluido en kwh_anio,"UNIVERSO 09C = planta de FAENA; no se extiende a incubación, alimento, granjas ni rendering"
C2-2500,C2,2500,kwh_bombeo_anio,27187.5,45312.5,81562.5,kWh/año,"11_agua_efluentes/escenarios_utilities.csv (modelo_utilities.py, vía 12C)",kwh_proceso_bombas_agua_y_efluentes_dia × 250,"perfil P2, 8 h, config. B; nivel bajo/medio/alto de 09C",CALCULO_MODELO_FUENTE,[ESTIMACIÓN],INFORMATIVO: ya incluido en kwh_anio,"UNIVERSO 09C = planta de FAENA; no se extiende a incubación, alimento, granjas ni rendering"
C2-2500,C2,2500,agua_m3_anio,9375,15625,23750,m³/año,"11_agua_efluentes/escenarios_utilities.csv (modelo_utilities.py, vía 12C)",agua_captada_m3_dia × 250,"perfil P2, 8 h, config. B; nivel bajo/medio/alto de 09C",CALCULO_MODELO_FUENTE,[ESTIMACIÓN],UT-AGUA-*,"UNIVERSO 09C = planta de FAENA; no se extiende a incubación, alimento, granjas ni rendering"
C2-2500,C2,2500,agua_limpieza_m3_anio,1875,3125,4687.5,m³/año,"11_agua_efluentes/escenarios_utilities.csv (modelo_utilities.py, vía 12C)",agua_limpieza_m3_dia × 250,"perfil P2, 8 h, config. B; nivel bajo/medio/alto de 09C",CALCULO_MODELO_FUENTE,[ESTIMACIÓN],INFORMATIVO: ya incluida en agua_m3_anio,"UNIVERSO 09C = planta de FAENA; no se extiende a incubación, alimento, granjas ni rendering"
C2-2500,C2,2500,efluente_m3_anio,7500,13750,22562.5,m³/año,"11_agua_efluentes/escenarios_utilities.csv (modelo_utilities.py, vía 12C)",agua_descargada_m3_dia × 250,"perfil P2, 8 h, config. B; nivel bajo/medio/alto de 09C",CALCULO_MODELO_FUENTE,[ESTIMACIÓN],"EF-QUIM, EF-CANON","UNIVERSO 09C = planta de FAENA; no se extiende a incubación, alimento, granjas ni rendering"
C2-2500,C2,2500,energia_termica_kwh_t_anio,94082.4,231587,616831,kWh_t/año,"11_agua_efluentes/escenarios_utilities.csv (modelo_utilities.py, vía 12C)",energia_combustible_kwh_termicos_dia × 250,"perfil P2, 8 h, config. B; nivel bajo/medio/alto de 09C",CALCULO_MODELO_FUENTE,[ESTIMACIÓN],UT-TER-* (combustible),"UNIVERSO 09C = planta de FAENA; no se extiende a incubación, alimento, granjas ni rendering"
C2-2500,C2,2500,combustible_gas_natural_anio,8706.85,21432.2,57084.6,m³/año,"11_agua_efluentes/escenarios_utilities.csv (modelo_utilities.py, vía 12C)",equivalente_gas_natural_m3_dia × 250,"perfil P2, 8 h, config. B; nivel bajo/medio/alto de 09C",CALCULO_MODELO_FUENTE,[SUPUESTO] PCI,UT-TER (gas_natural) si se elige,"UNIVERSO 09C = planta de FAENA; no se extiende a incubación, alimento, granjas ni rendering"
C2-2500,C2,2500,combustible_glp_anio,7362.97,18124.2,48273.8,kg/año,"11_agua_efluentes/escenarios_utilities.csv (modelo_utilities.py, vía 12C)",equivalente_glp_kg_dia × 250,"perfil P2, 8 h, config. B; nivel bajo/medio/alto de 09C",CALCULO_MODELO_FUENTE,[SUPUESTO] PCI,UT-TER (glp) si se elige,"UNIVERSO 09C = planta de FAENA; no se extiende a incubación, alimento, granjas ni rendering"
C2-2500,C2,2500,combustible_biomasa_anio,24192.6,59550.8,158614,kg/año,"11_agua_efluentes/escenarios_utilities.csv (modelo_utilities.py, vía 12C)",equivalente_biomasa_chip_kg_dia × 250,"perfil P2, 8 h, config. B; nivel bajo/medio/alto de 09C",CALCULO_MODELO_FUENTE,[SUPUESTO] PCI,UT-TER (biomasa) si se elige,"UNIVERSO 09C = planta de FAENA; no se extiende a incubación, alimento, granjas ni rendering"
C2-2500,C2,2500,subproducto_sangre_t_anio,52.3813,52.3813,52.3813,t/año,"11_agua_efluentes/escenarios_utilities.csv (modelo_utilities.py, vía 12C)",segregable_sangre_recuperada_t_dia × 250,"perfil P2, 8 h, config. B; nivel bajo/medio/alto de 09C",CALCULO_MODELO_FUENTE,[ESTIMACIÓN],SUB-RET-SANGRE,"UNIVERSO 09C = planta de FAENA; no se extiende a incubación, alimento, granjas ni rendering"
C2-2500,C2,2500,subproducto_plumas_t_anio,150.8,150.8,150.8,t/año,"11_agua_efluentes/escenarios_utilities.csv (modelo_utilities.py, vía 12C)",segregable_plumas_t_dia × 250,"perfil P2, 8 h, config. B; nivel bajo/medio/alto de 09C",CALCULO_MODELO_FUENTE,[ESTIMACIÓN],SUB-RET-PLUMAS,"UNIVERSO 09C = planta de FAENA; no se extiende a incubación, alimento, granjas ni rendering"
C2-2500,C2,2500,subproducto_visceras_t_anio,81.5625,81.5625,81.5625,t/año,"11_agua_efluentes/escenarios_utilities.csv (modelo_utilities.py, vía 12C)",segregable_visceras_t_dia × 250,"perfil P2, 8 h, config. B; nivel bajo/medio/alto de 09C",CALCULO_MODELO_FUENTE,[ESTIMACIÓN],SUB-RET-VISCERAS,"UNIVERSO 09C = planta de FAENA; no se extiende a incubación, alimento, granjas ni rendering"
C2-2500,C2,2500,subproducto_cabezas_t_anio,45.3125,45.3125,45.3125,t/año,"11_agua_efluentes/escenarios_utilities.csv (modelo_utilities.py, vía 12C)",segregable_cabeza_t_dia × 250,"perfil P2, 8 h, config. B; nivel bajo/medio/alto de 09C",CALCULO_MODELO_FUENTE,[ESTIMACIÓN],SUB-RET-CABEZAS,"UNIVERSO 09C = planta de FAENA; no se extiende a incubación, alimento, granjas ni rendering"
C2-2500,C2,2500,decomisos_t_anio,,25.0901,,t/año,04_balance_masa/escenarios_balance.csv (modelo_balance_masa.py),Σ filas 'decomiso*' de balance() × aves/año,,CALCULO_MODELO_FUENTE,[ESTIMACIÓN] condenas medias,SUB-RET-DECOMISOS,
C2-2500,C2,2500,kg_producto_anio,,1.4978e+06,,kg producto/año,05_proceso_industrial/capacidad_proceso.csv (modelo_capacidad_proceso.py),kg_ave_config()['comestible_a_empaque'] × aves/año,,CALCULO_MODELO_FUENTE,[ESTIMACIÓN] balance v1.1,"EMP-* (base comercial; incluye garras y menudencias, 12B)",
C2-2500,C2,2500,refrigerado_t_anio,,898.681,,t/año,13_logistica/escenarios_logistica.csv (modelo_logistica.py),refrigerado_t_semana × semanas operativas,"perfil P2; 6 despachos refrigerado y 2 congelado/sem; 12 t; 300 km (ESCENARIO, SUP-16-20)",CALCULO_MODELO_FUENTE,[ESTIMACIÓN],flujo refrigerado,
C2-2500,C2,2500,refrigerado_viajes_anio,,300,,viajes/año,13_logistica/escenarios_logistica.csv (modelo_logistica.py),refrigerado_viajes_semana × semanas,"perfil P2; 6 despachos refrigerado y 2 congelado/sem; 12 t; 300 km (ESCENARIO, SUP-16-20)",CALCULO_MODELO_FUENTE,[ESTIMACIÓN] capacidad de ESCENARIO,LOG-REF-*,
C2-2500,C2,2500,refrigerado_km_anio,,180000,,km/año,13_logistica/escenarios_logistica.csv (modelo_logistica.py),refrigerado_km_dia_despacho × despachos/semana × semanas,"perfil P2; 6 despachos refrigerado y 2 congelado/sem; 12 t; 300 km (ESCENARIO, SUP-16-20)",CALCULO_MODELO_FUENTE,[ESTIMACIÓN] troncal; reparto capilar PENDIENTE (DEC-053),LOG-REF-*,
C2-2500,C2,2500,stock_refrigerado_medio_t,,4.27943,,t,13_logistica/escenarios_logistica.csv (modelo_logistica.py),"inventario(t_dia_op, despachos=6): stock_ciclo_medio + seguridad (0)",,CALCULO_MODELO_FUENTE,[ESTIMACIÓN]; stock comercial adicional PENDIENTE,capital de trabajo,
C2-2500,C2,2500,congelado_t_anio,,599.121,,t/año,13_logistica/escenarios_logistica.csv (modelo_logistica.py),congelado_t_semana × semanas operativas,"perfil P2; 6 despachos refrigerado y 2 congelado/sem; 12 t; 300 km (ESCENARIO, SUP-16-20)",CALCULO_MODELO_FUENTE,[ESTIMACIÓN],flujo congelado,
C2-2500,C2,2500,congelado_viajes_anio,,100,,viajes/año,13_logistica/escenarios_logistica.csv (modelo_logistica.py),congelado_viajes_semana × semanas,"perfil P2; 6 despachos refrigerado y 2 congelado/sem; 12 t; 300 km (ESCENARIO, SUP-16-20)",CALCULO_MODELO_FUENTE,[ESTIMACIÓN] capacidad de ESCENARIO,LOG-CON-*,
C2-2500,C2,2500,congelado_km_anio,,60000,,km/año,13_logistica/escenarios_logistica.csv (modelo_logistica.py),congelado_km_dia_despacho × despachos/semana × semanas,"perfil P2; 6 despachos refrigerado y 2 congelado/sem; 12 t; 300 km (ESCENARIO, SUP-16-20)",CALCULO_MODELO_FUENTE,[ESTIMACIÓN] troncal; reparto capilar PENDIENTE (DEC-053),LOG-CON-*,
C2-2500,C2,2500,stock_congelado_medio_t,,7.01827,,t,13_logistica/escenarios_logistica.csv (modelo_logistica.py),"inventario(t_dia_op, despachos=2): stock_ciclo_medio + seguridad (0)",,CALCULO_MODELO_FUENTE,[ESTIMACIÓN]; stock comercial adicional PENDIENTE,capital de trabajo,
C2-2500,C2,2500,vivo_viajes_anio,,250,,viajes/año,13_logistica/escenarios_logistica.csv (modelo_logistica.py),viajes_dia × días,radio 100 km; 5500 aves/camión (ESCENARIO),DIRECTO,[ESTIMACIÓN],LOG-VIV-*,
C2-2500,C2,2500,vivo_km_anio,,43333.3,,km/año,13_logistica/escenarios_logistica.csv (modelo_logistica.py),km_total_dia × días,radio 100 km; 5500 aves/camión (ESCENARIO),DIRECTO,[ESTIMACIÓN],LOG-VIV-*,
C2-2500,C2,2500,vivo_t_anio,,1817.95,,t/año,13_logistica/escenarios_logistica.csv (modelo_logistica.py),t_vivo_cargado_dia × días,radio 100 km; 5500 aves/camión (ESCENARIO),DIRECTO,[ESTIMACIÓN],LOG-VIV-TER-UNI,
C2-2500,C2,2500,alimento_viajes_anio,,150,,viajes/año,13_logistica/escenarios_logistica.csv (modelo_logistica.py),alimento_viajes_semana × (t_año ÷ t_semana_plena),granelero 28 t; 75 km fábrica–granja (ESCENARIO),DIRECTO,[ESTIMACIÓN],LOG-ALI-*,
C2-2500,C2,2500,alimento_km_anio,,22500,,km/año,13_logistica/escenarios_logistica.csv (modelo_logistica.py),alimento_km_semana × (t_año ÷ t_semana_plena),granelero 28 t; 75 km fábrica–granja (ESCENARIO),DIRECTO,[ESTIMACIÓN],LOG-ALI-*,
C2-2500,C2,2500,pollitos_viajes_anio,,,,viajes/año,13_logistica/escenarios_logistica.csv (modelo_logistica.py),pollitos_viajes_semana (cap_pollitos = None),,PENDIENTE,"PENDIENTE (DPV-047, DPV-084)",LOG-POL-*,
C2-2500,C2,2500,subproductos_viajes_anio,,1000,,viajes/año,13_logistica/escenarios_logistica.csv (modelo_logistica.py),Σ viajes_semana_criterio_masa × semanas,,CALCULO_MODELO_FUENTE,"COTA INFERIOR (volumétrico PENDIENTE, DPV-135)",LOG-SUB-*,
C2-2500,C2,2500,subproductos_km_anio,,100000,,km/año,13_logistica/escenarios_logistica.csv (modelo_logistica.py),Σ km_semana_criterio_masa × semanas,,CALCULO_MODELO_FUENTE,COTA INFERIOR,LOG-SUB-*,
C2-2500,C2,2500,subproductos_t_anio,,380.22,,t/año,13_logistica/escenarios_logistica.csv (modelo_logistica.py),Σ t_semana × semanas,,CALCULO_MODELO_FUENTE,[ESTIMACIÓN],LOG-SUB-TER-UNI,
C2-2500,C2,2500,vehiculos_POL,,,,vehículos,19_capex/boq_capex.csv (modelo_capex.py),flota[pollitos].unidades,,PENDIENTE,PENDIENTE,"LOG-POL-PAT, SEG-FLOTA-POL",
C2-2500,C2,2500,vehiculos_HUE,,,,vehículos,19_capex/boq_capex.csv (modelo_capex.py),—,,PENDIENTE,PENDIENTE,"LOG-HUE-PAT, SEG-FLOTA-HUE",
C2-2500,C2,2500,vehiculos_ALI,,,,vehículos,19_capex/boq_capex.csv (modelo_capex.py),flota[alimento].unidades,,PENDIENTE,PENDIENTE,"LOG-ALI-PAT, SEG-FLOTA-ALI",
C2-2500,C2,2500,vehiculos_GRA,,,,vehículos,19_capex/boq_capex.csv (modelo_capex.py),—,,PENDIENTE,PENDIENTE,"LOG-GRA-PAT, SEG-FLOTA-GRA",
C2-2500,C2,2500,vehiculos_VIV,,2,,vehículos,19_capex/boq_capex.csv (modelo_capex.py),flota[vivo].unidades,,CONSUMIDO_CAPEX,[ESTIMACIÓN] con reserva SUP-16-02,"LOG-VIV-PAT, SEG-FLOTA-VIV",
C2-2500,C2,2500,vehiculos_REF,,2,,vehículos,19_capex/boq_capex.csv (modelo_capex.py),flota[refrigerado].unidades,,CONSUMIDO_CAPEX,[ESTIMACIÓN] con reserva SUP-16-02,"LOG-REF-PAT, SEG-FLOTA-REF",
C2-2500,C2,2500,vehiculos_CON,,,,vehículos,19_capex/boq_capex.csv (modelo_capex.py),flota[congelado].unidades,,PENDIENTE,PENDIENTE,"LOG-CON-PAT, SEG-FLOTA-CON",
C2-2500,C2,2500,vehiculos_SUB,,,,vehículos,19_capex/boq_capex.csv (modelo_capex.py),flota[subproductos].unidades,,PENDIENTE,PENDIENTE,"LOG-SUB-PAT, SEG-FLOTA-SUB",
C2-2500,C2,2500,fte_industrial_14a,,51.4575,,FTE,18_recursos_humanos/escenarios_rrhh.csv (modelo_rrhh.py),fte_total,turnos=extendido; autom=semiautomatico; limpieza=propia; mant=propio; lab=propio,CALCULO_MODELO_FUENTE,[SUPUESTO] productividad,"RRHH INDUSTRIAL + estructura + coordinación primaria (14A). NO es el FTE total de una empresa verticalmente integrada: granjas propias, incubación, planta de alimento, reproductoras y rendering no están dimensionados","headcount de nómina PENDIENTE (factor de cobertura no validado); incluye horas de terceros que luego pueden quedar INCLUIDAS en tarifas (faenador, choferes)"
C2-2500,C2,2500,fte_directos_14a,,22.43,,FTE,18_recursos_humanos/escenarios_rrhh.csv (modelo_rrhh.py),fte_interno + fte_tercerizado (directo),,CALCULO_MODELO_FUENTE,[SUPUESTO],FAE-CUCH,
C2-2500,C2,2500,horas_brecha_jornada_anio,,11321.1,,h-persona/año,18_recursos_humanos/escenarios_rrhh.csv (modelo_rrhh.py),horas_persona_brecha_jornada_dia × días,,CALCULO_MODELO_FUENTE,[ESTIMACIÓN],INFORMATIVO: no son horas extra automáticas (DPV-146),
C2-2500,C2,2500,headcount_nomina,,,,personas,18_recursos_humanos/escenarios_rrhh.csv (modelo_rrhh.py),headcount_nomina,,PENDIENTE,PENDIENTE (factor de cobertura),NO se usa: costeo provisional por FTE,
C2-2500,C2,2500,fraccion_granjas_propias,,0.25,,fracción,19_capex/boq_capex.csv (modelo_capex.py),fraccion_granjas_propias,,CONSUMIDO_CAPEX,ESCENARIO (SUP-16-09),reparto propia / integrada,
C2-2500,C2,2500,kwh_granja,,,,—,20_opex/modelo_opex.py,—,,PENDIENTE,PENDIENTE: el módulo fuente no lo dimensiona,concepto PENDIENTE_CANTIDAD (no se inventa),
C2-2500,C2,2500,gas_granja,,,,—,20_opex/modelo_opex.py,—,,PENDIENTE,PENDIENTE: el módulo fuente no lo dimensiona,concepto PENDIENTE_CANTIDAD (no se inventa),
C2-2500,C2,2500,cama_t,,,,—,20_opex/modelo_opex.py,—,,PENDIENTE,PENDIENTE: el módulo fuente no lo dimensiona,concepto PENDIENTE_CANTIDAD (no se inventa),
C2-2500,C2,2500,personal_granja,,,,—,20_opex/modelo_opex.py,—,,PENDIENTE,PENDIENTE: el módulo fuente no lo dimensiona,concepto PENDIENTE_CANTIDAD (no se inventa),
C2-2500,C2,2500,personal_incubadora,,,,—,20_opex/modelo_opex.py,—,,PENDIENTE,PENDIENTE: el módulo fuente no lo dimensiona,concepto PENDIENTE_CANTIDAD (no se inventa),
C2-2500,C2,2500,personal_planta_alimento,,,,—,20_opex/modelo_opex.py,—,,PENDIENTE,PENDIENTE: el módulo fuente no lo dimensiona,concepto PENDIENTE_CANTIDAD (no se inventa),
C2-2500,C2,2500,personal_reproductoras,,,,—,20_opex/modelo_opex.py,—,,PENDIENTE,PENDIENTE: el módulo fuente no lo dimensiona,concepto PENDIENTE_CANTIDAD (no se inventa),
C2-2500,C2,2500,personal_rendering,,,,—,20_opex/modelo_opex.py,—,,PENDIENTE,PENDIENTE: el módulo fuente no lo dimensiona,concepto PENDIENTE_CANTIDAD (no se inventa),
C2-2500,C2,2500,kwh_incubadora,,,,—,20_opex/modelo_opex.py,—,,PENDIENTE,PENDIENTE: el módulo fuente no lo dimensiona,concepto PENDIENTE_CANTIDAD (no se inventa),
C2-2500,C2,2500,agua_incubadora,,,,—,20_opex/modelo_opex.py,—,,PENDIENTE,PENDIENTE: el módulo fuente no lo dimensiona,concepto PENDIENTE_CANTIDAD (no se inventa),
C2-2500,C2,2500,kwh_planta_alimento,,,,—,20_opex/modelo_opex.py,—,,PENDIENTE,PENDIENTE: el módulo fuente no lo dimensiona,concepto PENDIENTE_CANTIDAD (no se inventa),
C2-2500,C2,2500,vapor_planta_alimento,,,,—,20_opex/modelo_opex.py,—,,PENDIENTE,PENDIENTE: el módulo fuente no lo dimensiona,concepto PENDIENTE_CANTIDAD (no se inventa),
C2-2500,C2,2500,agua_planta_alimento,,,,—,20_opex/modelo_opex.py,—,,PENDIENTE,PENDIENTE: el módulo fuente no lo dimensiona,concepto PENDIENTE_CANTIDAD (no se inventa),
C2-2500,C2,2500,kwh_rendering,,,,—,20_opex/modelo_opex.py,—,,PENDIENTE,PENDIENTE: el módulo fuente no lo dimensiona,concepto PENDIENTE_CANTIDAD (no se inventa),
C2-2500,C2,2500,lodos_t,,,,—,20_opex/modelo_opex.py,—,,PENDIENTE,PENDIENTE: el módulo fuente no lo dimensiona,concepto PENDIENTE_CANTIDAD (no se inventa),
C2-2500,C2,2500,potencia_contratada_kw,,,,—,20_opex/modelo_opex.py,—,,PENDIENTE,PENDIENTE: el módulo fuente no lo dimensiona,concepto PENDIENTE_CANTIDAD (no se inventa),
C2-5000,C2,5000,dias_operativos_anio,,250,,d/año,19_capex/modelo_capex.py,dias_anio(),,CONSUMIDO_CAPEX,[SUPUESTO] SUP-025,anualización de drivers por día operativo,
C2-5000,C2,5000,semanas_operativas_anio,,50,,semanas/año,20_opex/modelo_opex.py,días operativos ÷ días/semana,,DERIVADO_OPEX,[ESTIMACIÓN],"anualización de drivers semanales de 12B (producto, subproductos)",
C2-5000,C2,5000,aves_faenadas_anio,,1250000,,aves/año,"03_produccion_primaria/escenarios_produccion.csv (modelo_escenarios_produccion.py, vía 14B)",aves_faenadas_anio,"perfil medio, desempeño medio",DIRECTO,[ESTIMACIÓN],"FAE-FACON, FAE-QUIM, empaque",
C2-5000,C2,5000,aves_cargadas_anio,,1.25376e+06,,aves/año,"03_produccion_primaria/escenarios_produccion.csv (modelo_escenarios_produccion.py, vía 14B)",aves_cargadas_anio,"perfil medio, desempeño medio",DIRECTO,[ESTIMACIÓN],"captura, pago por ave",
C2-5000,C2,5000,pollitos_alojados_anio,,1.31975e+06,,pollitos/año,"03_produccion_primaria/escenarios_produccion.csv (modelo_escenarios_produccion.py, vía 14B)",pollitos_alojados_anio,"perfil medio, desempeño medio",DIRECTO,[ESTIMACIÓN],sanidad de crianza,
C2-5000,C2,5000,kg_vivo_cargado_anio,,3.63591e+06,,kg vivo/año,"03_produccion_primaria/escenarios_produccion.csv (modelo_escenarios_produccion.py, vía 14B)",kg_vivo_cargado_anio,"perfil medio, desempeño medio",DIRECTO,[ESTIMACIÓN],pago por kg vivo,
C2-5000,C2,5000,mortalidad_granja_aves_anio,,65987.4,,aves/año,"03_produccion_primaria/escenarios_produccion.csv (modelo_escenarios_produccion.py, vía 14B)",mortalidad_granja_aves_anio,"perfil medio, desempeño medio",DIRECTO,[ESTIMACIÓN],retiro de mortalidad,
C2-5000,C2,5000,agua_bebida_m3_anio,,11125.9,,m³/año,"03_produccion_primaria/escenarios_produccion.csv (modelo_escenarios_produccion.py, vía 14B)",agua_bebida_m3_anio,"perfil medio, desempeño medio",DIRECTO,[ESTIMACIÓN],agua de granja propia,
C2-5000,C2,5000,ciclos_anio,,5.71048,,ciclos/año,"03_produccion_primaria/escenarios_produccion.csv (modelo_escenarios_produccion.py, vía 14B)",ciclos_anio,"perfil medio, desempeño medio",DIRECTO,[ESTIMACIÓN],limpieza de galpones,
C2-5000,C2,5000,m2_galpon,,18971.3,,m²,"03_produccion_primaria/escenarios_produccion.csv (modelo_escenarios_produccion.py, vía 14B)",m2_galpon,"perfil medio, desempeño medio",DIRECTO,[ESTIMACIÓN],limpieza y bioseguridad de galpones,
C2-5000,C2,5000,inventario_aves_promedio_anual,,165692,,aves,"03_produccion_primaria/escenarios_produccion.csv (modelo_escenarios_produccion.py, vía 14B)",inventario_aves_promedio_anual,"perfil medio, desempeño medio",DIRECTO,[ESTIMACIÓN],activo biológico (capital de trabajo),
C2-5000,C2,5000,pollitos_a_recibir_anio,,1.31975e+06,,pollitos/año,14_alimento_balanceado/escenarios_upstream.csv (modelo_upstream.py),pollitos_a_recibir_anio,margen_pedido = 0 (SUP-142),DIRECTO,[ESTIMACIÓN],POL-COMPRA / base de incubación,
C2-5000,C2,5000,pollitos_a_recibir_semana_plena,,26395,,pollitos/semana,14_alimento_balanceado/escenarios_upstream.csv (modelo_upstream.py),pollitos_a_recibir_semana_plena,,DIRECTO,[ESTIMACIÓN],incubación (14B),
C2-5000,C2,5000,alimento_t_anio,,6181.04,,t/año,14_alimento_balanceado/escenarios_upstream.csv (modelo_upstream.py),alimento_t_anio,,DIRECTO,[ESTIMACIÓN] (03: peso × FCR),alimento comprado / elaborado / materias primas,
C2-5000,C2,5000,alimento_t_semana_plena,,123.621,,t/semana,14_alimento_balanceado/escenarios_upstream.csv (modelo_upstream.py),alimento_t_semana_plena,,DIRECTO,[ESTIMACIÓN],anualización de viajes de alimento,
C2-5000,C2,5000,mp_maiz_t_anio,,3708.63,,t/año,14_alimento_balanceado/escenarios_upstream.csv (modelo_upstream.py),alimento_t_anio × maiz (0.6),,DIRECTO,[SUPUESTO] composición ilustrativa 14B,ALI-MP-*,NO es una fórmula de dieta; mermas aparte (ALI-MERMA)
C2-5000,C2,5000,mp_harina_soja_t_anio,,1854.31,,t/año,14_alimento_balanceado/escenarios_upstream.csv (modelo_upstream.py),alimento_t_anio × harina_soja (0.3),,DIRECTO,[SUPUESTO] composición ilustrativa 14B,ALI-MP-*,NO es una fórmula de dieta; mermas aparte (ALI-MERMA)
C2-5000,C2,5000,mp_resto_t_anio,,618.104,,t/año,14_alimento_balanceado/escenarios_upstream.csv (modelo_upstream.py),alimento_t_anio × resto (0.1),,DIRECTO,[SUPUESTO] composición ilustrativa 14B,ALI-MP-*,NO es una fórmula de dieta; mermas aparte (ALI-MERMA)
C2-5000,C2,5000,kwh_anio,736526,1.25445e+06,2.23062e+06,kWh/año,"11_agua_efluentes/escenarios_utilities.csv (modelo_utilities.py, vía 12C)",kwh_total_anio,"perfil P2, 8 h, config. B; nivel bajo/medio/alto de 09C",CALCULO_MODELO_FUENTE,[ESTIMACIÓN],"UT-ELE-KWH (incluye frío, aire, bombeo, efluentes aerobios)","UNIVERSO 09C = planta de FAENA; no se extiende a incubación, alimento, granjas ni rendering"
C2-5000,C2,5000,kwh_frio_proceso_anio,190312,317188,570938,kWh/año,"11_agua_efluentes/escenarios_utilities.csv (modelo_utilities.py, vía 12C)",kwh_proceso_frio_de_proceso_agua_helada_hielo_dia × 250,"perfil P2, 8 h, config. B; nivel bajo/medio/alto de 09C",CALCULO_MODELO_FUENTE,[SUPUESTO] reparto ilustrativo,INFORMATIVO: ya incluido en kwh_anio (no se duplica),"UNIVERSO 09C = planta de FAENA; no se extiende a incubación, alimento, granjas ni rendering"
C2-5000,C2,5000,kwh_congelacion_anio,143789,227666,311543,kWh/año,"11_agua_efluentes/escenarios_utilities.csv (modelo_utilities.py, vía 12C)",kwh_congelacion_dia × 250,"perfil P2, 8 h, config. B; nivel bajo/medio/alto de 09C",CALCULO_MODELO_FUENTE,[ESTIMACIÓN],INFORMATIVO: ya incluido en kwh_anio,"UNIVERSO 09C = planta de FAENA; no se extiende a incubación, alimento, granjas ni rendering"
C2-5000,C2,5000,kwh_almacen_frio_anio,40674.3,81348.6,138205,kWh/año,"11_agua_efluentes/escenarios_utilities.csv (modelo_utilities.py, vía 12C)",kwh_almacenamiento_frio_dia_calendario × 365,"perfil P2, 8 h, config. B; nivel bajo/medio/alto de 09C",CALCULO_MODELO_FUENTE,[ESTIMACIÓN],INFORMATIVO: ya incluido en kwh_anio,"UNIVERSO 09C = planta de FAENA; no se extiende a incubación, alimento, granjas ni rendering"
C2-5000,C2,5000,kwh_efluentes_anio,8312.5,39187.5,149625,kWh/año,"11_agua_efluentes/escenarios_utilities.csv (modelo_utilities.py, vía 12C)",kwh_tratamiento_aerobio_dia × 250,"perfil P2, 8 h, config. B; nivel bajo/medio/alto de 09C",CALCULO_MODELO_FUENTE,[ESTIMACIÓN],INFORMATIVO: ya incluido en kwh_anio,"UNIVERSO 09C = planta de FAENA; no se extiende a incubación, alimento, granjas ni rendering"
C2-5000,C2,5000,kwh_bombeo_anio,54375,90625,163125,kWh/año,"11_agua_efluentes/escenarios_utilities.csv (modelo_utilities.py, vía 12C)",kwh_proceso_bombas_agua_y_efluentes_dia × 250,"perfil P2, 8 h, config. B; nivel bajo/medio/alto de 09C",CALCULO_MODELO_FUENTE,[ESTIMACIÓN],INFORMATIVO: ya incluido en kwh_anio,"UNIVERSO 09C = planta de FAENA; no se extiende a incubación, alimento, granjas ni rendering"
C2-5000,C2,5000,agua_m3_anio,18750,31250,47500,m³/año,"11_agua_efluentes/escenarios_utilities.csv (modelo_utilities.py, vía 12C)",agua_captada_m3_dia × 250,"perfil P2, 8 h, config. B; nivel bajo/medio/alto de 09C",CALCULO_MODELO_FUENTE,[ESTIMACIÓN],UT-AGUA-*,"UNIVERSO 09C = planta de FAENA; no se extiende a incubación, alimento, granjas ni rendering"
C2-5000,C2,5000,agua_limpieza_m3_anio,3750,6250,9375,m³/año,"11_agua_efluentes/escenarios_utilities.csv (modelo_utilities.py, vía 12C)",agua_limpieza_m3_dia × 250,"perfil P2, 8 h, config. B; nivel bajo/medio/alto de 09C",CALCULO_MODELO_FUENTE,[ESTIMACIÓN],INFORMATIVO: ya incluida en agua_m3_anio,"UNIVERSO 09C = planta de FAENA; no se extiende a incubación, alimento, granjas ni rendering"
C2-5000,C2,5000,efluente_m3_anio,15000,27500,45125,m³/año,"11_agua_efluentes/escenarios_utilities.csv (modelo_utilities.py, vía 12C)",agua_descargada_m3_dia × 250,"perfil P2, 8 h, config. B; nivel bajo/medio/alto de 09C",CALCULO_MODELO_FUENTE,[ESTIMACIÓN],"EF-QUIM, EF-CANON","UNIVERSO 09C = planta de FAENA; no se extiende a incubación, alimento, granjas ni rendering"
C2-5000,C2,5000,energia_termica_kwh_t_anio,188165,463173,1.23366e+06,kWh_t/año,"11_agua_efluentes/escenarios_utilities.csv (modelo_utilities.py, vía 12C)",energia_combustible_kwh_termicos_dia × 250,"perfil P2, 8 h, config. B; nivel bajo/medio/alto de 09C",CALCULO_MODELO_FUENTE,[ESTIMACIÓN],UT-TER-* (combustible),"UNIVERSO 09C = planta de FAENA; no se extiende a incubación, alimento, granjas ni rendering"
C2-5000,C2,5000,combustible_gas_natural_anio,17413.7,42864.4,114169,m³/año,"11_agua_efluentes/escenarios_utilities.csv (modelo_utilities.py, vía 12C)",equivalente_gas_natural_m3_dia × 250,"perfil P2, 8 h, config. B; nivel bajo/medio/alto de 09C",CALCULO_MODELO_FUENTE,[SUPUESTO] PCI,UT-TER (gas_natural) si se elige,"UNIVERSO 09C = planta de FAENA; no se extiende a incubación, alimento, granjas ni rendering"
C2-5000,C2,5000,combustible_glp_anio,14725.9,36248.3,96547.5,kg/año,"11_agua_efluentes/escenarios_utilities.csv (modelo_utilities.py, vía 12C)",equivalente_glp_kg_dia × 250,"perfil P2, 8 h, config. B; nivel bajo/medio/alto de 09C",CALCULO_MODELO_FUENTE,[SUPUESTO] PCI,UT-TER (glp) si se elige,"UNIVERSO 09C = planta de FAENA; no se extiende a incubación, alimento, granjas ni rendering"
C2-5000,C2,5000,combustible_biomasa_anio,48385.2,119102,317228,kg/año,"11_agua_efluentes/escenarios_utilities.csv (modelo_utilities.py, vía 12C)",equivalente_biomasa_chip_kg_dia × 250,"perfil P2, 8 h, config. B; nivel bajo/medio/alto de 09C",CALCULO_MODELO_FUENTE,[SUPUESTO] PCI,UT-TER (biomasa) si se elige,"UNIVERSO 09C = planta de FAENA; no se extiende a incubación, alimento, granjas ni rendering"
C2-5000,C2,5000,subproducto_sangre_t_anio,104.763,104.763,104.763,t/año,"11_agua_efluentes/escenarios_utilities.csv (modelo_utilities.py, vía 12C)",segregable_sangre_recuperada_t_dia × 250,"perfil P2, 8 h, config. B; nivel bajo/medio/alto de 09C",CALCULO_MODELO_FUENTE,[ESTIMACIÓN],SUB-RET-SANGRE,"UNIVERSO 09C = planta de FAENA; no se extiende a incubación, alimento, granjas ni rendering"
C2-5000,C2,5000,subproducto_plumas_t_anio,301.6,301.6,301.6,t/año,"11_agua_efluentes/escenarios_utilities.csv (modelo_utilities.py, vía 12C)",segregable_plumas_t_dia × 250,"perfil P2, 8 h, config. B; nivel bajo/medio/alto de 09C",CALCULO_MODELO_FUENTE,[ESTIMACIÓN],SUB-RET-PLUMAS,"UNIVERSO 09C = planta de FAENA; no se extiende a incubación, alimento, granjas ni rendering"
C2-5000,C2,5000,subproducto_visceras_t_anio,163.125,163.125,163.125,t/año,"11_agua_efluentes/escenarios_utilities.csv (modelo_utilities.py, vía 12C)",segregable_visceras_t_dia × 250,"perfil P2, 8 h, config. B; nivel bajo/medio/alto de 09C",CALCULO_MODELO_FUENTE,[ESTIMACIÓN],SUB-RET-VISCERAS,"UNIVERSO 09C = planta de FAENA; no se extiende a incubación, alimento, granjas ni rendering"
C2-5000,C2,5000,subproducto_cabezas_t_anio,90.625,90.625,90.625,t/año,"11_agua_efluentes/escenarios_utilities.csv (modelo_utilities.py, vía 12C)",segregable_cabeza_t_dia × 250,"perfil P2, 8 h, config. B; nivel bajo/medio/alto de 09C",CALCULO_MODELO_FUENTE,[ESTIMACIÓN],SUB-RET-CABEZAS,"UNIVERSO 09C = planta de FAENA; no se extiende a incubación, alimento, granjas ni rendering"
C2-5000,C2,5000,decomisos_t_anio,,50.1801,,t/año,04_balance_masa/escenarios_balance.csv (modelo_balance_masa.py),Σ filas 'decomiso*' de balance() × aves/año,,CALCULO_MODELO_FUENTE,[ESTIMACIÓN] condenas medias,SUB-RET-DECOMISOS,
C2-5000,C2,5000,kg_producto_anio,,2.9956e+06,,kg producto/año,05_proceso_industrial/capacidad_proceso.csv (modelo_capacidad_proceso.py),kg_ave_config()['comestible_a_empaque'] × aves/año,,CALCULO_MODELO_FUENTE,[ESTIMACIÓN] balance v1.1,"EMP-* (base comercial; incluye garras y menudencias, 12B)",
C2-5000,C2,5000,refrigerado_t_anio,,1797.36,,t/año,13_logistica/escenarios_logistica.csv (modelo_logistica.py),refrigerado_t_semana × semanas operativas,"perfil P2; 6 despachos refrigerado y 2 congelado/sem; 12 t; 300 km (ESCENARIO, SUP-16-20)",CALCULO_MODELO_FUENTE,[ESTIMACIÓN],flujo refrigerado,
C2-5000,C2,5000,refrigerado_viajes_anio,,300,,viajes/año,13_logistica/escenarios_logistica.csv (modelo_logistica.py),refrigerado_viajes_semana × semanas,"perfil P2; 6 despachos refrigerado y 2 congelado/sem; 12 t; 300 km (ESCENARIO, SUP-16-20)",CALCULO_MODELO_FUENTE,[ESTIMACIÓN] capacidad de ESCENARIO,LOG-REF-*,
C2-5000,C2,5000,refrigerado_km_anio,,180000,,km/año,13_logistica/escenarios_logistica.csv (modelo_logistica.py),refrigerado_km_dia_despacho × despachos/semana × semanas,"perfil P2; 6 despachos refrigerado y 2 congelado/sem; 12 t; 300 km (ESCENARIO, SUP-16-20)",CALCULO_MODELO_FUENTE,[ESTIMACIÓN] troncal; reparto capilar PENDIENTE (DEC-053),LOG-REF-*,
C2-5000,C2,5000,stock_refrigerado_medio_t,,8.55887,,t,13_logistica/escenarios_logistica.csv (modelo_logistica.py),"inventario(t_dia_op, despachos=6): stock_ciclo_medio + seguridad (0)",,CALCULO_MODELO_FUENTE,[ESTIMACIÓN]; stock comercial adicional PENDIENTE,capital de trabajo,
C2-5000,C2,5000,congelado_t_anio,,1198.24,,t/año,13_logistica/escenarios_logistica.csv (modelo_logistica.py),congelado_t_semana × semanas operativas,"perfil P2; 6 despachos refrigerado y 2 congelado/sem; 12 t; 300 km (ESCENARIO, SUP-16-20)",CALCULO_MODELO_FUENTE,[ESTIMACIÓN],flujo congelado,
C2-5000,C2,5000,congelado_viajes_anio,,100,,viajes/año,13_logistica/escenarios_logistica.csv (modelo_logistica.py),congelado_viajes_semana × semanas,"perfil P2; 6 despachos refrigerado y 2 congelado/sem; 12 t; 300 km (ESCENARIO, SUP-16-20)",CALCULO_MODELO_FUENTE,[ESTIMACIÓN] capacidad de ESCENARIO,LOG-CON-*,
C2-5000,C2,5000,congelado_km_anio,,60000,,km/año,13_logistica/escenarios_logistica.csv (modelo_logistica.py),congelado_km_dia_despacho × despachos/semana × semanas,"perfil P2; 6 despachos refrigerado y 2 congelado/sem; 12 t; 300 km (ESCENARIO, SUP-16-20)",CALCULO_MODELO_FUENTE,[ESTIMACIÓN] troncal; reparto capilar PENDIENTE (DEC-053),LOG-CON-*,
C2-5000,C2,5000,stock_congelado_medio_t,,14.0365,,t,13_logistica/escenarios_logistica.csv (modelo_logistica.py),"inventario(t_dia_op, despachos=2): stock_ciclo_medio + seguridad (0)",,CALCULO_MODELO_FUENTE,[ESTIMACIÓN]; stock comercial adicional PENDIENTE,capital de trabajo,
C2-5000,C2,5000,vivo_viajes_anio,,250,,viajes/año,13_logistica/escenarios_logistica.csv (modelo_logistica.py),viajes_dia × días,radio 100 km; 5500 aves/camión (ESCENARIO),DIRECTO,[ESTIMACIÓN],LOG-VIV-*,
C2-5000,C2,5000,vivo_km_anio,,43333.3,,km/año,13_logistica/escenarios_logistica.csv (modelo_logistica.py),km_total_dia × días,radio 100 km; 5500 aves/camión (ESCENARIO),DIRECTO,[ESTIMACIÓN],LOG-VIV-*,
C2-5000,C2,5000,vivo_t_anio,,3635.91,,t/año,13_logistica/escenarios_logistica.csv (modelo_logistica.py),t_vivo_cargado_dia × días,radio 100 km; 5500 aves/camión (ESCENARIO),DIRECTO,[ESTIMACIÓN],LOG-VIV-TER-UNI,
C2-5000,C2,5000,alimento_viajes_anio,,250,,viajes/año,13_logistica/escenarios_logistica.csv (modelo_logistica.py),alimento_viajes_semana × (t_año ÷ t_semana_plena),granelero 28 t; 75 km fábrica–granja (ESCENARIO),DIRECTO,[ESTIMACIÓN],LOG-ALI-*,
C2-5000,C2,5000,alimento_km_anio,,37500,,km/año,13_logistica/escenarios_logistica.csv (modelo_logistica.py),alimento_km_semana × (t_año ÷ t_semana_plena),granelero 28 t; 75 km fábrica–granja (ESCENARIO),DIRECTO,[ESTIMACIÓN],LOG-ALI-*,
C2-5000,C2,5000,pollitos_viajes_anio,,,,viajes/año,13_logistica/escenarios_logistica.csv (modelo_logistica.py),pollitos_viajes_semana (cap_pollitos = None),,PENDIENTE,"PENDIENTE (DPV-047, DPV-084)",LOG-POL-*,
C2-5000,C2,5000,subproductos_viajes_anio,,1000,,viajes/año,13_logistica/escenarios_logistica.csv (modelo_logistica.py),Σ viajes_semana_criterio_masa × semanas,,CALCULO_MODELO_FUENTE,"COTA INFERIOR (volumétrico PENDIENTE, DPV-135)",LOG-SUB-*,
C2-5000,C2,5000,subproductos_km_anio,,100000,,km/año,13_logistica/escenarios_logistica.csv (modelo_logistica.py),Σ km_semana_criterio_masa × semanas,,CALCULO_MODELO_FUENTE,COTA INFERIOR,LOG-SUB-*,
C2-5000,C2,5000,subproductos_t_anio,,760.441,,t/año,13_logistica/escenarios_logistica.csv (modelo_logistica.py),Σ t_semana × semanas,,CALCULO_MODELO_FUENTE,[ESTIMACIÓN],LOG-SUB-TER-UNI,
C2-5000,C2,5000,vehiculos_POL,,,,vehículos,19_capex/boq_capex.csv (modelo_capex.py),flota[pollitos].unidades,,PENDIENTE,PENDIENTE,"LOG-POL-PAT, SEG-FLOTA-POL",
C2-5000,C2,5000,vehiculos_HUE,,,,vehículos,19_capex/boq_capex.csv (modelo_capex.py),—,,PENDIENTE,PENDIENTE,"LOG-HUE-PAT, SEG-FLOTA-HUE",
C2-5000,C2,5000,vehiculos_ALI,,,,vehículos,19_capex/boq_capex.csv (modelo_capex.py),flota[alimento].unidades,,PENDIENTE,PENDIENTE,"LOG-ALI-PAT, SEG-FLOTA-ALI",
C2-5000,C2,5000,vehiculos_GRA,,,,vehículos,19_capex/boq_capex.csv (modelo_capex.py),—,,PENDIENTE,PENDIENTE,"LOG-GRA-PAT, SEG-FLOTA-GRA",
C2-5000,C2,5000,vehiculos_VIV,,2,,vehículos,19_capex/boq_capex.csv (modelo_capex.py),flota[vivo].unidades,,CONSUMIDO_CAPEX,[ESTIMACIÓN] con reserva SUP-16-02,"LOG-VIV-PAT, SEG-FLOTA-VIV",
C2-5000,C2,5000,vehiculos_REF,,2,,vehículos,19_capex/boq_capex.csv (modelo_capex.py),flota[refrigerado].unidades,,CONSUMIDO_CAPEX,[ESTIMACIÓN] con reserva SUP-16-02,"LOG-REF-PAT, SEG-FLOTA-REF",
C2-5000,C2,5000,vehiculos_CON,,,,vehículos,19_capex/boq_capex.csv (modelo_capex.py),flota[congelado].unidades,,PENDIENTE,PENDIENTE,"LOG-CON-PAT, SEG-FLOTA-CON",
C2-5000,C2,5000,vehiculos_SUB,,,,vehículos,19_capex/boq_capex.csv (modelo_capex.py),flota[subproductos].unidades,,PENDIENTE,PENDIENTE,"LOG-SUB-PAT, SEG-FLOTA-SUB",
C2-5000,C2,5000,fte_industrial_14a,,71.0397,,FTE,18_recursos_humanos/escenarios_rrhh.csv (modelo_rrhh.py),fte_total,turnos=extendido; autom=semiautomatico; limpieza=propia; mant=propio; lab=propio,CALCULO_MODELO_FUENTE,[SUPUESTO] productividad,"RRHH INDUSTRIAL + estructura + coordinación primaria (14A). NO es el FTE total de una empresa verticalmente integrada: granjas propias, incubación, planta de alimento, reproductoras y rendering no están dimensionados","headcount de nómina PENDIENTE (factor de cobertura no validado); incluye horas de terceros que luego pueden quedar INCLUIDAS en tarifas (faenador, choferes)"
C2-5000,C2,5000,fte_directos_14a,,28.6606,,FTE,18_recursos_humanos/escenarios_rrhh.csv (modelo_rrhh.py),fte_interno + fte_tercerizado (directo),,CALCULO_MODELO_FUENTE,[SUPUESTO],FAE-CUCH,
C2-5000,C2,5000,horas_brecha_jornada_anio,,14274.4,,h-persona/año,18_recursos_humanos/escenarios_rrhh.csv (modelo_rrhh.py),horas_persona_brecha_jornada_dia × días,,CALCULO_MODELO_FUENTE,[ESTIMACIÓN],INFORMATIVO: no son horas extra automáticas (DPV-146),
C2-5000,C2,5000,headcount_nomina,,,,personas,18_recursos_humanos/escenarios_rrhh.csv (modelo_rrhh.py),headcount_nomina,,PENDIENTE,PENDIENTE (factor de cobertura),NO se usa: costeo provisional por FTE,
C2-5000,C2,5000,fraccion_granjas_propias,,0.25,,fracción,19_capex/boq_capex.csv (modelo_capex.py),fraccion_granjas_propias,,CONSUMIDO_CAPEX,ESCENARIO (SUP-16-09),reparto propia / integrada,
C2-5000,C2,5000,kwh_granja,,,,—,20_opex/modelo_opex.py,—,,PENDIENTE,PENDIENTE: el módulo fuente no lo dimensiona,concepto PENDIENTE_CANTIDAD (no se inventa),
C2-5000,C2,5000,gas_granja,,,,—,20_opex/modelo_opex.py,—,,PENDIENTE,PENDIENTE: el módulo fuente no lo dimensiona,concepto PENDIENTE_CANTIDAD (no se inventa),
C2-5000,C2,5000,cama_t,,,,—,20_opex/modelo_opex.py,—,,PENDIENTE,PENDIENTE: el módulo fuente no lo dimensiona,concepto PENDIENTE_CANTIDAD (no se inventa),
C2-5000,C2,5000,personal_granja,,,,—,20_opex/modelo_opex.py,—,,PENDIENTE,PENDIENTE: el módulo fuente no lo dimensiona,concepto PENDIENTE_CANTIDAD (no se inventa),
C2-5000,C2,5000,personal_incubadora,,,,—,20_opex/modelo_opex.py,—,,PENDIENTE,PENDIENTE: el módulo fuente no lo dimensiona,concepto PENDIENTE_CANTIDAD (no se inventa),
C2-5000,C2,5000,personal_planta_alimento,,,,—,20_opex/modelo_opex.py,—,,PENDIENTE,PENDIENTE: el módulo fuente no lo dimensiona,concepto PENDIENTE_CANTIDAD (no se inventa),
C2-5000,C2,5000,personal_reproductoras,,,,—,20_opex/modelo_opex.py,—,,PENDIENTE,PENDIENTE: el módulo fuente no lo dimensiona,concepto PENDIENTE_CANTIDAD (no se inventa),
C2-5000,C2,5000,personal_rendering,,,,—,20_opex/modelo_opex.py,—,,PENDIENTE,PENDIENTE: el módulo fuente no lo dimensiona,concepto PENDIENTE_CANTIDAD (no se inventa),
C2-5000,C2,5000,kwh_incubadora,,,,—,20_opex/modelo_opex.py,—,,PENDIENTE,PENDIENTE: el módulo fuente no lo dimensiona,concepto PENDIENTE_CANTIDAD (no se inventa),
C2-5000,C2,5000,agua_incubadora,,,,—,20_opex/modelo_opex.py,—,,PENDIENTE,PENDIENTE: el módulo fuente no lo dimensiona,concepto PENDIENTE_CANTIDAD (no se inventa),
C2-5000,C2,5000,kwh_planta_alimento,,,,—,20_opex/modelo_opex.py,—,,PENDIENTE,PENDIENTE: el módulo fuente no lo dimensiona,concepto PENDIENTE_CANTIDAD (no se inventa),
C2-5000,C2,5000,vapor_planta_alimento,,,,—,20_opex/modelo_opex.py,—,,PENDIENTE,PENDIENTE: el módulo fuente no lo dimensiona,concepto PENDIENTE_CANTIDAD (no se inventa),
C2-5000,C2,5000,agua_planta_alimento,,,,—,20_opex/modelo_opex.py,—,,PENDIENTE,PENDIENTE: el módulo fuente no lo dimensiona,concepto PENDIENTE_CANTIDAD (no se inventa),
C2-5000,C2,5000,kwh_rendering,,,,—,20_opex/modelo_opex.py,—,,PENDIENTE,PENDIENTE: el módulo fuente no lo dimensiona,concepto PENDIENTE_CANTIDAD (no se inventa),
C2-5000,C2,5000,lodos_t,,,,—,20_opex/modelo_opex.py,—,,PENDIENTE,PENDIENTE: el módulo fuente no lo dimensiona,concepto PENDIENTE_CANTIDAD (no se inventa),
C2-5000,C2,5000,potencia_contratada_kw,,,,—,20_opex/modelo_opex.py,—,,PENDIENTE,PENDIENTE: el módulo fuente no lo dimensiona,concepto PENDIENTE_CANTIDAD (no se inventa),
C2-10000,C2,10000,dias_operativos_anio,,250,,d/año,19_capex/modelo_capex.py,dias_anio(),,CONSUMIDO_CAPEX,[SUPUESTO] SUP-025,anualización de drivers por día operativo,
C2-10000,C2,10000,semanas_operativas_anio,,50,,semanas/año,20_opex/modelo_opex.py,días operativos ÷ días/semana,,DERIVADO_OPEX,[ESTIMACIÓN],"anualización de drivers semanales de 12B (producto, subproductos)",
C2-10000,C2,10000,aves_faenadas_anio,,2500000,,aves/año,"03_produccion_primaria/escenarios_produccion.csv (modelo_escenarios_produccion.py, vía 14B)",aves_faenadas_anio,"perfil medio, desempeño medio",DIRECTO,[ESTIMACIÓN],"FAE-FACON, FAE-QUIM, empaque",
C2-10000,C2,10000,aves_cargadas_anio,,2.50752e+06,,aves/año,"03_produccion_primaria/escenarios_produccion.csv (modelo_escenarios_produccion.py, vía 14B)",aves_cargadas_anio,"perfil medio, desempeño medio",DIRECTO,[ESTIMACIÓN],"captura, pago por ave",
C2-10000,C2,10000,pollitos_alojados_anio,,2.6395e+06,,pollitos/año,"03_produccion_primaria/escenarios_produccion.csv (modelo_escenarios_produccion.py, vía 14B)",pollitos_alojados_anio,"perfil medio, desempeño medio",DIRECTO,[ESTIMACIÓN],sanidad de crianza,
C2-10000,C2,10000,kg_vivo_cargado_anio,,7.27182e+06,,kg vivo/año,"03_produccion_primaria/escenarios_produccion.csv (modelo_escenarios_produccion.py, vía 14B)",kg_vivo_cargado_anio,"perfil medio, desempeño medio",DIRECTO,[ESTIMACIÓN],pago por kg vivo,
C2-10000,C2,10000,mortalidad_granja_aves_anio,,131975,,aves/año,"03_produccion_primaria/escenarios_produccion.csv (modelo_escenarios_produccion.py, vía 14B)",mortalidad_granja_aves_anio,"perfil medio, desempeño medio",DIRECTO,[ESTIMACIÓN],retiro de mortalidad,
C2-10000,C2,10000,agua_bebida_m3_anio,,22251.8,,m³/año,"03_produccion_primaria/escenarios_produccion.csv (modelo_escenarios_produccion.py, vía 14B)",agua_bebida_m3_anio,"perfil medio, desempeño medio",DIRECTO,[ESTIMACIÓN],agua de granja propia,
C2-10000,C2,10000,ciclos_anio,,5.71048,,ciclos/año,"03_produccion_primaria/escenarios_produccion.csv (modelo_escenarios_produccion.py, vía 14B)",ciclos_anio,"perfil medio, desempeño medio",DIRECTO,[ESTIMACIÓN],limpieza de galpones,
C2-10000,C2,10000,m2_galpon,,37942.6,,m²,"03_produccion_primaria/escenarios_produccion.csv (modelo_escenarios_produccion.py, vía 14B)",m2_galpon,"perfil medio, desempeño medio",DIRECTO,[ESTIMACIÓN],limpieza y bioseguridad de galpones,
C2-10000,C2,10000,inventario_aves_promedio_anual,,331383,,aves,"03_produccion_primaria/escenarios_produccion.csv (modelo_escenarios_produccion.py, vía 14B)",inventario_aves_promedio_anual,"perfil medio, desempeño medio",DIRECTO,[ESTIMACIÓN],activo biológico (capital de trabajo),
C2-10000,C2,10000,pollitos_a_recibir_anio,,2.6395e+06,,pollitos/año,14_alimento_balanceado/escenarios_upstream.csv (modelo_upstream.py),pollitos_a_recibir_anio,margen_pedido = 0 (SUP-142),DIRECTO,[ESTIMACIÓN],POL-COMPRA / base de incubación,
C2-10000,C2,10000,pollitos_a_recibir_semana_plena,,52789.9,,pollitos/semana,14_alimento_balanceado/escenarios_upstream.csv (modelo_upstream.py),pollitos_a_recibir_semana_plena,,DIRECTO,[ESTIMACIÓN],incubación (14B),
C2-10000,C2,10000,alimento_t_anio,,12362.1,,t/año,14_alimento_balanceado/escenarios_upstream.csv (modelo_upstream.py),alimento_t_anio,,DIRECTO,[ESTIMACIÓN] (03: peso × FCR),alimento comprado / elaborado / materias primas,
C2-10000,C2,10000,alimento_t_semana_plena,,247.242,,t/semana,14_alimento_balanceado/escenarios_upstream.csv (modelo_upstream.py),alimento_t_semana_plena,,DIRECTO,[ESTIMACIÓN],anualización de viajes de alimento,
C2-10000,C2,10000,mp_maiz_t_anio,,7417.25,,t/año,14_alimento_balanceado/escenarios_upstream.csv (modelo_upstream.py),alimento_t_anio × maiz (0.6),,DIRECTO,[SUPUESTO] composición ilustrativa 14B,ALI-MP-*,NO es una fórmula de dieta; mermas aparte (ALI-MERMA)
C2-10000,C2,10000,mp_harina_soja_t_anio,,3708.63,,t/año,14_alimento_balanceado/escenarios_upstream.csv (modelo_upstream.py),alimento_t_anio × harina_soja (0.3),,DIRECTO,[SUPUESTO] composición ilustrativa 14B,ALI-MP-*,NO es una fórmula de dieta; mermas aparte (ALI-MERMA)
C2-10000,C2,10000,mp_resto_t_anio,,1236.21,,t/año,14_alimento_balanceado/escenarios_upstream.csv (modelo_upstream.py),alimento_t_anio × resto (0.1),,DIRECTO,[SUPUESTO] composición ilustrativa 14B,ALI-MP-*,NO es una fórmula de dieta; mermas aparte (ALI-MERMA)
C2-10000,C2,10000,kwh_anio,1.47305e+06,2.5089e+06,4.46125e+06,kWh/año,"11_agua_efluentes/escenarios_utilities.csv (modelo_utilities.py, vía 12C)",kwh_total_anio,"perfil P2, 8 h, config. B; nivel bajo/medio/alto de 09C",CALCULO_MODELO_FUENTE,[ESTIMACIÓN],"UT-ELE-KWH (incluye frío, aire, bombeo, efluentes aerobios)","UNIVERSO 09C = planta de FAENA; no se extiende a incubación, alimento, granjas ni rendering"
C2-10000,C2,10000,kwh_frio_proceso_anio,380625,634375,1.14188e+06,kWh/año,"11_agua_efluentes/escenarios_utilities.csv (modelo_utilities.py, vía 12C)",kwh_proceso_frio_de_proceso_agua_helada_hielo_dia × 250,"perfil P2, 8 h, config. B; nivel bajo/medio/alto de 09C",CALCULO_MODELO_FUENTE,[SUPUESTO] reparto ilustrativo,INFORMATIVO: ya incluido en kwh_anio (no se duplica),"UNIVERSO 09C = planta de FAENA; no se extiende a incubación, alimento, granjas ni rendering"
C2-10000,C2,10000,kwh_congelacion_anio,287578,455332,623086,kWh/año,"11_agua_efluentes/escenarios_utilities.csv (modelo_utilities.py, vía 12C)",kwh_congelacion_dia × 250,"perfil P2, 8 h, config. B; nivel bajo/medio/alto de 09C",CALCULO_MODELO_FUENTE,[ESTIMACIÓN],INFORMATIVO: ya incluido en kwh_anio,"UNIVERSO 09C = planta de FAENA; no se extiende a incubación, alimento, granjas ni rendering"
C2-10000,C2,10000,kwh_almacen_frio_anio,81348.6,162697,276410,kWh/año,"11_agua_efluentes/escenarios_utilities.csv (modelo_utilities.py, vía 12C)",kwh_almacenamiento_frio_dia_calendario × 365,"perfil P2, 8 h, config. B; nivel bajo/medio/alto de 09C",CALCULO_MODELO_FUENTE,[ESTIMACIÓN],INFORMATIVO: ya incluido en kwh_anio,"UNIVERSO 09C = planta de FAENA; no se extiende a incubación, alimento, granjas ni rendering"
C2-10000,C2,10000,kwh_efluentes_anio,16625,78375,299250,kWh/año,"11_agua_efluentes/escenarios_utilities.csv (modelo_utilities.py, vía 12C)",kwh_tratamiento_aerobio_dia × 250,"perfil P2, 8 h, config. B; nivel bajo/medio/alto de 09C",CALCULO_MODELO_FUENTE,[ESTIMACIÓN],INFORMATIVO: ya incluido en kwh_anio,"UNIVERSO 09C = planta de FAENA; no se extiende a incubación, alimento, granjas ni rendering"
C2-10000,C2,10000,kwh_bombeo_anio,108750,181250,326250,kWh/año,"11_agua_efluentes/escenarios_utilities.csv (modelo_utilities.py, vía 12C)",kwh_proceso_bombas_agua_y_efluentes_dia × 250,"perfil P2, 8 h, config. B; nivel bajo/medio/alto de 09C",CALCULO_MODELO_FUENTE,[ESTIMACIÓN],INFORMATIVO: ya incluido en kwh_anio,"UNIVERSO 09C = planta de FAENA; no se extiende a incubación, alimento, granjas ni rendering"
C2-10000,C2,10000,agua_m3_anio,37500,62500,95000,m³/año,"11_agua_efluentes/escenarios_utilities.csv (modelo_utilities.py, vía 12C)",agua_captada_m3_dia × 250,"perfil P2, 8 h, config. B; nivel bajo/medio/alto de 09C",CALCULO_MODELO_FUENTE,[ESTIMACIÓN],UT-AGUA-*,"UNIVERSO 09C = planta de FAENA; no se extiende a incubación, alimento, granjas ni rendering"
C2-10000,C2,10000,agua_limpieza_m3_anio,7500,12500,18750,m³/año,"11_agua_efluentes/escenarios_utilities.csv (modelo_utilities.py, vía 12C)",agua_limpieza_m3_dia × 250,"perfil P2, 8 h, config. B; nivel bajo/medio/alto de 09C",CALCULO_MODELO_FUENTE,[ESTIMACIÓN],INFORMATIVO: ya incluida en agua_m3_anio,"UNIVERSO 09C = planta de FAENA; no se extiende a incubación, alimento, granjas ni rendering"
C2-10000,C2,10000,efluente_m3_anio,30000,55000,90250,m³/año,"11_agua_efluentes/escenarios_utilities.csv (modelo_utilities.py, vía 12C)",agua_descargada_m3_dia × 250,"perfil P2, 8 h, config. B; nivel bajo/medio/alto de 09C",CALCULO_MODELO_FUENTE,[ESTIMACIÓN],"EF-QUIM, EF-CANON","UNIVERSO 09C = planta de FAENA; no se extiende a incubación, alimento, granjas ni rendering"
C2-10000,C2,10000,energia_termica_kwh_t_anio,376330,926346,2.46733e+06,kWh_t/año,"11_agua_efluentes/escenarios_utilities.csv (modelo_utilities.py, vía 12C)",energia_combustible_kwh_termicos_dia × 250,"perfil P2, 8 h, config. B; nivel bajo/medio/alto de 09C",CALCULO_MODELO_FUENTE,[ESTIMACIÓN],UT-TER-* (combustible),"UNIVERSO 09C = planta de FAENA; no se extiende a incubación, alimento, granjas ni rendering"
C2-10000,C2,10000,combustible_gas_natural_anio,34827.4,85728.7,228339,m³/año,"11_agua_efluentes/escenarios_utilities.csv (modelo_utilities.py, vía 12C)",equivalente_gas_natural_m3_dia × 250,"perfil P2, 8 h, config. B; nivel bajo/medio/alto de 09C",CALCULO_MODELO_FUENTE,[SUPUESTO] PCI,UT-TER (gas_natural) si se elige,"UNIVERSO 09C = planta de FAENA; no se extiende a incubación, alimento, granjas ni rendering"
C2-10000,C2,10000,combustible_glp_anio,29451.9,72496.7,193095,kg/año,"11_agua_efluentes/escenarios_utilities.csv (modelo_utilities.py, vía 12C)",equivalente_glp_kg_dia × 250,"perfil P2, 8 h, config. B; nivel bajo/medio/alto de 09C",CALCULO_MODELO_FUENTE,[SUPUESTO] PCI,UT-TER (glp) si se elige,"UNIVERSO 09C = planta de FAENA; no se extiende a incubación, alimento, granjas ni rendering"
C2-10000,C2,10000,combustible_biomasa_anio,96770.5,238203,634455,kg/año,"11_agua_efluentes/escenarios_utilities.csv (modelo_utilities.py, vía 12C)",equivalente_biomasa_chip_kg_dia × 250,"perfil P2, 8 h, config. B; nivel bajo/medio/alto de 09C",CALCULO_MODELO_FUENTE,[SUPUESTO] PCI,UT-TER (biomasa) si se elige,"UNIVERSO 09C = planta de FAENA; no se extiende a incubación, alimento, granjas ni rendering"
C2-10000,C2,10000,subproducto_sangre_t_anio,209.525,209.525,209.525,t/año,"11_agua_efluentes/escenarios_utilities.csv (modelo_utilities.py, vía 12C)",segregable_sangre_recuperada_t_dia × 250,"perfil P2, 8 h, config. B; nivel bajo/medio/alto de 09C",CALCULO_MODELO_FUENTE,[ESTIMACIÓN],SUB-RET-SANGRE,"UNIVERSO 09C = planta de FAENA; no se extiende a incubación, alimento, granjas ni rendering"
C2-10000,C2,10000,subproducto_plumas_t_anio,603.2,603.2,603.2,t/año,"11_agua_efluentes/escenarios_utilities.csv (modelo_utilities.py, vía 12C)",segregable_plumas_t_dia × 250,"perfil P2, 8 h, config. B; nivel bajo/medio/alto de 09C",CALCULO_MODELO_FUENTE,[ESTIMACIÓN],SUB-RET-PLUMAS,"UNIVERSO 09C = planta de FAENA; no se extiende a incubación, alimento, granjas ni rendering"
C2-10000,C2,10000,subproducto_visceras_t_anio,326.25,326.25,326.25,t/año,"11_agua_efluentes/escenarios_utilities.csv (modelo_utilities.py, vía 12C)",segregable_visceras_t_dia × 250,"perfil P2, 8 h, config. B; nivel bajo/medio/alto de 09C",CALCULO_MODELO_FUENTE,[ESTIMACIÓN],SUB-RET-VISCERAS,"UNIVERSO 09C = planta de FAENA; no se extiende a incubación, alimento, granjas ni rendering"
C2-10000,C2,10000,subproducto_cabezas_t_anio,181.25,181.25,181.25,t/año,"11_agua_efluentes/escenarios_utilities.csv (modelo_utilities.py, vía 12C)",segregable_cabeza_t_dia × 250,"perfil P2, 8 h, config. B; nivel bajo/medio/alto de 09C",CALCULO_MODELO_FUENTE,[ESTIMACIÓN],SUB-RET-CABEZAS,"UNIVERSO 09C = planta de FAENA; no se extiende a incubación, alimento, granjas ni rendering"
C2-10000,C2,10000,decomisos_t_anio,,100.36,,t/año,04_balance_masa/escenarios_balance.csv (modelo_balance_masa.py),Σ filas 'decomiso*' de balance() × aves/año,,CALCULO_MODELO_FUENTE,[ESTIMACIÓN] condenas medias,SUB-RET-DECOMISOS,
C2-10000,C2,10000,kg_producto_anio,,5.99121e+06,,kg producto/año,05_proceso_industrial/capacidad_proceso.csv (modelo_capacidad_proceso.py),kg_ave_config()['comestible_a_empaque'] × aves/año,,CALCULO_MODELO_FUENTE,[ESTIMACIÓN] balance v1.1,"EMP-* (base comercial; incluye garras y menudencias, 12B)",
C2-10000,C2,10000,refrigerado_t_anio,,3594.73,,t/año,13_logistica/escenarios_logistica.csv (modelo_logistica.py),refrigerado_t_semana × semanas operativas,"perfil P2; 6 despachos refrigerado y 2 congelado/sem; 12 t; 300 km (ESCENARIO, SUP-16-20)",CALCULO_MODELO_FUENTE,[ESTIMACIÓN],flujo refrigerado,
C2-10000,C2,10000,refrigerado_viajes_anio,,300,,viajes/año,13_logistica/escenarios_logistica.csv (modelo_logistica.py),refrigerado_viajes_semana × semanas,"perfil P2; 6 despachos refrigerado y 2 congelado/sem; 12 t; 300 km (ESCENARIO, SUP-16-20)",CALCULO_MODELO_FUENTE,[ESTIMACIÓN] capacidad de ESCENARIO,LOG-REF-*,
C2-10000,C2,10000,refrigerado_km_anio,,180000,,km/año,13_logistica/escenarios_logistica.csv (modelo_logistica.py),refrigerado_km_dia_despacho × despachos/semana × semanas,"perfil P2; 6 despachos refrigerado y 2 congelado/sem; 12 t; 300 km (ESCENARIO, SUP-16-20)",CALCULO_MODELO_FUENTE,[ESTIMACIÓN] troncal; reparto capilar PENDIENTE (DEC-053),LOG-REF-*,
C2-10000,C2,10000,stock_refrigerado_medio_t,,17.1177,,t,13_logistica/escenarios_logistica.csv (modelo_logistica.py),"inventario(t_dia_op, despachos=6): stock_ciclo_medio + seguridad (0)",,CALCULO_MODELO_FUENTE,[ESTIMACIÓN]; stock comercial adicional PENDIENTE,capital de trabajo,
C2-10000,C2,10000,congelado_t_anio,,2396.48,,t/año,13_logistica/escenarios_logistica.csv (modelo_logistica.py),congelado_t_semana × semanas operativas,"perfil P2; 6 despachos refrigerado y 2 congelado/sem; 12 t; 300 km (ESCENARIO, SUP-16-20)",CALCULO_MODELO_FUENTE,[ESTIMACIÓN],flujo congelado,
C2-10000,C2,10000,congelado_viajes_anio,,200,,viajes/año,13_logistica/escenarios_logistica.csv (modelo_logistica.py),congelado_viajes_semana × semanas,"perfil P2; 6 despachos refrigerado y 2 congelado/sem; 12 t; 300 km (ESCENARIO, SUP-16-20)",CALCULO_MODELO_FUENTE,[ESTIMACIÓN] capacidad de ESCENARIO,LOG-CON-*,
C2-10000,C2,10000,congelado_km_anio,,120000,,km/año,13_logistica/escenarios_logistica.csv (modelo_logistica.py),congelado_km_dia_despacho × despachos/semana × semanas,"perfil P2; 6 despachos refrigerado y 2 congelado/sem; 12 t; 300 km (ESCENARIO, SUP-16-20)",CALCULO_MODELO_FUENTE,[ESTIMACIÓN] troncal; reparto capilar PENDIENTE (DEC-053),LOG-CON-*,
C2-10000,C2,10000,stock_congelado_medio_t,,28.0731,,t,13_logistica/escenarios_logistica.csv (modelo_logistica.py),"inventario(t_dia_op, despachos=2): stock_ciclo_medio + seguridad (0)",,CALCULO_MODELO_FUENTE,[ESTIMACIÓN]; stock comercial adicional PENDIENTE,capital de trabajo,
C2-10000,C2,10000,vivo_viajes_anio,,500,,viajes/año,13_logistica/escenarios_logistica.csv (modelo_logistica.py),viajes_dia × días,radio 100 km; 5500 aves/camión (ESCENARIO),DIRECTO,[ESTIMACIÓN],LOG-VIV-*,
C2-10000,C2,10000,vivo_km_anio,,86666.7,,km/año,13_logistica/escenarios_logistica.csv (modelo_logistica.py),km_total_dia × días,radio 100 km; 5500 aves/camión (ESCENARIO),DIRECTO,[ESTIMACIÓN],LOG-VIV-*,
C2-10000,C2,10000,vivo_t_anio,,7271.82,,t/año,13_logistica/escenarios_logistica.csv (modelo_logistica.py),t_vivo_cargado_dia × días,radio 100 km; 5500 aves/camión (ESCENARIO),DIRECTO,[ESTIMACIÓN],LOG-VIV-TER-UNI,
C2-10000,C2,10000,alimento_viajes_anio,,450,,viajes/año,13_logistica/escenarios_logistica.csv (modelo_logistica.py),alimento_viajes_semana × (t_año ÷ t_semana_plena),granelero 28 t; 75 km fábrica–granja (ESCENARIO),DIRECTO,[ESTIMACIÓN],LOG-ALI-*,
C2-10000,C2,10000,alimento_km_anio,,67500,,km/año,13_logistica/escenarios_logistica.csv (modelo_logistica.py),alimento_km_semana × (t_año ÷ t_semana_plena),granelero 28 t; 75 km fábrica–granja (ESCENARIO),DIRECTO,[ESTIMACIÓN],LOG-ALI-*,
C2-10000,C2,10000,pollitos_viajes_anio,,,,viajes/año,13_logistica/escenarios_logistica.csv (modelo_logistica.py),pollitos_viajes_semana (cap_pollitos = None),,PENDIENTE,"PENDIENTE (DPV-047, DPV-084)",LOG-POL-*,
C2-10000,C2,10000,subproductos_viajes_anio,,1000,,viajes/año,13_logistica/escenarios_logistica.csv (modelo_logistica.py),Σ viajes_semana_criterio_masa × semanas,,CALCULO_MODELO_FUENTE,"COTA INFERIOR (volumétrico PENDIENTE, DPV-135)",LOG-SUB-*,
C2-10000,C2,10000,subproductos_km_anio,,100000,,km/año,13_logistica/escenarios_logistica.csv (modelo_logistica.py),Σ km_semana_criterio_masa × semanas,,CALCULO_MODELO_FUENTE,COTA INFERIOR,LOG-SUB-*,
C2-10000,C2,10000,subproductos_t_anio,,1520.88,,t/año,13_logistica/escenarios_logistica.csv (modelo_logistica.py),Σ t_semana × semanas,,CALCULO_MODELO_FUENTE,[ESTIMACIÓN],LOG-SUB-TER-UNI,
C2-10000,C2,10000,vehiculos_POL,,,,vehículos,19_capex/boq_capex.csv (modelo_capex.py),flota[pollitos].unidades,,PENDIENTE,PENDIENTE,"LOG-POL-PAT, SEG-FLOTA-POL",
C2-10000,C2,10000,vehiculos_HUE,,,,vehículos,19_capex/boq_capex.csv (modelo_capex.py),—,,PENDIENTE,PENDIENTE,"LOG-HUE-PAT, SEG-FLOTA-HUE",
C2-10000,C2,10000,vehiculos_ALI,,,,vehículos,19_capex/boq_capex.csv (modelo_capex.py),flota[alimento].unidades,,PENDIENTE,PENDIENTE,"LOG-ALI-PAT, SEG-FLOTA-ALI",
C2-10000,C2,10000,vehiculos_GRA,,,,vehículos,19_capex/boq_capex.csv (modelo_capex.py),—,,PENDIENTE,PENDIENTE,"LOG-GRA-PAT, SEG-FLOTA-GRA",
C2-10000,C2,10000,vehiculos_VIV,,3,,vehículos,19_capex/boq_capex.csv (modelo_capex.py),flota[vivo].unidades,,CONSUMIDO_CAPEX,[ESTIMACIÓN] con reserva SUP-16-02,"LOG-VIV-PAT, SEG-FLOTA-VIV",
C2-10000,C2,10000,vehiculos_REF,,2,,vehículos,19_capex/boq_capex.csv (modelo_capex.py),flota[refrigerado].unidades,,CONSUMIDO_CAPEX,[ESTIMACIÓN] con reserva SUP-16-02,"LOG-REF-PAT, SEG-FLOTA-REF",
C2-10000,C2,10000,vehiculos_CON,,,,vehículos,19_capex/boq_capex.csv (modelo_capex.py),flota[congelado].unidades,,PENDIENTE,PENDIENTE,"LOG-CON-PAT, SEG-FLOTA-CON",
C2-10000,C2,10000,vehiculos_SUB,,,,vehículos,19_capex/boq_capex.csv (modelo_capex.py),flota[subproductos].unidades,,PENDIENTE,PENDIENTE,"LOG-SUB-PAT, SEG-FLOTA-SUB",
C2-10000,C2,10000,fte_industrial_14a,,106.754,,FTE,18_recursos_humanos/escenarios_rrhh.csv (modelo_rrhh.py),fte_total,turnos=extendido; autom=semiautomatico; limpieza=propia; mant=propio; lab=propio,CALCULO_MODELO_FUENTE,[SUPUESTO] productividad,"RRHH INDUSTRIAL + estructura + coordinación primaria (14A). NO es el FTE total de una empresa verticalmente integrada: granjas propias, incubación, planta de alimento, reproductoras y rendering no están dimensionados","headcount de nómina PENDIENTE (factor de cobertura no validado); incluye horas de terceros que luego pueden quedar INCLUIDAS en tarifas (faenador, choferes)"
C2-10000,C2,10000,fte_directos_14a,,47.3522,,FTE,18_recursos_humanos/escenarios_rrhh.csv (modelo_rrhh.py),fte_interno + fte_tercerizado (directo),,CALCULO_MODELO_FUENTE,[SUPUESTO],FAE-CUCH,
C2-10000,C2,10000,horas_brecha_jornada_anio,,21657.8,,h-persona/año,18_recursos_humanos/escenarios_rrhh.csv (modelo_rrhh.py),horas_persona_brecha_jornada_dia × días,,CALCULO_MODELO_FUENTE,[ESTIMACIÓN],INFORMATIVO: no son horas extra automáticas (DPV-146),
C2-10000,C2,10000,headcount_nomina,,,,personas,18_recursos_humanos/escenarios_rrhh.csv (modelo_rrhh.py),headcount_nomina,,PENDIENTE,PENDIENTE (factor de cobertura),NO se usa: costeo provisional por FTE,
C2-10000,C2,10000,fraccion_granjas_propias,,0.25,,fracción,19_capex/boq_capex.csv (modelo_capex.py),fraccion_granjas_propias,,CONSUMIDO_CAPEX,ESCENARIO (SUP-16-09),reparto propia / integrada,
C2-10000,C2,10000,kwh_granja,,,,—,20_opex/modelo_opex.py,—,,PENDIENTE,PENDIENTE: el módulo fuente no lo dimensiona,concepto PENDIENTE_CANTIDAD (no se inventa),
C2-10000,C2,10000,gas_granja,,,,—,20_opex/modelo_opex.py,—,,PENDIENTE,PENDIENTE: el módulo fuente no lo dimensiona,concepto PENDIENTE_CANTIDAD (no se inventa),
C2-10000,C2,10000,cama_t,,,,—,20_opex/modelo_opex.py,—,,PENDIENTE,PENDIENTE: el módulo fuente no lo dimensiona,concepto PENDIENTE_CANTIDAD (no se inventa),
C2-10000,C2,10000,personal_granja,,,,—,20_opex/modelo_opex.py,—,,PENDIENTE,PENDIENTE: el módulo fuente no lo dimensiona,concepto PENDIENTE_CANTIDAD (no se inventa),
C2-10000,C2,10000,personal_incubadora,,,,—,20_opex/modelo_opex.py,—,,PENDIENTE,PENDIENTE: el módulo fuente no lo dimensiona,concepto PENDIENTE_CANTIDAD (no se inventa),
C2-10000,C2,10000,personal_planta_alimento,,,,—,20_opex/modelo_opex.py,—,,PENDIENTE,PENDIENTE: el módulo fuente no lo dimensiona,concepto PENDIENTE_CANTIDAD (no se inventa),
C2-10000,C2,10000,personal_reproductoras,,,,—,20_opex/modelo_opex.py,—,,PENDIENTE,PENDIENTE: el módulo fuente no lo dimensiona,concepto PENDIENTE_CANTIDAD (no se inventa),
C2-10000,C2,10000,personal_rendering,,,,—,20_opex/modelo_opex.py,—,,PENDIENTE,PENDIENTE: el módulo fuente no lo dimensiona,concepto PENDIENTE_CANTIDAD (no se inventa),
C2-10000,C2,10000,kwh_incubadora,,,,—,20_opex/modelo_opex.py,—,,PENDIENTE,PENDIENTE: el módulo fuente no lo dimensiona,concepto PENDIENTE_CANTIDAD (no se inventa),
C2-10000,C2,10000,agua_incubadora,,,,—,20_opex/modelo_opex.py,—,,PENDIENTE,PENDIENTE: el módulo fuente no lo dimensiona,concepto PENDIENTE_CANTIDAD (no se inventa),
C2-10000,C2,10000,kwh_planta_alimento,,,,—,20_opex/modelo_opex.py,—,,PENDIENTE,PENDIENTE: el módulo fuente no lo dimensiona,concepto PENDIENTE_CANTIDAD (no se inventa),
C2-10000,C2,10000,vapor_planta_alimento,,,,—,20_opex/modelo_opex.py,—,,PENDIENTE,PENDIENTE: el módulo fuente no lo dimensiona,concepto PENDIENTE_CANTIDAD (no se inventa),
C2-10000,C2,10000,agua_planta_alimento,,,,—,20_opex/modelo_opex.py,—,,PENDIENTE,PENDIENTE: el módulo fuente no lo dimensiona,concepto PENDIENTE_CANTIDAD (no se inventa),
C2-10000,C2,10000,kwh_rendering,,,,—,20_opex/modelo_opex.py,—,,PENDIENTE,PENDIENTE: el módulo fuente no lo dimensiona,concepto PENDIENTE_CANTIDAD (no se inventa),
C2-10000,C2,10000,lodos_t,,,,—,20_opex/modelo_opex.py,—,,PENDIENTE,PENDIENTE: el módulo fuente no lo dimensiona,concepto PENDIENTE_CANTIDAD (no se inventa),
C2-10000,C2,10000,potencia_contratada_kw,,,,—,20_opex/modelo_opex.py,—,,PENDIENTE,PENDIENTE: el módulo fuente no lo dimensiona,concepto PENDIENTE_CANTIDAD (no se inventa),
C2-20000,C2,20000,dias_operativos_anio,,250,,d/año,19_capex/modelo_capex.py,dias_anio(),,CONSUMIDO_CAPEX,[SUPUESTO] SUP-025,anualización de drivers por día operativo,
C2-20000,C2,20000,semanas_operativas_anio,,50,,semanas/año,20_opex/modelo_opex.py,días operativos ÷ días/semana,,DERIVADO_OPEX,[ESTIMACIÓN],"anualización de drivers semanales de 12B (producto, subproductos)",
C2-20000,C2,20000,aves_faenadas_anio,,5000000,,aves/año,"03_produccion_primaria/escenarios_produccion.csv (modelo_escenarios_produccion.py, vía 14B)",aves_faenadas_anio,"perfil medio, desempeño medio",DIRECTO,[ESTIMACIÓN],"FAE-FACON, FAE-QUIM, empaque",
C2-20000,C2,20000,aves_cargadas_anio,,5.01505e+06,,aves/año,"03_produccion_primaria/escenarios_produccion.csv (modelo_escenarios_produccion.py, vía 14B)",aves_cargadas_anio,"perfil medio, desempeño medio",DIRECTO,[ESTIMACIÓN],"captura, pago por ave",
C2-20000,C2,20000,pollitos_alojados_anio,,5.27899e+06,,pollitos/año,"03_produccion_primaria/escenarios_produccion.csv (modelo_escenarios_produccion.py, vía 14B)",pollitos_alojados_anio,"perfil medio, desempeño medio",DIRECTO,[ESTIMACIÓN],sanidad de crianza,
C2-20000,C2,20000,kg_vivo_cargado_anio,,1.45436e+07,,kg vivo/año,"03_produccion_primaria/escenarios_produccion.csv (modelo_escenarios_produccion.py, vía 14B)",kg_vivo_cargado_anio,"perfil medio, desempeño medio",DIRECTO,[ESTIMACIÓN],pago por kg vivo,
C2-20000,C2,20000,mortalidad_granja_aves_anio,,263950,,aves/año,"03_produccion_primaria/escenarios_produccion.csv (modelo_escenarios_produccion.py, vía 14B)",mortalidad_granja_aves_anio,"perfil medio, desempeño medio",DIRECTO,[ESTIMACIÓN],retiro de mortalidad,
C2-20000,C2,20000,agua_bebida_m3_anio,,44503.5,,m³/año,"03_produccion_primaria/escenarios_produccion.csv (modelo_escenarios_produccion.py, vía 14B)",agua_bebida_m3_anio,"perfil medio, desempeño medio",DIRECTO,[ESTIMACIÓN],agua de granja propia,
C2-20000,C2,20000,ciclos_anio,,5.71048,,ciclos/año,"03_produccion_primaria/escenarios_produccion.csv (modelo_escenarios_produccion.py, vía 14B)",ciclos_anio,"perfil medio, desempeño medio",DIRECTO,[ESTIMACIÓN],limpieza de galpones,
C2-20000,C2,20000,m2_galpon,,75885.1,,m²,"03_produccion_primaria/escenarios_produccion.csv (modelo_escenarios_produccion.py, vía 14B)",m2_galpon,"perfil medio, desempeño medio",DIRECTO,[ESTIMACIÓN],limpieza y bioseguridad de galpones,
C2-20000,C2,20000,inventario_aves_promedio_anual,,662767,,aves,"03_produccion_primaria/escenarios_produccion.csv (modelo_escenarios_produccion.py, vía 14B)",inventario_aves_promedio_anual,"perfil medio, desempeño medio",DIRECTO,[ESTIMACIÓN],activo biológico (capital de trabajo),
C2-20000,C2,20000,pollitos_a_recibir_anio,,5.27899e+06,,pollitos/año,14_alimento_balanceado/escenarios_upstream.csv (modelo_upstream.py),pollitos_a_recibir_anio,margen_pedido = 0 (SUP-142),DIRECTO,[ESTIMACIÓN],POL-COMPRA / base de incubación,
C2-20000,C2,20000,pollitos_a_recibir_semana_plena,,105580,,pollitos/semana,14_alimento_balanceado/escenarios_upstream.csv (modelo_upstream.py),pollitos_a_recibir_semana_plena,,DIRECTO,[ESTIMACIÓN],incubación (14B),
C2-20000,C2,20000,alimento_t_anio,,24724.2,,t/año,14_alimento_balanceado/escenarios_upstream.csv (modelo_upstream.py),alimento_t_anio,,DIRECTO,[ESTIMACIÓN] (03: peso × FCR),alimento comprado / elaborado / materias primas,
C2-20000,C2,20000,alimento_t_semana_plena,,494.483,,t/semana,14_alimento_balanceado/escenarios_upstream.csv (modelo_upstream.py),alimento_t_semana_plena,,DIRECTO,[ESTIMACIÓN],anualización de viajes de alimento,
C2-20000,C2,20000,mp_maiz_t_anio,,14834.5,,t/año,14_alimento_balanceado/escenarios_upstream.csv (modelo_upstream.py),alimento_t_anio × maiz (0.6),,DIRECTO,[SUPUESTO] composición ilustrativa 14B,ALI-MP-*,NO es una fórmula de dieta; mermas aparte (ALI-MERMA)
C2-20000,C2,20000,mp_harina_soja_t_anio,,7417.25,,t/año,14_alimento_balanceado/escenarios_upstream.csv (modelo_upstream.py),alimento_t_anio × harina_soja (0.3),,DIRECTO,[SUPUESTO] composición ilustrativa 14B,ALI-MP-*,NO es una fórmula de dieta; mermas aparte (ALI-MERMA)
C2-20000,C2,20000,mp_resto_t_anio,,2472.42,,t/año,14_alimento_balanceado/escenarios_upstream.csv (modelo_upstream.py),alimento_t_anio × resto (0.1),,DIRECTO,[SUPUESTO] composición ilustrativa 14B,ALI-MP-*,NO es una fórmula de dieta; mermas aparte (ALI-MERMA)
C2-20000,C2,20000,kwh_anio,2.9461e+06,5.01781e+06,8.92249e+06,kWh/año,"11_agua_efluentes/escenarios_utilities.csv (modelo_utilities.py, vía 12C)",kwh_total_anio,"perfil P2, 8 h, config. B; nivel bajo/medio/alto de 09C",CALCULO_MODELO_FUENTE,[ESTIMACIÓN],"UT-ELE-KWH (incluye frío, aire, bombeo, efluentes aerobios)","UNIVERSO 09C = planta de FAENA; no se extiende a incubación, alimento, granjas ni rendering"
C2-20000,C2,20000,kwh_frio_proceso_anio,761250,1.26875e+06,2.28375e+06,kWh/año,"11_agua_efluentes/escenarios_utilities.csv (modelo_utilities.py, vía 12C)",kwh_proceso_frio_de_proceso_agua_helada_hielo_dia × 250,"perfil P2, 8 h, config. B; nivel bajo/medio/alto de 09C",CALCULO_MODELO_FUENTE,[SUPUESTO] reparto ilustrativo,INFORMATIVO: ya incluido en kwh_anio (no se duplica),"UNIVERSO 09C = planta de FAENA; no se extiende a incubación, alimento, granjas ni rendering"
C2-20000,C2,20000,kwh_congelacion_anio,575156,910664,1.24617e+06,kWh/año,"11_agua_efluentes/escenarios_utilities.csv (modelo_utilities.py, vía 12C)",kwh_congelacion_dia × 250,"perfil P2, 8 h, config. B; nivel bajo/medio/alto de 09C",CALCULO_MODELO_FUENTE,[ESTIMACIÓN],INFORMATIVO: ya incluido en kwh_anio,"UNIVERSO 09C = planta de FAENA; no se extiende a incubación, alimento, granjas ni rendering"
C2-20000,C2,20000,kwh_almacen_frio_anio,162697,325395,552821,kWh/año,"11_agua_efluentes/escenarios_utilities.csv (modelo_utilities.py, vía 12C)",kwh_almacenamiento_frio_dia_calendario × 365,"perfil P2, 8 h, config. B; nivel bajo/medio/alto de 09C",CALCULO_MODELO_FUENTE,[ESTIMACIÓN],INFORMATIVO: ya incluido en kwh_anio,"UNIVERSO 09C = planta de FAENA; no se extiende a incubación, alimento, granjas ni rendering"
C2-20000,C2,20000,kwh_efluentes_anio,33250,156750,598500,kWh/año,"11_agua_efluentes/escenarios_utilities.csv (modelo_utilities.py, vía 12C)",kwh_tratamiento_aerobio_dia × 250,"perfil P2, 8 h, config. B; nivel bajo/medio/alto de 09C",CALCULO_MODELO_FUENTE,[ESTIMACIÓN],INFORMATIVO: ya incluido en kwh_anio,"UNIVERSO 09C = planta de FAENA; no se extiende a incubación, alimento, granjas ni rendering"
C2-20000,C2,20000,kwh_bombeo_anio,217500,362500,652500,kWh/año,"11_agua_efluentes/escenarios_utilities.csv (modelo_utilities.py, vía 12C)",kwh_proceso_bombas_agua_y_efluentes_dia × 250,"perfil P2, 8 h, config. B; nivel bajo/medio/alto de 09C",CALCULO_MODELO_FUENTE,[ESTIMACIÓN],INFORMATIVO: ya incluido en kwh_anio,"UNIVERSO 09C = planta de FAENA; no se extiende a incubación, alimento, granjas ni rendering"
C2-20000,C2,20000,agua_m3_anio,75000,125000,190000,m³/año,"11_agua_efluentes/escenarios_utilities.csv (modelo_utilities.py, vía 12C)",agua_captada_m3_dia × 250,"perfil P2, 8 h, config. B; nivel bajo/medio/alto de 09C",CALCULO_MODELO_FUENTE,[ESTIMACIÓN],UT-AGUA-*,"UNIVERSO 09C = planta de FAENA; no se extiende a incubación, alimento, granjas ni rendering"
C2-20000,C2,20000,agua_limpieza_m3_anio,15000,25000,37500,m³/año,"11_agua_efluentes/escenarios_utilities.csv (modelo_utilities.py, vía 12C)",agua_limpieza_m3_dia × 250,"perfil P2, 8 h, config. B; nivel bajo/medio/alto de 09C",CALCULO_MODELO_FUENTE,[ESTIMACIÓN],INFORMATIVO: ya incluida en agua_m3_anio,"UNIVERSO 09C = planta de FAENA; no se extiende a incubación, alimento, granjas ni rendering"
C2-20000,C2,20000,efluente_m3_anio,60000,110000,180500,m³/año,"11_agua_efluentes/escenarios_utilities.csv (modelo_utilities.py, vía 12C)",agua_descargada_m3_dia × 250,"perfil P2, 8 h, config. B; nivel bajo/medio/alto de 09C",CALCULO_MODELO_FUENTE,[ESTIMACIÓN],"EF-QUIM, EF-CANON","UNIVERSO 09C = planta de FAENA; no se extiende a incubación, alimento, granjas ni rendering"
C2-20000,C2,20000,energia_termica_kwh_t_anio,752659,1.85269e+06,4.93465e+06,kWh_t/año,"11_agua_efluentes/escenarios_utilities.csv (modelo_utilities.py, vía 12C)",energia_combustible_kwh_termicos_dia × 250,"perfil P2, 8 h, config. B; nivel bajo/medio/alto de 09C",CALCULO_MODELO_FUENTE,[ESTIMACIÓN],UT-TER-* (combustible),"UNIVERSO 09C = planta de FAENA; no se extiende a incubación, alimento, granjas ni rendering"
C2-20000,C2,20000,combustible_gas_natural_anio,69654.8,171457,456677,m³/año,"11_agua_efluentes/escenarios_utilities.csv (modelo_utilities.py, vía 12C)",equivalente_gas_natural_m3_dia × 250,"perfil P2, 8 h, config. B; nivel bajo/medio/alto de 09C",CALCULO_MODELO_FUENTE,[SUPUESTO] PCI,UT-TER (gas_natural) si se elige,"UNIVERSO 09C = planta de FAENA; no se extiende a incubación, alimento, granjas ni rendering"
C2-20000,C2,20000,combustible_glp_anio,58903.8,144993,386190,kg/año,"11_agua_efluentes/escenarios_utilities.csv (modelo_utilities.py, vía 12C)",equivalente_glp_kg_dia × 250,"perfil P2, 8 h, config. B; nivel bajo/medio/alto de 09C",CALCULO_MODELO_FUENTE,[SUPUESTO] PCI,UT-TER (glp) si se elige,"UNIVERSO 09C = planta de FAENA; no se extiende a incubación, alimento, granjas ni rendering"
C2-20000,C2,20000,combustible_biomasa_anio,193541,476407,1.26891e+06,kg/año,"11_agua_efluentes/escenarios_utilities.csv (modelo_utilities.py, vía 12C)",equivalente_biomasa_chip_kg_dia × 250,"perfil P2, 8 h, config. B; nivel bajo/medio/alto de 09C",CALCULO_MODELO_FUENTE,[SUPUESTO] PCI,UT-TER (biomasa) si se elige,"UNIVERSO 09C = planta de FAENA; no se extiende a incubación, alimento, granjas ni rendering"
C2-20000,C2,20000,subproducto_sangre_t_anio,419.05,419.05,419.05,t/año,"11_agua_efluentes/escenarios_utilities.csv (modelo_utilities.py, vía 12C)",segregable_sangre_recuperada_t_dia × 250,"perfil P2, 8 h, config. B; nivel bajo/medio/alto de 09C",CALCULO_MODELO_FUENTE,[ESTIMACIÓN],SUB-RET-SANGRE,"UNIVERSO 09C = planta de FAENA; no se extiende a incubación, alimento, granjas ni rendering"
C2-20000,C2,20000,subproducto_plumas_t_anio,1206.4,1206.4,1206.4,t/año,"11_agua_efluentes/escenarios_utilities.csv (modelo_utilities.py, vía 12C)",segregable_plumas_t_dia × 250,"perfil P2, 8 h, config. B; nivel bajo/medio/alto de 09C",CALCULO_MODELO_FUENTE,[ESTIMACIÓN],SUB-RET-PLUMAS,"UNIVERSO 09C = planta de FAENA; no se extiende a incubación, alimento, granjas ni rendering"
C2-20000,C2,20000,subproducto_visceras_t_anio,652.5,652.5,652.5,t/año,"11_agua_efluentes/escenarios_utilities.csv (modelo_utilities.py, vía 12C)",segregable_visceras_t_dia × 250,"perfil P2, 8 h, config. B; nivel bajo/medio/alto de 09C",CALCULO_MODELO_FUENTE,[ESTIMACIÓN],SUB-RET-VISCERAS,"UNIVERSO 09C = planta de FAENA; no se extiende a incubación, alimento, granjas ni rendering"
C2-20000,C2,20000,subproducto_cabezas_t_anio,362.5,362.5,362.5,t/año,"11_agua_efluentes/escenarios_utilities.csv (modelo_utilities.py, vía 12C)",segregable_cabeza_t_dia × 250,"perfil P2, 8 h, config. B; nivel bajo/medio/alto de 09C",CALCULO_MODELO_FUENTE,[ESTIMACIÓN],SUB-RET-CABEZAS,"UNIVERSO 09C = planta de FAENA; no se extiende a incubación, alimento, granjas ni rendering"
C2-20000,C2,20000,decomisos_t_anio,,200.721,,t/año,04_balance_masa/escenarios_balance.csv (modelo_balance_masa.py),Σ filas 'decomiso*' de balance() × aves/año,,CALCULO_MODELO_FUENTE,[ESTIMACIÓN] condenas medias,SUB-RET-DECOMISOS,
C2-20000,C2,20000,kg_producto_anio,,1.19824e+07,,kg producto/año,05_proceso_industrial/capacidad_proceso.csv (modelo_capacidad_proceso.py),kg_ave_config()['comestible_a_empaque'] × aves/año,,CALCULO_MODELO_FUENTE,[ESTIMACIÓN] balance v1.1,"EMP-* (base comercial; incluye garras y menudencias, 12B)",
C2-20000,C2,20000,refrigerado_t_anio,,7189.45,,t/año,13_logistica/escenarios_logistica.csv (modelo_logistica.py),refrigerado_t_semana × semanas operativas,"perfil P2; 6 despachos refrigerado y 2 congelado/sem; 12 t; 300 km (ESCENARIO, SUP-16-20)",CALCULO_MODELO_FUENTE,[ESTIMACIÓN],flujo refrigerado,
C2-20000,C2,20000,refrigerado_viajes_anio,,600,,viajes/año,13_logistica/escenarios_logistica.csv (modelo_logistica.py),refrigerado_viajes_semana × semanas,"perfil P2; 6 despachos refrigerado y 2 congelado/sem; 12 t; 300 km (ESCENARIO, SUP-16-20)",CALCULO_MODELO_FUENTE,[ESTIMACIÓN] capacidad de ESCENARIO,LOG-REF-*,
C2-20000,C2,20000,refrigerado_km_anio,,360000,,km/año,13_logistica/escenarios_logistica.csv (modelo_logistica.py),refrigerado_km_dia_despacho × despachos/semana × semanas,"perfil P2; 6 despachos refrigerado y 2 congelado/sem; 12 t; 300 km (ESCENARIO, SUP-16-20)",CALCULO_MODELO_FUENTE,[ESTIMACIÓN] troncal; reparto capilar PENDIENTE (DEC-053),LOG-REF-*,
C2-20000,C2,20000,stock_refrigerado_medio_t,,34.2355,,t,13_logistica/escenarios_logistica.csv (modelo_logistica.py),"inventario(t_dia_op, despachos=6): stock_ciclo_medio + seguridad (0)",,CALCULO_MODELO_FUENTE,[ESTIMACIÓN]; stock comercial adicional PENDIENTE,capital de trabajo,
C2-20000,C2,20000,congelado_t_anio,,4792.97,,t/año,13_logistica/escenarios_logistica.csv (modelo_logistica.py),congelado_t_semana × semanas operativas,"perfil P2; 6 despachos refrigerado y 2 congelado/sem; 12 t; 300 km (ESCENARIO, SUP-16-20)",CALCULO_MODELO_FUENTE,[ESTIMACIÓN],flujo congelado,
C2-20000,C2,20000,congelado_viajes_anio,,400,,viajes/año,13_logistica/escenarios_logistica.csv (modelo_logistica.py),congelado_viajes_semana × semanas,"perfil P2; 6 despachos refrigerado y 2 congelado/sem; 12 t; 300 km (ESCENARIO, SUP-16-20)",CALCULO_MODELO_FUENTE,[ESTIMACIÓN] capacidad de ESCENARIO,LOG-CON-*,
C2-20000,C2,20000,congelado_km_anio,,240000,,km/año,13_logistica/escenarios_logistica.csv (modelo_logistica.py),congelado_km_dia_despacho × despachos/semana × semanas,"perfil P2; 6 despachos refrigerado y 2 congelado/sem; 12 t; 300 km (ESCENARIO, SUP-16-20)",CALCULO_MODELO_FUENTE,[ESTIMACIÓN] troncal; reparto capilar PENDIENTE (DEC-053),LOG-CON-*,
C2-20000,C2,20000,stock_congelado_medio_t,,56.1462,,t,13_logistica/escenarios_logistica.csv (modelo_logistica.py),"inventario(t_dia_op, despachos=2): stock_ciclo_medio + seguridad (0)",,CALCULO_MODELO_FUENTE,[ESTIMACIÓN]; stock comercial adicional PENDIENTE,capital de trabajo,
C2-20000,C2,20000,vivo_viajes_anio,,1000,,viajes/año,13_logistica/escenarios_logistica.csv (modelo_logistica.py),viajes_dia × días,radio 100 km; 5500 aves/camión (ESCENARIO),DIRECTO,[ESTIMACIÓN],LOG-VIV-*,
C2-20000,C2,20000,vivo_km_anio,,173333,,km/año,13_logistica/escenarios_logistica.csv (modelo_logistica.py),km_total_dia × días,radio 100 km; 5500 aves/camión (ESCENARIO),DIRECTO,[ESTIMACIÓN],LOG-VIV-*,
C2-20000,C2,20000,vivo_t_anio,,14543.6,,t/año,13_logistica/escenarios_logistica.csv (modelo_logistica.py),t_vivo_cargado_dia × días,radio 100 km; 5500 aves/camión (ESCENARIO),DIRECTO,[ESTIMACIÓN],LOG-VIV-TER-UNI,
C2-20000,C2,20000,alimento_viajes_anio,,900,,viajes/año,13_logistica/escenarios_logistica.csv (modelo_logistica.py),alimento_viajes_semana × (t_año ÷ t_semana_plena),granelero 28 t; 75 km fábrica–granja (ESCENARIO),DIRECTO,[ESTIMACIÓN],LOG-ALI-*,
C2-20000,C2,20000,alimento_km_anio,,135000,,km/año,13_logistica/escenarios_logistica.csv (modelo_logistica.py),alimento_km_semana × (t_año ÷ t_semana_plena),granelero 28 t; 75 km fábrica–granja (ESCENARIO),DIRECTO,[ESTIMACIÓN],LOG-ALI-*,
C2-20000,C2,20000,pollitos_viajes_anio,,,,viajes/año,13_logistica/escenarios_logistica.csv (modelo_logistica.py),pollitos_viajes_semana (cap_pollitos = None),,PENDIENTE,"PENDIENTE (DPV-047, DPV-084)",LOG-POL-*,
C2-20000,C2,20000,subproductos_viajes_anio,,1000,,viajes/año,13_logistica/escenarios_logistica.csv (modelo_logistica.py),Σ viajes_semana_criterio_masa × semanas,,CALCULO_MODELO_FUENTE,"COTA INFERIOR (volumétrico PENDIENTE, DPV-135)",LOG-SUB-*,
C2-20000,C2,20000,subproductos_km_anio,,100000,,km/año,13_logistica/escenarios_logistica.csv (modelo_logistica.py),Σ km_semana_criterio_masa × semanas,,CALCULO_MODELO_FUENTE,COTA INFERIOR,LOG-SUB-*,
C2-20000,C2,20000,subproductos_t_anio,,3041.76,,t/año,13_logistica/escenarios_logistica.csv (modelo_logistica.py),Σ t_semana × semanas,,CALCULO_MODELO_FUENTE,[ESTIMACIÓN],LOG-SUB-TER-UNI,
C2-20000,C2,20000,vehiculos_POL,,,,vehículos,19_capex/boq_capex.csv (modelo_capex.py),flota[pollitos].unidades,,PENDIENTE,PENDIENTE,"LOG-POL-PAT, SEG-FLOTA-POL",
C2-20000,C2,20000,vehiculos_HUE,,,,vehículos,19_capex/boq_capex.csv (modelo_capex.py),—,,PENDIENTE,PENDIENTE,"LOG-HUE-PAT, SEG-FLOTA-HUE",
C2-20000,C2,20000,vehiculos_ALI,,,,vehículos,19_capex/boq_capex.csv (modelo_capex.py),flota[alimento].unidades,,PENDIENTE,PENDIENTE,"LOG-ALI-PAT, SEG-FLOTA-ALI",
C2-20000,C2,20000,vehiculos_GRA,,,,vehículos,19_capex/boq_capex.csv (modelo_capex.py),—,,PENDIENTE,PENDIENTE,"LOG-GRA-PAT, SEG-FLOTA-GRA",
C2-20000,C2,20000,vehiculos_VIV,,4,,vehículos,19_capex/boq_capex.csv (modelo_capex.py),flota[vivo].unidades,,CONSUMIDO_CAPEX,[ESTIMACIÓN] con reserva SUP-16-02,"LOG-VIV-PAT, SEG-FLOTA-VIV",
C2-20000,C2,20000,vehiculos_REF,,3,,vehículos,19_capex/boq_capex.csv (modelo_capex.py),flota[refrigerado].unidades,,CONSUMIDO_CAPEX,[ESTIMACIÓN] con reserva SUP-16-02,"LOG-REF-PAT, SEG-FLOTA-REF",
C2-20000,C2,20000,vehiculos_CON,,,,vehículos,19_capex/boq_capex.csv (modelo_capex.py),flota[congelado].unidades,,PENDIENTE,PENDIENTE,"LOG-CON-PAT, SEG-FLOTA-CON",
C2-20000,C2,20000,vehiculos_SUB,,,,vehículos,19_capex/boq_capex.csv (modelo_capex.py),flota[subproductos].unidades,,PENDIENTE,PENDIENTE,"LOG-SUB-PAT, SEG-FLOTA-SUB",
C2-20000,C2,20000,fte_industrial_14a,,167.993,,FTE,18_recursos_humanos/escenarios_rrhh.csv (modelo_rrhh.py),fte_total,turnos=extendido; autom=semiautomatico; limpieza=propia; mant=propio; lab=propio,CALCULO_MODELO_FUENTE,[SUPUESTO] productividad,"RRHH INDUSTRIAL + estructura + coordinación primaria (14A). NO es el FTE total de una empresa verticalmente integrada: granjas propias, incubación, planta de alimento, reproductoras y rendering no están dimensionados","headcount de nómina PENDIENTE (factor de cobertura no validado); incluye horas de terceros que luego pueden quedar INCLUIDAS en tarifas (faenador, choferes)"
C2-20000,C2,20000,fte_directos_14a,,80.9972,,FTE,18_recursos_humanos/escenarios_rrhh.csv (modelo_rrhh.py),fte_interno + fte_tercerizado (directo),,CALCULO_MODELO_FUENTE,[SUPUESTO],FAE-CUCH,
C2-20000,C2,20000,horas_brecha_jornada_anio,,36424.4,,h-persona/año,18_recursos_humanos/escenarios_rrhh.csv (modelo_rrhh.py),horas_persona_brecha_jornada_dia × días,,CALCULO_MODELO_FUENTE,[ESTIMACIÓN],INFORMATIVO: no son horas extra automáticas (DPV-146),
C2-20000,C2,20000,headcount_nomina,,,,personas,18_recursos_humanos/escenarios_rrhh.csv (modelo_rrhh.py),headcount_nomina,,PENDIENTE,PENDIENTE (factor de cobertura),NO se usa: costeo provisional por FTE,
C2-20000,C2,20000,fraccion_granjas_propias,,0.25,,fracción,19_capex/boq_capex.csv (modelo_capex.py),fraccion_granjas_propias,,CONSUMIDO_CAPEX,ESCENARIO (SUP-16-09),reparto propia / integrada,
C2-20000,C2,20000,kwh_granja,,,,—,20_opex/modelo_opex.py,—,,PENDIENTE,PENDIENTE: el módulo fuente no lo dimensiona,concepto PENDIENTE_CANTIDAD (no se inventa),
C2-20000,C2,20000,gas_granja,,,,—,20_opex/modelo_opex.py,—,,PENDIENTE,PENDIENTE: el módulo fuente no lo dimensiona,concepto PENDIENTE_CANTIDAD (no se inventa),
C2-20000,C2,20000,cama_t,,,,—,20_opex/modelo_opex.py,—,,PENDIENTE,PENDIENTE: el módulo fuente no lo dimensiona,concepto PENDIENTE_CANTIDAD (no se inventa),
C2-20000,C2,20000,personal_granja,,,,—,20_opex/modelo_opex.py,—,,PENDIENTE,PENDIENTE: el módulo fuente no lo dimensiona,concepto PENDIENTE_CANTIDAD (no se inventa),
C2-20000,C2,20000,personal_incubadora,,,,—,20_opex/modelo_opex.py,—,,PENDIENTE,PENDIENTE: el módulo fuente no lo dimensiona,concepto PENDIENTE_CANTIDAD (no se inventa),
C2-20000,C2,20000,personal_planta_alimento,,,,—,20_opex/modelo_opex.py,—,,PENDIENTE,PENDIENTE: el módulo fuente no lo dimensiona,concepto PENDIENTE_CANTIDAD (no se inventa),
C2-20000,C2,20000,personal_reproductoras,,,,—,20_opex/modelo_opex.py,—,,PENDIENTE,PENDIENTE: el módulo fuente no lo dimensiona,concepto PENDIENTE_CANTIDAD (no se inventa),
C2-20000,C2,20000,personal_rendering,,,,—,20_opex/modelo_opex.py,—,,PENDIENTE,PENDIENTE: el módulo fuente no lo dimensiona,concepto PENDIENTE_CANTIDAD (no se inventa),
C2-20000,C2,20000,kwh_incubadora,,,,—,20_opex/modelo_opex.py,—,,PENDIENTE,PENDIENTE: el módulo fuente no lo dimensiona,concepto PENDIENTE_CANTIDAD (no se inventa),
C2-20000,C2,20000,agua_incubadora,,,,—,20_opex/modelo_opex.py,—,,PENDIENTE,PENDIENTE: el módulo fuente no lo dimensiona,concepto PENDIENTE_CANTIDAD (no se inventa),
C2-20000,C2,20000,kwh_planta_alimento,,,,—,20_opex/modelo_opex.py,—,,PENDIENTE,PENDIENTE: el módulo fuente no lo dimensiona,concepto PENDIENTE_CANTIDAD (no se inventa),
C2-20000,C2,20000,vapor_planta_alimento,,,,—,20_opex/modelo_opex.py,—,,PENDIENTE,PENDIENTE: el módulo fuente no lo dimensiona,concepto PENDIENTE_CANTIDAD (no se inventa),
C2-20000,C2,20000,agua_planta_alimento,,,,—,20_opex/modelo_opex.py,—,,PENDIENTE,PENDIENTE: el módulo fuente no lo dimensiona,concepto PENDIENTE_CANTIDAD (no se inventa),
C2-20000,C2,20000,kwh_rendering,,,,—,20_opex/modelo_opex.py,—,,PENDIENTE,PENDIENTE: el módulo fuente no lo dimensiona,concepto PENDIENTE_CANTIDAD (no se inventa),
C2-20000,C2,20000,lodos_t,,,,—,20_opex/modelo_opex.py,—,,PENDIENTE,PENDIENTE: el módulo fuente no lo dimensiona,concepto PENDIENTE_CANTIDAD (no se inventa),
C2-20000,C2,20000,potencia_contratada_kw,,,,—,20_opex/modelo_opex.py,—,,PENDIENTE,PENDIENTE: el módulo fuente no lo dimensiona,concepto PENDIENTE_CANTIDAD (no se inventa),
C3-2500,C3,2500,dias_operativos_anio,,250,,d/año,19_capex/modelo_capex.py,dias_anio(),,CONSUMIDO_CAPEX,[SUPUESTO] SUP-025,anualización de drivers por día operativo,
C3-2500,C3,2500,semanas_operativas_anio,,50,,semanas/año,20_opex/modelo_opex.py,días operativos ÷ días/semana,,DERIVADO_OPEX,[ESTIMACIÓN],"anualización de drivers semanales de 12B (producto, subproductos)",
C3-2500,C3,2500,aves_faenadas_anio,,625000,,aves/año,"03_produccion_primaria/escenarios_produccion.csv (modelo_escenarios_produccion.py, vía 14B)",aves_faenadas_anio,"perfil medio, desempeño medio",DIRECTO,[ESTIMACIÓN],"FAE-FACON, FAE-QUIM, empaque",
C3-2500,C3,2500,aves_cargadas_anio,,626881,,aves/año,"03_produccion_primaria/escenarios_produccion.csv (modelo_escenarios_produccion.py, vía 14B)",aves_cargadas_anio,"perfil medio, desempeño medio",DIRECTO,[ESTIMACIÓN],"captura, pago por ave",
C3-2500,C3,2500,pollitos_alojados_anio,,659874,,pollitos/año,"03_produccion_primaria/escenarios_produccion.csv (modelo_escenarios_produccion.py, vía 14B)",pollitos_alojados_anio,"perfil medio, desempeño medio",DIRECTO,[ESTIMACIÓN],sanidad de crianza,
C3-2500,C3,2500,kg_vivo_cargado_anio,,1.81795e+06,,kg vivo/año,"03_produccion_primaria/escenarios_produccion.csv (modelo_escenarios_produccion.py, vía 14B)",kg_vivo_cargado_anio,"perfil medio, desempeño medio",DIRECTO,[ESTIMACIÓN],pago por kg vivo,
C3-2500,C3,2500,mortalidad_granja_aves_anio,,32993.7,,aves/año,"03_produccion_primaria/escenarios_produccion.csv (modelo_escenarios_produccion.py, vía 14B)",mortalidad_granja_aves_anio,"perfil medio, desempeño medio",DIRECTO,[ESTIMACIÓN],retiro de mortalidad,
C3-2500,C3,2500,agua_bebida_m3_anio,,5562.94,,m³/año,"03_produccion_primaria/escenarios_produccion.csv (modelo_escenarios_produccion.py, vía 14B)",agua_bebida_m3_anio,"perfil medio, desempeño medio",DIRECTO,[ESTIMACIÓN],agua de granja propia,
C3-2500,C3,2500,ciclos_anio,,5.71048,,ciclos/año,"03_produccion_primaria/escenarios_produccion.csv (modelo_escenarios_produccion.py, vía 14B)",ciclos_anio,"perfil medio, desempeño medio",DIRECTO,[ESTIMACIÓN],limpieza de galpones,
C3-2500,C3,2500,m2_galpon,,9485.64,,m²,"03_produccion_primaria/escenarios_produccion.csv (modelo_escenarios_produccion.py, vía 14B)",m2_galpon,"perfil medio, desempeño medio",DIRECTO,[ESTIMACIÓN],limpieza y bioseguridad de galpones,
C3-2500,C3,2500,inventario_aves_promedio_anual,,82845.9,,aves,"03_produccion_primaria/escenarios_produccion.csv (modelo_escenarios_produccion.py, vía 14B)",inventario_aves_promedio_anual,"perfil medio, desempeño medio",DIRECTO,[ESTIMACIÓN],activo biológico (capital de trabajo),
C3-2500,C3,2500,pollitos_a_recibir_anio,,659874,,pollitos/año,14_alimento_balanceado/escenarios_upstream.csv (modelo_upstream.py),pollitos_a_recibir_anio,margen_pedido = 0 (SUP-142),DIRECTO,[ESTIMACIÓN],POL-COMPRA / base de incubación,
C3-2500,C3,2500,pollitos_a_recibir_semana_plena,,13197.5,,pollitos/semana,14_alimento_balanceado/escenarios_upstream.csv (modelo_upstream.py),pollitos_a_recibir_semana_plena,,DIRECTO,[ESTIMACIÓN],incubación (14B),
C3-2500,C3,2500,alimento_t_anio,,3090.52,,t/año,14_alimento_balanceado/escenarios_upstream.csv (modelo_upstream.py),alimento_t_anio,,DIRECTO,[ESTIMACIÓN] (03: peso × FCR),alimento comprado / elaborado / materias primas,
C3-2500,C3,2500,alimento_t_semana_plena,,61.8104,,t/semana,14_alimento_balanceado/escenarios_upstream.csv (modelo_upstream.py),alimento_t_semana_plena,,DIRECTO,[ESTIMACIÓN],anualización de viajes de alimento,
C3-2500,C3,2500,mp_maiz_t_anio,,1854.31,,t/año,14_alimento_balanceado/escenarios_upstream.csv (modelo_upstream.py),alimento_t_anio × maiz (0.6),,DIRECTO,[SUPUESTO] composición ilustrativa 14B,ALI-MP-*,NO es una fórmula de dieta; mermas aparte (ALI-MERMA)
C3-2500,C3,2500,mp_harina_soja_t_anio,,927.156,,t/año,14_alimento_balanceado/escenarios_upstream.csv (modelo_upstream.py),alimento_t_anio × harina_soja (0.3),,DIRECTO,[SUPUESTO] composición ilustrativa 14B,ALI-MP-*,NO es una fórmula de dieta; mermas aparte (ALI-MERMA)
C3-2500,C3,2500,mp_resto_t_anio,,309.052,,t/año,14_alimento_balanceado/escenarios_upstream.csv (modelo_upstream.py),alimento_t_anio × resto (0.1),,DIRECTO,[SUPUESTO] composición ilustrativa 14B,ALI-MP-*,NO es una fórmula de dieta; mermas aparte (ALI-MERMA)
C3-2500,C3,2500,huevos_por_pollito_vendible,,1.23844,,huevos/pollito,14_alimento_balanceado/escenarios_upstream.csv (modelo_upstream.py),huevos_por_pollito_vendible,cadencia=2; margen=0.15; nivel medio,DIRECTO,[SUPUESTO] fertilidad/incubabilidad (SUP-143),,
C3-2500,C3,2500,huevos_recibidos_anio,,817217,,huevos/año,20_opex/modelo_opex.py,huevos_por_pollito_vendible × pollitos_a_recibir_anio,,DERIVADO_OPEX,[ESTIMACIÓN],INC-OP-HUEVO,"14B publica 852241 = ritmo pleno × 52,14 semanas (cota superior)"
C3-2500,C3,2500,cargas_incubacion_anio,,100,,cargas/año,20_opex/modelo_opex.py,cargas_semana (14B) × semanas equivalentes,,DERIVADO_OPEX,[SUPUESTO] cadencia de ESCENARIO,INC-OP-LIM,
C3-2500,C3,2500,descartes_incubacion_anio,,157343,,unidades/año,20_opex/modelo_opex.py,(huevos recibidos − pollitos vendibles) × semanas equivalentes,,DERIVADO_OPEX,[ESTIMACIÓN],INC-OP-DES,
C3-2500,C3,2500,stock_huevos_almacen,,11674.5,,huevos,20_opex/modelo_opex.py,huevos_recibidos_semana × 5 d / 7,,DERIVADO_OPEX,[SUPUESTO] días de almacén (SUP-145),capital de trabajo (sin margen de capacidad),
C3-2500,C3,2500,huevos_en_proceso_wip,,48508,,huevos,14_alimento_balanceado/escenarios_upstream.csv (modelo_upstream.py),huevos_en_proceso_wip,,DIRECTO,[ESTIMACIÓN],capital de trabajo,
C3-2500,C3,2500,kwh_anio,368263,627226,1.11531e+06,kWh/año,"11_agua_efluentes/escenarios_utilities.csv (modelo_utilities.py, vía 12C)",kwh_total_anio,"perfil P2, 8 h, config. B; nivel bajo/medio/alto de 09C",CALCULO_MODELO_FUENTE,[ESTIMACIÓN],"UT-ELE-KWH (incluye frío, aire, bombeo, efluentes aerobios)","UNIVERSO 09C = planta de FAENA; no se extiende a incubación, alimento, granjas ni rendering"
C3-2500,C3,2500,kwh_frio_proceso_anio,95156.2,158594,285469,kWh/año,"11_agua_efluentes/escenarios_utilities.csv (modelo_utilities.py, vía 12C)",kwh_proceso_frio_de_proceso_agua_helada_hielo_dia × 250,"perfil P2, 8 h, config. B; nivel bajo/medio/alto de 09C",CALCULO_MODELO_FUENTE,[SUPUESTO] reparto ilustrativo,INFORMATIVO: ya incluido en kwh_anio (no se duplica),"UNIVERSO 09C = planta de FAENA; no se extiende a incubación, alimento, granjas ni rendering"
C3-2500,C3,2500,kwh_congelacion_anio,71894.5,113833,155771,kWh/año,"11_agua_efluentes/escenarios_utilities.csv (modelo_utilities.py, vía 12C)",kwh_congelacion_dia × 250,"perfil P2, 8 h, config. B; nivel bajo/medio/alto de 09C",CALCULO_MODELO_FUENTE,[ESTIMACIÓN],INFORMATIVO: ya incluido en kwh_anio,"UNIVERSO 09C = planta de FAENA; no se extiende a incubación, alimento, granjas ni rendering"
C3-2500,C3,2500,kwh_almacen_frio_anio,20337.2,40674.3,69102.6,kWh/año,"11_agua_efluentes/escenarios_utilities.csv (modelo_utilities.py, vía 12C)",kwh_almacenamiento_frio_dia_calendario × 365,"perfil P2, 8 h, config. B; nivel bajo/medio/alto de 09C",CALCULO_MODELO_FUENTE,[ESTIMACIÓN],INFORMATIVO: ya incluido en kwh_anio,"UNIVERSO 09C = planta de FAENA; no se extiende a incubación, alimento, granjas ni rendering"
C3-2500,C3,2500,kwh_efluentes_anio,4156.25,19593.8,74812.5,kWh/año,"11_agua_efluentes/escenarios_utilities.csv (modelo_utilities.py, vía 12C)",kwh_tratamiento_aerobio_dia × 250,"perfil P2, 8 h, config. B; nivel bajo/medio/alto de 09C",CALCULO_MODELO_FUENTE,[ESTIMACIÓN],INFORMATIVO: ya incluido en kwh_anio,"UNIVERSO 09C = planta de FAENA; no se extiende a incubación, alimento, granjas ni rendering"
C3-2500,C3,2500,kwh_bombeo_anio,27187.5,45312.5,81562.5,kWh/año,"11_agua_efluentes/escenarios_utilities.csv (modelo_utilities.py, vía 12C)",kwh_proceso_bombas_agua_y_efluentes_dia × 250,"perfil P2, 8 h, config. B; nivel bajo/medio/alto de 09C",CALCULO_MODELO_FUENTE,[ESTIMACIÓN],INFORMATIVO: ya incluido en kwh_anio,"UNIVERSO 09C = planta de FAENA; no se extiende a incubación, alimento, granjas ni rendering"
C3-2500,C3,2500,agua_m3_anio,9375,15625,23750,m³/año,"11_agua_efluentes/escenarios_utilities.csv (modelo_utilities.py, vía 12C)",agua_captada_m3_dia × 250,"perfil P2, 8 h, config. B; nivel bajo/medio/alto de 09C",CALCULO_MODELO_FUENTE,[ESTIMACIÓN],UT-AGUA-*,"UNIVERSO 09C = planta de FAENA; no se extiende a incubación, alimento, granjas ni rendering"
C3-2500,C3,2500,agua_limpieza_m3_anio,1875,3125,4687.5,m³/año,"11_agua_efluentes/escenarios_utilities.csv (modelo_utilities.py, vía 12C)",agua_limpieza_m3_dia × 250,"perfil P2, 8 h, config. B; nivel bajo/medio/alto de 09C",CALCULO_MODELO_FUENTE,[ESTIMACIÓN],INFORMATIVO: ya incluida en agua_m3_anio,"UNIVERSO 09C = planta de FAENA; no se extiende a incubación, alimento, granjas ni rendering"
C3-2500,C3,2500,efluente_m3_anio,7500,13750,22562.5,m³/año,"11_agua_efluentes/escenarios_utilities.csv (modelo_utilities.py, vía 12C)",agua_descargada_m3_dia × 250,"perfil P2, 8 h, config. B; nivel bajo/medio/alto de 09C",CALCULO_MODELO_FUENTE,[ESTIMACIÓN],"EF-QUIM, EF-CANON","UNIVERSO 09C = planta de FAENA; no se extiende a incubación, alimento, granjas ni rendering"
C3-2500,C3,2500,energia_termica_kwh_t_anio,94082.4,231587,616831,kWh_t/año,"11_agua_efluentes/escenarios_utilities.csv (modelo_utilities.py, vía 12C)",energia_combustible_kwh_termicos_dia × 250,"perfil P2, 8 h, config. B; nivel bajo/medio/alto de 09C",CALCULO_MODELO_FUENTE,[ESTIMACIÓN],UT-TER-* (combustible),"UNIVERSO 09C = planta de FAENA; no se extiende a incubación, alimento, granjas ni rendering"
C3-2500,C3,2500,combustible_gas_natural_anio,8706.85,21432.2,57084.6,m³/año,"11_agua_efluentes/escenarios_utilities.csv (modelo_utilities.py, vía 12C)",equivalente_gas_natural_m3_dia × 250,"perfil P2, 8 h, config. B; nivel bajo/medio/alto de 09C",CALCULO_MODELO_FUENTE,[SUPUESTO] PCI,UT-TER (gas_natural) si se elige,"UNIVERSO 09C = planta de FAENA; no se extiende a incubación, alimento, granjas ni rendering"
C3-2500,C3,2500,combustible_glp_anio,7362.97,18124.2,48273.8,kg/año,"11_agua_efluentes/escenarios_utilities.csv (modelo_utilities.py, vía 12C)",equivalente_glp_kg_dia × 250,"perfil P2, 8 h, config. B; nivel bajo/medio/alto de 09C",CALCULO_MODELO_FUENTE,[SUPUESTO] PCI,UT-TER (glp) si se elige,"UNIVERSO 09C = planta de FAENA; no se extiende a incubación, alimento, granjas ni rendering"
C3-2500,C3,2500,combustible_biomasa_anio,24192.6,59550.8,158614,kg/año,"11_agua_efluentes/escenarios_utilities.csv (modelo_utilities.py, vía 12C)",equivalente_biomasa_chip_kg_dia × 250,"perfil P2, 8 h, config. B; nivel bajo/medio/alto de 09C",CALCULO_MODELO_FUENTE,[SUPUESTO] PCI,UT-TER (biomasa) si se elige,"UNIVERSO 09C = planta de FAENA; no se extiende a incubación, alimento, granjas ni rendering"
C3-2500,C3,2500,subproducto_sangre_t_anio,52.3813,52.3813,52.3813,t/año,"11_agua_efluentes/escenarios_utilities.csv (modelo_utilities.py, vía 12C)",segregable_sangre_recuperada_t_dia × 250,"perfil P2, 8 h, config. B; nivel bajo/medio/alto de 09C",CALCULO_MODELO_FUENTE,[ESTIMACIÓN],SUB-RET-SANGRE,"UNIVERSO 09C = planta de FAENA; no se extiende a incubación, alimento, granjas ni rendering"
C3-2500,C3,2500,subproducto_plumas_t_anio,150.8,150.8,150.8,t/año,"11_agua_efluentes/escenarios_utilities.csv (modelo_utilities.py, vía 12C)",segregable_plumas_t_dia × 250,"perfil P2, 8 h, config. B; nivel bajo/medio/alto de 09C",CALCULO_MODELO_FUENTE,[ESTIMACIÓN],SUB-RET-PLUMAS,"UNIVERSO 09C = planta de FAENA; no se extiende a incubación, alimento, granjas ni rendering"
C3-2500,C3,2500,subproducto_visceras_t_anio,81.5625,81.5625,81.5625,t/año,"11_agua_efluentes/escenarios_utilities.csv (modelo_utilities.py, vía 12C)",segregable_visceras_t_dia × 250,"perfil P2, 8 h, config. B; nivel bajo/medio/alto de 09C",CALCULO_MODELO_FUENTE,[ESTIMACIÓN],SUB-RET-VISCERAS,"UNIVERSO 09C = planta de FAENA; no se extiende a incubación, alimento, granjas ni rendering"
C3-2500,C3,2500,subproducto_cabezas_t_anio,45.3125,45.3125,45.3125,t/año,"11_agua_efluentes/escenarios_utilities.csv (modelo_utilities.py, vía 12C)",segregable_cabeza_t_dia × 250,"perfil P2, 8 h, config. B; nivel bajo/medio/alto de 09C",CALCULO_MODELO_FUENTE,[ESTIMACIÓN],SUB-RET-CABEZAS,"UNIVERSO 09C = planta de FAENA; no se extiende a incubación, alimento, granjas ni rendering"
C3-2500,C3,2500,decomisos_t_anio,,25.0901,,t/año,04_balance_masa/escenarios_balance.csv (modelo_balance_masa.py),Σ filas 'decomiso*' de balance() × aves/año,,CALCULO_MODELO_FUENTE,[ESTIMACIÓN] condenas medias,SUB-RET-DECOMISOS,
C3-2500,C3,2500,kg_producto_anio,,1.4978e+06,,kg producto/año,05_proceso_industrial/capacidad_proceso.csv (modelo_capacidad_proceso.py),kg_ave_config()['comestible_a_empaque'] × aves/año,,CALCULO_MODELO_FUENTE,[ESTIMACIÓN] balance v1.1,"EMP-* (base comercial; incluye garras y menudencias, 12B)",
C3-2500,C3,2500,refrigerado_t_anio,,898.681,,t/año,13_logistica/escenarios_logistica.csv (modelo_logistica.py),refrigerado_t_semana × semanas operativas,"perfil P2; 6 despachos refrigerado y 2 congelado/sem; 12 t; 300 km (ESCENARIO, SUP-16-20)",CALCULO_MODELO_FUENTE,[ESTIMACIÓN],flujo refrigerado,
C3-2500,C3,2500,refrigerado_viajes_anio,,300,,viajes/año,13_logistica/escenarios_logistica.csv (modelo_logistica.py),refrigerado_viajes_semana × semanas,"perfil P2; 6 despachos refrigerado y 2 congelado/sem; 12 t; 300 km (ESCENARIO, SUP-16-20)",CALCULO_MODELO_FUENTE,[ESTIMACIÓN] capacidad de ESCENARIO,LOG-REF-*,
C3-2500,C3,2500,refrigerado_km_anio,,180000,,km/año,13_logistica/escenarios_logistica.csv (modelo_logistica.py),refrigerado_km_dia_despacho × despachos/semana × semanas,"perfil P2; 6 despachos refrigerado y 2 congelado/sem; 12 t; 300 km (ESCENARIO, SUP-16-20)",CALCULO_MODELO_FUENTE,[ESTIMACIÓN] troncal; reparto capilar PENDIENTE (DEC-053),LOG-REF-*,
C3-2500,C3,2500,stock_refrigerado_medio_t,,4.27943,,t,13_logistica/escenarios_logistica.csv (modelo_logistica.py),"inventario(t_dia_op, despachos=6): stock_ciclo_medio + seguridad (0)",,CALCULO_MODELO_FUENTE,[ESTIMACIÓN]; stock comercial adicional PENDIENTE,capital de trabajo,
C3-2500,C3,2500,congelado_t_anio,,599.121,,t/año,13_logistica/escenarios_logistica.csv (modelo_logistica.py),congelado_t_semana × semanas operativas,"perfil P2; 6 despachos refrigerado y 2 congelado/sem; 12 t; 300 km (ESCENARIO, SUP-16-20)",CALCULO_MODELO_FUENTE,[ESTIMACIÓN],flujo congelado,
C3-2500,C3,2500,congelado_viajes_anio,,100,,viajes/año,13_logistica/escenarios_logistica.csv (modelo_logistica.py),congelado_viajes_semana × semanas,"perfil P2; 6 despachos refrigerado y 2 congelado/sem; 12 t; 300 km (ESCENARIO, SUP-16-20)",CALCULO_MODELO_FUENTE,[ESTIMACIÓN] capacidad de ESCENARIO,LOG-CON-*,
C3-2500,C3,2500,congelado_km_anio,,60000,,km/año,13_logistica/escenarios_logistica.csv (modelo_logistica.py),congelado_km_dia_despacho × despachos/semana × semanas,"perfil P2; 6 despachos refrigerado y 2 congelado/sem; 12 t; 300 km (ESCENARIO, SUP-16-20)",CALCULO_MODELO_FUENTE,[ESTIMACIÓN] troncal; reparto capilar PENDIENTE (DEC-053),LOG-CON-*,
C3-2500,C3,2500,stock_congelado_medio_t,,7.01827,,t,13_logistica/escenarios_logistica.csv (modelo_logistica.py),"inventario(t_dia_op, despachos=2): stock_ciclo_medio + seguridad (0)",,CALCULO_MODELO_FUENTE,[ESTIMACIÓN]; stock comercial adicional PENDIENTE,capital de trabajo,
C3-2500,C3,2500,vivo_viajes_anio,,250,,viajes/año,13_logistica/escenarios_logistica.csv (modelo_logistica.py),viajes_dia × días,radio 100 km; 5500 aves/camión (ESCENARIO),DIRECTO,[ESTIMACIÓN],LOG-VIV-*,
C3-2500,C3,2500,vivo_km_anio,,43333.3,,km/año,13_logistica/escenarios_logistica.csv (modelo_logistica.py),km_total_dia × días,radio 100 km; 5500 aves/camión (ESCENARIO),DIRECTO,[ESTIMACIÓN],LOG-VIV-*,
C3-2500,C3,2500,vivo_t_anio,,1817.95,,t/año,13_logistica/escenarios_logistica.csv (modelo_logistica.py),t_vivo_cargado_dia × días,radio 100 km; 5500 aves/camión (ESCENARIO),DIRECTO,[ESTIMACIÓN],LOG-VIV-TER-UNI,
C3-2500,C3,2500,alimento_viajes_anio,,150,,viajes/año,13_logistica/escenarios_logistica.csv (modelo_logistica.py),alimento_viajes_semana × (t_año ÷ t_semana_plena),granelero 28 t; 75 km fábrica–granja (ESCENARIO),DIRECTO,[ESTIMACIÓN],LOG-ALI-*,
C3-2500,C3,2500,alimento_km_anio,,22500,,km/año,13_logistica/escenarios_logistica.csv (modelo_logistica.py),alimento_km_semana × (t_año ÷ t_semana_plena),granelero 28 t; 75 km fábrica–granja (ESCENARIO),DIRECTO,[ESTIMACIÓN],LOG-ALI-*,
C3-2500,C3,2500,grano_t_anio,,2781.47,,t/año,20_opex/modelo_opex.py,mp maíz + harina de soja (t/año),,DERIVADO_OPEX,[ESTIMACIÓN],LOG-GRA-TER-UNI,
C3-2500,C3,2500,grano_viajes_anio,,,,viajes/año,14_alimento_balanceado/escenarios_upstream.csv (modelo_upstream.py),viajes_grano_semana (cap_grano = None),,PENDIENTE,"PENDIENTE (capacidad y distancia del acopio, DPV-157)",LOG-GRA-*,
C3-2500,C3,2500,pollitos_viajes_anio,,,,viajes/año,13_logistica/escenarios_logistica.csv (modelo_logistica.py),pollitos_viajes_semana (cap_pollitos = None),,PENDIENTE,"PENDIENTE (DPV-047, DPV-084)",LOG-POL-*,
C3-2500,C3,2500,subproductos_viajes_anio,,1000,,viajes/año,13_logistica/escenarios_logistica.csv (modelo_logistica.py),Σ viajes_semana_criterio_masa × semanas,,CALCULO_MODELO_FUENTE,"COTA INFERIOR (volumétrico PENDIENTE, DPV-135)",LOG-SUB-*,
C3-2500,C3,2500,subproductos_km_anio,,100000,,km/año,13_logistica/escenarios_logistica.csv (modelo_logistica.py),Σ km_semana_criterio_masa × semanas,,CALCULO_MODELO_FUENTE,COTA INFERIOR,LOG-SUB-*,
C3-2500,C3,2500,subproductos_t_anio,,380.22,,t/año,13_logistica/escenarios_logistica.csv (modelo_logistica.py),Σ t_semana × semanas,,CALCULO_MODELO_FUENTE,[ESTIMACIÓN],LOG-SUB-TER-UNI,
C3-2500,C3,2500,vehiculos_POL,,,,vehículos,19_capex/boq_capex.csv (modelo_capex.py),flota[pollitos].unidades,,PENDIENTE,PENDIENTE,"LOG-POL-PAT, SEG-FLOTA-POL",
C3-2500,C3,2500,vehiculos_HUE,,,,vehículos,19_capex/boq_capex.csv (modelo_capex.py),—,,PENDIENTE,PENDIENTE,"LOG-HUE-PAT, SEG-FLOTA-HUE",
C3-2500,C3,2500,vehiculos_ALI,,2,,vehículos,19_capex/boq_capex.csv (modelo_capex.py),flota[alimento].unidades,,CONSUMIDO_CAPEX,[ESTIMACIÓN] con reserva SUP-16-02,"LOG-ALI-PAT, SEG-FLOTA-ALI",
C3-2500,C3,2500,vehiculos_GRA,,,,vehículos,19_capex/boq_capex.csv (modelo_capex.py),—,,PENDIENTE,PENDIENTE,"LOG-GRA-PAT, SEG-FLOTA-GRA",
C3-2500,C3,2500,vehiculos_VIV,,2,,vehículos,19_capex/boq_capex.csv (modelo_capex.py),flota[vivo].unidades,,CONSUMIDO_CAPEX,[ESTIMACIÓN] con reserva SUP-16-02,"LOG-VIV-PAT, SEG-FLOTA-VIV",
C3-2500,C3,2500,vehiculos_REF,,2,,vehículos,19_capex/boq_capex.csv (modelo_capex.py),flota[refrigerado].unidades,,CONSUMIDO_CAPEX,[ESTIMACIÓN] con reserva SUP-16-02,"LOG-REF-PAT, SEG-FLOTA-REF",
C3-2500,C3,2500,vehiculos_CON,,2,,vehículos,19_capex/boq_capex.csv (modelo_capex.py),flota[congelado].unidades,,CONSUMIDO_CAPEX,[ESTIMACIÓN] con reserva SUP-16-02,"LOG-CON-PAT, SEG-FLOTA-CON",
C3-2500,C3,2500,vehiculos_SUB,,3,,vehículos,19_capex/boq_capex.csv (modelo_capex.py),flota[subproductos].unidades,,CONSUMIDO_CAPEX,[ESTIMACIÓN] con reserva SUP-16-02,"LOG-SUB-PAT, SEG-FLOTA-SUB",
C3-2500,C3,2500,fte_industrial_14a,,51.4575,,FTE,18_recursos_humanos/escenarios_rrhh.csv (modelo_rrhh.py),fte_total,turnos=extendido; autom=semiautomatico; limpieza=propia; mant=propio; lab=propio,CALCULO_MODELO_FUENTE,[SUPUESTO] productividad,"RRHH INDUSTRIAL + estructura + coordinación primaria (14A). NO es el FTE total de una empresa verticalmente integrada: granjas propias, incubación, planta de alimento, reproductoras y rendering no están dimensionados","headcount de nómina PENDIENTE (factor de cobertura no validado); incluye horas de terceros que luego pueden quedar INCLUIDAS en tarifas (faenador, choferes)"
C3-2500,C3,2500,fte_directos_14a,,22.43,,FTE,18_recursos_humanos/escenarios_rrhh.csv (modelo_rrhh.py),fte_interno + fte_tercerizado (directo),,CALCULO_MODELO_FUENTE,[SUPUESTO],FAE-CUCH,
C3-2500,C3,2500,horas_brecha_jornada_anio,,11321.1,,h-persona/año,18_recursos_humanos/escenarios_rrhh.csv (modelo_rrhh.py),horas_persona_brecha_jornada_dia × días,,CALCULO_MODELO_FUENTE,[ESTIMACIÓN],INFORMATIVO: no son horas extra automáticas (DPV-146),
C3-2500,C3,2500,headcount_nomina,,,,personas,18_recursos_humanos/escenarios_rrhh.csv (modelo_rrhh.py),headcount_nomina,,PENDIENTE,PENDIENTE (factor de cobertura),NO se usa: costeo provisional por FTE,
C3-2500,C3,2500,fraccion_granjas_propias,,1,,fracción,19_capex/boq_capex.csv (modelo_capex.py),fraccion_granjas_propias,,CONSUMIDO_CAPEX,ESCENARIO (SUP-16-09),reparto propia / integrada,
C3-2500,C3,2500,kwh_granja,,,,—,20_opex/modelo_opex.py,—,,PENDIENTE,PENDIENTE: el módulo fuente no lo dimensiona,concepto PENDIENTE_CANTIDAD (no se inventa),
C3-2500,C3,2500,gas_granja,,,,—,20_opex/modelo_opex.py,—,,PENDIENTE,PENDIENTE: el módulo fuente no lo dimensiona,concepto PENDIENTE_CANTIDAD (no se inventa),
C3-2500,C3,2500,cama_t,,,,—,20_opex/modelo_opex.py,—,,PENDIENTE,PENDIENTE: el módulo fuente no lo dimensiona,concepto PENDIENTE_CANTIDAD (no se inventa),
C3-2500,C3,2500,personal_granja,,,,—,20_opex/modelo_opex.py,—,,PENDIENTE,PENDIENTE: el módulo fuente no lo dimensiona,concepto PENDIENTE_CANTIDAD (no se inventa),
C3-2500,C3,2500,personal_incubadora,,,,—,20_opex/modelo_opex.py,—,,PENDIENTE,PENDIENTE: el módulo fuente no lo dimensiona,concepto PENDIENTE_CANTIDAD (no se inventa),
C3-2500,C3,2500,personal_planta_alimento,,,,—,20_opex/modelo_opex.py,—,,PENDIENTE,PENDIENTE: el módulo fuente no lo dimensiona,concepto PENDIENTE_CANTIDAD (no se inventa),
C3-2500,C3,2500,personal_reproductoras,,,,—,20_opex/modelo_opex.py,—,,PENDIENTE,PENDIENTE: el módulo fuente no lo dimensiona,concepto PENDIENTE_CANTIDAD (no se inventa),
C3-2500,C3,2500,personal_rendering,,,,—,20_opex/modelo_opex.py,—,,PENDIENTE,PENDIENTE: el módulo fuente no lo dimensiona,concepto PENDIENTE_CANTIDAD (no se inventa),
C3-2500,C3,2500,kwh_incubadora,,,,—,20_opex/modelo_opex.py,—,,PENDIENTE,PENDIENTE: el módulo fuente no lo dimensiona,concepto PENDIENTE_CANTIDAD (no se inventa),
C3-2500,C3,2500,agua_incubadora,,,,—,20_opex/modelo_opex.py,—,,PENDIENTE,PENDIENTE: el módulo fuente no lo dimensiona,concepto PENDIENTE_CANTIDAD (no se inventa),
C3-2500,C3,2500,kwh_planta_alimento,,,,—,20_opex/modelo_opex.py,—,,PENDIENTE,PENDIENTE: el módulo fuente no lo dimensiona,concepto PENDIENTE_CANTIDAD (no se inventa),
C3-2500,C3,2500,vapor_planta_alimento,,,,—,20_opex/modelo_opex.py,—,,PENDIENTE,PENDIENTE: el módulo fuente no lo dimensiona,concepto PENDIENTE_CANTIDAD (no se inventa),
C3-2500,C3,2500,agua_planta_alimento,,,,—,20_opex/modelo_opex.py,—,,PENDIENTE,PENDIENTE: el módulo fuente no lo dimensiona,concepto PENDIENTE_CANTIDAD (no se inventa),
C3-2500,C3,2500,kwh_rendering,,,,—,20_opex/modelo_opex.py,—,,PENDIENTE,PENDIENTE: el módulo fuente no lo dimensiona,concepto PENDIENTE_CANTIDAD (no se inventa),
C3-2500,C3,2500,lodos_t,,,,—,20_opex/modelo_opex.py,—,,PENDIENTE,PENDIENTE: el módulo fuente no lo dimensiona,concepto PENDIENTE_CANTIDAD (no se inventa),
C3-2500,C3,2500,potencia_contratada_kw,,,,—,20_opex/modelo_opex.py,—,,PENDIENTE,PENDIENTE: el módulo fuente no lo dimensiona,concepto PENDIENTE_CANTIDAD (no se inventa),
C3-5000,C3,5000,dias_operativos_anio,,250,,d/año,19_capex/modelo_capex.py,dias_anio(),,CONSUMIDO_CAPEX,[SUPUESTO] SUP-025,anualización de drivers por día operativo,
C3-5000,C3,5000,semanas_operativas_anio,,50,,semanas/año,20_opex/modelo_opex.py,días operativos ÷ días/semana,,DERIVADO_OPEX,[ESTIMACIÓN],"anualización de drivers semanales de 12B (producto, subproductos)",
C3-5000,C3,5000,aves_faenadas_anio,,1250000,,aves/año,"03_produccion_primaria/escenarios_produccion.csv (modelo_escenarios_produccion.py, vía 14B)",aves_faenadas_anio,"perfil medio, desempeño medio",DIRECTO,[ESTIMACIÓN],"FAE-FACON, FAE-QUIM, empaque",
C3-5000,C3,5000,aves_cargadas_anio,,1.25376e+06,,aves/año,"03_produccion_primaria/escenarios_produccion.csv (modelo_escenarios_produccion.py, vía 14B)",aves_cargadas_anio,"perfil medio, desempeño medio",DIRECTO,[ESTIMACIÓN],"captura, pago por ave",
C3-5000,C3,5000,pollitos_alojados_anio,,1.31975e+06,,pollitos/año,"03_produccion_primaria/escenarios_produccion.csv (modelo_escenarios_produccion.py, vía 14B)",pollitos_alojados_anio,"perfil medio, desempeño medio",DIRECTO,[ESTIMACIÓN],sanidad de crianza,
C3-5000,C3,5000,kg_vivo_cargado_anio,,3.63591e+06,,kg vivo/año,"03_produccion_primaria/escenarios_produccion.csv (modelo_escenarios_produccion.py, vía 14B)",kg_vivo_cargado_anio,"perfil medio, desempeño medio",DIRECTO,[ESTIMACIÓN],pago por kg vivo,
C3-5000,C3,5000,mortalidad_granja_aves_anio,,65987.4,,aves/año,"03_produccion_primaria/escenarios_produccion.csv (modelo_escenarios_produccion.py, vía 14B)",mortalidad_granja_aves_anio,"perfil medio, desempeño medio",DIRECTO,[ESTIMACIÓN],retiro de mortalidad,
C3-5000,C3,5000,agua_bebida_m3_anio,,11125.9,,m³/año,"03_produccion_primaria/escenarios_produccion.csv (modelo_escenarios_produccion.py, vía 14B)",agua_bebida_m3_anio,"perfil medio, desempeño medio",DIRECTO,[ESTIMACIÓN],agua de granja propia,
C3-5000,C3,5000,ciclos_anio,,5.71048,,ciclos/año,"03_produccion_primaria/escenarios_produccion.csv (modelo_escenarios_produccion.py, vía 14B)",ciclos_anio,"perfil medio, desempeño medio",DIRECTO,[ESTIMACIÓN],limpieza de galpones,
C3-5000,C3,5000,m2_galpon,,18971.3,,m²,"03_produccion_primaria/escenarios_produccion.csv (modelo_escenarios_produccion.py, vía 14B)",m2_galpon,"perfil medio, desempeño medio",DIRECTO,[ESTIMACIÓN],limpieza y bioseguridad de galpones,
C3-5000,C3,5000,inventario_aves_promedio_anual,,165692,,aves,"03_produccion_primaria/escenarios_produccion.csv (modelo_escenarios_produccion.py, vía 14B)",inventario_aves_promedio_anual,"perfil medio, desempeño medio",DIRECTO,[ESTIMACIÓN],activo biológico (capital de trabajo),
C3-5000,C3,5000,pollitos_a_recibir_anio,,1.31975e+06,,pollitos/año,14_alimento_balanceado/escenarios_upstream.csv (modelo_upstream.py),pollitos_a_recibir_anio,margen_pedido = 0 (SUP-142),DIRECTO,[ESTIMACIÓN],POL-COMPRA / base de incubación,
C3-5000,C3,5000,pollitos_a_recibir_semana_plena,,26395,,pollitos/semana,14_alimento_balanceado/escenarios_upstream.csv (modelo_upstream.py),pollitos_a_recibir_semana_plena,,DIRECTO,[ESTIMACIÓN],incubación (14B),
C3-5000,C3,5000,alimento_t_anio,,6181.04,,t/año,14_alimento_balanceado/escenarios_upstream.csv (modelo_upstream.py),alimento_t_anio,,DIRECTO,[ESTIMACIÓN] (03: peso × FCR),alimento comprado / elaborado / materias primas,
C3-5000,C3,5000,alimento_t_semana_plena,,123.621,,t/semana,14_alimento_balanceado/escenarios_upstream.csv (modelo_upstream.py),alimento_t_semana_plena,,DIRECTO,[ESTIMACIÓN],anualización de viajes de alimento,
C3-5000,C3,5000,mp_maiz_t_anio,,3708.63,,t/año,14_alimento_balanceado/escenarios_upstream.csv (modelo_upstream.py),alimento_t_anio × maiz (0.6),,DIRECTO,[SUPUESTO] composición ilustrativa 14B,ALI-MP-*,NO es una fórmula de dieta; mermas aparte (ALI-MERMA)
C3-5000,C3,5000,mp_harina_soja_t_anio,,1854.31,,t/año,14_alimento_balanceado/escenarios_upstream.csv (modelo_upstream.py),alimento_t_anio × harina_soja (0.3),,DIRECTO,[SUPUESTO] composición ilustrativa 14B,ALI-MP-*,NO es una fórmula de dieta; mermas aparte (ALI-MERMA)
C3-5000,C3,5000,mp_resto_t_anio,,618.104,,t/año,14_alimento_balanceado/escenarios_upstream.csv (modelo_upstream.py),alimento_t_anio × resto (0.1),,DIRECTO,[SUPUESTO] composición ilustrativa 14B,ALI-MP-*,NO es una fórmula de dieta; mermas aparte (ALI-MERMA)
C3-5000,C3,5000,huevos_por_pollito_vendible,,1.23844,,huevos/pollito,14_alimento_balanceado/escenarios_upstream.csv (modelo_upstream.py),huevos_por_pollito_vendible,cadencia=2; margen=0.15; nivel medio,DIRECTO,[SUPUESTO] fertilidad/incubabilidad (SUP-143),,
C3-5000,C3,5000,huevos_recibidos_anio,,1.63443e+06,,huevos/año,20_opex/modelo_opex.py,huevos_por_pollito_vendible × pollitos_a_recibir_anio,,DERIVADO_OPEX,[ESTIMACIÓN],INC-OP-HUEVO,"14B publica 1704481 = ritmo pleno × 52,14 semanas (cota superior)"
C3-5000,C3,5000,cargas_incubacion_anio,,100,,cargas/año,20_opex/modelo_opex.py,cargas_semana (14B) × semanas equivalentes,,DERIVADO_OPEX,[SUPUESTO] cadencia de ESCENARIO,INC-OP-LIM,
C3-5000,C3,5000,descartes_incubacion_anio,,314685,,unidades/año,20_opex/modelo_opex.py,(huevos recibidos − pollitos vendibles) × semanas equivalentes,,DERIVADO_OPEX,[ESTIMACIÓN],INC-OP-DES,
C3-5000,C3,5000,stock_huevos_almacen,,23349.1,,huevos,20_opex/modelo_opex.py,huevos_recibidos_semana × 5 d / 7,,DERIVADO_OPEX,[SUPUESTO] días de almacén (SUP-145),capital de trabajo (sin margen de capacidad),
C3-5000,C3,5000,huevos_en_proceso_wip,,97016,,huevos,14_alimento_balanceado/escenarios_upstream.csv (modelo_upstream.py),huevos_en_proceso_wip,,DIRECTO,[ESTIMACIÓN],capital de trabajo,
C3-5000,C3,5000,kwh_anio,736526,1.25445e+06,2.23062e+06,kWh/año,"11_agua_efluentes/escenarios_utilities.csv (modelo_utilities.py, vía 12C)",kwh_total_anio,"perfil P2, 8 h, config. B; nivel bajo/medio/alto de 09C",CALCULO_MODELO_FUENTE,[ESTIMACIÓN],"UT-ELE-KWH (incluye frío, aire, bombeo, efluentes aerobios)","UNIVERSO 09C = planta de FAENA; no se extiende a incubación, alimento, granjas ni rendering"
C3-5000,C3,5000,kwh_frio_proceso_anio,190312,317188,570938,kWh/año,"11_agua_efluentes/escenarios_utilities.csv (modelo_utilities.py, vía 12C)",kwh_proceso_frio_de_proceso_agua_helada_hielo_dia × 250,"perfil P2, 8 h, config. B; nivel bajo/medio/alto de 09C",CALCULO_MODELO_FUENTE,[SUPUESTO] reparto ilustrativo,INFORMATIVO: ya incluido en kwh_anio (no se duplica),"UNIVERSO 09C = planta de FAENA; no se extiende a incubación, alimento, granjas ni rendering"
C3-5000,C3,5000,kwh_congelacion_anio,143789,227666,311543,kWh/año,"11_agua_efluentes/escenarios_utilities.csv (modelo_utilities.py, vía 12C)",kwh_congelacion_dia × 250,"perfil P2, 8 h, config. B; nivel bajo/medio/alto de 09C",CALCULO_MODELO_FUENTE,[ESTIMACIÓN],INFORMATIVO: ya incluido en kwh_anio,"UNIVERSO 09C = planta de FAENA; no se extiende a incubación, alimento, granjas ni rendering"
C3-5000,C3,5000,kwh_almacen_frio_anio,40674.3,81348.6,138205,kWh/año,"11_agua_efluentes/escenarios_utilities.csv (modelo_utilities.py, vía 12C)",kwh_almacenamiento_frio_dia_calendario × 365,"perfil P2, 8 h, config. B; nivel bajo/medio/alto de 09C",CALCULO_MODELO_FUENTE,[ESTIMACIÓN],INFORMATIVO: ya incluido en kwh_anio,"UNIVERSO 09C = planta de FAENA; no se extiende a incubación, alimento, granjas ni rendering"
C3-5000,C3,5000,kwh_efluentes_anio,8312.5,39187.5,149625,kWh/año,"11_agua_efluentes/escenarios_utilities.csv (modelo_utilities.py, vía 12C)",kwh_tratamiento_aerobio_dia × 250,"perfil P2, 8 h, config. B; nivel bajo/medio/alto de 09C",CALCULO_MODELO_FUENTE,[ESTIMACIÓN],INFORMATIVO: ya incluido en kwh_anio,"UNIVERSO 09C = planta de FAENA; no se extiende a incubación, alimento, granjas ni rendering"
C3-5000,C3,5000,kwh_bombeo_anio,54375,90625,163125,kWh/año,"11_agua_efluentes/escenarios_utilities.csv (modelo_utilities.py, vía 12C)",kwh_proceso_bombas_agua_y_efluentes_dia × 250,"perfil P2, 8 h, config. B; nivel bajo/medio/alto de 09C",CALCULO_MODELO_FUENTE,[ESTIMACIÓN],INFORMATIVO: ya incluido en kwh_anio,"UNIVERSO 09C = planta de FAENA; no se extiende a incubación, alimento, granjas ni rendering"
C3-5000,C3,5000,agua_m3_anio,18750,31250,47500,m³/año,"11_agua_efluentes/escenarios_utilities.csv (modelo_utilities.py, vía 12C)",agua_captada_m3_dia × 250,"perfil P2, 8 h, config. B; nivel bajo/medio/alto de 09C",CALCULO_MODELO_FUENTE,[ESTIMACIÓN],UT-AGUA-*,"UNIVERSO 09C = planta de FAENA; no se extiende a incubación, alimento, granjas ni rendering"
C3-5000,C3,5000,agua_limpieza_m3_anio,3750,6250,9375,m³/año,"11_agua_efluentes/escenarios_utilities.csv (modelo_utilities.py, vía 12C)",agua_limpieza_m3_dia × 250,"perfil P2, 8 h, config. B; nivel bajo/medio/alto de 09C",CALCULO_MODELO_FUENTE,[ESTIMACIÓN],INFORMATIVO: ya incluida en agua_m3_anio,"UNIVERSO 09C = planta de FAENA; no se extiende a incubación, alimento, granjas ni rendering"
C3-5000,C3,5000,efluente_m3_anio,15000,27500,45125,m³/año,"11_agua_efluentes/escenarios_utilities.csv (modelo_utilities.py, vía 12C)",agua_descargada_m3_dia × 250,"perfil P2, 8 h, config. B; nivel bajo/medio/alto de 09C",CALCULO_MODELO_FUENTE,[ESTIMACIÓN],"EF-QUIM, EF-CANON","UNIVERSO 09C = planta de FAENA; no se extiende a incubación, alimento, granjas ni rendering"
C3-5000,C3,5000,energia_termica_kwh_t_anio,188165,463173,1.23366e+06,kWh_t/año,"11_agua_efluentes/escenarios_utilities.csv (modelo_utilities.py, vía 12C)",energia_combustible_kwh_termicos_dia × 250,"perfil P2, 8 h, config. B; nivel bajo/medio/alto de 09C",CALCULO_MODELO_FUENTE,[ESTIMACIÓN],UT-TER-* (combustible),"UNIVERSO 09C = planta de FAENA; no se extiende a incubación, alimento, granjas ni rendering"
C3-5000,C3,5000,combustible_gas_natural_anio,17413.7,42864.4,114169,m³/año,"11_agua_efluentes/escenarios_utilities.csv (modelo_utilities.py, vía 12C)",equivalente_gas_natural_m3_dia × 250,"perfil P2, 8 h, config. B; nivel bajo/medio/alto de 09C",CALCULO_MODELO_FUENTE,[SUPUESTO] PCI,UT-TER (gas_natural) si se elige,"UNIVERSO 09C = planta de FAENA; no se extiende a incubación, alimento, granjas ni rendering"
C3-5000,C3,5000,combustible_glp_anio,14725.9,36248.3,96547.5,kg/año,"11_agua_efluentes/escenarios_utilities.csv (modelo_utilities.py, vía 12C)",equivalente_glp_kg_dia × 250,"perfil P2, 8 h, config. B; nivel bajo/medio/alto de 09C",CALCULO_MODELO_FUENTE,[SUPUESTO] PCI,UT-TER (glp) si se elige,"UNIVERSO 09C = planta de FAENA; no se extiende a incubación, alimento, granjas ni rendering"
C3-5000,C3,5000,combustible_biomasa_anio,48385.2,119102,317228,kg/año,"11_agua_efluentes/escenarios_utilities.csv (modelo_utilities.py, vía 12C)",equivalente_biomasa_chip_kg_dia × 250,"perfil P2, 8 h, config. B; nivel bajo/medio/alto de 09C",CALCULO_MODELO_FUENTE,[SUPUESTO] PCI,UT-TER (biomasa) si se elige,"UNIVERSO 09C = planta de FAENA; no se extiende a incubación, alimento, granjas ni rendering"
C3-5000,C3,5000,subproducto_sangre_t_anio,104.763,104.763,104.763,t/año,"11_agua_efluentes/escenarios_utilities.csv (modelo_utilities.py, vía 12C)",segregable_sangre_recuperada_t_dia × 250,"perfil P2, 8 h, config. B; nivel bajo/medio/alto de 09C",CALCULO_MODELO_FUENTE,[ESTIMACIÓN],SUB-RET-SANGRE,"UNIVERSO 09C = planta de FAENA; no se extiende a incubación, alimento, granjas ni rendering"
C3-5000,C3,5000,subproducto_plumas_t_anio,301.6,301.6,301.6,t/año,"11_agua_efluentes/escenarios_utilities.csv (modelo_utilities.py, vía 12C)",segregable_plumas_t_dia × 250,"perfil P2, 8 h, config. B; nivel bajo/medio/alto de 09C",CALCULO_MODELO_FUENTE,[ESTIMACIÓN],SUB-RET-PLUMAS,"UNIVERSO 09C = planta de FAENA; no se extiende a incubación, alimento, granjas ni rendering"
C3-5000,C3,5000,subproducto_visceras_t_anio,163.125,163.125,163.125,t/año,"11_agua_efluentes/escenarios_utilities.csv (modelo_utilities.py, vía 12C)",segregable_visceras_t_dia × 250,"perfil P2, 8 h, config. B; nivel bajo/medio/alto de 09C",CALCULO_MODELO_FUENTE,[ESTIMACIÓN],SUB-RET-VISCERAS,"UNIVERSO 09C = planta de FAENA; no se extiende a incubación, alimento, granjas ni rendering"
C3-5000,C3,5000,subproducto_cabezas_t_anio,90.625,90.625,90.625,t/año,"11_agua_efluentes/escenarios_utilities.csv (modelo_utilities.py, vía 12C)",segregable_cabeza_t_dia × 250,"perfil P2, 8 h, config. B; nivel bajo/medio/alto de 09C",CALCULO_MODELO_FUENTE,[ESTIMACIÓN],SUB-RET-CABEZAS,"UNIVERSO 09C = planta de FAENA; no se extiende a incubación, alimento, granjas ni rendering"
C3-5000,C3,5000,decomisos_t_anio,,50.1801,,t/año,04_balance_masa/escenarios_balance.csv (modelo_balance_masa.py),Σ filas 'decomiso*' de balance() × aves/año,,CALCULO_MODELO_FUENTE,[ESTIMACIÓN] condenas medias,SUB-RET-DECOMISOS,
C3-5000,C3,5000,kg_producto_anio,,2.9956e+06,,kg producto/año,05_proceso_industrial/capacidad_proceso.csv (modelo_capacidad_proceso.py),kg_ave_config()['comestible_a_empaque'] × aves/año,,CALCULO_MODELO_FUENTE,[ESTIMACIÓN] balance v1.1,"EMP-* (base comercial; incluye garras y menudencias, 12B)",
C3-5000,C3,5000,refrigerado_t_anio,,1797.36,,t/año,13_logistica/escenarios_logistica.csv (modelo_logistica.py),refrigerado_t_semana × semanas operativas,"perfil P2; 6 despachos refrigerado y 2 congelado/sem; 12 t; 300 km (ESCENARIO, SUP-16-20)",CALCULO_MODELO_FUENTE,[ESTIMACIÓN],flujo refrigerado,
C3-5000,C3,5000,refrigerado_viajes_anio,,300,,viajes/año,13_logistica/escenarios_logistica.csv (modelo_logistica.py),refrigerado_viajes_semana × semanas,"perfil P2; 6 despachos refrigerado y 2 congelado/sem; 12 t; 300 km (ESCENARIO, SUP-16-20)",CALCULO_MODELO_FUENTE,[ESTIMACIÓN] capacidad de ESCENARIO,LOG-REF-*,
C3-5000,C3,5000,refrigerado_km_anio,,180000,,km/año,13_logistica/escenarios_logistica.csv (modelo_logistica.py),refrigerado_km_dia_despacho × despachos/semana × semanas,"perfil P2; 6 despachos refrigerado y 2 congelado/sem; 12 t; 300 km (ESCENARIO, SUP-16-20)",CALCULO_MODELO_FUENTE,[ESTIMACIÓN] troncal; reparto capilar PENDIENTE (DEC-053),LOG-REF-*,
C3-5000,C3,5000,stock_refrigerado_medio_t,,8.55887,,t,13_logistica/escenarios_logistica.csv (modelo_logistica.py),"inventario(t_dia_op, despachos=6): stock_ciclo_medio + seguridad (0)",,CALCULO_MODELO_FUENTE,[ESTIMACIÓN]; stock comercial adicional PENDIENTE,capital de trabajo,
C3-5000,C3,5000,congelado_t_anio,,1198.24,,t/año,13_logistica/escenarios_logistica.csv (modelo_logistica.py),congelado_t_semana × semanas operativas,"perfil P2; 6 despachos refrigerado y 2 congelado/sem; 12 t; 300 km (ESCENARIO, SUP-16-20)",CALCULO_MODELO_FUENTE,[ESTIMACIÓN],flujo congelado,
C3-5000,C3,5000,congelado_viajes_anio,,100,,viajes/año,13_logistica/escenarios_logistica.csv (modelo_logistica.py),congelado_viajes_semana × semanas,"perfil P2; 6 despachos refrigerado y 2 congelado/sem; 12 t; 300 km (ESCENARIO, SUP-16-20)",CALCULO_MODELO_FUENTE,[ESTIMACIÓN] capacidad de ESCENARIO,LOG-CON-*,
C3-5000,C3,5000,congelado_km_anio,,60000,,km/año,13_logistica/escenarios_logistica.csv (modelo_logistica.py),congelado_km_dia_despacho × despachos/semana × semanas,"perfil P2; 6 despachos refrigerado y 2 congelado/sem; 12 t; 300 km (ESCENARIO, SUP-16-20)",CALCULO_MODELO_FUENTE,[ESTIMACIÓN] troncal; reparto capilar PENDIENTE (DEC-053),LOG-CON-*,
C3-5000,C3,5000,stock_congelado_medio_t,,14.0365,,t,13_logistica/escenarios_logistica.csv (modelo_logistica.py),"inventario(t_dia_op, despachos=2): stock_ciclo_medio + seguridad (0)",,CALCULO_MODELO_FUENTE,[ESTIMACIÓN]; stock comercial adicional PENDIENTE,capital de trabajo,
C3-5000,C3,5000,vivo_viajes_anio,,250,,viajes/año,13_logistica/escenarios_logistica.csv (modelo_logistica.py),viajes_dia × días,radio 100 km; 5500 aves/camión (ESCENARIO),DIRECTO,[ESTIMACIÓN],LOG-VIV-*,
C3-5000,C3,5000,vivo_km_anio,,43333.3,,km/año,13_logistica/escenarios_logistica.csv (modelo_logistica.py),km_total_dia × días,radio 100 km; 5500 aves/camión (ESCENARIO),DIRECTO,[ESTIMACIÓN],LOG-VIV-*,
C3-5000,C3,5000,vivo_t_anio,,3635.91,,t/año,13_logistica/escenarios_logistica.csv (modelo_logistica.py),t_vivo_cargado_dia × días,radio 100 km; 5500 aves/camión (ESCENARIO),DIRECTO,[ESTIMACIÓN],LOG-VIV-TER-UNI,
C3-5000,C3,5000,alimento_viajes_anio,,250,,viajes/año,13_logistica/escenarios_logistica.csv (modelo_logistica.py),alimento_viajes_semana × (t_año ÷ t_semana_plena),granelero 28 t; 75 km fábrica–granja (ESCENARIO),DIRECTO,[ESTIMACIÓN],LOG-ALI-*,
C3-5000,C3,5000,alimento_km_anio,,37500,,km/año,13_logistica/escenarios_logistica.csv (modelo_logistica.py),alimento_km_semana × (t_año ÷ t_semana_plena),granelero 28 t; 75 km fábrica–granja (ESCENARIO),DIRECTO,[ESTIMACIÓN],LOG-ALI-*,
C3-5000,C3,5000,grano_t_anio,,5562.94,,t/año,20_opex/modelo_opex.py,mp maíz + harina de soja (t/año),,DERIVADO_OPEX,[ESTIMACIÓN],LOG-GRA-TER-UNI,
C3-5000,C3,5000,grano_viajes_anio,,,,viajes/año,14_alimento_balanceado/escenarios_upstream.csv (modelo_upstream.py),viajes_grano_semana (cap_grano = None),,PENDIENTE,"PENDIENTE (capacidad y distancia del acopio, DPV-157)",LOG-GRA-*,
C3-5000,C3,5000,pollitos_viajes_anio,,,,viajes/año,13_logistica/escenarios_logistica.csv (modelo_logistica.py),pollitos_viajes_semana (cap_pollitos = None),,PENDIENTE,"PENDIENTE (DPV-047, DPV-084)",LOG-POL-*,
C3-5000,C3,5000,subproductos_viajes_anio,,1000,,viajes/año,13_logistica/escenarios_logistica.csv (modelo_logistica.py),Σ viajes_semana_criterio_masa × semanas,,CALCULO_MODELO_FUENTE,"COTA INFERIOR (volumétrico PENDIENTE, DPV-135)",LOG-SUB-*,
C3-5000,C3,5000,subproductos_km_anio,,100000,,km/año,13_logistica/escenarios_logistica.csv (modelo_logistica.py),Σ km_semana_criterio_masa × semanas,,CALCULO_MODELO_FUENTE,COTA INFERIOR,LOG-SUB-*,
C3-5000,C3,5000,subproductos_t_anio,,760.441,,t/año,13_logistica/escenarios_logistica.csv (modelo_logistica.py),Σ t_semana × semanas,,CALCULO_MODELO_FUENTE,[ESTIMACIÓN],LOG-SUB-TER-UNI,
C3-5000,C3,5000,vehiculos_POL,,,,vehículos,19_capex/boq_capex.csv (modelo_capex.py),flota[pollitos].unidades,,PENDIENTE,PENDIENTE,"LOG-POL-PAT, SEG-FLOTA-POL",
C3-5000,C3,5000,vehiculos_HUE,,,,vehículos,19_capex/boq_capex.csv (modelo_capex.py),—,,PENDIENTE,PENDIENTE,"LOG-HUE-PAT, SEG-FLOTA-HUE",
C3-5000,C3,5000,vehiculos_ALI,,2,,vehículos,19_capex/boq_capex.csv (modelo_capex.py),flota[alimento].unidades,,CONSUMIDO_CAPEX,[ESTIMACIÓN] con reserva SUP-16-02,"LOG-ALI-PAT, SEG-FLOTA-ALI",
C3-5000,C3,5000,vehiculos_GRA,,,,vehículos,19_capex/boq_capex.csv (modelo_capex.py),—,,PENDIENTE,PENDIENTE,"LOG-GRA-PAT, SEG-FLOTA-GRA",
C3-5000,C3,5000,vehiculos_VIV,,2,,vehículos,19_capex/boq_capex.csv (modelo_capex.py),flota[vivo].unidades,,CONSUMIDO_CAPEX,[ESTIMACIÓN] con reserva SUP-16-02,"LOG-VIV-PAT, SEG-FLOTA-VIV",
C3-5000,C3,5000,vehiculos_REF,,2,,vehículos,19_capex/boq_capex.csv (modelo_capex.py),flota[refrigerado].unidades,,CONSUMIDO_CAPEX,[ESTIMACIÓN] con reserva SUP-16-02,"LOG-REF-PAT, SEG-FLOTA-REF",
C3-5000,C3,5000,vehiculos_CON,,2,,vehículos,19_capex/boq_capex.csv (modelo_capex.py),flota[congelado].unidades,,CONSUMIDO_CAPEX,[ESTIMACIÓN] con reserva SUP-16-02,"LOG-CON-PAT, SEG-FLOTA-CON",
C3-5000,C3,5000,vehiculos_SUB,,3,,vehículos,19_capex/boq_capex.csv (modelo_capex.py),flota[subproductos].unidades,,CONSUMIDO_CAPEX,[ESTIMACIÓN] con reserva SUP-16-02,"LOG-SUB-PAT, SEG-FLOTA-SUB",
C3-5000,C3,5000,fte_industrial_14a,,71.0397,,FTE,18_recursos_humanos/escenarios_rrhh.csv (modelo_rrhh.py),fte_total,turnos=extendido; autom=semiautomatico; limpieza=propia; mant=propio; lab=propio,CALCULO_MODELO_FUENTE,[SUPUESTO] productividad,"RRHH INDUSTRIAL + estructura + coordinación primaria (14A). NO es el FTE total de una empresa verticalmente integrada: granjas propias, incubación, planta de alimento, reproductoras y rendering no están dimensionados","headcount de nómina PENDIENTE (factor de cobertura no validado); incluye horas de terceros que luego pueden quedar INCLUIDAS en tarifas (faenador, choferes)"
C3-5000,C3,5000,fte_directos_14a,,28.6606,,FTE,18_recursos_humanos/escenarios_rrhh.csv (modelo_rrhh.py),fte_interno + fte_tercerizado (directo),,CALCULO_MODELO_FUENTE,[SUPUESTO],FAE-CUCH,
C3-5000,C3,5000,horas_brecha_jornada_anio,,14274.4,,h-persona/año,18_recursos_humanos/escenarios_rrhh.csv (modelo_rrhh.py),horas_persona_brecha_jornada_dia × días,,CALCULO_MODELO_FUENTE,[ESTIMACIÓN],INFORMATIVO: no son horas extra automáticas (DPV-146),
C3-5000,C3,5000,headcount_nomina,,,,personas,18_recursos_humanos/escenarios_rrhh.csv (modelo_rrhh.py),headcount_nomina,,PENDIENTE,PENDIENTE (factor de cobertura),NO se usa: costeo provisional por FTE,
C3-5000,C3,5000,fraccion_granjas_propias,,1,,fracción,19_capex/boq_capex.csv (modelo_capex.py),fraccion_granjas_propias,,CONSUMIDO_CAPEX,ESCENARIO (SUP-16-09),reparto propia / integrada,
C3-5000,C3,5000,kwh_granja,,,,—,20_opex/modelo_opex.py,—,,PENDIENTE,PENDIENTE: el módulo fuente no lo dimensiona,concepto PENDIENTE_CANTIDAD (no se inventa),
C3-5000,C3,5000,gas_granja,,,,—,20_opex/modelo_opex.py,—,,PENDIENTE,PENDIENTE: el módulo fuente no lo dimensiona,concepto PENDIENTE_CANTIDAD (no se inventa),
C3-5000,C3,5000,cama_t,,,,—,20_opex/modelo_opex.py,—,,PENDIENTE,PENDIENTE: el módulo fuente no lo dimensiona,concepto PENDIENTE_CANTIDAD (no se inventa),
C3-5000,C3,5000,personal_granja,,,,—,20_opex/modelo_opex.py,—,,PENDIENTE,PENDIENTE: el módulo fuente no lo dimensiona,concepto PENDIENTE_CANTIDAD (no se inventa),
C3-5000,C3,5000,personal_incubadora,,,,—,20_opex/modelo_opex.py,—,,PENDIENTE,PENDIENTE: el módulo fuente no lo dimensiona,concepto PENDIENTE_CANTIDAD (no se inventa),
C3-5000,C3,5000,personal_planta_alimento,,,,—,20_opex/modelo_opex.py,—,,PENDIENTE,PENDIENTE: el módulo fuente no lo dimensiona,concepto PENDIENTE_CANTIDAD (no se inventa),
C3-5000,C3,5000,personal_reproductoras,,,,—,20_opex/modelo_opex.py,—,,PENDIENTE,PENDIENTE: el módulo fuente no lo dimensiona,concepto PENDIENTE_CANTIDAD (no se inventa),
C3-5000,C3,5000,personal_rendering,,,,—,20_opex/modelo_opex.py,—,,PENDIENTE,PENDIENTE: el módulo fuente no lo dimensiona,concepto PENDIENTE_CANTIDAD (no se inventa),
C3-5000,C3,5000,kwh_incubadora,,,,—,20_opex/modelo_opex.py,—,,PENDIENTE,PENDIENTE: el módulo fuente no lo dimensiona,concepto PENDIENTE_CANTIDAD (no se inventa),
C3-5000,C3,5000,agua_incubadora,,,,—,20_opex/modelo_opex.py,—,,PENDIENTE,PENDIENTE: el módulo fuente no lo dimensiona,concepto PENDIENTE_CANTIDAD (no se inventa),
C3-5000,C3,5000,kwh_planta_alimento,,,,—,20_opex/modelo_opex.py,—,,PENDIENTE,PENDIENTE: el módulo fuente no lo dimensiona,concepto PENDIENTE_CANTIDAD (no se inventa),
C3-5000,C3,5000,vapor_planta_alimento,,,,—,20_opex/modelo_opex.py,—,,PENDIENTE,PENDIENTE: el módulo fuente no lo dimensiona,concepto PENDIENTE_CANTIDAD (no se inventa),
C3-5000,C3,5000,agua_planta_alimento,,,,—,20_opex/modelo_opex.py,—,,PENDIENTE,PENDIENTE: el módulo fuente no lo dimensiona,concepto PENDIENTE_CANTIDAD (no se inventa),
C3-5000,C3,5000,kwh_rendering,,,,—,20_opex/modelo_opex.py,—,,PENDIENTE,PENDIENTE: el módulo fuente no lo dimensiona,concepto PENDIENTE_CANTIDAD (no se inventa),
C3-5000,C3,5000,lodos_t,,,,—,20_opex/modelo_opex.py,—,,PENDIENTE,PENDIENTE: el módulo fuente no lo dimensiona,concepto PENDIENTE_CANTIDAD (no se inventa),
C3-5000,C3,5000,potencia_contratada_kw,,,,—,20_opex/modelo_opex.py,—,,PENDIENTE,PENDIENTE: el módulo fuente no lo dimensiona,concepto PENDIENTE_CANTIDAD (no se inventa),
C3-10000,C3,10000,dias_operativos_anio,,250,,d/año,19_capex/modelo_capex.py,dias_anio(),,CONSUMIDO_CAPEX,[SUPUESTO] SUP-025,anualización de drivers por día operativo,
C3-10000,C3,10000,semanas_operativas_anio,,50,,semanas/año,20_opex/modelo_opex.py,días operativos ÷ días/semana,,DERIVADO_OPEX,[ESTIMACIÓN],"anualización de drivers semanales de 12B (producto, subproductos)",
C3-10000,C3,10000,aves_faenadas_anio,,2500000,,aves/año,"03_produccion_primaria/escenarios_produccion.csv (modelo_escenarios_produccion.py, vía 14B)",aves_faenadas_anio,"perfil medio, desempeño medio",DIRECTO,[ESTIMACIÓN],"FAE-FACON, FAE-QUIM, empaque",
C3-10000,C3,10000,aves_cargadas_anio,,2.50752e+06,,aves/año,"03_produccion_primaria/escenarios_produccion.csv (modelo_escenarios_produccion.py, vía 14B)",aves_cargadas_anio,"perfil medio, desempeño medio",DIRECTO,[ESTIMACIÓN],"captura, pago por ave",
C3-10000,C3,10000,pollitos_alojados_anio,,2.6395e+06,,pollitos/año,"03_produccion_primaria/escenarios_produccion.csv (modelo_escenarios_produccion.py, vía 14B)",pollitos_alojados_anio,"perfil medio, desempeño medio",DIRECTO,[ESTIMACIÓN],sanidad de crianza,
C3-10000,C3,10000,kg_vivo_cargado_anio,,7.27182e+06,,kg vivo/año,"03_produccion_primaria/escenarios_produccion.csv (modelo_escenarios_produccion.py, vía 14B)",kg_vivo_cargado_anio,"perfil medio, desempeño medio",DIRECTO,[ESTIMACIÓN],pago por kg vivo,
C3-10000,C3,10000,mortalidad_granja_aves_anio,,131975,,aves/año,"03_produccion_primaria/escenarios_produccion.csv (modelo_escenarios_produccion.py, vía 14B)",mortalidad_granja_aves_anio,"perfil medio, desempeño medio",DIRECTO,[ESTIMACIÓN],retiro de mortalidad,
C3-10000,C3,10000,agua_bebida_m3_anio,,22251.8,,m³/año,"03_produccion_primaria/escenarios_produccion.csv (modelo_escenarios_produccion.py, vía 14B)",agua_bebida_m3_anio,"perfil medio, desempeño medio",DIRECTO,[ESTIMACIÓN],agua de granja propia,
C3-10000,C3,10000,ciclos_anio,,5.71048,,ciclos/año,"03_produccion_primaria/escenarios_produccion.csv (modelo_escenarios_produccion.py, vía 14B)",ciclos_anio,"perfil medio, desempeño medio",DIRECTO,[ESTIMACIÓN],limpieza de galpones,
C3-10000,C3,10000,m2_galpon,,37942.6,,m²,"03_produccion_primaria/escenarios_produccion.csv (modelo_escenarios_produccion.py, vía 14B)",m2_galpon,"perfil medio, desempeño medio",DIRECTO,[ESTIMACIÓN],limpieza y bioseguridad de galpones,
C3-10000,C3,10000,inventario_aves_promedio_anual,,331383,,aves,"03_produccion_primaria/escenarios_produccion.csv (modelo_escenarios_produccion.py, vía 14B)",inventario_aves_promedio_anual,"perfil medio, desempeño medio",DIRECTO,[ESTIMACIÓN],activo biológico (capital de trabajo),
C3-10000,C3,10000,pollitos_a_recibir_anio,,2.6395e+06,,pollitos/año,14_alimento_balanceado/escenarios_upstream.csv (modelo_upstream.py),pollitos_a_recibir_anio,margen_pedido = 0 (SUP-142),DIRECTO,[ESTIMACIÓN],POL-COMPRA / base de incubación,
C3-10000,C3,10000,pollitos_a_recibir_semana_plena,,52789.9,,pollitos/semana,14_alimento_balanceado/escenarios_upstream.csv (modelo_upstream.py),pollitos_a_recibir_semana_plena,,DIRECTO,[ESTIMACIÓN],incubación (14B),
C3-10000,C3,10000,alimento_t_anio,,12362.1,,t/año,14_alimento_balanceado/escenarios_upstream.csv (modelo_upstream.py),alimento_t_anio,,DIRECTO,[ESTIMACIÓN] (03: peso × FCR),alimento comprado / elaborado / materias primas,
C3-10000,C3,10000,alimento_t_semana_plena,,247.242,,t/semana,14_alimento_balanceado/escenarios_upstream.csv (modelo_upstream.py),alimento_t_semana_plena,,DIRECTO,[ESTIMACIÓN],anualización de viajes de alimento,
C3-10000,C3,10000,mp_maiz_t_anio,,7417.25,,t/año,14_alimento_balanceado/escenarios_upstream.csv (modelo_upstream.py),alimento_t_anio × maiz (0.6),,DIRECTO,[SUPUESTO] composición ilustrativa 14B,ALI-MP-*,NO es una fórmula de dieta; mermas aparte (ALI-MERMA)
C3-10000,C3,10000,mp_harina_soja_t_anio,,3708.63,,t/año,14_alimento_balanceado/escenarios_upstream.csv (modelo_upstream.py),alimento_t_anio × harina_soja (0.3),,DIRECTO,[SUPUESTO] composición ilustrativa 14B,ALI-MP-*,NO es una fórmula de dieta; mermas aparte (ALI-MERMA)
C3-10000,C3,10000,mp_resto_t_anio,,1236.21,,t/año,14_alimento_balanceado/escenarios_upstream.csv (modelo_upstream.py),alimento_t_anio × resto (0.1),,DIRECTO,[SUPUESTO] composición ilustrativa 14B,ALI-MP-*,NO es una fórmula de dieta; mermas aparte (ALI-MERMA)
C3-10000,C3,10000,huevos_por_pollito_vendible,,1.23844,,huevos/pollito,14_alimento_balanceado/escenarios_upstream.csv (modelo_upstream.py),huevos_por_pollito_vendible,cadencia=2; margen=0.15; nivel medio,DIRECTO,[SUPUESTO] fertilidad/incubabilidad (SUP-143),,
C3-10000,C3,10000,huevos_recibidos_anio,,3.26887e+06,,huevos/año,20_opex/modelo_opex.py,huevos_por_pollito_vendible × pollitos_a_recibir_anio,,DERIVADO_OPEX,[ESTIMACIÓN],INC-OP-HUEVO,"14B publica 3408963 = ritmo pleno × 52,14 semanas (cota superior)"
C3-10000,C3,10000,cargas_incubacion_anio,,100,,cargas/año,20_opex/modelo_opex.py,cargas_semana (14B) × semanas equivalentes,,DERIVADO_OPEX,[SUPUESTO] cadencia de ESCENARIO,INC-OP-LIM,
C3-10000,C3,10000,descartes_incubacion_anio,,629371,,unidades/año,20_opex/modelo_opex.py,(huevos recibidos − pollitos vendibles) × semanas equivalentes,,DERIVADO_OPEX,[ESTIMACIÓN],INC-OP-DES,
C3-10000,C3,10000,stock_huevos_almacen,,46698.1,,huevos,20_opex/modelo_opex.py,huevos_recibidos_semana × 5 d / 7,,DERIVADO_OPEX,[SUPUESTO] días de almacén (SUP-145),capital de trabajo (sin margen de capacidad),
C3-10000,C3,10000,huevos_en_proceso_wip,,194032,,huevos,14_alimento_balanceado/escenarios_upstream.csv (modelo_upstream.py),huevos_en_proceso_wip,,DIRECTO,[ESTIMACIÓN],capital de trabajo,
C3-10000,C3,10000,kwh_anio,1.47305e+06,2.5089e+06,4.46125e+06,kWh/año,"11_agua_efluentes/escenarios_utilities.csv (modelo_utilities.py, vía 12C)",kwh_total_anio,"perfil P2, 8 h, config. B; nivel bajo/medio/alto de 09C",CALCULO_MODELO_FUENTE,[ESTIMACIÓN],"UT-ELE-KWH (incluye frío, aire, bombeo, efluentes aerobios)","UNIVERSO 09C = planta de FAENA; no se extiende a incubación, alimento, granjas ni rendering"
C3-10000,C3,10000,kwh_frio_proceso_anio,380625,634375,1.14188e+06,kWh/año,"11_agua_efluentes/escenarios_utilities.csv (modelo_utilities.py, vía 12C)",kwh_proceso_frio_de_proceso_agua_helada_hielo_dia × 250,"perfil P2, 8 h, config. B; nivel bajo/medio/alto de 09C",CALCULO_MODELO_FUENTE,[SUPUESTO] reparto ilustrativo,INFORMATIVO: ya incluido en kwh_anio (no se duplica),"UNIVERSO 09C = planta de FAENA; no se extiende a incubación, alimento, granjas ni rendering"
C3-10000,C3,10000,kwh_congelacion_anio,287578,455332,623086,kWh/año,"11_agua_efluentes/escenarios_utilities.csv (modelo_utilities.py, vía 12C)",kwh_congelacion_dia × 250,"perfil P2, 8 h, config. B; nivel bajo/medio/alto de 09C",CALCULO_MODELO_FUENTE,[ESTIMACIÓN],INFORMATIVO: ya incluido en kwh_anio,"UNIVERSO 09C = planta de FAENA; no se extiende a incubación, alimento, granjas ni rendering"
C3-10000,C3,10000,kwh_almacen_frio_anio,81348.6,162697,276410,kWh/año,"11_agua_efluentes/escenarios_utilities.csv (modelo_utilities.py, vía 12C)",kwh_almacenamiento_frio_dia_calendario × 365,"perfil P2, 8 h, config. B; nivel bajo/medio/alto de 09C",CALCULO_MODELO_FUENTE,[ESTIMACIÓN],INFORMATIVO: ya incluido en kwh_anio,"UNIVERSO 09C = planta de FAENA; no se extiende a incubación, alimento, granjas ni rendering"
C3-10000,C3,10000,kwh_efluentes_anio,16625,78375,299250,kWh/año,"11_agua_efluentes/escenarios_utilities.csv (modelo_utilities.py, vía 12C)",kwh_tratamiento_aerobio_dia × 250,"perfil P2, 8 h, config. B; nivel bajo/medio/alto de 09C",CALCULO_MODELO_FUENTE,[ESTIMACIÓN],INFORMATIVO: ya incluido en kwh_anio,"UNIVERSO 09C = planta de FAENA; no se extiende a incubación, alimento, granjas ni rendering"
C3-10000,C3,10000,kwh_bombeo_anio,108750,181250,326250,kWh/año,"11_agua_efluentes/escenarios_utilities.csv (modelo_utilities.py, vía 12C)",kwh_proceso_bombas_agua_y_efluentes_dia × 250,"perfil P2, 8 h, config. B; nivel bajo/medio/alto de 09C",CALCULO_MODELO_FUENTE,[ESTIMACIÓN],INFORMATIVO: ya incluido en kwh_anio,"UNIVERSO 09C = planta de FAENA; no se extiende a incubación, alimento, granjas ni rendering"
C3-10000,C3,10000,agua_m3_anio,37500,62500,95000,m³/año,"11_agua_efluentes/escenarios_utilities.csv (modelo_utilities.py, vía 12C)",agua_captada_m3_dia × 250,"perfil P2, 8 h, config. B; nivel bajo/medio/alto de 09C",CALCULO_MODELO_FUENTE,[ESTIMACIÓN],UT-AGUA-*,"UNIVERSO 09C = planta de FAENA; no se extiende a incubación, alimento, granjas ni rendering"
C3-10000,C3,10000,agua_limpieza_m3_anio,7500,12500,18750,m³/año,"11_agua_efluentes/escenarios_utilities.csv (modelo_utilities.py, vía 12C)",agua_limpieza_m3_dia × 250,"perfil P2, 8 h, config. B; nivel bajo/medio/alto de 09C",CALCULO_MODELO_FUENTE,[ESTIMACIÓN],INFORMATIVO: ya incluida en agua_m3_anio,"UNIVERSO 09C = planta de FAENA; no se extiende a incubación, alimento, granjas ni rendering"
C3-10000,C3,10000,efluente_m3_anio,30000,55000,90250,m³/año,"11_agua_efluentes/escenarios_utilities.csv (modelo_utilities.py, vía 12C)",agua_descargada_m3_dia × 250,"perfil P2, 8 h, config. B; nivel bajo/medio/alto de 09C",CALCULO_MODELO_FUENTE,[ESTIMACIÓN],"EF-QUIM, EF-CANON","UNIVERSO 09C = planta de FAENA; no se extiende a incubación, alimento, granjas ni rendering"
C3-10000,C3,10000,energia_termica_kwh_t_anio,376330,926346,2.46733e+06,kWh_t/año,"11_agua_efluentes/escenarios_utilities.csv (modelo_utilities.py, vía 12C)",energia_combustible_kwh_termicos_dia × 250,"perfil P2, 8 h, config. B; nivel bajo/medio/alto de 09C",CALCULO_MODELO_FUENTE,[ESTIMACIÓN],UT-TER-* (combustible),"UNIVERSO 09C = planta de FAENA; no se extiende a incubación, alimento, granjas ni rendering"
C3-10000,C3,10000,combustible_gas_natural_anio,34827.4,85728.7,228339,m³/año,"11_agua_efluentes/escenarios_utilities.csv (modelo_utilities.py, vía 12C)",equivalente_gas_natural_m3_dia × 250,"perfil P2, 8 h, config. B; nivel bajo/medio/alto de 09C",CALCULO_MODELO_FUENTE,[SUPUESTO] PCI,UT-TER (gas_natural) si se elige,"UNIVERSO 09C = planta de FAENA; no se extiende a incubación, alimento, granjas ni rendering"
C3-10000,C3,10000,combustible_glp_anio,29451.9,72496.7,193095,kg/año,"11_agua_efluentes/escenarios_utilities.csv (modelo_utilities.py, vía 12C)",equivalente_glp_kg_dia × 250,"perfil P2, 8 h, config. B; nivel bajo/medio/alto de 09C",CALCULO_MODELO_FUENTE,[SUPUESTO] PCI,UT-TER (glp) si se elige,"UNIVERSO 09C = planta de FAENA; no se extiende a incubación, alimento, granjas ni rendering"
C3-10000,C3,10000,combustible_biomasa_anio,96770.5,238203,634455,kg/año,"11_agua_efluentes/escenarios_utilities.csv (modelo_utilities.py, vía 12C)",equivalente_biomasa_chip_kg_dia × 250,"perfil P2, 8 h, config. B; nivel bajo/medio/alto de 09C",CALCULO_MODELO_FUENTE,[SUPUESTO] PCI,UT-TER (biomasa) si se elige,"UNIVERSO 09C = planta de FAENA; no se extiende a incubación, alimento, granjas ni rendering"
C3-10000,C3,10000,subproducto_sangre_t_anio,209.525,209.525,209.525,t/año,"11_agua_efluentes/escenarios_utilities.csv (modelo_utilities.py, vía 12C)",segregable_sangre_recuperada_t_dia × 250,"perfil P2, 8 h, config. B; nivel bajo/medio/alto de 09C",CALCULO_MODELO_FUENTE,[ESTIMACIÓN],SUB-RET-SANGRE,"UNIVERSO 09C = planta de FAENA; no se extiende a incubación, alimento, granjas ni rendering"
C3-10000,C3,10000,subproducto_plumas_t_anio,603.2,603.2,603.2,t/año,"11_agua_efluentes/escenarios_utilities.csv (modelo_utilities.py, vía 12C)",segregable_plumas_t_dia × 250,"perfil P2, 8 h, config. B; nivel bajo/medio/alto de 09C",CALCULO_MODELO_FUENTE,[ESTIMACIÓN],SUB-RET-PLUMAS,"UNIVERSO 09C = planta de FAENA; no se extiende a incubación, alimento, granjas ni rendering"
C3-10000,C3,10000,subproducto_visceras_t_anio,326.25,326.25,326.25,t/año,"11_agua_efluentes/escenarios_utilities.csv (modelo_utilities.py, vía 12C)",segregable_visceras_t_dia × 250,"perfil P2, 8 h, config. B; nivel bajo/medio/alto de 09C",CALCULO_MODELO_FUENTE,[ESTIMACIÓN],SUB-RET-VISCERAS,"UNIVERSO 09C = planta de FAENA; no se extiende a incubación, alimento, granjas ni rendering"
C3-10000,C3,10000,subproducto_cabezas_t_anio,181.25,181.25,181.25,t/año,"11_agua_efluentes/escenarios_utilities.csv (modelo_utilities.py, vía 12C)",segregable_cabeza_t_dia × 250,"perfil P2, 8 h, config. B; nivel bajo/medio/alto de 09C",CALCULO_MODELO_FUENTE,[ESTIMACIÓN],SUB-RET-CABEZAS,"UNIVERSO 09C = planta de FAENA; no se extiende a incubación, alimento, granjas ni rendering"
C3-10000,C3,10000,decomisos_t_anio,,100.36,,t/año,04_balance_masa/escenarios_balance.csv (modelo_balance_masa.py),Σ filas 'decomiso*' de balance() × aves/año,,CALCULO_MODELO_FUENTE,[ESTIMACIÓN] condenas medias,SUB-RET-DECOMISOS,
C3-10000,C3,10000,kg_producto_anio,,5.99121e+06,,kg producto/año,05_proceso_industrial/capacidad_proceso.csv (modelo_capacidad_proceso.py),kg_ave_config()['comestible_a_empaque'] × aves/año,,CALCULO_MODELO_FUENTE,[ESTIMACIÓN] balance v1.1,"EMP-* (base comercial; incluye garras y menudencias, 12B)",
C3-10000,C3,10000,refrigerado_t_anio,,3594.73,,t/año,13_logistica/escenarios_logistica.csv (modelo_logistica.py),refrigerado_t_semana × semanas operativas,"perfil P2; 6 despachos refrigerado y 2 congelado/sem; 12 t; 300 km (ESCENARIO, SUP-16-20)",CALCULO_MODELO_FUENTE,[ESTIMACIÓN],flujo refrigerado,
C3-10000,C3,10000,refrigerado_viajes_anio,,300,,viajes/año,13_logistica/escenarios_logistica.csv (modelo_logistica.py),refrigerado_viajes_semana × semanas,"perfil P2; 6 despachos refrigerado y 2 congelado/sem; 12 t; 300 km (ESCENARIO, SUP-16-20)",CALCULO_MODELO_FUENTE,[ESTIMACIÓN] capacidad de ESCENARIO,LOG-REF-*,
C3-10000,C3,10000,refrigerado_km_anio,,180000,,km/año,13_logistica/escenarios_logistica.csv (modelo_logistica.py),refrigerado_km_dia_despacho × despachos/semana × semanas,"perfil P2; 6 despachos refrigerado y 2 congelado/sem; 12 t; 300 km (ESCENARIO, SUP-16-20)",CALCULO_MODELO_FUENTE,[ESTIMACIÓN] troncal; reparto capilar PENDIENTE (DEC-053),LOG-REF-*,
C3-10000,C3,10000,stock_refrigerado_medio_t,,17.1177,,t,13_logistica/escenarios_logistica.csv (modelo_logistica.py),"inventario(t_dia_op, despachos=6): stock_ciclo_medio + seguridad (0)",,CALCULO_MODELO_FUENTE,[ESTIMACIÓN]; stock comercial adicional PENDIENTE,capital de trabajo,
C3-10000,C3,10000,congelado_t_anio,,2396.48,,t/año,13_logistica/escenarios_logistica.csv (modelo_logistica.py),congelado_t_semana × semanas operativas,"perfil P2; 6 despachos refrigerado y 2 congelado/sem; 12 t; 300 km (ESCENARIO, SUP-16-20)",CALCULO_MODELO_FUENTE,[ESTIMACIÓN],flujo congelado,
C3-10000,C3,10000,congelado_viajes_anio,,200,,viajes/año,13_logistica/escenarios_logistica.csv (modelo_logistica.py),congelado_viajes_semana × semanas,"perfil P2; 6 despachos refrigerado y 2 congelado/sem; 12 t; 300 km (ESCENARIO, SUP-16-20)",CALCULO_MODELO_FUENTE,[ESTIMACIÓN] capacidad de ESCENARIO,LOG-CON-*,
C3-10000,C3,10000,congelado_km_anio,,120000,,km/año,13_logistica/escenarios_logistica.csv (modelo_logistica.py),congelado_km_dia_despacho × despachos/semana × semanas,"perfil P2; 6 despachos refrigerado y 2 congelado/sem; 12 t; 300 km (ESCENARIO, SUP-16-20)",CALCULO_MODELO_FUENTE,[ESTIMACIÓN] troncal; reparto capilar PENDIENTE (DEC-053),LOG-CON-*,
C3-10000,C3,10000,stock_congelado_medio_t,,28.0731,,t,13_logistica/escenarios_logistica.csv (modelo_logistica.py),"inventario(t_dia_op, despachos=2): stock_ciclo_medio + seguridad (0)",,CALCULO_MODELO_FUENTE,[ESTIMACIÓN]; stock comercial adicional PENDIENTE,capital de trabajo,
C3-10000,C3,10000,vivo_viajes_anio,,500,,viajes/año,13_logistica/escenarios_logistica.csv (modelo_logistica.py),viajes_dia × días,radio 100 km; 5500 aves/camión (ESCENARIO),DIRECTO,[ESTIMACIÓN],LOG-VIV-*,
C3-10000,C3,10000,vivo_km_anio,,86666.7,,km/año,13_logistica/escenarios_logistica.csv (modelo_logistica.py),km_total_dia × días,radio 100 km; 5500 aves/camión (ESCENARIO),DIRECTO,[ESTIMACIÓN],LOG-VIV-*,
C3-10000,C3,10000,vivo_t_anio,,7271.82,,t/año,13_logistica/escenarios_logistica.csv (modelo_logistica.py),t_vivo_cargado_dia × días,radio 100 km; 5500 aves/camión (ESCENARIO),DIRECTO,[ESTIMACIÓN],LOG-VIV-TER-UNI,
C3-10000,C3,10000,alimento_viajes_anio,,450,,viajes/año,13_logistica/escenarios_logistica.csv (modelo_logistica.py),alimento_viajes_semana × (t_año ÷ t_semana_plena),granelero 28 t; 75 km fábrica–granja (ESCENARIO),DIRECTO,[ESTIMACIÓN],LOG-ALI-*,
C3-10000,C3,10000,alimento_km_anio,,67500,,km/año,13_logistica/escenarios_logistica.csv (modelo_logistica.py),alimento_km_semana × (t_año ÷ t_semana_plena),granelero 28 t; 75 km fábrica–granja (ESCENARIO),DIRECTO,[ESTIMACIÓN],LOG-ALI-*,
C3-10000,C3,10000,grano_t_anio,,11125.9,,t/año,20_opex/modelo_opex.py,mp maíz + harina de soja (t/año),,DERIVADO_OPEX,[ESTIMACIÓN],LOG-GRA-TER-UNI,
C3-10000,C3,10000,grano_viajes_anio,,,,viajes/año,14_alimento_balanceado/escenarios_upstream.csv (modelo_upstream.py),viajes_grano_semana (cap_grano = None),,PENDIENTE,"PENDIENTE (capacidad y distancia del acopio, DPV-157)",LOG-GRA-*,
C3-10000,C3,10000,pollitos_viajes_anio,,,,viajes/año,13_logistica/escenarios_logistica.csv (modelo_logistica.py),pollitos_viajes_semana (cap_pollitos = None),,PENDIENTE,"PENDIENTE (DPV-047, DPV-084)",LOG-POL-*,
C3-10000,C3,10000,subproductos_viajes_anio,,1000,,viajes/año,13_logistica/escenarios_logistica.csv (modelo_logistica.py),Σ viajes_semana_criterio_masa × semanas,,CALCULO_MODELO_FUENTE,"COTA INFERIOR (volumétrico PENDIENTE, DPV-135)",LOG-SUB-*,
C3-10000,C3,10000,subproductos_km_anio,,100000,,km/año,13_logistica/escenarios_logistica.csv (modelo_logistica.py),Σ km_semana_criterio_masa × semanas,,CALCULO_MODELO_FUENTE,COTA INFERIOR,LOG-SUB-*,
C3-10000,C3,10000,subproductos_t_anio,,1520.88,,t/año,13_logistica/escenarios_logistica.csv (modelo_logistica.py),Σ t_semana × semanas,,CALCULO_MODELO_FUENTE,[ESTIMACIÓN],LOG-SUB-TER-UNI,
C3-10000,C3,10000,vehiculos_POL,,,,vehículos,19_capex/boq_capex.csv (modelo_capex.py),flota[pollitos].unidades,,PENDIENTE,PENDIENTE,"LOG-POL-PAT, SEG-FLOTA-POL",
C3-10000,C3,10000,vehiculos_HUE,,,,vehículos,19_capex/boq_capex.csv (modelo_capex.py),—,,PENDIENTE,PENDIENTE,"LOG-HUE-PAT, SEG-FLOTA-HUE",
C3-10000,C3,10000,vehiculos_ALI,,2,,vehículos,19_capex/boq_capex.csv (modelo_capex.py),flota[alimento].unidades,,CONSUMIDO_CAPEX,[ESTIMACIÓN] con reserva SUP-16-02,"LOG-ALI-PAT, SEG-FLOTA-ALI",
C3-10000,C3,10000,vehiculos_GRA,,,,vehículos,19_capex/boq_capex.csv (modelo_capex.py),—,,PENDIENTE,PENDIENTE,"LOG-GRA-PAT, SEG-FLOTA-GRA",
C3-10000,C3,10000,vehiculos_VIV,,3,,vehículos,19_capex/boq_capex.csv (modelo_capex.py),flota[vivo].unidades,,CONSUMIDO_CAPEX,[ESTIMACIÓN] con reserva SUP-16-02,"LOG-VIV-PAT, SEG-FLOTA-VIV",
C3-10000,C3,10000,vehiculos_REF,,2,,vehículos,19_capex/boq_capex.csv (modelo_capex.py),flota[refrigerado].unidades,,CONSUMIDO_CAPEX,[ESTIMACIÓN] con reserva SUP-16-02,"LOG-REF-PAT, SEG-FLOTA-REF",
C3-10000,C3,10000,vehiculos_CON,,3,,vehículos,19_capex/boq_capex.csv (modelo_capex.py),flota[congelado].unidades,,CONSUMIDO_CAPEX,[ESTIMACIÓN] con reserva SUP-16-02,"LOG-CON-PAT, SEG-FLOTA-CON",
C3-10000,C3,10000,vehiculos_SUB,,3,,vehículos,19_capex/boq_capex.csv (modelo_capex.py),flota[subproductos].unidades,,CONSUMIDO_CAPEX,[ESTIMACIÓN] con reserva SUP-16-02,"LOG-SUB-PAT, SEG-FLOTA-SUB",
C3-10000,C3,10000,fte_industrial_14a,,106.754,,FTE,18_recursos_humanos/escenarios_rrhh.csv (modelo_rrhh.py),fte_total,turnos=extendido; autom=semiautomatico; limpieza=propia; mant=propio; lab=propio,CALCULO_MODELO_FUENTE,[SUPUESTO] productividad,"RRHH INDUSTRIAL + estructura + coordinación primaria (14A). NO es el FTE total de una empresa verticalmente integrada: granjas propias, incubación, planta de alimento, reproductoras y rendering no están dimensionados","headcount de nómina PENDIENTE (factor de cobertura no validado); incluye horas de terceros que luego pueden quedar INCLUIDAS en tarifas (faenador, choferes)"
C3-10000,C3,10000,fte_directos_14a,,47.3522,,FTE,18_recursos_humanos/escenarios_rrhh.csv (modelo_rrhh.py),fte_interno + fte_tercerizado (directo),,CALCULO_MODELO_FUENTE,[SUPUESTO],FAE-CUCH,
C3-10000,C3,10000,horas_brecha_jornada_anio,,21657.8,,h-persona/año,18_recursos_humanos/escenarios_rrhh.csv (modelo_rrhh.py),horas_persona_brecha_jornada_dia × días,,CALCULO_MODELO_FUENTE,[ESTIMACIÓN],INFORMATIVO: no son horas extra automáticas (DPV-146),
C3-10000,C3,10000,headcount_nomina,,,,personas,18_recursos_humanos/escenarios_rrhh.csv (modelo_rrhh.py),headcount_nomina,,PENDIENTE,PENDIENTE (factor de cobertura),NO se usa: costeo provisional por FTE,
C3-10000,C3,10000,fraccion_granjas_propias,,1,,fracción,19_capex/boq_capex.csv (modelo_capex.py),fraccion_granjas_propias,,CONSUMIDO_CAPEX,ESCENARIO (SUP-16-09),reparto propia / integrada,
C3-10000,C3,10000,kwh_granja,,,,—,20_opex/modelo_opex.py,—,,PENDIENTE,PENDIENTE: el módulo fuente no lo dimensiona,concepto PENDIENTE_CANTIDAD (no se inventa),
C3-10000,C3,10000,gas_granja,,,,—,20_opex/modelo_opex.py,—,,PENDIENTE,PENDIENTE: el módulo fuente no lo dimensiona,concepto PENDIENTE_CANTIDAD (no se inventa),
C3-10000,C3,10000,cama_t,,,,—,20_opex/modelo_opex.py,—,,PENDIENTE,PENDIENTE: el módulo fuente no lo dimensiona,concepto PENDIENTE_CANTIDAD (no se inventa),
C3-10000,C3,10000,personal_granja,,,,—,20_opex/modelo_opex.py,—,,PENDIENTE,PENDIENTE: el módulo fuente no lo dimensiona,concepto PENDIENTE_CANTIDAD (no se inventa),
C3-10000,C3,10000,personal_incubadora,,,,—,20_opex/modelo_opex.py,—,,PENDIENTE,PENDIENTE: el módulo fuente no lo dimensiona,concepto PENDIENTE_CANTIDAD (no se inventa),
C3-10000,C3,10000,personal_planta_alimento,,,,—,20_opex/modelo_opex.py,—,,PENDIENTE,PENDIENTE: el módulo fuente no lo dimensiona,concepto PENDIENTE_CANTIDAD (no se inventa),
C3-10000,C3,10000,personal_reproductoras,,,,—,20_opex/modelo_opex.py,—,,PENDIENTE,PENDIENTE: el módulo fuente no lo dimensiona,concepto PENDIENTE_CANTIDAD (no se inventa),
C3-10000,C3,10000,personal_rendering,,,,—,20_opex/modelo_opex.py,—,,PENDIENTE,PENDIENTE: el módulo fuente no lo dimensiona,concepto PENDIENTE_CANTIDAD (no se inventa),
C3-10000,C3,10000,kwh_incubadora,,,,—,20_opex/modelo_opex.py,—,,PENDIENTE,PENDIENTE: el módulo fuente no lo dimensiona,concepto PENDIENTE_CANTIDAD (no se inventa),
C3-10000,C3,10000,agua_incubadora,,,,—,20_opex/modelo_opex.py,—,,PENDIENTE,PENDIENTE: el módulo fuente no lo dimensiona,concepto PENDIENTE_CANTIDAD (no se inventa),
C3-10000,C3,10000,kwh_planta_alimento,,,,—,20_opex/modelo_opex.py,—,,PENDIENTE,PENDIENTE: el módulo fuente no lo dimensiona,concepto PENDIENTE_CANTIDAD (no se inventa),
C3-10000,C3,10000,vapor_planta_alimento,,,,—,20_opex/modelo_opex.py,—,,PENDIENTE,PENDIENTE: el módulo fuente no lo dimensiona,concepto PENDIENTE_CANTIDAD (no se inventa),
C3-10000,C3,10000,agua_planta_alimento,,,,—,20_opex/modelo_opex.py,—,,PENDIENTE,PENDIENTE: el módulo fuente no lo dimensiona,concepto PENDIENTE_CANTIDAD (no se inventa),
C3-10000,C3,10000,kwh_rendering,,,,—,20_opex/modelo_opex.py,—,,PENDIENTE,PENDIENTE: el módulo fuente no lo dimensiona,concepto PENDIENTE_CANTIDAD (no se inventa),
C3-10000,C3,10000,lodos_t,,,,—,20_opex/modelo_opex.py,—,,PENDIENTE,PENDIENTE: el módulo fuente no lo dimensiona,concepto PENDIENTE_CANTIDAD (no se inventa),
C3-10000,C3,10000,potencia_contratada_kw,,,,—,20_opex/modelo_opex.py,—,,PENDIENTE,PENDIENTE: el módulo fuente no lo dimensiona,concepto PENDIENTE_CANTIDAD (no se inventa),
C3-20000,C3,20000,dias_operativos_anio,,250,,d/año,19_capex/modelo_capex.py,dias_anio(),,CONSUMIDO_CAPEX,[SUPUESTO] SUP-025,anualización de drivers por día operativo,
C3-20000,C3,20000,semanas_operativas_anio,,50,,semanas/año,20_opex/modelo_opex.py,días operativos ÷ días/semana,,DERIVADO_OPEX,[ESTIMACIÓN],"anualización de drivers semanales de 12B (producto, subproductos)",
C3-20000,C3,20000,aves_faenadas_anio,,5000000,,aves/año,"03_produccion_primaria/escenarios_produccion.csv (modelo_escenarios_produccion.py, vía 14B)",aves_faenadas_anio,"perfil medio, desempeño medio",DIRECTO,[ESTIMACIÓN],"FAE-FACON, FAE-QUIM, empaque",
C3-20000,C3,20000,aves_cargadas_anio,,5.01505e+06,,aves/año,"03_produccion_primaria/escenarios_produccion.csv (modelo_escenarios_produccion.py, vía 14B)",aves_cargadas_anio,"perfil medio, desempeño medio",DIRECTO,[ESTIMACIÓN],"captura, pago por ave",
C3-20000,C3,20000,pollitos_alojados_anio,,5.27899e+06,,pollitos/año,"03_produccion_primaria/escenarios_produccion.csv (modelo_escenarios_produccion.py, vía 14B)",pollitos_alojados_anio,"perfil medio, desempeño medio",DIRECTO,[ESTIMACIÓN],sanidad de crianza,
C3-20000,C3,20000,kg_vivo_cargado_anio,,1.45436e+07,,kg vivo/año,"03_produccion_primaria/escenarios_produccion.csv (modelo_escenarios_produccion.py, vía 14B)",kg_vivo_cargado_anio,"perfil medio, desempeño medio",DIRECTO,[ESTIMACIÓN],pago por kg vivo,
C3-20000,C3,20000,mortalidad_granja_aves_anio,,263950,,aves/año,"03_produccion_primaria/escenarios_produccion.csv (modelo_escenarios_produccion.py, vía 14B)",mortalidad_granja_aves_anio,"perfil medio, desempeño medio",DIRECTO,[ESTIMACIÓN],retiro de mortalidad,
C3-20000,C3,20000,agua_bebida_m3_anio,,44503.5,,m³/año,"03_produccion_primaria/escenarios_produccion.csv (modelo_escenarios_produccion.py, vía 14B)",agua_bebida_m3_anio,"perfil medio, desempeño medio",DIRECTO,[ESTIMACIÓN],agua de granja propia,
C3-20000,C3,20000,ciclos_anio,,5.71048,,ciclos/año,"03_produccion_primaria/escenarios_produccion.csv (modelo_escenarios_produccion.py, vía 14B)",ciclos_anio,"perfil medio, desempeño medio",DIRECTO,[ESTIMACIÓN],limpieza de galpones,
C3-20000,C3,20000,m2_galpon,,75885.1,,m²,"03_produccion_primaria/escenarios_produccion.csv (modelo_escenarios_produccion.py, vía 14B)",m2_galpon,"perfil medio, desempeño medio",DIRECTO,[ESTIMACIÓN],limpieza y bioseguridad de galpones,
C3-20000,C3,20000,inventario_aves_promedio_anual,,662767,,aves,"03_produccion_primaria/escenarios_produccion.csv (modelo_escenarios_produccion.py, vía 14B)",inventario_aves_promedio_anual,"perfil medio, desempeño medio",DIRECTO,[ESTIMACIÓN],activo biológico (capital de trabajo),
C3-20000,C3,20000,pollitos_a_recibir_anio,,5.27899e+06,,pollitos/año,14_alimento_balanceado/escenarios_upstream.csv (modelo_upstream.py),pollitos_a_recibir_anio,margen_pedido = 0 (SUP-142),DIRECTO,[ESTIMACIÓN],POL-COMPRA / base de incubación,
C3-20000,C3,20000,pollitos_a_recibir_semana_plena,,105580,,pollitos/semana,14_alimento_balanceado/escenarios_upstream.csv (modelo_upstream.py),pollitos_a_recibir_semana_plena,,DIRECTO,[ESTIMACIÓN],incubación (14B),
C3-20000,C3,20000,alimento_t_anio,,24724.2,,t/año,14_alimento_balanceado/escenarios_upstream.csv (modelo_upstream.py),alimento_t_anio,,DIRECTO,[ESTIMACIÓN] (03: peso × FCR),alimento comprado / elaborado / materias primas,
C3-20000,C3,20000,alimento_t_semana_plena,,494.483,,t/semana,14_alimento_balanceado/escenarios_upstream.csv (modelo_upstream.py),alimento_t_semana_plena,,DIRECTO,[ESTIMACIÓN],anualización de viajes de alimento,
C3-20000,C3,20000,mp_maiz_t_anio,,14834.5,,t/año,14_alimento_balanceado/escenarios_upstream.csv (modelo_upstream.py),alimento_t_anio × maiz (0.6),,DIRECTO,[SUPUESTO] composición ilustrativa 14B,ALI-MP-*,NO es una fórmula de dieta; mermas aparte (ALI-MERMA)
C3-20000,C3,20000,mp_harina_soja_t_anio,,7417.25,,t/año,14_alimento_balanceado/escenarios_upstream.csv (modelo_upstream.py),alimento_t_anio × harina_soja (0.3),,DIRECTO,[SUPUESTO] composición ilustrativa 14B,ALI-MP-*,NO es una fórmula de dieta; mermas aparte (ALI-MERMA)
C3-20000,C3,20000,mp_resto_t_anio,,2472.42,,t/año,14_alimento_balanceado/escenarios_upstream.csv (modelo_upstream.py),alimento_t_anio × resto (0.1),,DIRECTO,[SUPUESTO] composición ilustrativa 14B,ALI-MP-*,NO es una fórmula de dieta; mermas aparte (ALI-MERMA)
C3-20000,C3,20000,huevos_por_pollito_vendible,,1.23844,,huevos/pollito,14_alimento_balanceado/escenarios_upstream.csv (modelo_upstream.py),huevos_por_pollito_vendible,cadencia=2; margen=0.15; nivel medio,DIRECTO,[SUPUESTO] fertilidad/incubabilidad (SUP-143),,
C3-20000,C3,20000,huevos_recibidos_anio,,6.53774e+06,,huevos/año,20_opex/modelo_opex.py,huevos_por_pollito_vendible × pollitos_a_recibir_anio,,DERIVADO_OPEX,[ESTIMACIÓN],INC-OP-HUEVO,"14B publica 6817926 = ritmo pleno × 52,14 semanas (cota superior)"
C3-20000,C3,20000,cargas_incubacion_anio,,100,,cargas/año,20_opex/modelo_opex.py,cargas_semana (14B) × semanas equivalentes,,DERIVADO_OPEX,[SUPUESTO] cadencia de ESCENARIO,INC-OP-LIM,
C3-20000,C3,20000,descartes_incubacion_anio,,1.25874e+06,,unidades/año,20_opex/modelo_opex.py,(huevos recibidos − pollitos vendibles) × semanas equivalentes,,DERIVADO_OPEX,[ESTIMACIÓN],INC-OP-DES,
C3-20000,C3,20000,stock_huevos_almacen,,93396.2,,huevos,20_opex/modelo_opex.py,huevos_recibidos_semana × 5 d / 7,,DERIVADO_OPEX,[SUPUESTO] días de almacén (SUP-145),capital de trabajo (sin margen de capacidad),
C3-20000,C3,20000,huevos_en_proceso_wip,,388064,,huevos,14_alimento_balanceado/escenarios_upstream.csv (modelo_upstream.py),huevos_en_proceso_wip,,DIRECTO,[ESTIMACIÓN],capital de trabajo,
C3-20000,C3,20000,kwh_anio,2.9461e+06,5.01781e+06,8.92249e+06,kWh/año,"11_agua_efluentes/escenarios_utilities.csv (modelo_utilities.py, vía 12C)",kwh_total_anio,"perfil P2, 8 h, config. B; nivel bajo/medio/alto de 09C",CALCULO_MODELO_FUENTE,[ESTIMACIÓN],"UT-ELE-KWH (incluye frío, aire, bombeo, efluentes aerobios)","UNIVERSO 09C = planta de FAENA; no se extiende a incubación, alimento, granjas ni rendering"
C3-20000,C3,20000,kwh_frio_proceso_anio,761250,1.26875e+06,2.28375e+06,kWh/año,"11_agua_efluentes/escenarios_utilities.csv (modelo_utilities.py, vía 12C)",kwh_proceso_frio_de_proceso_agua_helada_hielo_dia × 250,"perfil P2, 8 h, config. B; nivel bajo/medio/alto de 09C",CALCULO_MODELO_FUENTE,[SUPUESTO] reparto ilustrativo,INFORMATIVO: ya incluido en kwh_anio (no se duplica),"UNIVERSO 09C = planta de FAENA; no se extiende a incubación, alimento, granjas ni rendering"
C3-20000,C3,20000,kwh_congelacion_anio,575156,910664,1.24617e+06,kWh/año,"11_agua_efluentes/escenarios_utilities.csv (modelo_utilities.py, vía 12C)",kwh_congelacion_dia × 250,"perfil P2, 8 h, config. B; nivel bajo/medio/alto de 09C",CALCULO_MODELO_FUENTE,[ESTIMACIÓN],INFORMATIVO: ya incluido en kwh_anio,"UNIVERSO 09C = planta de FAENA; no se extiende a incubación, alimento, granjas ni rendering"
C3-20000,C3,20000,kwh_almacen_frio_anio,162697,325395,552821,kWh/año,"11_agua_efluentes/escenarios_utilities.csv (modelo_utilities.py, vía 12C)",kwh_almacenamiento_frio_dia_calendario × 365,"perfil P2, 8 h, config. B; nivel bajo/medio/alto de 09C",CALCULO_MODELO_FUENTE,[ESTIMACIÓN],INFORMATIVO: ya incluido en kwh_anio,"UNIVERSO 09C = planta de FAENA; no se extiende a incubación, alimento, granjas ni rendering"
C3-20000,C3,20000,kwh_efluentes_anio,33250,156750,598500,kWh/año,"11_agua_efluentes/escenarios_utilities.csv (modelo_utilities.py, vía 12C)",kwh_tratamiento_aerobio_dia × 250,"perfil P2, 8 h, config. B; nivel bajo/medio/alto de 09C",CALCULO_MODELO_FUENTE,[ESTIMACIÓN],INFORMATIVO: ya incluido en kwh_anio,"UNIVERSO 09C = planta de FAENA; no se extiende a incubación, alimento, granjas ni rendering"
C3-20000,C3,20000,kwh_bombeo_anio,217500,362500,652500,kWh/año,"11_agua_efluentes/escenarios_utilities.csv (modelo_utilities.py, vía 12C)",kwh_proceso_bombas_agua_y_efluentes_dia × 250,"perfil P2, 8 h, config. B; nivel bajo/medio/alto de 09C",CALCULO_MODELO_FUENTE,[ESTIMACIÓN],INFORMATIVO: ya incluido en kwh_anio,"UNIVERSO 09C = planta de FAENA; no se extiende a incubación, alimento, granjas ni rendering"
C3-20000,C3,20000,agua_m3_anio,75000,125000,190000,m³/año,"11_agua_efluentes/escenarios_utilities.csv (modelo_utilities.py, vía 12C)",agua_captada_m3_dia × 250,"perfil P2, 8 h, config. B; nivel bajo/medio/alto de 09C",CALCULO_MODELO_FUENTE,[ESTIMACIÓN],UT-AGUA-*,"UNIVERSO 09C = planta de FAENA; no se extiende a incubación, alimento, granjas ni rendering"
C3-20000,C3,20000,agua_limpieza_m3_anio,15000,25000,37500,m³/año,"11_agua_efluentes/escenarios_utilities.csv (modelo_utilities.py, vía 12C)",agua_limpieza_m3_dia × 250,"perfil P2, 8 h, config. B; nivel bajo/medio/alto de 09C",CALCULO_MODELO_FUENTE,[ESTIMACIÓN],INFORMATIVO: ya incluida en agua_m3_anio,"UNIVERSO 09C = planta de FAENA; no se extiende a incubación, alimento, granjas ni rendering"
C3-20000,C3,20000,efluente_m3_anio,60000,110000,180500,m³/año,"11_agua_efluentes/escenarios_utilities.csv (modelo_utilities.py, vía 12C)",agua_descargada_m3_dia × 250,"perfil P2, 8 h, config. B; nivel bajo/medio/alto de 09C",CALCULO_MODELO_FUENTE,[ESTIMACIÓN],"EF-QUIM, EF-CANON","UNIVERSO 09C = planta de FAENA; no se extiende a incubación, alimento, granjas ni rendering"
C3-20000,C3,20000,energia_termica_kwh_t_anio,752659,1.85269e+06,4.93465e+06,kWh_t/año,"11_agua_efluentes/escenarios_utilities.csv (modelo_utilities.py, vía 12C)",energia_combustible_kwh_termicos_dia × 250,"perfil P2, 8 h, config. B; nivel bajo/medio/alto de 09C",CALCULO_MODELO_FUENTE,[ESTIMACIÓN],UT-TER-* (combustible),"UNIVERSO 09C = planta de FAENA; no se extiende a incubación, alimento, granjas ni rendering"
C3-20000,C3,20000,combustible_gas_natural_anio,69654.8,171457,456677,m³/año,"11_agua_efluentes/escenarios_utilities.csv (modelo_utilities.py, vía 12C)",equivalente_gas_natural_m3_dia × 250,"perfil P2, 8 h, config. B; nivel bajo/medio/alto de 09C",CALCULO_MODELO_FUENTE,[SUPUESTO] PCI,UT-TER (gas_natural) si se elige,"UNIVERSO 09C = planta de FAENA; no se extiende a incubación, alimento, granjas ni rendering"
C3-20000,C3,20000,combustible_glp_anio,58903.8,144993,386190,kg/año,"11_agua_efluentes/escenarios_utilities.csv (modelo_utilities.py, vía 12C)",equivalente_glp_kg_dia × 250,"perfil P2, 8 h, config. B; nivel bajo/medio/alto de 09C",CALCULO_MODELO_FUENTE,[SUPUESTO] PCI,UT-TER (glp) si se elige,"UNIVERSO 09C = planta de FAENA; no se extiende a incubación, alimento, granjas ni rendering"
C3-20000,C3,20000,combustible_biomasa_anio,193541,476407,1.26891e+06,kg/año,"11_agua_efluentes/escenarios_utilities.csv (modelo_utilities.py, vía 12C)",equivalente_biomasa_chip_kg_dia × 250,"perfil P2, 8 h, config. B; nivel bajo/medio/alto de 09C",CALCULO_MODELO_FUENTE,[SUPUESTO] PCI,UT-TER (biomasa) si se elige,"UNIVERSO 09C = planta de FAENA; no se extiende a incubación, alimento, granjas ni rendering"
C3-20000,C3,20000,subproducto_sangre_t_anio,419.05,419.05,419.05,t/año,"11_agua_efluentes/escenarios_utilities.csv (modelo_utilities.py, vía 12C)",segregable_sangre_recuperada_t_dia × 250,"perfil P2, 8 h, config. B; nivel bajo/medio/alto de 09C",CALCULO_MODELO_FUENTE,[ESTIMACIÓN],SUB-RET-SANGRE,"UNIVERSO 09C = planta de FAENA; no se extiende a incubación, alimento, granjas ni rendering"
C3-20000,C3,20000,subproducto_plumas_t_anio,1206.4,1206.4,1206.4,t/año,"11_agua_efluentes/escenarios_utilities.csv (modelo_utilities.py, vía 12C)",segregable_plumas_t_dia × 250,"perfil P2, 8 h, config. B; nivel bajo/medio/alto de 09C",CALCULO_MODELO_FUENTE,[ESTIMACIÓN],SUB-RET-PLUMAS,"UNIVERSO 09C = planta de FAENA; no se extiende a incubación, alimento, granjas ni rendering"
C3-20000,C3,20000,subproducto_visceras_t_anio,652.5,652.5,652.5,t/año,"11_agua_efluentes/escenarios_utilities.csv (modelo_utilities.py, vía 12C)",segregable_visceras_t_dia × 250,"perfil P2, 8 h, config. B; nivel bajo/medio/alto de 09C",CALCULO_MODELO_FUENTE,[ESTIMACIÓN],SUB-RET-VISCERAS,"UNIVERSO 09C = planta de FAENA; no se extiende a incubación, alimento, granjas ni rendering"
C3-20000,C3,20000,subproducto_cabezas_t_anio,362.5,362.5,362.5,t/año,"11_agua_efluentes/escenarios_utilities.csv (modelo_utilities.py, vía 12C)",segregable_cabeza_t_dia × 250,"perfil P2, 8 h, config. B; nivel bajo/medio/alto de 09C",CALCULO_MODELO_FUENTE,[ESTIMACIÓN],SUB-RET-CABEZAS,"UNIVERSO 09C = planta de FAENA; no se extiende a incubación, alimento, granjas ni rendering"
C3-20000,C3,20000,decomisos_t_anio,,200.721,,t/año,04_balance_masa/escenarios_balance.csv (modelo_balance_masa.py),Σ filas 'decomiso*' de balance() × aves/año,,CALCULO_MODELO_FUENTE,[ESTIMACIÓN] condenas medias,SUB-RET-DECOMISOS,
C3-20000,C3,20000,kg_producto_anio,,1.19824e+07,,kg producto/año,05_proceso_industrial/capacidad_proceso.csv (modelo_capacidad_proceso.py),kg_ave_config()['comestible_a_empaque'] × aves/año,,CALCULO_MODELO_FUENTE,[ESTIMACIÓN] balance v1.1,"EMP-* (base comercial; incluye garras y menudencias, 12B)",
C3-20000,C3,20000,refrigerado_t_anio,,7189.45,,t/año,13_logistica/escenarios_logistica.csv (modelo_logistica.py),refrigerado_t_semana × semanas operativas,"perfil P2; 6 despachos refrigerado y 2 congelado/sem; 12 t; 300 km (ESCENARIO, SUP-16-20)",CALCULO_MODELO_FUENTE,[ESTIMACIÓN],flujo refrigerado,
C3-20000,C3,20000,refrigerado_viajes_anio,,600,,viajes/año,13_logistica/escenarios_logistica.csv (modelo_logistica.py),refrigerado_viajes_semana × semanas,"perfil P2; 6 despachos refrigerado y 2 congelado/sem; 12 t; 300 km (ESCENARIO, SUP-16-20)",CALCULO_MODELO_FUENTE,[ESTIMACIÓN] capacidad de ESCENARIO,LOG-REF-*,
C3-20000,C3,20000,refrigerado_km_anio,,360000,,km/año,13_logistica/escenarios_logistica.csv (modelo_logistica.py),refrigerado_km_dia_despacho × despachos/semana × semanas,"perfil P2; 6 despachos refrigerado y 2 congelado/sem; 12 t; 300 km (ESCENARIO, SUP-16-20)",CALCULO_MODELO_FUENTE,[ESTIMACIÓN] troncal; reparto capilar PENDIENTE (DEC-053),LOG-REF-*,
C3-20000,C3,20000,stock_refrigerado_medio_t,,34.2355,,t,13_logistica/escenarios_logistica.csv (modelo_logistica.py),"inventario(t_dia_op, despachos=6): stock_ciclo_medio + seguridad (0)",,CALCULO_MODELO_FUENTE,[ESTIMACIÓN]; stock comercial adicional PENDIENTE,capital de trabajo,
C3-20000,C3,20000,congelado_t_anio,,4792.97,,t/año,13_logistica/escenarios_logistica.csv (modelo_logistica.py),congelado_t_semana × semanas operativas,"perfil P2; 6 despachos refrigerado y 2 congelado/sem; 12 t; 300 km (ESCENARIO, SUP-16-20)",CALCULO_MODELO_FUENTE,[ESTIMACIÓN],flujo congelado,
C3-20000,C3,20000,congelado_viajes_anio,,400,,viajes/año,13_logistica/escenarios_logistica.csv (modelo_logistica.py),congelado_viajes_semana × semanas,"perfil P2; 6 despachos refrigerado y 2 congelado/sem; 12 t; 300 km (ESCENARIO, SUP-16-20)",CALCULO_MODELO_FUENTE,[ESTIMACIÓN] capacidad de ESCENARIO,LOG-CON-*,
C3-20000,C3,20000,congelado_km_anio,,240000,,km/año,13_logistica/escenarios_logistica.csv (modelo_logistica.py),congelado_km_dia_despacho × despachos/semana × semanas,"perfil P2; 6 despachos refrigerado y 2 congelado/sem; 12 t; 300 km (ESCENARIO, SUP-16-20)",CALCULO_MODELO_FUENTE,[ESTIMACIÓN] troncal; reparto capilar PENDIENTE (DEC-053),LOG-CON-*,
C3-20000,C3,20000,stock_congelado_medio_t,,56.1462,,t,13_logistica/escenarios_logistica.csv (modelo_logistica.py),"inventario(t_dia_op, despachos=2): stock_ciclo_medio + seguridad (0)",,CALCULO_MODELO_FUENTE,[ESTIMACIÓN]; stock comercial adicional PENDIENTE,capital de trabajo,
C3-20000,C3,20000,vivo_viajes_anio,,1000,,viajes/año,13_logistica/escenarios_logistica.csv (modelo_logistica.py),viajes_dia × días,radio 100 km; 5500 aves/camión (ESCENARIO),DIRECTO,[ESTIMACIÓN],LOG-VIV-*,
C3-20000,C3,20000,vivo_km_anio,,173333,,km/año,13_logistica/escenarios_logistica.csv (modelo_logistica.py),km_total_dia × días,radio 100 km; 5500 aves/camión (ESCENARIO),DIRECTO,[ESTIMACIÓN],LOG-VIV-*,
C3-20000,C3,20000,vivo_t_anio,,14543.6,,t/año,13_logistica/escenarios_logistica.csv (modelo_logistica.py),t_vivo_cargado_dia × días,radio 100 km; 5500 aves/camión (ESCENARIO),DIRECTO,[ESTIMACIÓN],LOG-VIV-TER-UNI,
C3-20000,C3,20000,alimento_viajes_anio,,900,,viajes/año,13_logistica/escenarios_logistica.csv (modelo_logistica.py),alimento_viajes_semana × (t_año ÷ t_semana_plena),granelero 28 t; 75 km fábrica–granja (ESCENARIO),DIRECTO,[ESTIMACIÓN],LOG-ALI-*,
C3-20000,C3,20000,alimento_km_anio,,135000,,km/año,13_logistica/escenarios_logistica.csv (modelo_logistica.py),alimento_km_semana × (t_año ÷ t_semana_plena),granelero 28 t; 75 km fábrica–granja (ESCENARIO),DIRECTO,[ESTIMACIÓN],LOG-ALI-*,
C3-20000,C3,20000,grano_t_anio,,22251.8,,t/año,20_opex/modelo_opex.py,mp maíz + harina de soja (t/año),,DERIVADO_OPEX,[ESTIMACIÓN],LOG-GRA-TER-UNI,
C3-20000,C3,20000,grano_viajes_anio,,,,viajes/año,14_alimento_balanceado/escenarios_upstream.csv (modelo_upstream.py),viajes_grano_semana (cap_grano = None),,PENDIENTE,"PENDIENTE (capacidad y distancia del acopio, DPV-157)",LOG-GRA-*,
C3-20000,C3,20000,pollitos_viajes_anio,,,,viajes/año,13_logistica/escenarios_logistica.csv (modelo_logistica.py),pollitos_viajes_semana (cap_pollitos = None),,PENDIENTE,"PENDIENTE (DPV-047, DPV-084)",LOG-POL-*,
C3-20000,C3,20000,subproductos_viajes_anio,,1000,,viajes/año,13_logistica/escenarios_logistica.csv (modelo_logistica.py),Σ viajes_semana_criterio_masa × semanas,,CALCULO_MODELO_FUENTE,"COTA INFERIOR (volumétrico PENDIENTE, DPV-135)",LOG-SUB-*,
C3-20000,C3,20000,subproductos_km_anio,,100000,,km/año,13_logistica/escenarios_logistica.csv (modelo_logistica.py),Σ km_semana_criterio_masa × semanas,,CALCULO_MODELO_FUENTE,COTA INFERIOR,LOG-SUB-*,
C3-20000,C3,20000,subproductos_t_anio,,3041.76,,t/año,13_logistica/escenarios_logistica.csv (modelo_logistica.py),Σ t_semana × semanas,,CALCULO_MODELO_FUENTE,[ESTIMACIÓN],LOG-SUB-TER-UNI,
C3-20000,C3,20000,vehiculos_POL,,,,vehículos,19_capex/boq_capex.csv (modelo_capex.py),flota[pollitos].unidades,,PENDIENTE,PENDIENTE,"LOG-POL-PAT, SEG-FLOTA-POL",
C3-20000,C3,20000,vehiculos_HUE,,,,vehículos,19_capex/boq_capex.csv (modelo_capex.py),—,,PENDIENTE,PENDIENTE,"LOG-HUE-PAT, SEG-FLOTA-HUE",
C3-20000,C3,20000,vehiculos_ALI,,3,,vehículos,19_capex/boq_capex.csv (modelo_capex.py),flota[alimento].unidades,,CONSUMIDO_CAPEX,[ESTIMACIÓN] con reserva SUP-16-02,"LOG-ALI-PAT, SEG-FLOTA-ALI",
C3-20000,C3,20000,vehiculos_GRA,,,,vehículos,19_capex/boq_capex.csv (modelo_capex.py),—,,PENDIENTE,PENDIENTE,"LOG-GRA-PAT, SEG-FLOTA-GRA",
C3-20000,C3,20000,vehiculos_VIV,,4,,vehículos,19_capex/boq_capex.csv (modelo_capex.py),flota[vivo].unidades,,CONSUMIDO_CAPEX,[ESTIMACIÓN] con reserva SUP-16-02,"LOG-VIV-PAT, SEG-FLOTA-VIV",
C3-20000,C3,20000,vehiculos_REF,,3,,vehículos,19_capex/boq_capex.csv (modelo_capex.py),flota[refrigerado].unidades,,CONSUMIDO_CAPEX,[ESTIMACIÓN] con reserva SUP-16-02,"LOG-REF-PAT, SEG-FLOTA-REF",
C3-20000,C3,20000,vehiculos_CON,,5,,vehículos,19_capex/boq_capex.csv (modelo_capex.py),flota[congelado].unidades,,CONSUMIDO_CAPEX,[ESTIMACIÓN] con reserva SUP-16-02,"LOG-CON-PAT, SEG-FLOTA-CON",
C3-20000,C3,20000,vehiculos_SUB,,3,,vehículos,19_capex/boq_capex.csv (modelo_capex.py),flota[subproductos].unidades,,CONSUMIDO_CAPEX,[ESTIMACIÓN] con reserva SUP-16-02,"LOG-SUB-PAT, SEG-FLOTA-SUB",
C3-20000,C3,20000,fte_industrial_14a,,167.993,,FTE,18_recursos_humanos/escenarios_rrhh.csv (modelo_rrhh.py),fte_total,turnos=extendido; autom=semiautomatico; limpieza=propia; mant=propio; lab=propio,CALCULO_MODELO_FUENTE,[SUPUESTO] productividad,"RRHH INDUSTRIAL + estructura + coordinación primaria (14A). NO es el FTE total de una empresa verticalmente integrada: granjas propias, incubación, planta de alimento, reproductoras y rendering no están dimensionados","headcount de nómina PENDIENTE (factor de cobertura no validado); incluye horas de terceros que luego pueden quedar INCLUIDAS en tarifas (faenador, choferes)"
C3-20000,C3,20000,fte_directos_14a,,80.9972,,FTE,18_recursos_humanos/escenarios_rrhh.csv (modelo_rrhh.py),fte_interno + fte_tercerizado (directo),,CALCULO_MODELO_FUENTE,[SUPUESTO],FAE-CUCH,
C3-20000,C3,20000,horas_brecha_jornada_anio,,36424.4,,h-persona/año,18_recursos_humanos/escenarios_rrhh.csv (modelo_rrhh.py),horas_persona_brecha_jornada_dia × días,,CALCULO_MODELO_FUENTE,[ESTIMACIÓN],INFORMATIVO: no son horas extra automáticas (DPV-146),
C3-20000,C3,20000,headcount_nomina,,,,personas,18_recursos_humanos/escenarios_rrhh.csv (modelo_rrhh.py),headcount_nomina,,PENDIENTE,PENDIENTE (factor de cobertura),NO se usa: costeo provisional por FTE,
C3-20000,C3,20000,fraccion_granjas_propias,,1,,fracción,19_capex/boq_capex.csv (modelo_capex.py),fraccion_granjas_propias,,CONSUMIDO_CAPEX,ESCENARIO (SUP-16-09),reparto propia / integrada,
C3-20000,C3,20000,kwh_granja,,,,—,20_opex/modelo_opex.py,—,,PENDIENTE,PENDIENTE: el módulo fuente no lo dimensiona,concepto PENDIENTE_CANTIDAD (no se inventa),
C3-20000,C3,20000,gas_granja,,,,—,20_opex/modelo_opex.py,—,,PENDIENTE,PENDIENTE: el módulo fuente no lo dimensiona,concepto PENDIENTE_CANTIDAD (no se inventa),
C3-20000,C3,20000,cama_t,,,,—,20_opex/modelo_opex.py,—,,PENDIENTE,PENDIENTE: el módulo fuente no lo dimensiona,concepto PENDIENTE_CANTIDAD (no se inventa),
C3-20000,C3,20000,personal_granja,,,,—,20_opex/modelo_opex.py,—,,PENDIENTE,PENDIENTE: el módulo fuente no lo dimensiona,concepto PENDIENTE_CANTIDAD (no se inventa),
C3-20000,C3,20000,personal_incubadora,,,,—,20_opex/modelo_opex.py,—,,PENDIENTE,PENDIENTE: el módulo fuente no lo dimensiona,concepto PENDIENTE_CANTIDAD (no se inventa),
C3-20000,C3,20000,personal_planta_alimento,,,,—,20_opex/modelo_opex.py,—,,PENDIENTE,PENDIENTE: el módulo fuente no lo dimensiona,concepto PENDIENTE_CANTIDAD (no se inventa),
C3-20000,C3,20000,personal_reproductoras,,,,—,20_opex/modelo_opex.py,—,,PENDIENTE,PENDIENTE: el módulo fuente no lo dimensiona,concepto PENDIENTE_CANTIDAD (no se inventa),
C3-20000,C3,20000,personal_rendering,,,,—,20_opex/modelo_opex.py,—,,PENDIENTE,PENDIENTE: el módulo fuente no lo dimensiona,concepto PENDIENTE_CANTIDAD (no se inventa),
C3-20000,C3,20000,kwh_incubadora,,,,—,20_opex/modelo_opex.py,—,,PENDIENTE,PENDIENTE: el módulo fuente no lo dimensiona,concepto PENDIENTE_CANTIDAD (no se inventa),
C3-20000,C3,20000,agua_incubadora,,,,—,20_opex/modelo_opex.py,—,,PENDIENTE,PENDIENTE: el módulo fuente no lo dimensiona,concepto PENDIENTE_CANTIDAD (no se inventa),
C3-20000,C3,20000,kwh_planta_alimento,,,,—,20_opex/modelo_opex.py,—,,PENDIENTE,PENDIENTE: el módulo fuente no lo dimensiona,concepto PENDIENTE_CANTIDAD (no se inventa),
C3-20000,C3,20000,vapor_planta_alimento,,,,—,20_opex/modelo_opex.py,—,,PENDIENTE,PENDIENTE: el módulo fuente no lo dimensiona,concepto PENDIENTE_CANTIDAD (no se inventa),
C3-20000,C3,20000,agua_planta_alimento,,,,—,20_opex/modelo_opex.py,—,,PENDIENTE,PENDIENTE: el módulo fuente no lo dimensiona,concepto PENDIENTE_CANTIDAD (no se inventa),
C3-20000,C3,20000,kwh_rendering,,,,—,20_opex/modelo_opex.py,—,,PENDIENTE,PENDIENTE: el módulo fuente no lo dimensiona,concepto PENDIENTE_CANTIDAD (no se inventa),
C3-20000,C3,20000,lodos_t,,,,—,20_opex/modelo_opex.py,—,,PENDIENTE,PENDIENTE: el módulo fuente no lo dimensiona,concepto PENDIENTE_CANTIDAD (no se inventa),
C3-20000,C3,20000,potencia_contratada_kw,,,,—,20_opex/modelo_opex.py,—,,PENDIENTE,PENDIENTE: el módulo fuente no lo dimensiona,concepto PENDIENTE_CANTIDAD (no se inventa),
CF-2500,CF,2500,dias_operativos_anio,,250,,d/año,19_capex/modelo_capex.py,dias_anio(),,CONSUMIDO_CAPEX,[SUPUESTO] SUP-025,anualización de drivers por día operativo,
CF-2500,CF,2500,semanas_operativas_anio,,50,,semanas/año,20_opex/modelo_opex.py,días operativos ÷ días/semana,,DERIVADO_OPEX,[ESTIMACIÓN],"anualización de drivers semanales de 12B (producto, subproductos)",
CF-2500,CF,2500,aves_faenadas_anio,,625000,,aves/año,"03_produccion_primaria/escenarios_produccion.csv (modelo_escenarios_produccion.py, vía 14B)",aves_faenadas_anio,"perfil medio, desempeño medio",DIRECTO,[ESTIMACIÓN],"FAE-FACON, FAE-QUIM, empaque",
CF-2500,CF,2500,aves_cargadas_anio,,626881,,aves/año,"03_produccion_primaria/escenarios_produccion.csv (modelo_escenarios_produccion.py, vía 14B)",aves_cargadas_anio,"perfil medio, desempeño medio",DIRECTO,[ESTIMACIÓN],"captura, pago por ave",
CF-2500,CF,2500,pollitos_alojados_anio,,659874,,pollitos/año,"03_produccion_primaria/escenarios_produccion.csv (modelo_escenarios_produccion.py, vía 14B)",pollitos_alojados_anio,"perfil medio, desempeño medio",DIRECTO,[ESTIMACIÓN],sanidad de crianza,
CF-2500,CF,2500,kg_vivo_cargado_anio,,1.81795e+06,,kg vivo/año,"03_produccion_primaria/escenarios_produccion.csv (modelo_escenarios_produccion.py, vía 14B)",kg_vivo_cargado_anio,"perfil medio, desempeño medio",DIRECTO,[ESTIMACIÓN],pago por kg vivo,
CF-2500,CF,2500,mortalidad_granja_aves_anio,,32993.7,,aves/año,"03_produccion_primaria/escenarios_produccion.csv (modelo_escenarios_produccion.py, vía 14B)",mortalidad_granja_aves_anio,"perfil medio, desempeño medio",DIRECTO,[ESTIMACIÓN],retiro de mortalidad,
CF-2500,CF,2500,agua_bebida_m3_anio,,5562.94,,m³/año,"03_produccion_primaria/escenarios_produccion.csv (modelo_escenarios_produccion.py, vía 14B)",agua_bebida_m3_anio,"perfil medio, desempeño medio",DIRECTO,[ESTIMACIÓN],agua de granja propia,
CF-2500,CF,2500,ciclos_anio,,5.71048,,ciclos/año,"03_produccion_primaria/escenarios_produccion.csv (modelo_escenarios_produccion.py, vía 14B)",ciclos_anio,"perfil medio, desempeño medio",DIRECTO,[ESTIMACIÓN],limpieza de galpones,
CF-2500,CF,2500,m2_galpon,,9485.64,,m²,"03_produccion_primaria/escenarios_produccion.csv (modelo_escenarios_produccion.py, vía 14B)",m2_galpon,"perfil medio, desempeño medio",DIRECTO,[ESTIMACIÓN],limpieza y bioseguridad de galpones,
CF-2500,CF,2500,inventario_aves_promedio_anual,,82845.9,,aves,"03_produccion_primaria/escenarios_produccion.csv (modelo_escenarios_produccion.py, vía 14B)",inventario_aves_promedio_anual,"perfil medio, desempeño medio",DIRECTO,[ESTIMACIÓN],activo biológico (capital de trabajo),
CF-2500,CF,2500,pollitos_a_recibir_anio,,659874,,pollitos/año,14_alimento_balanceado/escenarios_upstream.csv (modelo_upstream.py),pollitos_a_recibir_anio,margen_pedido = 0 (SUP-142),DIRECTO,[ESTIMACIÓN],POL-COMPRA / base de incubación,
CF-2500,CF,2500,pollitos_a_recibir_semana_plena,,13197.5,,pollitos/semana,14_alimento_balanceado/escenarios_upstream.csv (modelo_upstream.py),pollitos_a_recibir_semana_plena,,DIRECTO,[ESTIMACIÓN],incubación (14B),
CF-2500,CF,2500,alimento_t_anio,,3090.52,,t/año,14_alimento_balanceado/escenarios_upstream.csv (modelo_upstream.py),alimento_t_anio,,DIRECTO,[ESTIMACIÓN] (03: peso × FCR),alimento comprado / elaborado / materias primas,
CF-2500,CF,2500,alimento_t_semana_plena,,61.8104,,t/semana,14_alimento_balanceado/escenarios_upstream.csv (modelo_upstream.py),alimento_t_semana_plena,,DIRECTO,[ESTIMACIÓN],anualización de viajes de alimento,
CF-2500,CF,2500,mp_maiz_t_anio,,1854.31,,t/año,14_alimento_balanceado/escenarios_upstream.csv (modelo_upstream.py),alimento_t_anio × maiz (0.6),,DIRECTO,[SUPUESTO] composición ilustrativa 14B,ALI-MP-*,NO es una fórmula de dieta; mermas aparte (ALI-MERMA)
CF-2500,CF,2500,mp_harina_soja_t_anio,,927.156,,t/año,14_alimento_balanceado/escenarios_upstream.csv (modelo_upstream.py),alimento_t_anio × harina_soja (0.3),,DIRECTO,[SUPUESTO] composición ilustrativa 14B,ALI-MP-*,NO es una fórmula de dieta; mermas aparte (ALI-MERMA)
CF-2500,CF,2500,mp_resto_t_anio,,309.052,,t/año,14_alimento_balanceado/escenarios_upstream.csv (modelo_upstream.py),alimento_t_anio × resto (0.1),,DIRECTO,[SUPUESTO] composición ilustrativa 14B,ALI-MP-*,NO es una fórmula de dieta; mermas aparte (ALI-MERMA)
CF-2500,CF,2500,huevos_por_pollito_vendible,,1.23844,,huevos/pollito,14_alimento_balanceado/escenarios_upstream.csv (modelo_upstream.py),huevos_por_pollito_vendible,cadencia=2; margen=0.15; nivel medio,DIRECTO,[SUPUESTO] fertilidad/incubabilidad (SUP-143),,
CF-2500,CF,2500,huevos_recibidos_anio,,817217,,huevos/año,20_opex/modelo_opex.py,huevos_por_pollito_vendible × pollitos_a_recibir_anio,,DERIVADO_OPEX,[ESTIMACIÓN],INC-OP-HUEVO,"14B publica 852241 = ritmo pleno × 52,14 semanas (cota superior)"
CF-2500,CF,2500,cargas_incubacion_anio,,100,,cargas/año,20_opex/modelo_opex.py,cargas_semana (14B) × semanas equivalentes,,DERIVADO_OPEX,[SUPUESTO] cadencia de ESCENARIO,INC-OP-LIM,
CF-2500,CF,2500,descartes_incubacion_anio,,157343,,unidades/año,20_opex/modelo_opex.py,(huevos recibidos − pollitos vendibles) × semanas equivalentes,,DERIVADO_OPEX,[ESTIMACIÓN],INC-OP-DES,
CF-2500,CF,2500,stock_huevos_almacen,,11674.5,,huevos,20_opex/modelo_opex.py,huevos_recibidos_semana × 5 d / 7,,DERIVADO_OPEX,[SUPUESTO] días de almacén (SUP-145),capital de trabajo (sin margen de capacidad),
CF-2500,CF,2500,huevos_en_proceso_wip,,48508,,huevos,14_alimento_balanceado/escenarios_upstream.csv (modelo_upstream.py),huevos_en_proceso_wip,,DIRECTO,[ESTIMACIÓN],capital de trabajo,
CF-2500,CF,2500,kwh_anio,368263,627226,1.11531e+06,kWh/año,"11_agua_efluentes/escenarios_utilities.csv (modelo_utilities.py, vía 12C)",kwh_total_anio,"perfil P2, 8 h, config. B; nivel bajo/medio/alto de 09C",CALCULO_MODELO_FUENTE,[ESTIMACIÓN],"UT-ELE-KWH (incluye frío, aire, bombeo, efluentes aerobios)","UNIVERSO 09C = planta de FAENA; no se extiende a incubación, alimento, granjas ni rendering"
CF-2500,CF,2500,kwh_frio_proceso_anio,95156.2,158594,285469,kWh/año,"11_agua_efluentes/escenarios_utilities.csv (modelo_utilities.py, vía 12C)",kwh_proceso_frio_de_proceso_agua_helada_hielo_dia × 250,"perfil P2, 8 h, config. B; nivel bajo/medio/alto de 09C",CALCULO_MODELO_FUENTE,[SUPUESTO] reparto ilustrativo,INFORMATIVO: ya incluido en kwh_anio (no se duplica),"UNIVERSO 09C = planta de FAENA; no se extiende a incubación, alimento, granjas ni rendering"
CF-2500,CF,2500,kwh_congelacion_anio,71894.5,113833,155771,kWh/año,"11_agua_efluentes/escenarios_utilities.csv (modelo_utilities.py, vía 12C)",kwh_congelacion_dia × 250,"perfil P2, 8 h, config. B; nivel bajo/medio/alto de 09C",CALCULO_MODELO_FUENTE,[ESTIMACIÓN],INFORMATIVO: ya incluido en kwh_anio,"UNIVERSO 09C = planta de FAENA; no se extiende a incubación, alimento, granjas ni rendering"
CF-2500,CF,2500,kwh_almacen_frio_anio,20337.2,40674.3,69102.6,kWh/año,"11_agua_efluentes/escenarios_utilities.csv (modelo_utilities.py, vía 12C)",kwh_almacenamiento_frio_dia_calendario × 365,"perfil P2, 8 h, config. B; nivel bajo/medio/alto de 09C",CALCULO_MODELO_FUENTE,[ESTIMACIÓN],INFORMATIVO: ya incluido en kwh_anio,"UNIVERSO 09C = planta de FAENA; no se extiende a incubación, alimento, granjas ni rendering"
CF-2500,CF,2500,kwh_efluentes_anio,4156.25,19593.8,74812.5,kWh/año,"11_agua_efluentes/escenarios_utilities.csv (modelo_utilities.py, vía 12C)",kwh_tratamiento_aerobio_dia × 250,"perfil P2, 8 h, config. B; nivel bajo/medio/alto de 09C",CALCULO_MODELO_FUENTE,[ESTIMACIÓN],INFORMATIVO: ya incluido en kwh_anio,"UNIVERSO 09C = planta de FAENA; no se extiende a incubación, alimento, granjas ni rendering"
CF-2500,CF,2500,kwh_bombeo_anio,27187.5,45312.5,81562.5,kWh/año,"11_agua_efluentes/escenarios_utilities.csv (modelo_utilities.py, vía 12C)",kwh_proceso_bombas_agua_y_efluentes_dia × 250,"perfil P2, 8 h, config. B; nivel bajo/medio/alto de 09C",CALCULO_MODELO_FUENTE,[ESTIMACIÓN],INFORMATIVO: ya incluido en kwh_anio,"UNIVERSO 09C = planta de FAENA; no se extiende a incubación, alimento, granjas ni rendering"
CF-2500,CF,2500,agua_m3_anio,9375,15625,23750,m³/año,"11_agua_efluentes/escenarios_utilities.csv (modelo_utilities.py, vía 12C)",agua_captada_m3_dia × 250,"perfil P2, 8 h, config. B; nivel bajo/medio/alto de 09C",CALCULO_MODELO_FUENTE,[ESTIMACIÓN],UT-AGUA-*,"UNIVERSO 09C = planta de FAENA; no se extiende a incubación, alimento, granjas ni rendering"
CF-2500,CF,2500,agua_limpieza_m3_anio,1875,3125,4687.5,m³/año,"11_agua_efluentes/escenarios_utilities.csv (modelo_utilities.py, vía 12C)",agua_limpieza_m3_dia × 250,"perfil P2, 8 h, config. B; nivel bajo/medio/alto de 09C",CALCULO_MODELO_FUENTE,[ESTIMACIÓN],INFORMATIVO: ya incluida en agua_m3_anio,"UNIVERSO 09C = planta de FAENA; no se extiende a incubación, alimento, granjas ni rendering"
CF-2500,CF,2500,efluente_m3_anio,7500,13750,22562.5,m³/año,"11_agua_efluentes/escenarios_utilities.csv (modelo_utilities.py, vía 12C)",agua_descargada_m3_dia × 250,"perfil P2, 8 h, config. B; nivel bajo/medio/alto de 09C",CALCULO_MODELO_FUENTE,[ESTIMACIÓN],"EF-QUIM, EF-CANON","UNIVERSO 09C = planta de FAENA; no se extiende a incubación, alimento, granjas ni rendering"
CF-2500,CF,2500,energia_termica_kwh_t_anio,94082.4,231587,616831,kWh_t/año,"11_agua_efluentes/escenarios_utilities.csv (modelo_utilities.py, vía 12C)",energia_combustible_kwh_termicos_dia × 250,"perfil P2, 8 h, config. B; nivel bajo/medio/alto de 09C",CALCULO_MODELO_FUENTE,[ESTIMACIÓN],UT-TER-* (combustible),"UNIVERSO 09C = planta de FAENA; no se extiende a incubación, alimento, granjas ni rendering"
CF-2500,CF,2500,combustible_gas_natural_anio,8706.85,21432.2,57084.6,m³/año,"11_agua_efluentes/escenarios_utilities.csv (modelo_utilities.py, vía 12C)",equivalente_gas_natural_m3_dia × 250,"perfil P2, 8 h, config. B; nivel bajo/medio/alto de 09C",CALCULO_MODELO_FUENTE,[SUPUESTO] PCI,UT-TER (gas_natural) si se elige,"UNIVERSO 09C = planta de FAENA; no se extiende a incubación, alimento, granjas ni rendering"
CF-2500,CF,2500,combustible_glp_anio,7362.97,18124.2,48273.8,kg/año,"11_agua_efluentes/escenarios_utilities.csv (modelo_utilities.py, vía 12C)",equivalente_glp_kg_dia × 250,"perfil P2, 8 h, config. B; nivel bajo/medio/alto de 09C",CALCULO_MODELO_FUENTE,[SUPUESTO] PCI,UT-TER (glp) si se elige,"UNIVERSO 09C = planta de FAENA; no se extiende a incubación, alimento, granjas ni rendering"
CF-2500,CF,2500,combustible_biomasa_anio,24192.6,59550.8,158614,kg/año,"11_agua_efluentes/escenarios_utilities.csv (modelo_utilities.py, vía 12C)",equivalente_biomasa_chip_kg_dia × 250,"perfil P2, 8 h, config. B; nivel bajo/medio/alto de 09C",CALCULO_MODELO_FUENTE,[SUPUESTO] PCI,UT-TER (biomasa) si se elige,"UNIVERSO 09C = planta de FAENA; no se extiende a incubación, alimento, granjas ni rendering"
CF-2500,CF,2500,subproducto_sangre_t_anio,52.3813,52.3813,52.3813,t/año,"11_agua_efluentes/escenarios_utilities.csv (modelo_utilities.py, vía 12C)",segregable_sangre_recuperada_t_dia × 250,"perfil P2, 8 h, config. B; nivel bajo/medio/alto de 09C",CALCULO_MODELO_FUENTE,[ESTIMACIÓN],SUB-RET-SANGRE,"UNIVERSO 09C = planta de FAENA; no se extiende a incubación, alimento, granjas ni rendering"
CF-2500,CF,2500,subproducto_plumas_t_anio,150.8,150.8,150.8,t/año,"11_agua_efluentes/escenarios_utilities.csv (modelo_utilities.py, vía 12C)",segregable_plumas_t_dia × 250,"perfil P2, 8 h, config. B; nivel bajo/medio/alto de 09C",CALCULO_MODELO_FUENTE,[ESTIMACIÓN],SUB-RET-PLUMAS,"UNIVERSO 09C = planta de FAENA; no se extiende a incubación, alimento, granjas ni rendering"
CF-2500,CF,2500,subproducto_visceras_t_anio,81.5625,81.5625,81.5625,t/año,"11_agua_efluentes/escenarios_utilities.csv (modelo_utilities.py, vía 12C)",segregable_visceras_t_dia × 250,"perfil P2, 8 h, config. B; nivel bajo/medio/alto de 09C",CALCULO_MODELO_FUENTE,[ESTIMACIÓN],SUB-RET-VISCERAS,"UNIVERSO 09C = planta de FAENA; no se extiende a incubación, alimento, granjas ni rendering"
CF-2500,CF,2500,subproducto_cabezas_t_anio,45.3125,45.3125,45.3125,t/año,"11_agua_efluentes/escenarios_utilities.csv (modelo_utilities.py, vía 12C)",segregable_cabeza_t_dia × 250,"perfil P2, 8 h, config. B; nivel bajo/medio/alto de 09C",CALCULO_MODELO_FUENTE,[ESTIMACIÓN],SUB-RET-CABEZAS,"UNIVERSO 09C = planta de FAENA; no se extiende a incubación, alimento, granjas ni rendering"
CF-2500,CF,2500,decomisos_t_anio,,25.0901,,t/año,04_balance_masa/escenarios_balance.csv (modelo_balance_masa.py),Σ filas 'decomiso*' de balance() × aves/año,,CALCULO_MODELO_FUENTE,[ESTIMACIÓN] condenas medias,SUB-RET-DECOMISOS,
CF-2500,CF,2500,kg_producto_anio,,1.4978e+06,,kg producto/año,05_proceso_industrial/capacidad_proceso.csv (modelo_capacidad_proceso.py),kg_ave_config()['comestible_a_empaque'] × aves/año,,CALCULO_MODELO_FUENTE,[ESTIMACIÓN] balance v1.1,"EMP-* (base comercial; incluye garras y menudencias, 12B)",
CF-2500,CF,2500,refrigerado_t_anio,,898.681,,t/año,13_logistica/escenarios_logistica.csv (modelo_logistica.py),refrigerado_t_semana × semanas operativas,"perfil P2; 6 despachos refrigerado y 2 congelado/sem; 12 t; 300 km (ESCENARIO, SUP-16-20)",CALCULO_MODELO_FUENTE,[ESTIMACIÓN],flujo refrigerado,
CF-2500,CF,2500,refrigerado_viajes_anio,,300,,viajes/año,13_logistica/escenarios_logistica.csv (modelo_logistica.py),refrigerado_viajes_semana × semanas,"perfil P2; 6 despachos refrigerado y 2 congelado/sem; 12 t; 300 km (ESCENARIO, SUP-16-20)",CALCULO_MODELO_FUENTE,[ESTIMACIÓN] capacidad de ESCENARIO,LOG-REF-*,
CF-2500,CF,2500,refrigerado_km_anio,,180000,,km/año,13_logistica/escenarios_logistica.csv (modelo_logistica.py),refrigerado_km_dia_despacho × despachos/semana × semanas,"perfil P2; 6 despachos refrigerado y 2 congelado/sem; 12 t; 300 km (ESCENARIO, SUP-16-20)",CALCULO_MODELO_FUENTE,[ESTIMACIÓN] troncal; reparto capilar PENDIENTE (DEC-053),LOG-REF-*,
CF-2500,CF,2500,stock_refrigerado_medio_t,,4.27943,,t,13_logistica/escenarios_logistica.csv (modelo_logistica.py),"inventario(t_dia_op, despachos=6): stock_ciclo_medio + seguridad (0)",,CALCULO_MODELO_FUENTE,[ESTIMACIÓN]; stock comercial adicional PENDIENTE,capital de trabajo,
CF-2500,CF,2500,congelado_t_anio,,599.121,,t/año,13_logistica/escenarios_logistica.csv (modelo_logistica.py),congelado_t_semana × semanas operativas,"perfil P2; 6 despachos refrigerado y 2 congelado/sem; 12 t; 300 km (ESCENARIO, SUP-16-20)",CALCULO_MODELO_FUENTE,[ESTIMACIÓN],flujo congelado,
CF-2500,CF,2500,congelado_viajes_anio,,100,,viajes/año,13_logistica/escenarios_logistica.csv (modelo_logistica.py),congelado_viajes_semana × semanas,"perfil P2; 6 despachos refrigerado y 2 congelado/sem; 12 t; 300 km (ESCENARIO, SUP-16-20)",CALCULO_MODELO_FUENTE,[ESTIMACIÓN] capacidad de ESCENARIO,LOG-CON-*,
CF-2500,CF,2500,congelado_km_anio,,60000,,km/año,13_logistica/escenarios_logistica.csv (modelo_logistica.py),congelado_km_dia_despacho × despachos/semana × semanas,"perfil P2; 6 despachos refrigerado y 2 congelado/sem; 12 t; 300 km (ESCENARIO, SUP-16-20)",CALCULO_MODELO_FUENTE,[ESTIMACIÓN] troncal; reparto capilar PENDIENTE (DEC-053),LOG-CON-*,
CF-2500,CF,2500,stock_congelado_medio_t,,7.01827,,t,13_logistica/escenarios_logistica.csv (modelo_logistica.py),"inventario(t_dia_op, despachos=2): stock_ciclo_medio + seguridad (0)",,CALCULO_MODELO_FUENTE,[ESTIMACIÓN]; stock comercial adicional PENDIENTE,capital de trabajo,
CF-2500,CF,2500,vivo_viajes_anio,,250,,viajes/año,13_logistica/escenarios_logistica.csv (modelo_logistica.py),viajes_dia × días,radio 100 km; 5500 aves/camión (ESCENARIO),DIRECTO,[ESTIMACIÓN],LOG-VIV-*,
CF-2500,CF,2500,vivo_km_anio,,43333.3,,km/año,13_logistica/escenarios_logistica.csv (modelo_logistica.py),km_total_dia × días,radio 100 km; 5500 aves/camión (ESCENARIO),DIRECTO,[ESTIMACIÓN],LOG-VIV-*,
CF-2500,CF,2500,vivo_t_anio,,1817.95,,t/año,13_logistica/escenarios_logistica.csv (modelo_logistica.py),t_vivo_cargado_dia × días,radio 100 km; 5500 aves/camión (ESCENARIO),DIRECTO,[ESTIMACIÓN],LOG-VIV-TER-UNI,
CF-2500,CF,2500,alimento_viajes_anio,,150,,viajes/año,13_logistica/escenarios_logistica.csv (modelo_logistica.py),alimento_viajes_semana × (t_año ÷ t_semana_plena),granelero 28 t; 75 km fábrica–granja (ESCENARIO),DIRECTO,[ESTIMACIÓN],LOG-ALI-*,
CF-2500,CF,2500,alimento_km_anio,,22500,,km/año,13_logistica/escenarios_logistica.csv (modelo_logistica.py),alimento_km_semana × (t_año ÷ t_semana_plena),granelero 28 t; 75 km fábrica–granja (ESCENARIO),DIRECTO,[ESTIMACIÓN],LOG-ALI-*,
CF-2500,CF,2500,grano_t_anio,,2781.47,,t/año,20_opex/modelo_opex.py,mp maíz + harina de soja (t/año),,DERIVADO_OPEX,[ESTIMACIÓN],LOG-GRA-TER-UNI,
CF-2500,CF,2500,grano_viajes_anio,,,,viajes/año,14_alimento_balanceado/escenarios_upstream.csv (modelo_upstream.py),viajes_grano_semana (cap_grano = None),,PENDIENTE,"PENDIENTE (capacidad y distancia del acopio, DPV-157)",LOG-GRA-*,
CF-2500,CF,2500,pollitos_viajes_anio,,,,viajes/año,13_logistica/escenarios_logistica.csv (modelo_logistica.py),pollitos_viajes_semana (cap_pollitos = None),,PENDIENTE,"PENDIENTE (DPV-047, DPV-084)",LOG-POL-*,
CF-2500,CF,2500,subproductos_viajes_anio,,1000,,viajes/año,13_logistica/escenarios_logistica.csv (modelo_logistica.py),Σ viajes_semana_criterio_masa × semanas,,CALCULO_MODELO_FUENTE,"COTA INFERIOR (volumétrico PENDIENTE, DPV-135)",LOG-SUB-*,
CF-2500,CF,2500,subproductos_km_anio,,100000,,km/año,13_logistica/escenarios_logistica.csv (modelo_logistica.py),Σ km_semana_criterio_masa × semanas,,CALCULO_MODELO_FUENTE,COTA INFERIOR,LOG-SUB-*,
CF-2500,CF,2500,subproductos_t_anio,,380.22,,t/año,13_logistica/escenarios_logistica.csv (modelo_logistica.py),Σ t_semana × semanas,,CALCULO_MODELO_FUENTE,[ESTIMACIÓN],LOG-SUB-TER-UNI,
CF-2500,CF,2500,vehiculos_POL,,,,vehículos,19_capex/boq_capex.csv (modelo_capex.py),flota[pollitos].unidades,,PENDIENTE,PENDIENTE,"LOG-POL-PAT, SEG-FLOTA-POL",
CF-2500,CF,2500,vehiculos_HUE,,,,vehículos,19_capex/boq_capex.csv (modelo_capex.py),—,,PENDIENTE,PENDIENTE,"LOG-HUE-PAT, SEG-FLOTA-HUE",
CF-2500,CF,2500,vehiculos_ALI,,2,,vehículos,19_capex/boq_capex.csv (modelo_capex.py),flota[alimento].unidades,,CONSUMIDO_CAPEX,[ESTIMACIÓN] con reserva SUP-16-02,"LOG-ALI-PAT, SEG-FLOTA-ALI",
CF-2500,CF,2500,vehiculos_GRA,,,,vehículos,19_capex/boq_capex.csv (modelo_capex.py),—,,PENDIENTE,PENDIENTE,"LOG-GRA-PAT, SEG-FLOTA-GRA",
CF-2500,CF,2500,vehiculos_VIV,,2,,vehículos,19_capex/boq_capex.csv (modelo_capex.py),flota[vivo].unidades,,CONSUMIDO_CAPEX,[ESTIMACIÓN] con reserva SUP-16-02,"LOG-VIV-PAT, SEG-FLOTA-VIV",
CF-2500,CF,2500,vehiculos_REF,,2,,vehículos,19_capex/boq_capex.csv (modelo_capex.py),flota[refrigerado].unidades,,CONSUMIDO_CAPEX,[ESTIMACIÓN] con reserva SUP-16-02,"LOG-REF-PAT, SEG-FLOTA-REF",
CF-2500,CF,2500,vehiculos_CON,,2,,vehículos,19_capex/boq_capex.csv (modelo_capex.py),flota[congelado].unidades,,CONSUMIDO_CAPEX,[ESTIMACIÓN] con reserva SUP-16-02,"LOG-CON-PAT, SEG-FLOTA-CON",
CF-2500,CF,2500,vehiculos_SUB,,3,,vehículos,19_capex/boq_capex.csv (modelo_capex.py),flota[subproductos].unidades,,CONSUMIDO_CAPEX,[ESTIMACIÓN] con reserva SUP-16-02,"LOG-SUB-PAT, SEG-FLOTA-SUB",
CF-2500,CF,2500,fte_industrial_14a,,51.4575,,FTE,18_recursos_humanos/escenarios_rrhh.csv (modelo_rrhh.py),fte_total,turnos=extendido; autom=semiautomatico; limpieza=propia; mant=propio; lab=propio,CALCULO_MODELO_FUENTE,[SUPUESTO] productividad,"RRHH INDUSTRIAL + estructura + coordinación primaria (14A). NO es el FTE total de una empresa verticalmente integrada: granjas propias, incubación, planta de alimento, reproductoras y rendering no están dimensionados","headcount de nómina PENDIENTE (factor de cobertura no validado); incluye horas de terceros que luego pueden quedar INCLUIDAS en tarifas (faenador, choferes)"
CF-2500,CF,2500,fte_directos_14a,,22.43,,FTE,18_recursos_humanos/escenarios_rrhh.csv (modelo_rrhh.py),fte_interno + fte_tercerizado (directo),,CALCULO_MODELO_FUENTE,[SUPUESTO],FAE-CUCH,
CF-2500,CF,2500,horas_brecha_jornada_anio,,11321.1,,h-persona/año,18_recursos_humanos/escenarios_rrhh.csv (modelo_rrhh.py),horas_persona_brecha_jornada_dia × días,,CALCULO_MODELO_FUENTE,[ESTIMACIÓN],INFORMATIVO: no son horas extra automáticas (DPV-146),
CF-2500,CF,2500,headcount_nomina,,,,personas,18_recursos_humanos/escenarios_rrhh.csv (modelo_rrhh.py),headcount_nomina,,PENDIENTE,PENDIENTE (factor de cobertura),NO se usa: costeo provisional por FTE,
CF-2500,CF,2500,fraccion_granjas_propias,,1,,fracción,19_capex/boq_capex.csv (modelo_capex.py),fraccion_granjas_propias,,CONSUMIDO_CAPEX,ESCENARIO (SUP-16-09),reparto propia / integrada,
CF-2500,CF,2500,kwh_granja,,,,—,20_opex/modelo_opex.py,—,,PENDIENTE,PENDIENTE: el módulo fuente no lo dimensiona,concepto PENDIENTE_CANTIDAD (no se inventa),
CF-2500,CF,2500,gas_granja,,,,—,20_opex/modelo_opex.py,—,,PENDIENTE,PENDIENTE: el módulo fuente no lo dimensiona,concepto PENDIENTE_CANTIDAD (no se inventa),
CF-2500,CF,2500,cama_t,,,,—,20_opex/modelo_opex.py,—,,PENDIENTE,PENDIENTE: el módulo fuente no lo dimensiona,concepto PENDIENTE_CANTIDAD (no se inventa),
CF-2500,CF,2500,personal_granja,,,,—,20_opex/modelo_opex.py,—,,PENDIENTE,PENDIENTE: el módulo fuente no lo dimensiona,concepto PENDIENTE_CANTIDAD (no se inventa),
CF-2500,CF,2500,personal_incubadora,,,,—,20_opex/modelo_opex.py,—,,PENDIENTE,PENDIENTE: el módulo fuente no lo dimensiona,concepto PENDIENTE_CANTIDAD (no se inventa),
CF-2500,CF,2500,personal_planta_alimento,,,,—,20_opex/modelo_opex.py,—,,PENDIENTE,PENDIENTE: el módulo fuente no lo dimensiona,concepto PENDIENTE_CANTIDAD (no se inventa),
CF-2500,CF,2500,personal_reproductoras,,,,—,20_opex/modelo_opex.py,—,,PENDIENTE,PENDIENTE: el módulo fuente no lo dimensiona,concepto PENDIENTE_CANTIDAD (no se inventa),
CF-2500,CF,2500,personal_rendering,,,,—,20_opex/modelo_opex.py,—,,PENDIENTE,PENDIENTE: el módulo fuente no lo dimensiona,concepto PENDIENTE_CANTIDAD (no se inventa),
CF-2500,CF,2500,kwh_incubadora,,,,—,20_opex/modelo_opex.py,—,,PENDIENTE,PENDIENTE: el módulo fuente no lo dimensiona,concepto PENDIENTE_CANTIDAD (no se inventa),
CF-2500,CF,2500,agua_incubadora,,,,—,20_opex/modelo_opex.py,—,,PENDIENTE,PENDIENTE: el módulo fuente no lo dimensiona,concepto PENDIENTE_CANTIDAD (no se inventa),
CF-2500,CF,2500,kwh_planta_alimento,,,,—,20_opex/modelo_opex.py,—,,PENDIENTE,PENDIENTE: el módulo fuente no lo dimensiona,concepto PENDIENTE_CANTIDAD (no se inventa),
CF-2500,CF,2500,vapor_planta_alimento,,,,—,20_opex/modelo_opex.py,—,,PENDIENTE,PENDIENTE: el módulo fuente no lo dimensiona,concepto PENDIENTE_CANTIDAD (no se inventa),
CF-2500,CF,2500,agua_planta_alimento,,,,—,20_opex/modelo_opex.py,—,,PENDIENTE,PENDIENTE: el módulo fuente no lo dimensiona,concepto PENDIENTE_CANTIDAD (no se inventa),
CF-2500,CF,2500,kwh_rendering,,,,—,20_opex/modelo_opex.py,—,,PENDIENTE,PENDIENTE: el módulo fuente no lo dimensiona,concepto PENDIENTE_CANTIDAD (no se inventa),
CF-2500,CF,2500,lodos_t,,,,—,20_opex/modelo_opex.py,—,,PENDIENTE,PENDIENTE: el módulo fuente no lo dimensiona,concepto PENDIENTE_CANTIDAD (no se inventa),
CF-2500,CF,2500,potencia_contratada_kw,,,,—,20_opex/modelo_opex.py,—,,PENDIENTE,PENDIENTE: el módulo fuente no lo dimensiona,concepto PENDIENTE_CANTIDAD (no se inventa),
CF-5000,CF,5000,dias_operativos_anio,,250,,d/año,19_capex/modelo_capex.py,dias_anio(),,CONSUMIDO_CAPEX,[SUPUESTO] SUP-025,anualización de drivers por día operativo,
CF-5000,CF,5000,semanas_operativas_anio,,50,,semanas/año,20_opex/modelo_opex.py,días operativos ÷ días/semana,,DERIVADO_OPEX,[ESTIMACIÓN],"anualización de drivers semanales de 12B (producto, subproductos)",
CF-5000,CF,5000,aves_faenadas_anio,,1250000,,aves/año,"03_produccion_primaria/escenarios_produccion.csv (modelo_escenarios_produccion.py, vía 14B)",aves_faenadas_anio,"perfil medio, desempeño medio",DIRECTO,[ESTIMACIÓN],"FAE-FACON, FAE-QUIM, empaque",
CF-5000,CF,5000,aves_cargadas_anio,,1.25376e+06,,aves/año,"03_produccion_primaria/escenarios_produccion.csv (modelo_escenarios_produccion.py, vía 14B)",aves_cargadas_anio,"perfil medio, desempeño medio",DIRECTO,[ESTIMACIÓN],"captura, pago por ave",
CF-5000,CF,5000,pollitos_alojados_anio,,1.31975e+06,,pollitos/año,"03_produccion_primaria/escenarios_produccion.csv (modelo_escenarios_produccion.py, vía 14B)",pollitos_alojados_anio,"perfil medio, desempeño medio",DIRECTO,[ESTIMACIÓN],sanidad de crianza,
CF-5000,CF,5000,kg_vivo_cargado_anio,,3.63591e+06,,kg vivo/año,"03_produccion_primaria/escenarios_produccion.csv (modelo_escenarios_produccion.py, vía 14B)",kg_vivo_cargado_anio,"perfil medio, desempeño medio",DIRECTO,[ESTIMACIÓN],pago por kg vivo,
CF-5000,CF,5000,mortalidad_granja_aves_anio,,65987.4,,aves/año,"03_produccion_primaria/escenarios_produccion.csv (modelo_escenarios_produccion.py, vía 14B)",mortalidad_granja_aves_anio,"perfil medio, desempeño medio",DIRECTO,[ESTIMACIÓN],retiro de mortalidad,
CF-5000,CF,5000,agua_bebida_m3_anio,,11125.9,,m³/año,"03_produccion_primaria/escenarios_produccion.csv (modelo_escenarios_produccion.py, vía 14B)",agua_bebida_m3_anio,"perfil medio, desempeño medio",DIRECTO,[ESTIMACIÓN],agua de granja propia,
CF-5000,CF,5000,ciclos_anio,,5.71048,,ciclos/año,"03_produccion_primaria/escenarios_produccion.csv (modelo_escenarios_produccion.py, vía 14B)",ciclos_anio,"perfil medio, desempeño medio",DIRECTO,[ESTIMACIÓN],limpieza de galpones,
CF-5000,CF,5000,m2_galpon,,18971.3,,m²,"03_produccion_primaria/escenarios_produccion.csv (modelo_escenarios_produccion.py, vía 14B)",m2_galpon,"perfil medio, desempeño medio",DIRECTO,[ESTIMACIÓN],limpieza y bioseguridad de galpones,
CF-5000,CF,5000,inventario_aves_promedio_anual,,165692,,aves,"03_produccion_primaria/escenarios_produccion.csv (modelo_escenarios_produccion.py, vía 14B)",inventario_aves_promedio_anual,"perfil medio, desempeño medio",DIRECTO,[ESTIMACIÓN],activo biológico (capital de trabajo),
CF-5000,CF,5000,pollitos_a_recibir_anio,,1.31975e+06,,pollitos/año,14_alimento_balanceado/escenarios_upstream.csv (modelo_upstream.py),pollitos_a_recibir_anio,margen_pedido = 0 (SUP-142),DIRECTO,[ESTIMACIÓN],POL-COMPRA / base de incubación,
CF-5000,CF,5000,pollitos_a_recibir_semana_plena,,26395,,pollitos/semana,14_alimento_balanceado/escenarios_upstream.csv (modelo_upstream.py),pollitos_a_recibir_semana_plena,,DIRECTO,[ESTIMACIÓN],incubación (14B),
CF-5000,CF,5000,alimento_t_anio,,6181.04,,t/año,14_alimento_balanceado/escenarios_upstream.csv (modelo_upstream.py),alimento_t_anio,,DIRECTO,[ESTIMACIÓN] (03: peso × FCR),alimento comprado / elaborado / materias primas,
CF-5000,CF,5000,alimento_t_semana_plena,,123.621,,t/semana,14_alimento_balanceado/escenarios_upstream.csv (modelo_upstream.py),alimento_t_semana_plena,,DIRECTO,[ESTIMACIÓN],anualización de viajes de alimento,
CF-5000,CF,5000,mp_maiz_t_anio,,3708.63,,t/año,14_alimento_balanceado/escenarios_upstream.csv (modelo_upstream.py),alimento_t_anio × maiz (0.6),,DIRECTO,[SUPUESTO] composición ilustrativa 14B,ALI-MP-*,NO es una fórmula de dieta; mermas aparte (ALI-MERMA)
CF-5000,CF,5000,mp_harina_soja_t_anio,,1854.31,,t/año,14_alimento_balanceado/escenarios_upstream.csv (modelo_upstream.py),alimento_t_anio × harina_soja (0.3),,DIRECTO,[SUPUESTO] composición ilustrativa 14B,ALI-MP-*,NO es una fórmula de dieta; mermas aparte (ALI-MERMA)
CF-5000,CF,5000,mp_resto_t_anio,,618.104,,t/año,14_alimento_balanceado/escenarios_upstream.csv (modelo_upstream.py),alimento_t_anio × resto (0.1),,DIRECTO,[SUPUESTO] composición ilustrativa 14B,ALI-MP-*,NO es una fórmula de dieta; mermas aparte (ALI-MERMA)
CF-5000,CF,5000,huevos_por_pollito_vendible,,1.23844,,huevos/pollito,14_alimento_balanceado/escenarios_upstream.csv (modelo_upstream.py),huevos_por_pollito_vendible,cadencia=2; margen=0.15; nivel medio,DIRECTO,[SUPUESTO] fertilidad/incubabilidad (SUP-143),,
CF-5000,CF,5000,huevos_recibidos_anio,,1.63443e+06,,huevos/año,20_opex/modelo_opex.py,huevos_por_pollito_vendible × pollitos_a_recibir_anio,,DERIVADO_OPEX,[ESTIMACIÓN],INC-OP-HUEVO,"14B publica 1704481 = ritmo pleno × 52,14 semanas (cota superior)"
CF-5000,CF,5000,cargas_incubacion_anio,,100,,cargas/año,20_opex/modelo_opex.py,cargas_semana (14B) × semanas equivalentes,,DERIVADO_OPEX,[SUPUESTO] cadencia de ESCENARIO,INC-OP-LIM,
CF-5000,CF,5000,descartes_incubacion_anio,,314685,,unidades/año,20_opex/modelo_opex.py,(huevos recibidos − pollitos vendibles) × semanas equivalentes,,DERIVADO_OPEX,[ESTIMACIÓN],INC-OP-DES,
CF-5000,CF,5000,stock_huevos_almacen,,23349.1,,huevos,20_opex/modelo_opex.py,huevos_recibidos_semana × 5 d / 7,,DERIVADO_OPEX,[SUPUESTO] días de almacén (SUP-145),capital de trabajo (sin margen de capacidad),
CF-5000,CF,5000,huevos_en_proceso_wip,,97016,,huevos,14_alimento_balanceado/escenarios_upstream.csv (modelo_upstream.py),huevos_en_proceso_wip,,DIRECTO,[ESTIMACIÓN],capital de trabajo,
CF-5000,CF,5000,kwh_anio,736526,1.25445e+06,2.23062e+06,kWh/año,"11_agua_efluentes/escenarios_utilities.csv (modelo_utilities.py, vía 12C)",kwh_total_anio,"perfil P2, 8 h, config. B; nivel bajo/medio/alto de 09C",CALCULO_MODELO_FUENTE,[ESTIMACIÓN],"UT-ELE-KWH (incluye frío, aire, bombeo, efluentes aerobios)","UNIVERSO 09C = planta de FAENA; no se extiende a incubación, alimento, granjas ni rendering"
CF-5000,CF,5000,kwh_frio_proceso_anio,190312,317188,570938,kWh/año,"11_agua_efluentes/escenarios_utilities.csv (modelo_utilities.py, vía 12C)",kwh_proceso_frio_de_proceso_agua_helada_hielo_dia × 250,"perfil P2, 8 h, config. B; nivel bajo/medio/alto de 09C",CALCULO_MODELO_FUENTE,[SUPUESTO] reparto ilustrativo,INFORMATIVO: ya incluido en kwh_anio (no se duplica),"UNIVERSO 09C = planta de FAENA; no se extiende a incubación, alimento, granjas ni rendering"
CF-5000,CF,5000,kwh_congelacion_anio,143789,227666,311543,kWh/año,"11_agua_efluentes/escenarios_utilities.csv (modelo_utilities.py, vía 12C)",kwh_congelacion_dia × 250,"perfil P2, 8 h, config. B; nivel bajo/medio/alto de 09C",CALCULO_MODELO_FUENTE,[ESTIMACIÓN],INFORMATIVO: ya incluido en kwh_anio,"UNIVERSO 09C = planta de FAENA; no se extiende a incubación, alimento, granjas ni rendering"
CF-5000,CF,5000,kwh_almacen_frio_anio,40674.3,81348.6,138205,kWh/año,"11_agua_efluentes/escenarios_utilities.csv (modelo_utilities.py, vía 12C)",kwh_almacenamiento_frio_dia_calendario × 365,"perfil P2, 8 h, config. B; nivel bajo/medio/alto de 09C",CALCULO_MODELO_FUENTE,[ESTIMACIÓN],INFORMATIVO: ya incluido en kwh_anio,"UNIVERSO 09C = planta de FAENA; no se extiende a incubación, alimento, granjas ni rendering"
CF-5000,CF,5000,kwh_efluentes_anio,8312.5,39187.5,149625,kWh/año,"11_agua_efluentes/escenarios_utilities.csv (modelo_utilities.py, vía 12C)",kwh_tratamiento_aerobio_dia × 250,"perfil P2, 8 h, config. B; nivel bajo/medio/alto de 09C",CALCULO_MODELO_FUENTE,[ESTIMACIÓN],INFORMATIVO: ya incluido en kwh_anio,"UNIVERSO 09C = planta de FAENA; no se extiende a incubación, alimento, granjas ni rendering"
CF-5000,CF,5000,kwh_bombeo_anio,54375,90625,163125,kWh/año,"11_agua_efluentes/escenarios_utilities.csv (modelo_utilities.py, vía 12C)",kwh_proceso_bombas_agua_y_efluentes_dia × 250,"perfil P2, 8 h, config. B; nivel bajo/medio/alto de 09C",CALCULO_MODELO_FUENTE,[ESTIMACIÓN],INFORMATIVO: ya incluido en kwh_anio,"UNIVERSO 09C = planta de FAENA; no se extiende a incubación, alimento, granjas ni rendering"
CF-5000,CF,5000,agua_m3_anio,18750,31250,47500,m³/año,"11_agua_efluentes/escenarios_utilities.csv (modelo_utilities.py, vía 12C)",agua_captada_m3_dia × 250,"perfil P2, 8 h, config. B; nivel bajo/medio/alto de 09C",CALCULO_MODELO_FUENTE,[ESTIMACIÓN],UT-AGUA-*,"UNIVERSO 09C = planta de FAENA; no se extiende a incubación, alimento, granjas ni rendering"
CF-5000,CF,5000,agua_limpieza_m3_anio,3750,6250,9375,m³/año,"11_agua_efluentes/escenarios_utilities.csv (modelo_utilities.py, vía 12C)",agua_limpieza_m3_dia × 250,"perfil P2, 8 h, config. B; nivel bajo/medio/alto de 09C",CALCULO_MODELO_FUENTE,[ESTIMACIÓN],INFORMATIVO: ya incluida en agua_m3_anio,"UNIVERSO 09C = planta de FAENA; no se extiende a incubación, alimento, granjas ni rendering"
CF-5000,CF,5000,efluente_m3_anio,15000,27500,45125,m³/año,"11_agua_efluentes/escenarios_utilities.csv (modelo_utilities.py, vía 12C)",agua_descargada_m3_dia × 250,"perfil P2, 8 h, config. B; nivel bajo/medio/alto de 09C",CALCULO_MODELO_FUENTE,[ESTIMACIÓN],"EF-QUIM, EF-CANON","UNIVERSO 09C = planta de FAENA; no se extiende a incubación, alimento, granjas ni rendering"
CF-5000,CF,5000,energia_termica_kwh_t_anio,188165,463173,1.23366e+06,kWh_t/año,"11_agua_efluentes/escenarios_utilities.csv (modelo_utilities.py, vía 12C)",energia_combustible_kwh_termicos_dia × 250,"perfil P2, 8 h, config. B; nivel bajo/medio/alto de 09C",CALCULO_MODELO_FUENTE,[ESTIMACIÓN],UT-TER-* (combustible),"UNIVERSO 09C = planta de FAENA; no se extiende a incubación, alimento, granjas ni rendering"
CF-5000,CF,5000,combustible_gas_natural_anio,17413.7,42864.4,114169,m³/año,"11_agua_efluentes/escenarios_utilities.csv (modelo_utilities.py, vía 12C)",equivalente_gas_natural_m3_dia × 250,"perfil P2, 8 h, config. B; nivel bajo/medio/alto de 09C",CALCULO_MODELO_FUENTE,[SUPUESTO] PCI,UT-TER (gas_natural) si se elige,"UNIVERSO 09C = planta de FAENA; no se extiende a incubación, alimento, granjas ni rendering"
CF-5000,CF,5000,combustible_glp_anio,14725.9,36248.3,96547.5,kg/año,"11_agua_efluentes/escenarios_utilities.csv (modelo_utilities.py, vía 12C)",equivalente_glp_kg_dia × 250,"perfil P2, 8 h, config. B; nivel bajo/medio/alto de 09C",CALCULO_MODELO_FUENTE,[SUPUESTO] PCI,UT-TER (glp) si se elige,"UNIVERSO 09C = planta de FAENA; no se extiende a incubación, alimento, granjas ni rendering"
CF-5000,CF,5000,combustible_biomasa_anio,48385.2,119102,317228,kg/año,"11_agua_efluentes/escenarios_utilities.csv (modelo_utilities.py, vía 12C)",equivalente_biomasa_chip_kg_dia × 250,"perfil P2, 8 h, config. B; nivel bajo/medio/alto de 09C",CALCULO_MODELO_FUENTE,[SUPUESTO] PCI,UT-TER (biomasa) si se elige,"UNIVERSO 09C = planta de FAENA; no se extiende a incubación, alimento, granjas ni rendering"
CF-5000,CF,5000,subproducto_sangre_t_anio,104.763,104.763,104.763,t/año,"11_agua_efluentes/escenarios_utilities.csv (modelo_utilities.py, vía 12C)",segregable_sangre_recuperada_t_dia × 250,"perfil P2, 8 h, config. B; nivel bajo/medio/alto de 09C",CALCULO_MODELO_FUENTE,[ESTIMACIÓN],SUB-RET-SANGRE,"UNIVERSO 09C = planta de FAENA; no se extiende a incubación, alimento, granjas ni rendering"
CF-5000,CF,5000,subproducto_plumas_t_anio,301.6,301.6,301.6,t/año,"11_agua_efluentes/escenarios_utilities.csv (modelo_utilities.py, vía 12C)",segregable_plumas_t_dia × 250,"perfil P2, 8 h, config. B; nivel bajo/medio/alto de 09C",CALCULO_MODELO_FUENTE,[ESTIMACIÓN],SUB-RET-PLUMAS,"UNIVERSO 09C = planta de FAENA; no se extiende a incubación, alimento, granjas ni rendering"
CF-5000,CF,5000,subproducto_visceras_t_anio,163.125,163.125,163.125,t/año,"11_agua_efluentes/escenarios_utilities.csv (modelo_utilities.py, vía 12C)",segregable_visceras_t_dia × 250,"perfil P2, 8 h, config. B; nivel bajo/medio/alto de 09C",CALCULO_MODELO_FUENTE,[ESTIMACIÓN],SUB-RET-VISCERAS,"UNIVERSO 09C = planta de FAENA; no se extiende a incubación, alimento, granjas ni rendering"
CF-5000,CF,5000,subproducto_cabezas_t_anio,90.625,90.625,90.625,t/año,"11_agua_efluentes/escenarios_utilities.csv (modelo_utilities.py, vía 12C)",segregable_cabeza_t_dia × 250,"perfil P2, 8 h, config. B; nivel bajo/medio/alto de 09C",CALCULO_MODELO_FUENTE,[ESTIMACIÓN],SUB-RET-CABEZAS,"UNIVERSO 09C = planta de FAENA; no se extiende a incubación, alimento, granjas ni rendering"
CF-5000,CF,5000,decomisos_t_anio,,50.1801,,t/año,04_balance_masa/escenarios_balance.csv (modelo_balance_masa.py),Σ filas 'decomiso*' de balance() × aves/año,,CALCULO_MODELO_FUENTE,[ESTIMACIÓN] condenas medias,SUB-RET-DECOMISOS,
CF-5000,CF,5000,kg_producto_anio,,2.9956e+06,,kg producto/año,05_proceso_industrial/capacidad_proceso.csv (modelo_capacidad_proceso.py),kg_ave_config()['comestible_a_empaque'] × aves/año,,CALCULO_MODELO_FUENTE,[ESTIMACIÓN] balance v1.1,"EMP-* (base comercial; incluye garras y menudencias, 12B)",
CF-5000,CF,5000,refrigerado_t_anio,,1797.36,,t/año,13_logistica/escenarios_logistica.csv (modelo_logistica.py),refrigerado_t_semana × semanas operativas,"perfil P2; 6 despachos refrigerado y 2 congelado/sem; 12 t; 300 km (ESCENARIO, SUP-16-20)",CALCULO_MODELO_FUENTE,[ESTIMACIÓN],flujo refrigerado,
CF-5000,CF,5000,refrigerado_viajes_anio,,300,,viajes/año,13_logistica/escenarios_logistica.csv (modelo_logistica.py),refrigerado_viajes_semana × semanas,"perfil P2; 6 despachos refrigerado y 2 congelado/sem; 12 t; 300 km (ESCENARIO, SUP-16-20)",CALCULO_MODELO_FUENTE,[ESTIMACIÓN] capacidad de ESCENARIO,LOG-REF-*,
CF-5000,CF,5000,refrigerado_km_anio,,180000,,km/año,13_logistica/escenarios_logistica.csv (modelo_logistica.py),refrigerado_km_dia_despacho × despachos/semana × semanas,"perfil P2; 6 despachos refrigerado y 2 congelado/sem; 12 t; 300 km (ESCENARIO, SUP-16-20)",CALCULO_MODELO_FUENTE,[ESTIMACIÓN] troncal; reparto capilar PENDIENTE (DEC-053),LOG-REF-*,
CF-5000,CF,5000,stock_refrigerado_medio_t,,8.55887,,t,13_logistica/escenarios_logistica.csv (modelo_logistica.py),"inventario(t_dia_op, despachos=6): stock_ciclo_medio + seguridad (0)",,CALCULO_MODELO_FUENTE,[ESTIMACIÓN]; stock comercial adicional PENDIENTE,capital de trabajo,
CF-5000,CF,5000,congelado_t_anio,,1198.24,,t/año,13_logistica/escenarios_logistica.csv (modelo_logistica.py),congelado_t_semana × semanas operativas,"perfil P2; 6 despachos refrigerado y 2 congelado/sem; 12 t; 300 km (ESCENARIO, SUP-16-20)",CALCULO_MODELO_FUENTE,[ESTIMACIÓN],flujo congelado,
CF-5000,CF,5000,congelado_viajes_anio,,100,,viajes/año,13_logistica/escenarios_logistica.csv (modelo_logistica.py),congelado_viajes_semana × semanas,"perfil P2; 6 despachos refrigerado y 2 congelado/sem; 12 t; 300 km (ESCENARIO, SUP-16-20)",CALCULO_MODELO_FUENTE,[ESTIMACIÓN] capacidad de ESCENARIO,LOG-CON-*,
CF-5000,CF,5000,congelado_km_anio,,60000,,km/año,13_logistica/escenarios_logistica.csv (modelo_logistica.py),congelado_km_dia_despacho × despachos/semana × semanas,"perfil P2; 6 despachos refrigerado y 2 congelado/sem; 12 t; 300 km (ESCENARIO, SUP-16-20)",CALCULO_MODELO_FUENTE,[ESTIMACIÓN] troncal; reparto capilar PENDIENTE (DEC-053),LOG-CON-*,
CF-5000,CF,5000,stock_congelado_medio_t,,14.0365,,t,13_logistica/escenarios_logistica.csv (modelo_logistica.py),"inventario(t_dia_op, despachos=2): stock_ciclo_medio + seguridad (0)",,CALCULO_MODELO_FUENTE,[ESTIMACIÓN]; stock comercial adicional PENDIENTE,capital de trabajo,
CF-5000,CF,5000,vivo_viajes_anio,,250,,viajes/año,13_logistica/escenarios_logistica.csv (modelo_logistica.py),viajes_dia × días,radio 100 km; 5500 aves/camión (ESCENARIO),DIRECTO,[ESTIMACIÓN],LOG-VIV-*,
CF-5000,CF,5000,vivo_km_anio,,43333.3,,km/año,13_logistica/escenarios_logistica.csv (modelo_logistica.py),km_total_dia × días,radio 100 km; 5500 aves/camión (ESCENARIO),DIRECTO,[ESTIMACIÓN],LOG-VIV-*,
CF-5000,CF,5000,vivo_t_anio,,3635.91,,t/año,13_logistica/escenarios_logistica.csv (modelo_logistica.py),t_vivo_cargado_dia × días,radio 100 km; 5500 aves/camión (ESCENARIO),DIRECTO,[ESTIMACIÓN],LOG-VIV-TER-UNI,
CF-5000,CF,5000,alimento_viajes_anio,,250,,viajes/año,13_logistica/escenarios_logistica.csv (modelo_logistica.py),alimento_viajes_semana × (t_año ÷ t_semana_plena),granelero 28 t; 75 km fábrica–granja (ESCENARIO),DIRECTO,[ESTIMACIÓN],LOG-ALI-*,
CF-5000,CF,5000,alimento_km_anio,,37500,,km/año,13_logistica/escenarios_logistica.csv (modelo_logistica.py),alimento_km_semana × (t_año ÷ t_semana_plena),granelero 28 t; 75 km fábrica–granja (ESCENARIO),DIRECTO,[ESTIMACIÓN],LOG-ALI-*,
CF-5000,CF,5000,grano_t_anio,,5562.94,,t/año,20_opex/modelo_opex.py,mp maíz + harina de soja (t/año),,DERIVADO_OPEX,[ESTIMACIÓN],LOG-GRA-TER-UNI,
CF-5000,CF,5000,grano_viajes_anio,,,,viajes/año,14_alimento_balanceado/escenarios_upstream.csv (modelo_upstream.py),viajes_grano_semana (cap_grano = None),,PENDIENTE,"PENDIENTE (capacidad y distancia del acopio, DPV-157)",LOG-GRA-*,
CF-5000,CF,5000,pollitos_viajes_anio,,,,viajes/año,13_logistica/escenarios_logistica.csv (modelo_logistica.py),pollitos_viajes_semana (cap_pollitos = None),,PENDIENTE,"PENDIENTE (DPV-047, DPV-084)",LOG-POL-*,
CF-5000,CF,5000,subproductos_viajes_anio,,1000,,viajes/año,13_logistica/escenarios_logistica.csv (modelo_logistica.py),Σ viajes_semana_criterio_masa × semanas,,CALCULO_MODELO_FUENTE,"COTA INFERIOR (volumétrico PENDIENTE, DPV-135)",LOG-SUB-*,
CF-5000,CF,5000,subproductos_km_anio,,100000,,km/año,13_logistica/escenarios_logistica.csv (modelo_logistica.py),Σ km_semana_criterio_masa × semanas,,CALCULO_MODELO_FUENTE,COTA INFERIOR,LOG-SUB-*,
CF-5000,CF,5000,subproductos_t_anio,,760.441,,t/año,13_logistica/escenarios_logistica.csv (modelo_logistica.py),Σ t_semana × semanas,,CALCULO_MODELO_FUENTE,[ESTIMACIÓN],LOG-SUB-TER-UNI,
CF-5000,CF,5000,vehiculos_POL,,,,vehículos,19_capex/boq_capex.csv (modelo_capex.py),flota[pollitos].unidades,,PENDIENTE,PENDIENTE,"LOG-POL-PAT, SEG-FLOTA-POL",
CF-5000,CF,5000,vehiculos_HUE,,,,vehículos,19_capex/boq_capex.csv (modelo_capex.py),—,,PENDIENTE,PENDIENTE,"LOG-HUE-PAT, SEG-FLOTA-HUE",
CF-5000,CF,5000,vehiculos_ALI,,2,,vehículos,19_capex/boq_capex.csv (modelo_capex.py),flota[alimento].unidades,,CONSUMIDO_CAPEX,[ESTIMACIÓN] con reserva SUP-16-02,"LOG-ALI-PAT, SEG-FLOTA-ALI",
CF-5000,CF,5000,vehiculos_GRA,,,,vehículos,19_capex/boq_capex.csv (modelo_capex.py),—,,PENDIENTE,PENDIENTE,"LOG-GRA-PAT, SEG-FLOTA-GRA",
CF-5000,CF,5000,vehiculos_VIV,,2,,vehículos,19_capex/boq_capex.csv (modelo_capex.py),flota[vivo].unidades,,CONSUMIDO_CAPEX,[ESTIMACIÓN] con reserva SUP-16-02,"LOG-VIV-PAT, SEG-FLOTA-VIV",
CF-5000,CF,5000,vehiculos_REF,,2,,vehículos,19_capex/boq_capex.csv (modelo_capex.py),flota[refrigerado].unidades,,CONSUMIDO_CAPEX,[ESTIMACIÓN] con reserva SUP-16-02,"LOG-REF-PAT, SEG-FLOTA-REF",
CF-5000,CF,5000,vehiculos_CON,,2,,vehículos,19_capex/boq_capex.csv (modelo_capex.py),flota[congelado].unidades,,CONSUMIDO_CAPEX,[ESTIMACIÓN] con reserva SUP-16-02,"LOG-CON-PAT, SEG-FLOTA-CON",
CF-5000,CF,5000,vehiculos_SUB,,3,,vehículos,19_capex/boq_capex.csv (modelo_capex.py),flota[subproductos].unidades,,CONSUMIDO_CAPEX,[ESTIMACIÓN] con reserva SUP-16-02,"LOG-SUB-PAT, SEG-FLOTA-SUB",
CF-5000,CF,5000,fte_industrial_14a,,71.0397,,FTE,18_recursos_humanos/escenarios_rrhh.csv (modelo_rrhh.py),fte_total,turnos=extendido; autom=semiautomatico; limpieza=propia; mant=propio; lab=propio,CALCULO_MODELO_FUENTE,[SUPUESTO] productividad,"RRHH INDUSTRIAL + estructura + coordinación primaria (14A). NO es el FTE total de una empresa verticalmente integrada: granjas propias, incubación, planta de alimento, reproductoras y rendering no están dimensionados","headcount de nómina PENDIENTE (factor de cobertura no validado); incluye horas de terceros que luego pueden quedar INCLUIDAS en tarifas (faenador, choferes)"
CF-5000,CF,5000,fte_directos_14a,,28.6606,,FTE,18_recursos_humanos/escenarios_rrhh.csv (modelo_rrhh.py),fte_interno + fte_tercerizado (directo),,CALCULO_MODELO_FUENTE,[SUPUESTO],FAE-CUCH,
CF-5000,CF,5000,horas_brecha_jornada_anio,,14274.4,,h-persona/año,18_recursos_humanos/escenarios_rrhh.csv (modelo_rrhh.py),horas_persona_brecha_jornada_dia × días,,CALCULO_MODELO_FUENTE,[ESTIMACIÓN],INFORMATIVO: no son horas extra automáticas (DPV-146),
CF-5000,CF,5000,headcount_nomina,,,,personas,18_recursos_humanos/escenarios_rrhh.csv (modelo_rrhh.py),headcount_nomina,,PENDIENTE,PENDIENTE (factor de cobertura),NO se usa: costeo provisional por FTE,
CF-5000,CF,5000,fraccion_granjas_propias,,1,,fracción,19_capex/boq_capex.csv (modelo_capex.py),fraccion_granjas_propias,,CONSUMIDO_CAPEX,ESCENARIO (SUP-16-09),reparto propia / integrada,
CF-5000,CF,5000,kwh_granja,,,,—,20_opex/modelo_opex.py,—,,PENDIENTE,PENDIENTE: el módulo fuente no lo dimensiona,concepto PENDIENTE_CANTIDAD (no se inventa),
CF-5000,CF,5000,gas_granja,,,,—,20_opex/modelo_opex.py,—,,PENDIENTE,PENDIENTE: el módulo fuente no lo dimensiona,concepto PENDIENTE_CANTIDAD (no se inventa),
CF-5000,CF,5000,cama_t,,,,—,20_opex/modelo_opex.py,—,,PENDIENTE,PENDIENTE: el módulo fuente no lo dimensiona,concepto PENDIENTE_CANTIDAD (no se inventa),
CF-5000,CF,5000,personal_granja,,,,—,20_opex/modelo_opex.py,—,,PENDIENTE,PENDIENTE: el módulo fuente no lo dimensiona,concepto PENDIENTE_CANTIDAD (no se inventa),
CF-5000,CF,5000,personal_incubadora,,,,—,20_opex/modelo_opex.py,—,,PENDIENTE,PENDIENTE: el módulo fuente no lo dimensiona,concepto PENDIENTE_CANTIDAD (no se inventa),
CF-5000,CF,5000,personal_planta_alimento,,,,—,20_opex/modelo_opex.py,—,,PENDIENTE,PENDIENTE: el módulo fuente no lo dimensiona,concepto PENDIENTE_CANTIDAD (no se inventa),
CF-5000,CF,5000,personal_reproductoras,,,,—,20_opex/modelo_opex.py,—,,PENDIENTE,PENDIENTE: el módulo fuente no lo dimensiona,concepto PENDIENTE_CANTIDAD (no se inventa),
CF-5000,CF,5000,personal_rendering,,,,—,20_opex/modelo_opex.py,—,,PENDIENTE,PENDIENTE: el módulo fuente no lo dimensiona,concepto PENDIENTE_CANTIDAD (no se inventa),
CF-5000,CF,5000,kwh_incubadora,,,,—,20_opex/modelo_opex.py,—,,PENDIENTE,PENDIENTE: el módulo fuente no lo dimensiona,concepto PENDIENTE_CANTIDAD (no se inventa),
CF-5000,CF,5000,agua_incubadora,,,,—,20_opex/modelo_opex.py,—,,PENDIENTE,PENDIENTE: el módulo fuente no lo dimensiona,concepto PENDIENTE_CANTIDAD (no se inventa),
CF-5000,CF,5000,kwh_planta_alimento,,,,—,20_opex/modelo_opex.py,—,,PENDIENTE,PENDIENTE: el módulo fuente no lo dimensiona,concepto PENDIENTE_CANTIDAD (no se inventa),
CF-5000,CF,5000,vapor_planta_alimento,,,,—,20_opex/modelo_opex.py,—,,PENDIENTE,PENDIENTE: el módulo fuente no lo dimensiona,concepto PENDIENTE_CANTIDAD (no se inventa),
CF-5000,CF,5000,agua_planta_alimento,,,,—,20_opex/modelo_opex.py,—,,PENDIENTE,PENDIENTE: el módulo fuente no lo dimensiona,concepto PENDIENTE_CANTIDAD (no se inventa),
CF-5000,CF,5000,kwh_rendering,,,,—,20_opex/modelo_opex.py,—,,PENDIENTE,PENDIENTE: el módulo fuente no lo dimensiona,concepto PENDIENTE_CANTIDAD (no se inventa),
CF-5000,CF,5000,lodos_t,,,,—,20_opex/modelo_opex.py,—,,PENDIENTE,PENDIENTE: el módulo fuente no lo dimensiona,concepto PENDIENTE_CANTIDAD (no se inventa),
CF-5000,CF,5000,potencia_contratada_kw,,,,—,20_opex/modelo_opex.py,—,,PENDIENTE,PENDIENTE: el módulo fuente no lo dimensiona,concepto PENDIENTE_CANTIDAD (no se inventa),
CF-10000,CF,10000,dias_operativos_anio,,250,,d/año,19_capex/modelo_capex.py,dias_anio(),,CONSUMIDO_CAPEX,[SUPUESTO] SUP-025,anualización de drivers por día operativo,
CF-10000,CF,10000,semanas_operativas_anio,,50,,semanas/año,20_opex/modelo_opex.py,días operativos ÷ días/semana,,DERIVADO_OPEX,[ESTIMACIÓN],"anualización de drivers semanales de 12B (producto, subproductos)",
CF-10000,CF,10000,aves_faenadas_anio,,2500000,,aves/año,"03_produccion_primaria/escenarios_produccion.csv (modelo_escenarios_produccion.py, vía 14B)",aves_faenadas_anio,"perfil medio, desempeño medio",DIRECTO,[ESTIMACIÓN],"FAE-FACON, FAE-QUIM, empaque",
CF-10000,CF,10000,aves_cargadas_anio,,2.50752e+06,,aves/año,"03_produccion_primaria/escenarios_produccion.csv (modelo_escenarios_produccion.py, vía 14B)",aves_cargadas_anio,"perfil medio, desempeño medio",DIRECTO,[ESTIMACIÓN],"captura, pago por ave",
CF-10000,CF,10000,pollitos_alojados_anio,,2.6395e+06,,pollitos/año,"03_produccion_primaria/escenarios_produccion.csv (modelo_escenarios_produccion.py, vía 14B)",pollitos_alojados_anio,"perfil medio, desempeño medio",DIRECTO,[ESTIMACIÓN],sanidad de crianza,
CF-10000,CF,10000,kg_vivo_cargado_anio,,7.27182e+06,,kg vivo/año,"03_produccion_primaria/escenarios_produccion.csv (modelo_escenarios_produccion.py, vía 14B)",kg_vivo_cargado_anio,"perfil medio, desempeño medio",DIRECTO,[ESTIMACIÓN],pago por kg vivo,
CF-10000,CF,10000,mortalidad_granja_aves_anio,,131975,,aves/año,"03_produccion_primaria/escenarios_produccion.csv (modelo_escenarios_produccion.py, vía 14B)",mortalidad_granja_aves_anio,"perfil medio, desempeño medio",DIRECTO,[ESTIMACIÓN],retiro de mortalidad,
CF-10000,CF,10000,agua_bebida_m3_anio,,22251.8,,m³/año,"03_produccion_primaria/escenarios_produccion.csv (modelo_escenarios_produccion.py, vía 14B)",agua_bebida_m3_anio,"perfil medio, desempeño medio",DIRECTO,[ESTIMACIÓN],agua de granja propia,
CF-10000,CF,10000,ciclos_anio,,5.71048,,ciclos/año,"03_produccion_primaria/escenarios_produccion.csv (modelo_escenarios_produccion.py, vía 14B)",ciclos_anio,"perfil medio, desempeño medio",DIRECTO,[ESTIMACIÓN],limpieza de galpones,
CF-10000,CF,10000,m2_galpon,,37942.6,,m²,"03_produccion_primaria/escenarios_produccion.csv (modelo_escenarios_produccion.py, vía 14B)",m2_galpon,"perfil medio, desempeño medio",DIRECTO,[ESTIMACIÓN],limpieza y bioseguridad de galpones,
CF-10000,CF,10000,inventario_aves_promedio_anual,,331383,,aves,"03_produccion_primaria/escenarios_produccion.csv (modelo_escenarios_produccion.py, vía 14B)",inventario_aves_promedio_anual,"perfil medio, desempeño medio",DIRECTO,[ESTIMACIÓN],activo biológico (capital de trabajo),
CF-10000,CF,10000,pollitos_a_recibir_anio,,2.6395e+06,,pollitos/año,14_alimento_balanceado/escenarios_upstream.csv (modelo_upstream.py),pollitos_a_recibir_anio,margen_pedido = 0 (SUP-142),DIRECTO,[ESTIMACIÓN],POL-COMPRA / base de incubación,
CF-10000,CF,10000,pollitos_a_recibir_semana_plena,,52789.9,,pollitos/semana,14_alimento_balanceado/escenarios_upstream.csv (modelo_upstream.py),pollitos_a_recibir_semana_plena,,DIRECTO,[ESTIMACIÓN],incubación (14B),
CF-10000,CF,10000,alimento_t_anio,,12362.1,,t/año,14_alimento_balanceado/escenarios_upstream.csv (modelo_upstream.py),alimento_t_anio,,DIRECTO,[ESTIMACIÓN] (03: peso × FCR),alimento comprado / elaborado / materias primas,
CF-10000,CF,10000,alimento_t_semana_plena,,247.242,,t/semana,14_alimento_balanceado/escenarios_upstream.csv (modelo_upstream.py),alimento_t_semana_plena,,DIRECTO,[ESTIMACIÓN],anualización de viajes de alimento,
CF-10000,CF,10000,mp_maiz_t_anio,,7417.25,,t/año,14_alimento_balanceado/escenarios_upstream.csv (modelo_upstream.py),alimento_t_anio × maiz (0.6),,DIRECTO,[SUPUESTO] composición ilustrativa 14B,ALI-MP-*,NO es una fórmula de dieta; mermas aparte (ALI-MERMA)
CF-10000,CF,10000,mp_harina_soja_t_anio,,3708.63,,t/año,14_alimento_balanceado/escenarios_upstream.csv (modelo_upstream.py),alimento_t_anio × harina_soja (0.3),,DIRECTO,[SUPUESTO] composición ilustrativa 14B,ALI-MP-*,NO es una fórmula de dieta; mermas aparte (ALI-MERMA)
CF-10000,CF,10000,mp_resto_t_anio,,1236.21,,t/año,14_alimento_balanceado/escenarios_upstream.csv (modelo_upstream.py),alimento_t_anio × resto (0.1),,DIRECTO,[SUPUESTO] composición ilustrativa 14B,ALI-MP-*,NO es una fórmula de dieta; mermas aparte (ALI-MERMA)
CF-10000,CF,10000,huevos_por_pollito_vendible,,1.23844,,huevos/pollito,14_alimento_balanceado/escenarios_upstream.csv (modelo_upstream.py),huevos_por_pollito_vendible,cadencia=2; margen=0.15; nivel medio,DIRECTO,[SUPUESTO] fertilidad/incubabilidad (SUP-143),,
CF-10000,CF,10000,huevos_recibidos_anio,,3.26887e+06,,huevos/año,20_opex/modelo_opex.py,huevos_por_pollito_vendible × pollitos_a_recibir_anio,,DERIVADO_OPEX,[ESTIMACIÓN],INC-OP-HUEVO,"14B publica 3408963 = ritmo pleno × 52,14 semanas (cota superior)"
CF-10000,CF,10000,cargas_incubacion_anio,,100,,cargas/año,20_opex/modelo_opex.py,cargas_semana (14B) × semanas equivalentes,,DERIVADO_OPEX,[SUPUESTO] cadencia de ESCENARIO,INC-OP-LIM,
CF-10000,CF,10000,descartes_incubacion_anio,,629371,,unidades/año,20_opex/modelo_opex.py,(huevos recibidos − pollitos vendibles) × semanas equivalentes,,DERIVADO_OPEX,[ESTIMACIÓN],INC-OP-DES,
CF-10000,CF,10000,stock_huevos_almacen,,46698.1,,huevos,20_opex/modelo_opex.py,huevos_recibidos_semana × 5 d / 7,,DERIVADO_OPEX,[SUPUESTO] días de almacén (SUP-145),capital de trabajo (sin margen de capacidad),
CF-10000,CF,10000,huevos_en_proceso_wip,,194032,,huevos,14_alimento_balanceado/escenarios_upstream.csv (modelo_upstream.py),huevos_en_proceso_wip,,DIRECTO,[ESTIMACIÓN],capital de trabajo,
CF-10000,CF,10000,kwh_anio,1.47305e+06,2.5089e+06,4.46125e+06,kWh/año,"11_agua_efluentes/escenarios_utilities.csv (modelo_utilities.py, vía 12C)",kwh_total_anio,"perfil P2, 8 h, config. B; nivel bajo/medio/alto de 09C",CALCULO_MODELO_FUENTE,[ESTIMACIÓN],"UT-ELE-KWH (incluye frío, aire, bombeo, efluentes aerobios)","UNIVERSO 09C = planta de FAENA; no se extiende a incubación, alimento, granjas ni rendering"
CF-10000,CF,10000,kwh_frio_proceso_anio,380625,634375,1.14188e+06,kWh/año,"11_agua_efluentes/escenarios_utilities.csv (modelo_utilities.py, vía 12C)",kwh_proceso_frio_de_proceso_agua_helada_hielo_dia × 250,"perfil P2, 8 h, config. B; nivel bajo/medio/alto de 09C",CALCULO_MODELO_FUENTE,[SUPUESTO] reparto ilustrativo,INFORMATIVO: ya incluido en kwh_anio (no se duplica),"UNIVERSO 09C = planta de FAENA; no se extiende a incubación, alimento, granjas ni rendering"
CF-10000,CF,10000,kwh_congelacion_anio,287578,455332,623086,kWh/año,"11_agua_efluentes/escenarios_utilities.csv (modelo_utilities.py, vía 12C)",kwh_congelacion_dia × 250,"perfil P2, 8 h, config. B; nivel bajo/medio/alto de 09C",CALCULO_MODELO_FUENTE,[ESTIMACIÓN],INFORMATIVO: ya incluido en kwh_anio,"UNIVERSO 09C = planta de FAENA; no se extiende a incubación, alimento, granjas ni rendering"
CF-10000,CF,10000,kwh_almacen_frio_anio,81348.6,162697,276410,kWh/año,"11_agua_efluentes/escenarios_utilities.csv (modelo_utilities.py, vía 12C)",kwh_almacenamiento_frio_dia_calendario × 365,"perfil P2, 8 h, config. B; nivel bajo/medio/alto de 09C",CALCULO_MODELO_FUENTE,[ESTIMACIÓN],INFORMATIVO: ya incluido en kwh_anio,"UNIVERSO 09C = planta de FAENA; no se extiende a incubación, alimento, granjas ni rendering"
CF-10000,CF,10000,kwh_efluentes_anio,16625,78375,299250,kWh/año,"11_agua_efluentes/escenarios_utilities.csv (modelo_utilities.py, vía 12C)",kwh_tratamiento_aerobio_dia × 250,"perfil P2, 8 h, config. B; nivel bajo/medio/alto de 09C",CALCULO_MODELO_FUENTE,[ESTIMACIÓN],INFORMATIVO: ya incluido en kwh_anio,"UNIVERSO 09C = planta de FAENA; no se extiende a incubación, alimento, granjas ni rendering"
CF-10000,CF,10000,kwh_bombeo_anio,108750,181250,326250,kWh/año,"11_agua_efluentes/escenarios_utilities.csv (modelo_utilities.py, vía 12C)",kwh_proceso_bombas_agua_y_efluentes_dia × 250,"perfil P2, 8 h, config. B; nivel bajo/medio/alto de 09C",CALCULO_MODELO_FUENTE,[ESTIMACIÓN],INFORMATIVO: ya incluido en kwh_anio,"UNIVERSO 09C = planta de FAENA; no se extiende a incubación, alimento, granjas ni rendering"
CF-10000,CF,10000,agua_m3_anio,37500,62500,95000,m³/año,"11_agua_efluentes/escenarios_utilities.csv (modelo_utilities.py, vía 12C)",agua_captada_m3_dia × 250,"perfil P2, 8 h, config. B; nivel bajo/medio/alto de 09C",CALCULO_MODELO_FUENTE,[ESTIMACIÓN],UT-AGUA-*,"UNIVERSO 09C = planta de FAENA; no se extiende a incubación, alimento, granjas ni rendering"
CF-10000,CF,10000,agua_limpieza_m3_anio,7500,12500,18750,m³/año,"11_agua_efluentes/escenarios_utilities.csv (modelo_utilities.py, vía 12C)",agua_limpieza_m3_dia × 250,"perfil P2, 8 h, config. B; nivel bajo/medio/alto de 09C",CALCULO_MODELO_FUENTE,[ESTIMACIÓN],INFORMATIVO: ya incluida en agua_m3_anio,"UNIVERSO 09C = planta de FAENA; no se extiende a incubación, alimento, granjas ni rendering"
CF-10000,CF,10000,efluente_m3_anio,30000,55000,90250,m³/año,"11_agua_efluentes/escenarios_utilities.csv (modelo_utilities.py, vía 12C)",agua_descargada_m3_dia × 250,"perfil P2, 8 h, config. B; nivel bajo/medio/alto de 09C",CALCULO_MODELO_FUENTE,[ESTIMACIÓN],"EF-QUIM, EF-CANON","UNIVERSO 09C = planta de FAENA; no se extiende a incubación, alimento, granjas ni rendering"
CF-10000,CF,10000,energia_termica_kwh_t_anio,376330,926346,2.46733e+06,kWh_t/año,"11_agua_efluentes/escenarios_utilities.csv (modelo_utilities.py, vía 12C)",energia_combustible_kwh_termicos_dia × 250,"perfil P2, 8 h, config. B; nivel bajo/medio/alto de 09C",CALCULO_MODELO_FUENTE,[ESTIMACIÓN],UT-TER-* (combustible),"UNIVERSO 09C = planta de FAENA; no se extiende a incubación, alimento, granjas ni rendering"
CF-10000,CF,10000,combustible_gas_natural_anio,34827.4,85728.7,228339,m³/año,"11_agua_efluentes/escenarios_utilities.csv (modelo_utilities.py, vía 12C)",equivalente_gas_natural_m3_dia × 250,"perfil P2, 8 h, config. B; nivel bajo/medio/alto de 09C",CALCULO_MODELO_FUENTE,[SUPUESTO] PCI,UT-TER (gas_natural) si se elige,"UNIVERSO 09C = planta de FAENA; no se extiende a incubación, alimento, granjas ni rendering"
CF-10000,CF,10000,combustible_glp_anio,29451.9,72496.7,193095,kg/año,"11_agua_efluentes/escenarios_utilities.csv (modelo_utilities.py, vía 12C)",equivalente_glp_kg_dia × 250,"perfil P2, 8 h, config. B; nivel bajo/medio/alto de 09C",CALCULO_MODELO_FUENTE,[SUPUESTO] PCI,UT-TER (glp) si se elige,"UNIVERSO 09C = planta de FAENA; no se extiende a incubación, alimento, granjas ni rendering"
CF-10000,CF,10000,combustible_biomasa_anio,96770.5,238203,634455,kg/año,"11_agua_efluentes/escenarios_utilities.csv (modelo_utilities.py, vía 12C)",equivalente_biomasa_chip_kg_dia × 250,"perfil P2, 8 h, config. B; nivel bajo/medio/alto de 09C",CALCULO_MODELO_FUENTE,[SUPUESTO] PCI,UT-TER (biomasa) si se elige,"UNIVERSO 09C = planta de FAENA; no se extiende a incubación, alimento, granjas ni rendering"
CF-10000,CF,10000,subproducto_sangre_t_anio,209.525,209.525,209.525,t/año,"11_agua_efluentes/escenarios_utilities.csv (modelo_utilities.py, vía 12C)",segregable_sangre_recuperada_t_dia × 250,"perfil P2, 8 h, config. B; nivel bajo/medio/alto de 09C",CALCULO_MODELO_FUENTE,[ESTIMACIÓN],SUB-RET-SANGRE,"UNIVERSO 09C = planta de FAENA; no se extiende a incubación, alimento, granjas ni rendering"
CF-10000,CF,10000,subproducto_plumas_t_anio,603.2,603.2,603.2,t/año,"11_agua_efluentes/escenarios_utilities.csv (modelo_utilities.py, vía 12C)",segregable_plumas_t_dia × 250,"perfil P2, 8 h, config. B; nivel bajo/medio/alto de 09C",CALCULO_MODELO_FUENTE,[ESTIMACIÓN],SUB-RET-PLUMAS,"UNIVERSO 09C = planta de FAENA; no se extiende a incubación, alimento, granjas ni rendering"
CF-10000,CF,10000,subproducto_visceras_t_anio,326.25,326.25,326.25,t/año,"11_agua_efluentes/escenarios_utilities.csv (modelo_utilities.py, vía 12C)",segregable_visceras_t_dia × 250,"perfil P2, 8 h, config. B; nivel bajo/medio/alto de 09C",CALCULO_MODELO_FUENTE,[ESTIMACIÓN],SUB-RET-VISCERAS,"UNIVERSO 09C = planta de FAENA; no se extiende a incubación, alimento, granjas ni rendering"
CF-10000,CF,10000,subproducto_cabezas_t_anio,181.25,181.25,181.25,t/año,"11_agua_efluentes/escenarios_utilities.csv (modelo_utilities.py, vía 12C)",segregable_cabeza_t_dia × 250,"perfil P2, 8 h, config. B; nivel bajo/medio/alto de 09C",CALCULO_MODELO_FUENTE,[ESTIMACIÓN],SUB-RET-CABEZAS,"UNIVERSO 09C = planta de FAENA; no se extiende a incubación, alimento, granjas ni rendering"
CF-10000,CF,10000,decomisos_t_anio,,100.36,,t/año,04_balance_masa/escenarios_balance.csv (modelo_balance_masa.py),Σ filas 'decomiso*' de balance() × aves/año,,CALCULO_MODELO_FUENTE,[ESTIMACIÓN] condenas medias,SUB-RET-DECOMISOS,
CF-10000,CF,10000,kg_producto_anio,,5.99121e+06,,kg producto/año,05_proceso_industrial/capacidad_proceso.csv (modelo_capacidad_proceso.py),kg_ave_config()['comestible_a_empaque'] × aves/año,,CALCULO_MODELO_FUENTE,[ESTIMACIÓN] balance v1.1,"EMP-* (base comercial; incluye garras y menudencias, 12B)",
CF-10000,CF,10000,refrigerado_t_anio,,3594.73,,t/año,13_logistica/escenarios_logistica.csv (modelo_logistica.py),refrigerado_t_semana × semanas operativas,"perfil P2; 6 despachos refrigerado y 2 congelado/sem; 12 t; 300 km (ESCENARIO, SUP-16-20)",CALCULO_MODELO_FUENTE,[ESTIMACIÓN],flujo refrigerado,
CF-10000,CF,10000,refrigerado_viajes_anio,,300,,viajes/año,13_logistica/escenarios_logistica.csv (modelo_logistica.py),refrigerado_viajes_semana × semanas,"perfil P2; 6 despachos refrigerado y 2 congelado/sem; 12 t; 300 km (ESCENARIO, SUP-16-20)",CALCULO_MODELO_FUENTE,[ESTIMACIÓN] capacidad de ESCENARIO,LOG-REF-*,
CF-10000,CF,10000,refrigerado_km_anio,,180000,,km/año,13_logistica/escenarios_logistica.csv (modelo_logistica.py),refrigerado_km_dia_despacho × despachos/semana × semanas,"perfil P2; 6 despachos refrigerado y 2 congelado/sem; 12 t; 300 km (ESCENARIO, SUP-16-20)",CALCULO_MODELO_FUENTE,[ESTIMACIÓN] troncal; reparto capilar PENDIENTE (DEC-053),LOG-REF-*,
CF-10000,CF,10000,stock_refrigerado_medio_t,,17.1177,,t,13_logistica/escenarios_logistica.csv (modelo_logistica.py),"inventario(t_dia_op, despachos=6): stock_ciclo_medio + seguridad (0)",,CALCULO_MODELO_FUENTE,[ESTIMACIÓN]; stock comercial adicional PENDIENTE,capital de trabajo,
CF-10000,CF,10000,congelado_t_anio,,2396.48,,t/año,13_logistica/escenarios_logistica.csv (modelo_logistica.py),congelado_t_semana × semanas operativas,"perfil P2; 6 despachos refrigerado y 2 congelado/sem; 12 t; 300 km (ESCENARIO, SUP-16-20)",CALCULO_MODELO_FUENTE,[ESTIMACIÓN],flujo congelado,
CF-10000,CF,10000,congelado_viajes_anio,,200,,viajes/año,13_logistica/escenarios_logistica.csv (modelo_logistica.py),congelado_viajes_semana × semanas,"perfil P2; 6 despachos refrigerado y 2 congelado/sem; 12 t; 300 km (ESCENARIO, SUP-16-20)",CALCULO_MODELO_FUENTE,[ESTIMACIÓN] capacidad de ESCENARIO,LOG-CON-*,
CF-10000,CF,10000,congelado_km_anio,,120000,,km/año,13_logistica/escenarios_logistica.csv (modelo_logistica.py),congelado_km_dia_despacho × despachos/semana × semanas,"perfil P2; 6 despachos refrigerado y 2 congelado/sem; 12 t; 300 km (ESCENARIO, SUP-16-20)",CALCULO_MODELO_FUENTE,[ESTIMACIÓN] troncal; reparto capilar PENDIENTE (DEC-053),LOG-CON-*,
CF-10000,CF,10000,stock_congelado_medio_t,,28.0731,,t,13_logistica/escenarios_logistica.csv (modelo_logistica.py),"inventario(t_dia_op, despachos=2): stock_ciclo_medio + seguridad (0)",,CALCULO_MODELO_FUENTE,[ESTIMACIÓN]; stock comercial adicional PENDIENTE,capital de trabajo,
CF-10000,CF,10000,vivo_viajes_anio,,500,,viajes/año,13_logistica/escenarios_logistica.csv (modelo_logistica.py),viajes_dia × días,radio 100 km; 5500 aves/camión (ESCENARIO),DIRECTO,[ESTIMACIÓN],LOG-VIV-*,
CF-10000,CF,10000,vivo_km_anio,,86666.7,,km/año,13_logistica/escenarios_logistica.csv (modelo_logistica.py),km_total_dia × días,radio 100 km; 5500 aves/camión (ESCENARIO),DIRECTO,[ESTIMACIÓN],LOG-VIV-*,
CF-10000,CF,10000,vivo_t_anio,,7271.82,,t/año,13_logistica/escenarios_logistica.csv (modelo_logistica.py),t_vivo_cargado_dia × días,radio 100 km; 5500 aves/camión (ESCENARIO),DIRECTO,[ESTIMACIÓN],LOG-VIV-TER-UNI,
CF-10000,CF,10000,alimento_viajes_anio,,450,,viajes/año,13_logistica/escenarios_logistica.csv (modelo_logistica.py),alimento_viajes_semana × (t_año ÷ t_semana_plena),granelero 28 t; 75 km fábrica–granja (ESCENARIO),DIRECTO,[ESTIMACIÓN],LOG-ALI-*,
CF-10000,CF,10000,alimento_km_anio,,67500,,km/año,13_logistica/escenarios_logistica.csv (modelo_logistica.py),alimento_km_semana × (t_año ÷ t_semana_plena),granelero 28 t; 75 km fábrica–granja (ESCENARIO),DIRECTO,[ESTIMACIÓN],LOG-ALI-*,
CF-10000,CF,10000,grano_t_anio,,11125.9,,t/año,20_opex/modelo_opex.py,mp maíz + harina de soja (t/año),,DERIVADO_OPEX,[ESTIMACIÓN],LOG-GRA-TER-UNI,
CF-10000,CF,10000,grano_viajes_anio,,,,viajes/año,14_alimento_balanceado/escenarios_upstream.csv (modelo_upstream.py),viajes_grano_semana (cap_grano = None),,PENDIENTE,"PENDIENTE (capacidad y distancia del acopio, DPV-157)",LOG-GRA-*,
CF-10000,CF,10000,pollitos_viajes_anio,,,,viajes/año,13_logistica/escenarios_logistica.csv (modelo_logistica.py),pollitos_viajes_semana (cap_pollitos = None),,PENDIENTE,"PENDIENTE (DPV-047, DPV-084)",LOG-POL-*,
CF-10000,CF,10000,subproductos_viajes_anio,,1000,,viajes/año,13_logistica/escenarios_logistica.csv (modelo_logistica.py),Σ viajes_semana_criterio_masa × semanas,,CALCULO_MODELO_FUENTE,"COTA INFERIOR (volumétrico PENDIENTE, DPV-135)",LOG-SUB-*,
CF-10000,CF,10000,subproductos_km_anio,,100000,,km/año,13_logistica/escenarios_logistica.csv (modelo_logistica.py),Σ km_semana_criterio_masa × semanas,,CALCULO_MODELO_FUENTE,COTA INFERIOR,LOG-SUB-*,
CF-10000,CF,10000,subproductos_t_anio,,1520.88,,t/año,13_logistica/escenarios_logistica.csv (modelo_logistica.py),Σ t_semana × semanas,,CALCULO_MODELO_FUENTE,[ESTIMACIÓN],LOG-SUB-TER-UNI,
CF-10000,CF,10000,vehiculos_POL,,,,vehículos,19_capex/boq_capex.csv (modelo_capex.py),flota[pollitos].unidades,,PENDIENTE,PENDIENTE,"LOG-POL-PAT, SEG-FLOTA-POL",
CF-10000,CF,10000,vehiculos_HUE,,,,vehículos,19_capex/boq_capex.csv (modelo_capex.py),—,,PENDIENTE,PENDIENTE,"LOG-HUE-PAT, SEG-FLOTA-HUE",
CF-10000,CF,10000,vehiculos_ALI,,2,,vehículos,19_capex/boq_capex.csv (modelo_capex.py),flota[alimento].unidades,,CONSUMIDO_CAPEX,[ESTIMACIÓN] con reserva SUP-16-02,"LOG-ALI-PAT, SEG-FLOTA-ALI",
CF-10000,CF,10000,vehiculos_GRA,,,,vehículos,19_capex/boq_capex.csv (modelo_capex.py),—,,PENDIENTE,PENDIENTE,"LOG-GRA-PAT, SEG-FLOTA-GRA",
CF-10000,CF,10000,vehiculos_VIV,,3,,vehículos,19_capex/boq_capex.csv (modelo_capex.py),flota[vivo].unidades,,CONSUMIDO_CAPEX,[ESTIMACIÓN] con reserva SUP-16-02,"LOG-VIV-PAT, SEG-FLOTA-VIV",
CF-10000,CF,10000,vehiculos_REF,,2,,vehículos,19_capex/boq_capex.csv (modelo_capex.py),flota[refrigerado].unidades,,CONSUMIDO_CAPEX,[ESTIMACIÓN] con reserva SUP-16-02,"LOG-REF-PAT, SEG-FLOTA-REF",
CF-10000,CF,10000,vehiculos_CON,,3,,vehículos,19_capex/boq_capex.csv (modelo_capex.py),flota[congelado].unidades,,CONSUMIDO_CAPEX,[ESTIMACIÓN] con reserva SUP-16-02,"LOG-CON-PAT, SEG-FLOTA-CON",
CF-10000,CF,10000,vehiculos_SUB,,3,,vehículos,19_capex/boq_capex.csv (modelo_capex.py),flota[subproductos].unidades,,CONSUMIDO_CAPEX,[ESTIMACIÓN] con reserva SUP-16-02,"LOG-SUB-PAT, SEG-FLOTA-SUB",
CF-10000,CF,10000,fte_industrial_14a,,106.754,,FTE,18_recursos_humanos/escenarios_rrhh.csv (modelo_rrhh.py),fte_total,turnos=extendido; autom=semiautomatico; limpieza=propia; mant=propio; lab=propio,CALCULO_MODELO_FUENTE,[SUPUESTO] productividad,"RRHH INDUSTRIAL + estructura + coordinación primaria (14A). NO es el FTE total de una empresa verticalmente integrada: granjas propias, incubación, planta de alimento, reproductoras y rendering no están dimensionados","headcount de nómina PENDIENTE (factor de cobertura no validado); incluye horas de terceros que luego pueden quedar INCLUIDAS en tarifas (faenador, choferes)"
CF-10000,CF,10000,fte_directos_14a,,47.3522,,FTE,18_recursos_humanos/escenarios_rrhh.csv (modelo_rrhh.py),fte_interno + fte_tercerizado (directo),,CALCULO_MODELO_FUENTE,[SUPUESTO],FAE-CUCH,
CF-10000,CF,10000,horas_brecha_jornada_anio,,21657.8,,h-persona/año,18_recursos_humanos/escenarios_rrhh.csv (modelo_rrhh.py),horas_persona_brecha_jornada_dia × días,,CALCULO_MODELO_FUENTE,[ESTIMACIÓN],INFORMATIVO: no son horas extra automáticas (DPV-146),
CF-10000,CF,10000,headcount_nomina,,,,personas,18_recursos_humanos/escenarios_rrhh.csv (modelo_rrhh.py),headcount_nomina,,PENDIENTE,PENDIENTE (factor de cobertura),NO se usa: costeo provisional por FTE,
CF-10000,CF,10000,fraccion_granjas_propias,,1,,fracción,19_capex/boq_capex.csv (modelo_capex.py),fraccion_granjas_propias,,CONSUMIDO_CAPEX,ESCENARIO (SUP-16-09),reparto propia / integrada,
CF-10000,CF,10000,kwh_granja,,,,—,20_opex/modelo_opex.py,—,,PENDIENTE,PENDIENTE: el módulo fuente no lo dimensiona,concepto PENDIENTE_CANTIDAD (no se inventa),
CF-10000,CF,10000,gas_granja,,,,—,20_opex/modelo_opex.py,—,,PENDIENTE,PENDIENTE: el módulo fuente no lo dimensiona,concepto PENDIENTE_CANTIDAD (no se inventa),
CF-10000,CF,10000,cama_t,,,,—,20_opex/modelo_opex.py,—,,PENDIENTE,PENDIENTE: el módulo fuente no lo dimensiona,concepto PENDIENTE_CANTIDAD (no se inventa),
CF-10000,CF,10000,personal_granja,,,,—,20_opex/modelo_opex.py,—,,PENDIENTE,PENDIENTE: el módulo fuente no lo dimensiona,concepto PENDIENTE_CANTIDAD (no se inventa),
CF-10000,CF,10000,personal_incubadora,,,,—,20_opex/modelo_opex.py,—,,PENDIENTE,PENDIENTE: el módulo fuente no lo dimensiona,concepto PENDIENTE_CANTIDAD (no se inventa),
CF-10000,CF,10000,personal_planta_alimento,,,,—,20_opex/modelo_opex.py,—,,PENDIENTE,PENDIENTE: el módulo fuente no lo dimensiona,concepto PENDIENTE_CANTIDAD (no se inventa),
CF-10000,CF,10000,personal_reproductoras,,,,—,20_opex/modelo_opex.py,—,,PENDIENTE,PENDIENTE: el módulo fuente no lo dimensiona,concepto PENDIENTE_CANTIDAD (no se inventa),
CF-10000,CF,10000,personal_rendering,,,,—,20_opex/modelo_opex.py,—,,PENDIENTE,PENDIENTE: el módulo fuente no lo dimensiona,concepto PENDIENTE_CANTIDAD (no se inventa),
CF-10000,CF,10000,kwh_incubadora,,,,—,20_opex/modelo_opex.py,—,,PENDIENTE,PENDIENTE: el módulo fuente no lo dimensiona,concepto PENDIENTE_CANTIDAD (no se inventa),
CF-10000,CF,10000,agua_incubadora,,,,—,20_opex/modelo_opex.py,—,,PENDIENTE,PENDIENTE: el módulo fuente no lo dimensiona,concepto PENDIENTE_CANTIDAD (no se inventa),
CF-10000,CF,10000,kwh_planta_alimento,,,,—,20_opex/modelo_opex.py,—,,PENDIENTE,PENDIENTE: el módulo fuente no lo dimensiona,concepto PENDIENTE_CANTIDAD (no se inventa),
CF-10000,CF,10000,vapor_planta_alimento,,,,—,20_opex/modelo_opex.py,—,,PENDIENTE,PENDIENTE: el módulo fuente no lo dimensiona,concepto PENDIENTE_CANTIDAD (no se inventa),
CF-10000,CF,10000,agua_planta_alimento,,,,—,20_opex/modelo_opex.py,—,,PENDIENTE,PENDIENTE: el módulo fuente no lo dimensiona,concepto PENDIENTE_CANTIDAD (no se inventa),
CF-10000,CF,10000,kwh_rendering,,,,—,20_opex/modelo_opex.py,—,,PENDIENTE,PENDIENTE: el módulo fuente no lo dimensiona,concepto PENDIENTE_CANTIDAD (no se inventa),
CF-10000,CF,10000,lodos_t,,,,—,20_opex/modelo_opex.py,—,,PENDIENTE,PENDIENTE: el módulo fuente no lo dimensiona,concepto PENDIENTE_CANTIDAD (no se inventa),
CF-10000,CF,10000,potencia_contratada_kw,,,,—,20_opex/modelo_opex.py,—,,PENDIENTE,PENDIENTE: el módulo fuente no lo dimensiona,concepto PENDIENTE_CANTIDAD (no se inventa),
CF-20000,CF,20000,dias_operativos_anio,,250,,d/año,19_capex/modelo_capex.py,dias_anio(),,CONSUMIDO_CAPEX,[SUPUESTO] SUP-025,anualización de drivers por día operativo,
CF-20000,CF,20000,semanas_operativas_anio,,50,,semanas/año,20_opex/modelo_opex.py,días operativos ÷ días/semana,,DERIVADO_OPEX,[ESTIMACIÓN],"anualización de drivers semanales de 12B (producto, subproductos)",
CF-20000,CF,20000,aves_faenadas_anio,,5000000,,aves/año,"03_produccion_primaria/escenarios_produccion.csv (modelo_escenarios_produccion.py, vía 14B)",aves_faenadas_anio,"perfil medio, desempeño medio",DIRECTO,[ESTIMACIÓN],"FAE-FACON, FAE-QUIM, empaque",
CF-20000,CF,20000,aves_cargadas_anio,,5.01505e+06,,aves/año,"03_produccion_primaria/escenarios_produccion.csv (modelo_escenarios_produccion.py, vía 14B)",aves_cargadas_anio,"perfil medio, desempeño medio",DIRECTO,[ESTIMACIÓN],"captura, pago por ave",
CF-20000,CF,20000,pollitos_alojados_anio,,5.27899e+06,,pollitos/año,"03_produccion_primaria/escenarios_produccion.csv (modelo_escenarios_produccion.py, vía 14B)",pollitos_alojados_anio,"perfil medio, desempeño medio",DIRECTO,[ESTIMACIÓN],sanidad de crianza,
CF-20000,CF,20000,kg_vivo_cargado_anio,,1.45436e+07,,kg vivo/año,"03_produccion_primaria/escenarios_produccion.csv (modelo_escenarios_produccion.py, vía 14B)",kg_vivo_cargado_anio,"perfil medio, desempeño medio",DIRECTO,[ESTIMACIÓN],pago por kg vivo,
CF-20000,CF,20000,mortalidad_granja_aves_anio,,263950,,aves/año,"03_produccion_primaria/escenarios_produccion.csv (modelo_escenarios_produccion.py, vía 14B)",mortalidad_granja_aves_anio,"perfil medio, desempeño medio",DIRECTO,[ESTIMACIÓN],retiro de mortalidad,
CF-20000,CF,20000,agua_bebida_m3_anio,,44503.5,,m³/año,"03_produccion_primaria/escenarios_produccion.csv (modelo_escenarios_produccion.py, vía 14B)",agua_bebida_m3_anio,"perfil medio, desempeño medio",DIRECTO,[ESTIMACIÓN],agua de granja propia,
CF-20000,CF,20000,ciclos_anio,,5.71048,,ciclos/año,"03_produccion_primaria/escenarios_produccion.csv (modelo_escenarios_produccion.py, vía 14B)",ciclos_anio,"perfil medio, desempeño medio",DIRECTO,[ESTIMACIÓN],limpieza de galpones,
CF-20000,CF,20000,m2_galpon,,75885.1,,m²,"03_produccion_primaria/escenarios_produccion.csv (modelo_escenarios_produccion.py, vía 14B)",m2_galpon,"perfil medio, desempeño medio",DIRECTO,[ESTIMACIÓN],limpieza y bioseguridad de galpones,
CF-20000,CF,20000,inventario_aves_promedio_anual,,662767,,aves,"03_produccion_primaria/escenarios_produccion.csv (modelo_escenarios_produccion.py, vía 14B)",inventario_aves_promedio_anual,"perfil medio, desempeño medio",DIRECTO,[ESTIMACIÓN],activo biológico (capital de trabajo),
CF-20000,CF,20000,pollitos_a_recibir_anio,,5.27899e+06,,pollitos/año,14_alimento_balanceado/escenarios_upstream.csv (modelo_upstream.py),pollitos_a_recibir_anio,margen_pedido = 0 (SUP-142),DIRECTO,[ESTIMACIÓN],POL-COMPRA / base de incubación,
CF-20000,CF,20000,pollitos_a_recibir_semana_plena,,105580,,pollitos/semana,14_alimento_balanceado/escenarios_upstream.csv (modelo_upstream.py),pollitos_a_recibir_semana_plena,,DIRECTO,[ESTIMACIÓN],incubación (14B),
CF-20000,CF,20000,alimento_t_anio,,24724.2,,t/año,14_alimento_balanceado/escenarios_upstream.csv (modelo_upstream.py),alimento_t_anio,,DIRECTO,[ESTIMACIÓN] (03: peso × FCR),alimento comprado / elaborado / materias primas,
CF-20000,CF,20000,alimento_t_semana_plena,,494.483,,t/semana,14_alimento_balanceado/escenarios_upstream.csv (modelo_upstream.py),alimento_t_semana_plena,,DIRECTO,[ESTIMACIÓN],anualización de viajes de alimento,
CF-20000,CF,20000,mp_maiz_t_anio,,14834.5,,t/año,14_alimento_balanceado/escenarios_upstream.csv (modelo_upstream.py),alimento_t_anio × maiz (0.6),,DIRECTO,[SUPUESTO] composición ilustrativa 14B,ALI-MP-*,NO es una fórmula de dieta; mermas aparte (ALI-MERMA)
CF-20000,CF,20000,mp_harina_soja_t_anio,,7417.25,,t/año,14_alimento_balanceado/escenarios_upstream.csv (modelo_upstream.py),alimento_t_anio × harina_soja (0.3),,DIRECTO,[SUPUESTO] composición ilustrativa 14B,ALI-MP-*,NO es una fórmula de dieta; mermas aparte (ALI-MERMA)
CF-20000,CF,20000,mp_resto_t_anio,,2472.42,,t/año,14_alimento_balanceado/escenarios_upstream.csv (modelo_upstream.py),alimento_t_anio × resto (0.1),,DIRECTO,[SUPUESTO] composición ilustrativa 14B,ALI-MP-*,NO es una fórmula de dieta; mermas aparte (ALI-MERMA)
CF-20000,CF,20000,huevos_por_pollito_vendible,,1.23844,,huevos/pollito,14_alimento_balanceado/escenarios_upstream.csv (modelo_upstream.py),huevos_por_pollito_vendible,cadencia=2; margen=0.15; nivel medio,DIRECTO,[SUPUESTO] fertilidad/incubabilidad (SUP-143),,
CF-20000,CF,20000,huevos_recibidos_anio,,6.53774e+06,,huevos/año,20_opex/modelo_opex.py,huevos_por_pollito_vendible × pollitos_a_recibir_anio,,DERIVADO_OPEX,[ESTIMACIÓN],INC-OP-HUEVO,"14B publica 6817926 = ritmo pleno × 52,14 semanas (cota superior)"
CF-20000,CF,20000,cargas_incubacion_anio,,100,,cargas/año,20_opex/modelo_opex.py,cargas_semana (14B) × semanas equivalentes,,DERIVADO_OPEX,[SUPUESTO] cadencia de ESCENARIO,INC-OP-LIM,
CF-20000,CF,20000,descartes_incubacion_anio,,1.25874e+06,,unidades/año,20_opex/modelo_opex.py,(huevos recibidos − pollitos vendibles) × semanas equivalentes,,DERIVADO_OPEX,[ESTIMACIÓN],INC-OP-DES,
CF-20000,CF,20000,stock_huevos_almacen,,93396.2,,huevos,20_opex/modelo_opex.py,huevos_recibidos_semana × 5 d / 7,,DERIVADO_OPEX,[SUPUESTO] días de almacén (SUP-145),capital de trabajo (sin margen de capacidad),
CF-20000,CF,20000,huevos_en_proceso_wip,,388064,,huevos,14_alimento_balanceado/escenarios_upstream.csv (modelo_upstream.py),huevos_en_proceso_wip,,DIRECTO,[ESTIMACIÓN],capital de trabajo,
CF-20000,CF,20000,kwh_anio,2.9461e+06,5.01781e+06,8.92249e+06,kWh/año,"11_agua_efluentes/escenarios_utilities.csv (modelo_utilities.py, vía 12C)",kwh_total_anio,"perfil P2, 8 h, config. B; nivel bajo/medio/alto de 09C",CALCULO_MODELO_FUENTE,[ESTIMACIÓN],"UT-ELE-KWH (incluye frío, aire, bombeo, efluentes aerobios)","UNIVERSO 09C = planta de FAENA; no se extiende a incubación, alimento, granjas ni rendering"
CF-20000,CF,20000,kwh_frio_proceso_anio,761250,1.26875e+06,2.28375e+06,kWh/año,"11_agua_efluentes/escenarios_utilities.csv (modelo_utilities.py, vía 12C)",kwh_proceso_frio_de_proceso_agua_helada_hielo_dia × 250,"perfil P2, 8 h, config. B; nivel bajo/medio/alto de 09C",CALCULO_MODELO_FUENTE,[SUPUESTO] reparto ilustrativo,INFORMATIVO: ya incluido en kwh_anio (no se duplica),"UNIVERSO 09C = planta de FAENA; no se extiende a incubación, alimento, granjas ni rendering"
CF-20000,CF,20000,kwh_congelacion_anio,575156,910664,1.24617e+06,kWh/año,"11_agua_efluentes/escenarios_utilities.csv (modelo_utilities.py, vía 12C)",kwh_congelacion_dia × 250,"perfil P2, 8 h, config. B; nivel bajo/medio/alto de 09C",CALCULO_MODELO_FUENTE,[ESTIMACIÓN],INFORMATIVO: ya incluido en kwh_anio,"UNIVERSO 09C = planta de FAENA; no se extiende a incubación, alimento, granjas ni rendering"
CF-20000,CF,20000,kwh_almacen_frio_anio,162697,325395,552821,kWh/año,"11_agua_efluentes/escenarios_utilities.csv (modelo_utilities.py, vía 12C)",kwh_almacenamiento_frio_dia_calendario × 365,"perfil P2, 8 h, config. B; nivel bajo/medio/alto de 09C",CALCULO_MODELO_FUENTE,[ESTIMACIÓN],INFORMATIVO: ya incluido en kwh_anio,"UNIVERSO 09C = planta de FAENA; no se extiende a incubación, alimento, granjas ni rendering"
CF-20000,CF,20000,kwh_efluentes_anio,33250,156750,598500,kWh/año,"11_agua_efluentes/escenarios_utilities.csv (modelo_utilities.py, vía 12C)",kwh_tratamiento_aerobio_dia × 250,"perfil P2, 8 h, config. B; nivel bajo/medio/alto de 09C",CALCULO_MODELO_FUENTE,[ESTIMACIÓN],INFORMATIVO: ya incluido en kwh_anio,"UNIVERSO 09C = planta de FAENA; no se extiende a incubación, alimento, granjas ni rendering"
CF-20000,CF,20000,kwh_bombeo_anio,217500,362500,652500,kWh/año,"11_agua_efluentes/escenarios_utilities.csv (modelo_utilities.py, vía 12C)",kwh_proceso_bombas_agua_y_efluentes_dia × 250,"perfil P2, 8 h, config. B; nivel bajo/medio/alto de 09C",CALCULO_MODELO_FUENTE,[ESTIMACIÓN],INFORMATIVO: ya incluido en kwh_anio,"UNIVERSO 09C = planta de FAENA; no se extiende a incubación, alimento, granjas ni rendering"
CF-20000,CF,20000,agua_m3_anio,75000,125000,190000,m³/año,"11_agua_efluentes/escenarios_utilities.csv (modelo_utilities.py, vía 12C)",agua_captada_m3_dia × 250,"perfil P2, 8 h, config. B; nivel bajo/medio/alto de 09C",CALCULO_MODELO_FUENTE,[ESTIMACIÓN],UT-AGUA-*,"UNIVERSO 09C = planta de FAENA; no se extiende a incubación, alimento, granjas ni rendering"
CF-20000,CF,20000,agua_limpieza_m3_anio,15000,25000,37500,m³/año,"11_agua_efluentes/escenarios_utilities.csv (modelo_utilities.py, vía 12C)",agua_limpieza_m3_dia × 250,"perfil P2, 8 h, config. B; nivel bajo/medio/alto de 09C",CALCULO_MODELO_FUENTE,[ESTIMACIÓN],INFORMATIVO: ya incluida en agua_m3_anio,"UNIVERSO 09C = planta de FAENA; no se extiende a incubación, alimento, granjas ni rendering"
CF-20000,CF,20000,efluente_m3_anio,60000,110000,180500,m³/año,"11_agua_efluentes/escenarios_utilities.csv (modelo_utilities.py, vía 12C)",agua_descargada_m3_dia × 250,"perfil P2, 8 h, config. B; nivel bajo/medio/alto de 09C",CALCULO_MODELO_FUENTE,[ESTIMACIÓN],"EF-QUIM, EF-CANON","UNIVERSO 09C = planta de FAENA; no se extiende a incubación, alimento, granjas ni rendering"
CF-20000,CF,20000,energia_termica_kwh_t_anio,752659,1.85269e+06,4.93465e+06,kWh_t/año,"11_agua_efluentes/escenarios_utilities.csv (modelo_utilities.py, vía 12C)",energia_combustible_kwh_termicos_dia × 250,"perfil P2, 8 h, config. B; nivel bajo/medio/alto de 09C",CALCULO_MODELO_FUENTE,[ESTIMACIÓN],UT-TER-* (combustible),"UNIVERSO 09C = planta de FAENA; no se extiende a incubación, alimento, granjas ni rendering"
CF-20000,CF,20000,combustible_gas_natural_anio,69654.8,171457,456677,m³/año,"11_agua_efluentes/escenarios_utilities.csv (modelo_utilities.py, vía 12C)",equivalente_gas_natural_m3_dia × 250,"perfil P2, 8 h, config. B; nivel bajo/medio/alto de 09C",CALCULO_MODELO_FUENTE,[SUPUESTO] PCI,UT-TER (gas_natural) si se elige,"UNIVERSO 09C = planta de FAENA; no se extiende a incubación, alimento, granjas ni rendering"
CF-20000,CF,20000,combustible_glp_anio,58903.8,144993,386190,kg/año,"11_agua_efluentes/escenarios_utilities.csv (modelo_utilities.py, vía 12C)",equivalente_glp_kg_dia × 250,"perfil P2, 8 h, config. B; nivel bajo/medio/alto de 09C",CALCULO_MODELO_FUENTE,[SUPUESTO] PCI,UT-TER (glp) si se elige,"UNIVERSO 09C = planta de FAENA; no se extiende a incubación, alimento, granjas ni rendering"
CF-20000,CF,20000,combustible_biomasa_anio,193541,476407,1.26891e+06,kg/año,"11_agua_efluentes/escenarios_utilities.csv (modelo_utilities.py, vía 12C)",equivalente_biomasa_chip_kg_dia × 250,"perfil P2, 8 h, config. B; nivel bajo/medio/alto de 09C",CALCULO_MODELO_FUENTE,[SUPUESTO] PCI,UT-TER (biomasa) si se elige,"UNIVERSO 09C = planta de FAENA; no se extiende a incubación, alimento, granjas ni rendering"
CF-20000,CF,20000,subproducto_sangre_t_anio,419.05,419.05,419.05,t/año,"11_agua_efluentes/escenarios_utilities.csv (modelo_utilities.py, vía 12C)",segregable_sangre_recuperada_t_dia × 250,"perfil P2, 8 h, config. B; nivel bajo/medio/alto de 09C",CALCULO_MODELO_FUENTE,[ESTIMACIÓN],SUB-RET-SANGRE,"UNIVERSO 09C = planta de FAENA; no se extiende a incubación, alimento, granjas ni rendering"
CF-20000,CF,20000,subproducto_plumas_t_anio,1206.4,1206.4,1206.4,t/año,"11_agua_efluentes/escenarios_utilities.csv (modelo_utilities.py, vía 12C)",segregable_plumas_t_dia × 250,"perfil P2, 8 h, config. B; nivel bajo/medio/alto de 09C",CALCULO_MODELO_FUENTE,[ESTIMACIÓN],SUB-RET-PLUMAS,"UNIVERSO 09C = planta de FAENA; no se extiende a incubación, alimento, granjas ni rendering"
CF-20000,CF,20000,subproducto_visceras_t_anio,652.5,652.5,652.5,t/año,"11_agua_efluentes/escenarios_utilities.csv (modelo_utilities.py, vía 12C)",segregable_visceras_t_dia × 250,"perfil P2, 8 h, config. B; nivel bajo/medio/alto de 09C",CALCULO_MODELO_FUENTE,[ESTIMACIÓN],SUB-RET-VISCERAS,"UNIVERSO 09C = planta de FAENA; no se extiende a incubación, alimento, granjas ni rendering"
CF-20000,CF,20000,subproducto_cabezas_t_anio,362.5,362.5,362.5,t/año,"11_agua_efluentes/escenarios_utilities.csv (modelo_utilities.py, vía 12C)",segregable_cabeza_t_dia × 250,"perfil P2, 8 h, config. B; nivel bajo/medio/alto de 09C",CALCULO_MODELO_FUENTE,[ESTIMACIÓN],SUB-RET-CABEZAS,"UNIVERSO 09C = planta de FAENA; no se extiende a incubación, alimento, granjas ni rendering"
CF-20000,CF,20000,decomisos_t_anio,,200.721,,t/año,04_balance_masa/escenarios_balance.csv (modelo_balance_masa.py),Σ filas 'decomiso*' de balance() × aves/año,,CALCULO_MODELO_FUENTE,[ESTIMACIÓN] condenas medias,SUB-RET-DECOMISOS,
CF-20000,CF,20000,kg_producto_anio,,1.19824e+07,,kg producto/año,05_proceso_industrial/capacidad_proceso.csv (modelo_capacidad_proceso.py),kg_ave_config()['comestible_a_empaque'] × aves/año,,CALCULO_MODELO_FUENTE,[ESTIMACIÓN] balance v1.1,"EMP-* (base comercial; incluye garras y menudencias, 12B)",
CF-20000,CF,20000,refrigerado_t_anio,,7189.45,,t/año,13_logistica/escenarios_logistica.csv (modelo_logistica.py),refrigerado_t_semana × semanas operativas,"perfil P2; 6 despachos refrigerado y 2 congelado/sem; 12 t; 300 km (ESCENARIO, SUP-16-20)",CALCULO_MODELO_FUENTE,[ESTIMACIÓN],flujo refrigerado,
CF-20000,CF,20000,refrigerado_viajes_anio,,600,,viajes/año,13_logistica/escenarios_logistica.csv (modelo_logistica.py),refrigerado_viajes_semana × semanas,"perfil P2; 6 despachos refrigerado y 2 congelado/sem; 12 t; 300 km (ESCENARIO, SUP-16-20)",CALCULO_MODELO_FUENTE,[ESTIMACIÓN] capacidad de ESCENARIO,LOG-REF-*,
CF-20000,CF,20000,refrigerado_km_anio,,360000,,km/año,13_logistica/escenarios_logistica.csv (modelo_logistica.py),refrigerado_km_dia_despacho × despachos/semana × semanas,"perfil P2; 6 despachos refrigerado y 2 congelado/sem; 12 t; 300 km (ESCENARIO, SUP-16-20)",CALCULO_MODELO_FUENTE,[ESTIMACIÓN] troncal; reparto capilar PENDIENTE (DEC-053),LOG-REF-*,
CF-20000,CF,20000,stock_refrigerado_medio_t,,34.2355,,t,13_logistica/escenarios_logistica.csv (modelo_logistica.py),"inventario(t_dia_op, despachos=6): stock_ciclo_medio + seguridad (0)",,CALCULO_MODELO_FUENTE,[ESTIMACIÓN]; stock comercial adicional PENDIENTE,capital de trabajo,
CF-20000,CF,20000,congelado_t_anio,,4792.97,,t/año,13_logistica/escenarios_logistica.csv (modelo_logistica.py),congelado_t_semana × semanas operativas,"perfil P2; 6 despachos refrigerado y 2 congelado/sem; 12 t; 300 km (ESCENARIO, SUP-16-20)",CALCULO_MODELO_FUENTE,[ESTIMACIÓN],flujo congelado,
CF-20000,CF,20000,congelado_viajes_anio,,400,,viajes/año,13_logistica/escenarios_logistica.csv (modelo_logistica.py),congelado_viajes_semana × semanas,"perfil P2; 6 despachos refrigerado y 2 congelado/sem; 12 t; 300 km (ESCENARIO, SUP-16-20)",CALCULO_MODELO_FUENTE,[ESTIMACIÓN] capacidad de ESCENARIO,LOG-CON-*,
CF-20000,CF,20000,congelado_km_anio,,240000,,km/año,13_logistica/escenarios_logistica.csv (modelo_logistica.py),congelado_km_dia_despacho × despachos/semana × semanas,"perfil P2; 6 despachos refrigerado y 2 congelado/sem; 12 t; 300 km (ESCENARIO, SUP-16-20)",CALCULO_MODELO_FUENTE,[ESTIMACIÓN] troncal; reparto capilar PENDIENTE (DEC-053),LOG-CON-*,
CF-20000,CF,20000,stock_congelado_medio_t,,56.1462,,t,13_logistica/escenarios_logistica.csv (modelo_logistica.py),"inventario(t_dia_op, despachos=2): stock_ciclo_medio + seguridad (0)",,CALCULO_MODELO_FUENTE,[ESTIMACIÓN]; stock comercial adicional PENDIENTE,capital de trabajo,
CF-20000,CF,20000,vivo_viajes_anio,,1000,,viajes/año,13_logistica/escenarios_logistica.csv (modelo_logistica.py),viajes_dia × días,radio 100 km; 5500 aves/camión (ESCENARIO),DIRECTO,[ESTIMACIÓN],LOG-VIV-*,
CF-20000,CF,20000,vivo_km_anio,,173333,,km/año,13_logistica/escenarios_logistica.csv (modelo_logistica.py),km_total_dia × días,radio 100 km; 5500 aves/camión (ESCENARIO),DIRECTO,[ESTIMACIÓN],LOG-VIV-*,
CF-20000,CF,20000,vivo_t_anio,,14543.6,,t/año,13_logistica/escenarios_logistica.csv (modelo_logistica.py),t_vivo_cargado_dia × días,radio 100 km; 5500 aves/camión (ESCENARIO),DIRECTO,[ESTIMACIÓN],LOG-VIV-TER-UNI,
CF-20000,CF,20000,alimento_viajes_anio,,900,,viajes/año,13_logistica/escenarios_logistica.csv (modelo_logistica.py),alimento_viajes_semana × (t_año ÷ t_semana_plena),granelero 28 t; 75 km fábrica–granja (ESCENARIO),DIRECTO,[ESTIMACIÓN],LOG-ALI-*,
CF-20000,CF,20000,alimento_km_anio,,135000,,km/año,13_logistica/escenarios_logistica.csv (modelo_logistica.py),alimento_km_semana × (t_año ÷ t_semana_plena),granelero 28 t; 75 km fábrica–granja (ESCENARIO),DIRECTO,[ESTIMACIÓN],LOG-ALI-*,
CF-20000,CF,20000,grano_t_anio,,22251.8,,t/año,20_opex/modelo_opex.py,mp maíz + harina de soja (t/año),,DERIVADO_OPEX,[ESTIMACIÓN],LOG-GRA-TER-UNI,
CF-20000,CF,20000,grano_viajes_anio,,,,viajes/año,14_alimento_balanceado/escenarios_upstream.csv (modelo_upstream.py),viajes_grano_semana (cap_grano = None),,PENDIENTE,"PENDIENTE (capacidad y distancia del acopio, DPV-157)",LOG-GRA-*,
CF-20000,CF,20000,pollitos_viajes_anio,,,,viajes/año,13_logistica/escenarios_logistica.csv (modelo_logistica.py),pollitos_viajes_semana (cap_pollitos = None),,PENDIENTE,"PENDIENTE (DPV-047, DPV-084)",LOG-POL-*,
CF-20000,CF,20000,subproductos_viajes_anio,,1000,,viajes/año,13_logistica/escenarios_logistica.csv (modelo_logistica.py),Σ viajes_semana_criterio_masa × semanas,,CALCULO_MODELO_FUENTE,"COTA INFERIOR (volumétrico PENDIENTE, DPV-135)",LOG-SUB-*,
CF-20000,CF,20000,subproductos_km_anio,,100000,,km/año,13_logistica/escenarios_logistica.csv (modelo_logistica.py),Σ km_semana_criterio_masa × semanas,,CALCULO_MODELO_FUENTE,COTA INFERIOR,LOG-SUB-*,
CF-20000,CF,20000,subproductos_t_anio,,3041.76,,t/año,13_logistica/escenarios_logistica.csv (modelo_logistica.py),Σ t_semana × semanas,,CALCULO_MODELO_FUENTE,[ESTIMACIÓN],LOG-SUB-TER-UNI,
CF-20000,CF,20000,vehiculos_POL,,,,vehículos,19_capex/boq_capex.csv (modelo_capex.py),flota[pollitos].unidades,,PENDIENTE,PENDIENTE,"LOG-POL-PAT, SEG-FLOTA-POL",
CF-20000,CF,20000,vehiculos_HUE,,,,vehículos,19_capex/boq_capex.csv (modelo_capex.py),—,,PENDIENTE,PENDIENTE,"LOG-HUE-PAT, SEG-FLOTA-HUE",
CF-20000,CF,20000,vehiculos_ALI,,3,,vehículos,19_capex/boq_capex.csv (modelo_capex.py),flota[alimento].unidades,,CONSUMIDO_CAPEX,[ESTIMACIÓN] con reserva SUP-16-02,"LOG-ALI-PAT, SEG-FLOTA-ALI",
CF-20000,CF,20000,vehiculos_GRA,,,,vehículos,19_capex/boq_capex.csv (modelo_capex.py),—,,PENDIENTE,PENDIENTE,"LOG-GRA-PAT, SEG-FLOTA-GRA",
CF-20000,CF,20000,vehiculos_VIV,,4,,vehículos,19_capex/boq_capex.csv (modelo_capex.py),flota[vivo].unidades,,CONSUMIDO_CAPEX,[ESTIMACIÓN] con reserva SUP-16-02,"LOG-VIV-PAT, SEG-FLOTA-VIV",
CF-20000,CF,20000,vehiculos_REF,,3,,vehículos,19_capex/boq_capex.csv (modelo_capex.py),flota[refrigerado].unidades,,CONSUMIDO_CAPEX,[ESTIMACIÓN] con reserva SUP-16-02,"LOG-REF-PAT, SEG-FLOTA-REF",
CF-20000,CF,20000,vehiculos_CON,,5,,vehículos,19_capex/boq_capex.csv (modelo_capex.py),flota[congelado].unidades,,CONSUMIDO_CAPEX,[ESTIMACIÓN] con reserva SUP-16-02,"LOG-CON-PAT, SEG-FLOTA-CON",
CF-20000,CF,20000,vehiculos_SUB,,3,,vehículos,19_capex/boq_capex.csv (modelo_capex.py),flota[subproductos].unidades,,CONSUMIDO_CAPEX,[ESTIMACIÓN] con reserva SUP-16-02,"LOG-SUB-PAT, SEG-FLOTA-SUB",
CF-20000,CF,20000,fte_industrial_14a,,167.993,,FTE,18_recursos_humanos/escenarios_rrhh.csv (modelo_rrhh.py),fte_total,turnos=extendido; autom=semiautomatico; limpieza=propia; mant=propio; lab=propio,CALCULO_MODELO_FUENTE,[SUPUESTO] productividad,"RRHH INDUSTRIAL + estructura + coordinación primaria (14A). NO es el FTE total de una empresa verticalmente integrada: granjas propias, incubación, planta de alimento, reproductoras y rendering no están dimensionados","headcount de nómina PENDIENTE (factor de cobertura no validado); incluye horas de terceros que luego pueden quedar INCLUIDAS en tarifas (faenador, choferes)"
CF-20000,CF,20000,fte_directos_14a,,80.9972,,FTE,18_recursos_humanos/escenarios_rrhh.csv (modelo_rrhh.py),fte_interno + fte_tercerizado (directo),,CALCULO_MODELO_FUENTE,[SUPUESTO],FAE-CUCH,
CF-20000,CF,20000,horas_brecha_jornada_anio,,36424.4,,h-persona/año,18_recursos_humanos/escenarios_rrhh.csv (modelo_rrhh.py),horas_persona_brecha_jornada_dia × días,,CALCULO_MODELO_FUENTE,[ESTIMACIÓN],INFORMATIVO: no son horas extra automáticas (DPV-146),
CF-20000,CF,20000,headcount_nomina,,,,personas,18_recursos_humanos/escenarios_rrhh.csv (modelo_rrhh.py),headcount_nomina,,PENDIENTE,PENDIENTE (factor de cobertura),NO se usa: costeo provisional por FTE,
CF-20000,CF,20000,fraccion_granjas_propias,,1,,fracción,19_capex/boq_capex.csv (modelo_capex.py),fraccion_granjas_propias,,CONSUMIDO_CAPEX,ESCENARIO (SUP-16-09),reparto propia / integrada,
CF-20000,CF,20000,kwh_granja,,,,—,20_opex/modelo_opex.py,—,,PENDIENTE,PENDIENTE: el módulo fuente no lo dimensiona,concepto PENDIENTE_CANTIDAD (no se inventa),
CF-20000,CF,20000,gas_granja,,,,—,20_opex/modelo_opex.py,—,,PENDIENTE,PENDIENTE: el módulo fuente no lo dimensiona,concepto PENDIENTE_CANTIDAD (no se inventa),
CF-20000,CF,20000,cama_t,,,,—,20_opex/modelo_opex.py,—,,PENDIENTE,PENDIENTE: el módulo fuente no lo dimensiona,concepto PENDIENTE_CANTIDAD (no se inventa),
CF-20000,CF,20000,personal_granja,,,,—,20_opex/modelo_opex.py,—,,PENDIENTE,PENDIENTE: el módulo fuente no lo dimensiona,concepto PENDIENTE_CANTIDAD (no se inventa),
CF-20000,CF,20000,personal_incubadora,,,,—,20_opex/modelo_opex.py,—,,PENDIENTE,PENDIENTE: el módulo fuente no lo dimensiona,concepto PENDIENTE_CANTIDAD (no se inventa),
CF-20000,CF,20000,personal_planta_alimento,,,,—,20_opex/modelo_opex.py,—,,PENDIENTE,PENDIENTE: el módulo fuente no lo dimensiona,concepto PENDIENTE_CANTIDAD (no se inventa),
CF-20000,CF,20000,personal_reproductoras,,,,—,20_opex/modelo_opex.py,—,,PENDIENTE,PENDIENTE: el módulo fuente no lo dimensiona,concepto PENDIENTE_CANTIDAD (no se inventa),
CF-20000,CF,20000,personal_rendering,,,,—,20_opex/modelo_opex.py,—,,PENDIENTE,PENDIENTE: el módulo fuente no lo dimensiona,concepto PENDIENTE_CANTIDAD (no se inventa),
CF-20000,CF,20000,kwh_incubadora,,,,—,20_opex/modelo_opex.py,—,,PENDIENTE,PENDIENTE: el módulo fuente no lo dimensiona,concepto PENDIENTE_CANTIDAD (no se inventa),
CF-20000,CF,20000,agua_incubadora,,,,—,20_opex/modelo_opex.py,—,,PENDIENTE,PENDIENTE: el módulo fuente no lo dimensiona,concepto PENDIENTE_CANTIDAD (no se inventa),
CF-20000,CF,20000,kwh_planta_alimento,,,,—,20_opex/modelo_opex.py,—,,PENDIENTE,PENDIENTE: el módulo fuente no lo dimensiona,concepto PENDIENTE_CANTIDAD (no se inventa),
CF-20000,CF,20000,vapor_planta_alimento,,,,—,20_opex/modelo_opex.py,—,,PENDIENTE,PENDIENTE: el módulo fuente no lo dimensiona,concepto PENDIENTE_CANTIDAD (no se inventa),
CF-20000,CF,20000,agua_planta_alimento,,,,—,20_opex/modelo_opex.py,—,,PENDIENTE,PENDIENTE: el módulo fuente no lo dimensiona,concepto PENDIENTE_CANTIDAD (no se inventa),
CF-20000,CF,20000,kwh_rendering,,,,—,20_opex/modelo_opex.py,—,,PENDIENTE,PENDIENTE: el módulo fuente no lo dimensiona,concepto PENDIENTE_CANTIDAD (no se inventa),
CF-20000,CF,20000,lodos_t,,,,—,20_opex/modelo_opex.py,—,,PENDIENTE,PENDIENTE: el módulo fuente no lo dimensiona,concepto PENDIENTE_CANTIDAD (no se inventa),
CF-20000,CF,20000,potencia_contratada_kw,,,,—,20_opex/modelo_opex.py,—,,PENDIENTE,PENDIENTE: el módulo fuente no lo dimensiona,concepto PENDIENTE_CANTIDAD (no se inventa),
C0-10000-FACON-MP-EMPRESA,C0,10000,dias_operativos_anio,,250,,d/año,19_capex/modelo_capex.py,dias_anio(),,CONSUMIDO_CAPEX,[SUPUESTO] SUP-025,anualización de drivers por día operativo,
C0-10000-FACON-MP-EMPRESA,C0,10000,semanas_operativas_anio,,50,,semanas/año,20_opex/modelo_opex.py,días operativos ÷ días/semana,,DERIVADO_OPEX,[ESTIMACIÓN],"anualización de drivers semanales de 12B (producto, subproductos)",
C0-10000-FACON-MP-EMPRESA,C0,10000,aves_faenadas_anio,,2500000,,aves/año,"03_produccion_primaria/escenarios_produccion.csv (modelo_escenarios_produccion.py, vía 14B)",aves_faenadas_anio,"perfil medio, desempeño medio",DIRECTO,[ESTIMACIÓN],"FAE-FACON, FAE-QUIM, empaque",
C0-10000-FACON-MP-EMPRESA,C0,10000,aves_cargadas_anio,,2.50752e+06,,aves/año,"03_produccion_primaria/escenarios_produccion.csv (modelo_escenarios_produccion.py, vía 14B)",aves_cargadas_anio,"perfil medio, desempeño medio",DIRECTO,[ESTIMACIÓN],"captura, pago por ave",
C0-10000-FACON-MP-EMPRESA,C0,10000,pollitos_alojados_anio,,2.6395e+06,,pollitos/año,"03_produccion_primaria/escenarios_produccion.csv (modelo_escenarios_produccion.py, vía 14B)",pollitos_alojados_anio,"perfil medio, desempeño medio",DIRECTO,[ESTIMACIÓN],sanidad de crianza,
C0-10000-FACON-MP-EMPRESA,C0,10000,kg_vivo_cargado_anio,,7.27182e+06,,kg vivo/año,"03_produccion_primaria/escenarios_produccion.csv (modelo_escenarios_produccion.py, vía 14B)",kg_vivo_cargado_anio,"perfil medio, desempeño medio",DIRECTO,[ESTIMACIÓN],pago por kg vivo,
C0-10000-FACON-MP-EMPRESA,C0,10000,mortalidad_granja_aves_anio,,131975,,aves/año,"03_produccion_primaria/escenarios_produccion.csv (modelo_escenarios_produccion.py, vía 14B)",mortalidad_granja_aves_anio,"perfil medio, desempeño medio",DIRECTO,[ESTIMACIÓN],retiro de mortalidad,
C0-10000-FACON-MP-EMPRESA,C0,10000,agua_bebida_m3_anio,,22251.8,,m³/año,"03_produccion_primaria/escenarios_produccion.csv (modelo_escenarios_produccion.py, vía 14B)",agua_bebida_m3_anio,"perfil medio, desempeño medio",DIRECTO,[ESTIMACIÓN],agua de granja propia,
C0-10000-FACON-MP-EMPRESA,C0,10000,ciclos_anio,,5.71048,,ciclos/año,"03_produccion_primaria/escenarios_produccion.csv (modelo_escenarios_produccion.py, vía 14B)",ciclos_anio,"perfil medio, desempeño medio",DIRECTO,[ESTIMACIÓN],limpieza de galpones,
C0-10000-FACON-MP-EMPRESA,C0,10000,m2_galpon,,37942.6,,m²,"03_produccion_primaria/escenarios_produccion.csv (modelo_escenarios_produccion.py, vía 14B)",m2_galpon,"perfil medio, desempeño medio",DIRECTO,[ESTIMACIÓN],limpieza y bioseguridad de galpones,
C0-10000-FACON-MP-EMPRESA,C0,10000,inventario_aves_promedio_anual,,331383,,aves,"03_produccion_primaria/escenarios_produccion.csv (modelo_escenarios_produccion.py, vía 14B)",inventario_aves_promedio_anual,"perfil medio, desempeño medio",DIRECTO,[ESTIMACIÓN],activo biológico (capital de trabajo),
C0-10000-FACON-MP-EMPRESA,C0,10000,pollitos_a_recibir_anio,,2.6395e+06,,pollitos/año,14_alimento_balanceado/escenarios_upstream.csv (modelo_upstream.py),pollitos_a_recibir_anio,margen_pedido = 0 (SUP-142),DIRECTO,[ESTIMACIÓN],POL-COMPRA / base de incubación,
C0-10000-FACON-MP-EMPRESA,C0,10000,pollitos_a_recibir_semana_plena,,52789.9,,pollitos/semana,14_alimento_balanceado/escenarios_upstream.csv (modelo_upstream.py),pollitos_a_recibir_semana_plena,,DIRECTO,[ESTIMACIÓN],incubación (14B),
C0-10000-FACON-MP-EMPRESA,C0,10000,alimento_t_anio,,12362.1,,t/año,14_alimento_balanceado/escenarios_upstream.csv (modelo_upstream.py),alimento_t_anio,,DIRECTO,[ESTIMACIÓN] (03: peso × FCR),alimento comprado / elaborado / materias primas,
C0-10000-FACON-MP-EMPRESA,C0,10000,alimento_t_semana_plena,,247.242,,t/semana,14_alimento_balanceado/escenarios_upstream.csv (modelo_upstream.py),alimento_t_semana_plena,,DIRECTO,[ESTIMACIÓN],anualización de viajes de alimento,
C0-10000-FACON-MP-EMPRESA,C0,10000,mp_maiz_t_anio,,7417.25,,t/año,14_alimento_balanceado/escenarios_upstream.csv (modelo_upstream.py),alimento_t_anio × maiz (0.6),,DIRECTO,[SUPUESTO] composición ilustrativa 14B,ALI-MP-*,NO es una fórmula de dieta; mermas aparte (ALI-MERMA)
C0-10000-FACON-MP-EMPRESA,C0,10000,mp_harina_soja_t_anio,,3708.63,,t/año,14_alimento_balanceado/escenarios_upstream.csv (modelo_upstream.py),alimento_t_anio × harina_soja (0.3),,DIRECTO,[SUPUESTO] composición ilustrativa 14B,ALI-MP-*,NO es una fórmula de dieta; mermas aparte (ALI-MERMA)
C0-10000-FACON-MP-EMPRESA,C0,10000,mp_resto_t_anio,,1236.21,,t/año,14_alimento_balanceado/escenarios_upstream.csv (modelo_upstream.py),alimento_t_anio × resto (0.1),,DIRECTO,[SUPUESTO] composición ilustrativa 14B,ALI-MP-*,NO es una fórmula de dieta; mermas aparte (ALI-MERMA)
C0-10000-FACON-MP-EMPRESA,C0,10000,kg_producto_anio,,5.99121e+06,,kg producto/año,05_proceso_industrial/capacidad_proceso.csv (modelo_capacidad_proceso.py),kg_ave_config()['comestible_a_empaque'] × aves/año,,CALCULO_MODELO_FUENTE,[ESTIMACIÓN] balance v1.1,"EMP-* (base comercial; incluye garras y menudencias, 12B)",
C0-10000-FACON-MP-EMPRESA,C0,10000,refrigerado_t_anio,,5392.09,,t/año,13_logistica/escenarios_logistica.csv (modelo_logistica.py),refrigerado_t_semana × semanas operativas,"perfil P1; 6 despachos refrigerado y 2 congelado/sem; 12 t; 300 km (ESCENARIO, SUP-16-20)",DIRECTO,[ESTIMACIÓN],flujo refrigerado,
C0-10000-FACON-MP-EMPRESA,C0,10000,refrigerado_viajes_anio,,600,,viajes/año,13_logistica/escenarios_logistica.csv (modelo_logistica.py),refrigerado_viajes_semana × semanas,"perfil P1; 6 despachos refrigerado y 2 congelado/sem; 12 t; 300 km (ESCENARIO, SUP-16-20)",DIRECTO,[ESTIMACIÓN] capacidad de ESCENARIO,LOG-REF-*,
C0-10000-FACON-MP-EMPRESA,C0,10000,refrigerado_km_anio,,360000,,km/año,13_logistica/escenarios_logistica.csv (modelo_logistica.py),refrigerado_km_dia_despacho × despachos/semana × semanas,"perfil P1; 6 despachos refrigerado y 2 congelado/sem; 12 t; 300 km (ESCENARIO, SUP-16-20)",DIRECTO,[ESTIMACIÓN] troncal; reparto capilar PENDIENTE (DEC-053),LOG-REF-*,
C0-10000-FACON-MP-EMPRESA,C0,10000,stock_refrigerado_medio_t,,25.6766,,t,13_logistica/escenarios_logistica.csv (modelo_logistica.py),"inventario(t_dia_op, despachos=6): stock_ciclo_medio + seguridad (0)",,CALCULO_MODELO_FUENTE,[ESTIMACIÓN]; stock comercial adicional PENDIENTE,capital de trabajo,
C0-10000-FACON-MP-EMPRESA,C0,10000,congelado_t_anio,,599.121,,t/año,13_logistica/escenarios_logistica.csv (modelo_logistica.py),congelado_t_semana × semanas operativas,"perfil P1; 6 despachos refrigerado y 2 congelado/sem; 12 t; 300 km (ESCENARIO, SUP-16-20)",DIRECTO,[ESTIMACIÓN],flujo congelado,
C0-10000-FACON-MP-EMPRESA,C0,10000,congelado_viajes_anio,,100,,viajes/año,13_logistica/escenarios_logistica.csv (modelo_logistica.py),congelado_viajes_semana × semanas,"perfil P1; 6 despachos refrigerado y 2 congelado/sem; 12 t; 300 km (ESCENARIO, SUP-16-20)",DIRECTO,[ESTIMACIÓN] capacidad de ESCENARIO,LOG-CON-*,
C0-10000-FACON-MP-EMPRESA,C0,10000,congelado_km_anio,,60000,,km/año,13_logistica/escenarios_logistica.csv (modelo_logistica.py),congelado_km_dia_despacho × despachos/semana × semanas,"perfil P1; 6 despachos refrigerado y 2 congelado/sem; 12 t; 300 km (ESCENARIO, SUP-16-20)",DIRECTO,[ESTIMACIÓN] troncal; reparto capilar PENDIENTE (DEC-053),LOG-CON-*,
C0-10000-FACON-MP-EMPRESA,C0,10000,stock_congelado_medio_t,,7.01827,,t,13_logistica/escenarios_logistica.csv (modelo_logistica.py),"inventario(t_dia_op, despachos=2): stock_ciclo_medio + seguridad (0)",,CALCULO_MODELO_FUENTE,[ESTIMACIÓN]; stock comercial adicional PENDIENTE,capital de trabajo,
C0-10000-FACON-MP-EMPRESA,C0,10000,vivo_viajes_anio,,500,,viajes/año,13_logistica/escenarios_logistica.csv (modelo_logistica.py),viajes_dia × días,radio 100 km; 5500 aves/camión (ESCENARIO),DIRECTO,[ESTIMACIÓN],LOG-VIV-*,
C0-10000-FACON-MP-EMPRESA,C0,10000,vivo_km_anio,,86666.7,,km/año,13_logistica/escenarios_logistica.csv (modelo_logistica.py),km_total_dia × días,radio 100 km; 5500 aves/camión (ESCENARIO),DIRECTO,[ESTIMACIÓN],LOG-VIV-*,
C0-10000-FACON-MP-EMPRESA,C0,10000,vivo_t_anio,,7271.82,,t/año,13_logistica/escenarios_logistica.csv (modelo_logistica.py),t_vivo_cargado_dia × días,radio 100 km; 5500 aves/camión (ESCENARIO),DIRECTO,[ESTIMACIÓN],LOG-VIV-TER-UNI,
C0-10000-FACON-MP-EMPRESA,C0,10000,alimento_viajes_anio,,450,,viajes/año,13_logistica/escenarios_logistica.csv (modelo_logistica.py),alimento_viajes_semana × (t_año ÷ t_semana_plena),granelero 28 t; 75 km fábrica–granja (ESCENARIO),DIRECTO,[ESTIMACIÓN],LOG-ALI-*,
C0-10000-FACON-MP-EMPRESA,C0,10000,alimento_km_anio,,67500,,km/año,13_logistica/escenarios_logistica.csv (modelo_logistica.py),alimento_km_semana × (t_año ÷ t_semana_plena),granelero 28 t; 75 km fábrica–granja (ESCENARIO),DIRECTO,[ESTIMACIÓN],LOG-ALI-*,
C0-10000-FACON-MP-EMPRESA,C0,10000,grano_t_anio,,11125.9,,t/año,20_opex/modelo_opex.py,mp maíz + harina de soja (t/año),,DERIVADO_OPEX,[ESTIMACIÓN],LOG-GRA-TER-UNI,
C0-10000-FACON-MP-EMPRESA,C0,10000,grano_viajes_anio,,,,viajes/año,14_alimento_balanceado/escenarios_upstream.csv (modelo_upstream.py),viajes_grano_semana (cap_grano = None),,PENDIENTE,"PENDIENTE (capacidad y distancia del acopio, DPV-157)",LOG-GRA-*,
C0-10000-FACON-MP-EMPRESA,C0,10000,pollitos_viajes_anio,,,,viajes/año,13_logistica/escenarios_logistica.csv (modelo_logistica.py),pollitos_viajes_semana (cap_pollitos = None),,PENDIENTE,"PENDIENTE (DPV-047, DPV-084)",LOG-POL-*,
C0-10000-FACON-MP-EMPRESA,C0,10000,vehiculos_POL,,,,vehículos,19_capex/boq_capex.csv (modelo_capex.py),flota[pollitos].unidades,,PENDIENTE,PENDIENTE,"LOG-POL-PAT, SEG-FLOTA-POL",
C0-10000-FACON-MP-EMPRESA,C0,10000,vehiculos_HUE,,,,vehículos,19_capex/boq_capex.csv (modelo_capex.py),—,,PENDIENTE,PENDIENTE,"LOG-HUE-PAT, SEG-FLOTA-HUE",
C0-10000-FACON-MP-EMPRESA,C0,10000,vehiculos_ALI,,,,vehículos,19_capex/boq_capex.csv (modelo_capex.py),flota[alimento].unidades,,PENDIENTE,PENDIENTE,"LOG-ALI-PAT, SEG-FLOTA-ALI",
C0-10000-FACON-MP-EMPRESA,C0,10000,vehiculos_GRA,,,,vehículos,19_capex/boq_capex.csv (modelo_capex.py),—,,PENDIENTE,PENDIENTE,"LOG-GRA-PAT, SEG-FLOTA-GRA",
C0-10000-FACON-MP-EMPRESA,C0,10000,vehiculos_VIV,,,,vehículos,19_capex/boq_capex.csv (modelo_capex.py),flota[vivo].unidades,,PENDIENTE,PENDIENTE,"LOG-VIV-PAT, SEG-FLOTA-VIV",
C0-10000-FACON-MP-EMPRESA,C0,10000,vehiculos_REF,,,,vehículos,19_capex/boq_capex.csv (modelo_capex.py),flota[refrigerado].unidades,,PENDIENTE,PENDIENTE,"LOG-REF-PAT, SEG-FLOTA-REF",
C0-10000-FACON-MP-EMPRESA,C0,10000,vehiculos_CON,,,,vehículos,19_capex/boq_capex.csv (modelo_capex.py),flota[congelado].unidades,,PENDIENTE,PENDIENTE,"LOG-CON-PAT, SEG-FLOTA-CON",
C0-10000-FACON-MP-EMPRESA,C0,10000,vehiculos_SUB,,,,vehículos,19_capex/boq_capex.csv (modelo_capex.py),flota[subproductos].unidades,,PENDIENTE,PENDIENTE,"LOG-SUB-PAT, SEG-FLOTA-SUB",
C0-10000-FACON-MP-EMPRESA,C0,10000,fte_industrial_14a,,77.3512,,FTE,18_recursos_humanos/escenarios_rrhh.csv (modelo_rrhh.py),fte_total,turnos=extendido; autom=semiautomatico; limpieza=propia; mant=propio; lab=propio,CALCULO_MODELO_FUENTE,[SUPUESTO] productividad,"RRHH INDUSTRIAL + estructura + coordinación primaria (14A). NO es el FTE total de una empresa verticalmente integrada: granjas propias, incubación, planta de alimento, reproductoras y rendering no están dimensionados","headcount de nómina PENDIENTE (factor de cobertura no validado); incluye horas de terceros que luego pueden quedar INCLUIDAS en tarifas (faenador, choferes)"
C0-10000-FACON-MP-EMPRESA,C0,10000,fte_directos_14a,,47.3522,,FTE,18_recursos_humanos/escenarios_rrhh.csv (modelo_rrhh.py),fte_interno + fte_tercerizado (directo),,CALCULO_MODELO_FUENTE,[SUPUESTO],FAE-CUCH,
C0-10000-FACON-MP-EMPRESA,C0,10000,horas_brecha_jornada_anio,,0,,h-persona/año,18_recursos_humanos/escenarios_rrhh.csv (modelo_rrhh.py),horas_persona_brecha_jornada_dia × días,,CALCULO_MODELO_FUENTE,[ESTIMACIÓN],INFORMATIVO: no son horas extra automáticas (DPV-146),
C0-10000-FACON-MP-EMPRESA,C0,10000,headcount_nomina,,,,personas,18_recursos_humanos/escenarios_rrhh.csv (modelo_rrhh.py),headcount_nomina,,PENDIENTE,PENDIENTE (factor de cobertura),NO se usa: costeo provisional por FTE,
C0-10000-FACON-MP-EMPRESA,C0,10000,fraccion_granjas_propias,,0,,fracción,19_capex/boq_capex.csv (modelo_capex.py),fraccion_granjas_propias,,CONSUMIDO_CAPEX,ESCENARIO (SUP-16-09),reparto propia / integrada,
C0-10000-FACON-MP-EMPRESA,C0,10000,kwh_granja,,,,—,20_opex/modelo_opex.py,—,,PENDIENTE,PENDIENTE: el módulo fuente no lo dimensiona,concepto PENDIENTE_CANTIDAD (no se inventa),
C0-10000-FACON-MP-EMPRESA,C0,10000,gas_granja,,,,—,20_opex/modelo_opex.py,—,,PENDIENTE,PENDIENTE: el módulo fuente no lo dimensiona,concepto PENDIENTE_CANTIDAD (no se inventa),
C0-10000-FACON-MP-EMPRESA,C0,10000,cama_t,,,,—,20_opex/modelo_opex.py,—,,PENDIENTE,PENDIENTE: el módulo fuente no lo dimensiona,concepto PENDIENTE_CANTIDAD (no se inventa),
C0-10000-FACON-MP-EMPRESA,C0,10000,personal_granja,,,,—,20_opex/modelo_opex.py,—,,PENDIENTE,PENDIENTE: el módulo fuente no lo dimensiona,concepto PENDIENTE_CANTIDAD (no se inventa),
C0-10000-FACON-MP-EMPRESA,C0,10000,personal_incubadora,,,,—,20_opex/modelo_opex.py,—,,PENDIENTE,PENDIENTE: el módulo fuente no lo dimensiona,concepto PENDIENTE_CANTIDAD (no se inventa),
C0-10000-FACON-MP-EMPRESA,C0,10000,personal_planta_alimento,,,,—,20_opex/modelo_opex.py,—,,PENDIENTE,PENDIENTE: el módulo fuente no lo dimensiona,concepto PENDIENTE_CANTIDAD (no se inventa),
C0-10000-FACON-MP-EMPRESA,C0,10000,personal_reproductoras,,,,—,20_opex/modelo_opex.py,—,,PENDIENTE,PENDIENTE: el módulo fuente no lo dimensiona,concepto PENDIENTE_CANTIDAD (no se inventa),
C0-10000-FACON-MP-EMPRESA,C0,10000,personal_rendering,,,,—,20_opex/modelo_opex.py,—,,PENDIENTE,PENDIENTE: el módulo fuente no lo dimensiona,concepto PENDIENTE_CANTIDAD (no se inventa),
C0-10000-FACON-MP-EMPRESA,C0,10000,kwh_incubadora,,,,—,20_opex/modelo_opex.py,—,,PENDIENTE,PENDIENTE: el módulo fuente no lo dimensiona,concepto PENDIENTE_CANTIDAD (no se inventa),
C0-10000-FACON-MP-EMPRESA,C0,10000,agua_incubadora,,,,—,20_opex/modelo_opex.py,—,,PENDIENTE,PENDIENTE: el módulo fuente no lo dimensiona,concepto PENDIENTE_CANTIDAD (no se inventa),
C0-10000-FACON-MP-EMPRESA,C0,10000,kwh_planta_alimento,,,,—,20_opex/modelo_opex.py,—,,PENDIENTE,PENDIENTE: el módulo fuente no lo dimensiona,concepto PENDIENTE_CANTIDAD (no se inventa),
C0-10000-FACON-MP-EMPRESA,C0,10000,vapor_planta_alimento,,,,—,20_opex/modelo_opex.py,—,,PENDIENTE,PENDIENTE: el módulo fuente no lo dimensiona,concepto PENDIENTE_CANTIDAD (no se inventa),
C0-10000-FACON-MP-EMPRESA,C0,10000,agua_planta_alimento,,,,—,20_opex/modelo_opex.py,—,,PENDIENTE,PENDIENTE: el módulo fuente no lo dimensiona,concepto PENDIENTE_CANTIDAD (no se inventa),
C0-10000-FACON-MP-EMPRESA,C0,10000,kwh_rendering,,,,—,20_opex/modelo_opex.py,—,,PENDIENTE,PENDIENTE: el módulo fuente no lo dimensiona,concepto PENDIENTE_CANTIDAD (no se inventa),
C0-10000-FACON-MP-EMPRESA,C0,10000,lodos_t,,,,—,20_opex/modelo_opex.py,—,,PENDIENTE,PENDIENTE: el módulo fuente no lo dimensiona,concepto PENDIENTE_CANTIDAD (no se inventa),
C0-10000-FACON-MP-EMPRESA,C0,10000,potencia_contratada_kw,,,,—,20_opex/modelo_opex.py,—,,PENDIENTE,PENDIENTE: el módulo fuente no lo dimensiona,concepto PENDIENTE_CANTIDAD (no se inventa),
C0-10000-FACON-MP-ELABORADOR,C0,10000,dias_operativos_anio,,250,,d/año,19_capex/modelo_capex.py,dias_anio(),,CONSUMIDO_CAPEX,[SUPUESTO] SUP-025,anualización de drivers por día operativo,
C0-10000-FACON-MP-ELABORADOR,C0,10000,semanas_operativas_anio,,50,,semanas/año,20_opex/modelo_opex.py,días operativos ÷ días/semana,,DERIVADO_OPEX,[ESTIMACIÓN],"anualización de drivers semanales de 12B (producto, subproductos)",
C0-10000-FACON-MP-ELABORADOR,C0,10000,aves_faenadas_anio,,2500000,,aves/año,"03_produccion_primaria/escenarios_produccion.csv (modelo_escenarios_produccion.py, vía 14B)",aves_faenadas_anio,"perfil medio, desempeño medio",DIRECTO,[ESTIMACIÓN],"FAE-FACON, FAE-QUIM, empaque",
C0-10000-FACON-MP-ELABORADOR,C0,10000,aves_cargadas_anio,,2.50752e+06,,aves/año,"03_produccion_primaria/escenarios_produccion.csv (modelo_escenarios_produccion.py, vía 14B)",aves_cargadas_anio,"perfil medio, desempeño medio",DIRECTO,[ESTIMACIÓN],"captura, pago por ave",
C0-10000-FACON-MP-ELABORADOR,C0,10000,pollitos_alojados_anio,,2.6395e+06,,pollitos/año,"03_produccion_primaria/escenarios_produccion.csv (modelo_escenarios_produccion.py, vía 14B)",pollitos_alojados_anio,"perfil medio, desempeño medio",DIRECTO,[ESTIMACIÓN],sanidad de crianza,
C0-10000-FACON-MP-ELABORADOR,C0,10000,kg_vivo_cargado_anio,,7.27182e+06,,kg vivo/año,"03_produccion_primaria/escenarios_produccion.csv (modelo_escenarios_produccion.py, vía 14B)",kg_vivo_cargado_anio,"perfil medio, desempeño medio",DIRECTO,[ESTIMACIÓN],pago por kg vivo,
C0-10000-FACON-MP-ELABORADOR,C0,10000,mortalidad_granja_aves_anio,,131975,,aves/año,"03_produccion_primaria/escenarios_produccion.csv (modelo_escenarios_produccion.py, vía 14B)",mortalidad_granja_aves_anio,"perfil medio, desempeño medio",DIRECTO,[ESTIMACIÓN],retiro de mortalidad,
C0-10000-FACON-MP-ELABORADOR,C0,10000,agua_bebida_m3_anio,,22251.8,,m³/año,"03_produccion_primaria/escenarios_produccion.csv (modelo_escenarios_produccion.py, vía 14B)",agua_bebida_m3_anio,"perfil medio, desempeño medio",DIRECTO,[ESTIMACIÓN],agua de granja propia,
C0-10000-FACON-MP-ELABORADOR,C0,10000,ciclos_anio,,5.71048,,ciclos/año,"03_produccion_primaria/escenarios_produccion.csv (modelo_escenarios_produccion.py, vía 14B)",ciclos_anio,"perfil medio, desempeño medio",DIRECTO,[ESTIMACIÓN],limpieza de galpones,
C0-10000-FACON-MP-ELABORADOR,C0,10000,m2_galpon,,37942.6,,m²,"03_produccion_primaria/escenarios_produccion.csv (modelo_escenarios_produccion.py, vía 14B)",m2_galpon,"perfil medio, desempeño medio",DIRECTO,[ESTIMACIÓN],limpieza y bioseguridad de galpones,
C0-10000-FACON-MP-ELABORADOR,C0,10000,inventario_aves_promedio_anual,,331383,,aves,"03_produccion_primaria/escenarios_produccion.csv (modelo_escenarios_produccion.py, vía 14B)",inventario_aves_promedio_anual,"perfil medio, desempeño medio",DIRECTO,[ESTIMACIÓN],activo biológico (capital de trabajo),
C0-10000-FACON-MP-ELABORADOR,C0,10000,pollitos_a_recibir_anio,,2.6395e+06,,pollitos/año,14_alimento_balanceado/escenarios_upstream.csv (modelo_upstream.py),pollitos_a_recibir_anio,margen_pedido = 0 (SUP-142),DIRECTO,[ESTIMACIÓN],POL-COMPRA / base de incubación,
C0-10000-FACON-MP-ELABORADOR,C0,10000,pollitos_a_recibir_semana_plena,,52789.9,,pollitos/semana,14_alimento_balanceado/escenarios_upstream.csv (modelo_upstream.py),pollitos_a_recibir_semana_plena,,DIRECTO,[ESTIMACIÓN],incubación (14B),
C0-10000-FACON-MP-ELABORADOR,C0,10000,alimento_t_anio,,12362.1,,t/año,14_alimento_balanceado/escenarios_upstream.csv (modelo_upstream.py),alimento_t_anio,,DIRECTO,[ESTIMACIÓN] (03: peso × FCR),alimento comprado / elaborado / materias primas,
C0-10000-FACON-MP-ELABORADOR,C0,10000,alimento_t_semana_plena,,247.242,,t/semana,14_alimento_balanceado/escenarios_upstream.csv (modelo_upstream.py),alimento_t_semana_plena,,DIRECTO,[ESTIMACIÓN],anualización de viajes de alimento,
C0-10000-FACON-MP-ELABORADOR,C0,10000,mp_maiz_t_anio,,7417.25,,t/año,14_alimento_balanceado/escenarios_upstream.csv (modelo_upstream.py),alimento_t_anio × maiz (0.6),,DIRECTO,[SUPUESTO] composición ilustrativa 14B,ALI-MP-*,NO es una fórmula de dieta; mermas aparte (ALI-MERMA)
C0-10000-FACON-MP-ELABORADOR,C0,10000,mp_harina_soja_t_anio,,3708.63,,t/año,14_alimento_balanceado/escenarios_upstream.csv (modelo_upstream.py),alimento_t_anio × harina_soja (0.3),,DIRECTO,[SUPUESTO] composición ilustrativa 14B,ALI-MP-*,NO es una fórmula de dieta; mermas aparte (ALI-MERMA)
C0-10000-FACON-MP-ELABORADOR,C0,10000,mp_resto_t_anio,,1236.21,,t/año,14_alimento_balanceado/escenarios_upstream.csv (modelo_upstream.py),alimento_t_anio × resto (0.1),,DIRECTO,[SUPUESTO] composición ilustrativa 14B,ALI-MP-*,NO es una fórmula de dieta; mermas aparte (ALI-MERMA)
C0-10000-FACON-MP-ELABORADOR,C0,10000,kg_producto_anio,,5.99121e+06,,kg producto/año,05_proceso_industrial/capacidad_proceso.csv (modelo_capacidad_proceso.py),kg_ave_config()['comestible_a_empaque'] × aves/año,,CALCULO_MODELO_FUENTE,[ESTIMACIÓN] balance v1.1,"EMP-* (base comercial; incluye garras y menudencias, 12B)",
C0-10000-FACON-MP-ELABORADOR,C0,10000,refrigerado_t_anio,,5392.09,,t/año,13_logistica/escenarios_logistica.csv (modelo_logistica.py),refrigerado_t_semana × semanas operativas,"perfil P1; 6 despachos refrigerado y 2 congelado/sem; 12 t; 300 km (ESCENARIO, SUP-16-20)",DIRECTO,[ESTIMACIÓN],flujo refrigerado,
C0-10000-FACON-MP-ELABORADOR,C0,10000,refrigerado_viajes_anio,,600,,viajes/año,13_logistica/escenarios_logistica.csv (modelo_logistica.py),refrigerado_viajes_semana × semanas,"perfil P1; 6 despachos refrigerado y 2 congelado/sem; 12 t; 300 km (ESCENARIO, SUP-16-20)",DIRECTO,[ESTIMACIÓN] capacidad de ESCENARIO,LOG-REF-*,
C0-10000-FACON-MP-ELABORADOR,C0,10000,refrigerado_km_anio,,360000,,km/año,13_logistica/escenarios_logistica.csv (modelo_logistica.py),refrigerado_km_dia_despacho × despachos/semana × semanas,"perfil P1; 6 despachos refrigerado y 2 congelado/sem; 12 t; 300 km (ESCENARIO, SUP-16-20)",DIRECTO,[ESTIMACIÓN] troncal; reparto capilar PENDIENTE (DEC-053),LOG-REF-*,
C0-10000-FACON-MP-ELABORADOR,C0,10000,stock_refrigerado_medio_t,,25.6766,,t,13_logistica/escenarios_logistica.csv (modelo_logistica.py),"inventario(t_dia_op, despachos=6): stock_ciclo_medio + seguridad (0)",,CALCULO_MODELO_FUENTE,[ESTIMACIÓN]; stock comercial adicional PENDIENTE,capital de trabajo,
C0-10000-FACON-MP-ELABORADOR,C0,10000,congelado_t_anio,,599.121,,t/año,13_logistica/escenarios_logistica.csv (modelo_logistica.py),congelado_t_semana × semanas operativas,"perfil P1; 6 despachos refrigerado y 2 congelado/sem; 12 t; 300 km (ESCENARIO, SUP-16-20)",DIRECTO,[ESTIMACIÓN],flujo congelado,
C0-10000-FACON-MP-ELABORADOR,C0,10000,congelado_viajes_anio,,100,,viajes/año,13_logistica/escenarios_logistica.csv (modelo_logistica.py),congelado_viajes_semana × semanas,"perfil P1; 6 despachos refrigerado y 2 congelado/sem; 12 t; 300 km (ESCENARIO, SUP-16-20)",DIRECTO,[ESTIMACIÓN] capacidad de ESCENARIO,LOG-CON-*,
C0-10000-FACON-MP-ELABORADOR,C0,10000,congelado_km_anio,,60000,,km/año,13_logistica/escenarios_logistica.csv (modelo_logistica.py),congelado_km_dia_despacho × despachos/semana × semanas,"perfil P1; 6 despachos refrigerado y 2 congelado/sem; 12 t; 300 km (ESCENARIO, SUP-16-20)",DIRECTO,[ESTIMACIÓN] troncal; reparto capilar PENDIENTE (DEC-053),LOG-CON-*,
C0-10000-FACON-MP-ELABORADOR,C0,10000,stock_congelado_medio_t,,7.01827,,t,13_logistica/escenarios_logistica.csv (modelo_logistica.py),"inventario(t_dia_op, despachos=2): stock_ciclo_medio + seguridad (0)",,CALCULO_MODELO_FUENTE,[ESTIMACIÓN]; stock comercial adicional PENDIENTE,capital de trabajo,
C0-10000-FACON-MP-ELABORADOR,C0,10000,vivo_viajes_anio,,500,,viajes/año,13_logistica/escenarios_logistica.csv (modelo_logistica.py),viajes_dia × días,radio 100 km; 5500 aves/camión (ESCENARIO),DIRECTO,[ESTIMACIÓN],LOG-VIV-*,
C0-10000-FACON-MP-ELABORADOR,C0,10000,vivo_km_anio,,86666.7,,km/año,13_logistica/escenarios_logistica.csv (modelo_logistica.py),km_total_dia × días,radio 100 km; 5500 aves/camión (ESCENARIO),DIRECTO,[ESTIMACIÓN],LOG-VIV-*,
C0-10000-FACON-MP-ELABORADOR,C0,10000,vivo_t_anio,,7271.82,,t/año,13_logistica/escenarios_logistica.csv (modelo_logistica.py),t_vivo_cargado_dia × días,radio 100 km; 5500 aves/camión (ESCENARIO),DIRECTO,[ESTIMACIÓN],LOG-VIV-TER-UNI,
C0-10000-FACON-MP-ELABORADOR,C0,10000,alimento_viajes_anio,,450,,viajes/año,13_logistica/escenarios_logistica.csv (modelo_logistica.py),alimento_viajes_semana × (t_año ÷ t_semana_plena),granelero 28 t; 75 km fábrica–granja (ESCENARIO),DIRECTO,[ESTIMACIÓN],LOG-ALI-*,
C0-10000-FACON-MP-ELABORADOR,C0,10000,alimento_km_anio,,67500,,km/año,13_logistica/escenarios_logistica.csv (modelo_logistica.py),alimento_km_semana × (t_año ÷ t_semana_plena),granelero 28 t; 75 km fábrica–granja (ESCENARIO),DIRECTO,[ESTIMACIÓN],LOG-ALI-*,
C0-10000-FACON-MP-ELABORADOR,C0,10000,pollitos_viajes_anio,,,,viajes/año,13_logistica/escenarios_logistica.csv (modelo_logistica.py),pollitos_viajes_semana (cap_pollitos = None),,PENDIENTE,"PENDIENTE (DPV-047, DPV-084)",LOG-POL-*,
C0-10000-FACON-MP-ELABORADOR,C0,10000,vehiculos_POL,,,,vehículos,19_capex/boq_capex.csv (modelo_capex.py),flota[pollitos].unidades,,PENDIENTE,PENDIENTE,"LOG-POL-PAT, SEG-FLOTA-POL",
C0-10000-FACON-MP-ELABORADOR,C0,10000,vehiculos_HUE,,,,vehículos,19_capex/boq_capex.csv (modelo_capex.py),—,,PENDIENTE,PENDIENTE,"LOG-HUE-PAT, SEG-FLOTA-HUE",
C0-10000-FACON-MP-ELABORADOR,C0,10000,vehiculos_ALI,,,,vehículos,19_capex/boq_capex.csv (modelo_capex.py),flota[alimento].unidades,,PENDIENTE,PENDIENTE,"LOG-ALI-PAT, SEG-FLOTA-ALI",
C0-10000-FACON-MP-ELABORADOR,C0,10000,vehiculos_GRA,,,,vehículos,19_capex/boq_capex.csv (modelo_capex.py),—,,PENDIENTE,PENDIENTE,"LOG-GRA-PAT, SEG-FLOTA-GRA",
C0-10000-FACON-MP-ELABORADOR,C0,10000,vehiculos_VIV,,,,vehículos,19_capex/boq_capex.csv (modelo_capex.py),flota[vivo].unidades,,PENDIENTE,PENDIENTE,"LOG-VIV-PAT, SEG-FLOTA-VIV",
C0-10000-FACON-MP-ELABORADOR,C0,10000,vehiculos_REF,,,,vehículos,19_capex/boq_capex.csv (modelo_capex.py),flota[refrigerado].unidades,,PENDIENTE,PENDIENTE,"LOG-REF-PAT, SEG-FLOTA-REF",
C0-10000-FACON-MP-ELABORADOR,C0,10000,vehiculos_CON,,,,vehículos,19_capex/boq_capex.csv (modelo_capex.py),flota[congelado].unidades,,PENDIENTE,PENDIENTE,"LOG-CON-PAT, SEG-FLOTA-CON",
C0-10000-FACON-MP-ELABORADOR,C0,10000,vehiculos_SUB,,,,vehículos,19_capex/boq_capex.csv (modelo_capex.py),flota[subproductos].unidades,,PENDIENTE,PENDIENTE,"LOG-SUB-PAT, SEG-FLOTA-SUB",
C0-10000-FACON-MP-ELABORADOR,C0,10000,fte_industrial_14a,,77.3512,,FTE,18_recursos_humanos/escenarios_rrhh.csv (modelo_rrhh.py),fte_total,turnos=extendido; autom=semiautomatico; limpieza=propia; mant=propio; lab=propio,CALCULO_MODELO_FUENTE,[SUPUESTO] productividad,"RRHH INDUSTRIAL + estructura + coordinación primaria (14A). NO es el FTE total de una empresa verticalmente integrada: granjas propias, incubación, planta de alimento, reproductoras y rendering no están dimensionados","headcount de nómina PENDIENTE (factor de cobertura no validado); incluye horas de terceros que luego pueden quedar INCLUIDAS en tarifas (faenador, choferes)"
C0-10000-FACON-MP-ELABORADOR,C0,10000,fte_directos_14a,,47.3522,,FTE,18_recursos_humanos/escenarios_rrhh.csv (modelo_rrhh.py),fte_interno + fte_tercerizado (directo),,CALCULO_MODELO_FUENTE,[SUPUESTO],FAE-CUCH,
C0-10000-FACON-MP-ELABORADOR,C0,10000,horas_brecha_jornada_anio,,0,,h-persona/año,18_recursos_humanos/escenarios_rrhh.csv (modelo_rrhh.py),horas_persona_brecha_jornada_dia × días,,CALCULO_MODELO_FUENTE,[ESTIMACIÓN],INFORMATIVO: no son horas extra automáticas (DPV-146),
C0-10000-FACON-MP-ELABORADOR,C0,10000,headcount_nomina,,,,personas,18_recursos_humanos/escenarios_rrhh.csv (modelo_rrhh.py),headcount_nomina,,PENDIENTE,PENDIENTE (factor de cobertura),NO se usa: costeo provisional por FTE,
C0-10000-FACON-MP-ELABORADOR,C0,10000,fraccion_granjas_propias,,0,,fracción,19_capex/boq_capex.csv (modelo_capex.py),fraccion_granjas_propias,,CONSUMIDO_CAPEX,ESCENARIO (SUP-16-09),reparto propia / integrada,
C0-10000-FACON-MP-ELABORADOR,C0,10000,kwh_granja,,,,—,20_opex/modelo_opex.py,—,,PENDIENTE,PENDIENTE: el módulo fuente no lo dimensiona,concepto PENDIENTE_CANTIDAD (no se inventa),
C0-10000-FACON-MP-ELABORADOR,C0,10000,gas_granja,,,,—,20_opex/modelo_opex.py,—,,PENDIENTE,PENDIENTE: el módulo fuente no lo dimensiona,concepto PENDIENTE_CANTIDAD (no se inventa),
C0-10000-FACON-MP-ELABORADOR,C0,10000,cama_t,,,,—,20_opex/modelo_opex.py,—,,PENDIENTE,PENDIENTE: el módulo fuente no lo dimensiona,concepto PENDIENTE_CANTIDAD (no se inventa),
C0-10000-FACON-MP-ELABORADOR,C0,10000,personal_granja,,,,—,20_opex/modelo_opex.py,—,,PENDIENTE,PENDIENTE: el módulo fuente no lo dimensiona,concepto PENDIENTE_CANTIDAD (no se inventa),
C0-10000-FACON-MP-ELABORADOR,C0,10000,personal_incubadora,,,,—,20_opex/modelo_opex.py,—,,PENDIENTE,PENDIENTE: el módulo fuente no lo dimensiona,concepto PENDIENTE_CANTIDAD (no se inventa),
C0-10000-FACON-MP-ELABORADOR,C0,10000,personal_planta_alimento,,,,—,20_opex/modelo_opex.py,—,,PENDIENTE,PENDIENTE: el módulo fuente no lo dimensiona,concepto PENDIENTE_CANTIDAD (no se inventa),
C0-10000-FACON-MP-ELABORADOR,C0,10000,personal_reproductoras,,,,—,20_opex/modelo_opex.py,—,,PENDIENTE,PENDIENTE: el módulo fuente no lo dimensiona,concepto PENDIENTE_CANTIDAD (no se inventa),
C0-10000-FACON-MP-ELABORADOR,C0,10000,personal_rendering,,,,—,20_opex/modelo_opex.py,—,,PENDIENTE,PENDIENTE: el módulo fuente no lo dimensiona,concepto PENDIENTE_CANTIDAD (no se inventa),
C0-10000-FACON-MP-ELABORADOR,C0,10000,kwh_incubadora,,,,—,20_opex/modelo_opex.py,—,,PENDIENTE,PENDIENTE: el módulo fuente no lo dimensiona,concepto PENDIENTE_CANTIDAD (no se inventa),
C0-10000-FACON-MP-ELABORADOR,C0,10000,agua_incubadora,,,,—,20_opex/modelo_opex.py,—,,PENDIENTE,PENDIENTE: el módulo fuente no lo dimensiona,concepto PENDIENTE_CANTIDAD (no se inventa),
C0-10000-FACON-MP-ELABORADOR,C0,10000,kwh_planta_alimento,,,,—,20_opex/modelo_opex.py,—,,PENDIENTE,PENDIENTE: el módulo fuente no lo dimensiona,concepto PENDIENTE_CANTIDAD (no se inventa),
C0-10000-FACON-MP-ELABORADOR,C0,10000,vapor_planta_alimento,,,,—,20_opex/modelo_opex.py,—,,PENDIENTE,PENDIENTE: el módulo fuente no lo dimensiona,concepto PENDIENTE_CANTIDAD (no se inventa),
C0-10000-FACON-MP-ELABORADOR,C0,10000,agua_planta_alimento,,,,—,20_opex/modelo_opex.py,—,,PENDIENTE,PENDIENTE: el módulo fuente no lo dimensiona,concepto PENDIENTE_CANTIDAD (no se inventa),
C0-10000-FACON-MP-ELABORADOR,C0,10000,kwh_rendering,,,,—,20_opex/modelo_opex.py,—,,PENDIENTE,PENDIENTE: el módulo fuente no lo dimensiona,concepto PENDIENTE_CANTIDAD (no se inventa),
C0-10000-FACON-MP-ELABORADOR,C0,10000,lodos_t,,,,—,20_opex/modelo_opex.py,—,,PENDIENTE,PENDIENTE: el módulo fuente no lo dimensiona,concepto PENDIENTE_CANTIDAD (no se inventa),
C0-10000-FACON-MP-ELABORADOR,C0,10000,potencia_contratada_kw,,,,—,20_opex/modelo_opex.py,—,,PENDIENTE,PENDIENTE: el módulo fuente no lo dimensiona,concepto PENDIENTE_CANTIDAD (no se inventa),
C2-10000-FACON-MP-EMPRESA,C2,10000,dias_operativos_anio,,250,,d/año,19_capex/modelo_capex.py,dias_anio(),,CONSUMIDO_CAPEX,[SUPUESTO] SUP-025,anualización de drivers por día operativo,
C2-10000-FACON-MP-EMPRESA,C2,10000,semanas_operativas_anio,,50,,semanas/año,20_opex/modelo_opex.py,días operativos ÷ días/semana,,DERIVADO_OPEX,[ESTIMACIÓN],"anualización de drivers semanales de 12B (producto, subproductos)",
C2-10000-FACON-MP-EMPRESA,C2,10000,aves_faenadas_anio,,2500000,,aves/año,"03_produccion_primaria/escenarios_produccion.csv (modelo_escenarios_produccion.py, vía 14B)",aves_faenadas_anio,"perfil medio, desempeño medio",DIRECTO,[ESTIMACIÓN],"FAE-FACON, FAE-QUIM, empaque",
C2-10000-FACON-MP-EMPRESA,C2,10000,aves_cargadas_anio,,2.50752e+06,,aves/año,"03_produccion_primaria/escenarios_produccion.csv (modelo_escenarios_produccion.py, vía 14B)",aves_cargadas_anio,"perfil medio, desempeño medio",DIRECTO,[ESTIMACIÓN],"captura, pago por ave",
C2-10000-FACON-MP-EMPRESA,C2,10000,pollitos_alojados_anio,,2.6395e+06,,pollitos/año,"03_produccion_primaria/escenarios_produccion.csv (modelo_escenarios_produccion.py, vía 14B)",pollitos_alojados_anio,"perfil medio, desempeño medio",DIRECTO,[ESTIMACIÓN],sanidad de crianza,
C2-10000-FACON-MP-EMPRESA,C2,10000,kg_vivo_cargado_anio,,7.27182e+06,,kg vivo/año,"03_produccion_primaria/escenarios_produccion.csv (modelo_escenarios_produccion.py, vía 14B)",kg_vivo_cargado_anio,"perfil medio, desempeño medio",DIRECTO,[ESTIMACIÓN],pago por kg vivo,
C2-10000-FACON-MP-EMPRESA,C2,10000,mortalidad_granja_aves_anio,,131975,,aves/año,"03_produccion_primaria/escenarios_produccion.csv (modelo_escenarios_produccion.py, vía 14B)",mortalidad_granja_aves_anio,"perfil medio, desempeño medio",DIRECTO,[ESTIMACIÓN],retiro de mortalidad,
C2-10000-FACON-MP-EMPRESA,C2,10000,agua_bebida_m3_anio,,22251.8,,m³/año,"03_produccion_primaria/escenarios_produccion.csv (modelo_escenarios_produccion.py, vía 14B)",agua_bebida_m3_anio,"perfil medio, desempeño medio",DIRECTO,[ESTIMACIÓN],agua de granja propia,
C2-10000-FACON-MP-EMPRESA,C2,10000,ciclos_anio,,5.71048,,ciclos/año,"03_produccion_primaria/escenarios_produccion.csv (modelo_escenarios_produccion.py, vía 14B)",ciclos_anio,"perfil medio, desempeño medio",DIRECTO,[ESTIMACIÓN],limpieza de galpones,
C2-10000-FACON-MP-EMPRESA,C2,10000,m2_galpon,,37942.6,,m²,"03_produccion_primaria/escenarios_produccion.csv (modelo_escenarios_produccion.py, vía 14B)",m2_galpon,"perfil medio, desempeño medio",DIRECTO,[ESTIMACIÓN],limpieza y bioseguridad de galpones,
C2-10000-FACON-MP-EMPRESA,C2,10000,inventario_aves_promedio_anual,,331383,,aves,"03_produccion_primaria/escenarios_produccion.csv (modelo_escenarios_produccion.py, vía 14B)",inventario_aves_promedio_anual,"perfil medio, desempeño medio",DIRECTO,[ESTIMACIÓN],activo biológico (capital de trabajo),
C2-10000-FACON-MP-EMPRESA,C2,10000,pollitos_a_recibir_anio,,2.6395e+06,,pollitos/año,14_alimento_balanceado/escenarios_upstream.csv (modelo_upstream.py),pollitos_a_recibir_anio,margen_pedido = 0 (SUP-142),DIRECTO,[ESTIMACIÓN],POL-COMPRA / base de incubación,
C2-10000-FACON-MP-EMPRESA,C2,10000,pollitos_a_recibir_semana_plena,,52789.9,,pollitos/semana,14_alimento_balanceado/escenarios_upstream.csv (modelo_upstream.py),pollitos_a_recibir_semana_plena,,DIRECTO,[ESTIMACIÓN],incubación (14B),
C2-10000-FACON-MP-EMPRESA,C2,10000,alimento_t_anio,,12362.1,,t/año,14_alimento_balanceado/escenarios_upstream.csv (modelo_upstream.py),alimento_t_anio,,DIRECTO,[ESTIMACIÓN] (03: peso × FCR),alimento comprado / elaborado / materias primas,
C2-10000-FACON-MP-EMPRESA,C2,10000,alimento_t_semana_plena,,247.242,,t/semana,14_alimento_balanceado/escenarios_upstream.csv (modelo_upstream.py),alimento_t_semana_plena,,DIRECTO,[ESTIMACIÓN],anualización de viajes de alimento,
C2-10000-FACON-MP-EMPRESA,C2,10000,mp_maiz_t_anio,,7417.25,,t/año,14_alimento_balanceado/escenarios_upstream.csv (modelo_upstream.py),alimento_t_anio × maiz (0.6),,DIRECTO,[SUPUESTO] composición ilustrativa 14B,ALI-MP-*,NO es una fórmula de dieta; mermas aparte (ALI-MERMA)
C2-10000-FACON-MP-EMPRESA,C2,10000,mp_harina_soja_t_anio,,3708.63,,t/año,14_alimento_balanceado/escenarios_upstream.csv (modelo_upstream.py),alimento_t_anio × harina_soja (0.3),,DIRECTO,[SUPUESTO] composición ilustrativa 14B,ALI-MP-*,NO es una fórmula de dieta; mermas aparte (ALI-MERMA)
C2-10000-FACON-MP-EMPRESA,C2,10000,mp_resto_t_anio,,1236.21,,t/año,14_alimento_balanceado/escenarios_upstream.csv (modelo_upstream.py),alimento_t_anio × resto (0.1),,DIRECTO,[SUPUESTO] composición ilustrativa 14B,ALI-MP-*,NO es una fórmula de dieta; mermas aparte (ALI-MERMA)
C2-10000-FACON-MP-EMPRESA,C2,10000,kwh_anio,1.47305e+06,2.5089e+06,4.46125e+06,kWh/año,"11_agua_efluentes/escenarios_utilities.csv (modelo_utilities.py, vía 12C)",kwh_total_anio,"perfil P2, 8 h, config. B; nivel bajo/medio/alto de 09C",CALCULO_MODELO_FUENTE,[ESTIMACIÓN],"UT-ELE-KWH (incluye frío, aire, bombeo, efluentes aerobios)","UNIVERSO 09C = planta de FAENA; no se extiende a incubación, alimento, granjas ni rendering"
C2-10000-FACON-MP-EMPRESA,C2,10000,kwh_frio_proceso_anio,380625,634375,1.14188e+06,kWh/año,"11_agua_efluentes/escenarios_utilities.csv (modelo_utilities.py, vía 12C)",kwh_proceso_frio_de_proceso_agua_helada_hielo_dia × 250,"perfil P2, 8 h, config. B; nivel bajo/medio/alto de 09C",CALCULO_MODELO_FUENTE,[SUPUESTO] reparto ilustrativo,INFORMATIVO: ya incluido en kwh_anio (no se duplica),"UNIVERSO 09C = planta de FAENA; no se extiende a incubación, alimento, granjas ni rendering"
C2-10000-FACON-MP-EMPRESA,C2,10000,kwh_congelacion_anio,287578,455332,623086,kWh/año,"11_agua_efluentes/escenarios_utilities.csv (modelo_utilities.py, vía 12C)",kwh_congelacion_dia × 250,"perfil P2, 8 h, config. B; nivel bajo/medio/alto de 09C",CALCULO_MODELO_FUENTE,[ESTIMACIÓN],INFORMATIVO: ya incluido en kwh_anio,"UNIVERSO 09C = planta de FAENA; no se extiende a incubación, alimento, granjas ni rendering"
C2-10000-FACON-MP-EMPRESA,C2,10000,kwh_almacen_frio_anio,81348.6,162697,276410,kWh/año,"11_agua_efluentes/escenarios_utilities.csv (modelo_utilities.py, vía 12C)",kwh_almacenamiento_frio_dia_calendario × 365,"perfil P2, 8 h, config. B; nivel bajo/medio/alto de 09C",CALCULO_MODELO_FUENTE,[ESTIMACIÓN],INFORMATIVO: ya incluido en kwh_anio,"UNIVERSO 09C = planta de FAENA; no se extiende a incubación, alimento, granjas ni rendering"
C2-10000-FACON-MP-EMPRESA,C2,10000,kwh_efluentes_anio,16625,78375,299250,kWh/año,"11_agua_efluentes/escenarios_utilities.csv (modelo_utilities.py, vía 12C)",kwh_tratamiento_aerobio_dia × 250,"perfil P2, 8 h, config. B; nivel bajo/medio/alto de 09C",CALCULO_MODELO_FUENTE,[ESTIMACIÓN],INFORMATIVO: ya incluido en kwh_anio,"UNIVERSO 09C = planta de FAENA; no se extiende a incubación, alimento, granjas ni rendering"
C2-10000-FACON-MP-EMPRESA,C2,10000,kwh_bombeo_anio,108750,181250,326250,kWh/año,"11_agua_efluentes/escenarios_utilities.csv (modelo_utilities.py, vía 12C)",kwh_proceso_bombas_agua_y_efluentes_dia × 250,"perfil P2, 8 h, config. B; nivel bajo/medio/alto de 09C",CALCULO_MODELO_FUENTE,[ESTIMACIÓN],INFORMATIVO: ya incluido en kwh_anio,"UNIVERSO 09C = planta de FAENA; no se extiende a incubación, alimento, granjas ni rendering"
C2-10000-FACON-MP-EMPRESA,C2,10000,agua_m3_anio,37500,62500,95000,m³/año,"11_agua_efluentes/escenarios_utilities.csv (modelo_utilities.py, vía 12C)",agua_captada_m3_dia × 250,"perfil P2, 8 h, config. B; nivel bajo/medio/alto de 09C",CALCULO_MODELO_FUENTE,[ESTIMACIÓN],UT-AGUA-*,"UNIVERSO 09C = planta de FAENA; no se extiende a incubación, alimento, granjas ni rendering"
C2-10000-FACON-MP-EMPRESA,C2,10000,agua_limpieza_m3_anio,7500,12500,18750,m³/año,"11_agua_efluentes/escenarios_utilities.csv (modelo_utilities.py, vía 12C)",agua_limpieza_m3_dia × 250,"perfil P2, 8 h, config. B; nivel bajo/medio/alto de 09C",CALCULO_MODELO_FUENTE,[ESTIMACIÓN],INFORMATIVO: ya incluida en agua_m3_anio,"UNIVERSO 09C = planta de FAENA; no se extiende a incubación, alimento, granjas ni rendering"
C2-10000-FACON-MP-EMPRESA,C2,10000,efluente_m3_anio,30000,55000,90250,m³/año,"11_agua_efluentes/escenarios_utilities.csv (modelo_utilities.py, vía 12C)",agua_descargada_m3_dia × 250,"perfil P2, 8 h, config. B; nivel bajo/medio/alto de 09C",CALCULO_MODELO_FUENTE,[ESTIMACIÓN],"EF-QUIM, EF-CANON","UNIVERSO 09C = planta de FAENA; no se extiende a incubación, alimento, granjas ni rendering"
C2-10000-FACON-MP-EMPRESA,C2,10000,energia_termica_kwh_t_anio,376330,926346,2.46733e+06,kWh_t/año,"11_agua_efluentes/escenarios_utilities.csv (modelo_utilities.py, vía 12C)",energia_combustible_kwh_termicos_dia × 250,"perfil P2, 8 h, config. B; nivel bajo/medio/alto de 09C",CALCULO_MODELO_FUENTE,[ESTIMACIÓN],UT-TER-* (combustible),"UNIVERSO 09C = planta de FAENA; no se extiende a incubación, alimento, granjas ni rendering"
C2-10000-FACON-MP-EMPRESA,C2,10000,combustible_gas_natural_anio,34827.4,85728.7,228339,m³/año,"11_agua_efluentes/escenarios_utilities.csv (modelo_utilities.py, vía 12C)",equivalente_gas_natural_m3_dia × 250,"perfil P2, 8 h, config. B; nivel bajo/medio/alto de 09C",CALCULO_MODELO_FUENTE,[SUPUESTO] PCI,UT-TER (gas_natural) si se elige,"UNIVERSO 09C = planta de FAENA; no se extiende a incubación, alimento, granjas ni rendering"
C2-10000-FACON-MP-EMPRESA,C2,10000,combustible_glp_anio,29451.9,72496.7,193095,kg/año,"11_agua_efluentes/escenarios_utilities.csv (modelo_utilities.py, vía 12C)",equivalente_glp_kg_dia × 250,"perfil P2, 8 h, config. B; nivel bajo/medio/alto de 09C",CALCULO_MODELO_FUENTE,[SUPUESTO] PCI,UT-TER (glp) si se elige,"UNIVERSO 09C = planta de FAENA; no se extiende a incubación, alimento, granjas ni rendering"
C2-10000-FACON-MP-EMPRESA,C2,10000,combustible_biomasa_anio,96770.5,238203,634455,kg/año,"11_agua_efluentes/escenarios_utilities.csv (modelo_utilities.py, vía 12C)",equivalente_biomasa_chip_kg_dia × 250,"perfil P2, 8 h, config. B; nivel bajo/medio/alto de 09C",CALCULO_MODELO_FUENTE,[SUPUESTO] PCI,UT-TER (biomasa) si se elige,"UNIVERSO 09C = planta de FAENA; no se extiende a incubación, alimento, granjas ni rendering"
C2-10000-FACON-MP-EMPRESA,C2,10000,subproducto_sangre_t_anio,209.525,209.525,209.525,t/año,"11_agua_efluentes/escenarios_utilities.csv (modelo_utilities.py, vía 12C)",segregable_sangre_recuperada_t_dia × 250,"perfil P2, 8 h, config. B; nivel bajo/medio/alto de 09C",CALCULO_MODELO_FUENTE,[ESTIMACIÓN],SUB-RET-SANGRE,"UNIVERSO 09C = planta de FAENA; no se extiende a incubación, alimento, granjas ni rendering"
C2-10000-FACON-MP-EMPRESA,C2,10000,subproducto_plumas_t_anio,603.2,603.2,603.2,t/año,"11_agua_efluentes/escenarios_utilities.csv (modelo_utilities.py, vía 12C)",segregable_plumas_t_dia × 250,"perfil P2, 8 h, config. B; nivel bajo/medio/alto de 09C",CALCULO_MODELO_FUENTE,[ESTIMACIÓN],SUB-RET-PLUMAS,"UNIVERSO 09C = planta de FAENA; no se extiende a incubación, alimento, granjas ni rendering"
C2-10000-FACON-MP-EMPRESA,C2,10000,subproducto_visceras_t_anio,326.25,326.25,326.25,t/año,"11_agua_efluentes/escenarios_utilities.csv (modelo_utilities.py, vía 12C)",segregable_visceras_t_dia × 250,"perfil P2, 8 h, config. B; nivel bajo/medio/alto de 09C",CALCULO_MODELO_FUENTE,[ESTIMACIÓN],SUB-RET-VISCERAS,"UNIVERSO 09C = planta de FAENA; no se extiende a incubación, alimento, granjas ni rendering"
C2-10000-FACON-MP-EMPRESA,C2,10000,subproducto_cabezas_t_anio,181.25,181.25,181.25,t/año,"11_agua_efluentes/escenarios_utilities.csv (modelo_utilities.py, vía 12C)",segregable_cabeza_t_dia × 250,"perfil P2, 8 h, config. B; nivel bajo/medio/alto de 09C",CALCULO_MODELO_FUENTE,[ESTIMACIÓN],SUB-RET-CABEZAS,"UNIVERSO 09C = planta de FAENA; no se extiende a incubación, alimento, granjas ni rendering"
C2-10000-FACON-MP-EMPRESA,C2,10000,decomisos_t_anio,,100.36,,t/año,04_balance_masa/escenarios_balance.csv (modelo_balance_masa.py),Σ filas 'decomiso*' de balance() × aves/año,,CALCULO_MODELO_FUENTE,[ESTIMACIÓN] condenas medias,SUB-RET-DECOMISOS,
C2-10000-FACON-MP-EMPRESA,C2,10000,kg_producto_anio,,5.99121e+06,,kg producto/año,05_proceso_industrial/capacidad_proceso.csv (modelo_capacidad_proceso.py),kg_ave_config()['comestible_a_empaque'] × aves/año,,CALCULO_MODELO_FUENTE,[ESTIMACIÓN] balance v1.1,"EMP-* (base comercial; incluye garras y menudencias, 12B)",
C2-10000-FACON-MP-EMPRESA,C2,10000,refrigerado_t_anio,,3594.73,,t/año,13_logistica/escenarios_logistica.csv (modelo_logistica.py),refrigerado_t_semana × semanas operativas,"perfil P2; 6 despachos refrigerado y 2 congelado/sem; 12 t; 300 km (ESCENARIO, SUP-16-20)",CALCULO_MODELO_FUENTE,[ESTIMACIÓN],flujo refrigerado,
C2-10000-FACON-MP-EMPRESA,C2,10000,refrigerado_viajes_anio,,300,,viajes/año,13_logistica/escenarios_logistica.csv (modelo_logistica.py),refrigerado_viajes_semana × semanas,"perfil P2; 6 despachos refrigerado y 2 congelado/sem; 12 t; 300 km (ESCENARIO, SUP-16-20)",CALCULO_MODELO_FUENTE,[ESTIMACIÓN] capacidad de ESCENARIO,LOG-REF-*,
C2-10000-FACON-MP-EMPRESA,C2,10000,refrigerado_km_anio,,180000,,km/año,13_logistica/escenarios_logistica.csv (modelo_logistica.py),refrigerado_km_dia_despacho × despachos/semana × semanas,"perfil P2; 6 despachos refrigerado y 2 congelado/sem; 12 t; 300 km (ESCENARIO, SUP-16-20)",CALCULO_MODELO_FUENTE,[ESTIMACIÓN] troncal; reparto capilar PENDIENTE (DEC-053),LOG-REF-*,
C2-10000-FACON-MP-EMPRESA,C2,10000,stock_refrigerado_medio_t,,17.1177,,t,13_logistica/escenarios_logistica.csv (modelo_logistica.py),"inventario(t_dia_op, despachos=6): stock_ciclo_medio + seguridad (0)",,CALCULO_MODELO_FUENTE,[ESTIMACIÓN]; stock comercial adicional PENDIENTE,capital de trabajo,
C2-10000-FACON-MP-EMPRESA,C2,10000,congelado_t_anio,,2396.48,,t/año,13_logistica/escenarios_logistica.csv (modelo_logistica.py),congelado_t_semana × semanas operativas,"perfil P2; 6 despachos refrigerado y 2 congelado/sem; 12 t; 300 km (ESCENARIO, SUP-16-20)",CALCULO_MODELO_FUENTE,[ESTIMACIÓN],flujo congelado,
C2-10000-FACON-MP-EMPRESA,C2,10000,congelado_viajes_anio,,200,,viajes/año,13_logistica/escenarios_logistica.csv (modelo_logistica.py),congelado_viajes_semana × semanas,"perfil P2; 6 despachos refrigerado y 2 congelado/sem; 12 t; 300 km (ESCENARIO, SUP-16-20)",CALCULO_MODELO_FUENTE,[ESTIMACIÓN] capacidad de ESCENARIO,LOG-CON-*,
C2-10000-FACON-MP-EMPRESA,C2,10000,congelado_km_anio,,120000,,km/año,13_logistica/escenarios_logistica.csv (modelo_logistica.py),congelado_km_dia_despacho × despachos/semana × semanas,"perfil P2; 6 despachos refrigerado y 2 congelado/sem; 12 t; 300 km (ESCENARIO, SUP-16-20)",CALCULO_MODELO_FUENTE,[ESTIMACIÓN] troncal; reparto capilar PENDIENTE (DEC-053),LOG-CON-*,
C2-10000-FACON-MP-EMPRESA,C2,10000,stock_congelado_medio_t,,28.0731,,t,13_logistica/escenarios_logistica.csv (modelo_logistica.py),"inventario(t_dia_op, despachos=2): stock_ciclo_medio + seguridad (0)",,CALCULO_MODELO_FUENTE,[ESTIMACIÓN]; stock comercial adicional PENDIENTE,capital de trabajo,
C2-10000-FACON-MP-EMPRESA,C2,10000,vivo_viajes_anio,,500,,viajes/año,13_logistica/escenarios_logistica.csv (modelo_logistica.py),viajes_dia × días,radio 100 km; 5500 aves/camión (ESCENARIO),DIRECTO,[ESTIMACIÓN],LOG-VIV-*,
C2-10000-FACON-MP-EMPRESA,C2,10000,vivo_km_anio,,86666.7,,km/año,13_logistica/escenarios_logistica.csv (modelo_logistica.py),km_total_dia × días,radio 100 km; 5500 aves/camión (ESCENARIO),DIRECTO,[ESTIMACIÓN],LOG-VIV-*,
C2-10000-FACON-MP-EMPRESA,C2,10000,vivo_t_anio,,7271.82,,t/año,13_logistica/escenarios_logistica.csv (modelo_logistica.py),t_vivo_cargado_dia × días,radio 100 km; 5500 aves/camión (ESCENARIO),DIRECTO,[ESTIMACIÓN],LOG-VIV-TER-UNI,
C2-10000-FACON-MP-EMPRESA,C2,10000,alimento_viajes_anio,,450,,viajes/año,13_logistica/escenarios_logistica.csv (modelo_logistica.py),alimento_viajes_semana × (t_año ÷ t_semana_plena),granelero 28 t; 75 km fábrica–granja (ESCENARIO),DIRECTO,[ESTIMACIÓN],LOG-ALI-*,
C2-10000-FACON-MP-EMPRESA,C2,10000,alimento_km_anio,,67500,,km/año,13_logistica/escenarios_logistica.csv (modelo_logistica.py),alimento_km_semana × (t_año ÷ t_semana_plena),granelero 28 t; 75 km fábrica–granja (ESCENARIO),DIRECTO,[ESTIMACIÓN],LOG-ALI-*,
C2-10000-FACON-MP-EMPRESA,C2,10000,grano_t_anio,,11125.9,,t/año,20_opex/modelo_opex.py,mp maíz + harina de soja (t/año),,DERIVADO_OPEX,[ESTIMACIÓN],LOG-GRA-TER-UNI,
C2-10000-FACON-MP-EMPRESA,C2,10000,grano_viajes_anio,,,,viajes/año,14_alimento_balanceado/escenarios_upstream.csv (modelo_upstream.py),viajes_grano_semana (cap_grano = None),,PENDIENTE,"PENDIENTE (capacidad y distancia del acopio, DPV-157)",LOG-GRA-*,
C2-10000-FACON-MP-EMPRESA,C2,10000,pollitos_viajes_anio,,,,viajes/año,13_logistica/escenarios_logistica.csv (modelo_logistica.py),pollitos_viajes_semana (cap_pollitos = None),,PENDIENTE,"PENDIENTE (DPV-047, DPV-084)",LOG-POL-*,
C2-10000-FACON-MP-EMPRESA,C2,10000,subproductos_viajes_anio,,1000,,viajes/año,13_logistica/escenarios_logistica.csv (modelo_logistica.py),Σ viajes_semana_criterio_masa × semanas,,CALCULO_MODELO_FUENTE,"COTA INFERIOR (volumétrico PENDIENTE, DPV-135)",LOG-SUB-*,
C2-10000-FACON-MP-EMPRESA,C2,10000,subproductos_km_anio,,100000,,km/año,13_logistica/escenarios_logistica.csv (modelo_logistica.py),Σ km_semana_criterio_masa × semanas,,CALCULO_MODELO_FUENTE,COTA INFERIOR,LOG-SUB-*,
C2-10000-FACON-MP-EMPRESA,C2,10000,subproductos_t_anio,,1520.88,,t/año,13_logistica/escenarios_logistica.csv (modelo_logistica.py),Σ t_semana × semanas,,CALCULO_MODELO_FUENTE,[ESTIMACIÓN],LOG-SUB-TER-UNI,
C2-10000-FACON-MP-EMPRESA,C2,10000,vehiculos_POL,,,,vehículos,19_capex/boq_capex.csv (modelo_capex.py),flota[pollitos].unidades,,PENDIENTE,PENDIENTE,"LOG-POL-PAT, SEG-FLOTA-POL",
C2-10000-FACON-MP-EMPRESA,C2,10000,vehiculos_HUE,,,,vehículos,19_capex/boq_capex.csv (modelo_capex.py),—,,PENDIENTE,PENDIENTE,"LOG-HUE-PAT, SEG-FLOTA-HUE",
C2-10000-FACON-MP-EMPRESA,C2,10000,vehiculos_ALI,,,,vehículos,19_capex/boq_capex.csv (modelo_capex.py),flota[alimento].unidades,,PENDIENTE,PENDIENTE,"LOG-ALI-PAT, SEG-FLOTA-ALI",
C2-10000-FACON-MP-EMPRESA,C2,10000,vehiculos_GRA,,,,vehículos,19_capex/boq_capex.csv (modelo_capex.py),—,,PENDIENTE,PENDIENTE,"LOG-GRA-PAT, SEG-FLOTA-GRA",
C2-10000-FACON-MP-EMPRESA,C2,10000,vehiculos_VIV,,3,,vehículos,19_capex/boq_capex.csv (modelo_capex.py),flota[vivo].unidades,,CONSUMIDO_CAPEX,[ESTIMACIÓN] con reserva SUP-16-02,"LOG-VIV-PAT, SEG-FLOTA-VIV",
C2-10000-FACON-MP-EMPRESA,C2,10000,vehiculos_REF,,2,,vehículos,19_capex/boq_capex.csv (modelo_capex.py),flota[refrigerado].unidades,,CONSUMIDO_CAPEX,[ESTIMACIÓN] con reserva SUP-16-02,"LOG-REF-PAT, SEG-FLOTA-REF",
C2-10000-FACON-MP-EMPRESA,C2,10000,vehiculos_CON,,,,vehículos,19_capex/boq_capex.csv (modelo_capex.py),flota[congelado].unidades,,PENDIENTE,PENDIENTE,"LOG-CON-PAT, SEG-FLOTA-CON",
C2-10000-FACON-MP-EMPRESA,C2,10000,vehiculos_SUB,,,,vehículos,19_capex/boq_capex.csv (modelo_capex.py),flota[subproductos].unidades,,PENDIENTE,PENDIENTE,"LOG-SUB-PAT, SEG-FLOTA-SUB",
C2-10000-FACON-MP-EMPRESA,C2,10000,fte_industrial_14a,,106.754,,FTE,18_recursos_humanos/escenarios_rrhh.csv (modelo_rrhh.py),fte_total,turnos=extendido; autom=semiautomatico; limpieza=propia; mant=propio; lab=propio,CALCULO_MODELO_FUENTE,[SUPUESTO] productividad,"RRHH INDUSTRIAL + estructura + coordinación primaria (14A). NO es el FTE total de una empresa verticalmente integrada: granjas propias, incubación, planta de alimento, reproductoras y rendering no están dimensionados","headcount de nómina PENDIENTE (factor de cobertura no validado); incluye horas de terceros que luego pueden quedar INCLUIDAS en tarifas (faenador, choferes)"
C2-10000-FACON-MP-EMPRESA,C2,10000,fte_directos_14a,,47.3522,,FTE,18_recursos_humanos/escenarios_rrhh.csv (modelo_rrhh.py),fte_interno + fte_tercerizado (directo),,CALCULO_MODELO_FUENTE,[SUPUESTO],FAE-CUCH,
C2-10000-FACON-MP-EMPRESA,C2,10000,horas_brecha_jornada_anio,,21657.8,,h-persona/año,18_recursos_humanos/escenarios_rrhh.csv (modelo_rrhh.py),horas_persona_brecha_jornada_dia × días,,CALCULO_MODELO_FUENTE,[ESTIMACIÓN],INFORMATIVO: no son horas extra automáticas (DPV-146),
C2-10000-FACON-MP-EMPRESA,C2,10000,headcount_nomina,,,,personas,18_recursos_humanos/escenarios_rrhh.csv (modelo_rrhh.py),headcount_nomina,,PENDIENTE,PENDIENTE (factor de cobertura),NO se usa: costeo provisional por FTE,
C2-10000-FACON-MP-EMPRESA,C2,10000,fraccion_granjas_propias,,0.25,,fracción,19_capex/boq_capex.csv (modelo_capex.py),fraccion_granjas_propias,,CONSUMIDO_CAPEX,ESCENARIO (SUP-16-09),reparto propia / integrada,
C2-10000-FACON-MP-EMPRESA,C2,10000,kwh_granja,,,,—,20_opex/modelo_opex.py,—,,PENDIENTE,PENDIENTE: el módulo fuente no lo dimensiona,concepto PENDIENTE_CANTIDAD (no se inventa),
C2-10000-FACON-MP-EMPRESA,C2,10000,gas_granja,,,,—,20_opex/modelo_opex.py,—,,PENDIENTE,PENDIENTE: el módulo fuente no lo dimensiona,concepto PENDIENTE_CANTIDAD (no se inventa),
C2-10000-FACON-MP-EMPRESA,C2,10000,cama_t,,,,—,20_opex/modelo_opex.py,—,,PENDIENTE,PENDIENTE: el módulo fuente no lo dimensiona,concepto PENDIENTE_CANTIDAD (no se inventa),
C2-10000-FACON-MP-EMPRESA,C2,10000,personal_granja,,,,—,20_opex/modelo_opex.py,—,,PENDIENTE,PENDIENTE: el módulo fuente no lo dimensiona,concepto PENDIENTE_CANTIDAD (no se inventa),
C2-10000-FACON-MP-EMPRESA,C2,10000,personal_incubadora,,,,—,20_opex/modelo_opex.py,—,,PENDIENTE,PENDIENTE: el módulo fuente no lo dimensiona,concepto PENDIENTE_CANTIDAD (no se inventa),
C2-10000-FACON-MP-EMPRESA,C2,10000,personal_planta_alimento,,,,—,20_opex/modelo_opex.py,—,,PENDIENTE,PENDIENTE: el módulo fuente no lo dimensiona,concepto PENDIENTE_CANTIDAD (no se inventa),
C2-10000-FACON-MP-EMPRESA,C2,10000,personal_reproductoras,,,,—,20_opex/modelo_opex.py,—,,PENDIENTE,PENDIENTE: el módulo fuente no lo dimensiona,concepto PENDIENTE_CANTIDAD (no se inventa),
C2-10000-FACON-MP-EMPRESA,C2,10000,personal_rendering,,,,—,20_opex/modelo_opex.py,—,,PENDIENTE,PENDIENTE: el módulo fuente no lo dimensiona,concepto PENDIENTE_CANTIDAD (no se inventa),
C2-10000-FACON-MP-EMPRESA,C2,10000,kwh_incubadora,,,,—,20_opex/modelo_opex.py,—,,PENDIENTE,PENDIENTE: el módulo fuente no lo dimensiona,concepto PENDIENTE_CANTIDAD (no se inventa),
C2-10000-FACON-MP-EMPRESA,C2,10000,agua_incubadora,,,,—,20_opex/modelo_opex.py,—,,PENDIENTE,PENDIENTE: el módulo fuente no lo dimensiona,concepto PENDIENTE_CANTIDAD (no se inventa),
C2-10000-FACON-MP-EMPRESA,C2,10000,kwh_planta_alimento,,,,—,20_opex/modelo_opex.py,—,,PENDIENTE,PENDIENTE: el módulo fuente no lo dimensiona,concepto PENDIENTE_CANTIDAD (no se inventa),
C2-10000-FACON-MP-EMPRESA,C2,10000,vapor_planta_alimento,,,,—,20_opex/modelo_opex.py,—,,PENDIENTE,PENDIENTE: el módulo fuente no lo dimensiona,concepto PENDIENTE_CANTIDAD (no se inventa),
C2-10000-FACON-MP-EMPRESA,C2,10000,agua_planta_alimento,,,,—,20_opex/modelo_opex.py,—,,PENDIENTE,PENDIENTE: el módulo fuente no lo dimensiona,concepto PENDIENTE_CANTIDAD (no se inventa),
C2-10000-FACON-MP-EMPRESA,C2,10000,kwh_rendering,,,,—,20_opex/modelo_opex.py,—,,PENDIENTE,PENDIENTE: el módulo fuente no lo dimensiona,concepto PENDIENTE_CANTIDAD (no se inventa),
C2-10000-FACON-MP-EMPRESA,C2,10000,lodos_t,,,,—,20_opex/modelo_opex.py,—,,PENDIENTE,PENDIENTE: el módulo fuente no lo dimensiona,concepto PENDIENTE_CANTIDAD (no se inventa),
C2-10000-FACON-MP-EMPRESA,C2,10000,potencia_contratada_kw,,,,—,20_opex/modelo_opex.py,—,,PENDIENTE,PENDIENTE: el módulo fuente no lo dimensiona,concepto PENDIENTE_CANTIDAD (no se inventa),
C1-10000-GN-RED,C1,10000,dias_operativos_anio,,250,,d/año,19_capex/modelo_capex.py,dias_anio(),,CONSUMIDO_CAPEX,[SUPUESTO] SUP-025,anualización de drivers por día operativo,
C1-10000-GN-RED,C1,10000,semanas_operativas_anio,,50,,semanas/año,20_opex/modelo_opex.py,días operativos ÷ días/semana,,DERIVADO_OPEX,[ESTIMACIÓN],"anualización de drivers semanales de 12B (producto, subproductos)",
C1-10000-GN-RED,C1,10000,aves_faenadas_anio,,2500000,,aves/año,"03_produccion_primaria/escenarios_produccion.csv (modelo_escenarios_produccion.py, vía 14B)",aves_faenadas_anio,"perfil medio, desempeño medio",DIRECTO,[ESTIMACIÓN],"FAE-FACON, FAE-QUIM, empaque",
C1-10000-GN-RED,C1,10000,aves_cargadas_anio,,2.50752e+06,,aves/año,"03_produccion_primaria/escenarios_produccion.csv (modelo_escenarios_produccion.py, vía 14B)",aves_cargadas_anio,"perfil medio, desempeño medio",DIRECTO,[ESTIMACIÓN],"captura, pago por ave",
C1-10000-GN-RED,C1,10000,pollitos_alojados_anio,,2.6395e+06,,pollitos/año,"03_produccion_primaria/escenarios_produccion.csv (modelo_escenarios_produccion.py, vía 14B)",pollitos_alojados_anio,"perfil medio, desempeño medio",DIRECTO,[ESTIMACIÓN],sanidad de crianza,
C1-10000-GN-RED,C1,10000,kg_vivo_cargado_anio,,7.27182e+06,,kg vivo/año,"03_produccion_primaria/escenarios_produccion.csv (modelo_escenarios_produccion.py, vía 14B)",kg_vivo_cargado_anio,"perfil medio, desempeño medio",DIRECTO,[ESTIMACIÓN],pago por kg vivo,
C1-10000-GN-RED,C1,10000,mortalidad_granja_aves_anio,,131975,,aves/año,"03_produccion_primaria/escenarios_produccion.csv (modelo_escenarios_produccion.py, vía 14B)",mortalidad_granja_aves_anio,"perfil medio, desempeño medio",DIRECTO,[ESTIMACIÓN],retiro de mortalidad,
C1-10000-GN-RED,C1,10000,agua_bebida_m3_anio,,22251.8,,m³/año,"03_produccion_primaria/escenarios_produccion.csv (modelo_escenarios_produccion.py, vía 14B)",agua_bebida_m3_anio,"perfil medio, desempeño medio",DIRECTO,[ESTIMACIÓN],agua de granja propia,
C1-10000-GN-RED,C1,10000,ciclos_anio,,5.71048,,ciclos/año,"03_produccion_primaria/escenarios_produccion.csv (modelo_escenarios_produccion.py, vía 14B)",ciclos_anio,"perfil medio, desempeño medio",DIRECTO,[ESTIMACIÓN],limpieza de galpones,
C1-10000-GN-RED,C1,10000,m2_galpon,,37942.6,,m²,"03_produccion_primaria/escenarios_produccion.csv (modelo_escenarios_produccion.py, vía 14B)",m2_galpon,"perfil medio, desempeño medio",DIRECTO,[ESTIMACIÓN],limpieza y bioseguridad de galpones,
C1-10000-GN-RED,C1,10000,inventario_aves_promedio_anual,,331383,,aves,"03_produccion_primaria/escenarios_produccion.csv (modelo_escenarios_produccion.py, vía 14B)",inventario_aves_promedio_anual,"perfil medio, desempeño medio",DIRECTO,[ESTIMACIÓN],activo biológico (capital de trabajo),
C1-10000-GN-RED,C1,10000,pollitos_a_recibir_anio,,2.6395e+06,,pollitos/año,14_alimento_balanceado/escenarios_upstream.csv (modelo_upstream.py),pollitos_a_recibir_anio,margen_pedido = 0 (SUP-142),DIRECTO,[ESTIMACIÓN],POL-COMPRA / base de incubación,
C1-10000-GN-RED,C1,10000,pollitos_a_recibir_semana_plena,,52789.9,,pollitos/semana,14_alimento_balanceado/escenarios_upstream.csv (modelo_upstream.py),pollitos_a_recibir_semana_plena,,DIRECTO,[ESTIMACIÓN],incubación (14B),
C1-10000-GN-RED,C1,10000,alimento_t_anio,,12362.1,,t/año,14_alimento_balanceado/escenarios_upstream.csv (modelo_upstream.py),alimento_t_anio,,DIRECTO,[ESTIMACIÓN] (03: peso × FCR),alimento comprado / elaborado / materias primas,
C1-10000-GN-RED,C1,10000,alimento_t_semana_plena,,247.242,,t/semana,14_alimento_balanceado/escenarios_upstream.csv (modelo_upstream.py),alimento_t_semana_plena,,DIRECTO,[ESTIMACIÓN],anualización de viajes de alimento,
C1-10000-GN-RED,C1,10000,mp_maiz_t_anio,,7417.25,,t/año,14_alimento_balanceado/escenarios_upstream.csv (modelo_upstream.py),alimento_t_anio × maiz (0.6),,DIRECTO,[SUPUESTO] composición ilustrativa 14B,ALI-MP-*,NO es una fórmula de dieta; mermas aparte (ALI-MERMA)
C1-10000-GN-RED,C1,10000,mp_harina_soja_t_anio,,3708.63,,t/año,14_alimento_balanceado/escenarios_upstream.csv (modelo_upstream.py),alimento_t_anio × harina_soja (0.3),,DIRECTO,[SUPUESTO] composición ilustrativa 14B,ALI-MP-*,NO es una fórmula de dieta; mermas aparte (ALI-MERMA)
C1-10000-GN-RED,C1,10000,mp_resto_t_anio,,1236.21,,t/año,14_alimento_balanceado/escenarios_upstream.csv (modelo_upstream.py),alimento_t_anio × resto (0.1),,DIRECTO,[SUPUESTO] composición ilustrativa 14B,ALI-MP-*,NO es una fórmula de dieta; mermas aparte (ALI-MERMA)
C1-10000-GN-RED,C1,10000,kwh_anio,1.2062e+06,2.06506e+06,3.82599e+06,kWh/año,"11_agua_efluentes/escenarios_utilities.csv (modelo_utilities.py, vía 12C)",kwh_total_anio,"perfil P1, 8 h, config. B; nivel bajo/medio/alto de 09C",DIRECTO,[ESTIMACIÓN],"UT-ELE-KWH (incluye frío, aire, bombeo, efluentes aerobios)","UNIVERSO 09C = planta de FAENA; no se extiende a incubación, alimento, granjas ni rendering"
C1-10000-GN-RED,C1,10000,kwh_frio_proceso_anio,380625,634375,1.14188e+06,kWh/año,"11_agua_efluentes/escenarios_utilities.csv (modelo_utilities.py, vía 12C)",kwh_proceso_frio_de_proceso_agua_helada_hielo_dia × 250,"perfil P1, 8 h, config. B; nivel bajo/medio/alto de 09C",DIRECTO,[SUPUESTO] reparto ilustrativo,INFORMATIVO: ya incluido en kwh_anio (no se duplica),"UNIVERSO 09C = planta de FAENA; no se extiende a incubación, alimento, granjas ni rendering"
C1-10000-GN-RED,C1,10000,kwh_congelacion_anio,71894.5,113833,155771,kWh/año,"11_agua_efluentes/escenarios_utilities.csv (modelo_utilities.py, vía 12C)",kwh_congelacion_dia × 250,"perfil P1, 8 h, config. B; nivel bajo/medio/alto de 09C",DIRECTO,[ESTIMACIÓN],INFORMATIVO: ya incluido en kwh_anio,"UNIVERSO 09C = planta de FAENA; no se extiende a incubación, alimento, granjas ni rendering"
C1-10000-GN-RED,C1,10000,kwh_almacen_frio_anio,30177.7,60355.4,108465,kWh/año,"11_agua_efluentes/escenarios_utilities.csv (modelo_utilities.py, vía 12C)",kwh_almacenamiento_frio_dia_calendario × 365,"perfil P1, 8 h, config. B; nivel bajo/medio/alto de 09C",DIRECTO,[ESTIMACIÓN],INFORMATIVO: ya incluido en kwh_anio,"UNIVERSO 09C = planta de FAENA; no se extiende a incubación, alimento, granjas ni rendering"
C1-10000-GN-RED,C1,10000,kwh_efluentes_anio,16625,78375,299250,kWh/año,"11_agua_efluentes/escenarios_utilities.csv (modelo_utilities.py, vía 12C)",kwh_tratamiento_aerobio_dia × 250,"perfil P1, 8 h, config. B; nivel bajo/medio/alto de 09C",DIRECTO,[ESTIMACIÓN],INFORMATIVO: ya incluido en kwh_anio,"UNIVERSO 09C = planta de FAENA; no se extiende a incubación, alimento, granjas ni rendering"
C1-10000-GN-RED,C1,10000,kwh_bombeo_anio,108750,181250,326250,kWh/año,"11_agua_efluentes/escenarios_utilities.csv (modelo_utilities.py, vía 12C)",kwh_proceso_bombas_agua_y_efluentes_dia × 250,"perfil P1, 8 h, config. B; nivel bajo/medio/alto de 09C",DIRECTO,[ESTIMACIÓN],INFORMATIVO: ya incluido en kwh_anio,"UNIVERSO 09C = planta de FAENA; no se extiende a incubación, alimento, granjas ni rendering"
C1-10000-GN-RED,C1,10000,agua_m3_anio,37500,62500,95000,m³/año,"11_agua_efluentes/escenarios_utilities.csv (modelo_utilities.py, vía 12C)",agua_captada_m3_dia × 250,"perfil P1, 8 h, config. B; nivel bajo/medio/alto de 09C",DIRECTO,[ESTIMACIÓN],UT-AGUA-*,"UNIVERSO 09C = planta de FAENA; no se extiende a incubación, alimento, granjas ni rendering"
C1-10000-GN-RED,C1,10000,agua_limpieza_m3_anio,7500,12500,18750,m³/año,"11_agua_efluentes/escenarios_utilities.csv (modelo_utilities.py, vía 12C)",agua_limpieza_m3_dia × 250,"perfil P1, 8 h, config. B; nivel bajo/medio/alto de 09C",DIRECTO,[ESTIMACIÓN],INFORMATIVO: ya incluida en agua_m3_anio,"UNIVERSO 09C = planta de FAENA; no se extiende a incubación, alimento, granjas ni rendering"
C1-10000-GN-RED,C1,10000,efluente_m3_anio,30000,55000,90250,m³/año,"11_agua_efluentes/escenarios_utilities.csv (modelo_utilities.py, vía 12C)",agua_descargada_m3_dia × 250,"perfil P1, 8 h, config. B; nivel bajo/medio/alto de 09C",DIRECTO,[ESTIMACIÓN],"EF-QUIM, EF-CANON","UNIVERSO 09C = planta de FAENA; no se extiende a incubación, alimento, granjas ni rendering"
C1-10000-GN-RED,C1,10000,energia_termica_kwh_t_anio,376330,926346,2.46733e+06,kWh_t/año,"11_agua_efluentes/escenarios_utilities.csv (modelo_utilities.py, vía 12C)",energia_combustible_kwh_termicos_dia × 250,"perfil P1, 8 h, config. B; nivel bajo/medio/alto de 09C",DIRECTO,[ESTIMACIÓN],UT-TER-* (combustible),"UNIVERSO 09C = planta de FAENA; no se extiende a incubación, alimento, granjas ni rendering"
C1-10000-GN-RED,C1,10000,combustible_gas_natural_anio,34827.4,85728.7,228339,m³/año,"11_agua_efluentes/escenarios_utilities.csv (modelo_utilities.py, vía 12C)",equivalente_gas_natural_m3_dia × 250,"perfil P1, 8 h, config. B; nivel bajo/medio/alto de 09C",DIRECTO,[SUPUESTO] PCI,UT-TER (gas_natural) si se elige,"UNIVERSO 09C = planta de FAENA; no se extiende a incubación, alimento, granjas ni rendering"
C1-10000-GN-RED,C1,10000,combustible_glp_anio,29451.9,72496.7,193095,kg/año,"11_agua_efluentes/escenarios_utilities.csv (modelo_utilities.py, vía 12C)",equivalente_glp_kg_dia × 250,"perfil P1, 8 h, config. B; nivel bajo/medio/alto de 09C",DIRECTO,[SUPUESTO] PCI,UT-TER (glp) si se elige,"UNIVERSO 09C = planta de FAENA; no se extiende a incubación, alimento, granjas ni rendering"
C1-10000-GN-RED,C1,10000,combustible_biomasa_anio,96770.5,238203,634455,kg/año,"11_agua_efluentes/escenarios_utilities.csv (modelo_utilities.py, vía 12C)",equivalente_biomasa_chip_kg_dia × 250,"perfil P1, 8 h, config. B; nivel bajo/medio/alto de 09C",DIRECTO,[SUPUESTO] PCI,UT-TER (biomasa) si se elige,"UNIVERSO 09C = planta de FAENA; no se extiende a incubación, alimento, granjas ni rendering"
C1-10000-GN-RED,C1,10000,subproducto_sangre_t_anio,209.525,209.525,209.525,t/año,"11_agua_efluentes/escenarios_utilities.csv (modelo_utilities.py, vía 12C)",segregable_sangre_recuperada_t_dia × 250,"perfil P1, 8 h, config. B; nivel bajo/medio/alto de 09C",DIRECTO,[ESTIMACIÓN],SUB-RET-SANGRE,"UNIVERSO 09C = planta de FAENA; no se extiende a incubación, alimento, granjas ni rendering"
C1-10000-GN-RED,C1,10000,subproducto_plumas_t_anio,603.2,603.2,603.2,t/año,"11_agua_efluentes/escenarios_utilities.csv (modelo_utilities.py, vía 12C)",segregable_plumas_t_dia × 250,"perfil P1, 8 h, config. B; nivel bajo/medio/alto de 09C",DIRECTO,[ESTIMACIÓN],SUB-RET-PLUMAS,"UNIVERSO 09C = planta de FAENA; no se extiende a incubación, alimento, granjas ni rendering"
C1-10000-GN-RED,C1,10000,subproducto_visceras_t_anio,326.25,326.25,326.25,t/año,"11_agua_efluentes/escenarios_utilities.csv (modelo_utilities.py, vía 12C)",segregable_visceras_t_dia × 250,"perfil P1, 8 h, config. B; nivel bajo/medio/alto de 09C",DIRECTO,[ESTIMACIÓN],SUB-RET-VISCERAS,"UNIVERSO 09C = planta de FAENA; no se extiende a incubación, alimento, granjas ni rendering"
C1-10000-GN-RED,C1,10000,subproducto_cabezas_t_anio,181.25,181.25,181.25,t/año,"11_agua_efluentes/escenarios_utilities.csv (modelo_utilities.py, vía 12C)",segregable_cabeza_t_dia × 250,"perfil P1, 8 h, config. B; nivel bajo/medio/alto de 09C",DIRECTO,[ESTIMACIÓN],SUB-RET-CABEZAS,"UNIVERSO 09C = planta de FAENA; no se extiende a incubación, alimento, granjas ni rendering"
C1-10000-GN-RED,C1,10000,decomisos_t_anio,,100.36,,t/año,04_balance_masa/escenarios_balance.csv (modelo_balance_masa.py),Σ filas 'decomiso*' de balance() × aves/año,,CALCULO_MODELO_FUENTE,[ESTIMACIÓN] condenas medias,SUB-RET-DECOMISOS,
C1-10000-GN-RED,C1,10000,kg_producto_anio,,5.99121e+06,,kg producto/año,05_proceso_industrial/capacidad_proceso.csv (modelo_capacidad_proceso.py),kg_ave_config()['comestible_a_empaque'] × aves/año,,CALCULO_MODELO_FUENTE,[ESTIMACIÓN] balance v1.1,"EMP-* (base comercial; incluye garras y menudencias, 12B)",
C1-10000-GN-RED,C1,10000,refrigerado_t_anio,,5392.09,,t/año,13_logistica/escenarios_logistica.csv (modelo_logistica.py),refrigerado_t_semana × semanas operativas,"perfil P1; 6 despachos refrigerado y 2 congelado/sem; 12 t; 300 km (ESCENARIO, SUP-16-20)",DIRECTO,[ESTIMACIÓN],flujo refrigerado,
C1-10000-GN-RED,C1,10000,refrigerado_viajes_anio,,600,,viajes/año,13_logistica/escenarios_logistica.csv (modelo_logistica.py),refrigerado_viajes_semana × semanas,"perfil P1; 6 despachos refrigerado y 2 congelado/sem; 12 t; 300 km (ESCENARIO, SUP-16-20)",DIRECTO,[ESTIMACIÓN] capacidad de ESCENARIO,LOG-REF-*,
C1-10000-GN-RED,C1,10000,refrigerado_km_anio,,360000,,km/año,13_logistica/escenarios_logistica.csv (modelo_logistica.py),refrigerado_km_dia_despacho × despachos/semana × semanas,"perfil P1; 6 despachos refrigerado y 2 congelado/sem; 12 t; 300 km (ESCENARIO, SUP-16-20)",DIRECTO,[ESTIMACIÓN] troncal; reparto capilar PENDIENTE (DEC-053),LOG-REF-*,
C1-10000-GN-RED,C1,10000,stock_refrigerado_medio_t,,25.6766,,t,13_logistica/escenarios_logistica.csv (modelo_logistica.py),"inventario(t_dia_op, despachos=6): stock_ciclo_medio + seguridad (0)",,CALCULO_MODELO_FUENTE,[ESTIMACIÓN]; stock comercial adicional PENDIENTE,capital de trabajo,
C1-10000-GN-RED,C1,10000,congelado_t_anio,,599.121,,t/año,13_logistica/escenarios_logistica.csv (modelo_logistica.py),congelado_t_semana × semanas operativas,"perfil P1; 6 despachos refrigerado y 2 congelado/sem; 12 t; 300 km (ESCENARIO, SUP-16-20)",DIRECTO,[ESTIMACIÓN],flujo congelado,
C1-10000-GN-RED,C1,10000,congelado_viajes_anio,,100,,viajes/año,13_logistica/escenarios_logistica.csv (modelo_logistica.py),congelado_viajes_semana × semanas,"perfil P1; 6 despachos refrigerado y 2 congelado/sem; 12 t; 300 km (ESCENARIO, SUP-16-20)",DIRECTO,[ESTIMACIÓN] capacidad de ESCENARIO,LOG-CON-*,
C1-10000-GN-RED,C1,10000,congelado_km_anio,,60000,,km/año,13_logistica/escenarios_logistica.csv (modelo_logistica.py),congelado_km_dia_despacho × despachos/semana × semanas,"perfil P1; 6 despachos refrigerado y 2 congelado/sem; 12 t; 300 km (ESCENARIO, SUP-16-20)",DIRECTO,[ESTIMACIÓN] troncal; reparto capilar PENDIENTE (DEC-053),LOG-CON-*,
C1-10000-GN-RED,C1,10000,stock_congelado_medio_t,,7.01827,,t,13_logistica/escenarios_logistica.csv (modelo_logistica.py),"inventario(t_dia_op, despachos=2): stock_ciclo_medio + seguridad (0)",,CALCULO_MODELO_FUENTE,[ESTIMACIÓN]; stock comercial adicional PENDIENTE,capital de trabajo,
C1-10000-GN-RED,C1,10000,vivo_viajes_anio,,500,,viajes/año,13_logistica/escenarios_logistica.csv (modelo_logistica.py),viajes_dia × días,radio 100 km; 5500 aves/camión (ESCENARIO),DIRECTO,[ESTIMACIÓN],LOG-VIV-*,
C1-10000-GN-RED,C1,10000,vivo_km_anio,,86666.7,,km/año,13_logistica/escenarios_logistica.csv (modelo_logistica.py),km_total_dia × días,radio 100 km; 5500 aves/camión (ESCENARIO),DIRECTO,[ESTIMACIÓN],LOG-VIV-*,
C1-10000-GN-RED,C1,10000,vivo_t_anio,,7271.82,,t/año,13_logistica/escenarios_logistica.csv (modelo_logistica.py),t_vivo_cargado_dia × días,radio 100 km; 5500 aves/camión (ESCENARIO),DIRECTO,[ESTIMACIÓN],LOG-VIV-TER-UNI,
C1-10000-GN-RED,C1,10000,alimento_viajes_anio,,450,,viajes/año,13_logistica/escenarios_logistica.csv (modelo_logistica.py),alimento_viajes_semana × (t_año ÷ t_semana_plena),granelero 28 t; 75 km fábrica–granja (ESCENARIO),DIRECTO,[ESTIMACIÓN],LOG-ALI-*,
C1-10000-GN-RED,C1,10000,alimento_km_anio,,67500,,km/año,13_logistica/escenarios_logistica.csv (modelo_logistica.py),alimento_km_semana × (t_año ÷ t_semana_plena),granelero 28 t; 75 km fábrica–granja (ESCENARIO),DIRECTO,[ESTIMACIÓN],LOG-ALI-*,
C1-10000-GN-RED,C1,10000,pollitos_viajes_anio,,,,viajes/año,13_logistica/escenarios_logistica.csv (modelo_logistica.py),pollitos_viajes_semana (cap_pollitos = None),,PENDIENTE,"PENDIENTE (DPV-047, DPV-084)",LOG-POL-*,
C1-10000-GN-RED,C1,10000,subproductos_viajes_anio,,1000,,viajes/año,13_logistica/escenarios_logistica.csv (modelo_logistica.py),Σ viajes_semana_criterio_masa × semanas,,CALCULO_MODELO_FUENTE,"COTA INFERIOR (volumétrico PENDIENTE, DPV-135)",LOG-SUB-*,
C1-10000-GN-RED,C1,10000,subproductos_km_anio,,100000,,km/año,13_logistica/escenarios_logistica.csv (modelo_logistica.py),Σ km_semana_criterio_masa × semanas,,CALCULO_MODELO_FUENTE,COTA INFERIOR,LOG-SUB-*,
C1-10000-GN-RED,C1,10000,subproductos_t_anio,,1520.88,,t/año,13_logistica/escenarios_logistica.csv (modelo_logistica.py),Σ t_semana × semanas,,CALCULO_MODELO_FUENTE,[ESTIMACIÓN],LOG-SUB-TER-UNI,
C1-10000-GN-RED,C1,10000,vehiculos_POL,,,,vehículos,19_capex/boq_capex.csv (modelo_capex.py),flota[pollitos].unidades,,PENDIENTE,PENDIENTE,"LOG-POL-PAT, SEG-FLOTA-POL",
C1-10000-GN-RED,C1,10000,vehiculos_HUE,,,,vehículos,19_capex/boq_capex.csv (modelo_capex.py),—,,PENDIENTE,PENDIENTE,"LOG-HUE-PAT, SEG-FLOTA-HUE",
C1-10000-GN-RED,C1,10000,vehiculos_ALI,,,,vehículos,19_capex/boq_capex.csv (modelo_capex.py),flota[alimento].unidades,,PENDIENTE,PENDIENTE,"LOG-ALI-PAT, SEG-FLOTA-ALI",
C1-10000-GN-RED,C1,10000,vehiculos_GRA,,,,vehículos,19_capex/boq_capex.csv (modelo_capex.py),—,,PENDIENTE,PENDIENTE,"LOG-GRA-PAT, SEG-FLOTA-GRA",
C1-10000-GN-RED,C1,10000,vehiculos_VIV,,,,vehículos,19_capex/boq_capex.csv (modelo_capex.py),flota[vivo].unidades,,PENDIENTE,PENDIENTE,"LOG-VIV-PAT, SEG-FLOTA-VIV",
C1-10000-GN-RED,C1,10000,vehiculos_REF,,,,vehículos,19_capex/boq_capex.csv (modelo_capex.py),flota[refrigerado].unidades,,PENDIENTE,PENDIENTE,"LOG-REF-PAT, SEG-FLOTA-REF",
C1-10000-GN-RED,C1,10000,vehiculos_CON,,,,vehículos,19_capex/boq_capex.csv (modelo_capex.py),flota[congelado].unidades,,PENDIENTE,PENDIENTE,"LOG-CON-PAT, SEG-FLOTA-CON",
C1-10000-GN-RED,C1,10000,vehiculos_SUB,,,,vehículos,19_capex/boq_capex.csv (modelo_capex.py),flota[subproductos].unidades,,PENDIENTE,PENDIENTE,"LOG-SUB-PAT, SEG-FLOTA-SUB",
C1-10000-GN-RED,C1,10000,fte_industrial_14a,,106.754,,FTE,18_recursos_humanos/escenarios_rrhh.csv (modelo_rrhh.py),fte_total,turnos=extendido; autom=semiautomatico; limpieza=propia; mant=propio; lab=propio,CALCULO_MODELO_FUENTE,[SUPUESTO] productividad,"RRHH INDUSTRIAL + estructura + coordinación primaria (14A). NO es el FTE total de una empresa verticalmente integrada: granjas propias, incubación, planta de alimento, reproductoras y rendering no están dimensionados","headcount de nómina PENDIENTE (factor de cobertura no validado); incluye horas de terceros que luego pueden quedar INCLUIDAS en tarifas (faenador, choferes)"
C1-10000-GN-RED,C1,10000,fte_directos_14a,,47.3522,,FTE,18_recursos_humanos/escenarios_rrhh.csv (modelo_rrhh.py),fte_interno + fte_tercerizado (directo),,CALCULO_MODELO_FUENTE,[SUPUESTO],FAE-CUCH,
C1-10000-GN-RED,C1,10000,horas_brecha_jornada_anio,,21657.8,,h-persona/año,18_recursos_humanos/escenarios_rrhh.csv (modelo_rrhh.py),horas_persona_brecha_jornada_dia × días,,CALCULO_MODELO_FUENTE,[ESTIMACIÓN],INFORMATIVO: no son horas extra automáticas (DPV-146),
C1-10000-GN-RED,C1,10000,headcount_nomina,,,,personas,18_recursos_humanos/escenarios_rrhh.csv (modelo_rrhh.py),headcount_nomina,,PENDIENTE,PENDIENTE (factor de cobertura),NO se usa: costeo provisional por FTE,
C1-10000-GN-RED,C1,10000,fraccion_granjas_propias,,0,,fracción,19_capex/boq_capex.csv (modelo_capex.py),fraccion_granjas_propias,,CONSUMIDO_CAPEX,ESCENARIO (SUP-16-09),reparto propia / integrada,
C1-10000-GN-RED,C1,10000,kwh_granja,,,,—,20_opex/modelo_opex.py,—,,PENDIENTE,PENDIENTE: el módulo fuente no lo dimensiona,concepto PENDIENTE_CANTIDAD (no se inventa),
C1-10000-GN-RED,C1,10000,gas_granja,,,,—,20_opex/modelo_opex.py,—,,PENDIENTE,PENDIENTE: el módulo fuente no lo dimensiona,concepto PENDIENTE_CANTIDAD (no se inventa),
C1-10000-GN-RED,C1,10000,cama_t,,,,—,20_opex/modelo_opex.py,—,,PENDIENTE,PENDIENTE: el módulo fuente no lo dimensiona,concepto PENDIENTE_CANTIDAD (no se inventa),
C1-10000-GN-RED,C1,10000,personal_granja,,,,—,20_opex/modelo_opex.py,—,,PENDIENTE,PENDIENTE: el módulo fuente no lo dimensiona,concepto PENDIENTE_CANTIDAD (no se inventa),
C1-10000-GN-RED,C1,10000,personal_incubadora,,,,—,20_opex/modelo_opex.py,—,,PENDIENTE,PENDIENTE: el módulo fuente no lo dimensiona,concepto PENDIENTE_CANTIDAD (no se inventa),
C1-10000-GN-RED,C1,10000,personal_planta_alimento,,,,—,20_opex/modelo_opex.py,—,,PENDIENTE,PENDIENTE: el módulo fuente no lo dimensiona,concepto PENDIENTE_CANTIDAD (no se inventa),
C1-10000-GN-RED,C1,10000,personal_reproductoras,,,,—,20_opex/modelo_opex.py,—,,PENDIENTE,PENDIENTE: el módulo fuente no lo dimensiona,concepto PENDIENTE_CANTIDAD (no se inventa),
C1-10000-GN-RED,C1,10000,personal_rendering,,,,—,20_opex/modelo_opex.py,—,,PENDIENTE,PENDIENTE: el módulo fuente no lo dimensiona,concepto PENDIENTE_CANTIDAD (no se inventa),
C1-10000-GN-RED,C1,10000,kwh_incubadora,,,,—,20_opex/modelo_opex.py,—,,PENDIENTE,PENDIENTE: el módulo fuente no lo dimensiona,concepto PENDIENTE_CANTIDAD (no se inventa),
C1-10000-GN-RED,C1,10000,agua_incubadora,,,,—,20_opex/modelo_opex.py,—,,PENDIENTE,PENDIENTE: el módulo fuente no lo dimensiona,concepto PENDIENTE_CANTIDAD (no se inventa),
C1-10000-GN-RED,C1,10000,kwh_planta_alimento,,,,—,20_opex/modelo_opex.py,—,,PENDIENTE,PENDIENTE: el módulo fuente no lo dimensiona,concepto PENDIENTE_CANTIDAD (no se inventa),
C1-10000-GN-RED,C1,10000,vapor_planta_alimento,,,,—,20_opex/modelo_opex.py,—,,PENDIENTE,PENDIENTE: el módulo fuente no lo dimensiona,concepto PENDIENTE_CANTIDAD (no se inventa),
C1-10000-GN-RED,C1,10000,agua_planta_alimento,,,,—,20_opex/modelo_opex.py,—,,PENDIENTE,PENDIENTE: el módulo fuente no lo dimensiona,concepto PENDIENTE_CANTIDAD (no se inventa),
C1-10000-GN-RED,C1,10000,kwh_rendering,,,,—,20_opex/modelo_opex.py,—,,PENDIENTE,PENDIENTE: el módulo fuente no lo dimensiona,concepto PENDIENTE_CANTIDAD (no se inventa),
C1-10000-GN-RED,C1,10000,lodos_t,,,,—,20_opex/modelo_opex.py,—,,PENDIENTE,PENDIENTE: el módulo fuente no lo dimensiona,concepto PENDIENTE_CANTIDAD (no se inventa),
C1-10000-GN-RED,C1,10000,potencia_contratada_kw,,,,—,20_opex/modelo_opex.py,—,,PENDIENTE,PENDIENTE: el módulo fuente no lo dimensiona,concepto PENDIENTE_CANTIDAD (no se inventa),
C1-10000-LIMPIEZA-TERC,C1,10000,dias_operativos_anio,,250,,d/año,19_capex/modelo_capex.py,dias_anio(),,CONSUMIDO_CAPEX,[SUPUESTO] SUP-025,anualización de drivers por día operativo,
C1-10000-LIMPIEZA-TERC,C1,10000,semanas_operativas_anio,,50,,semanas/año,20_opex/modelo_opex.py,días operativos ÷ días/semana,,DERIVADO_OPEX,[ESTIMACIÓN],"anualización de drivers semanales de 12B (producto, subproductos)",
C1-10000-LIMPIEZA-TERC,C1,10000,aves_faenadas_anio,,2500000,,aves/año,"03_produccion_primaria/escenarios_produccion.csv (modelo_escenarios_produccion.py, vía 14B)",aves_faenadas_anio,"perfil medio, desempeño medio",DIRECTO,[ESTIMACIÓN],"FAE-FACON, FAE-QUIM, empaque",
C1-10000-LIMPIEZA-TERC,C1,10000,aves_cargadas_anio,,2.50752e+06,,aves/año,"03_produccion_primaria/escenarios_produccion.csv (modelo_escenarios_produccion.py, vía 14B)",aves_cargadas_anio,"perfil medio, desempeño medio",DIRECTO,[ESTIMACIÓN],"captura, pago por ave",
C1-10000-LIMPIEZA-TERC,C1,10000,pollitos_alojados_anio,,2.6395e+06,,pollitos/año,"03_produccion_primaria/escenarios_produccion.csv (modelo_escenarios_produccion.py, vía 14B)",pollitos_alojados_anio,"perfil medio, desempeño medio",DIRECTO,[ESTIMACIÓN],sanidad de crianza,
C1-10000-LIMPIEZA-TERC,C1,10000,kg_vivo_cargado_anio,,7.27182e+06,,kg vivo/año,"03_produccion_primaria/escenarios_produccion.csv (modelo_escenarios_produccion.py, vía 14B)",kg_vivo_cargado_anio,"perfil medio, desempeño medio",DIRECTO,[ESTIMACIÓN],pago por kg vivo,
C1-10000-LIMPIEZA-TERC,C1,10000,mortalidad_granja_aves_anio,,131975,,aves/año,"03_produccion_primaria/escenarios_produccion.csv (modelo_escenarios_produccion.py, vía 14B)",mortalidad_granja_aves_anio,"perfil medio, desempeño medio",DIRECTO,[ESTIMACIÓN],retiro de mortalidad,
C1-10000-LIMPIEZA-TERC,C1,10000,agua_bebida_m3_anio,,22251.8,,m³/año,"03_produccion_primaria/escenarios_produccion.csv (modelo_escenarios_produccion.py, vía 14B)",agua_bebida_m3_anio,"perfil medio, desempeño medio",DIRECTO,[ESTIMACIÓN],agua de granja propia,
C1-10000-LIMPIEZA-TERC,C1,10000,ciclos_anio,,5.71048,,ciclos/año,"03_produccion_primaria/escenarios_produccion.csv (modelo_escenarios_produccion.py, vía 14B)",ciclos_anio,"perfil medio, desempeño medio",DIRECTO,[ESTIMACIÓN],limpieza de galpones,
C1-10000-LIMPIEZA-TERC,C1,10000,m2_galpon,,37942.6,,m²,"03_produccion_primaria/escenarios_produccion.csv (modelo_escenarios_produccion.py, vía 14B)",m2_galpon,"perfil medio, desempeño medio",DIRECTO,[ESTIMACIÓN],limpieza y bioseguridad de galpones,
C1-10000-LIMPIEZA-TERC,C1,10000,inventario_aves_promedio_anual,,331383,,aves,"03_produccion_primaria/escenarios_produccion.csv (modelo_escenarios_produccion.py, vía 14B)",inventario_aves_promedio_anual,"perfil medio, desempeño medio",DIRECTO,[ESTIMACIÓN],activo biológico (capital de trabajo),
C1-10000-LIMPIEZA-TERC,C1,10000,pollitos_a_recibir_anio,,2.6395e+06,,pollitos/año,14_alimento_balanceado/escenarios_upstream.csv (modelo_upstream.py),pollitos_a_recibir_anio,margen_pedido = 0 (SUP-142),DIRECTO,[ESTIMACIÓN],POL-COMPRA / base de incubación,
C1-10000-LIMPIEZA-TERC,C1,10000,pollitos_a_recibir_semana_plena,,52789.9,,pollitos/semana,14_alimento_balanceado/escenarios_upstream.csv (modelo_upstream.py),pollitos_a_recibir_semana_plena,,DIRECTO,[ESTIMACIÓN],incubación (14B),
C1-10000-LIMPIEZA-TERC,C1,10000,alimento_t_anio,,12362.1,,t/año,14_alimento_balanceado/escenarios_upstream.csv (modelo_upstream.py),alimento_t_anio,,DIRECTO,[ESTIMACIÓN] (03: peso × FCR),alimento comprado / elaborado / materias primas,
C1-10000-LIMPIEZA-TERC,C1,10000,alimento_t_semana_plena,,247.242,,t/semana,14_alimento_balanceado/escenarios_upstream.csv (modelo_upstream.py),alimento_t_semana_plena,,DIRECTO,[ESTIMACIÓN],anualización de viajes de alimento,
C1-10000-LIMPIEZA-TERC,C1,10000,mp_maiz_t_anio,,7417.25,,t/año,14_alimento_balanceado/escenarios_upstream.csv (modelo_upstream.py),alimento_t_anio × maiz (0.6),,DIRECTO,[SUPUESTO] composición ilustrativa 14B,ALI-MP-*,NO es una fórmula de dieta; mermas aparte (ALI-MERMA)
C1-10000-LIMPIEZA-TERC,C1,10000,mp_harina_soja_t_anio,,3708.63,,t/año,14_alimento_balanceado/escenarios_upstream.csv (modelo_upstream.py),alimento_t_anio × harina_soja (0.3),,DIRECTO,[SUPUESTO] composición ilustrativa 14B,ALI-MP-*,NO es una fórmula de dieta; mermas aparte (ALI-MERMA)
C1-10000-LIMPIEZA-TERC,C1,10000,mp_resto_t_anio,,1236.21,,t/año,14_alimento_balanceado/escenarios_upstream.csv (modelo_upstream.py),alimento_t_anio × resto (0.1),,DIRECTO,[SUPUESTO] composición ilustrativa 14B,ALI-MP-*,NO es una fórmula de dieta; mermas aparte (ALI-MERMA)
C1-10000-LIMPIEZA-TERC,C1,10000,kwh_anio,1.2062e+06,2.06506e+06,3.82599e+06,kWh/año,"11_agua_efluentes/escenarios_utilities.csv (modelo_utilities.py, vía 12C)",kwh_total_anio,"perfil P1, 8 h, config. B; nivel bajo/medio/alto de 09C",DIRECTO,[ESTIMACIÓN],"UT-ELE-KWH (incluye frío, aire, bombeo, efluentes aerobios)","UNIVERSO 09C = planta de FAENA; no se extiende a incubación, alimento, granjas ni rendering"
C1-10000-LIMPIEZA-TERC,C1,10000,kwh_frio_proceso_anio,380625,634375,1.14188e+06,kWh/año,"11_agua_efluentes/escenarios_utilities.csv (modelo_utilities.py, vía 12C)",kwh_proceso_frio_de_proceso_agua_helada_hielo_dia × 250,"perfil P1, 8 h, config. B; nivel bajo/medio/alto de 09C",DIRECTO,[SUPUESTO] reparto ilustrativo,INFORMATIVO: ya incluido en kwh_anio (no se duplica),"UNIVERSO 09C = planta de FAENA; no se extiende a incubación, alimento, granjas ni rendering"
C1-10000-LIMPIEZA-TERC,C1,10000,kwh_congelacion_anio,71894.5,113833,155771,kWh/año,"11_agua_efluentes/escenarios_utilities.csv (modelo_utilities.py, vía 12C)",kwh_congelacion_dia × 250,"perfil P1, 8 h, config. B; nivel bajo/medio/alto de 09C",DIRECTO,[ESTIMACIÓN],INFORMATIVO: ya incluido en kwh_anio,"UNIVERSO 09C = planta de FAENA; no se extiende a incubación, alimento, granjas ni rendering"
C1-10000-LIMPIEZA-TERC,C1,10000,kwh_almacen_frio_anio,30177.7,60355.4,108465,kWh/año,"11_agua_efluentes/escenarios_utilities.csv (modelo_utilities.py, vía 12C)",kwh_almacenamiento_frio_dia_calendario × 365,"perfil P1, 8 h, config. B; nivel bajo/medio/alto de 09C",DIRECTO,[ESTIMACIÓN],INFORMATIVO: ya incluido en kwh_anio,"UNIVERSO 09C = planta de FAENA; no se extiende a incubación, alimento, granjas ni rendering"
C1-10000-LIMPIEZA-TERC,C1,10000,kwh_efluentes_anio,16625,78375,299250,kWh/año,"11_agua_efluentes/escenarios_utilities.csv (modelo_utilities.py, vía 12C)",kwh_tratamiento_aerobio_dia × 250,"perfil P1, 8 h, config. B; nivel bajo/medio/alto de 09C",DIRECTO,[ESTIMACIÓN],INFORMATIVO: ya incluido en kwh_anio,"UNIVERSO 09C = planta de FAENA; no se extiende a incubación, alimento, granjas ni rendering"
C1-10000-LIMPIEZA-TERC,C1,10000,kwh_bombeo_anio,108750,181250,326250,kWh/año,"11_agua_efluentes/escenarios_utilities.csv (modelo_utilities.py, vía 12C)",kwh_proceso_bombas_agua_y_efluentes_dia × 250,"perfil P1, 8 h, config. B; nivel bajo/medio/alto de 09C",DIRECTO,[ESTIMACIÓN],INFORMATIVO: ya incluido en kwh_anio,"UNIVERSO 09C = planta de FAENA; no se extiende a incubación, alimento, granjas ni rendering"
C1-10000-LIMPIEZA-TERC,C1,10000,agua_m3_anio,37500,62500,95000,m³/año,"11_agua_efluentes/escenarios_utilities.csv (modelo_utilities.py, vía 12C)",agua_captada_m3_dia × 250,"perfil P1, 8 h, config. B; nivel bajo/medio/alto de 09C",DIRECTO,[ESTIMACIÓN],UT-AGUA-*,"UNIVERSO 09C = planta de FAENA; no se extiende a incubación, alimento, granjas ni rendering"
C1-10000-LIMPIEZA-TERC,C1,10000,agua_limpieza_m3_anio,7500,12500,18750,m³/año,"11_agua_efluentes/escenarios_utilities.csv (modelo_utilities.py, vía 12C)",agua_limpieza_m3_dia × 250,"perfil P1, 8 h, config. B; nivel bajo/medio/alto de 09C",DIRECTO,[ESTIMACIÓN],INFORMATIVO: ya incluida en agua_m3_anio,"UNIVERSO 09C = planta de FAENA; no se extiende a incubación, alimento, granjas ni rendering"
C1-10000-LIMPIEZA-TERC,C1,10000,efluente_m3_anio,30000,55000,90250,m³/año,"11_agua_efluentes/escenarios_utilities.csv (modelo_utilities.py, vía 12C)",agua_descargada_m3_dia × 250,"perfil P1, 8 h, config. B; nivel bajo/medio/alto de 09C",DIRECTO,[ESTIMACIÓN],"EF-QUIM, EF-CANON","UNIVERSO 09C = planta de FAENA; no se extiende a incubación, alimento, granjas ni rendering"
C1-10000-LIMPIEZA-TERC,C1,10000,energia_termica_kwh_t_anio,376330,926346,2.46733e+06,kWh_t/año,"11_agua_efluentes/escenarios_utilities.csv (modelo_utilities.py, vía 12C)",energia_combustible_kwh_termicos_dia × 250,"perfil P1, 8 h, config. B; nivel bajo/medio/alto de 09C",DIRECTO,[ESTIMACIÓN],UT-TER-* (combustible),"UNIVERSO 09C = planta de FAENA; no se extiende a incubación, alimento, granjas ni rendering"
C1-10000-LIMPIEZA-TERC,C1,10000,combustible_gas_natural_anio,34827.4,85728.7,228339,m³/año,"11_agua_efluentes/escenarios_utilities.csv (modelo_utilities.py, vía 12C)",equivalente_gas_natural_m3_dia × 250,"perfil P1, 8 h, config. B; nivel bajo/medio/alto de 09C",DIRECTO,[SUPUESTO] PCI,UT-TER (gas_natural) si se elige,"UNIVERSO 09C = planta de FAENA; no se extiende a incubación, alimento, granjas ni rendering"
C1-10000-LIMPIEZA-TERC,C1,10000,combustible_glp_anio,29451.9,72496.7,193095,kg/año,"11_agua_efluentes/escenarios_utilities.csv (modelo_utilities.py, vía 12C)",equivalente_glp_kg_dia × 250,"perfil P1, 8 h, config. B; nivel bajo/medio/alto de 09C",DIRECTO,[SUPUESTO] PCI,UT-TER (glp) si se elige,"UNIVERSO 09C = planta de FAENA; no se extiende a incubación, alimento, granjas ni rendering"
C1-10000-LIMPIEZA-TERC,C1,10000,combustible_biomasa_anio,96770.5,238203,634455,kg/año,"11_agua_efluentes/escenarios_utilities.csv (modelo_utilities.py, vía 12C)",equivalente_biomasa_chip_kg_dia × 250,"perfil P1, 8 h, config. B; nivel bajo/medio/alto de 09C",DIRECTO,[SUPUESTO] PCI,UT-TER (biomasa) si se elige,"UNIVERSO 09C = planta de FAENA; no se extiende a incubación, alimento, granjas ni rendering"
C1-10000-LIMPIEZA-TERC,C1,10000,subproducto_sangre_t_anio,209.525,209.525,209.525,t/año,"11_agua_efluentes/escenarios_utilities.csv (modelo_utilities.py, vía 12C)",segregable_sangre_recuperada_t_dia × 250,"perfil P1, 8 h, config. B; nivel bajo/medio/alto de 09C",DIRECTO,[ESTIMACIÓN],SUB-RET-SANGRE,"UNIVERSO 09C = planta de FAENA; no se extiende a incubación, alimento, granjas ni rendering"
C1-10000-LIMPIEZA-TERC,C1,10000,subproducto_plumas_t_anio,603.2,603.2,603.2,t/año,"11_agua_efluentes/escenarios_utilities.csv (modelo_utilities.py, vía 12C)",segregable_plumas_t_dia × 250,"perfil P1, 8 h, config. B; nivel bajo/medio/alto de 09C",DIRECTO,[ESTIMACIÓN],SUB-RET-PLUMAS,"UNIVERSO 09C = planta de FAENA; no se extiende a incubación, alimento, granjas ni rendering"
C1-10000-LIMPIEZA-TERC,C1,10000,subproducto_visceras_t_anio,326.25,326.25,326.25,t/año,"11_agua_efluentes/escenarios_utilities.csv (modelo_utilities.py, vía 12C)",segregable_visceras_t_dia × 250,"perfil P1, 8 h, config. B; nivel bajo/medio/alto de 09C",DIRECTO,[ESTIMACIÓN],SUB-RET-VISCERAS,"UNIVERSO 09C = planta de FAENA; no se extiende a incubación, alimento, granjas ni rendering"
C1-10000-LIMPIEZA-TERC,C1,10000,subproducto_cabezas_t_anio,181.25,181.25,181.25,t/año,"11_agua_efluentes/escenarios_utilities.csv (modelo_utilities.py, vía 12C)",segregable_cabeza_t_dia × 250,"perfil P1, 8 h, config. B; nivel bajo/medio/alto de 09C",DIRECTO,[ESTIMACIÓN],SUB-RET-CABEZAS,"UNIVERSO 09C = planta de FAENA; no se extiende a incubación, alimento, granjas ni rendering"
C1-10000-LIMPIEZA-TERC,C1,10000,decomisos_t_anio,,100.36,,t/año,04_balance_masa/escenarios_balance.csv (modelo_balance_masa.py),Σ filas 'decomiso*' de balance() × aves/año,,CALCULO_MODELO_FUENTE,[ESTIMACIÓN] condenas medias,SUB-RET-DECOMISOS,
C1-10000-LIMPIEZA-TERC,C1,10000,kg_producto_anio,,5.99121e+06,,kg producto/año,05_proceso_industrial/capacidad_proceso.csv (modelo_capacidad_proceso.py),kg_ave_config()['comestible_a_empaque'] × aves/año,,CALCULO_MODELO_FUENTE,[ESTIMACIÓN] balance v1.1,"EMP-* (base comercial; incluye garras y menudencias, 12B)",
C1-10000-LIMPIEZA-TERC,C1,10000,refrigerado_t_anio,,5392.09,,t/año,13_logistica/escenarios_logistica.csv (modelo_logistica.py),refrigerado_t_semana × semanas operativas,"perfil P1; 6 despachos refrigerado y 2 congelado/sem; 12 t; 300 km (ESCENARIO, SUP-16-20)",DIRECTO,[ESTIMACIÓN],flujo refrigerado,
C1-10000-LIMPIEZA-TERC,C1,10000,refrigerado_viajes_anio,,600,,viajes/año,13_logistica/escenarios_logistica.csv (modelo_logistica.py),refrigerado_viajes_semana × semanas,"perfil P1; 6 despachos refrigerado y 2 congelado/sem; 12 t; 300 km (ESCENARIO, SUP-16-20)",DIRECTO,[ESTIMACIÓN] capacidad de ESCENARIO,LOG-REF-*,
C1-10000-LIMPIEZA-TERC,C1,10000,refrigerado_km_anio,,360000,,km/año,13_logistica/escenarios_logistica.csv (modelo_logistica.py),refrigerado_km_dia_despacho × despachos/semana × semanas,"perfil P1; 6 despachos refrigerado y 2 congelado/sem; 12 t; 300 km (ESCENARIO, SUP-16-20)",DIRECTO,[ESTIMACIÓN] troncal; reparto capilar PENDIENTE (DEC-053),LOG-REF-*,
C1-10000-LIMPIEZA-TERC,C1,10000,stock_refrigerado_medio_t,,25.6766,,t,13_logistica/escenarios_logistica.csv (modelo_logistica.py),"inventario(t_dia_op, despachos=6): stock_ciclo_medio + seguridad (0)",,CALCULO_MODELO_FUENTE,[ESTIMACIÓN]; stock comercial adicional PENDIENTE,capital de trabajo,
C1-10000-LIMPIEZA-TERC,C1,10000,congelado_t_anio,,599.121,,t/año,13_logistica/escenarios_logistica.csv (modelo_logistica.py),congelado_t_semana × semanas operativas,"perfil P1; 6 despachos refrigerado y 2 congelado/sem; 12 t; 300 km (ESCENARIO, SUP-16-20)",DIRECTO,[ESTIMACIÓN],flujo congelado,
C1-10000-LIMPIEZA-TERC,C1,10000,congelado_viajes_anio,,100,,viajes/año,13_logistica/escenarios_logistica.csv (modelo_logistica.py),congelado_viajes_semana × semanas,"perfil P1; 6 despachos refrigerado y 2 congelado/sem; 12 t; 300 km (ESCENARIO, SUP-16-20)",DIRECTO,[ESTIMACIÓN] capacidad de ESCENARIO,LOG-CON-*,
C1-10000-LIMPIEZA-TERC,C1,10000,congelado_km_anio,,60000,,km/año,13_logistica/escenarios_logistica.csv (modelo_logistica.py),congelado_km_dia_despacho × despachos/semana × semanas,"perfil P1; 6 despachos refrigerado y 2 congelado/sem; 12 t; 300 km (ESCENARIO, SUP-16-20)",DIRECTO,[ESTIMACIÓN] troncal; reparto capilar PENDIENTE (DEC-053),LOG-CON-*,
C1-10000-LIMPIEZA-TERC,C1,10000,stock_congelado_medio_t,,7.01827,,t,13_logistica/escenarios_logistica.csv (modelo_logistica.py),"inventario(t_dia_op, despachos=2): stock_ciclo_medio + seguridad (0)",,CALCULO_MODELO_FUENTE,[ESTIMACIÓN]; stock comercial adicional PENDIENTE,capital de trabajo,
C1-10000-LIMPIEZA-TERC,C1,10000,vivo_viajes_anio,,500,,viajes/año,13_logistica/escenarios_logistica.csv (modelo_logistica.py),viajes_dia × días,radio 100 km; 5500 aves/camión (ESCENARIO),DIRECTO,[ESTIMACIÓN],LOG-VIV-*,
C1-10000-LIMPIEZA-TERC,C1,10000,vivo_km_anio,,86666.7,,km/año,13_logistica/escenarios_logistica.csv (modelo_logistica.py),km_total_dia × días,radio 100 km; 5500 aves/camión (ESCENARIO),DIRECTO,[ESTIMACIÓN],LOG-VIV-*,
C1-10000-LIMPIEZA-TERC,C1,10000,vivo_t_anio,,7271.82,,t/año,13_logistica/escenarios_logistica.csv (modelo_logistica.py),t_vivo_cargado_dia × días,radio 100 km; 5500 aves/camión (ESCENARIO),DIRECTO,[ESTIMACIÓN],LOG-VIV-TER-UNI,
C1-10000-LIMPIEZA-TERC,C1,10000,alimento_viajes_anio,,450,,viajes/año,13_logistica/escenarios_logistica.csv (modelo_logistica.py),alimento_viajes_semana × (t_año ÷ t_semana_plena),granelero 28 t; 75 km fábrica–granja (ESCENARIO),DIRECTO,[ESTIMACIÓN],LOG-ALI-*,
C1-10000-LIMPIEZA-TERC,C1,10000,alimento_km_anio,,67500,,km/año,13_logistica/escenarios_logistica.csv (modelo_logistica.py),alimento_km_semana × (t_año ÷ t_semana_plena),granelero 28 t; 75 km fábrica–granja (ESCENARIO),DIRECTO,[ESTIMACIÓN],LOG-ALI-*,
C1-10000-LIMPIEZA-TERC,C1,10000,pollitos_viajes_anio,,,,viajes/año,13_logistica/escenarios_logistica.csv (modelo_logistica.py),pollitos_viajes_semana (cap_pollitos = None),,PENDIENTE,"PENDIENTE (DPV-047, DPV-084)",LOG-POL-*,
C1-10000-LIMPIEZA-TERC,C1,10000,subproductos_viajes_anio,,1000,,viajes/año,13_logistica/escenarios_logistica.csv (modelo_logistica.py),Σ viajes_semana_criterio_masa × semanas,,CALCULO_MODELO_FUENTE,"COTA INFERIOR (volumétrico PENDIENTE, DPV-135)",LOG-SUB-*,
C1-10000-LIMPIEZA-TERC,C1,10000,subproductos_km_anio,,100000,,km/año,13_logistica/escenarios_logistica.csv (modelo_logistica.py),Σ km_semana_criterio_masa × semanas,,CALCULO_MODELO_FUENTE,COTA INFERIOR,LOG-SUB-*,
C1-10000-LIMPIEZA-TERC,C1,10000,subproductos_t_anio,,1520.88,,t/año,13_logistica/escenarios_logistica.csv (modelo_logistica.py),Σ t_semana × semanas,,CALCULO_MODELO_FUENTE,[ESTIMACIÓN],LOG-SUB-TER-UNI,
C1-10000-LIMPIEZA-TERC,C1,10000,vehiculos_POL,,,,vehículos,19_capex/boq_capex.csv (modelo_capex.py),flota[pollitos].unidades,,PENDIENTE,PENDIENTE,"LOG-POL-PAT, SEG-FLOTA-POL",
C1-10000-LIMPIEZA-TERC,C1,10000,vehiculos_HUE,,,,vehículos,19_capex/boq_capex.csv (modelo_capex.py),—,,PENDIENTE,PENDIENTE,"LOG-HUE-PAT, SEG-FLOTA-HUE",
C1-10000-LIMPIEZA-TERC,C1,10000,vehiculos_ALI,,,,vehículos,19_capex/boq_capex.csv (modelo_capex.py),flota[alimento].unidades,,PENDIENTE,PENDIENTE,"LOG-ALI-PAT, SEG-FLOTA-ALI",
C1-10000-LIMPIEZA-TERC,C1,10000,vehiculos_GRA,,,,vehículos,19_capex/boq_capex.csv (modelo_capex.py),—,,PENDIENTE,PENDIENTE,"LOG-GRA-PAT, SEG-FLOTA-GRA",
C1-10000-LIMPIEZA-TERC,C1,10000,vehiculos_VIV,,,,vehículos,19_capex/boq_capex.csv (modelo_capex.py),flota[vivo].unidades,,PENDIENTE,PENDIENTE,"LOG-VIV-PAT, SEG-FLOTA-VIV",
C1-10000-LIMPIEZA-TERC,C1,10000,vehiculos_REF,,,,vehículos,19_capex/boq_capex.csv (modelo_capex.py),flota[refrigerado].unidades,,PENDIENTE,PENDIENTE,"LOG-REF-PAT, SEG-FLOTA-REF",
C1-10000-LIMPIEZA-TERC,C1,10000,vehiculos_CON,,,,vehículos,19_capex/boq_capex.csv (modelo_capex.py),flota[congelado].unidades,,PENDIENTE,PENDIENTE,"LOG-CON-PAT, SEG-FLOTA-CON",
C1-10000-LIMPIEZA-TERC,C1,10000,vehiculos_SUB,,,,vehículos,19_capex/boq_capex.csv (modelo_capex.py),flota[subproductos].unidades,,PENDIENTE,PENDIENTE,"LOG-SUB-PAT, SEG-FLOTA-SUB",
C1-10000-LIMPIEZA-TERC,C1,10000,fte_industrial_14a,,106.754,,FTE,18_recursos_humanos/escenarios_rrhh.csv (modelo_rrhh.py),fte_total,turnos=extendido; autom=semiautomatico; limpieza=tercerizada; mant=propio; lab=propio,CALCULO_MODELO_FUENTE,[SUPUESTO] productividad,"RRHH INDUSTRIAL + estructura + coordinación primaria (14A). NO es el FTE total de una empresa verticalmente integrada: granjas propias, incubación, planta de alimento, reproductoras y rendering no están dimensionados","headcount de nómina PENDIENTE (factor de cobertura no validado); incluye horas de terceros que luego pueden quedar INCLUIDAS en tarifas (faenador, choferes)"
C1-10000-LIMPIEZA-TERC,C1,10000,fte_directos_14a,,47.3522,,FTE,18_recursos_humanos/escenarios_rrhh.csv (modelo_rrhh.py),fte_interno + fte_tercerizado (directo),,CALCULO_MODELO_FUENTE,[SUPUESTO],FAE-CUCH,
C1-10000-LIMPIEZA-TERC,C1,10000,horas_brecha_jornada_anio,,21657.8,,h-persona/año,18_recursos_humanos/escenarios_rrhh.csv (modelo_rrhh.py),horas_persona_brecha_jornada_dia × días,,CALCULO_MODELO_FUENTE,[ESTIMACIÓN],INFORMATIVO: no son horas extra automáticas (DPV-146),
C1-10000-LIMPIEZA-TERC,C1,10000,headcount_nomina,,,,personas,18_recursos_humanos/escenarios_rrhh.csv (modelo_rrhh.py),headcount_nomina,,PENDIENTE,PENDIENTE (factor de cobertura),NO se usa: costeo provisional por FTE,
C1-10000-LIMPIEZA-TERC,C1,10000,fraccion_granjas_propias,,0,,fracción,19_capex/boq_capex.csv (modelo_capex.py),fraccion_granjas_propias,,CONSUMIDO_CAPEX,ESCENARIO (SUP-16-09),reparto propia / integrada,
C1-10000-LIMPIEZA-TERC,C1,10000,kwh_granja,,,,—,20_opex/modelo_opex.py,—,,PENDIENTE,PENDIENTE: el módulo fuente no lo dimensiona,concepto PENDIENTE_CANTIDAD (no se inventa),
C1-10000-LIMPIEZA-TERC,C1,10000,gas_granja,,,,—,20_opex/modelo_opex.py,—,,PENDIENTE,PENDIENTE: el módulo fuente no lo dimensiona,concepto PENDIENTE_CANTIDAD (no se inventa),
C1-10000-LIMPIEZA-TERC,C1,10000,cama_t,,,,—,20_opex/modelo_opex.py,—,,PENDIENTE,PENDIENTE: el módulo fuente no lo dimensiona,concepto PENDIENTE_CANTIDAD (no se inventa),
C1-10000-LIMPIEZA-TERC,C1,10000,personal_granja,,,,—,20_opex/modelo_opex.py,—,,PENDIENTE,PENDIENTE: el módulo fuente no lo dimensiona,concepto PENDIENTE_CANTIDAD (no se inventa),
C1-10000-LIMPIEZA-TERC,C1,10000,personal_incubadora,,,,—,20_opex/modelo_opex.py,—,,PENDIENTE,PENDIENTE: el módulo fuente no lo dimensiona,concepto PENDIENTE_CANTIDAD (no se inventa),
C1-10000-LIMPIEZA-TERC,C1,10000,personal_planta_alimento,,,,—,20_opex/modelo_opex.py,—,,PENDIENTE,PENDIENTE: el módulo fuente no lo dimensiona,concepto PENDIENTE_CANTIDAD (no se inventa),
C1-10000-LIMPIEZA-TERC,C1,10000,personal_reproductoras,,,,—,20_opex/modelo_opex.py,—,,PENDIENTE,PENDIENTE: el módulo fuente no lo dimensiona,concepto PENDIENTE_CANTIDAD (no se inventa),
C1-10000-LIMPIEZA-TERC,C1,10000,personal_rendering,,,,—,20_opex/modelo_opex.py,—,,PENDIENTE,PENDIENTE: el módulo fuente no lo dimensiona,concepto PENDIENTE_CANTIDAD (no se inventa),
C1-10000-LIMPIEZA-TERC,C1,10000,kwh_incubadora,,,,—,20_opex/modelo_opex.py,—,,PENDIENTE,PENDIENTE: el módulo fuente no lo dimensiona,concepto PENDIENTE_CANTIDAD (no se inventa),
C1-10000-LIMPIEZA-TERC,C1,10000,agua_incubadora,,,,—,20_opex/modelo_opex.py,—,,PENDIENTE,PENDIENTE: el módulo fuente no lo dimensiona,concepto PENDIENTE_CANTIDAD (no se inventa),
C1-10000-LIMPIEZA-TERC,C1,10000,kwh_planta_alimento,,,,—,20_opex/modelo_opex.py,—,,PENDIENTE,PENDIENTE: el módulo fuente no lo dimensiona,concepto PENDIENTE_CANTIDAD (no se inventa),
C1-10000-LIMPIEZA-TERC,C1,10000,vapor_planta_alimento,,,,—,20_opex/modelo_opex.py,—,,PENDIENTE,PENDIENTE: el módulo fuente no lo dimensiona,concepto PENDIENTE_CANTIDAD (no se inventa),
C1-10000-LIMPIEZA-TERC,C1,10000,agua_planta_alimento,,,,—,20_opex/modelo_opex.py,—,,PENDIENTE,PENDIENTE: el módulo fuente no lo dimensiona,concepto PENDIENTE_CANTIDAD (no se inventa),
C1-10000-LIMPIEZA-TERC,C1,10000,kwh_rendering,,,,—,20_opex/modelo_opex.py,—,,PENDIENTE,PENDIENTE: el módulo fuente no lo dimensiona,concepto PENDIENTE_CANTIDAD (no se inventa),
C1-10000-LIMPIEZA-TERC,C1,10000,lodos_t,,,,—,20_opex/modelo_opex.py,—,,PENDIENTE,PENDIENTE: el módulo fuente no lo dimensiona,concepto PENDIENTE_CANTIDAD (no se inventa),
C1-10000-LIMPIEZA-TERC,C1,10000,potencia_contratada_kw,,,,—,20_opex/modelo_opex.py,—,,PENDIENTE,PENDIENTE: el módulo fuente no lo dimensiona,concepto PENDIENTE_CANTIDAD (no se inventa),
C1-10000-MANT-CONTRATO,C1,10000,dias_operativos_anio,,250,,d/año,19_capex/modelo_capex.py,dias_anio(),,CONSUMIDO_CAPEX,[SUPUESTO] SUP-025,anualización de drivers por día operativo,
C1-10000-MANT-CONTRATO,C1,10000,semanas_operativas_anio,,50,,semanas/año,20_opex/modelo_opex.py,días operativos ÷ días/semana,,DERIVADO_OPEX,[ESTIMACIÓN],"anualización de drivers semanales de 12B (producto, subproductos)",
C1-10000-MANT-CONTRATO,C1,10000,aves_faenadas_anio,,2500000,,aves/año,"03_produccion_primaria/escenarios_produccion.csv (modelo_escenarios_produccion.py, vía 14B)",aves_faenadas_anio,"perfil medio, desempeño medio",DIRECTO,[ESTIMACIÓN],"FAE-FACON, FAE-QUIM, empaque",
C1-10000-MANT-CONTRATO,C1,10000,aves_cargadas_anio,,2.50752e+06,,aves/año,"03_produccion_primaria/escenarios_produccion.csv (modelo_escenarios_produccion.py, vía 14B)",aves_cargadas_anio,"perfil medio, desempeño medio",DIRECTO,[ESTIMACIÓN],"captura, pago por ave",
C1-10000-MANT-CONTRATO,C1,10000,pollitos_alojados_anio,,2.6395e+06,,pollitos/año,"03_produccion_primaria/escenarios_produccion.csv (modelo_escenarios_produccion.py, vía 14B)",pollitos_alojados_anio,"perfil medio, desempeño medio",DIRECTO,[ESTIMACIÓN],sanidad de crianza,
C1-10000-MANT-CONTRATO,C1,10000,kg_vivo_cargado_anio,,7.27182e+06,,kg vivo/año,"03_produccion_primaria/escenarios_produccion.csv (modelo_escenarios_produccion.py, vía 14B)",kg_vivo_cargado_anio,"perfil medio, desempeño medio",DIRECTO,[ESTIMACIÓN],pago por kg vivo,
C1-10000-MANT-CONTRATO,C1,10000,mortalidad_granja_aves_anio,,131975,,aves/año,"03_produccion_primaria/escenarios_produccion.csv (modelo_escenarios_produccion.py, vía 14B)",mortalidad_granja_aves_anio,"perfil medio, desempeño medio",DIRECTO,[ESTIMACIÓN],retiro de mortalidad,
C1-10000-MANT-CONTRATO,C1,10000,agua_bebida_m3_anio,,22251.8,,m³/año,"03_produccion_primaria/escenarios_produccion.csv (modelo_escenarios_produccion.py, vía 14B)",agua_bebida_m3_anio,"perfil medio, desempeño medio",DIRECTO,[ESTIMACIÓN],agua de granja propia,
C1-10000-MANT-CONTRATO,C1,10000,ciclos_anio,,5.71048,,ciclos/año,"03_produccion_primaria/escenarios_produccion.csv (modelo_escenarios_produccion.py, vía 14B)",ciclos_anio,"perfil medio, desempeño medio",DIRECTO,[ESTIMACIÓN],limpieza de galpones,
C1-10000-MANT-CONTRATO,C1,10000,m2_galpon,,37942.6,,m²,"03_produccion_primaria/escenarios_produccion.csv (modelo_escenarios_produccion.py, vía 14B)",m2_galpon,"perfil medio, desempeño medio",DIRECTO,[ESTIMACIÓN],limpieza y bioseguridad de galpones,
C1-10000-MANT-CONTRATO,C1,10000,inventario_aves_promedio_anual,,331383,,aves,"03_produccion_primaria/escenarios_produccion.csv (modelo_escenarios_produccion.py, vía 14B)",inventario_aves_promedio_anual,"perfil medio, desempeño medio",DIRECTO,[ESTIMACIÓN],activo biológico (capital de trabajo),
C1-10000-MANT-CONTRATO,C1,10000,pollitos_a_recibir_anio,,2.6395e+06,,pollitos/año,14_alimento_balanceado/escenarios_upstream.csv (modelo_upstream.py),pollitos_a_recibir_anio,margen_pedido = 0 (SUP-142),DIRECTO,[ESTIMACIÓN],POL-COMPRA / base de incubación,
C1-10000-MANT-CONTRATO,C1,10000,pollitos_a_recibir_semana_plena,,52789.9,,pollitos/semana,14_alimento_balanceado/escenarios_upstream.csv (modelo_upstream.py),pollitos_a_recibir_semana_plena,,DIRECTO,[ESTIMACIÓN],incubación (14B),
C1-10000-MANT-CONTRATO,C1,10000,alimento_t_anio,,12362.1,,t/año,14_alimento_balanceado/escenarios_upstream.csv (modelo_upstream.py),alimento_t_anio,,DIRECTO,[ESTIMACIÓN] (03: peso × FCR),alimento comprado / elaborado / materias primas,
C1-10000-MANT-CONTRATO,C1,10000,alimento_t_semana_plena,,247.242,,t/semana,14_alimento_balanceado/escenarios_upstream.csv (modelo_upstream.py),alimento_t_semana_plena,,DIRECTO,[ESTIMACIÓN],anualización de viajes de alimento,
C1-10000-MANT-CONTRATO,C1,10000,mp_maiz_t_anio,,7417.25,,t/año,14_alimento_balanceado/escenarios_upstream.csv (modelo_upstream.py),alimento_t_anio × maiz (0.6),,DIRECTO,[SUPUESTO] composición ilustrativa 14B,ALI-MP-*,NO es una fórmula de dieta; mermas aparte (ALI-MERMA)
C1-10000-MANT-CONTRATO,C1,10000,mp_harina_soja_t_anio,,3708.63,,t/año,14_alimento_balanceado/escenarios_upstream.csv (modelo_upstream.py),alimento_t_anio × harina_soja (0.3),,DIRECTO,[SUPUESTO] composición ilustrativa 14B,ALI-MP-*,NO es una fórmula de dieta; mermas aparte (ALI-MERMA)
C1-10000-MANT-CONTRATO,C1,10000,mp_resto_t_anio,,1236.21,,t/año,14_alimento_balanceado/escenarios_upstream.csv (modelo_upstream.py),alimento_t_anio × resto (0.1),,DIRECTO,[SUPUESTO] composición ilustrativa 14B,ALI-MP-*,NO es una fórmula de dieta; mermas aparte (ALI-MERMA)
C1-10000-MANT-CONTRATO,C1,10000,kwh_anio,1.2062e+06,2.06506e+06,3.82599e+06,kWh/año,"11_agua_efluentes/escenarios_utilities.csv (modelo_utilities.py, vía 12C)",kwh_total_anio,"perfil P1, 8 h, config. B; nivel bajo/medio/alto de 09C",DIRECTO,[ESTIMACIÓN],"UT-ELE-KWH (incluye frío, aire, bombeo, efluentes aerobios)","UNIVERSO 09C = planta de FAENA; no se extiende a incubación, alimento, granjas ni rendering"
C1-10000-MANT-CONTRATO,C1,10000,kwh_frio_proceso_anio,380625,634375,1.14188e+06,kWh/año,"11_agua_efluentes/escenarios_utilities.csv (modelo_utilities.py, vía 12C)",kwh_proceso_frio_de_proceso_agua_helada_hielo_dia × 250,"perfil P1, 8 h, config. B; nivel bajo/medio/alto de 09C",DIRECTO,[SUPUESTO] reparto ilustrativo,INFORMATIVO: ya incluido en kwh_anio (no se duplica),"UNIVERSO 09C = planta de FAENA; no se extiende a incubación, alimento, granjas ni rendering"
C1-10000-MANT-CONTRATO,C1,10000,kwh_congelacion_anio,71894.5,113833,155771,kWh/año,"11_agua_efluentes/escenarios_utilities.csv (modelo_utilities.py, vía 12C)",kwh_congelacion_dia × 250,"perfil P1, 8 h, config. B; nivel bajo/medio/alto de 09C",DIRECTO,[ESTIMACIÓN],INFORMATIVO: ya incluido en kwh_anio,"UNIVERSO 09C = planta de FAENA; no se extiende a incubación, alimento, granjas ni rendering"
C1-10000-MANT-CONTRATO,C1,10000,kwh_almacen_frio_anio,30177.7,60355.4,108465,kWh/año,"11_agua_efluentes/escenarios_utilities.csv (modelo_utilities.py, vía 12C)",kwh_almacenamiento_frio_dia_calendario × 365,"perfil P1, 8 h, config. B; nivel bajo/medio/alto de 09C",DIRECTO,[ESTIMACIÓN],INFORMATIVO: ya incluido en kwh_anio,"UNIVERSO 09C = planta de FAENA; no se extiende a incubación, alimento, granjas ni rendering"
C1-10000-MANT-CONTRATO,C1,10000,kwh_efluentes_anio,16625,78375,299250,kWh/año,"11_agua_efluentes/escenarios_utilities.csv (modelo_utilities.py, vía 12C)",kwh_tratamiento_aerobio_dia × 250,"perfil P1, 8 h, config. B; nivel bajo/medio/alto de 09C",DIRECTO,[ESTIMACIÓN],INFORMATIVO: ya incluido en kwh_anio,"UNIVERSO 09C = planta de FAENA; no se extiende a incubación, alimento, granjas ni rendering"
C1-10000-MANT-CONTRATO,C1,10000,kwh_bombeo_anio,108750,181250,326250,kWh/año,"11_agua_efluentes/escenarios_utilities.csv (modelo_utilities.py, vía 12C)",kwh_proceso_bombas_agua_y_efluentes_dia × 250,"perfil P1, 8 h, config. B; nivel bajo/medio/alto de 09C",DIRECTO,[ESTIMACIÓN],INFORMATIVO: ya incluido en kwh_anio,"UNIVERSO 09C = planta de FAENA; no se extiende a incubación, alimento, granjas ni rendering"
C1-10000-MANT-CONTRATO,C1,10000,agua_m3_anio,37500,62500,95000,m³/año,"11_agua_efluentes/escenarios_utilities.csv (modelo_utilities.py, vía 12C)",agua_captada_m3_dia × 250,"perfil P1, 8 h, config. B; nivel bajo/medio/alto de 09C",DIRECTO,[ESTIMACIÓN],UT-AGUA-*,"UNIVERSO 09C = planta de FAENA; no se extiende a incubación, alimento, granjas ni rendering"
C1-10000-MANT-CONTRATO,C1,10000,agua_limpieza_m3_anio,7500,12500,18750,m³/año,"11_agua_efluentes/escenarios_utilities.csv (modelo_utilities.py, vía 12C)",agua_limpieza_m3_dia × 250,"perfil P1, 8 h, config. B; nivel bajo/medio/alto de 09C",DIRECTO,[ESTIMACIÓN],INFORMATIVO: ya incluida en agua_m3_anio,"UNIVERSO 09C = planta de FAENA; no se extiende a incubación, alimento, granjas ni rendering"
C1-10000-MANT-CONTRATO,C1,10000,efluente_m3_anio,30000,55000,90250,m³/año,"11_agua_efluentes/escenarios_utilities.csv (modelo_utilities.py, vía 12C)",agua_descargada_m3_dia × 250,"perfil P1, 8 h, config. B; nivel bajo/medio/alto de 09C",DIRECTO,[ESTIMACIÓN],"EF-QUIM, EF-CANON","UNIVERSO 09C = planta de FAENA; no se extiende a incubación, alimento, granjas ni rendering"
C1-10000-MANT-CONTRATO,C1,10000,energia_termica_kwh_t_anio,376330,926346,2.46733e+06,kWh_t/año,"11_agua_efluentes/escenarios_utilities.csv (modelo_utilities.py, vía 12C)",energia_combustible_kwh_termicos_dia × 250,"perfil P1, 8 h, config. B; nivel bajo/medio/alto de 09C",DIRECTO,[ESTIMACIÓN],UT-TER-* (combustible),"UNIVERSO 09C = planta de FAENA; no se extiende a incubación, alimento, granjas ni rendering"
C1-10000-MANT-CONTRATO,C1,10000,combustible_gas_natural_anio,34827.4,85728.7,228339,m³/año,"11_agua_efluentes/escenarios_utilities.csv (modelo_utilities.py, vía 12C)",equivalente_gas_natural_m3_dia × 250,"perfil P1, 8 h, config. B; nivel bajo/medio/alto de 09C",DIRECTO,[SUPUESTO] PCI,UT-TER (gas_natural) si se elige,"UNIVERSO 09C = planta de FAENA; no se extiende a incubación, alimento, granjas ni rendering"
C1-10000-MANT-CONTRATO,C1,10000,combustible_glp_anio,29451.9,72496.7,193095,kg/año,"11_agua_efluentes/escenarios_utilities.csv (modelo_utilities.py, vía 12C)",equivalente_glp_kg_dia × 250,"perfil P1, 8 h, config. B; nivel bajo/medio/alto de 09C",DIRECTO,[SUPUESTO] PCI,UT-TER (glp) si se elige,"UNIVERSO 09C = planta de FAENA; no se extiende a incubación, alimento, granjas ni rendering"
C1-10000-MANT-CONTRATO,C1,10000,combustible_biomasa_anio,96770.5,238203,634455,kg/año,"11_agua_efluentes/escenarios_utilities.csv (modelo_utilities.py, vía 12C)",equivalente_biomasa_chip_kg_dia × 250,"perfil P1, 8 h, config. B; nivel bajo/medio/alto de 09C",DIRECTO,[SUPUESTO] PCI,UT-TER (biomasa) si se elige,"UNIVERSO 09C = planta de FAENA; no se extiende a incubación, alimento, granjas ni rendering"
C1-10000-MANT-CONTRATO,C1,10000,subproducto_sangre_t_anio,209.525,209.525,209.525,t/año,"11_agua_efluentes/escenarios_utilities.csv (modelo_utilities.py, vía 12C)",segregable_sangre_recuperada_t_dia × 250,"perfil P1, 8 h, config. B; nivel bajo/medio/alto de 09C",DIRECTO,[ESTIMACIÓN],SUB-RET-SANGRE,"UNIVERSO 09C = planta de FAENA; no se extiende a incubación, alimento, granjas ni rendering"
C1-10000-MANT-CONTRATO,C1,10000,subproducto_plumas_t_anio,603.2,603.2,603.2,t/año,"11_agua_efluentes/escenarios_utilities.csv (modelo_utilities.py, vía 12C)",segregable_plumas_t_dia × 250,"perfil P1, 8 h, config. B; nivel bajo/medio/alto de 09C",DIRECTO,[ESTIMACIÓN],SUB-RET-PLUMAS,"UNIVERSO 09C = planta de FAENA; no se extiende a incubación, alimento, granjas ni rendering"
C1-10000-MANT-CONTRATO,C1,10000,subproducto_visceras_t_anio,326.25,326.25,326.25,t/año,"11_agua_efluentes/escenarios_utilities.csv (modelo_utilities.py, vía 12C)",segregable_visceras_t_dia × 250,"perfil P1, 8 h, config. B; nivel bajo/medio/alto de 09C",DIRECTO,[ESTIMACIÓN],SUB-RET-VISCERAS,"UNIVERSO 09C = planta de FAENA; no se extiende a incubación, alimento, granjas ni rendering"
C1-10000-MANT-CONTRATO,C1,10000,subproducto_cabezas_t_anio,181.25,181.25,181.25,t/año,"11_agua_efluentes/escenarios_utilities.csv (modelo_utilities.py, vía 12C)",segregable_cabeza_t_dia × 250,"perfil P1, 8 h, config. B; nivel bajo/medio/alto de 09C",DIRECTO,[ESTIMACIÓN],SUB-RET-CABEZAS,"UNIVERSO 09C = planta de FAENA; no se extiende a incubación, alimento, granjas ni rendering"
C1-10000-MANT-CONTRATO,C1,10000,decomisos_t_anio,,100.36,,t/año,04_balance_masa/escenarios_balance.csv (modelo_balance_masa.py),Σ filas 'decomiso*' de balance() × aves/año,,CALCULO_MODELO_FUENTE,[ESTIMACIÓN] condenas medias,SUB-RET-DECOMISOS,
C1-10000-MANT-CONTRATO,C1,10000,kg_producto_anio,,5.99121e+06,,kg producto/año,05_proceso_industrial/capacidad_proceso.csv (modelo_capacidad_proceso.py),kg_ave_config()['comestible_a_empaque'] × aves/año,,CALCULO_MODELO_FUENTE,[ESTIMACIÓN] balance v1.1,"EMP-* (base comercial; incluye garras y menudencias, 12B)",
C1-10000-MANT-CONTRATO,C1,10000,refrigerado_t_anio,,5392.09,,t/año,13_logistica/escenarios_logistica.csv (modelo_logistica.py),refrigerado_t_semana × semanas operativas,"perfil P1; 6 despachos refrigerado y 2 congelado/sem; 12 t; 300 km (ESCENARIO, SUP-16-20)",DIRECTO,[ESTIMACIÓN],flujo refrigerado,
C1-10000-MANT-CONTRATO,C1,10000,refrigerado_viajes_anio,,600,,viajes/año,13_logistica/escenarios_logistica.csv (modelo_logistica.py),refrigerado_viajes_semana × semanas,"perfil P1; 6 despachos refrigerado y 2 congelado/sem; 12 t; 300 km (ESCENARIO, SUP-16-20)",DIRECTO,[ESTIMACIÓN] capacidad de ESCENARIO,LOG-REF-*,
C1-10000-MANT-CONTRATO,C1,10000,refrigerado_km_anio,,360000,,km/año,13_logistica/escenarios_logistica.csv (modelo_logistica.py),refrigerado_km_dia_despacho × despachos/semana × semanas,"perfil P1; 6 despachos refrigerado y 2 congelado/sem; 12 t; 300 km (ESCENARIO, SUP-16-20)",DIRECTO,[ESTIMACIÓN] troncal; reparto capilar PENDIENTE (DEC-053),LOG-REF-*,
C1-10000-MANT-CONTRATO,C1,10000,stock_refrigerado_medio_t,,25.6766,,t,13_logistica/escenarios_logistica.csv (modelo_logistica.py),"inventario(t_dia_op, despachos=6): stock_ciclo_medio + seguridad (0)",,CALCULO_MODELO_FUENTE,[ESTIMACIÓN]; stock comercial adicional PENDIENTE,capital de trabajo,
C1-10000-MANT-CONTRATO,C1,10000,congelado_t_anio,,599.121,,t/año,13_logistica/escenarios_logistica.csv (modelo_logistica.py),congelado_t_semana × semanas operativas,"perfil P1; 6 despachos refrigerado y 2 congelado/sem; 12 t; 300 km (ESCENARIO, SUP-16-20)",DIRECTO,[ESTIMACIÓN],flujo congelado,
C1-10000-MANT-CONTRATO,C1,10000,congelado_viajes_anio,,100,,viajes/año,13_logistica/escenarios_logistica.csv (modelo_logistica.py),congelado_viajes_semana × semanas,"perfil P1; 6 despachos refrigerado y 2 congelado/sem; 12 t; 300 km (ESCENARIO, SUP-16-20)",DIRECTO,[ESTIMACIÓN] capacidad de ESCENARIO,LOG-CON-*,
C1-10000-MANT-CONTRATO,C1,10000,congelado_km_anio,,60000,,km/año,13_logistica/escenarios_logistica.csv (modelo_logistica.py),congelado_km_dia_despacho × despachos/semana × semanas,"perfil P1; 6 despachos refrigerado y 2 congelado/sem; 12 t; 300 km (ESCENARIO, SUP-16-20)",DIRECTO,[ESTIMACIÓN] troncal; reparto capilar PENDIENTE (DEC-053),LOG-CON-*,
C1-10000-MANT-CONTRATO,C1,10000,stock_congelado_medio_t,,7.01827,,t,13_logistica/escenarios_logistica.csv (modelo_logistica.py),"inventario(t_dia_op, despachos=2): stock_ciclo_medio + seguridad (0)",,CALCULO_MODELO_FUENTE,[ESTIMACIÓN]; stock comercial adicional PENDIENTE,capital de trabajo,
C1-10000-MANT-CONTRATO,C1,10000,vivo_viajes_anio,,500,,viajes/año,13_logistica/escenarios_logistica.csv (modelo_logistica.py),viajes_dia × días,radio 100 km; 5500 aves/camión (ESCENARIO),DIRECTO,[ESTIMACIÓN],LOG-VIV-*,
C1-10000-MANT-CONTRATO,C1,10000,vivo_km_anio,,86666.7,,km/año,13_logistica/escenarios_logistica.csv (modelo_logistica.py),km_total_dia × días,radio 100 km; 5500 aves/camión (ESCENARIO),DIRECTO,[ESTIMACIÓN],LOG-VIV-*,
C1-10000-MANT-CONTRATO,C1,10000,vivo_t_anio,,7271.82,,t/año,13_logistica/escenarios_logistica.csv (modelo_logistica.py),t_vivo_cargado_dia × días,radio 100 km; 5500 aves/camión (ESCENARIO),DIRECTO,[ESTIMACIÓN],LOG-VIV-TER-UNI,
C1-10000-MANT-CONTRATO,C1,10000,alimento_viajes_anio,,450,,viajes/año,13_logistica/escenarios_logistica.csv (modelo_logistica.py),alimento_viajes_semana × (t_año ÷ t_semana_plena),granelero 28 t; 75 km fábrica–granja (ESCENARIO),DIRECTO,[ESTIMACIÓN],LOG-ALI-*,
C1-10000-MANT-CONTRATO,C1,10000,alimento_km_anio,,67500,,km/año,13_logistica/escenarios_logistica.csv (modelo_logistica.py),alimento_km_semana × (t_año ÷ t_semana_plena),granelero 28 t; 75 km fábrica–granja (ESCENARIO),DIRECTO,[ESTIMACIÓN],LOG-ALI-*,
C1-10000-MANT-CONTRATO,C1,10000,pollitos_viajes_anio,,,,viajes/año,13_logistica/escenarios_logistica.csv (modelo_logistica.py),pollitos_viajes_semana (cap_pollitos = None),,PENDIENTE,"PENDIENTE (DPV-047, DPV-084)",LOG-POL-*,
C1-10000-MANT-CONTRATO,C1,10000,subproductos_viajes_anio,,1000,,viajes/año,13_logistica/escenarios_logistica.csv (modelo_logistica.py),Σ viajes_semana_criterio_masa × semanas,,CALCULO_MODELO_FUENTE,"COTA INFERIOR (volumétrico PENDIENTE, DPV-135)",LOG-SUB-*,
C1-10000-MANT-CONTRATO,C1,10000,subproductos_km_anio,,100000,,km/año,13_logistica/escenarios_logistica.csv (modelo_logistica.py),Σ km_semana_criterio_masa × semanas,,CALCULO_MODELO_FUENTE,COTA INFERIOR,LOG-SUB-*,
C1-10000-MANT-CONTRATO,C1,10000,subproductos_t_anio,,1520.88,,t/año,13_logistica/escenarios_logistica.csv (modelo_logistica.py),Σ t_semana × semanas,,CALCULO_MODELO_FUENTE,[ESTIMACIÓN],LOG-SUB-TER-UNI,
C1-10000-MANT-CONTRATO,C1,10000,vehiculos_POL,,,,vehículos,19_capex/boq_capex.csv (modelo_capex.py),flota[pollitos].unidades,,PENDIENTE,PENDIENTE,"LOG-POL-PAT, SEG-FLOTA-POL",
C1-10000-MANT-CONTRATO,C1,10000,vehiculos_HUE,,,,vehículos,19_capex/boq_capex.csv (modelo_capex.py),—,,PENDIENTE,PENDIENTE,"LOG-HUE-PAT, SEG-FLOTA-HUE",
C1-10000-MANT-CONTRATO,C1,10000,vehiculos_ALI,,,,vehículos,19_capex/boq_capex.csv (modelo_capex.py),flota[alimento].unidades,,PENDIENTE,PENDIENTE,"LOG-ALI-PAT, SEG-FLOTA-ALI",
C1-10000-MANT-CONTRATO,C1,10000,vehiculos_GRA,,,,vehículos,19_capex/boq_capex.csv (modelo_capex.py),—,,PENDIENTE,PENDIENTE,"LOG-GRA-PAT, SEG-FLOTA-GRA",
C1-10000-MANT-CONTRATO,C1,10000,vehiculos_VIV,,,,vehículos,19_capex/boq_capex.csv (modelo_capex.py),flota[vivo].unidades,,PENDIENTE,PENDIENTE,"LOG-VIV-PAT, SEG-FLOTA-VIV",
C1-10000-MANT-CONTRATO,C1,10000,vehiculos_REF,,,,vehículos,19_capex/boq_capex.csv (modelo_capex.py),flota[refrigerado].unidades,,PENDIENTE,PENDIENTE,"LOG-REF-PAT, SEG-FLOTA-REF",
C1-10000-MANT-CONTRATO,C1,10000,vehiculos_CON,,,,vehículos,19_capex/boq_capex.csv (modelo_capex.py),flota[congelado].unidades,,PENDIENTE,PENDIENTE,"LOG-CON-PAT, SEG-FLOTA-CON",
C1-10000-MANT-CONTRATO,C1,10000,vehiculos_SUB,,,,vehículos,19_capex/boq_capex.csv (modelo_capex.py),flota[subproductos].unidades,,PENDIENTE,PENDIENTE,"LOG-SUB-PAT, SEG-FLOTA-SUB",
C1-10000-MANT-CONTRATO,C1,10000,fte_industrial_14a,,106.754,,FTE,18_recursos_humanos/escenarios_rrhh.csv (modelo_rrhh.py),fte_total,turnos=extendido; autom=semiautomatico; limpieza=propia; mant=propio; lab=propio,CALCULO_MODELO_FUENTE,[SUPUESTO] productividad,"RRHH INDUSTRIAL + estructura + coordinación primaria (14A). NO es el FTE total de una empresa verticalmente integrada: granjas propias, incubación, planta de alimento, reproductoras y rendering no están dimensionados","headcount de nómina PENDIENTE (factor de cobertura no validado); incluye horas de terceros que luego pueden quedar INCLUIDAS en tarifas (faenador, choferes)"
C1-10000-MANT-CONTRATO,C1,10000,fte_directos_14a,,47.3522,,FTE,18_recursos_humanos/escenarios_rrhh.csv (modelo_rrhh.py),fte_interno + fte_tercerizado (directo),,CALCULO_MODELO_FUENTE,[SUPUESTO],FAE-CUCH,
C1-10000-MANT-CONTRATO,C1,10000,horas_brecha_jornada_anio,,21657.8,,h-persona/año,18_recursos_humanos/escenarios_rrhh.csv (modelo_rrhh.py),horas_persona_brecha_jornada_dia × días,,CALCULO_MODELO_FUENTE,[ESTIMACIÓN],INFORMATIVO: no son horas extra automáticas (DPV-146),
C1-10000-MANT-CONTRATO,C1,10000,headcount_nomina,,,,personas,18_recursos_humanos/escenarios_rrhh.csv (modelo_rrhh.py),headcount_nomina,,PENDIENTE,PENDIENTE (factor de cobertura),NO se usa: costeo provisional por FTE,
C1-10000-MANT-CONTRATO,C1,10000,fraccion_granjas_propias,,0,,fracción,19_capex/boq_capex.csv (modelo_capex.py),fraccion_granjas_propias,,CONSUMIDO_CAPEX,ESCENARIO (SUP-16-09),reparto propia / integrada,
C1-10000-MANT-CONTRATO,C1,10000,kwh_granja,,,,—,20_opex/modelo_opex.py,—,,PENDIENTE,PENDIENTE: el módulo fuente no lo dimensiona,concepto PENDIENTE_CANTIDAD (no se inventa),
C1-10000-MANT-CONTRATO,C1,10000,gas_granja,,,,—,20_opex/modelo_opex.py,—,,PENDIENTE,PENDIENTE: el módulo fuente no lo dimensiona,concepto PENDIENTE_CANTIDAD (no se inventa),
C1-10000-MANT-CONTRATO,C1,10000,cama_t,,,,—,20_opex/modelo_opex.py,—,,PENDIENTE,PENDIENTE: el módulo fuente no lo dimensiona,concepto PENDIENTE_CANTIDAD (no se inventa),
C1-10000-MANT-CONTRATO,C1,10000,personal_granja,,,,—,20_opex/modelo_opex.py,—,,PENDIENTE,PENDIENTE: el módulo fuente no lo dimensiona,concepto PENDIENTE_CANTIDAD (no se inventa),
C1-10000-MANT-CONTRATO,C1,10000,personal_incubadora,,,,—,20_opex/modelo_opex.py,—,,PENDIENTE,PENDIENTE: el módulo fuente no lo dimensiona,concepto PENDIENTE_CANTIDAD (no se inventa),
C1-10000-MANT-CONTRATO,C1,10000,personal_planta_alimento,,,,—,20_opex/modelo_opex.py,—,,PENDIENTE,PENDIENTE: el módulo fuente no lo dimensiona,concepto PENDIENTE_CANTIDAD (no se inventa),
C1-10000-MANT-CONTRATO,C1,10000,personal_reproductoras,,,,—,20_opex/modelo_opex.py,—,,PENDIENTE,PENDIENTE: el módulo fuente no lo dimensiona,concepto PENDIENTE_CANTIDAD (no se inventa),
C1-10000-MANT-CONTRATO,C1,10000,personal_rendering,,,,—,20_opex/modelo_opex.py,—,,PENDIENTE,PENDIENTE: el módulo fuente no lo dimensiona,concepto PENDIENTE_CANTIDAD (no se inventa),
C1-10000-MANT-CONTRATO,C1,10000,kwh_incubadora,,,,—,20_opex/modelo_opex.py,—,,PENDIENTE,PENDIENTE: el módulo fuente no lo dimensiona,concepto PENDIENTE_CANTIDAD (no se inventa),
C1-10000-MANT-CONTRATO,C1,10000,agua_incubadora,,,,—,20_opex/modelo_opex.py,—,,PENDIENTE,PENDIENTE: el módulo fuente no lo dimensiona,concepto PENDIENTE_CANTIDAD (no se inventa),
C1-10000-MANT-CONTRATO,C1,10000,kwh_planta_alimento,,,,—,20_opex/modelo_opex.py,—,,PENDIENTE,PENDIENTE: el módulo fuente no lo dimensiona,concepto PENDIENTE_CANTIDAD (no se inventa),
C1-10000-MANT-CONTRATO,C1,10000,vapor_planta_alimento,,,,—,20_opex/modelo_opex.py,—,,PENDIENTE,PENDIENTE: el módulo fuente no lo dimensiona,concepto PENDIENTE_CANTIDAD (no se inventa),
C1-10000-MANT-CONTRATO,C1,10000,agua_planta_alimento,,,,—,20_opex/modelo_opex.py,—,,PENDIENTE,PENDIENTE: el módulo fuente no lo dimensiona,concepto PENDIENTE_CANTIDAD (no se inventa),
C1-10000-MANT-CONTRATO,C1,10000,kwh_rendering,,,,—,20_opex/modelo_opex.py,—,,PENDIENTE,PENDIENTE: el módulo fuente no lo dimensiona,concepto PENDIENTE_CANTIDAD (no se inventa),
C1-10000-MANT-CONTRATO,C1,10000,lodos_t,,,,—,20_opex/modelo_opex.py,—,,PENDIENTE,PENDIENTE: el módulo fuente no lo dimensiona,concepto PENDIENTE_CANTIDAD (no se inventa),
C1-10000-MANT-CONTRATO,C1,10000,potencia_contratada_kw,,,,—,20_opex/modelo_opex.py,—,,PENDIENTE,PENDIENTE: el módulo fuente no lo dimensiona,concepto PENDIENTE_CANTIDAD (no se inventa),
C1-10000-FLETE-POR-UNIDAD,C1,10000,dias_operativos_anio,,250,,d/año,19_capex/modelo_capex.py,dias_anio(),,CONSUMIDO_CAPEX,[SUPUESTO] SUP-025,anualización de drivers por día operativo,
C1-10000-FLETE-POR-UNIDAD,C1,10000,semanas_operativas_anio,,50,,semanas/año,20_opex/modelo_opex.py,días operativos ÷ días/semana,,DERIVADO_OPEX,[ESTIMACIÓN],"anualización de drivers semanales de 12B (producto, subproductos)",
C1-10000-FLETE-POR-UNIDAD,C1,10000,aves_faenadas_anio,,2500000,,aves/año,"03_produccion_primaria/escenarios_produccion.csv (modelo_escenarios_produccion.py, vía 14B)",aves_faenadas_anio,"perfil medio, desempeño medio",DIRECTO,[ESTIMACIÓN],"FAE-FACON, FAE-QUIM, empaque",
C1-10000-FLETE-POR-UNIDAD,C1,10000,aves_cargadas_anio,,2.50752e+06,,aves/año,"03_produccion_primaria/escenarios_produccion.csv (modelo_escenarios_produccion.py, vía 14B)",aves_cargadas_anio,"perfil medio, desempeño medio",DIRECTO,[ESTIMACIÓN],"captura, pago por ave",
C1-10000-FLETE-POR-UNIDAD,C1,10000,pollitos_alojados_anio,,2.6395e+06,,pollitos/año,"03_produccion_primaria/escenarios_produccion.csv (modelo_escenarios_produccion.py, vía 14B)",pollitos_alojados_anio,"perfil medio, desempeño medio",DIRECTO,[ESTIMACIÓN],sanidad de crianza,
C1-10000-FLETE-POR-UNIDAD,C1,10000,kg_vivo_cargado_anio,,7.27182e+06,,kg vivo/año,"03_produccion_primaria/escenarios_produccion.csv (modelo_escenarios_produccion.py, vía 14B)",kg_vivo_cargado_anio,"perfil medio, desempeño medio",DIRECTO,[ESTIMACIÓN],pago por kg vivo,
C1-10000-FLETE-POR-UNIDAD,C1,10000,mortalidad_granja_aves_anio,,131975,,aves/año,"03_produccion_primaria/escenarios_produccion.csv (modelo_escenarios_produccion.py, vía 14B)",mortalidad_granja_aves_anio,"perfil medio, desempeño medio",DIRECTO,[ESTIMACIÓN],retiro de mortalidad,
C1-10000-FLETE-POR-UNIDAD,C1,10000,agua_bebida_m3_anio,,22251.8,,m³/año,"03_produccion_primaria/escenarios_produccion.csv (modelo_escenarios_produccion.py, vía 14B)",agua_bebida_m3_anio,"perfil medio, desempeño medio",DIRECTO,[ESTIMACIÓN],agua de granja propia,
C1-10000-FLETE-POR-UNIDAD,C1,10000,ciclos_anio,,5.71048,,ciclos/año,"03_produccion_primaria/escenarios_produccion.csv (modelo_escenarios_produccion.py, vía 14B)",ciclos_anio,"perfil medio, desempeño medio",DIRECTO,[ESTIMACIÓN],limpieza de galpones,
C1-10000-FLETE-POR-UNIDAD,C1,10000,m2_galpon,,37942.6,,m²,"03_produccion_primaria/escenarios_produccion.csv (modelo_escenarios_produccion.py, vía 14B)",m2_galpon,"perfil medio, desempeño medio",DIRECTO,[ESTIMACIÓN],limpieza y bioseguridad de galpones,
C1-10000-FLETE-POR-UNIDAD,C1,10000,inventario_aves_promedio_anual,,331383,,aves,"03_produccion_primaria/escenarios_produccion.csv (modelo_escenarios_produccion.py, vía 14B)",inventario_aves_promedio_anual,"perfil medio, desempeño medio",DIRECTO,[ESTIMACIÓN],activo biológico (capital de trabajo),
C1-10000-FLETE-POR-UNIDAD,C1,10000,pollitos_a_recibir_anio,,2.6395e+06,,pollitos/año,14_alimento_balanceado/escenarios_upstream.csv (modelo_upstream.py),pollitos_a_recibir_anio,margen_pedido = 0 (SUP-142),DIRECTO,[ESTIMACIÓN],POL-COMPRA / base de incubación,
C1-10000-FLETE-POR-UNIDAD,C1,10000,pollitos_a_recibir_semana_plena,,52789.9,,pollitos/semana,14_alimento_balanceado/escenarios_upstream.csv (modelo_upstream.py),pollitos_a_recibir_semana_plena,,DIRECTO,[ESTIMACIÓN],incubación (14B),
C1-10000-FLETE-POR-UNIDAD,C1,10000,alimento_t_anio,,12362.1,,t/año,14_alimento_balanceado/escenarios_upstream.csv (modelo_upstream.py),alimento_t_anio,,DIRECTO,[ESTIMACIÓN] (03: peso × FCR),alimento comprado / elaborado / materias primas,
C1-10000-FLETE-POR-UNIDAD,C1,10000,alimento_t_semana_plena,,247.242,,t/semana,14_alimento_balanceado/escenarios_upstream.csv (modelo_upstream.py),alimento_t_semana_plena,,DIRECTO,[ESTIMACIÓN],anualización de viajes de alimento,
C1-10000-FLETE-POR-UNIDAD,C1,10000,mp_maiz_t_anio,,7417.25,,t/año,14_alimento_balanceado/escenarios_upstream.csv (modelo_upstream.py),alimento_t_anio × maiz (0.6),,DIRECTO,[SUPUESTO] composición ilustrativa 14B,ALI-MP-*,NO es una fórmula de dieta; mermas aparte (ALI-MERMA)
C1-10000-FLETE-POR-UNIDAD,C1,10000,mp_harina_soja_t_anio,,3708.63,,t/año,14_alimento_balanceado/escenarios_upstream.csv (modelo_upstream.py),alimento_t_anio × harina_soja (0.3),,DIRECTO,[SUPUESTO] composición ilustrativa 14B,ALI-MP-*,NO es una fórmula de dieta; mermas aparte (ALI-MERMA)
C1-10000-FLETE-POR-UNIDAD,C1,10000,mp_resto_t_anio,,1236.21,,t/año,14_alimento_balanceado/escenarios_upstream.csv (modelo_upstream.py),alimento_t_anio × resto (0.1),,DIRECTO,[SUPUESTO] composición ilustrativa 14B,ALI-MP-*,NO es una fórmula de dieta; mermas aparte (ALI-MERMA)
C1-10000-FLETE-POR-UNIDAD,C1,10000,kwh_anio,1.2062e+06,2.06506e+06,3.82599e+06,kWh/año,"11_agua_efluentes/escenarios_utilities.csv (modelo_utilities.py, vía 12C)",kwh_total_anio,"perfil P1, 8 h, config. B; nivel bajo/medio/alto de 09C",DIRECTO,[ESTIMACIÓN],"UT-ELE-KWH (incluye frío, aire, bombeo, efluentes aerobios)","UNIVERSO 09C = planta de FAENA; no se extiende a incubación, alimento, granjas ni rendering"
C1-10000-FLETE-POR-UNIDAD,C1,10000,kwh_frio_proceso_anio,380625,634375,1.14188e+06,kWh/año,"11_agua_efluentes/escenarios_utilities.csv (modelo_utilities.py, vía 12C)",kwh_proceso_frio_de_proceso_agua_helada_hielo_dia × 250,"perfil P1, 8 h, config. B; nivel bajo/medio/alto de 09C",DIRECTO,[SUPUESTO] reparto ilustrativo,INFORMATIVO: ya incluido en kwh_anio (no se duplica),"UNIVERSO 09C = planta de FAENA; no se extiende a incubación, alimento, granjas ni rendering"
C1-10000-FLETE-POR-UNIDAD,C1,10000,kwh_congelacion_anio,71894.5,113833,155771,kWh/año,"11_agua_efluentes/escenarios_utilities.csv (modelo_utilities.py, vía 12C)",kwh_congelacion_dia × 250,"perfil P1, 8 h, config. B; nivel bajo/medio/alto de 09C",DIRECTO,[ESTIMACIÓN],INFORMATIVO: ya incluido en kwh_anio,"UNIVERSO 09C = planta de FAENA; no se extiende a incubación, alimento, granjas ni rendering"
C1-10000-FLETE-POR-UNIDAD,C1,10000,kwh_almacen_frio_anio,30177.7,60355.4,108465,kWh/año,"11_agua_efluentes/escenarios_utilities.csv (modelo_utilities.py, vía 12C)",kwh_almacenamiento_frio_dia_calendario × 365,"perfil P1, 8 h, config. B; nivel bajo/medio/alto de 09C",DIRECTO,[ESTIMACIÓN],INFORMATIVO: ya incluido en kwh_anio,"UNIVERSO 09C = planta de FAENA; no se extiende a incubación, alimento, granjas ni rendering"
C1-10000-FLETE-POR-UNIDAD,C1,10000,kwh_efluentes_anio,16625,78375,299250,kWh/año,"11_agua_efluentes/escenarios_utilities.csv (modelo_utilities.py, vía 12C)",kwh_tratamiento_aerobio_dia × 250,"perfil P1, 8 h, config. B; nivel bajo/medio/alto de 09C",DIRECTO,[ESTIMACIÓN],INFORMATIVO: ya incluido en kwh_anio,"UNIVERSO 09C = planta de FAENA; no se extiende a incubación, alimento, granjas ni rendering"
C1-10000-FLETE-POR-UNIDAD,C1,10000,kwh_bombeo_anio,108750,181250,326250,kWh/año,"11_agua_efluentes/escenarios_utilities.csv (modelo_utilities.py, vía 12C)",kwh_proceso_bombas_agua_y_efluentes_dia × 250,"perfil P1, 8 h, config. B; nivel bajo/medio/alto de 09C",DIRECTO,[ESTIMACIÓN],INFORMATIVO: ya incluido en kwh_anio,"UNIVERSO 09C = planta de FAENA; no se extiende a incubación, alimento, granjas ni rendering"
C1-10000-FLETE-POR-UNIDAD,C1,10000,agua_m3_anio,37500,62500,95000,m³/año,"11_agua_efluentes/escenarios_utilities.csv (modelo_utilities.py, vía 12C)",agua_captada_m3_dia × 250,"perfil P1, 8 h, config. B; nivel bajo/medio/alto de 09C",DIRECTO,[ESTIMACIÓN],UT-AGUA-*,"UNIVERSO 09C = planta de FAENA; no se extiende a incubación, alimento, granjas ni rendering"
C1-10000-FLETE-POR-UNIDAD,C1,10000,agua_limpieza_m3_anio,7500,12500,18750,m³/año,"11_agua_efluentes/escenarios_utilities.csv (modelo_utilities.py, vía 12C)",agua_limpieza_m3_dia × 250,"perfil P1, 8 h, config. B; nivel bajo/medio/alto de 09C",DIRECTO,[ESTIMACIÓN],INFORMATIVO: ya incluida en agua_m3_anio,"UNIVERSO 09C = planta de FAENA; no se extiende a incubación, alimento, granjas ni rendering"
C1-10000-FLETE-POR-UNIDAD,C1,10000,efluente_m3_anio,30000,55000,90250,m³/año,"11_agua_efluentes/escenarios_utilities.csv (modelo_utilities.py, vía 12C)",agua_descargada_m3_dia × 250,"perfil P1, 8 h, config. B; nivel bajo/medio/alto de 09C",DIRECTO,[ESTIMACIÓN],"EF-QUIM, EF-CANON","UNIVERSO 09C = planta de FAENA; no se extiende a incubación, alimento, granjas ni rendering"
C1-10000-FLETE-POR-UNIDAD,C1,10000,energia_termica_kwh_t_anio,376330,926346,2.46733e+06,kWh_t/año,"11_agua_efluentes/escenarios_utilities.csv (modelo_utilities.py, vía 12C)",energia_combustible_kwh_termicos_dia × 250,"perfil P1, 8 h, config. B; nivel bajo/medio/alto de 09C",DIRECTO,[ESTIMACIÓN],UT-TER-* (combustible),"UNIVERSO 09C = planta de FAENA; no se extiende a incubación, alimento, granjas ni rendering"
C1-10000-FLETE-POR-UNIDAD,C1,10000,combustible_gas_natural_anio,34827.4,85728.7,228339,m³/año,"11_agua_efluentes/escenarios_utilities.csv (modelo_utilities.py, vía 12C)",equivalente_gas_natural_m3_dia × 250,"perfil P1, 8 h, config. B; nivel bajo/medio/alto de 09C",DIRECTO,[SUPUESTO] PCI,UT-TER (gas_natural) si se elige,"UNIVERSO 09C = planta de FAENA; no se extiende a incubación, alimento, granjas ni rendering"
C1-10000-FLETE-POR-UNIDAD,C1,10000,combustible_glp_anio,29451.9,72496.7,193095,kg/año,"11_agua_efluentes/escenarios_utilities.csv (modelo_utilities.py, vía 12C)",equivalente_glp_kg_dia × 250,"perfil P1, 8 h, config. B; nivel bajo/medio/alto de 09C",DIRECTO,[SUPUESTO] PCI,UT-TER (glp) si se elige,"UNIVERSO 09C = planta de FAENA; no se extiende a incubación, alimento, granjas ni rendering"
C1-10000-FLETE-POR-UNIDAD,C1,10000,combustible_biomasa_anio,96770.5,238203,634455,kg/año,"11_agua_efluentes/escenarios_utilities.csv (modelo_utilities.py, vía 12C)",equivalente_biomasa_chip_kg_dia × 250,"perfil P1, 8 h, config. B; nivel bajo/medio/alto de 09C",DIRECTO,[SUPUESTO] PCI,UT-TER (biomasa) si se elige,"UNIVERSO 09C = planta de FAENA; no se extiende a incubación, alimento, granjas ni rendering"
C1-10000-FLETE-POR-UNIDAD,C1,10000,subproducto_sangre_t_anio,209.525,209.525,209.525,t/año,"11_agua_efluentes/escenarios_utilities.csv (modelo_utilities.py, vía 12C)",segregable_sangre_recuperada_t_dia × 250,"perfil P1, 8 h, config. B; nivel bajo/medio/alto de 09C",DIRECTO,[ESTIMACIÓN],SUB-RET-SANGRE,"UNIVERSO 09C = planta de FAENA; no se extiende a incubación, alimento, granjas ni rendering"
C1-10000-FLETE-POR-UNIDAD,C1,10000,subproducto_plumas_t_anio,603.2,603.2,603.2,t/año,"11_agua_efluentes/escenarios_utilities.csv (modelo_utilities.py, vía 12C)",segregable_plumas_t_dia × 250,"perfil P1, 8 h, config. B; nivel bajo/medio/alto de 09C",DIRECTO,[ESTIMACIÓN],SUB-RET-PLUMAS,"UNIVERSO 09C = planta de FAENA; no se extiende a incubación, alimento, granjas ni rendering"
C1-10000-FLETE-POR-UNIDAD,C1,10000,subproducto_visceras_t_anio,326.25,326.25,326.25,t/año,"11_agua_efluentes/escenarios_utilities.csv (modelo_utilities.py, vía 12C)",segregable_visceras_t_dia × 250,"perfil P1, 8 h, config. B; nivel bajo/medio/alto de 09C",DIRECTO,[ESTIMACIÓN],SUB-RET-VISCERAS,"UNIVERSO 09C = planta de FAENA; no se extiende a incubación, alimento, granjas ni rendering"
C1-10000-FLETE-POR-UNIDAD,C1,10000,subproducto_cabezas_t_anio,181.25,181.25,181.25,t/año,"11_agua_efluentes/escenarios_utilities.csv (modelo_utilities.py, vía 12C)",segregable_cabeza_t_dia × 250,"perfil P1, 8 h, config. B; nivel bajo/medio/alto de 09C",DIRECTO,[ESTIMACIÓN],SUB-RET-CABEZAS,"UNIVERSO 09C = planta de FAENA; no se extiende a incubación, alimento, granjas ni rendering"
C1-10000-FLETE-POR-UNIDAD,C1,10000,decomisos_t_anio,,100.36,,t/año,04_balance_masa/escenarios_balance.csv (modelo_balance_masa.py),Σ filas 'decomiso*' de balance() × aves/año,,CALCULO_MODELO_FUENTE,[ESTIMACIÓN] condenas medias,SUB-RET-DECOMISOS,
C1-10000-FLETE-POR-UNIDAD,C1,10000,kg_producto_anio,,5.99121e+06,,kg producto/año,05_proceso_industrial/capacidad_proceso.csv (modelo_capacidad_proceso.py),kg_ave_config()['comestible_a_empaque'] × aves/año,,CALCULO_MODELO_FUENTE,[ESTIMACIÓN] balance v1.1,"EMP-* (base comercial; incluye garras y menudencias, 12B)",
C1-10000-FLETE-POR-UNIDAD,C1,10000,refrigerado_t_anio,,5392.09,,t/año,13_logistica/escenarios_logistica.csv (modelo_logistica.py),refrigerado_t_semana × semanas operativas,"perfil P1; 6 despachos refrigerado y 2 congelado/sem; 12 t; 300 km (ESCENARIO, SUP-16-20)",DIRECTO,[ESTIMACIÓN],flujo refrigerado,
C1-10000-FLETE-POR-UNIDAD,C1,10000,refrigerado_viajes_anio,,600,,viajes/año,13_logistica/escenarios_logistica.csv (modelo_logistica.py),refrigerado_viajes_semana × semanas,"perfil P1; 6 despachos refrigerado y 2 congelado/sem; 12 t; 300 km (ESCENARIO, SUP-16-20)",DIRECTO,[ESTIMACIÓN] capacidad de ESCENARIO,LOG-REF-*,
C1-10000-FLETE-POR-UNIDAD,C1,10000,refrigerado_km_anio,,360000,,km/año,13_logistica/escenarios_logistica.csv (modelo_logistica.py),refrigerado_km_dia_despacho × despachos/semana × semanas,"perfil P1; 6 despachos refrigerado y 2 congelado/sem; 12 t; 300 km (ESCENARIO, SUP-16-20)",DIRECTO,[ESTIMACIÓN] troncal; reparto capilar PENDIENTE (DEC-053),LOG-REF-*,
C1-10000-FLETE-POR-UNIDAD,C1,10000,stock_refrigerado_medio_t,,25.6766,,t,13_logistica/escenarios_logistica.csv (modelo_logistica.py),"inventario(t_dia_op, despachos=6): stock_ciclo_medio + seguridad (0)",,CALCULO_MODELO_FUENTE,[ESTIMACIÓN]; stock comercial adicional PENDIENTE,capital de trabajo,
C1-10000-FLETE-POR-UNIDAD,C1,10000,congelado_t_anio,,599.121,,t/año,13_logistica/escenarios_logistica.csv (modelo_logistica.py),congelado_t_semana × semanas operativas,"perfil P1; 6 despachos refrigerado y 2 congelado/sem; 12 t; 300 km (ESCENARIO, SUP-16-20)",DIRECTO,[ESTIMACIÓN],flujo congelado,
C1-10000-FLETE-POR-UNIDAD,C1,10000,congelado_viajes_anio,,100,,viajes/año,13_logistica/escenarios_logistica.csv (modelo_logistica.py),congelado_viajes_semana × semanas,"perfil P1; 6 despachos refrigerado y 2 congelado/sem; 12 t; 300 km (ESCENARIO, SUP-16-20)",DIRECTO,[ESTIMACIÓN] capacidad de ESCENARIO,LOG-CON-*,
C1-10000-FLETE-POR-UNIDAD,C1,10000,congelado_km_anio,,60000,,km/año,13_logistica/escenarios_logistica.csv (modelo_logistica.py),congelado_km_dia_despacho × despachos/semana × semanas,"perfil P1; 6 despachos refrigerado y 2 congelado/sem; 12 t; 300 km (ESCENARIO, SUP-16-20)",DIRECTO,[ESTIMACIÓN] troncal; reparto capilar PENDIENTE (DEC-053),LOG-CON-*,
C1-10000-FLETE-POR-UNIDAD,C1,10000,stock_congelado_medio_t,,7.01827,,t,13_logistica/escenarios_logistica.csv (modelo_logistica.py),"inventario(t_dia_op, despachos=2): stock_ciclo_medio + seguridad (0)",,CALCULO_MODELO_FUENTE,[ESTIMACIÓN]; stock comercial adicional PENDIENTE,capital de trabajo,
C1-10000-FLETE-POR-UNIDAD,C1,10000,vivo_viajes_anio,,500,,viajes/año,13_logistica/escenarios_logistica.csv (modelo_logistica.py),viajes_dia × días,radio 100 km; 5500 aves/camión (ESCENARIO),DIRECTO,[ESTIMACIÓN],LOG-VIV-*,
C1-10000-FLETE-POR-UNIDAD,C1,10000,vivo_km_anio,,86666.7,,km/año,13_logistica/escenarios_logistica.csv (modelo_logistica.py),km_total_dia × días,radio 100 km; 5500 aves/camión (ESCENARIO),DIRECTO,[ESTIMACIÓN],LOG-VIV-*,
C1-10000-FLETE-POR-UNIDAD,C1,10000,vivo_t_anio,,7271.82,,t/año,13_logistica/escenarios_logistica.csv (modelo_logistica.py),t_vivo_cargado_dia × días,radio 100 km; 5500 aves/camión (ESCENARIO),DIRECTO,[ESTIMACIÓN],LOG-VIV-TER-UNI,
C1-10000-FLETE-POR-UNIDAD,C1,10000,alimento_viajes_anio,,450,,viajes/año,13_logistica/escenarios_logistica.csv (modelo_logistica.py),alimento_viajes_semana × (t_año ÷ t_semana_plena),granelero 28 t; 75 km fábrica–granja (ESCENARIO),DIRECTO,[ESTIMACIÓN],LOG-ALI-*,
C1-10000-FLETE-POR-UNIDAD,C1,10000,alimento_km_anio,,67500,,km/año,13_logistica/escenarios_logistica.csv (modelo_logistica.py),alimento_km_semana × (t_año ÷ t_semana_plena),granelero 28 t; 75 km fábrica–granja (ESCENARIO),DIRECTO,[ESTIMACIÓN],LOG-ALI-*,
C1-10000-FLETE-POR-UNIDAD,C1,10000,pollitos_viajes_anio,,,,viajes/año,13_logistica/escenarios_logistica.csv (modelo_logistica.py),pollitos_viajes_semana (cap_pollitos = None),,PENDIENTE,"PENDIENTE (DPV-047, DPV-084)",LOG-POL-*,
C1-10000-FLETE-POR-UNIDAD,C1,10000,subproductos_viajes_anio,,1000,,viajes/año,13_logistica/escenarios_logistica.csv (modelo_logistica.py),Σ viajes_semana_criterio_masa × semanas,,CALCULO_MODELO_FUENTE,"COTA INFERIOR (volumétrico PENDIENTE, DPV-135)",LOG-SUB-*,
C1-10000-FLETE-POR-UNIDAD,C1,10000,subproductos_km_anio,,100000,,km/año,13_logistica/escenarios_logistica.csv (modelo_logistica.py),Σ km_semana_criterio_masa × semanas,,CALCULO_MODELO_FUENTE,COTA INFERIOR,LOG-SUB-*,
C1-10000-FLETE-POR-UNIDAD,C1,10000,subproductos_t_anio,,1520.88,,t/año,13_logistica/escenarios_logistica.csv (modelo_logistica.py),Σ t_semana × semanas,,CALCULO_MODELO_FUENTE,[ESTIMACIÓN],LOG-SUB-TER-UNI,
C1-10000-FLETE-POR-UNIDAD,C1,10000,vehiculos_POL,,,,vehículos,19_capex/boq_capex.csv (modelo_capex.py),flota[pollitos].unidades,,PENDIENTE,PENDIENTE,"LOG-POL-PAT, SEG-FLOTA-POL",
C1-10000-FLETE-POR-UNIDAD,C1,10000,vehiculos_HUE,,,,vehículos,19_capex/boq_capex.csv (modelo_capex.py),—,,PENDIENTE,PENDIENTE,"LOG-HUE-PAT, SEG-FLOTA-HUE",
C1-10000-FLETE-POR-UNIDAD,C1,10000,vehiculos_ALI,,,,vehículos,19_capex/boq_capex.csv (modelo_capex.py),flota[alimento].unidades,,PENDIENTE,PENDIENTE,"LOG-ALI-PAT, SEG-FLOTA-ALI",
C1-10000-FLETE-POR-UNIDAD,C1,10000,vehiculos_GRA,,,,vehículos,19_capex/boq_capex.csv (modelo_capex.py),—,,PENDIENTE,PENDIENTE,"LOG-GRA-PAT, SEG-FLOTA-GRA",
C1-10000-FLETE-POR-UNIDAD,C1,10000,vehiculos_VIV,,,,vehículos,19_capex/boq_capex.csv (modelo_capex.py),flota[vivo].unidades,,PENDIENTE,PENDIENTE,"LOG-VIV-PAT, SEG-FLOTA-VIV",
C1-10000-FLETE-POR-UNIDAD,C1,10000,vehiculos_REF,,,,vehículos,19_capex/boq_capex.csv (modelo_capex.py),flota[refrigerado].unidades,,PENDIENTE,PENDIENTE,"LOG-REF-PAT, SEG-FLOTA-REF",
C1-10000-FLETE-POR-UNIDAD,C1,10000,vehiculos_CON,,,,vehículos,19_capex/boq_capex.csv (modelo_capex.py),flota[congelado].unidades,,PENDIENTE,PENDIENTE,"LOG-CON-PAT, SEG-FLOTA-CON",
C1-10000-FLETE-POR-UNIDAD,C1,10000,vehiculos_SUB,,,,vehículos,19_capex/boq_capex.csv (modelo_capex.py),flota[subproductos].unidades,,PENDIENTE,PENDIENTE,"LOG-SUB-PAT, SEG-FLOTA-SUB",
C1-10000-FLETE-POR-UNIDAD,C1,10000,fte_industrial_14a,,106.754,,FTE,18_recursos_humanos/escenarios_rrhh.csv (modelo_rrhh.py),fte_total,turnos=extendido; autom=semiautomatico; limpieza=propia; mant=propio; lab=propio,CALCULO_MODELO_FUENTE,[SUPUESTO] productividad,"RRHH INDUSTRIAL + estructura + coordinación primaria (14A). NO es el FTE total de una empresa verticalmente integrada: granjas propias, incubación, planta de alimento, reproductoras y rendering no están dimensionados","headcount de nómina PENDIENTE (factor de cobertura no validado); incluye horas de terceros que luego pueden quedar INCLUIDAS en tarifas (faenador, choferes)"
C1-10000-FLETE-POR-UNIDAD,C1,10000,fte_directos_14a,,47.3522,,FTE,18_recursos_humanos/escenarios_rrhh.csv (modelo_rrhh.py),fte_interno + fte_tercerizado (directo),,CALCULO_MODELO_FUENTE,[SUPUESTO],FAE-CUCH,
C1-10000-FLETE-POR-UNIDAD,C1,10000,horas_brecha_jornada_anio,,21657.8,,h-persona/año,18_recursos_humanos/escenarios_rrhh.csv (modelo_rrhh.py),horas_persona_brecha_jornada_dia × días,,CALCULO_MODELO_FUENTE,[ESTIMACIÓN],INFORMATIVO: no son horas extra automáticas (DPV-146),
C1-10000-FLETE-POR-UNIDAD,C1,10000,headcount_nomina,,,,personas,18_recursos_humanos/escenarios_rrhh.csv (modelo_rrhh.py),headcount_nomina,,PENDIENTE,PENDIENTE (factor de cobertura),NO se usa: costeo provisional por FTE,
C1-10000-FLETE-POR-UNIDAD,C1,10000,fraccion_granjas_propias,,0,,fracción,19_capex/boq_capex.csv (modelo_capex.py),fraccion_granjas_propias,,CONSUMIDO_CAPEX,ESCENARIO (SUP-16-09),reparto propia / integrada,
C1-10000-FLETE-POR-UNIDAD,C1,10000,kwh_granja,,,,—,20_opex/modelo_opex.py,—,,PENDIENTE,PENDIENTE: el módulo fuente no lo dimensiona,concepto PENDIENTE_CANTIDAD (no se inventa),
C1-10000-FLETE-POR-UNIDAD,C1,10000,gas_granja,,,,—,20_opex/modelo_opex.py,—,,PENDIENTE,PENDIENTE: el módulo fuente no lo dimensiona,concepto PENDIENTE_CANTIDAD (no se inventa),
C1-10000-FLETE-POR-UNIDAD,C1,10000,cama_t,,,,—,20_opex/modelo_opex.py,—,,PENDIENTE,PENDIENTE: el módulo fuente no lo dimensiona,concepto PENDIENTE_CANTIDAD (no se inventa),
C1-10000-FLETE-POR-UNIDAD,C1,10000,personal_granja,,,,—,20_opex/modelo_opex.py,—,,PENDIENTE,PENDIENTE: el módulo fuente no lo dimensiona,concepto PENDIENTE_CANTIDAD (no se inventa),
C1-10000-FLETE-POR-UNIDAD,C1,10000,personal_incubadora,,,,—,20_opex/modelo_opex.py,—,,PENDIENTE,PENDIENTE: el módulo fuente no lo dimensiona,concepto PENDIENTE_CANTIDAD (no se inventa),
C1-10000-FLETE-POR-UNIDAD,C1,10000,personal_planta_alimento,,,,—,20_opex/modelo_opex.py,—,,PENDIENTE,PENDIENTE: el módulo fuente no lo dimensiona,concepto PENDIENTE_CANTIDAD (no se inventa),
C1-10000-FLETE-POR-UNIDAD,C1,10000,personal_reproductoras,,,,—,20_opex/modelo_opex.py,—,,PENDIENTE,PENDIENTE: el módulo fuente no lo dimensiona,concepto PENDIENTE_CANTIDAD (no se inventa),
C1-10000-FLETE-POR-UNIDAD,C1,10000,personal_rendering,,,,—,20_opex/modelo_opex.py,—,,PENDIENTE,PENDIENTE: el módulo fuente no lo dimensiona,concepto PENDIENTE_CANTIDAD (no se inventa),
C1-10000-FLETE-POR-UNIDAD,C1,10000,kwh_incubadora,,,,—,20_opex/modelo_opex.py,—,,PENDIENTE,PENDIENTE: el módulo fuente no lo dimensiona,concepto PENDIENTE_CANTIDAD (no se inventa),
C1-10000-FLETE-POR-UNIDAD,C1,10000,agua_incubadora,,,,—,20_opex/modelo_opex.py,—,,PENDIENTE,PENDIENTE: el módulo fuente no lo dimensiona,concepto PENDIENTE_CANTIDAD (no se inventa),
C1-10000-FLETE-POR-UNIDAD,C1,10000,kwh_planta_alimento,,,,—,20_opex/modelo_opex.py,—,,PENDIENTE,PENDIENTE: el módulo fuente no lo dimensiona,concepto PENDIENTE_CANTIDAD (no se inventa),
C1-10000-FLETE-POR-UNIDAD,C1,10000,vapor_planta_alimento,,,,—,20_opex/modelo_opex.py,—,,PENDIENTE,PENDIENTE: el módulo fuente no lo dimensiona,concepto PENDIENTE_CANTIDAD (no se inventa),
C1-10000-FLETE-POR-UNIDAD,C1,10000,agua_planta_alimento,,,,—,20_opex/modelo_opex.py,—,,PENDIENTE,PENDIENTE: el módulo fuente no lo dimensiona,concepto PENDIENTE_CANTIDAD (no se inventa),
C1-10000-FLETE-POR-UNIDAD,C1,10000,kwh_rendering,,,,—,20_opex/modelo_opex.py,—,,PENDIENTE,PENDIENTE: el módulo fuente no lo dimensiona,concepto PENDIENTE_CANTIDAD (no se inventa),
C1-10000-FLETE-POR-UNIDAD,C1,10000,lodos_t,,,,—,20_opex/modelo_opex.py,—,,PENDIENTE,PENDIENTE: el módulo fuente no lo dimensiona,concepto PENDIENTE_CANTIDAD (no se inventa),
C1-10000-FLETE-POR-UNIDAD,C1,10000,potencia_contratada_kw,,,,—,20_opex/modelo_opex.py,—,,PENDIENTE,PENDIENTE: el módulo fuente no lo dimensiona,concepto PENDIENTE_CANTIDAD (no se inventa),
C1-10000-PAGO-KG-VIVO,C1,10000,dias_operativos_anio,,250,,d/año,19_capex/modelo_capex.py,dias_anio(),,CONSUMIDO_CAPEX,[SUPUESTO] SUP-025,anualización de drivers por día operativo,
C1-10000-PAGO-KG-VIVO,C1,10000,semanas_operativas_anio,,50,,semanas/año,20_opex/modelo_opex.py,días operativos ÷ días/semana,,DERIVADO_OPEX,[ESTIMACIÓN],"anualización de drivers semanales de 12B (producto, subproductos)",
C1-10000-PAGO-KG-VIVO,C1,10000,aves_faenadas_anio,,2500000,,aves/año,"03_produccion_primaria/escenarios_produccion.csv (modelo_escenarios_produccion.py, vía 14B)",aves_faenadas_anio,"perfil medio, desempeño medio",DIRECTO,[ESTIMACIÓN],"FAE-FACON, FAE-QUIM, empaque",
C1-10000-PAGO-KG-VIVO,C1,10000,aves_cargadas_anio,,2.50752e+06,,aves/año,"03_produccion_primaria/escenarios_produccion.csv (modelo_escenarios_produccion.py, vía 14B)",aves_cargadas_anio,"perfil medio, desempeño medio",DIRECTO,[ESTIMACIÓN],"captura, pago por ave",
C1-10000-PAGO-KG-VIVO,C1,10000,pollitos_alojados_anio,,2.6395e+06,,pollitos/año,"03_produccion_primaria/escenarios_produccion.csv (modelo_escenarios_produccion.py, vía 14B)",pollitos_alojados_anio,"perfil medio, desempeño medio",DIRECTO,[ESTIMACIÓN],sanidad de crianza,
C1-10000-PAGO-KG-VIVO,C1,10000,kg_vivo_cargado_anio,,7.27182e+06,,kg vivo/año,"03_produccion_primaria/escenarios_produccion.csv (modelo_escenarios_produccion.py, vía 14B)",kg_vivo_cargado_anio,"perfil medio, desempeño medio",DIRECTO,[ESTIMACIÓN],pago por kg vivo,
C1-10000-PAGO-KG-VIVO,C1,10000,mortalidad_granja_aves_anio,,131975,,aves/año,"03_produccion_primaria/escenarios_produccion.csv (modelo_escenarios_produccion.py, vía 14B)",mortalidad_granja_aves_anio,"perfil medio, desempeño medio",DIRECTO,[ESTIMACIÓN],retiro de mortalidad,
C1-10000-PAGO-KG-VIVO,C1,10000,agua_bebida_m3_anio,,22251.8,,m³/año,"03_produccion_primaria/escenarios_produccion.csv (modelo_escenarios_produccion.py, vía 14B)",agua_bebida_m3_anio,"perfil medio, desempeño medio",DIRECTO,[ESTIMACIÓN],agua de granja propia,
C1-10000-PAGO-KG-VIVO,C1,10000,ciclos_anio,,5.71048,,ciclos/año,"03_produccion_primaria/escenarios_produccion.csv (modelo_escenarios_produccion.py, vía 14B)",ciclos_anio,"perfil medio, desempeño medio",DIRECTO,[ESTIMACIÓN],limpieza de galpones,
C1-10000-PAGO-KG-VIVO,C1,10000,m2_galpon,,37942.6,,m²,"03_produccion_primaria/escenarios_produccion.csv (modelo_escenarios_produccion.py, vía 14B)",m2_galpon,"perfil medio, desempeño medio",DIRECTO,[ESTIMACIÓN],limpieza y bioseguridad de galpones,
C1-10000-PAGO-KG-VIVO,C1,10000,inventario_aves_promedio_anual,,331383,,aves,"03_produccion_primaria/escenarios_produccion.csv (modelo_escenarios_produccion.py, vía 14B)",inventario_aves_promedio_anual,"perfil medio, desempeño medio",DIRECTO,[ESTIMACIÓN],activo biológico (capital de trabajo),
C1-10000-PAGO-KG-VIVO,C1,10000,pollitos_a_recibir_anio,,2.6395e+06,,pollitos/año,14_alimento_balanceado/escenarios_upstream.csv (modelo_upstream.py),pollitos_a_recibir_anio,margen_pedido = 0 (SUP-142),DIRECTO,[ESTIMACIÓN],POL-COMPRA / base de incubación,
C1-10000-PAGO-KG-VIVO,C1,10000,pollitos_a_recibir_semana_plena,,52789.9,,pollitos/semana,14_alimento_balanceado/escenarios_upstream.csv (modelo_upstream.py),pollitos_a_recibir_semana_plena,,DIRECTO,[ESTIMACIÓN],incubación (14B),
C1-10000-PAGO-KG-VIVO,C1,10000,alimento_t_anio,,12362.1,,t/año,14_alimento_balanceado/escenarios_upstream.csv (modelo_upstream.py),alimento_t_anio,,DIRECTO,[ESTIMACIÓN] (03: peso × FCR),alimento comprado / elaborado / materias primas,
C1-10000-PAGO-KG-VIVO,C1,10000,alimento_t_semana_plena,,247.242,,t/semana,14_alimento_balanceado/escenarios_upstream.csv (modelo_upstream.py),alimento_t_semana_plena,,DIRECTO,[ESTIMACIÓN],anualización de viajes de alimento,
C1-10000-PAGO-KG-VIVO,C1,10000,mp_maiz_t_anio,,7417.25,,t/año,14_alimento_balanceado/escenarios_upstream.csv (modelo_upstream.py),alimento_t_anio × maiz (0.6),,DIRECTO,[SUPUESTO] composición ilustrativa 14B,ALI-MP-*,NO es una fórmula de dieta; mermas aparte (ALI-MERMA)
C1-10000-PAGO-KG-VIVO,C1,10000,mp_harina_soja_t_anio,,3708.63,,t/año,14_alimento_balanceado/escenarios_upstream.csv (modelo_upstream.py),alimento_t_anio × harina_soja (0.3),,DIRECTO,[SUPUESTO] composición ilustrativa 14B,ALI-MP-*,NO es una fórmula de dieta; mermas aparte (ALI-MERMA)
C1-10000-PAGO-KG-VIVO,C1,10000,mp_resto_t_anio,,1236.21,,t/año,14_alimento_balanceado/escenarios_upstream.csv (modelo_upstream.py),alimento_t_anio × resto (0.1),,DIRECTO,[SUPUESTO] composición ilustrativa 14B,ALI-MP-*,NO es una fórmula de dieta; mermas aparte (ALI-MERMA)
C1-10000-PAGO-KG-VIVO,C1,10000,kwh_anio,1.2062e+06,2.06506e+06,3.82599e+06,kWh/año,"11_agua_efluentes/escenarios_utilities.csv (modelo_utilities.py, vía 12C)",kwh_total_anio,"perfil P1, 8 h, config. B; nivel bajo/medio/alto de 09C",DIRECTO,[ESTIMACIÓN],"UT-ELE-KWH (incluye frío, aire, bombeo, efluentes aerobios)","UNIVERSO 09C = planta de FAENA; no se extiende a incubación, alimento, granjas ni rendering"
C1-10000-PAGO-KG-VIVO,C1,10000,kwh_frio_proceso_anio,380625,634375,1.14188e+06,kWh/año,"11_agua_efluentes/escenarios_utilities.csv (modelo_utilities.py, vía 12C)",kwh_proceso_frio_de_proceso_agua_helada_hielo_dia × 250,"perfil P1, 8 h, config. B; nivel bajo/medio/alto de 09C",DIRECTO,[SUPUESTO] reparto ilustrativo,INFORMATIVO: ya incluido en kwh_anio (no se duplica),"UNIVERSO 09C = planta de FAENA; no se extiende a incubación, alimento, granjas ni rendering"
C1-10000-PAGO-KG-VIVO,C1,10000,kwh_congelacion_anio,71894.5,113833,155771,kWh/año,"11_agua_efluentes/escenarios_utilities.csv (modelo_utilities.py, vía 12C)",kwh_congelacion_dia × 250,"perfil P1, 8 h, config. B; nivel bajo/medio/alto de 09C",DIRECTO,[ESTIMACIÓN],INFORMATIVO: ya incluido en kwh_anio,"UNIVERSO 09C = planta de FAENA; no se extiende a incubación, alimento, granjas ni rendering"
C1-10000-PAGO-KG-VIVO,C1,10000,kwh_almacen_frio_anio,30177.7,60355.4,108465,kWh/año,"11_agua_efluentes/escenarios_utilities.csv (modelo_utilities.py, vía 12C)",kwh_almacenamiento_frio_dia_calendario × 365,"perfil P1, 8 h, config. B; nivel bajo/medio/alto de 09C",DIRECTO,[ESTIMACIÓN],INFORMATIVO: ya incluido en kwh_anio,"UNIVERSO 09C = planta de FAENA; no se extiende a incubación, alimento, granjas ni rendering"
C1-10000-PAGO-KG-VIVO,C1,10000,kwh_efluentes_anio,16625,78375,299250,kWh/año,"11_agua_efluentes/escenarios_utilities.csv (modelo_utilities.py, vía 12C)",kwh_tratamiento_aerobio_dia × 250,"perfil P1, 8 h, config. B; nivel bajo/medio/alto de 09C",DIRECTO,[ESTIMACIÓN],INFORMATIVO: ya incluido en kwh_anio,"UNIVERSO 09C = planta de FAENA; no se extiende a incubación, alimento, granjas ni rendering"
C1-10000-PAGO-KG-VIVO,C1,10000,kwh_bombeo_anio,108750,181250,326250,kWh/año,"11_agua_efluentes/escenarios_utilities.csv (modelo_utilities.py, vía 12C)",kwh_proceso_bombas_agua_y_efluentes_dia × 250,"perfil P1, 8 h, config. B; nivel bajo/medio/alto de 09C",DIRECTO,[ESTIMACIÓN],INFORMATIVO: ya incluido en kwh_anio,"UNIVERSO 09C = planta de FAENA; no se extiende a incubación, alimento, granjas ni rendering"
C1-10000-PAGO-KG-VIVO,C1,10000,agua_m3_anio,37500,62500,95000,m³/año,"11_agua_efluentes/escenarios_utilities.csv (modelo_utilities.py, vía 12C)",agua_captada_m3_dia × 250,"perfil P1, 8 h, config. B; nivel bajo/medio/alto de 09C",DIRECTO,[ESTIMACIÓN],UT-AGUA-*,"UNIVERSO 09C = planta de FAENA; no se extiende a incubación, alimento, granjas ni rendering"
C1-10000-PAGO-KG-VIVO,C1,10000,agua_limpieza_m3_anio,7500,12500,18750,m³/año,"11_agua_efluentes/escenarios_utilities.csv (modelo_utilities.py, vía 12C)",agua_limpieza_m3_dia × 250,"perfil P1, 8 h, config. B; nivel bajo/medio/alto de 09C",DIRECTO,[ESTIMACIÓN],INFORMATIVO: ya incluida en agua_m3_anio,"UNIVERSO 09C = planta de FAENA; no se extiende a incubación, alimento, granjas ni rendering"
C1-10000-PAGO-KG-VIVO,C1,10000,efluente_m3_anio,30000,55000,90250,m³/año,"11_agua_efluentes/escenarios_utilities.csv (modelo_utilities.py, vía 12C)",agua_descargada_m3_dia × 250,"perfil P1, 8 h, config. B; nivel bajo/medio/alto de 09C",DIRECTO,[ESTIMACIÓN],"EF-QUIM, EF-CANON","UNIVERSO 09C = planta de FAENA; no se extiende a incubación, alimento, granjas ni rendering"
C1-10000-PAGO-KG-VIVO,C1,10000,energia_termica_kwh_t_anio,376330,926346,2.46733e+06,kWh_t/año,"11_agua_efluentes/escenarios_utilities.csv (modelo_utilities.py, vía 12C)",energia_combustible_kwh_termicos_dia × 250,"perfil P1, 8 h, config. B; nivel bajo/medio/alto de 09C",DIRECTO,[ESTIMACIÓN],UT-TER-* (combustible),"UNIVERSO 09C = planta de FAENA; no se extiende a incubación, alimento, granjas ni rendering"
C1-10000-PAGO-KG-VIVO,C1,10000,combustible_gas_natural_anio,34827.4,85728.7,228339,m³/año,"11_agua_efluentes/escenarios_utilities.csv (modelo_utilities.py, vía 12C)",equivalente_gas_natural_m3_dia × 250,"perfil P1, 8 h, config. B; nivel bajo/medio/alto de 09C",DIRECTO,[SUPUESTO] PCI,UT-TER (gas_natural) si se elige,"UNIVERSO 09C = planta de FAENA; no se extiende a incubación, alimento, granjas ni rendering"
C1-10000-PAGO-KG-VIVO,C1,10000,combustible_glp_anio,29451.9,72496.7,193095,kg/año,"11_agua_efluentes/escenarios_utilities.csv (modelo_utilities.py, vía 12C)",equivalente_glp_kg_dia × 250,"perfil P1, 8 h, config. B; nivel bajo/medio/alto de 09C",DIRECTO,[SUPUESTO] PCI,UT-TER (glp) si se elige,"UNIVERSO 09C = planta de FAENA; no se extiende a incubación, alimento, granjas ni rendering"
C1-10000-PAGO-KG-VIVO,C1,10000,combustible_biomasa_anio,96770.5,238203,634455,kg/año,"11_agua_efluentes/escenarios_utilities.csv (modelo_utilities.py, vía 12C)",equivalente_biomasa_chip_kg_dia × 250,"perfil P1, 8 h, config. B; nivel bajo/medio/alto de 09C",DIRECTO,[SUPUESTO] PCI,UT-TER (biomasa) si se elige,"UNIVERSO 09C = planta de FAENA; no se extiende a incubación, alimento, granjas ni rendering"
C1-10000-PAGO-KG-VIVO,C1,10000,subproducto_sangre_t_anio,209.525,209.525,209.525,t/año,"11_agua_efluentes/escenarios_utilities.csv (modelo_utilities.py, vía 12C)",segregable_sangre_recuperada_t_dia × 250,"perfil P1, 8 h, config. B; nivel bajo/medio/alto de 09C",DIRECTO,[ESTIMACIÓN],SUB-RET-SANGRE,"UNIVERSO 09C = planta de FAENA; no se extiende a incubación, alimento, granjas ni rendering"
C1-10000-PAGO-KG-VIVO,C1,10000,subproducto_plumas_t_anio,603.2,603.2,603.2,t/año,"11_agua_efluentes/escenarios_utilities.csv (modelo_utilities.py, vía 12C)",segregable_plumas_t_dia × 250,"perfil P1, 8 h, config. B; nivel bajo/medio/alto de 09C",DIRECTO,[ESTIMACIÓN],SUB-RET-PLUMAS,"UNIVERSO 09C = planta de FAENA; no se extiende a incubación, alimento, granjas ni rendering"
C1-10000-PAGO-KG-VIVO,C1,10000,subproducto_visceras_t_anio,326.25,326.25,326.25,t/año,"11_agua_efluentes/escenarios_utilities.csv (modelo_utilities.py, vía 12C)",segregable_visceras_t_dia × 250,"perfil P1, 8 h, config. B; nivel bajo/medio/alto de 09C",DIRECTO,[ESTIMACIÓN],SUB-RET-VISCERAS,"UNIVERSO 09C = planta de FAENA; no se extiende a incubación, alimento, granjas ni rendering"
C1-10000-PAGO-KG-VIVO,C1,10000,subproducto_cabezas_t_anio,181.25,181.25,181.25,t/año,"11_agua_efluentes/escenarios_utilities.csv (modelo_utilities.py, vía 12C)",segregable_cabeza_t_dia × 250,"perfil P1, 8 h, config. B; nivel bajo/medio/alto de 09C",DIRECTO,[ESTIMACIÓN],SUB-RET-CABEZAS,"UNIVERSO 09C = planta de FAENA; no se extiende a incubación, alimento, granjas ni rendering"
C1-10000-PAGO-KG-VIVO,C1,10000,decomisos_t_anio,,100.36,,t/año,04_balance_masa/escenarios_balance.csv (modelo_balance_masa.py),Σ filas 'decomiso*' de balance() × aves/año,,CALCULO_MODELO_FUENTE,[ESTIMACIÓN] condenas medias,SUB-RET-DECOMISOS,
C1-10000-PAGO-KG-VIVO,C1,10000,kg_producto_anio,,5.99121e+06,,kg producto/año,05_proceso_industrial/capacidad_proceso.csv (modelo_capacidad_proceso.py),kg_ave_config()['comestible_a_empaque'] × aves/año,,CALCULO_MODELO_FUENTE,[ESTIMACIÓN] balance v1.1,"EMP-* (base comercial; incluye garras y menudencias, 12B)",
C1-10000-PAGO-KG-VIVO,C1,10000,refrigerado_t_anio,,5392.09,,t/año,13_logistica/escenarios_logistica.csv (modelo_logistica.py),refrigerado_t_semana × semanas operativas,"perfil P1; 6 despachos refrigerado y 2 congelado/sem; 12 t; 300 km (ESCENARIO, SUP-16-20)",DIRECTO,[ESTIMACIÓN],flujo refrigerado,
C1-10000-PAGO-KG-VIVO,C1,10000,refrigerado_viajes_anio,,600,,viajes/año,13_logistica/escenarios_logistica.csv (modelo_logistica.py),refrigerado_viajes_semana × semanas,"perfil P1; 6 despachos refrigerado y 2 congelado/sem; 12 t; 300 km (ESCENARIO, SUP-16-20)",DIRECTO,[ESTIMACIÓN] capacidad de ESCENARIO,LOG-REF-*,
C1-10000-PAGO-KG-VIVO,C1,10000,refrigerado_km_anio,,360000,,km/año,13_logistica/escenarios_logistica.csv (modelo_logistica.py),refrigerado_km_dia_despacho × despachos/semana × semanas,"perfil P1; 6 despachos refrigerado y 2 congelado/sem; 12 t; 300 km (ESCENARIO, SUP-16-20)",DIRECTO,[ESTIMACIÓN] troncal; reparto capilar PENDIENTE (DEC-053),LOG-REF-*,
C1-10000-PAGO-KG-VIVO,C1,10000,stock_refrigerado_medio_t,,25.6766,,t,13_logistica/escenarios_logistica.csv (modelo_logistica.py),"inventario(t_dia_op, despachos=6): stock_ciclo_medio + seguridad (0)",,CALCULO_MODELO_FUENTE,[ESTIMACIÓN]; stock comercial adicional PENDIENTE,capital de trabajo,
C1-10000-PAGO-KG-VIVO,C1,10000,congelado_t_anio,,599.121,,t/año,13_logistica/escenarios_logistica.csv (modelo_logistica.py),congelado_t_semana × semanas operativas,"perfil P1; 6 despachos refrigerado y 2 congelado/sem; 12 t; 300 km (ESCENARIO, SUP-16-20)",DIRECTO,[ESTIMACIÓN],flujo congelado,
C1-10000-PAGO-KG-VIVO,C1,10000,congelado_viajes_anio,,100,,viajes/año,13_logistica/escenarios_logistica.csv (modelo_logistica.py),congelado_viajes_semana × semanas,"perfil P1; 6 despachos refrigerado y 2 congelado/sem; 12 t; 300 km (ESCENARIO, SUP-16-20)",DIRECTO,[ESTIMACIÓN] capacidad de ESCENARIO,LOG-CON-*,
C1-10000-PAGO-KG-VIVO,C1,10000,congelado_km_anio,,60000,,km/año,13_logistica/escenarios_logistica.csv (modelo_logistica.py),congelado_km_dia_despacho × despachos/semana × semanas,"perfil P1; 6 despachos refrigerado y 2 congelado/sem; 12 t; 300 km (ESCENARIO, SUP-16-20)",DIRECTO,[ESTIMACIÓN] troncal; reparto capilar PENDIENTE (DEC-053),LOG-CON-*,
C1-10000-PAGO-KG-VIVO,C1,10000,stock_congelado_medio_t,,7.01827,,t,13_logistica/escenarios_logistica.csv (modelo_logistica.py),"inventario(t_dia_op, despachos=2): stock_ciclo_medio + seguridad (0)",,CALCULO_MODELO_FUENTE,[ESTIMACIÓN]; stock comercial adicional PENDIENTE,capital de trabajo,
C1-10000-PAGO-KG-VIVO,C1,10000,vivo_viajes_anio,,500,,viajes/año,13_logistica/escenarios_logistica.csv (modelo_logistica.py),viajes_dia × días,radio 100 km; 5500 aves/camión (ESCENARIO),DIRECTO,[ESTIMACIÓN],LOG-VIV-*,
C1-10000-PAGO-KG-VIVO,C1,10000,vivo_km_anio,,86666.7,,km/año,13_logistica/escenarios_logistica.csv (modelo_logistica.py),km_total_dia × días,radio 100 km; 5500 aves/camión (ESCENARIO),DIRECTO,[ESTIMACIÓN],LOG-VIV-*,
C1-10000-PAGO-KG-VIVO,C1,10000,vivo_t_anio,,7271.82,,t/año,13_logistica/escenarios_logistica.csv (modelo_logistica.py),t_vivo_cargado_dia × días,radio 100 km; 5500 aves/camión (ESCENARIO),DIRECTO,[ESTIMACIÓN],LOG-VIV-TER-UNI,
C1-10000-PAGO-KG-VIVO,C1,10000,alimento_viajes_anio,,450,,viajes/año,13_logistica/escenarios_logistica.csv (modelo_logistica.py),alimento_viajes_semana × (t_año ÷ t_semana_plena),granelero 28 t; 75 km fábrica–granja (ESCENARIO),DIRECTO,[ESTIMACIÓN],LOG-ALI-*,
C1-10000-PAGO-KG-VIVO,C1,10000,alimento_km_anio,,67500,,km/año,13_logistica/escenarios_logistica.csv (modelo_logistica.py),alimento_km_semana × (t_año ÷ t_semana_plena),granelero 28 t; 75 km fábrica–granja (ESCENARIO),DIRECTO,[ESTIMACIÓN],LOG-ALI-*,
C1-10000-PAGO-KG-VIVO,C1,10000,pollitos_viajes_anio,,,,viajes/año,13_logistica/escenarios_logistica.csv (modelo_logistica.py),pollitos_viajes_semana (cap_pollitos = None),,PENDIENTE,"PENDIENTE (DPV-047, DPV-084)",LOG-POL-*,
C1-10000-PAGO-KG-VIVO,C1,10000,subproductos_viajes_anio,,1000,,viajes/año,13_logistica/escenarios_logistica.csv (modelo_logistica.py),Σ viajes_semana_criterio_masa × semanas,,CALCULO_MODELO_FUENTE,"COTA INFERIOR (volumétrico PENDIENTE, DPV-135)",LOG-SUB-*,
C1-10000-PAGO-KG-VIVO,C1,10000,subproductos_km_anio,,100000,,km/año,13_logistica/escenarios_logistica.csv (modelo_logistica.py),Σ km_semana_criterio_masa × semanas,,CALCULO_MODELO_FUENTE,COTA INFERIOR,LOG-SUB-*,
C1-10000-PAGO-KG-VIVO,C1,10000,subproductos_t_anio,,1520.88,,t/año,13_logistica/escenarios_logistica.csv (modelo_logistica.py),Σ t_semana × semanas,,CALCULO_MODELO_FUENTE,[ESTIMACIÓN],LOG-SUB-TER-UNI,
C1-10000-PAGO-KG-VIVO,C1,10000,vehiculos_POL,,,,vehículos,19_capex/boq_capex.csv (modelo_capex.py),flota[pollitos].unidades,,PENDIENTE,PENDIENTE,"LOG-POL-PAT, SEG-FLOTA-POL",
C1-10000-PAGO-KG-VIVO,C1,10000,vehiculos_HUE,,,,vehículos,19_capex/boq_capex.csv (modelo_capex.py),—,,PENDIENTE,PENDIENTE,"LOG-HUE-PAT, SEG-FLOTA-HUE",
C1-10000-PAGO-KG-VIVO,C1,10000,vehiculos_ALI,,,,vehículos,19_capex/boq_capex.csv (modelo_capex.py),flota[alimento].unidades,,PENDIENTE,PENDIENTE,"LOG-ALI-PAT, SEG-FLOTA-ALI",
C1-10000-PAGO-KG-VIVO,C1,10000,vehiculos_GRA,,,,vehículos,19_capex/boq_capex.csv (modelo_capex.py),—,,PENDIENTE,PENDIENTE,"LOG-GRA-PAT, SEG-FLOTA-GRA",
C1-10000-PAGO-KG-VIVO,C1,10000,vehiculos_VIV,,,,vehículos,19_capex/boq_capex.csv (modelo_capex.py),flota[vivo].unidades,,PENDIENTE,PENDIENTE,"LOG-VIV-PAT, SEG-FLOTA-VIV",
C1-10000-PAGO-KG-VIVO,C1,10000,vehiculos_REF,,,,vehículos,19_capex/boq_capex.csv (modelo_capex.py),flota[refrigerado].unidades,,PENDIENTE,PENDIENTE,"LOG-REF-PAT, SEG-FLOTA-REF",
C1-10000-PAGO-KG-VIVO,C1,10000,vehiculos_CON,,,,vehículos,19_capex/boq_capex.csv (modelo_capex.py),flota[congelado].unidades,,PENDIENTE,PENDIENTE,"LOG-CON-PAT, SEG-FLOTA-CON",
C1-10000-PAGO-KG-VIVO,C1,10000,vehiculos_SUB,,,,vehículos,19_capex/boq_capex.csv (modelo_capex.py),flota[subproductos].unidades,,PENDIENTE,PENDIENTE,"LOG-SUB-PAT, SEG-FLOTA-SUB",
C1-10000-PAGO-KG-VIVO,C1,10000,fte_industrial_14a,,106.754,,FTE,18_recursos_humanos/escenarios_rrhh.csv (modelo_rrhh.py),fte_total,turnos=extendido; autom=semiautomatico; limpieza=propia; mant=propio; lab=propio,CALCULO_MODELO_FUENTE,[SUPUESTO] productividad,"RRHH INDUSTRIAL + estructura + coordinación primaria (14A). NO es el FTE total de una empresa verticalmente integrada: granjas propias, incubación, planta de alimento, reproductoras y rendering no están dimensionados","headcount de nómina PENDIENTE (factor de cobertura no validado); incluye horas de terceros que luego pueden quedar INCLUIDAS en tarifas (faenador, choferes)"
C1-10000-PAGO-KG-VIVO,C1,10000,fte_directos_14a,,47.3522,,FTE,18_recursos_humanos/escenarios_rrhh.csv (modelo_rrhh.py),fte_interno + fte_tercerizado (directo),,CALCULO_MODELO_FUENTE,[SUPUESTO],FAE-CUCH,
C1-10000-PAGO-KG-VIVO,C1,10000,horas_brecha_jornada_anio,,21657.8,,h-persona/año,18_recursos_humanos/escenarios_rrhh.csv (modelo_rrhh.py),horas_persona_brecha_jornada_dia × días,,CALCULO_MODELO_FUENTE,[ESTIMACIÓN],INFORMATIVO: no son horas extra automáticas (DPV-146),
C1-10000-PAGO-KG-VIVO,C1,10000,headcount_nomina,,,,personas,18_recursos_humanos/escenarios_rrhh.csv (modelo_rrhh.py),headcount_nomina,,PENDIENTE,PENDIENTE (factor de cobertura),NO se usa: costeo provisional por FTE,
C1-10000-PAGO-KG-VIVO,C1,10000,fraccion_granjas_propias,,0,,fracción,19_capex/boq_capex.csv (modelo_capex.py),fraccion_granjas_propias,,CONSUMIDO_CAPEX,ESCENARIO (SUP-16-09),reparto propia / integrada,
C1-10000-PAGO-KG-VIVO,C1,10000,kwh_granja,,,,—,20_opex/modelo_opex.py,—,,PENDIENTE,PENDIENTE: el módulo fuente no lo dimensiona,concepto PENDIENTE_CANTIDAD (no se inventa),
C1-10000-PAGO-KG-VIVO,C1,10000,gas_granja,,,,—,20_opex/modelo_opex.py,—,,PENDIENTE,PENDIENTE: el módulo fuente no lo dimensiona,concepto PENDIENTE_CANTIDAD (no se inventa),
C1-10000-PAGO-KG-VIVO,C1,10000,cama_t,,,,—,20_opex/modelo_opex.py,—,,PENDIENTE,PENDIENTE: el módulo fuente no lo dimensiona,concepto PENDIENTE_CANTIDAD (no se inventa),
C1-10000-PAGO-KG-VIVO,C1,10000,personal_granja,,,,—,20_opex/modelo_opex.py,—,,PENDIENTE,PENDIENTE: el módulo fuente no lo dimensiona,concepto PENDIENTE_CANTIDAD (no se inventa),
C1-10000-PAGO-KG-VIVO,C1,10000,personal_incubadora,,,,—,20_opex/modelo_opex.py,—,,PENDIENTE,PENDIENTE: el módulo fuente no lo dimensiona,concepto PENDIENTE_CANTIDAD (no se inventa),
C1-10000-PAGO-KG-VIVO,C1,10000,personal_planta_alimento,,,,—,20_opex/modelo_opex.py,—,,PENDIENTE,PENDIENTE: el módulo fuente no lo dimensiona,concepto PENDIENTE_CANTIDAD (no se inventa),
C1-10000-PAGO-KG-VIVO,C1,10000,personal_reproductoras,,,,—,20_opex/modelo_opex.py,—,,PENDIENTE,PENDIENTE: el módulo fuente no lo dimensiona,concepto PENDIENTE_CANTIDAD (no se inventa),
C1-10000-PAGO-KG-VIVO,C1,10000,personal_rendering,,,,—,20_opex/modelo_opex.py,—,,PENDIENTE,PENDIENTE: el módulo fuente no lo dimensiona,concepto PENDIENTE_CANTIDAD (no se inventa),
C1-10000-PAGO-KG-VIVO,C1,10000,kwh_incubadora,,,,—,20_opex/modelo_opex.py,—,,PENDIENTE,PENDIENTE: el módulo fuente no lo dimensiona,concepto PENDIENTE_CANTIDAD (no se inventa),
C1-10000-PAGO-KG-VIVO,C1,10000,agua_incubadora,,,,—,20_opex/modelo_opex.py,—,,PENDIENTE,PENDIENTE: el módulo fuente no lo dimensiona,concepto PENDIENTE_CANTIDAD (no se inventa),
C1-10000-PAGO-KG-VIVO,C1,10000,kwh_planta_alimento,,,,—,20_opex/modelo_opex.py,—,,PENDIENTE,PENDIENTE: el módulo fuente no lo dimensiona,concepto PENDIENTE_CANTIDAD (no se inventa),
C1-10000-PAGO-KG-VIVO,C1,10000,vapor_planta_alimento,,,,—,20_opex/modelo_opex.py,—,,PENDIENTE,PENDIENTE: el módulo fuente no lo dimensiona,concepto PENDIENTE_CANTIDAD (no se inventa),
C1-10000-PAGO-KG-VIVO,C1,10000,agua_planta_alimento,,,,—,20_opex/modelo_opex.py,—,,PENDIENTE,PENDIENTE: el módulo fuente no lo dimensiona,concepto PENDIENTE_CANTIDAD (no se inventa),
C1-10000-PAGO-KG-VIVO,C1,10000,kwh_rendering,,,,—,20_opex/modelo_opex.py,—,,PENDIENTE,PENDIENTE: el módulo fuente no lo dimensiona,concepto PENDIENTE_CANTIDAD (no se inventa),
C1-10000-PAGO-KG-VIVO,C1,10000,lodos_t,,,,—,20_opex/modelo_opex.py,—,,PENDIENTE,PENDIENTE: el módulo fuente no lo dimensiona,concepto PENDIENTE_CANTIDAD (no se inventa),
C1-10000-PAGO-KG-VIVO,C1,10000,potencia_contratada_kw,,,,—,20_opex/modelo_opex.py,—,,PENDIENTE,PENDIENTE: el módulo fuente no lo dimensiona,concepto PENDIENTE_CANTIDAD (no se inventa),
C1-10000-HALAL,C1,10000,dias_operativos_anio,,250,,d/año,19_capex/modelo_capex.py,dias_anio(),,CONSUMIDO_CAPEX,[SUPUESTO] SUP-025,anualización de drivers por día operativo,
C1-10000-HALAL,C1,10000,semanas_operativas_anio,,50,,semanas/año,20_opex/modelo_opex.py,días operativos ÷ días/semana,,DERIVADO_OPEX,[ESTIMACIÓN],"anualización de drivers semanales de 12B (producto, subproductos)",
C1-10000-HALAL,C1,10000,aves_faenadas_anio,,2500000,,aves/año,"03_produccion_primaria/escenarios_produccion.csv (modelo_escenarios_produccion.py, vía 14B)",aves_faenadas_anio,"perfil medio, desempeño medio",DIRECTO,[ESTIMACIÓN],"FAE-FACON, FAE-QUIM, empaque",
C1-10000-HALAL,C1,10000,aves_cargadas_anio,,2.50752e+06,,aves/año,"03_produccion_primaria/escenarios_produccion.csv (modelo_escenarios_produccion.py, vía 14B)",aves_cargadas_anio,"perfil medio, desempeño medio",DIRECTO,[ESTIMACIÓN],"captura, pago por ave",
C1-10000-HALAL,C1,10000,pollitos_alojados_anio,,2.6395e+06,,pollitos/año,"03_produccion_primaria/escenarios_produccion.csv (modelo_escenarios_produccion.py, vía 14B)",pollitos_alojados_anio,"perfil medio, desempeño medio",DIRECTO,[ESTIMACIÓN],sanidad de crianza,
C1-10000-HALAL,C1,10000,kg_vivo_cargado_anio,,7.27182e+06,,kg vivo/año,"03_produccion_primaria/escenarios_produccion.csv (modelo_escenarios_produccion.py, vía 14B)",kg_vivo_cargado_anio,"perfil medio, desempeño medio",DIRECTO,[ESTIMACIÓN],pago por kg vivo,
C1-10000-HALAL,C1,10000,mortalidad_granja_aves_anio,,131975,,aves/año,"03_produccion_primaria/escenarios_produccion.csv (modelo_escenarios_produccion.py, vía 14B)",mortalidad_granja_aves_anio,"perfil medio, desempeño medio",DIRECTO,[ESTIMACIÓN],retiro de mortalidad,
C1-10000-HALAL,C1,10000,agua_bebida_m3_anio,,22251.8,,m³/año,"03_produccion_primaria/escenarios_produccion.csv (modelo_escenarios_produccion.py, vía 14B)",agua_bebida_m3_anio,"perfil medio, desempeño medio",DIRECTO,[ESTIMACIÓN],agua de granja propia,
C1-10000-HALAL,C1,10000,ciclos_anio,,5.71048,,ciclos/año,"03_produccion_primaria/escenarios_produccion.csv (modelo_escenarios_produccion.py, vía 14B)",ciclos_anio,"perfil medio, desempeño medio",DIRECTO,[ESTIMACIÓN],limpieza de galpones,
C1-10000-HALAL,C1,10000,m2_galpon,,37942.6,,m²,"03_produccion_primaria/escenarios_produccion.csv (modelo_escenarios_produccion.py, vía 14B)",m2_galpon,"perfil medio, desempeño medio",DIRECTO,[ESTIMACIÓN],limpieza y bioseguridad de galpones,
C1-10000-HALAL,C1,10000,inventario_aves_promedio_anual,,331383,,aves,"03_produccion_primaria/escenarios_produccion.csv (modelo_escenarios_produccion.py, vía 14B)",inventario_aves_promedio_anual,"perfil medio, desempeño medio",DIRECTO,[ESTIMACIÓN],activo biológico (capital de trabajo),
C1-10000-HALAL,C1,10000,pollitos_a_recibir_anio,,2.6395e+06,,pollitos/año,14_alimento_balanceado/escenarios_upstream.csv (modelo_upstream.py),pollitos_a_recibir_anio,margen_pedido = 0 (SUP-142),DIRECTO,[ESTIMACIÓN],POL-COMPRA / base de incubación,
C1-10000-HALAL,C1,10000,pollitos_a_recibir_semana_plena,,52789.9,,pollitos/semana,14_alimento_balanceado/escenarios_upstream.csv (modelo_upstream.py),pollitos_a_recibir_semana_plena,,DIRECTO,[ESTIMACIÓN],incubación (14B),
C1-10000-HALAL,C1,10000,alimento_t_anio,,12362.1,,t/año,14_alimento_balanceado/escenarios_upstream.csv (modelo_upstream.py),alimento_t_anio,,DIRECTO,[ESTIMACIÓN] (03: peso × FCR),alimento comprado / elaborado / materias primas,
C1-10000-HALAL,C1,10000,alimento_t_semana_plena,,247.242,,t/semana,14_alimento_balanceado/escenarios_upstream.csv (modelo_upstream.py),alimento_t_semana_plena,,DIRECTO,[ESTIMACIÓN],anualización de viajes de alimento,
C1-10000-HALAL,C1,10000,mp_maiz_t_anio,,7417.25,,t/año,14_alimento_balanceado/escenarios_upstream.csv (modelo_upstream.py),alimento_t_anio × maiz (0.6),,DIRECTO,[SUPUESTO] composición ilustrativa 14B,ALI-MP-*,NO es una fórmula de dieta; mermas aparte (ALI-MERMA)
C1-10000-HALAL,C1,10000,mp_harina_soja_t_anio,,3708.63,,t/año,14_alimento_balanceado/escenarios_upstream.csv (modelo_upstream.py),alimento_t_anio × harina_soja (0.3),,DIRECTO,[SUPUESTO] composición ilustrativa 14B,ALI-MP-*,NO es una fórmula de dieta; mermas aparte (ALI-MERMA)
C1-10000-HALAL,C1,10000,mp_resto_t_anio,,1236.21,,t/año,14_alimento_balanceado/escenarios_upstream.csv (modelo_upstream.py),alimento_t_anio × resto (0.1),,DIRECTO,[SUPUESTO] composición ilustrativa 14B,ALI-MP-*,NO es una fórmula de dieta; mermas aparte (ALI-MERMA)
C1-10000-HALAL,C1,10000,kwh_anio,1.2062e+06,2.06506e+06,3.82599e+06,kWh/año,"11_agua_efluentes/escenarios_utilities.csv (modelo_utilities.py, vía 12C)",kwh_total_anio,"perfil P1, 8 h, config. B; nivel bajo/medio/alto de 09C",DIRECTO,[ESTIMACIÓN],"UT-ELE-KWH (incluye frío, aire, bombeo, efluentes aerobios)","UNIVERSO 09C = planta de FAENA; no se extiende a incubación, alimento, granjas ni rendering"
C1-10000-HALAL,C1,10000,kwh_frio_proceso_anio,380625,634375,1.14188e+06,kWh/año,"11_agua_efluentes/escenarios_utilities.csv (modelo_utilities.py, vía 12C)",kwh_proceso_frio_de_proceso_agua_helada_hielo_dia × 250,"perfil P1, 8 h, config. B; nivel bajo/medio/alto de 09C",DIRECTO,[SUPUESTO] reparto ilustrativo,INFORMATIVO: ya incluido en kwh_anio (no se duplica),"UNIVERSO 09C = planta de FAENA; no se extiende a incubación, alimento, granjas ni rendering"
C1-10000-HALAL,C1,10000,kwh_congelacion_anio,71894.5,113833,155771,kWh/año,"11_agua_efluentes/escenarios_utilities.csv (modelo_utilities.py, vía 12C)",kwh_congelacion_dia × 250,"perfil P1, 8 h, config. B; nivel bajo/medio/alto de 09C",DIRECTO,[ESTIMACIÓN],INFORMATIVO: ya incluido en kwh_anio,"UNIVERSO 09C = planta de FAENA; no se extiende a incubación, alimento, granjas ni rendering"
C1-10000-HALAL,C1,10000,kwh_almacen_frio_anio,30177.7,60355.4,108465,kWh/año,"11_agua_efluentes/escenarios_utilities.csv (modelo_utilities.py, vía 12C)",kwh_almacenamiento_frio_dia_calendario × 365,"perfil P1, 8 h, config. B; nivel bajo/medio/alto de 09C",DIRECTO,[ESTIMACIÓN],INFORMATIVO: ya incluido en kwh_anio,"UNIVERSO 09C = planta de FAENA; no se extiende a incubación, alimento, granjas ni rendering"
C1-10000-HALAL,C1,10000,kwh_efluentes_anio,16625,78375,299250,kWh/año,"11_agua_efluentes/escenarios_utilities.csv (modelo_utilities.py, vía 12C)",kwh_tratamiento_aerobio_dia × 250,"perfil P1, 8 h, config. B; nivel bajo/medio/alto de 09C",DIRECTO,[ESTIMACIÓN],INFORMATIVO: ya incluido en kwh_anio,"UNIVERSO 09C = planta de FAENA; no se extiende a incubación, alimento, granjas ni rendering"
C1-10000-HALAL,C1,10000,kwh_bombeo_anio,108750,181250,326250,kWh/año,"11_agua_efluentes/escenarios_utilities.csv (modelo_utilities.py, vía 12C)",kwh_proceso_bombas_agua_y_efluentes_dia × 250,"perfil P1, 8 h, config. B; nivel bajo/medio/alto de 09C",DIRECTO,[ESTIMACIÓN],INFORMATIVO: ya incluido en kwh_anio,"UNIVERSO 09C = planta de FAENA; no se extiende a incubación, alimento, granjas ni rendering"
C1-10000-HALAL,C1,10000,agua_m3_anio,37500,62500,95000,m³/año,"11_agua_efluentes/escenarios_utilities.csv (modelo_utilities.py, vía 12C)",agua_captada_m3_dia × 250,"perfil P1, 8 h, config. B; nivel bajo/medio/alto de 09C",DIRECTO,[ESTIMACIÓN],UT-AGUA-*,"UNIVERSO 09C = planta de FAENA; no se extiende a incubación, alimento, granjas ni rendering"
C1-10000-HALAL,C1,10000,agua_limpieza_m3_anio,7500,12500,18750,m³/año,"11_agua_efluentes/escenarios_utilities.csv (modelo_utilities.py, vía 12C)",agua_limpieza_m3_dia × 250,"perfil P1, 8 h, config. B; nivel bajo/medio/alto de 09C",DIRECTO,[ESTIMACIÓN],INFORMATIVO: ya incluida en agua_m3_anio,"UNIVERSO 09C = planta de FAENA; no se extiende a incubación, alimento, granjas ni rendering"
C1-10000-HALAL,C1,10000,efluente_m3_anio,30000,55000,90250,m³/año,"11_agua_efluentes/escenarios_utilities.csv (modelo_utilities.py, vía 12C)",agua_descargada_m3_dia × 250,"perfil P1, 8 h, config. B; nivel bajo/medio/alto de 09C",DIRECTO,[ESTIMACIÓN],"EF-QUIM, EF-CANON","UNIVERSO 09C = planta de FAENA; no se extiende a incubación, alimento, granjas ni rendering"
C1-10000-HALAL,C1,10000,energia_termica_kwh_t_anio,376330,926346,2.46733e+06,kWh_t/año,"11_agua_efluentes/escenarios_utilities.csv (modelo_utilities.py, vía 12C)",energia_combustible_kwh_termicos_dia × 250,"perfil P1, 8 h, config. B; nivel bajo/medio/alto de 09C",DIRECTO,[ESTIMACIÓN],UT-TER-* (combustible),"UNIVERSO 09C = planta de FAENA; no se extiende a incubación, alimento, granjas ni rendering"
C1-10000-HALAL,C1,10000,combustible_gas_natural_anio,34827.4,85728.7,228339,m³/año,"11_agua_efluentes/escenarios_utilities.csv (modelo_utilities.py, vía 12C)",equivalente_gas_natural_m3_dia × 250,"perfil P1, 8 h, config. B; nivel bajo/medio/alto de 09C",DIRECTO,[SUPUESTO] PCI,UT-TER (gas_natural) si se elige,"UNIVERSO 09C = planta de FAENA; no se extiende a incubación, alimento, granjas ni rendering"
C1-10000-HALAL,C1,10000,combustible_glp_anio,29451.9,72496.7,193095,kg/año,"11_agua_efluentes/escenarios_utilities.csv (modelo_utilities.py, vía 12C)",equivalente_glp_kg_dia × 250,"perfil P1, 8 h, config. B; nivel bajo/medio/alto de 09C",DIRECTO,[SUPUESTO] PCI,UT-TER (glp) si se elige,"UNIVERSO 09C = planta de FAENA; no se extiende a incubación, alimento, granjas ni rendering"
C1-10000-HALAL,C1,10000,combustible_biomasa_anio,96770.5,238203,634455,kg/año,"11_agua_efluentes/escenarios_utilities.csv (modelo_utilities.py, vía 12C)",equivalente_biomasa_chip_kg_dia × 250,"perfil P1, 8 h, config. B; nivel bajo/medio/alto de 09C",DIRECTO,[SUPUESTO] PCI,UT-TER (biomasa) si se elige,"UNIVERSO 09C = planta de FAENA; no se extiende a incubación, alimento, granjas ni rendering"
C1-10000-HALAL,C1,10000,subproducto_sangre_t_anio,209.525,209.525,209.525,t/año,"11_agua_efluentes/escenarios_utilities.csv (modelo_utilities.py, vía 12C)",segregable_sangre_recuperada_t_dia × 250,"perfil P1, 8 h, config. B; nivel bajo/medio/alto de 09C",DIRECTO,[ESTIMACIÓN],SUB-RET-SANGRE,"UNIVERSO 09C = planta de FAENA; no se extiende a incubación, alimento, granjas ni rendering"
C1-10000-HALAL,C1,10000,subproducto_plumas_t_anio,603.2,603.2,603.2,t/año,"11_agua_efluentes/escenarios_utilities.csv (modelo_utilities.py, vía 12C)",segregable_plumas_t_dia × 250,"perfil P1, 8 h, config. B; nivel bajo/medio/alto de 09C",DIRECTO,[ESTIMACIÓN],SUB-RET-PLUMAS,"UNIVERSO 09C = planta de FAENA; no se extiende a incubación, alimento, granjas ni rendering"
C1-10000-HALAL,C1,10000,subproducto_visceras_t_anio,326.25,326.25,326.25,t/año,"11_agua_efluentes/escenarios_utilities.csv (modelo_utilities.py, vía 12C)",segregable_visceras_t_dia × 250,"perfil P1, 8 h, config. B; nivel bajo/medio/alto de 09C",DIRECTO,[ESTIMACIÓN],SUB-RET-VISCERAS,"UNIVERSO 09C = planta de FAENA; no se extiende a incubación, alimento, granjas ni rendering"
C1-10000-HALAL,C1,10000,subproducto_cabezas_t_anio,181.25,181.25,181.25,t/año,"11_agua_efluentes/escenarios_utilities.csv (modelo_utilities.py, vía 12C)",segregable_cabeza_t_dia × 250,"perfil P1, 8 h, config. B; nivel bajo/medio/alto de 09C",DIRECTO,[ESTIMACIÓN],SUB-RET-CABEZAS,"UNIVERSO 09C = planta de FAENA; no se extiende a incubación, alimento, granjas ni rendering"
C1-10000-HALAL,C1,10000,decomisos_t_anio,,100.36,,t/año,04_balance_masa/escenarios_balance.csv (modelo_balance_masa.py),Σ filas 'decomiso*' de balance() × aves/año,,CALCULO_MODELO_FUENTE,[ESTIMACIÓN] condenas medias,SUB-RET-DECOMISOS,
C1-10000-HALAL,C1,10000,kg_producto_anio,,5.99121e+06,,kg producto/año,05_proceso_industrial/capacidad_proceso.csv (modelo_capacidad_proceso.py),kg_ave_config()['comestible_a_empaque'] × aves/año,,CALCULO_MODELO_FUENTE,[ESTIMACIÓN] balance v1.1,"EMP-* (base comercial; incluye garras y menudencias, 12B)",
C1-10000-HALAL,C1,10000,refrigerado_t_anio,,5392.09,,t/año,13_logistica/escenarios_logistica.csv (modelo_logistica.py),refrigerado_t_semana × semanas operativas,"perfil P1; 6 despachos refrigerado y 2 congelado/sem; 12 t; 300 km (ESCENARIO, SUP-16-20)",DIRECTO,[ESTIMACIÓN],flujo refrigerado,
C1-10000-HALAL,C1,10000,refrigerado_viajes_anio,,600,,viajes/año,13_logistica/escenarios_logistica.csv (modelo_logistica.py),refrigerado_viajes_semana × semanas,"perfil P1; 6 despachos refrigerado y 2 congelado/sem; 12 t; 300 km (ESCENARIO, SUP-16-20)",DIRECTO,[ESTIMACIÓN] capacidad de ESCENARIO,LOG-REF-*,
C1-10000-HALAL,C1,10000,refrigerado_km_anio,,360000,,km/año,13_logistica/escenarios_logistica.csv (modelo_logistica.py),refrigerado_km_dia_despacho × despachos/semana × semanas,"perfil P1; 6 despachos refrigerado y 2 congelado/sem; 12 t; 300 km (ESCENARIO, SUP-16-20)",DIRECTO,[ESTIMACIÓN] troncal; reparto capilar PENDIENTE (DEC-053),LOG-REF-*,
C1-10000-HALAL,C1,10000,stock_refrigerado_medio_t,,25.6766,,t,13_logistica/escenarios_logistica.csv (modelo_logistica.py),"inventario(t_dia_op, despachos=6): stock_ciclo_medio + seguridad (0)",,CALCULO_MODELO_FUENTE,[ESTIMACIÓN]; stock comercial adicional PENDIENTE,capital de trabajo,
C1-10000-HALAL,C1,10000,congelado_t_anio,,599.121,,t/año,13_logistica/escenarios_logistica.csv (modelo_logistica.py),congelado_t_semana × semanas operativas,"perfil P1; 6 despachos refrigerado y 2 congelado/sem; 12 t; 300 km (ESCENARIO, SUP-16-20)",DIRECTO,[ESTIMACIÓN],flujo congelado,
C1-10000-HALAL,C1,10000,congelado_viajes_anio,,100,,viajes/año,13_logistica/escenarios_logistica.csv (modelo_logistica.py),congelado_viajes_semana × semanas,"perfil P1; 6 despachos refrigerado y 2 congelado/sem; 12 t; 300 km (ESCENARIO, SUP-16-20)",DIRECTO,[ESTIMACIÓN] capacidad de ESCENARIO,LOG-CON-*,
C1-10000-HALAL,C1,10000,congelado_km_anio,,60000,,km/año,13_logistica/escenarios_logistica.csv (modelo_logistica.py),congelado_km_dia_despacho × despachos/semana × semanas,"perfil P1; 6 despachos refrigerado y 2 congelado/sem; 12 t; 300 km (ESCENARIO, SUP-16-20)",DIRECTO,[ESTIMACIÓN] troncal; reparto capilar PENDIENTE (DEC-053),LOG-CON-*,
C1-10000-HALAL,C1,10000,stock_congelado_medio_t,,7.01827,,t,13_logistica/escenarios_logistica.csv (modelo_logistica.py),"inventario(t_dia_op, despachos=2): stock_ciclo_medio + seguridad (0)",,CALCULO_MODELO_FUENTE,[ESTIMACIÓN]; stock comercial adicional PENDIENTE,capital de trabajo,
C1-10000-HALAL,C1,10000,vivo_viajes_anio,,500,,viajes/año,13_logistica/escenarios_logistica.csv (modelo_logistica.py),viajes_dia × días,radio 100 km; 5500 aves/camión (ESCENARIO),DIRECTO,[ESTIMACIÓN],LOG-VIV-*,
C1-10000-HALAL,C1,10000,vivo_km_anio,,86666.7,,km/año,13_logistica/escenarios_logistica.csv (modelo_logistica.py),km_total_dia × días,radio 100 km; 5500 aves/camión (ESCENARIO),DIRECTO,[ESTIMACIÓN],LOG-VIV-*,
C1-10000-HALAL,C1,10000,vivo_t_anio,,7271.82,,t/año,13_logistica/escenarios_logistica.csv (modelo_logistica.py),t_vivo_cargado_dia × días,radio 100 km; 5500 aves/camión (ESCENARIO),DIRECTO,[ESTIMACIÓN],LOG-VIV-TER-UNI,
C1-10000-HALAL,C1,10000,alimento_viajes_anio,,450,,viajes/año,13_logistica/escenarios_logistica.csv (modelo_logistica.py),alimento_viajes_semana × (t_año ÷ t_semana_plena),granelero 28 t; 75 km fábrica–granja (ESCENARIO),DIRECTO,[ESTIMACIÓN],LOG-ALI-*,
C1-10000-HALAL,C1,10000,alimento_km_anio,,67500,,km/año,13_logistica/escenarios_logistica.csv (modelo_logistica.py),alimento_km_semana × (t_año ÷ t_semana_plena),granelero 28 t; 75 km fábrica–granja (ESCENARIO),DIRECTO,[ESTIMACIÓN],LOG-ALI-*,
C1-10000-HALAL,C1,10000,pollitos_viajes_anio,,,,viajes/año,13_logistica/escenarios_logistica.csv (modelo_logistica.py),pollitos_viajes_semana (cap_pollitos = None),,PENDIENTE,"PENDIENTE (DPV-047, DPV-084)",LOG-POL-*,
C1-10000-HALAL,C1,10000,subproductos_viajes_anio,,1000,,viajes/año,13_logistica/escenarios_logistica.csv (modelo_logistica.py),Σ viajes_semana_criterio_masa × semanas,,CALCULO_MODELO_FUENTE,"COTA INFERIOR (volumétrico PENDIENTE, DPV-135)",LOG-SUB-*,
C1-10000-HALAL,C1,10000,subproductos_km_anio,,100000,,km/año,13_logistica/escenarios_logistica.csv (modelo_logistica.py),Σ km_semana_criterio_masa × semanas,,CALCULO_MODELO_FUENTE,COTA INFERIOR,LOG-SUB-*,
C1-10000-HALAL,C1,10000,subproductos_t_anio,,1520.88,,t/año,13_logistica/escenarios_logistica.csv (modelo_logistica.py),Σ t_semana × semanas,,CALCULO_MODELO_FUENTE,[ESTIMACIÓN],LOG-SUB-TER-UNI,
C1-10000-HALAL,C1,10000,vehiculos_POL,,,,vehículos,19_capex/boq_capex.csv (modelo_capex.py),flota[pollitos].unidades,,PENDIENTE,PENDIENTE,"LOG-POL-PAT, SEG-FLOTA-POL",
C1-10000-HALAL,C1,10000,vehiculos_HUE,,,,vehículos,19_capex/boq_capex.csv (modelo_capex.py),—,,PENDIENTE,PENDIENTE,"LOG-HUE-PAT, SEG-FLOTA-HUE",
C1-10000-HALAL,C1,10000,vehiculos_ALI,,,,vehículos,19_capex/boq_capex.csv (modelo_capex.py),flota[alimento].unidades,,PENDIENTE,PENDIENTE,"LOG-ALI-PAT, SEG-FLOTA-ALI",
C1-10000-HALAL,C1,10000,vehiculos_GRA,,,,vehículos,19_capex/boq_capex.csv (modelo_capex.py),—,,PENDIENTE,PENDIENTE,"LOG-GRA-PAT, SEG-FLOTA-GRA",
C1-10000-HALAL,C1,10000,vehiculos_VIV,,,,vehículos,19_capex/boq_capex.csv (modelo_capex.py),flota[vivo].unidades,,PENDIENTE,PENDIENTE,"LOG-VIV-PAT, SEG-FLOTA-VIV",
C1-10000-HALAL,C1,10000,vehiculos_REF,,,,vehículos,19_capex/boq_capex.csv (modelo_capex.py),flota[refrigerado].unidades,,PENDIENTE,PENDIENTE,"LOG-REF-PAT, SEG-FLOTA-REF",
C1-10000-HALAL,C1,10000,vehiculos_CON,,,,vehículos,19_capex/boq_capex.csv (modelo_capex.py),flota[congelado].unidades,,PENDIENTE,PENDIENTE,"LOG-CON-PAT, SEG-FLOTA-CON",
C1-10000-HALAL,C1,10000,vehiculos_SUB,,,,vehículos,19_capex/boq_capex.csv (modelo_capex.py),flota[subproductos].unidades,,PENDIENTE,PENDIENTE,"LOG-SUB-PAT, SEG-FLOTA-SUB",
C1-10000-HALAL,C1,10000,fte_industrial_14a,,106.754,,FTE,18_recursos_humanos/escenarios_rrhh.csv (modelo_rrhh.py),fte_total,turnos=extendido; autom=semiautomatico; limpieza=propia; mant=propio; lab=propio,CALCULO_MODELO_FUENTE,[SUPUESTO] productividad,"RRHH INDUSTRIAL + estructura + coordinación primaria (14A). NO es el FTE total de una empresa verticalmente integrada: granjas propias, incubación, planta de alimento, reproductoras y rendering no están dimensionados","headcount de nómina PENDIENTE (factor de cobertura no validado); incluye horas de terceros que luego pueden quedar INCLUIDAS en tarifas (faenador, choferes)"
C1-10000-HALAL,C1,10000,fte_directos_14a,,47.3522,,FTE,18_recursos_humanos/escenarios_rrhh.csv (modelo_rrhh.py),fte_interno + fte_tercerizado (directo),,CALCULO_MODELO_FUENTE,[SUPUESTO],FAE-CUCH,
C1-10000-HALAL,C1,10000,horas_brecha_jornada_anio,,21657.8,,h-persona/año,18_recursos_humanos/escenarios_rrhh.csv (modelo_rrhh.py),horas_persona_brecha_jornada_dia × días,,CALCULO_MODELO_FUENTE,[ESTIMACIÓN],INFORMATIVO: no son horas extra automáticas (DPV-146),
C1-10000-HALAL,C1,10000,headcount_nomina,,,,personas,18_recursos_humanos/escenarios_rrhh.csv (modelo_rrhh.py),headcount_nomina,,PENDIENTE,PENDIENTE (factor de cobertura),NO se usa: costeo provisional por FTE,
C1-10000-HALAL,C1,10000,fraccion_granjas_propias,,0,,fracción,19_capex/boq_capex.csv (modelo_capex.py),fraccion_granjas_propias,,CONSUMIDO_CAPEX,ESCENARIO (SUP-16-09),reparto propia / integrada,
C1-10000-HALAL,C1,10000,kwh_granja,,,,—,20_opex/modelo_opex.py,—,,PENDIENTE,PENDIENTE: el módulo fuente no lo dimensiona,concepto PENDIENTE_CANTIDAD (no se inventa),
C1-10000-HALAL,C1,10000,gas_granja,,,,—,20_opex/modelo_opex.py,—,,PENDIENTE,PENDIENTE: el módulo fuente no lo dimensiona,concepto PENDIENTE_CANTIDAD (no se inventa),
C1-10000-HALAL,C1,10000,cama_t,,,,—,20_opex/modelo_opex.py,—,,PENDIENTE,PENDIENTE: el módulo fuente no lo dimensiona,concepto PENDIENTE_CANTIDAD (no se inventa),
C1-10000-HALAL,C1,10000,personal_granja,,,,—,20_opex/modelo_opex.py,—,,PENDIENTE,PENDIENTE: el módulo fuente no lo dimensiona,concepto PENDIENTE_CANTIDAD (no se inventa),
C1-10000-HALAL,C1,10000,personal_incubadora,,,,—,20_opex/modelo_opex.py,—,,PENDIENTE,PENDIENTE: el módulo fuente no lo dimensiona,concepto PENDIENTE_CANTIDAD (no se inventa),
C1-10000-HALAL,C1,10000,personal_planta_alimento,,,,—,20_opex/modelo_opex.py,—,,PENDIENTE,PENDIENTE: el módulo fuente no lo dimensiona,concepto PENDIENTE_CANTIDAD (no se inventa),
C1-10000-HALAL,C1,10000,personal_reproductoras,,,,—,20_opex/modelo_opex.py,—,,PENDIENTE,PENDIENTE: el módulo fuente no lo dimensiona,concepto PENDIENTE_CANTIDAD (no se inventa),
C1-10000-HALAL,C1,10000,personal_rendering,,,,—,20_opex/modelo_opex.py,—,,PENDIENTE,PENDIENTE: el módulo fuente no lo dimensiona,concepto PENDIENTE_CANTIDAD (no se inventa),
C1-10000-HALAL,C1,10000,kwh_incubadora,,,,—,20_opex/modelo_opex.py,—,,PENDIENTE,PENDIENTE: el módulo fuente no lo dimensiona,concepto PENDIENTE_CANTIDAD (no se inventa),
C1-10000-HALAL,C1,10000,agua_incubadora,,,,—,20_opex/modelo_opex.py,—,,PENDIENTE,PENDIENTE: el módulo fuente no lo dimensiona,concepto PENDIENTE_CANTIDAD (no se inventa),
C1-10000-HALAL,C1,10000,kwh_planta_alimento,,,,—,20_opex/modelo_opex.py,—,,PENDIENTE,PENDIENTE: el módulo fuente no lo dimensiona,concepto PENDIENTE_CANTIDAD (no se inventa),
C1-10000-HALAL,C1,10000,vapor_planta_alimento,,,,—,20_opex/modelo_opex.py,—,,PENDIENTE,PENDIENTE: el módulo fuente no lo dimensiona,concepto PENDIENTE_CANTIDAD (no se inventa),
C1-10000-HALAL,C1,10000,agua_planta_alimento,,,,—,20_opex/modelo_opex.py,—,,PENDIENTE,PENDIENTE: el módulo fuente no lo dimensiona,concepto PENDIENTE_CANTIDAD (no se inventa),
C1-10000-HALAL,C1,10000,kwh_rendering,,,,—,20_opex/modelo_opex.py,—,,PENDIENTE,PENDIENTE: el módulo fuente no lo dimensiona,concepto PENDIENTE_CANTIDAD (no se inventa),
C1-10000-HALAL,C1,10000,lodos_t,,,,—,20_opex/modelo_opex.py,—,,PENDIENTE,PENDIENTE: el módulo fuente no lo dimensiona,concepto PENDIENTE_CANTIDAD (no se inventa),
C1-10000-HALAL,C1,10000,potencia_contratada_kw,,,,—,20_opex/modelo_opex.py,—,,PENDIENTE,PENDIENTE: el módulo fuente no lo dimensiona,concepto PENDIENTE_CANTIDAD (no se inventa),
