ALTERNATIVA,DSCR,EBITDA,ESTADO,ETIQUETA,PAR,PAYBACK,SHOCK_X,SHOCK_Y,UNIVERSO,VAN,VAR_X,VAR_Y,ZONA_DSCR,ZONA_EBITDA,ZONA_PAYBACK,ZONA_VAN
ART-ASSET-LIGHT,,-120,OK,CASO_PRUEBA_ARTIFICIAL_NO_ES_PROYECTO,precio_venta×alimento,,-0.3,-0.3,CASO_ARTIFICIAL,-1754.314615,precio_venta,alimento,NO_CALCULABLE,NEGATIVO,NO_RECUPERADO,NEGATIVO
ART-ASSET-LIGHT,,-480,OK,CASO_PRUEBA_ARTIFICIAL_NO_ES_PROYECTO,precio_venta×alimento,,-0.3,-0.2,CASO_ARTIFICIAL,-3699.997542,precio_venta,alimento,NO_CALCULABLE,NEGATIVO,NO_RECUPERADO,NEGATIVO
ART-ASSET-LIGHT,,-840,OK,CASO_PRUEBA_ARTIFICIAL_NO_ES_PROYECTO,precio_venta×alimento,,-0.3,-0.1,CASO_ARTIFICIAL,-5645.680469,precio_venta,alimento,NO_CALCULABLE,NEGATIVO,NO_RECUPERADO,NEGATIVO
ART-ASSET-LIGHT,,-1200,OK,CASO_PRUEBA_ARTIFICIAL_NO_ES_PROYECTO,precio_venta×alimento,,-0.3,0,CASO_ARTIFICIAL,-7591.363396,precio_venta,alimento,NO_CALCULABLE,NEGATIVO,NO_RECUPERADO,NEGATIVO
ART-ASSET-LIGHT,,-1560,OK,CASO_PRUEBA_ARTIFICIAL_NO_ES_PROYECTO,precio_venta×alimento,,-0.3,0.1,CASO_ARTIFICIAL,-9537.046323,precio_venta,alimento,NO_CALCULABLE,NEGATIVO,NO_RECUPERADO,NEGATIVO
ART-ASSET-LIGHT,,-1920,OK,CASO_PRUEBA_ARTIFICIAL_NO_ES_PROYECTO,precio_venta×alimento,,-0.3,0.2,CASO_ARTIFICIAL,-11482.72925,precio_venta,alimento,NO_CALCULABLE,NEGATIVO,NO_RECUPERADO,NEGATIVO
ART-ASSET-LIGHT,,-2280,OK,CASO_PRUEBA_ARTIFICIAL_NO_ES_PROYECTO,precio_venta×alimento,,-0.3,0.3,CASO_ARTIFICIAL,-13428.412177,precio_venta,alimento,NO_CALCULABLE,NEGATIVO,NO_RECUPERADO,NEGATIVO
ART-ASSET-LIGHT,,1080,OK,CASO_PRUEBA_ARTIFICIAL_NO_ES_PROYECTO,precio_venta×alimento,1.782817,-0.2,-0.3,CASO_ARTIFICIAL,3075.471951,precio_venta,alimento,NO_CALCULABLE,POSITIVO,DENTRO_DEL_UMBRAL,POSITIVO
ART-ASSET-LIGHT,,720,OK,CASO_PRUEBA_ARTIFICIAL_NO_ES_PROYECTO,precio_venta×alimento,2.506378,-0.2,-0.2,CASO_ARTIFICIAL,1717.45672,precio_venta,alimento,NO_CALCULABLE,POSITIVO,DENTRO_DEL_UMBRAL,POSITIVO
ART-ASSET-LIGHT,,360,OK,CASO_PRUEBA_ARTIFICIAL_NO_ES_PROYECTO,precio_venta×alimento,4.595761,-0.2,-0.1,CASO_ARTIFICIAL,355.481584,precio_venta,alimento,NO_CALCULABLE,POSITIVO,DENTRO_DEL_UMBRAL,POSITIVO
ART-ASSET-LIGHT,,0,OK,CASO_PRUEBA_ARTIFICIAL_NO_ES_PROYECTO,precio_venta×alimento,,-0.2,0,CASO_ARTIFICIAL,-1180.765527,precio_venta,alimento,NO_CALCULABLE,CERO,NO_RECUPERADO,NEGATIVO
ART-ASSET-LIGHT,,-360,OK,CASO_PRUEBA_ARTIFICIAL_NO_ES_PROYECTO,precio_venta×alimento,,-0.2,0.1,CASO_ARTIFICIAL,-3126.448454,precio_venta,alimento,NO_CALCULABLE,NEGATIVO,NO_RECUPERADO,NEGATIVO
ART-ASSET-LIGHT,,-720,OK,CASO_PRUEBA_ARTIFICIAL_NO_ES_PROYECTO,precio_venta×alimento,,-0.2,0.2,CASO_ARTIFICIAL,-5072.131381,precio_venta,alimento,NO_CALCULABLE,NEGATIVO,NO_RECUPERADO,NEGATIVO
ART-ASSET-LIGHT,,-1080,OK,CASO_PRUEBA_ARTIFICIAL_NO_ES_PROYECTO,precio_venta×alimento,,-0.2,0.3,CASO_ARTIFICIAL,-7017.814308,precio_venta,alimento,NO_CALCULABLE,NEGATIVO,NO_RECUPERADO,NEGATIVO
ART-ASSET-LIGHT,,2280,OK,CASO_PRUEBA_ARTIFICIAL_NO_ES_PROYECTO,precio_venta×alimento,1.051497,-0.1,-0.3,CASO_ARTIFICIAL,7536.471673,precio_venta,alimento,NO_CALCULABLE,POSITIVO,DENTRO_DEL_UMBRAL,POSITIVO
ART-ASSET-LIGHT,,1920,OK,CASO_PRUEBA_ARTIFICIAL_NO_ES_PROYECTO,precio_venta×alimento,1.192215,-0.1,-0.2,CASO_ARTIFICIAL,6178.456442,precio_venta,alimento,NO_CALCULABLE,POSITIVO,DENTRO_DEL_UMBRAL,POSITIVO
ART-ASSET-LIGHT,,1560,OK,CASO_PRUEBA_ARTIFICIAL_NO_ES_PROYECTO,precio_venta×alimento,1.396999,-0.1,-0.1,CASO_ARTIFICIAL,4820.441211,precio_venta,alimento,NO_CALCULABLE,POSITIVO,DENTRO_DEL_UMBRAL,POSITIVO
ART-ASSET-LIGHT,,1200,OK,CASO_PRUEBA_ARTIFICIAL_NO_ES_PROYECTO,precio_venta×alimento,1.722499,-0.1,0,CASO_ARTIFICIAL,3462.42598,precio_venta,alimento,NO_CALCULABLE,POSITIVO,DENTRO_DEL_UMBRAL,POSITIVO
ART-ASSET-LIGHT,,840,OK,CASO_PRUEBA_ARTIFICIAL_NO_ES_PROYECTO,precio_venta×alimento,2.320057,-0.1,0.1,CASO_ARTIFICIAL,2104.410749,precio_venta,alimento,NO_CALCULABLE,POSITIVO,DENTRO_DEL_UMBRAL,POSITIVO
ART-ASSET-LIGHT,,480,OK,CASO_PRUEBA_ARTIFICIAL_NO_ES_PROYECTO,precio_venta×alimento,3.775649,-0.1,0.2,CASO_ARTIFICIAL,744.078101,precio_venta,alimento,NO_CALCULABLE,POSITIVO,DENTRO_DEL_UMBRAL,POSITIVO
ART-ASSET-LIGHT,,120,OK,CASO_PRUEBA_ARTIFICIAL_NO_ES_PROYECTO,precio_venta×alimento,,-0.1,0.3,CASO_ARTIFICIAL,-639.531569,precio_venta,alimento,NO_CALCULABLE,POSITIVO,NO_RECUPERADO,NEGATIVO
ART-ASSET-LIGHT,,3480,OK,CASO_PRUEBA_ARTIFICIAL_NO_ES_PROYECTO,precio_venta×alimento,0.533261,0,-0.3,CASO_ARTIFICIAL,11997.471394,precio_venta,alimento,NO_CALCULABLE,POSITIVO,DENTRO_DEL_UMBRAL,POSITIVO
ART-ASSET-LIGHT,,3120,OK,CASO_PRUEBA_ARTIFICIAL_NO_ES_PROYECTO,precio_venta×alimento,0.658441,0,-0.2,CASO_ARTIFICIAL,10639.456163,precio_venta,alimento,NO_CALCULABLE,POSITIVO,DENTRO_DEL_UMBRAL,POSITIVO
ART-ASSET-LIGHT,,2760,OK,CASO_PRUEBA_ARTIFICIAL_NO_ES_PROYECTO,precio_venta×alimento,0.86042,0,-0.1,CASO_ARTIFICIAL,9281.440932,precio_venta,alimento,NO_CALCULABLE,POSITIVO,DENTRO_DEL_UMBRAL,POSITIVO
ART-ASSET-LIGHT,,2400,OK,CASO_PRUEBA_ARTIFICIAL_NO_ES_PROYECTO,precio_venta×alimento,1.057314,0,0,CASO_ARTIFICIAL,7923.425702,precio_venta,alimento,NO_CALCULABLE,POSITIVO,DENTRO_DEL_UMBRAL,POSITIVO
ART-ASSET-LIGHT,,2040,OK,CASO_PRUEBA_ARTIFICIAL_NO_ES_PROYECTO,precio_venta×alimento,1.190856,0,0.1,CASO_ARTIFICIAL,6565.410471,precio_venta,alimento,NO_CALCULABLE,POSITIVO,DENTRO_DEL_UMBRAL,POSITIVO
ART-ASSET-LIGHT,,1680,OK,CASO_PRUEBA_ARTIFICIAL_NO_ES_PROYECTO,precio_venta×alimento,1.380909,0,0.2,CASO_ARTIFICIAL,5207.39524,precio_venta,alimento,NO_CALCULABLE,POSITIVO,DENTRO_DEL_UMBRAL,POSITIVO
ART-ASSET-LIGHT,,1320,OK,CASO_PRUEBA_ARTIFICIAL_NO_ES_PROYECTO,precio_venta×alimento,1.672972,0,0.3,CASO_ARTIFICIAL,3849.380009,precio_venta,alimento,NO_CALCULABLE,POSITIVO,DENTRO_DEL_UMBRAL,POSITIVO
ART-ASSET-LIGHT,,4680,OK,CASO_PRUEBA_ARTIFICIAL_NO_ES_PROYECTO,precio_venta×alimento,0.342884,0.1,-0.3,CASO_ARTIFICIAL,16458.471116,precio_venta,alimento,NO_CALCULABLE,POSITIVO,DENTRO_DEL_UMBRAL,POSITIVO
ART-ASSET-LIGHT,,4320,OK,CASO_PRUEBA_ARTIFICIAL_NO_ES_PROYECTO,precio_venta×alimento,0.390637,0.1,-0.2,CASO_ARTIFICIAL,15100.455885,precio_venta,alimento,NO_CALCULABLE,POSITIVO,DENTRO_DEL_UMBRAL,POSITIVO
ART-ASSET-LIGHT,,3960,OK,CASO_PRUEBA_ARTIFICIAL_NO_ES_PROYECTO,precio_venta×alimento,0.453843,0.1,-0.1,CASO_ARTIFICIAL,13742.440654,precio_venta,alimento,NO_CALCULABLE,POSITIVO,DENTRO_DEL_UMBRAL,POSITIVO
ART-ASSET-LIGHT,,3600,OK,CASO_PRUEBA_ARTIFICIAL_NO_ES_PROYECTO,precio_venta×alimento,0.541452,0.1,0,CASO_ARTIFICIAL,12384.425423,precio_venta,alimento,NO_CALCULABLE,POSITIVO,DENTRO_DEL_UMBRAL,POSITIVO
ART-ASSET-LIGHT,,3240,OK,CASO_PRUEBA_ARTIFICIAL_NO_ES_PROYECTO,precio_venta×alimento,0.670974,0.1,0.1,CASO_ARTIFICIAL,11026.410192,precio_venta,alimento,NO_CALCULABLE,POSITIVO,DENTRO_DEL_UMBRAL,POSITIVO
ART-ASSET-LIGHT,,2880,OK,CASO_PRUEBA_ARTIFICIAL_NO_ES_PROYECTO,precio_venta×alimento,0.881948,0.1,0.2,CASO_ARTIFICIAL,9668.394961,precio_venta,alimento,NO_CALCULABLE,POSITIVO,DENTRO_DEL_UMBRAL,POSITIVO
ART-ASSET-LIGHT,,2520,OK,CASO_PRUEBA_ARTIFICIAL_NO_ES_PROYECTO,precio_venta×alimento,1.062581,0.1,0.3,CASO_ARTIFICIAL,8310.379731,precio_venta,alimento,NO_CALCULABLE,POSITIVO,DENTRO_DEL_UMBRAL,POSITIVO
ART-ASSET-LIGHT,,5880,OK,CASO_PRUEBA_ARTIFICIAL_NO_ES_PROYECTO,precio_venta×alimento,0.252677,0.2,-0.3,CASO_ARTIFICIAL,20919.470837,precio_venta,alimento,NO_CALCULABLE,POSITIVO,DENTRO_DEL_UMBRAL,POSITIVO
ART-ASSET-LIGHT,,5520,OK,CASO_PRUEBA_ARTIFICIAL_NO_ES_PROYECTO,precio_venta×alimento,0.277693,0.2,-0.2,CASO_ARTIFICIAL,19561.455606,precio_venta,alimento,NO_CALCULABLE,POSITIVO,DENTRO_DEL_UMBRAL,POSITIVO
ART-ASSET-LIGHT,,5160,OK,CASO_PRUEBA_ARTIFICIAL_NO_ES_PROYECTO,precio_venta×alimento,0.308206,0.2,-0.1,CASO_ARTIFICIAL,18203.440376,precio_venta,alimento,NO_CALCULABLE,POSITIVO,DENTRO_DEL_UMBRAL,POSITIVO
ART-ASSET-LIGHT,,4800,OK,CASO_PRUEBA_ARTIFICIAL_NO_ES_PROYECTO,precio_venta×alimento,0.346252,0.2,0,CASO_ARTIFICIAL,16845.425145,precio_venta,alimento,NO_CALCULABLE,POSITIVO,DENTRO_DEL_UMBRAL,POSITIVO
ART-ASSET-LIGHT,,4440,OK,CASO_PRUEBA_ARTIFICIAL_NO_ES_PROYECTO,precio_venta×alimento,0.395015,0.2,0.1,CASO_ARTIFICIAL,15487.409914,precio_venta,alimento,NO_CALCULABLE,POSITIVO,DENTRO_DEL_UMBRAL,POSITIVO
ART-ASSET-LIGHT,,4080,OK,CASO_PRUEBA_ARTIFICIAL_NO_ES_PROYECTO,precio_venta×alimento,0.459763,0.2,0.2,CASO_ARTIFICIAL,14129.394683,precio_venta,alimento,NO_CALCULABLE,POSITIVO,DENTRO_DEL_UMBRAL,POSITIVO
ART-ASSET-LIGHT,,3720,OK,CASO_PRUEBA_ARTIFICIAL_NO_ES_PROYECTO,precio_venta×alimento,0.549898,0.2,0.3,CASO_ARTIFICIAL,12771.379452,precio_venta,alimento,NO_CALCULABLE,POSITIVO,DENTRO_DEL_UMBRAL,POSITIVO
ART-ASSET-LIGHT,,7080,OK,CASO_PRUEBA_ARTIFICIAL_NO_ES_PROYECTO,precio_venta×alimento,0.200048,0.3,-0.3,CASO_ARTIFICIAL,25380.470559,precio_venta,alimento,NO_CALCULABLE,POSITIVO,DENTRO_DEL_UMBRAL,POSITIVO
ART-ASSET-LIGHT,,6720,OK,CASO_PRUEBA_ARTIFICIAL_NO_ES_PROYECTO,precio_venta×alimento,0.215411,0.3,-0.2,CASO_ARTIFICIAL,24022.455328,precio_venta,alimento,NO_CALCULABLE,POSITIVO,DENTRO_DEL_UMBRAL,POSITIVO
ART-ASSET-LIGHT,,6360,OK,CASO_PRUEBA_ARTIFICIAL_NO_ES_PROYECTO,precio_venta×alimento,0.233331,0.3,-0.1,CASO_ARTIFICIAL,22664.440097,precio_venta,alimento,NO_CALCULABLE,POSITIVO,DENTRO_DEL_UMBRAL,POSITIVO
ART-ASSET-LIGHT,,6000,OK,CASO_PRUEBA_ARTIFICIAL_NO_ES_PROYECTO,precio_venta×alimento,0.254502,0.3,0,CASO_ARTIFICIAL,21306.424866,precio_venta,alimento,NO_CALCULABLE,POSITIVO,DENTRO_DEL_UMBRAL,POSITIVO
ART-ASSET-LIGHT,,5640,OK,CASO_PRUEBA_ARTIFICIAL_NO_ES_PROYECTO,precio_venta×alimento,0.279898,0.3,0.1,CASO_ARTIFICIAL,19948.409635,precio_venta,alimento,NO_CALCULABLE,POSITIVO,DENTRO_DEL_UMBRAL,POSITIVO
ART-ASSET-LIGHT,,5280,OK,CASO_PRUEBA_ARTIFICIAL_NO_ES_PROYECTO,precio_venta×alimento,0.310925,0.3,0.2,CASO_ARTIFICIAL,18590.394404,precio_venta,alimento,NO_CALCULABLE,POSITIVO,DENTRO_DEL_UMBRAL,POSITIVO
ART-ASSET-LIGHT,,4920,OK,CASO_PRUEBA_ARTIFICIAL_NO_ES_PROYECTO,precio_venta×alimento,0.349687,0.3,0.3,CASO_ARTIFICIAL,17232.379174,precio_venta,alimento,NO_CALCULABLE,POSITIVO,DENTRO_DEL_UMBRAL,POSITIVO
ART-ASSET-LIGHT,,1500,OK,CASO_PRUEBA_ARTIFICIAL_NO_ES_PROYECTO,demanda×capex,1.064095,-0.3,-0.3,CASO_ARTIFICIAL,4946.996237,demanda,capex,NO_CALCULABLE,POSITIVO,DENTRO_DEL_UMBRAL,POSITIVO
ART-ASSET-LIGHT,,1500,OK,CASO_PRUEBA_ARTIFICIAL_NO_ES_PROYECTO,demanda×capex,1.109791,-0.3,-0.2,CASO_ARTIFICIAL,4905.359964,demanda,capex,NO_CALCULABLE,POSITIVO,DENTRO_DEL_UMBRAL,POSITIVO
ART-ASSET-LIGHT,,1500,OK,CASO_PRUEBA_ARTIFICIAL_NO_ES_PROYECTO,demanda×capex,1.155358,-0.3,-0.1,CASO_ARTIFICIAL,4863.723692,demanda,capex,NO_CALCULABLE,POSITIVO,DENTRO_DEL_UMBRAL,POSITIVO
ART-ASSET-LIGHT,,1500,OK,CASO_PRUEBA_ARTIFICIAL_NO_ES_PROYECTO,demanda×capex,1.200796,-0.3,0,CASO_ARTIFICIAL,4822.087419,demanda,capex,NO_CALCULABLE,POSITIVO,DENTRO_DEL_UMBRAL,POSITIVO
ART-ASSET-LIGHT,,1500,OK,CASO_PRUEBA_ARTIFICIAL_NO_ES_PROYECTO,demanda×capex,1.246107,-0.3,0.1,CASO_ARTIFICIAL,4780.451146,demanda,capex,NO_CALCULABLE,POSITIVO,DENTRO_DEL_UMBRAL,POSITIVO
ART-ASSET-LIGHT,,1500,OK,CASO_PRUEBA_ARTIFICIAL_NO_ES_PROYECTO,demanda×capex,1.29129,-0.3,0.2,CASO_ARTIFICIAL,4738.814874,demanda,capex,NO_CALCULABLE,POSITIVO,DENTRO_DEL_UMBRAL,POSITIVO
ART-ASSET-LIGHT,,1500,OK,CASO_PRUEBA_ARTIFICIAL_NO_ES_PROYECTO,demanda×capex,1.336347,-0.3,0.3,CASO_ARTIFICIAL,4697.178601,demanda,capex,NO_CALCULABLE,POSITIVO,DENTRO_DEL_UMBRAL,POSITIVO
ART-ASSET-LIGHT,,1800,OK,CASO_PRUEBA_ARTIFICIAL_NO_ES_PROYECTO,demanda×capex,1.002349,-0.2,-0.3,CASO_ARTIFICIAL,6004.069125,demanda,capex,NO_CALCULABLE,POSITIVO,DENTRO_DEL_UMBRAL,POSITIVO
ART-ASSET-LIGHT,,1800,OK,CASO_PRUEBA_ARTIFICIAL_NO_ES_PROYECTO,demanda×capex,1.040573,-0.2,-0.2,CASO_ARTIFICIAL,5962.432853,demanda,capex,NO_CALCULABLE,POSITIVO,DENTRO_DEL_UMBRAL,POSITIVO
ART-ASSET-LIGHT,,1800,OK,CASO_PRUEBA_ARTIFICIAL_NO_ES_PROYECTO,demanda×capex,1.078707,-0.2,-0.1,CASO_ARTIFICIAL,5920.79658,demanda,capex,NO_CALCULABLE,POSITIVO,DENTRO_DEL_UMBRAL,POSITIVO
ART-ASSET-LIGHT,,1800,OK,CASO_PRUEBA_ARTIFICIAL_NO_ES_PROYECTO,demanda×capex,1.116752,-0.2,0,CASO_ARTIFICIAL,5879.160308,demanda,capex,NO_CALCULABLE,POSITIVO,DENTRO_DEL_UMBRAL,POSITIVO
ART-ASSET-LIGHT,,1800,OK,CASO_PRUEBA_ARTIFICIAL_NO_ES_PROYECTO,demanda×capex,1.154707,-0.2,0.1,CASO_ARTIFICIAL,5837.524035,demanda,capex,NO_CALCULABLE,POSITIVO,DENTRO_DEL_UMBRAL,POSITIVO
ART-ASSET-LIGHT,,1800,OK,CASO_PRUEBA_ARTIFICIAL_NO_ES_PROYECTO,demanda×capex,1.192574,-0.2,0.2,CASO_ARTIFICIAL,5795.887762,demanda,capex,NO_CALCULABLE,POSITIVO,DENTRO_DEL_UMBRAL,POSITIVO
ART-ASSET-LIGHT,,1800,OK,CASO_PRUEBA_ARTIFICIAL_NO_ES_PROYECTO,demanda×capex,1.230351,-0.2,0.3,CASO_ARTIFICIAL,5754.25149,demanda,capex,NO_CALCULABLE,POSITIVO,DENTRO_DEL_UMBRAL,POSITIVO
ART-ASSET-LIGHT,,2100,OK,CASO_PRUEBA_ARTIFICIAL_NO_ES_PROYECTO,demanda×capex,0.938659,-0.1,-0.3,CASO_ARTIFICIAL,7026.201822,demanda,capex,NO_CALCULABLE,POSITIVO,DENTRO_DEL_UMBRAL,POSITIVO
ART-ASSET-LIGHT,,2100,OK,CASO_PRUEBA_ARTIFICIAL_NO_ES_PROYECTO,demanda×capex,1.017377,-0.1,-0.2,CASO_ARTIFICIAL,6984.56555,demanda,capex,NO_CALCULABLE,POSITIVO,DENTRO_DEL_UMBRAL,POSITIVO
ART-ASSET-LIGHT,,2100,OK,CASO_PRUEBA_ARTIFICIAL_NO_ES_PROYECTO,demanda×capex,1.050137,-0.1,-0.1,CASO_ARTIFICIAL,6942.929277,demanda,capex,NO_CALCULABLE,POSITIVO,DENTRO_DEL_UMBRAL,POSITIVO
ART-ASSET-LIGHT,,2100,OK,CASO_PRUEBA_ARTIFICIAL_NO_ES_PROYECTO,demanda×capex,1.08283,-0.1,0,CASO_ARTIFICIAL,6901.293005,demanda,capex,NO_CALCULABLE,POSITIVO,DENTRO_DEL_UMBRAL,POSITIVO
ART-ASSET-LIGHT,,2100,OK,CASO_PRUEBA_ARTIFICIAL_NO_ES_PROYECTO,demanda×capex,1.115458,-0.1,0.1,CASO_ARTIFICIAL,6859.656732,demanda,capex,NO_CALCULABLE,POSITIVO,DENTRO_DEL_UMBRAL,POSITIVO
ART-ASSET-LIGHT,,2100,OK,CASO_PRUEBA_ARTIFICIAL_NO_ES_PROYECTO,demanda×capex,1.148019,-0.1,0.2,CASO_ARTIFICIAL,6818.020459,demanda,capex,NO_CALCULABLE,POSITIVO,DENTRO_DEL_UMBRAL,POSITIVO
ART-ASSET-LIGHT,,2100,OK,CASO_PRUEBA_ARTIFICIAL_NO_ES_PROYECTO,demanda×capex,1.180515,-0.1,0.3,CASO_ARTIFICIAL,6776.384187,demanda,capex,NO_CALCULABLE,POSITIVO,DENTRO_DEL_UMBRAL,POSITIVO
ART-ASSET-LIGHT,,2400,OK,CASO_PRUEBA_ARTIFICIAL_NO_ES_PROYECTO,demanda×capex,0.877791,0,-0.3,CASO_ARTIFICIAL,8048.334519,demanda,capex,NO_CALCULABLE,POSITIVO,DENTRO_DEL_UMBRAL,POSITIVO
ART-ASSET-LIGHT,,2400,OK,CASO_PRUEBA_ARTIFICIAL_NO_ES_PROYECTO,demanda×capex,0.999742,0,-0.2,CASO_ARTIFICIAL,8006.698247,demanda,capex,NO_CALCULABLE,POSITIVO,DENTRO_DEL_UMBRAL,POSITIVO
ART-ASSET-LIGHT,,2400,OK,CASO_PRUEBA_ARTIFICIAL_NO_ES_PROYECTO,demanda×capex,1.028652,0,-0.1,CASO_ARTIFICIAL,7965.061974,demanda,capex,NO_CALCULABLE,POSITIVO,DENTRO_DEL_UMBRAL,POSITIVO
ART-ASSET-LIGHT,,2400,OK,CASO_PRUEBA_ARTIFICIAL_NO_ES_PROYECTO,demanda×capex,1.057314,0,0,CASO_ARTIFICIAL,7923.425702,demanda,capex,NO_CALCULABLE,POSITIVO,DENTRO_DEL_UMBRAL,POSITIVO
ART-ASSET-LIGHT,,2400,OK,CASO_PRUEBA_ARTIFICIAL_NO_ES_PROYECTO,demanda×capex,1.085925,0,0.1,CASO_ARTIFICIAL,7881.789429,demanda,capex,NO_CALCULABLE,POSITIVO,DENTRO_DEL_UMBRAL,POSITIVO
ART-ASSET-LIGHT,,2400,OK,CASO_PRUEBA_ARTIFICIAL_NO_ES_PROYECTO,demanda×capex,1.114486,0,0.2,CASO_ARTIFICIAL,7840.153156,demanda,capex,NO_CALCULABLE,POSITIVO,DENTRO_DEL_UMBRAL,POSITIVO
ART-ASSET-LIGHT,,2400,OK,CASO_PRUEBA_ARTIFICIAL_NO_ES_PROYECTO,demanda×capex,1.142996,0,0.3,CASO_ARTIFICIAL,7798.516884,demanda,capex,NO_CALCULABLE,POSITIVO,DENTRO_DEL_UMBRAL,POSITIVO
ART-ASSET-LIGHT,,2400,OK,CASO_PRUEBA_ARTIFICIAL_NO_ES_PROYECTO,demanda×capex,0.877791,0.1,-0.3,CASO_ARTIFICIAL,8048.334519,demanda,capex,NO_CALCULABLE,POSITIVO,DENTRO_DEL_UMBRAL,POSITIVO
ART-ASSET-LIGHT,,2400,OK,CASO_PRUEBA_ARTIFICIAL_NO_ES_PROYECTO,demanda×capex,0.999742,0.1,-0.2,CASO_ARTIFICIAL,8006.698247,demanda,capex,NO_CALCULABLE,POSITIVO,DENTRO_DEL_UMBRAL,POSITIVO
ART-ASSET-LIGHT,,2400,OK,CASO_PRUEBA_ARTIFICIAL_NO_ES_PROYECTO,demanda×capex,1.028652,0.1,-0.1,CASO_ARTIFICIAL,7965.061974,demanda,capex,NO_CALCULABLE,POSITIVO,DENTRO_DEL_UMBRAL,POSITIVO
ART-ASSET-LIGHT,,2400,OK,CASO_PRUEBA_ARTIFICIAL_NO_ES_PROYECTO,demanda×capex,1.057314,0.1,0,CASO_ARTIFICIAL,7923.425702,demanda,capex,NO_CALCULABLE,POSITIVO,DENTRO_DEL_UMBRAL,POSITIVO
ART-ASSET-LIGHT,,2400,OK,CASO_PRUEBA_ARTIFICIAL_NO_ES_PROYECTO,demanda×capex,1.085925,0.1,0.1,CASO_ARTIFICIAL,7881.789429,demanda,capex,NO_CALCULABLE,POSITIVO,DENTRO_DEL_UMBRAL,POSITIVO
ART-ASSET-LIGHT,,2400,OK,CASO_PRUEBA_ARTIFICIAL_NO_ES_PROYECTO,demanda×capex,1.114486,0.1,0.2,CASO_ARTIFICIAL,7840.153156,demanda,capex,NO_CALCULABLE,POSITIVO,DENTRO_DEL_UMBRAL,POSITIVO
ART-ASSET-LIGHT,,2400,OK,CASO_PRUEBA_ARTIFICIAL_NO_ES_PROYECTO,demanda×capex,1.142996,0.1,0.3,CASO_ARTIFICIAL,7798.516884,demanda,capex,NO_CALCULABLE,POSITIVO,DENTRO_DEL_UMBRAL,POSITIVO
ART-ASSET-LIGHT,,2400,OK,CASO_PRUEBA_ARTIFICIAL_NO_ES_PROYECTO,demanda×capex,0.877791,0.2,-0.3,CASO_ARTIFICIAL,8048.334519,demanda,capex,NO_CALCULABLE,POSITIVO,DENTRO_DEL_UMBRAL,POSITIVO
ART-ASSET-LIGHT,,2400,OK,CASO_PRUEBA_ARTIFICIAL_NO_ES_PROYECTO,demanda×capex,0.999742,0.2,-0.2,CASO_ARTIFICIAL,8006.698247,demanda,capex,NO_CALCULABLE,POSITIVO,DENTRO_DEL_UMBRAL,POSITIVO
ART-ASSET-LIGHT,,2400,OK,CASO_PRUEBA_ARTIFICIAL_NO_ES_PROYECTO,demanda×capex,1.028652,0.2,-0.1,CASO_ARTIFICIAL,7965.061974,demanda,capex,NO_CALCULABLE,POSITIVO,DENTRO_DEL_UMBRAL,POSITIVO
ART-ASSET-LIGHT,,2400,OK,CASO_PRUEBA_ARTIFICIAL_NO_ES_PROYECTO,demanda×capex,1.057314,0.2,0,CASO_ARTIFICIAL,7923.425702,demanda,capex,NO_CALCULABLE,POSITIVO,DENTRO_DEL_UMBRAL,POSITIVO
ART-ASSET-LIGHT,,2400,OK,CASO_PRUEBA_ARTIFICIAL_NO_ES_PROYECTO,demanda×capex,1.085925,0.2,0.1,CASO_ARTIFICIAL,7881.789429,demanda,capex,NO_CALCULABLE,POSITIVO,DENTRO_DEL_UMBRAL,POSITIVO
ART-ASSET-LIGHT,,2400,OK,CASO_PRUEBA_ARTIFICIAL_NO_ES_PROYECTO,demanda×capex,1.114486,0.2,0.2,CASO_ARTIFICIAL,7840.153156,demanda,capex,NO_CALCULABLE,POSITIVO,DENTRO_DEL_UMBRAL,POSITIVO
ART-ASSET-LIGHT,,2400,OK,CASO_PRUEBA_ARTIFICIAL_NO_ES_PROYECTO,demanda×capex,1.142996,0.2,0.3,CASO_ARTIFICIAL,7798.516884,demanda,capex,NO_CALCULABLE,POSITIVO,DENTRO_DEL_UMBRAL,POSITIVO
ART-ASSET-LIGHT,,2400,OK,CASO_PRUEBA_ARTIFICIAL_NO_ES_PROYECTO,demanda×capex,0.877791,0.3,-0.3,CASO_ARTIFICIAL,8048.334519,demanda,capex,NO_CALCULABLE,POSITIVO,DENTRO_DEL_UMBRAL,POSITIVO
ART-ASSET-LIGHT,,2400,OK,CASO_PRUEBA_ARTIFICIAL_NO_ES_PROYECTO,demanda×capex,0.999742,0.3,-0.2,CASO_ARTIFICIAL,8006.698247,demanda,capex,NO_CALCULABLE,POSITIVO,DENTRO_DEL_UMBRAL,POSITIVO
ART-ASSET-LIGHT,,2400,OK,CASO_PRUEBA_ARTIFICIAL_NO_ES_PROYECTO,demanda×capex,1.028652,0.3,-0.1,CASO_ARTIFICIAL,7965.061974,demanda,capex,NO_CALCULABLE,POSITIVO,DENTRO_DEL_UMBRAL,POSITIVO
ART-ASSET-LIGHT,,2400,OK,CASO_PRUEBA_ARTIFICIAL_NO_ES_PROYECTO,demanda×capex,1.057314,0.3,0,CASO_ARTIFICIAL,7923.425702,demanda,capex,NO_CALCULABLE,POSITIVO,DENTRO_DEL_UMBRAL,POSITIVO
ART-ASSET-LIGHT,,2400,OK,CASO_PRUEBA_ARTIFICIAL_NO_ES_PROYECTO,demanda×capex,1.085925,0.3,0.1,CASO_ARTIFICIAL,7881.789429,demanda,capex,NO_CALCULABLE,POSITIVO,DENTRO_DEL_UMBRAL,POSITIVO
ART-ASSET-LIGHT,,2400,OK,CASO_PRUEBA_ARTIFICIAL_NO_ES_PROYECTO,demanda×capex,1.114486,0.3,0.2,CASO_ARTIFICIAL,7840.153156,demanda,capex,NO_CALCULABLE,POSITIVO,DENTRO_DEL_UMBRAL,POSITIVO
ART-ASSET-LIGHT,,2400,OK,CASO_PRUEBA_ARTIFICIAL_NO_ES_PROYECTO,demanda×capex,1.142996,0.3,0.3,CASO_ARTIFICIAL,7798.516884,demanda,capex,NO_CALCULABLE,POSITIVO,DENTRO_DEL_UMBRAL,POSITIVO
ART-ASSET-LIGHT,,-1020,OK,CASO_PRUEBA_ARTIFICIAL_NO_ES_PROYECTO,utilizacion×precio_venta,,-0.3,-0.3,CASO_ARTIFICIAL,-6460.996968,utilizacion,precio_venta,NO_CALCULABLE,NEGATIVO,NO_RECUPERADO,NEGATIVO
ART-ASSET-LIGHT,,-180,OK,CASO_PRUEBA_ARTIFICIAL_NO_ES_PROYECTO,utilizacion×precio_venta,,-0.3,-0.2,CASO_ARTIFICIAL,-1973.57846,utilizacion,precio_venta,NO_CALCULABLE,NEGATIVO,NO_RECUPERADO,NEGATIVO
ART-ASSET-LIGHT,,660,OK,CASO_PRUEBA_ARTIFICIAL_NO_ES_PROYECTO,utilizacion×precio_venta,2.43898,-0.3,-0.1,CASO_ARTIFICIAL,1602.840963,utilizacion,precio_venta,NO_CALCULABLE,POSITIVO,DENTRO_DEL_UMBRAL,POSITIVO
ART-ASSET-LIGHT,,1500,OK,CASO_PRUEBA_ARTIFICIAL_NO_ES_PROYECTO,utilizacion×precio_venta,1.302329,-0.3,0,CASO_ARTIFICIAL,4725.540768,utilizacion,precio_venta,NO_CALCULABLE,POSITIVO,DENTRO_DEL_UMBRAL,POSITIVO
ART-ASSET-LIGHT,,2340,OK,CASO_PRUEBA_ARTIFICIAL_NO_ES_PROYECTO,utilizacion×precio_venta,0.921774,-0.3,0.1,CASO_ARTIFICIAL,7848.240573,utilizacion,precio_venta,NO_CALCULABLE,POSITIVO,DENTRO_DEL_UMBRAL,POSITIVO
ART-ASSET-LIGHT,,3180,OK,CASO_PRUEBA_ARTIFICIAL_NO_ES_PROYECTO,utilizacion×precio_venta,0.551362,-0.3,0.2,CASO_ARTIFICIAL,10970.940379,utilizacion,precio_venta,NO_CALCULABLE,POSITIVO,DENTRO_DEL_UMBRAL,POSITIVO
ART-ASSET-LIGHT,,4020,OK,CASO_PRUEBA_ARTIFICIAL_NO_ES_PROYECTO,utilizacion×precio_venta,0.393311,-0.3,0.3,CASO_ARTIFICIAL,14093.640184,utilizacion,precio_venta,NO_CALCULABLE,POSITIVO,DENTRO_DEL_UMBRAL,POSITIVO
ART-ASSET-LIGHT,,-1080,OK,CASO_PRUEBA_ARTIFICIAL_NO_ES_PROYECTO,utilizacion×precio_venta,,-0.2,-0.3,CASO_ARTIFICIAL,-6837.785777,utilizacion,precio_venta,NO_CALCULABLE,NEGATIVO,NO_RECUPERADO,NEGATIVO
ART-ASSET-LIGHT,,-120,OK,CASO_PRUEBA_ARTIFICIAL_NO_ES_PROYECTO,utilizacion×precio_venta,,-0.2,-0.2,CASO_ARTIFICIAL,-1709.307482,utilizacion,precio_venta,NO_CALCULABLE,NEGATIVO,NO_RECUPERADO,NEGATIVO
ART-ASSET-LIGHT,,840,OK,CASO_PRUEBA_ARTIFICIAL_NO_ES_PROYECTO,utilizacion×precio_venta,2.100344,-0.2,-0.1,CASO_ARTIFICIAL,2222.702636,utilizacion,precio_venta,NO_CALCULABLE,POSITIVO,DENTRO_DEL_UMBRAL,POSITIVO
ART-ASSET-LIGHT,,1800,OK,CASO_PRUEBA_ARTIFICIAL_NO_ES_PROYECTO,utilizacion×precio_venta,1.193754,-0.2,0,CASO_ARTIFICIAL,5791.502413,utilizacion,precio_venta,NO_CALCULABLE,POSITIVO,DENTRO_DEL_UMBRAL,POSITIVO
ART-ASSET-LIGHT,,2760,OK,CASO_PRUEBA_ARTIFICIAL_NO_ES_PROYECTO,utilizacion×precio_venta,0.746897,-0.2,0.1,CASO_ARTIFICIAL,9360.30219,utilizacion,precio_venta,NO_CALCULABLE,POSITIVO,DENTRO_DEL_UMBRAL,POSITIVO
ART-ASSET-LIGHT,,3720,OK,CASO_PRUEBA_ARTIFICIAL_NO_ES_PROYECTO,utilizacion×precio_venta,0.460444,-0.2,0.2,CASO_ARTIFICIAL,12929.101967,utilizacion,precio_venta,NO_CALCULABLE,POSITIVO,DENTRO_DEL_UMBRAL,POSITIVO
ART-ASSET-LIGHT,,4680,OK,CASO_PRUEBA_ARTIFICIAL_NO_ES_PROYECTO,utilizacion×precio_venta,0.332805,-0.2,0.3,CASO_ARTIFICIAL,16497.901745,utilizacion,precio_venta,NO_CALCULABLE,POSITIVO,DENTRO_DEL_UMBRAL,POSITIVO
ART-ASSET-LIGHT,,-1140,OK,CASO_PRUEBA_ARTIFICIAL_NO_ES_PROYECTO,utilizacion×precio_venta,,-0.1,-0.3,CASO_ARTIFICIAL,-7214.574587,utilizacion,precio_venta,NO_CALCULABLE,NEGATIVO,NO_RECUPERADO,NEGATIVO
ART-ASSET-LIGHT,,-60,OK,CASO_PRUEBA_ARTIFICIAL_NO_ES_PROYECTO,utilizacion×precio_venta,,-0.1,-0.2,CASO_ARTIFICIAL,-1445.036505,utilizacion,precio_venta,NO_CALCULABLE,NEGATIVO,NO_RECUPERADO,NEGATIVO
ART-ASSET-LIGHT,,1020,OK,CASO_PRUEBA_ARTIFICIAL_NO_ES_PROYECTO,utilizacion×precio_venta,1.878768,-0.1,-0.1,CASO_ARTIFICIAL,2842.564308,utilizacion,precio_venta,NO_CALCULABLE,POSITIVO,DENTRO_DEL_UMBRAL,POSITIVO
ART-ASSET-LIGHT,,2100,OK,CASO_PRUEBA_ARTIFICIAL_NO_ES_PROYECTO,utilizacion×precio_venta,1.115886,-0.1,0,CASO_ARTIFICIAL,6857.464057,utilizacion,precio_venta,NO_CALCULABLE,POSITIVO,DENTRO_DEL_UMBRAL,POSITIVO
ART-ASSET-LIGHT,,3180,OK,CASO_PRUEBA_ARTIFICIAL_NO_ES_PROYECTO,utilizacion×precio_venta,0.627794,-0.1,0.1,CASO_ARTIFICIAL,10872.363807,utilizacion,precio_venta,NO_CALCULABLE,POSITIVO,DENTRO_DEL_UMBRAL,POSITIVO
ART-ASSET-LIGHT,,4260,OK,CASO_PRUEBA_ARTIFICIAL_NO_ES_PROYECTO,utilizacion×precio_venta,0.395266,-0.1,0.2,CASO_ARTIFICIAL,14887.263556,utilizacion,precio_venta,NO_CALCULABLE,POSITIVO,DENTRO_DEL_UMBRAL,POSITIVO
ART-ASSET-LIGHT,,5340,OK,CASO_PRUEBA_ARTIFICIAL_NO_ES_PROYECTO,utilizacion×precio_venta,0.288434,-0.1,0.3,CASO_ARTIFICIAL,18902.163305,utilizacion,precio_venta,NO_CALCULABLE,POSITIVO,DENTRO_DEL_UMBRAL,POSITIVO
ART-ASSET-LIGHT,,-1200,OK,CASO_PRUEBA_ARTIFICIAL_NO_ES_PROYECTO,utilizacion×precio_venta,,0,-0.3,CASO_ARTIFICIAL,-7591.363396,utilizacion,precio_venta,NO_CALCULABLE,NEGATIVO,NO_RECUPERADO,NEGATIVO
ART-ASSET-LIGHT,,0,OK,CASO_PRUEBA_ARTIFICIAL_NO_ES_PROYECTO,utilizacion×precio_venta,,0,-0.2,CASO_ARTIFICIAL,-1180.765527,utilizacion,precio_venta,NO_CALCULABLE,CERO,NO_RECUPERADO,NEGATIVO
ART-ASSET-LIGHT,,1200,OK,CASO_PRUEBA_ARTIFICIAL_NO_ES_PROYECTO,utilizacion×precio_venta,1.722499,0,-0.1,CASO_ARTIFICIAL,3462.42598,utilizacion,precio_venta,NO_CALCULABLE,POSITIVO,DENTRO_DEL_UMBRAL,POSITIVO
ART-ASSET-LIGHT,,2400,OK,CASO_PRUEBA_ARTIFICIAL_NO_ES_PROYECTO,utilizacion×precio_venta,1.057314,0,0,CASO_ARTIFICIAL,7923.425702,utilizacion,precio_venta,NO_CALCULABLE,POSITIVO,DENTRO_DEL_UMBRAL,POSITIVO
ART-ASSET-LIGHT,,3600,OK,CASO_PRUEBA_ARTIFICIAL_NO_ES_PROYECTO,utilizacion×precio_venta,0.541452,0,0.1,CASO_ARTIFICIAL,12384.425423,utilizacion,precio_venta,NO_CALCULABLE,POSITIVO,DENTRO_DEL_UMBRAL,POSITIVO
ART-ASSET-LIGHT,,4800,OK,CASO_PRUEBA_ARTIFICIAL_NO_ES_PROYECTO,utilizacion×precio_venta,0.346252,0,0.2,CASO_ARTIFICIAL,16845.425145,utilizacion,precio_venta,NO_CALCULABLE,POSITIVO,DENTRO_DEL_UMBRAL,POSITIVO
ART-ASSET-LIGHT,,6000,OK,CASO_PRUEBA_ARTIFICIAL_NO_ES_PROYECTO,utilizacion×precio_venta,0.254502,0,0.3,CASO_ARTIFICIAL,21306.424866,utilizacion,precio_venta,NO_CALCULABLE,POSITIVO,DENTRO_DEL_UMBRAL,POSITIVO
ART-ASSET-LIGHT,,-1200,OK,CASO_PRUEBA_ARTIFICIAL_NO_ES_PROYECTO,utilizacion×precio_venta,,0.1,-0.3,CASO_ARTIFICIAL,-7631.768471,utilizacion,precio_venta,NO_CALCULABLE,NEGATIVO,NO_RECUPERADO,NEGATIVO
ART-ASSET-LIGHT,,0,OK,CASO_PRUEBA_ARTIFICIAL_NO_ES_PROYECTO,utilizacion×precio_venta,,0.1,-0.2,CASO_ARTIFICIAL,-1186.831316,utilizacion,precio_venta,NO_CALCULABLE,CERO,NO_RECUPERADO,NEGATIVO
ART-ASSET-LIGHT,,1200,OK,CASO_PRUEBA_ARTIFICIAL_NO_ES_PROYECTO,utilizacion×precio_venta,1.696573,0.1,-0.1,CASO_ARTIFICIAL,3482.217427,utilizacion,precio_venta,NO_CALCULABLE,POSITIVO,DENTRO_DEL_UMBRAL,POSITIVO
ART-ASSET-LIGHT,,2400,OK,CASO_PRUEBA_ARTIFICIAL_NO_ES_PROYECTO,utilizacion×precio_venta,1.028353,0.1,0,CASO_ARTIFICIAL,7967.254649,utilizacion,precio_venta,NO_CALCULABLE,POSITIVO,DENTRO_DEL_UMBRAL,POSITIVO
ART-ASSET-LIGHT,,3600,OK,CASO_PRUEBA_ARTIFICIAL_NO_ES_PROYECTO,utilizacion×precio_venta,0.500273,0.1,0.1,CASO_ARTIFICIAL,12452.29187,utilizacion,precio_venta,NO_CALCULABLE,POSITIVO,DENTRO_DEL_UMBRAL,POSITIVO
ART-ASSET-LIGHT,,4800,OK,CASO_PRUEBA_ARTIFICIAL_NO_ES_PROYECTO,utilizacion×precio_venta,0.323213,0.1,0.2,CASO_ARTIFICIAL,16937.329092,utilizacion,precio_venta,NO_CALCULABLE,POSITIVO,DENTRO_DEL_UMBRAL,POSITIVO
ART-ASSET-LIGHT,,6000,OK,CASO_PRUEBA_ARTIFICIAL_NO_ES_PROYECTO,utilizacion×precio_venta,0.238723,0.1,0.3,CASO_ARTIFICIAL,21422.366314,utilizacion,precio_venta,NO_CALCULABLE,POSITIVO,DENTRO_DEL_UMBRAL,POSITIVO
ART-ASSET-LIGHT,,-1200,OK,CASO_PRUEBA_ARTIFICIAL_NO_ES_PROYECTO,utilizacion×precio_venta,,0.2,-0.3,CASO_ARTIFICIAL,-7672.173546,utilizacion,precio_venta,NO_CALCULABLE,NEGATIVO,NO_RECUPERADO,NEGATIVO
ART-ASSET-LIGHT,,0,OK,CASO_PRUEBA_ARTIFICIAL_NO_ES_PROYECTO,utilizacion×precio_venta,,0.2,-0.2,CASO_ARTIFICIAL,-1192.897106,utilizacion,precio_venta,NO_CALCULABLE,CERO,NO_RECUPERADO,NEGATIVO
ART-ASSET-LIGHT,,1200,OK,CASO_PRUEBA_ARTIFICIAL_NO_ES_PROYECTO,utilizacion×precio_venta,1.670648,0.2,-0.1,CASO_ARTIFICIAL,3502.008875,utilizacion,precio_venta,NO_CALCULABLE,POSITIVO,DENTRO_DEL_UMBRAL,POSITIVO
ART-ASSET-LIGHT,,2400,OK,CASO_PRUEBA_ARTIFICIAL_NO_ES_PROYECTO,utilizacion×precio_venta,0.997944,0.2,0,CASO_ARTIFICIAL,8011.083596,utilizacion,precio_venta,NO_CALCULABLE,POSITIVO,DENTRO_DEL_UMBRAL,POSITIVO
ART-ASSET-LIGHT,,3600,OK,CASO_PRUEBA_ARTIFICIAL_NO_ES_PROYECTO,utilizacion×precio_venta,0.464916,0.2,0.1,CASO_ARTIFICIAL,12520.158318,utilizacion,precio_venta,NO_CALCULABLE,POSITIVO,DENTRO_DEL_UMBRAL,POSITIVO
ART-ASSET-LIGHT,,4800,OK,CASO_PRUEBA_ARTIFICIAL_NO_ES_PROYECTO,utilizacion×precio_venta,0.303049,0.2,0.2,CASO_ARTIFICIAL,17029.233039,utilizacion,precio_venta,NO_CALCULABLE,POSITIVO,DENTRO_DEL_UMBRAL,POSITIVO
ART-ASSET-LIGHT,,6000,OK,CASO_PRUEBA_ARTIFICIAL_NO_ES_PROYECTO,utilizacion×precio_venta,0.224787,0.2,0.3,CASO_ARTIFICIAL,21538.307761,utilizacion,precio_venta,NO_CALCULABLE,POSITIVO,DENTRO_DEL_UMBRAL,POSITIVO
ART-ASSET-LIGHT,,-1200,OK,CASO_PRUEBA_ARTIFICIAL_NO_ES_PROYECTO,utilizacion×precio_venta,,0.3,-0.3,CASO_ARTIFICIAL,-7702.242155,utilizacion,precio_venta,NO_CALCULABLE,NEGATIVO,NO_RECUPERADO,NEGATIVO
ART-ASSET-LIGHT,,0,OK,CASO_PRUEBA_ARTIFICIAL_NO_ES_PROYECTO,utilizacion×precio_venta,,0.3,-0.2,CASO_ARTIFICIAL,-1199.233572,utilizacion,precio_venta,NO_CALCULABLE,CERO,NO_RECUPERADO,NEGATIVO
ART-ASSET-LIGHT,,1200,OK,CASO_PRUEBA_ARTIFICIAL_NO_ES_PROYECTO,utilizacion×precio_venta,1.654696,0.3,-0.1,CASO_ARTIFICIAL,3514.185848,utilizacion,precio_venta,NO_CALCULABLE,POSITIVO,DENTRO_DEL_UMBRAL,POSITIVO
ART-ASSET-LIGHT,,2400,OK,CASO_PRUEBA_ARTIFICIAL_NO_ES_PROYECTO,utilizacion×precio_venta,0.937604,0.3,0,CASO_ARTIFICIAL,8039.87307,utilizacion,precio_venta,NO_CALCULABLE,POSITIVO,DENTRO_DEL_UMBRAL,POSITIVO
ART-ASSET-LIGHT,,3600,OK,CASO_PRUEBA_ARTIFICIAL_NO_ES_PROYECTO,utilizacion×precio_venta,0.443926,0.3,0.1,CASO_ARTIFICIAL,12565.560292,utilizacion,precio_venta,NO_CALCULABLE,POSITIVO,DENTRO_DEL_UMBRAL,POSITIVO
ART-ASSET-LIGHT,,4800,OK,CASO_PRUEBA_ARTIFICIAL_NO_ES_PROYECTO,utilizacion×precio_venta,0.290807,0.3,0.2,CASO_ARTIFICIAL,17091.247513,utilizacion,precio_venta,NO_CALCULABLE,POSITIVO,DENTRO_DEL_UMBRAL,POSITIVO
ART-ASSET-LIGHT,,6000,OK,CASO_PRUEBA_ARTIFICIAL_NO_ES_PROYECTO,utilizacion×precio_venta,0.216226,0.3,0.3,CASO_ARTIFICIAL,21616.934735,utilizacion,precio_venta,NO_CALCULABLE,POSITIVO,DENTRO_DEL_UMBRAL,POSITIVO
ART-ASSET-LIGHT,,-1020,OK,CASO_PRUEBA_ARTIFICIAL_NO_ES_PROYECTO,demanda×precio_venta,,-0.3,-0.3,CASO_ARTIFICIAL,-6558.198182,demanda,precio_venta,NO_CALCULABLE,NEGATIVO,NO_RECUPERADO,NEGATIVO
ART-ASSET-LIGHT,,-180,OK,CASO_PRUEBA_ARTIFICIAL_NO_ES_PROYECTO,demanda×precio_venta,,-0.3,-0.2,CASO_ARTIFICIAL,-1992.404673,demanda,precio_venta,NO_CALCULABLE,NEGATIVO,NO_RECUPERADO,NEGATIVO
ART-ASSET-LIGHT,,660,OK,CASO_PRUEBA_ARTIFICIAL_NO_ES_PROYECTO,demanda×precio_venta,2.341105,-0.3,-0.1,CASO_ARTIFICIAL,1644.525114,demanda,precio_venta,NO_CALCULABLE,POSITIVO,DENTRO_DEL_UMBRAL,POSITIVO
ART-ASSET-LIGHT,,1500,OK,CASO_PRUEBA_ARTIFICIAL_NO_ES_PROYECTO,demanda×precio_venta,1.200796,-0.3,0,CASO_ARTIFICIAL,4822.087419,demanda,precio_venta,NO_CALCULABLE,POSITIVO,DENTRO_DEL_UMBRAL,POSITIVO
ART-ASSET-LIGHT,,2340,OK,CASO_PRUEBA_ARTIFICIAL_NO_ES_PROYECTO,demanda×precio_venta,0.702237,-0.3,0.1,CASO_ARTIFICIAL,7999.649724,demanda,precio_venta,NO_CALCULABLE,POSITIVO,DENTRO_DEL_UMBRAL,POSITIVO
ART-ASSET-LIGHT,,3180,OK,CASO_PRUEBA_ARTIFICIAL_NO_ES_PROYECTO,demanda×precio_venta,0.439418,-0.3,0.2,CASO_ARTIFICIAL,11177.212029,demanda,precio_venta,NO_CALCULABLE,POSITIVO,DENTRO_DEL_UMBRAL,POSITIVO
ART-ASSET-LIGHT,,4020,OK,CASO_PRUEBA_ARTIFICIAL_NO_ES_PROYECTO,demanda×precio_venta,0.319749,-0.3,0.3,CASO_ARTIFICIAL,14354.774334,demanda,precio_venta,NO_CALCULABLE,POSITIVO,DENTRO_DEL_UMBRAL,POSITIVO
ART-ASSET-LIGHT,,-1080,OK,CASO_PRUEBA_ARTIFICIAL_NO_ES_PROYECTO,demanda×precio_venta,,-0.2,-0.3,CASO_ARTIFICIAL,-6918.595928,demanda,precio_venta,NO_CALCULABLE,NEGATIVO,NO_RECUPERADO,NEGATIVO
ART-ASSET-LIGHT,,-120,OK,CASO_PRUEBA_ARTIFICIAL_NO_ES_PROYECTO,demanda×precio_venta,,-0.2,-0.2,CASO_ARTIFICIAL,-1721.439061,demanda,precio_venta,NO_CALCULABLE,NEGATIVO,NO_RECUPERADO,NEGATIVO
ART-ASSET-LIGHT,,840,OK,CASO_PRUEBA_ARTIFICIAL_NO_ES_PROYECTO,demanda×precio_venta,2.026824,-0.2,-0.1,CASO_ARTIFICIAL,2262.28553,demanda,precio_venta,NO_CALCULABLE,POSITIVO,DENTRO_DEL_UMBRAL,POSITIVO
ART-ASSET-LIGHT,,1800,OK,CASO_PRUEBA_ARTIFICIAL_NO_ES_PROYECTO,demanda×precio_venta,1.116752,-0.2,0,CASO_ARTIFICIAL,5879.160308,demanda,precio_venta,NO_CALCULABLE,POSITIVO,DENTRO_DEL_UMBRAL,POSITIVO
ART-ASSET-LIGHT,,2760,OK,CASO_PRUEBA_ARTIFICIAL_NO_ES_PROYECTO,demanda×precio_venta,0.608675,-0.2,0.1,CASO_ARTIFICIAL,9496.035085,demanda,precio_venta,NO_CALCULABLE,POSITIVO,DENTRO_DEL_UMBRAL,POSITIVO
ART-ASSET-LIGHT,,3720,OK,CASO_PRUEBA_ARTIFICIAL_NO_ES_PROYECTO,demanda×precio_venta,0.387065,-0.2,0.2,CASO_ARTIFICIAL,13112.909862,demanda,precio_venta,NO_CALCULABLE,POSITIVO,DENTRO_DEL_UMBRAL,POSITIVO
ART-ASSET-LIGHT,,4680,OK,CASO_PRUEBA_ARTIFICIAL_NO_ES_PROYECTO,demanda×precio_venta,0.283754,-0.2,0.3,CASO_ARTIFICIAL,16729.784639,demanda,precio_venta,NO_CALCULABLE,POSITIVO,DENTRO_DEL_UMBRAL,POSITIVO
ART-ASSET-LIGHT,,-1140,OK,CASO_PRUEBA_ARTIFICIAL_NO_ES_PROYECTO,demanda×precio_venta,,-0.1,-0.3,CASO_ARTIFICIAL,-7254.979662,demanda,precio_venta,NO_CALCULABLE,NEGATIVO,NO_RECUPERADO,NEGATIVO
ART-ASSET-LIGHT,,-60,OK,CASO_PRUEBA_ARTIFICIAL_NO_ES_PROYECTO,demanda×precio_venta,,-0.1,-0.2,CASO_ARTIFICIAL,-1451.102294,demanda,precio_venta,NO_CALCULABLE,NEGATIVO,NO_RECUPERADO,NEGATIVO
ART-ASSET-LIGHT,,1020,OK,CASO_PRUEBA_ARTIFICIAL_NO_ES_PROYECTO,demanda×precio_venta,1.848362,-0.1,-0.1,CASO_ARTIFICIAL,2862.355755,demanda,precio_venta,NO_CALCULABLE,POSITIVO,DENTRO_DEL_UMBRAL,POSITIVO
ART-ASSET-LIGHT,,2100,OK,CASO_PRUEBA_ARTIFICIAL_NO_ES_PROYECTO,demanda×precio_venta,1.08283,-0.1,0,CASO_ARTIFICIAL,6901.293005,demanda,precio_venta,NO_CALCULABLE,POSITIVO,DENTRO_DEL_UMBRAL,POSITIVO
ART-ASSET-LIGHT,,3180,OK,CASO_PRUEBA_ARTIFICIAL_NO_ES_PROYECTO,demanda×precio_venta,0.573099,-0.1,0.1,CASO_ARTIFICIAL,10940.230254,demanda,precio_venta,NO_CALCULABLE,POSITIVO,DENTRO_DEL_UMBRAL,POSITIVO
ART-ASSET-LIGHT,,4260,OK,CASO_PRUEBA_ARTIFICIAL_NO_ES_PROYECTO,demanda×precio_venta,0.365523,-0.1,0.2,CASO_ARTIFICIAL,14979.167503,demanda,precio_venta,NO_CALCULABLE,POSITIVO,DENTRO_DEL_UMBRAL,POSITIVO
ART-ASSET-LIGHT,,5340,OK,CASO_PRUEBA_ARTIFICIAL_NO_ES_PROYECTO,demanda×precio_venta,0.268333,-0.1,0.3,CASO_ARTIFICIAL,19018.104753,demanda,precio_venta,NO_CALCULABLE,POSITIVO,DENTRO_DEL_UMBRAL,POSITIVO
ART-ASSET-LIGHT,,-1200,OK,CASO_PRUEBA_ARTIFICIAL_NO_ES_PROYECTO,demanda×precio_venta,,0,-0.3,CASO_ARTIFICIAL,-7591.363396,demanda,precio_venta,NO_CALCULABLE,NEGATIVO,NO_RECUPERADO,NEGATIVO
ART-ASSET-LIGHT,,0,OK,CASO_PRUEBA_ARTIFICIAL_NO_ES_PROYECTO,demanda×precio_venta,,0,-0.2,CASO_ARTIFICIAL,-1180.765527,demanda,precio_venta,NO_CALCULABLE,CERO,NO_RECUPERADO,NEGATIVO
ART-ASSET-LIGHT,,1200,OK,CASO_PRUEBA_ARTIFICIAL_NO_ES_PROYECTO,demanda×precio_venta,1.722499,0,-0.1,CASO_ARTIFICIAL,3462.42598,demanda,precio_venta,NO_CALCULABLE,POSITIVO,DENTRO_DEL_UMBRAL,POSITIVO
ART-ASSET-LIGHT,,2400,OK,CASO_PRUEBA_ARTIFICIAL_NO_ES_PROYECTO,demanda×precio_venta,1.057314,0,0,CASO_ARTIFICIAL,7923.425702,demanda,precio_venta,NO_CALCULABLE,POSITIVO,DENTRO_DEL_UMBRAL,POSITIVO
ART-ASSET-LIGHT,,3600,OK,CASO_PRUEBA_ARTIFICIAL_NO_ES_PROYECTO,demanda×precio_venta,0.541452,0,0.1,CASO_ARTIFICIAL,12384.425423,demanda,precio_venta,NO_CALCULABLE,POSITIVO,DENTRO_DEL_UMBRAL,POSITIVO
ART-ASSET-LIGHT,,4800,OK,CASO_PRUEBA_ARTIFICIAL_NO_ES_PROYECTO,demanda×precio_venta,0.346252,0,0.2,CASO_ARTIFICIAL,16845.425145,demanda,precio_venta,NO_CALCULABLE,POSITIVO,DENTRO_DEL_UMBRAL,POSITIVO
ART-ASSET-LIGHT,,6000,OK,CASO_PRUEBA_ARTIFICIAL_NO_ES_PROYECTO,demanda×precio_venta,0.254502,0,0.3,CASO_ARTIFICIAL,21306.424866,demanda,precio_venta,NO_CALCULABLE,POSITIVO,DENTRO_DEL_UMBRAL,POSITIVO
ART-ASSET-LIGHT,,-1200,OK,CASO_PRUEBA_ARTIFICIAL_NO_ES_PROYECTO,demanda×precio_venta,,0.1,-0.3,CASO_ARTIFICIAL,-7591.363396,demanda,precio_venta,NO_CALCULABLE,NEGATIVO,NO_RECUPERADO,NEGATIVO
ART-ASSET-LIGHT,,0,OK,CASO_PRUEBA_ARTIFICIAL_NO_ES_PROYECTO,demanda×precio_venta,,0.1,-0.2,CASO_ARTIFICIAL,-1180.765527,demanda,precio_venta,NO_CALCULABLE,CERO,NO_RECUPERADO,NEGATIVO
ART-ASSET-LIGHT,,1200,OK,CASO_PRUEBA_ARTIFICIAL_NO_ES_PROYECTO,demanda×precio_venta,1.722499,0.1,-0.1,CASO_ARTIFICIAL,3462.42598,demanda,precio_venta,NO_CALCULABLE,POSITIVO,DENTRO_DEL_UMBRAL,POSITIVO
ART-ASSET-LIGHT,,2400,OK,CASO_PRUEBA_ARTIFICIAL_NO_ES_PROYECTO,demanda×precio_venta,1.057314,0.1,0,CASO_ARTIFICIAL,7923.425702,demanda,precio_venta,NO_CALCULABLE,POSITIVO,DENTRO_DEL_UMBRAL,POSITIVO
ART-ASSET-LIGHT,,3600,OK,CASO_PRUEBA_ARTIFICIAL_NO_ES_PROYECTO,demanda×precio_venta,0.541452,0.1,0.1,CASO_ARTIFICIAL,12384.425423,demanda,precio_venta,NO_CALCULABLE,POSITIVO,DENTRO_DEL_UMBRAL,POSITIVO
ART-ASSET-LIGHT,,4800,OK,CASO_PRUEBA_ARTIFICIAL_NO_ES_PROYECTO,demanda×precio_venta,0.346252,0.1,0.2,CASO_ARTIFICIAL,16845.425145,demanda,precio_venta,NO_CALCULABLE,POSITIVO,DENTRO_DEL_UMBRAL,POSITIVO
ART-ASSET-LIGHT,,6000,OK,CASO_PRUEBA_ARTIFICIAL_NO_ES_PROYECTO,demanda×precio_venta,0.254502,0.1,0.3,CASO_ARTIFICIAL,21306.424866,demanda,precio_venta,NO_CALCULABLE,POSITIVO,DENTRO_DEL_UMBRAL,POSITIVO
ART-ASSET-LIGHT,,-1200,OK,CASO_PRUEBA_ARTIFICIAL_NO_ES_PROYECTO,demanda×precio_venta,,0.2,-0.3,CASO_ARTIFICIAL,-7591.363396,demanda,precio_venta,NO_CALCULABLE,NEGATIVO,NO_RECUPERADO,NEGATIVO
ART-ASSET-LIGHT,,0,OK,CASO_PRUEBA_ARTIFICIAL_NO_ES_PROYECTO,demanda×precio_venta,,0.2,-0.2,CASO_ARTIFICIAL,-1180.765527,demanda,precio_venta,NO_CALCULABLE,CERO,NO_RECUPERADO,NEGATIVO
ART-ASSET-LIGHT,,1200,OK,CASO_PRUEBA_ARTIFICIAL_NO_ES_PROYECTO,demanda×precio_venta,1.722499,0.2,-0.1,CASO_ARTIFICIAL,3462.42598,demanda,precio_venta,NO_CALCULABLE,POSITIVO,DENTRO_DEL_UMBRAL,POSITIVO
ART-ASSET-LIGHT,,2400,OK,CASO_PRUEBA_ARTIFICIAL_NO_ES_PROYECTO,demanda×precio_venta,1.057314,0.2,0,CASO_ARTIFICIAL,7923.425702,demanda,precio_venta,NO_CALCULABLE,POSITIVO,DENTRO_DEL_UMBRAL,POSITIVO
ART-ASSET-LIGHT,,3600,OK,CASO_PRUEBA_ARTIFICIAL_NO_ES_PROYECTO,demanda×precio_venta,0.541452,0.2,0.1,CASO_ARTIFICIAL,12384.425423,demanda,precio_venta,NO_CALCULABLE,POSITIVO,DENTRO_DEL_UMBRAL,POSITIVO
ART-ASSET-LIGHT,,4800,OK,CASO_PRUEBA_ARTIFICIAL_NO_ES_PROYECTO,demanda×precio_venta,0.346252,0.2,0.2,CASO_ARTIFICIAL,16845.425145,demanda,precio_venta,NO_CALCULABLE,POSITIVO,DENTRO_DEL_UMBRAL,POSITIVO
ART-ASSET-LIGHT,,6000,OK,CASO_PRUEBA_ARTIFICIAL_NO_ES_PROYECTO,demanda×precio_venta,0.254502,0.2,0.3,CASO_ARTIFICIAL,21306.424866,demanda,precio_venta,NO_CALCULABLE,POSITIVO,DENTRO_DEL_UMBRAL,POSITIVO
ART-ASSET-LIGHT,,-1200,OK,CASO_PRUEBA_ARTIFICIAL_NO_ES_PROYECTO,demanda×precio_venta,,0.3,-0.3,CASO_ARTIFICIAL,-7591.363396,demanda,precio_venta,NO_CALCULABLE,NEGATIVO,NO_RECUPERADO,NEGATIVO
ART-ASSET-LIGHT,,0,OK,CASO_PRUEBA_ARTIFICIAL_NO_ES_PROYECTO,demanda×precio_venta,,0.3,-0.2,CASO_ARTIFICIAL,-1180.765527,demanda,precio_venta,NO_CALCULABLE,CERO,NO_RECUPERADO,NEGATIVO
ART-ASSET-LIGHT,,1200,OK,CASO_PRUEBA_ARTIFICIAL_NO_ES_PROYECTO,demanda×precio_venta,1.722499,0.3,-0.1,CASO_ARTIFICIAL,3462.42598,demanda,precio_venta,NO_CALCULABLE,POSITIVO,DENTRO_DEL_UMBRAL,POSITIVO
ART-ASSET-LIGHT,,2400,OK,CASO_PRUEBA_ARTIFICIAL_NO_ES_PROYECTO,demanda×precio_venta,1.057314,0.3,0,CASO_ARTIFICIAL,7923.425702,demanda,precio_venta,NO_CALCULABLE,POSITIVO,DENTRO_DEL_UMBRAL,POSITIVO
ART-ASSET-LIGHT,,3600,OK,CASO_PRUEBA_ARTIFICIAL_NO_ES_PROYECTO,demanda×precio_venta,0.541452,0.3,0.1,CASO_ARTIFICIAL,12384.425423,demanda,precio_venta,NO_CALCULABLE,POSITIVO,DENTRO_DEL_UMBRAL,POSITIVO
ART-ASSET-LIGHT,,4800,OK,CASO_PRUEBA_ARTIFICIAL_NO_ES_PROYECTO,demanda×precio_venta,0.346252,0.3,0.2,CASO_ARTIFICIAL,16845.425145,demanda,precio_venta,NO_CALCULABLE,POSITIVO,DENTRO_DEL_UMBRAL,POSITIVO
ART-ASSET-LIGHT,,6000,OK,CASO_PRUEBA_ARTIFICIAL_NO_ES_PROYECTO,demanda×precio_venta,0.254502,0.3,0.3,CASO_ARTIFICIAL,21306.424866,demanda,precio_venta,NO_CALCULABLE,POSITIVO,DENTRO_DEL_UMBRAL,POSITIVO
ART-ASSET-LIGHT,,2400,OK,CASO_PRUEBA_ARTIFICIAL_NO_ES_PROYECTO,capex×tasa_descuento,0.877791,-0.3,-0.3,CASO_ARTIFICIAL,9599.880591,capex,tasa_descuento,NO_CALCULABLE,POSITIVO,DENTRO_DEL_UMBRAL,POSITIVO
ART-ASSET-LIGHT,,2400,OK,CASO_PRUEBA_ARTIFICIAL_NO_ES_PROYECTO,capex×tasa_descuento,0.877791,-0.3,-0.2,CASO_ARTIFICIAL,9039.685505,capex,tasa_descuento,NO_CALCULABLE,POSITIVO,DENTRO_DEL_UMBRAL,POSITIVO
ART-ASSET-LIGHT,,2400,OK,CASO_PRUEBA_ARTIFICIAL_NO_ES_PROYECTO,capex×tasa_descuento,0.877791,-0.3,-0.1,CASO_ARTIFICIAL,8523.934775,capex,tasa_descuento,NO_CALCULABLE,POSITIVO,DENTRO_DEL_UMBRAL,POSITIVO
ART-ASSET-LIGHT,,2400,OK,CASO_PRUEBA_ARTIFICIAL_NO_ES_PROYECTO,capex×tasa_descuento,0.877791,-0.3,0,CASO_ARTIFICIAL,8048.334519,capex,tasa_descuento,NO_CALCULABLE,POSITIVO,DENTRO_DEL_UMBRAL,POSITIVO
ART-ASSET-LIGHT,,2400,OK,CASO_PRUEBA_ARTIFICIAL_NO_ES_PROYECTO,capex×tasa_descuento,0.877791,-0.3,0.1,CASO_ARTIFICIAL,7609.06648,capex,tasa_descuento,NO_CALCULABLE,POSITIVO,DENTRO_DEL_UMBRAL,POSITIVO
ART-ASSET-LIGHT,,2400,OK,CASO_PRUEBA_ARTIFICIAL_NO_ES_PROYECTO,capex×tasa_descuento,0.877791,-0.3,0.2,CASO_ARTIFICIAL,7202.729487,capex,tasa_descuento,NO_CALCULABLE,POSITIVO,DENTRO_DEL_UMBRAL,POSITIVO
ART-ASSET-LIGHT,,2400,OK,CASO_PRUEBA_ARTIFICIAL_NO_ES_PROYECTO,capex×tasa_descuento,0.877791,-0.3,0.3,CASO_ARTIFICIAL,6826.288777,capex,tasa_descuento,NO_CALCULABLE,POSITIVO,DENTRO_DEL_UMBRAL,POSITIVO
ART-ASSET-LIGHT,,2400,OK,CASO_PRUEBA_ARTIFICIAL_NO_ES_PROYECTO,capex×tasa_descuento,0.999742,-0.2,-0.3,CASO_ARTIFICIAL,9559.651304,capex,tasa_descuento,NO_CALCULABLE,POSITIVO,DENTRO_DEL_UMBRAL,POSITIVO
ART-ASSET-LIGHT,,2400,OK,CASO_PRUEBA_ARTIFICIAL_NO_ES_PROYECTO,capex×tasa_descuento,0.999742,-0.2,-0.2,CASO_ARTIFICIAL,8998.948835,capex,tasa_descuento,NO_CALCULABLE,POSITIVO,DENTRO_DEL_UMBRAL,POSITIVO
ART-ASSET-LIGHT,,2400,OK,CASO_PRUEBA_ARTIFICIAL_NO_ES_PROYECTO,capex×tasa_descuento,0.999742,-0.2,-0.1,CASO_ARTIFICIAL,8482.730383,capex,tasa_descuento,NO_CALCULABLE,POSITIVO,DENTRO_DEL_UMBRAL,POSITIVO
ART-ASSET-LIGHT,,2400,OK,CASO_PRUEBA_ARTIFICIAL_NO_ES_PROYECTO,capex×tasa_descuento,0.999742,-0.2,0,CASO_ARTIFICIAL,8006.698247,capex,tasa_descuento,NO_CALCULABLE,POSITIVO,DENTRO_DEL_UMBRAL,POSITIVO
ART-ASSET-LIGHT,,2400,OK,CASO_PRUEBA_ARTIFICIAL_NO_ES_PROYECTO,capex×tasa_descuento,0.999742,-0.2,0.1,CASO_ARTIFICIAL,7567.030774,capex,tasa_descuento,NO_CALCULABLE,POSITIVO,DENTRO_DEL_UMBRAL,POSITIVO
ART-ASSET-LIGHT,,2400,OK,CASO_PRUEBA_ARTIFICIAL_NO_ES_PROYECTO,capex×tasa_descuento,0.999742,-0.2,0.2,CASO_ARTIFICIAL,7160.323771,capex,tasa_descuento,NO_CALCULABLE,POSITIVO,DENTRO_DEL_UMBRAL,POSITIVO
ART-ASSET-LIGHT,,2400,OK,CASO_PRUEBA_ARTIFICIAL_NO_ES_PROYECTO,capex×tasa_descuento,0.999742,-0.2,0.3,CASO_ARTIFICIAL,6783.539774,capex,tasa_descuento,NO_CALCULABLE,POSITIVO,DENTRO_DEL_UMBRAL,POSITIVO
ART-ASSET-LIGHT,,2400,OK,CASO_PRUEBA_ARTIFICIAL_NO_ES_PROYECTO,capex×tasa_descuento,1.028652,-0.1,-0.3,CASO_ARTIFICIAL,9519.422016,capex,tasa_descuento,NO_CALCULABLE,POSITIVO,DENTRO_DEL_UMBRAL,POSITIVO
ART-ASSET-LIGHT,,2400,OK,CASO_PRUEBA_ARTIFICIAL_NO_ES_PROYECTO,capex×tasa_descuento,1.028652,-0.1,-0.2,CASO_ARTIFICIAL,8958.212166,capex,tasa_descuento,NO_CALCULABLE,POSITIVO,DENTRO_DEL_UMBRAL,POSITIVO
ART-ASSET-LIGHT,,2400,OK,CASO_PRUEBA_ARTIFICIAL_NO_ES_PROYECTO,capex×tasa_descuento,1.028652,-0.1,-0.1,CASO_ARTIFICIAL,8441.525991,capex,tasa_descuento,NO_CALCULABLE,POSITIVO,DENTRO_DEL_UMBRAL,POSITIVO
ART-ASSET-LIGHT,,2400,OK,CASO_PRUEBA_ARTIFICIAL_NO_ES_PROYECTO,capex×tasa_descuento,1.028652,-0.1,0,CASO_ARTIFICIAL,7965.061974,capex,tasa_descuento,NO_CALCULABLE,POSITIVO,DENTRO_DEL_UMBRAL,POSITIVO
ART-ASSET-LIGHT,,2400,OK,CASO_PRUEBA_ARTIFICIAL_NO_ES_PROYECTO,capex×tasa_descuento,1.028652,-0.1,0.1,CASO_ARTIFICIAL,7524.995068,capex,tasa_descuento,NO_CALCULABLE,POSITIVO,DENTRO_DEL_UMBRAL,POSITIVO
ART-ASSET-LIGHT,,2400,OK,CASO_PRUEBA_ARTIFICIAL_NO_ES_PROYECTO,capex×tasa_descuento,1.028652,-0.1,0.2,CASO_ARTIFICIAL,7117.918055,capex,tasa_descuento,NO_CALCULABLE,POSITIVO,DENTRO_DEL_UMBRAL,POSITIVO
ART-ASSET-LIGHT,,2400,OK,CASO_PRUEBA_ARTIFICIAL_NO_ES_PROYECTO,capex×tasa_descuento,1.028652,-0.1,0.3,CASO_ARTIFICIAL,6740.790771,capex,tasa_descuento,NO_CALCULABLE,POSITIVO,DENTRO_DEL_UMBRAL,POSITIVO
ART-ASSET-LIGHT,,2400,OK,CASO_PRUEBA_ARTIFICIAL_NO_ES_PROYECTO,capex×tasa_descuento,1.057314,0,-0.3,CASO_ARTIFICIAL,9479.192729,capex,tasa_descuento,NO_CALCULABLE,POSITIVO,DENTRO_DEL_UMBRAL,POSITIVO
ART-ASSET-LIGHT,,2400,OK,CASO_PRUEBA_ARTIFICIAL_NO_ES_PROYECTO,capex×tasa_descuento,1.057314,0,-0.2,CASO_ARTIFICIAL,8917.475497,capex,tasa_descuento,NO_CALCULABLE,POSITIVO,DENTRO_DEL_UMBRAL,POSITIVO
ART-ASSET-LIGHT,,2400,OK,CASO_PRUEBA_ARTIFICIAL_NO_ES_PROYECTO,capex×tasa_descuento,1.057314,0,-0.1,CASO_ARTIFICIAL,8400.321599,capex,tasa_descuento,NO_CALCULABLE,POSITIVO,DENTRO_DEL_UMBRAL,POSITIVO
ART-ASSET-LIGHT,,2400,OK,CASO_PRUEBA_ARTIFICIAL_NO_ES_PROYECTO,capex×tasa_descuento,1.057314,0,0,CASO_ARTIFICIAL,7923.425702,capex,tasa_descuento,NO_CALCULABLE,POSITIVO,DENTRO_DEL_UMBRAL,POSITIVO
ART-ASSET-LIGHT,,2400,OK,CASO_PRUEBA_ARTIFICIAL_NO_ES_PROYECTO,capex×tasa_descuento,1.057314,0,0.1,CASO_ARTIFICIAL,7482.959363,capex,tasa_descuento,NO_CALCULABLE,POSITIVO,DENTRO_DEL_UMBRAL,POSITIVO
ART-ASSET-LIGHT,,2400,OK,CASO_PRUEBA_ARTIFICIAL_NO_ES_PROYECTO,capex×tasa_descuento,1.057314,0,0.2,CASO_ARTIFICIAL,7075.512339,capex,tasa_descuento,NO_CALCULABLE,POSITIVO,DENTRO_DEL_UMBRAL,POSITIVO
ART-ASSET-LIGHT,,2400,OK,CASO_PRUEBA_ARTIFICIAL_NO_ES_PROYECTO,capex×tasa_descuento,1.057314,0,0.3,CASO_ARTIFICIAL,6698.041769,capex,tasa_descuento,NO_CALCULABLE,POSITIVO,DENTRO_DEL_UMBRAL,POSITIVO
ART-ASSET-LIGHT,,2400,OK,CASO_PRUEBA_ARTIFICIAL_NO_ES_PROYECTO,capex×tasa_descuento,1.085925,0.1,-0.3,CASO_ARTIFICIAL,9438.963442,capex,tasa_descuento,NO_CALCULABLE,POSITIVO,DENTRO_DEL_UMBRAL,POSITIVO
ART-ASSET-LIGHT,,2400,OK,CASO_PRUEBA_ARTIFICIAL_NO_ES_PROYECTO,capex×tasa_descuento,1.085925,0.1,-0.2,CASO_ARTIFICIAL,8876.738827,capex,tasa_descuento,NO_CALCULABLE,POSITIVO,DENTRO_DEL_UMBRAL,POSITIVO
ART-ASSET-LIGHT,,2400,OK,CASO_PRUEBA_ARTIFICIAL_NO_ES_PROYECTO,capex×tasa_descuento,1.085925,0.1,-0.1,CASO_ARTIFICIAL,8359.117207,capex,tasa_descuento,NO_CALCULABLE,POSITIVO,DENTRO_DEL_UMBRAL,POSITIVO
ART-ASSET-LIGHT,,2400,OK,CASO_PRUEBA_ARTIFICIAL_NO_ES_PROYECTO,capex×tasa_descuento,1.085925,0.1,0,CASO_ARTIFICIAL,7881.789429,capex,tasa_descuento,NO_CALCULABLE,POSITIVO,DENTRO_DEL_UMBRAL,POSITIVO
ART-ASSET-LIGHT,,2400,OK,CASO_PRUEBA_ARTIFICIAL_NO_ES_PROYECTO,capex×tasa_descuento,1.085925,0.1,0.1,CASO_ARTIFICIAL,7440.923657,capex,tasa_descuento,NO_CALCULABLE,POSITIVO,DENTRO_DEL_UMBRAL,POSITIVO
ART-ASSET-LIGHT,,2400,OK,CASO_PRUEBA_ARTIFICIAL_NO_ES_PROYECTO,capex×tasa_descuento,1.085925,0.1,0.2,CASO_ARTIFICIAL,7033.106623,capex,tasa_descuento,NO_CALCULABLE,POSITIVO,DENTRO_DEL_UMBRAL,POSITIVO
ART-ASSET-LIGHT,,2400,OK,CASO_PRUEBA_ARTIFICIAL_NO_ES_PROYECTO,capex×tasa_descuento,1.085925,0.1,0.3,CASO_ARTIFICIAL,6655.292766,capex,tasa_descuento,NO_CALCULABLE,POSITIVO,DENTRO_DEL_UMBRAL,POSITIVO
ART-ASSET-LIGHT,,2400,OK,CASO_PRUEBA_ARTIFICIAL_NO_ES_PROYECTO,capex×tasa_descuento,1.114486,0.2,-0.3,CASO_ARTIFICIAL,9398.734155,capex,tasa_descuento,NO_CALCULABLE,POSITIVO,DENTRO_DEL_UMBRAL,POSITIVO
ART-ASSET-LIGHT,,2400,OK,CASO_PRUEBA_ARTIFICIAL_NO_ES_PROYECTO,capex×tasa_descuento,1.114486,0.2,-0.2,CASO_ARTIFICIAL,8836.002158,capex,tasa_descuento,NO_CALCULABLE,POSITIVO,DENTRO_DEL_UMBRAL,POSITIVO
ART-ASSET-LIGHT,,2400,OK,CASO_PRUEBA_ARTIFICIAL_NO_ES_PROYECTO,capex×tasa_descuento,1.114486,0.2,-0.1,CASO_ARTIFICIAL,8317.912814,capex,tasa_descuento,NO_CALCULABLE,POSITIVO,DENTRO_DEL_UMBRAL,POSITIVO
ART-ASSET-LIGHT,,2400,OK,CASO_PRUEBA_ARTIFICIAL_NO_ES_PROYECTO,capex×tasa_descuento,1.114486,0.2,0,CASO_ARTIFICIAL,7840.153156,capex,tasa_descuento,NO_CALCULABLE,POSITIVO,DENTRO_DEL_UMBRAL,POSITIVO
ART-ASSET-LIGHT,,2400,OK,CASO_PRUEBA_ARTIFICIAL_NO_ES_PROYECTO,capex×tasa_descuento,1.114486,0.2,0.1,CASO_ARTIFICIAL,7398.887951,capex,tasa_descuento,NO_CALCULABLE,POSITIVO,DENTRO_DEL_UMBRAL,POSITIVO
ART-ASSET-LIGHT,,2400,OK,CASO_PRUEBA_ARTIFICIAL_NO_ES_PROYECTO,capex×tasa_descuento,1.114486,0.2,0.2,CASO_ARTIFICIAL,6990.700907,capex,tasa_descuento,NO_CALCULABLE,POSITIVO,DENTRO_DEL_UMBRAL,POSITIVO
ART-ASSET-LIGHT,,2400,OK,CASO_PRUEBA_ARTIFICIAL_NO_ES_PROYECTO,capex×tasa_descuento,1.114486,0.2,0.3,CASO_ARTIFICIAL,6612.543764,capex,tasa_descuento,NO_CALCULABLE,POSITIVO,DENTRO_DEL_UMBRAL,POSITIVO
ART-ASSET-LIGHT,,2400,OK,CASO_PRUEBA_ARTIFICIAL_NO_ES_PROYECTO,capex×tasa_descuento,1.142996,0.3,-0.3,CASO_ARTIFICIAL,9358.504868,capex,tasa_descuento,NO_CALCULABLE,POSITIVO,DENTRO_DEL_UMBRAL,POSITIVO
ART-ASSET-LIGHT,,2400,OK,CASO_PRUEBA_ARTIFICIAL_NO_ES_PROYECTO,capex×tasa_descuento,1.142996,0.3,-0.2,CASO_ARTIFICIAL,8795.265489,capex,tasa_descuento,NO_CALCULABLE,POSITIVO,DENTRO_DEL_UMBRAL,POSITIVO
ART-ASSET-LIGHT,,2400,OK,CASO_PRUEBA_ARTIFICIAL_NO_ES_PROYECTO,capex×tasa_descuento,1.142996,0.3,-0.1,CASO_ARTIFICIAL,8276.708422,capex,tasa_descuento,NO_CALCULABLE,POSITIVO,DENTRO_DEL_UMBRAL,POSITIVO
ART-ASSET-LIGHT,,2400,OK,CASO_PRUEBA_ARTIFICIAL_NO_ES_PROYECTO,capex×tasa_descuento,1.142996,0.3,0,CASO_ARTIFICIAL,7798.516884,capex,tasa_descuento,NO_CALCULABLE,POSITIVO,DENTRO_DEL_UMBRAL,POSITIVO
ART-ASSET-LIGHT,,2400,OK,CASO_PRUEBA_ARTIFICIAL_NO_ES_PROYECTO,capex×tasa_descuento,1.142996,0.3,0.1,CASO_ARTIFICIAL,7356.852245,capex,tasa_descuento,NO_CALCULABLE,POSITIVO,DENTRO_DEL_UMBRAL,POSITIVO
ART-ASSET-LIGHT,,2400,OK,CASO_PRUEBA_ARTIFICIAL_NO_ES_PROYECTO,capex×tasa_descuento,1.142996,0.3,0.2,CASO_ARTIFICIAL,6948.29519,capex,tasa_descuento,NO_CALCULABLE,POSITIVO,DENTRO_DEL_UMBRAL,POSITIVO
ART-ASSET-LIGHT,,2400,OK,CASO_PRUEBA_ARTIFICIAL_NO_ES_PROYECTO,capex×tasa_descuento,1.142996,0.3,0.3,CASO_ARTIFICIAL,6569.794761,capex,tasa_descuento,NO_CALCULABLE,POSITIVO,DENTRO_DEL_UMBRAL,POSITIVO
ART-PLANTA-CHICA,,1680,OK,CASO_PRUEBA_ARTIFICIAL_NO_ES_PROYECTO,precio_venta×alimento,6.843726,-0.3,-0.3,CASO_ARTIFICIAL,-1508.660366,precio_venta,alimento,NO_CALCULABLE,POSITIVO,FUERA_DEL_UMBRAL,NEGATIVO
ART-PLANTA-CHICA,,1320,OK,CASO_PRUEBA_ARTIFICIAL_NO_ES_PROYECTO,precio_venta×alimento,8.171799,-0.3,-0.2,CASO_ARTIFICIAL,-2776.759093,precio_venta,alimento,NO_CALCULABLE,POSITIVO,FUERA_DEL_UMBRAL,NEGATIVO
ART-PLANTA-CHICA,,960,OK,CASO_PRUEBA_ARTIFICIAL_NO_ES_PROYECTO,precio_venta×alimento,,-0.3,-0.1,CASO_ARTIFICIAL,-4066.621798,precio_venta,alimento,NO_CALCULABLE,POSITIVO,NO_RECUPERADO,NEGATIVO
ART-PLANTA-CHICA,,600,OK,CASO_PRUEBA_ARTIFICIAL_NO_ES_PROYECTO,precio_venta×alimento,,-0.3,0,CASO_ARTIFICIAL,-5777.639573,precio_venta,alimento,NO_CALCULABLE,POSITIVO,NO_RECUPERADO,NEGATIVO
ART-PLANTA-CHICA,,240,OK,CASO_PRUEBA_ARTIFICIAL_NO_ES_PROYECTO,precio_venta×alimento,,-0.3,0.1,CASO_ARTIFICIAL,-7589.617396,precio_venta,alimento,NO_CALCULABLE,POSITIVO,NO_RECUPERADO,NEGATIVO
ART-PLANTA-CHICA,,-120,OK,CASO_PRUEBA_ARTIFICIAL_NO_ES_PROYECTO,precio_venta×alimento,,-0.3,0.2,CASO_ARTIFICIAL,-9401.595219,precio_venta,alimento,NO_CALCULABLE,NEGATIVO,NO_RECUPERADO,NEGATIVO
ART-PLANTA-CHICA,,-480,OK,CASO_PRUEBA_ARTIFICIAL_NO_ES_PROYECTO,precio_venta×alimento,,-0.3,0.3,CASO_ARTIFICIAL,-11213.573041,precio_venta,alimento,NO_CALCULABLE,NEGATIVO,NO_RECUPERADO,NEGATIVO
ART-PLANTA-CHICA,,2880,OK,CASO_PRUEBA_ARTIFICIAL_NO_ES_PROYECTO,precio_venta×alimento,4.592254,-0.2,-0.3,CASO_ARTIFICIAL,2652.480734,precio_venta,alimento,NO_CALCULABLE,POSITIVO,DENTRO_DEL_UMBRAL,POSITIVO
ART-PLANTA-CHICA,,2520,OK,CASO_PRUEBA_ARTIFICIAL_NO_ES_PROYECTO,precio_venta×alimento,5.080531,-0.2,-0.2,CASO_ARTIFICIAL,1384.740794,precio_venta,alimento,NO_CALCULABLE,POSITIVO,FUERA_DEL_UMBRAL,POSITIVO
ART-PLANTA-CHICA,,2160,OK,CASO_PRUEBA_ARTIFICIAL_NO_ES_PROYECTO,precio_venta×alimento,5.70927,-0.2,-0.1,CASO_ARTIFICIAL,116.642067,precio_venta,alimento,NO_CALCULABLE,POSITIVO,FUERA_DEL_UMBRAL,POSITIVO
ART-PLANTA-CHICA,,1800,OK,CASO_PRUEBA_ARTIFICIAL_NO_ES_PROYECTO,precio_venta×alimento,6.549267,-0.2,0,CASO_ARTIFICIAL,-1151.456661,precio_venta,alimento,NO_CALCULABLE,POSITIVO,FUERA_DEL_UMBRAL,NEGATIVO
ART-PLANTA-CHICA,,1440,OK,CASO_PRUEBA_ARTIFICIAL_NO_ES_PROYECTO,precio_venta×alimento,7.728492,-0.2,0.1,CASO_ARTIFICIAL,-2419.555389,precio_venta,alimento,NO_CALCULABLE,POSITIVO,FUERA_DEL_UMBRAL,NEGATIVO
ART-PLANTA-CHICA,,1080,OK,CASO_PRUEBA_ARTIFICIAL_NO_ES_PROYECTO,precio_venta×alimento,9.504434,-0.2,0.2,CASO_ARTIFICIAL,-3697.566628,precio_venta,alimento,NO_CALCULABLE,POSITIVO,FUERA_DEL_UMBRAL,NEGATIVO
ART-PLANTA-CHICA,,720,OK,CASO_PRUEBA_ARTIFICIAL_NO_ES_PROYECTO,precio_venta×alimento,,-0.2,0.3,CASO_ARTIFICIAL,-5247.441205,precio_venta,alimento,NO_CALCULABLE,POSITIVO,NO_RECUPERADO,NEGATIVO
ART-PLANTA-CHICA,,4080,OK,CASO_PRUEBA_ARTIFICIAL_NO_ES_PROYECTO,precio_venta×alimento,3.562512,-0.1,-0.3,CASO_ARTIFICIAL,6802.942994,precio_venta,alimento,NO_CALCULABLE,POSITIVO,DENTRO_DEL_UMBRAL,POSITIVO
ART-PLANTA-CHICA,,3720,OK,CASO_PRUEBA_ARTIFICIAL_NO_ES_PROYECTO,precio_venta×alimento,3.815328,-0.1,-0.2,CASO_ARTIFICIAL,5538.454296,precio_venta,alimento,NO_CALCULABLE,POSITIVO,DENTRO_DEL_UMBRAL,POSITIVO
ART-PLANTA-CHICA,,3360,OK,CASO_PRUEBA_ARTIFICIAL_NO_ES_PROYECTO,precio_venta×alimento,4.117304,-0.1,-0.1,CASO_ARTIFICIAL,4273.965598,precio_venta,alimento,NO_CALCULABLE,POSITIVO,DENTRO_DEL_UMBRAL,POSITIVO
ART-PLANTA-CHICA,,3000,OK,CASO_PRUEBA_ARTIFICIAL_NO_ES_PROYECTO,precio_venta×alimento,4.48432,-0.1,0,CASO_ARTIFICIAL,3009.4769,precio_venta,alimento,NO_CALCULABLE,POSITIVO,DENTRO_DEL_UMBRAL,POSITIVO
ART-PLANTA-CHICA,,2640,OK,CASO_PRUEBA_ARTIFICIAL_NO_ES_PROYECTO,precio_venta×alimento,4.939927,-0.1,0.1,CASO_ARTIFICIAL,1741.944499,precio_venta,alimento,NO_CALCULABLE,POSITIVO,DENTRO_DEL_UMBRAL,POSITIVO
ART-PLANTA-CHICA,,2280,OK,CASO_PRUEBA_ARTIFICIAL_NO_ES_PROYECTO,precio_venta×alimento,5.520602,-0.1,0.2,CASO_ARTIFICIAL,473.845771,precio_venta,alimento,NO_CALCULABLE,POSITIVO,FUERA_DEL_UMBRAL,POSITIVO
ART-PLANTA-CHICA,,1920,OK,CASO_PRUEBA_ARTIFICIAL_NO_ES_PROYECTO,precio_venta×alimento,6.286038,-0.1,0.3,CASO_ARTIFICIAL,-794.252956,precio_venta,alimento,NO_CALCULABLE,POSITIVO,FUERA_DEL_UMBRAL,NEGATIVO
ART-PLANTA-CHICA,,5280,OK,CASO_PRUEBA_ARTIFICIAL_NO_ES_PROYECTO,precio_venta×alimento,2.972293,0,-0.3,CASO_ARTIFICIAL,10953.405254,precio_venta,alimento,NO_CALCULABLE,POSITIVO,DENTRO_DEL_UMBRAL,POSITIVO
ART-PLANTA-CHICA,,4920,OK,CASO_PRUEBA_ARTIFICIAL_NO_ES_PROYECTO,precio_venta×alimento,3.127091,0,-0.2,CASO_ARTIFICIAL,9688.916556,precio_venta,alimento,NO_CALCULABLE,POSITIVO,DENTRO_DEL_UMBRAL,POSITIVO
ART-PLANTA-CHICA,,4560,OK,CASO_PRUEBA_ARTIFICIAL_NO_ES_PROYECTO,precio_venta×alimento,3.304622,0,-0.1,CASO_ARTIFICIAL,8424.427858,precio_venta,alimento,NO_CALCULABLE,POSITIVO,DENTRO_DEL_UMBRAL,POSITIVO
ART-PLANTA-CHICA,,4200,OK,CASO_PRUEBA_ARTIFICIAL_NO_ES_PROYECTO,precio_venta×alimento,3.510289,0,0,CASO_ARTIFICIAL,7159.93916,precio_venta,alimento,NO_CALCULABLE,POSITIVO,DENTRO_DEL_UMBRAL,POSITIVO
ART-PLANTA-CHICA,,3840,OK,CASO_PRUEBA_ARTIFICIAL_NO_ES_PROYECTO,precio_venta×alimento,3.751359,0,0.1,CASO_ARTIFICIAL,5895.450462,precio_venta,alimento,NO_CALCULABLE,POSITIVO,DENTRO_DEL_UMBRAL,POSITIVO
ART-PLANTA-CHICA,,3480,OK,CASO_PRUEBA_ARTIFICIAL_NO_ES_PROYECTO,precio_venta×alimento,4.037831,0,0.2,CASO_ARTIFICIAL,4630.961764,precio_venta,alimento,NO_CALCULABLE,POSITIVO,DENTRO_DEL_UMBRAL,POSITIVO
ART-PLANTA-CHICA,,3120,OK,CASO_PRUEBA_ARTIFICIAL_NO_ES_PROYECTO,precio_venta×alimento,4.383867,0,0.3,CASO_ARTIFICIAL,3366.473066,precio_venta,alimento,NO_CALCULABLE,POSITIVO,DENTRO_DEL_UMBRAL,POSITIVO
ART-PLANTA-CHICA,,6480,OK,CASO_PRUEBA_ARTIFICIAL_NO_ES_PROYECTO,precio_venta×alimento,2.589689,0.1,-0.3,CASO_ARTIFICIAL,15103.867514,precio_venta,alimento,NO_CALCULABLE,POSITIVO,DENTRO_DEL_UMBRAL,POSITIVO
ART-PLANTA-CHICA,,6120,OK,CASO_PRUEBA_ARTIFICIAL_NO_ES_PROYECTO,precio_venta×alimento,2.694433,0.1,-0.2,CASO_ARTIFICIAL,13839.378816,precio_venta,alimento,NO_CALCULABLE,POSITIVO,DENTRO_DEL_UMBRAL,POSITIVO
ART-PLANTA-CHICA,,5760,OK,CASO_PRUEBA_ARTIFICIAL_NO_ES_PROYECTO,precio_venta×alimento,2.811534,0.1,-0.1,CASO_ARTIFICIAL,12574.890118,precio_venta,alimento,NO_CALCULABLE,POSITIVO,DENTRO_DEL_UMBRAL,POSITIVO
ART-PLANTA-CHICA,,5400,OK,CASO_PRUEBA_ARTIFICIAL_NO_ES_PROYECTO,precio_venta×alimento,2.943316,0.1,0,CASO_ARTIFICIAL,11310.40142,precio_venta,alimento,NO_CALCULABLE,POSITIVO,DENTRO_DEL_UMBRAL,POSITIVO
ART-PLANTA-CHICA,,5040,OK,CASO_PRUEBA_ARTIFICIAL_NO_ES_PROYECTO,precio_venta×alimento,3.092725,0.1,0.1,CASO_ARTIFICIAL,10045.912722,precio_venta,alimento,NO_CALCULABLE,POSITIVO,DENTRO_DEL_UMBRAL,POSITIVO
ART-PLANTA-CHICA,,4680,OK,CASO_PRUEBA_ARTIFICIAL_NO_ES_PROYECTO,precio_venta×alimento,3.263551,0.1,0.2,CASO_ARTIFICIAL,8781.424024,precio_venta,alimento,NO_CALCULABLE,POSITIVO,DENTRO_DEL_UMBRAL,POSITIVO
ART-PLANTA-CHICA,,4320,OK,CASO_PRUEBA_ARTIFICIAL_NO_ES_PROYECTO,precio_venta×alimento,3.460755,0.1,0.3,CASO_ARTIFICIAL,7516.935326,precio_venta,alimento,NO_CALCULABLE,POSITIVO,DENTRO_DEL_UMBRAL,POSITIVO
ART-PLANTA-CHICA,,7680,OK,CASO_PRUEBA_ARTIFICIAL_NO_ES_PROYECTO,precio_venta×alimento,2.32154,0.2,-0.3,CASO_ARTIFICIAL,19254.329774,precio_venta,alimento,NO_CALCULABLE,POSITIVO,DENTRO_DEL_UMBRAL,POSITIVO
ART-PLANTA-CHICA,,7320,OK,CASO_PRUEBA_ARTIFICIAL_NO_ES_PROYECTO,precio_venta×alimento,2.397283,0.2,-0.2,CASO_ARTIFICIAL,17989.841076,precio_venta,alimento,NO_CALCULABLE,POSITIVO,DENTRO_DEL_UMBRAL,POSITIVO
ART-PLANTA-CHICA,,6960,OK,CASO_PRUEBA_ARTIFICIAL_NO_ES_PROYECTO,precio_venta×alimento,2.480493,0.2,-0.1,CASO_ARTIFICIAL,16725.352378,precio_venta,alimento,NO_CALCULABLE,POSITIVO,DENTRO_DEL_UMBRAL,POSITIVO
ART-PLANTA-CHICA,,6600,OK,CASO_PRUEBA_ARTIFICIAL_NO_ES_PROYECTO,precio_venta×alimento,2.572333,0.2,0,CASO_ARTIFICIAL,15460.86368,precio_venta,alimento,NO_CALCULABLE,POSITIVO,DENTRO_DEL_UMBRAL,POSITIVO
ART-PLANTA-CHICA,,6240,OK,CASO_PRUEBA_ARTIFICIAL_NO_ES_PROYECTO,precio_venta×alimento,2.674218,0.2,0.1,CASO_ARTIFICIAL,14196.374982,precio_venta,alimento,NO_CALCULABLE,POSITIVO,DENTRO_DEL_UMBRAL,POSITIVO
ART-PLANTA-CHICA,,5880,OK,CASO_PRUEBA_ARTIFICIAL_NO_ES_PROYECTO,precio_venta×alimento,2.787892,0.2,0.2,CASO_ARTIFICIAL,12931.886284,precio_venta,alimento,NO_CALCULABLE,POSITIVO,DENTRO_DEL_UMBRAL,POSITIVO
ART-PLANTA-CHICA,,5520,OK,CASO_PRUEBA_ARTIFICIAL_NO_ES_PROYECTO,precio_venta×alimento,2.915525,0.2,0.3,CASO_ARTIFICIAL,11667.397586,precio_venta,alimento,NO_CALCULABLE,POSITIVO,DENTRO_DEL_UMBRAL,POSITIVO
ART-PLANTA-CHICA,,8880,OK,CASO_PRUEBA_ARTIFICIAL_NO_ES_PROYECTO,precio_venta×alimento,2.123169,0.3,-0.3,CASO_ARTIFICIAL,23404.792034,precio_venta,alimento,NO_CALCULABLE,POSITIVO,DENTRO_DEL_UMBRAL,POSITIVO
ART-PLANTA-CHICA,,8520,OK,CASO_PRUEBA_ARTIFICIAL_NO_ES_PROYECTO,precio_venta×alimento,2.180599,0.3,-0.2,CASO_ARTIFICIAL,22140.303336,precio_venta,alimento,NO_CALCULABLE,POSITIVO,DENTRO_DEL_UMBRAL,POSITIVO
ART-PLANTA-CHICA,,8160,OK,CASO_PRUEBA_ARTIFICIAL_NO_ES_PROYECTO,precio_venta×alimento,2.242892,0.3,-0.1,CASO_ARTIFICIAL,20875.814638,precio_venta,alimento,NO_CALCULABLE,POSITIVO,DENTRO_DEL_UMBRAL,POSITIVO
ART-PLANTA-CHICA,,7800,OK,CASO_PRUEBA_ARTIFICIAL_NO_ES_PROYECTO,precio_venta×alimento,2.310693,0.3,0,CASO_ARTIFICIAL,19611.32594,precio_venta,alimento,NO_CALCULABLE,POSITIVO,DENTRO_DEL_UMBRAL,POSITIVO
ART-PLANTA-CHICA,,7440,OK,CASO_PRUEBA_ARTIFICIAL_NO_ES_PROYECTO,precio_venta×alimento,2.384767,0.3,0.1,CASO_ARTIFICIAL,18346.837242,precio_venta,alimento,NO_CALCULABLE,POSITIVO,DENTRO_DEL_UMBRAL,POSITIVO
ART-PLANTA-CHICA,,7080,OK,CASO_PRUEBA_ARTIFICIAL_NO_ES_PROYECTO,precio_venta×alimento,2.466025,0.3,0.2,CASO_ARTIFICIAL,17082.348544,precio_venta,alimento,NO_CALCULABLE,POSITIVO,DENTRO_DEL_UMBRAL,POSITIVO
ART-PLANTA-CHICA,,6720,OK,CASO_PRUEBA_ARTIFICIAL_NO_ES_PROYECTO,precio_venta×alimento,2.555567,0.3,0.3,CASO_ARTIFICIAL,15817.859846,precio_venta,alimento,NO_CALCULABLE,POSITIVO,DENTRO_DEL_UMBRAL,POSITIVO
ART-PLANTA-CHICA,,2310,OK,CASO_PRUEBA_ARTIFICIAL_NO_ES_PROYECTO,demanda×capex,4.074918,-0.3,-0.3,CASO_ARTIFICIAL,2992.240571,demanda,capex,NO_CALCULABLE,POSITIVO,DENTRO_DEL_UMBRAL,POSITIVO
ART-PLANTA-CHICA,,2310,OK,CASO_PRUEBA_ARTIFICIAL_NO_ES_PROYECTO,demanda×capex,4.469722,-0.3,-0.2,CASO_ARTIFICIAL,2317.131638,demanda,capex,NO_CALCULABLE,POSITIVO,DENTRO_DEL_UMBRAL,POSITIVO
ART-PLANTA-CHICA,,2310,OK,CASO_PRUEBA_ARTIFICIAL_NO_ES_PROYECTO,demanda×capex,4.854189,-0.3,-0.1,CASO_ARTIFICIAL,1642.022705,demanda,capex,NO_CALCULABLE,POSITIVO,DENTRO_DEL_UMBRAL,POSITIVO
ART-PLANTA-CHICA,,2310,OK,CASO_PRUEBA_ARTIFICIAL_NO_ES_PROYECTO,demanda×capex,5.228717,-0.3,0,CASO_ARTIFICIAL,966.913772,demanda,capex,NO_CALCULABLE,POSITIVO,FUERA_DEL_UMBRAL,POSITIVO
ART-PLANTA-CHICA,,2310,OK,CASO_PRUEBA_ARTIFICIAL_NO_ES_PROYECTO,demanda×capex,5.593688,-0.3,0.1,CASO_ARTIFICIAL,291.804839,demanda,capex,NO_CALCULABLE,POSITIVO,FUERA_DEL_UMBRAL,POSITIVO
ART-PLANTA-CHICA,,2310,OK,CASO_PRUEBA_ARTIFICIAL_NO_ES_PROYECTO,demanda×capex,5.949463,-0.3,0.2,CASO_ARTIFICIAL,-383.304094,demanda,capex,NO_CALCULABLE,POSITIVO,FUERA_DEL_UMBRAL,NEGATIVO
ART-PLANTA-CHICA,,2310,OK,CASO_PRUEBA_ARTIFICIAL_NO_ES_PROYECTO,demanda×capex,6.296386,-0.3,0.3,CASO_ARTIFICIAL,-1058.413027,demanda,capex,NO_CALCULABLE,POSITIVO,FUERA_DEL_UMBRAL,NEGATIVO
ART-PLANTA-CHICA,,2940,OK,CASO_PRUEBA_ARTIFICIAL_NO_ES_PROYECTO,demanda×capex,3.456563,-0.2,-0.3,CASO_ARTIFICIAL,5109.175944,demanda,capex,NO_CALCULABLE,POSITIVO,DENTRO_DEL_UMBRAL,POSITIVO
ART-PLANTA-CHICA,,2940,OK,CASO_PRUEBA_ARTIFICIAL_NO_ES_PROYECTO,demanda×capex,3.780582,-0.2,-0.2,CASO_ARTIFICIAL,4434.067011,demanda,capex,NO_CALCULABLE,POSITIVO,DENTRO_DEL_UMBRAL,POSITIVO
ART-PLANTA-CHICA,,2940,OK,CASO_PRUEBA_ARTIFICIAL_NO_ES_PROYECTO,demanda×capex,4.097761,-0.2,-0.1,CASO_ARTIFICIAL,3758.958078,demanda,capex,NO_CALCULABLE,POSITIVO,DENTRO_DEL_UMBRAL,POSITIVO
ART-PLANTA-CHICA,,2940,OK,CASO_PRUEBA_ARTIFICIAL_NO_ES_PROYECTO,demanda×capex,4.408316,-0.2,0,CASO_ARTIFICIAL,3083.849144,demanda,capex,NO_CALCULABLE,POSITIVO,DENTRO_DEL_UMBRAL,POSITIVO
ART-PLANTA-CHICA,,2940,OK,CASO_PRUEBA_ARTIFICIAL_NO_ES_PROYECTO,demanda×capex,4.71245,-0.2,0.1,CASO_ARTIFICIAL,2408.740211,demanda,capex,NO_CALCULABLE,POSITIVO,DENTRO_DEL_UMBRAL,POSITIVO
ART-PLANTA-CHICA,,2940,OK,CASO_PRUEBA_ARTIFICIAL_NO_ES_PROYECTO,demanda×capex,5.010362,-0.2,0.2,CASO_ARTIFICIAL,1733.631278,demanda,capex,NO_CALCULABLE,POSITIVO,FUERA_DEL_UMBRAL,POSITIVO
ART-PLANTA-CHICA,,2940,OK,CASO_PRUEBA_ARTIFICIAL_NO_ES_PROYECTO,demanda×capex,5.30224,-0.2,0.3,CASO_ARTIFICIAL,1058.522345,demanda,capex,NO_CALCULABLE,POSITIVO,FUERA_DEL_UMBRAL,POSITIVO
ART-PLANTA-CHICA,,3570,OK,CASO_PRUEBA_ARTIFICIAL_NO_ES_PROYECTO,demanda×capex,3.078558,-0.1,-0.3,CASO_ARTIFICIAL,7147.220951,demanda,capex,NO_CALCULABLE,POSITIVO,DENTRO_DEL_UMBRAL,POSITIVO
ART-PLANTA-CHICA,,3570,OK,CASO_PRUEBA_ARTIFICIAL_NO_ES_PROYECTO,demanda×capex,3.352848,-0.1,-0.2,CASO_ARTIFICIAL,6472.112018,demanda,capex,NO_CALCULABLE,POSITIVO,DENTRO_DEL_UMBRAL,POSITIVO
ART-PLANTA-CHICA,,3570,OK,CASO_PRUEBA_ARTIFICIAL_NO_ES_PROYECTO,demanda×capex,3.622289,-0.1,-0.1,CASO_ARTIFICIAL,5797.003085,demanda,capex,NO_CALCULABLE,POSITIVO,DENTRO_DEL_UMBRAL,POSITIVO
ART-PLANTA-CHICA,,3570,OK,CASO_PRUEBA_ARTIFICIAL_NO_ES_PROYECTO,demanda×capex,3.887008,-0.1,0,CASO_ARTIFICIAL,5121.894152,demanda,capex,NO_CALCULABLE,POSITIVO,DENTRO_DEL_UMBRAL,POSITIVO
ART-PLANTA-CHICA,,3570,OK,CASO_PRUEBA_ARTIFICIAL_NO_ES_PROYECTO,demanda×capex,4.147128,-0.1,0.1,CASO_ARTIFICIAL,4446.785219,demanda,capex,NO_CALCULABLE,POSITIVO,DENTRO_DEL_UMBRAL,POSITIVO
ART-PLANTA-CHICA,,3570,OK,CASO_PRUEBA_ARTIFICIAL_NO_ES_PROYECTO,demanda×capex,4.402768,-0.1,0.2,CASO_ARTIFICIAL,3771.676286,demanda,capex,NO_CALCULABLE,POSITIVO,DENTRO_DEL_UMBRAL,POSITIVO
ART-PLANTA-CHICA,,3570,OK,CASO_PRUEBA_ARTIFICIAL_NO_ES_PROYECTO,demanda×capex,4.654043,-0.1,0.3,CASO_ARTIFICIAL,3096.567353,demanda,capex,NO_CALCULABLE,POSITIVO,DENTRO_DEL_UMBRAL,POSITIVO
ART-PLANTA-CHICA,,4200,OK,CASO_PRUEBA_ARTIFICIAL_NO_ES_PROYECTO,demanda×capex,2.807825,0,-0.3,CASO_ARTIFICIAL,9185.265959,demanda,capex,NO_CALCULABLE,POSITIVO,DENTRO_DEL_UMBRAL,POSITIVO
ART-PLANTA-CHICA,,4200,OK,CASO_PRUEBA_ARTIFICIAL_NO_ES_PROYECTO,demanda×capex,3.045568,0,-0.2,CASO_ARTIFICIAL,8510.157026,demanda,capex,NO_CALCULABLE,POSITIVO,DENTRO_DEL_UMBRAL,POSITIVO
ART-PLANTA-CHICA,,4200,OK,CASO_PRUEBA_ARTIFICIAL_NO_ES_PROYECTO,demanda×capex,3.279696,0,-0.1,CASO_ARTIFICIAL,7835.048093,demanda,capex,NO_CALCULABLE,POSITIVO,DENTRO_DEL_UMBRAL,POSITIVO
ART-PLANTA-CHICA,,4200,OK,CASO_PRUEBA_ARTIFICIAL_NO_ES_PROYECTO,demanda×capex,3.510289,0,0,CASO_ARTIFICIAL,7159.93916,demanda,capex,NO_CALCULABLE,POSITIVO,DENTRO_DEL_UMBRAL,POSITIVO
ART-PLANTA-CHICA,,4200,OK,CASO_PRUEBA_ARTIFICIAL_NO_ES_PROYECTO,demanda×capex,3.737428,0,0.1,CASO_ARTIFICIAL,6484.830227,demanda,capex,NO_CALCULABLE,POSITIVO,DENTRO_DEL_UMBRAL,POSITIVO
ART-PLANTA-CHICA,,4200,OK,CASO_PRUEBA_ARTIFICIAL_NO_ES_PROYECTO,demanda×capex,3.96119,0,0.2,CASO_ARTIFICIAL,5809.721294,demanda,capex,NO_CALCULABLE,POSITIVO,DENTRO_DEL_UMBRAL,POSITIVO
ART-PLANTA-CHICA,,4200,OK,CASO_PRUEBA_ARTIFICIAL_NO_ES_PROYECTO,demanda×capex,4.181648,0,0.3,CASO_ARTIFICIAL,5134.612361,demanda,capex,NO_CALCULABLE,POSITIVO,DENTRO_DEL_UMBRAL,POSITIVO
ART-PLANTA-CHICA,,4200,OK,CASO_PRUEBA_ARTIFICIAL_NO_ES_PROYECTO,demanda×capex,2.807825,0.1,-0.3,CASO_ARTIFICIAL,9185.265959,demanda,capex,NO_CALCULABLE,POSITIVO,DENTRO_DEL_UMBRAL,POSITIVO
ART-PLANTA-CHICA,,4200,OK,CASO_PRUEBA_ARTIFICIAL_NO_ES_PROYECTO,demanda×capex,3.045568,0.1,-0.2,CASO_ARTIFICIAL,8510.157026,demanda,capex,NO_CALCULABLE,POSITIVO,DENTRO_DEL_UMBRAL,POSITIVO
ART-PLANTA-CHICA,,4200,OK,CASO_PRUEBA_ARTIFICIAL_NO_ES_PROYECTO,demanda×capex,3.279696,0.1,-0.1,CASO_ARTIFICIAL,7835.048093,demanda,capex,NO_CALCULABLE,POSITIVO,DENTRO_DEL_UMBRAL,POSITIVO
ART-PLANTA-CHICA,,4200,OK,CASO_PRUEBA_ARTIFICIAL_NO_ES_PROYECTO,demanda×capex,3.510289,0.1,0,CASO_ARTIFICIAL,7159.93916,demanda,capex,NO_CALCULABLE,POSITIVO,DENTRO_DEL_UMBRAL,POSITIVO
ART-PLANTA-CHICA,,4200,OK,CASO_PRUEBA_ARTIFICIAL_NO_ES_PROYECTO,demanda×capex,3.737428,0.1,0.1,CASO_ARTIFICIAL,6484.830227,demanda,capex,NO_CALCULABLE,POSITIVO,DENTRO_DEL_UMBRAL,POSITIVO
ART-PLANTA-CHICA,,4200,OK,CASO_PRUEBA_ARTIFICIAL_NO_ES_PROYECTO,demanda×capex,3.96119,0.1,0.2,CASO_ARTIFICIAL,5809.721294,demanda,capex,NO_CALCULABLE,POSITIVO,DENTRO_DEL_UMBRAL,POSITIVO
ART-PLANTA-CHICA,,4200,OK,CASO_PRUEBA_ARTIFICIAL_NO_ES_PROYECTO,demanda×capex,4.181648,0.1,0.3,CASO_ARTIFICIAL,5134.612361,demanda,capex,NO_CALCULABLE,POSITIVO,DENTRO_DEL_UMBRAL,POSITIVO
ART-PLANTA-CHICA,,4200,OK,CASO_PRUEBA_ARTIFICIAL_NO_ES_PROYECTO,demanda×capex,2.807825,0.2,-0.3,CASO_ARTIFICIAL,9185.265959,demanda,capex,NO_CALCULABLE,POSITIVO,DENTRO_DEL_UMBRAL,POSITIVO
ART-PLANTA-CHICA,,4200,OK,CASO_PRUEBA_ARTIFICIAL_NO_ES_PROYECTO,demanda×capex,3.045568,0.2,-0.2,CASO_ARTIFICIAL,8510.157026,demanda,capex,NO_CALCULABLE,POSITIVO,DENTRO_DEL_UMBRAL,POSITIVO
ART-PLANTA-CHICA,,4200,OK,CASO_PRUEBA_ARTIFICIAL_NO_ES_PROYECTO,demanda×capex,3.279696,0.2,-0.1,CASO_ARTIFICIAL,7835.048093,demanda,capex,NO_CALCULABLE,POSITIVO,DENTRO_DEL_UMBRAL,POSITIVO
ART-PLANTA-CHICA,,4200,OK,CASO_PRUEBA_ARTIFICIAL_NO_ES_PROYECTO,demanda×capex,3.510289,0.2,0,CASO_ARTIFICIAL,7159.93916,demanda,capex,NO_CALCULABLE,POSITIVO,DENTRO_DEL_UMBRAL,POSITIVO
ART-PLANTA-CHICA,,4200,OK,CASO_PRUEBA_ARTIFICIAL_NO_ES_PROYECTO,demanda×capex,3.737428,0.2,0.1,CASO_ARTIFICIAL,6484.830227,demanda,capex,NO_CALCULABLE,POSITIVO,DENTRO_DEL_UMBRAL,POSITIVO
ART-PLANTA-CHICA,,4200,OK,CASO_PRUEBA_ARTIFICIAL_NO_ES_PROYECTO,demanda×capex,3.96119,0.2,0.2,CASO_ARTIFICIAL,5809.721294,demanda,capex,NO_CALCULABLE,POSITIVO,DENTRO_DEL_UMBRAL,POSITIVO
ART-PLANTA-CHICA,,4200,OK,CASO_PRUEBA_ARTIFICIAL_NO_ES_PROYECTO,demanda×capex,4.181648,0.2,0.3,CASO_ARTIFICIAL,5134.612361,demanda,capex,NO_CALCULABLE,POSITIVO,DENTRO_DEL_UMBRAL,POSITIVO
ART-PLANTA-CHICA,,4200,OK,CASO_PRUEBA_ARTIFICIAL_NO_ES_PROYECTO,demanda×capex,2.807825,0.3,-0.3,CASO_ARTIFICIAL,9185.265959,demanda,capex,NO_CALCULABLE,POSITIVO,DENTRO_DEL_UMBRAL,POSITIVO
ART-PLANTA-CHICA,,4200,OK,CASO_PRUEBA_ARTIFICIAL_NO_ES_PROYECTO,demanda×capex,3.045568,0.3,-0.2,CASO_ARTIFICIAL,8510.157026,demanda,capex,NO_CALCULABLE,POSITIVO,DENTRO_DEL_UMBRAL,POSITIVO
ART-PLANTA-CHICA,,4200,OK,CASO_PRUEBA_ARTIFICIAL_NO_ES_PROYECTO,demanda×capex,3.279696,0.3,-0.1,CASO_ARTIFICIAL,7835.048093,demanda,capex,NO_CALCULABLE,POSITIVO,DENTRO_DEL_UMBRAL,POSITIVO
ART-PLANTA-CHICA,,4200,OK,CASO_PRUEBA_ARTIFICIAL_NO_ES_PROYECTO,demanda×capex,3.510289,0.3,0,CASO_ARTIFICIAL,7159.93916,demanda,capex,NO_CALCULABLE,POSITIVO,DENTRO_DEL_UMBRAL,POSITIVO
ART-PLANTA-CHICA,,4200,OK,CASO_PRUEBA_ARTIFICIAL_NO_ES_PROYECTO,demanda×capex,3.737428,0.3,0.1,CASO_ARTIFICIAL,6484.830227,demanda,capex,NO_CALCULABLE,POSITIVO,DENTRO_DEL_UMBRAL,POSITIVO
ART-PLANTA-CHICA,,4200,OK,CASO_PRUEBA_ARTIFICIAL_NO_ES_PROYECTO,demanda×capex,3.96119,0.3,0.2,CASO_ARTIFICIAL,5809.721294,demanda,capex,NO_CALCULABLE,POSITIVO,DENTRO_DEL_UMBRAL,POSITIVO
ART-PLANTA-CHICA,,4200,OK,CASO_PRUEBA_ARTIFICIAL_NO_ES_PROYECTO,demanda×capex,4.181648,0.3,0.3,CASO_ARTIFICIAL,5134.612361,demanda,capex,NO_CALCULABLE,POSITIVO,DENTRO_DEL_UMBRAL,POSITIVO
ART-PLANTA-CHICA,,-210,OK,CASO_PRUEBA_ARTIFICIAL_NO_ES_PROYECTO,utilizacion×precio_venta,,-0.3,-0.3,CASO_ARTIFICIAL,-9699.621771,utilizacion,precio_venta,NO_CALCULABLE,NEGATIVO,NO_RECUPERADO,NEGATIVO
ART-PLANTA-CHICA,,630,OK,CASO_PRUEBA_ARTIFICIAL_NO_ES_PROYECTO,utilizacion×precio_venta,,-0.3,-0.2,CASO_ARTIFICIAL,-5523.329486,utilizacion,precio_venta,NO_CALCULABLE,POSITIVO,NO_RECUPERADO,NEGATIVO
ART-PLANTA-CHICA,,1470,OK,CASO_PRUEBA_ARTIFICIAL_NO_ES_PROYECTO,utilizacion×precio_venta,7.513733,-0.3,-0.1,CASO_ARTIFICIAL,-2202.537514,utilizacion,precio_venta,NO_CALCULABLE,POSITIVO,FUERA_DEL_UMBRAL,NEGATIVO
ART-PLANTA-CHICA,,2310,OK,CASO_PRUEBA_ARTIFICIAL_NO_ES_PROYECTO,utilizacion×precio_venta,5.386922,-0.3,0,CASO_ARTIFICIAL,710.512407,utilizacion,precio_venta,NO_CALCULABLE,POSITIVO,FUERA_DEL_UMBRAL,POSITIVO
ART-PLANTA-CHICA,,3150,OK,CASO_PRUEBA_ARTIFICIAL_NO_ES_PROYECTO,utilizacion×precio_venta,4.283068,-0.3,0.1,CASO_ARTIFICIAL,3620.197278,utilizacion,precio_venta,NO_CALCULABLE,POSITIVO,DENTRO_DEL_UMBRAL,POSITIVO
ART-PLANTA-CHICA,,3990,OK,CASO_PRUEBA_ARTIFICIAL_NO_ES_PROYECTO,utilizacion×precio_venta,3.607217,-0.3,0.2,CASO_ARTIFICIAL,6525.52086,utilizacion,precio_venta,NO_CALCULABLE,POSITIVO,DENTRO_DEL_UMBRAL,POSITIVO
ART-PLANTA-CHICA,,4830,OK,CASO_PRUEBA_ARTIFICIAL_NO_ES_PROYECTO,utilizacion×precio_venta,3.150863,-0.3,0.3,CASO_ARTIFICIAL,9430.844442,utilizacion,precio_venta,NO_CALCULABLE,POSITIVO,DENTRO_DEL_UMBRAL,POSITIVO
ART-PLANTA-CHICA,,60,OK,CASO_PRUEBA_ARTIFICIAL_NO_ES_PROYECTO,utilizacion×precio_venta,,-0.2,-0.3,CASO_ARTIFICIAL,-8392.294372,utilizacion,precio_venta,NO_CALCULABLE,POSITIVO,NO_RECUPERADO,NEGATIVO
ART-PLANTA-CHICA,,1020,OK,CASO_PRUEBA_ARTIFICIAL_NO_ES_PROYECTO,utilizacion×precio_venta,9.768197,-0.2,-0.2,CASO_ARTIFICIAL,-3806.730025,utilizacion,precio_venta,NO_CALCULABLE,POSITIVO,FUERA_DEL_UMBRAL,NEGATIVO
ART-PLANTA-CHICA,,1980,OK,CASO_PRUEBA_ARTIFICIAL_NO_ES_PROYECTO,utilizacion×precio_venta,6.060509,-0.2,-0.1,CASO_ARTIFICIAL,-465.0106,utilizacion,precio_venta,NO_CALCULABLE,POSITIVO,FUERA_DEL_UMBRAL,NEGATIVO
ART-PLANTA-CHICA,,2940,OK,CASO_PRUEBA_ARTIFICIAL_NO_ES_PROYECTO,utilizacion×precio_venta,4.521286,-0.2,0,CASO_ARTIFICIAL,2863.22885,utilizacion,precio_venta,NO_CALCULABLE,POSITIVO,DENTRO_DEL_UMBRAL,POSITIVO
ART-PLANTA-CHICA,,3900,OK,CASO_PRUEBA_ARTIFICIAL_NO_ES_PROYECTO,utilizacion×precio_venta,3.678601,-0.2,0.1,CASO_ARTIFICIAL,6183.598658,utilizacion,precio_venta,NO_CALCULABLE,POSITIVO,DENTRO_DEL_UMBRAL,POSITIVO
ART-PLANTA-CHICA,,4860,OK,CASO_PRUEBA_ARTIFICIAL_NO_ES_PROYECTO,utilizacion×precio_venta,3.14689,-0.2,0.2,CASO_ARTIFICIAL,9503.968466,utilizacion,precio_venta,NO_CALCULABLE,POSITIVO,DENTRO_DEL_UMBRAL,POSITIVO
ART-PLANTA-CHICA,,5820,OK,CASO_PRUEBA_ARTIFICIAL_NO_ES_PROYECTO,utilizacion×precio_venta,2.78083,-0.2,0.3,CASO_ARTIFICIAL,12824.338274,utilizacion,precio_venta,NO_CALCULABLE,POSITIVO,DENTRO_DEL_UMBRAL,POSITIVO
ART-PLANTA-CHICA,,330,OK,CASO_PRUEBA_ARTIFICIAL_NO_ES_PROYECTO,utilizacion×precio_venta,,-0.1,-0.3,CASO_ARTIFICIAL,-7084.966972,utilizacion,precio_venta,NO_CALCULABLE,POSITIVO,NO_RECUPERADO,NEGATIVO
ART-PLANTA-CHICA,,1410,OK,CASO_PRUEBA_ARTIFICIAL_NO_ES_PROYECTO,utilizacion×precio_venta,7.800635,-0.1,-0.2,CASO_ARTIFICIAL,-2472.833586,utilizacion,precio_venta,NO_CALCULABLE,POSITIVO,FUERA_DEL_UMBRAL,NEGATIVO
ART-PLANTA-CHICA,,2490,OK,CASO_PRUEBA_ARTIFICIAL_NO_ES_PROYECTO,utilizacion×precio_venta,5.130534,-0.1,-0.1,CASO_ARTIFICIAL,1272.516313,utilizacion,precio_venta,NO_CALCULABLE,POSITIVO,FUERA_DEL_UMBRAL,POSITIVO
ART-PLANTA-CHICA,,3570,OK,CASO_PRUEBA_ARTIFICIAL_NO_ES_PROYECTO,utilizacion×precio_venta,3.934399,-0.1,0,CASO_ARTIFICIAL,5011.584005,utilizacion,precio_venta,NO_CALCULABLE,POSITIVO,DENTRO_DEL_UMBRAL,POSITIVO
ART-PLANTA-CHICA,,4650,OK,CASO_PRUEBA_ARTIFICIAL_NO_ES_PROYECTO,utilizacion×precio_venta,3.255733,-0.1,0.1,CASO_ARTIFICIAL,8747.000039,utilizacion,precio_venta,NO_CALCULABLE,POSITIVO,DENTRO_DEL_UMBRAL,POSITIVO
ART-PLANTA-CHICA,,5730,OK,CASO_PRUEBA_ARTIFICIAL_NO_ES_PROYECTO,utilizacion×precio_venta,2.818456,-0.1,0.2,CASO_ARTIFICIAL,12482.416073,utilizacion,precio_venta,NO_CALCULABLE,POSITIVO,DENTRO_DEL_UMBRAL,POSITIVO
ART-PLANTA-CHICA,,6810,OK,CASO_PRUEBA_ARTIFICIAL_NO_ES_PROYECTO,utilizacion×precio_venta,2.513227,-0.1,0.3,CASO_ARTIFICIAL,16217.832107,utilizacion,precio_venta,NO_CALCULABLE,POSITIVO,DENTRO_DEL_UMBRAL,POSITIVO
ART-PLANTA-CHICA,,600,OK,CASO_PRUEBA_ARTIFICIAL_NO_ES_PROYECTO,utilizacion×precio_venta,,0,-0.3,CASO_ARTIFICIAL,-5777.639573,utilizacion,precio_venta,NO_CALCULABLE,POSITIVO,NO_RECUPERADO,NEGATIVO
ART-PLANTA-CHICA,,1800,OK,CASO_PRUEBA_ARTIFICIAL_NO_ES_PROYECTO,utilizacion×precio_venta,6.549267,0,-0.2,CASO_ARTIFICIAL,-1151.456661,utilizacion,precio_venta,NO_CALCULABLE,POSITIVO,FUERA_DEL_UMBRAL,NEGATIVO
ART-PLANTA-CHICA,,3000,OK,CASO_PRUEBA_ARTIFICIAL_NO_ES_PROYECTO,utilizacion×precio_venta,4.48432,0,-0.1,CASO_ARTIFICIAL,3009.4769,utilizacion,precio_venta,NO_CALCULABLE,POSITIVO,DENTRO_DEL_UMBRAL,POSITIVO
ART-PLANTA-CHICA,,4200,OK,CASO_PRUEBA_ARTIFICIAL_NO_ES_PROYECTO,utilizacion×precio_venta,3.510289,0,0,CASO_ARTIFICIAL,7159.93916,utilizacion,precio_venta,NO_CALCULABLE,POSITIVO,DENTRO_DEL_UMBRAL,POSITIVO
ART-PLANTA-CHICA,,5400,OK,CASO_PRUEBA_ARTIFICIAL_NO_ES_PROYECTO,utilizacion×precio_venta,2.943316,0,0.1,CASO_ARTIFICIAL,11310.40142,utilizacion,precio_venta,NO_CALCULABLE,POSITIVO,DENTRO_DEL_UMBRAL,POSITIVO
ART-PLANTA-CHICA,,6600,OK,CASO_PRUEBA_ARTIFICIAL_NO_ES_PROYECTO,utilizacion×precio_venta,2.572333,0,0.2,CASO_ARTIFICIAL,15460.86368,utilizacion,precio_venta,NO_CALCULABLE,POSITIVO,DENTRO_DEL_UMBRAL,POSITIVO
ART-PLANTA-CHICA,,7800,OK,CASO_PRUEBA_ARTIFICIAL_NO_ES_PROYECTO,utilizacion×precio_venta,2.310693,0,0.3,CASO_ARTIFICIAL,19611.32594,utilizacion,precio_venta,NO_CALCULABLE,POSITIVO,DENTRO_DEL_UMBRAL,POSITIVO
ART-PLANTA-CHICA,,600,OK,CASO_PRUEBA_ARTIFICIAL_NO_ES_PROYECTO,utilizacion×precio_venta,,0.1,-0.3,CASO_ARTIFICIAL,-5718.435818,utilizacion,precio_venta,NO_CALCULABLE,POSITIVO,NO_RECUPERADO,NEGATIVO
ART-PLANTA-CHICA,,1800,OK,CASO_PRUEBA_ARTIFICIAL_NO_ES_PROYECTO,utilizacion×precio_venta,6.498627,0.1,-0.2,CASO_ARTIFICIAL,-1084.612744,utilizacion,precio_venta,NO_CALCULABLE,POSITIVO,FUERA_DEL_UMBRAL,NEGATIVO
ART-PLANTA-CHICA,,3000,OK,CASO_PRUEBA_ARTIFICIAL_NO_ES_PROYECTO,utilizacion×precio_venta,4.440354,0.1,-0.1,CASO_ARTIFICIAL,3096.496821,utilizacion,precio_venta,NO_CALCULABLE,POSITIVO,DENTRO_DEL_UMBRAL,POSITIVO
ART-PLANTA-CHICA,,4200,OK,CASO_PRUEBA_ARTIFICIAL_NO_ES_PROYECTO,utilizacion×precio_venta,3.469471,0.1,0,CASO_ARTIFICIAL,7270.249307,utilizacion,precio_venta,NO_CALCULABLE,POSITIVO,DENTRO_DEL_UMBRAL,POSITIVO
ART-PLANTA-CHICA,,5400,OK,CASO_PRUEBA_ARTIFICIAL_NO_ES_PROYECTO,utilizacion×precio_venta,2.90433,0.1,0.1,CASO_ARTIFICIAL,11444.001793,utilizacion,precio_venta,NO_CALCULABLE,POSITIVO,DENTRO_DEL_UMBRAL,POSITIVO
ART-PLANTA-CHICA,,6600,OK,CASO_PRUEBA_ARTIFICIAL_NO_ES_PROYECTO,utilizacion×precio_venta,2.534546,0.1,0.2,CASO_ARTIFICIAL,15617.754278,utilizacion,precio_venta,NO_CALCULABLE,POSITIVO,DENTRO_DEL_UMBRAL,POSITIVO
ART-PLANTA-CHICA,,7800,OK,CASO_PRUEBA_ARTIFICIAL_NO_ES_PROYECTO,utilizacion×precio_venta,2.273751,0.1,0.3,CASO_ARTIFICIAL,19791.506764,utilizacion,precio_venta,NO_CALCULABLE,POSITIVO,DENTRO_DEL_UMBRAL,POSITIVO
ART-PLANTA-CHICA,,600,OK,CASO_PRUEBA_ARTIFICIAL_NO_ES_PROYECTO,utilizacion×precio_venta,,0.2,-0.3,CASO_ARTIFICIAL,-5659.232062,utilizacion,precio_venta,NO_CALCULABLE,POSITIVO,NO_RECUPERADO,NEGATIVO
ART-PLANTA-CHICA,,1800,OK,CASO_PRUEBA_ARTIFICIAL_NO_ES_PROYECTO,utilizacion×precio_venta,6.447987,0.2,-0.2,CASO_ARTIFICIAL,-1017.768826,utilizacion,precio_venta,NO_CALCULABLE,POSITIVO,FUERA_DEL_UMBRAL,NEGATIVO
ART-PLANTA-CHICA,,3000,OK,CASO_PRUEBA_ARTIFICIAL_NO_ES_PROYECTO,utilizacion×precio_venta,4.396388,0.2,-0.1,CASO_ARTIFICIAL,3183.516743,utilizacion,precio_venta,NO_CALCULABLE,POSITIVO,DENTRO_DEL_UMBRAL,POSITIVO
ART-PLANTA-CHICA,,4200,OK,CASO_PRUEBA_ARTIFICIAL_NO_ES_PROYECTO,utilizacion×precio_venta,3.428652,0.2,0,CASO_ARTIFICIAL,7380.559454,utilizacion,precio_venta,NO_CALCULABLE,POSITIVO,DENTRO_DEL_UMBRAL,POSITIVO
ART-PLANTA-CHICA,,5400,OK,CASO_PRUEBA_ARTIFICIAL_NO_ES_PROYECTO,utilizacion×precio_venta,2.865343,0.2,0.1,CASO_ARTIFICIAL,11577.602165,utilizacion,precio_venta,NO_CALCULABLE,POSITIVO,DENTRO_DEL_UMBRAL,POSITIVO
ART-PLANTA-CHICA,,6600,OK,CASO_PRUEBA_ARTIFICIAL_NO_ES_PROYECTO,utilizacion×precio_venta,2.496758,0.2,0.2,CASO_ARTIFICIAL,15774.644877,utilizacion,precio_venta,NO_CALCULABLE,POSITIVO,DENTRO_DEL_UMBRAL,POSITIVO
ART-PLANTA-CHICA,,7800,OK,CASO_PRUEBA_ARTIFICIAL_NO_ES_PROYECTO,utilizacion×precio_venta,2.236809,0.2,0.3,CASO_ARTIFICIAL,19971.687588,utilizacion,precio_venta,NO_CALCULABLE,POSITIVO,DENTRO_DEL_UMBRAL,POSITIVO
ART-PLANTA-CHICA,,600,OK,CASO_PRUEBA_ARTIFICIAL_NO_ES_PROYECTO,utilizacion×precio_venta,,0.3,-0.3,CASO_ARTIFICIAL,-5619.034946,utilizacion,precio_venta,NO_CALCULABLE,POSITIVO,NO_RECUPERADO,NEGATIVO
ART-PLANTA-CHICA,,1800,OK,CASO_PRUEBA_ARTIFICIAL_NO_ES_PROYECTO,utilizacion×precio_venta,6.4137,0.3,-0.2,CASO_ARTIFICIAL,-971.784952,utilizacion,precio_venta,NO_CALCULABLE,POSITIVO,FUERA_DEL_UMBRAL,NEGATIVO
ART-PLANTA-CHICA,,3000,OK,CASO_PRUEBA_ARTIFICIAL_NO_ES_PROYECTO,utilizacion×precio_venta,4.366457,0.3,-0.1,CASO_ARTIFICIAL,3243.63087,utilizacion,precio_venta,NO_CALCULABLE,POSITIVO,DENTRO_DEL_UMBRAL,POSITIVO
ART-PLANTA-CHICA,,4200,OK,CASO_PRUEBA_ARTIFICIAL_NO_ES_PROYECTO,utilizacion×precio_venta,3.400777,0.3,0,CASO_ARTIFICIAL,7456.912444,utilizacion,precio_venta,NO_CALCULABLE,POSITIVO,DENTRO_DEL_UMBRAL,POSITIVO
ART-PLANTA-CHICA,,5400,OK,CASO_PRUEBA_ARTIFICIAL_NO_ES_PROYECTO,utilizacion×precio_venta,2.838664,0.3,0.1,CASO_ARTIFICIAL,11670.194019,utilizacion,precio_venta,NO_CALCULABLE,POSITIVO,DENTRO_DEL_UMBRAL,POSITIVO
ART-PLANTA-CHICA,,6600,OK,CASO_PRUEBA_ARTIFICIAL_NO_ES_PROYECTO,utilizacion×precio_venta,2.470862,0.3,0.2,CASO_ARTIFICIAL,15883.475593,utilizacion,precio_venta,NO_CALCULABLE,POSITIVO,DENTRO_DEL_UMBRAL,POSITIVO
ART-PLANTA-CHICA,,7800,OK,CASO_PRUEBA_ARTIFICIAL_NO_ES_PROYECTO,utilizacion×precio_venta,2.211465,0.3,0.3,CASO_ARTIFICIAL,20096.757167,utilizacion,precio_venta,NO_CALCULABLE,POSITIVO,DENTRO_DEL_UMBRAL,POSITIVO
ART-PLANTA-CHICA,,-210,OK,CASO_PRUEBA_ARTIFICIAL_NO_ES_PROYECTO,demanda×precio_venta,,-0.3,-0.3,CASO_ARTIFICIAL,-9566.167344,demanda,precio_venta,NO_CALCULABLE,NEGATIVO,NO_RECUPERADO,NEGATIVO
ART-PLANTA-CHICA,,630,OK,CASO_PRUEBA_ARTIFICIAL_NO_ES_PROYECTO,demanda×precio_venta,,-0.3,-0.2,CASO_ARTIFICIAL,-5312.873836,demanda,precio_venta,NO_CALCULABLE,POSITIVO,NO_RECUPERADO,NEGATIVO
ART-PLANTA-CHICA,,1470,OK,CASO_PRUEBA_ARTIFICIAL_NO_ES_PROYECTO,demanda×precio_venta,7.330644,-0.3,-0.1,CASO_ARTIFICIAL,-1994.460569,demanda,precio_venta,NO_CALCULABLE,POSITIVO,FUERA_DEL_UMBRAL,NEGATIVO
ART-PLANTA-CHICA,,2310,OK,CASO_PRUEBA_ARTIFICIAL_NO_ES_PROYECTO,demanda×precio_venta,5.228717,-0.3,0,CASO_ARTIFICIAL,966.913772,demanda,precio_venta,NO_CALCULABLE,POSITIVO,FUERA_DEL_UMBRAL,POSITIVO
ART-PLANTA-CHICA,,3150,OK,CASO_PRUEBA_ARTIFICIAL_NO_ES_PROYECTO,demanda×precio_venta,4.137779,-0.3,0.1,CASO_ARTIFICIAL,3925.726077,demanda,precio_venta,NO_CALCULABLE,POSITIVO,DENTRO_DEL_UMBRAL,POSITIVO
ART-PLANTA-CHICA,,3990,OK,CASO_PRUEBA_ARTIFICIAL_NO_ES_PROYECTO,demanda×precio_venta,3.469835,-0.3,0.2,CASO_ARTIFICIAL,6884.538383,demanda,precio_venta,NO_CALCULABLE,POSITIVO,DENTRO_DEL_UMBRAL,POSITIVO
ART-PLANTA-CHICA,,4830,OK,CASO_PRUEBA_ARTIFICIAL_NO_ES_PROYECTO,demanda×precio_venta,3.018821,-0.3,0.3,CASO_ARTIFICIAL,9843.350688,demanda,precio_venta,NO_CALCULABLE,POSITIVO,DENTRO_DEL_UMBRAL,POSITIVO
ART-PLANTA-CHICA,,60,OK,CASO_PRUEBA_ARTIFICIAL_NO_ES_PROYECTO,demanda×precio_venta,,-0.2,-0.3,CASO_ARTIFICIAL,-8273.886861,demanda,precio_venta,NO_CALCULABLE,POSITIVO,NO_RECUPERADO,NEGATIVO
ART-PLANTA-CHICA,,1020,OK,CASO_PRUEBA_ARTIFICIAL_NO_ES_PROYECTO,demanda×precio_venta,9.608953,-0.2,-0.2,CASO_ARTIFICIAL,-3664.234752,demanda,precio_venta,NO_CALCULABLE,POSITIVO,FUERA_DEL_UMBRAL,NEGATIVO
ART-PLANTA-CHICA,,1980,OK,CASO_PRUEBA_ARTIFICIAL_NO_ES_PROYECTO,demanda×precio_venta,5.933964,-0.2,-0.1,CASO_ARTIFICIAL,-283.101115,demanda,precio_venta,NO_CALCULABLE,POSITIVO,FUERA_DEL_UMBRAL,NEGATIVO
ART-PLANTA-CHICA,,2940,OK,CASO_PRUEBA_ARTIFICIAL_NO_ES_PROYECTO,demanda×precio_venta,4.408316,-0.2,0,CASO_ARTIFICIAL,3083.849144,demanda,precio_venta,NO_CALCULABLE,POSITIVO,DENTRO_DEL_UMBRAL,POSITIVO
ART-PLANTA-CHICA,,3900,OK,CASO_PRUEBA_ARTIFICIAL_NO_ES_PROYECTO,demanda×precio_venta,3.573062,-0.2,0.1,CASO_ARTIFICIAL,6450.799404,demanda,precio_venta,NO_CALCULABLE,POSITIVO,DENTRO_DEL_UMBRAL,POSITIVO
ART-PLANTA-CHICA,,4860,OK,CASO_PRUEBA_ARTIFICIAL_NO_ES_PROYECTO,demanda×precio_venta,3.04604,-0.2,0.2,CASO_ARTIFICIAL,9817.749663,demanda,precio_venta,NO_CALCULABLE,POSITIVO,DENTRO_DEL_UMBRAL,POSITIVO
ART-PLANTA-CHICA,,5820,OK,CASO_PRUEBA_ARTIFICIAL_NO_ES_PROYECTO,demanda×precio_venta,2.683208,-0.2,0.3,CASO_ARTIFICIAL,13184.699923,demanda,precio_venta,NO_CALCULABLE,POSITIVO,DENTRO_DEL_UMBRAL,POSITIVO
ART-PLANTA-CHICA,,330,OK,CASO_PRUEBA_ARTIFICIAL_NO_ES_PROYECTO,demanda×precio_venta,,-0.1,-0.3,CASO_ARTIFICIAL,-7025.763217,demanda,precio_venta,NO_CALCULABLE,POSITIVO,NO_RECUPERADO,NEGATIVO
ART-PLANTA-CHICA,,1410,OK,CASO_PRUEBA_ARTIFICIAL_NO_ES_PROYECTO,demanda×precio_venta,7.738729,-0.1,-0.2,CASO_ARTIFICIAL,-2405.989668,demanda,precio_venta,NO_CALCULABLE,POSITIVO,FUERA_DEL_UMBRAL,NEGATIVO
ART-PLANTA-CHICA,,2490,OK,CASO_PRUEBA_ARTIFICIAL_NO_ES_PROYECTO,demanda×precio_venta,5.078652,-0.1,-0.1,CASO_ARTIFICIAL,1363.187892,demanda,precio_venta,NO_CALCULABLE,POSITIVO,FUERA_DEL_UMBRAL,POSITIVO
ART-PLANTA-CHICA,,3570,OK,CASO_PRUEBA_ARTIFICIAL_NO_ES_PROYECTO,demanda×precio_venta,3.887008,-0.1,0,CASO_ARTIFICIAL,5121.894152,demanda,precio_venta,NO_CALCULABLE,POSITIVO,DENTRO_DEL_UMBRAL,POSITIVO
ART-PLANTA-CHICA,,4650,OK,CASO_PRUEBA_ARTIFICIAL_NO_ES_PROYECTO,demanda×precio_venta,3.21089,-0.1,0.1,CASO_ARTIFICIAL,8880.600412,demanda,precio_venta,NO_CALCULABLE,POSITIVO,DENTRO_DEL_UMBRAL,POSITIVO
ART-PLANTA-CHICA,,5730,OK,CASO_PRUEBA_ARTIFICIAL_NO_ES_PROYECTO,demanda×precio_venta,2.775255,-0.1,0.2,CASO_ARTIFICIAL,12639.306672,demanda,precio_venta,NO_CALCULABLE,POSITIVO,DENTRO_DEL_UMBRAL,POSITIVO
ART-PLANTA-CHICA,,6810,OK,CASO_PRUEBA_ARTIFICIAL_NO_ES_PROYECTO,demanda×precio_venta,2.471172,-0.1,0.3,CASO_ARTIFICIAL,16398.012931,demanda,precio_venta,NO_CALCULABLE,POSITIVO,DENTRO_DEL_UMBRAL,POSITIVO
ART-PLANTA-CHICA,,600,OK,CASO_PRUEBA_ARTIFICIAL_NO_ES_PROYECTO,demanda×precio_venta,,0,-0.3,CASO_ARTIFICIAL,-5777.639573,demanda,precio_venta,NO_CALCULABLE,POSITIVO,NO_RECUPERADO,NEGATIVO
ART-PLANTA-CHICA,,1800,OK,CASO_PRUEBA_ARTIFICIAL_NO_ES_PROYECTO,demanda×precio_venta,6.549267,0,-0.2,CASO_ARTIFICIAL,-1151.456661,demanda,precio_venta,NO_CALCULABLE,POSITIVO,FUERA_DEL_UMBRAL,NEGATIVO
ART-PLANTA-CHICA,,3000,OK,CASO_PRUEBA_ARTIFICIAL_NO_ES_PROYECTO,demanda×precio_venta,4.48432,0,-0.1,CASO_ARTIFICIAL,3009.4769,demanda,precio_venta,NO_CALCULABLE,POSITIVO,DENTRO_DEL_UMBRAL,POSITIVO
ART-PLANTA-CHICA,,4200,OK,CASO_PRUEBA_ARTIFICIAL_NO_ES_PROYECTO,demanda×precio_venta,3.510289,0,0,CASO_ARTIFICIAL,7159.93916,demanda,precio_venta,NO_CALCULABLE,POSITIVO,DENTRO_DEL_UMBRAL,POSITIVO
ART-PLANTA-CHICA,,5400,OK,CASO_PRUEBA_ARTIFICIAL_NO_ES_PROYECTO,demanda×precio_venta,2.943316,0,0.1,CASO_ARTIFICIAL,11310.40142,demanda,precio_venta,NO_CALCULABLE,POSITIVO,DENTRO_DEL_UMBRAL,POSITIVO
ART-PLANTA-CHICA,,6600,OK,CASO_PRUEBA_ARTIFICIAL_NO_ES_PROYECTO,demanda×precio_venta,2.572333,0,0.2,CASO_ARTIFICIAL,15460.86368,demanda,precio_venta,NO_CALCULABLE,POSITIVO,DENTRO_DEL_UMBRAL,POSITIVO
ART-PLANTA-CHICA,,7800,OK,CASO_PRUEBA_ARTIFICIAL_NO_ES_PROYECTO,demanda×precio_venta,2.310693,0,0.3,CASO_ARTIFICIAL,19611.32594,demanda,precio_venta,NO_CALCULABLE,POSITIVO,DENTRO_DEL_UMBRAL,POSITIVO
ART-PLANTA-CHICA,,600,OK,CASO_PRUEBA_ARTIFICIAL_NO_ES_PROYECTO,demanda×precio_venta,,0.1,-0.3,CASO_ARTIFICIAL,-5777.639573,demanda,precio_venta,NO_CALCULABLE,POSITIVO,NO_RECUPERADO,NEGATIVO
ART-PLANTA-CHICA,,1800,OK,CASO_PRUEBA_ARTIFICIAL_NO_ES_PROYECTO,demanda×precio_venta,6.549267,0.1,-0.2,CASO_ARTIFICIAL,-1151.456661,demanda,precio_venta,NO_CALCULABLE,POSITIVO,FUERA_DEL_UMBRAL,NEGATIVO
ART-PLANTA-CHICA,,3000,OK,CASO_PRUEBA_ARTIFICIAL_NO_ES_PROYECTO,demanda×precio_venta,4.48432,0.1,-0.1,CASO_ARTIFICIAL,3009.4769,demanda,precio_venta,NO_CALCULABLE,POSITIVO,DENTRO_DEL_UMBRAL,POSITIVO
ART-PLANTA-CHICA,,4200,OK,CASO_PRUEBA_ARTIFICIAL_NO_ES_PROYECTO,demanda×precio_venta,3.510289,0.1,0,CASO_ARTIFICIAL,7159.93916,demanda,precio_venta,NO_CALCULABLE,POSITIVO,DENTRO_DEL_UMBRAL,POSITIVO
ART-PLANTA-CHICA,,5400,OK,CASO_PRUEBA_ARTIFICIAL_NO_ES_PROYECTO,demanda×precio_venta,2.943316,0.1,0.1,CASO_ARTIFICIAL,11310.40142,demanda,precio_venta,NO_CALCULABLE,POSITIVO,DENTRO_DEL_UMBRAL,POSITIVO
ART-PLANTA-CHICA,,6600,OK,CASO_PRUEBA_ARTIFICIAL_NO_ES_PROYECTO,demanda×precio_venta,2.572333,0.1,0.2,CASO_ARTIFICIAL,15460.86368,demanda,precio_venta,NO_CALCULABLE,POSITIVO,DENTRO_DEL_UMBRAL,POSITIVO
ART-PLANTA-CHICA,,7800,OK,CASO_PRUEBA_ARTIFICIAL_NO_ES_PROYECTO,demanda×precio_venta,2.310693,0.1,0.3,CASO_ARTIFICIAL,19611.32594,demanda,precio_venta,NO_CALCULABLE,POSITIVO,DENTRO_DEL_UMBRAL,POSITIVO
ART-PLANTA-CHICA,,600,OK,CASO_PRUEBA_ARTIFICIAL_NO_ES_PROYECTO,demanda×precio_venta,,0.2,-0.3,CASO_ARTIFICIAL,-5777.639573,demanda,precio_venta,NO_CALCULABLE,POSITIVO,NO_RECUPERADO,NEGATIVO
ART-PLANTA-CHICA,,1800,OK,CASO_PRUEBA_ARTIFICIAL_NO_ES_PROYECTO,demanda×precio_venta,6.549267,0.2,-0.2,CASO_ARTIFICIAL,-1151.456661,demanda,precio_venta,NO_CALCULABLE,POSITIVO,FUERA_DEL_UMBRAL,NEGATIVO
ART-PLANTA-CHICA,,3000,OK,CASO_PRUEBA_ARTIFICIAL_NO_ES_PROYECTO,demanda×precio_venta,4.48432,0.2,-0.1,CASO_ARTIFICIAL,3009.4769,demanda,precio_venta,NO_CALCULABLE,POSITIVO,DENTRO_DEL_UMBRAL,POSITIVO
ART-PLANTA-CHICA,,4200,OK,CASO_PRUEBA_ARTIFICIAL_NO_ES_PROYECTO,demanda×precio_venta,3.510289,0.2,0,CASO_ARTIFICIAL,7159.93916,demanda,precio_venta,NO_CALCULABLE,POSITIVO,DENTRO_DEL_UMBRAL,POSITIVO
ART-PLANTA-CHICA,,5400,OK,CASO_PRUEBA_ARTIFICIAL_NO_ES_PROYECTO,demanda×precio_venta,2.943316,0.2,0.1,CASO_ARTIFICIAL,11310.40142,demanda,precio_venta,NO_CALCULABLE,POSITIVO,DENTRO_DEL_UMBRAL,POSITIVO
ART-PLANTA-CHICA,,6600,OK,CASO_PRUEBA_ARTIFICIAL_NO_ES_PROYECTO,demanda×precio_venta,2.572333,0.2,0.2,CASO_ARTIFICIAL,15460.86368,demanda,precio_venta,NO_CALCULABLE,POSITIVO,DENTRO_DEL_UMBRAL,POSITIVO
ART-PLANTA-CHICA,,7800,OK,CASO_PRUEBA_ARTIFICIAL_NO_ES_PROYECTO,demanda×precio_venta,2.310693,0.2,0.3,CASO_ARTIFICIAL,19611.32594,demanda,precio_venta,NO_CALCULABLE,POSITIVO,DENTRO_DEL_UMBRAL,POSITIVO
ART-PLANTA-CHICA,,600,OK,CASO_PRUEBA_ARTIFICIAL_NO_ES_PROYECTO,demanda×precio_venta,,0.3,-0.3,CASO_ARTIFICIAL,-5777.639573,demanda,precio_venta,NO_CALCULABLE,POSITIVO,NO_RECUPERADO,NEGATIVO
ART-PLANTA-CHICA,,1800,OK,CASO_PRUEBA_ARTIFICIAL_NO_ES_PROYECTO,demanda×precio_venta,6.549267,0.3,-0.2,CASO_ARTIFICIAL,-1151.456661,demanda,precio_venta,NO_CALCULABLE,POSITIVO,FUERA_DEL_UMBRAL,NEGATIVO
ART-PLANTA-CHICA,,3000,OK,CASO_PRUEBA_ARTIFICIAL_NO_ES_PROYECTO,demanda×precio_venta,4.48432,0.3,-0.1,CASO_ARTIFICIAL,3009.4769,demanda,precio_venta,NO_CALCULABLE,POSITIVO,DENTRO_DEL_UMBRAL,POSITIVO
ART-PLANTA-CHICA,,4200,OK,CASO_PRUEBA_ARTIFICIAL_NO_ES_PROYECTO,demanda×precio_venta,3.510289,0.3,0,CASO_ARTIFICIAL,7159.93916,demanda,precio_venta,NO_CALCULABLE,POSITIVO,DENTRO_DEL_UMBRAL,POSITIVO
ART-PLANTA-CHICA,,5400,OK,CASO_PRUEBA_ARTIFICIAL_NO_ES_PROYECTO,demanda×precio_venta,2.943316,0.3,0.1,CASO_ARTIFICIAL,11310.40142,demanda,precio_venta,NO_CALCULABLE,POSITIVO,DENTRO_DEL_UMBRAL,POSITIVO
ART-PLANTA-CHICA,,6600,OK,CASO_PRUEBA_ARTIFICIAL_NO_ES_PROYECTO,demanda×precio_venta,2.572333,0.3,0.2,CASO_ARTIFICIAL,15460.86368,demanda,precio_venta,NO_CALCULABLE,POSITIVO,DENTRO_DEL_UMBRAL,POSITIVO
ART-PLANTA-CHICA,,7800,OK,CASO_PRUEBA_ARTIFICIAL_NO_ES_PROYECTO,demanda×precio_venta,2.310693,0.3,0.3,CASO_ARTIFICIAL,19611.32594,demanda,precio_venta,NO_CALCULABLE,POSITIVO,DENTRO_DEL_UMBRAL,POSITIVO
ART-PLANTA-CHICA,,4200,OK,CASO_PRUEBA_ARTIFICIAL_NO_ES_PROYECTO,capex×tasa_descuento,2.807825,-0.3,-0.3,CASO_ARTIFICIAL,12011.440086,capex,tasa_descuento,NO_CALCULABLE,POSITIVO,DENTRO_DEL_UMBRAL,POSITIVO
ART-PLANTA-CHICA,,4200,OK,CASO_PRUEBA_ARTIFICIAL_NO_ES_PROYECTO,capex×tasa_descuento,2.807825,-0.3,-0.2,CASO_ARTIFICIAL,10990.527729,capex,tasa_descuento,NO_CALCULABLE,POSITIVO,DENTRO_DEL_UMBRAL,POSITIVO
ART-PLANTA-CHICA,,4200,OK,CASO_PRUEBA_ARTIFICIAL_NO_ES_PROYECTO,capex×tasa_descuento,2.807825,-0.3,-0.1,CASO_ARTIFICIAL,10051.098335,capex,tasa_descuento,NO_CALCULABLE,POSITIVO,DENTRO_DEL_UMBRAL,POSITIVO
ART-PLANTA-CHICA,,4200,OK,CASO_PRUEBA_ARTIFICIAL_NO_ES_PROYECTO,capex×tasa_descuento,2.807825,-0.3,0,CASO_ARTIFICIAL,9185.265959,capex,tasa_descuento,NO_CALCULABLE,POSITIVO,DENTRO_DEL_UMBRAL,POSITIVO
ART-PLANTA-CHICA,,4200,OK,CASO_PRUEBA_ARTIFICIAL_NO_ES_PROYECTO,capex×tasa_descuento,2.807825,-0.3,0.1,CASO_ARTIFICIAL,8386.018694,capex,tasa_descuento,NO_CALCULABLE,POSITIVO,DENTRO_DEL_UMBRAL,POSITIVO
ART-PLANTA-CHICA,,4200,OK,CASO_PRUEBA_ARTIFICIAL_NO_ES_PROYECTO,capex×tasa_descuento,2.807825,-0.3,0.2,CASO_ARTIFICIAL,7647.111078,capex,tasa_descuento,NO_CALCULABLE,POSITIVO,DENTRO_DEL_UMBRAL,POSITIVO
ART-PLANTA-CHICA,,4200,OK,CASO_PRUEBA_ARTIFICIAL_NO_ES_PROYECTO,capex×tasa_descuento,2.807825,-0.3,0.3,CASO_ARTIFICIAL,6962.970934,capex,tasa_descuento,NO_CALCULABLE,POSITIVO,DENTRO_DEL_UMBRAL,POSITIVO
ART-PLANTA-CHICA,,4200,OK,CASO_PRUEBA_ARTIFICIAL_NO_ES_PROYECTO,capex×tasa_descuento,3.045568,-0.2,-0.3,CASO_ARTIFICIAL,11358.546398,capex,tasa_descuento,NO_CALCULABLE,POSITIVO,DENTRO_DEL_UMBRAL,POSITIVO
ART-PLANTA-CHICA,,4200,OK,CASO_PRUEBA_ARTIFICIAL_NO_ES_PROYECTO,capex×tasa_descuento,3.045568,-0.2,-0.2,CASO_ARTIFICIAL,10329.616932,capex,tasa_descuento,NO_CALCULABLE,POSITIVO,DENTRO_DEL_UMBRAL,POSITIVO
ART-PLANTA-CHICA,,4200,OK,CASO_PRUEBA_ARTIFICIAL_NO_ES_PROYECTO,capex×tasa_descuento,3.045568,-0.2,-0.1,CASO_ARTIFICIAL,9382.802791,capex,tasa_descuento,NO_CALCULABLE,POSITIVO,DENTRO_DEL_UMBRAL,POSITIVO
ART-PLANTA-CHICA,,4200,OK,CASO_PRUEBA_ARTIFICIAL_NO_ES_PROYECTO,capex×tasa_descuento,3.045568,-0.2,0,CASO_ARTIFICIAL,8510.157026,capex,tasa_descuento,NO_CALCULABLE,POSITIVO,DENTRO_DEL_UMBRAL,POSITIVO
ART-PLANTA-CHICA,,4200,OK,CASO_PRUEBA_ARTIFICIAL_NO_ES_PROYECTO,capex×tasa_descuento,3.045568,-0.2,0.1,CASO_ARTIFICIAL,7704.61348,capex,tasa_descuento,NO_CALCULABLE,POSITIVO,DENTRO_DEL_UMBRAL,POSITIVO
ART-PLANTA-CHICA,,4200,OK,CASO_PRUEBA_ARTIFICIAL_NO_ES_PROYECTO,capex×tasa_descuento,3.045568,-0.2,0.2,CASO_ARTIFICIAL,6959.878362,capex,tasa_descuento,NO_CALCULABLE,POSITIVO,DENTRO_DEL_UMBRAL,POSITIVO
ART-PLANTA-CHICA,,4200,OK,CASO_PRUEBA_ARTIFICIAL_NO_ES_PROYECTO,capex×tasa_descuento,3.045568,-0.2,0.3,CASO_ARTIFICIAL,6270.336373,capex,tasa_descuento,NO_CALCULABLE,POSITIVO,DENTRO_DEL_UMBRAL,POSITIVO
ART-PLANTA-CHICA,,4200,OK,CASO_PRUEBA_ARTIFICIAL_NO_ES_PROYECTO,capex×tasa_descuento,3.279696,-0.1,-0.3,CASO_ARTIFICIAL,10705.652711,capex,tasa_descuento,NO_CALCULABLE,POSITIVO,DENTRO_DEL_UMBRAL,POSITIVO
ART-PLANTA-CHICA,,4200,OK,CASO_PRUEBA_ARTIFICIAL_NO_ES_PROYECTO,capex×tasa_descuento,3.279696,-0.1,-0.2,CASO_ARTIFICIAL,9668.706135,capex,tasa_descuento,NO_CALCULABLE,POSITIVO,DENTRO_DEL_UMBRAL,POSITIVO
ART-PLANTA-CHICA,,4200,OK,CASO_PRUEBA_ARTIFICIAL_NO_ES_PROYECTO,capex×tasa_descuento,3.279696,-0.1,-0.1,CASO_ARTIFICIAL,8714.507247,capex,tasa_descuento,NO_CALCULABLE,POSITIVO,DENTRO_DEL_UMBRAL,POSITIVO
ART-PLANTA-CHICA,,4200,OK,CASO_PRUEBA_ARTIFICIAL_NO_ES_PROYECTO,capex×tasa_descuento,3.279696,-0.1,0,CASO_ARTIFICIAL,7835.048093,capex,tasa_descuento,NO_CALCULABLE,POSITIVO,DENTRO_DEL_UMBRAL,POSITIVO
ART-PLANTA-CHICA,,4200,OK,CASO_PRUEBA_ARTIFICIAL_NO_ES_PROYECTO,capex×tasa_descuento,3.279696,-0.1,0.1,CASO_ARTIFICIAL,7023.208265,capex,tasa_descuento,NO_CALCULABLE,POSITIVO,DENTRO_DEL_UMBRAL,POSITIVO
ART-PLANTA-CHICA,,4200,OK,CASO_PRUEBA_ARTIFICIAL_NO_ES_PROYECTO,capex×tasa_descuento,3.279696,-0.1,0.2,CASO_ARTIFICIAL,6272.645646,capex,tasa_descuento,NO_CALCULABLE,POSITIVO,DENTRO_DEL_UMBRAL,POSITIVO
ART-PLANTA-CHICA,,4200,OK,CASO_PRUEBA_ARTIFICIAL_NO_ES_PROYECTO,capex×tasa_descuento,3.279696,-0.1,0.3,CASO_ARTIFICIAL,5577.701813,capex,tasa_descuento,NO_CALCULABLE,POSITIVO,DENTRO_DEL_UMBRAL,POSITIVO
ART-PLANTA-CHICA,,4200,OK,CASO_PRUEBA_ARTIFICIAL_NO_ES_PROYECTO,capex×tasa_descuento,3.510289,0,-0.3,CASO_ARTIFICIAL,10052.759023,capex,tasa_descuento,NO_CALCULABLE,POSITIVO,DENTRO_DEL_UMBRAL,POSITIVO
ART-PLANTA-CHICA,,4200,OK,CASO_PRUEBA_ARTIFICIAL_NO_ES_PROYECTO,capex×tasa_descuento,3.510289,0,-0.2,CASO_ARTIFICIAL,9007.795338,capex,tasa_descuento,NO_CALCULABLE,POSITIVO,DENTRO_DEL_UMBRAL,POSITIVO
ART-PLANTA-CHICA,,4200,OK,CASO_PRUEBA_ARTIFICIAL_NO_ES_PROYECTO,capex×tasa_descuento,3.510289,0,-0.1,CASO_ARTIFICIAL,8046.211703,capex,tasa_descuento,NO_CALCULABLE,POSITIVO,DENTRO_DEL_UMBRAL,POSITIVO
ART-PLANTA-CHICA,,4200,OK,CASO_PRUEBA_ARTIFICIAL_NO_ES_PROYECTO,capex×tasa_descuento,3.510289,0,0,CASO_ARTIFICIAL,7159.93916,capex,tasa_descuento,NO_CALCULABLE,POSITIVO,DENTRO_DEL_UMBRAL,POSITIVO
ART-PLANTA-CHICA,,4200,OK,CASO_PRUEBA_ARTIFICIAL_NO_ES_PROYECTO,capex×tasa_descuento,3.510289,0,0.1,CASO_ARTIFICIAL,6341.80305,capex,tasa_descuento,NO_CALCULABLE,POSITIVO,DENTRO_DEL_UMBRAL,POSITIVO
ART-PLANTA-CHICA,,4200,OK,CASO_PRUEBA_ARTIFICIAL_NO_ES_PROYECTO,capex×tasa_descuento,3.510289,0,0.2,CASO_ARTIFICIAL,5585.41293,capex,tasa_descuento,NO_CALCULABLE,POSITIVO,DENTRO_DEL_UMBRAL,POSITIVO
ART-PLANTA-CHICA,,4200,OK,CASO_PRUEBA_ARTIFICIAL_NO_ES_PROYECTO,capex×tasa_descuento,3.510289,0,0.3,CASO_ARTIFICIAL,4885.067252,capex,tasa_descuento,NO_CALCULABLE,POSITIVO,DENTRO_DEL_UMBRAL,POSITIVO
ART-PLANTA-CHICA,,4200,OK,CASO_PRUEBA_ARTIFICIAL_NO_ES_PROYECTO,capex×tasa_descuento,3.737428,0.1,-0.3,CASO_ARTIFICIAL,9399.865336,capex,tasa_descuento,NO_CALCULABLE,POSITIVO,DENTRO_DEL_UMBRAL,POSITIVO
ART-PLANTA-CHICA,,4200,OK,CASO_PRUEBA_ARTIFICIAL_NO_ES_PROYECTO,capex×tasa_descuento,3.737428,0.1,-0.2,CASO_ARTIFICIAL,8346.884541,capex,tasa_descuento,NO_CALCULABLE,POSITIVO,DENTRO_DEL_UMBRAL,POSITIVO
ART-PLANTA-CHICA,,4200,OK,CASO_PRUEBA_ARTIFICIAL_NO_ES_PROYECTO,capex×tasa_descuento,3.737428,0.1,-0.1,CASO_ARTIFICIAL,7377.916159,capex,tasa_descuento,NO_CALCULABLE,POSITIVO,DENTRO_DEL_UMBRAL,POSITIVO
ART-PLANTA-CHICA,,4200,OK,CASO_PRUEBA_ARTIFICIAL_NO_ES_PROYECTO,capex×tasa_descuento,3.737428,0.1,0,CASO_ARTIFICIAL,6484.830227,capex,tasa_descuento,NO_CALCULABLE,POSITIVO,DENTRO_DEL_UMBRAL,POSITIVO
ART-PLANTA-CHICA,,4200,OK,CASO_PRUEBA_ARTIFICIAL_NO_ES_PROYECTO,capex×tasa_descuento,3.737428,0.1,0.1,CASO_ARTIFICIAL,5660.397836,capex,tasa_descuento,NO_CALCULABLE,POSITIVO,DENTRO_DEL_UMBRAL,POSITIVO
ART-PLANTA-CHICA,,4200,OK,CASO_PRUEBA_ARTIFICIAL_NO_ES_PROYECTO,capex×tasa_descuento,3.737428,0.1,0.2,CASO_ARTIFICIAL,4898.180215,capex,tasa_descuento,NO_CALCULABLE,POSITIVO,DENTRO_DEL_UMBRAL,POSITIVO
ART-PLANTA-CHICA,,4200,OK,CASO_PRUEBA_ARTIFICIAL_NO_ES_PROYECTO,capex×tasa_descuento,3.737428,0.1,0.3,CASO_ARTIFICIAL,4192.432692,capex,tasa_descuento,NO_CALCULABLE,POSITIVO,DENTRO_DEL_UMBRAL,POSITIVO
ART-PLANTA-CHICA,,4200,OK,CASO_PRUEBA_ARTIFICIAL_NO_ES_PROYECTO,capex×tasa_descuento,3.96119,0.2,-0.3,CASO_ARTIFICIAL,8746.971649,capex,tasa_descuento,NO_CALCULABLE,POSITIVO,DENTRO_DEL_UMBRAL,POSITIVO
ART-PLANTA-CHICA,,4200,OK,CASO_PRUEBA_ARTIFICIAL_NO_ES_PROYECTO,capex×tasa_descuento,3.96119,0.2,-0.2,CASO_ARTIFICIAL,7685.973744,capex,tasa_descuento,NO_CALCULABLE,POSITIVO,DENTRO_DEL_UMBRAL,POSITIVO
ART-PLANTA-CHICA,,4200,OK,CASO_PRUEBA_ARTIFICIAL_NO_ES_PROYECTO,capex×tasa_descuento,3.96119,0.2,-0.1,CASO_ARTIFICIAL,6709.620615,capex,tasa_descuento,NO_CALCULABLE,POSITIVO,DENTRO_DEL_UMBRAL,POSITIVO
ART-PLANTA-CHICA,,4200,OK,CASO_PRUEBA_ARTIFICIAL_NO_ES_PROYECTO,capex×tasa_descuento,3.96119,0.2,0,CASO_ARTIFICIAL,5809.721294,capex,tasa_descuento,NO_CALCULABLE,POSITIVO,DENTRO_DEL_UMBRAL,POSITIVO
ART-PLANTA-CHICA,,4200,OK,CASO_PRUEBA_ARTIFICIAL_NO_ES_PROYECTO,capex×tasa_descuento,3.96119,0.2,0.1,CASO_ARTIFICIAL,4978.992621,capex,tasa_descuento,NO_CALCULABLE,POSITIVO,DENTRO_DEL_UMBRAL,POSITIVO
ART-PLANTA-CHICA,,4200,OK,CASO_PRUEBA_ARTIFICIAL_NO_ES_PROYECTO,capex×tasa_descuento,3.96119,0.2,0.2,CASO_ARTIFICIAL,4210.947499,capex,tasa_descuento,NO_CALCULABLE,POSITIVO,DENTRO_DEL_UMBRAL,POSITIVO
ART-PLANTA-CHICA,,4200,OK,CASO_PRUEBA_ARTIFICIAL_NO_ES_PROYECTO,capex×tasa_descuento,3.96119,0.2,0.3,CASO_ARTIFICIAL,3499.798132,capex,tasa_descuento,NO_CALCULABLE,POSITIVO,DENTRO_DEL_UMBRAL,POSITIVO
ART-PLANTA-CHICA,,4200,OK,CASO_PRUEBA_ARTIFICIAL_NO_ES_PROYECTO,capex×tasa_descuento,4.181648,0.3,-0.3,CASO_ARTIFICIAL,8094.077961,capex,tasa_descuento,NO_CALCULABLE,POSITIVO,DENTRO_DEL_UMBRAL,POSITIVO
ART-PLANTA-CHICA,,4200,OK,CASO_PRUEBA_ARTIFICIAL_NO_ES_PROYECTO,capex×tasa_descuento,4.181648,0.3,-0.2,CASO_ARTIFICIAL,7025.062947,capex,tasa_descuento,NO_CALCULABLE,POSITIVO,DENTRO_DEL_UMBRAL,POSITIVO
ART-PLANTA-CHICA,,4200,OK,CASO_PRUEBA_ARTIFICIAL_NO_ES_PROYECTO,capex×tasa_descuento,4.181648,0.3,-0.1,CASO_ARTIFICIAL,6041.325071,capex,tasa_descuento,NO_CALCULABLE,POSITIVO,DENTRO_DEL_UMBRAL,POSITIVO
ART-PLANTA-CHICA,,4200,OK,CASO_PRUEBA_ARTIFICIAL_NO_ES_PROYECTO,capex×tasa_descuento,4.181648,0.3,0,CASO_ARTIFICIAL,5134.612361,capex,tasa_descuento,NO_CALCULABLE,POSITIVO,DENTRO_DEL_UMBRAL,POSITIVO
ART-PLANTA-CHICA,,4200,OK,CASO_PRUEBA_ARTIFICIAL_NO_ES_PROYECTO,capex×tasa_descuento,4.181648,0.3,0.1,CASO_ARTIFICIAL,4297.587407,capex,tasa_descuento,NO_CALCULABLE,POSITIVO,DENTRO_DEL_UMBRAL,POSITIVO
ART-PLANTA-CHICA,,4200,OK,CASO_PRUEBA_ARTIFICIAL_NO_ES_PROYECTO,capex×tasa_descuento,4.181648,0.3,0.2,CASO_ARTIFICIAL,3523.714783,capex,tasa_descuento,NO_CALCULABLE,POSITIVO,DENTRO_DEL_UMBRAL,POSITIVO
ART-PLANTA-CHICA,,4200,OK,CASO_PRUEBA_ARTIFICIAL_NO_ES_PROYECTO,capex×tasa_descuento,4.181648,0.3,0.3,CASO_ARTIFICIAL,2807.163571,capex,tasa_descuento,NO_CALCULABLE,POSITIVO,DENTRO_DEL_UMBRAL,POSITIVO
ART-PLANTA-GRANDE,-0.304606,2370,OK,CASO_PRUEBA_ARTIFICIAL_NO_ES_PROYECTO,precio_venta×alimento,7.783267,-0.3,-0.3,CASO_ARTIFICIAL,-4206.827674,precio_venta,alimento,INSUFICIENTE,POSITIVO,FUERA_DEL_UMBRAL,NEGATIVO
ART-PLANTA-GRANDE,-0.711566,1830,OK,CASO_PRUEBA_ARTIFICIAL_NO_ES_PROYECTO,precio_venta×alimento,9.377836,-0.3,-0.2,CASO_ARTIFICIAL,-6146.44089,precio_venta,alimento,INSUFICIENTE,POSITIVO,FUERA_DEL_UMBRAL,NEGATIVO
ART-PLANTA-GRANDE,-1.118526,1290,OK,CASO_PRUEBA_ARTIFICIAL_NO_ES_PROYECTO,precio_venta×alimento,,-0.3,-0.1,CASO_ARTIFICIAL,-8419.346743,precio_venta,alimento,INSUFICIENTE,POSITIVO,NO_RECUPERADO,NEGATIVO
ART-PLANTA-GRANDE,-1.525485,750,OK,CASO_PRUEBA_ARTIFICIAL_NO_ES_PROYECTO,precio_venta×alimento,,-0.3,0,CASO_ARTIFICIAL,-11185.822951,precio_venta,alimento,INSUFICIENTE,POSITIVO,NO_RECUPERADO,NEGATIVO
ART-PLANTA-GRANDE,-1.932445,210,OK,CASO_PRUEBA_ARTIFICIAL_NO_ES_PROYECTO,precio_venta×alimento,,-0.3,0.1,CASO_ARTIFICIAL,-13952.29916,precio_venta,alimento,INSUFICIENTE,POSITIVO,NO_RECUPERADO,NEGATIVO
ART-PLANTA-GRANDE,-2.339405,-330,OK,CASO_PRUEBA_ARTIFICIAL_NO_ES_PROYECTO,precio_venta×alimento,,-0.3,0.2,CASO_ARTIFICIAL,-16718.775369,precio_venta,alimento,INSUFICIENTE,NEGATIVO,NO_RECUPERADO,NEGATIVO
ART-PLANTA-GRANDE,-2.746365,-870,OK,CASO_PRUEBA_ARTIFICIAL_NO_ES_PROYECTO,precio_venta×alimento,,-0.3,0.3,CASO_ARTIFICIAL,-19485.251578,precio_venta,alimento,INSUFICIENTE,NEGATIVO,NO_RECUPERADO,NEGATIVO
ART-PLANTA-GRANDE,0.798263,4170,OK,CASO_PRUEBA_ARTIFICIAL_NO_ES_PROYECTO,precio_venta×alimento,5.111877,-0.2,-0.3,CASO_ARTIFICIAL,2128.034623,precio_venta,alimento,INSUFICIENTE,POSITIVO,FUERA_DEL_UMBRAL,POSITIVO
ART-PLANTA-GRANDE,0.391303,3630,OK,CASO_PRUEBA_ARTIFICIAL_NO_ES_PROYECTO,precio_venta×alimento,5.686878,-0.2,-0.2,CASO_ARTIFICIAL,197.485796,precio_venta,alimento,INSUFICIENTE,POSITIVO,FUERA_DEL_UMBRAL,POSITIVO
ART-PLANTA-GRANDE,-0.015657,3090,OK,CASO_PRUEBA_ARTIFICIAL_NO_ES_PROYECTO,precio_venta×alimento,6.430171,-0.2,-0.1,CASO_ARTIFICIAL,-1733.364943,precio_venta,alimento,INSUFICIENTE,POSITIVO,FUERA_DEL_UMBRAL,NEGATIVO
ART-PLANTA-GRANDE,-0.422617,2550,OK,CASO_PRUEBA_ARTIFICIAL_NO_ES_PROYECTO,precio_venta×alimento,7.428307,-0.2,0,CASO_ARTIFICIAL,-3670.903139,precio_venta,alimento,INSUFICIENTE,POSITIVO,FUERA_DEL_UMBRAL,NEGATIVO
ART-PLANTA-GRANDE,-0.829577,2010,OK,CASO_PRUEBA_ARTIFICIAL_NO_ES_PROYECTO,precio_venta×alimento,8.839466,-0.2,0.1,CASO_ARTIFICIAL,-5608.441335,precio_venta,alimento,INSUFICIENTE,POSITIVO,FUERA_DEL_UMBRAL,NEGATIVO
ART-PLANTA-GRANDE,-1.236536,1470,OK,CASO_PRUEBA_ARTIFICIAL_NO_ES_PROYECTO,precio_venta×alimento,,-0.2,0.2,CASO_ARTIFICIAL,-7655.640124,precio_venta,alimento,INSUFICIENTE,POSITIVO,NO_RECUPERADO,NEGATIVO
ART-PLANTA-GRANDE,-1.643496,930,OK,CASO_PRUEBA_ARTIFICIAL_NO_ES_PROYECTO,precio_venta×alimento,,-0.2,0.3,CASO_ARTIFICIAL,-10389.801203,precio_venta,alimento,INSUFICIENTE,POSITIVO,NO_RECUPERADO,NEGATIVO
ART-PLANTA-GRANDE,1.523617,5970,OK,CASO_PRUEBA_ARTIFICIAL_NO_ES_PROYECTO,precio_venta×alimento,3.904262,-0.1,-0.3,CASO_ARTIFICIAL,8455.221705,precio_venta,alimento,SUFICIENTE,POSITIVO,DENTRO_DEL_UMBRAL,POSITIVO
ART-PLANTA-GRANDE,1.251843,5430,OK,CASO_PRUEBA_ARTIFICIAL_NO_ES_PROYECTO,precio_venta×alimento,4.199476,-0.1,-0.2,CASO_ARTIFICIAL,6524.672878,precio_venta,alimento,SUFICIENTE,POSITIVO,DENTRO_DEL_UMBRAL,POSITIVO
ART-PLANTA-GRANDE,0.980069,4890,OK,CASO_PRUEBA_ARTIFICIAL_NO_ES_PROYECTO,precio_venta×alimento,4.552765,-0.1,-0.1,CASO_ARTIFICIAL,4594.124051,precio_venta,alimento,INSUFICIENTE,POSITIVO,DENTRO_DEL_UMBRAL,POSITIVO
ART-PLANTA-GRANDE,0.680252,4350,OK,CASO_PRUEBA_ARTIFICIAL_NO_ES_PROYECTO,precio_venta×alimento,4.983135,-0.1,0,CASO_ARTIFICIAL,2663.575223,precio_venta,alimento,INSUFICIENTE,POSITIVO,DENTRO_DEL_UMBRAL,POSITIVO
ART-PLANTA-GRANDE,0.273292,3810,OK,CASO_PRUEBA_ARTIFICIAL_NO_ES_PROYECTO,precio_venta×alimento,5.518902,-0.1,0.1,CASO_ARTIFICIAL,733.026396,precio_venta,alimento,INSUFICIENTE,POSITIVO,FUERA_DEL_UMBRAL,POSITIVO
ART-PLANTA-GRANDE,-0.133668,3270,OK,CASO_PRUEBA_ARTIFICIAL_NO_ES_PROYECTO,precio_venta×alimento,6.204185,-0.1,0.2,CASO_ARTIFICIAL,-1197.522431,precio_venta,alimento,INSUFICIENTE,POSITIVO,FUERA_DEL_UMBRAL,NEGATIVO
ART-PLANTA-GRANDE,-0.540628,2730,OK,CASO_PRUEBA_ARTIFICIAL_NO_ES_PROYECTO,precio_venta×alimento,7.111722,-0.1,0.3,CASO_ARTIFICIAL,-3134.978604,precio_venta,alimento,INSUFICIENTE,POSITIVO,FUERA_DEL_UMBRAL,NEGATIVO
ART-PLANTA-GRANDE,2.213503,7770,OK,CASO_PRUEBA_ARTIFICIAL_NO_ES_PROYECTO,precio_venta×alimento,3.216052,0,-0.3,CASO_ARTIFICIAL,14782.408788,precio_venta,alimento,SUFICIENTE,POSITIVO,DENTRO_DEL_UMBRAL,POSITIVO
ART-PLANTA-GRANDE,1.941729,7230,OK,CASO_PRUEBA_ARTIFICIAL_NO_ES_PROYECTO,precio_venta×alimento,3.395938,0,-0.2,CASO_ARTIFICIAL,12851.85996,precio_venta,alimento,SUFICIENTE,POSITIVO,DENTRO_DEL_UMBRAL,POSITIVO
ART-PLANTA-GRANDE,1.669955,6690,OK,CASO_PRUEBA_ARTIFICIAL_NO_ES_PROYECTO,precio_venta×alimento,3.602473,0,-0.1,CASO_ARTIFICIAL,10921.311133,precio_venta,alimento,SUFICIENTE,POSITIVO,DENTRO_DEL_UMBRAL,POSITIVO
ART-PLANTA-GRANDE,1.39818,6150,OK,CASO_PRUEBA_ARTIFICIAL_NO_ES_PROYECTO,precio_venta×alimento,3.842055,0,0,CASO_ARTIFICIAL,8990.762306,precio_venta,alimento,SUFICIENTE,POSITIVO,DENTRO_DEL_UMBRAL,POSITIVO
ART-PLANTA-GRANDE,1.126406,5610,OK,CASO_PRUEBA_ARTIFICIAL_NO_ES_PROYECTO,precio_venta×alimento,4.123302,0,0.1,CASO_ARTIFICIAL,7060.213478,precio_venta,alimento,INSUFICIENTE,POSITIVO,DENTRO_DEL_UMBRAL,POSITIVO
ART-PLANTA-GRANDE,0.854632,5070,OK,CASO_PRUEBA_ARTIFICIAL_NO_ES_PROYECTO,precio_venta×alimento,4.458121,0,0.2,CASO_ARTIFICIAL,5129.664651,precio_venta,alimento,INSUFICIENTE,POSITIVO,DENTRO_DEL_UMBRAL,POSITIVO
ART-PLANTA-GRANDE,0.562241,4530,OK,CASO_PRUEBA_ARTIFICIAL_NO_ES_PROYECTO,precio_venta×alimento,4.863428,0,0.3,CASO_ARTIFICIAL,3199.115824,precio_venta,alimento,INSUFICIENTE,POSITIVO,DENTRO_DEL_UMBRAL,POSITIVO
ART-PLANTA-GRANDE,2.903389,9570,OK,CASO_PRUEBA_ARTIFICIAL_NO_ES_PROYECTO,precio_venta×alimento,2.771456,0.1,-0.3,CASO_ARTIFICIAL,21109.59587,precio_venta,alimento,SUFICIENTE,POSITIVO,DENTRO_DEL_UMBRAL,POSITIVO
ART-PLANTA-GRANDE,2.631615,9030,OK,CASO_PRUEBA_ARTIFICIAL_NO_ES_PROYECTO,precio_venta×alimento,2.892787,0.1,-0.2,CASO_ARTIFICIAL,19179.047043,precio_venta,alimento,SUFICIENTE,POSITIVO,DENTRO_DEL_UMBRAL,POSITIVO
ART-PLANTA-GRANDE,2.359841,8490,OK,CASO_PRUEBA_ARTIFICIAL_NO_ES_PROYECTO,precio_venta×alimento,3.028535,0.1,-0.1,CASO_ARTIFICIAL,17248.498215,precio_venta,alimento,SUFICIENTE,POSITIVO,DENTRO_DEL_UMBRAL,POSITIVO
ART-PLANTA-GRANDE,2.088066,7950,OK,CASO_PRUEBA_ARTIFICIAL_NO_ES_PROYECTO,precio_venta×alimento,3.181429,0.1,0,CASO_ARTIFICIAL,15317.949388,precio_venta,alimento,SUFICIENTE,POSITIVO,DENTRO_DEL_UMBRAL,POSITIVO
ART-PLANTA-GRANDE,1.816292,7410,OK,CASO_PRUEBA_ARTIFICIAL_NO_ES_PROYECTO,precio_venta×alimento,3.354938,0.1,0.1,CASO_ARTIFICIAL,13387.400561,precio_venta,alimento,SUFICIENTE,POSITIVO,DENTRO_DEL_UMBRAL,POSITIVO
ART-PLANTA-GRANDE,1.544518,6870,OK,CASO_PRUEBA_ARTIFICIAL_NO_ES_PROYECTO,precio_venta×alimento,3.553534,0.1,0.2,CASO_ARTIFICIAL,11456.851733,precio_venta,alimento,SUFICIENTE,POSITIVO,DENTRO_DEL_UMBRAL,POSITIVO
ART-PLANTA-GRANDE,1.272744,6330,OK,CASO_PRUEBA_ARTIFICIAL_NO_ES_PROYECTO,precio_venta×alimento,3.783078,0.1,0.3,CASO_ARTIFICIAL,9526.302906,precio_venta,alimento,SUFICIENTE,POSITIVO,DENTRO_DEL_UMBRAL,POSITIVO
ART-PLANTA-GRANDE,3.593275,11370,OK,CASO_PRUEBA_ARTIFICIAL_NO_ES_PROYECTO,precio_venta×alimento,2.460573,0.2,-0.3,CASO_ARTIFICIAL,27436.782952,precio_venta,alimento,SUFICIENTE,POSITIVO,DENTRO_DEL_UMBRAL,POSITIVO
ART-PLANTA-GRANDE,3.321501,10830,OK,CASO_PRUEBA_ARTIFICIAL_NO_ES_PROYECTO,precio_venta×alimento,2.54811,0.2,-0.2,CASO_ARTIFICIAL,25506.234125,precio_venta,alimento,SUFICIENTE,POSITIVO,DENTRO_DEL_UMBRAL,POSITIVO
ART-PLANTA-GRANDE,3.049727,10290,OK,CASO_PRUEBA_ARTIFICIAL_NO_ES_PROYECTO,precio_venta×alimento,2.644328,0.2,-0.1,CASO_ARTIFICIAL,23575.685298,precio_venta,alimento,SUFICIENTE,POSITIVO,DENTRO_DEL_UMBRAL,POSITIVO
ART-PLANTA-GRANDE,2.777952,9750,OK,CASO_PRUEBA_ARTIFICIAL_NO_ES_PROYECTO,precio_venta×alimento,2.750586,0.2,0,CASO_ARTIFICIAL,21645.13647,precio_venta,alimento,SUFICIENTE,POSITIVO,DENTRO_DEL_UMBRAL,POSITIVO
ART-PLANTA-GRANDE,2.506178,9210,OK,CASO_PRUEBA_ARTIFICIAL_NO_ES_PROYECTO,precio_venta×alimento,2.868543,0.2,0.1,CASO_ARTIFICIAL,19714.587643,precio_venta,alimento,SUFICIENTE,POSITIVO,DENTRO_DEL_UMBRAL,POSITIVO
ART-PLANTA-GRANDE,2.234404,8670,OK,CASO_PRUEBA_ARTIFICIAL_NO_ES_PROYECTO,precio_venta×alimento,3.000242,0.2,0.2,CASO_ARTIFICIAL,17784.038816,precio_venta,alimento,SUFICIENTE,POSITIVO,DENTRO_DEL_UMBRAL,POSITIVO
ART-PLANTA-GRANDE,1.96263,8130,OK,CASO_PRUEBA_ARTIFICIAL_NO_ES_PROYECTO,precio_venta×alimento,3.148234,0.2,0.3,CASO_ARTIFICIAL,15853.489988,precio_venta,alimento,SUFICIENTE,POSITIVO,DENTRO_DEL_UMBRAL,POSITIVO
ART-PLANTA-GRANDE,4.283161,13170,OK,CASO_PRUEBA_ARTIFICIAL_NO_ES_PROYECTO,precio_venta×alimento,2.230966,0.3,-0.3,CASO_ARTIFICIAL,33763.970035,precio_venta,alimento,SUFICIENTE,POSITIVO,DENTRO_DEL_UMBRAL,POSITIVO
ART-PLANTA-GRANDE,4.011387,12630,OK,CASO_PRUEBA_ARTIFICIAL_NO_ES_PROYECTO,precio_venta×alimento,2.297222,0.3,-0.2,CASO_ARTIFICIAL,31833.421207,precio_venta,alimento,SUFICIENTE,POSITIVO,DENTRO_DEL_UMBRAL,POSITIVO
ART-PLANTA-GRANDE,3.739613,12090,OK,CASO_PRUEBA_ARTIFICIAL_NO_ES_PROYECTO,precio_venta×alimento,2.369116,0.3,-0.1,CASO_ARTIFICIAL,29902.87238,precio_venta,alimento,SUFICIENTE,POSITIVO,DENTRO_DEL_UMBRAL,POSITIVO
ART-PLANTA-GRANDE,3.467839,11550,OK,CASO_PRUEBA_ARTIFICIAL_NO_ES_PROYECTO,precio_venta×alimento,2.447401,0.3,0,CASO_ARTIFICIAL,27972.323553,precio_venta,alimento,SUFICIENTE,POSITIVO,DENTRO_DEL_UMBRAL,POSITIVO
ART-PLANTA-GRANDE,3.196064,11010,OK,CASO_PRUEBA_ARTIFICIAL_NO_ES_PROYECTO,precio_venta×alimento,2.532968,0.3,0.1,CASO_ARTIFICIAL,26041.774725,precio_venta,alimento,SUFICIENTE,POSITIVO,DENTRO_DEL_UMBRAL,POSITIVO
ART-PLANTA-GRANDE,2.92429,10470,OK,CASO_PRUEBA_ARTIFICIAL_NO_ES_PROYECTO,precio_venta×alimento,2.626883,0.3,0.2,CASO_ARTIFICIAL,24111.225898,precio_venta,alimento,SUFICIENTE,POSITIVO,DENTRO_DEL_UMBRAL,POSITIVO
ART-PLANTA-GRANDE,2.652516,9930,OK,CASO_PRUEBA_ARTIFICIAL_NO_ES_PROYECTO,precio_venta×alimento,2.730431,0.3,0.3,CASO_ARTIFICIAL,22180.677071,precio_venta,alimento,SUFICIENTE,POSITIVO,DENTRO_DEL_UMBRAL,POSITIVO
ART-PLANTA-GRANDE,1.030028,3315,OK,CASO_PRUEBA_ARTIFICIAL_NO_ES_PROYECTO,demanda×capex,4.60337,-0.3,-0.3,CASO_ARTIFICIAL,2978.004887,demanda,capex,INSUFICIENTE,POSITIVO,DENTRO_DEL_UMBRAL,POSITIVO
ART-PLANTA-GRANDE,1.068883,3315,OK,CASO_PRUEBA_ARTIFICIAL_NO_ES_PROYECTO,demanda×capex,5.065504,-0.3,-0.2,CASO_ARTIFICIAL,1796.564254,demanda,capex,INSUFICIENTE,POSITIVO,FUERA_DEL_UMBRAL,POSITIVO
ART-PLANTA-GRANDE,1.107739,3315,OK,CASO_PRUEBA_ARTIFICIAL_NO_ES_PROYECTO,demanda×capex,5.513252,-0.3,-0.1,CASO_ARTIFICIAL,615.123621,demanda,capex,INSUFICIENTE,POSITIVO,FUERA_DEL_UMBRAL,POSITIVO
ART-PLANTA-GRANDE,1.146595,3315,OK,CASO_PRUEBA_ARTIFICIAL_NO_ES_PROYECTO,demanda×capex,5.947276,-0.3,0,CASO_ARTIFICIAL,-566.317011,demanda,capex,INSUFICIENTE,POSITIVO,FUERA_DEL_UMBRAL,NEGATIVO
ART-PLANTA-GRANDE,1.160638,3315,OK,CASO_PRUEBA_ARTIFICIAL_NO_ES_PROYECTO,demanda×capex,6.368198,-0.3,0.1,CASO_ARTIFICIAL,-1747.757644,demanda,capex,INSUFICIENTE,POSITIVO,FUERA_DEL_UMBRAL,NEGATIVO
ART-PLANTA-GRANDE,1.160638,3315,OK,CASO_PRUEBA_ARTIFICIAL_NO_ES_PROYECTO,demanda×capex,6.776601,-0.3,0.2,CASO_ARTIFICIAL,-2929.198277,demanda,capex,INSUFICIENTE,POSITIVO,FUERA_DEL_UMBRAL,NEGATIVO
ART-PLANTA-GRANDE,1.160638,3315,OK,CASO_PRUEBA_ARTIFICIAL_NO_ES_PROYECTO,demanda×capex,7.173037,-0.3,0.3,CASO_ARTIFICIAL,-4110.63891,demanda,capex,INSUFICIENTE,POSITIVO,FUERA_DEL_UMBRAL,NEGATIVO
ART-PLANTA-GRANDE,1.113889,4260,OK,CASO_PRUEBA_ARTIFICIAL_NO_ES_PROYECTO,demanda×capex,3.86261,-0.2,-0.3,CASO_ARTIFICIAL,6163.697993,demanda,capex,INSUFICIENTE,POSITIVO,DENTRO_DEL_UMBRAL,POSITIVO
ART-PLANTA-GRANDE,1.152745,4260,OK,CASO_PRUEBA_ARTIFICIAL_NO_ES_PROYECTO,demanda×capex,4.241986,-0.2,-0.2,CASO_ARTIFICIAL,4982.25736,demanda,capex,INSUFICIENTE,POSITIVO,DENTRO_DEL_UMBRAL,POSITIVO
ART-PLANTA-GRANDE,1.191601,4260,OK,CASO_PRUEBA_ARTIFICIAL_NO_ES_PROYECTO,demanda×capex,4.611878,-0.2,-0.1,CASO_ARTIFICIAL,3800.816727,demanda,capex,INSUFICIENTE,POSITIVO,DENTRO_DEL_UMBRAL,POSITIVO
ART-PLANTA-GRANDE,1.230457,4260,OK,CASO_PRUEBA_ARTIFICIAL_NO_ES_PROYECTO,demanda×capex,4.972637,-0.2,0,CASO_ARTIFICIAL,2619.376094,demanda,capex,SUFICIENTE,POSITIVO,DENTRO_DEL_UMBRAL,POSITIVO
ART-PLANTA-GRANDE,1.269313,4260,OK,CASO_PRUEBA_ARTIFICIAL_NO_ES_PROYECTO,demanda×capex,5.324596,-0.2,0.1,CASO_ARTIFICIAL,1437.935461,demanda,capex,SUFICIENTE,POSITIVO,FUERA_DEL_UMBRAL,POSITIVO
ART-PLANTA-GRANDE,1.308169,4260,OK,CASO_PRUEBA_ARTIFICIAL_NO_ES_PROYECTO,demanda×capex,5.668075,-0.2,0.2,CASO_ARTIFICIAL,256.494829,demanda,capex,SUFICIENTE,POSITIVO,FUERA_DEL_UMBRAL,POSITIVO
ART-PLANTA-GRANDE,1.347025,4260,OK,CASO_PRUEBA_ARTIFICIAL_NO_ES_PROYECTO,demanda×capex,6.003376,-0.2,0.3,CASO_ARTIFICIAL,-924.945804,demanda,capex,SUFICIENTE,POSITIVO,FUERA_DEL_UMBRAL,NEGATIVO
ART-PLANTA-GRANDE,1.197751,5205,OK,CASO_PRUEBA_ARTIFICIAL_NO_ES_PROYECTO,demanda×capex,3.370745,-0.1,-0.3,CASO_ARTIFICIAL,9349.391098,demanda,capex,INSUFICIENTE,POSITIVO,DENTRO_DEL_UMBRAL,POSITIVO
ART-PLANTA-GRANDE,1.236607,5205,OK,CASO_PRUEBA_ARTIFICIAL_NO_ES_PROYECTO,demanda×capex,3.69225,-0.1,-0.2,CASO_ARTIFICIAL,8167.950466,demanda,capex,SUFICIENTE,POSITIVO,DENTRO_DEL_UMBRAL,POSITIVO
ART-PLANTA-GRANDE,1.275463,5205,OK,CASO_PRUEBA_ARTIFICIAL_NO_ES_PROYECTO,demanda×capex,4.007039,-0.1,-0.1,CASO_ARTIFICIAL,6986.509833,demanda,capex,SUFICIENTE,POSITIVO,DENTRO_DEL_UMBRAL,POSITIVO
ART-PLANTA-GRANDE,1.314319,5205,OK,CASO_PRUEBA_ARTIFICIAL_NO_ES_PROYECTO,demanda×capex,4.315322,-0.1,0,CASO_ARTIFICIAL,5805.0692,demanda,capex,SUFICIENTE,POSITIVO,DENTRO_DEL_UMBRAL,POSITIVO
ART-PLANTA-GRANDE,1.353175,5205,OK,CASO_PRUEBA_ARTIFICIAL_NO_ES_PROYECTO,demanda×capex,4.617296,-0.1,0.1,CASO_ARTIFICIAL,4623.628567,demanda,capex,SUFICIENTE,POSITIVO,DENTRO_DEL_UMBRAL,POSITIVO
ART-PLANTA-GRANDE,1.39203,5205,OK,CASO_PRUEBA_ARTIFICIAL_NO_ES_PROYECTO,demanda×capex,4.913155,-0.1,0.2,CASO_ARTIFICIAL,3442.187934,demanda,capex,SUFICIENTE,POSITIVO,DENTRO_DEL_UMBRAL,POSITIVO
ART-PLANTA-GRANDE,1.430886,5205,OK,CASO_PRUEBA_ARTIFICIAL_NO_ES_PROYECTO,demanda×capex,5.203081,-0.1,0.3,CASO_ARTIFICIAL,2260.747302,demanda,capex,SUFICIENTE,POSITIVO,FUERA_DEL_UMBRAL,POSITIVO
ART-PLANTA-GRANDE,1.281613,6150,OK,CASO_PRUEBA_ARTIFICIAL_NO_ES_PROYECTO,demanda×capex,3.020376,0,-0.3,CASO_ARTIFICIAL,12535.084204,demanda,capex,SUFICIENTE,POSITIVO,DENTRO_DEL_UMBRAL,POSITIVO
ART-PLANTA-GRANDE,1.320469,6150,OK,CASO_PRUEBA_ARTIFICIAL_NO_ES_PROYECTO,demanda×capex,3.299226,0,-0.2,CASO_ARTIFICIAL,11353.643571,demanda,capex,SUFICIENTE,POSITIVO,DENTRO_DEL_UMBRAL,POSITIVO
ART-PLANTA-GRANDE,1.359325,6150,OK,CASO_PRUEBA_ARTIFICIAL_NO_ES_PROYECTO,demanda×capex,3.573075,0,-0.1,CASO_ARTIFICIAL,10172.202938,demanda,capex,SUFICIENTE,POSITIVO,DENTRO_DEL_UMBRAL,POSITIVO
ART-PLANTA-GRANDE,1.39818,6150,OK,CASO_PRUEBA_ARTIFICIAL_NO_ES_PROYECTO,demanda×capex,3.842055,0,0,CASO_ARTIFICIAL,8990.762306,demanda,capex,SUFICIENTE,POSITIVO,DENTRO_DEL_UMBRAL,POSITIVO
ART-PLANTA-GRANDE,1.437036,6150,OK,CASO_PRUEBA_ARTIFICIAL_NO_ES_PROYECTO,demanda×capex,4.106295,0,0.1,CASO_ARTIFICIAL,7809.321673,demanda,capex,SUFICIENTE,POSITIVO,DENTRO_DEL_UMBRAL,POSITIVO
ART-PLANTA-GRANDE,1.475892,6150,OK,CASO_PRUEBA_ARTIFICIAL_NO_ES_PROYECTO,demanda×capex,4.36592,0,0.2,CASO_ARTIFICIAL,6627.88104,demanda,capex,SUFICIENTE,POSITIVO,DENTRO_DEL_UMBRAL,POSITIVO
ART-PLANTA-GRANDE,1.514748,6150,OK,CASO_PRUEBA_ARTIFICIAL_NO_ES_PROYECTO,demanda×capex,4.621049,0,0.3,CASO_ARTIFICIAL,5446.440407,demanda,capex,SUFICIENTE,POSITIVO,DENTRO_DEL_UMBRAL,POSITIVO
ART-PLANTA-GRANDE,1.328575,7095,OK,CASO_PRUEBA_ARTIFICIAL_NO_ES_PROYECTO,demanda×capex,2.771164,0.1,-0.3,CASO_ARTIFICIAL,15664.182048,demanda,capex,SUFICIENTE,POSITIVO,DENTRO_DEL_UMBRAL,POSITIVO
ART-PLANTA-GRANDE,1.367431,7095,OK,CASO_PRUEBA_ARTIFICIAL_NO_ES_PROYECTO,demanda×capex,3.017201,0.1,-0.2,CASO_ARTIFICIAL,14482.741416,demanda,capex,SUFICIENTE,POSITIVO,DENTRO_DEL_UMBRAL,POSITIVO
ART-PLANTA-GRANDE,1.406287,7095,OK,CASO_PRUEBA_ARTIFICIAL_NO_ES_PROYECTO,demanda×capex,3.259371,0.1,-0.1,CASO_ARTIFICIAL,13301.300783,demanda,capex,SUFICIENTE,POSITIVO,DENTRO_DEL_UMBRAL,POSITIVO
ART-PLANTA-GRANDE,1.445143,7095,OK,CASO_PRUEBA_ARTIFICIAL_NO_ES_PROYECTO,demanda×capex,3.497764,0.1,0,CASO_ARTIFICIAL,12119.86015,demanda,capex,SUFICIENTE,POSITIVO,DENTRO_DEL_UMBRAL,POSITIVO
ART-PLANTA-GRANDE,1.483999,7095,OK,CASO_PRUEBA_ARTIFICIAL_NO_ES_PROYECTO,demanda×capex,3.732469,0.1,0.1,CASO_ARTIFICIAL,10938.419517,demanda,capex,SUFICIENTE,POSITIVO,DENTRO_DEL_UMBRAL,POSITIVO
ART-PLANTA-GRANDE,1.522855,7095,OK,CASO_PRUEBA_ARTIFICIAL_NO_ES_PROYECTO,demanda×capex,3.96357,0.1,0.2,CASO_ARTIFICIAL,9756.978884,demanda,capex,SUFICIENTE,POSITIVO,DENTRO_DEL_UMBRAL,POSITIVO
ART-PLANTA-GRANDE,1.561711,7095,OK,CASO_PRUEBA_ARTIFICIAL_NO_ES_PROYECTO,demanda×capex,4.191149,0.1,0.3,CASO_ARTIFICIAL,8575.538252,demanda,capex,SUFICIENTE,POSITIVO,DENTRO_DEL_UMBRAL,POSITIVO
ART-PLANTA-GRANDE,1.328575,8040,OK,CASO_PRUEBA_ARTIFICIAL_NO_ES_PROYECTO,demanda×capex,2.59237,0.2,-0.3,CASO_ARTIFICIAL,18721.24956,demanda,capex,SUFICIENTE,POSITIVO,DENTRO_DEL_UMBRAL,POSITIVO
ART-PLANTA-GRANDE,1.367431,8040,OK,CASO_PRUEBA_ARTIFICIAL_NO_ES_PROYECTO,demanda×capex,2.812377,0.2,-0.2,CASO_ARTIFICIAL,17539.808927,demanda,capex,SUFICIENTE,POSITIVO,DENTRO_DEL_UMBRAL,POSITIVO
ART-PLANTA-GRANDE,1.406287,8040,OK,CASO_PRUEBA_ARTIFICIAL_NO_ES_PROYECTO,demanda×capex,3.029307,0.2,-0.1,CASO_ARTIFICIAL,16358.368294,demanda,capex,SUFICIENTE,POSITIVO,DENTRO_DEL_UMBRAL,POSITIVO
ART-PLANTA-GRANDE,1.445143,8040,OK,CASO_PRUEBA_ARTIFICIAL_NO_ES_PROYECTO,demanda×capex,3.243223,0.2,0,CASO_ARTIFICIAL,15176.927662,demanda,capex,SUFICIENTE,POSITIVO,DENTRO_DEL_UMBRAL,POSITIVO
ART-PLANTA-GRANDE,1.483999,8040,OK,CASO_PRUEBA_ARTIFICIAL_NO_ES_PROYECTO,demanda×capex,3.45419,0.2,0.1,CASO_ARTIFICIAL,13995.487029,demanda,capex,SUFICIENTE,POSITIVO,DENTRO_DEL_UMBRAL,POSITIVO
ART-PLANTA-GRANDE,1.522855,8040,OK,CASO_PRUEBA_ARTIFICIAL_NO_ES_PROYECTO,demanda×capex,3.662266,0.2,0.2,CASO_ARTIFICIAL,12814.046396,demanda,capex,SUFICIENTE,POSITIVO,DENTRO_DEL_UMBRAL,POSITIVO
ART-PLANTA-GRANDE,1.561711,8040,OK,CASO_PRUEBA_ARTIFICIAL_NO_ES_PROYECTO,demanda×capex,3.867511,0.2,0.3,CASO_ARTIFICIAL,11632.605763,demanda,capex,SUFICIENTE,POSITIVO,DENTRO_DEL_UMBRAL,POSITIVO
ART-PLANTA-GRANDE,1.328575,8985,OK,CASO_PRUEBA_ARTIFICIAL_NO_ES_PROYECTO,demanda×capex,2.449506,0.3,-0.3,CASO_ARTIFICIAL,21778.317072,demanda,capex,SUFICIENTE,POSITIVO,DENTRO_DEL_UMBRAL,POSITIVO
ART-PLANTA-GRANDE,1.367431,8985,OK,CASO_PRUEBA_ARTIFICIAL_NO_ES_PROYECTO,demanda×capex,2.648453,0.3,-0.2,CASO_ARTIFICIAL,20596.876439,demanda,capex,SUFICIENTE,POSITIVO,DENTRO_DEL_UMBRAL,POSITIVO
ART-PLANTA-GRANDE,1.406287,8985,OK,CASO_PRUEBA_ARTIFICIAL_NO_ES_PROYECTO,demanda×capex,2.844893,0.3,-0.1,CASO_ARTIFICIAL,19415.435806,demanda,capex,SUFICIENTE,POSITIVO,DENTRO_DEL_UMBRAL,POSITIVO
ART-PLANTA-GRANDE,1.445143,8985,OK,CASO_PRUEBA_ARTIFICIAL_NO_ES_PROYECTO,demanda×capex,3.038874,0.3,0,CASO_ARTIFICIAL,18233.995173,demanda,capex,SUFICIENTE,POSITIVO,DENTRO_DEL_UMBRAL,POSITIVO
ART-PLANTA-GRANDE,1.483999,8985,OK,CASO_PRUEBA_ARTIFICIAL_NO_ES_PROYECTO,demanda×capex,3.230441,0.3,0.1,CASO_ARTIFICIAL,17052.55454,demanda,capex,SUFICIENTE,POSITIVO,DENTRO_DEL_UMBRAL,POSITIVO
ART-PLANTA-GRANDE,1.522855,8985,OK,CASO_PRUEBA_ARTIFICIAL_NO_ES_PROYECTO,demanda×capex,3.41964,0.3,0.2,CASO_ARTIFICIAL,15871.113908,demanda,capex,SUFICIENTE,POSITIVO,DENTRO_DEL_UMBRAL,POSITIVO
ART-PLANTA-GRANDE,1.561711,8985,OK,CASO_PRUEBA_ARTIFICIAL_NO_ES_PROYECTO,demanda×capex,3.606514,0.3,0.3,CASO_ARTIFICIAL,14689.673275,demanda,capex,SUFICIENTE,POSITIVO,DENTRO_DEL_UMBRAL,POSITIVO
ART-PLANTA-GRANDE,-1.892838,480,OK,CASO_PRUEBA_ARTIFICIAL_NO_ES_PROYECTO,utilizacion×precio_venta,,-0.3,-0.3,CASO_ARTIFICIAL,-12748.852014,utilizacion,precio_venta,INSUFICIENTE,POSITIVO,NO_RECUPERADO,NEGATIVO
ART-PLANTA-GRANDE,-1.098921,2160,OK,CASO_PRUEBA_ARTIFICIAL_NO_ES_PROYECTO,utilizacion×precio_venta,8.516907,-0.3,-0.2,CASO_ARTIFICIAL,-5284.065601,utilizacion,precio_venta,INSUFICIENTE,POSITIVO,FUERA_DEL_UMBRAL,NEGATIVO
ART-PLANTA-GRANDE,-0.305005,3840,OK,CASO_PRUEBA_ARTIFICIAL_NO_ES_PROYECTO,utilizacion×precio_venta,5.59583,-0.3,-0.1,CASO_ARTIFICIAL,543.848768,utilizacion,precio_venta,INSUFICIENTE,POSITIVO,FUERA_DEL_UMBRAL,POSITIVO
ART-PLANTA-GRANDE,0.488912,5520,OK,CASO_PRUEBA_ARTIFICIAL_NO_ES_PROYECTO,utilizacion×precio_venta,4.278481,-0.3,0,CASO_ARTIFICIAL,6362.886749,utilizacion,precio_venta,INSUFICIENTE,POSITIVO,DENTRO_DEL_UMBRAL,POSITIVO
ART-PLANTA-GRANDE,1.147361,7200,OK,CASO_PRUEBA_ARTIFICIAL_NO_ES_PROYECTO,utilizacion×precio_venta,3.528606,-0.3,0.1,CASO_ARTIFICIAL,12173.533913,utilizacion,precio_venta,INSUFICIENTE,POSITIVO,DENTRO_DEL_UMBRAL,POSITIVO
ART-PLANTA-GRANDE,1.642398,8880,OK,CASO_PRUEBA_ARTIFICIAL_NO_ES_PROYECTO,utilizacion×precio_venta,3.044509,-0.3,0.2,CASO_ARTIFICIAL,17984.181077,utilizacion,precio_venta,SUFICIENTE,POSITIVO,DENTRO_DEL_UMBRAL,POSITIVO
ART-PLANTA-GRANDE,2.137435,10560,OK,CASO_PRUEBA_ARTIFICIAL_NO_ES_PROYECTO,utilizacion×precio_venta,2.706162,-0.3,0.3,CASO_ARTIFICIAL,23794.828241,utilizacion,precio_venta,SUFICIENTE,POSITIVO,DENTRO_DEL_UMBRAL,POSITIVO
ART-PLANTA-GRANDE,-1.762952,750,OK,CASO_PRUEBA_ARTIFICIAL_NO_ES_PROYECTO,utilizacion×precio_venta,,-0.2,-0.3,CASO_ARTIFICIAL,-11382.320859,utilizacion,precio_venta,INSUFICIENTE,POSITIVO,NO_RECUPERADO,NEGATIVO
ART-PLANTA-GRANDE,-0.855619,2550,OK,CASO_PRUEBA_ARTIFICIAL_NO_ES_PROYECTO,utilizacion×precio_venta,7.542506,-0.2,-0.2,CASO_ARTIFICIAL,-3894.030232,utilizacion,precio_venta,INSUFICIENTE,POSITIVO,FUERA_DEL_UMBRAL,NEGATIVO
ART-PLANTA-GRANDE,0.051714,4350,OK,CASO_PRUEBA_ARTIFICIAL_NO_ES_PROYECTO,utilizacion×precio_venta,5.081795,-0.2,-0.1,CASO_ARTIFICIAL,2372.568435,utilizacion,precio_venta,INSUFICIENTE,POSITIVO,FUERA_DEL_UMBRAL,POSITIVO
ART-PLANTA-GRANDE,0.916597,6150,OK,CASO_PRUEBA_ARTIFICIAL_NO_ES_PROYECTO,utilizacion×precio_venta,3.933463,-0.2,0,CASO_ARTIFICIAL,8621.55205,utilizacion,precio_venta,INSUFICIENTE,POSITIVO,DENTRO_DEL_UMBRAL,POSITIVO
ART-PLANTA-GRANDE,1.482353,7950,OK,CASO_PRUEBA_ARTIFICIAL_NO_ES_PROYECTO,utilizacion×precio_venta,3.268639,-0.2,0.1,CASO_ARTIFICIAL,14870.535666,utilizacion,precio_venta,SUFICIENTE,POSITIVO,DENTRO_DEL_UMBRAL,POSITIVO
ART-PLANTA-GRANDE,2.04811,9750,OK,CASO_PRUEBA_ARTIFICIAL_NO_ES_PROYECTO,utilizacion×precio_venta,2.835058,-0.2,0.2,CASO_ARTIFICIAL,21119.519282,utilizacion,precio_venta,SUFICIENTE,POSITIVO,DENTRO_DEL_UMBRAL,POSITIVO
ART-PLANTA-GRANDE,2.613866,11550,OK,CASO_PRUEBA_ARTIFICIAL_NO_ES_PROYECTO,utilizacion×precio_venta,2.529946,-0.2,0.3,CASO_ARTIFICIAL,27368.502898,utilizacion,precio_venta,SUFICIENTE,POSITIVO,DENTRO_DEL_UMBRAL,POSITIVO
ART-PLANTA-GRANDE,-1.633067,750,OK,CASO_PRUEBA_ARTIFICIAL_NO_ES_PROYECTO,utilizacion×precio_venta,,-0.1,-0.3,CASO_ARTIFICIAL,-11263.913348,utilizacion,precio_venta,INSUFICIENTE,POSITIVO,NO_RECUPERADO,NEGATIVO
ART-PLANTA-GRANDE,-0.612317,2550,OK,CASO_PRUEBA_ARTIFICIAL_NO_ES_PROYECTO,utilizacion×precio_venta,7.473609,-0.1,-0.2,CASO_ARTIFICIAL,-3760.342397,utilizacion,precio_venta,INSUFICIENTE,POSITIVO,FUERA_DEL_UMBRAL,NEGATIVO
ART-PLANTA-GRANDE,0.408432,4350,OK,CASO_PRUEBA_ARTIFICIAL_NO_ES_PROYECTO,utilizacion×precio_venta,5.022412,-0.1,-0.1,CASO_ARTIFICIAL,2546.608277,utilizacion,precio_venta,INSUFICIENTE,POSITIVO,FUERA_DEL_UMBRAL,POSITIVO
ART-PLANTA-GRANDE,1.18087,6150,OK,CASO_PRUEBA_ARTIFICIAL_NO_ES_PROYECTO,utilizacion×precio_venta,3.87852,-0.1,0,CASO_ARTIFICIAL,8842.172344,utilizacion,precio_venta,INSUFICIENTE,POSITIVO,DENTRO_DEL_UMBRAL,POSITIVO
ART-PLANTA-GRANDE,1.817346,7950,OK,CASO_PRUEBA_ARTIFICIAL_NO_ES_PROYECTO,utilizacion×precio_venta,3.216266,-0.1,0.1,CASO_ARTIFICIAL,15137.736412,utilizacion,precio_venta,SUFICIENTE,POSITIVO,DENTRO_DEL_UMBRAL,POSITIVO
ART-PLANTA-GRANDE,2.453822,9750,OK,CASO_PRUEBA_ARTIFICIAL_NO_ES_PROYECTO,utilizacion×precio_venta,2.784362,-0.1,0.2,CASO_ARTIFICIAL,21433.300479,utilizacion,precio_venta,SUFICIENTE,POSITIVO,DENTRO_DEL_UMBRAL,POSITIVO
ART-PLANTA-GRANDE,3.090298,11550,OK,CASO_PRUEBA_ARTIFICIAL_NO_ES_PROYECTO,utilizacion×precio_venta,2.48043,-0.1,0.3,CASO_ARTIFICIAL,27728.864546,utilizacion,precio_venta,SUFICIENTE,POSITIVO,DENTRO_DEL_UMBRAL,POSITIVO
ART-PLANTA-GRANDE,-1.525485,750,OK,CASO_PRUEBA_ARTIFICIAL_NO_ES_PROYECTO,utilizacion×precio_venta,,0,-0.3,CASO_ARTIFICIAL,-11185.822951,utilizacion,precio_venta,INSUFICIENTE,POSITIVO,NO_RECUPERADO,NEGATIVO
ART-PLANTA-GRANDE,-0.422617,2550,OK,CASO_PRUEBA_ARTIFICIAL_NO_ES_PROYECTO,utilizacion×precio_venta,7.428307,0,-0.2,CASO_ARTIFICIAL,-3670.903139,utilizacion,precio_venta,INSUFICIENTE,POSITIVO,FUERA_DEL_UMBRAL,NEGATIVO
ART-PLANTA-GRANDE,0.680252,4350,OK,CASO_PRUEBA_ARTIFICIAL_NO_ES_PROYECTO,utilizacion×precio_venta,4.983135,0,-0.1,CASO_ARTIFICIAL,2663.575223,utilizacion,precio_venta,INSUFICIENTE,POSITIVO,DENTRO_DEL_UMBRAL,POSITIVO
ART-PLANTA-GRANDE,1.39818,6150,OK,CASO_PRUEBA_ARTIFICIAL_NO_ES_PROYECTO,utilizacion×precio_venta,3.842055,0,0,CASO_ARTIFICIAL,8990.762306,utilizacion,precio_venta,SUFICIENTE,POSITIVO,DENTRO_DEL_UMBRAL,POSITIVO
ART-PLANTA-GRANDE,2.088066,7950,OK,CASO_PRUEBA_ARTIFICIAL_NO_ES_PROYECTO,utilizacion×precio_venta,3.181429,0,0.1,CASO_ARTIFICIAL,15317.949388,utilizacion,precio_venta,SUFICIENTE,POSITIVO,DENTRO_DEL_UMBRAL,POSITIVO
ART-PLANTA-GRANDE,2.777952,9750,OK,CASO_PRUEBA_ARTIFICIAL_NO_ES_PROYECTO,utilizacion×precio_venta,2.750586,0,0.2,CASO_ARTIFICIAL,21645.13647,utilizacion,precio_venta,SUFICIENTE,POSITIVO,DENTRO_DEL_UMBRAL,POSITIVO
ART-PLANTA-GRANDE,3.467839,11550,OK,CASO_PRUEBA_ARTIFICIAL_NO_ES_PROYECTO,utilizacion×precio_venta,2.447401,0,0.3,CASO_ARTIFICIAL,27972.323553,utilizacion,precio_venta,SUFICIENTE,POSITIVO,DENTRO_DEL_UMBRAL,POSITIVO
ART-PLANTA-GRANDE,-1.437659,750,OK,CASO_PRUEBA_ARTIFICIAL_NO_ES_PROYECTO,utilizacion×precio_venta,,0.1,-0.3,CASO_ARTIFICIAL,-11143.441999,utilizacion,precio_venta,INSUFICIENTE,POSITIVO,NO_RECUPERADO,NEGATIVO
ART-PLANTA-GRANDE,-0.280392,2550,OK,CASO_PRUEBA_ARTIFICIAL_NO_ES_PROYECTO,utilizacion×precio_venta,7.403905,0.1,-0.2,CASO_ARTIFICIAL,-3620.655478,utilizacion,precio_venta,INSUFICIENTE,POSITIVO,FUERA_DEL_UMBRAL,NEGATIVO
ART-PLANTA-GRANDE,0.845931,4350,OK,CASO_PRUEBA_ARTIFICIAL_NO_ES_PROYECTO,utilizacion×precio_venta,4.961667,0.1,-0.1,CASO_ARTIFICIAL,2729.99189,utilizacion,precio_venta,INSUFICIENTE,POSITIVO,DENTRO_DEL_UMBRAL,POSITIVO
ART-PLANTA-GRANDE,1.573895,6150,OK,CASO_PRUEBA_ARTIFICIAL_NO_ES_PROYECTO,utilizacion×precio_venta,3.821956,0.1,0,CASO_ARTIFICIAL,9075.553972,utilizacion,precio_venta,SUFICIENTE,POSITIVO,DENTRO_DEL_UMBRAL,POSITIVO
ART-PLANTA-GRANDE,2.30186,7950,OK,CASO_PRUEBA_ARTIFICIAL_NO_ES_PROYECTO,utilizacion×precio_venta,3.162123,0.1,0.1,CASO_ARTIFICIAL,15421.116055,utilizacion,precio_venta,SUFICIENTE,POSITIVO,DENTRO_DEL_UMBRAL,POSITIVO
ART-PLANTA-GRANDE,3.029825,9750,OK,CASO_PRUEBA_ARTIFICIAL_NO_ES_PROYECTO,utilizacion×precio_venta,2.731797,0.1,0.2,CASO_ARTIFICIAL,21766.678137,utilizacion,precio_venta,SUFICIENTE,POSITIVO,DENTRO_DEL_UMBRAL,POSITIVO
ART-PLANTA-GRANDE,3.75779,11550,OK,CASO_PRUEBA_ARTIFICIAL_NO_ES_PROYECTO,utilizacion×precio_venta,2.428976,0.1,0.3,CASO_ARTIFICIAL,28112.240219,utilizacion,precio_venta,SUFICIENTE,POSITIVO,DENTRO_DEL_UMBRAL,POSITIVO
ART-PLANTA-GRANDE,-1.349832,750,OK,CASO_PRUEBA_ARTIFICIAL_NO_ES_PROYECTO,utilizacion×precio_venta,,0.2,-0.3,CASO_ARTIFICIAL,-11101.061047,utilizacion,precio_venta,INSUFICIENTE,POSITIVO,NO_RECUPERADO,NEGATIVO
ART-PLANTA-GRANDE,-0.138167,2550,OK,CASO_PRUEBA_ARTIFICIAL_NO_ES_PROYECTO,utilizacion×precio_venta,7.379503,0.2,-0.2,CASO_ARTIFICIAL,-3570.407816,utilizacion,precio_venta,INSUFICIENTE,POSITIVO,FUERA_DEL_UMBRAL,NEGATIVO
ART-PLANTA-GRANDE,0.983567,4350,OK,CASO_PRUEBA_ARTIFICIAL_NO_ES_PROYECTO,utilizacion×precio_venta,4.940199,0.2,-0.1,CASO_ARTIFICIAL,2796.408557,utilizacion,precio_venta,INSUFICIENTE,POSITIVO,DENTRO_DEL_UMBRAL,POSITIVO
ART-PLANTA-GRANDE,1.74961,6150,OK,CASO_PRUEBA_ARTIFICIAL_NO_ES_PROYECTO,utilizacion×precio_venta,3.801857,0.2,0,CASO_ARTIFICIAL,9160.345639,utilizacion,precio_venta,SUFICIENTE,POSITIVO,DENTRO_DEL_UMBRAL,POSITIVO
ART-PLANTA-GRANDE,2.515654,7950,OK,CASO_PRUEBA_ARTIFICIAL_NO_ES_PROYECTO,utilizacion×precio_venta,3.142817,0.2,0.1,CASO_ARTIFICIAL,15524.282721,utilizacion,precio_venta,SUFICIENTE,POSITIVO,DENTRO_DEL_UMBRAL,POSITIVO
ART-PLANTA-GRANDE,3.281698,9750,OK,CASO_PRUEBA_ARTIFICIAL_NO_ES_PROYECTO,utilizacion×precio_venta,2.713008,0.2,0.2,CASO_ARTIFICIAL,21888.219804,utilizacion,precio_venta,SUFICIENTE,POSITIVO,DENTRO_DEL_UMBRAL,POSITIVO
ART-PLANTA-GRANDE,4.047741,11550,OK,CASO_PRUEBA_ARTIFICIAL_NO_ES_PROYECTO,utilizacion×precio_venta,2.41055,0.2,0.3,CASO_ARTIFICIAL,28252.156886,utilizacion,precio_venta,SUFICIENTE,POSITIVO,DENTRO_DEL_UMBRAL,POSITIVO
ART-PLANTA-GRANDE,-1.262005,750,OK,CASO_PRUEBA_ARTIFICIAL_NO_ES_PROYECTO,utilizacion×precio_venta,,0.3,-0.3,CASO_ARTIFICIAL,-11058.680094,utilizacion,precio_venta,INSUFICIENTE,POSITIVO,NO_RECUPERADO,NEGATIVO
ART-PLANTA-GRANDE,0.004058,2550,OK,CASO_PRUEBA_ARTIFICIAL_NO_ES_PROYECTO,utilizacion×precio_venta,7.355101,0.3,-0.2,CASO_ARTIFICIAL,-3520.160154,utilizacion,precio_venta,INSUFICIENTE,POSITIVO,FUERA_DEL_UMBRAL,NEGATIVO
ART-PLANTA-GRANDE,1.121203,4350,OK,CASO_PRUEBA_ARTIFICIAL_NO_ES_PROYECTO,utilizacion×precio_venta,4.918731,0.3,-0.1,CASO_ARTIFICIAL,2862.825223,utilizacion,precio_venta,INSUFICIENTE,POSITIVO,DENTRO_DEL_UMBRAL,POSITIVO
ART-PLANTA-GRANDE,1.925325,6150,OK,CASO_PRUEBA_ARTIFICIAL_NO_ES_PROYECTO,utilizacion×precio_venta,3.781758,0.3,0,CASO_ARTIFICIAL,9245.137306,utilizacion,precio_venta,SUFICIENTE,POSITIVO,DENTRO_DEL_UMBRAL,POSITIVO
ART-PLANTA-GRANDE,2.729448,7950,OK,CASO_PRUEBA_ARTIFICIAL_NO_ES_PROYECTO,utilizacion×precio_venta,3.123511,0.3,0.1,CASO_ARTIFICIAL,15627.449388,utilizacion,precio_venta,SUFICIENTE,POSITIVO,DENTRO_DEL_UMBRAL,POSITIVO
ART-PLANTA-GRANDE,3.53357,9750,OK,CASO_PRUEBA_ARTIFICIAL_NO_ES_PROYECTO,utilizacion×precio_venta,2.694219,0.3,0.2,CASO_ARTIFICIAL,22009.76147,utilizacion,precio_venta,SUFICIENTE,POSITIVO,DENTRO_DEL_UMBRAL,POSITIVO
ART-PLANTA-GRANDE,4.181918,11550,OK,CASO_PRUEBA_ARTIFICIAL_NO_ES_PROYECTO,utilizacion×precio_venta,2.392125,0.3,0.3,CASO_ARTIFICIAL,28392.073553,utilizacion,precio_venta,SUFICIENTE,POSITIVO,DENTRO_DEL_UMBRAL,POSITIVO
ART-PLANTA-GRANDE,-1.64497,-465,OK,CASO_PRUEBA_ARTIFICIAL_NO_ES_PROYECTO,demanda×precio_venta,,-0.3,-0.3,CASO_ARTIFICIAL,-17018.36389,demanda,precio_venta,INSUFICIENTE,NEGATIVO,NO_RECUPERADO,NEGATIVO
ART-PLANTA-GRANDE,-0.709767,795,OK,CASO_PRUEBA_ARTIFICIAL_NO_ES_PROYECTO,demanda×precio_venta,,-0.3,-0.2,CASO_ARTIFICIAL,-10572.798627,demanda,precio_venta,INSUFICIENTE,POSITIVO,NO_RECUPERADO,NEGATIVO
ART-PLANTA-GRANDE,0.225435,2055,OK,CASO_PRUEBA_ARTIFICIAL_NO_ES_PROYECTO,demanda×precio_venta,8.468792,-0.3,-0.1,CASO_ARTIFICIAL,-5051.713983,demanda,precio_venta,INSUFICIENTE,POSITIVO,FUERA_DEL_UMBRAL,NEGATIVO
ART-PLANTA-GRANDE,1.146595,3315,OK,CASO_PRUEBA_ARTIFICIAL_NO_ES_PROYECTO,demanda×precio_venta,5.947276,-0.3,0,CASO_ARTIFICIAL,-566.317011,demanda,precio_venta,INSUFICIENTE,POSITIVO,FUERA_DEL_UMBRAL,NEGATIVO
ART-PLANTA-GRANDE,1.743752,4575,OK,CASO_PRUEBA_ARTIFICIAL_NO_ES_PROYECTO,demanda×precio_venta,4.653629,-0.3,0.1,CASO_ARTIFICIAL,3917.838946,demanda,precio_venta,SUFICIENTE,POSITIVO,DENTRO_DEL_UMBRAL,POSITIVO
ART-PLANTA-GRANDE,2.220596,5835,OK,CASO_PRUEBA_ARTIFICIAL_NO_ES_PROYECTO,demanda×precio_venta,3.866585,-0.3,0.2,CASO_ARTIFICIAL,8401.994904,demanda,precio_venta,SUFICIENTE,POSITIVO,DENTRO_DEL_UMBRAL,POSITIVO
ART-PLANTA-GRANDE,2.653013,7095,OK,CASO_PRUEBA_ARTIFICIAL_NO_ES_PROYECTO,demanda×precio_venta,3.337287,-0.3,0.3,CASO_ARTIFICIAL,12886.150861,demanda,precio_venta,SUFICIENTE,POSITIVO,DENTRO_DEL_UMBRAL,POSITIVO
ART-PLANTA-GRANDE,-1.605142,-60,OK,CASO_PRUEBA_ARTIFICIAL_NO_ES_PROYECTO,demanda×precio_venta,,-0.2,-0.3,CASO_ARTIFICIAL,-15074.183577,demanda,precio_venta,INSUFICIENTE,NEGATIVO,NO_RECUPERADO,NEGATIVO
ART-PLANTA-GRANDE,-0.61405,1380,OK,CASO_PRUEBA_ARTIFICIAL_NO_ES_PROYECTO,demanda×precio_venta,,-0.2,-0.2,CASO_ARTIFICIAL,-7745.323277,demanda,precio_venta,INSUFICIENTE,POSITIVO,NO_RECUPERADO,NEGATIVO
ART-PLANTA-GRANDE,0.377041,2820,OK,CASO_PRUEBA_ARTIFICIAL_NO_ES_PROYECTO,demanda×precio_venta,6.787115,-0.2,-0.1,CASO_ARTIFICIAL,-2479.123572,demanda,precio_venta,INSUFICIENTE,POSITIVO,FUERA_DEL_UMBRAL,NEGATIVO
ART-PLANTA-GRANDE,1.230457,4260,OK,CASO_PRUEBA_ARTIFICIAL_NO_ES_PROYECTO,demanda×precio_venta,4.972637,-0.2,0,CASO_ARTIFICIAL,2619.376094,demanda,precio_venta,SUFICIENTE,POSITIVO,DENTRO_DEL_UMBRAL,POSITIVO
ART-PLANTA-GRANDE,1.858523,5700,OK,CASO_PRUEBA_ARTIFICIAL_NO_ES_PROYECTO,demanda×precio_venta,3.987634,-0.2,0.1,CASO_ARTIFICIAL,7717.87576,demanda,precio_venta,SUFICIENTE,POSITIVO,DENTRO_DEL_UMBRAL,POSITIVO
ART-PLANTA-GRANDE,2.48659,7140,OK,CASO_PRUEBA_ARTIFICIAL_NO_ES_PROYECTO,demanda×precio_venta,3.369144,-0.2,0.2,CASO_ARTIFICIAL,12816.375426,demanda,precio_venta,SUFICIENTE,POSITIVO,DENTRO_DEL_UMBRAL,POSITIVO
ART-PLANTA-GRANDE,3.114656,8580,OK,CASO_PRUEBA_ARTIFICIAL_NO_ES_PROYECTO,demanda×precio_venta,2.94469,-0.2,0.3,CASO_ARTIFICIAL,17914.875092,demanda,precio_venta,SUFICIENTE,POSITIVO,DENTRO_DEL_UMBRAL,POSITIVO
ART-PLANTA-GRANDE,-1.565314,345,OK,CASO_PRUEBA_ARTIFICIAL_NO_ES_PROYECTO,demanda×precio_venta,,-0.1,-0.3,CASO_ARTIFICIAL,-13130.003264,demanda,precio_venta,INSUFICIENTE,POSITIVO,NO_RECUPERADO,NEGATIVO
ART-PLANTA-GRANDE,-0.518334,1965,OK,CASO_PRUEBA_ARTIFICIAL_NO_ES_PROYECTO,demanda×precio_venta,8.899809,-0.1,-0.2,CASO_ARTIFICIAL,-5631.717966,demanda,precio_venta,INSUFICIENTE,POSITIVO,FUERA_DEL_UMBRAL,NEGATIVO
ART-PLANTA-GRANDE,0.528646,3585,OK,CASO_PRUEBA_ARTIFICIAL_NO_ES_PROYECTO,demanda×precio_venta,5.720245,-0.1,-0.1,CASO_ARTIFICIAL,92.225826,demanda,precio_venta,INSUFICIENTE,POSITIVO,FUERA_DEL_UMBRAL,POSITIVO
ART-PLANTA-GRANDE,1.314319,5205,OK,CASO_PRUEBA_ARTIFICIAL_NO_ES_PROYECTO,demanda×precio_venta,4.315322,-0.1,0,CASO_ARTIFICIAL,5805.0692,demanda,precio_venta,SUFICIENTE,POSITIVO,DENTRO_DEL_UMBRAL,POSITIVO
ART-PLANTA-GRANDE,1.973295,6825,OK,CASO_PRUEBA_ARTIFICIAL_NO_ES_PROYECTO,demanda×precio_venta,3.523455,-0.1,0.1,CASO_ARTIFICIAL,11517.912574,demanda,precio_venta,SUFICIENTE,POSITIVO,DENTRO_DEL_UMBRAL,POSITIVO
ART-PLANTA-GRANDE,2.632271,8445,OK,CASO_PRUEBA_ARTIFICIAL_NO_ES_PROYECTO,demanda×precio_venta,3.015243,-0.1,0.2,CASO_ARTIFICIAL,17230.755948,demanda,precio_venta,SUFICIENTE,POSITIVO,DENTRO_DEL_UMBRAL,POSITIVO
ART-PLANTA-GRANDE,3.291247,10065,OK,CASO_PRUEBA_ARTIFICIAL_NO_ES_PROYECTO,demanda×precio_venta,2.661424,-0.1,0.3,CASO_ARTIFICIAL,22943.599322,demanda,precio_venta,SUFICIENTE,POSITIVO,DENTRO_DEL_UMBRAL,POSITIVO
ART-PLANTA-GRANDE,-1.525485,750,OK,CASO_PRUEBA_ARTIFICIAL_NO_ES_PROYECTO,demanda×precio_venta,,0,-0.3,CASO_ARTIFICIAL,-11185.822951,demanda,precio_venta,INSUFICIENTE,POSITIVO,NO_RECUPERADO,NEGATIVO
ART-PLANTA-GRANDE,-0.422617,2550,OK,CASO_PRUEBA_ARTIFICIAL_NO_ES_PROYECTO,demanda×precio_venta,7.428307,0,-0.2,CASO_ARTIFICIAL,-3670.903139,demanda,precio_venta,INSUFICIENTE,POSITIVO,FUERA_DEL_UMBRAL,NEGATIVO
ART-PLANTA-GRANDE,0.680252,4350,OK,CASO_PRUEBA_ARTIFICIAL_NO_ES_PROYECTO,demanda×precio_venta,4.983135,0,-0.1,CASO_ARTIFICIAL,2663.575223,demanda,precio_venta,INSUFICIENTE,POSITIVO,DENTRO_DEL_UMBRAL,POSITIVO
ART-PLANTA-GRANDE,1.39818,6150,OK,CASO_PRUEBA_ARTIFICIAL_NO_ES_PROYECTO,demanda×precio_venta,3.842055,0,0,CASO_ARTIFICIAL,8990.762306,demanda,precio_venta,SUFICIENTE,POSITIVO,DENTRO_DEL_UMBRAL,POSITIVO
ART-PLANTA-GRANDE,2.088066,7950,OK,CASO_PRUEBA_ARTIFICIAL_NO_ES_PROYECTO,demanda×precio_venta,3.181429,0,0.1,CASO_ARTIFICIAL,15317.949388,demanda,precio_venta,SUFICIENTE,POSITIVO,DENTRO_DEL_UMBRAL,POSITIVO
ART-PLANTA-GRANDE,2.777952,9750,OK,CASO_PRUEBA_ARTIFICIAL_NO_ES_PROYECTO,demanda×precio_venta,2.750586,0,0.2,CASO_ARTIFICIAL,21645.13647,demanda,precio_venta,SUFICIENTE,POSITIVO,DENTRO_DEL_UMBRAL,POSITIVO
ART-PLANTA-GRANDE,3.467839,11550,OK,CASO_PRUEBA_ARTIFICIAL_NO_ES_PROYECTO,demanda×precio_venta,2.447401,0,0.3,CASO_ARTIFICIAL,27972.323553,demanda,precio_venta,SUFICIENTE,POSITIVO,DENTRO_DEL_UMBRAL,POSITIVO
ART-PLANTA-GRANDE,-1.503182,1155,OK,CASO_PRUEBA_ARTIFICIAL_NO_ES_PROYECTO,demanda×precio_venta,,0.1,-0.3,CASO_ARTIFICIAL,-9273.320371,demanda,precio_venta,INSUFICIENTE,POSITIVO,NO_RECUPERADO,NEGATIVO
ART-PLANTA-GRANDE,-0.369015,3135,OK,CASO_PRUEBA_ARTIFICIAL_NO_ES_PROYECTO,demanda×precio_venta,6.433394,0.1,-0.2,CASO_ARTIFICIAL,-1744.855052,demanda,precio_venta,INSUFICIENTE,POSITIVO,FUERA_DEL_UMBRAL,NEGATIVO
ART-PLANTA-GRANDE,0.737947,5115,OK,CASO_PRUEBA_ARTIFICIAL_NO_ES_PROYECTO,demanda×precio_venta,4.457045,0.1,-0.1,CASO_ARTIFICIAL,5190.081631,demanda,precio_venta,INSUFICIENTE,POSITIVO,DENTRO_DEL_UMBRAL,POSITIVO
ART-PLANTA-GRANDE,1.445143,7095,OK,CASO_PRUEBA_ARTIFICIAL_NO_ES_PROYECTO,demanda×precio_venta,3.497764,0.1,0,CASO_ARTIFICIAL,12119.86015,demanda,precio_venta,SUFICIENTE,POSITIVO,DENTRO_DEL_UMBRAL,POSITIVO
ART-PLANTA-GRANDE,2.152339,9075,OK,CASO_PRUEBA_ARTIFICIAL_NO_ES_PROYECTO,demanda×precio_venta,2.93112,0.1,0.1,CASO_ARTIFICIAL,19049.638669,demanda,precio_venta,SUFICIENTE,POSITIVO,DENTRO_DEL_UMBRAL,POSITIVO
ART-PLANTA-GRANDE,2.859534,11055,OK,CASO_PRUEBA_ARTIFICIAL_NO_ES_PROYECTO,demanda×precio_venta,2.557003,0.1,0.2,CASO_ARTIFICIAL,25979.417188,demanda,precio_venta,SUFICIENTE,POSITIVO,DENTRO_DEL_UMBRAL,POSITIVO
ART-PLANTA-GRANDE,3.56673,13035,OK,CASO_PRUEBA_ARTIFICIAL_NO_ES_PROYECTO,demanda×precio_venta,2.29154,0.1,0.3,CASO_ARTIFICIAL,32909.195707,demanda,precio_venta,SUFICIENTE,POSITIVO,DENTRO_DEL_UMBRAL,POSITIVO
ART-PLANTA-GRANDE,-1.503182,1560,OK,CASO_PRUEBA_ARTIFICIAL_NO_ES_PROYECTO,demanda×precio_venta,,0.2,-0.3,CASO_ARTIFICIAL,-7474.99806,demanda,precio_venta,INSUFICIENTE,POSITIVO,NO_RECUPERADO,NEGATIVO
ART-PLANTA-GRANDE,-0.369015,3720,OK,CASO_PRUEBA_ARTIFICIAL_NO_ES_PROYECTO,demanda×precio_venta,5.725141,0.2,-0.2,CASO_ARTIFICIAL,136.944459,demanda,precio_venta,INSUFICIENTE,POSITIVO,FUERA_DEL_UMBRAL,POSITIVO
ART-PLANTA-GRANDE,0.737947,5880,OK,CASO_PRUEBA_ARTIFICIAL_NO_ES_PROYECTO,demanda×precio_venta,4.070529,0.2,-0.1,CASO_ARTIFICIAL,7659.515142,demanda,precio_venta,INSUFICIENTE,POSITIVO,DENTRO_DEL_UMBRAL,POSITIVO
ART-PLANTA-GRANDE,1.445143,8040,OK,CASO_PRUEBA_ARTIFICIAL_NO_ES_PROYECTO,demanda×precio_venta,3.243223,0.2,0,CASO_ARTIFICIAL,15176.927662,demanda,precio_venta,SUFICIENTE,POSITIVO,DENTRO_DEL_UMBRAL,POSITIVO
ART-PLANTA-GRANDE,2.152339,10200,OK,CASO_PRUEBA_ARTIFICIAL_NO_ES_PROYECTO,demanda×precio_venta,2.74684,0.2,0.1,CASO_ARTIFICIAL,22694.340181,demanda,precio_venta,SUFICIENTE,POSITIVO,DENTRO_DEL_UMBRAL,POSITIVO
ART-PLANTA-GRANDE,2.859534,12360,OK,CASO_PRUEBA_ARTIFICIAL_NO_ES_PROYECTO,demanda×precio_venta,2.415918,0.2,0.2,CASO_ARTIFICIAL,30211.752701,demanda,precio_venta,SUFICIENTE,POSITIVO,DENTRO_DEL_UMBRAL,POSITIVO
ART-PLANTA-GRANDE,3.56673,14520,OK,CASO_PRUEBA_ARTIFICIAL_NO_ES_PROYECTO,demanda×precio_venta,2.179544,0.2,0.3,CASO_ARTIFICIAL,37729.16522,demanda,precio_venta,SUFICIENTE,POSITIVO,DENTRO_DEL_UMBRAL,POSITIVO
ART-PLANTA-GRANDE,-1.503182,1965,OK,CASO_PRUEBA_ARTIFICIAL_NO_ES_PROYECTO,demanda×precio_venta,9.197247,0.3,-0.3,CASO_ARTIFICIAL,-6118.215747,demanda,precio_venta,INSUFICIENTE,POSITIVO,FUERA_DEL_UMBRAL,NEGATIVO
ART-PLANTA-GRANDE,-0.369015,4305,OK,CASO_PRUEBA_ARTIFICIAL_NO_ES_PROYECTO,demanda×precio_venta,5.18583,0.3,-0.2,CASO_ARTIFICIAL,2018.74397,demanda,precio_venta,INSUFICIENTE,POSITIVO,FUERA_DEL_UMBRAL,POSITIVO
ART-PLANTA-GRANDE,0.737947,6645,OK,CASO_PRUEBA_ARTIFICIAL_NO_ES_PROYECTO,demanda×precio_venta,3.765638,0.3,-0.1,CASO_ARTIFICIAL,10128.948653,demanda,precio_venta,INSUFICIENTE,POSITIVO,DENTRO_DEL_UMBRAL,POSITIVO
ART-PLANTA-GRANDE,1.445143,8985,OK,CASO_PRUEBA_ARTIFICIAL_NO_ES_PROYECTO,demanda×precio_venta,3.038874,0.3,0,CASO_ARTIFICIAL,18233.995173,demanda,precio_venta,SUFICIENTE,POSITIVO,DENTRO_DEL_UMBRAL,POSITIVO
ART-PLANTA-GRANDE,2.152339,11325,OK,CASO_PRUEBA_ARTIFICIAL_NO_ES_PROYECTO,demanda×precio_venta,2.59733,0.3,0.1,CASO_ARTIFICIAL,26339.041693,demanda,precio_venta,SUFICIENTE,POSITIVO,DENTRO_DEL_UMBRAL,POSITIVO
ART-PLANTA-GRANDE,2.859534,13665,OK,CASO_PRUEBA_ARTIFICIAL_NO_ES_PROYECTO,demanda×precio_venta,2.300646,0.3,0.2,CASO_ARTIFICIAL,34444.088213,demanda,precio_venta,SUFICIENTE,POSITIVO,DENTRO_DEL_UMBRAL,POSITIVO
ART-PLANTA-GRANDE,3.56673,16005,OK,CASO_PRUEBA_ARTIFICIAL_NO_ES_PROYECTO,demanda×precio_venta,2.08758,0.3,0.3,CASO_ARTIFICIAL,42549.134733,demanda,precio_venta,SUFICIENTE,POSITIVO,DENTRO_DEL_UMBRAL,POSITIVO
ART-PLANTA-GRANDE,1.281613,6150,OK,CASO_PRUEBA_ARTIFICIAL_NO_ES_PROYECTO,capex×tasa_descuento,3.020376,-0.3,-0.3,CASO_ARTIFICIAL,16738.430163,capex,tasa_descuento,SUFICIENTE,POSITIVO,DENTRO_DEL_UMBRAL,POSITIVO
ART-PLANTA-GRANDE,1.281613,6150,OK,CASO_PRUEBA_ARTIFICIAL_NO_ES_PROYECTO,capex×tasa_descuento,3.020376,-0.3,-0.2,CASO_ARTIFICIAL,15220.431019,capex,tasa_descuento,SUFICIENTE,POSITIVO,DENTRO_DEL_UMBRAL,POSITIVO
ART-PLANTA-GRANDE,1.281613,6150,OK,CASO_PRUEBA_ARTIFICIAL_NO_ES_PROYECTO,capex×tasa_descuento,3.020376,-0.3,-0.1,CASO_ARTIFICIAL,13823.208042,capex,tasa_descuento,SUFICIENTE,POSITIVO,DENTRO_DEL_UMBRAL,POSITIVO
ART-PLANTA-GRANDE,1.281613,6150,OK,CASO_PRUEBA_ARTIFICIAL_NO_ES_PROYECTO,capex×tasa_descuento,3.020376,-0.3,0,CASO_ARTIFICIAL,12535.084204,capex,tasa_descuento,SUFICIENTE,POSITIVO,DENTRO_DEL_UMBRAL,POSITIVO
ART-PLANTA-GRANDE,1.281613,6150,OK,CASO_PRUEBA_ARTIFICIAL_NO_ES_PROYECTO,capex×tasa_descuento,3.020376,-0.3,0.1,CASO_ARTIFICIAL,11345.676216,capex,tasa_descuento,SUFICIENTE,POSITIVO,DENTRO_DEL_UMBRAL,POSITIVO
ART-PLANTA-GRANDE,1.281613,6150,OK,CASO_PRUEBA_ARTIFICIAL_NO_ES_PROYECTO,capex×tasa_descuento,3.020376,-0.3,0.2,CASO_ARTIFICIAL,10245.735289,capex,tasa_descuento,SUFICIENTE,POSITIVO,DENTRO_DEL_UMBRAL,POSITIVO
ART-PLANTA-GRANDE,1.281613,6150,OK,CASO_PRUEBA_ARTIFICIAL_NO_ES_PROYECTO,capex×tasa_descuento,3.020376,-0.3,0.3,CASO_ARTIFICIAL,9227.009271,capex,tasa_descuento,SUFICIENTE,POSITIVO,DENTRO_DEL_UMBRAL,POSITIVO
ART-PLANTA-GRANDE,1.320469,6150,OK,CASO_PRUEBA_ARTIFICIAL_NO_ES_PROYECTO,capex×tasa_descuento,3.299226,-0.2,-0.3,CASO_ARTIFICIAL,15595.86621,capex,tasa_descuento,SUFICIENTE,POSITIVO,DENTRO_DEL_UMBRAL,POSITIVO
ART-PLANTA-GRANDE,1.320469,6150,OK,CASO_PRUEBA_ARTIFICIAL_NO_ES_PROYECTO,capex×tasa_descuento,3.299226,-0.2,-0.2,CASO_ARTIFICIAL,14063.837124,capex,tasa_descuento,SUFICIENTE,POSITIVO,DENTRO_DEL_UMBRAL,POSITIVO
ART-PLANTA-GRANDE,1.320469,6150,OK,CASO_PRUEBA_ARTIFICIAL_NO_ES_PROYECTO,capex×tasa_descuento,3.299226,-0.2,-0.1,CASO_ARTIFICIAL,12653.69084,capex,tasa_descuento,SUFICIENTE,POSITIVO,DENTRO_DEL_UMBRAL,POSITIVO
ART-PLANTA-GRANDE,1.320469,6150,OK,CASO_PRUEBA_ARTIFICIAL_NO_ES_PROYECTO,capex×tasa_descuento,3.299226,-0.2,0,CASO_ARTIFICIAL,11353.643571,capex,tasa_descuento,SUFICIENTE,POSITIVO,DENTRO_DEL_UMBRAL,POSITIVO
ART-PLANTA-GRANDE,1.320469,6150,OK,CASO_PRUEBA_ARTIFICIAL_NO_ES_PROYECTO,capex×tasa_descuento,3.299226,-0.2,0.1,CASO_ARTIFICIAL,10153.21709,capex,tasa_descuento,SUFICIENTE,POSITIVO,DENTRO_DEL_UMBRAL,POSITIVO
ART-PLANTA-GRANDE,1.320469,6150,OK,CASO_PRUEBA_ARTIFICIAL_NO_ES_PROYECTO,capex×tasa_descuento,3.299226,-0.2,0.2,CASO_ARTIFICIAL,9043.078036,capex,tasa_descuento,SUFICIENTE,POSITIVO,DENTRO_DEL_UMBRAL,POSITIVO
ART-PLANTA-GRANDE,1.320469,6150,OK,CASO_PRUEBA_ARTIFICIAL_NO_ES_PROYECTO,capex×tasa_descuento,3.299226,-0.2,0.3,CASO_ARTIFICIAL,8014.89879,capex,tasa_descuento,SUFICIENTE,POSITIVO,DENTRO_DEL_UMBRAL,POSITIVO
ART-PLANTA-GRANDE,1.359325,6150,OK,CASO_PRUEBA_ARTIFICIAL_NO_ES_PROYECTO,capex×tasa_descuento,3.573075,-0.1,-0.3,CASO_ARTIFICIAL,14453.302257,capex,tasa_descuento,SUFICIENTE,POSITIVO,DENTRO_DEL_UMBRAL,POSITIVO
ART-PLANTA-GRANDE,1.359325,6150,OK,CASO_PRUEBA_ARTIFICIAL_NO_ES_PROYECTO,capex×tasa_descuento,3.573075,-0.1,-0.2,CASO_ARTIFICIAL,12907.243229,capex,tasa_descuento,SUFICIENTE,POSITIVO,DENTRO_DEL_UMBRAL,POSITIVO
ART-PLANTA-GRANDE,1.359325,6150,OK,CASO_PRUEBA_ARTIFICIAL_NO_ES_PROYECTO,capex×tasa_descuento,3.573075,-0.1,-0.1,CASO_ARTIFICIAL,11484.173638,capex,tasa_descuento,SUFICIENTE,POSITIVO,DENTRO_DEL_UMBRAL,POSITIVO
ART-PLANTA-GRANDE,1.359325,6150,OK,CASO_PRUEBA_ARTIFICIAL_NO_ES_PROYECTO,capex×tasa_descuento,3.573075,-0.1,0,CASO_ARTIFICIAL,10172.202938,capex,tasa_descuento,SUFICIENTE,POSITIVO,DENTRO_DEL_UMBRAL,POSITIVO
ART-PLANTA-GRANDE,1.359325,6150,OK,CASO_PRUEBA_ARTIFICIAL_NO_ES_PROYECTO,capex×tasa_descuento,3.573075,-0.1,0.1,CASO_ARTIFICIAL,8960.757965,capex,tasa_descuento,SUFICIENTE,POSITIVO,DENTRO_DEL_UMBRAL,POSITIVO
ART-PLANTA-GRANDE,1.359325,6150,OK,CASO_PRUEBA_ARTIFICIAL_NO_ES_PROYECTO,capex×tasa_descuento,3.573075,-0.1,0.2,CASO_ARTIFICIAL,7840.420784,capex,tasa_descuento,SUFICIENTE,POSITIVO,DENTRO_DEL_UMBRAL,POSITIVO
ART-PLANTA-GRANDE,1.359325,6150,OK,CASO_PRUEBA_ARTIFICIAL_NO_ES_PROYECTO,capex×tasa_descuento,3.573075,-0.1,0.3,CASO_ARTIFICIAL,6802.788309,capex,tasa_descuento,SUFICIENTE,POSITIVO,DENTRO_DEL_UMBRAL,POSITIVO
ART-PLANTA-GRANDE,1.39818,6150,OK,CASO_PRUEBA_ARTIFICIAL_NO_ES_PROYECTO,capex×tasa_descuento,3.842055,0,-0.3,CASO_ARTIFICIAL,13310.738304,capex,tasa_descuento,SUFICIENTE,POSITIVO,DENTRO_DEL_UMBRAL,POSITIVO
ART-PLANTA-GRANDE,1.39818,6150,OK,CASO_PRUEBA_ARTIFICIAL_NO_ES_PROYECTO,capex×tasa_descuento,3.842055,0,-0.2,CASO_ARTIFICIAL,11750.649334,capex,tasa_descuento,SUFICIENTE,POSITIVO,DENTRO_DEL_UMBRAL,POSITIVO
ART-PLANTA-GRANDE,1.39818,6150,OK,CASO_PRUEBA_ARTIFICIAL_NO_ES_PROYECTO,capex×tasa_descuento,3.842055,0,-0.1,CASO_ARTIFICIAL,10314.656436,capex,tasa_descuento,SUFICIENTE,POSITIVO,DENTRO_DEL_UMBRAL,POSITIVO
ART-PLANTA-GRANDE,1.39818,6150,OK,CASO_PRUEBA_ARTIFICIAL_NO_ES_PROYECTO,capex×tasa_descuento,3.842055,0,0,CASO_ARTIFICIAL,8990.762306,capex,tasa_descuento,SUFICIENTE,POSITIVO,DENTRO_DEL_UMBRAL,POSITIVO
ART-PLANTA-GRANDE,1.39818,6150,OK,CASO_PRUEBA_ARTIFICIAL_NO_ES_PROYECTO,capex×tasa_descuento,3.842055,0,0.1,CASO_ARTIFICIAL,7768.298839,capex,tasa_descuento,SUFICIENTE,POSITIVO,DENTRO_DEL_UMBRAL,POSITIVO
ART-PLANTA-GRANDE,1.39818,6150,OK,CASO_PRUEBA_ARTIFICIAL_NO_ES_PROYECTO,capex×tasa_descuento,3.842055,0,0.2,CASO_ARTIFICIAL,6637.763531,capex,tasa_descuento,SUFICIENTE,POSITIVO,DENTRO_DEL_UMBRAL,POSITIVO
ART-PLANTA-GRANDE,1.39818,6150,OK,CASO_PRUEBA_ARTIFICIAL_NO_ES_PROYECTO,capex×tasa_descuento,3.842055,0,0.3,CASO_ARTIFICIAL,5590.677829,capex,tasa_descuento,SUFICIENTE,POSITIVO,DENTRO_DEL_UMBRAL,POSITIVO
ART-PLANTA-GRANDE,1.437036,6150,OK,CASO_PRUEBA_ARTIFICIAL_NO_ES_PROYECTO,capex×tasa_descuento,4.106295,0.1,-0.3,CASO_ARTIFICIAL,12168.174351,capex,tasa_descuento,SUFICIENTE,POSITIVO,DENTRO_DEL_UMBRAL,POSITIVO
ART-PLANTA-GRANDE,1.437036,6150,OK,CASO_PRUEBA_ARTIFICIAL_NO_ES_PROYECTO,capex×tasa_descuento,4.106295,0.1,-0.2,CASO_ARTIFICIAL,10594.055439,capex,tasa_descuento,SUFICIENTE,POSITIVO,DENTRO_DEL_UMBRAL,POSITIVO
ART-PLANTA-GRANDE,1.437036,6150,OK,CASO_PRUEBA_ARTIFICIAL_NO_ES_PROYECTO,capex×tasa_descuento,4.106295,0.1,-0.1,CASO_ARTIFICIAL,9145.139234,capex,tasa_descuento,SUFICIENTE,POSITIVO,DENTRO_DEL_UMBRAL,POSITIVO
ART-PLANTA-GRANDE,1.437036,6150,OK,CASO_PRUEBA_ARTIFICIAL_NO_ES_PROYECTO,capex×tasa_descuento,4.106295,0.1,0,CASO_ARTIFICIAL,7809.321673,capex,tasa_descuento,SUFICIENTE,POSITIVO,DENTRO_DEL_UMBRAL,POSITIVO
ART-PLANTA-GRANDE,1.437036,6150,OK,CASO_PRUEBA_ARTIFICIAL_NO_ES_PROYECTO,capex×tasa_descuento,4.106295,0.1,0.1,CASO_ARTIFICIAL,6575.839714,capex,tasa_descuento,SUFICIENTE,POSITIVO,DENTRO_DEL_UMBRAL,POSITIVO
ART-PLANTA-GRANDE,1.437036,6150,OK,CASO_PRUEBA_ARTIFICIAL_NO_ES_PROYECTO,capex×tasa_descuento,4.106295,0.1,0.2,CASO_ARTIFICIAL,5435.106279,capex,tasa_descuento,SUFICIENTE,POSITIVO,DENTRO_DEL_UMBRAL,POSITIVO
ART-PLANTA-GRANDE,1.437036,6150,OK,CASO_PRUEBA_ARTIFICIAL_NO_ES_PROYECTO,capex×tasa_descuento,4.106295,0.1,0.3,CASO_ARTIFICIAL,4378.567348,capex,tasa_descuento,SUFICIENTE,POSITIVO,DENTRO_DEL_UMBRAL,POSITIVO
ART-PLANTA-GRANDE,1.475892,6150,OK,CASO_PRUEBA_ARTIFICIAL_NO_ES_PROYECTO,capex×tasa_descuento,4.36592,0.2,-0.3,CASO_ARTIFICIAL,11025.610398,capex,tasa_descuento,SUFICIENTE,POSITIVO,DENTRO_DEL_UMBRAL,POSITIVO
ART-PLANTA-GRANDE,1.475892,6150,OK,CASO_PRUEBA_ARTIFICIAL_NO_ES_PROYECTO,capex×tasa_descuento,4.36592,0.2,-0.2,CASO_ARTIFICIAL,9437.461545,capex,tasa_descuento,SUFICIENTE,POSITIVO,DENTRO_DEL_UMBRAL,POSITIVO
ART-PLANTA-GRANDE,1.475892,6150,OK,CASO_PRUEBA_ARTIFICIAL_NO_ES_PROYECTO,capex×tasa_descuento,4.36592,0.2,-0.1,CASO_ARTIFICIAL,7975.622032,capex,tasa_descuento,SUFICIENTE,POSITIVO,DENTRO_DEL_UMBRAL,POSITIVO
ART-PLANTA-GRANDE,1.475892,6150,OK,CASO_PRUEBA_ARTIFICIAL_NO_ES_PROYECTO,capex×tasa_descuento,4.36592,0.2,0,CASO_ARTIFICIAL,6627.88104,capex,tasa_descuento,SUFICIENTE,POSITIVO,DENTRO_DEL_UMBRAL,POSITIVO
ART-PLANTA-GRANDE,1.475892,6150,OK,CASO_PRUEBA_ARTIFICIAL_NO_ES_PROYECTO,capex×tasa_descuento,4.36592,0.2,0.1,CASO_ARTIFICIAL,5383.380588,capex,tasa_descuento,SUFICIENTE,POSITIVO,DENTRO_DEL_UMBRAL,POSITIVO
ART-PLANTA-GRANDE,1.475892,6150,OK,CASO_PRUEBA_ARTIFICIAL_NO_ES_PROYECTO,capex×tasa_descuento,4.36592,0.2,0.2,CASO_ARTIFICIAL,4232.449026,capex,tasa_descuento,SUFICIENTE,POSITIVO,DENTRO_DEL_UMBRAL,POSITIVO
ART-PLANTA-GRANDE,1.475892,6150,OK,CASO_PRUEBA_ARTIFICIAL_NO_ES_PROYECTO,capex×tasa_descuento,4.36592,0.2,0.3,CASO_ARTIFICIAL,3166.456867,capex,tasa_descuento,SUFICIENTE,POSITIVO,DENTRO_DEL_UMBRAL,POSITIVO
ART-PLANTA-GRANDE,1.514748,6150,OK,CASO_PRUEBA_ARTIFICIAL_NO_ES_PROYECTO,capex×tasa_descuento,4.621049,0.3,-0.3,CASO_ARTIFICIAL,9883.046446,capex,tasa_descuento,SUFICIENTE,POSITIVO,DENTRO_DEL_UMBRAL,POSITIVO
ART-PLANTA-GRANDE,1.514748,6150,OK,CASO_PRUEBA_ARTIFICIAL_NO_ES_PROYECTO,capex×tasa_descuento,4.621049,0.3,-0.2,CASO_ARTIFICIAL,8280.86765,capex,tasa_descuento,SUFICIENTE,POSITIVO,DENTRO_DEL_UMBRAL,POSITIVO
ART-PLANTA-GRANDE,1.514748,6150,OK,CASO_PRUEBA_ARTIFICIAL_NO_ES_PROYECTO,capex×tasa_descuento,4.621049,0.3,-0.1,CASO_ARTIFICIAL,6806.10483,capex,tasa_descuento,SUFICIENTE,POSITIVO,DENTRO_DEL_UMBRAL,POSITIVO
ART-PLANTA-GRANDE,1.514748,6150,OK,CASO_PRUEBA_ARTIFICIAL_NO_ES_PROYECTO,capex×tasa_descuento,4.621049,0.3,0,CASO_ARTIFICIAL,5446.440407,capex,tasa_descuento,SUFICIENTE,POSITIVO,DENTRO_DEL_UMBRAL,POSITIVO
ART-PLANTA-GRANDE,1.514748,6150,OK,CASO_PRUEBA_ARTIFICIAL_NO_ES_PROYECTO,capex×tasa_descuento,4.621049,0.3,0.1,CASO_ARTIFICIAL,4190.921463,capex,tasa_descuento,SUFICIENTE,POSITIVO,DENTRO_DEL_UMBRAL,POSITIVO
ART-PLANTA-GRANDE,1.514748,6150,OK,CASO_PRUEBA_ARTIFICIAL_NO_ES_PROYECTO,capex×tasa_descuento,4.621049,0.3,0.2,CASO_ARTIFICIAL,3029.791773,capex,tasa_descuento,SUFICIENTE,POSITIVO,DENTRO_DEL_UMBRAL,POSITIVO
ART-PLANTA-GRANDE,1.514748,6150,OK,CASO_PRUEBA_ARTIFICIAL_NO_ES_PROYECTO,capex×tasa_descuento,4.621049,0.3,0.3,CASO_ARTIFICIAL,1954.346386,capex,tasa_descuento,SUFICIENTE,POSITIVO,DENTRO_DEL_UMBRAL,POSITIVO
ART-INTEGRADA,-0.845143,2850,OK,CASO_PRUEBA_ARTIFICIAL_NO_ES_PROYECTO,precio_venta×alimento,9.571993,-0.3,-0.3,CASO_ARTIFICIAL,-10051.116562,precio_venta,alimento,INSUFICIENTE,POSITIVO,FUERA_DEL_UMBRAL,NEGATIVO
ART-INTEGRADA,-0.958122,2350,OK,CASO_PRUEBA_ARTIFICIAL_NO_ES_PROYECTO,precio_venta×alimento,,-0.3,-0.2,CASO_ARTIFICIAL,-11896.590424,precio_venta,alimento,INSUFICIENTE,POSITIVO,NO_RECUPERADO,NEGATIVO
ART-INTEGRADA,-1.0711,1850,OK,CASO_PRUEBA_ARTIFICIAL_NO_ES_PROYECTO,precio_venta×alimento,,-0.3,-0.1,CASO_ARTIFICIAL,-14288.505165,precio_venta,alimento,INSUFICIENTE,POSITIVO,NO_RECUPERADO,NEGATIVO
ART-INTEGRADA,-1.184078,1350,OK,CASO_PRUEBA_ARTIFICIAL_NO_ES_PROYECTO,precio_venta×alimento,,-0.3,0,CASO_ARTIFICIAL,-16731.994995,precio_venta,alimento,INSUFICIENTE,POSITIVO,NO_RECUPERADO,NEGATIVO
ART-INTEGRADA,-1.297056,850,OK,CASO_PRUEBA_ARTIFICIAL_NO_ES_PROYECTO,precio_venta×alimento,,-0.3,0.1,CASO_ARTIFICIAL,-19175.484825,precio_venta,alimento,INSUFICIENTE,POSITIVO,NO_RECUPERADO,NEGATIVO
ART-INTEGRADA,-1.410034,350,OK,CASO_PRUEBA_ARTIFICIAL_NO_ES_PROYECTO,precio_venta×alimento,,-0.3,0.2,CASO_ARTIFICIAL,-21618.974655,precio_venta,alimento,INSUFICIENTE,POSITIVO,NO_RECUPERADO,NEGATIVO
ART-INTEGRADA,-1.523013,-150,OK,CASO_PRUEBA_ARTIFICIAL_NO_ES_PROYECTO,precio_venta×alimento,,-0.3,0.3,CASO_ARTIFICIAL,-24062.464485,precio_venta,alimento,INSUFICIENTE,NEGATIVO,NO_RECUPERADO,NEGATIVO
ART-INTEGRADA,-0.557445,4650,OK,CASO_PRUEBA_ARTIFICIAL_NO_ES_PROYECTO,precio_venta×alimento,6.80147,-0.2,-0.3,CASO_ARTIFICIAL,-3984.289939,precio_venta,alimento,INSUFICIENTE,POSITIVO,FUERA_DEL_UMBRAL,NEGATIVO
ART-INTEGRADA,-0.670423,4150,OK,CASO_PRUEBA_ARTIFICIAL_NO_ES_PROYECTO,precio_venta×alimento,7.383217,-0.2,-0.2,CASO_ARTIFICIAL,-5692.321984,precio_venta,alimento,INSUFICIENTE,POSITIVO,FUERA_DEL_UMBRAL,NEGATIVO
ART-INTEGRADA,-0.783401,3650,OK,CASO_PRUEBA_ARTIFICIAL_NO_ES_PROYECTO,precio_venta×alimento,8.091628,-0.2,-0.1,CASO_ARTIFICIAL,-7400.354029,precio_venta,alimento,INSUFICIENTE,POSITIVO,FUERA_DEL_UMBRAL,NEGATIVO
ART-INTEGRADA,-0.896379,3150,OK,CASO_PRUEBA_ARTIFICIAL_NO_ES_PROYECTO,precio_venta×alimento,8.973123,-0.2,0,CASO_ARTIFICIAL,-9115.344782,precio_venta,alimento,INSUFICIENTE,POSITIVO,FUERA_DEL_UMBRAL,NEGATIVO
ART-INTEGRADA,-1.009358,2650,OK,CASO_PRUEBA_ARTIFICIAL_NO_ES_PROYECTO,precio_venta×alimento,,-0.2,0.1,CASO_ARTIFICIAL,-10847.977839,precio_venta,alimento,INSUFICIENTE,POSITIVO,NO_RECUPERADO,NEGATIVO
ART-INTEGRADA,-1.122336,2150,OK,CASO_PRUEBA_ARTIFICIAL_NO_ES_PROYECTO,precio_venta×alimento,,-0.2,0.2,CASO_ARTIFICIAL,-12931.664657,precio_venta,alimento,INSUFICIENTE,POSITIVO,NO_RECUPERADO,NEGATIVO
ART-INTEGRADA,-1.235314,1650,OK,CASO_PRUEBA_ARTIFICIAL_NO_ES_PROYECTO,precio_venta×alimento,,-0.2,0.3,CASO_ARTIFICIAL,-15375.154487,precio_venta,alimento,INSUFICIENTE,POSITIVO,NO_RECUPERADO,NEGATIVO
ART-INTEGRADA,-0.269746,6450,OK,CASO_PRUEBA_ARTIFICIAL_NO_ES_PROYECTO,precio_venta×alimento,5.380072,-0.1,-0.3,CASO_ARTIFICIAL,2067.819586,precio_venta,alimento,INSUFICIENTE,POSITIVO,FUERA_DEL_UMBRAL,POSITIVO
ART-INTEGRADA,-0.382724,5950,OK,CASO_PRUEBA_ARTIFICIAL_NO_ES_PROYECTO,precio_venta×alimento,5.706795,-0.1,-0.2,CASO_ARTIFICIAL,359.787541,precio_venta,alimento,INSUFICIENTE,POSITIVO,FUERA_DEL_UMBRAL,POSITIVO
ART-INTEGRADA,-0.495702,5450,OK,CASO_PRUEBA_ARTIFICIAL_NO_ES_PROYECTO,precio_venta×alimento,6.084625,-0.1,-0.1,CASO_ARTIFICIAL,-1348.244504,precio_venta,alimento,INSUFICIENTE,POSITIVO,FUERA_DEL_UMBRAL,NEGATIVO
ART-INTEGRADA,-0.608681,4950,OK,CASO_PRUEBA_ARTIFICIAL_NO_ES_PROYECTO,precio_venta×alimento,6.526573,-0.1,0,CASO_ARTIFICIAL,-3056.276549,precio_venta,alimento,INSUFICIENTE,POSITIVO,FUERA_DEL_UMBRAL,NEGATIVO
ART-INTEGRADA,-0.721659,4450,OK,CASO_PRUEBA_ARTIFICIAL_NO_ES_PROYECTO,precio_venta×alimento,7.050471,-0.1,0.1,CASO_ARTIFICIAL,-4764.308594,precio_venta,alimento,INSUFICIENTE,POSITIVO,FUERA_DEL_UMBRAL,NEGATIVO
ART-INTEGRADA,-0.834637,3950,OK,CASO_PRUEBA_ARTIFICIAL_NO_ES_PROYECTO,precio_venta×alimento,7.681443,-0.1,0.2,CASO_ARTIFICIAL,-6472.340639,precio_venta,alimento,INSUFICIENTE,POSITIVO,FUERA_DEL_UMBRAL,NEGATIVO
ART-INTEGRADA,-0.947615,3450,OK,CASO_PRUEBA_ARTIFICIAL_NO_ES_PROYECTO,precio_venta×alimento,8.45605,-0.1,0.3,CASO_ARTIFICIAL,-8180.372684,precio_venta,alimento,INSUFICIENTE,POSITIVO,FUERA_DEL_UMBRAL,NEGATIVO
ART-INTEGRADA,0.017953,8250,OK,CASO_PRUEBA_ARTIFICIAL_NO_ES_PROYECTO,precio_venta×alimento,4.515305,0,-0.3,CASO_ARTIFICIAL,8117.43423,precio_venta,alimento,INSUFICIENTE,POSITIVO,DENTRO_DEL_UMBRAL,POSITIVO
ART-INTEGRADA,-0.095026,7750,OK,CASO_PRUEBA_ARTIFICIAL_NO_ES_PROYECTO,precio_venta×alimento,4.724634,0,-0.2,CASO_ARTIFICIAL,6411.897066,precio_venta,alimento,INSUFICIENTE,POSITIVO,DENTRO_DEL_UMBRAL,POSITIVO
ART-INTEGRADA,-0.208004,7250,OK,CASO_PRUEBA_ARTIFICIAL_NO_ES_PROYECTO,precio_venta×alimento,4.959514,0,-0.1,CASO_ARTIFICIAL,4703.865021,precio_venta,alimento,INSUFICIENTE,POSITIVO,DENTRO_DEL_UMBRAL,POSITIVO
ART-INTEGRADA,-0.320982,6750,OK,CASO_PRUEBA_ARTIFICIAL_NO_ES_PROYECTO,precio_venta×alimento,5.224926,0,0,CASO_ARTIFICIAL,2995.832977,precio_venta,alimento,INSUFICIENTE,POSITIVO,FUERA_DEL_UMBRAL,POSITIVO
ART-INTEGRADA,-0.43396,6250,OK,CASO_PRUEBA_ARTIFICIAL_NO_ES_PROYECTO,precio_venta×alimento,5.527238,0,0.1,CASO_ARTIFICIAL,1287.800932,precio_venta,alimento,INSUFICIENTE,POSITIVO,FUERA_DEL_UMBRAL,POSITIVO
ART-INTEGRADA,-0.546939,5750,OK,CASO_PRUEBA_ARTIFICIAL_NO_ES_PROYECTO,precio_venta×alimento,5.874719,0,0.2,CASO_ARTIFICIAL,-420.231113,precio_venta,alimento,INSUFICIENTE,POSITIVO,FUERA_DEL_UMBRAL,NEGATIVO
ART-INTEGRADA,-0.659917,5250,OK,CASO_PRUEBA_ARTIFICIAL_NO_ES_PROYECTO,precio_venta×alimento,6.278309,0,0.3,CASO_ARTIFICIAL,-2128.263158,precio_venta,alimento,INSUFICIENTE,POSITIVO,FUERA_DEL_UMBRAL,NEGATIVO
ART-INTEGRADA,0.305651,10050,OK,CASO_PRUEBA_ARTIFICIAL_NO_ES_PROYECTO,precio_venta×alimento,3.933736,0.1,-0.3,CASO_ARTIFICIAL,14159.806192,precio_venta,alimento,INSUFICIENTE,POSITIVO,DENTRO_DEL_UMBRAL,POSITIVO
ART-INTEGRADA,0.192673,9550,OK,CASO_PRUEBA_ARTIFICIAL_NO_ES_PROYECTO,precio_venta×alimento,4.079444,0.1,-0.2,CASO_ARTIFICIAL,12454.774113,precio_venta,alimento,INSUFICIENTE,POSITIVO,DENTRO_DEL_UMBRAL,POSITIVO
ART-INTEGRADA,0.079695,9050,OK,CASO_PRUEBA_ARTIFICIAL_NO_ES_PROYECTO,precio_venta×alimento,4.239733,0.1,-0.1,CASO_ARTIFICIAL,10749.742035,precio_venta,alimento,INSUFICIENTE,POSITIVO,DENTRO_DEL_UMBRAL,POSITIVO
ART-INTEGRADA,-0.033283,8550,OK,CASO_PRUEBA_ARTIFICIAL_NO_ES_PROYECTO,precio_venta×alimento,4.416906,0.1,0,CASO_ARTIFICIAL,9044.709956,precio_venta,alimento,INSUFICIENTE,POSITIVO,DENTRO_DEL_UMBRAL,POSITIVO
ART-INTEGRADA,-0.146262,8050,OK,CASO_PRUEBA_ARTIFICIAL_NO_ES_PROYECTO,precio_venta×alimento,4.613782,0.1,0.1,CASO_ARTIFICIAL,7339.677878,precio_venta,alimento,INSUFICIENTE,POSITIVO,DENTRO_DEL_UMBRAL,POSITIVO
ART-INTEGRADA,-0.25924,7550,OK,CASO_PRUEBA_ARTIFICIAL_NO_ES_PROYECTO,precio_venta×alimento,4.833839,0.1,0.2,CASO_ARTIFICIAL,5631.878412,precio_venta,alimento,INSUFICIENTE,POSITIVO,DENTRO_DEL_UMBRAL,POSITIVO
ART-INTEGRADA,-0.372218,7050,OK,CASO_PRUEBA_ARTIFICIAL_NO_ES_PROYECTO,precio_venta×alimento,5.081427,0.1,0.3,CASO_ARTIFICIAL,3923.846367,precio_venta,alimento,INSUFICIENTE,POSITIVO,FUERA_DEL_UMBRAL,POSITIVO
ART-INTEGRADA,0.59335,11850,OK,CASO_PRUEBA_ARTIFICIAL_NO_ES_PROYECTO,precio_venta×alimento,3.515825,0.2,-0.3,CASO_ARTIFICIAL,20202.178153,precio_venta,alimento,INSUFICIENTE,POSITIVO,DENTRO_DEL_UMBRAL,POSITIVO
ART-INTEGRADA,0.480372,11350,OK,CASO_PRUEBA_ARTIFICIAL_NO_ES_PROYECTO,precio_venta×alimento,3.623199,0.2,-0.2,CASO_ARTIFICIAL,18497.146075,precio_venta,alimento,INSUFICIENTE,POSITIVO,DENTRO_DEL_UMBRAL,POSITIVO
ART-INTEGRADA,0.367393,10850,OK,CASO_PRUEBA_ARTIFICIAL_NO_ES_PROYECTO,precio_venta×alimento,3.739678,0.2,-0.1,CASO_ARTIFICIAL,16792.113996,precio_venta,alimento,INSUFICIENTE,POSITIVO,DENTRO_DEL_UMBRAL,POSITIVO
ART-INTEGRADA,0.254415,10350,OK,CASO_PRUEBA_ARTIFICIAL_NO_ES_PROYECTO,precio_venta×alimento,3.866472,0.2,0,CASO_ARTIFICIAL,15087.081917,precio_venta,alimento,INSUFICIENTE,POSITIVO,DENTRO_DEL_UMBRAL,POSITIVO
ART-INTEGRADA,0.141437,9850,OK,CASO_PRUEBA_ARTIFICIAL_NO_ES_PROYECTO,precio_venta×alimento,4.005013,0.2,0.1,CASO_ARTIFICIAL,13382.049839,precio_venta,alimento,INSUFICIENTE,POSITIVO,DENTRO_DEL_UMBRAL,POSITIVO
ART-INTEGRADA,0.028459,9350,OK,CASO_PRUEBA_ARTIFICIAL_NO_ES_PROYECTO,precio_venta×alimento,4.157014,0.2,0.2,CASO_ARTIFICIAL,11677.01776,precio_venta,alimento,INSUFICIENTE,POSITIVO,DENTRO_DEL_UMBRAL,POSITIVO
ART-INTEGRADA,-0.084519,8850,OK,CASO_PRUEBA_ARTIFICIAL_NO_ES_PROYECTO,precio_venta×alimento,4.324537,0.2,0.3,CASO_ARTIFICIAL,9971.985682,precio_venta,alimento,INSUFICIENTE,POSITIVO,DENTRO_DEL_UMBRAL,POSITIVO
ART-INTEGRADA,0.751756,13650,OK,CASO_PRUEBA_ARTIFICIAL_NO_ES_PROYECTO,precio_venta×alimento,3.201011,0.3,-0.3,CASO_ARTIFICIAL,26244.550115,precio_venta,alimento,INSUFICIENTE,POSITIVO,DENTRO_DEL_UMBRAL,POSITIVO
ART-INTEGRADA,0.679394,13150,OK,CASO_PRUEBA_ARTIFICIAL_NO_ES_PROYECTO,precio_venta×alimento,3.283502,0.3,-0.2,CASO_ARTIFICIAL,24539.518036,precio_venta,alimento,INSUFICIENTE,POSITIVO,DENTRO_DEL_UMBRAL,POSITIVO
ART-INTEGRADA,0.607033,12650,OK,CASO_PRUEBA_ARTIFICIAL_NO_ES_PROYECTO,precio_venta×alimento,3.372061,0.3,-0.1,CASO_ARTIFICIAL,22834.485957,precio_venta,alimento,INSUFICIENTE,POSITIVO,DENTRO_DEL_UMBRAL,POSITIVO
ART-INTEGRADA,0.534672,12150,OK,CASO_PRUEBA_ARTIFICIAL_NO_ES_PROYECTO,precio_venta×alimento,3.467384,0.3,0,CASO_ARTIFICIAL,21129.453879,precio_venta,alimento,INSUFICIENTE,POSITIVO,DENTRO_DEL_UMBRAL,POSITIVO
ART-INTEGRADA,0.429136,11650,OK,CASO_PRUEBA_ARTIFICIAL_NO_ES_PROYECTO,precio_venta×alimento,3.570277,0.3,0.1,CASO_ARTIFICIAL,19424.4218,precio_venta,alimento,INSUFICIENTE,POSITIVO,DENTRO_DEL_UMBRAL,POSITIVO
ART-INTEGRADA,0.316157,11150,OK,CASO_PRUEBA_ARTIFICIAL_NO_ES_PROYECTO,precio_venta×alimento,3.681678,0.3,0.2,CASO_ARTIFICIAL,17719.389722,precio_venta,alimento,INSUFICIENTE,POSITIVO,DENTRO_DEL_UMBRAL,POSITIVO
ART-INTEGRADA,0.203179,10650,OK,CASO_PRUEBA_ARTIFICIAL_NO_ES_PROYECTO,precio_venta×alimento,3.802688,0.3,0.3,CASO_ARTIFICIAL,16014.357643,precio_venta,alimento,INSUFICIENTE,POSITIVO,DENTRO_DEL_UMBRAL,POSITIVO
ART-INTEGRADA,-0.286239,3435,OK,CASO_PRUEBA_ARTIFICIAL_NO_ES_PROYECTO,demanda×capex,6.457231,-0.3,-0.3,CASO_ARTIFICIAL,-1977.992874,demanda,capex,INSUFICIENTE,POSITIVO,FUERA_DEL_UMBRAL,NEGATIVO
ART-INTEGRADA,-0.286239,3435,OK,CASO_PRUEBA_ARTIFICIAL_NO_ES_PROYECTO,demanda×capex,7.07712,-0.3,-0.2,CASO_ARTIFICIAL,-3846.46846,demanda,capex,INSUFICIENTE,POSITIVO,FUERA_DEL_UMBRAL,NEGATIVO
ART-INTEGRADA,-0.286239,3435,OK,CASO_PRUEBA_ARTIFICIAL_NO_ES_PROYECTO,demanda×capex,7.669719,-0.3,-0.1,CASO_ARTIFICIAL,-5714.944046,demanda,capex,INSUFICIENTE,POSITIVO,FUERA_DEL_UMBRAL,NEGATIVO
ART-INTEGRADA,-0.286239,3435,OK,CASO_PRUEBA_ARTIFICIAL_NO_ES_PROYECTO,demanda×capex,8.236793,-0.3,0,CASO_ARTIFICIAL,-7583.419632,demanda,capex,INSUFICIENTE,POSITIVO,FUERA_DEL_UMBRAL,NEGATIVO
ART-INTEGRADA,-0.286239,3435,OK,CASO_PRUEBA_ARTIFICIAL_NO_ES_PROYECTO,demanda×capex,8.779956,-0.3,0.1,CASO_ARTIFICIAL,-9451.895218,demanda,capex,INSUFICIENTE,POSITIVO,FUERA_DEL_UMBRAL,NEGATIVO
ART-INTEGRADA,-0.286239,3435,OK,CASO_PRUEBA_ARTIFICIAL_NO_ES_PROYECTO,demanda×capex,9.300689,-0.3,0.2,CASO_ARTIFICIAL,-11320.370805,demanda,capex,INSUFICIENTE,POSITIVO,FUERA_DEL_UMBRAL,NEGATIVO
ART-INTEGRADA,-0.286239,3435,OK,CASO_PRUEBA_ARTIFICIAL_NO_ES_PROYECTO,demanda×capex,9.800354,-0.3,0.3,CASO_ARTIFICIAL,-13188.956734,demanda,capex,INSUFICIENTE,POSITIVO,FUERA_DEL_UMBRAL,NEGATIVO
ART-INTEGRADA,-0.320982,4540,OK,CASO_PRUEBA_ARTIFICIAL_NO_ES_PROYECTO,demanda×capex,5.318854,-0.2,-0.3,CASO_ARTIFICIAL,1637.501554,demanda,capex,INSUFICIENTE,POSITIVO,FUERA_DEL_UMBRAL,POSITIVO
ART-INTEGRADA,-0.320982,4540,OK,CASO_PRUEBA_ARTIFICIAL_NO_ES_PROYECTO,demanda×capex,5.829635,-0.2,-0.2,CASO_ARTIFICIAL,-230.974032,demanda,capex,INSUFICIENTE,POSITIVO,FUERA_DEL_UMBRAL,NEGATIVO
ART-INTEGRADA,-0.320982,4540,OK,CASO_PRUEBA_ARTIFICIAL_NO_ES_PROYECTO,demanda×capex,6.322542,-0.2,-0.1,CASO_ARTIFICIAL,-2099.449619,demanda,capex,INSUFICIENTE,POSITIVO,FUERA_DEL_UMBRAL,NEGATIVO
ART-INTEGRADA,-0.320982,4540,OK,CASO_PRUEBA_ARTIFICIAL_NO_ES_PROYECTO,demanda×capex,6.798496,-0.2,0,CASO_ARTIFICIAL,-3967.925205,demanda,capex,INSUFICIENTE,POSITIVO,FUERA_DEL_UMBRAL,NEGATIVO
ART-INTEGRADA,-0.320982,4540,OK,CASO_PRUEBA_ARTIFICIAL_NO_ES_PROYECTO,demanda×capex,7.258358,-0.2,0.1,CASO_ARTIFICIAL,-5836.400791,demanda,capex,INSUFICIENTE,POSITIVO,FUERA_DEL_UMBRAL,NEGATIVO
ART-INTEGRADA,-0.320982,4540,OK,CASO_PRUEBA_ARTIFICIAL_NO_ES_PROYECTO,demanda×capex,7.702929,-0.2,0.2,CASO_ARTIFICIAL,-7704.876377,demanda,capex,INSUFICIENTE,POSITIVO,FUERA_DEL_UMBRAL,NEGATIVO
ART-INTEGRADA,-0.320982,4540,OK,CASO_PRUEBA_ARTIFICIAL_NO_ES_PROYECTO,demanda×capex,8.13296,-0.2,0.3,CASO_ARTIFICIAL,-9573.351964,demanda,capex,INSUFICIENTE,POSITIVO,FUERA_DEL_UMBRAL,NEGATIVO
ART-INTEGRADA,-0.320982,5645,OK,CASO_PRUEBA_ARTIFICIAL_NO_ES_PROYECTO,demanda×capex,4.618201,-0.1,-0.3,CASO_ARTIFICIAL,5119.380645,demanda,capex,INSUFICIENTE,POSITIVO,DENTRO_DEL_UMBRAL,POSITIVO
ART-INTEGRADA,-0.320982,5645,OK,CASO_PRUEBA_ARTIFICIAL_NO_ES_PROYECTO,demanda×capex,5.051106,-0.1,-0.2,CASO_ARTIFICIAL,3250.905058,demanda,capex,INSUFICIENTE,POSITIVO,FUERA_DEL_UMBRAL,POSITIVO
ART-INTEGRADA,-0.320982,5645,OK,CASO_PRUEBA_ARTIFICIAL_NO_ES_PROYECTO,demanda×capex,5.471439,-0.1,-0.1,CASO_ARTIFICIAL,1382.429472,demanda,capex,INSUFICIENTE,POSITIVO,FUERA_DEL_UMBRAL,POSITIVO
ART-INTEGRADA,-0.320982,5645,OK,CASO_PRUEBA_ARTIFICIAL_NO_ES_PROYECTO,demanda×capex,5.879742,-0.1,0,CASO_ARTIFICIAL,-486.046114,demanda,capex,INSUFICIENTE,POSITIVO,FUERA_DEL_UMBRAL,NEGATIVO
ART-INTEGRADA,-0.320982,5645,OK,CASO_PRUEBA_ARTIFICIAL_NO_ES_PROYECTO,demanda×capex,6.276521,-0.1,0.1,CASO_ARTIFICIAL,-2354.5217,demanda,capex,INSUFICIENTE,POSITIVO,FUERA_DEL_UMBRAL,NEGATIVO
ART-INTEGRADA,-0.320982,5645,OK,CASO_PRUEBA_ARTIFICIAL_NO_ES_PROYECTO,demanda×capex,6.66226,-0.1,0.2,CASO_ARTIFICIAL,-4222.997287,demanda,capex,INSUFICIENTE,POSITIVO,FUERA_DEL_UMBRAL,NEGATIVO
ART-INTEGRADA,-0.320982,5645,OK,CASO_PRUEBA_ARTIFICIAL_NO_ES_PROYECTO,demanda×capex,7.037411,-0.1,0.3,CASO_ARTIFICIAL,-6091.472873,demanda,capex,INSUFICIENTE,POSITIVO,FUERA_DEL_UMBRAL,NEGATIVO
ART-INTEGRADA,-0.320982,6750,OK,CASO_PRUEBA_ARTIFICIAL_NO_ES_PROYECTO,demanda×capex,4.126514,0,-0.3,CASO_ARTIFICIAL,8601.259735,demanda,capex,INSUFICIENTE,POSITIVO,DENTRO_DEL_UMBRAL,POSITIVO
ART-INTEGRADA,-0.320982,6750,OK,CASO_PRUEBA_ARTIFICIAL_NO_ES_PROYECTO,demanda×capex,4.501852,0,-0.2,CASO_ARTIFICIAL,6732.784149,demanda,capex,INSUFICIENTE,POSITIVO,DENTRO_DEL_UMBRAL,POSITIVO
ART-INTEGRADA,-0.320982,6750,OK,CASO_PRUEBA_ARTIFICIAL_NO_ES_PROYECTO,demanda×capex,4.867875,0,-0.1,CASO_ARTIFICIAL,4864.308563,demanda,capex,INSUFICIENTE,POSITIVO,DENTRO_DEL_UMBRAL,POSITIVO
ART-INTEGRADA,-0.320982,6750,OK,CASO_PRUEBA_ARTIFICIAL_NO_ES_PROYECTO,demanda×capex,5.224926,0,0,CASO_ARTIFICIAL,2995.832977,demanda,capex,INSUFICIENTE,POSITIVO,FUERA_DEL_UMBRAL,POSITIVO
ART-INTEGRADA,-0.320982,6750,OK,CASO_PRUEBA_ARTIFICIAL_NO_ES_PROYECTO,demanda×capex,5.573331,0,0.1,CASO_ARTIFICIAL,1127.35739,demanda,capex,INSUFICIENTE,POSITIVO,FUERA_DEL_UMBRAL,POSITIVO
ART-INTEGRADA,-0.320982,6750,OK,CASO_PRUEBA_ARTIFICIAL_NO_ES_PROYECTO,demanda×capex,5.9134,0,0.2,CASO_ARTIFICIAL,-741.118196,demanda,capex,INSUFICIENTE,POSITIVO,FUERA_DEL_UMBRAL,NEGATIVO
ART-INTEGRADA,-0.320982,6750,OK,CASO_PRUEBA_ARTIFICIAL_NO_ES_PROYECTO,demanda×capex,6.245429,0,0.3,CASO_ARTIFICIAL,-2609.593782,demanda,capex,INSUFICIENTE,POSITIVO,FUERA_DEL_UMBRAL,NEGATIVO
ART-INTEGRADA,-0.320982,6750,OK,CASO_PRUEBA_ARTIFICIAL_NO_ES_PROYECTO,demanda×capex,4.126514,0.1,-0.3,CASO_ARTIFICIAL,8601.259735,demanda,capex,INSUFICIENTE,POSITIVO,DENTRO_DEL_UMBRAL,POSITIVO
ART-INTEGRADA,-0.320982,6750,OK,CASO_PRUEBA_ARTIFICIAL_NO_ES_PROYECTO,demanda×capex,4.501852,0.1,-0.2,CASO_ARTIFICIAL,6732.784149,demanda,capex,INSUFICIENTE,POSITIVO,DENTRO_DEL_UMBRAL,POSITIVO
ART-INTEGRADA,-0.320982,6750,OK,CASO_PRUEBA_ARTIFICIAL_NO_ES_PROYECTO,demanda×capex,4.867875,0.1,-0.1,CASO_ARTIFICIAL,4864.308563,demanda,capex,INSUFICIENTE,POSITIVO,DENTRO_DEL_UMBRAL,POSITIVO
ART-INTEGRADA,-0.320982,6750,OK,CASO_PRUEBA_ARTIFICIAL_NO_ES_PROYECTO,demanda×capex,5.224926,0.1,0,CASO_ARTIFICIAL,2995.832977,demanda,capex,INSUFICIENTE,POSITIVO,FUERA_DEL_UMBRAL,POSITIVO
ART-INTEGRADA,-0.320982,6750,OK,CASO_PRUEBA_ARTIFICIAL_NO_ES_PROYECTO,demanda×capex,5.573331,0.1,0.1,CASO_ARTIFICIAL,1127.35739,demanda,capex,INSUFICIENTE,POSITIVO,FUERA_DEL_UMBRAL,POSITIVO
ART-INTEGRADA,-0.320982,6750,OK,CASO_PRUEBA_ARTIFICIAL_NO_ES_PROYECTO,demanda×capex,5.9134,0.1,0.2,CASO_ARTIFICIAL,-741.118196,demanda,capex,INSUFICIENTE,POSITIVO,FUERA_DEL_UMBRAL,NEGATIVO
ART-INTEGRADA,-0.320982,6750,OK,CASO_PRUEBA_ARTIFICIAL_NO_ES_PROYECTO,demanda×capex,6.245429,0.1,0.3,CASO_ARTIFICIAL,-2609.593782,demanda,capex,INSUFICIENTE,POSITIVO,FUERA_DEL_UMBRAL,NEGATIVO
ART-INTEGRADA,-0.320982,6750,OK,CASO_PRUEBA_ARTIFICIAL_NO_ES_PROYECTO,demanda×capex,4.126514,0.2,-0.3,CASO_ARTIFICIAL,8601.259735,demanda,capex,INSUFICIENTE,POSITIVO,DENTRO_DEL_UMBRAL,POSITIVO
ART-INTEGRADA,-0.320982,6750,OK,CASO_PRUEBA_ARTIFICIAL_NO_ES_PROYECTO,demanda×capex,4.501852,0.2,-0.2,CASO_ARTIFICIAL,6732.784149,demanda,capex,INSUFICIENTE,POSITIVO,DENTRO_DEL_UMBRAL,POSITIVO
ART-INTEGRADA,-0.320982,6750,OK,CASO_PRUEBA_ARTIFICIAL_NO_ES_PROYECTO,demanda×capex,4.867875,0.2,-0.1,CASO_ARTIFICIAL,4864.308563,demanda,capex,INSUFICIENTE,POSITIVO,DENTRO_DEL_UMBRAL,POSITIVO
ART-INTEGRADA,-0.320982,6750,OK,CASO_PRUEBA_ARTIFICIAL_NO_ES_PROYECTO,demanda×capex,5.224926,0.2,0,CASO_ARTIFICIAL,2995.832977,demanda,capex,INSUFICIENTE,POSITIVO,FUERA_DEL_UMBRAL,POSITIVO
ART-INTEGRADA,-0.320982,6750,OK,CASO_PRUEBA_ARTIFICIAL_NO_ES_PROYECTO,demanda×capex,5.573331,0.2,0.1,CASO_ARTIFICIAL,1127.35739,demanda,capex,INSUFICIENTE,POSITIVO,FUERA_DEL_UMBRAL,POSITIVO
ART-INTEGRADA,-0.320982,6750,OK,CASO_PRUEBA_ARTIFICIAL_NO_ES_PROYECTO,demanda×capex,5.9134,0.2,0.2,CASO_ARTIFICIAL,-741.118196,demanda,capex,INSUFICIENTE,POSITIVO,FUERA_DEL_UMBRAL,NEGATIVO
ART-INTEGRADA,-0.320982,6750,OK,CASO_PRUEBA_ARTIFICIAL_NO_ES_PROYECTO,demanda×capex,6.245429,0.2,0.3,CASO_ARTIFICIAL,-2609.593782,demanda,capex,INSUFICIENTE,POSITIVO,FUERA_DEL_UMBRAL,NEGATIVO
ART-INTEGRADA,-0.320982,6750,OK,CASO_PRUEBA_ARTIFICIAL_NO_ES_PROYECTO,demanda×capex,4.126514,0.3,-0.3,CASO_ARTIFICIAL,8601.259735,demanda,capex,INSUFICIENTE,POSITIVO,DENTRO_DEL_UMBRAL,POSITIVO
ART-INTEGRADA,-0.320982,6750,OK,CASO_PRUEBA_ARTIFICIAL_NO_ES_PROYECTO,demanda×capex,4.501852,0.3,-0.2,CASO_ARTIFICIAL,6732.784149,demanda,capex,INSUFICIENTE,POSITIVO,DENTRO_DEL_UMBRAL,POSITIVO
ART-INTEGRADA,-0.320982,6750,OK,CASO_PRUEBA_ARTIFICIAL_NO_ES_PROYECTO,demanda×capex,4.867875,0.3,-0.1,CASO_ARTIFICIAL,4864.308563,demanda,capex,INSUFICIENTE,POSITIVO,DENTRO_DEL_UMBRAL,POSITIVO
ART-INTEGRADA,-0.320982,6750,OK,CASO_PRUEBA_ARTIFICIAL_NO_ES_PROYECTO,demanda×capex,5.224926,0.3,0,CASO_ARTIFICIAL,2995.832977,demanda,capex,INSUFICIENTE,POSITIVO,FUERA_DEL_UMBRAL,POSITIVO
ART-INTEGRADA,-0.320982,6750,OK,CASO_PRUEBA_ARTIFICIAL_NO_ES_PROYECTO,demanda×capex,5.573331,0.3,0.1,CASO_ARTIFICIAL,1127.35739,demanda,capex,INSUFICIENTE,POSITIVO,FUERA_DEL_UMBRAL,POSITIVO
ART-INTEGRADA,-0.320982,6750,OK,CASO_PRUEBA_ARTIFICIAL_NO_ES_PROYECTO,demanda×capex,5.9134,0.3,0.2,CASO_ARTIFICIAL,-741.118196,demanda,capex,INSUFICIENTE,POSITIVO,FUERA_DEL_UMBRAL,NEGATIVO
ART-INTEGRADA,-0.320982,6750,OK,CASO_PRUEBA_ARTIFICIAL_NO_ES_PROYECTO,demanda×capex,6.245429,0.3,0.3,CASO_ARTIFICIAL,-2609.593782,demanda,capex,INSUFICIENTE,POSITIVO,FUERA_DEL_UMBRAL,NEGATIVO
ART-INTEGRADA,-1.317126,-345,OK,CASO_PRUEBA_ARTIFICIAL_NO_ES_PROYECTO,utilizacion×precio_venta,,-0.3,-0.3,CASO_ARTIFICIAL,-24785.993401,utilizacion,precio_venta,INSUFICIENTE,NEGATIVO,NO_RECUPERADO,NEGATIVO
ART-INTEGRADA,-1.115737,915,OK,CASO_PRUEBA_ARTIFICIAL_NO_ES_PROYECTO,utilizacion×precio_venta,,-0.3,-0.2,CASO_ARTIFICIAL,-18704.876402,utilizacion,precio_venta,INSUFICIENTE,POSITIVO,NO_RECUPERADO,NEGATIVO
ART-INTEGRADA,-0.914348,2175,OK,CASO_PRUEBA_ARTIFICIAL_NO_ES_PROYECTO,utilizacion×precio_venta,,-0.3,-0.1,CASO_ARTIFICIAL,-12623.759402,utilizacion,precio_venta,INSUFICIENTE,POSITIVO,NO_RECUPERADO,NEGATIVO
ART-INTEGRADA,-0.712959,3435,OK,CASO_PRUEBA_ARTIFICIAL_NO_ES_PROYECTO,utilizacion×precio_venta,8.409968,-0.3,0,CASO_ARTIFICIAL,-8038.001972,utilizacion,precio_venta,INSUFICIENTE,POSITIVO,FUERA_DEL_UMBRAL,NEGATIVO
ART-INTEGRADA,-0.51157,4695,OK,CASO_PRUEBA_ARTIFICIAL_NO_ES_PROYECTO,utilizacion×precio_venta,6.745782,-0.3,0.1,CASO_ARTIFICIAL,-3801.525304,utilizacion,precio_venta,INSUFICIENTE,POSITIVO,FUERA_DEL_UMBRAL,NEGATIVO
ART-INTEGRADA,-0.310181,5955,OK,CASO_PRUEBA_ARTIFICIAL_NO_ES_PROYECTO,utilizacion×precio_venta,5.689574,-0.3,0.2,CASO_ARTIFICIAL,434.951364,utilizacion,precio_venta,INSUFICIENTE,POSITIVO,FUERA_DEL_UMBRAL,POSITIVO
ART-INTEGRADA,-0.108792,7215,OK,CASO_PRUEBA_ARTIFICIAL_NO_ES_PROYECTO,utilizacion×precio_venta,4.959634,-0.3,0.3,CASO_ARTIFICIAL,4671.428031,utilizacion,precio_venta,INSUFICIENTE,POSITIVO,DENTRO_DEL_UMBRAL,POSITIVO
ART-INTEGRADA,-1.272777,220,OK,CASO_PRUEBA_ARTIFICIAL_NO_ES_PROYECTO,utilizacion×precio_venta,,-0.2,-0.3,CASO_ARTIFICIAL,-22101.327266,utilizacion,precio_venta,INSUFICIENTE,POSITIVO,NO_RECUPERADO,NEGATIVO
ART-INTEGRADA,-1.042618,1660,OK,CASO_PRUEBA_ARTIFICIAL_NO_ES_PROYECTO,utilizacion×precio_venta,,-0.2,-0.2,CASO_ARTIFICIAL,-15151.479267,utilizacion,precio_venta,INSUFICIENTE,POSITIVO,NO_RECUPERADO,NEGATIVO
ART-INTEGRADA,-0.812459,3100,OK,CASO_PRUEBA_ARTIFICIAL_NO_ES_PROYECTO,utilizacion×precio_venta,9.042055,-0.2,-0.1,CASO_ARTIFICIAL,-9209.151727,utilizacion,precio_venta,INSUFICIENTE,POSITIVO,FUERA_DEL_UMBRAL,NEGATIVO
ART-INTEGRADA,-0.5823,4540,OK,CASO_PRUEBA_ARTIFICIAL_NO_ES_PROYECTO,utilizacion×precio_venta,6.920351,-0.2,0,CASO_ARTIFICIAL,-4360.056989,utilizacion,precio_venta,INSUFICIENTE,POSITIVO,FUERA_DEL_UMBRAL,NEGATIVO
ART-INTEGRADA,-0.352141,5980,OK,CASO_PRUEBA_ARTIFICIAL_NO_ES_PROYECTO,utilizacion×precio_venta,5.681304,-0.2,0.1,CASO_ARTIFICIAL,481.630631,utilizacion,precio_venta,INSUFICIENTE,POSITIVO,FUERA_DEL_UMBRAL,POSITIVO
ART-INTEGRADA,-0.121982,7420,OK,CASO_PRUEBA_ARTIFICIAL_NO_ES_PROYECTO,utilizacion×precio_venta,4.86896,-0.2,0.2,CASO_ARTIFICIAL,5323.318251,utilizacion,precio_venta,INSUFICIENTE,POSITIVO,DENTRO_DEL_UMBRAL,POSITIVO
ART-INTEGRADA,0.108177,8860,OK,CASO_PRUEBA_ARTIFICIAL_NO_ES_PROYECTO,utilizacion×precio_venta,4.295276,-0.2,0.3,CASO_ARTIFICIAL,10159.275958,utilizacion,precio_venta,INSUFICIENTE,POSITIVO,DENTRO_DEL_UMBRAL,POSITIVO
ART-INTEGRADA,-1.228427,785,OK,CASO_PRUEBA_ARTIFICIAL_NO_ES_PROYECTO,utilizacion×precio_venta,,-0.1,-0.3,CASO_ARTIFICIAL,-19416.66113,utilizacion,precio_venta,INSUFICIENTE,POSITIVO,NO_RECUPERADO,NEGATIVO
ART-INTEGRADA,-0.969499,2405,OK,CASO_PRUEBA_ARTIFICIAL_NO_ES_PROYECTO,utilizacion×precio_venta,,-0.1,-0.2,CASO_ARTIFICIAL,-11681.907056,utilizacion,precio_venta,INSUFICIENTE,POSITIVO,NO_RECUPERADO,NEGATIVO
ART-INTEGRADA,-0.71057,4025,OK,CASO_PRUEBA_ARTIFICIAL_NO_ES_PROYECTO,utilizacion×precio_venta,7.550126,-0.1,-0.1,CASO_ARTIFICIAL,-6129.010579,utilizacion,precio_venta,INSUFICIENTE,POSITIVO,FUERA_DEL_UMBRAL,NEGATIVO
ART-INTEGRADA,-0.451641,5645,OK,CASO_PRUEBA_ARTIFICIAL_NO_ES_PROYECTO,utilizacion×precio_venta,5.930449,-0.1,0,CASO_ARTIFICIAL,-682.112006,utilizacion,precio_venta,INSUFICIENTE,POSITIVO,FUERA_DEL_UMBRAL,NEGATIVO
ART-INTEGRADA,-0.192712,7265,OK,CASO_PRUEBA_ARTIFICIAL_NO_ES_PROYECTO,utilizacion×precio_venta,4.95013,-0.1,0.1,CASO_ARTIFICIAL,4764.786567,utilizacion,precio_venta,INSUFICIENTE,POSITIVO,DENTRO_DEL_UMBRAL,POSITIVO
ART-INTEGRADA,0.066217,8885,OK,CASO_PRUEBA_ARTIFICIAL_NO_ES_PROYECTO,utilizacion×precio_venta,4.292997,-0.1,0.2,CASO_ARTIFICIAL,10206.230153,utilizacion,precio_venta,INSUFICIENTE,POSITIVO,DENTRO_DEL_UMBRAL,POSITIVO
ART-INTEGRADA,0.325145,10505,OK,CASO_PRUEBA_ARTIFICIAL_NO_ES_PROYECTO,utilizacion×precio_venta,3.821848,-0.1,0.3,CASO_ARTIFICIAL,15644.364918,utilizacion,precio_venta,INSUFICIENTE,POSITIVO,DENTRO_DEL_UMBRAL,POSITIVO
ART-INTEGRADA,-1.184078,1350,OK,CASO_PRUEBA_ARTIFICIAL_NO_ES_PROYECTO,utilizacion×precio_venta,,0,-0.3,CASO_ARTIFICIAL,-16731.994995,utilizacion,precio_venta,INSUFICIENTE,POSITIVO,NO_RECUPERADO,NEGATIVO
ART-INTEGRADA,-0.896379,3150,OK,CASO_PRUEBA_ARTIFICIAL_NO_ES_PROYECTO,utilizacion×precio_venta,8.973123,0,-0.2,CASO_ARTIFICIAL,-9115.344782,utilizacion,precio_venta,INSUFICIENTE,POSITIVO,FUERA_DEL_UMBRAL,NEGATIVO
ART-INTEGRADA,-0.608681,4950,OK,CASO_PRUEBA_ARTIFICIAL_NO_ES_PROYECTO,utilizacion×precio_venta,6.526573,0,-0.1,CASO_ARTIFICIAL,-3056.276549,utilizacion,precio_venta,INSUFICIENTE,POSITIVO,FUERA_DEL_UMBRAL,NEGATIVO
ART-INTEGRADA,-0.320982,6750,OK,CASO_PRUEBA_ARTIFICIAL_NO_ES_PROYECTO,utilizacion×precio_venta,5.224926,0,0,CASO_ARTIFICIAL,2995.832977,utilizacion,precio_venta,INSUFICIENTE,POSITIVO,FUERA_DEL_UMBRAL,POSITIVO
ART-INTEGRADA,-0.033283,8550,OK,CASO_PRUEBA_ARTIFICIAL_NO_ES_PROYECTO,utilizacion×precio_venta,4.416906,0,0.1,CASO_ARTIFICIAL,9044.709956,utilizacion,precio_venta,INSUFICIENTE,POSITIVO,DENTRO_DEL_UMBRAL,POSITIVO
ART-INTEGRADA,0.254415,10350,OK,CASO_PRUEBA_ARTIFICIAL_NO_ES_PROYECTO,utilizacion×precio_venta,3.866472,0,0.2,CASO_ARTIFICIAL,15087.081917,utilizacion,precio_venta,INSUFICIENTE,POSITIVO,DENTRO_DEL_UMBRAL,POSITIVO
ART-INTEGRADA,0.534672,12150,OK,CASO_PRUEBA_ARTIFICIAL_NO_ES_PROYECTO,utilizacion×precio_venta,3.467384,0,0.3,CASO_ARTIFICIAL,21129.453879,utilizacion,precio_venta,INSUFICIENTE,POSITIVO,DENTRO_DEL_UMBRAL,POSITIVO
ART-INTEGRADA,-1.139729,1350,OK,CASO_PRUEBA_ARTIFICIAL_NO_ES_PROYECTO,utilizacion×precio_venta,,0.1,-0.3,CASO_ARTIFICIAL,-16600.381954,utilizacion,precio_venta,INSUFICIENTE,POSITIVO,NO_RECUPERADO,NEGATIVO
ART-INTEGRADA,-0.82326,3150,OK,CASO_PRUEBA_ARTIFICIAL_NO_ES_PROYECTO,utilizacion×precio_venta,8.919694,0.1,-0.2,CASO_ARTIFICIAL,-8982.311553,utilizacion,precio_venta,INSUFICIENTE,POSITIVO,FUERA_DEL_UMBRAL,NEGATIVO
ART-INTEGRADA,-0.506792,4950,OK,CASO_PRUEBA_ARTIFICIAL_NO_ES_PROYECTO,utilizacion×precio_venta,6.479674,0.1,-0.1,CASO_ARTIFICIAL,-2894.52868,utilizacion,precio_venta,INSUFICIENTE,POSITIVO,FUERA_DEL_UMBRAL,NEGATIVO
ART-INTEGRADA,-0.190323,6750,OK,CASO_PRUEBA_ARTIFICIAL_NO_ES_PROYECTO,utilizacion×precio_venta,5.181502,0.1,0,CASO_ARTIFICIAL,3191.898869,utilizacion,precio_venta,INSUFICIENTE,POSITIVO,FUERA_DEL_UMBRAL,POSITIVO
ART-INTEGRADA,0.126145,8550,OK,CASO_PRUEBA_ARTIFICIAL_NO_ES_PROYECTO,utilizacion×precio_venta,4.375639,0.1,0.1,CASO_ARTIFICIAL,9268.552505,utilizacion,precio_venta,INSUFICIENTE,POSITIVO,DENTRO_DEL_UMBRAL,POSITIVO
ART-INTEGRADA,0.442614,10350,OK,CASO_PRUEBA_ARTIFICIAL_NO_ES_PROYECTO,utilizacion×precio_venta,3.826673,0.1,0.2,CASO_ARTIFICIAL,15344.268733,utilizacion,precio_venta,INSUFICIENTE,POSITIVO,DENTRO_DEL_UMBRAL,POSITIVO
ART-INTEGRADA,0.636708,12150,OK,CASO_PRUEBA_ARTIFICIAL_NO_ES_PROYECTO,utilizacion×precio_venta,3.428651,0.1,0.3,CASO_ARTIFICIAL,21419.984962,utilizacion,precio_venta,INSUFICIENTE,POSITIVO,DENTRO_DEL_UMBRAL,POSITIVO
ART-INTEGRADA,-1.095379,1350,OK,CASO_PRUEBA_ARTIFICIAL_NO_ES_PROYECTO,utilizacion×precio_venta,,0.2,-0.3,CASO_ARTIFICIAL,-16468.768913,utilizacion,precio_venta,INSUFICIENTE,POSITIVO,NO_RECUPERADO,NEGATIVO
ART-INTEGRADA,-0.750141,3150,OK,CASO_PRUEBA_ARTIFICIAL_NO_ES_PROYECTO,utilizacion×precio_venta,8.866266,0.2,-0.2,CASO_ARTIFICIAL,-8853.526384,utilizacion,precio_venta,INSUFICIENTE,POSITIVO,FUERA_DEL_UMBRAL,NEGATIVO
ART-INTEGRADA,-0.404903,4950,OK,CASO_PRUEBA_ARTIFICIAL_NO_ES_PROYECTO,utilizacion×precio_venta,6.432776,0.2,-0.1,CASO_ARTIFICIAL,-2732.780812,utilizacion,precio_venta,INSUFICIENTE,POSITIVO,FUERA_DEL_UMBRAL,NEGATIVO
ART-INTEGRADA,-0.059664,6750,OK,CASO_PRUEBA_ARTIFICIAL_NO_ES_PROYECTO,utilizacion×precio_venta,5.138078,0.2,0,CASO_ARTIFICIAL,3383.334558,utilizacion,precio_venta,INSUFICIENTE,POSITIVO,FUERA_DEL_UMBRAL,POSITIVO
ART-INTEGRADA,0.285574,8550,OK,CASO_PRUEBA_ARTIFICIAL_NO_ES_PROYECTO,utilizacion×precio_venta,4.334371,0.2,0.1,CASO_ARTIFICIAL,9492.395054,utilizacion,precio_venta,INSUFICIENTE,POSITIVO,DENTRO_DEL_UMBRAL,POSITIVO
ART-INTEGRADA,0.551712,10350,OK,CASO_PRUEBA_ARTIFICIAL_NO_ES_PROYECTO,utilizacion×precio_venta,3.786875,0.2,0.2,CASO_ARTIFICIAL,15601.455549,utilizacion,precio_venta,INSUFICIENTE,POSITIVO,DENTRO_DEL_UMBRAL,POSITIVO
ART-INTEGRADA,0.738745,12150,OK,CASO_PRUEBA_ARTIFICIAL_NO_ES_PROYECTO,utilizacion×precio_venta,3.389918,0.2,0.3,CASO_ARTIFICIAL,21710.516045,utilizacion,precio_venta,INSUFICIENTE,POSITIVO,DENTRO_DEL_UMBRAL,POSITIVO
ART-INTEGRADA,-1.035759,1350,OK,CASO_PRUEBA_ARTIFICIAL_NO_ES_PROYECTO,utilizacion×precio_venta,,0.3,-0.3,CASO_ARTIFICIAL,-16377.148901,utilizacion,precio_venta,INSUFICIENTE,POSITIVO,NO_RECUPERADO,NEGATIVO
ART-INTEGRADA,-0.661856,3150,OK,CASO_PRUEBA_ARTIFICIAL_NO_ES_PROYECTO,utilizacion×precio_venta,8.829794,0.3,-0.2,CASO_ARTIFICIAL,-8763.705267,utilizacion,precio_venta,INSUFICIENTE,POSITIVO,FUERA_DEL_UMBRAL,NEGATIVO
ART-INTEGRADA,-0.287953,4950,OK,CASO_PRUEBA_ARTIFICIAL_NO_ES_PROYECTO,utilizacion×precio_venta,6.400679,0.3,-0.1,CASO_ARTIFICIAL,-2618.593651,utilizacion,precio_venta,INSUFICIENTE,POSITIVO,FUERA_DEL_UMBRAL,NEGATIVO
ART-INTEGRADA,0.085949,6750,OK,CASO_PRUEBA_ARTIFICIAL_NO_ES_PROYECTO,utilizacion×precio_venta,5.108308,0.3,0,CASO_ARTIFICIAL,3517.325018,utilizacion,precio_venta,INSUFICIENTE,POSITIVO,FUERA_DEL_UMBRAL,POSITIVO
ART-INTEGRADA,0.459852,8550,OK,CASO_PRUEBA_ARTIFICIAL_NO_ES_PROYECTO,utilizacion×precio_venta,4.306047,0.3,0.1,CASO_ARTIFICIAL,9649.948272,utilizacion,precio_venta,INSUFICIENTE,POSITIVO,DENTRO_DEL_UMBRAL,POSITIVO
ART-INTEGRADA,0.671128,10350,OK,CASO_PRUEBA_ARTIFICIAL_NO_ES_PROYECTO,utilizacion×precio_venta,3.759534,0.3,0.2,CASO_ARTIFICIAL,15782.571527,utilizacion,precio_venta,INSUFICIENTE,POSITIVO,DENTRO_DEL_UMBRAL,POSITIVO
ART-INTEGRADA,0.875949,12150,OK,CASO_PRUEBA_ARTIFICIAL_NO_ES_PROYECTO,utilizacion×precio_venta,3.363291,0.3,0.3,CASO_ARTIFICIAL,21915.194781,utilizacion,precio_venta,INSUFICIENTE,POSITIVO,DENTRO_DEL_UMBRAL,POSITIVO
ART-INTEGRADA,-1.1486,-345,OK,CASO_PRUEBA_ARTIFICIAL_NO_ES_PROYECTO,demanda×precio_venta,,-0.3,-0.3,CASO_ARTIFICIAL,-24484.067374,demanda,precio_venta,INSUFICIENTE,NEGATIVO,NO_RECUPERADO,NEGATIVO
ART-INTEGRADA,-0.861146,915,OK,CASO_PRUEBA_ARTIFICIAL_NO_ES_PROYECTO,demanda×precio_venta,,-0.3,-0.2,CASO_ARTIFICIAL,-18291.627112,demanda,precio_venta,INSUFICIENTE,POSITIVO,NO_RECUPERADO,NEGATIVO
ART-INTEGRADA,-0.573693,2175,OK,CASO_PRUEBA_ARTIFICIAL_NO_ES_PROYECTO,demanda×precio_venta,,-0.3,-0.1,CASO_ARTIFICIAL,-12099.18685,demanda,precio_venta,INSUFICIENTE,POSITIVO,NO_RECUPERADO,NEGATIVO
ART-INTEGRADA,-0.286239,3435,OK,CASO_PRUEBA_ARTIFICIAL_NO_ES_PROYECTO,demanda×precio_venta,8.236793,-0.3,0,CASO_ARTIFICIAL,-7583.419632,demanda,precio_venta,INSUFICIENTE,POSITIVO,FUERA_DEL_UMBRAL,NEGATIVO
ART-INTEGRADA,0.001215,4695,OK,CASO_PRUEBA_ARTIFICIAL_NO_ES_PROYECTO,demanda×precio_venta,6.587955,-0.3,0.1,CASO_ARTIFICIAL,-3267.611617,demanda,precio_venta,INSUFICIENTE,POSITIVO,FUERA_DEL_UMBRAL,NEGATIVO
ART-INTEGRADA,0.288669,5955,OK,CASO_PRUEBA_ARTIFICIAL_NO_ES_PROYECTO,demanda×precio_venta,5.541488,-0.3,0.2,CASO_ARTIFICIAL,1039.356841,demanda,precio_venta,INSUFICIENTE,POSITIVO,FUERA_DEL_UMBRAL,POSITIVO
ART-INTEGRADA,0.576123,7215,OK,CASO_PRUEBA_ARTIFICIAL_NO_ES_PROYECTO,demanda×precio_venta,4.81828,-0.3,0.3,CASO_ARTIFICIAL,5346.325298,demanda,precio_venta,INSUFICIENTE,POSITIVO,DENTRO_DEL_UMBRAL,POSITIVO
ART-INTEGRADA,-1.184078,220,OK,CASO_PRUEBA_ARTIFICIAL_NO_ES_PROYECTO,demanda×precio_venta,,-0.2,-0.3,CASO_ARTIFICIAL,-21838.101184,demanda,precio_venta,INSUFICIENTE,POSITIVO,NO_RECUPERADO,NEGATIVO
ART-INTEGRADA,-0.896379,1660,OK,CASO_PRUEBA_ARTIFICIAL_NO_ES_PROYECTO,demanda×precio_venta,,-0.2,-0.2,CASO_ARTIFICIAL,-14792.023069,demanda,precio_venta,INSUFICIENTE,POSITIVO,NO_RECUPERADO,NEGATIVO
ART-INTEGRADA,-0.608681,3100,OK,CASO_PRUEBA_ARTIFICIAL_NO_ES_PROYECTO,demanda×precio_venta,8.905336,-0.2,-0.1,CASO_ARTIFICIAL,-8878.248872,demanda,precio_venta,INSUFICIENTE,POSITIVO,FUERA_DEL_UMBRAL,NEGATIVO
ART-INTEGRADA,-0.320982,4540,OK,CASO_PRUEBA_ARTIFICIAL_NO_ES_PROYECTO,demanda×precio_venta,6.798496,-0.2,0,CASO_ARTIFICIAL,-3967.925205,demanda,precio_venta,INSUFICIENTE,POSITIVO,FUERA_DEL_UMBRAL,NEGATIVO
ART-INTEGRADA,-0.033283,5980,OK,CASO_PRUEBA_ARTIFICIAL_NO_ES_PROYECTO,demanda×precio_venta,5.568129,-0.2,0.1,CASO_ARTIFICIAL,939.165917,demanda,precio_venta,INSUFICIENTE,POSITIVO,FUERA_DEL_UMBRAL,POSITIVO
ART-INTEGRADA,0.254415,7420,OK,CASO_PRUEBA_ARTIFICIAL_NO_ES_PROYECTO,demanda×precio_venta,4.761476,-0.2,0.2,CASO_ARTIFICIAL,5839.75202,demanda,precio_venta,INSUFICIENTE,POSITIVO,DENTRO_DEL_UMBRAL,POSITIVO
ART-INTEGRADA,0.534672,8860,OK,CASO_PRUEBA_ARTIFICIAL_NO_ES_PROYECTO,demanda×precio_venta,4.191811,-0.2,0.3,CASO_ARTIFICIAL,10740.338124,demanda,precio_venta,INSUFICIENTE,POSITIVO,DENTRO_DEL_UMBRAL,POSITIVO
ART-INTEGRADA,-1.184078,785,OK,CASO_PRUEBA_ARTIFICIAL_NO_ES_PROYECTO,demanda×precio_venta,,-0.1,-0.3,CASO_ARTIFICIAL,-19285.048089,demanda,precio_venta,INSUFICIENTE,POSITIVO,NO_RECUPERADO,NEGATIVO
ART-INTEGRADA,-0.896379,2405,OK,CASO_PRUEBA_ARTIFICIAL_NO_ES_PROYECTO,demanda×precio_venta,,-0.1,-0.2,CASO_ARTIFICIAL,-11512.991198,demanda,precio_venta,INSUFICIENTE,POSITIVO,NO_RECUPERADO,NEGATIVO
ART-INTEGRADA,-0.608681,4025,OK,CASO_PRUEBA_ARTIFICIAL_NO_ES_PROYECTO,demanda×precio_venta,7.494495,-0.1,-0.1,CASO_ARTIFICIAL,-5967.26271,demanda,precio_venta,INSUFICIENTE,POSITIVO,FUERA_DEL_UMBRAL,NEGATIVO
ART-INTEGRADA,-0.320982,5645,OK,CASO_PRUEBA_ARTIFICIAL_NO_ES_PROYECTO,demanda×precio_venta,5.879742,-0.1,0,CASO_ARTIFICIAL,-486.046114,demanda,precio_venta,INSUFICIENTE,POSITIVO,FUERA_DEL_UMBRAL,NEGATIVO
ART-INTEGRADA,-0.033283,7265,OK,CASO_PRUEBA_ARTIFICIAL_NO_ES_PROYECTO,demanda×precio_venta,4.902402,-0.1,0.1,CASO_ARTIFICIAL,4991.937936,demanda,precio_venta,INSUFICIENTE,POSITIVO,DENTRO_DEL_UMBRAL,POSITIVO
ART-INTEGRADA,0.254415,8885,OK,CASO_PRUEBA_ARTIFICIAL_NO_ES_PROYECTO,demanda×precio_venta,4.247266,-0.1,0.2,CASO_ARTIFICIAL,10463.416969,demanda,precio_venta,INSUFICIENTE,POSITIVO,DENTRO_DEL_UMBRAL,POSITIVO
ART-INTEGRADA,0.534672,10505,OK,CASO_PRUEBA_ARTIFICIAL_NO_ES_PROYECTO,demanda×precio_venta,3.777549,-0.1,0.3,CASO_ARTIFICIAL,15934.896001,demanda,precio_venta,INSUFICIENTE,POSITIVO,DENTRO_DEL_UMBRAL,POSITIVO
ART-INTEGRADA,-1.184078,1350,OK,CASO_PRUEBA_ARTIFICIAL_NO_ES_PROYECTO,demanda×precio_venta,,0,-0.3,CASO_ARTIFICIAL,-16731.994995,demanda,precio_venta,INSUFICIENTE,POSITIVO,NO_RECUPERADO,NEGATIVO
ART-INTEGRADA,-0.896379,3150,OK,CASO_PRUEBA_ARTIFICIAL_NO_ES_PROYECTO,demanda×precio_venta,8.973123,0,-0.2,CASO_ARTIFICIAL,-9115.344782,demanda,precio_venta,INSUFICIENTE,POSITIVO,FUERA_DEL_UMBRAL,NEGATIVO
ART-INTEGRADA,-0.608681,4950,OK,CASO_PRUEBA_ARTIFICIAL_NO_ES_PROYECTO,demanda×precio_venta,6.526573,0,-0.1,CASO_ARTIFICIAL,-3056.276549,demanda,precio_venta,INSUFICIENTE,POSITIVO,FUERA_DEL_UMBRAL,NEGATIVO
ART-INTEGRADA,-0.320982,6750,OK,CASO_PRUEBA_ARTIFICIAL_NO_ES_PROYECTO,demanda×precio_venta,5.224926,0,0,CASO_ARTIFICIAL,2995.832977,demanda,precio_venta,INSUFICIENTE,POSITIVO,FUERA_DEL_UMBRAL,POSITIVO
ART-INTEGRADA,-0.033283,8550,OK,CASO_PRUEBA_ARTIFICIAL_NO_ES_PROYECTO,demanda×precio_venta,4.416906,0,0.1,CASO_ARTIFICIAL,9044.709956,demanda,precio_venta,INSUFICIENTE,POSITIVO,DENTRO_DEL_UMBRAL,POSITIVO
ART-INTEGRADA,0.254415,10350,OK,CASO_PRUEBA_ARTIFICIAL_NO_ES_PROYECTO,demanda×precio_venta,3.866472,0,0.2,CASO_ARTIFICIAL,15087.081917,demanda,precio_venta,INSUFICIENTE,POSITIVO,DENTRO_DEL_UMBRAL,POSITIVO
ART-INTEGRADA,0.534672,12150,OK,CASO_PRUEBA_ARTIFICIAL_NO_ES_PROYECTO,demanda×precio_venta,3.467384,0,0.3,CASO_ARTIFICIAL,21129.453879,demanda,precio_venta,INSUFICIENTE,POSITIVO,DENTRO_DEL_UMBRAL,POSITIVO
ART-INTEGRADA,-1.184078,1350,OK,CASO_PRUEBA_ARTIFICIAL_NO_ES_PROYECTO,demanda×precio_venta,,0.1,-0.3,CASO_ARTIFICIAL,-16731.994995,demanda,precio_venta,INSUFICIENTE,POSITIVO,NO_RECUPERADO,NEGATIVO
ART-INTEGRADA,-0.896379,3150,OK,CASO_PRUEBA_ARTIFICIAL_NO_ES_PROYECTO,demanda×precio_venta,8.973123,0.1,-0.2,CASO_ARTIFICIAL,-9115.344782,demanda,precio_venta,INSUFICIENTE,POSITIVO,FUERA_DEL_UMBRAL,NEGATIVO
ART-INTEGRADA,-0.608681,4950,OK,CASO_PRUEBA_ARTIFICIAL_NO_ES_PROYECTO,demanda×precio_venta,6.526573,0.1,-0.1,CASO_ARTIFICIAL,-3056.276549,demanda,precio_venta,INSUFICIENTE,POSITIVO,FUERA_DEL_UMBRAL,NEGATIVO
ART-INTEGRADA,-0.320982,6750,OK,CASO_PRUEBA_ARTIFICIAL_NO_ES_PROYECTO,demanda×precio_venta,5.224926,0.1,0,CASO_ARTIFICIAL,2995.832977,demanda,precio_venta,INSUFICIENTE,POSITIVO,FUERA_DEL_UMBRAL,POSITIVO
ART-INTEGRADA,-0.033283,8550,OK,CASO_PRUEBA_ARTIFICIAL_NO_ES_PROYECTO,demanda×precio_venta,4.416906,0.1,0.1,CASO_ARTIFICIAL,9044.709956,demanda,precio_venta,INSUFICIENTE,POSITIVO,DENTRO_DEL_UMBRAL,POSITIVO
ART-INTEGRADA,0.254415,10350,OK,CASO_PRUEBA_ARTIFICIAL_NO_ES_PROYECTO,demanda×precio_venta,3.866472,0.1,0.2,CASO_ARTIFICIAL,15087.081917,demanda,precio_venta,INSUFICIENTE,POSITIVO,DENTRO_DEL_UMBRAL,POSITIVO
ART-INTEGRADA,0.534672,12150,OK,CASO_PRUEBA_ARTIFICIAL_NO_ES_PROYECTO,demanda×precio_venta,3.467384,0.1,0.3,CASO_ARTIFICIAL,21129.453879,demanda,precio_venta,INSUFICIENTE,POSITIVO,DENTRO_DEL_UMBRAL,POSITIVO
ART-INTEGRADA,-1.184078,1350,OK,CASO_PRUEBA_ARTIFICIAL_NO_ES_PROYECTO,demanda×precio_venta,,0.2,-0.3,CASO_ARTIFICIAL,-16731.994995,demanda,precio_venta,INSUFICIENTE,POSITIVO,NO_RECUPERADO,NEGATIVO
ART-INTEGRADA,-0.896379,3150,OK,CASO_PRUEBA_ARTIFICIAL_NO_ES_PROYECTO,demanda×precio_venta,8.973123,0.2,-0.2,CASO_ARTIFICIAL,-9115.344782,demanda,precio_venta,INSUFICIENTE,POSITIVO,FUERA_DEL_UMBRAL,NEGATIVO
ART-INTEGRADA,-0.608681,4950,OK,CASO_PRUEBA_ARTIFICIAL_NO_ES_PROYECTO,demanda×precio_venta,6.526573,0.2,-0.1,CASO_ARTIFICIAL,-3056.276549,demanda,precio_venta,INSUFICIENTE,POSITIVO,FUERA_DEL_UMBRAL,NEGATIVO
ART-INTEGRADA,-0.320982,6750,OK,CASO_PRUEBA_ARTIFICIAL_NO_ES_PROYECTO,demanda×precio_venta,5.224926,0.2,0,CASO_ARTIFICIAL,2995.832977,demanda,precio_venta,INSUFICIENTE,POSITIVO,FUERA_DEL_UMBRAL,POSITIVO
ART-INTEGRADA,-0.033283,8550,OK,CASO_PRUEBA_ARTIFICIAL_NO_ES_PROYECTO,demanda×precio_venta,4.416906,0.2,0.1,CASO_ARTIFICIAL,9044.709956,demanda,precio_venta,INSUFICIENTE,POSITIVO,DENTRO_DEL_UMBRAL,POSITIVO
ART-INTEGRADA,0.254415,10350,OK,CASO_PRUEBA_ARTIFICIAL_NO_ES_PROYECTO,demanda×precio_venta,3.866472,0.2,0.2,CASO_ARTIFICIAL,15087.081917,demanda,precio_venta,INSUFICIENTE,POSITIVO,DENTRO_DEL_UMBRAL,POSITIVO
ART-INTEGRADA,0.534672,12150,OK,CASO_PRUEBA_ARTIFICIAL_NO_ES_PROYECTO,demanda×precio_venta,3.467384,0.2,0.3,CASO_ARTIFICIAL,21129.453879,demanda,precio_venta,INSUFICIENTE,POSITIVO,DENTRO_DEL_UMBRAL,POSITIVO
ART-INTEGRADA,-1.184078,1350,OK,CASO_PRUEBA_ARTIFICIAL_NO_ES_PROYECTO,demanda×precio_venta,,0.3,-0.3,CASO_ARTIFICIAL,-16731.994995,demanda,precio_venta,INSUFICIENTE,POSITIVO,NO_RECUPERADO,NEGATIVO
ART-INTEGRADA,-0.896379,3150,OK,CASO_PRUEBA_ARTIFICIAL_NO_ES_PROYECTO,demanda×precio_venta,8.973123,0.3,-0.2,CASO_ARTIFICIAL,-9115.344782,demanda,precio_venta,INSUFICIENTE,POSITIVO,FUERA_DEL_UMBRAL,NEGATIVO
ART-INTEGRADA,-0.608681,4950,OK,CASO_PRUEBA_ARTIFICIAL_NO_ES_PROYECTO,demanda×precio_venta,6.526573,0.3,-0.1,CASO_ARTIFICIAL,-3056.276549,demanda,precio_venta,INSUFICIENTE,POSITIVO,FUERA_DEL_UMBRAL,NEGATIVO
ART-INTEGRADA,-0.320982,6750,OK,CASO_PRUEBA_ARTIFICIAL_NO_ES_PROYECTO,demanda×precio_venta,5.224926,0.3,0,CASO_ARTIFICIAL,2995.832977,demanda,precio_venta,INSUFICIENTE,POSITIVO,FUERA_DEL_UMBRAL,POSITIVO
ART-INTEGRADA,-0.033283,8550,OK,CASO_PRUEBA_ARTIFICIAL_NO_ES_PROYECTO,demanda×precio_venta,4.416906,0.3,0.1,CASO_ARTIFICIAL,9044.709956,demanda,precio_venta,INSUFICIENTE,POSITIVO,DENTRO_DEL_UMBRAL,POSITIVO
ART-INTEGRADA,0.254415,10350,OK,CASO_PRUEBA_ARTIFICIAL_NO_ES_PROYECTO,demanda×precio_venta,3.866472,0.3,0.2,CASO_ARTIFICIAL,15087.081917,demanda,precio_venta,INSUFICIENTE,POSITIVO,DENTRO_DEL_UMBRAL,POSITIVO
ART-INTEGRADA,0.534672,12150,OK,CASO_PRUEBA_ARTIFICIAL_NO_ES_PROYECTO,demanda×precio_venta,3.467384,0.3,0.3,CASO_ARTIFICIAL,21129.453879,demanda,precio_venta,INSUFICIENTE,POSITIVO,DENTRO_DEL_UMBRAL,POSITIVO
ART-INTEGRADA,-0.320982,6750,OK,CASO_PRUEBA_ARTIFICIAL_NO_ES_PROYECTO,capex×tasa_descuento,4.126514,-0.3,-0.3,CASO_ARTIFICIAL,13287.627872,capex,tasa_descuento,INSUFICIENTE,POSITIVO,DENTRO_DEL_UMBRAL,POSITIVO
ART-INTEGRADA,-0.320982,6750,OK,CASO_PRUEBA_ARTIFICIAL_NO_ES_PROYECTO,capex×tasa_descuento,4.126514,-0.3,-0.2,CASO_ARTIFICIAL,11594.181801,capex,tasa_descuento,INSUFICIENTE,POSITIVO,DENTRO_DEL_UMBRAL,POSITIVO
ART-INTEGRADA,-0.320982,6750,OK,CASO_PRUEBA_ARTIFICIAL_NO_ES_PROYECTO,capex×tasa_descuento,4.126514,-0.3,-0.1,CASO_ARTIFICIAL,10036.442467,capex,tasa_descuento,INSUFICIENTE,POSITIVO,DENTRO_DEL_UMBRAL,POSITIVO
ART-INTEGRADA,-0.320982,6750,OK,CASO_PRUEBA_ARTIFICIAL_NO_ES_PROYECTO,capex×tasa_descuento,4.126514,-0.3,0,CASO_ARTIFICIAL,8601.259735,capex,tasa_descuento,INSUFICIENTE,POSITIVO,DENTRO_DEL_UMBRAL,POSITIVO
ART-INTEGRADA,-0.320982,6750,OK,CASO_PRUEBA_ARTIFICIAL_NO_ES_PROYECTO,capex×tasa_descuento,4.126514,-0.3,0.1,CASO_ARTIFICIAL,7276.941635,capex,tasa_descuento,INSUFICIENTE,POSITIVO,DENTRO_DEL_UMBRAL,POSITIVO
ART-INTEGRADA,-0.320982,6750,OK,CASO_PRUEBA_ARTIFICIAL_NO_ES_PROYECTO,capex×tasa_descuento,4.126514,-0.3,0.2,CASO_ARTIFICIAL,6053.074821,capex,tasa_descuento,INSUFICIENTE,POSITIVO,DENTRO_DEL_UMBRAL,POSITIVO
ART-INTEGRADA,-0.320982,6750,OK,CASO_PRUEBA_ARTIFICIAL_NO_ES_PROYECTO,capex×tasa_descuento,4.126514,-0.3,0.3,CASO_ARTIFICIAL,4920.369135,capex,tasa_descuento,INSUFICIENTE,POSITIVO,DENTRO_DEL_UMBRAL,POSITIVO
ART-INTEGRADA,-0.320982,6750,OK,CASO_PRUEBA_ARTIFICIAL_NO_ES_PROYECTO,capex×tasa_descuento,4.501852,-0.2,-0.3,CASO_ARTIFICIAL,11480.449939,capex,tasa_descuento,INSUFICIENTE,POSITIVO,DENTRO_DEL_UMBRAL,POSITIVO
ART-INTEGRADA,-0.320982,6750,OK,CASO_PRUEBA_ARTIFICIAL_NO_ES_PROYECTO,capex×tasa_descuento,4.501852,-0.2,-0.2,CASO_ARTIFICIAL,9764.882394,capex,tasa_descuento,INSUFICIENTE,POSITIVO,DENTRO_DEL_UMBRAL,POSITIVO
ART-INTEGRADA,-0.320982,6750,OK,CASO_PRUEBA_ARTIFICIAL_NO_ES_PROYECTO,capex×tasa_descuento,4.501852,-0.2,-0.1,CASO_ARTIFICIAL,8186.76654,capex,tasa_descuento,INSUFICIENTE,POSITIVO,DENTRO_DEL_UMBRAL,POSITIVO
ART-INTEGRADA,-0.320982,6750,OK,CASO_PRUEBA_ARTIFICIAL_NO_ES_PROYECTO,capex×tasa_descuento,4.501852,-0.2,0,CASO_ARTIFICIAL,6732.784149,capex,tasa_descuento,INSUFICIENTE,POSITIVO,DENTRO_DEL_UMBRAL,POSITIVO
ART-INTEGRADA,-0.320982,6750,OK,CASO_PRUEBA_ARTIFICIAL_NO_ES_PROYECTO,capex×tasa_descuento,4.501852,-0.2,0.1,CASO_ARTIFICIAL,5391.093751,capex,tasa_descuento,INSUFICIENTE,POSITIVO,DENTRO_DEL_UMBRAL,POSITIVO
ART-INTEGRADA,-0.320982,6750,OK,CASO_PRUEBA_ARTIFICIAL_NO_ES_PROYECTO,capex×tasa_descuento,4.501852,-0.2,0.2,CASO_ARTIFICIAL,4151.148812,capex,tasa_descuento,INSUFICIENTE,POSITIVO,DENTRO_DEL_UMBRAL,POSITIVO
ART-INTEGRADA,-0.320982,6750,OK,CASO_PRUEBA_ARTIFICIAL_NO_ES_PROYECTO,capex×tasa_descuento,4.501852,-0.2,0.3,CASO_ARTIFICIAL,3003.540307,capex,tasa_descuento,INSUFICIENTE,POSITIVO,DENTRO_DEL_UMBRAL,POSITIVO
ART-INTEGRADA,-0.320982,6750,OK,CASO_PRUEBA_ARTIFICIAL_NO_ES_PROYECTO,capex×tasa_descuento,4.867875,-0.1,-0.3,CASO_ARTIFICIAL,9673.272006,capex,tasa_descuento,INSUFICIENTE,POSITIVO,DENTRO_DEL_UMBRAL,POSITIVO
ART-INTEGRADA,-0.320982,6750,OK,CASO_PRUEBA_ARTIFICIAL_NO_ES_PROYECTO,capex×tasa_descuento,4.867875,-0.1,-0.2,CASO_ARTIFICIAL,7935.582988,capex,tasa_descuento,INSUFICIENTE,POSITIVO,DENTRO_DEL_UMBRAL,POSITIVO
ART-INTEGRADA,-0.320982,6750,OK,CASO_PRUEBA_ARTIFICIAL_NO_ES_PROYECTO,capex×tasa_descuento,4.867875,-0.1,-0.1,CASO_ARTIFICIAL,6337.090613,capex,tasa_descuento,INSUFICIENTE,POSITIVO,DENTRO_DEL_UMBRAL,POSITIVO
ART-INTEGRADA,-0.320982,6750,OK,CASO_PRUEBA_ARTIFICIAL_NO_ES_PROYECTO,capex×tasa_descuento,4.867875,-0.1,0,CASO_ARTIFICIAL,4864.308563,capex,tasa_descuento,INSUFICIENTE,POSITIVO,DENTRO_DEL_UMBRAL,POSITIVO
ART-INTEGRADA,-0.320982,6750,OK,CASO_PRUEBA_ARTIFICIAL_NO_ES_PROYECTO,capex×tasa_descuento,4.867875,-0.1,0.1,CASO_ARTIFICIAL,3505.245868,capex,tasa_descuento,INSUFICIENTE,POSITIVO,DENTRO_DEL_UMBRAL,POSITIVO
ART-INTEGRADA,-0.320982,6750,OK,CASO_PRUEBA_ARTIFICIAL_NO_ES_PROYECTO,capex×tasa_descuento,4.867875,-0.1,0.2,CASO_ARTIFICIAL,2249.222802,capex,tasa_descuento,INSUFICIENTE,POSITIVO,DENTRO_DEL_UMBRAL,POSITIVO
ART-INTEGRADA,-0.320982,6750,OK,CASO_PRUEBA_ARTIFICIAL_NO_ES_PROYECTO,capex×tasa_descuento,4.867875,-0.1,0.3,CASO_ARTIFICIAL,1086.711478,capex,tasa_descuento,INSUFICIENTE,POSITIVO,DENTRO_DEL_UMBRAL,POSITIVO
ART-INTEGRADA,-0.320982,6750,OK,CASO_PRUEBA_ARTIFICIAL_NO_ES_PROYECTO,capex×tasa_descuento,5.224926,0,-0.3,CASO_ARTIFICIAL,7866.094074,capex,tasa_descuento,INSUFICIENTE,POSITIVO,FUERA_DEL_UMBRAL,POSITIVO
ART-INTEGRADA,-0.320982,6750,OK,CASO_PRUEBA_ARTIFICIAL_NO_ES_PROYECTO,capex×tasa_descuento,5.224926,0,-0.2,CASO_ARTIFICIAL,6106.283581,capex,tasa_descuento,INSUFICIENTE,POSITIVO,FUERA_DEL_UMBRAL,POSITIVO
ART-INTEGRADA,-0.320982,6750,OK,CASO_PRUEBA_ARTIFICIAL_NO_ES_PROYECTO,capex×tasa_descuento,5.224926,0,-0.1,CASO_ARTIFICIAL,4487.414686,capex,tasa_descuento,INSUFICIENTE,POSITIVO,FUERA_DEL_UMBRAL,POSITIVO
ART-INTEGRADA,-0.320982,6750,OK,CASO_PRUEBA_ARTIFICIAL_NO_ES_PROYECTO,capex×tasa_descuento,5.224926,0,0,CASO_ARTIFICIAL,2995.832977,capex,tasa_descuento,INSUFICIENTE,POSITIVO,FUERA_DEL_UMBRAL,POSITIVO
ART-INTEGRADA,-0.320982,6750,OK,CASO_PRUEBA_ARTIFICIAL_NO_ES_PROYECTO,capex×tasa_descuento,5.224926,0,0.1,CASO_ARTIFICIAL,1619.397985,capex,tasa_descuento,INSUFICIENTE,POSITIVO,FUERA_DEL_UMBRAL,POSITIVO
ART-INTEGRADA,-0.320982,6750,OK,CASO_PRUEBA_ARTIFICIAL_NO_ES_PROYECTO,capex×tasa_descuento,5.224926,0,0.2,CASO_ARTIFICIAL,347.296793,capex,tasa_descuento,INSUFICIENTE,POSITIVO,FUERA_DEL_UMBRAL,POSITIVO
ART-INTEGRADA,-0.320982,6750,OK,CASO_PRUEBA_ARTIFICIAL_NO_ES_PROYECTO,capex×tasa_descuento,5.224926,0,0.3,CASO_ARTIFICIAL,-830.117351,capex,tasa_descuento,INSUFICIENTE,POSITIVO,FUERA_DEL_UMBRAL,NEGATIVO
ART-INTEGRADA,-0.320982,6750,OK,CASO_PRUEBA_ARTIFICIAL_NO_ES_PROYECTO,capex×tasa_descuento,5.573331,0.1,-0.3,CASO_ARTIFICIAL,6058.916141,capex,tasa_descuento,INSUFICIENTE,POSITIVO,FUERA_DEL_UMBRAL,POSITIVO
ART-INTEGRADA,-0.320982,6750,OK,CASO_PRUEBA_ARTIFICIAL_NO_ES_PROYECTO,capex×tasa_descuento,5.573331,0.1,-0.2,CASO_ARTIFICIAL,4276.984175,capex,tasa_descuento,INSUFICIENTE,POSITIVO,FUERA_DEL_UMBRAL,POSITIVO
ART-INTEGRADA,-0.320982,6750,OK,CASO_PRUEBA_ARTIFICIAL_NO_ES_PROYECTO,capex×tasa_descuento,5.573331,0.1,-0.1,CASO_ARTIFICIAL,2637.73876,capex,tasa_descuento,INSUFICIENTE,POSITIVO,FUERA_DEL_UMBRAL,POSITIVO
ART-INTEGRADA,-0.320982,6750,OK,CASO_PRUEBA_ARTIFICIAL_NO_ES_PROYECTO,capex×tasa_descuento,5.573331,0.1,0,CASO_ARTIFICIAL,1127.35739,capex,tasa_descuento,INSUFICIENTE,POSITIVO,FUERA_DEL_UMBRAL,POSITIVO
ART-INTEGRADA,-0.320982,6750,OK,CASO_PRUEBA_ARTIFICIAL_NO_ES_PROYECTO,capex×tasa_descuento,5.573331,0.1,0.1,CASO_ARTIFICIAL,-266.449899,capex,tasa_descuento,INSUFICIENTE,POSITIVO,FUERA_DEL_UMBRAL,NEGATIVO
ART-INTEGRADA,-0.320982,6750,OK,CASO_PRUEBA_ARTIFICIAL_NO_ES_PROYECTO,capex×tasa_descuento,5.573331,0.1,0.2,CASO_ARTIFICIAL,-1554.629216,capex,tasa_descuento,INSUFICIENTE,POSITIVO,FUERA_DEL_UMBRAL,NEGATIVO
ART-INTEGRADA,-0.320982,6750,OK,CASO_PRUEBA_ARTIFICIAL_NO_ES_PROYECTO,capex×tasa_descuento,5.573331,0.1,0.3,CASO_ARTIFICIAL,-2746.946179,capex,tasa_descuento,INSUFICIENTE,POSITIVO,FUERA_DEL_UMBRAL,NEGATIVO
ART-INTEGRADA,-0.320982,6750,OK,CASO_PRUEBA_ARTIFICIAL_NO_ES_PROYECTO,capex×tasa_descuento,5.9134,0.2,-0.3,CASO_ARTIFICIAL,4251.738208,capex,tasa_descuento,INSUFICIENTE,POSITIVO,FUERA_DEL_UMBRAL,POSITIVO
ART-INTEGRADA,-0.320982,6750,OK,CASO_PRUEBA_ARTIFICIAL_NO_ES_PROYECTO,capex×tasa_descuento,5.9134,0.2,-0.2,CASO_ARTIFICIAL,2447.684768,capex,tasa_descuento,INSUFICIENTE,POSITIVO,FUERA_DEL_UMBRAL,POSITIVO
ART-INTEGRADA,-0.320982,6750,OK,CASO_PRUEBA_ARTIFICIAL_NO_ES_PROYECTO,capex×tasa_descuento,5.9134,0.2,-0.1,CASO_ARTIFICIAL,788.062833,capex,tasa_descuento,INSUFICIENTE,POSITIVO,FUERA_DEL_UMBRAL,POSITIVO
ART-INTEGRADA,-0.320982,6750,OK,CASO_PRUEBA_ARTIFICIAL_NO_ES_PROYECTO,capex×tasa_descuento,5.9134,0.2,0,CASO_ARTIFICIAL,-741.118196,capex,tasa_descuento,INSUFICIENTE,POSITIVO,FUERA_DEL_UMBRAL,NEGATIVO
ART-INTEGRADA,-0.320982,6750,OK,CASO_PRUEBA_ARTIFICIAL_NO_ES_PROYECTO,capex×tasa_descuento,5.9134,0.2,0.1,CASO_ARTIFICIAL,-2152.297782,capex,tasa_descuento,INSUFICIENTE,POSITIVO,FUERA_DEL_UMBRAL,NEGATIVO
ART-INTEGRADA,-0.320982,6750,OK,CASO_PRUEBA_ARTIFICIAL_NO_ES_PROYECTO,capex×tasa_descuento,5.9134,0.2,0.2,CASO_ARTIFICIAL,-3456.555226,capex,tasa_descuento,INSUFICIENTE,POSITIVO,FUERA_DEL_UMBRAL,NEGATIVO
ART-INTEGRADA,-0.320982,6750,OK,CASO_PRUEBA_ARTIFICIAL_NO_ES_PROYECTO,capex×tasa_descuento,5.9134,0.2,0.3,CASO_ARTIFICIAL,-4663.775008,capex,tasa_descuento,INSUFICIENTE,POSITIVO,FUERA_DEL_UMBRAL,NEGATIVO
ART-INTEGRADA,-0.320982,6750,OK,CASO_PRUEBA_ARTIFICIAL_NO_ES_PROYECTO,capex×tasa_descuento,6.245429,0.3,-0.3,CASO_ARTIFICIAL,2444.560275,capex,tasa_descuento,INSUFICIENTE,POSITIVO,FUERA_DEL_UMBRAL,POSITIVO
ART-INTEGRADA,-0.320982,6750,OK,CASO_PRUEBA_ARTIFICIAL_NO_ES_PROYECTO,capex×tasa_descuento,6.245429,0.3,-0.2,CASO_ARTIFICIAL,618.385361,capex,tasa_descuento,INSUFICIENTE,POSITIVO,FUERA_DEL_UMBRAL,POSITIVO
ART-INTEGRADA,-0.320982,6750,OK,CASO_PRUEBA_ARTIFICIAL_NO_ES_PROYECTO,capex×tasa_descuento,6.245429,0.3,-0.1,CASO_ARTIFICIAL,-1061.613094,capex,tasa_descuento,INSUFICIENTE,POSITIVO,FUERA_DEL_UMBRAL,NEGATIVO
ART-INTEGRADA,-0.320982,6750,OK,CASO_PRUEBA_ARTIFICIAL_NO_ES_PROYECTO,capex×tasa_descuento,6.245429,0.3,0,CASO_ARTIFICIAL,-2609.593782,capex,tasa_descuento,INSUFICIENTE,POSITIVO,FUERA_DEL_UMBRAL,NEGATIVO
ART-INTEGRADA,-0.320982,6750,OK,CASO_PRUEBA_ARTIFICIAL_NO_ES_PROYECTO,capex×tasa_descuento,6.245429,0.3,0.1,CASO_ARTIFICIAL,-4038.145665,capex,tasa_descuento,INSUFICIENTE,POSITIVO,FUERA_DEL_UMBRAL,NEGATIVO
ART-INTEGRADA,-0.320982,6750,OK,CASO_PRUEBA_ARTIFICIAL_NO_ES_PROYECTO,capex×tasa_descuento,6.245429,0.3,0.2,CASO_ARTIFICIAL,-5358.481235,capex,tasa_descuento,INSUFICIENTE,POSITIVO,FUERA_DEL_UMBRAL,NEGATIVO
ART-INTEGRADA,-0.320982,6750,OK,CASO_PRUEBA_ARTIFICIAL_NO_ES_PROYECTO,capex×tasa_descuento,6.245429,0.3,0.3,CASO_ARTIFICIAL,-6580.603836,capex,tasa_descuento,INSUFICIENTE,POSITIVO,FUERA_DEL_UMBRAL,NEGATIVO
