ALTERNATIVA,BASE,ESTADO,ETIQUETA,IMPACTO_ABS_MAX,METRICA,NOTA,RANK,SHOCK_MAX,SHOCK_MIN,SWING,UNIVERSO,VALOR_MAX,VALOR_MIN,VARIABLE
ART-ASSET-LIGHT,7923.425702,OK,CASO_PRUEBA_ARTIFICIAL_NO_ES_PROYECTO,15514.789097,VAN,,1,0.3,-0.3,28897.788262,CASO_ARTIFICIAL,21306.424866,-7591.363396,precio_venta
ART-ASSET-LIGHT,7923.425702,OK,CASO_PRUEBA_ARTIFICIAL_NO_ES_PROYECTO,15514.789097,VAN,,2,0.3,-0.3,28897.788262,CASO_ARTIFICIAL,21306.424866,-7591.363396,precio_pollo_entero
ART-ASSET-LIGHT,7923.425702,OK,CASO_PRUEBA_ARTIFICIAL_NO_ES_PROYECTO,17129.598279,VAN,,3,0.3,-0.3,24964.301534,CASO_ARTIFICIAL,15758.128957,-9206.172578,eficiencia_linea
ART-ASSET-LIGHT,7923.425702,OK_PARCIAL,CASO_PRUEBA_ARTIFICIAL_NO_ES_PROYECTO,15514.789097,VAN,3 shocks sin valor (no definidos / no aplicables),4,0,-0.3,15514.789097,CASO_ARTIFICIAL,7923.425702,-7591.363396,rendimiento_faena
ART-ASSET-LIGHT,7923.425702,OK,CASO_PRUEBA_ARTIFICIAL_NO_ES_PROYECTO,9677.740316,VAN,,5,0.3,-0.3,14574.321609,CASO_ARTIFICIAL,12820.006994,-1754.314615,peso_vivo
ART-ASSET-LIGHT,7923.425702,OK,CASO_PRUEBA_ARTIFICIAL_NO_ES_PROYECTO,6111.068539,VAN,,6,-0.3,0.3,12222.137078,CASO_ARTIFICIAL,14034.49424,1812.357163,facon
ART-ASSET-LIGHT,7923.425702,OK,CASO_PRUEBA_ARTIFICIAL_NO_ES_PROYECTO,4074.045693,VAN,,7,-0.3,0.3,8148.091385,CASO_ARTIFICIAL,11997.471394,3849.380009,alimento
ART-ASSET-LIGHT,7923.425702,OK,CASO_PRUEBA_ARTIFICIAL_NO_ES_PROYECTO,4074.045693,VAN,,8,-0.3,0.3,8148.091385,CASO_ARTIFICIAL,11997.471394,3849.380009,fcr
ART-ASSET-LIGHT,7923.425702,OK,CASO_PRUEBA_ARTIFICIAL_NO_ES_PROYECTO,3197.884933,VAN,,9,0.3,-0.3,3314.332302,CASO_ARTIFICIAL,8039.87307,4725.540768,utilizacion
ART-ASSET-LIGHT,7923.425702,OK,CASO_PRUEBA_ARTIFICIAL_NO_ES_PROYECTO,3101.338282,VAN,,10,0,-0.3,3101.338282,CASO_ARTIFICIAL,7923.425702,4822.087419,demanda
ART-ASSET-LIGHT,7923.425702,OK,CASO_PRUEBA_ARTIFICIAL_NO_ES_PROYECTO,1555.767028,VAN,,11,-0.3,0.3,2781.15096,CASO_ARTIFICIAL,9479.192729,6698.041769,tasa_descuento
ART-ASSET-LIGHT,7923.425702,OK,CASO_PRUEBA_ARTIFICIAL_NO_ES_PROYECTO,1115.101353,VAN,,12,-0.3,0.3,2230.202706,CASO_ARTIFICIAL,9038.527054,6808.324349,tasa_ganancias
ART-ASSET-LIGHT,7923.425702,OK,CASO_PRUEBA_ARTIFICIAL_NO_ES_PROYECTO,880.626223,VAN,,13,-30,30,1761.252446,CASO_ARTIFICIAL,8804.051925,7042.799478,dias_cobro
ART-ASSET-LIGHT,7923.425702,OK,CASO_PRUEBA_ARTIFICIAL_NO_ES_PROYECTO,695.948405,VAN,,14,-0.3,0.3,1391.89681,CASO_ARTIFICIAL,8619.374106,7227.477297,salarios
ART-ASSET-LIGHT,7923.425702,OK,CASO_PRUEBA_ARTIFICIAL_NO_ES_PROYECTO,704.500978,VAN,,15,30,-30,1056.751468,CASO_ARTIFICIAL,8627.92668,7571.175212,dias_pago
ART-ASSET-LIGHT,7923.425702,OK,CASO_PRUEBA_ARTIFICIAL_NO_ES_PROYECTO,497.106004,VAN,,16,0.3,-0.3,764.778467,CASO_ARTIFICIAL,8191.098165,7426.319698,fx
ART-ASSET-LIGHT,7923.425702,OK,CASO_PRUEBA_ARTIFICIAL_NO_ES_PROYECTO,124.908818,VAN,,17,-0.3,0.3,249.817636,CASO_ARTIFICIAL,8048.334519,7798.516884,capex
ART-ASSET-LIGHT,7923.425702,OK,CASO_PRUEBA_ARTIFICIAL_NO_ES_PROYECTO,135.18181,VAN,,18,-0.3,0.3,239.09708,CASO_ARTIFICIAL,8027.340971,7788.243892,condenas
ART-ASSET-LIGHT,7923.425702,OK,CASO_PRUEBA_ARTIFICIAL_NO_ES_PROYECTO,166.403509,VAN,,19,-0.3,0.2,222.390351,CASO_ARTIFICIAL,7979.412544,7757.022193,rampup
ART-ASSET-LIGHT,7923.425702,OK,CASO_PRUEBA_ARTIFICIAL_NO_ES_PROYECTO,74.945291,VAN,,20,-0.3,0.3,149.890581,CASO_ARTIFICIAL,7998.370992,7848.480411,capex_equipos
ART-ASSET-LIGHT,7923.425702,OK,CASO_PRUEBA_ARTIFICIAL_NO_ES_PROYECTO,49.963527,VAN,,21,-0.3,0.3,99.927054,CASO_ARTIFICIAL,7973.389229,7873.462174,capex_obra
ART-ASSET-LIGHT,7923.425702,OK,CASO_PRUEBA_ARTIFICIAL_NO_ES_PROYECTO,10.125,VAN,,22,-0.3,0.3,20.25,CASO_ARTIFICIAL,7933.550702,7913.300702,merma
ART-ASSET-LIGHT,7923.425702,OK,CASO_PRUEBA_ARTIFICIAL_NO_ES_PROYECTO,0,VAN,,23,-0.3,-0.3,0,CASO_ARTIFICIAL,7923.425702,7923.425702,mortalidad
ART-ASSET-LIGHT,7923.425702,OK,CASO_PRUEBA_ARTIFICIAL_NO_ES_PROYECTO,0,VAN,,24,-0.3,-0.3,0,CASO_ARTIFICIAL,7923.425702,7923.425702,descuentos
ART-ASSET-LIGHT,7923.425702,OK,CASO_PRUEBA_ARTIFICIAL_NO_ES_PROYECTO,0,VAN,,25,-0.3,-0.3,0,CASO_ARTIFICIAL,7923.425702,7923.425702,devoluciones
ART-ASSET-LIGHT,7923.425702,OK,CASO_PRUEBA_ARTIFICIAL_NO_ES_PROYECTO,0,VAN,,26,-0.3,-0.3,0,CASO_ARTIFICIAL,7923.425702,7923.425702,iibb
ART-ASSET-LIGHT,7923.425702,SIN_VALORES,CASO_PRUEBA_ARTIFICIAL_NO_ES_PROYECTO,,VAN,NO_APLICA; OK | agua: ningún rubro de OPEX clasificado como 'agua',,,,,CASO_ARTIFICIAL,,,agua
ART-ASSET-LIGHT,7923.425702,SIN_VALORES,CASO_PRUEBA_ARTIFICIAL_NO_ES_PROYECTO,,VAN,"NO_APLICA; OK | capex_frio: ningún activo de la clase ('FRIO',)",,,,,CASO_ARTIFICIAL,,,capex_frio
ART-ASSET-LIGHT,7923.425702,SIN_VALORES,CASO_PRUEBA_ARTIFICIAL_NO_ES_PROYECTO,,VAN,NO_APLICA; OK | electricidad: ningún rubro de OPEX clasificado como 'electricidad',,,,,CASO_ARTIFICIAL,,,electricidad
ART-ASSET-LIGHT,7923.425702,SIN_VALORES,CASO_PRUEBA_ARTIFICIAL_NO_ES_PROYECTO,,VAN,NO_APLICA; OK | gas: ningún rubro de OPEX clasificado como 'gas',,,,,CASO_ARTIFICIAL,,,gas
ART-ASSET-LIGHT,7923.425702,SIN_VALORES,CASO_PRUEBA_ARTIFICIAL_NO_ES_PROYECTO,,VAN,NO_APLICA; OK | logistica: ningún rubro de OPEX clasificado como 'logistica',,,,,CASO_ARTIFICIAL,,,logistica
ART-ASSET-LIGHT,7923.425702,SIN_VALORES,CASO_PRUEBA_ARTIFICIAL_NO_ES_PROYECTO,,VAN,NO_APLICA; OK | maiz: ningún rubro de OPEX clasificado como 'maiz',,,,,CASO_ARTIFICIAL,,,maiz
ART-ASSET-LIGHT,7923.425702,SIN_VALORES,CASO_PRUEBA_ARTIFICIAL_NO_ES_PROYECTO,,VAN,NO_APLICA; OK | mantenimiento: ningún rubro de OPEX clasificado como 'mantenimiento',,,,,CASO_ARTIFICIAL,,,mantenimiento
ART-ASSET-LIGHT,7923.425702,SIN_VALORES,CASO_PRUEBA_ARTIFICIAL_NO_ES_PROYECTO,,VAN,NO_APLICA; OK | packaging: ningún rubro de OPEX clasificado como 'packaging',,,,,CASO_ARTIFICIAL,,,packaging
ART-ASSET-LIGHT,7923.425702,SIN_VALORES,CASO_PRUEBA_ARTIFICIAL_NO_ES_PROYECTO,,VAN,NO_APLICA; OK | plazo_deuda: sin deuda en la estructura,,,,,CASO_ARTIFICIAL,,,plazo_deuda
ART-ASSET-LIGHT,7923.425702,SIN_VALORES,CASO_PRUEBA_ARTIFICIAL_NO_ES_PROYECTO,,VAN,NO_APLICA; OK | pollito: ningún rubro de OPEX clasificado como 'pollito',,,,,CASO_ARTIFICIAL,,,pollito
ART-ASSET-LIGHT,7923.425702,SIN_VALORES,CASO_PRUEBA_ARTIFICIAL_NO_ES_PROYECTO,,VAN,NO_APLICA; OK | precio_cortes: el escenario no tiene precios de este grupo,,,,,CASO_ARTIFICIAL,,,precio_cortes
ART-ASSET-LIGHT,7923.425702,SIN_VALORES,CASO_PRUEBA_ARTIFICIAL_NO_ES_PROYECTO,,VAN,NO_APLICA; OK | precio_menudencias: el escenario no tiene precios de este grupo,,,,,CASO_ARTIFICIAL,,,precio_menudencias
ART-ASSET-LIGHT,7923.425702,SIN_VALORES,CASO_PRUEBA_ARTIFICIAL_NO_ES_PROYECTO,,VAN,NO_APLICA; OK | precio_patas_garras: el escenario no tiene precios de este grupo,,,,,CASO_ARTIFICIAL,,,precio_patas_garras
ART-ASSET-LIGHT,7923.425702,SIN_VALORES,CASO_PRUEBA_ARTIFICIAL_NO_ES_PROYECTO,,VAN,NO_APLICA; OK | precio_subproductos: el escenario no tiene precios de este grupo,,,,,CASO_ARTIFICIAL,,,precio_subproductos
ART-ASSET-LIGHT,7923.425702,SIN_VALORES,CASO_PRUEBA_ARTIFICIAL_NO_ES_PROYECTO,,VAN,NO_APLICA; OK | soja: ningún rubro de OPEX clasificado como 'soja',,,,,CASO_ARTIFICIAL,,,soja
ART-ASSET-LIGHT,7923.425702,SIN_VALORES,CASO_PRUEBA_ARTIFICIAL_NO_ES_PROYECTO,,VAN,NO_APLICA; OK | tasa_deuda: sin deuda en la estructura,,,,,CASO_ARTIFICIAL,,,tasa_deuda
ART-ASSET-LIGHT,2400,OK,CASO_PRUEBA_ARTIFICIAL_NO_ES_PROYECTO,3600,EBITDA,,1,0.3,-0.3,7200,CASO_ARTIFICIAL,6000,-1200,precio_venta
ART-ASSET-LIGHT,2400,OK,CASO_PRUEBA_ARTIFICIAL_NO_ES_PROYECTO,3600,EBITDA,,2,0.3,-0.3,7200,CASO_ARTIFICIAL,6000,-1200,precio_pollo_entero
ART-ASSET-LIGHT,2400,OK,CASO_PRUEBA_ARTIFICIAL_NO_ES_PROYECTO,3857.142857,EBITDA,,3,0.3,-0.3,5934.065934,CASO_ARTIFICIAL,4476.923077,-1457.142857,eficiencia_linea
ART-ASSET-LIGHT,2400,OK,CASO_PRUEBA_ARTIFICIAL_NO_ES_PROYECTO,2520,EBITDA,,4,0.3,-0.3,3766.153846,CASO_ARTIFICIAL,3646.153846,-120,peso_vivo
ART-ASSET-LIGHT,2400,OK_PARCIAL,CASO_PRUEBA_ARTIFICIAL_NO_ES_PROYECTO,3600,EBITDA,3 shocks sin valor (no definidos / no aplicables),5,0,-0.3,3600,CASO_ARTIFICIAL,2400,-1200,rendimiento_faena
ART-ASSET-LIGHT,2400,OK,CASO_PRUEBA_ARTIFICIAL_NO_ES_PROYECTO,1620,EBITDA,,6,-0.3,0.3,3240,CASO_ARTIFICIAL,4020,780,facon
ART-ASSET-LIGHT,2400,OK,CASO_PRUEBA_ARTIFICIAL_NO_ES_PROYECTO,1080,EBITDA,,7,-0.3,0.3,2160,CASO_ARTIFICIAL,3480,1320,alimento
ART-ASSET-LIGHT,2400,OK,CASO_PRUEBA_ARTIFICIAL_NO_ES_PROYECTO,1080,EBITDA,,8,-0.3,0.3,2160,CASO_ARTIFICIAL,3480,1320,fcr
ART-ASSET-LIGHT,2400,OK,CASO_PRUEBA_ARTIFICIAL_NO_ES_PROYECTO,900,EBITDA,,9,0,-0.3,900,CASO_ARTIFICIAL,2400,1500,demanda
ART-ASSET-LIGHT,2400,OK,CASO_PRUEBA_ARTIFICIAL_NO_ES_PROYECTO,900,EBITDA,,10,0,-0.3,900,CASO_ARTIFICIAL,2400,1500,utilizacion
ART-ASSET-LIGHT,2400,OK,CASO_PRUEBA_ARTIFICIAL_NO_ES_PROYECTO,180,EBITDA,,11,-0.3,0.3,360,CASO_ARTIFICIAL,2580,2220,salarios
ART-ASSET-LIGHT,2400,OK,CASO_PRUEBA_ARTIFICIAL_NO_ES_PROYECTO,128.571429,EBITDA,,12,0.3,-0.3,197.802198,CASO_ARTIFICIAL,2469.230769,2271.428571,fx
ART-ASSET-LIGHT,2400,OK,CASO_PRUEBA_ARTIFICIAL_NO_ES_PROYECTO,36.363636,EBITDA,,13,-0.3,0.3,63.553969,CASO_ARTIFICIAL,2427.190332,2363.636364,condenas
ART-ASSET-LIGHT,2400,OK,CASO_PRUEBA_ARTIFICIAL_NO_ES_PROYECTO,0,EBITDA,,14,-0.3,-0.3,0,CASO_ARTIFICIAL,2400,2400,capex
ART-ASSET-LIGHT,2400,OK,CASO_PRUEBA_ARTIFICIAL_NO_ES_PROYECTO,0,EBITDA,,15,-0.3,-0.3,0,CASO_ARTIFICIAL,2400,2400,mortalidad
ART-ASSET-LIGHT,2400,OK,CASO_PRUEBA_ARTIFICIAL_NO_ES_PROYECTO,0,EBITDA,,16,-30,-30,0,CASO_ARTIFICIAL,2400,2400,dias_cobro
ART-ASSET-LIGHT,2400,OK,CASO_PRUEBA_ARTIFICIAL_NO_ES_PROYECTO,0,EBITDA,,17,-30,-30,0,CASO_ARTIFICIAL,2400,2400,dias_pago
ART-ASSET-LIGHT,2400,OK,CASO_PRUEBA_ARTIFICIAL_NO_ES_PROYECTO,0,EBITDA,,18,-0.3,-0.3,0,CASO_ARTIFICIAL,2400,2400,descuentos
ART-ASSET-LIGHT,2400,OK,CASO_PRUEBA_ARTIFICIAL_NO_ES_PROYECTO,0,EBITDA,,19,-0.3,-0.3,0,CASO_ARTIFICIAL,2400,2400,devoluciones
ART-ASSET-LIGHT,2400,OK,CASO_PRUEBA_ARTIFICIAL_NO_ES_PROYECTO,0,EBITDA,,20,-0.3,-0.3,0,CASO_ARTIFICIAL,2400,2400,tasa_descuento
ART-ASSET-LIGHT,2400,OK,CASO_PRUEBA_ARTIFICIAL_NO_ES_PROYECTO,0,EBITDA,,21,-0.3,-0.3,0,CASO_ARTIFICIAL,2400,2400,tasa_ganancias
ART-ASSET-LIGHT,2400,OK,CASO_PRUEBA_ARTIFICIAL_NO_ES_PROYECTO,0,EBITDA,,22,-0.3,-0.3,0,CASO_ARTIFICIAL,2400,2400,iibb
ART-ASSET-LIGHT,2400,OK,CASO_PRUEBA_ARTIFICIAL_NO_ES_PROYECTO,0,EBITDA,,23,-0.3,-0.3,0,CASO_ARTIFICIAL,2400,2400,rampup
ART-ASSET-LIGHT,2400,OK,CASO_PRUEBA_ARTIFICIAL_NO_ES_PROYECTO,0,EBITDA,,24,-0.3,-0.3,0,CASO_ARTIFICIAL,2400,2400,merma
ART-ASSET-LIGHT,2400,OK,CASO_PRUEBA_ARTIFICIAL_NO_ES_PROYECTO,0,EBITDA,,25,-0.3,-0.3,0,CASO_ARTIFICIAL,2400,2400,capex_equipos
ART-ASSET-LIGHT,2400,OK,CASO_PRUEBA_ARTIFICIAL_NO_ES_PROYECTO,0,EBITDA,,26,-0.3,-0.3,0,CASO_ARTIFICIAL,2400,2400,capex_obra
ART-ASSET-LIGHT,2400,SIN_VALORES,CASO_PRUEBA_ARTIFICIAL_NO_ES_PROYECTO,,EBITDA,NO_APLICA; OK | agua: ningún rubro de OPEX clasificado como 'agua',,,,,CASO_ARTIFICIAL,,,agua
ART-ASSET-LIGHT,2400,SIN_VALORES,CASO_PRUEBA_ARTIFICIAL_NO_ES_PROYECTO,,EBITDA,"NO_APLICA; OK | capex_frio: ningún activo de la clase ('FRIO',)",,,,,CASO_ARTIFICIAL,,,capex_frio
ART-ASSET-LIGHT,2400,SIN_VALORES,CASO_PRUEBA_ARTIFICIAL_NO_ES_PROYECTO,,EBITDA,NO_APLICA; OK | electricidad: ningún rubro de OPEX clasificado como 'electricidad',,,,,CASO_ARTIFICIAL,,,electricidad
ART-ASSET-LIGHT,2400,SIN_VALORES,CASO_PRUEBA_ARTIFICIAL_NO_ES_PROYECTO,,EBITDA,NO_APLICA; OK | gas: ningún rubro de OPEX clasificado como 'gas',,,,,CASO_ARTIFICIAL,,,gas
ART-ASSET-LIGHT,2400,SIN_VALORES,CASO_PRUEBA_ARTIFICIAL_NO_ES_PROYECTO,,EBITDA,NO_APLICA; OK | logistica: ningún rubro de OPEX clasificado como 'logistica',,,,,CASO_ARTIFICIAL,,,logistica
ART-ASSET-LIGHT,2400,SIN_VALORES,CASO_PRUEBA_ARTIFICIAL_NO_ES_PROYECTO,,EBITDA,NO_APLICA; OK | maiz: ningún rubro de OPEX clasificado como 'maiz',,,,,CASO_ARTIFICIAL,,,maiz
ART-ASSET-LIGHT,2400,SIN_VALORES,CASO_PRUEBA_ARTIFICIAL_NO_ES_PROYECTO,,EBITDA,NO_APLICA; OK | mantenimiento: ningún rubro de OPEX clasificado como 'mantenimiento',,,,,CASO_ARTIFICIAL,,,mantenimiento
ART-ASSET-LIGHT,2400,SIN_VALORES,CASO_PRUEBA_ARTIFICIAL_NO_ES_PROYECTO,,EBITDA,NO_APLICA; OK | packaging: ningún rubro de OPEX clasificado como 'packaging',,,,,CASO_ARTIFICIAL,,,packaging
ART-ASSET-LIGHT,2400,SIN_VALORES,CASO_PRUEBA_ARTIFICIAL_NO_ES_PROYECTO,,EBITDA,NO_APLICA; OK | plazo_deuda: sin deuda en la estructura,,,,,CASO_ARTIFICIAL,,,plazo_deuda
ART-ASSET-LIGHT,2400,SIN_VALORES,CASO_PRUEBA_ARTIFICIAL_NO_ES_PROYECTO,,EBITDA,NO_APLICA; OK | pollito: ningún rubro de OPEX clasificado como 'pollito',,,,,CASO_ARTIFICIAL,,,pollito
ART-ASSET-LIGHT,2400,SIN_VALORES,CASO_PRUEBA_ARTIFICIAL_NO_ES_PROYECTO,,EBITDA,NO_APLICA; OK | precio_cortes: el escenario no tiene precios de este grupo,,,,,CASO_ARTIFICIAL,,,precio_cortes
ART-ASSET-LIGHT,2400,SIN_VALORES,CASO_PRUEBA_ARTIFICIAL_NO_ES_PROYECTO,,EBITDA,NO_APLICA; OK | precio_menudencias: el escenario no tiene precios de este grupo,,,,,CASO_ARTIFICIAL,,,precio_menudencias
ART-ASSET-LIGHT,2400,SIN_VALORES,CASO_PRUEBA_ARTIFICIAL_NO_ES_PROYECTO,,EBITDA,NO_APLICA; OK | precio_patas_garras: el escenario no tiene precios de este grupo,,,,,CASO_ARTIFICIAL,,,precio_patas_garras
ART-ASSET-LIGHT,2400,SIN_VALORES,CASO_PRUEBA_ARTIFICIAL_NO_ES_PROYECTO,,EBITDA,NO_APLICA; OK | precio_subproductos: el escenario no tiene precios de este grupo,,,,,CASO_ARTIFICIAL,,,precio_subproductos
ART-ASSET-LIGHT,2400,SIN_VALORES,CASO_PRUEBA_ARTIFICIAL_NO_ES_PROYECTO,,EBITDA,NO_APLICA; OK | soja: ningún rubro de OPEX clasificado como 'soja',,,,,CASO_ARTIFICIAL,,,soja
ART-ASSET-LIGHT,2400,SIN_VALORES,CASO_PRUEBA_ARTIFICIAL_NO_ES_PROYECTO,,EBITDA,NO_APLICA; OK | tasa_deuda: sin deuda en la estructura,,,,,CASO_ARTIFICIAL,,,tasa_deuda
ART-ASSET-LIGHT,764.608508,OK,CASO_PRUEBA_ARTIFICIAL_NO_ES_PROYECTO,14836.569369,PICO_FONDOS,,1,-0.3,0.3,14920.096036,CASO_ARTIFICIAL,15601.177876,681.081841,eficiencia_linea
ART-ASSET-LIGHT,764.608508,OK,CASO_PRUEBA_ARTIFICIAL_NO_ES_PROYECTO,12083.818745,PICO_FONDOS,,2,-0.3,0.3,12120.6236,CASO_ARTIFICIAL,12848.427253,727.803653,precio_venta
ART-ASSET-LIGHT,764.608508,OK,CASO_PRUEBA_ARTIFICIAL_NO_ES_PROYECTO,12083.818745,PICO_FONDOS,,3,-0.3,0.3,12120.6236,CASO_ARTIFICIAL,12848.427253,727.803653,precio_pollo_entero
ART-ASSET-LIGHT,764.608508,OK_PARCIAL,CASO_PRUEBA_ARTIFICIAL_NO_ES_PROYECTO,12083.818745,PICO_FONDOS,3 shocks sin valor (no definidos / no aplicables),4,-0.3,0,12083.818745,CASO_ARTIFICIAL,12848.427253,764.608508,rendimiento_faena
ART-ASSET-LIGHT,764.608508,OK,CASO_PRUEBA_ARTIFICIAL_NO_ES_PROYECTO,1580.833886,PICO_FONDOS,,5,-0.3,0.1,1607.848786,CASO_ARTIFICIAL,2345.442394,737.593607,peso_vivo
ART-ASSET-LIGHT,764.608508,OK,CASO_PRUEBA_ARTIFICIAL_NO_ES_PROYECTO,781.150685,PICO_FONDOS,,6,30,-30,1045.759193,CASO_ARTIFICIAL,1545.759193,500,dias_cobro
ART-ASSET-LIGHT,764.608508,OK,CASO_PRUEBA_ARTIFICIAL_NO_ES_PROYECTO,336.121125,PICO_FONDOS,,7,-30,20,600.729632,CASO_ARTIFICIAL,1100.729632,500,dias_pago
ART-ASSET-LIGHT,764.608508,OK,CASO_PRUEBA_ARTIFICIAL_NO_ES_PROYECTO,360.386446,PICO_FONDOS,,8,0.3,-0.3,433.1913,CASO_ARTIFICIAL,1124.994953,691.803653,facon
ART-ASSET-LIGHT,764.608508,OK,CASO_PRUEBA_ARTIFICIAL_NO_ES_PROYECTO,150,PICO_FONDOS,,9,0.3,-0.3,300,CASO_ARTIFICIAL,914.608508,614.608508,capex
ART-ASSET-LIGHT,764.608508,OK,CASO_PRUEBA_ARTIFICIAL_NO_ES_PROYECTO,188.413843,PICO_FONDOS,,10,0.3,-0.3,248.547465,CASO_ARTIFICIAL,953.02235,704.474886,alimento
ART-ASSET-LIGHT,764.608508,OK,CASO_PRUEBA_ARTIFICIAL_NO_ES_PROYECTO,188.413843,PICO_FONDOS,,11,0.3,-0.3,248.547465,CASO_ARTIFICIAL,953.02235,704.474886,fcr
ART-ASSET-LIGHT,764.608508,OK,CASO_PRUEBA_ARTIFICIAL_NO_ES_PROYECTO,90,PICO_FONDOS,,12,0.3,-0.3,180,CASO_ARTIFICIAL,854.608508,674.608508,capex_equipos
ART-ASSET-LIGHT,764.608508,OK,CASO_PRUEBA_ARTIFICIAL_NO_ES_PROYECTO,60,PICO_FONDOS,,13,0.3,-0.3,120,CASO_ARTIFICIAL,824.608508,704.608508,capex_obra
ART-ASSET-LIGHT,764.608508,OK,CASO_PRUEBA_ARTIFICIAL_NO_ES_PROYECTO,52.60274,PICO_FONDOS,,14,0.3,-0.3,94.996635,CASO_ARTIFICIAL,817.211247,722.214612,salarios
ART-ASSET-LIGHT,764.608508,OK,CASO_PRUEBA_ARTIFICIAL_NO_ES_PROYECTO,37.573386,PICO_FONDOS,,15,-0.3,0.3,57.805208,CASO_ARTIFICIAL,802.181893,744.376685,fx
ART-ASSET-LIGHT,764.608508,OK,CASO_PRUEBA_ARTIFICIAL_NO_ES_PROYECTO,26.779813,PICO_FONDOS,,16,0.3,-0.3,53.331122,CASO_ARTIFICIAL,791.159817,737.828695,utilizacion
ART-ASSET-LIGHT,764.608508,OK,CASO_PRUEBA_ARTIFICIAL_NO_ES_PROYECTO,34.791156,PICO_FONDOS,,17,-0.1,-0.3,34.791156,CASO_ARTIFICIAL,764.608508,729.817352,demanda
ART-ASSET-LIGHT,764.608508,OK,CASO_PRUEBA_ARTIFICIAL_NO_ES_PROYECTO,23.333333,PICO_FONDOS,,18,-0.3,0.1,23.333333,CASO_ARTIFICIAL,764.608508,741.275174,rampup
ART-ASSET-LIGHT,764.608508,OK,CASO_PRUEBA_ARTIFICIAL_NO_ES_PROYECTO,9.032877,PICO_FONDOS,,19,0.3,-0.3,18.065753,CASO_ARTIFICIAL,773.641384,755.575631,merma
ART-ASSET-LIGHT,764.608508,OK,CASO_PRUEBA_ARTIFICIAL_NO_ES_PROYECTO,4.487422,PICO_FONDOS,,20,0.3,-0.3,8.974844,CASO_ARTIFICIAL,769.09593,760.121085,condenas
ART-ASSET-LIGHT,764.608508,OK,CASO_PRUEBA_ARTIFICIAL_NO_ES_PROYECTO,0,PICO_FONDOS,,21,-0.3,-0.3,0,CASO_ARTIFICIAL,764.608508,764.608508,mortalidad
ART-ASSET-LIGHT,764.608508,OK,CASO_PRUEBA_ARTIFICIAL_NO_ES_PROYECTO,0,PICO_FONDOS,,22,-0.3,-0.3,0,CASO_ARTIFICIAL,764.608508,764.608508,descuentos
ART-ASSET-LIGHT,764.608508,OK,CASO_PRUEBA_ARTIFICIAL_NO_ES_PROYECTO,0,PICO_FONDOS,,23,-0.3,-0.3,0,CASO_ARTIFICIAL,764.608508,764.608508,devoluciones
ART-ASSET-LIGHT,764.608508,OK,CASO_PRUEBA_ARTIFICIAL_NO_ES_PROYECTO,0,PICO_FONDOS,,24,-0.3,-0.3,0,CASO_ARTIFICIAL,764.608508,764.608508,tasa_descuento
ART-ASSET-LIGHT,764.608508,OK,CASO_PRUEBA_ARTIFICIAL_NO_ES_PROYECTO,0,PICO_FONDOS,,25,-0.3,-0.3,0,CASO_ARTIFICIAL,764.608508,764.608508,tasa_ganancias
ART-ASSET-LIGHT,764.608508,OK,CASO_PRUEBA_ARTIFICIAL_NO_ES_PROYECTO,0,PICO_FONDOS,,26,-0.3,-0.3,0,CASO_ARTIFICIAL,764.608508,764.608508,iibb
ART-ASSET-LIGHT,764.608508,SIN_VALORES,CASO_PRUEBA_ARTIFICIAL_NO_ES_PROYECTO,,PICO_FONDOS,NO_APLICA; OK | agua: ningún rubro de OPEX clasificado como 'agua',,,,,CASO_ARTIFICIAL,,,agua
ART-ASSET-LIGHT,764.608508,SIN_VALORES,CASO_PRUEBA_ARTIFICIAL_NO_ES_PROYECTO,,PICO_FONDOS,"NO_APLICA; OK | capex_frio: ningún activo de la clase ('FRIO',)",,,,,CASO_ARTIFICIAL,,,capex_frio
ART-ASSET-LIGHT,764.608508,SIN_VALORES,CASO_PRUEBA_ARTIFICIAL_NO_ES_PROYECTO,,PICO_FONDOS,NO_APLICA; OK | electricidad: ningún rubro de OPEX clasificado como 'electricidad',,,,,CASO_ARTIFICIAL,,,electricidad
ART-ASSET-LIGHT,764.608508,SIN_VALORES,CASO_PRUEBA_ARTIFICIAL_NO_ES_PROYECTO,,PICO_FONDOS,NO_APLICA; OK | gas: ningún rubro de OPEX clasificado como 'gas',,,,,CASO_ARTIFICIAL,,,gas
ART-ASSET-LIGHT,764.608508,SIN_VALORES,CASO_PRUEBA_ARTIFICIAL_NO_ES_PROYECTO,,PICO_FONDOS,NO_APLICA; OK | logistica: ningún rubro de OPEX clasificado como 'logistica',,,,,CASO_ARTIFICIAL,,,logistica
ART-ASSET-LIGHT,764.608508,SIN_VALORES,CASO_PRUEBA_ARTIFICIAL_NO_ES_PROYECTO,,PICO_FONDOS,NO_APLICA; OK | maiz: ningún rubro de OPEX clasificado como 'maiz',,,,,CASO_ARTIFICIAL,,,maiz
ART-ASSET-LIGHT,764.608508,SIN_VALORES,CASO_PRUEBA_ARTIFICIAL_NO_ES_PROYECTO,,PICO_FONDOS,NO_APLICA; OK | mantenimiento: ningún rubro de OPEX clasificado como 'mantenimiento',,,,,CASO_ARTIFICIAL,,,mantenimiento
ART-ASSET-LIGHT,764.608508,SIN_VALORES,CASO_PRUEBA_ARTIFICIAL_NO_ES_PROYECTO,,PICO_FONDOS,NO_APLICA; OK | packaging: ningún rubro de OPEX clasificado como 'packaging',,,,,CASO_ARTIFICIAL,,,packaging
ART-ASSET-LIGHT,764.608508,SIN_VALORES,CASO_PRUEBA_ARTIFICIAL_NO_ES_PROYECTO,,PICO_FONDOS,NO_APLICA; OK | plazo_deuda: sin deuda en la estructura,,,,,CASO_ARTIFICIAL,,,plazo_deuda
ART-ASSET-LIGHT,764.608508,SIN_VALORES,CASO_PRUEBA_ARTIFICIAL_NO_ES_PROYECTO,,PICO_FONDOS,NO_APLICA; OK | pollito: ningún rubro de OPEX clasificado como 'pollito',,,,,CASO_ARTIFICIAL,,,pollito
ART-ASSET-LIGHT,764.608508,SIN_VALORES,CASO_PRUEBA_ARTIFICIAL_NO_ES_PROYECTO,,PICO_FONDOS,NO_APLICA; OK | precio_cortes: el escenario no tiene precios de este grupo,,,,,CASO_ARTIFICIAL,,,precio_cortes
ART-ASSET-LIGHT,764.608508,SIN_VALORES,CASO_PRUEBA_ARTIFICIAL_NO_ES_PROYECTO,,PICO_FONDOS,NO_APLICA; OK | precio_menudencias: el escenario no tiene precios de este grupo,,,,,CASO_ARTIFICIAL,,,precio_menudencias
ART-ASSET-LIGHT,764.608508,SIN_VALORES,CASO_PRUEBA_ARTIFICIAL_NO_ES_PROYECTO,,PICO_FONDOS,NO_APLICA; OK | precio_patas_garras: el escenario no tiene precios de este grupo,,,,,CASO_ARTIFICIAL,,,precio_patas_garras
ART-ASSET-LIGHT,764.608508,SIN_VALORES,CASO_PRUEBA_ARTIFICIAL_NO_ES_PROYECTO,,PICO_FONDOS,NO_APLICA; OK | precio_subproductos: el escenario no tiene precios de este grupo,,,,,CASO_ARTIFICIAL,,,precio_subproductos
ART-ASSET-LIGHT,764.608508,SIN_VALORES,CASO_PRUEBA_ARTIFICIAL_NO_ES_PROYECTO,,PICO_FONDOS,NO_APLICA; OK | soja: ningún rubro de OPEX clasificado como 'soja',,,,,CASO_ARTIFICIAL,,,soja
ART-ASSET-LIGHT,764.608508,SIN_VALORES,CASO_PRUEBA_ARTIFICIAL_NO_ES_PROYECTO,,PICO_FONDOS,NO_APLICA; OK | tasa_deuda: sin deuda en la estructura,,,,,CASO_ARTIFICIAL,,,tasa_deuda
ART-ASSET-LIGHT,1.057314,OK,CASO_PRUEBA_ARTIFICIAL_NO_ES_PROYECTO,1.545731,PAYBACK,,1,0.3,-0.3,2.188112,CASO_ARTIFICIAL,2.603045,0.414933,facon
ART-ASSET-LIGHT,1.057314,OK_PARCIAL,CASO_PRUEBA_ARTIFICIAL_NO_ES_PROYECTO,1.449064,PAYBACK,1 shocks sin valor (no definidos / no aplicables),2,-0.2,0.3,2.102876,CASO_ARTIFICIAL,2.506378,0.403502,peso_vivo
ART-ASSET-LIGHT,1.057314,OK_PARCIAL,CASO_PRUEBA_ARTIFICIAL_NO_ES_PROYECTO,0.802812,PAYBACK,2 shocks sin valor (no definidos / no aplicables),3,-0.1,0.3,1.467997,CASO_ARTIFICIAL,1.722499,0.254502,precio_venta
ART-ASSET-LIGHT,1.057314,OK_PARCIAL,CASO_PRUEBA_ARTIFICIAL_NO_ES_PROYECTO,0.802812,PAYBACK,2 shocks sin valor (no definidos / no aplicables),4,-0.1,0.3,1.467997,CASO_ARTIFICIAL,1.722499,0.254502,precio_pollo_entero
ART-ASSET-LIGHT,1.057314,OK,CASO_PRUEBA_ARTIFICIAL_NO_ES_PROYECTO,0.697383,PAYBACK,,5,30,-30,1.279271,CASO_ARTIFICIAL,1.639202,0.359931,dias_cobro
ART-ASSET-LIGHT,1.057314,OK_PARCIAL,CASO_PRUEBA_ARTIFICIAL_NO_ES_PROYECTO,0.707972,PAYBACK,2 shocks sin valor (no definidos / no aplicables),6,-0.1,0.3,1.245943,CASO_ARTIFICIAL,1.595284,0.349341,eficiencia_linea
ART-ASSET-LIGHT,1.057314,OK,CASO_PRUEBA_ARTIFICIAL_NO_ES_PROYECTO,0.615659,PAYBACK,,7,0.3,-0.3,1.139712,CASO_ARTIFICIAL,1.672972,0.533261,alimento
ART-ASSET-LIGHT,1.057314,OK,CASO_PRUEBA_ARTIFICIAL_NO_ES_PROYECTO,0.615659,PAYBACK,,8,0.3,-0.3,1.139712,CASO_ARTIFICIAL,1.672972,0.533261,fcr
ART-ASSET-LIGHT,1.057314,OK,CASO_PRUEBA_ARTIFICIAL_NO_ES_PROYECTO,0.637813,PAYBACK,,9,-30,30,0.870569,CASO_ARTIFICIAL,1.290069,0.4195,dias_pago
ART-ASSET-LIGHT,1.057314,OK_PARCIAL,CASO_PRUEBA_ARTIFICIAL_NO_ES_PROYECTO,0.665185,PAYBACK,5 shocks sin valor (no definidos / no aplicables),10,-0.1,0,0.665185,CASO_ARTIFICIAL,1.722499,1.057314,rendimiento_faena
ART-ASSET-LIGHT,1.057314,OK,CASO_PRUEBA_ARTIFICIAL_NO_ES_PROYECTO,0.245015,PAYBACK,,11,-0.3,0.3,0.364725,CASO_ARTIFICIAL,1.302329,0.937604,utilizacion
ART-ASSET-LIGHT,1.057314,OK,CASO_PRUEBA_ARTIFICIAL_NO_ES_PROYECTO,0.179523,PAYBACK,,12,0.3,-0.3,0.265205,CASO_ARTIFICIAL,1.142996,0.877791,capex
ART-ASSET-LIGHT,1.057314,OK,CASO_PRUEBA_ARTIFICIAL_NO_ES_PROYECTO,0.104646,PAYBACK,,13,0.3,-0.3,0.195048,CASO_ARTIFICIAL,1.147715,0.952668,tasa_ganancias
ART-ASSET-LIGHT,1.057314,OK,CASO_PRUEBA_ARTIFICIAL_NO_ES_PROYECTO,0.078756,PAYBACK,,14,0.3,-0.3,0.152258,CASO_ARTIFICIAL,1.130815,0.978558,salarios
ART-ASSET-LIGHT,1.057314,OK,CASO_PRUEBA_ARTIFICIAL_NO_ES_PROYECTO,0.109954,PAYBACK,,15,0.2,-0.3,0.146948,CASO_ARTIFICIAL,1.167268,1.020319,rampup
ART-ASSET-LIGHT,1.057314,OK,CASO_PRUEBA_ARTIFICIAL_NO_ES_PROYECTO,0.143483,PAYBACK,,16,-0.3,0,0.143483,CASO_ARTIFICIAL,1.200796,1.057314,demanda
ART-ASSET-LIGHT,1.057314,OK,CASO_PRUEBA_ARTIFICIAL_NO_ES_PROYECTO,0.051628,PAYBACK,,17,0.3,-0.3,0.103092,CASO_ARTIFICIAL,1.108778,1.005686,capex_equipos
ART-ASSET-LIGHT,1.057314,OK,CASO_PRUEBA_ARTIFICIAL_NO_ES_PROYECTO,0.051324,PAYBACK,,18,-0.3,0.3,0.076765,CASO_ARTIFICIAL,1.108637,1.031873,fx
ART-ASSET-LIGHT,1.057314,OK,CASO_PRUEBA_ARTIFICIAL_NO_ES_PROYECTO,0.0344,PAYBACK,,19,0.3,-0.3,0.068728,CASO_ARTIFICIAL,1.091641,1.022913,capex_obra
ART-ASSET-LIGHT,1.057314,OK,CASO_PRUEBA_ARTIFICIAL_NO_ES_PROYECTO,0.010323,PAYBACK,,20,0.3,-0.3,0.019694,CASO_ARTIFICIAL,1.067636,1.047943,condenas
ART-ASSET-LIGHT,1.057314,OK,CASO_PRUEBA_ARTIFICIAL_NO_ES_PROYECTO,0.00669,PAYBACK,,21,0.3,-0.3,0.013381,CASO_ARTIFICIAL,1.064004,1.050623,merma
ART-ASSET-LIGHT,1.057314,OK,CASO_PRUEBA_ARTIFICIAL_NO_ES_PROYECTO,0,PAYBACK,,22,-0.3,-0.3,0,CASO_ARTIFICIAL,1.057314,1.057314,mortalidad
ART-ASSET-LIGHT,1.057314,OK,CASO_PRUEBA_ARTIFICIAL_NO_ES_PROYECTO,0,PAYBACK,,23,-0.3,-0.3,0,CASO_ARTIFICIAL,1.057314,1.057314,descuentos
ART-ASSET-LIGHT,1.057314,OK,CASO_PRUEBA_ARTIFICIAL_NO_ES_PROYECTO,0,PAYBACK,,24,-0.3,-0.3,0,CASO_ARTIFICIAL,1.057314,1.057314,devoluciones
ART-ASSET-LIGHT,1.057314,OK,CASO_PRUEBA_ARTIFICIAL_NO_ES_PROYECTO,0,PAYBACK,,25,-0.3,-0.3,0,CASO_ARTIFICIAL,1.057314,1.057314,tasa_descuento
ART-ASSET-LIGHT,1.057314,OK,CASO_PRUEBA_ARTIFICIAL_NO_ES_PROYECTO,0,PAYBACK,,26,-0.3,-0.3,0,CASO_ARTIFICIAL,1.057314,1.057314,iibb
ART-ASSET-LIGHT,1.057314,SIN_VALORES,CASO_PRUEBA_ARTIFICIAL_NO_ES_PROYECTO,,PAYBACK,NO_APLICA; OK | agua: ningún rubro de OPEX clasificado como 'agua',,,,,CASO_ARTIFICIAL,,,agua
ART-ASSET-LIGHT,1.057314,SIN_VALORES,CASO_PRUEBA_ARTIFICIAL_NO_ES_PROYECTO,,PAYBACK,"NO_APLICA; OK | capex_frio: ningún activo de la clase ('FRIO',)",,,,,CASO_ARTIFICIAL,,,capex_frio
ART-ASSET-LIGHT,1.057314,SIN_VALORES,CASO_PRUEBA_ARTIFICIAL_NO_ES_PROYECTO,,PAYBACK,NO_APLICA; OK | electricidad: ningún rubro de OPEX clasificado como 'electricidad',,,,,CASO_ARTIFICIAL,,,electricidad
ART-ASSET-LIGHT,1.057314,SIN_VALORES,CASO_PRUEBA_ARTIFICIAL_NO_ES_PROYECTO,,PAYBACK,NO_APLICA; OK | gas: ningún rubro de OPEX clasificado como 'gas',,,,,CASO_ARTIFICIAL,,,gas
ART-ASSET-LIGHT,1.057314,SIN_VALORES,CASO_PRUEBA_ARTIFICIAL_NO_ES_PROYECTO,,PAYBACK,NO_APLICA; OK | logistica: ningún rubro de OPEX clasificado como 'logistica',,,,,CASO_ARTIFICIAL,,,logistica
ART-ASSET-LIGHT,1.057314,SIN_VALORES,CASO_PRUEBA_ARTIFICIAL_NO_ES_PROYECTO,,PAYBACK,NO_APLICA; OK | maiz: ningún rubro de OPEX clasificado como 'maiz',,,,,CASO_ARTIFICIAL,,,maiz
ART-ASSET-LIGHT,1.057314,SIN_VALORES,CASO_PRUEBA_ARTIFICIAL_NO_ES_PROYECTO,,PAYBACK,NO_APLICA; OK | mantenimiento: ningún rubro de OPEX clasificado como 'mantenimiento',,,,,CASO_ARTIFICIAL,,,mantenimiento
ART-ASSET-LIGHT,1.057314,SIN_VALORES,CASO_PRUEBA_ARTIFICIAL_NO_ES_PROYECTO,,PAYBACK,NO_APLICA; OK | packaging: ningún rubro de OPEX clasificado como 'packaging',,,,,CASO_ARTIFICIAL,,,packaging
ART-ASSET-LIGHT,1.057314,SIN_VALORES,CASO_PRUEBA_ARTIFICIAL_NO_ES_PROYECTO,,PAYBACK,NO_APLICA; OK | plazo_deuda: sin deuda en la estructura,,,,,CASO_ARTIFICIAL,,,plazo_deuda
ART-ASSET-LIGHT,1.057314,SIN_VALORES,CASO_PRUEBA_ARTIFICIAL_NO_ES_PROYECTO,,PAYBACK,NO_APLICA; OK | pollito: ningún rubro de OPEX clasificado como 'pollito',,,,,CASO_ARTIFICIAL,,,pollito
ART-ASSET-LIGHT,1.057314,SIN_VALORES,CASO_PRUEBA_ARTIFICIAL_NO_ES_PROYECTO,,PAYBACK,NO_APLICA; OK | precio_cortes: el escenario no tiene precios de este grupo,,,,,CASO_ARTIFICIAL,,,precio_cortes
ART-ASSET-LIGHT,1.057314,SIN_VALORES,CASO_PRUEBA_ARTIFICIAL_NO_ES_PROYECTO,,PAYBACK,NO_APLICA; OK | precio_menudencias: el escenario no tiene precios de este grupo,,,,,CASO_ARTIFICIAL,,,precio_menudencias
ART-ASSET-LIGHT,1.057314,SIN_VALORES,CASO_PRUEBA_ARTIFICIAL_NO_ES_PROYECTO,,PAYBACK,NO_APLICA; OK | precio_patas_garras: el escenario no tiene precios de este grupo,,,,,CASO_ARTIFICIAL,,,precio_patas_garras
ART-ASSET-LIGHT,1.057314,SIN_VALORES,CASO_PRUEBA_ARTIFICIAL_NO_ES_PROYECTO,,PAYBACK,NO_APLICA; OK | precio_subproductos: el escenario no tiene precios de este grupo,,,,,CASO_ARTIFICIAL,,,precio_subproductos
ART-ASSET-LIGHT,1.057314,SIN_VALORES,CASO_PRUEBA_ARTIFICIAL_NO_ES_PROYECTO,,PAYBACK,NO_APLICA; OK | soja: ningún rubro de OPEX clasificado como 'soja',,,,,CASO_ARTIFICIAL,,,soja
ART-ASSET-LIGHT,1.057314,SIN_VALORES,CASO_PRUEBA_ARTIFICIAL_NO_ES_PROYECTO,,PAYBACK,NO_APLICA; OK | tasa_deuda: sin deuda en la estructura,,,,,CASO_ARTIFICIAL,,,tasa_deuda
ART-ASSET-LIGHT,,NO_CALCULABLE,CASO_PRUEBA_ARTIFICIAL_NO_ES_PROYECTO,,DSCR,DSCR no publicable en la base: no se fabrica ranking,,,,,CASO_ARTIFICIAL,,,agua
ART-ASSET-LIGHT,,NO_CALCULABLE,CASO_PRUEBA_ARTIFICIAL_NO_ES_PROYECTO,,DSCR,DSCR no publicable en la base: no se fabrica ranking,,,,,CASO_ARTIFICIAL,,,alimento
ART-ASSET-LIGHT,,NO_CALCULABLE,CASO_PRUEBA_ARTIFICIAL_NO_ES_PROYECTO,,DSCR,DSCR no publicable en la base: no se fabrica ranking,,,,,CASO_ARTIFICIAL,,,capex
ART-ASSET-LIGHT,,NO_CALCULABLE,CASO_PRUEBA_ARTIFICIAL_NO_ES_PROYECTO,,DSCR,DSCR no publicable en la base: no se fabrica ranking,,,,,CASO_ARTIFICIAL,,,capex_equipos
ART-ASSET-LIGHT,,NO_CALCULABLE,CASO_PRUEBA_ARTIFICIAL_NO_ES_PROYECTO,,DSCR,DSCR no publicable en la base: no se fabrica ranking,,,,,CASO_ARTIFICIAL,,,capex_frio
ART-ASSET-LIGHT,,NO_CALCULABLE,CASO_PRUEBA_ARTIFICIAL_NO_ES_PROYECTO,,DSCR,DSCR no publicable en la base: no se fabrica ranking,,,,,CASO_ARTIFICIAL,,,capex_obra
ART-ASSET-LIGHT,,NO_CALCULABLE,CASO_PRUEBA_ARTIFICIAL_NO_ES_PROYECTO,,DSCR,DSCR no publicable en la base: no se fabrica ranking,,,,,CASO_ARTIFICIAL,,,condenas
ART-ASSET-LIGHT,,NO_CALCULABLE,CASO_PRUEBA_ARTIFICIAL_NO_ES_PROYECTO,,DSCR,DSCR no publicable en la base: no se fabrica ranking,,,,,CASO_ARTIFICIAL,,,demanda
ART-ASSET-LIGHT,,NO_CALCULABLE,CASO_PRUEBA_ARTIFICIAL_NO_ES_PROYECTO,,DSCR,DSCR no publicable en la base: no se fabrica ranking,,,,,CASO_ARTIFICIAL,,,descuentos
ART-ASSET-LIGHT,,NO_CALCULABLE,CASO_PRUEBA_ARTIFICIAL_NO_ES_PROYECTO,,DSCR,DSCR no publicable en la base: no se fabrica ranking,,,,,CASO_ARTIFICIAL,,,devoluciones
ART-ASSET-LIGHT,,NO_CALCULABLE,CASO_PRUEBA_ARTIFICIAL_NO_ES_PROYECTO,,DSCR,DSCR no publicable en la base: no se fabrica ranking,,,,,CASO_ARTIFICIAL,,,dias_cobro
ART-ASSET-LIGHT,,NO_CALCULABLE,CASO_PRUEBA_ARTIFICIAL_NO_ES_PROYECTO,,DSCR,DSCR no publicable en la base: no se fabrica ranking,,,,,CASO_ARTIFICIAL,,,dias_pago
ART-ASSET-LIGHT,,NO_CALCULABLE,CASO_PRUEBA_ARTIFICIAL_NO_ES_PROYECTO,,DSCR,DSCR no publicable en la base: no se fabrica ranking,,,,,CASO_ARTIFICIAL,,,eficiencia_linea
ART-ASSET-LIGHT,,NO_CALCULABLE,CASO_PRUEBA_ARTIFICIAL_NO_ES_PROYECTO,,DSCR,DSCR no publicable en la base: no se fabrica ranking,,,,,CASO_ARTIFICIAL,,,electricidad
ART-ASSET-LIGHT,,NO_CALCULABLE,CASO_PRUEBA_ARTIFICIAL_NO_ES_PROYECTO,,DSCR,DSCR no publicable en la base: no se fabrica ranking,,,,,CASO_ARTIFICIAL,,,facon
ART-ASSET-LIGHT,,NO_CALCULABLE,CASO_PRUEBA_ARTIFICIAL_NO_ES_PROYECTO,,DSCR,DSCR no publicable en la base: no se fabrica ranking,,,,,CASO_ARTIFICIAL,,,fcr
ART-ASSET-LIGHT,,NO_CALCULABLE,CASO_PRUEBA_ARTIFICIAL_NO_ES_PROYECTO,,DSCR,DSCR no publicable en la base: no se fabrica ranking,,,,,CASO_ARTIFICIAL,,,fx
ART-ASSET-LIGHT,,NO_CALCULABLE,CASO_PRUEBA_ARTIFICIAL_NO_ES_PROYECTO,,DSCR,DSCR no publicable en la base: no se fabrica ranking,,,,,CASO_ARTIFICIAL,,,gas
ART-ASSET-LIGHT,,NO_CALCULABLE,CASO_PRUEBA_ARTIFICIAL_NO_ES_PROYECTO,,DSCR,DSCR no publicable en la base: no se fabrica ranking,,,,,CASO_ARTIFICIAL,,,iibb
ART-ASSET-LIGHT,,NO_CALCULABLE,CASO_PRUEBA_ARTIFICIAL_NO_ES_PROYECTO,,DSCR,DSCR no publicable en la base: no se fabrica ranking,,,,,CASO_ARTIFICIAL,,,logistica
ART-ASSET-LIGHT,,NO_CALCULABLE,CASO_PRUEBA_ARTIFICIAL_NO_ES_PROYECTO,,DSCR,DSCR no publicable en la base: no se fabrica ranking,,,,,CASO_ARTIFICIAL,,,maiz
ART-ASSET-LIGHT,,NO_CALCULABLE,CASO_PRUEBA_ARTIFICIAL_NO_ES_PROYECTO,,DSCR,DSCR no publicable en la base: no se fabrica ranking,,,,,CASO_ARTIFICIAL,,,mantenimiento
ART-ASSET-LIGHT,,NO_CALCULABLE,CASO_PRUEBA_ARTIFICIAL_NO_ES_PROYECTO,,DSCR,DSCR no publicable en la base: no se fabrica ranking,,,,,CASO_ARTIFICIAL,,,merma
ART-ASSET-LIGHT,,NO_CALCULABLE,CASO_PRUEBA_ARTIFICIAL_NO_ES_PROYECTO,,DSCR,DSCR no publicable en la base: no se fabrica ranking,,,,,CASO_ARTIFICIAL,,,mortalidad
ART-ASSET-LIGHT,,NO_CALCULABLE,CASO_PRUEBA_ARTIFICIAL_NO_ES_PROYECTO,,DSCR,DSCR no publicable en la base: no se fabrica ranking,,,,,CASO_ARTIFICIAL,,,packaging
ART-ASSET-LIGHT,,NO_CALCULABLE,CASO_PRUEBA_ARTIFICIAL_NO_ES_PROYECTO,,DSCR,DSCR no publicable en la base: no se fabrica ranking,,,,,CASO_ARTIFICIAL,,,peso_vivo
ART-ASSET-LIGHT,,NO_CALCULABLE,CASO_PRUEBA_ARTIFICIAL_NO_ES_PROYECTO,,DSCR,DSCR no publicable en la base: no se fabrica ranking,,,,,CASO_ARTIFICIAL,,,plazo_deuda
ART-ASSET-LIGHT,,NO_CALCULABLE,CASO_PRUEBA_ARTIFICIAL_NO_ES_PROYECTO,,DSCR,DSCR no publicable en la base: no se fabrica ranking,,,,,CASO_ARTIFICIAL,,,pollito
ART-ASSET-LIGHT,,NO_CALCULABLE,CASO_PRUEBA_ARTIFICIAL_NO_ES_PROYECTO,,DSCR,DSCR no publicable en la base: no se fabrica ranking,,,,,CASO_ARTIFICIAL,,,precio_cortes
ART-ASSET-LIGHT,,NO_CALCULABLE,CASO_PRUEBA_ARTIFICIAL_NO_ES_PROYECTO,,DSCR,DSCR no publicable en la base: no se fabrica ranking,,,,,CASO_ARTIFICIAL,,,precio_menudencias
ART-ASSET-LIGHT,,NO_CALCULABLE,CASO_PRUEBA_ARTIFICIAL_NO_ES_PROYECTO,,DSCR,DSCR no publicable en la base: no se fabrica ranking,,,,,CASO_ARTIFICIAL,,,precio_patas_garras
ART-ASSET-LIGHT,,NO_CALCULABLE,CASO_PRUEBA_ARTIFICIAL_NO_ES_PROYECTO,,DSCR,DSCR no publicable en la base: no se fabrica ranking,,,,,CASO_ARTIFICIAL,,,precio_pollo_entero
ART-ASSET-LIGHT,,NO_CALCULABLE,CASO_PRUEBA_ARTIFICIAL_NO_ES_PROYECTO,,DSCR,DSCR no publicable en la base: no se fabrica ranking,,,,,CASO_ARTIFICIAL,,,precio_subproductos
ART-ASSET-LIGHT,,NO_CALCULABLE,CASO_PRUEBA_ARTIFICIAL_NO_ES_PROYECTO,,DSCR,DSCR no publicable en la base: no se fabrica ranking,,,,,CASO_ARTIFICIAL,,,precio_venta
ART-ASSET-LIGHT,,NO_CALCULABLE,CASO_PRUEBA_ARTIFICIAL_NO_ES_PROYECTO,,DSCR,DSCR no publicable en la base: no se fabrica ranking,,,,,CASO_ARTIFICIAL,,,rampup
ART-ASSET-LIGHT,,NO_CALCULABLE,CASO_PRUEBA_ARTIFICIAL_NO_ES_PROYECTO,,DSCR,DSCR no publicable en la base: no se fabrica ranking,,,,,CASO_ARTIFICIAL,,,rendimiento_faena
ART-ASSET-LIGHT,,NO_CALCULABLE,CASO_PRUEBA_ARTIFICIAL_NO_ES_PROYECTO,,DSCR,DSCR no publicable en la base: no se fabrica ranking,,,,,CASO_ARTIFICIAL,,,salarios
ART-ASSET-LIGHT,,NO_CALCULABLE,CASO_PRUEBA_ARTIFICIAL_NO_ES_PROYECTO,,DSCR,DSCR no publicable en la base: no se fabrica ranking,,,,,CASO_ARTIFICIAL,,,soja
ART-ASSET-LIGHT,,NO_CALCULABLE,CASO_PRUEBA_ARTIFICIAL_NO_ES_PROYECTO,,DSCR,DSCR no publicable en la base: no se fabrica ranking,,,,,CASO_ARTIFICIAL,,,tasa_descuento
ART-ASSET-LIGHT,,NO_CALCULABLE,CASO_PRUEBA_ARTIFICIAL_NO_ES_PROYECTO,,DSCR,DSCR no publicable en la base: no se fabrica ranking,,,,,CASO_ARTIFICIAL,,,tasa_deuda
ART-ASSET-LIGHT,,NO_CALCULABLE,CASO_PRUEBA_ARTIFICIAL_NO_ES_PROYECTO,,DSCR,DSCR no publicable en la base: no se fabrica ranking,,,,,CASO_ARTIFICIAL,,,tasa_ganancias
ART-ASSET-LIGHT,,NO_CALCULABLE,CASO_PRUEBA_ARTIFICIAL_NO_ES_PROYECTO,,DSCR,DSCR no publicable en la base: no se fabrica ranking,,,,,CASO_ARTIFICIAL,,,utilizacion
ART-PLANTA-CHICA,7159.93916,OK,CASO_PRUEBA_ARTIFICIAL_NO_ES_PROYECTO,12937.578733,VAN,,1,0.3,-0.3,25388.965513,CASO_ARTIFICIAL,19611.32594,-5777.639573,precio_venta
ART-PLANTA-CHICA,7159.93916,OK,CASO_PRUEBA_ARTIFICIAL_NO_ES_PROYECTO,12937.578733,VAN,,2,0.3,-0.3,25388.965513,CASO_ARTIFICIAL,19611.32594,-5777.639573,precio_pollo_entero
ART-PLANTA-CHICA,7159.93916,OK,CASO_PRUEBA_ARTIFICIAL_NO_ES_PROYECTO,8593.351697,VAN,,3,0.3,-0.3,13213.598863,CASO_ARTIFICIAL,11780.186326,-1433.412537,eficiencia_linea
ART-PLANTA-CHICA,7159.93916,OK_PARCIAL,CASO_PRUEBA_ARTIFICIAL_NO_ES_PROYECTO,12937.578733,VAN,3 shocks sin valor (no definidos / no aplicables),4,0,-0.3,12937.578733,CASO_ARTIFICIAL,7159.93916,-5777.639573,rendimiento_faena
ART-PLANTA-CHICA,7159.93916,OK,CASO_PRUEBA_ARTIFICIAL_NO_ES_PROYECTO,8668.599526,VAN,,5,0.3,-0.3,10705.289425,CASO_ARTIFICIAL,9196.62906,-1508.660366,peso_vivo
ART-PLANTA-CHICA,7159.93916,OK,CASO_PRUEBA_ARTIFICIAL_NO_ES_PROYECTO,3793.466094,VAN,,6,-0.3,0.3,7586.932188,CASO_ARTIFICIAL,10953.405254,3366.473066,alimento
ART-PLANTA-CHICA,7159.93916,OK,CASO_PRUEBA_ARTIFICIAL_NO_ES_PROYECTO,3793.466094,VAN,,7,-0.3,0.3,7586.932188,CASO_ARTIFICIAL,10953.405254,3366.473066,fcr
ART-PLANTA-CHICA,7159.93916,OK,CASO_PRUEBA_ARTIFICIAL_NO_ES_PROYECTO,6449.426753,VAN,,8,0.3,-0.3,6746.400037,CASO_ARTIFICIAL,7456.912444,710.512407,utilizacion
ART-PLANTA-CHICA,7159.93916,OK,CASO_PRUEBA_ARTIFICIAL_NO_ES_PROYECTO,6193.025388,VAN,,9,0,-0.3,6193.025388,CASO_ARTIFICIAL,7159.93916,966.913772,demanda
ART-PLANTA-CHICA,7159.93916,OK,CASO_PRUEBA_ARTIFICIAL_NO_ES_PROYECTO,2892.819863,VAN,,10,-0.3,0.3,5167.691771,CASO_ARTIFICIAL,10052.759023,4885.067252,tasa_descuento
ART-PLANTA-CHICA,7159.93916,OK,CASO_PRUEBA_ARTIFICIAL_NO_ES_PROYECTO,2025.326799,VAN,,11,-0.3,0.3,4050.653598,CASO_ARTIFICIAL,9185.265959,5134.612361,capex
ART-PLANTA-CHICA,7159.93916,OK,CASO_PRUEBA_ARTIFICIAL_NO_ES_PROYECTO,1947.220215,VAN,,12,-0.3,0.3,3894.440429,CASO_ARTIFICIAL,9107.159375,5212.718945,salarios
ART-PLANTA-CHICA,7159.93916,OK,CASO_PRUEBA_ARTIFICIAL_NO_ES_PROYECTO,1896.733047,VAN,,13,-0.3,0.3,3793.466094,CASO_ARTIFICIAL,9056.672207,5263.206113,pollito
ART-PLANTA-CHICA,7159.93916,OK,CASO_PRUEBA_ARTIFICIAL_NO_ES_PROYECTO,1488.245032,VAN,,14,-0.3,0.3,2976.490065,CASO_ARTIFICIAL,8648.184192,5671.694128,tasa_ganancias
ART-PLANTA-CHICA,7159.93916,OK,CASO_PRUEBA_ARTIFICIAL_NO_ES_PROYECTO,1215.196079,VAN,,15,-0.3,0.3,2430.392159,CASO_ARTIFICIAL,8375.135239,5944.743081,capex_equipos
ART-PLANTA-CHICA,7159.93916,OK,CASO_PRUEBA_ARTIFICIAL_NO_ES_PROYECTO,1390.871582,VAN,,16,0.3,-0.3,2139.802434,CASO_ARTIFICIAL,7908.870012,5769.067578,fx
ART-PLANTA-CHICA,7159.93916,OK,CASO_PRUEBA_ARTIFICIAL_NO_ES_PROYECTO,861.000839,VAN,,17,-30,30,1722.001677,CASO_ARTIFICIAL,8020.939999,6298.938321,dias_cobro
ART-PLANTA-CHICA,7159.93916,OK,CASO_PRUEBA_ARTIFICIAL_NO_ES_PROYECTO,810.13072,VAN,,18,-0.3,0.3,1620.261439,CASO_ARTIFICIAL,7970.06988,6349.80844,capex_obra
ART-PLANTA-CHICA,7159.93916,OK,CASO_PRUEBA_ARTIFICIAL_NO_ES_PROYECTO,565.330584,VAN,,19,30,-30,847.995876,CASO_ARTIFICIAL,7725.269744,6877.273868,dias_pago
ART-PLANTA-CHICA,7159.93916,OK,CASO_PRUEBA_ARTIFICIAL_NO_ES_PROYECTO,324.536702,VAN,,20,-0.3,0.3,649.073405,CASO_ARTIFICIAL,7484.475862,6835.402458,mantenimiento
ART-PLANTA-CHICA,7159.93916,OK,CASO_PRUEBA_ARTIFICIAL_NO_ES_PROYECTO,316.122175,VAN,,21,-0.3,0.3,632.244349,CASO_ARTIFICIAL,7476.061335,6843.816985,electricidad
ART-PLANTA-CHICA,7159.93916,OK,CASO_PRUEBA_ARTIFICIAL_NO_ES_PROYECTO,252.118056,VAN,,22,-0.3,0.2,319.155902,CASO_ARTIFICIAL,7226.977006,6907.821104,rampup
ART-PLANTA-CHICA,7159.93916,OK,CASO_PRUEBA_ARTIFICIAL_NO_ES_PROYECTO,101.429575,VAN,,23,-0.3,0.3,199.705898,CASO_ARTIFICIAL,7258.215484,7058.509585,mortalidad
ART-PLANTA-CHICA,7159.93916,OK,CASO_PRUEBA_ARTIFICIAL_NO_ES_PROYECTO,125.771584,VAN,,24,-0.3,0.3,189.612158,CASO_ARTIFICIAL,7223.779735,7034.167576,condenas
ART-PLANTA-CHICA,7159.93916,OK,CASO_PRUEBA_ARTIFICIAL_NO_ES_PROYECTO,9.898553,VAN,,25,-0.3,0.3,19.797107,CASO_ARTIFICIAL,7169.837713,7150.040607,merma
ART-PLANTA-CHICA,7159.93916,OK,CASO_PRUEBA_ARTIFICIAL_NO_ES_PROYECTO,0,VAN,,26,-0.3,-0.3,0,CASO_ARTIFICIAL,7159.93916,7159.93916,descuentos
ART-PLANTA-CHICA,7159.93916,OK,CASO_PRUEBA_ARTIFICIAL_NO_ES_PROYECTO,0,VAN,,27,-0.3,-0.3,0,CASO_ARTIFICIAL,7159.93916,7159.93916,devoluciones
ART-PLANTA-CHICA,7159.93916,OK,CASO_PRUEBA_ARTIFICIAL_NO_ES_PROYECTO,0,VAN,,28,-0.3,-0.3,0,CASO_ARTIFICIAL,7159.93916,7159.93916,iibb
ART-PLANTA-CHICA,7159.93916,SIN_VALORES,CASO_PRUEBA_ARTIFICIAL_NO_ES_PROYECTO,,VAN,NO_APLICA; OK | agua: ningún rubro de OPEX clasificado como 'agua',,,,,CASO_ARTIFICIAL,,,agua
ART-PLANTA-CHICA,7159.93916,SIN_VALORES,CASO_PRUEBA_ARTIFICIAL_NO_ES_PROYECTO,,VAN,"NO_APLICA; OK | capex_frio: ningún activo de la clase ('FRIO',)",,,,,CASO_ARTIFICIAL,,,capex_frio
ART-PLANTA-CHICA,7159.93916,SIN_VALORES,CASO_PRUEBA_ARTIFICIAL_NO_ES_PROYECTO,,VAN,NO_APLICA; OK | facon: ningún rubro de OPEX clasificado como 'facon',,,,,CASO_ARTIFICIAL,,,facon
ART-PLANTA-CHICA,7159.93916,SIN_VALORES,CASO_PRUEBA_ARTIFICIAL_NO_ES_PROYECTO,,VAN,NO_APLICA; OK | gas: ningún rubro de OPEX clasificado como 'gas',,,,,CASO_ARTIFICIAL,,,gas
ART-PLANTA-CHICA,7159.93916,SIN_VALORES,CASO_PRUEBA_ARTIFICIAL_NO_ES_PROYECTO,,VAN,NO_APLICA; OK | logistica: ningún rubro de OPEX clasificado como 'logistica',,,,,CASO_ARTIFICIAL,,,logistica
ART-PLANTA-CHICA,7159.93916,SIN_VALORES,CASO_PRUEBA_ARTIFICIAL_NO_ES_PROYECTO,,VAN,NO_APLICA; OK | maiz: ningún rubro de OPEX clasificado como 'maiz',,,,,CASO_ARTIFICIAL,,,maiz
ART-PLANTA-CHICA,7159.93916,SIN_VALORES,CASO_PRUEBA_ARTIFICIAL_NO_ES_PROYECTO,,VAN,NO_APLICA; OK | packaging: ningún rubro de OPEX clasificado como 'packaging',,,,,CASO_ARTIFICIAL,,,packaging
ART-PLANTA-CHICA,7159.93916,SIN_VALORES,CASO_PRUEBA_ARTIFICIAL_NO_ES_PROYECTO,,VAN,NO_APLICA; OK | plazo_deuda: sin deuda en la estructura,,,,,CASO_ARTIFICIAL,,,plazo_deuda
ART-PLANTA-CHICA,7159.93916,SIN_VALORES,CASO_PRUEBA_ARTIFICIAL_NO_ES_PROYECTO,,VAN,NO_APLICA; OK | precio_cortes: el escenario no tiene precios de este grupo,,,,,CASO_ARTIFICIAL,,,precio_cortes
ART-PLANTA-CHICA,7159.93916,SIN_VALORES,CASO_PRUEBA_ARTIFICIAL_NO_ES_PROYECTO,,VAN,NO_APLICA; OK | precio_menudencias: el escenario no tiene precios de este grupo,,,,,CASO_ARTIFICIAL,,,precio_menudencias
ART-PLANTA-CHICA,7159.93916,SIN_VALORES,CASO_PRUEBA_ARTIFICIAL_NO_ES_PROYECTO,,VAN,NO_APLICA; OK | precio_patas_garras: el escenario no tiene precios de este grupo,,,,,CASO_ARTIFICIAL,,,precio_patas_garras
ART-PLANTA-CHICA,7159.93916,SIN_VALORES,CASO_PRUEBA_ARTIFICIAL_NO_ES_PROYECTO,,VAN,NO_APLICA; OK | precio_subproductos: el escenario no tiene precios de este grupo,,,,,CASO_ARTIFICIAL,,,precio_subproductos
ART-PLANTA-CHICA,7159.93916,SIN_VALORES,CASO_PRUEBA_ARTIFICIAL_NO_ES_PROYECTO,,VAN,NO_APLICA; OK | soja: ningún rubro de OPEX clasificado como 'soja',,,,,CASO_ARTIFICIAL,,,soja
ART-PLANTA-CHICA,7159.93916,SIN_VALORES,CASO_PRUEBA_ARTIFICIAL_NO_ES_PROYECTO,,VAN,NO_APLICA; OK | tasa_deuda: sin deuda en la estructura,,,,,CASO_ARTIFICIAL,,,tasa_deuda
ART-PLANTA-CHICA,4200,OK,CASO_PRUEBA_ARTIFICIAL_NO_ES_PROYECTO,3600,EBITDA,,1,0.3,-0.3,7200,CASO_ARTIFICIAL,7800,600,precio_venta
ART-PLANTA-CHICA,4200,OK,CASO_PRUEBA_ARTIFICIAL_NO_ES_PROYECTO,3600,EBITDA,,2,0.3,-0.3,7200,CASO_ARTIFICIAL,7800,600,precio_pollo_entero
ART-PLANTA-CHICA,4200,OK,CASO_PRUEBA_ARTIFICIAL_NO_ES_PROYECTO,2442.857143,EBITDA,,3,0.3,-0.3,3758.241758,CASO_ARTIFICIAL,5515.384615,1757.142857,eficiencia_linea
ART-PLANTA-CHICA,4200,OK_PARCIAL,CASO_PRUEBA_ARTIFICIAL_NO_ES_PROYECTO,3600,EBITDA,3 shocks sin valor (no definidos / no aplicables),4,0,-0.3,3600,CASO_ARTIFICIAL,4200,600,rendimiento_faena
ART-PLANTA-CHICA,4200,OK,CASO_PRUEBA_ARTIFICIAL_NO_ES_PROYECTO,2520,EBITDA,,5,0.3,-0.3,3004.615385,CASO_ARTIFICIAL,4684.615385,1680,peso_vivo
ART-PLANTA-CHICA,4200,OK,CASO_PRUEBA_ARTIFICIAL_NO_ES_PROYECTO,1080,EBITDA,,6,-0.3,0.3,2160,CASO_ARTIFICIAL,5280,3120,alimento
ART-PLANTA-CHICA,4200,OK,CASO_PRUEBA_ARTIFICIAL_NO_ES_PROYECTO,1080,EBITDA,,7,-0.3,0.3,2160,CASO_ARTIFICIAL,5280,3120,fcr
ART-PLANTA-CHICA,4200,OK,CASO_PRUEBA_ARTIFICIAL_NO_ES_PROYECTO,1890,EBITDA,,8,0,-0.3,1890,CASO_ARTIFICIAL,4200,2310,demanda
ART-PLANTA-CHICA,4200,OK,CASO_PRUEBA_ARTIFICIAL_NO_ES_PROYECTO,1890,EBITDA,,9,0,-0.3,1890,CASO_ARTIFICIAL,4200,2310,utilizacion
ART-PLANTA-CHICA,4200,OK,CASO_PRUEBA_ARTIFICIAL_NO_ES_PROYECTO,540,EBITDA,,10,-0.3,0.3,1080,CASO_ARTIFICIAL,4740,3660,pollito
ART-PLANTA-CHICA,4200,OK,CASO_PRUEBA_ARTIFICIAL_NO_ES_PROYECTO,540,EBITDA,,11,-0.3,0.3,1080,CASO_ARTIFICIAL,4740,3660,salarios
ART-PLANTA-CHICA,4200,OK,CASO_PRUEBA_ARTIFICIAL_NO_ES_PROYECTO,385.714286,EBITDA,,12,0.3,-0.3,593.406593,CASO_ARTIFICIAL,4407.692308,3814.285714,fx
ART-PLANTA-CHICA,4200,OK,CASO_PRUEBA_ARTIFICIAL_NO_ES_PROYECTO,90,EBITDA,,13,-0.3,0.3,180,CASO_ARTIFICIAL,4290,4110,electricidad
ART-PLANTA-CHICA,4200,OK,CASO_PRUEBA_ARTIFICIAL_NO_ES_PROYECTO,90,EBITDA,,14,-0.3,0.3,180,CASO_ARTIFICIAL,4290,4110,mantenimiento
ART-PLANTA-CHICA,4200,OK,CASO_PRUEBA_ARTIFICIAL_NO_ES_PROYECTO,28.877005,EBITDA,,15,-0.3,0.3,56.85628,CASO_ARTIFICIAL,4227.979275,4171.122995,mortalidad
ART-PLANTA-CHICA,4200,OK,CASO_PRUEBA_ARTIFICIAL_NO_ES_PROYECTO,36.363636,EBITDA,,16,-0.3,0.3,53.58418,CASO_ARTIFICIAL,4217.220544,4163.636364,condenas
ART-PLANTA-CHICA,4200,OK,CASO_PRUEBA_ARTIFICIAL_NO_ES_PROYECTO,0,EBITDA,,17,-0.3,-0.3,0,CASO_ARTIFICIAL,4200,4200,capex
ART-PLANTA-CHICA,4200,OK,CASO_PRUEBA_ARTIFICIAL_NO_ES_PROYECTO,0,EBITDA,,18,-30,-30,0,CASO_ARTIFICIAL,4200,4200,dias_cobro
ART-PLANTA-CHICA,4200,OK,CASO_PRUEBA_ARTIFICIAL_NO_ES_PROYECTO,0,EBITDA,,19,-30,-30,0,CASO_ARTIFICIAL,4200,4200,dias_pago
ART-PLANTA-CHICA,4200,OK,CASO_PRUEBA_ARTIFICIAL_NO_ES_PROYECTO,0,EBITDA,,20,-0.3,-0.3,0,CASO_ARTIFICIAL,4200,4200,descuentos
ART-PLANTA-CHICA,4200,OK,CASO_PRUEBA_ARTIFICIAL_NO_ES_PROYECTO,0,EBITDA,,21,-0.3,-0.3,0,CASO_ARTIFICIAL,4200,4200,devoluciones
ART-PLANTA-CHICA,4200,OK,CASO_PRUEBA_ARTIFICIAL_NO_ES_PROYECTO,0,EBITDA,,22,-0.3,-0.3,0,CASO_ARTIFICIAL,4200,4200,tasa_descuento
ART-PLANTA-CHICA,4200,OK,CASO_PRUEBA_ARTIFICIAL_NO_ES_PROYECTO,0,EBITDA,,23,-0.3,-0.3,0,CASO_ARTIFICIAL,4200,4200,tasa_ganancias
ART-PLANTA-CHICA,4200,OK,CASO_PRUEBA_ARTIFICIAL_NO_ES_PROYECTO,0,EBITDA,,24,-0.3,-0.3,0,CASO_ARTIFICIAL,4200,4200,iibb
ART-PLANTA-CHICA,4200,OK,CASO_PRUEBA_ARTIFICIAL_NO_ES_PROYECTO,0,EBITDA,,25,-0.3,-0.3,0,CASO_ARTIFICIAL,4200,4200,rampup
ART-PLANTA-CHICA,4200,OK,CASO_PRUEBA_ARTIFICIAL_NO_ES_PROYECTO,0,EBITDA,,26,-0.3,-0.3,0,CASO_ARTIFICIAL,4200,4200,merma
ART-PLANTA-CHICA,4200,OK,CASO_PRUEBA_ARTIFICIAL_NO_ES_PROYECTO,0,EBITDA,,27,-0.3,-0.3,0,CASO_ARTIFICIAL,4200,4200,capex_equipos
ART-PLANTA-CHICA,4200,OK,CASO_PRUEBA_ARTIFICIAL_NO_ES_PROYECTO,0,EBITDA,,28,-0.3,-0.3,0,CASO_ARTIFICIAL,4200,4200,capex_obra
ART-PLANTA-CHICA,4200,SIN_VALORES,CASO_PRUEBA_ARTIFICIAL_NO_ES_PROYECTO,,EBITDA,NO_APLICA; OK | agua: ningún rubro de OPEX clasificado como 'agua',,,,,CASO_ARTIFICIAL,,,agua
ART-PLANTA-CHICA,4200,SIN_VALORES,CASO_PRUEBA_ARTIFICIAL_NO_ES_PROYECTO,,EBITDA,"NO_APLICA; OK | capex_frio: ningún activo de la clase ('FRIO',)",,,,,CASO_ARTIFICIAL,,,capex_frio
ART-PLANTA-CHICA,4200,SIN_VALORES,CASO_PRUEBA_ARTIFICIAL_NO_ES_PROYECTO,,EBITDA,NO_APLICA; OK | facon: ningún rubro de OPEX clasificado como 'facon',,,,,CASO_ARTIFICIAL,,,facon
ART-PLANTA-CHICA,4200,SIN_VALORES,CASO_PRUEBA_ARTIFICIAL_NO_ES_PROYECTO,,EBITDA,NO_APLICA; OK | gas: ningún rubro de OPEX clasificado como 'gas',,,,,CASO_ARTIFICIAL,,,gas
ART-PLANTA-CHICA,4200,SIN_VALORES,CASO_PRUEBA_ARTIFICIAL_NO_ES_PROYECTO,,EBITDA,NO_APLICA; OK | logistica: ningún rubro de OPEX clasificado como 'logistica',,,,,CASO_ARTIFICIAL,,,logistica
ART-PLANTA-CHICA,4200,SIN_VALORES,CASO_PRUEBA_ARTIFICIAL_NO_ES_PROYECTO,,EBITDA,NO_APLICA; OK | maiz: ningún rubro de OPEX clasificado como 'maiz',,,,,CASO_ARTIFICIAL,,,maiz
ART-PLANTA-CHICA,4200,SIN_VALORES,CASO_PRUEBA_ARTIFICIAL_NO_ES_PROYECTO,,EBITDA,NO_APLICA; OK | packaging: ningún rubro de OPEX clasificado como 'packaging',,,,,CASO_ARTIFICIAL,,,packaging
ART-PLANTA-CHICA,4200,SIN_VALORES,CASO_PRUEBA_ARTIFICIAL_NO_ES_PROYECTO,,EBITDA,NO_APLICA; OK | plazo_deuda: sin deuda en la estructura,,,,,CASO_ARTIFICIAL,,,plazo_deuda
ART-PLANTA-CHICA,4200,SIN_VALORES,CASO_PRUEBA_ARTIFICIAL_NO_ES_PROYECTO,,EBITDA,NO_APLICA; OK | precio_cortes: el escenario no tiene precios de este grupo,,,,,CASO_ARTIFICIAL,,,precio_cortes
ART-PLANTA-CHICA,4200,SIN_VALORES,CASO_PRUEBA_ARTIFICIAL_NO_ES_PROYECTO,,EBITDA,NO_APLICA; OK | precio_menudencias: el escenario no tiene precios de este grupo,,,,,CASO_ARTIFICIAL,,,precio_menudencias
ART-PLANTA-CHICA,4200,SIN_VALORES,CASO_PRUEBA_ARTIFICIAL_NO_ES_PROYECTO,,EBITDA,NO_APLICA; OK | precio_patas_garras: el escenario no tiene precios de este grupo,,,,,CASO_ARTIFICIAL,,,precio_patas_garras
ART-PLANTA-CHICA,4200,SIN_VALORES,CASO_PRUEBA_ARTIFICIAL_NO_ES_PROYECTO,,EBITDA,NO_APLICA; OK | precio_subproductos: el escenario no tiene precios de este grupo,,,,,CASO_ARTIFICIAL,,,precio_subproductos
ART-PLANTA-CHICA,4200,SIN_VALORES,CASO_PRUEBA_ARTIFICIAL_NO_ES_PROYECTO,,EBITDA,NO_APLICA; OK | soja: ningún rubro de OPEX clasificado como 'soja',,,,,CASO_ARTIFICIAL,,,soja
ART-PLANTA-CHICA,4200,SIN_VALORES,CASO_PRUEBA_ARTIFICIAL_NO_ES_PROYECTO,,EBITDA,NO_APLICA; OK | tasa_deuda: sin deuda en la estructura,,,,,CASO_ARTIFICIAL,,,tasa_deuda
ART-PLANTA-CHICA,8215.738204,OK,CASO_PRUEBA_ARTIFICIAL_NO_ES_PROYECTO,2400,PICO_FONDOS,,1,0.3,-0.3,4800,CASO_ARTIFICIAL,10615.738204,5815.738204,capex
ART-PLANTA-CHICA,8215.738204,OK,CASO_PRUEBA_ARTIFICIAL_NO_ES_PROYECTO,1440,PICO_FONDOS,,2,0.3,-0.3,2880,CASO_ARTIFICIAL,9655.738204,6775.738204,capex_equipos
ART-PLANTA-CHICA,8215.738204,OK,CASO_PRUEBA_ARTIFICIAL_NO_ES_PROYECTO,960,PICO_FONDOS,,3,0.3,-0.3,1920,CASO_ARTIFICIAL,9175.738204,7255.738204,capex_obra
ART-PLANTA-CHICA,8215.738204,OK,CASO_PRUEBA_ARTIFICIAL_NO_ES_PROYECTO,692.668189,PICO_FONDOS,,4,30,-30,908.406393,CASO_ARTIFICIAL,8908.406393,8000,dias_cobro
ART-PLANTA-CHICA,8215.738204,OK,CASO_PRUEBA_ARTIFICIAL_NO_ES_PROYECTO,453.591476,PICO_FONDOS,,5,-0.3,0.3,455.605175,CASO_ARTIFICIAL,8669.32968,8213.724505,precio_venta
ART-PLANTA-CHICA,8215.738204,OK,CASO_PRUEBA_ARTIFICIAL_NO_ES_PROYECTO,453.591476,PICO_FONDOS,,6,-0.3,0.3,455.605175,CASO_ARTIFICIAL,8669.32968,8213.724505,precio_pollo_entero
ART-PLANTA-CHICA,8215.738204,OK_PARCIAL,CASO_PRUEBA_ARTIFICIAL_NO_ES_PROYECTO,453.591476,PICO_FONDOS,3 shocks sin valor (no definidos / no aplicables),7,-0.3,0,453.591476,CASO_ARTIFICIAL,8669.32968,8215.738204,rendimiento_faena
ART-PLANTA-CHICA,8215.738204,OK,CASO_PRUEBA_ARTIFICIAL_NO_ES_PROYECTO,216.438356,PICO_FONDOS,,8,-30,20,432.17656,CASO_ARTIFICIAL,8432.17656,8000,dias_pago
ART-PLANTA-CHICA,8215.738204,OK,CASO_PRUEBA_ARTIFICIAL_NO_ES_PROYECTO,337.691672,PICO_FONDOS,,9,-0.3,0.3,368.557496,CASO_ARTIFICIAL,8553.429876,8184.87238,eficiencia_linea
ART-PLANTA-CHICA,8215.738204,OK,CASO_PRUEBA_ARTIFICIAL_NO_ES_PROYECTO,167.358455,PICO_FONDOS,,10,-0.3,-0.1,170.560634,CASO_ARTIFICIAL,8383.096659,8212.536025,peso_vivo
ART-PLANTA-CHICA,8215.738204,OK,CASO_PRUEBA_ARTIFICIAL_NO_ES_PROYECTO,99.931347,PICO_FONDOS,,11,0.3,-0.3,125.273812,CASO_ARTIFICIAL,8315.669551,8190.395738,alimento
ART-PLANTA-CHICA,8215.738204,OK,CASO_PRUEBA_ARTIFICIAL_NO_ES_PROYECTO,99.931347,PICO_FONDOS,,12,0.3,-0.3,125.273812,CASO_ARTIFICIAL,8315.669551,8190.395738,fcr
ART-PLANTA-CHICA,8215.738204,OK,CASO_PRUEBA_ARTIFICIAL_NO_ES_PROYECTO,69.325723,PICO_FONDOS,,13,0.3,-0.3,92.133942,CASO_ARTIFICIAL,8285.063927,8192.929985,salarios
ART-PLANTA-CHICA,8215.738204,OK,CASO_PRUEBA_ARTIFICIAL_NO_ES_PROYECTO,57.450381,PICO_FONDOS,,14,-0.3,-0.1,70.154338,CASO_ARTIFICIAL,8273.188584,8203.034247,utilizacion
ART-PLANTA-CHICA,8215.738204,OK,CASO_PRUEBA_ARTIFICIAL_NO_ES_PROYECTO,24.23766,PICO_FONDOS,,15,-0.3,0.3,33.010052,CASO_ARTIFICIAL,8239.975864,8206.965812,fx
ART-PLANTA-CHICA,8215.738204,OK,CASO_PRUEBA_ARTIFICIAL_NO_ES_PROYECTO,12.671233,PICO_FONDOS,,16,0.3,-0.3,25.342466,CASO_ARTIFICIAL,8228.409437,8203.066971,pollito
ART-PLANTA-CHICA,8215.738204,OK,CASO_PRUEBA_ARTIFICIAL_NO_ES_PROYECTO,3.80137,PICO_FONDOS,,17,0.3,-0.3,7.60274,CASO_ARTIFICIAL,8219.539574,8211.936834,mantenimiento
ART-PLANTA-CHICA,8215.738204,OK,CASO_PRUEBA_ARTIFICIAL_NO_ES_PROYECTO,2.111872,PICO_FONDOS,,18,0.3,-0.3,4.223744,CASO_ARTIFICIAL,8217.850076,8213.626332,electricidad
ART-PLANTA-CHICA,8215.738204,OK,CASO_PRUEBA_ARTIFICIAL_NO_ES_PROYECTO,0.677606,PICO_FONDOS,,19,0.3,-0.3,1.334147,CASO_ARTIFICIAL,8216.41581,8215.081663,mortalidad
ART-PLANTA-CHICA,8215.738204,OK,CASO_PRUEBA_ARTIFICIAL_NO_ES_PROYECTO,0.041096,PICO_FONDOS,,20,0.3,-0.3,0.082192,CASO_ARTIFICIAL,8215.7793,8215.697108,merma
ART-PLANTA-CHICA,8215.738204,OK,CASO_PRUEBA_ARTIFICIAL_NO_ES_PROYECTO,0.02034,PICO_FONDOS,,21,0.3,-0.3,0.040681,CASO_ARTIFICIAL,8215.758544,8215.717864,condenas
ART-PLANTA-CHICA,8215.738204,OK,CASO_PRUEBA_ARTIFICIAL_NO_ES_PROYECTO,0,PICO_FONDOS,,22,-0.3,-0.3,0,CASO_ARTIFICIAL,8215.738204,8215.738204,demanda
ART-PLANTA-CHICA,8215.738204,OK,CASO_PRUEBA_ARTIFICIAL_NO_ES_PROYECTO,0,PICO_FONDOS,,23,-0.3,-0.3,0,CASO_ARTIFICIAL,8215.738204,8215.738204,descuentos
ART-PLANTA-CHICA,8215.738204,OK,CASO_PRUEBA_ARTIFICIAL_NO_ES_PROYECTO,0,PICO_FONDOS,,24,-0.3,-0.3,0,CASO_ARTIFICIAL,8215.738204,8215.738204,devoluciones
ART-PLANTA-CHICA,8215.738204,OK,CASO_PRUEBA_ARTIFICIAL_NO_ES_PROYECTO,0,PICO_FONDOS,,25,-0.3,-0.3,0,CASO_ARTIFICIAL,8215.738204,8215.738204,tasa_descuento
ART-PLANTA-CHICA,8215.738204,OK,CASO_PRUEBA_ARTIFICIAL_NO_ES_PROYECTO,0,PICO_FONDOS,,26,-0.3,-0.3,0,CASO_ARTIFICIAL,8215.738204,8215.738204,tasa_ganancias
ART-PLANTA-CHICA,8215.738204,OK,CASO_PRUEBA_ARTIFICIAL_NO_ES_PROYECTO,0,PICO_FONDOS,,27,-0.3,-0.3,0,CASO_ARTIFICIAL,8215.738204,8215.738204,iibb
ART-PLANTA-CHICA,8215.738204,OK,CASO_PRUEBA_ARTIFICIAL_NO_ES_PROYECTO,0,PICO_FONDOS,,28,-0.3,-0.3,0,CASO_ARTIFICIAL,8215.738204,8215.738204,rampup
ART-PLANTA-CHICA,8215.738204,SIN_VALORES,CASO_PRUEBA_ARTIFICIAL_NO_ES_PROYECTO,,PICO_FONDOS,NO_APLICA; OK | agua: ningún rubro de OPEX clasificado como 'agua',,,,,CASO_ARTIFICIAL,,,agua
ART-PLANTA-CHICA,8215.738204,SIN_VALORES,CASO_PRUEBA_ARTIFICIAL_NO_ES_PROYECTO,,PICO_FONDOS,"NO_APLICA; OK | capex_frio: ningún activo de la clase ('FRIO',)",,,,,CASO_ARTIFICIAL,,,capex_frio
ART-PLANTA-CHICA,8215.738204,SIN_VALORES,CASO_PRUEBA_ARTIFICIAL_NO_ES_PROYECTO,,PICO_FONDOS,NO_APLICA; OK | facon: ningún rubro de OPEX clasificado como 'facon',,,,,CASO_ARTIFICIAL,,,facon
ART-PLANTA-CHICA,8215.738204,SIN_VALORES,CASO_PRUEBA_ARTIFICIAL_NO_ES_PROYECTO,,PICO_FONDOS,NO_APLICA; OK | gas: ningún rubro de OPEX clasificado como 'gas',,,,,CASO_ARTIFICIAL,,,gas
ART-PLANTA-CHICA,8215.738204,SIN_VALORES,CASO_PRUEBA_ARTIFICIAL_NO_ES_PROYECTO,,PICO_FONDOS,NO_APLICA; OK | logistica: ningún rubro de OPEX clasificado como 'logistica',,,,,CASO_ARTIFICIAL,,,logistica
ART-PLANTA-CHICA,8215.738204,SIN_VALORES,CASO_PRUEBA_ARTIFICIAL_NO_ES_PROYECTO,,PICO_FONDOS,NO_APLICA; OK | maiz: ningún rubro de OPEX clasificado como 'maiz',,,,,CASO_ARTIFICIAL,,,maiz
ART-PLANTA-CHICA,8215.738204,SIN_VALORES,CASO_PRUEBA_ARTIFICIAL_NO_ES_PROYECTO,,PICO_FONDOS,NO_APLICA; OK | packaging: ningún rubro de OPEX clasificado como 'packaging',,,,,CASO_ARTIFICIAL,,,packaging
ART-PLANTA-CHICA,8215.738204,SIN_VALORES,CASO_PRUEBA_ARTIFICIAL_NO_ES_PROYECTO,,PICO_FONDOS,NO_APLICA; OK | plazo_deuda: sin deuda en la estructura,,,,,CASO_ARTIFICIAL,,,plazo_deuda
ART-PLANTA-CHICA,8215.738204,SIN_VALORES,CASO_PRUEBA_ARTIFICIAL_NO_ES_PROYECTO,,PICO_FONDOS,NO_APLICA; OK | precio_cortes: el escenario no tiene precios de este grupo,,,,,CASO_ARTIFICIAL,,,precio_cortes
ART-PLANTA-CHICA,8215.738204,SIN_VALORES,CASO_PRUEBA_ARTIFICIAL_NO_ES_PROYECTO,,PICO_FONDOS,NO_APLICA; OK | precio_menudencias: el escenario no tiene precios de este grupo,,,,,CASO_ARTIFICIAL,,,precio_menudencias
ART-PLANTA-CHICA,8215.738204,SIN_VALORES,CASO_PRUEBA_ARTIFICIAL_NO_ES_PROYECTO,,PICO_FONDOS,NO_APLICA; OK | precio_patas_garras: el escenario no tiene precios de este grupo,,,,,CASO_ARTIFICIAL,,,precio_patas_garras
ART-PLANTA-CHICA,8215.738204,SIN_VALORES,CASO_PRUEBA_ARTIFICIAL_NO_ES_PROYECTO,,PICO_FONDOS,NO_APLICA; OK | precio_subproductos: el escenario no tiene precios de este grupo,,,,,CASO_ARTIFICIAL,,,precio_subproductos
ART-PLANTA-CHICA,8215.738204,SIN_VALORES,CASO_PRUEBA_ARTIFICIAL_NO_ES_PROYECTO,,PICO_FONDOS,NO_APLICA; OK | soja: ningún rubro de OPEX clasificado como 'soja',,,,,CASO_ARTIFICIAL,,,soja
ART-PLANTA-CHICA,8215.738204,SIN_VALORES,CASO_PRUEBA_ARTIFICIAL_NO_ES_PROYECTO,,PICO_FONDOS,NO_APLICA; OK | tasa_deuda: sin deuda en la estructura,,,,,CASO_ARTIFICIAL,,,tasa_deuda
ART-PLANTA-CHICA,3.510289,OK_PARCIAL,CASO_PRUEBA_ARTIFICIAL_NO_ES_PROYECTO,3.038977,PAYBACK,1 shocks sin valor (no definidos / no aplicables),1,-0.2,0.3,4.238573,CASO_ARTIFICIAL,6.549267,2.310693,precio_venta
ART-PLANTA-CHICA,3.510289,OK_PARCIAL,CASO_PRUEBA_ARTIFICIAL_NO_ES_PROYECTO,3.038977,PAYBACK,1 shocks sin valor (no definidos / no aplicables),2,-0.2,0.3,4.238573,CASO_ARTIFICIAL,6.549267,2.310693,precio_pollo_entero
ART-PLANTA-CHICA,3.510289,OK,CASO_PRUEBA_ARTIFICIAL_NO_ES_PROYECTO,3.258302,PAYBACK,,3,-0.3,0.3,3.887225,CASO_ARTIFICIAL,6.768591,2.881366,eficiencia_linea
ART-PLANTA-CHICA,3.510289,OK,CASO_PRUEBA_ARTIFICIAL_NO_ES_PROYECTO,3.333436,PAYBACK,,4,-0.3,0.3,3.71469,CASO_ARTIFICIAL,6.843726,3.129036,peso_vivo
ART-PLANTA-CHICA,3.510289,OK_PARCIAL,CASO_PRUEBA_ARTIFICIAL_NO_ES_PROYECTO,3.038977,PAYBACK,4 shocks sin valor (no definidos / no aplicables),5,-0.2,0,3.038977,CASO_ARTIFICIAL,6.549267,3.510289,rendimiento_faena
ART-PLANTA-CHICA,3.510289,OK,CASO_PRUEBA_ARTIFICIAL_NO_ES_PROYECTO,1.876632,PAYBACK,,6,-0.3,0.3,1.986145,CASO_ARTIFICIAL,5.386922,3.400777,utilizacion
ART-PLANTA-CHICA,3.510289,OK,CASO_PRUEBA_ARTIFICIAL_NO_ES_PROYECTO,1.718428,PAYBACK,,7,-0.3,0,1.718428,CASO_ARTIFICIAL,5.228717,3.510289,demanda
ART-PLANTA-CHICA,3.510289,OK,CASO_PRUEBA_ARTIFICIAL_NO_ES_PROYECTO,0.873578,PAYBACK,,8,0.3,-0.3,1.411574,CASO_ARTIFICIAL,4.383867,2.972293,alimento
ART-PLANTA-CHICA,3.510289,OK,CASO_PRUEBA_ARTIFICIAL_NO_ES_PROYECTO,0.873578,PAYBACK,,9,0.3,-0.3,1.411574,CASO_ARTIFICIAL,4.383867,2.972293,fcr
ART-PLANTA-CHICA,3.510289,OK,CASO_PRUEBA_ARTIFICIAL_NO_ES_PROYECTO,0.702464,PAYBACK,,10,0.3,-0.3,1.373823,CASO_ARTIFICIAL,4.181648,2.807825,capex
ART-PLANTA-CHICA,3.510289,OK,CASO_PRUEBA_ARTIFICIAL_NO_ES_PROYECTO,0.417609,PAYBACK,,11,0.3,-0.3,0.824023,CASO_ARTIFICIAL,3.916704,3.09268,capex_equipos
ART-PLANTA-CHICA,3.510289,OK,CASO_PRUEBA_ARTIFICIAL_NO_ES_PROYECTO,0.398179,PAYBACK,,12,0.3,-0.3,0.711753,CASO_ARTIFICIAL,3.908468,3.196715,salarios
ART-PLANTA-CHICA,3.510289,OK,CASO_PRUEBA_ARTIFICIAL_NO_ES_PROYECTO,0.377865,PAYBACK,,13,0.3,-0.3,0.675441,CASO_ARTIFICIAL,3.888154,3.212713,pollito
ART-PLANTA-CHICA,3.510289,OK,CASO_PRUEBA_ARTIFICIAL_NO_ES_PROYECTO,0.310158,PAYBACK,,14,30,-30,0.620315,CASO_ARTIFICIAL,3.820447,3.200132,dias_cobro
ART-PLANTA-CHICA,3.510289,OK,CASO_PRUEBA_ARTIFICIAL_NO_ES_PROYECTO,0.277134,PAYBACK,,15,0.3,-0.3,0.549293,CASO_ARTIFICIAL,3.782448,3.233156,capex_obra
ART-PLANTA-CHICA,3.510289,OK,CASO_PRUEBA_ARTIFICIAL_NO_ES_PROYECTO,0.279937,PAYBACK,,16,0.3,-0.3,0.510728,CASO_ARTIFICIAL,3.790226,3.279498,tasa_ganancias
ART-PLANTA-CHICA,3.510289,OK,CASO_PRUEBA_ARTIFICIAL_NO_ES_PROYECTO,0.273858,PAYBACK,,17,-0.3,0.3,0.4029,CASO_ARTIFICIAL,3.784147,3.381247,fx
ART-PLANTA-CHICA,3.510289,OK,CASO_PRUEBA_ARTIFICIAL_NO_ES_PROYECTO,0.201602,PAYBACK,,18,-30,30,0.302404,CASO_ARTIFICIAL,3.611091,3.308687,dias_pago
ART-PLANTA-CHICA,3.510289,OK,CASO_PRUEBA_ARTIFICIAL_NO_ES_PROYECTO,0.09507,PAYBACK,,19,0.2,-0.3,0.124347,CASO_ARTIFICIAL,3.605359,3.481013,rampup
ART-PLANTA-CHICA,3.510289,OK,CASO_PRUEBA_ARTIFICIAL_NO_ES_PROYECTO,0.059657,PAYBACK,,20,0.3,-0.3,0.116995,CASO_ARTIFICIAL,3.569946,3.452951,mantenimiento
ART-PLANTA-CHICA,3.510289,OK,CASO_PRUEBA_ARTIFICIAL_NO_ES_PROYECTO,0.056613,PAYBACK,,21,0.3,-0.3,0.111026,CASO_ARTIFICIAL,3.566902,3.455876,electricidad
ART-PLANTA-CHICA,3.510289,OK,CASO_PRUEBA_ARTIFICIAL_NO_ES_PROYECTO,0.017919,PAYBACK,,22,0.3,-0.3,0.035064,CASO_ARTIFICIAL,3.528208,3.493144,mortalidad
ART-PLANTA-CHICA,3.510289,OK,CASO_PRUEBA_ARTIFICIAL_NO_ES_PROYECTO,0.021895,PAYBACK,,23,0.3,-0.3,0.033709,CASO_ARTIFICIAL,3.532184,3.498475,condenas
ART-PLANTA-CHICA,3.510289,OK,CASO_PRUEBA_ARTIFICIAL_NO_ES_PROYECTO,0.003566,PAYBACK,,24,0.3,-0.3,0.007132,CASO_ARTIFICIAL,3.513855,3.506723,merma
ART-PLANTA-CHICA,3.510289,OK,CASO_PRUEBA_ARTIFICIAL_NO_ES_PROYECTO,0,PAYBACK,,25,-0.3,-0.3,0,CASO_ARTIFICIAL,3.510289,3.510289,descuentos
ART-PLANTA-CHICA,3.510289,OK,CASO_PRUEBA_ARTIFICIAL_NO_ES_PROYECTO,0,PAYBACK,,26,-0.3,-0.3,0,CASO_ARTIFICIAL,3.510289,3.510289,devoluciones
ART-PLANTA-CHICA,3.510289,OK,CASO_PRUEBA_ARTIFICIAL_NO_ES_PROYECTO,0,PAYBACK,,27,-0.3,-0.3,0,CASO_ARTIFICIAL,3.510289,3.510289,tasa_descuento
ART-PLANTA-CHICA,3.510289,OK,CASO_PRUEBA_ARTIFICIAL_NO_ES_PROYECTO,0,PAYBACK,,28,-0.3,-0.3,0,CASO_ARTIFICIAL,3.510289,3.510289,iibb
ART-PLANTA-CHICA,3.510289,SIN_VALORES,CASO_PRUEBA_ARTIFICIAL_NO_ES_PROYECTO,,PAYBACK,NO_APLICA; OK | agua: ningún rubro de OPEX clasificado como 'agua',,,,,CASO_ARTIFICIAL,,,agua
ART-PLANTA-CHICA,3.510289,SIN_VALORES,CASO_PRUEBA_ARTIFICIAL_NO_ES_PROYECTO,,PAYBACK,"NO_APLICA; OK | capex_frio: ningún activo de la clase ('FRIO',)",,,,,CASO_ARTIFICIAL,,,capex_frio
ART-PLANTA-CHICA,3.510289,SIN_VALORES,CASO_PRUEBA_ARTIFICIAL_NO_ES_PROYECTO,,PAYBACK,NO_APLICA; OK | facon: ningún rubro de OPEX clasificado como 'facon',,,,,CASO_ARTIFICIAL,,,facon
ART-PLANTA-CHICA,3.510289,SIN_VALORES,CASO_PRUEBA_ARTIFICIAL_NO_ES_PROYECTO,,PAYBACK,NO_APLICA; OK | gas: ningún rubro de OPEX clasificado como 'gas',,,,,CASO_ARTIFICIAL,,,gas
ART-PLANTA-CHICA,3.510289,SIN_VALORES,CASO_PRUEBA_ARTIFICIAL_NO_ES_PROYECTO,,PAYBACK,NO_APLICA; OK | logistica: ningún rubro de OPEX clasificado como 'logistica',,,,,CASO_ARTIFICIAL,,,logistica
ART-PLANTA-CHICA,3.510289,SIN_VALORES,CASO_PRUEBA_ARTIFICIAL_NO_ES_PROYECTO,,PAYBACK,NO_APLICA; OK | maiz: ningún rubro de OPEX clasificado como 'maiz',,,,,CASO_ARTIFICIAL,,,maiz
ART-PLANTA-CHICA,3.510289,SIN_VALORES,CASO_PRUEBA_ARTIFICIAL_NO_ES_PROYECTO,,PAYBACK,NO_APLICA; OK | packaging: ningún rubro de OPEX clasificado como 'packaging',,,,,CASO_ARTIFICIAL,,,packaging
ART-PLANTA-CHICA,3.510289,SIN_VALORES,CASO_PRUEBA_ARTIFICIAL_NO_ES_PROYECTO,,PAYBACK,NO_APLICA; OK | plazo_deuda: sin deuda en la estructura,,,,,CASO_ARTIFICIAL,,,plazo_deuda
ART-PLANTA-CHICA,3.510289,SIN_VALORES,CASO_PRUEBA_ARTIFICIAL_NO_ES_PROYECTO,,PAYBACK,NO_APLICA; OK | precio_cortes: el escenario no tiene precios de este grupo,,,,,CASO_ARTIFICIAL,,,precio_cortes
ART-PLANTA-CHICA,3.510289,SIN_VALORES,CASO_PRUEBA_ARTIFICIAL_NO_ES_PROYECTO,,PAYBACK,NO_APLICA; OK | precio_menudencias: el escenario no tiene precios de este grupo,,,,,CASO_ARTIFICIAL,,,precio_menudencias
ART-PLANTA-CHICA,3.510289,SIN_VALORES,CASO_PRUEBA_ARTIFICIAL_NO_ES_PROYECTO,,PAYBACK,NO_APLICA; OK | precio_patas_garras: el escenario no tiene precios de este grupo,,,,,CASO_ARTIFICIAL,,,precio_patas_garras
ART-PLANTA-CHICA,3.510289,SIN_VALORES,CASO_PRUEBA_ARTIFICIAL_NO_ES_PROYECTO,,PAYBACK,NO_APLICA; OK | precio_subproductos: el escenario no tiene precios de este grupo,,,,,CASO_ARTIFICIAL,,,precio_subproductos
ART-PLANTA-CHICA,3.510289,SIN_VALORES,CASO_PRUEBA_ARTIFICIAL_NO_ES_PROYECTO,,PAYBACK,NO_APLICA; OK | soja: ningún rubro de OPEX clasificado como 'soja',,,,,CASO_ARTIFICIAL,,,soja
ART-PLANTA-CHICA,3.510289,SIN_VALORES,CASO_PRUEBA_ARTIFICIAL_NO_ES_PROYECTO,,PAYBACK,NO_APLICA; OK | tasa_deuda: sin deuda en la estructura,,,,,CASO_ARTIFICIAL,,,tasa_deuda
ART-PLANTA-CHICA,,NO_CALCULABLE,CASO_PRUEBA_ARTIFICIAL_NO_ES_PROYECTO,,DSCR,DSCR no publicable en la base: no se fabrica ranking,,,,,CASO_ARTIFICIAL,,,agua
ART-PLANTA-CHICA,,NO_CALCULABLE,CASO_PRUEBA_ARTIFICIAL_NO_ES_PROYECTO,,DSCR,DSCR no publicable en la base: no se fabrica ranking,,,,,CASO_ARTIFICIAL,,,alimento
ART-PLANTA-CHICA,,NO_CALCULABLE,CASO_PRUEBA_ARTIFICIAL_NO_ES_PROYECTO,,DSCR,DSCR no publicable en la base: no se fabrica ranking,,,,,CASO_ARTIFICIAL,,,capex
ART-PLANTA-CHICA,,NO_CALCULABLE,CASO_PRUEBA_ARTIFICIAL_NO_ES_PROYECTO,,DSCR,DSCR no publicable en la base: no se fabrica ranking,,,,,CASO_ARTIFICIAL,,,capex_equipos
ART-PLANTA-CHICA,,NO_CALCULABLE,CASO_PRUEBA_ARTIFICIAL_NO_ES_PROYECTO,,DSCR,DSCR no publicable en la base: no se fabrica ranking,,,,,CASO_ARTIFICIAL,,,capex_frio
ART-PLANTA-CHICA,,NO_CALCULABLE,CASO_PRUEBA_ARTIFICIAL_NO_ES_PROYECTO,,DSCR,DSCR no publicable en la base: no se fabrica ranking,,,,,CASO_ARTIFICIAL,,,capex_obra
ART-PLANTA-CHICA,,NO_CALCULABLE,CASO_PRUEBA_ARTIFICIAL_NO_ES_PROYECTO,,DSCR,DSCR no publicable en la base: no se fabrica ranking,,,,,CASO_ARTIFICIAL,,,condenas
ART-PLANTA-CHICA,,NO_CALCULABLE,CASO_PRUEBA_ARTIFICIAL_NO_ES_PROYECTO,,DSCR,DSCR no publicable en la base: no se fabrica ranking,,,,,CASO_ARTIFICIAL,,,demanda
ART-PLANTA-CHICA,,NO_CALCULABLE,CASO_PRUEBA_ARTIFICIAL_NO_ES_PROYECTO,,DSCR,DSCR no publicable en la base: no se fabrica ranking,,,,,CASO_ARTIFICIAL,,,descuentos
ART-PLANTA-CHICA,,NO_CALCULABLE,CASO_PRUEBA_ARTIFICIAL_NO_ES_PROYECTO,,DSCR,DSCR no publicable en la base: no se fabrica ranking,,,,,CASO_ARTIFICIAL,,,devoluciones
ART-PLANTA-CHICA,,NO_CALCULABLE,CASO_PRUEBA_ARTIFICIAL_NO_ES_PROYECTO,,DSCR,DSCR no publicable en la base: no se fabrica ranking,,,,,CASO_ARTIFICIAL,,,dias_cobro
ART-PLANTA-CHICA,,NO_CALCULABLE,CASO_PRUEBA_ARTIFICIAL_NO_ES_PROYECTO,,DSCR,DSCR no publicable en la base: no se fabrica ranking,,,,,CASO_ARTIFICIAL,,,dias_pago
ART-PLANTA-CHICA,,NO_CALCULABLE,CASO_PRUEBA_ARTIFICIAL_NO_ES_PROYECTO,,DSCR,DSCR no publicable en la base: no se fabrica ranking,,,,,CASO_ARTIFICIAL,,,eficiencia_linea
ART-PLANTA-CHICA,,NO_CALCULABLE,CASO_PRUEBA_ARTIFICIAL_NO_ES_PROYECTO,,DSCR,DSCR no publicable en la base: no se fabrica ranking,,,,,CASO_ARTIFICIAL,,,electricidad
ART-PLANTA-CHICA,,NO_CALCULABLE,CASO_PRUEBA_ARTIFICIAL_NO_ES_PROYECTO,,DSCR,DSCR no publicable en la base: no se fabrica ranking,,,,,CASO_ARTIFICIAL,,,facon
ART-PLANTA-CHICA,,NO_CALCULABLE,CASO_PRUEBA_ARTIFICIAL_NO_ES_PROYECTO,,DSCR,DSCR no publicable en la base: no se fabrica ranking,,,,,CASO_ARTIFICIAL,,,fcr
ART-PLANTA-CHICA,,NO_CALCULABLE,CASO_PRUEBA_ARTIFICIAL_NO_ES_PROYECTO,,DSCR,DSCR no publicable en la base: no se fabrica ranking,,,,,CASO_ARTIFICIAL,,,fx
ART-PLANTA-CHICA,,NO_CALCULABLE,CASO_PRUEBA_ARTIFICIAL_NO_ES_PROYECTO,,DSCR,DSCR no publicable en la base: no se fabrica ranking,,,,,CASO_ARTIFICIAL,,,gas
ART-PLANTA-CHICA,,NO_CALCULABLE,CASO_PRUEBA_ARTIFICIAL_NO_ES_PROYECTO,,DSCR,DSCR no publicable en la base: no se fabrica ranking,,,,,CASO_ARTIFICIAL,,,iibb
ART-PLANTA-CHICA,,NO_CALCULABLE,CASO_PRUEBA_ARTIFICIAL_NO_ES_PROYECTO,,DSCR,DSCR no publicable en la base: no se fabrica ranking,,,,,CASO_ARTIFICIAL,,,logistica
ART-PLANTA-CHICA,,NO_CALCULABLE,CASO_PRUEBA_ARTIFICIAL_NO_ES_PROYECTO,,DSCR,DSCR no publicable en la base: no se fabrica ranking,,,,,CASO_ARTIFICIAL,,,maiz
ART-PLANTA-CHICA,,NO_CALCULABLE,CASO_PRUEBA_ARTIFICIAL_NO_ES_PROYECTO,,DSCR,DSCR no publicable en la base: no se fabrica ranking,,,,,CASO_ARTIFICIAL,,,mantenimiento
ART-PLANTA-CHICA,,NO_CALCULABLE,CASO_PRUEBA_ARTIFICIAL_NO_ES_PROYECTO,,DSCR,DSCR no publicable en la base: no se fabrica ranking,,,,,CASO_ARTIFICIAL,,,merma
ART-PLANTA-CHICA,,NO_CALCULABLE,CASO_PRUEBA_ARTIFICIAL_NO_ES_PROYECTO,,DSCR,DSCR no publicable en la base: no se fabrica ranking,,,,,CASO_ARTIFICIAL,,,mortalidad
ART-PLANTA-CHICA,,NO_CALCULABLE,CASO_PRUEBA_ARTIFICIAL_NO_ES_PROYECTO,,DSCR,DSCR no publicable en la base: no se fabrica ranking,,,,,CASO_ARTIFICIAL,,,packaging
ART-PLANTA-CHICA,,NO_CALCULABLE,CASO_PRUEBA_ARTIFICIAL_NO_ES_PROYECTO,,DSCR,DSCR no publicable en la base: no se fabrica ranking,,,,,CASO_ARTIFICIAL,,,peso_vivo
ART-PLANTA-CHICA,,NO_CALCULABLE,CASO_PRUEBA_ARTIFICIAL_NO_ES_PROYECTO,,DSCR,DSCR no publicable en la base: no se fabrica ranking,,,,,CASO_ARTIFICIAL,,,plazo_deuda
ART-PLANTA-CHICA,,NO_CALCULABLE,CASO_PRUEBA_ARTIFICIAL_NO_ES_PROYECTO,,DSCR,DSCR no publicable en la base: no se fabrica ranking,,,,,CASO_ARTIFICIAL,,,pollito
ART-PLANTA-CHICA,,NO_CALCULABLE,CASO_PRUEBA_ARTIFICIAL_NO_ES_PROYECTO,,DSCR,DSCR no publicable en la base: no se fabrica ranking,,,,,CASO_ARTIFICIAL,,,precio_cortes
ART-PLANTA-CHICA,,NO_CALCULABLE,CASO_PRUEBA_ARTIFICIAL_NO_ES_PROYECTO,,DSCR,DSCR no publicable en la base: no se fabrica ranking,,,,,CASO_ARTIFICIAL,,,precio_menudencias
ART-PLANTA-CHICA,,NO_CALCULABLE,CASO_PRUEBA_ARTIFICIAL_NO_ES_PROYECTO,,DSCR,DSCR no publicable en la base: no se fabrica ranking,,,,,CASO_ARTIFICIAL,,,precio_patas_garras
ART-PLANTA-CHICA,,NO_CALCULABLE,CASO_PRUEBA_ARTIFICIAL_NO_ES_PROYECTO,,DSCR,DSCR no publicable en la base: no se fabrica ranking,,,,,CASO_ARTIFICIAL,,,precio_pollo_entero
ART-PLANTA-CHICA,,NO_CALCULABLE,CASO_PRUEBA_ARTIFICIAL_NO_ES_PROYECTO,,DSCR,DSCR no publicable en la base: no se fabrica ranking,,,,,CASO_ARTIFICIAL,,,precio_subproductos
ART-PLANTA-CHICA,,NO_CALCULABLE,CASO_PRUEBA_ARTIFICIAL_NO_ES_PROYECTO,,DSCR,DSCR no publicable en la base: no se fabrica ranking,,,,,CASO_ARTIFICIAL,,,precio_venta
ART-PLANTA-CHICA,,NO_CALCULABLE,CASO_PRUEBA_ARTIFICIAL_NO_ES_PROYECTO,,DSCR,DSCR no publicable en la base: no se fabrica ranking,,,,,CASO_ARTIFICIAL,,,rampup
ART-PLANTA-CHICA,,NO_CALCULABLE,CASO_PRUEBA_ARTIFICIAL_NO_ES_PROYECTO,,DSCR,DSCR no publicable en la base: no se fabrica ranking,,,,,CASO_ARTIFICIAL,,,rendimiento_faena
ART-PLANTA-CHICA,,NO_CALCULABLE,CASO_PRUEBA_ARTIFICIAL_NO_ES_PROYECTO,,DSCR,DSCR no publicable en la base: no se fabrica ranking,,,,,CASO_ARTIFICIAL,,,salarios
ART-PLANTA-CHICA,,NO_CALCULABLE,CASO_PRUEBA_ARTIFICIAL_NO_ES_PROYECTO,,DSCR,DSCR no publicable en la base: no se fabrica ranking,,,,,CASO_ARTIFICIAL,,,soja
ART-PLANTA-CHICA,,NO_CALCULABLE,CASO_PRUEBA_ARTIFICIAL_NO_ES_PROYECTO,,DSCR,DSCR no publicable en la base: no se fabrica ranking,,,,,CASO_ARTIFICIAL,,,tasa_descuento
ART-PLANTA-CHICA,,NO_CALCULABLE,CASO_PRUEBA_ARTIFICIAL_NO_ES_PROYECTO,,DSCR,DSCR no publicable en la base: no se fabrica ranking,,,,,CASO_ARTIFICIAL,,,tasa_deuda
ART-PLANTA-CHICA,,NO_CALCULABLE,CASO_PRUEBA_ARTIFICIAL_NO_ES_PROYECTO,,DSCR,DSCR no publicable en la base: no se fabrica ranking,,,,,CASO_ARTIFICIAL,,,tasa_ganancias
ART-PLANTA-CHICA,,NO_CALCULABLE,CASO_PRUEBA_ARTIFICIAL_NO_ES_PROYECTO,,DSCR,DSCR no publicable en la base: no se fabrica ranking,,,,,CASO_ARTIFICIAL,,,utilizacion
ART-PLANTA-GRANDE,8990.762306,OK,CASO_PRUEBA_ARTIFICIAL_NO_ES_PROYECTO,20176.585257,VAN,,1,0.3,-0.3,39158.146504,CASO_ARTIFICIAL,27972.323553,-11185.822951,precio_venta
ART-PLANTA-GRANDE,8990.762306,OK,CASO_PRUEBA_ARTIFICIAL_NO_ES_PROYECTO,20176.585257,VAN,,2,0.3,-0.3,39158.146504,CASO_ARTIFICIAL,27972.323553,-11185.822951,precio_pollo_entero
ART-PLANTA-GRANDE,8990.762306,OK,CASO_PRUEBA_ARTIFICIAL_NO_ES_PROYECTO,13112.167815,VAN,,3,0.3,-0.3,20166.096222,CASO_ARTIFICIAL,16044.690713,-4121.405509,eficiencia_linea
ART-PLANTA-GRANDE,8990.762306,OK,CASO_PRUEBA_ARTIFICIAL_NO_ES_PROYECTO,9557.079317,VAN,,4,0.3,-0.3,18800.312185,CASO_ARTIFICIAL,18233.995173,-566.317011,demanda
ART-PLANTA-GRANDE,8990.762306,OK_PARCIAL,CASO_PRUEBA_ARTIFICIAL_NO_ES_PROYECTO,14674.130297,VAN,3 shocks sin valor (no definidos / no aplicables),5,0,-0.3,14674.130297,CASO_ARTIFICIAL,8990.762306,-5683.367991,rendimiento_faena
ART-PLANTA-GRANDE,8990.762306,OK,CASO_PRUEBA_ARTIFICIAL_NO_ES_PROYECTO,5791.646482,VAN,,6,-0.3,0.3,11583.292964,CASO_ARTIFICIAL,14782.408788,3199.115824,alimento
ART-PLANTA-GRANDE,8990.762306,OK,CASO_PRUEBA_ARTIFICIAL_NO_ES_PROYECTO,5791.646482,VAN,,7,-0.3,0.3,11583.292964,CASO_ARTIFICIAL,14782.408788,3199.115824,fcr
ART-PLANTA-GRANDE,8990.762306,OK,CASO_PRUEBA_ARTIFICIAL_NO_ES_PROYECTO,7059.159241,VAN,,8,0.3,-0.3,9937.590355,CASO_ARTIFICIAL,11869.193419,1931.603064,peso_vivo
ART-PLANTA-GRANDE,8990.762306,OK,CASO_PRUEBA_ARTIFICIAL_NO_ES_PROYECTO,4319.975999,VAN,,9,-0.3,0.3,7720.060476,CASO_ARTIFICIAL,13310.738304,5590.677829,tasa_descuento
ART-PLANTA-GRANDE,8990.762306,OK,CASO_PRUEBA_ARTIFICIAL_NO_ES_PROYECTO,3544.321898,VAN,,10,-0.3,0.3,7088.643797,CASO_ARTIFICIAL,12535.084204,5446.440407,capex
ART-PLANTA-GRANDE,8990.762306,OK,CASO_PRUEBA_ARTIFICIAL_NO_ES_PROYECTO,3029.009223,VAN,,11,-0.3,0.3,6058.018446,CASO_ARTIFICIAL,12019.771529,5961.753083,salarios
ART-PLANTA-GRANDE,8990.762306,OK,CASO_PRUEBA_ARTIFICIAL_NO_ES_PROYECTO,2895.823241,VAN,,12,-0.3,0.3,5791.646482,CASO_ARTIFICIAL,11886.585547,6094.939065,pollito
ART-PLANTA-GRANDE,8990.762306,OK,CASO_PRUEBA_ARTIFICIAL_NO_ES_PROYECTO,2132.92976,VAN,,13,-0.3,0.3,4265.85952,CASO_ARTIFICIAL,11123.692066,6857.832545,tasa_ganancias
ART-PLANTA-GRANDE,8990.762306,OK,CASO_PRUEBA_ARTIFICIAL_NO_ES_PROYECTO,2126.593139,VAN,,14,-0.3,0.3,4253.186278,CASO_ARTIFICIAL,11117.355445,6864.169167,capex_equipos
ART-PLANTA-GRANDE,8990.762306,OK,CASO_PRUEBA_ARTIFICIAL_NO_ES_PROYECTO,2163.578016,VAN,,15,0.3,-0.3,3328.581564,CASO_ARTIFICIAL,10155.765853,6827.184289,fx
ART-PLANTA-GRANDE,8990.762306,OK,CASO_PRUEBA_ARTIFICIAL_NO_ES_PROYECTO,2627.875557,VAN,,16,0.3,-0.3,2882.250557,CASO_ARTIFICIAL,9245.137306,6362.886749,utilizacion
ART-PLANTA-GRANDE,8990.762306,OK,CASO_PRUEBA_ARTIFICIAL_NO_ES_PROYECTO,1417.728759,VAN,,17,-0.3,0.3,2835.457519,CASO_ARTIFICIAL,10408.491065,7573.033546,capex_obra
ART-PLANTA-GRANDE,8990.762306,OK,CASO_PRUEBA_ARTIFICIAL_NO_ES_PROYECTO,1320.939335,VAN,,18,-30,30,2641.878669,CASO_ARTIFICIAL,10311.70164,7669.822971,dias_cobro
ART-PLANTA-GRANDE,8990.762306,OK,CASO_PRUEBA_ARTIFICIAL_NO_ES_PROYECTO,873.87142,VAN,,19,30,-30,1310.80713,CASO_ARTIFICIAL,9864.633725,8553.826596,dias_pago
ART-PLANTA-GRANDE,8990.762306,OK,CASO_PRUEBA_ARTIFICIAL_NO_ES_PROYECTO,540.894504,VAN,,20,-0.3,0.3,1081.789008,CASO_ARTIFICIAL,9531.65681,8449.867802,mantenimiento
ART-PLANTA-GRANDE,8990.762306,OK,CASO_PRUEBA_ARTIFICIAL_NO_ES_PROYECTO,482.637207,VAN,,21,-0.3,0.3,965.274414,CASO_ARTIFICIAL,9473.399512,8508.125099,electricidad
ART-PLANTA-GRANDE,8990.762306,OK,CASO_PRUEBA_ARTIFICIAL_NO_ES_PROYECTO,154.856858,VAN,,22,-0.3,0.3,304.899513,CASO_ARTIFICIAL,9140.804961,8835.905448,mortalidad
ART-PLANTA-GRANDE,8990.762306,OK,CASO_PRUEBA_ARTIFICIAL_NO_ES_PROYECTO,231.684028,VAN,,23,-0.3,0.2,257.729864,CASO_ARTIFICIAL,9016.808142,8759.078278,rampup
ART-PLANTA-GRANDE,8990.762306,OK,CASO_PRUEBA_ARTIFICIAL_NO_ES_PROYECTO,95.469215,VAN,,24,-0.3,0.3,190.39522,CASO_ARTIFICIAL,9085.688312,8895.293091,condenas
ART-PLANTA-GRANDE,8990.762306,OK,CASO_PRUEBA_ARTIFICIAL_NO_ES_PROYECTO,15.45886,VAN,,25,-0.3,0.3,30.892288,CASO_ARTIFICIAL,9006.195734,8975.303446,merma
ART-PLANTA-GRANDE,8990.762306,OK,CASO_PRUEBA_ARTIFICIAL_NO_ES_PROYECTO,0,VAN,,26,-0.3,-0.3,0,CASO_ARTIFICIAL,8990.762306,8990.762306,descuentos
ART-PLANTA-GRANDE,8990.762306,OK,CASO_PRUEBA_ARTIFICIAL_NO_ES_PROYECTO,0,VAN,,27,-0.3,-0.3,0,CASO_ARTIFICIAL,8990.762306,8990.762306,devoluciones
ART-PLANTA-GRANDE,8990.762306,OK,CASO_PRUEBA_ARTIFICIAL_NO_ES_PROYECTO,0,VAN,,28,-0.3,-0.3,0,CASO_ARTIFICIAL,8990.762306,8990.762306,tasa_deuda
ART-PLANTA-GRANDE,8990.762306,OK,CASO_PRUEBA_ARTIFICIAL_NO_ES_PROYECTO,0,VAN,,29,-24,-24,0,CASO_ARTIFICIAL,8990.762306,8990.762306,plazo_deuda
ART-PLANTA-GRANDE,8990.762306,OK,CASO_PRUEBA_ARTIFICIAL_NO_ES_PROYECTO,0,VAN,,30,-0.3,-0.3,0,CASO_ARTIFICIAL,8990.762306,8990.762306,iibb
ART-PLANTA-GRANDE,8990.762306,SIN_VALORES,CASO_PRUEBA_ARTIFICIAL_NO_ES_PROYECTO,,VAN,NO_APLICA; OK | agua: ningún rubro de OPEX clasificado como 'agua',,,,,CASO_ARTIFICIAL,,,agua
ART-PLANTA-GRANDE,8990.762306,SIN_VALORES,CASO_PRUEBA_ARTIFICIAL_NO_ES_PROYECTO,,VAN,"NO_APLICA; OK | capex_frio: ningún activo de la clase ('FRIO',)",,,,,CASO_ARTIFICIAL,,,capex_frio
ART-PLANTA-GRANDE,8990.762306,SIN_VALORES,CASO_PRUEBA_ARTIFICIAL_NO_ES_PROYECTO,,VAN,NO_APLICA; OK | facon: ningún rubro de OPEX clasificado como 'facon',,,,,CASO_ARTIFICIAL,,,facon
ART-PLANTA-GRANDE,8990.762306,SIN_VALORES,CASO_PRUEBA_ARTIFICIAL_NO_ES_PROYECTO,,VAN,NO_APLICA; OK | gas: ningún rubro de OPEX clasificado como 'gas',,,,,CASO_ARTIFICIAL,,,gas
ART-PLANTA-GRANDE,8990.762306,SIN_VALORES,CASO_PRUEBA_ARTIFICIAL_NO_ES_PROYECTO,,VAN,NO_APLICA; OK | logistica: ningún rubro de OPEX clasificado como 'logistica',,,,,CASO_ARTIFICIAL,,,logistica
ART-PLANTA-GRANDE,8990.762306,SIN_VALORES,CASO_PRUEBA_ARTIFICIAL_NO_ES_PROYECTO,,VAN,NO_APLICA; OK | maiz: ningún rubro de OPEX clasificado como 'maiz',,,,,CASO_ARTIFICIAL,,,maiz
ART-PLANTA-GRANDE,8990.762306,SIN_VALORES,CASO_PRUEBA_ARTIFICIAL_NO_ES_PROYECTO,,VAN,NO_APLICA; OK | packaging: ningún rubro de OPEX clasificado como 'packaging',,,,,CASO_ARTIFICIAL,,,packaging
ART-PLANTA-GRANDE,8990.762306,SIN_VALORES,CASO_PRUEBA_ARTIFICIAL_NO_ES_PROYECTO,,VAN,NO_APLICA; OK | precio_cortes: el escenario no tiene precios de este grupo,,,,,CASO_ARTIFICIAL,,,precio_cortes
ART-PLANTA-GRANDE,8990.762306,SIN_VALORES,CASO_PRUEBA_ARTIFICIAL_NO_ES_PROYECTO,,VAN,NO_APLICA; OK | precio_menudencias: el escenario no tiene precios de este grupo,,,,,CASO_ARTIFICIAL,,,precio_menudencias
ART-PLANTA-GRANDE,8990.762306,SIN_VALORES,CASO_PRUEBA_ARTIFICIAL_NO_ES_PROYECTO,,VAN,NO_APLICA; OK | precio_patas_garras: el escenario no tiene precios de este grupo,,,,,CASO_ARTIFICIAL,,,precio_patas_garras
ART-PLANTA-GRANDE,8990.762306,SIN_VALORES,CASO_PRUEBA_ARTIFICIAL_NO_ES_PROYECTO,,VAN,NO_APLICA; OK | precio_subproductos: el escenario no tiene precios de este grupo,,,,,CASO_ARTIFICIAL,,,precio_subproductos
ART-PLANTA-GRANDE,8990.762306,SIN_VALORES,CASO_PRUEBA_ARTIFICIAL_NO_ES_PROYECTO,,VAN,NO_APLICA; OK | soja: ningún rubro de OPEX clasificado como 'soja',,,,,CASO_ARTIFICIAL,,,soja
ART-PLANTA-GRANDE,6150,OK,CASO_PRUEBA_ARTIFICIAL_NO_ES_PROYECTO,5400,EBITDA,,1,0.3,-0.3,10800,CASO_ARTIFICIAL,11550,750,precio_venta
ART-PLANTA-GRANDE,6150,OK,CASO_PRUEBA_ARTIFICIAL_NO_ES_PROYECTO,5400,EBITDA,,2,0.3,-0.3,10800,CASO_ARTIFICIAL,11550,750,precio_pollo_entero
ART-PLANTA-GRANDE,6150,OK,CASO_PRUEBA_ARTIFICIAL_NO_ES_PROYECTO,2835,EBITDA,,3,0.3,-0.3,5670,CASO_ARTIFICIAL,8985,3315,demanda
ART-PLANTA-GRANDE,6150,OK,CASO_PRUEBA_ARTIFICIAL_NO_ES_PROYECTO,3664.285714,EBITDA,,4,0.3,-0.3,5637.362637,CASO_ARTIFICIAL,8123.076923,2485.714286,eficiencia_linea
ART-PLANTA-GRANDE,6150,OK_PARCIAL,CASO_PRUEBA_ARTIFICIAL_NO_ES_PROYECTO,4050,EBITDA,3 shocks sin valor (no definidos / no aplicables),5,0,-0.3,4050,CASO_ARTIFICIAL,6150,2100,rendimiento_faena
ART-PLANTA-GRANDE,6150,OK,CASO_PRUEBA_ARTIFICIAL_NO_ES_PROYECTO,1620,EBITDA,,6,-0.3,0.3,3240,CASO_ARTIFICIAL,7770,4530,alimento
ART-PLANTA-GRANDE,6150,OK,CASO_PRUEBA_ARTIFICIAL_NO_ES_PROYECTO,1620,EBITDA,,7,-0.3,0.3,3240,CASO_ARTIFICIAL,7770,4530,fcr
ART-PLANTA-GRANDE,6150,OK,CASO_PRUEBA_ARTIFICIAL_NO_ES_PROYECTO,1890,EBITDA,,8,0.3,-0.3,2616.923077,CASO_ARTIFICIAL,6876.923077,4260,peso_vivo
ART-PLANTA-GRANDE,6150,OK,CASO_PRUEBA_ARTIFICIAL_NO_ES_PROYECTO,840,EBITDA,,9,-0.3,0.3,1680,CASO_ARTIFICIAL,6990,5310,salarios
ART-PLANTA-GRANDE,6150,OK,CASO_PRUEBA_ARTIFICIAL_NO_ES_PROYECTO,810,EBITDA,,10,-0.3,0.3,1620,CASO_ARTIFICIAL,6960,5340,pollito
ART-PLANTA-GRANDE,6150,OK,CASO_PRUEBA_ARTIFICIAL_NO_ES_PROYECTO,600,EBITDA,,11,0.3,-0.3,923.076923,CASO_ARTIFICIAL,6473.076923,5550,fx
ART-PLANTA-GRANDE,6150,OK,CASO_PRUEBA_ARTIFICIAL_NO_ES_PROYECTO,630,EBITDA,,12,-0.2,-0.3,630,CASO_ARTIFICIAL,6150,5520,utilizacion
ART-PLANTA-GRANDE,6150,OK,CASO_PRUEBA_ARTIFICIAL_NO_ES_PROYECTO,150,EBITDA,,13,-0.3,0.3,300,CASO_ARTIFICIAL,6300,6000,mantenimiento
ART-PLANTA-GRANDE,6150,OK,CASO_PRUEBA_ARTIFICIAL_NO_ES_PROYECTO,135,EBITDA,,14,-0.3,0.3,270,CASO_ARTIFICIAL,6285,6015,electricidad
ART-PLANTA-GRANDE,6150,OK,CASO_PRUEBA_ARTIFICIAL_NO_ES_PROYECTO,43.315508,EBITDA,,15,-0.3,0.3,85.28442,CASO_ARTIFICIAL,6191.968912,6106.684492,mortalidad
ART-PLANTA-GRANDE,6150,OK,CASO_PRUEBA_ARTIFICIAL_NO_ES_PROYECTO,25.987842,EBITDA,,16,-0.3,0.3,51.818658,CASO_ARTIFICIAL,6175.830816,6124.012158,condenas
ART-PLANTA-GRANDE,6150,OK,CASO_PRUEBA_ARTIFICIAL_NO_ES_PROYECTO,0,EBITDA,,17,-0.3,-0.3,0,CASO_ARTIFICIAL,6150,6150,capex
ART-PLANTA-GRANDE,6150,OK,CASO_PRUEBA_ARTIFICIAL_NO_ES_PROYECTO,0,EBITDA,,18,-30,-30,0,CASO_ARTIFICIAL,6150,6150,dias_cobro
ART-PLANTA-GRANDE,6150,OK,CASO_PRUEBA_ARTIFICIAL_NO_ES_PROYECTO,0,EBITDA,,19,-30,-30,0,CASO_ARTIFICIAL,6150,6150,dias_pago
ART-PLANTA-GRANDE,6150,OK,CASO_PRUEBA_ARTIFICIAL_NO_ES_PROYECTO,0,EBITDA,,20,-0.3,-0.3,0,CASO_ARTIFICIAL,6150,6150,descuentos
ART-PLANTA-GRANDE,6150,OK,CASO_PRUEBA_ARTIFICIAL_NO_ES_PROYECTO,0,EBITDA,,21,-0.3,-0.3,0,CASO_ARTIFICIAL,6150,6150,devoluciones
ART-PLANTA-GRANDE,6150,OK,CASO_PRUEBA_ARTIFICIAL_NO_ES_PROYECTO,0,EBITDA,,22,-0.3,-0.3,0,CASO_ARTIFICIAL,6150,6150,tasa_descuento
ART-PLANTA-GRANDE,6150,OK,CASO_PRUEBA_ARTIFICIAL_NO_ES_PROYECTO,0,EBITDA,,23,-0.3,-0.3,0,CASO_ARTIFICIAL,6150,6150,tasa_deuda
ART-PLANTA-GRANDE,6150,OK,CASO_PRUEBA_ARTIFICIAL_NO_ES_PROYECTO,0,EBITDA,,24,-24,-24,0,CASO_ARTIFICIAL,6150,6150,plazo_deuda
ART-PLANTA-GRANDE,6150,OK,CASO_PRUEBA_ARTIFICIAL_NO_ES_PROYECTO,0,EBITDA,,25,-0.3,-0.3,0,CASO_ARTIFICIAL,6150,6150,tasa_ganancias
ART-PLANTA-GRANDE,6150,OK,CASO_PRUEBA_ARTIFICIAL_NO_ES_PROYECTO,0,EBITDA,,26,-0.3,-0.3,0,CASO_ARTIFICIAL,6150,6150,iibb
ART-PLANTA-GRANDE,6150,OK,CASO_PRUEBA_ARTIFICIAL_NO_ES_PROYECTO,0,EBITDA,,27,-0.3,-0.3,0,CASO_ARTIFICIAL,6150,6150,rampup
ART-PLANTA-GRANDE,6150,OK,CASO_PRUEBA_ARTIFICIAL_NO_ES_PROYECTO,0,EBITDA,,28,-0.3,-0.3,0,CASO_ARTIFICIAL,6150,6150,merma
ART-PLANTA-GRANDE,6150,OK,CASO_PRUEBA_ARTIFICIAL_NO_ES_PROYECTO,0,EBITDA,,29,-0.3,-0.3,0,CASO_ARTIFICIAL,6150,6150,capex_equipos
ART-PLANTA-GRANDE,6150,OK,CASO_PRUEBA_ARTIFICIAL_NO_ES_PROYECTO,0,EBITDA,,30,-0.3,-0.3,0,CASO_ARTIFICIAL,6150,6150,capex_obra
ART-PLANTA-GRANDE,6150,SIN_VALORES,CASO_PRUEBA_ARTIFICIAL_NO_ES_PROYECTO,,EBITDA,NO_APLICA; OK | agua: ningún rubro de OPEX clasificado como 'agua',,,,,CASO_ARTIFICIAL,,,agua
ART-PLANTA-GRANDE,6150,SIN_VALORES,CASO_PRUEBA_ARTIFICIAL_NO_ES_PROYECTO,,EBITDA,"NO_APLICA; OK | capex_frio: ningún activo de la clase ('FRIO',)",,,,,CASO_ARTIFICIAL,,,capex_frio
ART-PLANTA-GRANDE,6150,SIN_VALORES,CASO_PRUEBA_ARTIFICIAL_NO_ES_PROYECTO,,EBITDA,NO_APLICA; OK | facon: ningún rubro de OPEX clasificado como 'facon',,,,,CASO_ARTIFICIAL,,,facon
ART-PLANTA-GRANDE,6150,SIN_VALORES,CASO_PRUEBA_ARTIFICIAL_NO_ES_PROYECTO,,EBITDA,NO_APLICA; OK | gas: ningún rubro de OPEX clasificado como 'gas',,,,,CASO_ARTIFICIAL,,,gas
ART-PLANTA-GRANDE,6150,SIN_VALORES,CASO_PRUEBA_ARTIFICIAL_NO_ES_PROYECTO,,EBITDA,NO_APLICA; OK | logistica: ningún rubro de OPEX clasificado como 'logistica',,,,,CASO_ARTIFICIAL,,,logistica
ART-PLANTA-GRANDE,6150,SIN_VALORES,CASO_PRUEBA_ARTIFICIAL_NO_ES_PROYECTO,,EBITDA,NO_APLICA; OK | maiz: ningún rubro de OPEX clasificado como 'maiz',,,,,CASO_ARTIFICIAL,,,maiz
ART-PLANTA-GRANDE,6150,SIN_VALORES,CASO_PRUEBA_ARTIFICIAL_NO_ES_PROYECTO,,EBITDA,NO_APLICA; OK | packaging: ningún rubro de OPEX clasificado como 'packaging',,,,,CASO_ARTIFICIAL,,,packaging
ART-PLANTA-GRANDE,6150,SIN_VALORES,CASO_PRUEBA_ARTIFICIAL_NO_ES_PROYECTO,,EBITDA,NO_APLICA; OK | precio_cortes: el escenario no tiene precios de este grupo,,,,,CASO_ARTIFICIAL,,,precio_cortes
ART-PLANTA-GRANDE,6150,SIN_VALORES,CASO_PRUEBA_ARTIFICIAL_NO_ES_PROYECTO,,EBITDA,NO_APLICA; OK | precio_menudencias: el escenario no tiene precios de este grupo,,,,,CASO_ARTIFICIAL,,,precio_menudencias
ART-PLANTA-GRANDE,6150,SIN_VALORES,CASO_PRUEBA_ARTIFICIAL_NO_ES_PROYECTO,,EBITDA,NO_APLICA; OK | precio_patas_garras: el escenario no tiene precios de este grupo,,,,,CASO_ARTIFICIAL,,,precio_patas_garras
ART-PLANTA-GRANDE,6150,SIN_VALORES,CASO_PRUEBA_ARTIFICIAL_NO_ES_PROYECTO,,EBITDA,NO_APLICA; OK | precio_subproductos: el escenario no tiene precios de este grupo,,,,,CASO_ARTIFICIAL,,,precio_subproductos
ART-PLANTA-GRANDE,6150,SIN_VALORES,CASO_PRUEBA_ARTIFICIAL_NO_ES_PROYECTO,,EBITDA,NO_APLICA; OK | soja: ningún rubro de OPEX clasificado como 'soja',,,,,CASO_ARTIFICIAL,,,soja
ART-PLANTA-GRANDE,14393.462709,OK,CASO_PRUEBA_ARTIFICIAL_NO_ES_PROYECTO,4200,PICO_FONDOS,,1,0.3,-0.3,8400,CASO_ARTIFICIAL,18593.462709,10193.462709,capex
ART-PLANTA-GRANDE,14393.462709,OK,CASO_PRUEBA_ARTIFICIAL_NO_ES_PROYECTO,2520,PICO_FONDOS,,2,0.3,-0.3,5040,CASO_ARTIFICIAL,16913.462709,11873.462709,capex_equipos
ART-PLANTA-GRANDE,14393.462709,OK,CASO_PRUEBA_ARTIFICIAL_NO_ES_PROYECTO,1680,PICO_FONDOS,,3,0.3,-0.3,3360,CASO_ARTIFICIAL,16073.462709,12713.462709,capex_obra
ART-PLANTA-GRANDE,14393.462709,OK,CASO_PRUEBA_ARTIFICIAL_NO_ES_PROYECTO,1057.135049,PICO_FONDOS,,4,30,-30,1450.597758,CASO_ARTIFICIAL,15450.597758,14000,dias_cobro
ART-PLANTA-GRANDE,14393.462709,OK,CASO_PRUEBA_ARTIFICIAL_NO_ES_PROYECTO,395.890411,PICO_FONDOS,,5,-30,20,789.35312,CASO_ARTIFICIAL,14789.35312,14000,dias_pago
ART-PLANTA-GRANDE,14393.462709,OK_PARCIAL,CASO_PRUEBA_ARTIFICIAL_NO_ES_PROYECTO,486.544597,PICO_FONDOS,3 shocks sin valor (no definidos / no aplicables),6,-0.3,0,486.544597,CASO_ARTIFICIAL,14880.007306,14393.462709,rendimiento_faena
ART-PLANTA-GRANDE,14393.462709,OK,CASO_PRUEBA_ARTIFICIAL_NO_ES_PROYECTO,420.815889,PICO_FONDOS,,7,-0.3,0.3,482.547536,CASO_ARTIFICIAL,14814.278598,14331.731062,eficiencia_linea
ART-PLANTA-GRANDE,14393.462709,OK,CASO_PRUEBA_ARTIFICIAL_NO_ES_PROYECTO,465.847378,PICO_FONDOS,,8,-0.3,0.3,469.874775,CASO_ARTIFICIAL,14859.310087,14389.435312,precio_venta
ART-PLANTA-GRANDE,14393.462709,OK,CASO_PRUEBA_ARTIFICIAL_NO_ES_PROYECTO,465.847378,PICO_FONDOS,,9,-0.3,0.3,469.874775,CASO_ARTIFICIAL,14859.310087,14389.435312,precio_pollo_entero
ART-PLANTA-GRANDE,14393.462709,OK,CASO_PRUEBA_ARTIFICIAL_NO_ES_PROYECTO,76.223744,PICO_FONDOS,,10,0.3,-0.3,152.447489,CASO_ARTIFICIAL,14469.686454,14317.238965,utilizacion
ART-PLANTA-GRANDE,14393.462709,OK,CASO_PRUEBA_ARTIFICIAL_NO_ES_PROYECTO,109.716911,PICO_FONDOS,,11,-0.3,-0.2,140.821934,CASO_ARTIFICIAL,14503.17962,14362.357686,peso_vivo
ART-PLANTA-GRANDE,14393.462709,OK,CASO_PRUEBA_ARTIFICIAL_NO_ES_PROYECTO,50.684932,PICO_FONDOS,,12,0.3,-0.3,101.369863,CASO_ARTIFICIAL,14444.147641,14342.777778,alimento
ART-PLANTA-GRANDE,14393.462709,OK,CASO_PRUEBA_ARTIFICIAL_NO_ES_PROYECTO,50.684932,PICO_FONDOS,,13,0.3,-0.3,101.369863,CASO_ARTIFICIAL,14444.147641,14342.777778,fcr
ART-PLANTA-GRANDE,14393.462709,OK,CASO_PRUEBA_ARTIFICIAL_NO_ES_PROYECTO,35.479452,PICO_FONDOS,,14,0.3,-0.3,70.958904,CASO_ARTIFICIAL,14428.942161,14357.983257,salarios
ART-PLANTA-GRANDE,14393.462709,OK,CASO_PRUEBA_ARTIFICIAL_NO_ES_PROYECTO,25.342466,PICO_FONDOS,,15,0.3,-0.3,50.684932,CASO_ARTIFICIAL,14418.805175,14368.120244,pollito
ART-PLANTA-GRANDE,14393.462709,OK,CASO_PRUEBA_ARTIFICIAL_NO_ES_PROYECTO,25.342466,PICO_FONDOS,,16,-0.3,0.3,38.988409,CASO_ARTIFICIAL,14418.805175,14379.816766,fx
ART-PLANTA-GRANDE,14393.462709,OK,CASO_PRUEBA_ARTIFICIAL_NO_ES_PROYECTO,6.335616,PICO_FONDOS,,17,0.3,-0.3,12.671233,CASO_ARTIFICIAL,14399.798326,14387.127093,mantenimiento
ART-PLANTA-GRANDE,14393.462709,OK,CASO_PRUEBA_ARTIFICIAL_NO_ES_PROYECTO,4.223744,PICO_FONDOS,,18,0.3,-0.3,8.447489,CASO_ARTIFICIAL,14397.686454,14389.238965,electricidad
ART-PLANTA-GRANDE,14393.462709,OK,CASO_PRUEBA_ARTIFICIAL_NO_ES_PROYECTO,1.355212,PICO_FONDOS,,19,0.3,-0.3,2.668293,CASO_ARTIFICIAL,14394.817921,14392.149628,mortalidad
ART-PLANTA-GRANDE,14393.462709,OK,CASO_PRUEBA_ARTIFICIAL_NO_ES_PROYECTO,0.082192,PICO_FONDOS,,20,0.3,-0.3,0.164384,CASO_ARTIFICIAL,14393.544901,14393.380518,merma
ART-PLANTA-GRANDE,14393.462709,OK,CASO_PRUEBA_ARTIFICIAL_NO_ES_PROYECTO,0.040681,PICO_FONDOS,,21,0.3,-0.3,0.081362,CASO_ARTIFICIAL,14393.50339,14393.422029,condenas
ART-PLANTA-GRANDE,14393.462709,OK,CASO_PRUEBA_ARTIFICIAL_NO_ES_PROYECTO,0,PICO_FONDOS,,22,-0.3,-0.3,0,CASO_ARTIFICIAL,14393.462709,14393.462709,demanda
ART-PLANTA-GRANDE,14393.462709,OK,CASO_PRUEBA_ARTIFICIAL_NO_ES_PROYECTO,0,PICO_FONDOS,,23,-0.3,-0.3,0,CASO_ARTIFICIAL,14393.462709,14393.462709,descuentos
ART-PLANTA-GRANDE,14393.462709,OK,CASO_PRUEBA_ARTIFICIAL_NO_ES_PROYECTO,0,PICO_FONDOS,,24,-0.3,-0.3,0,CASO_ARTIFICIAL,14393.462709,14393.462709,devoluciones
ART-PLANTA-GRANDE,14393.462709,OK,CASO_PRUEBA_ARTIFICIAL_NO_ES_PROYECTO,0,PICO_FONDOS,,25,-0.3,-0.3,0,CASO_ARTIFICIAL,14393.462709,14393.462709,tasa_descuento
ART-PLANTA-GRANDE,14393.462709,OK,CASO_PRUEBA_ARTIFICIAL_NO_ES_PROYECTO,0,PICO_FONDOS,,26,-0.3,-0.3,0,CASO_ARTIFICIAL,14393.462709,14393.462709,tasa_deuda
ART-PLANTA-GRANDE,14393.462709,OK,CASO_PRUEBA_ARTIFICIAL_NO_ES_PROYECTO,0,PICO_FONDOS,,27,-24,-24,0,CASO_ARTIFICIAL,14393.462709,14393.462709,plazo_deuda
ART-PLANTA-GRANDE,14393.462709,OK,CASO_PRUEBA_ARTIFICIAL_NO_ES_PROYECTO,0,PICO_FONDOS,,28,-0.3,-0.3,0,CASO_ARTIFICIAL,14393.462709,14393.462709,tasa_ganancias
ART-PLANTA-GRANDE,14393.462709,OK,CASO_PRUEBA_ARTIFICIAL_NO_ES_PROYECTO,0,PICO_FONDOS,,29,-0.3,-0.3,0,CASO_ARTIFICIAL,14393.462709,14393.462709,iibb
ART-PLANTA-GRANDE,14393.462709,OK,CASO_PRUEBA_ARTIFICIAL_NO_ES_PROYECTO,0,PICO_FONDOS,,30,-0.3,-0.3,0,CASO_ARTIFICIAL,14393.462709,14393.462709,rampup
ART-PLANTA-GRANDE,14393.462709,SIN_VALORES,CASO_PRUEBA_ARTIFICIAL_NO_ES_PROYECTO,,PICO_FONDOS,NO_APLICA; OK | agua: ningún rubro de OPEX clasificado como 'agua',,,,,CASO_ARTIFICIAL,,,agua
ART-PLANTA-GRANDE,14393.462709,SIN_VALORES,CASO_PRUEBA_ARTIFICIAL_NO_ES_PROYECTO,,PICO_FONDOS,"NO_APLICA; OK | capex_frio: ningún activo de la clase ('FRIO',)",,,,,CASO_ARTIFICIAL,,,capex_frio
ART-PLANTA-GRANDE,14393.462709,SIN_VALORES,CASO_PRUEBA_ARTIFICIAL_NO_ES_PROYECTO,,PICO_FONDOS,NO_APLICA; OK | facon: ningún rubro de OPEX clasificado como 'facon',,,,,CASO_ARTIFICIAL,,,facon
ART-PLANTA-GRANDE,14393.462709,SIN_VALORES,CASO_PRUEBA_ARTIFICIAL_NO_ES_PROYECTO,,PICO_FONDOS,NO_APLICA; OK | gas: ningún rubro de OPEX clasificado como 'gas',,,,,CASO_ARTIFICIAL,,,gas
ART-PLANTA-GRANDE,14393.462709,SIN_VALORES,CASO_PRUEBA_ARTIFICIAL_NO_ES_PROYECTO,,PICO_FONDOS,NO_APLICA; OK | logistica: ningún rubro de OPEX clasificado como 'logistica',,,,,CASO_ARTIFICIAL,,,logistica
ART-PLANTA-GRANDE,14393.462709,SIN_VALORES,CASO_PRUEBA_ARTIFICIAL_NO_ES_PROYECTO,,PICO_FONDOS,NO_APLICA; OK | maiz: ningún rubro de OPEX clasificado como 'maiz',,,,,CASO_ARTIFICIAL,,,maiz
ART-PLANTA-GRANDE,14393.462709,SIN_VALORES,CASO_PRUEBA_ARTIFICIAL_NO_ES_PROYECTO,,PICO_FONDOS,NO_APLICA; OK | packaging: ningún rubro de OPEX clasificado como 'packaging',,,,,CASO_ARTIFICIAL,,,packaging
ART-PLANTA-GRANDE,14393.462709,SIN_VALORES,CASO_PRUEBA_ARTIFICIAL_NO_ES_PROYECTO,,PICO_FONDOS,NO_APLICA; OK | precio_cortes: el escenario no tiene precios de este grupo,,,,,CASO_ARTIFICIAL,,,precio_cortes
ART-PLANTA-GRANDE,14393.462709,SIN_VALORES,CASO_PRUEBA_ARTIFICIAL_NO_ES_PROYECTO,,PICO_FONDOS,NO_APLICA; OK | precio_menudencias: el escenario no tiene precios de este grupo,,,,,CASO_ARTIFICIAL,,,precio_menudencias
ART-PLANTA-GRANDE,14393.462709,SIN_VALORES,CASO_PRUEBA_ARTIFICIAL_NO_ES_PROYECTO,,PICO_FONDOS,NO_APLICA; OK | precio_patas_garras: el escenario no tiene precios de este grupo,,,,,CASO_ARTIFICIAL,,,precio_patas_garras
ART-PLANTA-GRANDE,14393.462709,SIN_VALORES,CASO_PRUEBA_ARTIFICIAL_NO_ES_PROYECTO,,PICO_FONDOS,NO_APLICA; OK | precio_subproductos: el escenario no tiene precios de este grupo,,,,,CASO_ARTIFICIAL,,,precio_subproductos
ART-PLANTA-GRANDE,14393.462709,SIN_VALORES,CASO_PRUEBA_ARTIFICIAL_NO_ES_PROYECTO,,PICO_FONDOS,NO_APLICA; OK | soja: ningún rubro de OPEX clasificado como 'soja',,,,,CASO_ARTIFICIAL,,,soja
ART-PLANTA-GRANDE,3.842055,OK_PARCIAL,CASO_PRUEBA_ARTIFICIAL_NO_ES_PROYECTO,3.586253,PAYBACK,1 shocks sin valor (no definidos / no aplicables),1,-0.2,0.3,4.980907,CASO_ARTIFICIAL,7.428307,2.447401,precio_venta
ART-PLANTA-GRANDE,3.842055,OK_PARCIAL,CASO_PRUEBA_ARTIFICIAL_NO_ES_PROYECTO,3.586253,PAYBACK,1 shocks sin valor (no definidos / no aplicables),2,-0.2,0.3,4.980907,CASO_ARTIFICIAL,7.428307,2.447401,precio_pollo_entero
ART-PLANTA-GRANDE,3.842055,OK_PARCIAL,CASO_PRUEBA_ARTIFICIAL_NO_ES_PROYECTO,4.957398,PAYBACK,3 shocks sin valor (no definidos / no aplicables),3,-0.3,0,4.957398,CASO_ARTIFICIAL,8.799453,3.842055,rendimiento_faena
ART-PLANTA-GRANDE,3.842055,OK,CASO_PRUEBA_ARTIFICIAL_NO_ES_PROYECTO,3.840788,PAYBACK,,4,-0.3,0.3,4.572366,CASO_ARTIFICIAL,7.682842,3.110476,eficiencia_linea
ART-PLANTA-GRANDE,3.842055,OK,CASO_PRUEBA_ARTIFICIAL_NO_ES_PROYECTO,2.105222,PAYBACK,,5,-0.3,0.3,2.908403,CASO_ARTIFICIAL,5.947276,3.038874,demanda
ART-PLANTA-GRANDE,3.842055,OK,CASO_PRUEBA_ARTIFICIAL_NO_ES_PROYECTO,1.361772,PAYBACK,,6,-0.3,0.3,1.736057,CASO_ARTIFICIAL,5.203826,3.467769,peso_vivo
ART-PLANTA-GRANDE,3.842055,OK,CASO_PRUEBA_ARTIFICIAL_NO_ES_PROYECTO,1.021373,PAYBACK,,7,0.3,-0.3,1.647376,CASO_ARTIFICIAL,4.863428,3.216052,alimento
ART-PLANTA-GRANDE,3.842055,OK,CASO_PRUEBA_ARTIFICIAL_NO_ES_PROYECTO,1.021373,PAYBACK,,8,0.3,-0.3,1.647376,CASO_ARTIFICIAL,4.863428,3.216052,fcr
ART-PLANTA-GRANDE,3.842055,OK,CASO_PRUEBA_ARTIFICIAL_NO_ES_PROYECTO,0.821679,PAYBACK,,9,0.3,-0.3,1.600673,CASO_ARTIFICIAL,4.621049,3.020376,capex
ART-PLANTA-GRANDE,3.842055,OK,CASO_PRUEBA_ARTIFICIAL_NO_ES_PROYECTO,0.487663,PAYBACK,,10,0.3,-0.3,0.959967,CASO_ARTIFICIAL,4.314358,3.354392,capex_equipos
ART-PLANTA-GRANDE,3.842055,OK,CASO_PRUEBA_ARTIFICIAL_NO_ES_PROYECTO,0.466668,PAYBACK,,11,0.3,-0.3,0.830043,CASO_ARTIFICIAL,4.308723,3.47868,salarios
ART-PLANTA-GRANDE,3.842055,OK,CASO_PRUEBA_ARTIFICIAL_NO_ES_PROYECTO,0.441047,PAYBACK,,12,0.3,-0.3,0.787585,CASO_ARTIFICIAL,4.283102,3.495517,pollito
ART-PLANTA-GRANDE,3.842055,OK,CASO_PRUEBA_ARTIFICIAL_NO_ES_PROYECTO,0.323356,PAYBACK,,13,0.3,-0.3,0.639887,CASO_ARTIFICIAL,4.158585,3.518699,capex_obra
ART-PLANTA-GRANDE,3.842055,OK,CASO_PRUEBA_ARTIFICIAL_NO_ES_PROYECTO,0.313112,PAYBACK,,14,30,-30,0.626223,CASO_ARTIFICIAL,4.155166,3.528943,dias_cobro
ART-PLANTA-GRANDE,3.842055,OK,CASO_PRUEBA_ARTIFICIAL_NO_ES_PROYECTO,0.308559,PAYBACK,,15,0.3,-0.3,0.565916,CASO_ARTIFICIAL,4.150614,3.584697,tasa_ganancias
ART-PLANTA-GRANDE,3.842055,OK,CASO_PRUEBA_ARTIFICIAL_NO_ES_PROYECTO,0.436427,PAYBACK,,16,-0.3,0.3,0.496723,CASO_ARTIFICIAL,4.278481,3.781758,utilizacion
ART-PLANTA-GRANDE,3.842055,OK,CASO_PRUEBA_ARTIFICIAL_NO_ES_PROYECTO,0.320326,PAYBACK,,17,-0.3,0.3,0.4703,CASO_ARTIFICIAL,4.162381,3.692081,fx
ART-PLANTA-GRANDE,3.842055,OK,CASO_PRUEBA_ARTIFICIAL_NO_ES_PROYECTO,0.206132,PAYBACK,,18,-30,30,0.309198,CASO_ARTIFICIAL,3.945121,3.635923,dias_pago
ART-PLANTA-GRANDE,3.842055,OK,CASO_PRUEBA_ARTIFICIAL_NO_ES_PROYECTO,0.074622,PAYBACK,,19,0.3,-0.3,0.145999,CASO_ARTIFICIAL,3.916676,3.770678,mantenimiento
ART-PLANTA-GRANDE,3.842055,OK,CASO_PRUEBA_ARTIFICIAL_NO_ES_PROYECTO,0.066007,PAYBACK,,20,0.3,-0.3,0.129426,CASO_ARTIFICIAL,3.908062,3.778636,electricidad
ART-PLANTA-GRANDE,3.842055,OK,CASO_PRUEBA_ARTIFICIAL_NO_ES_PROYECTO,0.056349,PAYBACK,,21,0.2,-0.3,0.063027,CASO_ARTIFICIAL,3.898403,3.835377,rampup
ART-PLANTA-GRANDE,3.842055,OK,CASO_PRUEBA_ARTIFICIAL_NO_ES_PROYECTO,0.020889,PAYBACK,,22,0.3,-0.3,0.040875,CASO_ARTIFICIAL,3.862944,3.822069,mortalidad
ART-PLANTA-GRANDE,3.842055,OK,CASO_PRUEBA_ARTIFICIAL_NO_ES_PROYECTO,0.01311,PAYBACK,,23,0.3,-0.3,0.026049,CASO_ARTIFICIAL,3.855164,3.829116,condenas
ART-PLANTA-GRANDE,3.842055,OK,CASO_PRUEBA_ARTIFICIAL_NO_ES_PROYECTO,0.00369,PAYBACK,,24,0.3,-0.3,0.007374,CASO_ARTIFICIAL,3.845745,3.838371,merma
ART-PLANTA-GRANDE,3.842055,OK,CASO_PRUEBA_ARTIFICIAL_NO_ES_PROYECTO,0,PAYBACK,,25,-0.3,-0.3,0,CASO_ARTIFICIAL,3.842055,3.842055,descuentos
ART-PLANTA-GRANDE,3.842055,OK,CASO_PRUEBA_ARTIFICIAL_NO_ES_PROYECTO,0,PAYBACK,,26,-0.3,-0.3,0,CASO_ARTIFICIAL,3.842055,3.842055,devoluciones
ART-PLANTA-GRANDE,3.842055,OK,CASO_PRUEBA_ARTIFICIAL_NO_ES_PROYECTO,0,PAYBACK,,27,-0.3,-0.3,0,CASO_ARTIFICIAL,3.842055,3.842055,tasa_descuento
ART-PLANTA-GRANDE,3.842055,OK,CASO_PRUEBA_ARTIFICIAL_NO_ES_PROYECTO,0,PAYBACK,,28,-0.3,-0.3,0,CASO_ARTIFICIAL,3.842055,3.842055,tasa_deuda
ART-PLANTA-GRANDE,3.842055,OK,CASO_PRUEBA_ARTIFICIAL_NO_ES_PROYECTO,0,PAYBACK,,29,-24,-24,0,CASO_ARTIFICIAL,3.842055,3.842055,plazo_deuda
ART-PLANTA-GRANDE,3.842055,OK,CASO_PRUEBA_ARTIFICIAL_NO_ES_PROYECTO,0,PAYBACK,,30,-0.3,-0.3,0,CASO_ARTIFICIAL,3.842055,3.842055,iibb
ART-PLANTA-GRANDE,3.842055,SIN_VALORES,CASO_PRUEBA_ARTIFICIAL_NO_ES_PROYECTO,,PAYBACK,NO_APLICA; OK | agua: ningún rubro de OPEX clasificado como 'agua',,,,,CASO_ARTIFICIAL,,,agua
ART-PLANTA-GRANDE,3.842055,SIN_VALORES,CASO_PRUEBA_ARTIFICIAL_NO_ES_PROYECTO,,PAYBACK,"NO_APLICA; OK | capex_frio: ningún activo de la clase ('FRIO',)",,,,,CASO_ARTIFICIAL,,,capex_frio
ART-PLANTA-GRANDE,3.842055,SIN_VALORES,CASO_PRUEBA_ARTIFICIAL_NO_ES_PROYECTO,,PAYBACK,NO_APLICA; OK | facon: ningún rubro de OPEX clasificado como 'facon',,,,,CASO_ARTIFICIAL,,,facon
ART-PLANTA-GRANDE,3.842055,SIN_VALORES,CASO_PRUEBA_ARTIFICIAL_NO_ES_PROYECTO,,PAYBACK,NO_APLICA; OK | gas: ningún rubro de OPEX clasificado como 'gas',,,,,CASO_ARTIFICIAL,,,gas
ART-PLANTA-GRANDE,3.842055,SIN_VALORES,CASO_PRUEBA_ARTIFICIAL_NO_ES_PROYECTO,,PAYBACK,NO_APLICA; OK | logistica: ningún rubro de OPEX clasificado como 'logistica',,,,,CASO_ARTIFICIAL,,,logistica
ART-PLANTA-GRANDE,3.842055,SIN_VALORES,CASO_PRUEBA_ARTIFICIAL_NO_ES_PROYECTO,,PAYBACK,NO_APLICA; OK | maiz: ningún rubro de OPEX clasificado como 'maiz',,,,,CASO_ARTIFICIAL,,,maiz
ART-PLANTA-GRANDE,3.842055,SIN_VALORES,CASO_PRUEBA_ARTIFICIAL_NO_ES_PROYECTO,,PAYBACK,NO_APLICA; OK | packaging: ningún rubro de OPEX clasificado como 'packaging',,,,,CASO_ARTIFICIAL,,,packaging
ART-PLANTA-GRANDE,3.842055,SIN_VALORES,CASO_PRUEBA_ARTIFICIAL_NO_ES_PROYECTO,,PAYBACK,NO_APLICA; OK | precio_cortes: el escenario no tiene precios de este grupo,,,,,CASO_ARTIFICIAL,,,precio_cortes
ART-PLANTA-GRANDE,3.842055,SIN_VALORES,CASO_PRUEBA_ARTIFICIAL_NO_ES_PROYECTO,,PAYBACK,NO_APLICA; OK | precio_menudencias: el escenario no tiene precios de este grupo,,,,,CASO_ARTIFICIAL,,,precio_menudencias
ART-PLANTA-GRANDE,3.842055,SIN_VALORES,CASO_PRUEBA_ARTIFICIAL_NO_ES_PROYECTO,,PAYBACK,NO_APLICA; OK | precio_patas_garras: el escenario no tiene precios de este grupo,,,,,CASO_ARTIFICIAL,,,precio_patas_garras
ART-PLANTA-GRANDE,3.842055,SIN_VALORES,CASO_PRUEBA_ARTIFICIAL_NO_ES_PROYECTO,,PAYBACK,NO_APLICA; OK | precio_subproductos: el escenario no tiene precios de este grupo,,,,,CASO_ARTIFICIAL,,,precio_subproductos
ART-PLANTA-GRANDE,3.842055,SIN_VALORES,CASO_PRUEBA_ARTIFICIAL_NO_ES_PROYECTO,,PAYBACK,NO_APLICA; OK | soja: ningún rubro de OPEX clasificado como 'soja',,,,,CASO_ARTIFICIAL,,,soja
ART-PLANTA-GRANDE,1.39818,OK,CASO_PRUEBA_ARTIFICIAL_NO_ES_PROYECTO,2.923666,DSCR,,1,0.3,-0.3,4.993324,CASO_ARTIFICIAL,3.467839,-1.525485,precio_venta
ART-PLANTA-GRANDE,1.39818,OK,CASO_PRUEBA_ARTIFICIAL_NO_ES_PROYECTO,2.923666,DSCR,,2,0.3,-0.3,4.993324,CASO_ARTIFICIAL,3.467839,-1.525485,precio_pollo_entero
ART-PLANTA-GRANDE,1.39818,OK,CASO_PRUEBA_ARTIFICIAL_NO_ES_PROYECTO,2.737402,DSCR,,3,-30,30,3.667922,CASO_ARTIFICIAL,2.3287,-1.339221,dias_cobro
ART-PLANTA-GRANDE,1.39818,OK,CASO_PRUEBA_ARTIFICIAL_NO_ES_PROYECTO,2.376573,DSCR,,4,0.3,-0.3,3.369595,CASO_ARTIFICIAL,2.391202,-0.978393,eficiencia_linea
ART-PLANTA-GRANDE,1.39818,OK_PARCIAL,CASO_PRUEBA_ARTIFICIAL_NO_ES_PROYECTO,2.901362,DSCR,3 shocks sin valor (no definidos / no aplicables),5,0,-0.3,2.901362,CASO_ARTIFICIAL,1.39818,-1.503182,rendimiento_faena
ART-PLANTA-GRANDE,1.39818,OK,CASO_PRUEBA_ARTIFICIAL_NO_ES_PROYECTO,1.643198,DSCR,,6,0.3,-0.3,2.588499,CASO_ARTIFICIAL,2.343481,-0.245017,peso_vivo
ART-PLANTA-GRANDE,1.39818,OK,CASO_PRUEBA_ARTIFICIAL_NO_ES_PROYECTO,0.942192,DSCR,,7,20,-30,1.872711,CASO_ARTIFICIAL,2.3287,0.455989,dias_pago
ART-PLANTA-GRANDE,1.39818,OK,CASO_PRUEBA_ARTIFICIAL_NO_ES_PROYECTO,0.835939,DSCR,,8,-0.3,0.3,1.651262,CASO_ARTIFICIAL,2.213503,0.562241,alimento
ART-PLANTA-GRANDE,1.39818,OK,CASO_PRUEBA_ARTIFICIAL_NO_ES_PROYECTO,0.835939,DSCR,,9,-0.3,0.3,1.651262,CASO_ARTIFICIAL,2.213503,0.562241,fcr
ART-PLANTA-GRANDE,1.39818,OK,CASO_PRUEBA_ARTIFICIAL_NO_ES_PROYECTO,0.909269,DSCR,,10,0.3,-0.3,1.436414,CASO_ARTIFICIAL,1.925325,0.488912,utilizacion
ART-PLANTA-GRANDE,1.39818,OK,CASO_PRUEBA_ARTIFICIAL_NO_ES_PROYECTO,0.48011,DSCR,,11,-0.3,0.3,0.96022,CASO_ARTIFICIAL,1.87829,0.918071,salarios
ART-PLANTA-GRANDE,1.39818,OK,CASO_PRUEBA_ARTIFICIAL_NO_ES_PROYECTO,0.407661,DSCR,,12,-0.3,0.3,0.815323,CASO_ARTIFICIAL,1.805842,0.990519,pollito
ART-PLANTA-GRANDE,1.39818,OK,CASO_PRUEBA_ARTIFICIAL_NO_ES_PROYECTO,0.454383,DSCR,,13,-0.3,0.3,0.69912,CASO_ARTIFICIAL,1.852563,1.153443,tasa_deuda
ART-PLANTA-GRANDE,1.39818,OK,CASO_PRUEBA_ARTIFICIAL_NO_ES_PROYECTO,0.342936,DSCR,,14,0.3,-0.3,0.527593,CASO_ARTIFICIAL,1.582838,1.055245,fx
ART-PLANTA-GRANDE,1.39818,OK,CASO_PRUEBA_ARTIFICIAL_NO_ES_PROYECTO,0.375869,DSCR,,15,-0.3,0.1,0.39312,CASO_ARTIFICIAL,1.415432,1.022312,rampup
ART-PLANTA-GRANDE,1.39818,OK,CASO_PRUEBA_ARTIFICIAL_NO_ES_PROYECTO,0.251585,DSCR,,16,0.1,-0.3,0.298548,CASO_ARTIFICIAL,1.445143,1.146595,demanda
ART-PLANTA-GRANDE,1.39818,OK,CASO_PRUEBA_ARTIFICIAL_NO_ES_PROYECTO,0.116568,DSCR,,17,0.3,-0.3,0.233135,CASO_ARTIFICIAL,1.514748,1.281613,capex
ART-PLANTA-GRANDE,1.39818,OK,CASO_PRUEBA_ARTIFICIAL_NO_ES_PROYECTO,0.115482,DSCR,,18,-0.3,0.3,0.230964,CASO_ARTIFICIAL,1.513662,1.282698,tasa_ganancias
ART-PLANTA-GRANDE,1.39818,OK,CASO_PRUEBA_ARTIFICIAL_NO_ES_PROYECTO,0.085734,DSCR,,19,-0.3,0.3,0.171468,CASO_ARTIFICIAL,1.483914,1.312447,mantenimiento
ART-PLANTA-GRANDE,1.39818,OK,CASO_PRUEBA_ARTIFICIAL_NO_ES_PROYECTO,0.069941,DSCR,,20,0.3,-0.3,0.139881,CASO_ARTIFICIAL,1.468121,1.32824,capex_equipos
ART-PLANTA-GRANDE,1.39818,OK,CASO_PRUEBA_ARTIFICIAL_NO_ES_PROYECTO,0.138776,DSCR,,21,-12,-24,0.138776,CASO_ARTIFICIAL,1.39818,1.259405,plazo_deuda
ART-PLANTA-GRANDE,1.39818,OK,CASO_PRUEBA_ARTIFICIAL_NO_ES_PROYECTO,0.067944,DSCR,,22,-0.3,0.3,0.135887,CASO_ARTIFICIAL,1.466124,1.330237,electricidad
ART-PLANTA-GRANDE,1.39818,OK,CASO_PRUEBA_ARTIFICIAL_NO_ES_PROYECTO,0.046627,DSCR,,23,0.3,-0.3,0.093254,CASO_ARTIFICIAL,1.444807,1.351553,capex_obra
ART-PLANTA-GRANDE,1.39818,OK,CASO_PRUEBA_ARTIFICIAL_NO_ES_PROYECTO,0.03016,DSCR,,24,-0.3,0.3,0.060278,CASO_ARTIFICIAL,1.428299,1.368021,merma
ART-PLANTA-GRANDE,1.39818,OK,CASO_PRUEBA_ARTIFICIAL_NO_ES_PROYECTO,0.0218,DSCR,,25,-0.3,0.3,0.042922,CASO_ARTIFICIAL,1.419303,1.37638,mortalidad
ART-PLANTA-GRANDE,1.39818,OK,CASO_PRUEBA_ARTIFICIAL_NO_ES_PROYECTO,0.018385,DSCR,,26,-0.3,0.3,0.036729,CASO_ARTIFICIAL,1.416524,1.379795,condenas
ART-PLANTA-GRANDE,1.39818,OK,CASO_PRUEBA_ARTIFICIAL_NO_ES_PROYECTO,0,DSCR,,27,-0.3,-0.3,0,CASO_ARTIFICIAL,1.39818,1.39818,descuentos
ART-PLANTA-GRANDE,1.39818,OK,CASO_PRUEBA_ARTIFICIAL_NO_ES_PROYECTO,0,DSCR,,28,-0.3,-0.3,0,CASO_ARTIFICIAL,1.39818,1.39818,devoluciones
ART-PLANTA-GRANDE,1.39818,OK,CASO_PRUEBA_ARTIFICIAL_NO_ES_PROYECTO,0,DSCR,,29,-0.3,-0.3,0,CASO_ARTIFICIAL,1.39818,1.39818,tasa_descuento
ART-PLANTA-GRANDE,1.39818,OK,CASO_PRUEBA_ARTIFICIAL_NO_ES_PROYECTO,0,DSCR,,30,-0.3,-0.3,0,CASO_ARTIFICIAL,1.39818,1.39818,iibb
ART-PLANTA-GRANDE,1.39818,SIN_VALORES,CASO_PRUEBA_ARTIFICIAL_NO_ES_PROYECTO,,DSCR,NO_APLICA; OK | agua: ningún rubro de OPEX clasificado como 'agua',,,,,CASO_ARTIFICIAL,,,agua
ART-PLANTA-GRANDE,1.39818,SIN_VALORES,CASO_PRUEBA_ARTIFICIAL_NO_ES_PROYECTO,,DSCR,"NO_APLICA; OK | capex_frio: ningún activo de la clase ('FRIO',)",,,,,CASO_ARTIFICIAL,,,capex_frio
ART-PLANTA-GRANDE,1.39818,SIN_VALORES,CASO_PRUEBA_ARTIFICIAL_NO_ES_PROYECTO,,DSCR,NO_APLICA; OK | facon: ningún rubro de OPEX clasificado como 'facon',,,,,CASO_ARTIFICIAL,,,facon
ART-PLANTA-GRANDE,1.39818,SIN_VALORES,CASO_PRUEBA_ARTIFICIAL_NO_ES_PROYECTO,,DSCR,NO_APLICA; OK | gas: ningún rubro de OPEX clasificado como 'gas',,,,,CASO_ARTIFICIAL,,,gas
ART-PLANTA-GRANDE,1.39818,SIN_VALORES,CASO_PRUEBA_ARTIFICIAL_NO_ES_PROYECTO,,DSCR,NO_APLICA; OK | logistica: ningún rubro de OPEX clasificado como 'logistica',,,,,CASO_ARTIFICIAL,,,logistica
ART-PLANTA-GRANDE,1.39818,SIN_VALORES,CASO_PRUEBA_ARTIFICIAL_NO_ES_PROYECTO,,DSCR,NO_APLICA; OK | maiz: ningún rubro de OPEX clasificado como 'maiz',,,,,CASO_ARTIFICIAL,,,maiz
ART-PLANTA-GRANDE,1.39818,SIN_VALORES,CASO_PRUEBA_ARTIFICIAL_NO_ES_PROYECTO,,DSCR,NO_APLICA; OK | packaging: ningún rubro de OPEX clasificado como 'packaging',,,,,CASO_ARTIFICIAL,,,packaging
ART-PLANTA-GRANDE,1.39818,SIN_VALORES,CASO_PRUEBA_ARTIFICIAL_NO_ES_PROYECTO,,DSCR,NO_APLICA; OK | precio_cortes: el escenario no tiene precios de este grupo,,,,,CASO_ARTIFICIAL,,,precio_cortes
ART-PLANTA-GRANDE,1.39818,SIN_VALORES,CASO_PRUEBA_ARTIFICIAL_NO_ES_PROYECTO,,DSCR,NO_APLICA; OK | precio_menudencias: el escenario no tiene precios de este grupo,,,,,CASO_ARTIFICIAL,,,precio_menudencias
ART-PLANTA-GRANDE,1.39818,SIN_VALORES,CASO_PRUEBA_ARTIFICIAL_NO_ES_PROYECTO,,DSCR,NO_APLICA; OK | precio_patas_garras: el escenario no tiene precios de este grupo,,,,,CASO_ARTIFICIAL,,,precio_patas_garras
ART-PLANTA-GRANDE,1.39818,SIN_VALORES,CASO_PRUEBA_ARTIFICIAL_NO_ES_PROYECTO,,DSCR,NO_APLICA; OK | precio_subproductos: el escenario no tiene precios de este grupo,,,,,CASO_ARTIFICIAL,,,precio_subproductos
ART-PLANTA-GRANDE,1.39818,SIN_VALORES,CASO_PRUEBA_ARTIFICIAL_NO_ES_PROYECTO,,DSCR,NO_APLICA; OK | soja: ningún rubro de OPEX clasificado como 'soja',,,,,CASO_ARTIFICIAL,,,soja
ART-INTEGRADA,2995.832977,OK,CASO_PRUEBA_ARTIFICIAL_NO_ES_PROYECTO,19727.827972,VAN,,1,0.3,-0.3,37861.448874,CASO_ARTIFICIAL,21129.453879,-16731.994995,precio_venta
ART-INTEGRADA,2995.832977,OK,CASO_PRUEBA_ARTIFICIAL_NO_ES_PROYECTO,19727.827972,VAN,,2,0.3,-0.3,37861.448874,CASO_ARTIFICIAL,21129.453879,-16731.994995,precio_pollo_entero
ART-INTEGRADA,2995.832977,OK_PARCIAL,CASO_PRUEBA_ARTIFICIAL_NO_ES_PROYECTO,19727.827972,VAN,3 shocks sin valor (no definidos / no aplicables),3,0,-0.3,19727.827972,CASO_ARTIFICIAL,2995.832977,-16731.994995,rendimiento_faena
ART-INTEGRADA,2995.832977,OK,CASO_PRUEBA_ARTIFICIAL_NO_ES_PROYECTO,10174.990896,VAN,,4,0.3,-0.3,15650.714197,CASO_ARTIFICIAL,8471.556277,-7179.15792,eficiencia_linea
ART-INTEGRADA,2995.832977,OK,CASO_PRUEBA_ARTIFICIAL_NO_ES_PROYECTO,13046.949539,VAN,,5,0.3,-0.3,15143.007105,CASO_ARTIFICIAL,5091.890543,-10051.116562,peso_vivo
ART-INTEGRADA,2995.832977,OK,CASO_PRUEBA_ARTIFICIAL_NO_ES_PROYECTO,11033.834948,VAN,,6,0.3,-0.3,11555.32699,CASO_ARTIFICIAL,3517.325018,-8038.001972,utilizacion
ART-INTEGRADA,2995.832977,OK,CASO_PRUEBA_ARTIFICIAL_NO_ES_PROYECTO,5605.426759,VAN,,7,-0.3,0.3,11210.853517,CASO_ARTIFICIAL,8601.259735,-2609.593782,capex
ART-INTEGRADA,2995.832977,OK,CASO_PRUEBA_ARTIFICIAL_NO_ES_PROYECTO,10579.252609,VAN,,8,0,-0.3,10579.252609,CASO_ARTIFICIAL,2995.832977,-7583.419632,demanda
ART-INTEGRADA,2995.832977,OK,CASO_PRUEBA_ARTIFICIAL_NO_ES_PROYECTO,5124.096135,VAN,,9,-0.3,0.3,10245.697389,CASO_ARTIFICIAL,8117.43423,-2128.263158,alimento
ART-INTEGRADA,2995.832977,OK,CASO_PRUEBA_ARTIFICIAL_NO_ES_PROYECTO,5124.096135,VAN,,10,-0.3,0.3,10245.697389,CASO_ARTIFICIAL,8117.43423,-2128.263158,fcr
ART-INTEGRADA,2995.832977,OK,CASO_PRUEBA_ARTIFICIAL_NO_ES_PROYECTO,4870.261097,VAN,,11,-0.3,0.3,8696.211424,CASO_ARTIFICIAL,7866.094074,-830.117351,tasa_descuento
ART-INTEGRADA,2995.832977,OK,CASO_PRUEBA_ARTIFICIAL_NO_ES_PROYECTO,3686.931171,VAN,,12,-0.3,0.3,7370.322718,CASO_ARTIFICIAL,6679.224523,-691.098195,salarios
ART-INTEGRADA,2995.832977,OK,CASO_PRUEBA_ARTIFICIAL_NO_ES_PROYECTO,3363.256055,VAN,,13,-0.3,0.3,6726.51211,CASO_ARTIFICIAL,6359.089032,-367.423079,capex_equipos
ART-INTEGRADA,2995.832977,OK,CASO_PRUEBA_ARTIFICIAL_NO_ES_PROYECTO,2242.170703,VAN,,14,-0.3,0.3,4484.341407,CASO_ARTIFICIAL,5238.00368,753.662273,capex_obra
ART-INTEGRADA,2995.832977,OK,CASO_PRUEBA_ARTIFICIAL_NO_ES_PROYECTO,2633.522265,VAN,,15,0.3,-0.3,4051.572716,CASO_ARTIFICIAL,4413.883427,362.310711,fx
ART-INTEGRADA,2995.832977,OK,CASO_PRUEBA_ARTIFICIAL_NO_ES_PROYECTO,1900.230607,VAN,,16,-0.3,0.3,3800.461215,CASO_ARTIFICIAL,4896.063584,1095.602369,tasa_ganancias
ART-INTEGRADA,2995.832977,OK,CASO_PRUEBA_ARTIFICIAL_NO_ES_PROYECTO,1537.22884,VAN,,17,-0.3,0.3,3074.457681,CASO_ARTIFICIAL,4533.061817,1458.604136,pollito
ART-INTEGRADA,2995.832977,OK,CASO_PRUEBA_ARTIFICIAL_NO_ES_PROYECTO,1291.501258,VAN,,18,-30,30,2583.002516,CASO_ARTIFICIAL,4287.334235,1704.331718,dias_cobro
ART-INTEGRADA,2995.832977,OK,CASO_PRUEBA_ARTIFICIAL_NO_ES_PROYECTO,1024.819227,VAN,,19,-0.3,0.3,2049.638454,CASO_ARTIFICIAL,4020.652204,1971.01375,maiz
ART-INTEGRADA,2995.832977,OK,CASO_PRUEBA_ARTIFICIAL_NO_ES_PROYECTO,842.727125,VAN,,20,-0.3,0.3,1685.45425,CASO_ARTIFICIAL,3838.560101,2153.105852,mantenimiento
ART-INTEGRADA,2995.832977,OK,CASO_PRUEBA_ARTIFICIAL_NO_ES_PROYECTO,816.958768,VAN,,21,30,-30,1225.438152,CASO_ARTIFICIAL,3812.791745,2587.353593,dias_pago
ART-INTEGRADA,2995.832977,OK,CASO_PRUEBA_ARTIFICIAL_NO_ES_PROYECTO,461.168652,VAN,,22,-0.3,0.3,922.337304,CASO_ARTIFICIAL,3457.001629,2534.664324,electricidad
ART-INTEGRADA,2995.832977,OK,CASO_PRUEBA_ARTIFICIAL_NO_ES_PROYECTO,398.877795,VAN,,23,-0.3,0.2,521.954041,CASO_ARTIFICIAL,3118.909222,2596.955181,rampup
ART-INTEGRADA,2995.832977,OK,CASO_PRUEBA_ARTIFICIAL_NO_ES_PROYECTO,183.397258,VAN,,24,-0.3,0.3,261.079143,CASO_ARTIFICIAL,3073.514861,2812.435718,condenas
ART-INTEGRADA,2995.832977,OK,CASO_PRUEBA_ARTIFICIAL_NO_ES_PROYECTO,82.204751,VAN,,25,-0.3,0.3,161.853914,CASO_ARTIFICIAL,3075.482139,2913.628226,mortalidad
ART-INTEGRADA,2995.832977,OK,CASO_PRUEBA_ARTIFICIAL_NO_ES_PROYECTO,14.85644,VAN,,26,-0.3,0.3,29.712879,CASO_ARTIFICIAL,3010.689416,2980.976537,merma
ART-INTEGRADA,2995.832977,OK,CASO_PRUEBA_ARTIFICIAL_NO_ES_PROYECTO,0,VAN,,27,-0.3,-0.3,0,CASO_ARTIFICIAL,2995.832977,2995.832977,descuentos
ART-INTEGRADA,2995.832977,OK,CASO_PRUEBA_ARTIFICIAL_NO_ES_PROYECTO,0,VAN,,28,-0.3,-0.3,0,CASO_ARTIFICIAL,2995.832977,2995.832977,devoluciones
ART-INTEGRADA,2995.832977,OK,CASO_PRUEBA_ARTIFICIAL_NO_ES_PROYECTO,0,VAN,,29,-0.3,-0.3,0,CASO_ARTIFICIAL,2995.832977,2995.832977,tasa_deuda
ART-INTEGRADA,2995.832977,OK,CASO_PRUEBA_ARTIFICIAL_NO_ES_PROYECTO,0,VAN,,30,-24,-24,0,CASO_ARTIFICIAL,2995.832977,2995.832977,plazo_deuda
ART-INTEGRADA,2995.832977,OK,CASO_PRUEBA_ARTIFICIAL_NO_ES_PROYECTO,0,VAN,,31,-0.3,-0.3,0,CASO_ARTIFICIAL,2995.832977,2995.832977,iibb
ART-INTEGRADA,2995.832977,SIN_VALORES,CASO_PRUEBA_ARTIFICIAL_NO_ES_PROYECTO,,VAN,NO_APLICA; OK | agua: ningún rubro de OPEX clasificado como 'agua',,,,,CASO_ARTIFICIAL,,,agua
ART-INTEGRADA,2995.832977,SIN_VALORES,CASO_PRUEBA_ARTIFICIAL_NO_ES_PROYECTO,,VAN,"NO_APLICA; OK | capex_frio: ningún activo de la clase ('FRIO',)",,,,,CASO_ARTIFICIAL,,,capex_frio
ART-INTEGRADA,2995.832977,SIN_VALORES,CASO_PRUEBA_ARTIFICIAL_NO_ES_PROYECTO,,VAN,NO_APLICA; OK | facon: ningún rubro de OPEX clasificado como 'facon',,,,,CASO_ARTIFICIAL,,,facon
ART-INTEGRADA,2995.832977,SIN_VALORES,CASO_PRUEBA_ARTIFICIAL_NO_ES_PROYECTO,,VAN,NO_APLICA; OK | gas: ningún rubro de OPEX clasificado como 'gas',,,,,CASO_ARTIFICIAL,,,gas
ART-INTEGRADA,2995.832977,SIN_VALORES,CASO_PRUEBA_ARTIFICIAL_NO_ES_PROYECTO,,VAN,NO_APLICA; OK | logistica: ningún rubro de OPEX clasificado como 'logistica',,,,,CASO_ARTIFICIAL,,,logistica
ART-INTEGRADA,2995.832977,SIN_VALORES,CASO_PRUEBA_ARTIFICIAL_NO_ES_PROYECTO,,VAN,NO_APLICA; OK | packaging: ningún rubro de OPEX clasificado como 'packaging',,,,,CASO_ARTIFICIAL,,,packaging
ART-INTEGRADA,2995.832977,SIN_VALORES,CASO_PRUEBA_ARTIFICIAL_NO_ES_PROYECTO,,VAN,NO_APLICA; OK | precio_cortes: el escenario no tiene precios de este grupo,,,,,CASO_ARTIFICIAL,,,precio_cortes
ART-INTEGRADA,2995.832977,SIN_VALORES,CASO_PRUEBA_ARTIFICIAL_NO_ES_PROYECTO,,VAN,NO_APLICA; OK | precio_menudencias: el escenario no tiene precios de este grupo,,,,,CASO_ARTIFICIAL,,,precio_menudencias
ART-INTEGRADA,2995.832977,SIN_VALORES,CASO_PRUEBA_ARTIFICIAL_NO_ES_PROYECTO,,VAN,NO_APLICA; OK | precio_patas_garras: el escenario no tiene precios de este grupo,,,,,CASO_ARTIFICIAL,,,precio_patas_garras
ART-INTEGRADA,2995.832977,SIN_VALORES,CASO_PRUEBA_ARTIFICIAL_NO_ES_PROYECTO,,VAN,NO_APLICA; OK | precio_subproductos: el escenario no tiene precios de este grupo,,,,,CASO_ARTIFICIAL,,,precio_subproductos
ART-INTEGRADA,2995.832977,SIN_VALORES,CASO_PRUEBA_ARTIFICIAL_NO_ES_PROYECTO,,VAN,NO_APLICA; OK | soja: ningún rubro de OPEX clasificado como 'soja',,,,,CASO_ARTIFICIAL,,,soja
ART-INTEGRADA,6750,OK,CASO_PRUEBA_ARTIFICIAL_NO_ES_PROYECTO,5400,EBITDA,,1,0.3,-0.3,10800,CASO_ARTIFICIAL,12150,1350,precio_venta
ART-INTEGRADA,6750,OK,CASO_PRUEBA_ARTIFICIAL_NO_ES_PROYECTO,5400,EBITDA,,2,0.3,-0.3,10800,CASO_ARTIFICIAL,12150,1350,precio_pollo_entero
ART-INTEGRADA,6750,OK_PARCIAL,CASO_PRUEBA_ARTIFICIAL_NO_ES_PROYECTO,5400,EBITDA,3 shocks sin valor (no definidos / no aplicables),3,0,-0.3,5400,CASO_ARTIFICIAL,6750,1350,rendimiento_faena
ART-INTEGRADA,6750,OK,CASO_PRUEBA_ARTIFICIAL_NO_ES_PROYECTO,2978.571429,EBITDA,,4,0.3,-0.3,4582.417582,CASO_ARTIFICIAL,8353.846154,3771.428571,eficiencia_linea
ART-INTEGRADA,6750,OK,CASO_PRUEBA_ARTIFICIAL_NO_ES_PROYECTO,3900,EBITDA,,5,0.3,-0.3,4350,CASO_ARTIFICIAL,7200,2850,peso_vivo
ART-INTEGRADA,6750,OK,CASO_PRUEBA_ARTIFICIAL_NO_ES_PROYECTO,3315,EBITDA,,6,0,-0.3,3315,CASO_ARTIFICIAL,6750,3435,demanda
ART-INTEGRADA,6750,OK,CASO_PRUEBA_ARTIFICIAL_NO_ES_PROYECTO,3315,EBITDA,,7,0,-0.3,3315,CASO_ARTIFICIAL,6750,3435,utilizacion
ART-INTEGRADA,6750,OK,CASO_PRUEBA_ARTIFICIAL_NO_ES_PROYECTO,1500,EBITDA,,8,-0.3,0.3,3000,CASO_ARTIFICIAL,8250,5250,alimento
ART-INTEGRADA,6750,OK,CASO_PRUEBA_ARTIFICIAL_NO_ES_PROYECTO,1500,EBITDA,,9,-0.3,0.3,3000,CASO_ARTIFICIAL,8250,5250,fcr
ART-INTEGRADA,6750,OK,CASO_PRUEBA_ARTIFICIAL_NO_ES_PROYECTO,1050,EBITDA,,10,-0.3,0.3,2100,CASO_ARTIFICIAL,7800,5700,salarios
ART-INTEGRADA,6750,OK,CASO_PRUEBA_ARTIFICIAL_NO_ES_PROYECTO,750,EBITDA,,11,0.3,-0.3,1153.846154,CASO_ARTIFICIAL,7153.846154,6000,fx
ART-INTEGRADA,6750,OK,CASO_PRUEBA_ARTIFICIAL_NO_ES_PROYECTO,450,EBITDA,,12,-0.3,0.3,900,CASO_ARTIFICIAL,7200,6300,pollito
ART-INTEGRADA,6750,OK,CASO_PRUEBA_ARTIFICIAL_NO_ES_PROYECTO,300,EBITDA,,13,-0.3,0.3,600,CASO_ARTIFICIAL,7050,6450,maiz
ART-INTEGRADA,6750,OK,CASO_PRUEBA_ARTIFICIAL_NO_ES_PROYECTO,240,EBITDA,,14,-0.3,0.3,480,CASO_ARTIFICIAL,6990,6510,mantenimiento
ART-INTEGRADA,6750,OK,CASO_PRUEBA_ARTIFICIAL_NO_ES_PROYECTO,135,EBITDA,,15,-0.3,0.3,270,CASO_ARTIFICIAL,6885,6615,electricidad
ART-INTEGRADA,6750,OK,CASO_PRUEBA_ARTIFICIAL_NO_ES_PROYECTO,54.545455,EBITDA,,16,-0.3,0.3,75.542433,CASO_ARTIFICIAL,6770.996979,6695.454545,condenas
ART-INTEGRADA,6750,OK,CASO_PRUEBA_ARTIFICIAL_NO_ES_PROYECTO,24.064171,EBITDA,,17,-0.3,0.3,47.380233,CASO_ARTIFICIAL,6773.316062,6725.935829,mortalidad
ART-INTEGRADA,6750,OK,CASO_PRUEBA_ARTIFICIAL_NO_ES_PROYECTO,0,EBITDA,,18,-0.3,-0.3,0,CASO_ARTIFICIAL,6750,6750,capex
ART-INTEGRADA,6750,OK,CASO_PRUEBA_ARTIFICIAL_NO_ES_PROYECTO,0,EBITDA,,19,-30,-30,0,CASO_ARTIFICIAL,6750,6750,dias_cobro
ART-INTEGRADA,6750,OK,CASO_PRUEBA_ARTIFICIAL_NO_ES_PROYECTO,0,EBITDA,,20,-30,-30,0,CASO_ARTIFICIAL,6750,6750,dias_pago
ART-INTEGRADA,6750,OK,CASO_PRUEBA_ARTIFICIAL_NO_ES_PROYECTO,0,EBITDA,,21,-0.3,-0.3,0,CASO_ARTIFICIAL,6750,6750,descuentos
ART-INTEGRADA,6750,OK,CASO_PRUEBA_ARTIFICIAL_NO_ES_PROYECTO,0,EBITDA,,22,-0.3,-0.3,0,CASO_ARTIFICIAL,6750,6750,devoluciones
ART-INTEGRADA,6750,OK,CASO_PRUEBA_ARTIFICIAL_NO_ES_PROYECTO,0,EBITDA,,23,-0.3,-0.3,0,CASO_ARTIFICIAL,6750,6750,tasa_descuento
ART-INTEGRADA,6750,OK,CASO_PRUEBA_ARTIFICIAL_NO_ES_PROYECTO,0,EBITDA,,24,-0.3,-0.3,0,CASO_ARTIFICIAL,6750,6750,tasa_deuda
ART-INTEGRADA,6750,OK,CASO_PRUEBA_ARTIFICIAL_NO_ES_PROYECTO,0,EBITDA,,25,-24,-24,0,CASO_ARTIFICIAL,6750,6750,plazo_deuda
ART-INTEGRADA,6750,OK,CASO_PRUEBA_ARTIFICIAL_NO_ES_PROYECTO,0,EBITDA,,26,-0.3,-0.3,0,CASO_ARTIFICIAL,6750,6750,tasa_ganancias
ART-INTEGRADA,6750,OK,CASO_PRUEBA_ARTIFICIAL_NO_ES_PROYECTO,0,EBITDA,,27,-0.3,-0.3,0,CASO_ARTIFICIAL,6750,6750,iibb
ART-INTEGRADA,6750,OK,CASO_PRUEBA_ARTIFICIAL_NO_ES_PROYECTO,0,EBITDA,,28,-0.3,-0.3,0,CASO_ARTIFICIAL,6750,6750,rampup
ART-INTEGRADA,6750,OK,CASO_PRUEBA_ARTIFICIAL_NO_ES_PROYECTO,0,EBITDA,,29,-0.3,-0.3,0,CASO_ARTIFICIAL,6750,6750,merma
ART-INTEGRADA,6750,OK,CASO_PRUEBA_ARTIFICIAL_NO_ES_PROYECTO,0,EBITDA,,30,-0.3,-0.3,0,CASO_ARTIFICIAL,6750,6750,capex_equipos
ART-INTEGRADA,6750,OK,CASO_PRUEBA_ARTIFICIAL_NO_ES_PROYECTO,0,EBITDA,,31,-0.3,-0.3,0,CASO_ARTIFICIAL,6750,6750,capex_obra
ART-INTEGRADA,6750,SIN_VALORES,CASO_PRUEBA_ARTIFICIAL_NO_ES_PROYECTO,,EBITDA,NO_APLICA; OK | agua: ningún rubro de OPEX clasificado como 'agua',,,,,CASO_ARTIFICIAL,,,agua
ART-INTEGRADA,6750,SIN_VALORES,CASO_PRUEBA_ARTIFICIAL_NO_ES_PROYECTO,,EBITDA,"NO_APLICA; OK | capex_frio: ningún activo de la clase ('FRIO',)",,,,,CASO_ARTIFICIAL,,,capex_frio
ART-INTEGRADA,6750,SIN_VALORES,CASO_PRUEBA_ARTIFICIAL_NO_ES_PROYECTO,,EBITDA,NO_APLICA; OK | facon: ningún rubro de OPEX clasificado como 'facon',,,,,CASO_ARTIFICIAL,,,facon
ART-INTEGRADA,6750,SIN_VALORES,CASO_PRUEBA_ARTIFICIAL_NO_ES_PROYECTO,,EBITDA,NO_APLICA; OK | gas: ningún rubro de OPEX clasificado como 'gas',,,,,CASO_ARTIFICIAL,,,gas
ART-INTEGRADA,6750,SIN_VALORES,CASO_PRUEBA_ARTIFICIAL_NO_ES_PROYECTO,,EBITDA,NO_APLICA; OK | logistica: ningún rubro de OPEX clasificado como 'logistica',,,,,CASO_ARTIFICIAL,,,logistica
ART-INTEGRADA,6750,SIN_VALORES,CASO_PRUEBA_ARTIFICIAL_NO_ES_PROYECTO,,EBITDA,NO_APLICA; OK | packaging: ningún rubro de OPEX clasificado como 'packaging',,,,,CASO_ARTIFICIAL,,,packaging
ART-INTEGRADA,6750,SIN_VALORES,CASO_PRUEBA_ARTIFICIAL_NO_ES_PROYECTO,,EBITDA,NO_APLICA; OK | precio_cortes: el escenario no tiene precios de este grupo,,,,,CASO_ARTIFICIAL,,,precio_cortes
ART-INTEGRADA,6750,SIN_VALORES,CASO_PRUEBA_ARTIFICIAL_NO_ES_PROYECTO,,EBITDA,NO_APLICA; OK | precio_menudencias: el escenario no tiene precios de este grupo,,,,,CASO_ARTIFICIAL,,,precio_menudencias
ART-INTEGRADA,6750,SIN_VALORES,CASO_PRUEBA_ARTIFICIAL_NO_ES_PROYECTO,,EBITDA,NO_APLICA; OK | precio_patas_garras: el escenario no tiene precios de este grupo,,,,,CASO_ARTIFICIAL,,,precio_patas_garras
ART-INTEGRADA,6750,SIN_VALORES,CASO_PRUEBA_ARTIFICIAL_NO_ES_PROYECTO,,EBITDA,NO_APLICA; OK | precio_subproductos: el escenario no tiene precios de este grupo,,,,,CASO_ARTIFICIAL,,,precio_subproductos
ART-INTEGRADA,6750,SIN_VALORES,CASO_PRUEBA_ARTIFICIAL_NO_ES_PROYECTO,,EBITDA,NO_APLICA; OK | soja: ningún rubro de OPEX clasificado como 'soja',,,,,CASO_ARTIFICIAL,,,soja
ART-INTEGRADA,22334.635972,OK,CASO_PRUEBA_ARTIFICIAL_NO_ES_PROYECTO,6600,PICO_FONDOS,,1,0.3,-0.3,13200,CASO_ARTIFICIAL,28934.635972,15734.635972,capex
ART-INTEGRADA,22334.635972,OK,CASO_PRUEBA_ARTIFICIAL_NO_ES_PROYECTO,3960,PICO_FONDOS,,2,0.3,-0.3,7920,CASO_ARTIFICIAL,26294.635972,18374.635972,capex_equipos
ART-INTEGRADA,22334.635972,OK,CASO_PRUEBA_ARTIFICIAL_NO_ES_PROYECTO,2640,PICO_FONDOS,,3,0.3,-0.3,5280,CASO_ARTIFICIAL,24974.635972,19694.635972,capex_obra
ART-INTEGRADA,22334.635972,OK,CASO_PRUEBA_ARTIFICIAL_NO_ES_PROYECTO,1084.915058,PICO_FONDOS,,4,30,-30,1419.551029,CASO_ARTIFICIAL,23419.551029,22000,dias_cobro
ART-INTEGRADA,22334.635972,OK,CASO_PRUEBA_ARTIFICIAL_NO_ES_PROYECTO,335.388128,PICO_FONDOS,,5,-30,20,670.024099,CASO_ARTIFICIAL,22670.024099,22000,dias_pago
ART-INTEGRADA,22334.635972,OK,CASO_PRUEBA_ARTIFICIAL_NO_ES_PROYECTO,666.287372,PICO_FONDOS,,6,-0.3,0.3,669.30792,CASO_ARTIFICIAL,23000.923344,22331.615424,precio_venta
ART-INTEGRADA,22334.635972,OK,CASO_PRUEBA_ARTIFICIAL_NO_ES_PROYECTO,666.287372,PICO_FONDOS,,7,-0.3,0.3,669.30792,CASO_ARTIFICIAL,23000.923344,22331.615424,precio_pollo_entero
ART-INTEGRADA,22334.635972,OK_PARCIAL,CASO_PRUEBA_ARTIFICIAL_NO_ES_PROYECTO,666.287372,PICO_FONDOS,3 shocks sin valor (no definidos / no aplicables),8,-0.3,0,666.287372,CASO_ARTIFICIAL,23000.923344,22334.635972,rendimiento_faena
ART-INTEGRADA,22334.635972,OK,CASO_PRUEBA_ARTIFICIAL_NO_ES_PROYECTO,432.822446,PICO_FONDOS,,9,-0.3,0.3,470.457091,CASO_ARTIFICIAL,22767.458418,22297.001327,eficiencia_linea
ART-INTEGRADA,22334.635972,OK,CASO_PRUEBA_ARTIFICIAL_NO_ES_PROYECTO,317.885329,PICO_FONDOS,,10,-0.3,0,317.885329,CASO_ARTIFICIAL,22652.521301,22334.635972,peso_vivo
ART-INTEGRADA,22334.635972,OK,CASO_PRUEBA_ARTIFICIAL_NO_ES_PROYECTO,220.038345,PICO_FONDOS,,11,0.3,-0.3,264.387661,CASO_ARTIFICIAL,22554.674317,22290.286657,salarios
ART-INTEGRADA,22334.635972,OK,CASO_PRUEBA_ARTIFICIAL_NO_ES_PROYECTO,215.827831,PICO_FONDOS,,12,-0.3,0,215.827831,CASO_ARTIFICIAL,22550.463803,22334.635972,utilizacion
ART-INTEGRADA,22334.635972,OK,CASO_PRUEBA_ARTIFICIAL_NO_ES_PROYECTO,174.874923,PICO_FONDOS,,13,0.3,-0.3,210.072792,CASO_ARTIFICIAL,22509.510895,22299.438102,alimento
ART-INTEGRADA,22334.635972,OK,CASO_PRUEBA_ARTIFICIAL_NO_ES_PROYECTO,174.874923,PICO_FONDOS,,14,0.3,-0.3,210.072792,CASO_ARTIFICIAL,22509.510895,22299.438102,fcr
ART-INTEGRADA,22334.635972,OK,CASO_PRUEBA_ARTIFICIAL_NO_ES_PROYECTO,132.367113,PICO_FONDOS,,15,-0.3,0.3,149.424541,CASO_ARTIFICIAL,22467.003084,22317.578543,fx
ART-INTEGRADA,22334.635972,OK,CASO_PRUEBA_ARTIFICIAL_NO_ES_PROYECTO,10.559361,PICO_FONDOS,,16,0.3,-0.3,21.118721,CASO_ARTIFICIAL,22345.195332,22324.076611,pollito
ART-INTEGRADA,22334.635972,OK,CASO_PRUEBA_ARTIFICIAL_NO_ES_PROYECTO,10.136986,PICO_FONDOS,,17,0.3,-0.3,20.273973,CASO_ARTIFICIAL,22344.772958,22324.498985,mantenimiento
ART-INTEGRADA,22334.635972,OK,CASO_PRUEBA_ARTIFICIAL_NO_ES_PROYECTO,7.039574,PICO_FONDOS,,18,0.3,-0.3,14.079148,CASO_ARTIFICIAL,22341.675545,22327.596398,maiz
ART-INTEGRADA,22334.635972,OK,CASO_PRUEBA_ARTIFICIAL_NO_ES_PROYECTO,3.167808,PICO_FONDOS,,19,0.3,-0.3,6.335616,CASO_ARTIFICIAL,22337.80378,22331.468163,electricidad
ART-INTEGRADA,22334.635972,OK,CASO_PRUEBA_ARTIFICIAL_NO_ES_PROYECTO,0.564672,PICO_FONDOS,,20,0.3,-0.3,1.111789,CASO_ARTIFICIAL,22335.200643,22334.088854,mortalidad
ART-INTEGRADA,22334.635972,OK,CASO_PRUEBA_ARTIFICIAL_NO_ES_PROYECTO,0.061644,PICO_FONDOS,,21,0.3,-0.3,0.123288,CASO_ARTIFICIAL,22334.697615,22334.574328,merma
ART-INTEGRADA,22334.635972,OK,CASO_PRUEBA_ARTIFICIAL_NO_ES_PROYECTO,0.030511,PICO_FONDOS,,22,0.3,-0.3,0.061021,CASO_ARTIFICIAL,22334.666482,22334.605461,condenas
ART-INTEGRADA,22334.635972,OK,CASO_PRUEBA_ARTIFICIAL_NO_ES_PROYECTO,0,PICO_FONDOS,,23,-0.3,-0.3,0,CASO_ARTIFICIAL,22334.635972,22334.635972,demanda
ART-INTEGRADA,22334.635972,OK,CASO_PRUEBA_ARTIFICIAL_NO_ES_PROYECTO,0,PICO_FONDOS,,24,-0.3,-0.3,0,CASO_ARTIFICIAL,22334.635972,22334.635972,descuentos
ART-INTEGRADA,22334.635972,OK,CASO_PRUEBA_ARTIFICIAL_NO_ES_PROYECTO,0,PICO_FONDOS,,25,-0.3,-0.3,0,CASO_ARTIFICIAL,22334.635972,22334.635972,devoluciones
ART-INTEGRADA,22334.635972,OK,CASO_PRUEBA_ARTIFICIAL_NO_ES_PROYECTO,0,PICO_FONDOS,,26,-0.3,-0.3,0,CASO_ARTIFICIAL,22334.635972,22334.635972,tasa_descuento
ART-INTEGRADA,22334.635972,OK,CASO_PRUEBA_ARTIFICIAL_NO_ES_PROYECTO,0,PICO_FONDOS,,27,-0.3,-0.3,0,CASO_ARTIFICIAL,22334.635972,22334.635972,tasa_deuda
ART-INTEGRADA,22334.635972,OK,CASO_PRUEBA_ARTIFICIAL_NO_ES_PROYECTO,0,PICO_FONDOS,,28,-24,-24,0,CASO_ARTIFICIAL,22334.635972,22334.635972,plazo_deuda
ART-INTEGRADA,22334.635972,OK,CASO_PRUEBA_ARTIFICIAL_NO_ES_PROYECTO,0,PICO_FONDOS,,29,-0.3,-0.3,0,CASO_ARTIFICIAL,22334.635972,22334.635972,tasa_ganancias
ART-INTEGRADA,22334.635972,OK,CASO_PRUEBA_ARTIFICIAL_NO_ES_PROYECTO,0,PICO_FONDOS,,30,-0.3,-0.3,0,CASO_ARTIFICIAL,22334.635972,22334.635972,iibb
ART-INTEGRADA,22334.635972,OK,CASO_PRUEBA_ARTIFICIAL_NO_ES_PROYECTO,0,PICO_FONDOS,,31,-0.3,-0.3,0,CASO_ARTIFICIAL,22334.635972,22334.635972,rampup
ART-INTEGRADA,22334.635972,SIN_VALORES,CASO_PRUEBA_ARTIFICIAL_NO_ES_PROYECTO,,PICO_FONDOS,NO_APLICA; OK | agua: ningún rubro de OPEX clasificado como 'agua',,,,,CASO_ARTIFICIAL,,,agua
ART-INTEGRADA,22334.635972,SIN_VALORES,CASO_PRUEBA_ARTIFICIAL_NO_ES_PROYECTO,,PICO_FONDOS,"NO_APLICA; OK | capex_frio: ningún activo de la clase ('FRIO',)",,,,,CASO_ARTIFICIAL,,,capex_frio
ART-INTEGRADA,22334.635972,SIN_VALORES,CASO_PRUEBA_ARTIFICIAL_NO_ES_PROYECTO,,PICO_FONDOS,NO_APLICA; OK | facon: ningún rubro de OPEX clasificado como 'facon',,,,,CASO_ARTIFICIAL,,,facon
ART-INTEGRADA,22334.635972,SIN_VALORES,CASO_PRUEBA_ARTIFICIAL_NO_ES_PROYECTO,,PICO_FONDOS,NO_APLICA; OK | gas: ningún rubro de OPEX clasificado como 'gas',,,,,CASO_ARTIFICIAL,,,gas
ART-INTEGRADA,22334.635972,SIN_VALORES,CASO_PRUEBA_ARTIFICIAL_NO_ES_PROYECTO,,PICO_FONDOS,NO_APLICA; OK | logistica: ningún rubro de OPEX clasificado como 'logistica',,,,,CASO_ARTIFICIAL,,,logistica
ART-INTEGRADA,22334.635972,SIN_VALORES,CASO_PRUEBA_ARTIFICIAL_NO_ES_PROYECTO,,PICO_FONDOS,NO_APLICA; OK | packaging: ningún rubro de OPEX clasificado como 'packaging',,,,,CASO_ARTIFICIAL,,,packaging
ART-INTEGRADA,22334.635972,SIN_VALORES,CASO_PRUEBA_ARTIFICIAL_NO_ES_PROYECTO,,PICO_FONDOS,NO_APLICA; OK | precio_cortes: el escenario no tiene precios de este grupo,,,,,CASO_ARTIFICIAL,,,precio_cortes
ART-INTEGRADA,22334.635972,SIN_VALORES,CASO_PRUEBA_ARTIFICIAL_NO_ES_PROYECTO,,PICO_FONDOS,NO_APLICA; OK | precio_menudencias: el escenario no tiene precios de este grupo,,,,,CASO_ARTIFICIAL,,,precio_menudencias
ART-INTEGRADA,22334.635972,SIN_VALORES,CASO_PRUEBA_ARTIFICIAL_NO_ES_PROYECTO,,PICO_FONDOS,NO_APLICA; OK | precio_patas_garras: el escenario no tiene precios de este grupo,,,,,CASO_ARTIFICIAL,,,precio_patas_garras
ART-INTEGRADA,22334.635972,SIN_VALORES,CASO_PRUEBA_ARTIFICIAL_NO_ES_PROYECTO,,PICO_FONDOS,NO_APLICA; OK | precio_subproductos: el escenario no tiene precios de este grupo,,,,,CASO_ARTIFICIAL,,,precio_subproductos
ART-INTEGRADA,22334.635972,SIN_VALORES,CASO_PRUEBA_ARTIFICIAL_NO_ES_PROYECTO,,PICO_FONDOS,NO_APLICA; OK | soja: ningún rubro de OPEX clasificado como 'soja',,,,,CASO_ARTIFICIAL,,,soja
ART-INTEGRADA,5.224926,OK_PARCIAL,CASO_PRUEBA_ARTIFICIAL_NO_ES_PROYECTO,3.748197,PAYBACK,1 shocks sin valor (no definidos / no aplicables),1,-0.2,0.3,5.505739,CASO_ARTIFICIAL,8.973123,3.467384,precio_venta
ART-INTEGRADA,5.224926,OK_PARCIAL,CASO_PRUEBA_ARTIFICIAL_NO_ES_PROYECTO,3.748197,PAYBACK,1 shocks sin valor (no definidos / no aplicables),2,-0.2,0.3,5.505739,CASO_ARTIFICIAL,8.973123,3.467384,precio_pollo_entero
ART-INTEGRADA,5.224926,OK,CASO_PRUEBA_ARTIFICIAL_NO_ES_PROYECTO,4.347066,PAYBACK,,3,-0.3,0.3,4.706193,CASO_ARTIFICIAL,9.571993,4.8658,peso_vivo
ART-INTEGRADA,5.224926,OK_PARCIAL,CASO_PRUEBA_ARTIFICIAL_NO_ES_PROYECTO,3.748197,PAYBACK,4 shocks sin valor (no definidos / no aplicables),4,-0.2,0,3.748197,CASO_ARTIFICIAL,8.973123,5.224926,rendimiento_faena
ART-INTEGRADA,5.224926,OK,CASO_PRUEBA_ARTIFICIAL_NO_ES_PROYECTO,2.747756,PAYBACK,,5,-0.3,0.3,3.49803,CASO_ARTIFICIAL,7.972682,4.474653,eficiencia_linea
ART-INTEGRADA,5.224926,OK,CASO_PRUEBA_ARTIFICIAL_NO_ES_PROYECTO,3.185041,PAYBACK,,6,-0.3,0.3,3.30166,CASO_ARTIFICIAL,8.409968,5.108308,utilizacion
ART-INTEGRADA,5.224926,OK,CASO_PRUEBA_ARTIFICIAL_NO_ES_PROYECTO,3.011867,PAYBACK,,7,-0.3,0,3.011867,CASO_ARTIFICIAL,8.236793,5.224926,demanda
ART-INTEGRADA,5.224926,OK,CASO_PRUEBA_ARTIFICIAL_NO_ES_PROYECTO,1.098412,PAYBACK,,8,0.3,-0.3,2.118915,CASO_ARTIFICIAL,6.245429,4.126514,capex
ART-INTEGRADA,5.224926,OK,CASO_PRUEBA_ARTIFICIAL_NO_ES_PROYECTO,1.053383,PAYBACK,,9,0.3,-0.3,1.763004,CASO_ARTIFICIAL,6.278309,4.515305,alimento
ART-INTEGRADA,5.224926,OK,CASO_PRUEBA_ARTIFICIAL_NO_ES_PROYECTO,1.053383,PAYBACK,,10,0.3,-0.3,1.763004,CASO_ARTIFICIAL,6.278309,4.515305,fcr
ART-INTEGRADA,5.224926,OK,CASO_PRUEBA_ARTIFICIAL_NO_ES_PROYECTO,0.649136,PAYBACK,,11,0.3,-0.3,1.270248,CASO_ARTIFICIAL,5.846039,4.575791,capex_equipos
ART-INTEGRADA,5.224926,OK,CASO_PRUEBA_ARTIFICIAL_NO_ES_PROYECTO,0.711219,PAYBACK,,12,0.3,-0.3,1.251607,CASO_ARTIFICIAL,5.936146,4.684539,salarios
ART-INTEGRADA,5.224926,OK,CASO_PRUEBA_ARTIFICIAL_NO_ES_PROYECTO,0.429527,PAYBACK,,13,0.3,-0.3,0.846603,CASO_ARTIFICIAL,5.642002,4.795399,capex_obra
ART-INTEGRADA,5.224926,OK,CASO_PRUEBA_ARTIFICIAL_NO_ES_PROYECTO,0.486063,PAYBACK,,14,-0.3,0.3,0.710491,CASO_ARTIFICIAL,5.710989,5.000498,fx
ART-INTEGRADA,5.224926,OK,CASO_PRUEBA_ARTIFICIAL_NO_ES_PROYECTO,0.335646,PAYBACK,,15,0.3,-0.3,0.623852,CASO_ARTIFICIAL,5.560573,4.936721,tasa_ganancias
ART-INTEGRADA,5.224926,OK,CASO_PRUEBA_ARTIFICIAL_NO_ES_PROYECTO,0.274736,PAYBACK,,16,30,-30,0.549472,CASO_ARTIFICIAL,5.499662,4.950191,dias_cobro
ART-INTEGRADA,5.224926,OK,CASO_PRUEBA_ARTIFICIAL_NO_ES_PROYECTO,0.270202,PAYBACK,,17,0.3,-0.3,0.51054,CASO_ARTIFICIAL,5.495128,4.984589,pollito
ART-INTEGRADA,5.224926,OK,CASO_PRUEBA_ARTIFICIAL_NO_ES_PROYECTO,0.17648,PAYBACK,,18,0.3,-0.3,0.339712,CASO_ARTIFICIAL,5.401406,5.061694,maiz
ART-INTEGRADA,5.224926,OK,CASO_PRUEBA_ARTIFICIAL_NO_ES_PROYECTO,0.144896,PAYBACK,,19,0.3,-0.3,0.281025,CASO_ARTIFICIAL,5.369823,5.088797,mantenimiento
ART-INTEGRADA,5.224926,OK,CASO_PRUEBA_ARTIFICIAL_NO_ES_PROYECTO,0.17171,PAYBACK,,20,-30,30,0.257565,CASO_ARTIFICIAL,5.310781,5.053216,dias_pago
ART-INTEGRADA,5.224926,OK,CASO_PRUEBA_ARTIFICIAL_NO_ES_PROYECTO,0.077682,PAYBACK,,21,0.3,-0.3,0.152685,CASO_ARTIFICIAL,5.302608,5.149924,electricidad
ART-INTEGRADA,5.224926,OK,CASO_PRUEBA_ARTIFICIAL_NO_ES_PROYECTO,0.094652,PAYBACK,,22,0.2,-0.3,0.123322,CASO_ARTIFICIAL,5.319578,5.196257,rampup
ART-INTEGRADA,5.224926,OK,CASO_PRUEBA_ARTIFICIAL_NO_ES_PROYECTO,0.03043,PAYBACK,,23,0.3,-0.3,0.043583,CASO_ARTIFICIAL,5.255357,5.211773,condenas
ART-INTEGRADA,5.224926,OK,CASO_PRUEBA_ARTIFICIAL_NO_ES_PROYECTO,0.013647,PAYBACK,,24,0.3,-0.3,0.026788,CASO_ARTIFICIAL,5.238573,5.211785,mortalidad
ART-INTEGRADA,5.224926,OK,CASO_PRUEBA_ARTIFICIAL_NO_ES_PROYECTO,0.003159,PAYBACK,,25,0.3,-0.3,0.006318,CASO_ARTIFICIAL,5.228085,5.221768,merma
ART-INTEGRADA,5.224926,OK,CASO_PRUEBA_ARTIFICIAL_NO_ES_PROYECTO,0,PAYBACK,,26,-0.3,-0.3,0,CASO_ARTIFICIAL,5.224926,5.224926,descuentos
ART-INTEGRADA,5.224926,OK,CASO_PRUEBA_ARTIFICIAL_NO_ES_PROYECTO,0,PAYBACK,,27,-0.3,-0.3,0,CASO_ARTIFICIAL,5.224926,5.224926,devoluciones
ART-INTEGRADA,5.224926,OK,CASO_PRUEBA_ARTIFICIAL_NO_ES_PROYECTO,0,PAYBACK,,28,-0.3,-0.3,0,CASO_ARTIFICIAL,5.224926,5.224926,tasa_descuento
ART-INTEGRADA,5.224926,OK,CASO_PRUEBA_ARTIFICIAL_NO_ES_PROYECTO,0,PAYBACK,,29,-0.3,-0.3,0,CASO_ARTIFICIAL,5.224926,5.224926,tasa_deuda
ART-INTEGRADA,5.224926,OK,CASO_PRUEBA_ARTIFICIAL_NO_ES_PROYECTO,0,PAYBACK,,30,-24,-24,0,CASO_ARTIFICIAL,5.224926,5.224926,plazo_deuda
ART-INTEGRADA,5.224926,OK,CASO_PRUEBA_ARTIFICIAL_NO_ES_PROYECTO,0,PAYBACK,,31,-0.3,-0.3,0,CASO_ARTIFICIAL,5.224926,5.224926,iibb
ART-INTEGRADA,5.224926,SIN_VALORES,CASO_PRUEBA_ARTIFICIAL_NO_ES_PROYECTO,,PAYBACK,NO_APLICA; OK | agua: ningún rubro de OPEX clasificado como 'agua',,,,,CASO_ARTIFICIAL,,,agua
ART-INTEGRADA,5.224926,SIN_VALORES,CASO_PRUEBA_ARTIFICIAL_NO_ES_PROYECTO,,PAYBACK,"NO_APLICA; OK | capex_frio: ningún activo de la clase ('FRIO',)",,,,,CASO_ARTIFICIAL,,,capex_frio
ART-INTEGRADA,5.224926,SIN_VALORES,CASO_PRUEBA_ARTIFICIAL_NO_ES_PROYECTO,,PAYBACK,NO_APLICA; OK | facon: ningún rubro de OPEX clasificado como 'facon',,,,,CASO_ARTIFICIAL,,,facon
ART-INTEGRADA,5.224926,SIN_VALORES,CASO_PRUEBA_ARTIFICIAL_NO_ES_PROYECTO,,PAYBACK,NO_APLICA; OK | gas: ningún rubro de OPEX clasificado como 'gas',,,,,CASO_ARTIFICIAL,,,gas
ART-INTEGRADA,5.224926,SIN_VALORES,CASO_PRUEBA_ARTIFICIAL_NO_ES_PROYECTO,,PAYBACK,NO_APLICA; OK | logistica: ningún rubro de OPEX clasificado como 'logistica',,,,,CASO_ARTIFICIAL,,,logistica
ART-INTEGRADA,5.224926,SIN_VALORES,CASO_PRUEBA_ARTIFICIAL_NO_ES_PROYECTO,,PAYBACK,NO_APLICA; OK | packaging: ningún rubro de OPEX clasificado como 'packaging',,,,,CASO_ARTIFICIAL,,,packaging
ART-INTEGRADA,5.224926,SIN_VALORES,CASO_PRUEBA_ARTIFICIAL_NO_ES_PROYECTO,,PAYBACK,NO_APLICA; OK | precio_cortes: el escenario no tiene precios de este grupo,,,,,CASO_ARTIFICIAL,,,precio_cortes
ART-INTEGRADA,5.224926,SIN_VALORES,CASO_PRUEBA_ARTIFICIAL_NO_ES_PROYECTO,,PAYBACK,NO_APLICA; OK | precio_menudencias: el escenario no tiene precios de este grupo,,,,,CASO_ARTIFICIAL,,,precio_menudencias
ART-INTEGRADA,5.224926,SIN_VALORES,CASO_PRUEBA_ARTIFICIAL_NO_ES_PROYECTO,,PAYBACK,NO_APLICA; OK | precio_patas_garras: el escenario no tiene precios de este grupo,,,,,CASO_ARTIFICIAL,,,precio_patas_garras
ART-INTEGRADA,5.224926,SIN_VALORES,CASO_PRUEBA_ARTIFICIAL_NO_ES_PROYECTO,,PAYBACK,NO_APLICA; OK | precio_subproductos: el escenario no tiene precios de este grupo,,,,,CASO_ARTIFICIAL,,,precio_subproductos
ART-INTEGRADA,5.224926,SIN_VALORES,CASO_PRUEBA_ARTIFICIAL_NO_ES_PROYECTO,,PAYBACK,NO_APLICA; OK | soja: ningún rubro de OPEX clasificado como 'soja',,,,,CASO_ARTIFICIAL,,,soja
ART-INTEGRADA,-0.320982,OK,CASO_PRUEBA_ARTIFICIAL_NO_ES_PROYECTO,1.517615,DSCR,,1,-30,30,3.035231,CASO_ARTIFICIAL,1.196633,-1.838598,dias_cobro
ART-INTEGRADA,-0.320982,OK,CASO_PRUEBA_ARTIFICIAL_NO_ES_PROYECTO,0.863096,DSCR,,2,0.3,-0.3,1.71875,CASO_ARTIFICIAL,0.534672,-1.184078,precio_venta
ART-INTEGRADA,-0.320982,OK,CASO_PRUEBA_ARTIFICIAL_NO_ES_PROYECTO,0.863096,DSCR,,3,0.3,-0.3,1.71875,CASO_ARTIFICIAL,0.534672,-1.184078,precio_pollo_entero
ART-INTEGRADA,-0.320982,OK,CASO_PRUEBA_ARTIFICIAL_NO_ES_PROYECTO,1.080793,DSCR,,4,30,-30,1.62119,CASO_ARTIFICIAL,0.759811,-0.861379,dias_pago
ART-INTEGRADA,-0.320982,OK,CASO_PRUEBA_ARTIFICIAL_NO_ES_PROYECTO,0.534565,DSCR,,5,0.3,-0.3,1.058726,CASO_ARTIFICIAL,0.213583,-0.845143,peso_vivo
ART-INTEGRADA,-0.320982,OK,CASO_PRUEBA_ARTIFICIAL_NO_ES_PROYECTO,0.673027,DSCR,,6,0.3,-0.3,1.035427,CASO_ARTIFICIAL,0.041417,-0.994009,eficiencia_linea
ART-INTEGRADA,-0.320982,OK_PARCIAL,CASO_PRUEBA_ARTIFICIAL_NO_ES_PROYECTO,0.863096,DSCR,3 shocks sin valor (no definidos / no aplicables),7,0,-0.3,0.863096,CASO_ARTIFICIAL,-0.320982,-1.184078,rendimiento_faena
ART-INTEGRADA,-0.320982,OK,CASO_PRUEBA_ARTIFICIAL_NO_ES_PROYECTO,0.406931,DSCR,,8,0.3,-0.3,0.798908,CASO_ARTIFICIAL,0.085949,-0.712959,utilizacion
ART-INTEGRADA,-0.320982,OK,CASO_PRUEBA_ARTIFICIAL_NO_ES_PROYECTO,0.39743,DSCR,,9,-0.3,0.3,0.79486,CASO_ARTIFICIAL,0.076448,-0.718412,salarios
ART-INTEGRADA,-0.320982,OK,CASO_PRUEBA_ARTIFICIAL_NO_ES_PROYECTO,0.338935,DSCR,,10,-0.3,0.3,0.677869,CASO_ARTIFICIAL,0.017953,-0.659917,alimento
ART-INTEGRADA,-0.320982,OK,CASO_PRUEBA_ARTIFICIAL_NO_ES_PROYECTO,0.338935,DSCR,,11,-0.3,0.3,0.677869,CASO_ARTIFICIAL,0.017953,-0.659917,fcr
ART-INTEGRADA,-0.320982,OK,CASO_PRUEBA_ARTIFICIAL_NO_ES_PROYECTO,0.283879,DSCR,,12,0.3,-0.3,0.436736,CASO_ARTIFICIAL,-0.168124,-0.604861,fx
ART-INTEGRADA,-0.320982,OK,CASO_PRUEBA_ARTIFICIAL_NO_ES_PROYECTO,0.132809,DSCR,,13,0.3,-0.3,0.204343,CASO_ARTIFICIAL,-0.249449,-0.453792,tasa_deuda
ART-INTEGRADA,-0.320982,OK,CASO_PRUEBA_ARTIFICIAL_NO_ES_PROYECTO,0.10168,DSCR,,14,-0.3,0.3,0.203361,CASO_ARTIFICIAL,-0.219302,-0.422662,pollito
ART-INTEGRADA,-0.320982,OK,CASO_PRUEBA_ARTIFICIAL_NO_ES_PROYECTO,0.090841,DSCR,,15,-0.3,0.3,0.181682,CASO_ARTIFICIAL,-0.230141,-0.411823,mantenimiento
ART-INTEGRADA,-0.320982,OK,CASO_PRUEBA_ARTIFICIAL_NO_ES_PROYECTO,0.067787,DSCR,,16,-0.3,0.3,0.135574,CASO_ARTIFICIAL,-0.253195,-0.388769,maiz
ART-INTEGRADA,-0.320982,OK,CASO_PRUEBA_ARTIFICIAL_NO_ES_PROYECTO,0.10091,DSCR,,17,0.1,-0.3,0.10091,CASO_ARTIFICIAL,-0.220072,-0.320982,rampup
ART-INTEGRADA,-0.320982,OK,CASO_PRUEBA_ARTIFICIAL_NO_ES_PROYECTO,0.030504,DSCR,,18,-0.3,0.3,0.061008,CASO_ARTIFICIAL,-0.290478,-0.351486,electricidad
ART-INTEGRADA,-0.320982,OK,CASO_PRUEBA_ARTIFICIAL_NO_ES_PROYECTO,0.017549,DSCR,,19,-0.3,0.3,0.035098,CASO_ARTIFICIAL,-0.303433,-0.338531,merma
ART-INTEGRADA,-0.320982,OK,CASO_PRUEBA_ARTIFICIAL_NO_ES_PROYECTO,0.034743,DSCR,,20,-0.3,-0.2,0.034743,CASO_ARTIFICIAL,-0.286239,-0.320982,demanda
ART-INTEGRADA,-0.320982,OK,CASO_PRUEBA_ARTIFICIAL_NO_ES_PROYECTO,0.008718,DSCR,,21,-0.3,0.3,0.017436,CASO_ARTIFICIAL,-0.312264,-0.3297,condenas
ART-INTEGRADA,-0.320982,OK,CASO_PRUEBA_ARTIFICIAL_NO_ES_PROYECTO,0.005437,DSCR,,22,-0.3,0.3,0.010706,CASO_ARTIFICIAL,-0.315714,-0.32642,mortalidad
ART-INTEGRADA,-0.320982,OK,CASO_PRUEBA_ARTIFICIAL_NO_ES_PROYECTO,0,DSCR,,23,-0.3,-0.3,0,CASO_ARTIFICIAL,-0.320982,-0.320982,capex
ART-INTEGRADA,-0.320982,OK,CASO_PRUEBA_ARTIFICIAL_NO_ES_PROYECTO,0,DSCR,,24,-0.3,-0.3,0,CASO_ARTIFICIAL,-0.320982,-0.320982,descuentos
ART-INTEGRADA,-0.320982,OK,CASO_PRUEBA_ARTIFICIAL_NO_ES_PROYECTO,0,DSCR,,25,-0.3,-0.3,0,CASO_ARTIFICIAL,-0.320982,-0.320982,devoluciones
ART-INTEGRADA,-0.320982,OK,CASO_PRUEBA_ARTIFICIAL_NO_ES_PROYECTO,0,DSCR,,26,-0.3,-0.3,0,CASO_ARTIFICIAL,-0.320982,-0.320982,tasa_descuento
ART-INTEGRADA,-0.320982,OK,CASO_PRUEBA_ARTIFICIAL_NO_ES_PROYECTO,0,DSCR,,27,-24,-24,0,CASO_ARTIFICIAL,-0.320982,-0.320982,plazo_deuda
ART-INTEGRADA,-0.320982,OK,CASO_PRUEBA_ARTIFICIAL_NO_ES_PROYECTO,0,DSCR,,28,-0.3,-0.3,0,CASO_ARTIFICIAL,-0.320982,-0.320982,tasa_ganancias
ART-INTEGRADA,-0.320982,OK,CASO_PRUEBA_ARTIFICIAL_NO_ES_PROYECTO,0,DSCR,,29,-0.3,-0.3,0,CASO_ARTIFICIAL,-0.320982,-0.320982,iibb
ART-INTEGRADA,-0.320982,OK,CASO_PRUEBA_ARTIFICIAL_NO_ES_PROYECTO,0,DSCR,,30,-0.3,-0.3,0,CASO_ARTIFICIAL,-0.320982,-0.320982,capex_equipos
ART-INTEGRADA,-0.320982,OK,CASO_PRUEBA_ARTIFICIAL_NO_ES_PROYECTO,0,DSCR,,31,-0.3,-0.3,0,CASO_ARTIFICIAL,-0.320982,-0.320982,capex_obra
ART-INTEGRADA,-0.320982,SIN_VALORES,CASO_PRUEBA_ARTIFICIAL_NO_ES_PROYECTO,,DSCR,NO_APLICA; OK | agua: ningún rubro de OPEX clasificado como 'agua',,,,,CASO_ARTIFICIAL,,,agua
ART-INTEGRADA,-0.320982,SIN_VALORES,CASO_PRUEBA_ARTIFICIAL_NO_ES_PROYECTO,,DSCR,"NO_APLICA; OK | capex_frio: ningún activo de la clase ('FRIO',)",,,,,CASO_ARTIFICIAL,,,capex_frio
ART-INTEGRADA,-0.320982,SIN_VALORES,CASO_PRUEBA_ARTIFICIAL_NO_ES_PROYECTO,,DSCR,NO_APLICA; OK | facon: ningún rubro de OPEX clasificado como 'facon',,,,,CASO_ARTIFICIAL,,,facon
ART-INTEGRADA,-0.320982,SIN_VALORES,CASO_PRUEBA_ARTIFICIAL_NO_ES_PROYECTO,,DSCR,NO_APLICA; OK | gas: ningún rubro de OPEX clasificado como 'gas',,,,,CASO_ARTIFICIAL,,,gas
ART-INTEGRADA,-0.320982,SIN_VALORES,CASO_PRUEBA_ARTIFICIAL_NO_ES_PROYECTO,,DSCR,NO_APLICA; OK | logistica: ningún rubro de OPEX clasificado como 'logistica',,,,,CASO_ARTIFICIAL,,,logistica
ART-INTEGRADA,-0.320982,SIN_VALORES,CASO_PRUEBA_ARTIFICIAL_NO_ES_PROYECTO,,DSCR,NO_APLICA; OK | packaging: ningún rubro de OPEX clasificado como 'packaging',,,,,CASO_ARTIFICIAL,,,packaging
ART-INTEGRADA,-0.320982,SIN_VALORES,CASO_PRUEBA_ARTIFICIAL_NO_ES_PROYECTO,,DSCR,NO_APLICA; OK | precio_cortes: el escenario no tiene precios de este grupo,,,,,CASO_ARTIFICIAL,,,precio_cortes
ART-INTEGRADA,-0.320982,SIN_VALORES,CASO_PRUEBA_ARTIFICIAL_NO_ES_PROYECTO,,DSCR,NO_APLICA; OK | precio_menudencias: el escenario no tiene precios de este grupo,,,,,CASO_ARTIFICIAL,,,precio_menudencias
ART-INTEGRADA,-0.320982,SIN_VALORES,CASO_PRUEBA_ARTIFICIAL_NO_ES_PROYECTO,,DSCR,NO_APLICA; OK | precio_patas_garras: el escenario no tiene precios de este grupo,,,,,CASO_ARTIFICIAL,,,precio_patas_garras
ART-INTEGRADA,-0.320982,SIN_VALORES,CASO_PRUEBA_ARTIFICIAL_NO_ES_PROYECTO,,DSCR,NO_APLICA; OK | precio_subproductos: el escenario no tiene precios de este grupo,,,,,CASO_ARTIFICIAL,,,precio_subproductos
ART-INTEGRADA,-0.320982,SIN_VALORES,CASO_PRUEBA_ARTIFICIAL_NO_ES_PROYECTO,,DSCR,NO_APLICA; OK | soja: ningún rubro de OPEX clasificado como 'soja',,,,,CASO_ARTIFICIAL,,,soja
