ESCENARIO,MODO,ETIQUETA,CONFIGURACION,ESCALAS,PERIODO,TIPO,FECHA_INICIO,ANIO_PROYECTO,ANIO_OPERATIVO,FASE,DEUDA_SALDO_INI,DEUDA_ALTA,DEUDA_INTERES,DEUDA_AMORT,DEUDA_COMISION,DEUDA_SALDO_FIN,ESTADO_PUBLICACION
EVI-C0-2500,EVIDENCIA,MODO_EVIDENCIA,C0,2500,—,,,,,SIN_LINEA_DE_TIEMPO,,,,,,,"NO_PUBLICABLE_POR_EVIDENCIA_INSUFICIENTE — falta: TIEMPO: horizonte de evaluación (DEC-007; 10 / 15 / 20 años como escenarios, ninguno elegido) | TIEMPO: duración de preoperación (DPV-086) | TIEMPO: duración de construcción (DPV-086) | TIEMPO: duración de commissioning (DPV-086) | RAMPUP: E1-2500: curva de ramp-up (DEC-090) | PRODUCCION: rendimientos del balance 04 v1.1 sin ensayo en planta (DPV-060, DEC-028) | DEMANDA: sin demanda contable: demanda A+B documentada ≈ 0 y no cuantificada (DPV-002, DPV-020, DPV-037, DPV-040); los ~90 supermercados son canal potencial, no clientes | PRECIOS: ningún precio de venta con evidencia E1–E3 en base_precios_venta.csv (DPV-013, DPV-039, DPV-070) | CANALES: condiciones comerciales por canal: descuentos, bonificaciones, devoluciones, comisiones, logística, plazos (DPV-039) | OPEX: E1-2500: OPEX por rubro (OPEX NO DISPONIBLE: 62 conceptos sin costo; módulos incompletos: FAENA_FACON, ALIMENTO_FACON, POLLITO_COMPRADO, ESTRUCTURA, GRANJAS_INTEGRADAS; costeo por bloques 9.5 %, arquitectura costeable = False (MONTO_CON_REFERENCIAS_DEBILES_E4); monto parcial USD 582,509/año NO usado como costo total) | IMPUESTOS_INGRESOS: pct_iibb (DPV-043) | IMPUESTOS_INGRESOS: pct_tasas_municipales (DPV-043) | IMPUESTOS_INGRESOS: otros_impuestos_usd_anio (DPV-043) | CAPEX: E1-2500: CAPEX total de la etapa (CAPEX NO DISPONIBLE: 21 conceptos sin costo; con precio 0/21 conceptos (SIN_MONTO)) | CAPEX: E1-2500: CURVA_DE_DESEMBOLSO_CAPEX (cronograma de obra y anticipos, DPV-086, DPV-167) | CT: días de cobro por canal (DPV-175) | CT: inventario materias_primas: propiedad PENDIENTE (DEC-024) | CT: inventario alimento: propiedad PENDIENTE (DEC-024) | CT: inventario packaging: días de stock | CT: inventario repuestos: días de stock | CT: inventario producto_terminado: días de stock | CT: inventario activo_biologico: días de stock | CT: inventario otros: días de stock | IVA: tratamiento del IVA (débito, crédito, saldo técnico, recupero de IVA de CAPEX; DPV-169, DPV-043) | FINANCIAMIENTO: estructura de financiamiento (DEC-092); USD 2 M no es capital confirmado (SUP-003)"
EVI-C0-5000,EVIDENCIA,MODO_EVIDENCIA,C0,5000,—,,,,,SIN_LINEA_DE_TIEMPO,,,,,,,"NO_PUBLICABLE_POR_EVIDENCIA_INSUFICIENTE — falta: TIEMPO: horizonte de evaluación (DEC-007; 10 / 15 / 20 años como escenarios, ninguno elegido) | TIEMPO: duración de preoperación (DPV-086) | TIEMPO: duración de construcción (DPV-086) | TIEMPO: duración de commissioning (DPV-086) | RAMPUP: E1-5000: curva de ramp-up (DEC-090) | PRODUCCION: rendimientos del balance 04 v1.1 sin ensayo en planta (DPV-060, DEC-028) | DEMANDA: sin demanda contable: demanda A+B documentada ≈ 0 y no cuantificada (DPV-002, DPV-020, DPV-037, DPV-040); los ~90 supermercados son canal potencial, no clientes | PRECIOS: ningún precio de venta con evidencia E1–E3 en base_precios_venta.csv (DPV-013, DPV-039, DPV-070) | CANALES: condiciones comerciales por canal: descuentos, bonificaciones, devoluciones, comisiones, logística, plazos (DPV-039) | OPEX: E1-5000: OPEX por rubro (OPEX NO DISPONIBLE: 67 conceptos sin costo; módulos incompletos: FAENA_FACON, ALIMENTO_FACON, POLLITO_COMPRADO, ESTRUCTURA, GRANJAS_INTEGRADAS; costeo por bloques 9.5 %, arquitectura costeable = False (MONTO_CON_REFERENCIAS_DEBILES_E4); monto parcial USD 1,165,019/año NO usado como costo total) | IMPUESTOS_INGRESOS: pct_iibb (DPV-043) | IMPUESTOS_INGRESOS: pct_tasas_municipales (DPV-043) | IMPUESTOS_INGRESOS: otros_impuestos_usd_anio (DPV-043) | CAPEX: E1-5000: CAPEX total de la etapa (CAPEX NO DISPONIBLE: 21 conceptos sin costo; con precio 0/21 conceptos (SIN_MONTO)) | CAPEX: E1-5000: CURVA_DE_DESEMBOLSO_CAPEX (cronograma de obra y anticipos, DPV-086, DPV-167) | CT: días de cobro por canal (DPV-175) | CT: inventario materias_primas: propiedad PENDIENTE (DEC-024) | CT: inventario alimento: propiedad PENDIENTE (DEC-024) | CT: inventario packaging: días de stock | CT: inventario repuestos: días de stock | CT: inventario producto_terminado: días de stock | CT: inventario activo_biologico: días de stock | CT: inventario otros: días de stock | IVA: tratamiento del IVA (débito, crédito, saldo técnico, recupero de IVA de CAPEX; DPV-169, DPV-043) | FINANCIAMIENTO: estructura de financiamiento (DEC-092); USD 2 M no es capital confirmado (SUP-003)"
EVI-C0-10000,EVIDENCIA,MODO_EVIDENCIA,C0,10000,—,,,,,SIN_LINEA_DE_TIEMPO,,,,,,,"NO_PUBLICABLE_POR_EVIDENCIA_INSUFICIENTE — falta: TIEMPO: horizonte de evaluación (DEC-007; 10 / 15 / 20 años como escenarios, ninguno elegido) | TIEMPO: duración de preoperación (DPV-086) | TIEMPO: duración de construcción (DPV-086) | TIEMPO: duración de commissioning (DPV-086) | RAMPUP: E1-10000: curva de ramp-up (DEC-090) | PRODUCCION: rendimientos del balance 04 v1.1 sin ensayo en planta (DPV-060, DEC-028) | DEMANDA: sin demanda contable: demanda A+B documentada ≈ 0 y no cuantificada (DPV-002, DPV-020, DPV-037, DPV-040); los ~90 supermercados son canal potencial, no clientes | PRECIOS: ningún precio de venta con evidencia E1–E3 en base_precios_venta.csv (DPV-013, DPV-039, DPV-070) | CANALES: condiciones comerciales por canal: descuentos, bonificaciones, devoluciones, comisiones, logística, plazos (DPV-039) | OPEX: E1-10000: OPEX por rubro (OPEX NO DISPONIBLE: 68 conceptos sin costo; módulos incompletos: FAENA_FACON, ALIMENTO_FACON, POLLITO_COMPRADO, ESTRUCTURA, GRANJAS_INTEGRADAS; costeo por bloques 9.5 %, arquitectura costeable = False (MONTO_CON_REFERENCIAS_DEBILES_E4); monto parcial USD 2,330,038/año NO usado como costo total) | IMPUESTOS_INGRESOS: pct_iibb (DPV-043) | IMPUESTOS_INGRESOS: pct_tasas_municipales (DPV-043) | IMPUESTOS_INGRESOS: otros_impuestos_usd_anio (DPV-043) | CAPEX: E1-10000: CAPEX total de la etapa (CAPEX NO DISPONIBLE: 21 conceptos sin costo; con precio 0/21 conceptos (SIN_MONTO)) | CAPEX: E1-10000: CURVA_DE_DESEMBOLSO_CAPEX (cronograma de obra y anticipos, DPV-086, DPV-167) | CT: días de cobro por canal (DPV-175) | CT: inventario materias_primas: propiedad PENDIENTE (DEC-024) | CT: inventario alimento: propiedad PENDIENTE (DEC-024) | CT: inventario packaging: días de stock | CT: inventario repuestos: días de stock | CT: inventario producto_terminado: días de stock | CT: inventario activo_biologico: días de stock | CT: inventario otros: días de stock | IVA: tratamiento del IVA (débito, crédito, saldo técnico, recupero de IVA de CAPEX; DPV-169, DPV-043) | FINANCIAMIENTO: estructura de financiamiento (DEC-092); USD 2 M no es capital confirmado (SUP-003)"
EVI-C0-20000,EVIDENCIA,MODO_EVIDENCIA,C0,20000,—,,,,,SIN_LINEA_DE_TIEMPO,,,,,,,"NO_PUBLICABLE_POR_EVIDENCIA_INSUFICIENTE — falta: TIEMPO: horizonte de evaluación (DEC-007; 10 / 15 / 20 años como escenarios, ninguno elegido) | TIEMPO: duración de preoperación (DPV-086) | TIEMPO: duración de construcción (DPV-086) | TIEMPO: duración de commissioning (DPV-086) | RAMPUP: E1-20000: curva de ramp-up (DEC-090) | PRODUCCION: rendimientos del balance 04 v1.1 sin ensayo en planta (DPV-060, DEC-028) | DEMANDA: sin demanda contable: demanda A+B documentada ≈ 0 y no cuantificada (DPV-002, DPV-020, DPV-037, DPV-040); los ~90 supermercados son canal potencial, no clientes | PRECIOS: ningún precio de venta con evidencia E1–E3 en base_precios_venta.csv (DPV-013, DPV-039, DPV-070) | CANALES: condiciones comerciales por canal: descuentos, bonificaciones, devoluciones, comisiones, logística, plazos (DPV-039) | OPEX: E1-20000: OPEX por rubro (OPEX NO DISPONIBLE: 68 conceptos sin costo; módulos incompletos: FAENA_FACON, ALIMENTO_FACON, POLLITO_COMPRADO, ESTRUCTURA, GRANJAS_INTEGRADAS; costeo por bloques 9.5 %, arquitectura costeable = False (MONTO_CON_REFERENCIAS_DEBILES_E4); monto parcial USD 4,660,076/año NO usado como costo total) | IMPUESTOS_INGRESOS: pct_iibb (DPV-043) | IMPUESTOS_INGRESOS: pct_tasas_municipales (DPV-043) | IMPUESTOS_INGRESOS: otros_impuestos_usd_anio (DPV-043) | CAPEX: E1-20000: CAPEX total de la etapa (CAPEX NO DISPONIBLE: 21 conceptos sin costo; con precio 0/21 conceptos (SIN_MONTO)) | CAPEX: E1-20000: CURVA_DE_DESEMBOLSO_CAPEX (cronograma de obra y anticipos, DPV-086, DPV-167) | CT: días de cobro por canal (DPV-175) | CT: inventario materias_primas: propiedad PENDIENTE (DEC-024) | CT: inventario alimento: propiedad PENDIENTE (DEC-024) | CT: inventario packaging: días de stock | CT: inventario repuestos: días de stock | CT: inventario producto_terminado: días de stock | CT: inventario activo_biologico: días de stock | CT: inventario otros: días de stock | IVA: tratamiento del IVA (débito, crédito, saldo técnico, recupero de IVA de CAPEX; DPV-169, DPV-043) | FINANCIAMIENTO: estructura de financiamiento (DEC-092); USD 2 M no es capital confirmado (SUP-003)"
EVI-C1-2500,EVIDENCIA,MODO_EVIDENCIA,C1,2500,—,,,,,SIN_LINEA_DE_TIEMPO,,,,,,,"NO_PUBLICABLE_POR_EVIDENCIA_INSUFICIENTE — falta: TIEMPO: horizonte de evaluación (DEC-007; 10 / 15 / 20 años como escenarios, ninguno elegido) | TIEMPO: duración de preoperación (DPV-086) | TIEMPO: duración de construcción (DPV-086) | TIEMPO: duración de commissioning (DPV-086) | RAMPUP: E1-2500: curva de ramp-up (DEC-090) | PRODUCCION: rendimientos del balance 04 v1.1 sin ensayo en planta (DPV-060, DEC-028) | DEMANDA: sin demanda contable: demanda A+B documentada ≈ 0 y no cuantificada (DPV-002, DPV-020, DPV-037, DPV-040); los ~90 supermercados son canal potencial, no clientes | PRECIOS: ningún precio de venta con evidencia E1–E3 en base_precios_venta.csv (DPV-013, DPV-039, DPV-070) | CANALES: condiciones comerciales por canal: descuentos, bonificaciones, devoluciones, comisiones, logística, plazos (DPV-039) | OPEX: E1-2500: OPEX por rubro (OPEX NO DISPONIBLE: 108 conceptos sin costo; módulos incompletos: FAENA_PROPIA, ALIMENTO_COMPRADO, POLLITO_COMPRADO, ESTRUCTURA, GRANJAS_INTEGRADAS; costeo por bloques 7.7 %, arquitectura costeable = False (MONTO_CON_REFERENCIAS_DEBILES_E4); monto parcial USD 582,509/año NO usado como costo total) | IMPUESTOS_INGRESOS: pct_iibb (DPV-043) | IMPUESTOS_INGRESOS: pct_tasas_municipales (DPV-043) | IMPUESTOS_INGRESOS: otros_impuestos_usd_anio (DPV-043) | CAPEX: E1-2500: CAPEX total de la etapa (CAPEX NO DISPONIBLE: 75 conceptos sin costo; terreno PROVISIONAL (criterio no seleccionado); con precio 1/76 conceptos (MONTO_CON_REFERENCIAS_DEBILES_E4); monto parcial USD 43,779 NO usado como total) | CAPEX: E1-2500: CURVA_DE_DESEMBOLSO_CAPEX (cronograma de obra y anticipos, DPV-086, DPV-167) | CT: días de cobro por canal (DPV-175) | CT: inventario alimento: días de stock | CT: inventario packaging: días de stock | CT: inventario repuestos: días de stock | CT: inventario producto_terminado: días de stock | CT: inventario activo_biologico: días de stock | CT: inventario otros: días de stock | IVA: tratamiento del IVA (débito, crédito, saldo técnico, recupero de IVA de CAPEX; DPV-169, DPV-043) | FINANCIAMIENTO: estructura de financiamiento (DEC-092); USD 2 M no es capital confirmado (SUP-003)"
EVI-C1-5000,EVIDENCIA,MODO_EVIDENCIA,C1,5000,—,,,,,SIN_LINEA_DE_TIEMPO,,,,,,,"NO_PUBLICABLE_POR_EVIDENCIA_INSUFICIENTE — falta: TIEMPO: horizonte de evaluación (DEC-007; 10 / 15 / 20 años como escenarios, ninguno elegido) | TIEMPO: duración de preoperación (DPV-086) | TIEMPO: duración de construcción (DPV-086) | TIEMPO: duración de commissioning (DPV-086) | RAMPUP: E1-5000: curva de ramp-up (DEC-090) | PRODUCCION: rendimientos del balance 04 v1.1 sin ensayo en planta (DPV-060, DEC-028) | DEMANDA: sin demanda contable: demanda A+B documentada ≈ 0 y no cuantificada (DPV-002, DPV-020, DPV-037, DPV-040); los ~90 supermercados son canal potencial, no clientes | PRECIOS: ningún precio de venta con evidencia E1–E3 en base_precios_venta.csv (DPV-013, DPV-039, DPV-070) | CANALES: condiciones comerciales por canal: descuentos, bonificaciones, devoluciones, comisiones, logística, plazos (DPV-039) | OPEX: E1-5000: OPEX por rubro (OPEX NO DISPONIBLE: 114 conceptos sin costo; módulos incompletos: FAENA_PROPIA, ALIMENTO_COMPRADO, POLLITO_COMPRADO, ESTRUCTURA, GRANJAS_INTEGRADAS; costeo por bloques 7.7 %, arquitectura costeable = False (MONTO_CON_REFERENCIAS_DEBILES_E4); monto parcial USD 1,165,019/año NO usado como costo total) | IMPUESTOS_INGRESOS: pct_iibb (DPV-043) | IMPUESTOS_INGRESOS: pct_tasas_municipales (DPV-043) | IMPUESTOS_INGRESOS: otros_impuestos_usd_anio (DPV-043) | CAPEX: E1-5000: CAPEX total de la etapa (CAPEX NO DISPONIBLE: 75 conceptos sin costo; terreno PROVISIONAL (criterio no seleccionado); con precio 1/76 conceptos (MONTO_CON_REFERENCIAS_DEBILES_E4); monto parcial USD 64,186 NO usado como total) | CAPEX: E1-5000: CURVA_DE_DESEMBOLSO_CAPEX (cronograma de obra y anticipos, DPV-086, DPV-167) | CT: días de cobro por canal (DPV-175) | CT: inventario alimento: días de stock | CT: inventario packaging: días de stock | CT: inventario repuestos: días de stock | CT: inventario producto_terminado: días de stock | CT: inventario activo_biologico: días de stock | CT: inventario otros: días de stock | IVA: tratamiento del IVA (débito, crédito, saldo técnico, recupero de IVA de CAPEX; DPV-169, DPV-043) | FINANCIAMIENTO: estructura de financiamiento (DEC-092); USD 2 M no es capital confirmado (SUP-003)"
EVI-C1-10000,EVIDENCIA,MODO_EVIDENCIA,C1,10000,—,,,,,SIN_LINEA_DE_TIEMPO,,,,,,,"NO_PUBLICABLE_POR_EVIDENCIA_INSUFICIENTE — falta: TIEMPO: horizonte de evaluación (DEC-007; 10 / 15 / 20 años como escenarios, ninguno elegido) | TIEMPO: duración de preoperación (DPV-086) | TIEMPO: duración de construcción (DPV-086) | TIEMPO: duración de commissioning (DPV-086) | RAMPUP: E1-10000: curva de ramp-up (DEC-090) | PRODUCCION: rendimientos del balance 04 v1.1 sin ensayo en planta (DPV-060, DEC-028) | DEMANDA: sin demanda contable: demanda A+B documentada ≈ 0 y no cuantificada (DPV-002, DPV-020, DPV-037, DPV-040); los ~90 supermercados son canal potencial, no clientes | PRECIOS: ningún precio de venta con evidencia E1–E3 en base_precios_venta.csv (DPV-013, DPV-039, DPV-070) | CANALES: condiciones comerciales por canal: descuentos, bonificaciones, devoluciones, comisiones, logística, plazos (DPV-039) | OPEX: E1-10000: OPEX por rubro (OPEX NO DISPONIBLE: 118 conceptos sin costo; módulos incompletos: FAENA_PROPIA, ALIMENTO_COMPRADO, POLLITO_COMPRADO, ESTRUCTURA, GRANJAS_INTEGRADAS; costeo por bloques 7.7 %, arquitectura costeable = False (MONTO_CON_REFERENCIAS_DEBILES_E4); monto parcial USD 2,330,038/año NO usado como costo total) | IMPUESTOS_INGRESOS: pct_iibb (DPV-043) | IMPUESTOS_INGRESOS: pct_tasas_municipales (DPV-043) | IMPUESTOS_INGRESOS: otros_impuestos_usd_anio (DPV-043) | CAPEX: E1-10000: CAPEX total de la etapa (CAPEX NO DISPONIBLE: 75 conceptos sin costo; terreno PROVISIONAL (criterio no seleccionado); con precio 1/76 conceptos (MONTO_CON_REFERENCIAS_DEBILES_E4); monto parcial USD 119,200 NO usado como total) | CAPEX: E1-10000: CURVA_DE_DESEMBOLSO_CAPEX (cronograma de obra y anticipos, DPV-086, DPV-167) | CT: días de cobro por canal (DPV-175) | CT: inventario alimento: días de stock | CT: inventario packaging: días de stock | CT: inventario repuestos: días de stock | CT: inventario producto_terminado: días de stock | CT: inventario activo_biologico: días de stock | CT: inventario otros: días de stock | IVA: tratamiento del IVA (débito, crédito, saldo técnico, recupero de IVA de CAPEX; DPV-169, DPV-043) | FINANCIAMIENTO: estructura de financiamiento (DEC-092); USD 2 M no es capital confirmado (SUP-003)"
EVI-C1-20000,EVIDENCIA,MODO_EVIDENCIA,C1,20000,—,,,,,SIN_LINEA_DE_TIEMPO,,,,,,,"NO_PUBLICABLE_POR_EVIDENCIA_INSUFICIENTE — falta: TIEMPO: horizonte de evaluación (DEC-007; 10 / 15 / 20 años como escenarios, ninguno elegido) | TIEMPO: duración de preoperación (DPV-086) | TIEMPO: duración de construcción (DPV-086) | TIEMPO: duración de commissioning (DPV-086) | RAMPUP: E1-20000: curva de ramp-up (DEC-090) | PRODUCCION: rendimientos del balance 04 v1.1 sin ensayo en planta (DPV-060, DEC-028) | DEMANDA: sin demanda contable: demanda A+B documentada ≈ 0 y no cuantificada (DPV-002, DPV-020, DPV-037, DPV-040); los ~90 supermercados son canal potencial, no clientes | PRECIOS: ningún precio de venta con evidencia E1–E3 en base_precios_venta.csv (DPV-013, DPV-039, DPV-070) | CANALES: condiciones comerciales por canal: descuentos, bonificaciones, devoluciones, comisiones, logística, plazos (DPV-039) | OPEX: E1-20000: OPEX por rubro (OPEX NO DISPONIBLE: 119 conceptos sin costo; módulos incompletos: FAENA_PROPIA, ALIMENTO_COMPRADO, POLLITO_COMPRADO, ESTRUCTURA, GRANJAS_INTEGRADAS; costeo por bloques 7.7 %, arquitectura costeable = False (MONTO_CON_REFERENCIAS_DEBILES_E4); monto parcial USD 4,660,076/año NO usado como costo total) | IMPUESTOS_INGRESOS: pct_iibb (DPV-043) | IMPUESTOS_INGRESOS: pct_tasas_municipales (DPV-043) | IMPUESTOS_INGRESOS: otros_impuestos_usd_anio (DPV-043) | CAPEX: E1-20000: CAPEX total de la etapa (CAPEX NO DISPONIBLE: 75 conceptos sin costo; terreno PROVISIONAL (criterio no seleccionado); con precio 1/76 conceptos (MONTO_CON_REFERENCIAS_DEBILES_E4); monto parcial USD 222,431 NO usado como total) | CAPEX: E1-20000: CURVA_DE_DESEMBOLSO_CAPEX (cronograma de obra y anticipos, DPV-086, DPV-167) | CT: días de cobro por canal (DPV-175) | CT: inventario alimento: días de stock | CT: inventario packaging: días de stock | CT: inventario repuestos: días de stock | CT: inventario producto_terminado: días de stock | CT: inventario activo_biologico: días de stock | CT: inventario otros: días de stock | IVA: tratamiento del IVA (débito, crédito, saldo técnico, recupero de IVA de CAPEX; DPV-169, DPV-043) | FINANCIAMIENTO: estructura de financiamiento (DEC-092); USD 2 M no es capital confirmado (SUP-003)"
EVI-C2-2500,EVIDENCIA,MODO_EVIDENCIA,C2,2500,—,,,,,SIN_LINEA_DE_TIEMPO,,,,,,,"NO_PUBLICABLE_POR_EVIDENCIA_INSUFICIENTE — falta: TIEMPO: horizonte de evaluación (DEC-007; 10 / 15 / 20 años como escenarios, ninguno elegido) | TIEMPO: duración de preoperación (DPV-086) | TIEMPO: duración de construcción (DPV-086) | TIEMPO: duración de commissioning (DPV-086) | RAMPUP: E1-2500: curva de ramp-up (DEC-090) | PRODUCCION: rendimientos del balance 04 v1.1 sin ensayo en planta (DPV-060, DEC-028) | DEMANDA: sin demanda contable: demanda A+B documentada ≈ 0 y no cuantificada (DPV-002, DPV-020, DPV-037, DPV-040); los ~90 supermercados son canal potencial, no clientes | PRECIOS: ningún precio de venta con evidencia E1–E3 en base_precios_venta.csv (DPV-013, DPV-039, DPV-070) | CANALES: condiciones comerciales por canal: descuentos, bonificaciones, devoluciones, comisiones, logística, plazos (DPV-039) | OPEX: E1-2500: OPEX por rubro (OPEX NO DISPONIBLE: 139 conceptos sin costo; módulos incompletos: FAENA_PROPIA, ALIMENTO_FACON, POLLITO_COMPRADO, ESTRUCTURA, GRANJAS_PROPIAS, GRANJAS_INTEGRADAS; costeo por bloques 4.9 %, arquitectura costeable = False (MONTO_CON_REFERENCIAS_DEBILES_E4); monto parcial USD 582,509/año NO usado como costo total) | IMPUESTOS_INGRESOS: pct_iibb (DPV-043) | IMPUESTOS_INGRESOS: pct_tasas_municipales (DPV-043) | IMPUESTOS_INGRESOS: otros_impuestos_usd_anio (DPV-043) | CAPEX: E1-2500: CAPEX total de la etapa (CAPEX NO DISPONIBLE: 94 conceptos sin costo; terreno PROVISIONAL (criterio no seleccionado); con precio 2/88 conceptos (MONTO_CON_REFERENCIAS_DEBILES_E4); monto parcial USD 389,936 NO usado como total) | CAPEX: E1-2500: CURVA_DE_DESEMBOLSO_CAPEX (cronograma de obra y anticipos, DPV-086, DPV-167) | CT: días de cobro por canal (DPV-175) | CT: inventario materias_primas: propiedad PENDIENTE (DEC-024) | CT: inventario alimento: propiedad PENDIENTE (DEC-024) | CT: inventario packaging: días de stock | CT: inventario repuestos: días de stock | CT: inventario producto_terminado: días de stock | CT: inventario activo_biologico: días de stock | CT: inventario otros: días de stock | IVA: tratamiento del IVA (débito, crédito, saldo técnico, recupero de IVA de CAPEX; DPV-169, DPV-043) | FINANCIAMIENTO: estructura de financiamiento (DEC-092); USD 2 M no es capital confirmado (SUP-003)"
EVI-C2-5000,EVIDENCIA,MODO_EVIDENCIA,C2,5000,—,,,,,SIN_LINEA_DE_TIEMPO,,,,,,,"NO_PUBLICABLE_POR_EVIDENCIA_INSUFICIENTE — falta: TIEMPO: horizonte de evaluación (DEC-007; 10 / 15 / 20 años como escenarios, ninguno elegido) | TIEMPO: duración de preoperación (DPV-086) | TIEMPO: duración de construcción (DPV-086) | TIEMPO: duración de commissioning (DPV-086) | RAMPUP: E1-5000: curva de ramp-up (DEC-090) | PRODUCCION: rendimientos del balance 04 v1.1 sin ensayo en planta (DPV-060, DEC-028) | DEMANDA: sin demanda contable: demanda A+B documentada ≈ 0 y no cuantificada (DPV-002, DPV-020, DPV-037, DPV-040); los ~90 supermercados son canal potencial, no clientes | PRECIOS: ningún precio de venta con evidencia E1–E3 en base_precios_venta.csv (DPV-013, DPV-039, DPV-070) | CANALES: condiciones comerciales por canal: descuentos, bonificaciones, devoluciones, comisiones, logística, plazos (DPV-039) | OPEX: E1-5000: OPEX por rubro (OPEX NO DISPONIBLE: 145 conceptos sin costo; módulos incompletos: FAENA_PROPIA, ALIMENTO_FACON, POLLITO_COMPRADO, ESTRUCTURA, GRANJAS_PROPIAS, GRANJAS_INTEGRADAS; costeo por bloques 4.9 %, arquitectura costeable = False (MONTO_CON_REFERENCIAS_DEBILES_E4); monto parcial USD 1,165,019/año NO usado como costo total) | IMPUESTOS_INGRESOS: pct_iibb (DPV-043) | IMPUESTOS_INGRESOS: pct_tasas_municipales (DPV-043) | IMPUESTOS_INGRESOS: otros_impuestos_usd_anio (DPV-043) | CAPEX: E1-5000: CAPEX total de la etapa (CAPEX NO DISPONIBLE: 94 conceptos sin costo; terreno PROVISIONAL (criterio no seleccionado); con precio 2/88 conceptos (MONTO_CON_REFERENCIAS_DEBILES_E4); monto parcial USD 756,501 NO usado como total) | CAPEX: E1-5000: CURVA_DE_DESEMBOLSO_CAPEX (cronograma de obra y anticipos, DPV-086, DPV-167) | CT: días de cobro por canal (DPV-175) | CT: inventario materias_primas: propiedad PENDIENTE (DEC-024) | CT: inventario alimento: propiedad PENDIENTE (DEC-024) | CT: inventario packaging: días de stock | CT: inventario repuestos: días de stock | CT: inventario producto_terminado: días de stock | CT: inventario activo_biologico: días de stock | CT: inventario otros: días de stock | IVA: tratamiento del IVA (débito, crédito, saldo técnico, recupero de IVA de CAPEX; DPV-169, DPV-043) | FINANCIAMIENTO: estructura de financiamiento (DEC-092); USD 2 M no es capital confirmado (SUP-003)"
EVI-C2-10000,EVIDENCIA,MODO_EVIDENCIA,C2,10000,—,,,,,SIN_LINEA_DE_TIEMPO,,,,,,,"NO_PUBLICABLE_POR_EVIDENCIA_INSUFICIENTE — falta: TIEMPO: horizonte de evaluación (DEC-007; 10 / 15 / 20 años como escenarios, ninguno elegido) | TIEMPO: duración de preoperación (DPV-086) | TIEMPO: duración de construcción (DPV-086) | TIEMPO: duración de commissioning (DPV-086) | RAMPUP: E1-10000: curva de ramp-up (DEC-090) | PRODUCCION: rendimientos del balance 04 v1.1 sin ensayo en planta (DPV-060, DEC-028) | DEMANDA: sin demanda contable: demanda A+B documentada ≈ 0 y no cuantificada (DPV-002, DPV-020, DPV-037, DPV-040); los ~90 supermercados son canal potencial, no clientes | PRECIOS: ningún precio de venta con evidencia E1–E3 en base_precios_venta.csv (DPV-013, DPV-039, DPV-070) | CANALES: condiciones comerciales por canal: descuentos, bonificaciones, devoluciones, comisiones, logística, plazos (DPV-039) | OPEX: E1-10000: OPEX por rubro (OPEX NO DISPONIBLE: 149 conceptos sin costo; módulos incompletos: FAENA_PROPIA, ALIMENTO_FACON, POLLITO_COMPRADO, ESTRUCTURA, GRANJAS_PROPIAS, GRANJAS_INTEGRADAS; costeo por bloques 4.9 %, arquitectura costeable = False (MONTO_CON_REFERENCIAS_DEBILES_E4); monto parcial USD 2,330,038/año NO usado como costo total) | IMPUESTOS_INGRESOS: pct_iibb (DPV-043) | IMPUESTOS_INGRESOS: pct_tasas_municipales (DPV-043) | IMPUESTOS_INGRESOS: otros_impuestos_usd_anio (DPV-043) | CAPEX: E1-10000: CAPEX total de la etapa (CAPEX NO DISPONIBLE: 94 conceptos sin costo; terreno PROVISIONAL (criterio no seleccionado); con precio 2/88 conceptos (MONTO_CON_REFERENCIAS_DEBILES_E4); monto parcial USD 1,503,829 NO usado como total) | CAPEX: E1-10000: CURVA_DE_DESEMBOLSO_CAPEX (cronograma de obra y anticipos, DPV-086, DPV-167) | CT: días de cobro por canal (DPV-175) | CT: inventario materias_primas: propiedad PENDIENTE (DEC-024) | CT: inventario alimento: propiedad PENDIENTE (DEC-024) | CT: inventario packaging: días de stock | CT: inventario repuestos: días de stock | CT: inventario producto_terminado: días de stock | CT: inventario activo_biologico: días de stock | CT: inventario otros: días de stock | IVA: tratamiento del IVA (débito, crédito, saldo técnico, recupero de IVA de CAPEX; DPV-169, DPV-043) | FINANCIAMIENTO: estructura de financiamiento (DEC-092); USD 2 M no es capital confirmado (SUP-003)"
EVI-C2-20000,EVIDENCIA,MODO_EVIDENCIA,C2,20000,—,,,,,SIN_LINEA_DE_TIEMPO,,,,,,,"NO_PUBLICABLE_POR_EVIDENCIA_INSUFICIENTE — falta: TIEMPO: horizonte de evaluación (DEC-007; 10 / 15 / 20 años como escenarios, ninguno elegido) | TIEMPO: duración de preoperación (DPV-086) | TIEMPO: duración de construcción (DPV-086) | TIEMPO: duración de commissioning (DPV-086) | RAMPUP: E1-20000: curva de ramp-up (DEC-090) | PRODUCCION: rendimientos del balance 04 v1.1 sin ensayo en planta (DPV-060, DEC-028) | DEMANDA: sin demanda contable: demanda A+B documentada ≈ 0 y no cuantificada (DPV-002, DPV-020, DPV-037, DPV-040); los ~90 supermercados son canal potencial, no clientes | PRECIOS: ningún precio de venta con evidencia E1–E3 en base_precios_venta.csv (DPV-013, DPV-039, DPV-070) | CANALES: condiciones comerciales por canal: descuentos, bonificaciones, devoluciones, comisiones, logística, plazos (DPV-039) | OPEX: E1-20000: OPEX por rubro (OPEX NO DISPONIBLE: 150 conceptos sin costo; módulos incompletos: FAENA_PROPIA, ALIMENTO_FACON, POLLITO_COMPRADO, ESTRUCTURA, GRANJAS_PROPIAS, GRANJAS_INTEGRADAS; costeo por bloques 4.9 %, arquitectura costeable = False (MONTO_CON_REFERENCIAS_DEBILES_E4); monto parcial USD 4,660,076/año NO usado como costo total) | IMPUESTOS_INGRESOS: pct_iibb (DPV-043) | IMPUESTOS_INGRESOS: pct_tasas_municipales (DPV-043) | IMPUESTOS_INGRESOS: otros_impuestos_usd_anio (DPV-043) | CAPEX: E1-20000: CAPEX total de la etapa (CAPEX NO DISPONIBLE: 94 conceptos sin costo; terreno PROVISIONAL (criterio no seleccionado); con precio 2/88 conceptos (MONTO_CON_REFERENCIAS_DEBILES_E4); monto parcial USD 2,991,687 NO usado como total) | CAPEX: E1-20000: CURVA_DE_DESEMBOLSO_CAPEX (cronograma de obra y anticipos, DPV-086, DPV-167) | CT: días de cobro por canal (DPV-175) | CT: inventario materias_primas: propiedad PENDIENTE (DEC-024) | CT: inventario alimento: propiedad PENDIENTE (DEC-024) | CT: inventario packaging: días de stock | CT: inventario repuestos: días de stock | CT: inventario producto_terminado: días de stock | CT: inventario activo_biologico: días de stock | CT: inventario otros: días de stock | IVA: tratamiento del IVA (débito, crédito, saldo técnico, recupero de IVA de CAPEX; DPV-169, DPV-043) | FINANCIAMIENTO: estructura de financiamiento (DEC-092); USD 2 M no es capital confirmado (SUP-003)"
EVI-C3-2500,EVIDENCIA,MODO_EVIDENCIA,C3,2500,—,,,,,SIN_LINEA_DE_TIEMPO,,,,,,,"NO_PUBLICABLE_POR_EVIDENCIA_INSUFICIENTE — falta: TIEMPO: horizonte de evaluación (DEC-007; 10 / 15 / 20 años como escenarios, ninguno elegido) | TIEMPO: duración de preoperación (DPV-086) | TIEMPO: duración de construcción (DPV-086) | TIEMPO: duración de commissioning (DPV-086) | RAMPUP: E1-2500: curva de ramp-up (DEC-090) | PRODUCCION: rendimientos del balance 04 v1.1 sin ensayo en planta (DPV-060, DEC-028) | DEMANDA: sin demanda contable: demanda A+B documentada ≈ 0 y no cuantificada (DPV-002, DPV-020, DPV-037, DPV-040); los ~90 supermercados son canal potencial, no clientes | PRECIOS: ningún precio de venta con evidencia E1–E3 en base_precios_venta.csv (DPV-013, DPV-039, DPV-070) | CANALES: condiciones comerciales por canal: descuentos, bonificaciones, devoluciones, comisiones, logística, plazos (DPV-039) | OPEX: E1-2500: OPEX por rubro (OPEX NO DISPONIBLE: 205 conceptos sin costo; módulos incompletos: FAENA_PROPIA, PLANTA_ALIMENTO_PROPIA, INCUBACION_PROPIA, ESTRUCTURA, GRANJAS_PROPIAS, TRATAMIENTO_SUBPRODUCTOS_PROPIO; costeo por bloques 0.0 %, arquitectura costeable = False (MONTO_CON_REFERENCIAS_DEBILES_E4); monto parcial USD 360,385/año NO usado como costo total) | IMPUESTOS_INGRESOS: pct_iibb (DPV-043) | IMPUESTOS_INGRESOS: pct_tasas_municipales (DPV-043) | IMPUESTOS_INGRESOS: otros_impuestos_usd_anio (DPV-043) | CAPEX: E1-2500: CAPEX total de la etapa (CAPEX NO DISPONIBLE: 144 conceptos sin costo; terreno PROVISIONAL (criterio no seleccionado); con precio 2/138 conceptos (MONTO_CON_REFERENCIAS_DEBILES_E4); monto parcial USD 1,428,407 NO usado como total) | CAPEX: E1-2500: CURVA_DE_DESEMBOLSO_CAPEX (cronograma de obra y anticipos, DPV-086, DPV-167) | CT: días de cobro por canal (DPV-175) | CT: inventario materias_primas: días de stock | CT: inventario alimento: días de stock | CT: inventario packaging: días de stock | CT: inventario repuestos: días de stock | CT: inventario producto_terminado: días de stock | CT: inventario activo_biologico: días de stock | CT: inventario otros: días de stock | IVA: tratamiento del IVA (débito, crédito, saldo técnico, recupero de IVA de CAPEX; DPV-169, DPV-043) | FINANCIAMIENTO: estructura de financiamiento (DEC-092); USD 2 M no es capital confirmado (SUP-003)"
EVI-C3-5000,EVIDENCIA,MODO_EVIDENCIA,C3,5000,—,,,,,SIN_LINEA_DE_TIEMPO,,,,,,,"NO_PUBLICABLE_POR_EVIDENCIA_INSUFICIENTE — falta: TIEMPO: horizonte de evaluación (DEC-007; 10 / 15 / 20 años como escenarios, ninguno elegido) | TIEMPO: duración de preoperación (DPV-086) | TIEMPO: duración de construcción (DPV-086) | TIEMPO: duración de commissioning (DPV-086) | RAMPUP: E1-5000: curva de ramp-up (DEC-090) | PRODUCCION: rendimientos del balance 04 v1.1 sin ensayo en planta (DPV-060, DEC-028) | DEMANDA: sin demanda contable: demanda A+B documentada ≈ 0 y no cuantificada (DPV-002, DPV-020, DPV-037, DPV-040); los ~90 supermercados son canal potencial, no clientes | PRECIOS: ningún precio de venta con evidencia E1–E3 en base_precios_venta.csv (DPV-013, DPV-039, DPV-070) | CANALES: condiciones comerciales por canal: descuentos, bonificaciones, devoluciones, comisiones, logística, plazos (DPV-039) | OPEX: E1-5000: OPEX por rubro (OPEX NO DISPONIBLE: 211 conceptos sin costo; módulos incompletos: FAENA_PROPIA, PLANTA_ALIMENTO_PROPIA, INCUBACION_PROPIA, ESTRUCTURA, GRANJAS_PROPIAS, TRATAMIENTO_SUBPRODUCTOS_PROPIO; costeo por bloques 0.0 %, arquitectura costeable = False (MONTO_CON_REFERENCIAS_DEBILES_E4); monto parcial USD 720,770/año NO usado como costo total) | IMPUESTOS_INGRESOS: pct_iibb (DPV-043) | IMPUESTOS_INGRESOS: pct_tasas_municipales (DPV-043) | IMPUESTOS_INGRESOS: otros_impuestos_usd_anio (DPV-043) | CAPEX: E1-5000: CAPEX total de la etapa (CAPEX NO DISPONIBLE: 144 conceptos sin costo; terreno PROVISIONAL (criterio no seleccionado); con precio 2/138 conceptos (MONTO_CON_REFERENCIAS_DEBILES_E4); monto parcial USD 2,833,443 NO usado como total) | CAPEX: E1-5000: CURVA_DE_DESEMBOLSO_CAPEX (cronograma de obra y anticipos, DPV-086, DPV-167) | CT: días de cobro por canal (DPV-175) | CT: inventario materias_primas: días de stock | CT: inventario alimento: días de stock | CT: inventario packaging: días de stock | CT: inventario repuestos: días de stock | CT: inventario producto_terminado: días de stock | CT: inventario activo_biologico: días de stock | CT: inventario otros: días de stock | IVA: tratamiento del IVA (débito, crédito, saldo técnico, recupero de IVA de CAPEX; DPV-169, DPV-043) | FINANCIAMIENTO: estructura de financiamiento (DEC-092); USD 2 M no es capital confirmado (SUP-003)"
EVI-C3-10000,EVIDENCIA,MODO_EVIDENCIA,C3,10000,—,,,,,SIN_LINEA_DE_TIEMPO,,,,,,,"NO_PUBLICABLE_POR_EVIDENCIA_INSUFICIENTE — falta: TIEMPO: horizonte de evaluación (DEC-007; 10 / 15 / 20 años como escenarios, ninguno elegido) | TIEMPO: duración de preoperación (DPV-086) | TIEMPO: duración de construcción (DPV-086) | TIEMPO: duración de commissioning (DPV-086) | RAMPUP: E1-10000: curva de ramp-up (DEC-090) | PRODUCCION: rendimientos del balance 04 v1.1 sin ensayo en planta (DPV-060, DEC-028) | DEMANDA: sin demanda contable: demanda A+B documentada ≈ 0 y no cuantificada (DPV-002, DPV-020, DPV-037, DPV-040); los ~90 supermercados son canal potencial, no clientes | PRECIOS: ningún precio de venta con evidencia E1–E3 en base_precios_venta.csv (DPV-013, DPV-039, DPV-070) | CANALES: condiciones comerciales por canal: descuentos, bonificaciones, devoluciones, comisiones, logística, plazos (DPV-039) | OPEX: E1-10000: OPEX por rubro (OPEX NO DISPONIBLE: 215 conceptos sin costo; módulos incompletos: FAENA_PROPIA, PLANTA_ALIMENTO_PROPIA, INCUBACION_PROPIA, ESTRUCTURA, GRANJAS_PROPIAS, TRATAMIENTO_SUBPRODUCTOS_PROPIO; costeo por bloques 0.0 %, arquitectura costeable = False (MONTO_CON_REFERENCIAS_DEBILES_E4); monto parcial USD 1,441,539/año NO usado como costo total) | IMPUESTOS_INGRESOS: pct_iibb (DPV-043) | IMPUESTOS_INGRESOS: pct_tasas_municipales (DPV-043) | IMPUESTOS_INGRESOS: otros_impuestos_usd_anio (DPV-043) | CAPEX: E1-10000: CAPEX total de la etapa (CAPEX NO DISPONIBLE: 144 conceptos sin costo; terreno PROVISIONAL (criterio no seleccionado); con precio 2/138 conceptos (MONTO_CON_REFERENCIAS_DEBILES_E4); monto parcial USD 5,657,713 NO usado como total) | CAPEX: E1-10000: CURVA_DE_DESEMBOLSO_CAPEX (cronograma de obra y anticipos, DPV-086, DPV-167) | CT: días de cobro por canal (DPV-175) | CT: inventario materias_primas: días de stock | CT: inventario alimento: días de stock | CT: inventario packaging: días de stock | CT: inventario repuestos: días de stock | CT: inventario producto_terminado: días de stock | CT: inventario activo_biologico: días de stock | CT: inventario otros: días de stock | IVA: tratamiento del IVA (débito, crédito, saldo técnico, recupero de IVA de CAPEX; DPV-169, DPV-043) | FINANCIAMIENTO: estructura de financiamiento (DEC-092); USD 2 M no es capital confirmado (SUP-003)"
EVI-C3-20000,EVIDENCIA,MODO_EVIDENCIA,C3,20000,—,,,,,SIN_LINEA_DE_TIEMPO,,,,,,,"NO_PUBLICABLE_POR_EVIDENCIA_INSUFICIENTE — falta: TIEMPO: horizonte de evaluación (DEC-007; 10 / 15 / 20 años como escenarios, ninguno elegido) | TIEMPO: duración de preoperación (DPV-086) | TIEMPO: duración de construcción (DPV-086) | TIEMPO: duración de commissioning (DPV-086) | RAMPUP: E1-20000: curva de ramp-up (DEC-090) | PRODUCCION: rendimientos del balance 04 v1.1 sin ensayo en planta (DPV-060, DEC-028) | DEMANDA: sin demanda contable: demanda A+B documentada ≈ 0 y no cuantificada (DPV-002, DPV-020, DPV-037, DPV-040); los ~90 supermercados son canal potencial, no clientes | PRECIOS: ningún precio de venta con evidencia E1–E3 en base_precios_venta.csv (DPV-013, DPV-039, DPV-070) | CANALES: condiciones comerciales por canal: descuentos, bonificaciones, devoluciones, comisiones, logística, plazos (DPV-039) | OPEX: E1-20000: OPEX por rubro (OPEX NO DISPONIBLE: 216 conceptos sin costo; módulos incompletos: FAENA_PROPIA, PLANTA_ALIMENTO_PROPIA, INCUBACION_PROPIA, ESTRUCTURA, GRANJAS_PROPIAS, TRATAMIENTO_SUBPRODUCTOS_PROPIO; costeo por bloques 0.0 %, arquitectura costeable = False (MONTO_CON_REFERENCIAS_DEBILES_E4); monto parcial USD 2,883,079/año NO usado como costo total) | IMPUESTOS_INGRESOS: pct_iibb (DPV-043) | IMPUESTOS_INGRESOS: pct_tasas_municipales (DPV-043) | IMPUESTOS_INGRESOS: otros_impuestos_usd_anio (DPV-043) | CAPEX: E1-20000: CAPEX total de la etapa (CAPEX NO DISPONIBLE: 144 conceptos sin costo; terreno PROVISIONAL (criterio no seleccionado); con precio 2/138 conceptos (MONTO_CON_REFERENCIAS_DEBILES_E4); monto parcial USD 11,299,457 NO usado como total) | CAPEX: E1-20000: CURVA_DE_DESEMBOLSO_CAPEX (cronograma de obra y anticipos, DPV-086, DPV-167) | CT: días de cobro por canal (DPV-175) | CT: inventario materias_primas: días de stock | CT: inventario alimento: días de stock | CT: inventario packaging: días de stock | CT: inventario repuestos: días de stock | CT: inventario producto_terminado: días de stock | CT: inventario activo_biologico: días de stock | CT: inventario otros: días de stock | IVA: tratamiento del IVA (débito, crédito, saldo técnico, recupero de IVA de CAPEX; DPV-169, DPV-043) | FINANCIAMIENTO: estructura de financiamiento (DEC-092); USD 2 M no es capital confirmado (SUP-003)"
EVI-CF-2500,EVIDENCIA,MODO_EVIDENCIA,CF,2500,—,,,,,SIN_LINEA_DE_TIEMPO,,,,,,,"NO_PUBLICABLE_POR_EVIDENCIA_INSUFICIENTE — falta: TIEMPO: horizonte de evaluación (DEC-007; 10 / 15 / 20 años como escenarios, ninguno elegido) | TIEMPO: duración de preoperación (DPV-086) | TIEMPO: duración de construcción (DPV-086) | TIEMPO: duración de commissioning (DPV-086) | RAMPUP: E1-2500: curva de ramp-up (DEC-090) | PRODUCCION: rendimientos del balance 04 v1.1 sin ensayo en planta (DPV-060, DEC-028) | DEMANDA: sin demanda contable: demanda A+B documentada ≈ 0 y no cuantificada (DPV-002, DPV-020, DPV-037, DPV-040); los ~90 supermercados son canal potencial, no clientes | PRECIOS: ningún precio de venta con evidencia E1–E3 en base_precios_venta.csv (DPV-013, DPV-039, DPV-070) | CANALES: condiciones comerciales por canal: descuentos, bonificaciones, devoluciones, comisiones, logística, plazos (DPV-039) | OPEX: E1-2500: OPEX por rubro (OPEX NO DISPONIBLE: 205 conceptos sin costo; módulos incompletos: FAENA_PROPIA, PLANTA_ALIMENTO_PROPIA, INCUBACION_PROPIA, ESTRUCTURA, GRANJAS_PROPIAS, TRATAMIENTO_SUBPRODUCTOS_PROPIO; costeo por bloques 0.0 %, arquitectura costeable = False (MONTO_CON_REFERENCIAS_DEBILES_E4); monto parcial USD 360,385/año NO usado como costo total) | IMPUESTOS_INGRESOS: pct_iibb (DPV-043) | IMPUESTOS_INGRESOS: pct_tasas_municipales (DPV-043) | IMPUESTOS_INGRESOS: otros_impuestos_usd_anio (DPV-043) | CAPEX: E1-2500: CAPEX total de la etapa (CAPEX NO DISPONIBLE: 144 conceptos sin costo; terreno PROVISIONAL (criterio no seleccionado); con precio 2/138 conceptos (MONTO_CON_REFERENCIAS_DEBILES_E4); monto parcial USD 1,428,407 NO usado como total) | CAPEX: E1-2500: CURVA_DE_DESEMBOLSO_CAPEX (cronograma de obra y anticipos, DPV-086, DPV-167) | CT: días de cobro por canal (DPV-175) | CT: inventario materias_primas: días de stock | CT: inventario alimento: días de stock | CT: inventario packaging: días de stock | CT: inventario repuestos: días de stock | CT: inventario producto_terminado: días de stock | CT: inventario activo_biologico: días de stock | CT: inventario otros: días de stock | IVA: tratamiento del IVA (débito, crédito, saldo técnico, recupero de IVA de CAPEX; DPV-169, DPV-043) | FINANCIAMIENTO: estructura de financiamiento (DEC-092); USD 2 M no es capital confirmado (SUP-003)"
EVI-CF-5000,EVIDENCIA,MODO_EVIDENCIA,CF,5000,—,,,,,SIN_LINEA_DE_TIEMPO,,,,,,,"NO_PUBLICABLE_POR_EVIDENCIA_INSUFICIENTE — falta: TIEMPO: horizonte de evaluación (DEC-007; 10 / 15 / 20 años como escenarios, ninguno elegido) | TIEMPO: duración de preoperación (DPV-086) | TIEMPO: duración de construcción (DPV-086) | TIEMPO: duración de commissioning (DPV-086) | RAMPUP: E1-5000: curva de ramp-up (DEC-090) | PRODUCCION: rendimientos del balance 04 v1.1 sin ensayo en planta (DPV-060, DEC-028) | DEMANDA: sin demanda contable: demanda A+B documentada ≈ 0 y no cuantificada (DPV-002, DPV-020, DPV-037, DPV-040); los ~90 supermercados son canal potencial, no clientes | PRECIOS: ningún precio de venta con evidencia E1–E3 en base_precios_venta.csv (DPV-013, DPV-039, DPV-070) | CANALES: condiciones comerciales por canal: descuentos, bonificaciones, devoluciones, comisiones, logística, plazos (DPV-039) | OPEX: E1-5000: OPEX por rubro (OPEX NO DISPONIBLE: 211 conceptos sin costo; módulos incompletos: FAENA_PROPIA, PLANTA_ALIMENTO_PROPIA, INCUBACION_PROPIA, ESTRUCTURA, GRANJAS_PROPIAS, TRATAMIENTO_SUBPRODUCTOS_PROPIO; costeo por bloques 0.0 %, arquitectura costeable = False (MONTO_CON_REFERENCIAS_DEBILES_E4); monto parcial USD 720,770/año NO usado como costo total) | IMPUESTOS_INGRESOS: pct_iibb (DPV-043) | IMPUESTOS_INGRESOS: pct_tasas_municipales (DPV-043) | IMPUESTOS_INGRESOS: otros_impuestos_usd_anio (DPV-043) | CAPEX: E1-5000: CAPEX total de la etapa (CAPEX NO DISPONIBLE: 144 conceptos sin costo; terreno PROVISIONAL (criterio no seleccionado); con precio 2/138 conceptos (MONTO_CON_REFERENCIAS_DEBILES_E4); monto parcial USD 2,833,443 NO usado como total) | CAPEX: E1-5000: CURVA_DE_DESEMBOLSO_CAPEX (cronograma de obra y anticipos, DPV-086, DPV-167) | CT: días de cobro por canal (DPV-175) | CT: inventario materias_primas: días de stock | CT: inventario alimento: días de stock | CT: inventario packaging: días de stock | CT: inventario repuestos: días de stock | CT: inventario producto_terminado: días de stock | CT: inventario activo_biologico: días de stock | CT: inventario otros: días de stock | IVA: tratamiento del IVA (débito, crédito, saldo técnico, recupero de IVA de CAPEX; DPV-169, DPV-043) | FINANCIAMIENTO: estructura de financiamiento (DEC-092); USD 2 M no es capital confirmado (SUP-003)"
EVI-CF-10000,EVIDENCIA,MODO_EVIDENCIA,CF,10000,—,,,,,SIN_LINEA_DE_TIEMPO,,,,,,,"NO_PUBLICABLE_POR_EVIDENCIA_INSUFICIENTE — falta: TIEMPO: horizonte de evaluación (DEC-007; 10 / 15 / 20 años como escenarios, ninguno elegido) | TIEMPO: duración de preoperación (DPV-086) | TIEMPO: duración de construcción (DPV-086) | TIEMPO: duración de commissioning (DPV-086) | RAMPUP: E1-10000: curva de ramp-up (DEC-090) | PRODUCCION: rendimientos del balance 04 v1.1 sin ensayo en planta (DPV-060, DEC-028) | DEMANDA: sin demanda contable: demanda A+B documentada ≈ 0 y no cuantificada (DPV-002, DPV-020, DPV-037, DPV-040); los ~90 supermercados son canal potencial, no clientes | PRECIOS: ningún precio de venta con evidencia E1–E3 en base_precios_venta.csv (DPV-013, DPV-039, DPV-070) | CANALES: condiciones comerciales por canal: descuentos, bonificaciones, devoluciones, comisiones, logística, plazos (DPV-039) | OPEX: E1-10000: OPEX por rubro (OPEX NO DISPONIBLE: 215 conceptos sin costo; módulos incompletos: FAENA_PROPIA, PLANTA_ALIMENTO_PROPIA, INCUBACION_PROPIA, ESTRUCTURA, GRANJAS_PROPIAS, TRATAMIENTO_SUBPRODUCTOS_PROPIO; costeo por bloques 0.0 %, arquitectura costeable = False (MONTO_CON_REFERENCIAS_DEBILES_E4); monto parcial USD 1,441,539/año NO usado como costo total) | IMPUESTOS_INGRESOS: pct_iibb (DPV-043) | IMPUESTOS_INGRESOS: pct_tasas_municipales (DPV-043) | IMPUESTOS_INGRESOS: otros_impuestos_usd_anio (DPV-043) | CAPEX: E1-10000: CAPEX total de la etapa (CAPEX NO DISPONIBLE: 144 conceptos sin costo; terreno PROVISIONAL (criterio no seleccionado); con precio 2/138 conceptos (MONTO_CON_REFERENCIAS_DEBILES_E4); monto parcial USD 5,657,713 NO usado como total) | CAPEX: E1-10000: CURVA_DE_DESEMBOLSO_CAPEX (cronograma de obra y anticipos, DPV-086, DPV-167) | CT: días de cobro por canal (DPV-175) | CT: inventario materias_primas: días de stock | CT: inventario alimento: días de stock | CT: inventario packaging: días de stock | CT: inventario repuestos: días de stock | CT: inventario producto_terminado: días de stock | CT: inventario activo_biologico: días de stock | CT: inventario otros: días de stock | IVA: tratamiento del IVA (débito, crédito, saldo técnico, recupero de IVA de CAPEX; DPV-169, DPV-043) | FINANCIAMIENTO: estructura de financiamiento (DEC-092); USD 2 M no es capital confirmado (SUP-003)"
EVI-CF-20000,EVIDENCIA,MODO_EVIDENCIA,CF,20000,—,,,,,SIN_LINEA_DE_TIEMPO,,,,,,,"NO_PUBLICABLE_POR_EVIDENCIA_INSUFICIENTE — falta: TIEMPO: horizonte de evaluación (DEC-007; 10 / 15 / 20 años como escenarios, ninguno elegido) | TIEMPO: duración de preoperación (DPV-086) | TIEMPO: duración de construcción (DPV-086) | TIEMPO: duración de commissioning (DPV-086) | RAMPUP: E1-20000: curva de ramp-up (DEC-090) | PRODUCCION: rendimientos del balance 04 v1.1 sin ensayo en planta (DPV-060, DEC-028) | DEMANDA: sin demanda contable: demanda A+B documentada ≈ 0 y no cuantificada (DPV-002, DPV-020, DPV-037, DPV-040); los ~90 supermercados son canal potencial, no clientes | PRECIOS: ningún precio de venta con evidencia E1–E3 en base_precios_venta.csv (DPV-013, DPV-039, DPV-070) | CANALES: condiciones comerciales por canal: descuentos, bonificaciones, devoluciones, comisiones, logística, plazos (DPV-039) | OPEX: E1-20000: OPEX por rubro (OPEX NO DISPONIBLE: 216 conceptos sin costo; módulos incompletos: FAENA_PROPIA, PLANTA_ALIMENTO_PROPIA, INCUBACION_PROPIA, ESTRUCTURA, GRANJAS_PROPIAS, TRATAMIENTO_SUBPRODUCTOS_PROPIO; costeo por bloques 0.0 %, arquitectura costeable = False (MONTO_CON_REFERENCIAS_DEBILES_E4); monto parcial USD 2,883,079/año NO usado como costo total) | IMPUESTOS_INGRESOS: pct_iibb (DPV-043) | IMPUESTOS_INGRESOS: pct_tasas_municipales (DPV-043) | IMPUESTOS_INGRESOS: otros_impuestos_usd_anio (DPV-043) | CAPEX: E1-20000: CAPEX total de la etapa (CAPEX NO DISPONIBLE: 144 conceptos sin costo; terreno PROVISIONAL (criterio no seleccionado); con precio 2/138 conceptos (MONTO_CON_REFERENCIAS_DEBILES_E4); monto parcial USD 11,299,457 NO usado como total) | CAPEX: E1-20000: CURVA_DE_DESEMBOLSO_CAPEX (cronograma de obra y anticipos, DPV-086, DPV-167) | CT: días de cobro por canal (DPV-175) | CT: inventario materias_primas: días de stock | CT: inventario alimento: días de stock | CT: inventario packaging: días de stock | CT: inventario repuestos: días de stock | CT: inventario producto_terminado: días de stock | CT: inventario activo_biologico: días de stock | CT: inventario otros: días de stock | IVA: tratamiento del IVA (débito, crédito, saldo técnico, recupero de IVA de CAPEX; DPV-169, DPV-043) | FINANCIAMIENTO: estructura de financiamiento (DEC-092); USD 2 M no es capital confirmado (SUP-003)"
EVI-C0-10000-FACON-MP-EMPRESA,EVIDENCIA,MODO_EVIDENCIA,C0,10000,—,,,,,SIN_LINEA_DE_TIEMPO,,,,,,,"NO_PUBLICABLE_POR_EVIDENCIA_INSUFICIENTE — falta: TIEMPO: horizonte de evaluación (DEC-007; 10 / 15 / 20 años como escenarios, ninguno elegido) | TIEMPO: duración de preoperación (DPV-086) | TIEMPO: duración de construcción (DPV-086) | TIEMPO: duración de commissioning (DPV-086) | RAMPUP: E1-10000: curva de ramp-up (DEC-090) | PRODUCCION: rendimientos del balance 04 v1.1 sin ensayo en planta (DPV-060, DEC-028) | DEMANDA: sin demanda contable: demanda A+B documentada ≈ 0 y no cuantificada (DPV-002, DPV-020, DPV-037, DPV-040); los ~90 supermercados son canal potencial, no clientes | PRECIOS: ningún precio de venta con evidencia E1–E3 en base_precios_venta.csv (DPV-013, DPV-039, DPV-070) | CANALES: condiciones comerciales por canal: descuentos, bonificaciones, devoluciones, comisiones, logística, plazos (DPV-039) | OPEX: E1-10000: OPEX por rubro (OPEX NO DISPONIBLE: 74 conceptos sin costo; módulos incompletos: FAENA_FACON, ALIMENTO_FACON, POLLITO_COMPRADO, ESTRUCTURA, GRANJAS_INTEGRADAS; costeo por bloques 8.3 %, arquitectura costeable = False (MONTO_CON_REFERENCIAS_DEBILES_E4); monto parcial USD 3,771,577/año NO usado como costo total) | IMPUESTOS_INGRESOS: pct_iibb (DPV-043) | IMPUESTOS_INGRESOS: pct_tasas_municipales (DPV-043) | IMPUESTOS_INGRESOS: otros_impuestos_usd_anio (DPV-043) | CAPEX: E1-10000: CAPEX total de la etapa (CAPEX NO DISPONIBLE: 21 conceptos sin costo; con precio 0/21 conceptos (SIN_MONTO)) | CAPEX: E1-10000: CURVA_DE_DESEMBOLSO_CAPEX (cronograma de obra y anticipos, DPV-086, DPV-167) | CT: días de cobro por canal (DPV-175) | CT: inventario materias_primas: días de stock | CT: inventario alimento: días de stock | CT: inventario packaging: días de stock | CT: inventario repuestos: días de stock | CT: inventario producto_terminado: días de stock | CT: inventario activo_biologico: días de stock | CT: inventario otros: días de stock | IVA: tratamiento del IVA (débito, crédito, saldo técnico, recupero de IVA de CAPEX; DPV-169, DPV-043) | FINANCIAMIENTO: estructura de financiamiento (DEC-092); USD 2 M no es capital confirmado (SUP-003)"
EVI-C0-10000-FACON-MP-ELABORADOR,EVIDENCIA,MODO_EVIDENCIA,C0,10000,—,,,,,SIN_LINEA_DE_TIEMPO,,,,,,,"NO_PUBLICABLE_POR_EVIDENCIA_INSUFICIENTE — falta: TIEMPO: horizonte de evaluación (DEC-007; 10 / 15 / 20 años como escenarios, ninguno elegido) | TIEMPO: duración de preoperación (DPV-086) | TIEMPO: duración de construcción (DPV-086) | TIEMPO: duración de commissioning (DPV-086) | RAMPUP: E1-10000: curva de ramp-up (DEC-090) | PRODUCCION: rendimientos del balance 04 v1.1 sin ensayo en planta (DPV-060, DEC-028) | DEMANDA: sin demanda contable: demanda A+B documentada ≈ 0 y no cuantificada (DPV-002, DPV-020, DPV-037, DPV-040); los ~90 supermercados son canal potencial, no clientes | PRECIOS: ningún precio de venta con evidencia E1–E3 en base_precios_venta.csv (DPV-013, DPV-039, DPV-070) | CANALES: condiciones comerciales por canal: descuentos, bonificaciones, devoluciones, comisiones, logística, plazos (DPV-039) | OPEX: E1-10000: OPEX por rubro (OPEX NO DISPONIBLE: 67 conceptos sin costo; módulos incompletos: FAENA_FACON, ALIMENTO_FACON, POLLITO_COMPRADO, ESTRUCTURA, GRANJAS_INTEGRADAS; costeo por bloques 10.0 %, arquitectura costeable = False (MONTO_CON_REFERENCIAS_DEBILES_E4); monto parcial USD 2,330,038/año NO usado como costo total) | IMPUESTOS_INGRESOS: pct_iibb (DPV-043) | IMPUESTOS_INGRESOS: pct_tasas_municipales (DPV-043) | IMPUESTOS_INGRESOS: otros_impuestos_usd_anio (DPV-043) | CAPEX: E1-10000: CAPEX total de la etapa (CAPEX NO DISPONIBLE: 21 conceptos sin costo; con precio 0/21 conceptos (SIN_MONTO)) | CAPEX: E1-10000: CURVA_DE_DESEMBOLSO_CAPEX (cronograma de obra y anticipos, DPV-086, DPV-167) | CT: días de cobro por canal (DPV-175) | CT: inventario alimento: días de stock | CT: inventario packaging: días de stock | CT: inventario repuestos: días de stock | CT: inventario producto_terminado: días de stock | CT: inventario activo_biologico: días de stock | CT: inventario otros: días de stock | IVA: tratamiento del IVA (débito, crédito, saldo técnico, recupero de IVA de CAPEX; DPV-169, DPV-043) | FINANCIAMIENTO: estructura de financiamiento (DEC-092); USD 2 M no es capital confirmado (SUP-003)"
EVI-C2-10000-FACON-MP-EMPRESA,EVIDENCIA,MODO_EVIDENCIA,C2,10000,—,,,,,SIN_LINEA_DE_TIEMPO,,,,,,,"NO_PUBLICABLE_POR_EVIDENCIA_INSUFICIENTE — falta: TIEMPO: horizonte de evaluación (DEC-007; 10 / 15 / 20 años como escenarios, ninguno elegido) | TIEMPO: duración de preoperación (DPV-086) | TIEMPO: duración de construcción (DPV-086) | TIEMPO: duración de commissioning (DPV-086) | RAMPUP: E1-10000: curva de ramp-up (DEC-090) | PRODUCCION: rendimientos del balance 04 v1.1 sin ensayo en planta (DPV-060, DEC-028) | DEMANDA: sin demanda contable: demanda A+B documentada ≈ 0 y no cuantificada (DPV-002, DPV-020, DPV-037, DPV-040); los ~90 supermercados son canal potencial, no clientes | PRECIOS: ningún precio de venta con evidencia E1–E3 en base_precios_venta.csv (DPV-013, DPV-039, DPV-070) | CANALES: condiciones comerciales por canal: descuentos, bonificaciones, devoluciones, comisiones, logística, plazos (DPV-039) | OPEX: E1-10000: OPEX por rubro (OPEX NO DISPONIBLE: 155 conceptos sin costo; módulos incompletos: FAENA_PROPIA, ALIMENTO_FACON, POLLITO_COMPRADO, ESTRUCTURA, GRANJAS_PROPIAS, GRANJAS_INTEGRADAS; costeo por bloques 4.5 %, arquitectura costeable = False (MONTO_CON_REFERENCIAS_DEBILES_E4); monto parcial USD 3,771,577/año NO usado como costo total) | IMPUESTOS_INGRESOS: pct_iibb (DPV-043) | IMPUESTOS_INGRESOS: pct_tasas_municipales (DPV-043) | IMPUESTOS_INGRESOS: otros_impuestos_usd_anio (DPV-043) | CAPEX: E1-10000: CAPEX total de la etapa (CAPEX NO DISPONIBLE: 94 conceptos sin costo; terreno PROVISIONAL (criterio no seleccionado); con precio 2/88 conceptos (MONTO_CON_REFERENCIAS_DEBILES_E4); monto parcial USD 1,503,829 NO usado como total) | CAPEX: E1-10000: CURVA_DE_DESEMBOLSO_CAPEX (cronograma de obra y anticipos, DPV-086, DPV-167) | CT: días de cobro por canal (DPV-175) | CT: inventario materias_primas: días de stock | CT: inventario alimento: días de stock | CT: inventario packaging: días de stock | CT: inventario repuestos: días de stock | CT: inventario producto_terminado: días de stock | CT: inventario activo_biologico: días de stock | CT: inventario otros: días de stock | IVA: tratamiento del IVA (débito, crédito, saldo técnico, recupero de IVA de CAPEX; DPV-169, DPV-043) | FINANCIAMIENTO: estructura de financiamiento (DEC-092); USD 2 M no es capital confirmado (SUP-003)"
EVI-C1-10000-congelado_tercero,EVIDENCIA,MODO_EVIDENCIA,C1,10000,—,,,,,SIN_LINEA_DE_TIEMPO,,,,,,,"NO_PUBLICABLE_POR_EVIDENCIA_INSUFICIENTE — falta: TIEMPO: horizonte de evaluación (DEC-007; 10 / 15 / 20 años como escenarios, ninguno elegido) | TIEMPO: duración de preoperación (DPV-086) | TIEMPO: duración de construcción (DPV-086) | TIEMPO: duración de commissioning (DPV-086) | RAMPUP: E1-10000: curva de ramp-up (DEC-090) | PRODUCCION: rendimientos del balance 04 v1.1 sin ensayo en planta (DPV-060, DEC-028) | DEMANDA: sin demanda contable: demanda A+B documentada ≈ 0 y no cuantificada (DPV-002, DPV-020, DPV-037, DPV-040); los ~90 supermercados son canal potencial, no clientes | PRECIOS: ningún precio de venta con evidencia E1–E3 en base_precios_venta.csv (DPV-013, DPV-039, DPV-070) | CANALES: condiciones comerciales por canal: descuentos, bonificaciones, devoluciones, comisiones, logística, plazos (DPV-039) | OPEX: E1-10000: OPEX por rubro (OPEX NO DISPONIBLE: 119 conceptos sin costo; módulos incompletos: FAENA_PROPIA, ALIMENTO_COMPRADO, POLLITO_COMPRADO, ESTRUCTURA, GRANJAS_INTEGRADAS; costeo por bloques 7.7 %, arquitectura costeable = False (MONTO_CON_REFERENCIAS_DEBILES_E4); monto parcial USD 2,330,038/año NO usado como costo total) | IMPUESTOS_INGRESOS: pct_iibb (DPV-043) | IMPUESTOS_INGRESOS: pct_tasas_municipales (DPV-043) | IMPUESTOS_INGRESOS: otros_impuestos_usd_anio (DPV-043) | CAPEX: E1-10000: CAPEX total de la etapa (CAPEX NO DISPONIBLE: 75 conceptos sin costo; terreno PROVISIONAL (criterio no seleccionado); con precio 1/76 conceptos (MONTO_CON_REFERENCIAS_DEBILES_E4); monto parcial USD 119,200 NO usado como total) | CAPEX: E1-10000: CURVA_DE_DESEMBOLSO_CAPEX (cronograma de obra y anticipos, DPV-086, DPV-167) | CT: días de cobro por canal (DPV-175) | CT: inventario alimento: días de stock | CT: inventario packaging: días de stock | CT: inventario repuestos: días de stock | CT: inventario producto_terminado: días de stock | CT: inventario activo_biologico: días de stock | CT: inventario otros: días de stock | IVA: tratamiento del IVA (débito, crédito, saldo técnico, recupero de IVA de CAPEX; DPV-169, DPV-043) | FINANCIAMIENTO: estructura de financiamiento (DEC-092); USD 2 M no es capital confirmado (SUP-003)"
EVI-C1-10000-congelado_propio,EVIDENCIA,MODO_EVIDENCIA,C1,10000,—,,,,,SIN_LINEA_DE_TIEMPO,,,,,,,"NO_PUBLICABLE_POR_EVIDENCIA_INSUFICIENTE — falta: TIEMPO: horizonte de evaluación (DEC-007; 10 / 15 / 20 años como escenarios, ninguno elegido) | TIEMPO: duración de preoperación (DPV-086) | TIEMPO: duración de construcción (DPV-086) | TIEMPO: duración de commissioning (DPV-086) | RAMPUP: E1-10000: curva de ramp-up (DEC-090) | PRODUCCION: rendimientos del balance 04 v1.1 sin ensayo en planta (DPV-060, DEC-028) | DEMANDA: sin demanda contable: demanda A+B documentada ≈ 0 y no cuantificada (DPV-002, DPV-020, DPV-037, DPV-040); los ~90 supermercados son canal potencial, no clientes | PRECIOS: ningún precio de venta con evidencia E1–E3 en base_precios_venta.csv (DPV-013, DPV-039, DPV-070) | CANALES: condiciones comerciales por canal: descuentos, bonificaciones, devoluciones, comisiones, logística, plazos (DPV-039) | OPEX: E1-10000: OPEX por rubro (OPEX NO DISPONIBLE: 118 conceptos sin costo; módulos incompletos: FAENA_PROPIA, ALIMENTO_COMPRADO, POLLITO_COMPRADO, ESTRUCTURA, GRANJAS_INTEGRADAS; costeo por bloques 7.7 %, arquitectura costeable = False (MONTO_CON_REFERENCIAS_DEBILES_E4); monto parcial USD 2,330,038/año NO usado como costo total) | IMPUESTOS_INGRESOS: pct_iibb (DPV-043) | IMPUESTOS_INGRESOS: pct_tasas_municipales (DPV-043) | IMPUESTOS_INGRESOS: otros_impuestos_usd_anio (DPV-043) | CAPEX: E1-10000: CAPEX total de la etapa (CAPEX NO DISPONIBLE: 75 conceptos sin costo; terreno PROVISIONAL (criterio no seleccionado); con precio 1/76 conceptos (MONTO_CON_REFERENCIAS_DEBILES_E4); monto parcial USD 119,200 NO usado como total) | CAPEX: E1-10000: CURVA_DE_DESEMBOLSO_CAPEX (cronograma de obra y anticipos, DPV-086, DPV-167) | CT: días de cobro por canal (DPV-175) | CT: inventario alimento: días de stock | CT: inventario packaging: días de stock | CT: inventario repuestos: días de stock | CT: inventario producto_terminado: días de stock | CT: inventario activo_biologico: días de stock | CT: inventario otros: días de stock | IVA: tratamiento del IVA (débito, crédito, saldo técnico, recupero de IVA de CAPEX; DPV-169, DPV-043) | FINANCIAMIENTO: estructura de financiamiento (DEC-092); USD 2 M no es capital confirmado (SUP-003)"
EVI-C1-10000-subprod_basico,EVIDENCIA,MODO_EVIDENCIA,C1,10000,—,,,,,SIN_LINEA_DE_TIEMPO,,,,,,,"NO_PUBLICABLE_POR_EVIDENCIA_INSUFICIENTE — falta: TIEMPO: horizonte de evaluación (DEC-007; 10 / 15 / 20 años como escenarios, ninguno elegido) | TIEMPO: duración de preoperación (DPV-086) | TIEMPO: duración de construcción (DPV-086) | TIEMPO: duración de commissioning (DPV-086) | RAMPUP: E1-10000: curva de ramp-up (DEC-090) | PRODUCCION: rendimientos del balance 04 v1.1 sin ensayo en planta (DPV-060, DEC-028) | DEMANDA: sin demanda contable: demanda A+B documentada ≈ 0 y no cuantificada (DPV-002, DPV-020, DPV-037, DPV-040); los ~90 supermercados son canal potencial, no clientes | PRECIOS: ningún precio de venta con evidencia E1–E3 en base_precios_venta.csv (DPV-013, DPV-039, DPV-070) | CANALES: condiciones comerciales por canal: descuentos, bonificaciones, devoluciones, comisiones, logística, plazos (DPV-039) | OPEX: E1-10000: OPEX por rubro (OPEX NO DISPONIBLE: 121 conceptos sin costo; módulos incompletos: FAENA_PROPIA, ALIMENTO_COMPRADO, POLLITO_COMPRADO, ESTRUCTURA, GRANJAS_INTEGRADAS, TRATAMIENTO_SUBPRODUCTOS_PROPIO; costeo por bloques 6.9 %, arquitectura costeable = False (MONTO_CON_REFERENCIAS_DEBILES_E4); monto parcial USD 2,330,038/año NO usado como costo total) | IMPUESTOS_INGRESOS: pct_iibb (DPV-043) | IMPUESTOS_INGRESOS: pct_tasas_municipales (DPV-043) | IMPUESTOS_INGRESOS: otros_impuestos_usd_anio (DPV-043) | CAPEX: E1-10000: CAPEX total de la etapa (CAPEX NO DISPONIBLE: 76 conceptos sin costo; terreno PROVISIONAL (criterio no seleccionado); con precio 1/77 conceptos (MONTO_CON_REFERENCIAS_DEBILES_E4); monto parcial USD 119,200 NO usado como total) | CAPEX: E1-10000: CURVA_DE_DESEMBOLSO_CAPEX (cronograma de obra y anticipos, DPV-086, DPV-167) | CT: días de cobro por canal (DPV-175) | CT: inventario alimento: días de stock | CT: inventario packaging: días de stock | CT: inventario repuestos: días de stock | CT: inventario producto_terminado: días de stock | CT: inventario activo_biologico: días de stock | CT: inventario otros: días de stock | IVA: tratamiento del IVA (débito, crédito, saldo técnico, recupero de IVA de CAPEX; DPV-169, DPV-043) | FINANCIAMIENTO: estructura de financiamiento (DEC-092); USD 2 M no es capital confirmado (SUP-003)"
EVI-C1-10000-llave_en_mano,EVIDENCIA,MODO_EVIDENCIA,C1,10000,—,,,,,SIN_LINEA_DE_TIEMPO,,,,,,,"NO_PUBLICABLE_POR_EVIDENCIA_INSUFICIENTE — falta: TIEMPO: horizonte de evaluación (DEC-007; 10 / 15 / 20 años como escenarios, ninguno elegido) | TIEMPO: duración de preoperación (DPV-086) | TIEMPO: duración de construcción (DPV-086) | TIEMPO: duración de commissioning (DPV-086) | RAMPUP: E1-10000: curva de ramp-up (DEC-090) | PRODUCCION: rendimientos del balance 04 v1.1 sin ensayo en planta (DPV-060, DEC-028) | DEMANDA: sin demanda contable: demanda A+B documentada ≈ 0 y no cuantificada (DPV-002, DPV-020, DPV-037, DPV-040); los ~90 supermercados son canal potencial, no clientes | PRECIOS: ningún precio de venta con evidencia E1–E3 en base_precios_venta.csv (DPV-013, DPV-039, DPV-070) | CANALES: condiciones comerciales por canal: descuentos, bonificaciones, devoluciones, comisiones, logística, plazos (DPV-039) | OPEX: E1-10000: OPEX por rubro (OPEX NO DISPONIBLE: 118 conceptos sin costo; módulos incompletos: FAENA_PROPIA, ALIMENTO_COMPRADO, POLLITO_COMPRADO, ESTRUCTURA, GRANJAS_INTEGRADAS; costeo por bloques 7.7 %, arquitectura costeable = False (MONTO_CON_REFERENCIAS_DEBILES_E4); monto parcial USD 2,330,038/año NO usado como costo total) | IMPUESTOS_INGRESOS: pct_iibb (DPV-043) | IMPUESTOS_INGRESOS: pct_tasas_municipales (DPV-043) | IMPUESTOS_INGRESOS: otros_impuestos_usd_anio (DPV-043) | CAPEX: E1-10000: CAPEX total de la etapa (CAPEX NO DISPONIBLE: 71 conceptos sin costo; terreno PROVISIONAL (criterio no seleccionado); con precio 1/72 conceptos (MONTO_CON_REFERENCIAS_DEBILES_E4); monto parcial USD 119,200 NO usado como total) | CAPEX: E1-10000: CURVA_DE_DESEMBOLSO_CAPEX (cronograma de obra y anticipos, DPV-086, DPV-167) | CT: días de cobro por canal (DPV-175) | CT: inventario alimento: días de stock | CT: inventario packaging: días de stock | CT: inventario repuestos: días de stock | CT: inventario producto_terminado: días de stock | CT: inventario activo_biologico: días de stock | CT: inventario otros: días de stock | IVA: tratamiento del IVA (débito, crédito, saldo técnico, recupero de IVA de CAPEX; DPV-169, DPV-043) | FINANCIAMIENTO: estructura de financiamiento (DEC-092); USD 2 M no es capital confirmado (SUP-003)"
EVI-C1-10000-manual,EVIDENCIA,MODO_EVIDENCIA,C1,10000,—,,,,,SIN_LINEA_DE_TIEMPO,,,,,,,"NO_PUBLICABLE_POR_EVIDENCIA_INSUFICIENTE — falta: TIEMPO: horizonte de evaluación (DEC-007; 10 / 15 / 20 años como escenarios, ninguno elegido) | TIEMPO: duración de preoperación (DPV-086) | TIEMPO: duración de construcción (DPV-086) | TIEMPO: duración de commissioning (DPV-086) | RAMPUP: E1-10000: curva de ramp-up (DEC-090) | PRODUCCION: rendimientos del balance 04 v1.1 sin ensayo en planta (DPV-060, DEC-028) | DEMANDA: sin demanda contable: demanda A+B documentada ≈ 0 y no cuantificada (DPV-002, DPV-020, DPV-037, DPV-040); los ~90 supermercados son canal potencial, no clientes | PRECIOS: ningún precio de venta con evidencia E1–E3 en base_precios_venta.csv (DPV-013, DPV-039, DPV-070) | CANALES: condiciones comerciales por canal: descuentos, bonificaciones, devoluciones, comisiones, logística, plazos (DPV-039) | OPEX: E1-10000: OPEX por rubro (OPEX NO DISPONIBLE: 118 conceptos sin costo; módulos incompletos: FAENA_PROPIA, ALIMENTO_COMPRADO, POLLITO_COMPRADO, ESTRUCTURA, GRANJAS_INTEGRADAS; costeo por bloques 7.7 %, arquitectura costeable = False (MONTO_CON_REFERENCIAS_DEBILES_E4); monto parcial USD 2,330,038/año NO usado como costo total) | IMPUESTOS_INGRESOS: pct_iibb (DPV-043) | IMPUESTOS_INGRESOS: pct_tasas_municipales (DPV-043) | IMPUESTOS_INGRESOS: otros_impuestos_usd_anio (DPV-043) | CAPEX: E1-10000: CAPEX total de la etapa (CAPEX NO DISPONIBLE: 75 conceptos sin costo; terreno PROVISIONAL (criterio no seleccionado); con precio 1/76 conceptos (MONTO_CON_REFERENCIAS_DEBILES_E4); monto parcial USD 119,200 NO usado como total) | CAPEX: E1-10000: CURVA_DE_DESEMBOLSO_CAPEX (cronograma de obra y anticipos, DPV-086, DPV-167) | CT: días de cobro por canal (DPV-175) | CT: inventario alimento: días de stock | CT: inventario packaging: días de stock | CT: inventario repuestos: días de stock | CT: inventario producto_terminado: días de stock | CT: inventario activo_biologico: días de stock | CT: inventario otros: días de stock | IVA: tratamiento del IVA (débito, crédito, saldo técnico, recupero de IVA de CAPEX; DPV-169, DPV-043) | FINANCIAMIENTO: estructura de financiamiento (DEC-092); USD 2 M no es capital confirmado (SUP-003)"
EVI-C1-10000-auto,EVIDENCIA,MODO_EVIDENCIA,C1,10000,—,,,,,SIN_LINEA_DE_TIEMPO,,,,,,,"NO_PUBLICABLE_POR_EVIDENCIA_INSUFICIENTE — falta: TIEMPO: horizonte de evaluación (DEC-007; 10 / 15 / 20 años como escenarios, ninguno elegido) | TIEMPO: duración de preoperación (DPV-086) | TIEMPO: duración de construcción (DPV-086) | TIEMPO: duración de commissioning (DPV-086) | RAMPUP: E1-10000: curva de ramp-up (DEC-090) | PRODUCCION: rendimientos del balance 04 v1.1 sin ensayo en planta (DPV-060, DEC-028) | DEMANDA: sin demanda contable: demanda A+B documentada ≈ 0 y no cuantificada (DPV-002, DPV-020, DPV-037, DPV-040); los ~90 supermercados son canal potencial, no clientes | PRECIOS: ningún precio de venta con evidencia E1–E3 en base_precios_venta.csv (DPV-013, DPV-039, DPV-070) | CANALES: condiciones comerciales por canal: descuentos, bonificaciones, devoluciones, comisiones, logística, plazos (DPV-039) | OPEX: E1-10000: OPEX por rubro (OPEX NO DISPONIBLE: 118 conceptos sin costo; módulos incompletos: FAENA_PROPIA, ALIMENTO_COMPRADO, POLLITO_COMPRADO, ESTRUCTURA, GRANJAS_INTEGRADAS; costeo por bloques 7.7 %, arquitectura costeable = False (MONTO_CON_REFERENCIAS_DEBILES_E4); monto parcial USD 2,330,038/año NO usado como costo total) | IMPUESTOS_INGRESOS: pct_iibb (DPV-043) | IMPUESTOS_INGRESOS: pct_tasas_municipales (DPV-043) | IMPUESTOS_INGRESOS: otros_impuestos_usd_anio (DPV-043) | CAPEX: E1-10000: CAPEX total de la etapa (CAPEX NO DISPONIBLE: 75 conceptos sin costo; terreno PROVISIONAL (criterio no seleccionado); con precio 1/76 conceptos (MONTO_CON_REFERENCIAS_DEBILES_E4); monto parcial USD 119,200 NO usado como total) | CAPEX: E1-10000: CURVA_DE_DESEMBOLSO_CAPEX (cronograma de obra y anticipos, DPV-086, DPV-167) | CT: días de cobro por canal (DPV-175) | CT: inventario alimento: días de stock | CT: inventario packaging: días de stock | CT: inventario repuestos: días de stock | CT: inventario producto_terminado: días de stock | CT: inventario activo_biologico: días de stock | CT: inventario otros: días de stock | IVA: tratamiento del IVA (débito, crédito, saldo técnico, recupero de IVA de CAPEX; DPV-169, DPV-043) | FINANCIAMIENTO: estructura de financiamiento (DEC-092); USD 2 M no es capital confirmado (SUP-003)"
EVI-C1-10000-6dias,EVIDENCIA,MODO_EVIDENCIA,C1,10000,—,,,,,SIN_LINEA_DE_TIEMPO,,,,,,,"NO_PUBLICABLE_POR_EVIDENCIA_INSUFICIENTE — falta: TIEMPO: horizonte de evaluación (DEC-007; 10 / 15 / 20 años como escenarios, ninguno elegido) | TIEMPO: duración de preoperación (DPV-086) | TIEMPO: duración de construcción (DPV-086) | TIEMPO: duración de commissioning (DPV-086) | RAMPUP: E1-10000: curva de ramp-up (DEC-090) | PRODUCCION: rendimientos del balance 04 v1.1 sin ensayo en planta (DPV-060, DEC-028) | DEMANDA: sin demanda contable: demanda A+B documentada ≈ 0 y no cuantificada (DPV-002, DPV-020, DPV-037, DPV-040); los ~90 supermercados son canal potencial, no clientes | PRECIOS: ningún precio de venta con evidencia E1–E3 en base_precios_venta.csv (DPV-013, DPV-039, DPV-070) | CANALES: condiciones comerciales por canal: descuentos, bonificaciones, devoluciones, comisiones, logística, plazos (DPV-039) | OPEX: E1-10000: OPEX por rubro (OPEX NO DISPONIBLE: 118 conceptos sin costo; módulos incompletos: FAENA_PROPIA, ALIMENTO_COMPRADO, POLLITO_COMPRADO, ESTRUCTURA, GRANJAS_INTEGRADAS; costeo por bloques 7.7 %, arquitectura costeable = False (MONTO_CON_REFERENCIAS_DEBILES_E4); monto parcial USD 2,796,045/año NO usado como costo total) | IMPUESTOS_INGRESOS: pct_iibb (DPV-043) | IMPUESTOS_INGRESOS: pct_tasas_municipales (DPV-043) | IMPUESTOS_INGRESOS: otros_impuestos_usd_anio (DPV-043) | CAPEX: E1-10000: CAPEX total de la etapa (CAPEX NO DISPONIBLE: 75 conceptos sin costo; terreno PROVISIONAL (criterio no seleccionado); con precio 1/76 conceptos (MONTO_CON_REFERENCIAS_DEBILES_E4); monto parcial USD 119,200 NO usado como total) | CAPEX: E1-10000: CURVA_DE_DESEMBOLSO_CAPEX (cronograma de obra y anticipos, DPV-086, DPV-167) | CT: días de cobro por canal (DPV-175) | CT: inventario alimento: días de stock | CT: inventario packaging: días de stock | CT: inventario repuestos: días de stock | CT: inventario producto_terminado: días de stock | CT: inventario activo_biologico: días de stock | CT: inventario otros: días de stock | IVA: tratamiento del IVA (débito, crédito, saldo técnico, recupero de IVA de CAPEX; DPV-169, DPV-043) | FINANCIAMIENTO: estructura de financiamiento (DEC-092); USD 2 M no es capital confirmado (SUP-003)"
EVI-C1-10000-parque,EVIDENCIA,MODO_EVIDENCIA,C1,10000,—,,,,,SIN_LINEA_DE_TIEMPO,,,,,,,"NO_PUBLICABLE_POR_EVIDENCIA_INSUFICIENTE — falta: TIEMPO: horizonte de evaluación (DEC-007; 10 / 15 / 20 años como escenarios, ninguno elegido) | TIEMPO: duración de preoperación (DPV-086) | TIEMPO: duración de construcción (DPV-086) | TIEMPO: duración de commissioning (DPV-086) | RAMPUP: E1-10000: curva de ramp-up (DEC-090) | PRODUCCION: rendimientos del balance 04 v1.1 sin ensayo en planta (DPV-060, DEC-028) | DEMANDA: sin demanda contable: demanda A+B documentada ≈ 0 y no cuantificada (DPV-002, DPV-020, DPV-037, DPV-040); los ~90 supermercados son canal potencial, no clientes | PRECIOS: ningún precio de venta con evidencia E1–E3 en base_precios_venta.csv (DPV-013, DPV-039, DPV-070) | CANALES: condiciones comerciales por canal: descuentos, bonificaciones, devoluciones, comisiones, logística, plazos (DPV-039) | OPEX: E1-10000: OPEX por rubro (OPEX NO DISPONIBLE: 118 conceptos sin costo; módulos incompletos: FAENA_PROPIA, ALIMENTO_COMPRADO, POLLITO_COMPRADO, ESTRUCTURA, GRANJAS_INTEGRADAS; costeo por bloques 7.7 %, arquitectura costeable = False (MONTO_CON_REFERENCIAS_DEBILES_E4); monto parcial USD 2,330,038/año NO usado como costo total) | IMPUESTOS_INGRESOS: pct_iibb (DPV-043) | IMPUESTOS_INGRESOS: pct_tasas_municipales (DPV-043) | IMPUESTOS_INGRESOS: otros_impuestos_usd_anio (DPV-043) | CAPEX: E1-10000: CAPEX total de la etapa (CAPEX NO DISPONIBLE: 74 conceptos sin costo; terreno PROVISIONAL (criterio no seleccionado); con precio 1/75 conceptos (MONTO_CON_REFERENCIAS_DEBILES_E4); monto parcial USD 119,200 NO usado como total) | CAPEX: E1-10000: CURVA_DE_DESEMBOLSO_CAPEX (cronograma de obra y anticipos, DPV-086, DPV-167) | CT: días de cobro por canal (DPV-175) | CT: inventario alimento: días de stock | CT: inventario packaging: días de stock | CT: inventario repuestos: días de stock | CT: inventario producto_terminado: días de stock | CT: inventario activo_biologico: días de stock | CT: inventario otros: días de stock | IVA: tratamiento del IVA (débito, crédito, saldo técnico, recupero de IVA de CAPEX; DPV-169, DPV-043) | FINANCIAMIENTO: estructura de financiamiento (DEC-092); USD 2 M no es capital confirmado (SUP-003)"
EVI-C1-10000-rural,EVIDENCIA,MODO_EVIDENCIA,C1,10000,—,,,,,SIN_LINEA_DE_TIEMPO,,,,,,,"NO_PUBLICABLE_POR_EVIDENCIA_INSUFICIENTE — falta: TIEMPO: horizonte de evaluación (DEC-007; 10 / 15 / 20 años como escenarios, ninguno elegido) | TIEMPO: duración de preoperación (DPV-086) | TIEMPO: duración de construcción (DPV-086) | TIEMPO: duración de commissioning (DPV-086) | RAMPUP: E1-10000: curva de ramp-up (DEC-090) | PRODUCCION: rendimientos del balance 04 v1.1 sin ensayo en planta (DPV-060, DEC-028) | DEMANDA: sin demanda contable: demanda A+B documentada ≈ 0 y no cuantificada (DPV-002, DPV-020, DPV-037, DPV-040); los ~90 supermercados son canal potencial, no clientes | PRECIOS: ningún precio de venta con evidencia E1–E3 en base_precios_venta.csv (DPV-013, DPV-039, DPV-070) | CANALES: condiciones comerciales por canal: descuentos, bonificaciones, devoluciones, comisiones, logística, plazos (DPV-039) | OPEX: E1-10000: OPEX por rubro (OPEX NO DISPONIBLE: 118 conceptos sin costo; módulos incompletos: FAENA_PROPIA, ALIMENTO_COMPRADO, POLLITO_COMPRADO, ESTRUCTURA, GRANJAS_INTEGRADAS; costeo por bloques 7.7 %, arquitectura costeable = False (MONTO_CON_REFERENCIAS_DEBILES_E4); monto parcial USD 2,330,038/año NO usado como costo total) | IMPUESTOS_INGRESOS: pct_iibb (DPV-043) | IMPUESTOS_INGRESOS: pct_tasas_municipales (DPV-043) | IMPUESTOS_INGRESOS: otros_impuestos_usd_anio (DPV-043) | CAPEX: E1-10000: CAPEX total de la etapa (CAPEX NO DISPONIBLE: 75 conceptos sin costo; terreno PROVISIONAL (criterio no seleccionado); con precio 1/76 conceptos (MONTO_CON_REFERENCIAS_DEBILES_E4); monto parcial USD 119,200 NO usado como total) | CAPEX: E1-10000: CURVA_DE_DESEMBOLSO_CAPEX (cronograma de obra y anticipos, DPV-086, DPV-167) | CT: días de cobro por canal (DPV-175) | CT: inventario alimento: días de stock | CT: inventario packaging: días de stock | CT: inventario repuestos: días de stock | CT: inventario producto_terminado: días de stock | CT: inventario activo_biologico: días de stock | CT: inventario otros: días de stock | IVA: tratamiento del IVA (débito, crédito, saldo técnico, recupero de IVA de CAPEX; DPV-169, DPV-043) | FINANCIAMIENTO: estructura de financiamiento (DEC-092); USD 2 M no es capital confirmado (SUP-003)"
EVI-C1-10000-reserva20000,EVIDENCIA,MODO_EVIDENCIA,C1,10000,—,,,,,SIN_LINEA_DE_TIEMPO,,,,,,,"NO_PUBLICABLE_POR_EVIDENCIA_INSUFICIENTE — falta: TIEMPO: horizonte de evaluación (DEC-007; 10 / 15 / 20 años como escenarios, ninguno elegido) | TIEMPO: duración de preoperación (DPV-086) | TIEMPO: duración de construcción (DPV-086) | TIEMPO: duración de commissioning (DPV-086) | RAMPUP: E1-10000: curva de ramp-up (DEC-090) | PRODUCCION: rendimientos del balance 04 v1.1 sin ensayo en planta (DPV-060, DEC-028) | DEMANDA: sin demanda contable: demanda A+B documentada ≈ 0 y no cuantificada (DPV-002, DPV-020, DPV-037, DPV-040); los ~90 supermercados son canal potencial, no clientes | PRECIOS: ningún precio de venta con evidencia E1–E3 en base_precios_venta.csv (DPV-013, DPV-039, DPV-070) | CANALES: condiciones comerciales por canal: descuentos, bonificaciones, devoluciones, comisiones, logística, plazos (DPV-039) | OPEX: E1-10000: OPEX por rubro (OPEX NO DISPONIBLE: 118 conceptos sin costo; módulos incompletos: FAENA_PROPIA, ALIMENTO_COMPRADO, POLLITO_COMPRADO, ESTRUCTURA, GRANJAS_INTEGRADAS; costeo por bloques 7.7 %, arquitectura costeable = False (MONTO_CON_REFERENCIAS_DEBILES_E4); monto parcial USD 2,330,038/año NO usado como costo total) | IMPUESTOS_INGRESOS: pct_iibb (DPV-043) | IMPUESTOS_INGRESOS: pct_tasas_municipales (DPV-043) | IMPUESTOS_INGRESOS: otros_impuestos_usd_anio (DPV-043) | CAPEX: E1-10000: CAPEX total de la etapa (CAPEX NO DISPONIBLE: 75 conceptos sin costo; terreno PROVISIONAL (criterio no seleccionado); con precio 1/76 conceptos (MONTO_CON_REFERENCIAS_DEBILES_E4); monto parcial USD 119,200 NO usado como total) | CAPEX: E1-10000: CURVA_DE_DESEMBOLSO_CAPEX (cronograma de obra y anticipos, DPV-086, DPV-167) | CT: días de cobro por canal (DPV-175) | CT: inventario alimento: días de stock | CT: inventario packaging: días de stock | CT: inventario repuestos: días de stock | CT: inventario producto_terminado: días de stock | CT: inventario activo_biologico: días de stock | CT: inventario otros: días de stock | IVA: tratamiento del IVA (débito, crédito, saldo técnico, recupero de IVA de CAPEX; DPV-169, DPV-043) | FINANCIAMIENTO: estructura de financiamiento (DEC-092); USD 2 M no es capital confirmado (SUP-003)"
EVI-C1-10000-GN-RED,EVIDENCIA,MODO_EVIDENCIA,C1,10000,—,,,,,SIN_LINEA_DE_TIEMPO,,,,,,,"NO_PUBLICABLE_POR_EVIDENCIA_INSUFICIENTE — falta: TIEMPO: horizonte de evaluación (DEC-007; 10 / 15 / 20 años como escenarios, ninguno elegido) | TIEMPO: duración de preoperación (DPV-086) | TIEMPO: duración de construcción (DPV-086) | TIEMPO: duración de commissioning (DPV-086) | RAMPUP: E1-10000: curva de ramp-up (DEC-090) | PRODUCCION: rendimientos del balance 04 v1.1 sin ensayo en planta (DPV-060, DEC-028) | DEMANDA: sin demanda contable: demanda A+B documentada ≈ 0 y no cuantificada (DPV-002, DPV-020, DPV-037, DPV-040); los ~90 supermercados son canal potencial, no clientes | PRECIOS: ningún precio de venta con evidencia E1–E3 en base_precios_venta.csv (DPV-013, DPV-039, DPV-070) | CANALES: condiciones comerciales por canal: descuentos, bonificaciones, devoluciones, comisiones, logística, plazos (DPV-039) | OPEX: E1-10000: OPEX por rubro (OPEX NO DISPONIBLE: 118 conceptos sin costo; módulos incompletos: FAENA_PROPIA, ALIMENTO_COMPRADO, POLLITO_COMPRADO, ESTRUCTURA, GRANJAS_INTEGRADAS; costeo por bloques 7.7 %, arquitectura costeable = False (MONTO_CON_REFERENCIAS_DEBILES_E4); monto parcial USD 2,330,038/año NO usado como costo total) | IMPUESTOS_INGRESOS: pct_iibb (DPV-043) | IMPUESTOS_INGRESOS: pct_tasas_municipales (DPV-043) | IMPUESTOS_INGRESOS: otros_impuestos_usd_anio (DPV-043) | CAPEX: E1-10000: CAPEX total de la etapa (CAPEX NO DISPONIBLE: 75 conceptos sin costo; terreno PROVISIONAL (criterio no seleccionado); con precio 1/76 conceptos (MONTO_CON_REFERENCIAS_DEBILES_E4); monto parcial USD 119,200 NO usado como total) | CAPEX: E1-10000: CURVA_DE_DESEMBOLSO_CAPEX (cronograma de obra y anticipos, DPV-086, DPV-167) | CT: días de cobro por canal (DPV-175) | CT: inventario alimento: días de stock | CT: inventario packaging: días de stock | CT: inventario repuestos: días de stock | CT: inventario producto_terminado: días de stock | CT: inventario activo_biologico: días de stock | CT: inventario otros: días de stock | IVA: tratamiento del IVA (débito, crédito, saldo técnico, recupero de IVA de CAPEX; DPV-169, DPV-043) | FINANCIAMIENTO: estructura de financiamiento (DEC-092); USD 2 M no es capital confirmado (SUP-003)"
EVI-C1-10000-LIMPIEZA-TERC,EVIDENCIA,MODO_EVIDENCIA,C1,10000,—,,,,,SIN_LINEA_DE_TIEMPO,,,,,,,"NO_PUBLICABLE_POR_EVIDENCIA_INSUFICIENTE — falta: TIEMPO: horizonte de evaluación (DEC-007; 10 / 15 / 20 años como escenarios, ninguno elegido) | TIEMPO: duración de preoperación (DPV-086) | TIEMPO: duración de construcción (DPV-086) | TIEMPO: duración de commissioning (DPV-086) | RAMPUP: E1-10000: curva de ramp-up (DEC-090) | PRODUCCION: rendimientos del balance 04 v1.1 sin ensayo en planta (DPV-060, DEC-028) | DEMANDA: sin demanda contable: demanda A+B documentada ≈ 0 y no cuantificada (DPV-002, DPV-020, DPV-037, DPV-040); los ~90 supermercados son canal potencial, no clientes | PRECIOS: ningún precio de venta con evidencia E1–E3 en base_precios_venta.csv (DPV-013, DPV-039, DPV-070) | CANALES: condiciones comerciales por canal: descuentos, bonificaciones, devoluciones, comisiones, logística, plazos (DPV-039) | OPEX: E1-10000: OPEX por rubro (OPEX NO DISPONIBLE: 118 conceptos sin costo; módulos incompletos: FAENA_PROPIA, ALIMENTO_COMPRADO, POLLITO_COMPRADO, ESTRUCTURA, GRANJAS_INTEGRADAS; costeo por bloques 7.7 %, arquitectura costeable = False (MONTO_CON_REFERENCIAS_DEBILES_E4); monto parcial USD 2,330,038/año NO usado como costo total) | IMPUESTOS_INGRESOS: pct_iibb (DPV-043) | IMPUESTOS_INGRESOS: pct_tasas_municipales (DPV-043) | IMPUESTOS_INGRESOS: otros_impuestos_usd_anio (DPV-043) | CAPEX: E1-10000: CAPEX total de la etapa (CAPEX NO DISPONIBLE: 75 conceptos sin costo; terreno PROVISIONAL (criterio no seleccionado); con precio 1/76 conceptos (MONTO_CON_REFERENCIAS_DEBILES_E4); monto parcial USD 119,200 NO usado como total) | CAPEX: E1-10000: CURVA_DE_DESEMBOLSO_CAPEX (cronograma de obra y anticipos, DPV-086, DPV-167) | CT: días de cobro por canal (DPV-175) | CT: inventario alimento: días de stock | CT: inventario packaging: días de stock | CT: inventario repuestos: días de stock | CT: inventario producto_terminado: días de stock | CT: inventario activo_biologico: días de stock | CT: inventario otros: días de stock | IVA: tratamiento del IVA (débito, crédito, saldo técnico, recupero de IVA de CAPEX; DPV-169, DPV-043) | FINANCIAMIENTO: estructura de financiamiento (DEC-092); USD 2 M no es capital confirmado (SUP-003)"
EVI-C1-10000-MANT-CONTRATO,EVIDENCIA,MODO_EVIDENCIA,C1,10000,—,,,,,SIN_LINEA_DE_TIEMPO,,,,,,,"NO_PUBLICABLE_POR_EVIDENCIA_INSUFICIENTE — falta: TIEMPO: horizonte de evaluación (DEC-007; 10 / 15 / 20 años como escenarios, ninguno elegido) | TIEMPO: duración de preoperación (DPV-086) | TIEMPO: duración de construcción (DPV-086) | TIEMPO: duración de commissioning (DPV-086) | RAMPUP: E1-10000: curva de ramp-up (DEC-090) | PRODUCCION: rendimientos del balance 04 v1.1 sin ensayo en planta (DPV-060, DEC-028) | DEMANDA: sin demanda contable: demanda A+B documentada ≈ 0 y no cuantificada (DPV-002, DPV-020, DPV-037, DPV-040); los ~90 supermercados son canal potencial, no clientes | PRECIOS: ningún precio de venta con evidencia E1–E3 en base_precios_venta.csv (DPV-013, DPV-039, DPV-070) | CANALES: condiciones comerciales por canal: descuentos, bonificaciones, devoluciones, comisiones, logística, plazos (DPV-039) | OPEX: E1-10000: OPEX por rubro (OPEX NO DISPONIBLE: 118 conceptos sin costo; módulos incompletos: FAENA_PROPIA, ALIMENTO_COMPRADO, POLLITO_COMPRADO, ESTRUCTURA, GRANJAS_INTEGRADAS; costeo por bloques 7.7 %, arquitectura costeable = False (MONTO_CON_REFERENCIAS_DEBILES_E4); monto parcial USD 2,330,038/año NO usado como costo total) | IMPUESTOS_INGRESOS: pct_iibb (DPV-043) | IMPUESTOS_INGRESOS: pct_tasas_municipales (DPV-043) | IMPUESTOS_INGRESOS: otros_impuestos_usd_anio (DPV-043) | CAPEX: E1-10000: CAPEX total de la etapa (CAPEX NO DISPONIBLE: 75 conceptos sin costo; terreno PROVISIONAL (criterio no seleccionado); con precio 1/76 conceptos (MONTO_CON_REFERENCIAS_DEBILES_E4); monto parcial USD 119,200 NO usado como total) | CAPEX: E1-10000: CURVA_DE_DESEMBOLSO_CAPEX (cronograma de obra y anticipos, DPV-086, DPV-167) | CT: días de cobro por canal (DPV-175) | CT: inventario alimento: días de stock | CT: inventario packaging: días de stock | CT: inventario repuestos: días de stock | CT: inventario producto_terminado: días de stock | CT: inventario activo_biologico: días de stock | CT: inventario otros: días de stock | IVA: tratamiento del IVA (débito, crédito, saldo técnico, recupero de IVA de CAPEX; DPV-169, DPV-043) | FINANCIAMIENTO: estructura de financiamiento (DEC-092); USD 2 M no es capital confirmado (SUP-003)"
EVI-C1-10000-FLETE-POR-UNIDAD,EVIDENCIA,MODO_EVIDENCIA,C1,10000,—,,,,,SIN_LINEA_DE_TIEMPO,,,,,,,"NO_PUBLICABLE_POR_EVIDENCIA_INSUFICIENTE — falta: TIEMPO: horizonte de evaluación (DEC-007; 10 / 15 / 20 años como escenarios, ninguno elegido) | TIEMPO: duración de preoperación (DPV-086) | TIEMPO: duración de construcción (DPV-086) | TIEMPO: duración de commissioning (DPV-086) | RAMPUP: E1-10000: curva de ramp-up (DEC-090) | PRODUCCION: rendimientos del balance 04 v1.1 sin ensayo en planta (DPV-060, DEC-028) | DEMANDA: sin demanda contable: demanda A+B documentada ≈ 0 y no cuantificada (DPV-002, DPV-020, DPV-037, DPV-040); los ~90 supermercados son canal potencial, no clientes | PRECIOS: ningún precio de venta con evidencia E1–E3 en base_precios_venta.csv (DPV-013, DPV-039, DPV-070) | CANALES: condiciones comerciales por canal: descuentos, bonificaciones, devoluciones, comisiones, logística, plazos (DPV-039) | OPEX: E1-10000: OPEX por rubro (OPEX NO DISPONIBLE: 118 conceptos sin costo; módulos incompletos: FAENA_PROPIA, ALIMENTO_COMPRADO, POLLITO_COMPRADO, ESTRUCTURA, GRANJAS_INTEGRADAS; costeo por bloques 7.7 %, arquitectura costeable = False (MONTO_CON_REFERENCIAS_DEBILES_E4); monto parcial USD 2,330,038/año NO usado como costo total) | IMPUESTOS_INGRESOS: pct_iibb (DPV-043) | IMPUESTOS_INGRESOS: pct_tasas_municipales (DPV-043) | IMPUESTOS_INGRESOS: otros_impuestos_usd_anio (DPV-043) | CAPEX: E1-10000: CAPEX total de la etapa (CAPEX NO DISPONIBLE: 75 conceptos sin costo; terreno PROVISIONAL (criterio no seleccionado); con precio 1/76 conceptos (MONTO_CON_REFERENCIAS_DEBILES_E4); monto parcial USD 119,200 NO usado como total) | CAPEX: E1-10000: CURVA_DE_DESEMBOLSO_CAPEX (cronograma de obra y anticipos, DPV-086, DPV-167) | CT: días de cobro por canal (DPV-175) | CT: inventario alimento: días de stock | CT: inventario packaging: días de stock | CT: inventario repuestos: días de stock | CT: inventario producto_terminado: días de stock | CT: inventario activo_biologico: días de stock | CT: inventario otros: días de stock | IVA: tratamiento del IVA (débito, crédito, saldo técnico, recupero de IVA de CAPEX; DPV-169, DPV-043) | FINANCIAMIENTO: estructura de financiamiento (DEC-092); USD 2 M no es capital confirmado (SUP-003)"
EVI-C1-10000-PAGO-KG-VIVO,EVIDENCIA,MODO_EVIDENCIA,C1,10000,—,,,,,SIN_LINEA_DE_TIEMPO,,,,,,,"NO_PUBLICABLE_POR_EVIDENCIA_INSUFICIENTE — falta: TIEMPO: horizonte de evaluación (DEC-007; 10 / 15 / 20 años como escenarios, ninguno elegido) | TIEMPO: duración de preoperación (DPV-086) | TIEMPO: duración de construcción (DPV-086) | TIEMPO: duración de commissioning (DPV-086) | RAMPUP: E1-10000: curva de ramp-up (DEC-090) | PRODUCCION: rendimientos del balance 04 v1.1 sin ensayo en planta (DPV-060, DEC-028) | DEMANDA: sin demanda contable: demanda A+B documentada ≈ 0 y no cuantificada (DPV-002, DPV-020, DPV-037, DPV-040); los ~90 supermercados son canal potencial, no clientes | PRECIOS: ningún precio de venta con evidencia E1–E3 en base_precios_venta.csv (DPV-013, DPV-039, DPV-070) | CANALES: condiciones comerciales por canal: descuentos, bonificaciones, devoluciones, comisiones, logística, plazos (DPV-039) | OPEX: E1-10000: OPEX por rubro (OPEX NO DISPONIBLE: 118 conceptos sin costo; módulos incompletos: FAENA_PROPIA, ALIMENTO_COMPRADO, POLLITO_COMPRADO, ESTRUCTURA, GRANJAS_INTEGRADAS; costeo por bloques 7.7 %, arquitectura costeable = False (MONTO_CON_REFERENCIAS_DEBILES_E4); monto parcial USD 2,330,038/año NO usado como costo total) | IMPUESTOS_INGRESOS: pct_iibb (DPV-043) | IMPUESTOS_INGRESOS: pct_tasas_municipales (DPV-043) | IMPUESTOS_INGRESOS: otros_impuestos_usd_anio (DPV-043) | CAPEX: E1-10000: CAPEX total de la etapa (CAPEX NO DISPONIBLE: 75 conceptos sin costo; terreno PROVISIONAL (criterio no seleccionado); con precio 1/76 conceptos (MONTO_CON_REFERENCIAS_DEBILES_E4); monto parcial USD 119,200 NO usado como total) | CAPEX: E1-10000: CURVA_DE_DESEMBOLSO_CAPEX (cronograma de obra y anticipos, DPV-086, DPV-167) | CT: días de cobro por canal (DPV-175) | CT: inventario alimento: días de stock | CT: inventario packaging: días de stock | CT: inventario repuestos: días de stock | CT: inventario producto_terminado: días de stock | CT: inventario activo_biologico: días de stock | CT: inventario otros: días de stock | IVA: tratamiento del IVA (débito, crédito, saldo técnico, recupero de IVA de CAPEX; DPV-169, DPV-043) | FINANCIAMIENTO: estructura de financiamiento (DEC-092); USD 2 M no es capital confirmado (SUP-003)"
EVI-C1-10000-HALAL,EVIDENCIA,MODO_EVIDENCIA,C1,10000,—,,,,,SIN_LINEA_DE_TIEMPO,,,,,,,"NO_PUBLICABLE_POR_EVIDENCIA_INSUFICIENTE — falta: TIEMPO: horizonte de evaluación (DEC-007; 10 / 15 / 20 años como escenarios, ninguno elegido) | TIEMPO: duración de preoperación (DPV-086) | TIEMPO: duración de construcción (DPV-086) | TIEMPO: duración de commissioning (DPV-086) | RAMPUP: E1-10000: curva de ramp-up (DEC-090) | PRODUCCION: rendimientos del balance 04 v1.1 sin ensayo en planta (DPV-060, DEC-028) | DEMANDA: sin demanda contable: demanda A+B documentada ≈ 0 y no cuantificada (DPV-002, DPV-020, DPV-037, DPV-040); los ~90 supermercados son canal potencial, no clientes | PRECIOS: ningún precio de venta con evidencia E1–E3 en base_precios_venta.csv (DPV-013, DPV-039, DPV-070) | CANALES: condiciones comerciales por canal: descuentos, bonificaciones, devoluciones, comisiones, logística, plazos (DPV-039) | OPEX: E1-10000: OPEX por rubro (OPEX NO DISPONIBLE: 126 conceptos sin costo; módulos incompletos: FAENA_PROPIA, ALIMENTO_COMPRADO, POLLITO_COMPRADO, ESTRUCTURA, GRANJAS_INTEGRADAS; costeo por bloques 7.7 %, arquitectura costeable = False (MONTO_CON_REFERENCIAS_DEBILES_E4); monto parcial USD 2,330,038/año NO usado como costo total) | IMPUESTOS_INGRESOS: pct_iibb (DPV-043) | IMPUESTOS_INGRESOS: pct_tasas_municipales (DPV-043) | IMPUESTOS_INGRESOS: otros_impuestos_usd_anio (DPV-043) | CAPEX: E1-10000: CAPEX total de la etapa (CAPEX NO DISPONIBLE: 75 conceptos sin costo; terreno PROVISIONAL (criterio no seleccionado); con precio 1/76 conceptos (MONTO_CON_REFERENCIAS_DEBILES_E4); monto parcial USD 119,200 NO usado como total) | CAPEX: E1-10000: CURVA_DE_DESEMBOLSO_CAPEX (cronograma de obra y anticipos, DPV-086, DPV-167) | CT: días de cobro por canal (DPV-175) | CT: inventario alimento: días de stock | CT: inventario packaging: días de stock | CT: inventario repuestos: días de stock | CT: inventario producto_terminado: días de stock | CT: inventario activo_biologico: días de stock | CT: inventario otros: días de stock | IVA: tratamiento del IVA (débito, crédito, saldo técnico, recupero de IVA de CAPEX; DPV-169, DPV-043) | FINANCIAMIENTO: estructura de financiamiento (DEC-092); USD 2 M no es capital confirmado (SUP-003)"
EVI-C1-T1_2500_5000_10000_20000,EVIDENCIA,MODO_EVIDENCIA,C1,2500→5000→10000→20000,—,,,,,SIN_LINEA_DE_TIEMPO,,,,,,,"NO_PUBLICABLE_POR_EVIDENCIA_INSUFICIENTE — falta: TIEMPO: horizonte de evaluación (DEC-007; 10 / 15 / 20 años como escenarios, ninguno elegido) | TIEMPO: duración de preoperación (DPV-086) | TIEMPO: duración de construcción (DPV-086) | TIEMPO: duración de commissioning (DPV-086) | TIEMPO: E2-5000: mes de entrada en operación | TIEMPO: E3-10000: mes de entrada en operación | TIEMPO: E4-20000: mes de entrada en operación | RAMPUP: E1-2500: curva de ramp-up (DEC-090) | RAMPUP: E2-5000: curva de ramp-up (DEC-090) | RAMPUP: E3-10000: curva de ramp-up (DEC-090) | RAMPUP: E4-20000: curva de ramp-up (DEC-090) | PRODUCCION: rendimientos del balance 04 v1.1 sin ensayo en planta (DPV-060, DEC-028) | DEMANDA: sin demanda contable: demanda A+B documentada ≈ 0 y no cuantificada (DPV-002, DPV-020, DPV-037, DPV-040); los ~90 supermercados son canal potencial, no clientes | PRECIOS: ningún precio de venta con evidencia E1–E3 en base_precios_venta.csv (DPV-013, DPV-039, DPV-070) | CANALES: condiciones comerciales por canal: descuentos, bonificaciones, devoluciones, comisiones, logística, plazos (DPV-039) | OPEX: E1-2500: OPEX por rubro (OPEX NO DISPONIBLE: 108 conceptos sin costo; módulos incompletos: FAENA_PROPIA, ALIMENTO_COMPRADO, POLLITO_COMPRADO, ESTRUCTURA, GRANJAS_INTEGRADAS; costeo por bloques 7.7 %, arquitectura costeable = False (MONTO_CON_REFERENCIAS_DEBILES_E4); monto parcial USD 582,509/año NO usado como costo total) | OPEX: E2-5000: OPEX por rubro (OPEX NO DISPONIBLE: 114 conceptos sin costo; módulos incompletos: FAENA_PROPIA, ALIMENTO_COMPRADO, POLLITO_COMPRADO, ESTRUCTURA, GRANJAS_INTEGRADAS; costeo por bloques 7.7 %, arquitectura costeable = False (MONTO_CON_REFERENCIAS_DEBILES_E4); monto parcial USD 1,165,019/año NO usado como costo total) | OPEX: E3-10000: OPEX por rubro (OPEX NO DISPONIBLE: 118 conceptos sin costo; módulos incompletos: FAENA_PROPIA, ALIMENTO_COMPRADO, POLLITO_COMPRADO, ESTRUCTURA, GRANJAS_INTEGRADAS; costeo por bloques 7.7 %, arquitectura costeable = False (MONTO_CON_REFERENCIAS_DEBILES_E4); monto parcial USD 2,330,038/año NO usado como costo total) | OPEX: E4-20000: OPEX por rubro (OPEX NO DISPONIBLE: 119 conceptos sin costo; módulos incompletos: FAENA_PROPIA, ALIMENTO_COMPRADO, POLLITO_COMPRADO, ESTRUCTURA, GRANJAS_INTEGRADAS; costeo por bloques 7.7 %, arquitectura costeable = False (MONTO_CON_REFERENCIAS_DEBILES_E4); monto parcial USD 4,660,076/año NO usado como costo total) | IMPUESTOS_INGRESOS: pct_iibb (DPV-043) | IMPUESTOS_INGRESOS: pct_tasas_municipales (DPV-043) | IMPUESTOS_INGRESOS: otros_impuestos_usd_anio (DPV-043) | CAPEX: E1-2500: CAPEX total de la etapa (CAPEX NO DISPONIBLE: 75 conceptos sin costo; terreno PROVISIONAL (criterio no seleccionado); con precio 1/76 conceptos (MONTO_CON_REFERENCIAS_DEBILES_E4); monto parcial USD 43,779 NO usado como total) | CAPEX: E1-2500: CURVA_DE_DESEMBOLSO_CAPEX (cronograma de obra y anticipos, DPV-086, DPV-167) | CAPEX: E2-5000: CAPEX total de la etapa (expansión 2500→5000: 72 conceptos sin costo en la etapa (prima de ampliación DPV-086)) | CAPEX: E2-5000: CURVA_DE_DESEMBOLSO_CAPEX (cronograma de obra y anticipos, DPV-086, DPV-167) | CAPEX: E3-10000: CAPEX total de la etapa (expansión 5000→10000: 73 conceptos sin costo en la etapa (prima de ampliación DPV-086)) | CAPEX: E3-10000: CURVA_DE_DESEMBOLSO_CAPEX (cronograma de obra y anticipos, DPV-086, DPV-167) | CAPEX: E4-20000: CAPEX total de la etapa (expansión 10000→20000: 73 conceptos sin costo en la etapa (prima de ampliación DPV-086)) | CAPEX: E4-20000: CURVA_DE_DESEMBOLSO_CAPEX (cronograma de obra y anticipos, DPV-086, DPV-167) | CT: días de cobro por canal (DPV-175) | CT: inventario alimento: días de stock | CT: inventario packaging: días de stock | CT: inventario repuestos: días de stock | CT: inventario producto_terminado: días de stock | CT: inventario activo_biologico: días de stock | CT: inventario otros: días de stock | IVA: tratamiento del IVA (débito, crédito, saldo técnico, recupero de IVA de CAPEX; DPV-169, DPV-043) | FINANCIAMIENTO: estructura de financiamiento (DEC-092); USD 2 M no es capital confirmado (SUP-003)"
EVI-C1-T2_5000_10000_20000,EVIDENCIA,MODO_EVIDENCIA,C1,5000→10000→20000,—,,,,,SIN_LINEA_DE_TIEMPO,,,,,,,"NO_PUBLICABLE_POR_EVIDENCIA_INSUFICIENTE — falta: TIEMPO: horizonte de evaluación (DEC-007; 10 / 15 / 20 años como escenarios, ninguno elegido) | TIEMPO: duración de preoperación (DPV-086) | TIEMPO: duración de construcción (DPV-086) | TIEMPO: duración de commissioning (DPV-086) | TIEMPO: E2-10000: mes de entrada en operación | TIEMPO: E3-20000: mes de entrada en operación | RAMPUP: E1-5000: curva de ramp-up (DEC-090) | RAMPUP: E2-10000: curva de ramp-up (DEC-090) | RAMPUP: E3-20000: curva de ramp-up (DEC-090) | PRODUCCION: rendimientos del balance 04 v1.1 sin ensayo en planta (DPV-060, DEC-028) | DEMANDA: sin demanda contable: demanda A+B documentada ≈ 0 y no cuantificada (DPV-002, DPV-020, DPV-037, DPV-040); los ~90 supermercados son canal potencial, no clientes | PRECIOS: ningún precio de venta con evidencia E1–E3 en base_precios_venta.csv (DPV-013, DPV-039, DPV-070) | CANALES: condiciones comerciales por canal: descuentos, bonificaciones, devoluciones, comisiones, logística, plazos (DPV-039) | OPEX: E1-5000: OPEX por rubro (OPEX NO DISPONIBLE: 114 conceptos sin costo; módulos incompletos: FAENA_PROPIA, ALIMENTO_COMPRADO, POLLITO_COMPRADO, ESTRUCTURA, GRANJAS_INTEGRADAS; costeo por bloques 7.7 %, arquitectura costeable = False (MONTO_CON_REFERENCIAS_DEBILES_E4); monto parcial USD 1,165,019/año NO usado como costo total) | OPEX: E2-10000: OPEX por rubro (OPEX NO DISPONIBLE: 118 conceptos sin costo; módulos incompletos: FAENA_PROPIA, ALIMENTO_COMPRADO, POLLITO_COMPRADO, ESTRUCTURA, GRANJAS_INTEGRADAS; costeo por bloques 7.7 %, arquitectura costeable = False (MONTO_CON_REFERENCIAS_DEBILES_E4); monto parcial USD 2,330,038/año NO usado como costo total) | OPEX: E3-20000: OPEX por rubro (OPEX NO DISPONIBLE: 119 conceptos sin costo; módulos incompletos: FAENA_PROPIA, ALIMENTO_COMPRADO, POLLITO_COMPRADO, ESTRUCTURA, GRANJAS_INTEGRADAS; costeo por bloques 7.7 %, arquitectura costeable = False (MONTO_CON_REFERENCIAS_DEBILES_E4); monto parcial USD 4,660,076/año NO usado como costo total) | IMPUESTOS_INGRESOS: pct_iibb (DPV-043) | IMPUESTOS_INGRESOS: pct_tasas_municipales (DPV-043) | IMPUESTOS_INGRESOS: otros_impuestos_usd_anio (DPV-043) | CAPEX: E1-5000: CAPEX total de la etapa (CAPEX NO DISPONIBLE: 75 conceptos sin costo; terreno PROVISIONAL (criterio no seleccionado); con precio 1/76 conceptos (MONTO_CON_REFERENCIAS_DEBILES_E4); monto parcial USD 64,186 NO usado como total) | CAPEX: E1-5000: CURVA_DE_DESEMBOLSO_CAPEX (cronograma de obra y anticipos, DPV-086, DPV-167) | CAPEX: E2-10000: CAPEX total de la etapa (expansión 5000→10000: 73 conceptos sin costo en la etapa (prima de ampliación DPV-086)) | CAPEX: E2-10000: CURVA_DE_DESEMBOLSO_CAPEX (cronograma de obra y anticipos, DPV-086, DPV-167) | CAPEX: E3-20000: CAPEX total de la etapa (expansión 10000→20000: 73 conceptos sin costo en la etapa (prima de ampliación DPV-086)) | CAPEX: E3-20000: CURVA_DE_DESEMBOLSO_CAPEX (cronograma de obra y anticipos, DPV-086, DPV-167) | CT: días de cobro por canal (DPV-175) | CT: inventario alimento: días de stock | CT: inventario packaging: días de stock | CT: inventario repuestos: días de stock | CT: inventario producto_terminado: días de stock | CT: inventario activo_biologico: días de stock | CT: inventario otros: días de stock | IVA: tratamiento del IVA (débito, crédito, saldo técnico, recupero de IVA de CAPEX; DPV-169, DPV-043) | FINANCIAMIENTO: estructura de financiamiento (DEC-092); USD 2 M no es capital confirmado (SUP-003)"
EVI-C1-T3_10000_20000,EVIDENCIA,MODO_EVIDENCIA,C1,10000→20000,—,,,,,SIN_LINEA_DE_TIEMPO,,,,,,,"NO_PUBLICABLE_POR_EVIDENCIA_INSUFICIENTE — falta: TIEMPO: horizonte de evaluación (DEC-007; 10 / 15 / 20 años como escenarios, ninguno elegido) | TIEMPO: duración de preoperación (DPV-086) | TIEMPO: duración de construcción (DPV-086) | TIEMPO: duración de commissioning (DPV-086) | TIEMPO: E2-20000: mes de entrada en operación | RAMPUP: E1-10000: curva de ramp-up (DEC-090) | RAMPUP: E2-20000: curva de ramp-up (DEC-090) | PRODUCCION: rendimientos del balance 04 v1.1 sin ensayo en planta (DPV-060, DEC-028) | DEMANDA: sin demanda contable: demanda A+B documentada ≈ 0 y no cuantificada (DPV-002, DPV-020, DPV-037, DPV-040); los ~90 supermercados son canal potencial, no clientes | PRECIOS: ningún precio de venta con evidencia E1–E3 en base_precios_venta.csv (DPV-013, DPV-039, DPV-070) | CANALES: condiciones comerciales por canal: descuentos, bonificaciones, devoluciones, comisiones, logística, plazos (DPV-039) | OPEX: E1-10000: OPEX por rubro (OPEX NO DISPONIBLE: 118 conceptos sin costo; módulos incompletos: FAENA_PROPIA, ALIMENTO_COMPRADO, POLLITO_COMPRADO, ESTRUCTURA, GRANJAS_INTEGRADAS; costeo por bloques 7.7 %, arquitectura costeable = False (MONTO_CON_REFERENCIAS_DEBILES_E4); monto parcial USD 2,330,038/año NO usado como costo total) | OPEX: E2-20000: OPEX por rubro (OPEX NO DISPONIBLE: 119 conceptos sin costo; módulos incompletos: FAENA_PROPIA, ALIMENTO_COMPRADO, POLLITO_COMPRADO, ESTRUCTURA, GRANJAS_INTEGRADAS; costeo por bloques 7.7 %, arquitectura costeable = False (MONTO_CON_REFERENCIAS_DEBILES_E4); monto parcial USD 4,660,076/año NO usado como costo total) | IMPUESTOS_INGRESOS: pct_iibb (DPV-043) | IMPUESTOS_INGRESOS: pct_tasas_municipales (DPV-043) | IMPUESTOS_INGRESOS: otros_impuestos_usd_anio (DPV-043) | CAPEX: E1-10000: CAPEX total de la etapa (CAPEX NO DISPONIBLE: 75 conceptos sin costo; terreno PROVISIONAL (criterio no seleccionado); con precio 1/76 conceptos (MONTO_CON_REFERENCIAS_DEBILES_E4); monto parcial USD 119,200 NO usado como total) | CAPEX: E1-10000: CURVA_DE_DESEMBOLSO_CAPEX (cronograma de obra y anticipos, DPV-086, DPV-167) | CAPEX: E2-20000: CAPEX total de la etapa (expansión 10000→20000: 73 conceptos sin costo en la etapa (prima de ampliación DPV-086)) | CAPEX: E2-20000: CURVA_DE_DESEMBOLSO_CAPEX (cronograma de obra y anticipos, DPV-086, DPV-167) | CT: días de cobro por canal (DPV-175) | CT: inventario alimento: días de stock | CT: inventario packaging: días de stock | CT: inventario repuestos: días de stock | CT: inventario producto_terminado: días de stock | CT: inventario activo_biologico: días de stock | CT: inventario otros: días de stock | IVA: tratamiento del IVA (débito, crédito, saldo técnico, recupero de IVA de CAPEX; DPV-169, DPV-043) | FINANCIAMIENTO: estructura de financiamiento (DEC-092); USD 2 M no es capital confirmado (SUP-003)"
ESC-CONSERVADOR-C0-10000,ESCENARIO,SIMULACION_HIPOTETICA_NO_VALIDADA,C0,10000,—,,,,,SIN_LINEA_DE_TIEMPO,,,,,,,"NO_DISPONIBLE_FALTAN_INPUTS_DEL_ESCENARIO — falta: TIEMPO: horizonte de evaluación (DEC-007; 10 / 15 / 20 años como escenarios, ninguno elegido) | TIEMPO: duración de preoperación (DPV-086) | TIEMPO: duración de construcción (DPV-086) | TIEMPO: duración de commissioning (DPV-086) | RAMPUP: E1-10000: merma del ramp-up (ineficiencias del arranque, DEC-090) | RAMPUP: E1-10000: eficiencia del ramp-up (ineficiencias del arranque, DEC-090) | RAMPUP: E1-10000: costos_extra_usd_mes del ramp-up (ineficiencias del arranque, DEC-090) | DEMANDA: sin demanda contable: demanda A+B documentada ≈ 0 y no cuantificada (DPV-002, DPV-020, DPV-037, DPV-040); los ~90 supermercados son canal potencial, no clientes | PRECIOS: ningún precio de venta con evidencia E1–E3 en base_precios_venta.csv (DPV-013, DPV-039, DPV-070) | CANALES: condiciones comerciales por canal: descuentos, bonificaciones, devoluciones, comisiones, logística, plazos (DPV-039) | OPEX: E1-10000: OPEX por rubro (OPEX NO DISPONIBLE: 68 conceptos sin costo; módulos incompletos: FAENA_FACON, ALIMENTO_FACON, POLLITO_COMPRADO, ESTRUCTURA, GRANJAS_INTEGRADAS; costeo por bloques 9.5 %, arquitectura costeable = False (MONTO_CON_REFERENCIAS_DEBILES_E4); monto parcial USD 2,330,038/año NO usado como costo total) | IMPUESTOS_INGRESOS: pct_iibb (DPV-043) | IMPUESTOS_INGRESOS: pct_tasas_municipales (DPV-043) | IMPUESTOS_INGRESOS: otros_impuestos_usd_anio (DPV-043) | CAPEX: E1-10000: CAPEX total de la etapa (CAPEX NO DISPONIBLE: 21 conceptos sin costo; con precio 0/21 conceptos (SIN_MONTO)) | CAPEX: E1-10000: CURVA_DE_DESEMBOLSO_CAPEX (cronograma de obra y anticipos, DPV-086, DPV-167) | CT: días de cobro por canal (DPV-175) | CT: inventario materias_primas: propiedad PENDIENTE (DEC-024) | CT: inventario alimento: propiedad PENDIENTE (DEC-024) | CT: inventario packaging: días de stock | CT: inventario repuestos: días de stock | CT: inventario producto_terminado: días de stock | CT: inventario activo_biologico: días de stock | CT: inventario otros: días de stock | IVA: tratamiento del IVA (débito, crédito, saldo técnico, recupero de IVA de CAPEX; DPV-169, DPV-043) | FINANCIAMIENTO: estructura de financiamiento (DEC-092); USD 2 M no es capital confirmado (SUP-003)"
ESC-CONSERVADOR-C1-10000,ESCENARIO,SIMULACION_HIPOTETICA_NO_VALIDADA,C1,10000,—,,,,,SIN_LINEA_DE_TIEMPO,,,,,,,"NO_DISPONIBLE_FALTAN_INPUTS_DEL_ESCENARIO — falta: TIEMPO: horizonte de evaluación (DEC-007; 10 / 15 / 20 años como escenarios, ninguno elegido) | TIEMPO: duración de preoperación (DPV-086) | TIEMPO: duración de construcción (DPV-086) | TIEMPO: duración de commissioning (DPV-086) | RAMPUP: E1-10000: merma del ramp-up (ineficiencias del arranque, DEC-090) | RAMPUP: E1-10000: eficiencia del ramp-up (ineficiencias del arranque, DEC-090) | RAMPUP: E1-10000: costos_extra_usd_mes del ramp-up (ineficiencias del arranque, DEC-090) | DEMANDA: sin demanda contable: demanda A+B documentada ≈ 0 y no cuantificada (DPV-002, DPV-020, DPV-037, DPV-040); los ~90 supermercados son canal potencial, no clientes | PRECIOS: ningún precio de venta con evidencia E1–E3 en base_precios_venta.csv (DPV-013, DPV-039, DPV-070) | CANALES: condiciones comerciales por canal: descuentos, bonificaciones, devoluciones, comisiones, logística, plazos (DPV-039) | OPEX: E1-10000: OPEX por rubro (OPEX NO DISPONIBLE: 118 conceptos sin costo; módulos incompletos: FAENA_PROPIA, ALIMENTO_COMPRADO, POLLITO_COMPRADO, ESTRUCTURA, GRANJAS_INTEGRADAS; costeo por bloques 7.7 %, arquitectura costeable = False (MONTO_CON_REFERENCIAS_DEBILES_E4); monto parcial USD 2,330,038/año NO usado como costo total) | IMPUESTOS_INGRESOS: pct_iibb (DPV-043) | IMPUESTOS_INGRESOS: pct_tasas_municipales (DPV-043) | IMPUESTOS_INGRESOS: otros_impuestos_usd_anio (DPV-043) | CAPEX: E1-10000: CAPEX total de la etapa (CAPEX NO DISPONIBLE: 75 conceptos sin costo; terreno PROVISIONAL (criterio no seleccionado); con precio 1/76 conceptos (MONTO_CON_REFERENCIAS_DEBILES_E4); monto parcial USD 119,200 NO usado como total) | CAPEX: E1-10000: CURVA_DE_DESEMBOLSO_CAPEX (cronograma de obra y anticipos, DPV-086, DPV-167) | CT: días de cobro por canal (DPV-175) | CT: inventario alimento: días de stock | CT: inventario packaging: días de stock | CT: inventario repuestos: días de stock | CT: inventario producto_terminado: días de stock | CT: inventario activo_biologico: días de stock | CT: inventario otros: días de stock | IVA: tratamiento del IVA (débito, crédito, saldo técnico, recupero de IVA de CAPEX; DPV-169, DPV-043) | FINANCIAMIENTO: estructura de financiamiento (DEC-092); USD 2 M no es capital confirmado (SUP-003)"
ESC-CONSERVADOR-C2-10000,ESCENARIO,SIMULACION_HIPOTETICA_NO_VALIDADA,C2,10000,—,,,,,SIN_LINEA_DE_TIEMPO,,,,,,,"NO_DISPONIBLE_FALTAN_INPUTS_DEL_ESCENARIO — falta: TIEMPO: horizonte de evaluación (DEC-007; 10 / 15 / 20 años como escenarios, ninguno elegido) | TIEMPO: duración de preoperación (DPV-086) | TIEMPO: duración de construcción (DPV-086) | TIEMPO: duración de commissioning (DPV-086) | RAMPUP: E1-10000: merma del ramp-up (ineficiencias del arranque, DEC-090) | RAMPUP: E1-10000: eficiencia del ramp-up (ineficiencias del arranque, DEC-090) | RAMPUP: E1-10000: costos_extra_usd_mes del ramp-up (ineficiencias del arranque, DEC-090) | DEMANDA: sin demanda contable: demanda A+B documentada ≈ 0 y no cuantificada (DPV-002, DPV-020, DPV-037, DPV-040); los ~90 supermercados son canal potencial, no clientes | PRECIOS: ningún precio de venta con evidencia E1–E3 en base_precios_venta.csv (DPV-013, DPV-039, DPV-070) | CANALES: condiciones comerciales por canal: descuentos, bonificaciones, devoluciones, comisiones, logística, plazos (DPV-039) | OPEX: E1-10000: OPEX por rubro (OPEX NO DISPONIBLE: 149 conceptos sin costo; módulos incompletos: FAENA_PROPIA, ALIMENTO_FACON, POLLITO_COMPRADO, ESTRUCTURA, GRANJAS_PROPIAS, GRANJAS_INTEGRADAS; costeo por bloques 4.9 %, arquitectura costeable = False (MONTO_CON_REFERENCIAS_DEBILES_E4); monto parcial USD 2,330,038/año NO usado como costo total) | IMPUESTOS_INGRESOS: pct_iibb (DPV-043) | IMPUESTOS_INGRESOS: pct_tasas_municipales (DPV-043) | IMPUESTOS_INGRESOS: otros_impuestos_usd_anio (DPV-043) | CAPEX: E1-10000: CAPEX total de la etapa (CAPEX NO DISPONIBLE: 94 conceptos sin costo; terreno PROVISIONAL (criterio no seleccionado); con precio 2/88 conceptos (MONTO_CON_REFERENCIAS_DEBILES_E4); monto parcial USD 1,503,829 NO usado como total) | CAPEX: E1-10000: CURVA_DE_DESEMBOLSO_CAPEX (cronograma de obra y anticipos, DPV-086, DPV-167) | CT: días de cobro por canal (DPV-175) | CT: inventario materias_primas: propiedad PENDIENTE (DEC-024) | CT: inventario alimento: propiedad PENDIENTE (DEC-024) | CT: inventario packaging: días de stock | CT: inventario repuestos: días de stock | CT: inventario producto_terminado: días de stock | CT: inventario activo_biologico: días de stock | CT: inventario otros: días de stock | IVA: tratamiento del IVA (débito, crédito, saldo técnico, recupero de IVA de CAPEX; DPV-169, DPV-043) | FINANCIAMIENTO: estructura de financiamiento (DEC-092); USD 2 M no es capital confirmado (SUP-003)"
ESC-CONSERVADOR-C3-10000,ESCENARIO,SIMULACION_HIPOTETICA_NO_VALIDADA,C3,10000,—,,,,,SIN_LINEA_DE_TIEMPO,,,,,,,"NO_DISPONIBLE_FALTAN_INPUTS_DEL_ESCENARIO — falta: TIEMPO: horizonte de evaluación (DEC-007; 10 / 15 / 20 años como escenarios, ninguno elegido) | TIEMPO: duración de preoperación (DPV-086) | TIEMPO: duración de construcción (DPV-086) | TIEMPO: duración de commissioning (DPV-086) | RAMPUP: E1-10000: merma del ramp-up (ineficiencias del arranque, DEC-090) | RAMPUP: E1-10000: eficiencia del ramp-up (ineficiencias del arranque, DEC-090) | RAMPUP: E1-10000: costos_extra_usd_mes del ramp-up (ineficiencias del arranque, DEC-090) | DEMANDA: sin demanda contable: demanda A+B documentada ≈ 0 y no cuantificada (DPV-002, DPV-020, DPV-037, DPV-040); los ~90 supermercados son canal potencial, no clientes | PRECIOS: ningún precio de venta con evidencia E1–E3 en base_precios_venta.csv (DPV-013, DPV-039, DPV-070) | CANALES: condiciones comerciales por canal: descuentos, bonificaciones, devoluciones, comisiones, logística, plazos (DPV-039) | OPEX: E1-10000: OPEX por rubro (OPEX NO DISPONIBLE: 215 conceptos sin costo; módulos incompletos: FAENA_PROPIA, PLANTA_ALIMENTO_PROPIA, INCUBACION_PROPIA, ESTRUCTURA, GRANJAS_PROPIAS, TRATAMIENTO_SUBPRODUCTOS_PROPIO; costeo por bloques 0.0 %, arquitectura costeable = False (MONTO_CON_REFERENCIAS_DEBILES_E4); monto parcial USD 1,441,539/año NO usado como costo total) | IMPUESTOS_INGRESOS: pct_iibb (DPV-043) | IMPUESTOS_INGRESOS: pct_tasas_municipales (DPV-043) | IMPUESTOS_INGRESOS: otros_impuestos_usd_anio (DPV-043) | CAPEX: E1-10000: CAPEX total de la etapa (CAPEX NO DISPONIBLE: 144 conceptos sin costo; terreno PROVISIONAL (criterio no seleccionado); con precio 2/138 conceptos (MONTO_CON_REFERENCIAS_DEBILES_E4); monto parcial USD 5,657,713 NO usado como total) | CAPEX: E1-10000: CURVA_DE_DESEMBOLSO_CAPEX (cronograma de obra y anticipos, DPV-086, DPV-167) | CT: días de cobro por canal (DPV-175) | CT: inventario materias_primas: días de stock | CT: inventario alimento: días de stock | CT: inventario packaging: días de stock | CT: inventario repuestos: días de stock | CT: inventario producto_terminado: días de stock | CT: inventario activo_biologico: días de stock | CT: inventario otros: días de stock | IVA: tratamiento del IVA (débito, crédito, saldo técnico, recupero de IVA de CAPEX; DPV-169, DPV-043) | FINANCIAMIENTO: estructura de financiamiento (DEC-092); USD 2 M no es capital confirmado (SUP-003)"
ESC-CONSERVADOR-CF-10000,ESCENARIO,SIMULACION_HIPOTETICA_NO_VALIDADA,CF,10000,—,,,,,SIN_LINEA_DE_TIEMPO,,,,,,,"NO_DISPONIBLE_FALTAN_INPUTS_DEL_ESCENARIO — falta: TIEMPO: horizonte de evaluación (DEC-007; 10 / 15 / 20 años como escenarios, ninguno elegido) | TIEMPO: duración de preoperación (DPV-086) | TIEMPO: duración de construcción (DPV-086) | TIEMPO: duración de commissioning (DPV-086) | RAMPUP: E1-10000: merma del ramp-up (ineficiencias del arranque, DEC-090) | RAMPUP: E1-10000: eficiencia del ramp-up (ineficiencias del arranque, DEC-090) | RAMPUP: E1-10000: costos_extra_usd_mes del ramp-up (ineficiencias del arranque, DEC-090) | DEMANDA: sin demanda contable: demanda A+B documentada ≈ 0 y no cuantificada (DPV-002, DPV-020, DPV-037, DPV-040); los ~90 supermercados son canal potencial, no clientes | PRECIOS: ningún precio de venta con evidencia E1–E3 en base_precios_venta.csv (DPV-013, DPV-039, DPV-070) | CANALES: condiciones comerciales por canal: descuentos, bonificaciones, devoluciones, comisiones, logística, plazos (DPV-039) | OPEX: E1-10000: OPEX por rubro (OPEX NO DISPONIBLE: 215 conceptos sin costo; módulos incompletos: FAENA_PROPIA, PLANTA_ALIMENTO_PROPIA, INCUBACION_PROPIA, ESTRUCTURA, GRANJAS_PROPIAS, TRATAMIENTO_SUBPRODUCTOS_PROPIO; costeo por bloques 0.0 %, arquitectura costeable = False (MONTO_CON_REFERENCIAS_DEBILES_E4); monto parcial USD 1,441,539/año NO usado como costo total) | IMPUESTOS_INGRESOS: pct_iibb (DPV-043) | IMPUESTOS_INGRESOS: pct_tasas_municipales (DPV-043) | IMPUESTOS_INGRESOS: otros_impuestos_usd_anio (DPV-043) | CAPEX: E1-10000: CAPEX total de la etapa (CAPEX NO DISPONIBLE: 144 conceptos sin costo; terreno PROVISIONAL (criterio no seleccionado); con precio 2/138 conceptos (MONTO_CON_REFERENCIAS_DEBILES_E4); monto parcial USD 5,657,713 NO usado como total) | CAPEX: E1-10000: CURVA_DE_DESEMBOLSO_CAPEX (cronograma de obra y anticipos, DPV-086, DPV-167) | CT: días de cobro por canal (DPV-175) | CT: inventario materias_primas: días de stock | CT: inventario alimento: días de stock | CT: inventario packaging: días de stock | CT: inventario repuestos: días de stock | CT: inventario producto_terminado: días de stock | CT: inventario activo_biologico: días de stock | CT: inventario otros: días de stock | IVA: tratamiento del IVA (débito, crédito, saldo técnico, recupero de IVA de CAPEX; DPV-169, DPV-043) | FINANCIAMIENTO: estructura de financiamiento (DEC-092); USD 2 M no es capital confirmado (SUP-003)"
ESC-BASE-C0-10000,ESCENARIO,SIMULACION_HIPOTETICA_NO_VALIDADA,C0,10000,—,,,,,SIN_LINEA_DE_TIEMPO,,,,,,,"NO_DISPONIBLE_FALTAN_INPUTS_DEL_ESCENARIO — falta: TIEMPO: horizonte de evaluación (DEC-007; 10 / 15 / 20 años como escenarios, ninguno elegido) | TIEMPO: duración de preoperación (DPV-086) | TIEMPO: duración de construcción (DPV-086) | TIEMPO: duración de commissioning (DPV-086) | RAMPUP: E1-10000: merma del ramp-up (ineficiencias del arranque, DEC-090) | RAMPUP: E1-10000: eficiencia del ramp-up (ineficiencias del arranque, DEC-090) | RAMPUP: E1-10000: costos_extra_usd_mes del ramp-up (ineficiencias del arranque, DEC-090) | DEMANDA: sin demanda contable: demanda A+B documentada ≈ 0 y no cuantificada (DPV-002, DPV-020, DPV-037, DPV-040); los ~90 supermercados son canal potencial, no clientes | PRECIOS: ningún precio de venta con evidencia E1–E3 en base_precios_venta.csv (DPV-013, DPV-039, DPV-070) | CANALES: condiciones comerciales por canal: descuentos, bonificaciones, devoluciones, comisiones, logística, plazos (DPV-039) | OPEX: E1-10000: OPEX por rubro (OPEX NO DISPONIBLE: 68 conceptos sin costo; módulos incompletos: FAENA_FACON, ALIMENTO_FACON, POLLITO_COMPRADO, ESTRUCTURA, GRANJAS_INTEGRADAS; costeo por bloques 9.5 %, arquitectura costeable = False (MONTO_CON_REFERENCIAS_DEBILES_E4); monto parcial USD 2,330,038/año NO usado como costo total) | IMPUESTOS_INGRESOS: pct_iibb (DPV-043) | IMPUESTOS_INGRESOS: pct_tasas_municipales (DPV-043) | IMPUESTOS_INGRESOS: otros_impuestos_usd_anio (DPV-043) | CAPEX: E1-10000: CAPEX total de la etapa (CAPEX NO DISPONIBLE: 21 conceptos sin costo; con precio 0/21 conceptos (SIN_MONTO)) | CAPEX: E1-10000: CURVA_DE_DESEMBOLSO_CAPEX (cronograma de obra y anticipos, DPV-086, DPV-167) | CT: días de cobro por canal (DPV-175) | CT: inventario materias_primas: propiedad PENDIENTE (DEC-024) | CT: inventario alimento: propiedad PENDIENTE (DEC-024) | CT: inventario packaging: días de stock | CT: inventario repuestos: días de stock | CT: inventario producto_terminado: días de stock | CT: inventario activo_biologico: días de stock | CT: inventario otros: días de stock | IVA: tratamiento del IVA (débito, crédito, saldo técnico, recupero de IVA de CAPEX; DPV-169, DPV-043) | FINANCIAMIENTO: estructura de financiamiento (DEC-092); USD 2 M no es capital confirmado (SUP-003)"
ESC-BASE-C1-10000,ESCENARIO,SIMULACION_HIPOTETICA_NO_VALIDADA,C1,10000,—,,,,,SIN_LINEA_DE_TIEMPO,,,,,,,"NO_DISPONIBLE_FALTAN_INPUTS_DEL_ESCENARIO — falta: TIEMPO: horizonte de evaluación (DEC-007; 10 / 15 / 20 años como escenarios, ninguno elegido) | TIEMPO: duración de preoperación (DPV-086) | TIEMPO: duración de construcción (DPV-086) | TIEMPO: duración de commissioning (DPV-086) | RAMPUP: E1-10000: merma del ramp-up (ineficiencias del arranque, DEC-090) | RAMPUP: E1-10000: eficiencia del ramp-up (ineficiencias del arranque, DEC-090) | RAMPUP: E1-10000: costos_extra_usd_mes del ramp-up (ineficiencias del arranque, DEC-090) | DEMANDA: sin demanda contable: demanda A+B documentada ≈ 0 y no cuantificada (DPV-002, DPV-020, DPV-037, DPV-040); los ~90 supermercados son canal potencial, no clientes | PRECIOS: ningún precio de venta con evidencia E1–E3 en base_precios_venta.csv (DPV-013, DPV-039, DPV-070) | CANALES: condiciones comerciales por canal: descuentos, bonificaciones, devoluciones, comisiones, logística, plazos (DPV-039) | OPEX: E1-10000: OPEX por rubro (OPEX NO DISPONIBLE: 118 conceptos sin costo; módulos incompletos: FAENA_PROPIA, ALIMENTO_COMPRADO, POLLITO_COMPRADO, ESTRUCTURA, GRANJAS_INTEGRADAS; costeo por bloques 7.7 %, arquitectura costeable = False (MONTO_CON_REFERENCIAS_DEBILES_E4); monto parcial USD 2,330,038/año NO usado como costo total) | IMPUESTOS_INGRESOS: pct_iibb (DPV-043) | IMPUESTOS_INGRESOS: pct_tasas_municipales (DPV-043) | IMPUESTOS_INGRESOS: otros_impuestos_usd_anio (DPV-043) | CAPEX: E1-10000: CAPEX total de la etapa (CAPEX NO DISPONIBLE: 75 conceptos sin costo; terreno PROVISIONAL (criterio no seleccionado); con precio 1/76 conceptos (MONTO_CON_REFERENCIAS_DEBILES_E4); monto parcial USD 119,200 NO usado como total) | CAPEX: E1-10000: CURVA_DE_DESEMBOLSO_CAPEX (cronograma de obra y anticipos, DPV-086, DPV-167) | CT: días de cobro por canal (DPV-175) | CT: inventario alimento: días de stock | CT: inventario packaging: días de stock | CT: inventario repuestos: días de stock | CT: inventario producto_terminado: días de stock | CT: inventario activo_biologico: días de stock | CT: inventario otros: días de stock | IVA: tratamiento del IVA (débito, crédito, saldo técnico, recupero de IVA de CAPEX; DPV-169, DPV-043) | FINANCIAMIENTO: estructura de financiamiento (DEC-092); USD 2 M no es capital confirmado (SUP-003)"
ESC-BASE-C2-10000,ESCENARIO,SIMULACION_HIPOTETICA_NO_VALIDADA,C2,10000,—,,,,,SIN_LINEA_DE_TIEMPO,,,,,,,"NO_DISPONIBLE_FALTAN_INPUTS_DEL_ESCENARIO — falta: TIEMPO: horizonte de evaluación (DEC-007; 10 / 15 / 20 años como escenarios, ninguno elegido) | TIEMPO: duración de preoperación (DPV-086) | TIEMPO: duración de construcción (DPV-086) | TIEMPO: duración de commissioning (DPV-086) | RAMPUP: E1-10000: merma del ramp-up (ineficiencias del arranque, DEC-090) | RAMPUP: E1-10000: eficiencia del ramp-up (ineficiencias del arranque, DEC-090) | RAMPUP: E1-10000: costos_extra_usd_mes del ramp-up (ineficiencias del arranque, DEC-090) | DEMANDA: sin demanda contable: demanda A+B documentada ≈ 0 y no cuantificada (DPV-002, DPV-020, DPV-037, DPV-040); los ~90 supermercados son canal potencial, no clientes | PRECIOS: ningún precio de venta con evidencia E1–E3 en base_precios_venta.csv (DPV-013, DPV-039, DPV-070) | CANALES: condiciones comerciales por canal: descuentos, bonificaciones, devoluciones, comisiones, logística, plazos (DPV-039) | OPEX: E1-10000: OPEX por rubro (OPEX NO DISPONIBLE: 149 conceptos sin costo; módulos incompletos: FAENA_PROPIA, ALIMENTO_FACON, POLLITO_COMPRADO, ESTRUCTURA, GRANJAS_PROPIAS, GRANJAS_INTEGRADAS; costeo por bloques 4.9 %, arquitectura costeable = False (MONTO_CON_REFERENCIAS_DEBILES_E4); monto parcial USD 2,330,038/año NO usado como costo total) | IMPUESTOS_INGRESOS: pct_iibb (DPV-043) | IMPUESTOS_INGRESOS: pct_tasas_municipales (DPV-043) | IMPUESTOS_INGRESOS: otros_impuestos_usd_anio (DPV-043) | CAPEX: E1-10000: CAPEX total de la etapa (CAPEX NO DISPONIBLE: 94 conceptos sin costo; terreno PROVISIONAL (criterio no seleccionado); con precio 2/88 conceptos (MONTO_CON_REFERENCIAS_DEBILES_E4); monto parcial USD 1,503,829 NO usado como total) | CAPEX: E1-10000: CURVA_DE_DESEMBOLSO_CAPEX (cronograma de obra y anticipos, DPV-086, DPV-167) | CT: días de cobro por canal (DPV-175) | CT: inventario materias_primas: propiedad PENDIENTE (DEC-024) | CT: inventario alimento: propiedad PENDIENTE (DEC-024) | CT: inventario packaging: días de stock | CT: inventario repuestos: días de stock | CT: inventario producto_terminado: días de stock | CT: inventario activo_biologico: días de stock | CT: inventario otros: días de stock | IVA: tratamiento del IVA (débito, crédito, saldo técnico, recupero de IVA de CAPEX; DPV-169, DPV-043) | FINANCIAMIENTO: estructura de financiamiento (DEC-092); USD 2 M no es capital confirmado (SUP-003)"
ESC-BASE-C3-10000,ESCENARIO,SIMULACION_HIPOTETICA_NO_VALIDADA,C3,10000,—,,,,,SIN_LINEA_DE_TIEMPO,,,,,,,"NO_DISPONIBLE_FALTAN_INPUTS_DEL_ESCENARIO — falta: TIEMPO: horizonte de evaluación (DEC-007; 10 / 15 / 20 años como escenarios, ninguno elegido) | TIEMPO: duración de preoperación (DPV-086) | TIEMPO: duración de construcción (DPV-086) | TIEMPO: duración de commissioning (DPV-086) | RAMPUP: E1-10000: merma del ramp-up (ineficiencias del arranque, DEC-090) | RAMPUP: E1-10000: eficiencia del ramp-up (ineficiencias del arranque, DEC-090) | RAMPUP: E1-10000: costos_extra_usd_mes del ramp-up (ineficiencias del arranque, DEC-090) | DEMANDA: sin demanda contable: demanda A+B documentada ≈ 0 y no cuantificada (DPV-002, DPV-020, DPV-037, DPV-040); los ~90 supermercados son canal potencial, no clientes | PRECIOS: ningún precio de venta con evidencia E1–E3 en base_precios_venta.csv (DPV-013, DPV-039, DPV-070) | CANALES: condiciones comerciales por canal: descuentos, bonificaciones, devoluciones, comisiones, logística, plazos (DPV-039) | OPEX: E1-10000: OPEX por rubro (OPEX NO DISPONIBLE: 215 conceptos sin costo; módulos incompletos: FAENA_PROPIA, PLANTA_ALIMENTO_PROPIA, INCUBACION_PROPIA, ESTRUCTURA, GRANJAS_PROPIAS, TRATAMIENTO_SUBPRODUCTOS_PROPIO; costeo por bloques 0.0 %, arquitectura costeable = False (MONTO_CON_REFERENCIAS_DEBILES_E4); monto parcial USD 1,441,539/año NO usado como costo total) | IMPUESTOS_INGRESOS: pct_iibb (DPV-043) | IMPUESTOS_INGRESOS: pct_tasas_municipales (DPV-043) | IMPUESTOS_INGRESOS: otros_impuestos_usd_anio (DPV-043) | CAPEX: E1-10000: CAPEX total de la etapa (CAPEX NO DISPONIBLE: 144 conceptos sin costo; terreno PROVISIONAL (criterio no seleccionado); con precio 2/138 conceptos (MONTO_CON_REFERENCIAS_DEBILES_E4); monto parcial USD 5,657,713 NO usado como total) | CAPEX: E1-10000: CURVA_DE_DESEMBOLSO_CAPEX (cronograma de obra y anticipos, DPV-086, DPV-167) | CT: días de cobro por canal (DPV-175) | CT: inventario materias_primas: días de stock | CT: inventario alimento: días de stock | CT: inventario packaging: días de stock | CT: inventario repuestos: días de stock | CT: inventario producto_terminado: días de stock | CT: inventario activo_biologico: días de stock | CT: inventario otros: días de stock | IVA: tratamiento del IVA (débito, crédito, saldo técnico, recupero de IVA de CAPEX; DPV-169, DPV-043) | FINANCIAMIENTO: estructura de financiamiento (DEC-092); USD 2 M no es capital confirmado (SUP-003)"
ESC-BASE-CF-10000,ESCENARIO,SIMULACION_HIPOTETICA_NO_VALIDADA,CF,10000,—,,,,,SIN_LINEA_DE_TIEMPO,,,,,,,"NO_DISPONIBLE_FALTAN_INPUTS_DEL_ESCENARIO — falta: TIEMPO: horizonte de evaluación (DEC-007; 10 / 15 / 20 años como escenarios, ninguno elegido) | TIEMPO: duración de preoperación (DPV-086) | TIEMPO: duración de construcción (DPV-086) | TIEMPO: duración de commissioning (DPV-086) | RAMPUP: E1-10000: merma del ramp-up (ineficiencias del arranque, DEC-090) | RAMPUP: E1-10000: eficiencia del ramp-up (ineficiencias del arranque, DEC-090) | RAMPUP: E1-10000: costos_extra_usd_mes del ramp-up (ineficiencias del arranque, DEC-090) | DEMANDA: sin demanda contable: demanda A+B documentada ≈ 0 y no cuantificada (DPV-002, DPV-020, DPV-037, DPV-040); los ~90 supermercados son canal potencial, no clientes | PRECIOS: ningún precio de venta con evidencia E1–E3 en base_precios_venta.csv (DPV-013, DPV-039, DPV-070) | CANALES: condiciones comerciales por canal: descuentos, bonificaciones, devoluciones, comisiones, logística, plazos (DPV-039) | OPEX: E1-10000: OPEX por rubro (OPEX NO DISPONIBLE: 215 conceptos sin costo; módulos incompletos: FAENA_PROPIA, PLANTA_ALIMENTO_PROPIA, INCUBACION_PROPIA, ESTRUCTURA, GRANJAS_PROPIAS, TRATAMIENTO_SUBPRODUCTOS_PROPIO; costeo por bloques 0.0 %, arquitectura costeable = False (MONTO_CON_REFERENCIAS_DEBILES_E4); monto parcial USD 1,441,539/año NO usado como costo total) | IMPUESTOS_INGRESOS: pct_iibb (DPV-043) | IMPUESTOS_INGRESOS: pct_tasas_municipales (DPV-043) | IMPUESTOS_INGRESOS: otros_impuestos_usd_anio (DPV-043) | CAPEX: E1-10000: CAPEX total de la etapa (CAPEX NO DISPONIBLE: 144 conceptos sin costo; terreno PROVISIONAL (criterio no seleccionado); con precio 2/138 conceptos (MONTO_CON_REFERENCIAS_DEBILES_E4); monto parcial USD 5,657,713 NO usado como total) | CAPEX: E1-10000: CURVA_DE_DESEMBOLSO_CAPEX (cronograma de obra y anticipos, DPV-086, DPV-167) | CT: días de cobro por canal (DPV-175) | CT: inventario materias_primas: días de stock | CT: inventario alimento: días de stock | CT: inventario packaging: días de stock | CT: inventario repuestos: días de stock | CT: inventario producto_terminado: días de stock | CT: inventario activo_biologico: días de stock | CT: inventario otros: días de stock | IVA: tratamiento del IVA (débito, crédito, saldo técnico, recupero de IVA de CAPEX; DPV-169, DPV-043) | FINANCIAMIENTO: estructura de financiamiento (DEC-092); USD 2 M no es capital confirmado (SUP-003)"
ESC-EXPANSIVO-C0-10000,ESCENARIO,SIMULACION_HIPOTETICA_NO_VALIDADA,C0,10000,—,,,,,SIN_LINEA_DE_TIEMPO,,,,,,,"NO_DISPONIBLE_FALTAN_INPUTS_DEL_ESCENARIO — falta: TIEMPO: horizonte de evaluación (DEC-007; 10 / 15 / 20 años como escenarios, ninguno elegido) | TIEMPO: duración de preoperación (DPV-086) | TIEMPO: duración de construcción (DPV-086) | TIEMPO: duración de commissioning (DPV-086) | RAMPUP: E1-10000: merma del ramp-up (ineficiencias del arranque, DEC-090) | RAMPUP: E1-10000: eficiencia del ramp-up (ineficiencias del arranque, DEC-090) | RAMPUP: E1-10000: costos_extra_usd_mes del ramp-up (ineficiencias del arranque, DEC-090) | DEMANDA: sin demanda contable: demanda A+B documentada ≈ 0 y no cuantificada (DPV-002, DPV-020, DPV-037, DPV-040); los ~90 supermercados son canal potencial, no clientes | PRECIOS: ningún precio de venta con evidencia E1–E3 en base_precios_venta.csv (DPV-013, DPV-039, DPV-070) | CANALES: condiciones comerciales por canal: descuentos, bonificaciones, devoluciones, comisiones, logística, plazos (DPV-039) | OPEX: E1-10000: OPEX por rubro (OPEX NO DISPONIBLE: 68 conceptos sin costo; módulos incompletos: FAENA_FACON, ALIMENTO_FACON, POLLITO_COMPRADO, ESTRUCTURA, GRANJAS_INTEGRADAS; costeo por bloques 9.5 %, arquitectura costeable = False (MONTO_CON_REFERENCIAS_DEBILES_E4); monto parcial USD 2,330,038/año NO usado como costo total) | IMPUESTOS_INGRESOS: pct_iibb (DPV-043) | IMPUESTOS_INGRESOS: pct_tasas_municipales (DPV-043) | IMPUESTOS_INGRESOS: otros_impuestos_usd_anio (DPV-043) | CAPEX: E1-10000: CAPEX total de la etapa (CAPEX NO DISPONIBLE: 21 conceptos sin costo; con precio 0/21 conceptos (SIN_MONTO)) | CAPEX: E1-10000: CURVA_DE_DESEMBOLSO_CAPEX (cronograma de obra y anticipos, DPV-086, DPV-167) | CT: días de cobro por canal (DPV-175) | CT: inventario materias_primas: propiedad PENDIENTE (DEC-024) | CT: inventario alimento: propiedad PENDIENTE (DEC-024) | CT: inventario packaging: días de stock | CT: inventario repuestos: días de stock | CT: inventario producto_terminado: días de stock | CT: inventario activo_biologico: días de stock | CT: inventario otros: días de stock | IVA: tratamiento del IVA (débito, crédito, saldo técnico, recupero de IVA de CAPEX; DPV-169, DPV-043) | FINANCIAMIENTO: estructura de financiamiento (DEC-092); USD 2 M no es capital confirmado (SUP-003)"
ESC-EXPANSIVO-C1-10000,ESCENARIO,SIMULACION_HIPOTETICA_NO_VALIDADA,C1,10000,—,,,,,SIN_LINEA_DE_TIEMPO,,,,,,,"NO_DISPONIBLE_FALTAN_INPUTS_DEL_ESCENARIO — falta: TIEMPO: horizonte de evaluación (DEC-007; 10 / 15 / 20 años como escenarios, ninguno elegido) | TIEMPO: duración de preoperación (DPV-086) | TIEMPO: duración de construcción (DPV-086) | TIEMPO: duración de commissioning (DPV-086) | RAMPUP: E1-10000: merma del ramp-up (ineficiencias del arranque, DEC-090) | RAMPUP: E1-10000: eficiencia del ramp-up (ineficiencias del arranque, DEC-090) | RAMPUP: E1-10000: costos_extra_usd_mes del ramp-up (ineficiencias del arranque, DEC-090) | DEMANDA: sin demanda contable: demanda A+B documentada ≈ 0 y no cuantificada (DPV-002, DPV-020, DPV-037, DPV-040); los ~90 supermercados son canal potencial, no clientes | PRECIOS: ningún precio de venta con evidencia E1–E3 en base_precios_venta.csv (DPV-013, DPV-039, DPV-070) | CANALES: condiciones comerciales por canal: descuentos, bonificaciones, devoluciones, comisiones, logística, plazos (DPV-039) | OPEX: E1-10000: OPEX por rubro (OPEX NO DISPONIBLE: 118 conceptos sin costo; módulos incompletos: FAENA_PROPIA, ALIMENTO_COMPRADO, POLLITO_COMPRADO, ESTRUCTURA, GRANJAS_INTEGRADAS; costeo por bloques 7.7 %, arquitectura costeable = False (MONTO_CON_REFERENCIAS_DEBILES_E4); monto parcial USD 2,330,038/año NO usado como costo total) | IMPUESTOS_INGRESOS: pct_iibb (DPV-043) | IMPUESTOS_INGRESOS: pct_tasas_municipales (DPV-043) | IMPUESTOS_INGRESOS: otros_impuestos_usd_anio (DPV-043) | CAPEX: E1-10000: CAPEX total de la etapa (CAPEX NO DISPONIBLE: 75 conceptos sin costo; terreno PROVISIONAL (criterio no seleccionado); con precio 1/76 conceptos (MONTO_CON_REFERENCIAS_DEBILES_E4); monto parcial USD 119,200 NO usado como total) | CAPEX: E1-10000: CURVA_DE_DESEMBOLSO_CAPEX (cronograma de obra y anticipos, DPV-086, DPV-167) | CT: días de cobro por canal (DPV-175) | CT: inventario alimento: días de stock | CT: inventario packaging: días de stock | CT: inventario repuestos: días de stock | CT: inventario producto_terminado: días de stock | CT: inventario activo_biologico: días de stock | CT: inventario otros: días de stock | IVA: tratamiento del IVA (débito, crédito, saldo técnico, recupero de IVA de CAPEX; DPV-169, DPV-043) | FINANCIAMIENTO: estructura de financiamiento (DEC-092); USD 2 M no es capital confirmado (SUP-003)"
ESC-EXPANSIVO-C2-10000,ESCENARIO,SIMULACION_HIPOTETICA_NO_VALIDADA,C2,10000,—,,,,,SIN_LINEA_DE_TIEMPO,,,,,,,"NO_DISPONIBLE_FALTAN_INPUTS_DEL_ESCENARIO — falta: TIEMPO: horizonte de evaluación (DEC-007; 10 / 15 / 20 años como escenarios, ninguno elegido) | TIEMPO: duración de preoperación (DPV-086) | TIEMPO: duración de construcción (DPV-086) | TIEMPO: duración de commissioning (DPV-086) | RAMPUP: E1-10000: merma del ramp-up (ineficiencias del arranque, DEC-090) | RAMPUP: E1-10000: eficiencia del ramp-up (ineficiencias del arranque, DEC-090) | RAMPUP: E1-10000: costos_extra_usd_mes del ramp-up (ineficiencias del arranque, DEC-090) | DEMANDA: sin demanda contable: demanda A+B documentada ≈ 0 y no cuantificada (DPV-002, DPV-020, DPV-037, DPV-040); los ~90 supermercados son canal potencial, no clientes | PRECIOS: ningún precio de venta con evidencia E1–E3 en base_precios_venta.csv (DPV-013, DPV-039, DPV-070) | CANALES: condiciones comerciales por canal: descuentos, bonificaciones, devoluciones, comisiones, logística, plazos (DPV-039) | OPEX: E1-10000: OPEX por rubro (OPEX NO DISPONIBLE: 149 conceptos sin costo; módulos incompletos: FAENA_PROPIA, ALIMENTO_FACON, POLLITO_COMPRADO, ESTRUCTURA, GRANJAS_PROPIAS, GRANJAS_INTEGRADAS; costeo por bloques 4.9 %, arquitectura costeable = False (MONTO_CON_REFERENCIAS_DEBILES_E4); monto parcial USD 2,330,038/año NO usado como costo total) | IMPUESTOS_INGRESOS: pct_iibb (DPV-043) | IMPUESTOS_INGRESOS: pct_tasas_municipales (DPV-043) | IMPUESTOS_INGRESOS: otros_impuestos_usd_anio (DPV-043) | CAPEX: E1-10000: CAPEX total de la etapa (CAPEX NO DISPONIBLE: 94 conceptos sin costo; terreno PROVISIONAL (criterio no seleccionado); con precio 2/88 conceptos (MONTO_CON_REFERENCIAS_DEBILES_E4); monto parcial USD 1,503,829 NO usado como total) | CAPEX: E1-10000: CURVA_DE_DESEMBOLSO_CAPEX (cronograma de obra y anticipos, DPV-086, DPV-167) | CT: días de cobro por canal (DPV-175) | CT: inventario materias_primas: propiedad PENDIENTE (DEC-024) | CT: inventario alimento: propiedad PENDIENTE (DEC-024) | CT: inventario packaging: días de stock | CT: inventario repuestos: días de stock | CT: inventario producto_terminado: días de stock | CT: inventario activo_biologico: días de stock | CT: inventario otros: días de stock | IVA: tratamiento del IVA (débito, crédito, saldo técnico, recupero de IVA de CAPEX; DPV-169, DPV-043) | FINANCIAMIENTO: estructura de financiamiento (DEC-092); USD 2 M no es capital confirmado (SUP-003)"
ESC-EXPANSIVO-C3-10000,ESCENARIO,SIMULACION_HIPOTETICA_NO_VALIDADA,C3,10000,—,,,,,SIN_LINEA_DE_TIEMPO,,,,,,,"NO_DISPONIBLE_FALTAN_INPUTS_DEL_ESCENARIO — falta: TIEMPO: horizonte de evaluación (DEC-007; 10 / 15 / 20 años como escenarios, ninguno elegido) | TIEMPO: duración de preoperación (DPV-086) | TIEMPO: duración de construcción (DPV-086) | TIEMPO: duración de commissioning (DPV-086) | RAMPUP: E1-10000: merma del ramp-up (ineficiencias del arranque, DEC-090) | RAMPUP: E1-10000: eficiencia del ramp-up (ineficiencias del arranque, DEC-090) | RAMPUP: E1-10000: costos_extra_usd_mes del ramp-up (ineficiencias del arranque, DEC-090) | DEMANDA: sin demanda contable: demanda A+B documentada ≈ 0 y no cuantificada (DPV-002, DPV-020, DPV-037, DPV-040); los ~90 supermercados son canal potencial, no clientes | PRECIOS: ningún precio de venta con evidencia E1–E3 en base_precios_venta.csv (DPV-013, DPV-039, DPV-070) | CANALES: condiciones comerciales por canal: descuentos, bonificaciones, devoluciones, comisiones, logística, plazos (DPV-039) | OPEX: E1-10000: OPEX por rubro (OPEX NO DISPONIBLE: 215 conceptos sin costo; módulos incompletos: FAENA_PROPIA, PLANTA_ALIMENTO_PROPIA, INCUBACION_PROPIA, ESTRUCTURA, GRANJAS_PROPIAS, TRATAMIENTO_SUBPRODUCTOS_PROPIO; costeo por bloques 0.0 %, arquitectura costeable = False (MONTO_CON_REFERENCIAS_DEBILES_E4); monto parcial USD 1,441,539/año NO usado como costo total) | IMPUESTOS_INGRESOS: pct_iibb (DPV-043) | IMPUESTOS_INGRESOS: pct_tasas_municipales (DPV-043) | IMPUESTOS_INGRESOS: otros_impuestos_usd_anio (DPV-043) | CAPEX: E1-10000: CAPEX total de la etapa (CAPEX NO DISPONIBLE: 144 conceptos sin costo; terreno PROVISIONAL (criterio no seleccionado); con precio 2/138 conceptos (MONTO_CON_REFERENCIAS_DEBILES_E4); monto parcial USD 5,657,713 NO usado como total) | CAPEX: E1-10000: CURVA_DE_DESEMBOLSO_CAPEX (cronograma de obra y anticipos, DPV-086, DPV-167) | CT: días de cobro por canal (DPV-175) | CT: inventario materias_primas: días de stock | CT: inventario alimento: días de stock | CT: inventario packaging: días de stock | CT: inventario repuestos: días de stock | CT: inventario producto_terminado: días de stock | CT: inventario activo_biologico: días de stock | CT: inventario otros: días de stock | IVA: tratamiento del IVA (débito, crédito, saldo técnico, recupero de IVA de CAPEX; DPV-169, DPV-043) | FINANCIAMIENTO: estructura de financiamiento (DEC-092); USD 2 M no es capital confirmado (SUP-003)"
ESC-EXPANSIVO-CF-10000,ESCENARIO,SIMULACION_HIPOTETICA_NO_VALIDADA,CF,10000,—,,,,,SIN_LINEA_DE_TIEMPO,,,,,,,"NO_DISPONIBLE_FALTAN_INPUTS_DEL_ESCENARIO — falta: TIEMPO: horizonte de evaluación (DEC-007; 10 / 15 / 20 años como escenarios, ninguno elegido) | TIEMPO: duración de preoperación (DPV-086) | TIEMPO: duración de construcción (DPV-086) | TIEMPO: duración de commissioning (DPV-086) | RAMPUP: E1-10000: merma del ramp-up (ineficiencias del arranque, DEC-090) | RAMPUP: E1-10000: eficiencia del ramp-up (ineficiencias del arranque, DEC-090) | RAMPUP: E1-10000: costos_extra_usd_mes del ramp-up (ineficiencias del arranque, DEC-090) | DEMANDA: sin demanda contable: demanda A+B documentada ≈ 0 y no cuantificada (DPV-002, DPV-020, DPV-037, DPV-040); los ~90 supermercados son canal potencial, no clientes | PRECIOS: ningún precio de venta con evidencia E1–E3 en base_precios_venta.csv (DPV-013, DPV-039, DPV-070) | CANALES: condiciones comerciales por canal: descuentos, bonificaciones, devoluciones, comisiones, logística, plazos (DPV-039) | OPEX: E1-10000: OPEX por rubro (OPEX NO DISPONIBLE: 215 conceptos sin costo; módulos incompletos: FAENA_PROPIA, PLANTA_ALIMENTO_PROPIA, INCUBACION_PROPIA, ESTRUCTURA, GRANJAS_PROPIAS, TRATAMIENTO_SUBPRODUCTOS_PROPIO; costeo por bloques 0.0 %, arquitectura costeable = False (MONTO_CON_REFERENCIAS_DEBILES_E4); monto parcial USD 1,441,539/año NO usado como costo total) | IMPUESTOS_INGRESOS: pct_iibb (DPV-043) | IMPUESTOS_INGRESOS: pct_tasas_municipales (DPV-043) | IMPUESTOS_INGRESOS: otros_impuestos_usd_anio (DPV-043) | CAPEX: E1-10000: CAPEX total de la etapa (CAPEX NO DISPONIBLE: 144 conceptos sin costo; terreno PROVISIONAL (criterio no seleccionado); con precio 2/138 conceptos (MONTO_CON_REFERENCIAS_DEBILES_E4); monto parcial USD 5,657,713 NO usado como total) | CAPEX: E1-10000: CURVA_DE_DESEMBOLSO_CAPEX (cronograma de obra y anticipos, DPV-086, DPV-167) | CT: días de cobro por canal (DPV-175) | CT: inventario materias_primas: días de stock | CT: inventario alimento: días de stock | CT: inventario packaging: días de stock | CT: inventario repuestos: días de stock | CT: inventario producto_terminado: días de stock | CT: inventario activo_biologico: días de stock | CT: inventario otros: días de stock | IVA: tratamiento del IVA (débito, crédito, saldo técnico, recupero de IVA de CAPEX; DPV-169, DPV-043) | FINANCIAMIENTO: estructura de financiamiento (DEC-092); USD 2 M no es capital confirmado (SUP-003)"
ESC-BASE-C1-T1_2500_5000_10000_20000,ESCENARIO,SIMULACION_HIPOTETICA_NO_VALIDADA,C1,2500→5000→10000→20000,—,,,,,SIN_LINEA_DE_TIEMPO,,,,,,,"NO_DISPONIBLE_FALTAN_INPUTS_DEL_ESCENARIO — falta: TIEMPO: horizonte de evaluación (DEC-007; 10 / 15 / 20 años como escenarios, ninguno elegido) | TIEMPO: duración de preoperación (DPV-086) | TIEMPO: duración de construcción (DPV-086) | TIEMPO: duración de commissioning (DPV-086) | TIEMPO: E2-5000: mes de entrada en operación | TIEMPO: E3-10000: mes de entrada en operación | TIEMPO: E4-20000: mes de entrada en operación | RAMPUP: E1-2500: merma del ramp-up (ineficiencias del arranque, DEC-090) | RAMPUP: E1-2500: eficiencia del ramp-up (ineficiencias del arranque, DEC-090) | RAMPUP: E1-2500: costos_extra_usd_mes del ramp-up (ineficiencias del arranque, DEC-090) | RAMPUP: E2-5000: merma del ramp-up (ineficiencias del arranque, DEC-090) | RAMPUP: E2-5000: eficiencia del ramp-up (ineficiencias del arranque, DEC-090) | RAMPUP: E2-5000: costos_extra_usd_mes del ramp-up (ineficiencias del arranque, DEC-090) | RAMPUP: E3-10000: merma del ramp-up (ineficiencias del arranque, DEC-090) | RAMPUP: E3-10000: eficiencia del ramp-up (ineficiencias del arranque, DEC-090) | RAMPUP: E3-10000: costos_extra_usd_mes del ramp-up (ineficiencias del arranque, DEC-090) | RAMPUP: E4-20000: merma del ramp-up (ineficiencias del arranque, DEC-090) | RAMPUP: E4-20000: eficiencia del ramp-up (ineficiencias del arranque, DEC-090) | RAMPUP: E4-20000: costos_extra_usd_mes del ramp-up (ineficiencias del arranque, DEC-090) | DEMANDA: sin demanda contable: demanda A+B documentada ≈ 0 y no cuantificada (DPV-002, DPV-020, DPV-037, DPV-040); los ~90 supermercados son canal potencial, no clientes | PRECIOS: ningún precio de venta con evidencia E1–E3 en base_precios_venta.csv (DPV-013, DPV-039, DPV-070) | CANALES: condiciones comerciales por canal: descuentos, bonificaciones, devoluciones, comisiones, logística, plazos (DPV-039) | OPEX: E1-2500: OPEX por rubro (OPEX NO DISPONIBLE: 108 conceptos sin costo; módulos incompletos: FAENA_PROPIA, ALIMENTO_COMPRADO, POLLITO_COMPRADO, ESTRUCTURA, GRANJAS_INTEGRADAS; costeo por bloques 7.7 %, arquitectura costeable = False (MONTO_CON_REFERENCIAS_DEBILES_E4); monto parcial USD 582,509/año NO usado como costo total) | OPEX: E2-5000: OPEX por rubro (OPEX NO DISPONIBLE: 114 conceptos sin costo; módulos incompletos: FAENA_PROPIA, ALIMENTO_COMPRADO, POLLITO_COMPRADO, ESTRUCTURA, GRANJAS_INTEGRADAS; costeo por bloques 7.7 %, arquitectura costeable = False (MONTO_CON_REFERENCIAS_DEBILES_E4); monto parcial USD 1,165,019/año NO usado como costo total) | OPEX: E3-10000: OPEX por rubro (OPEX NO DISPONIBLE: 118 conceptos sin costo; módulos incompletos: FAENA_PROPIA, ALIMENTO_COMPRADO, POLLITO_COMPRADO, ESTRUCTURA, GRANJAS_INTEGRADAS; costeo por bloques 7.7 %, arquitectura costeable = False (MONTO_CON_REFERENCIAS_DEBILES_E4); monto parcial USD 2,330,038/año NO usado como costo total) | OPEX: E4-20000: OPEX por rubro (OPEX NO DISPONIBLE: 119 conceptos sin costo; módulos incompletos: FAENA_PROPIA, ALIMENTO_COMPRADO, POLLITO_COMPRADO, ESTRUCTURA, GRANJAS_INTEGRADAS; costeo por bloques 7.7 %, arquitectura costeable = False (MONTO_CON_REFERENCIAS_DEBILES_E4); monto parcial USD 4,660,076/año NO usado como costo total) | IMPUESTOS_INGRESOS: pct_iibb (DPV-043) | IMPUESTOS_INGRESOS: pct_tasas_municipales (DPV-043) | IMPUESTOS_INGRESOS: otros_impuestos_usd_anio (DPV-043) | CAPEX: E1-2500: CAPEX total de la etapa (CAPEX NO DISPONIBLE: 75 conceptos sin costo; terreno PROVISIONAL (criterio no seleccionado); con precio 1/76 conceptos (MONTO_CON_REFERENCIAS_DEBILES_E4); monto parcial USD 43,779 NO usado como total) | CAPEX: E1-2500: CURVA_DE_DESEMBOLSO_CAPEX (cronograma de obra y anticipos, DPV-086, DPV-167) | CAPEX: E2-5000: CAPEX total de la etapa (expansión 2500→5000: 72 conceptos sin costo en la etapa (prima de ampliación DPV-086)) | CAPEX: E2-5000: CURVA_DE_DESEMBOLSO_CAPEX (cronograma de obra y anticipos, DPV-086, DPV-167) | CAPEX: E3-10000: CAPEX total de la etapa (expansión 5000→10000: 73 conceptos sin costo en la etapa (prima de ampliación DPV-086)) | CAPEX: E3-10000: CURVA_DE_DESEMBOLSO_CAPEX (cronograma de obra y anticipos, DPV-086, DPV-167) | CAPEX: E4-20000: CAPEX total de la etapa (expansión 10000→20000: 73 conceptos sin costo en la etapa (prima de ampliación DPV-086)) | CAPEX: E4-20000: CURVA_DE_DESEMBOLSO_CAPEX (cronograma de obra y anticipos, DPV-086, DPV-167) | CT: días de cobro por canal (DPV-175) | CT: inventario alimento: días de stock | CT: inventario packaging: días de stock | CT: inventario repuestos: días de stock | CT: inventario producto_terminado: días de stock | CT: inventario activo_biologico: días de stock | CT: inventario otros: días de stock | IVA: tratamiento del IVA (débito, crédito, saldo técnico, recupero de IVA de CAPEX; DPV-169, DPV-043) | FINANCIAMIENTO: estructura de financiamiento (DEC-092); USD 2 M no es capital confirmado (SUP-003)"
ESC-BASE-C1-T2_5000_10000_20000,ESCENARIO,SIMULACION_HIPOTETICA_NO_VALIDADA,C1,5000→10000→20000,—,,,,,SIN_LINEA_DE_TIEMPO,,,,,,,"NO_DISPONIBLE_FALTAN_INPUTS_DEL_ESCENARIO — falta: TIEMPO: horizonte de evaluación (DEC-007; 10 / 15 / 20 años como escenarios, ninguno elegido) | TIEMPO: duración de preoperación (DPV-086) | TIEMPO: duración de construcción (DPV-086) | TIEMPO: duración de commissioning (DPV-086) | TIEMPO: E2-10000: mes de entrada en operación | TIEMPO: E3-20000: mes de entrada en operación | RAMPUP: E1-5000: merma del ramp-up (ineficiencias del arranque, DEC-090) | RAMPUP: E1-5000: eficiencia del ramp-up (ineficiencias del arranque, DEC-090) | RAMPUP: E1-5000: costos_extra_usd_mes del ramp-up (ineficiencias del arranque, DEC-090) | RAMPUP: E2-10000: merma del ramp-up (ineficiencias del arranque, DEC-090) | RAMPUP: E2-10000: eficiencia del ramp-up (ineficiencias del arranque, DEC-090) | RAMPUP: E2-10000: costos_extra_usd_mes del ramp-up (ineficiencias del arranque, DEC-090) | RAMPUP: E3-20000: merma del ramp-up (ineficiencias del arranque, DEC-090) | RAMPUP: E3-20000: eficiencia del ramp-up (ineficiencias del arranque, DEC-090) | RAMPUP: E3-20000: costos_extra_usd_mes del ramp-up (ineficiencias del arranque, DEC-090) | DEMANDA: sin demanda contable: demanda A+B documentada ≈ 0 y no cuantificada (DPV-002, DPV-020, DPV-037, DPV-040); los ~90 supermercados son canal potencial, no clientes | PRECIOS: ningún precio de venta con evidencia E1–E3 en base_precios_venta.csv (DPV-013, DPV-039, DPV-070) | CANALES: condiciones comerciales por canal: descuentos, bonificaciones, devoluciones, comisiones, logística, plazos (DPV-039) | OPEX: E1-5000: OPEX por rubro (OPEX NO DISPONIBLE: 114 conceptos sin costo; módulos incompletos: FAENA_PROPIA, ALIMENTO_COMPRADO, POLLITO_COMPRADO, ESTRUCTURA, GRANJAS_INTEGRADAS; costeo por bloques 7.7 %, arquitectura costeable = False (MONTO_CON_REFERENCIAS_DEBILES_E4); monto parcial USD 1,165,019/año NO usado como costo total) | OPEX: E2-10000: OPEX por rubro (OPEX NO DISPONIBLE: 118 conceptos sin costo; módulos incompletos: FAENA_PROPIA, ALIMENTO_COMPRADO, POLLITO_COMPRADO, ESTRUCTURA, GRANJAS_INTEGRADAS; costeo por bloques 7.7 %, arquitectura costeable = False (MONTO_CON_REFERENCIAS_DEBILES_E4); monto parcial USD 2,330,038/año NO usado como costo total) | OPEX: E3-20000: OPEX por rubro (OPEX NO DISPONIBLE: 119 conceptos sin costo; módulos incompletos: FAENA_PROPIA, ALIMENTO_COMPRADO, POLLITO_COMPRADO, ESTRUCTURA, GRANJAS_INTEGRADAS; costeo por bloques 7.7 %, arquitectura costeable = False (MONTO_CON_REFERENCIAS_DEBILES_E4); monto parcial USD 4,660,076/año NO usado como costo total) | IMPUESTOS_INGRESOS: pct_iibb (DPV-043) | IMPUESTOS_INGRESOS: pct_tasas_municipales (DPV-043) | IMPUESTOS_INGRESOS: otros_impuestos_usd_anio (DPV-043) | CAPEX: E1-5000: CAPEX total de la etapa (CAPEX NO DISPONIBLE: 75 conceptos sin costo; terreno PROVISIONAL (criterio no seleccionado); con precio 1/76 conceptos (MONTO_CON_REFERENCIAS_DEBILES_E4); monto parcial USD 64,186 NO usado como total) | CAPEX: E1-5000: CURVA_DE_DESEMBOLSO_CAPEX (cronograma de obra y anticipos, DPV-086, DPV-167) | CAPEX: E2-10000: CAPEX total de la etapa (expansión 5000→10000: 73 conceptos sin costo en la etapa (prima de ampliación DPV-086)) | CAPEX: E2-10000: CURVA_DE_DESEMBOLSO_CAPEX (cronograma de obra y anticipos, DPV-086, DPV-167) | CAPEX: E3-20000: CAPEX total de la etapa (expansión 10000→20000: 73 conceptos sin costo en la etapa (prima de ampliación DPV-086)) | CAPEX: E3-20000: CURVA_DE_DESEMBOLSO_CAPEX (cronograma de obra y anticipos, DPV-086, DPV-167) | CT: días de cobro por canal (DPV-175) | CT: inventario alimento: días de stock | CT: inventario packaging: días de stock | CT: inventario repuestos: días de stock | CT: inventario producto_terminado: días de stock | CT: inventario activo_biologico: días de stock | CT: inventario otros: días de stock | IVA: tratamiento del IVA (débito, crédito, saldo técnico, recupero de IVA de CAPEX; DPV-169, DPV-043) | FINANCIAMIENTO: estructura de financiamiento (DEC-092); USD 2 M no es capital confirmado (SUP-003)"
ESC-BASE-C1-T3_10000_20000,ESCENARIO,SIMULACION_HIPOTETICA_NO_VALIDADA,C1,10000→20000,—,,,,,SIN_LINEA_DE_TIEMPO,,,,,,,"NO_DISPONIBLE_FALTAN_INPUTS_DEL_ESCENARIO — falta: TIEMPO: horizonte de evaluación (DEC-007; 10 / 15 / 20 años como escenarios, ninguno elegido) | TIEMPO: duración de preoperación (DPV-086) | TIEMPO: duración de construcción (DPV-086) | TIEMPO: duración de commissioning (DPV-086) | TIEMPO: E2-20000: mes de entrada en operación | RAMPUP: E1-10000: merma del ramp-up (ineficiencias del arranque, DEC-090) | RAMPUP: E1-10000: eficiencia del ramp-up (ineficiencias del arranque, DEC-090) | RAMPUP: E1-10000: costos_extra_usd_mes del ramp-up (ineficiencias del arranque, DEC-090) | RAMPUP: E2-20000: merma del ramp-up (ineficiencias del arranque, DEC-090) | RAMPUP: E2-20000: eficiencia del ramp-up (ineficiencias del arranque, DEC-090) | RAMPUP: E2-20000: costos_extra_usd_mes del ramp-up (ineficiencias del arranque, DEC-090) | DEMANDA: sin demanda contable: demanda A+B documentada ≈ 0 y no cuantificada (DPV-002, DPV-020, DPV-037, DPV-040); los ~90 supermercados son canal potencial, no clientes | PRECIOS: ningún precio de venta con evidencia E1–E3 en base_precios_venta.csv (DPV-013, DPV-039, DPV-070) | CANALES: condiciones comerciales por canal: descuentos, bonificaciones, devoluciones, comisiones, logística, plazos (DPV-039) | OPEX: E1-10000: OPEX por rubro (OPEX NO DISPONIBLE: 118 conceptos sin costo; módulos incompletos: FAENA_PROPIA, ALIMENTO_COMPRADO, POLLITO_COMPRADO, ESTRUCTURA, GRANJAS_INTEGRADAS; costeo por bloques 7.7 %, arquitectura costeable = False (MONTO_CON_REFERENCIAS_DEBILES_E4); monto parcial USD 2,330,038/año NO usado como costo total) | OPEX: E2-20000: OPEX por rubro (OPEX NO DISPONIBLE: 119 conceptos sin costo; módulos incompletos: FAENA_PROPIA, ALIMENTO_COMPRADO, POLLITO_COMPRADO, ESTRUCTURA, GRANJAS_INTEGRADAS; costeo por bloques 7.7 %, arquitectura costeable = False (MONTO_CON_REFERENCIAS_DEBILES_E4); monto parcial USD 4,660,076/año NO usado como costo total) | IMPUESTOS_INGRESOS: pct_iibb (DPV-043) | IMPUESTOS_INGRESOS: pct_tasas_municipales (DPV-043) | IMPUESTOS_INGRESOS: otros_impuestos_usd_anio (DPV-043) | CAPEX: E1-10000: CAPEX total de la etapa (CAPEX NO DISPONIBLE: 75 conceptos sin costo; terreno PROVISIONAL (criterio no seleccionado); con precio 1/76 conceptos (MONTO_CON_REFERENCIAS_DEBILES_E4); monto parcial USD 119,200 NO usado como total) | CAPEX: E1-10000: CURVA_DE_DESEMBOLSO_CAPEX (cronograma de obra y anticipos, DPV-086, DPV-167) | CAPEX: E2-20000: CAPEX total de la etapa (expansión 10000→20000: 73 conceptos sin costo en la etapa (prima de ampliación DPV-086)) | CAPEX: E2-20000: CURVA_DE_DESEMBOLSO_CAPEX (cronograma de obra y anticipos, DPV-086, DPV-167) | CT: días de cobro por canal (DPV-175) | CT: inventario alimento: días de stock | CT: inventario packaging: días de stock | CT: inventario repuestos: días de stock | CT: inventario producto_terminado: días de stock | CT: inventario activo_biologico: días de stock | CT: inventario otros: días de stock | IVA: tratamiento del IVA (débito, crédito, saldo técnico, recupero de IVA de CAPEX; DPV-169, DPV-043) | FINANCIAMIENTO: estructura de financiamiento (DEC-092); USD 2 M no es capital confirmado (SUP-003)"
ESC-BASE-C1-T4_20000_inicial,ESCENARIO,SIMULACION_HIPOTETICA_NO_VALIDADA,C1,20000,—,,,,,SIN_LINEA_DE_TIEMPO,,,,,,,"NO_DISPONIBLE_FALTAN_INPUTS_DEL_ESCENARIO — falta: TIEMPO: horizonte de evaluación (DEC-007; 10 / 15 / 20 años como escenarios, ninguno elegido) | TIEMPO: duración de preoperación (DPV-086) | TIEMPO: duración de construcción (DPV-086) | TIEMPO: duración de commissioning (DPV-086) | RAMPUP: E1-20000: merma del ramp-up (ineficiencias del arranque, DEC-090) | RAMPUP: E1-20000: eficiencia del ramp-up (ineficiencias del arranque, DEC-090) | RAMPUP: E1-20000: costos_extra_usd_mes del ramp-up (ineficiencias del arranque, DEC-090) | DEMANDA: sin demanda contable: demanda A+B documentada ≈ 0 y no cuantificada (DPV-002, DPV-020, DPV-037, DPV-040); los ~90 supermercados son canal potencial, no clientes | PRECIOS: ningún precio de venta con evidencia E1–E3 en base_precios_venta.csv (DPV-013, DPV-039, DPV-070) | CANALES: condiciones comerciales por canal: descuentos, bonificaciones, devoluciones, comisiones, logística, plazos (DPV-039) | OPEX: E1-20000: OPEX por rubro (OPEX NO DISPONIBLE: 119 conceptos sin costo; módulos incompletos: FAENA_PROPIA, ALIMENTO_COMPRADO, POLLITO_COMPRADO, ESTRUCTURA, GRANJAS_INTEGRADAS; costeo por bloques 7.7 %, arquitectura costeable = False (MONTO_CON_REFERENCIAS_DEBILES_E4); monto parcial USD 4,660,076/año NO usado como costo total) | IMPUESTOS_INGRESOS: pct_iibb (DPV-043) | IMPUESTOS_INGRESOS: pct_tasas_municipales (DPV-043) | IMPUESTOS_INGRESOS: otros_impuestos_usd_anio (DPV-043) | CAPEX: E1-20000: CAPEX total de la etapa (CAPEX NO DISPONIBLE: 75 conceptos sin costo; terreno PROVISIONAL (criterio no seleccionado); con precio 1/76 conceptos (MONTO_CON_REFERENCIAS_DEBILES_E4); monto parcial USD 222,431 NO usado como total) | CAPEX: E1-20000: CURVA_DE_DESEMBOLSO_CAPEX (cronograma de obra y anticipos, DPV-086, DPV-167) | CT: días de cobro por canal (DPV-175) | CT: inventario alimento: días de stock | CT: inventario packaging: días de stock | CT: inventario repuestos: días de stock | CT: inventario producto_terminado: días de stock | CT: inventario activo_biologico: días de stock | CT: inventario otros: días de stock | IVA: tratamiento del IVA (débito, crédito, saldo técnico, recupero de IVA de CAPEX; DPV-169, DPV-043) | FINANCIAMIENTO: estructura de financiamiento (DEC-092); USD 2 M no es capital confirmado (SUP-003)"
